open_time,open,high,low,close,volume,close_time,quote_asset_volume,num_trades,timestamp
1759752000000,1.5,3.0,1.5,2.143,40974578.45,1759755600000,87449558.02162,167122,2025-10-06 12:00:00+00:00
1759755600000,2.143,2.198,2.0,2.062,18648687.34,1759759200000,39157889.57947,59929,2025-10-06 13:00:00+00:00
1759759200000,2.062,2.109,2.031,2.091,10061843.8,1759762800000,20779036.99773,34430,2025-10-06 14:00:00+00:00
1759762800000,2.091,2.139,2.061,2.128,7518083.78,1759766400000,15732479.63948,28857,2025-10-06 15:00:00+00:00
1759766400000,2.128,2.148,2.076,2.12,6799346.0,1759770000000,14362850.16098,26191,2025-10-06 16:00:00+00:00
1759770000000,2.119,2.125,2.061,2.085,4523218.57,1759773600000,9478175.99002,17422,2025-10-06 17:00:00+00:00
1759773600000,2.086,2.117,2.045,2.054,4628116.26,1759777200000,9623671.69563,17372,2025-10-06 18:00:00+00:00
1759777200000,2.055,2.13,2.04,2.121,4757053.35,1759780800000,9911155.46641,16671,2025-10-06 19:00:00+00:00
1759780800000,2.12,2.138,2.089,2.096,3065588.59,1759784400000,6486940.34793,12274,2025-10-06 20:00:00+00:00
1759784400000,2.096,2.118,2.062,2.109,2801480.28,1759788000000,5853049.98993,12316,2025-10-06 21:00:00+00:00
1759788000000,2.108,2.115,2.051,2.062,3347297.96,1759791600000,6979189.87776,12210,2025-10-06 22:00:00+00:00
1759791600000,2.062,2.072,2.015,2.063,3546318.15,1759795200000,7242795.37459,12659,2025-10-06 23:00:00+00:00
1759795200000,2.064,2.117,2.064,2.1,4305759.06,1759798800000,9025206.40067,13714,2025-10-07 00:00:00+00:00
1759798800000,2.099,2.115,2.035,2.063,4739347.72,1759802400000,9813744.27786,15654,2025-10-07 01:00:00+00:00
1759802400000,2.063,2.075,2.033,2.037,2851419.77,1759806000000,5846627.26629,9990,2025-10-07 02:00:00+00:00
1759806000000,2.036,2.055,1.986,2.021,3806364.1,1759809600000,7668218.97436,12882,2025-10-07 03:00:00+00:00
1759809600000,2.021,2.06,1.977,2.059,4069969.55,1759813200000,8181108.76759,13063,2025-10-07 04:00:00+00:00
1759813200000,2.058,2.07,2.04,2.051,2855194.05,1759816800000,5864788.93311,8966,2025-10-07 05:00:00+00:00
1759816800000,2.051,2.051,1.945,1.974,6928898.51,1759820400000,13776949.0902,23578,2025-10-07 06:00:00+00:00
1759820400000,1.973,1.999,1.96,1.993,3855154.58,1759824000000,7635515.06347,18988,2025-10-07 07:00:00+00:00
1759824000000,1.993,2.004,1.966,1.996,3853288.89,1759827600000,7643887.84007,28450,2025-10-07 08:00:00+00:00
1759827600000,1.995,2.029,1.982,2.014,4355001.81,1759831200000,8754939.61936,30524,2025-10-07 09:00:00+00:00
1759831200000,2.014,2.049,2.009,2.016,3325549.98,1759834800000,6748832.11673,17626,2025-10-07 10:00:00+00:00
1759834800000,2.016,2.065,2.001,2.055,3559042.44,1759838400000,7241894.87472,20849,2025-10-07 11:00:00+00:00
1759838400000,2.054,2.09,2.028,2.088,5831751.99,1759842000000,11986465.2176,29106,2025-10-07 12:00:00+00:00
1759842000000,2.087,2.19,2.07,2.154,15271612.38,1759845600000,32579595.57619,67917,2025-10-07 13:00:00+00:00
1759845600000,2.154,2.159,2.05,2.059,16629815.82,1759849200000,34832850.27716,81157,2025-10-07 14:00:00+00:00
1759849200000,2.059,2.096,2.017,2.038,11490987.66,1759852800000,23570061.25451,63098,2025-10-07 15:00:00+00:00
1759852800000,2.038,2.065,1.985,2.033,8363172.06,1759856400000,16912914.97295,39145,2025-10-07 16:00:00+00:00
1759856400000,2.033,2.052,2.001,2.01,3432308.56,1759860000000,6936684.38965,20416,2025-10-07 17:00:00+00:00
1759860000000,2.01,2.047,2.002,2.033,3501187.61,1759863600000,7107705.36952,22036,2025-10-07 18:00:00+00:00
1759863600000,2.033,2.061,2.029,2.057,2991910.73,1759867200000,6125271.51272,17952,2025-10-07 19:00:00+00:00
1759867200000,2.057,2.117,2.05,2.093,4074150.36,1759870800000,8540373.55839,19692,2025-10-07 20:00:00+00:00
1759870800000,2.094,2.108,2.043,2.052,2926179.81,1759874400000,6087475.79104,15890,2025-10-07 21:00:00+00:00
1759874400000,2.052,2.092,2.038,2.088,2039704.89,1759878000000,4233008.89186,12609,2025-10-07 22:00:00+00:00
1759878000000,2.089,2.092,2.042,2.045,3023909.04,1759881600000,6246181.54963,17654,2025-10-07 23:00:00+00:00
1759881600000,2.045,2.11,2.02,2.098,6875763.47,1759885200000,14227791.86474,29409,2025-10-08 00:00:00+00:00
1759885200000,2.099,2.103,2.007,2.024,6550464.59,1759888800000,13374245.79197,26699,2025-10-08 01:00:00+00:00
1759888800000,2.025,2.032,1.975,1.979,4475689.2,1759892400000,8983372.20381,19705,2025-10-08 02:00:00+00:00
1759892400000,1.979,1.981,1.902,1.933,8834266.98,1759896000000,17139717.49411,31061,2025-10-08 03:00:00+00:00
1759896000000,1.933,1.962,1.92,1.959,4701088.8,1759899600000,9149649.54817,20406,2025-10-08 04:00:00+00:00
1759899600000,1.959,1.96,1.933,1.957,3703290.38,1759903200000,7211118.24121,16584,2025-10-08 05:00:00+00:00
1759903200000,1.956,1.96,1.925,1.948,3675985.31,1759906800000,7144611.72005,14171,2025-10-08 06:00:00+00:00
1759906800000,1.947,1.989,1.928,1.985,4263936.87,1759910400000,8337215.73942,19941,2025-10-08 07:00:00+00:00
1759910400000,1.986,2.047,1.98,2.028,5641208.27,1759914000000,11367215.20537,23294,2025-10-08 08:00:00+00:00
1759914000000,2.028,2.039,1.985,2.024,4867841.98,1759917600000,9806717.80067,19790,2025-10-08 09:00:00+00:00
1759917600000,2.023,2.075,2.023,2.055,3895620.49,1759921200000,7969887.36689,21103,2025-10-08 10:00:00+00:00
1759921200000,2.055,2.074,2.031,2.04,3871822.69,1759924800000,7952350.68463,18744,2025-10-08 11:00:00+00:00
1759924800000,2.04,2.067,2.036,2.052,4506149.78,1759928400000,9229329.06367,19558,2025-10-08 12:00:00+00:00
1759928400000,2.051,2.056,2.0,2.011,5607435.66,1759932000000,11337113.35022,28845,2025-10-08 13:00:00+00:00
1759932000000,2.011,2.036,1.936,1.957,6745162.58,1759935600000,13457925.52868,29009,2025-10-08 14:00:00+00:00
1759935600000,1.957,1.993,1.955,1.971,4571649.47,1759939200000,9029247.34553,21682,2025-10-08 15:00:00+00:00
1759939200000,1.971,1.999,1.954,1.996,4158008.92,1759942800000,8191661.48583,17968,2025-10-08 16:00:00+00:00
1759942800000,1.995,2.028,1.98,1.999,4513715.62,1759946400000,9059788.18534,21259,2025-10-08 17:00:00+00:00
1759946400000,2.0,2.02,1.987,2.0,2917133.31,1759950000000,5837322.29552,14445,2025-10-08 18:00:00+00:00
1759950000000,2.0,2.004,1.966,1.972,2929654.05,1759953600000,5812321.9131,15255,2025-10-08 19:00:00+00:00
1759953600000,1.972,1.985,1.946,1.952,3105341.77,1759957200000,6106248.99205,15212,2025-10-08 20:00:00+00:00
1759957200000,1.952,1.962,1.934,1.949,4097567.98,1759960800000,7974608.0129,16156,2025-10-08 21:00:00+00:00
1759960800000,1.949,1.967,1.914,1.92,2654284.24,1759964400000,5153256.89396,14021,2025-10-08 22:00:00+00:00
1759964400000,1.92,1.93,1.9,1.928,3415301.83,1759968000000,6540071.47195,14435,2025-10-08 23:00:00+00:00
1759968000000,1.928,1.928,1.852,1.878,6856999.84,1759971600000,12891158.11115,23710,2025-10-09 00:00:00+00:00
1759971600000,1.878,1.885,1.836,1.866,5442234.86,1759975200000,10125989.50747,16580,2025-10-09 01:00:00+00:00
1759975200000,1.867,1.869,1.769,1.792,9574507.13,1759978800000,17297262.66473,30474,2025-10-09 02:00:00+00:00
1759978800000,1.791,1.857,1.791,1.85,4433195.57,1759982400000,8114321.07061,16112,2025-10-09 03:00:00+00:00
1759982400000,1.849,1.88,1.841,1.878,2442695.31,1759986000000,4543567.66008,11305,2025-10-09 04:00:00+00:00
1759986000000,1.877,1.893,1.867,1.876,2368883.12,1759989600000,4452145.48411,12526,2025-10-09 05:00:00+00:00
1759989600000,1.876,1.89,1.849,1.853,3714688.92,1759993200000,6961117.28528,14225,2025-10-09 06:00:00+00:00
1759993200000,1.854,1.867,1.8,1.836,5984269.51,1759996800000,10972512.57182,23428,2025-10-09 07:00:00+00:00
1759996800000,1.837,1.84,1.76,1.791,9511139.87,1760000400000,17006734.68667,32917,2025-10-09 08:00:00+00:00
1760000400000,1.791,1.814,1.772,1.81,4801364.9,1760004000000,8627646.83697,20823,2025-10-09 09:00:00+00:00
1760004000000,1.811,1.82,1.777,1.797,4156303.44,1760007600000,7474900.60197,15897,2025-10-09 10:00:00+00:00
1760007600000,1.796,1.812,1.782,1.785,3700969.46,1760011200000,6654184.2411,14886,2025-10-09 11:00:00+00:00
1760011200000,1.786,1.846,1.786,1.828,5265040.38,1760014800000,9604043.30432,19148,2025-10-09 12:00:00+00:00
1760014800000,1.828,1.843,1.764,1.767,5748179.13,1760018400000,10396007.60663,22941,2025-10-09 13:00:00+00:00
1760018400000,1.767,1.79,1.56,1.681,27934687.9,1760022000000,46760454.56852,106363,2025-10-09 14:00:00+00:00
1760022000000,1.681,1.747,1.63,1.665,14228990.73,1760025600000,24029061.47854,54246,2025-10-09 15:00:00+00:00
1760025600000,1.665,1.696,1.61,1.617,9692378.81,1760029200000,16075165.77035,32321,2025-10-09 16:00:00+00:00
1760029200000,1.618,1.709,1.617,1.704,6835771.68,1760032800000,11342409.62168,28936,2025-10-09 17:00:00+00:00
1760032800000,1.703,1.707,1.661,1.68,3312416.95,1760036400000,5575399.82004,17725,2025-10-09 18:00:00+00:00
1760036400000,1.68,1.716,1.676,1.698,2643226.72,1760040000000,4482272.55014,14590,2025-10-09 19:00:00+00:00
1760040000000,1.699,1.719,1.672,1.679,2654804.41,1760043600000,4499731.94992,15641,2025-10-09 20:00:00+00:00
1760043600000,1.68,1.693,1.657,1.67,4272869.78,1760047200000,7153285.88101,15338,2025-10-09 21:00:00+00:00
1760047200000,1.669,1.702,1.659,1.689,1726305.8,1760050800000,2914983.09942,10078,2025-10-09 22:00:00+00:00
1760050800000,1.689,1.7,1.675,1.681,1771330.09,1760054400000,2986760.47643,9328,2025-10-09 23:00:00+00:00
1760054400000,1.682,1.727,1.68,1.702,3238439.74,1760058000000,5536472.91055,14240,2025-10-10 00:00:00+00:00
1760058000000,1.703,1.721,1.666,1.682,4229433.61,1760061600000,7160704.34364,13643,2025-10-10 01:00:00+00:00
1760061600000,1.682,1.683,1.602,1.608,10106120.84,1760065200000,16548796.0508,27921,2025-10-10 02:00:00+00:00
1760065200000,1.608,1.618,1.565,1.584,13872519.18,1760068800000,22059373.86042,46516,2025-10-10 03:00:00+00:00
1760068800000,1.583,1.615,1.543,1.558,8385244.48,1760072400000,13219821.80686,27161,2025-10-10 04:00:00+00:00
1760072400000,1.559,1.604,1.52,1.585,11422337.59,1760076000000,17678636.023,33346,2025-10-10 05:00:00+00:00
1760076000000,1.584,1.594,1.552,1.569,8575510.9,1760079600000,13472842.10281,31939,2025-10-10 06:00:00+00:00
1760079600000,1.569,1.593,1.533,1.59,10029141.16,1760083200000,15705742.75514,37735,2025-10-10 07:00:00+00:00
1760083200000,1.59,1.634,1.572,1.622,10039876.27,1760086800000,16178902.79874,29338,2025-10-10 08:00:00+00:00
1760086800000,1.622,1.634,1.579,1.584,6022846.41,1760090400000,9670376.31909,23516,2025-10-10 09:00:00+00:00
1760090400000,1.584,1.615,1.53,1.611,5421600.26,1760094000000,8646747.20445,21730,2025-10-10 10:00:00+00:00
1760094000000,1.611,1.659,1.602,1.649,5080716.59,1760097600000,8301714.23657,22410,2025-10-10 11:00:00+00:00
1760097600000,1.648,1.652,1.6,1.617,4966319.6,1760101200000,8084713.58163,20008,2025-10-10 12:00:00+00:00
1760101200000,1.619,1.668,1.575,1.614,11172623.48,1760104800000,18206313.69274,42025,2025-10-10 13:00:00+00:00
1760104800000,1.615,1.631,1.555,1.572,13640361.95,1760108400000,21676897.13918,45061,2025-10-10 14:00:00+00:00
1760108400000,1.573,1.582,1.5,1.552,23258940.45,1760112000000,35922532.53646,78503,2025-10-10 15:00:00+00:00
1760112000000,1.551,1.68,1.548,1.676,15191192.82,1760115600000,24662166.25951,50723,2025-10-10 16:00:00+00:00
1760115600000,1.677,1.796,1.659,1.781,31999487.64,1760119200000,55163920.86224,125794,2025-10-10 17:00:00+00:00
1760119200000,1.781,1.81,1.728,1.755,24947147.45,1760122800000,44377356.45651,95571,2025-10-10 18:00:00+00:00
1760122800000,1.754,1.837,1.731,1.834,18259483.42,1760126400000,32273688.07442,57682,2025-10-10 19:00:00+00:00
1760126400000,1.833,1.846,1.614,1.669,24692558.88,1760130000000,43477595.52566,76258,2025-10-10 20:00:00+00:00
1760130000000,1.67,1.721,0.984,1.405,49354775.93,1760133600000,69591247.48878,238095,2025-10-10 21:00:00+00:00
1760133600000,1.405,1.416,1.297,1.387,50641391.33,1760137200000,68499360.02997,228081,2025-10-10 22:00:00+00:00
1760137200000,1.386,1.435,1.304,1.321,26075856.25,1760140800000,35274428.52938,114464,2025-10-10 23:00:00+00:00
1760140800000,1.32,1.332,1.252,1.305,18554184.91,1760144400000,24011493.0708,81257,2025-10-11 00:00:00+00:00
1760144400000,1.305,1.312,1.2,1.245,14489377.05,1760148000000,18251513.39301,62191,2025-10-11 01:00:00+00:00
1760148000000,1.245,1.386,1.245,1.382,14919153.01,1760151600000,19887219.98295,66628,2025-10-11 02:00:00+00:00
1760151600000,1.382,1.395,1.34,1.37,9982584.58,1760155200000,13642127.17773,41794,2025-10-11 03:00:00+00:00
1760155200000,1.37,1.378,1.321,1.352,8910414.42,1760158800000,12030644.84644,36200,2025-10-11 04:00:00+00:00
1760158800000,1.353,1.355,1.308,1.344,6512817.56,1760162400000,8691170.21848,25994,2025-10-11 05:00:00+00:00
1760162400000,1.345,1.391,1.345,1.351,10087141.23,1760166000000,13835121.39764,33248,2025-10-11 06:00:00+00:00
1760166000000,1.35,1.394,1.333,1.349,10279045.02,1760169600000,13999596.02178,37266,2025-10-11 07:00:00+00:00
1760169600000,1.35,1.408,1.337,1.393,10476880.81,1760173200000,14470442.94576,31689,2025-10-11 08:00:00+00:00
1760173200000,1.393,1.414,1.377,1.381,6957504.91,1760176800000,9719820.46002,27958,2025-10-11 09:00:00+00:00
1760176800000,1.382,1.391,1.351,1.366,6287530.33,1760180400000,8630233.89053,23158,2025-10-11 10:00:00+00:00
1760180400000,1.366,1.377,1.34,1.35,6467447.17,1760184000000,8755266.08746,23164,2025-10-11 11:00:00+00:00
1760184000000,1.35,1.373,1.315,1.329,6990109.25,1760187600000,9386921.65741,28027,2025-10-11 12:00:00+00:00
1760187600000,1.33,1.343,1.291,1.311,10468225.58,1760191200000,13724572.65959,35716,2025-10-11 13:00:00+00:00
1760191200000,1.312,1.312,1.271,1.277,9210146.06,1760194800000,11862816.66604,27602,2025-10-11 14:00:00+00:00
1760194800000,1.276,1.313,1.275,1.291,8007432.6,1760198400000,10376813.60352,25175,2025-10-11 15:00:00+00:00
1760198400000,1.291,1.316,1.262,1.283,7978813.12,1760202000000,10264170.09904,27025,2025-10-11 16:00:00+00:00
1760202000000,1.283,1.339,1.282,1.338,8274788.28,1760205600000,10917480.84766,26655,2025-10-11 17:00:00+00:00
1760205600000,1.338,1.356,1.317,1.345,5812785.65,1760209200000,7768029.89096,18877,2025-10-11 18:00:00+00:00
1760209200000,1.345,1.347,1.231,1.25,14672405.74,1760212800000,18553101.99979,40841,2025-10-11 19:00:00+00:00
1760212800000,1.249,1.255,1.161,1.184,14357443.63,1760216400000,17404441.29446,37984,2025-10-11 20:00:00+00:00
1760216400000,1.185,1.225,1.155,1.213,10197662.42,1760220000000,12170173.81013,27298,2025-10-11 21:00:00+00:00
1760220000000,1.212,1.237,1.209,1.216,4093608.78,1760223600000,4999022.99323,14513,2025-10-11 22:00:00+00:00
1760223600000,1.216,1.218,1.195,1.2,4420049.85,1760227200000,5316038.9859,13068,2025-10-11 23:00:00+00:00
1760227200000,1.2,1.216,1.165,1.174,6261206.67,1760230800000,7479795.72925,19520,2025-10-12 00:00:00+00:00
1760230800000,1.175,1.2,1.167,1.172,8347853.89,1760234400000,9881171.79162,21853,2025-10-12 01:00:00+00:00
1760234400000,1.172,1.214,1.16,1.192,9280998.1,1760238000000,11009977.15553,25854,2025-10-12 02:00:00+00:00
1760238000000,1.192,1.294,1.187,1.286,14565764.69,1760241600000,18276684.91573,36031,2025-10-12 03:00:00+00:00
1760241600000,1.285,1.312,1.277,1.287,7268327.5,1760245200000,9392133.13478,20510,2025-10-12 04:00:00+00:00
1760245200000,1.287,1.301,1.272,1.295,4080928.68,1760248800000,5251551.44036,12854,2025-10-12 05:00:00+00:00
1760248800000,1.295,1.329,1.288,1.303,6965513.43,1760252400000,9104031.64638,24096,2025-10-12 06:00:00+00:00
1760252400000,1.304,1.326,1.288,1.318,7983044.91,1760256000000,10427119.35736,24435,2025-10-12 07:00:00+00:00
1760256000000,1.318,1.323,1.281,1.288,6020626.65,1760259600000,7840527.15389,17443,2025-10-12 08:00:00+00:00
1760259600000,1.289,1.313,1.251,1.31,10493726.11,1760263200000,13354376.3075,22170,2025-10-12 09:00:00+00:00
1760263200000,1.311,1.33,1.295,1.298,8489869.96,1760266800000,11111182.9675,22244,2025-10-12 10:00:00+00:00
1760266800000,1.297,1.39,1.297,1.386,15265649.71,1760270400000,20559293.99314,35271,2025-10-12 11:00:00+00:00
1760270400000,1.385,1.478,1.38,1.42,31500235.28,1760274000000,45177060.01118,67514,2025-10-12 12:00:00+00:00
1760274000000,1.421,1.441,1.37,1.384,16595944.94,1760277600000,23264386.33862,41820,2025-10-12 13:00:00+00:00
1760277600000,1.385,1.479,1.382,1.463,22966615.11,1760281200000,32969876.1916,52946,2025-10-12 14:00:00+00:00
1760281200000,1.464,1.525,1.451,1.49,30188433.75,1760284800000,44999810.25233,74960,2025-10-12 15:00:00+00:00
1760284800000,1.49,1.523,1.461,1.499,21276446.08,1760288400000,31772584.10763,55257,2025-10-12 16:00:00+00:00
1760288400000,1.499,1.522,1.427,1.479,17535508.08,1760292000000,26095316.09394,46488,2025-10-12 17:00:00+00:00
1760292000000,1.48,1.506,1.454,1.478,8317760.05,1760295600000,12316593.58749,24611,2025-10-12 18:00:00+00:00
1760295600000,1.478,1.514,1.476,1.513,5955206.29,1760299200000,8929904.8433,17482,2025-10-12 19:00:00+00:00
1760299200000,1.513,1.536,1.481,1.487,9024263.33,1760302800000,13575021.21502,27288,2025-10-12 20:00:00+00:00
1760302800000,1.487,1.498,1.438,1.459,10080839.94,1760306400000,14766381.22229,28356,2025-10-12 21:00:00+00:00
1760306400000,1.459,1.486,1.449,1.47,5676709.85,1760310000000,8335169.64507,21838,2025-10-12 22:00:00+00:00
1760310000000,1.47,1.495,1.44,1.485,6391676.72,1760313600000,9404305.96702,21184,2025-10-12 23:00:00+00:00
1760313600000,1.484,1.501,1.454,1.484,7459879.0,1760317200000,10987774.34725,24253,2025-10-13 00:00:00+00:00
1760317200000,1.483,1.503,1.473,1.496,6401548.58,1760320800000,9530301.32459,20302,2025-10-13 01:00:00+00:00
1760320800000,1.496,1.517,1.47,1.516,6721465.56,1760324400000,10022644.94034,20232,2025-10-13 02:00:00+00:00
1760324400000,1.517,1.534,1.488,1.5,6762640.79,1760328000000,10251704.32827,19518,2025-10-13 03:00:00+00:00
1760328000000,1.499,1.51,1.463,1.48,8046317.61,1760331600000,11923705.41542,19488,2025-10-13 04:00:00+00:00
1760331600000,1.481,1.491,1.452,1.459,5947586.93,1760335200000,8754193.39123,16508,2025-10-13 05:00:00+00:00
1760335200000,1.459,1.501,1.448,1.5,6495462.22,1760338800000,9602375.09307,18430,2025-10-13 06:00:00+00:00
1760338800000,1.5,1.57,1.49,1.56,11903537.12,1760342400000,18262135.49779,28673,2025-10-13 07:00:00+00:00
1760342400000,1.559,1.595,1.549,1.589,12708929.64,1760346000000,20052443.49771,31013,2025-10-13 08:00:00+00:00
1760346000000,1.589,1.591,1.532,1.544,12236118.25,1760349600000,19050447.28844,30885,2025-10-13 09:00:00+00:00
1760349600000,1.543,1.551,1.519,1.539,8303071.29,1760353200000,12728126.9817,20107,2025-10-13 10:00:00+00:00
1760353200000,1.539,1.541,1.433,1.452,19100941.61,1760356800000,28211826.51216,45708,2025-10-13 11:00:00+00:00
1760356800000,1.452,1.478,1.432,1.461,9574887.16,1760360400000,13923030.25531,26923,2025-10-13 12:00:00+00:00
1760360400000,1.462,1.519,1.445,1.505,14307890.08,1760364000000,21215174.10635,41037,2025-10-13 13:00:00+00:00
1760364000000,1.505,1.509,1.402,1.425,14577749.17,1760367600000,21170367.19281,39867,2025-10-13 14:00:00+00:00
1760367600000,1.425,1.465,1.422,1.454,8052940.26,1760371200000,11634086.82154,22651,2025-10-13 15:00:00+00:00
1760371200000,1.454,1.46,1.352,1.414,31015512.81,1760374800000,43320363.96514,66742,2025-10-13 16:00:00+00:00
1760374800000,1.414,1.438,1.401,1.435,7727719.8,1760378400000,10934665.27692,22650,2025-10-13 17:00:00+00:00
1760378400000,1.434,1.439,1.368,1.374,11986226.25,1760382000000,16862999.53191,28537,2025-10-13 18:00:00+00:00
1760382000000,1.374,1.495,1.371,1.474,20666989.31,1760385600000,29735801.3712,51856,2025-10-13 19:00:00+00:00
1760385600000,1.475,1.5,1.459,1.498,8465681.02,1760389200000,12492410.10579,26116,2025-10-13 20:00:00+00:00
1760389200000,1.498,1.499,1.451,1.463,6188357.19,1760392800000,9128311.77702,18472,2025-10-13 21:00:00+00:00
1760392800000,1.462,1.472,1.431,1.442,9281397.94,1760396400000,13423621.09382,29431,2025-10-13 22:00:00+00:00
1760396400000,1.442,1.464,1.436,1.451,5460869.21,1760400000000,7914699.01042,21484,2025-10-13 23:00:00+00:00
1760400000000,1.451,1.493,1.442,1.462,9394198.44,1760403600000,13813409.85274,28890,2025-10-14 00:00:00+00:00
1760403600000,1.461,1.468,1.436,1.452,10686878.18,1760407200000,15489022.30569,28452,2025-10-14 01:00:00+00:00
1760407200000,1.451,1.47,1.432,1.447,9756474.0,1760410800000,14131822.81213,25904,2025-10-14 02:00:00+00:00
1760410800000,1.446,1.448,1.403,1.408,11801505.6,1760414400000,16755922.76761,27059,2025-10-14 03:00:00+00:00
1760414400000,1.409,1.433,1.385,1.394,8071911.66,1760418000000,11378674.20682,22750,2025-10-14 04:00:00+00:00
1760418000000,1.394,1.414,1.388,1.4,6363737.84,1760421600000,8917939.21444,19085,2025-10-14 05:00:00+00:00
1760421600000,1.4,1.419,1.323,1.346,17182104.2,1760425200000,23421238.01965,42328,2025-10-14 06:00:00+00:00
1760425200000,1.346,1.37,1.327,1.339,12780301.61,1760428800000,17176875.141,30911,2025-10-14 07:00:00+00:00
1760428800000,1.339,1.359,1.312,1.351,10244837.35,1760432400000,13682979.37248,32218,2025-10-14 08:00:00+00:00
1760432400000,1.351,1.372,1.337,1.344,7019924.08,1760436000000,9519462.01205,24256,2025-10-14 09:00:00+00:00
1760436000000,1.343,1.345,1.301,1.337,8329964.63,1760439600000,11024905.52207,25741,2025-10-14 10:00:00+00:00
1760439600000,1.337,1.362,1.334,1.351,6365405.66,1760443200000,8579608.85353,18222,2025-10-14 11:00:00+00:00
1760443200000,1.352,1.355,1.315,1.327,6377736.49,1760446800000,8507532.05233,15925,2025-10-14 12:00:00+00:00
1760446800000,1.328,1.359,1.304,1.351,14037607.12,1760450400000,18683639.78885,31299,2025-10-14 13:00:00+00:00
1760450400000,1.35,1.399,1.344,1.367,12996226.08,1760454000000,17851013.28316,32330,2025-10-14 14:00:00+00:00
1760454000000,1.367,1.445,1.361,1.444,16385355.69,1760457600000,22911602.20925,34684,2025-10-14 15:00:00+00:00
1760457600000,1.445,1.496,1.425,1.455,27196685.63,1760461200000,39876085.97185,52918,2025-10-14 16:00:00+00:00
1760461200000,1.454,1.473,1.423,1.468,15698272.1,1760464800000,22770296.07803,35740,2025-10-14 17:00:00+00:00
1760464800000,1.469,1.5,1.452,1.462,11222706.46,1760468400000,16594969.53471,28093,2025-10-14 18:00:00+00:00
1760468400000,1.461,1.489,1.428,1.445,11398731.69,1760472000000,16563523.98245,28273,2025-10-14 19:00:00+00:00
1760472000000,1.445,1.485,1.436,1.473,6021462.91,1760475600000,8792238.65163,16640,2025-10-14 20:00:00+00:00
1760475600000,1.473,1.497,1.465,1.491,3172886.42,1760479200000,4703402.67333,8375,2025-10-14 21:00:00+00:00
1760479200000,1.491,1.516,1.471,1.491,7570013.21,1760482800000,11313893.11031,18390,2025-10-14 22:00:00+00:00
1760482800000,1.49,1.529,1.489,1.502,6926618.0,1760486400000,10480570.39696,15872,2025-10-14 23:00:00+00:00
1760486400000,1.503,1.509,1.475,1.481,5294380.27,1760490000000,7877959.80334,13931,2025-10-15 00:00:00+00:00
1760490000000,1.481,1.485,1.452,1.476,4911275.15,1760493600000,7210760.15459,12893,2025-10-15 01:00:00+00:00
1760493600000,1.476,1.51,1.475,1.484,4790229.7,1760497200000,7154948.15968,14030,2025-10-15 02:00:00+00:00
1760497200000,1.483,1.485,1.455,1.464,3708184.94,1760500800000,5446374.90867,11042,2025-10-15 03:00:00+00:00
1760500800000,1.464,1.492,1.449,1.481,4204358.55,1760504400000,6165406.18277,9565,2025-10-15 04:00:00+00:00
1760504400000,1.481,1.485,1.455,1.471,4142608.72,1760508000000,6086521.17957,9242,2025-10-15 05:00:00+00:00
1760508000000,1.471,1.522,1.451,1.519,7028727.64,1760511600000,10464362.13609,16394,2025-10-15 06:00:00+00:00
1760511600000,1.519,1.53,1.506,1.525,9230828.42,1760515200000,14014586.81511,23410,2025-10-15 07:00:00+00:00
1760515200000,1.524,1.538,1.505,1.507,7299055.82,1760518800000,11116440.38948,14918,2025-10-15 08:00:00+00:00
1760518800000,1.508,1.518,1.465,1.47,6406781.19,1760522400000,9533830.92744,15906,2025-10-15 09:00:00+00:00
1760522400000,1.47,1.482,1.455,1.464,4360186.96,1760526000000,6402919.64229,10323,2025-10-15 10:00:00+00:00
1760526000000,1.464,1.475,1.454,1.457,4600390.41,1760529600000,6737140.52404,10887,2025-10-15 11:00:00+00:00
1760529600000,1.457,1.474,1.454,1.464,5595499.65,1760533200000,8197861.28439,12735,2025-10-15 12:00:00+00:00
1760533200000,1.465,1.47,1.406,1.437,17110729.53,1760536800000,24575207.59162,33583,2025-10-15 13:00:00+00:00
1760536800000,1.436,1.458,1.408,1.42,8810183.47,1760540400000,12621214.06629,22847,2025-10-15 14:00:00+00:00
1760540400000,1.42,1.435,1.373,1.393,11775042.09,1760544000000,16537462.69512,25871,2025-10-15 15:00:00+00:00
1760544000000,1.393,1.418,1.38,1.4,8247568.83,1760547600000,11527263.07765,20167,2025-10-15 16:00:00+00:00
1760547600000,1.401,1.402,1.367,1.399,7744537.14,1760551200000,10752105.98139,18886,2025-10-15 17:00:00+00:00
1760551200000,1.398,1.411,1.382,1.408,3717552.76,1760554800000,5184194.96771,11549,2025-10-15 18:00:00+00:00
1760554800000,1.407,1.408,1.371,1.379,4146193.24,1760558400000,5767056.81106,11862,2025-10-15 19:00:00+00:00
1760558400000,1.378,1.4,1.321,1.341,12687064.32,1760562000000,17185474.08824,25305,2025-10-15 20:00:00+00:00
1760562000000,1.341,1.357,1.311,1.313,8868759.29,1760565600000,11818101.95436,21152,2025-10-15 21:00:00+00:00
1760565600000,1.314,1.325,1.262,1.273,15227478.32,1760569200000,19767058.32429,36399,2025-10-15 22:00:00+00:00
1760569200000,1.272,1.3,1.263,1.282,7270070.54,1760572800000,9313646.11234,21373,2025-10-15 23:00:00+00:00
1760572800000,1.282,1.296,1.267,1.268,7222563.32,1760576400000,9228583.04377,18478,2025-10-16 00:00:00+00:00
1760576400000,1.268,1.308,1.268,1.302,7457167.4,1760580000000,9612534.01131,18493,2025-10-16 01:00:00+00:00
1760580000000,1.302,1.32,1.296,1.309,5763343.48,1760583600000,7539046.85165,13929,2025-10-16 02:00:00+00:00
1760583600000,1.309,1.316,1.3,1.309,2576771.91,1760587200000,3372307.09938,7196,2025-10-16 03:00:00+00:00
1760587200000,1.308,1.328,1.29,1.29,3031357.93,1760590800000,3968301.964,9562,2025-10-16 04:00:00+00:00
1760590800000,1.291,1.323,1.29,1.31,3193736.8,1760594400000,4174238.14971,10102,2025-10-16 05:00:00+00:00
1760594400000,1.31,1.35,1.307,1.335,7294198.14,1760598000000,9715695.31048,15881,2025-10-16 06:00:00+00:00
1760598000000,1.335,1.34,1.313,1.327,5176155.82,1760601600000,6858181.27099,13088,2025-10-16 07:00:00+00:00
1760601600000,1.328,1.334,1.304,1.317,4900556.23,1760605200000,6459714.31364,11074,2025-10-16 08:00:00+00:00
1760605200000,1.317,1.326,1.183,1.268,36086991.83,1760608800000,45371641.07614,62465,2025-10-16 09:00:00+00:00
1760608800000,1.268,1.3,1.265,1.286,8165583.04,1760612400000,10474367.93296,20309,2025-10-16 10:00:00+00:00
1760612400000,1.285,1.292,1.268,1.291,3914986.42,1760616000000,5010646.69918,12215,2025-10-16 11:00:00+00:00
1760616000000,1.291,1.364,1.287,1.348,20011930.94,1760619600000,26735087.42845,40056,2025-10-16 12:00:00+00:00
1760619600000,1.348,1.361,1.328,1.336,10598399.56,1760623200000,14227620.33144,28964,2025-10-16 13:00:00+00:00
1760623200000,1.337,1.342,1.285,1.317,16402370.58,1760626800000,21510013.64337,38857,2025-10-16 14:00:00+00:00
1760626800000,1.318,1.321,1.246,1.252,18665016.21,1760630400000,23913808.69779,40100,2025-10-16 15:00:00+00:00
1760630400000,1.252,1.316,1.229,1.296,28172495.33,1760634000000,35561367.58004,51724,2025-10-16 16:00:00+00:00
1760634000000,1.297,1.297,1.275,1.284,7273952.18,1760637600000,9341877.30125,21715,2025-10-16 17:00:00+00:00
1760637600000,1.284,1.3,1.268,1.29,6380716.97,1760641200000,8206560.3159,18906,2025-10-16 18:00:00+00:00
1760641200000,1.29,1.292,1.242,1.257,7317857.06,1760644800000,9248917.66726,20767,2025-10-16 19:00:00+00:00
1760644800000,1.258,1.265,1.234,1.247,5299315.84,1760648400000,6636311.47382,15468,2025-10-16 20:00:00+00:00
1760648400000,1.247,1.278,1.24,1.276,3860176.86,1760652000000,4864843.78067,9830,2025-10-16 21:00:00+00:00
1760652000000,1.276,1.282,1.246,1.248,3695802.9,1760655600000,4674365.5772,8786,2025-10-16 22:00:00+00:00
1760655600000,1.247,1.269,1.245,1.257,2432415.55,1760659200000,3055395.84835,6974,2025-10-16 23:00:00+00:00
1760659200000,1.257,1.262,1.241,1.257,5338989.18,1760662800000,6677649.65053,13345,2025-10-17 00:00:00+00:00
1760662800000,1.257,1.278,1.249,1.255,4189319.6,1760666400000,5302310.76745,10321,2025-10-17 01:00:00+00:00
1760666400000,1.254,1.274,1.249,1.271,3400881.72,1760670000000,4285031.78526,9175,2025-10-17 02:00:00+00:00
1760670000000,1.272,1.287,1.265,1.279,2721722.49,1760673600000,3470742.6284,8308,2025-10-17 03:00:00+00:00
1760673600000,1.28,1.288,1.269,1.274,2605251.68,1760677200000,3332056.83743,6669,2025-10-17 04:00:00+00:00
1760677200000,1.273,1.289,1.261,1.266,3482268.72,1760680800000,4437313.342,9253,2025-10-17 05:00:00+00:00
1760680800000,1.266,1.279,1.155,1.165,19835524.34,1760684400000,23954290.47384,40901,2025-10-17 06:00:00+00:00
1760684400000,1.164,1.164,1.054,1.074,42082755.88,1760688000000,46775207.64246,82510,2025-10-17 07:00:00+00:00
1760688000000,1.073,1.106,1.05,1.078,24576109.12,1760691600000,26585017.05941,49011,2025-10-17 08:00:00+00:00
1760691600000,1.079,1.127,1.077,1.085,13695246.15,1760695200000,15075367.78839,26543,2025-10-17 09:00:00+00:00
1760695200000,1.085,1.09,1.02,1.05,25430562.59,1760698800000,26726297.6649,47200,2025-10-17 10:00:00+00:00
1760698800000,1.05,1.117,1.049,1.078,29039518.63,1760702400000,31636892.08564,47339,2025-10-17 11:00:00+00:00
1760702400000,1.079,1.095,1.068,1.072,12514054.15,1760706000000,13516076.31398,21570,2025-10-17 12:00:00+00:00
1760706000000,1.073,1.106,1.059,1.083,18112349.46,1760709600000,19671673.15247,32238,2025-10-17 13:00:00+00:00
1760709600000,1.083,1.088,1.044,1.064,13325556.92,1760713200000,14205824.37516,24904,2025-10-17 14:00:00+00:00
1760713200000,1.064,1.102,1.053,1.1,10153709.95,1760716800000,10904563.83973,23261,2025-10-17 15:00:00+00:00
1760716800000,1.101,1.145,1.096,1.126,19445198.67,1760720400000,21879321.41444,37115,2025-10-17 16:00:00+00:00
1760720400000,1.127,1.14,1.113,1.124,9728315.02,1760724000000,10963300.62193,23290,2025-10-17 17:00:00+00:00
1760724000000,1.124,1.153,1.122,1.13,8021959.41,1760727600000,9100330.5864,18309,2025-10-17 18:00:00+00:00
1760727600000,1.13,1.136,1.106,1.123,6390931.02,1760731200000,7167971.22097,11283,2025-10-17 19:00:00+00:00
1760731200000,1.123,1.152,1.113,1.15,4644055.28,1760734800000,5278759.39837,9800,2025-10-17 20:00:00+00:00
1760734800000,1.15,1.175,1.149,1.163,6838110.6,1760738400000,7948048.51192,12990,2025-10-17 21:00:00+00:00
1760738400000,1.163,1.171,1.149,1.167,3420845.54,1760742000000,3958278.89212,8143,2025-10-17 22:00:00+00:00
1760742000000,1.168,1.169,1.148,1.158,3530057.79,1760745600000,4081785.32553,8371,2025-10-17 23:00:00+00:00
1760745600000,1.158,1.177,1.15,1.158,5174463.08,1760749200000,6038786.74006,12140,2025-10-18 00:00:00+00:00
1760749200000,1.158,1.184,1.158,1.173,3603488.85,1760752800000,4227607.38617,9252,2025-10-18 01:00:00+00:00
1760752800000,1.174,1.189,1.155,1.162,4117732.11,1760756400000,4831465.59078,10964,2025-10-18 02:00:00+00:00
1760756400000,1.162,1.177,1.159,1.163,2251761.58,1760760000000,2628285.5576,6842,2025-10-18 03:00:00+00:00
1760760000000,1.162,1.21,1.139,1.179,34751923.67,1760763600000,41013318.51354,53413,2025-10-18 04:00:00+00:00
1760763600000,1.179,1.204,1.178,1.193,6252298.43,1760767200000,7449459.24969,12248,2025-10-18 05:00:00+00:00
1760767200000,1.192,1.205,1.186,1.2,4335106.66,1760770800000,5181115.20808,10504,2025-10-18 06:00:00+00:00
1760770800000,1.199,1.237,1.198,1.212,9254765.92,1760774400000,11302126.03822,21767,2025-10-18 07:00:00+00:00
1760774400000,1.211,1.232,1.194,1.196,4862038.14,1760778000000,5905964.8887,14300,2025-10-18 08:00:00+00:00
1760778000000,1.195,1.224,1.178,1.219,7731139.54,1760781600000,9270406.19716,16155,2025-10-18 09:00:00+00:00
1760781600000,1.22,1.225,1.186,1.196,5953370.63,1760785200000,7206742.67867,13371,2025-10-18 10:00:00+00:00
1760785200000,1.196,1.21,1.182,1.197,5905716.69,1760788800000,7067647.16179,13497,2025-10-18 11:00:00+00:00
1760788800000,1.197,1.207,1.181,1.183,2798337.62,1760792400000,3334122.03883,8678,2025-10-18 12:00:00+00:00
1760792400000,1.183,1.183,1.156,1.164,6333851.02,1760796000000,7406507.35139,15023,2025-10-18 13:00:00+00:00
1760796000000,1.164,1.184,1.152,1.178,4249003.33,1760799600000,4969730.26739,12168,2025-10-18 14:00:00+00:00
1760799600000,1.178,1.184,1.156,1.161,4436021.86,1760803200000,5180137.83516,10136,2025-10-18 15:00:00+00:00
1760803200000,1.161,1.164,1.121,1.147,7001155.9,1760806800000,7986289.10392,14287,2025-10-18 16:00:00+00:00
1760806800000,1.146,1.193,1.138,1.188,4850760.6,1760810400000,5649382.6455,10528,2025-10-18 17:00:00+00:00
1760810400000,1.188,1.191,1.176,1.186,2381974.41,1760814000000,2819143.46798,6196,2025-10-18 18:00:00+00:00
1760814000000,1.185,1.197,1.178,1.187,1840634.31,1760817600000,2183660.36709,5111,2025-10-18 19:00:00+00:00
1760817600000,1.186,1.199,1.177,1.178,3288077.13,1760821200000,3910277.08346,7625,2025-10-18 20:00:00+00:00
1760821200000,1.178,1.184,1.171,1.176,1921030.8,1760824800000,2260565.35746,4682,2025-10-18 21:00:00+00:00
1760824800000,1.177,1.186,1.17,1.174,1217108.03,1760828400000,1431727.9645,3769,2025-10-18 22:00:00+00:00
1760828400000,1.173,1.182,1.166,1.177,1536928.92,1760832000000,1802956.06284,4124,2025-10-18 23:00:00+00:00
1760832000000,1.176,1.181,1.159,1.168,2677955.25,1760835600000,3134712.81599,6633,2025-10-19 00:00:00+00:00
1760835600000,1.168,1.171,1.157,1.161,1477663.72,1760839200000,1718554.86247,5601,2025-10-19 01:00:00+00:00
1760839200000,1.162,1.168,1.148,1.15,2835354.75,1760842800000,3280967.80018,5863,2025-10-19 02:00:00+00:00
1760842800000,1.149,1.188,1.147,1.187,3573539.12,1760846400000,4182880.75544,8948,2025-10-19 03:00:00+00:00
1760846400000,1.186,1.186,1.175,1.177,1761633.79,1760850000000,2080309.5904,5401,2025-10-19 04:00:00+00:00
1760850000000,1.176,1.183,1.158,1.163,1426829.35,1760853600000,1670245.31539,5151,2025-10-19 05:00:00+00:00
1760853600000,1.162,1.167,1.133,1.136,3976205.36,1760857200000,4560290.89831,8840,2025-10-19 06:00:00+00:00
1760857200000,1.136,1.147,1.134,1.144,2105586.35,1760860800000,2404003.17704,5987,2025-10-19 07:00:00+00:00
1760860800000,1.144,1.166,1.133,1.136,5702418.23,1760864400000,6537344.29048,14068,2025-10-19 08:00:00+00:00
1760864400000,1.135,1.179,1.117,1.176,10736828.03,1760868000000,12367113.34348,21737,2025-10-19 09:00:00+00:00
1760868000000,1.177,1.217,1.167,1.201,17704665.54,1760871600000,21205638.197,30617,2025-10-19 10:00:00+00:00
1760871600000,1.201,1.209,1.186,1.201,5651254.82,1760875200000,6777711.61271,15563,2025-10-19 11:00:00+00:00
1760875200000,1.201,1.202,1.173,1.18,4748298.5,1760878800000,5618233.5684,11936,2025-10-19 12:00:00+00:00
1760878800000,1.181,1.209,1.176,1.203,4310778.05,1760882400000,5141640.90362,12407,2025-10-19 13:00:00+00:00
1760882400000,1.203,1.223,1.185,1.213,7196114.54,1760886000000,8705646.70639,17313,2025-10-19 14:00:00+00:00
1760886000000,1.213,1.215,1.201,1.205,2830462.14,1760889600000,3421283.56851,7654,2025-10-19 15:00:00+00:00
1760889600000,1.205,1.213,1.193,1.202,4020086.38,1760893200000,4834432.7982,9134,2025-10-19 16:00:00+00:00
1760893200000,1.202,1.22,1.195,1.197,5132759.21,1760896800000,6213507.83084,12513,2025-10-19 17:00:00+00:00
1760896800000,1.197,1.243,1.195,1.24,13679669.43,1760900400000,16719241.05759,26824,2025-10-19 18:00:00+00:00
1760900400000,1.239,1.24,1.213,1.22,5168721.9,1760904000000,6334313.60454,12589,2025-10-19 19:00:00+00:00
1760904000000,1.22,1.224,1.209,1.216,1926248.46,1760907600000,2339384.36297,5059,2025-10-19 20:00:00+00:00
1760907600000,1.216,1.217,1.202,1.21,1532496.14,1760911200000,1852453.77376,3700,2025-10-19 21:00:00+00:00
1760911200000,1.211,1.226,1.208,1.209,1937692.24,1760914800000,2357405.11856,5724,2025-10-19 22:00:00+00:00
1760914800000,1.208,1.209,1.194,1.2,4478004.16,1760918400000,5377604.23333,8335,2025-10-19 23:00:00+00:00
1760918400000,1.2,1.2,1.158,1.17,7511217.02,1760922000000,8816998.98239,16047,2025-10-20 00:00:00+00:00
1760922000000,1.169,1.178,1.159,1.163,3242845.37,1760925600000,3786829.58278,8806,2025-10-20 01:00:00+00:00
1760925600000,1.163,1.179,1.148,1.172,5141104.65,1760929200000,5981833.38669,10543,2025-10-20 02:00:00+00:00
1760929200000,1.173,1.221,1.165,1.218,4200868.51,1760932800000,5010723.51273,11021,2025-10-20 03:00:00+00:00
1760932800000,1.218,1.25,1.215,1.242,7394548.69,1760936400000,9106600.22717,15799,2025-10-20 04:00:00+00:00
1760936400000,1.243,1.243,1.223,1.233,4524586.37,1760940000000,5573124.91471,9885,2025-10-20 05:00:00+00:00
1760940000000,1.232,1.26,1.231,1.248,4983513.37,1760943600000,6224286.03591,11559,2025-10-20 06:00:00+00:00
1760943600000,1.248,1.248,1.223,1.23,3689504.3,1760947200000,4565982.12824,8011,2025-10-20 07:00:00+00:00
1760947200000,1.23,1.236,1.212,1.219,6244975.0,1760950800000,7629193.16997,12320,2025-10-20 08:00:00+00:00
1760950800000,1.219,1.222,1.207,1.213,3372222.76,1760954400000,4094929.52752,8366,2025-10-20 09:00:00+00:00
1760954400000,1.213,1.221,1.184,1.192,4726162.29,1760958000000,5691824.27353,10670,2025-10-20 10:00:00+00:00
1760958000000,1.192,1.2,1.176,1.197,5022674.07,1760961600000,5963360.26223,10863,2025-10-20 11:00:00+00:00
1760961600000,1.196,1.204,1.181,1.191,5590340.24,1760965200000,6663362.48484,9462,2025-10-20 12:00:00+00:00
1760965200000,1.191,1.198,1.181,1.19,4672927.83,1760968800000,5565016.36063,10565,2025-10-20 13:00:00+00:00
1760968800000,1.19,1.196,1.171,1.19,5326325.89,1760972400000,6310585.14851,10706,2025-10-20 14:00:00+00:00
1760972400000,1.191,1.209,1.177,1.181,10352781.73,1760976000000,12358983.1534,17767,2025-10-20 15:00:00+00:00
1760976000000,1.18,1.182,1.132,1.148,20071803.63,1760979600000,23171913.07831,35059,2025-10-20 16:00:00+00:00
1760979600000,1.148,1.164,1.12,1.132,6563305.13,1760983200000,7477454.40396,14399,2025-10-20 17:00:00+00:00
1760983200000,1.132,1.151,1.127,1.148,4319917.91,1760986800000,4919916.1724,8141,2025-10-20 18:00:00+00:00
1760986800000,1.148,1.159,1.135,1.149,3854419.61,1760990400000,4419467.39995,8325,2025-10-20 19:00:00+00:00
1760990400000,1.149,1.165,1.144,1.158,3489259.14,1760994000000,4035083.32992,7485,2025-10-20 20:00:00+00:00
1760994000000,1.159,1.166,1.151,1.161,1854580.18,1760997600000,2149049.92572,4137,2025-10-20 21:00:00+00:00
1760997600000,1.16,1.169,1.153,1.165,1109128.14,1761001200000,1288980.25147,3545,2025-10-20 22:00:00+00:00
1761001200000,1.166,1.167,1.154,1.158,2239314.99,1761004800000,2597923.52705,4320,2025-10-20 23:00:00+00:00
1761004800000,1.158,1.174,1.152,1.159,1732221.11,1761008400000,2017619.88269,5042,2025-10-21 00:00:00+00:00
1761008400000,1.159,1.162,1.139,1.142,3526860.22,1761012000000,4056826.12998,7541,2025-10-21 01:00:00+00:00
1761012000000,1.143,1.144,1.121,1.122,4943326.57,1761015600000,5591227.00781,11375,2025-10-21 02:00:00+00:00
1761015600000,1.123,1.131,1.114,1.117,4452832.22,1761019200000,5000729.47293,8475,2025-10-21 03:00:00+00:00
1761019200000,1.116,1.121,1.073,1.075,11620554.31,1761022800000,12747402.84998,22620,2025-10-21 04:00:00+00:00
1761022800000,1.076,1.09,1.064,1.087,8430910.96,1761026400000,9076465.17078,13903,2025-10-21 05:00:00+00:00
1761026400000,1.087,1.105,1.085,1.096,7184676.21,1761030000000,7865500.42128,11006,2025-10-21 06:00:00+00:00
1761030000000,1.096,1.109,1.087,1.102,3909914.57,1761033600000,4302310.14386,6766,2025-10-21 07:00:00+00:00
1761033600000,1.102,1.109,1.09,1.1,4408868.31,1761037200000,4842610.8164,8757,2025-10-21 08:00:00+00:00
1761037200000,1.1,1.105,1.094,1.1,3243077.79,1761040800000,3566795.14173,5090,2025-10-21 09:00:00+00:00
1761040800000,1.099,1.113,1.091,1.105,5116602.23,1761044400000,5627191.52141,9573,2025-10-21 10:00:00+00:00
1761044400000,1.104,1.114,1.096,1.11,3113731.6,1761048000000,3439365.42021,7562,2025-10-21 11:00:00+00:00
1761048000000,1.11,1.13,1.104,1.108,4618316.21,1761051600000,5166029.99125,9680,2025-10-21 12:00:00+00:00
1761051600000,1.109,1.123,1.1,1.107,5732914.35,1761055200000,6368454.87019,14033,2025-10-21 13:00:00+00:00
1761055200000,1.108,1.164,1.107,1.162,12383585.91,1761058800000,14116371.5828,24038,2025-10-21 14:00:00+00:00
1761058800000,1.161,1.192,1.151,1.179,14648952.18,1761062400000,17115731.00346,25076,2025-10-21 15:00:00+00:00
1761062400000,1.179,1.189,1.137,1.143,13521117.8,1761066000000,15791927.35021,24078,2025-10-21 16:00:00+00:00
1761066000000,1.144,1.155,1.131,1.143,12136033.26,1761069600000,13875462.09554,18379,2025-10-21 17:00:00+00:00
1761069600000,1.144,1.146,1.127,1.139,4295705.41,1761073200000,4879509.94115,8197,2025-10-21 18:00:00+00:00
1761073200000,1.139,1.146,1.13,1.132,2490401.47,1761076800000,2832123.4842,5324,2025-10-21 19:00:00+00:00
1761076800000,1.131,1.137,1.11,1.116,7076562.23,1761080400000,7923385.20237,11172,2025-10-21 20:00:00+00:00
1761080400000,1.116,1.127,1.094,1.111,4522190.07,1761084000000,5012344.53478,8648,2025-10-21 21:00:00+00:00
1761084000000,1.11,1.113,1.064,1.069,9166627.44,1761087600000,9905819.16148,17982,2025-10-21 22:00:00+00:00
1761087600000,1.068,1.074,1.024,1.042,12047031.5,1761091200000,12589299.84691,20839,2025-10-21 23:00:00+00:00
1761091200000,1.042,1.056,1.032,1.041,8339941.32,1761094800000,8713905.11542,14395,2025-10-22 00:00:00+00:00
1761094800000,1.042,1.053,1.032,1.038,5370816.01,1761098400000,5589127.16779,10247,2025-10-22 01:00:00+00:00
1761098400000,1.038,1.051,1.036,1.048,4007918.05,1761102000000,4186969.94045,7075,2025-10-22 02:00:00+00:00
1761102000000,1.048,1.049,1.036,1.046,4170015.28,1761105600000,4340611.37375,6083,2025-10-22 03:00:00+00:00
1761105600000,1.045,1.06,1.044,1.058,4965134.73,1761109200000,5225276.45146,7516,2025-10-22 04:00:00+00:00
1761109200000,1.057,1.063,1.041,1.052,5782487.65,1761112800000,6062368.17595,10618,2025-10-22 05:00:00+00:00
1761112800000,1.052,1.058,1.043,1.046,4032336.6,1761116400000,4236586.89081,7336,2025-10-22 06:00:00+00:00
1761116400000,1.046,1.053,1.036,1.052,6472070.27,1761120000000,6753266.01411,11289,2025-10-22 07:00:00+00:00
1761120000000,1.051,1.051,1.036,1.04,3377956.79,1761123600000,3517119.65296,8237,2025-10-22 08:00:00+00:00
1761123600000,1.041,1.043,0.951,0.975,30051202.6,1761127200000,29828239.0206,46251,2025-10-22 09:00:00+00:00
1761127200000,0.976,1.002,0.97,0.987,11512590.44,1761130800000,11386940.22116,18604,2025-10-22 10:00:00+00:00
1761130800000,0.987,1.012,0.98,1.001,13159313.49,1761134400000,13109523.48892,22520,2025-10-22 11:00:00+00:00
1761134400000,1.001,1.026,0.998,1.01,10289430.32,1761138000000,10413548.48227,16809,2025-10-22 12:00:00+00:00
1761138000000,1.011,1.024,0.989,1.021,8432194.71,1761141600000,8493985.46892,16677,2025-10-22 13:00:00+00:00
1761141600000,1.02,1.022,0.986,1.022,10671061.17,1761145200000,10688566.47699,20966,2025-10-22 14:00:00+00:00
1761145200000,1.022,1.023,0.989,0.992,9694493.68,1761148800000,9697309.0978,18188,2025-10-22 15:00:00+00:00
1761148800000,0.992,0.997,0.97,0.974,12018326.43,1761152400000,11793374.42294,21810,2025-10-22 16:00:00+00:00
1761152400000,0.974,0.983,0.959,0.968,10602662.17,1761156000000,10293716.7234,16824,2025-10-22 17:00:00+00:00
1761156000000,0.968,0.978,0.957,0.976,7261995.41,1761159600000,7036260.04544,11031,2025-10-22 18:00:00+00:00
1761159600000,0.976,0.987,0.952,0.969,6484198.42,1761163200000,6307946.58102,11194,2025-10-22 19:00:00+00:00
1761163200000,0.97,0.98,0.955,0.963,7656488.51,1761166800000,7401978.48626,12780,2025-10-22 20:00:00+00:00
1761166800000,0.963,0.967,0.929,0.94,12874975.65,1761170400000,12156811.62229,18771,2025-10-22 21:00:00+00:00
1761170400000,0.94,0.96,0.939,0.943,4812957.74,1761174000000,4567723.02424,9199,2025-10-22 22:00:00+00:00
1761174000000,0.943,0.963,0.942,0.954,3907882.81,1761177600000,3729787.1623,8121,2025-10-22 23:00:00+00:00
1761177600000,0.955,0.963,0.949,0.958,3103201.85,1761181200000,2970823.82349,7195,2025-10-23 00:00:00+00:00
1761181200000,0.957,0.97,0.952,0.967,3431881.76,1761184800000,3298545.79421,7257,2025-10-23 01:00:00+00:00
1761184800000,0.966,0.981,0.964,0.976,2976030.64,1761188400000,2897466.94675,5736,2025-10-23 02:00:00+00:00
1761188400000,0.976,0.996,0.974,0.985,6088383.19,1761192000000,6007729.91762,9868,2025-10-23 03:00:00+00:00
1761192000000,0.986,0.992,0.98,0.981,2563242.42,1761195600000,2525885.14995,4759,2025-10-23 04:00:00+00:00
1761195600000,0.982,0.999,0.978,0.996,5257951.88,1761199200000,5188441.86605,6669,2025-10-23 05:00:00+00:00
1761199200000,0.997,1.019,0.992,1.016,7886564.5,1761202800000,7953018.25945,15544,2025-10-23 06:00:00+00:00
1761202800000,1.016,1.034,1.001,1.018,9191825.86,1761206400000,9345494.56597,16683,2025-10-23 07:00:00+00:00
1761206400000,1.017,1.023,1.006,1.012,5705739.41,1761210000000,5794012.1558,9271,2025-10-23 08:00:00+00:00
1761210000000,1.013,1.02,1.006,1.014,2878855.95,1761213600000,2911545.5686,5152,2025-10-23 09:00:00+00:00
1761213600000,1.015,1.046,1.014,1.022,12137642.75,1761217200000,12505643.76244,17329,2025-10-23 10:00:00+00:00
1761217200000,1.022,1.029,1.006,1.012,4367550.51,1761220800000,4443240.51767,7561,2025-10-23 11:00:00+00:00
1761220800000,1.012,1.022,0.996,1.019,6287733.31,1761224400000,6339217.15277,10535,2025-10-23 12:00:00+00:00
1761224400000,1.019,1.034,1.008,1.021,4636497.42,1761228000000,4733611.66006,9428,2025-10-23 13:00:00+00:00
1761228000000,1.022,1.026,0.999,1.026,5109598.65,1761231600000,5177749.98912,11059,2025-10-23 14:00:00+00:00
1761231600000,1.026,1.104,1.014,1.047,34229461.48,1761235200000,36479411.38074,61553,2025-10-23 15:00:00+00:00
1761235200000,1.048,1.09,1.045,1.081,12587469.03,1761238800000,13447874.81469,23964,2025-10-23 16:00:00+00:00
1761238800000,1.081,1.092,1.064,1.081,10276940.57,1761242400000,11089402.76929,17506,2025-10-23 17:00:00+00:00
1761242400000,1.082,1.095,1.06,1.091,7155898.81,1761246000000,7696496.54905,15182,2025-10-23 18:00:00+00:00
1761246000000,1.092,1.118,1.073,1.097,9082756.65,1761249600000,9954709.50244,17254,2025-10-23 19:00:00+00:00
1761249600000,1.097,1.099,1.064,1.068,5891979.86,1761253200000,6357186.16174,11999,2025-10-23 20:00:00+00:00
1761253200000,1.067,1.081,1.063,1.075,2455477.76,1761256800000,2634936.13449,4965,2025-10-23 21:00:00+00:00
1761256800000,1.074,1.102,1.072,1.093,4631948.56,1761260400000,5039347.642,9959,2025-10-23 22:00:00+00:00
1761260400000,1.093,1.107,1.085,1.106,2947376.13,1761264000000,3225741.65938,6574,2025-10-23 23:00:00+00:00
1761264000000,1.105,1.145,1.101,1.127,8593253.24,1761267600000,9664809.9951,19415,2025-10-24 00:00:00+00:00
1761267600000,1.127,1.141,1.119,1.13,4919682.67,1761271200000,5559559.97518,10906,2025-10-24 01:00:00+00:00
1761271200000,1.13,1.13,1.104,1.108,6642329.93,1761274800000,7392121.18231,11732,2025-10-24 02:00:00+00:00
1761274800000,1.109,1.112,1.087,1.096,4428560.04,1761278400000,4861789.745,8354,2025-10-24 03:00:00+00:00
1761278400000,1.096,1.143,1.09,1.139,7391717.24,1761282000000,8255023.1888,14432,2025-10-24 04:00:00+00:00
1761282000000,1.14,1.145,1.128,1.131,5121965.91,1761285600000,5827037.69086,10186,2025-10-24 05:00:00+00:00
1761285600000,1.132,1.145,1.125,1.141,4763719.77,1761289200000,5404131.84983,9140,2025-10-24 06:00:00+00:00
1761289200000,1.141,1.148,1.114,1.121,6031636.83,1761292800000,6826366.34014,10972,2025-10-24 07:00:00+00:00
1761292800000,1.12,1.134,1.105,1.109,5991697.58,1761296400000,6698804.00755,12007,2025-10-24 08:00:00+00:00
1761296400000,1.108,1.124,1.106,1.114,4403640.73,1761300000000,4911364.81484,7683,2025-10-24 09:00:00+00:00
1761300000000,1.114,1.114,1.089,1.1,6795733.23,1761303600000,7481754.76229,10976,2025-10-24 10:00:00+00:00
1761303600000,1.101,1.102,1.08,1.095,3760051.78,1761307200000,4108073.80387,6746,2025-10-24 11:00:00+00:00
1761307200000,1.096,1.154,1.09,1.122,17566189.22,1761310800000,19788205.24979,31567,2025-10-24 12:00:00+00:00
1761310800000,1.122,1.125,1.088,1.103,10489742.76,1761314400000,11620537.99375,18169,2025-10-24 13:00:00+00:00
1761314400000,1.102,1.102,1.066,1.074,7694056.13,1761318000000,8290545.79395,15609,2025-10-24 14:00:00+00:00
1761318000000,1.074,1.087,1.056,1.061,5435275.53,1761321600000,5819911.63674,9853,2025-10-24 15:00:00+00:00
1761321600000,1.062,1.07,1.048,1.068,6075388.69,1761325200000,6436198.61379,8152,2025-10-24 16:00:00+00:00
1761325200000,1.067,1.081,1.064,1.074,3819938.11,1761328800000,4103191.87631,7224,2025-10-24 17:00:00+00:00
1761328800000,1.073,1.088,1.07,1.086,3101845.05,1761332400000,3354578.01275,6847,2025-10-24 18:00:00+00:00
1761332400000,1.086,1.116,1.085,1.102,7930696.91,1761336000000,8724345.05358,13119,2025-10-24 19:00:00+00:00
1761336000000,1.102,1.131,1.099,1.119,4675767.37,1761339600000,5230567.18796,9998,2025-10-24 20:00:00+00:00
1761339600000,1.119,1.129,1.112,1.124,2218862.3,1761343200000,2488157.80341,5966,2025-10-24 21:00:00+00:00
1761343200000,1.124,1.128,1.115,1.118,1689163.34,1761346800000,1893916.37437,5686,2025-10-24 22:00:00+00:00
1761346800000,1.118,1.122,1.113,1.119,1831245.95,1761350400000,2045845.10523,4750,2025-10-24 23:00:00+00:00
1761350400000,1.118,1.118,1.107,1.111,1517935.28,1761354000000,1687972.30574,4932,2025-10-25 00:00:00+00:00
1761354000000,1.112,1.143,1.112,1.14,4484861.73,1761357600000,5072630.49098,10282,2025-10-25 01:00:00+00:00
1761357600000,1.14,1.149,1.135,1.138,3611794.34,1761361200000,4120416.15523,9479,2025-10-25 02:00:00+00:00
1761361200000,1.138,1.149,1.133,1.139,3699499.63,1761364800000,4224737.12998,9189,2025-10-25 03:00:00+00:00
1761364800000,1.139,1.148,1.124,1.133,2707068.76,1761368400000,3073937.17749,8409,2025-10-25 04:00:00+00:00
1761368400000,1.132,1.147,1.13,1.141,2909296.43,1761372000000,3315266.89658,6765,2025-10-25 05:00:00+00:00
1761372000000,1.141,1.161,1.1,1.114,12995361.89,1761375600000,14677894.57301,27372,2025-10-25 06:00:00+00:00
1761375600000,1.114,1.13,1.109,1.11,13884127.95,1761379200000,15540922.6233,25594,2025-10-25 07:00:00+00:00
1761379200000,1.11,1.129,1.104,1.129,4454495.58,1761382800000,4967429.28666,10091,2025-10-25 08:00:00+00:00
1761382800000,1.128,1.129,1.106,1.111,3109049.84,1761386400000,3471378.10815,8021,2025-10-25 09:00:00+00:00
1761386400000,1.111,1.116,1.102,1.108,2506266.22,1761390000000,2783277.03264,6295,2025-10-25 10:00:00+00:00
1761390000000,1.108,1.121,1.103,1.111,2170062.94,1761393600000,2410731.41227,5375,2025-10-25 11:00:00+00:00
1761393600000,1.111,1.124,1.106,1.107,3387330.75,1761397200000,3772749.97001,7490,2025-10-25 12:00:00+00:00
1761397200000,1.107,1.109,1.091,1.099,4100108.03,1761400800000,4506261.50385,8949,2025-10-25 13:00:00+00:00
1761400800000,1.099,1.106,1.097,1.102,1305355.59,1761404400000,1437811.03873,4254,2025-10-25 14:00:00+00:00
1761404400000,1.101,1.134,1.099,1.121,10748727.0,1761408000000,12027387.3151,19659,2025-10-25 15:00:00+00:00
1761408000000,1.122,1.13,1.115,1.124,3425036.5,1761411600000,3845166.24563,9372,2025-10-25 16:00:00+00:00
1761411600000,1.124,1.138,1.121,1.136,2781291.5,1761415200000,3146880.52348,6542,2025-10-25 17:00:00+00:00
1761415200000,1.137,1.144,1.129,1.142,2547527.11,1761418800000,2898914.39418,6106,2025-10-25 18:00:00+00:00
1761418800000,1.142,1.145,1.133,1.137,2133957.62,1761422400000,2430905.09084,5316,2025-10-25 19:00:00+00:00
1761422400000,1.138,1.144,1.126,1.128,2353513.83,1761426000000,2672470.62214,6187,2025-10-25 20:00:00+00:00
1761426000000,1.129,1.135,1.125,1.129,1269697.27,1761429600000,1434220.91677,4097,2025-10-25 21:00:00+00:00
1761429600000,1.128,1.153,1.12,1.151,3251426.21,1761433200000,3691051.81888,8419,2025-10-25 22:00:00+00:00
1761433200000,1.151,1.152,1.136,1.14,1694576.33,1761436800000,1936814.05433,5220,2025-10-25 23:00:00+00:00
1761436800000,1.139,1.161,1.131,1.148,2875287.11,1761440400000,3303807.80229,9249,2025-10-26 00:00:00+00:00
1761440400000,1.149,1.185,1.149,1.166,6956573.25,1761444000000,8142347.71483,15585,2025-10-26 01:00:00+00:00
1761444000000,1.166,1.171,1.149,1.17,3481961.34,1761447600000,4040470.86099,10720,2025-10-26 02:00:00+00:00
1761447600000,1.169,1.169,1.144,1.152,4438406.78,1761451200000,5130886.44937,10814,2025-10-26 03:00:00+00:00
1761451200000,1.152,1.183,1.146,1.175,3566851.75,1761454800000,4173071.34774,9895,2025-10-26 04:00:00+00:00
1761454800000,1.175,1.189,1.17,1.172,3125638.5,1761458400000,3682540.03492,9630,2025-10-26 05:00:00+00:00
1761458400000,1.173,1.181,1.164,1.172,3395216.81,1761462000000,3973720.57843,8692,2025-10-26 06:00:00+00:00
1761462000000,1.172,1.184,1.168,1.173,3932328.96,1761465600000,4623790.38172,9239,2025-10-26 07:00:00+00:00
1761465600000,1.172,1.186,1.168,1.18,2220919.33,1761469200000,2612298.5376,6976,2025-10-26 08:00:00+00:00
1761469200000,1.18,1.194,1.171,1.189,4928235.52,1761472800000,5829321.85394,12158,2025-10-26 09:00:00+00:00
1761472800000,1.189,1.193,1.171,1.172,3530308.94,1761476400000,4179335.07951,7607,2025-10-26 10:00:00+00:00
1761476400000,1.172,1.22,1.167,1.21,8304378.31,1761480000000,9931960.17607,18607,2025-10-26 11:00:00+00:00
1761480000000,1.21,1.216,1.192,1.196,5602664.27,1761483600000,6736211.16937,14854,2025-10-26 12:00:00+00:00
1761483600000,1.196,1.197,1.177,1.178,6023222.25,1761487200000,7143862.88061,13940,2025-10-26 13:00:00+00:00
1761487200000,1.178,1.181,1.153,1.161,9334455.14,1761490800000,10878377.27173,15958,2025-10-26 14:00:00+00:00
1761490800000,1.162,1.168,1.151,1.163,3558237.05,1761494400000,4123965.33089,7823,2025-10-26 15:00:00+00:00
1761494400000,1.163,1.164,1.133,1.135,6394186.65,1761498000000,7323934.56018,13476,2025-10-26 16:00:00+00:00
1761498000000,1.135,1.149,1.133,1.145,3300348.01,1761501600000,3760833.56346,7600,2025-10-26 17:00:00+00:00
1761501600000,1.146,1.15,1.138,1.144,1724611.82,1761505200000,1973868.06545,4712,2025-10-26 18:00:00+00:00
1761505200000,1.143,1.143,1.136,1.14,1294216.1,1761508800000,1473813.03996,3977,2025-10-26 19:00:00+00:00
1761508800000,1.139,1.144,1.127,1.132,2296446.17,1761512400000,2608092.41658,4831,2025-10-26 20:00:00+00:00
1761512400000,1.132,1.141,1.12,1.134,3148249.78,1761516000000,3555226.27049,7124,2025-10-26 21:00:00+00:00
1761516000000,1.134,1.158,1.134,1.155,6603968.26,1761519600000,7575838.73035,16993,2025-10-26 22:00:00+00:00
1761519600000,1.155,1.163,1.143,1.15,4486082.51,1761523200000,5179777.63011,10049,2025-10-26 23:00:00+00:00
1761523200000,1.15,1.165,1.145,1.155,4944163.01,1761526800000,5722839.90673,10418,2025-10-27 00:00:00+00:00
1761526800000,1.155,1.167,1.153,1.16,6646819.6,1761530400000,7698218.08827,11344,2025-10-27 01:00:00+00:00
1761530400000,1.16,1.168,1.152,1.156,4381417.93,1761534000000,5082736.82831,9493,2025-10-27 02:00:00+00:00
1761534000000,1.156,1.161,1.153,1.158,1882927.45,1761537600000,2176937.39467,4944,2025-10-27 03:00:00+00:00
1761537600000,1.158,1.16,1.137,1.151,4736362.29,1761541200000,5435388.61198,7237,2025-10-27 04:00:00+00:00
1761541200000,1.152,1.169,1.139,1.139,6103978.83,1761544800000,7071006.20098,11051,2025-10-27 05:00:00+00:00
1761544800000,1.14,1.142,1.122,1.135,5464202.34,1761548400000,6175569.68492,11837,2025-10-27 06:00:00+00:00
1761548400000,1.136,1.146,1.039,1.086,20335015.63,1761552000000,22243766.4211,38066,2025-10-27 07:00:00+00:00
1761552000000,1.086,1.119,1.059,1.075,16415497.06,1761555600000,17783939.27292,28832,2025-10-27 08:00:00+00:00
1761555600000,1.074,1.085,1.067,1.08,6154941.94,1761559200000,6632129.97596,11758,2025-10-27 09:00:00+00:00
1761559200000,1.079,1.089,1.071,1.087,4120924.91,1761562800000,4452150.22075,7962,2025-10-27 10:00:00+00:00
1761562800000,1.088,1.103,1.073,1.099,4529301.91,1761566400000,4914025.87026,8678,2025-10-27 11:00:00+00:00
1761566400000,1.098,1.111,1.091,1.096,6008784.12,1761570000000,6617913.44642,11130,2025-10-27 12:00:00+00:00
1761570000000,1.096,1.124,1.086,1.101,8360360.45,1761573600000,9228534.5044,17782,2025-10-27 13:00:00+00:00
1761573600000,1.101,1.107,1.077,1.078,5433682.41,1761577200000,5910140.35739,13819,2025-10-27 14:00:00+00:00
1761577200000,1.078,1.088,1.073,1.079,3291906.68,1761580800000,3555748.86391,9428,2025-10-27 15:00:00+00:00
1761580800000,1.078,1.099,1.078,1.088,3845272.96,1761584400000,4189792.89843,10721,2025-10-27 16:00:00+00:00
1761584400000,1.088,1.098,1.086,1.093,3653423.92,1761588000000,3984860.07008,7977,2025-10-27 17:00:00+00:00
1761588000000,1.093,1.1,1.085,1.091,2082705.44,1761591600000,2276138.78916,6479,2025-10-27 18:00:00+00:00
1761591600000,1.091,1.098,1.078,1.087,2674487.78,1761595200000,2910196.99223,7591,2025-10-27 19:00:00+00:00
1761595200000,1.087,1.092,1.077,1.081,3736372.04,1761598800000,4046208.77576,8285,2025-10-27 20:00:00+00:00
1761598800000,1.082,1.091,1.064,1.076,4814486.59,1761602400000,5182979.25406,11298,2025-10-27 21:00:00+00:00
1761602400000,1.075,1.085,1.062,1.065,3616092.23,1761606000000,3877190.5328,9589,2025-10-27 22:00:00+00:00
1761606000000,1.065,1.086,1.06,1.082,4024080.53,1761609600000,4306847.92571,8005,2025-10-27 23:00:00+00:00
1761609600000,1.081,1.084,1.07,1.077,3308572.47,1761613200000,3566437.51971,7990,2025-10-28 00:00:00+00:00
1761613200000,1.078,1.085,1.071,1.075,3191813.89,1761616800000,3441599.27024,8706,2025-10-28 01:00:00+00:00
1761616800000,1.075,1.077,1.053,1.064,3405138.67,1761620400000,3618299.11362,10290,2025-10-28 02:00:00+00:00
1761620400000,1.064,1.073,1.061,1.065,1837900.54,1761624000000,1960303.5393,6019,2025-10-28 03:00:00+00:00
1761624000000,1.065,1.077,1.062,1.074,1199622.29,1761627600000,1283433.12279,4301,2025-10-28 04:00:00+00:00
1761627600000,1.073,1.079,1.038,1.045,5075927.92,1761631200000,5361751.33636,11723,2025-10-28 05:00:00+00:00
1761631200000,1.046,1.07,1.043,1.067,3452846.9,1761634800000,3649742.29572,7787,2025-10-28 06:00:00+00:00
1761634800000,1.067,1.073,1.057,1.061,2209559.55,1761638400000,2353921.31401,5980,2025-10-28 07:00:00+00:00
1761638400000,1.062,1.083,1.061,1.073,4778102.96,1761642000000,5126795.76557,9872,2025-10-28 08:00:00+00:00
1761642000000,1.073,1.078,1.061,1.073,1923910.63,1761645600000,2056047.99747,5548,2025-10-28 09:00:00+00:00
1761645600000,1.073,1.081,1.069,1.078,1259037.36,1761649200000,1353908.16494,3706,2025-10-28 10:00:00+00:00
1761649200000,1.078,1.086,1.071,1.071,2120444.68,1761652800000,2288079.08938,5506,2025-10-28 11:00:00+00:00
1761652800000,1.071,1.108,1.065,1.083,12181521.82,1761656400000,13247595.06147,24411,2025-10-28 12:00:00+00:00
1761656400000,1.083,1.111,1.08,1.107,5740111.09,1761660000000,6286715.55161,17270,2025-10-28 13:00:00+00:00
1761660000000,1.108,1.118,1.071,1.087,10964311.12,1761663600000,12019152.48046,27608,2025-10-28 14:00:00+00:00
1761663600000,1.086,1.112,1.086,1.102,6496731.88,1761667200000,7140437.88351,20319,2025-10-28 15:00:00+00:00
1761667200000,1.102,1.2,1.095,1.141,11590336.02,1761670800000,13119318.72562,27339,2025-10-28 16:00:00+00:00
1761670800000,1.142,1.153,1.131,1.137,9124648.19,1761674400000,10421132.75225,20637,2025-10-28 17:00:00+00:00
1761674400000,1.137,1.148,1.123,1.146,5643717.9,1761678000000,6399302.26894,12877,2025-10-28 18:00:00+00:00
1761678000000,1.147,1.151,1.098,1.112,11723255.05,1761681600000,13177696.13519,25025,2025-10-28 19:00:00+00:00
1761681600000,1.112,1.113,1.08,1.092,10624148.21,1761685200000,11640586.89077,29051,2025-10-28 20:00:00+00:00
1761685200000,1.092,1.097,1.074,1.09,5303439.68,1761688800000,5762649.55945,13082,2025-10-28 21:00:00+00:00
1761688800000,1.089,1.09,1.072,1.079,4956274.91,1761692400000,5351086.35601,11172,2025-10-28 22:00:00+00:00
1761692400000,1.079,1.081,1.065,1.073,4193851.02,1761696000000,4490508.29377,8502,2025-10-28 23:00:00+00:00
1761696000000,1.073,1.079,1.058,1.062,3690595.47,1761699600000,3940419.27651,9663,2025-10-29 00:00:00+00:00
1761699600000,1.062,1.085,1.057,1.081,5431532.79,1761703200000,5831358.50882,11433,2025-10-29 01:00:00+00:00
1761703200000,1.081,1.093,1.072,1.083,3255607.3,1761706800000,3521707.24655,7559,2025-10-29 02:00:00+00:00
1761706800000,1.083,1.089,1.062,1.086,4918476.4,1761710400000,5275134.36805,9428,2025-10-29 03:00:00+00:00
1761710400000,1.086,1.094,1.076,1.077,1853062.46,1761714000000,2008507.43159,5459,2025-10-29 04:00:00+00:00
1761714000000,1.077,1.089,1.072,1.074,2306528.73,1761717600000,2490365.55295,5755,2025-10-29 05:00:00+00:00
1761717600000,1.073,1.083,1.072,1.078,2569530.53,1761721200000,2768197.44038,5819,2025-10-29 06:00:00+00:00
1761721200000,1.078,1.08,1.061,1.066,2495908.0,1761724800000,2669767.98394,6747,2025-10-29 07:00:00+00:00
1761724800000,1.066,1.084,1.053,1.064,4757363.76,1761728400000,5087874.47525,12287,2025-10-29 08:00:00+00:00
1761728400000,1.064,1.075,1.059,1.069,2064646.06,1761732000000,2204364.63051,5467,2025-10-29 09:00:00+00:00
1761732000000,1.068,1.084,1.067,1.071,2309542.52,1761735600000,2489567.06481,7124,2025-10-29 10:00:00+00:00
1761735600000,1.071,1.086,1.069,1.083,1941536.44,1761739200000,2094781.60091,5801,2025-10-29 11:00:00+00:00
1761739200000,1.083,1.087,1.079,1.083,1547672.99,1761742800000,1675092.46325,4911,2025-10-29 12:00:00+00:00
1761742800000,1.082,1.091,1.065,1.07,4286789.84,1761746400000,4620216.65424,12866,2025-10-29 13:00:00+00:00
1761746400000,1.07,1.072,1.052,1.062,4630496.6,1761750000000,4912588.54803,12131,2025-10-29 14:00:00+00:00
1761750000000,1.063,1.065,0.988,1.018,18381616.84,1761753600000,18784609.06882,36073,2025-10-29 15:00:00+00:00
1761753600000,1.018,1.034,1.014,1.026,5317323.44,1761757200000,5454659.5337,14124,2025-10-29 16:00:00+00:00
1761757200000,1.026,1.053,1.024,1.052,3765531.48,1761760800000,3906841.59641,10377,2025-10-29 17:00:00+00:00
1761760800000,1.052,1.067,0.998,1.042,29606844.62,1761764400000,30499642.06833,60632,2025-10-29 18:00:00+00:00
1761764400000,1.042,1.056,1.026,1.033,5545339.09,1761768000000,5774788.47053,19483,2025-10-29 19:00:00+00:00
1761768000000,1.033,1.069,1.031,1.064,4761998.11,1761771600000,4993227.20038,14092,2025-10-29 20:00:00+00:00
1761771600000,1.064,1.067,1.048,1.055,2606759.69,1761775200000,2757792.84769,6973,2025-10-29 21:00:00+00:00
1761775200000,1.054,1.056,1.047,1.05,1201890.85,1761778800000,1263153.77603,4640,2025-10-29 22:00:00+00:00
1761778800000,1.05,1.05,1.013,1.025,3987840.2,1761782400000,4102183.53373,11698,2025-10-29 23:00:00+00:00
1761782400000,1.024,1.028,1.011,1.028,2983678.94,1761786000000,3040125.22292,9344,2025-10-30 00:00:00+00:00
1761786000000,1.027,1.028,1.014,1.018,2630194.03,1761789600000,2684459.55042,8324,2025-10-30 01:00:00+00:00
1761789600000,1.019,1.05,1.016,1.048,3930360.5,1761793200000,4082519.73558,9960,2025-10-30 02:00:00+00:00
1761793200000,1.048,1.048,1.03,1.035,3259507.6,1761796800000,3384433.8428,7967,2025-10-30 03:00:00+00:00
1761796800000,1.035,1.037,0.96,0.986,19828060.65,1761800400000,19615455.19978,40292,2025-10-30 04:00:00+00:00
1761800400000,0.986,1.013,0.982,1.008,6355874.73,1761804000000,6340738.40456,15807,2025-10-30 05:00:00+00:00
1761804000000,1.008,1.013,0.996,1.005,4346933.79,1761807600000,4367492.69698,11221,2025-10-30 06:00:00+00:00
1761807600000,1.005,1.034,1.004,1.028,6103947.21,1761811200000,6244152.99195,11829,2025-10-30 07:00:00+00:00
1761811200000,1.028,1.031,1.015,1.015,3975333.05,1761814800000,4068045.10651,9003,2025-10-30 08:00:00+00:00
1761814800000,1.015,1.032,1.012,1.018,4411559.39,1761818400000,4500579.1569,9778,2025-10-30 09:00:00+00:00
1761818400000,1.018,1.021,1.002,1.013,4165937.61,1761822000000,4213709.40209,10616,2025-10-30 10:00:00+00:00
1761822000000,1.013,1.014,0.979,0.983,6777136.0,1761825600000,6773669.1871,13048,2025-10-30 11:00:00+00:00
1761825600000,0.983,1.0,0.968,0.973,9378013.71,1761829200000,9196030.49435,21825,2025-10-30 12:00:00+00:00
1761829200000,0.972,0.978,0.889,0.915,25976557.98,1761832800000,24118195.83219,44129,2025-10-30 13:00:00+00:00
1761832800000,0.916,0.929,0.897,0.916,11546258.17,1761836400000,10516851.71889,24931,2025-10-30 14:00:00+00:00
1761836400000,0.916,0.919,0.872,0.889,13773924.76,1761840000000,12246275.54579,31774,2025-10-30 15:00:00+00:00
1761840000000,0.89,0.897,0.879,0.885,6029587.21,1761843600000,5354893.22271,15970,2025-10-30 16:00:00+00:00
1761843600000,0.886,0.887,0.854,0.876,13061329.23,1761847200000,11323584.86216,29837,2025-10-30 17:00:00+00:00
1761847200000,0.875,0.879,0.854,0.859,4925039.84,1761850800000,4266223.1355,13556,2025-10-30 18:00:00+00:00
1761850800000,0.858,0.873,0.854,0.868,5259615.75,1761854400000,4538402.06652,15186,2025-10-30 19:00:00+00:00
1761854400000,0.868,0.894,0.864,0.894,4709669.59,1761858000000,4154951.41074,15070,2025-10-30 20:00:00+00:00
1761858000000,0.894,0.894,0.879,0.885,2562136.67,1761861600000,2268430.58099,6846,2025-10-30 21:00:00+00:00
1761861600000,0.886,0.887,0.879,0.887,1952394.64,1761865200000,1726566.58585,6726,2025-10-30 22:00:00+00:00
1761865200000,0.886,0.934,0.883,0.923,15795199.3,1761868800000,14503219.03197,27457,2025-10-30 23:00:00+00:00
1761868800000,0.922,0.943,0.921,0.938,6869344.39,1761872400000,6402956.27634,17243,2025-10-31 00:00:00+00:00
1761872400000,0.938,0.944,0.932,0.942,3443293.16,1761876000000,3231004.91465,8861,2025-10-31 01:00:00+00:00
1761876000000,0.942,0.942,0.913,0.926,6791883.62,1761879600000,6280609.59237,11865,2025-10-31 02:00:00+00:00
1761879600000,0.927,0.935,0.92,0.927,2665373.26,1761883200000,2472913.17843,6120,2025-10-31 03:00:00+00:00
1761883200000,0.928,0.937,0.924,0.934,3087767.87,1761886800000,2873744.4577,7380,2025-10-31 04:00:00+00:00
1761886800000,0.933,0.933,0.922,0.926,2648711.84,1761890400000,2456472.85892,6074,2025-10-31 05:00:00+00:00
1761890400000,0.927,0.936,0.923,0.93,2658194.57,1761894000000,2469802.32381,6370,2025-10-31 06:00:00+00:00
1761894000000,0.93,0.946,0.93,0.944,4335864.18,1761897600000,4064586.66546,10252,2025-10-31 07:00:00+00:00
1761897600000,0.945,0.957,0.937,0.949,8255759.84,1761901200000,7830327.8344,15561,2025-10-31 08:00:00+00:00
1761901200000,0.949,1.003,0.938,0.992,21766313.72,1761904800000,21278175.60893,36271,2025-10-31 09:00:00+00:00
1761904800000,0.992,1.007,0.977,0.99,11605624.69,1761908400000,11488455.68582,24864,2025-10-31 10:00:00+00:00
1761908400000,0.99,1.015,0.986,1.011,7777207.89,1761912000000,7738387.09312,20955,2025-10-31 11:00:00+00:00
1761912000000,1.011,1.015,0.979,0.984,7370484.2,1761915600000,7351657.67779,19020,2025-10-31 12:00:00+00:00
1761915600000,0.984,0.999,0.98,0.994,4989481.24,1761919200000,4938073.90013,15179,2025-10-31 13:00:00+00:00
1761919200000,0.995,0.996,0.983,0.993,3414367.06,1761922800000,3378449.40283,11868,2025-10-31 14:00:00+00:00
1761922800000,0.993,1.004,0.98,0.983,4412149.15,1761926400000,4379850.81325,12850,2025-10-31 15:00:00+00:00
1761926400000,0.982,0.988,0.956,0.957,8590949.86,1761930000000,8337991.42589,19266,2025-10-31 16:00:00+00:00
1761930000000,0.957,0.968,0.944,0.962,5606760.99,1761933600000,5357077.63126,15537,2025-10-31 17:00:00+00:00
1761933600000,0.963,0.991,0.963,0.981,5513205.23,1761937200000,5389251.45653,15404,2025-10-31 18:00:00+00:00
1761937200000,0.981,1.0,0.974,0.995,3379312.55,1761940800000,3347014.49898,9471,2025-10-31 19:00:00+00:00
1761940800000,0.994,1.002,0.987,0.988,2855232.54,1761944400000,2839787.73718,6577,2025-10-31 20:00:00+00:00
1761944400000,0.988,0.995,0.986,0.991,1538411.08,1761948000000,1523443.83953,4103,2025-10-31 21:00:00+00:00
1761948000000,0.99,0.999,0.988,0.995,1321322.61,1761951600000,1311650.02302,4453,2025-10-31 22:00:00+00:00
1761951600000,0.994,0.998,0.988,0.994,1835922.36,1761955200000,1820368.55436,3878,2025-10-31 23:00:00+00:00
1761955200000,0.993,1.0,0.988,0.997,1680388.29,1761958800000,1668729.94491,5027,2025-11-01 00:00:00+00:00
1761958800000,0.997,1.001,0.984,0.986,1302423.5,1761962400000,1293950.95515,4577,2025-11-01 01:00:00+00:00
1761962400000,0.985,1.011,0.977,1.01,2547236.32,1761966000000,2529911.01754,9016,2025-11-01 02:00:00+00:00
1761966000000,1.01,1.039,1.004,1.014,5114071.16,1761969600000,5198832.37868,13165,2025-11-01 03:00:00+00:00
1761969600000,1.014,1.017,1.001,1.005,1611599.84,1761973200000,1623448.28719,5611,2025-11-01 04:00:00+00:00
1761973200000,1.005,1.012,0.994,1.001,2511076.34,1761976800000,2517567.38985,6850,2025-11-01 05:00:00+00:00
1761976800000,1.0,1.003,0.976,0.986,9722912.32,1761980400000,9587703.12342,15553,2025-11-01 06:00:00+00:00
1761980400000,0.986,0.99,0.979,0.985,2920887.16,1761984000000,2876210.96853,6976,2025-11-01 07:00:00+00:00
1761984000000,0.984,0.986,0.969,0.985,4715846.16,1761987600000,4612126.54368,8749,2025-11-01 08:00:00+00:00
1761987600000,0.985,0.99,0.968,0.978,4702039.51,1761991200000,4592535.49292,12103,2025-11-01 09:00:00+00:00
1761991200000,0.977,0.981,0.974,0.978,1819487.97,1761994800000,1780188.25315,4828,2025-11-01 10:00:00+00:00
1761994800000,0.979,0.985,0.976,0.98,1104290.98,1761998400000,1083080.29938,4175,2025-11-01 11:00:00+00:00
1761998400000,0.981,0.988,0.979,0.98,1928703.61,1762002000000,1897031.34495,5403,2025-11-01 12:00:00+00:00
1762002000000,0.98,0.984,0.97,0.976,3248533.96,1762005600000,3177289.05883,11728,2025-11-01 13:00:00+00:00
1762005600000,0.976,0.979,0.965,0.971,2357174.28,1762009200000,2286640.60566,9603,2025-11-01 14:00:00+00:00
1762009200000,0.971,0.988,0.97,0.977,2202033.61,1762012800000,2155317.17547,8774,2025-11-01 15:00:00+00:00
1762012800000,0.976,0.984,0.971,0.979,2029098.66,1762016400000,1983611.12816,6217,2025-11-01 16:00:00+00:00
1762016400000,0.979,0.98,0.967,0.971,3430431.09,1762020000000,3334418.91741,6434,2025-11-01 17:00:00+00:00
1762020000000,0.971,0.974,0.962,0.973,1677140.93,1762023600000,1624274.73679,4837,2025-11-01 18:00:00+00:00
1762023600000,0.972,0.973,0.955,0.964,4573865.83,1762027200000,4400853.45627,8572,2025-11-01 19:00:00+00:00
1762027200000,0.964,0.973,0.959,0.962,1596254.35,1762030800000,1540203.84818,4843,2025-11-01 20:00:00+00:00
1762030800000,0.961,0.963,0.952,0.953,1386246.19,1762034400000,1327471.4966,5536,2025-11-01 21:00:00+00:00
1762034400000,0.953,0.965,0.952,0.965,1488500.89,1762038000000,1425089.68461,4448,2025-11-01 22:00:00+00:00
1762038000000,0.964,0.967,0.96,0.966,897203.43,1762041600000,864827.61508,2405,2025-11-01 23:00:00+00:00
1762041600000,0.966,0.967,0.956,0.958,1224727.68,1762045200000,1174213.4321,3169,2025-11-02 00:00:00+00:00
1762045200000,0.957,0.965,0.956,0.961,1164068.53,1762048800000,1118435.42228,3161,2025-11-02 01:00:00+00:00
1762048800000,0.96,0.972,0.958,0.964,1550318.11,1762052400000,1497929.71655,4454,2025-11-02 02:00:00+00:00
1762052400000,0.965,0.965,0.953,0.954,2586083.7,1762056000000,2479421.54135,4917,2025-11-02 03:00:00+00:00
1762056000000,0.955,0.969,0.952,0.967,3079490.44,1762059600000,2962543.21489,6794,2025-11-02 04:00:00+00:00
1762059600000,0.966,0.967,0.953,0.961,2270319.07,1762063200000,2173538.36933,5256,2025-11-02 05:00:00+00:00
1762063200000,0.961,0.966,0.956,0.963,1654505.02,1762066800000,1589627.36884,4550,2025-11-02 06:00:00+00:00
1762066800000,0.963,0.972,0.958,0.968,1866001.75,1762070400000,1799101.69938,4482,2025-11-02 07:00:00+00:00
1762070400000,0.968,0.97,0.956,0.958,1391948.5,1762074000000,1339980.17378,3584,2025-11-02 08:00:00+00:00
1762074000000,0.959,0.961,0.934,0.942,5113826.65,1762077600000,4829100.5427,9833,2025-11-02 09:00:00+00:00
1762077600000,0.942,0.948,0.922,0.927,4595807.34,1762081200000,4282225.80292,10131,2025-11-02 10:00:00+00:00
1762081200000,0.928,0.946,0.926,0.946,2417217.85,1762084800000,2264180.77844,5960,2025-11-02 11:00:00+00:00
1762084800000,0.946,0.949,0.937,0.939,2007258.3,1762088400000,1892012.74556,5474,2025-11-02 12:00:00+00:00
1762088400000,0.94,0.942,0.923,0.927,4175472.39,1762092000000,3888085.38724,10772,2025-11-02 13:00:00+00:00
1762092000000,0.928,1.25,0.906,1.202,182018916.22,1762095600000,203707006.39619,461963,2025-11-02 14:00:00+00:00
1762095600000,1.202,1.285,1.136,1.263,101716149.3,1762099200000,122965353.10633,249116,2025-11-02 15:00:00+00:00
1762099200000,1.262,1.269,1.144,1.18,74995134.82,1762102800000,89988081.7051,199379,2025-11-02 16:00:00+00:00
1762102800000,1.179,1.253,1.149,1.213,45389105.29,1762106400000,54550212.31561,117838,2025-11-02 17:00:00+00:00
1762106400000,1.213,1.233,1.189,1.226,22483185.01,1762110000000,27275015.68683,63743,2025-11-02 18:00:00+00:00
1762110000000,1.226,1.23,1.169,1.175,19584889.56,1762113600000,23428450.04589,51759,2025-11-02 19:00:00+00:00
1762113600000,1.175,1.207,1.156,1.166,13747118.01,1762117200000,16293304.54362,38258,2025-11-02 20:00:00+00:00
1762117200000,1.166,1.185,1.153,1.178,9920709.43,1762120800000,11592777.5191,26228,2025-11-02 21:00:00+00:00
1762120800000,1.177,1.208,1.167,1.207,11125600.23,1762124400000,13195217.91011,26102,2025-11-02 22:00:00+00:00
1762124400000,1.207,1.239,1.198,1.227,15412665.18,1762128000000,18871422.38905,35508,2025-11-02 23:00:00+00:00
1762128000000,1.226,1.26,1.189,1.193,16850931.08,1762131600000,20627925.6528,40622,2025-11-03 00:00:00+00:00
1762131600000,1.193,1.208,1.153,1.173,19911380.82,1762135200000,23564017.42534,42821,2025-11-03 01:00:00+00:00
1762135200000,1.173,1.178,1.091,1.12,38897964.03,1762138800000,43899394.32124,81757,2025-11-03 02:00:00+00:00
1762138800000,1.12,1.126,1.062,1.067,30503018.47,1762142400000,33123650.42286,55066,2025-11-03 03:00:00+00:00
1762142400000,1.067,1.072,1.045,1.067,25968502.33,1762146000000,27477353.67932,38609,2025-11-03 04:00:00+00:00
1762146000000,1.066,1.097,1.019,1.065,36012842.58,1762149600000,38170020.19008,57766,2025-11-03 05:00:00+00:00
1762149600000,1.064,1.09,1.046,1.078,21126968.24,1762153200000,22514169.29832,29836,2025-11-03 06:00:00+00:00
1762153200000,1.078,1.087,1.064,1.075,12634531.6,1762156800000,13588010.72644,20374,2025-11-03 07:00:00+00:00
1762156800000,1.075,1.076,1.032,1.05,14599182.04,1762160400000,15343685.66674,25220,2025-11-03 08:00:00+00:00
1762160400000,1.05,1.063,0.986,0.987,26606649.8,1762164000000,27127347.5688,41948,2025-11-03 09:00:00+00:00
1762164000000,0.987,1.014,0.948,0.991,24304498.87,1762167600000,23997206.46186,41819,2025-11-03 10:00:00+00:00
1762167600000,0.992,1.013,0.985,1.001,14975348.34,1762171200000,14982610.47735,43209,2025-11-03 11:00:00+00:00
1762171200000,1.001,1.02,0.997,1.001,13353792.52,1762174800000,13467566.43015,25694,2025-11-03 12:00:00+00:00
1762174800000,1.001,1.009,0.984,1.005,11227973.86,1762178400000,11191744.2454,20734,2025-11-03 13:00:00+00:00
1762178400000,1.005,1.013,0.975,0.996,12555493.28,1762182000000,12461224.09373,44068,2025-11-03 14:00:00+00:00
1762182000000,0.997,0.998,0.888,0.942,69308031.63,1762185600000,65113068.67863,119035,2025-11-03 15:00:00+00:00
1762185600000,0.942,0.974,0.928,0.964,21684231.7,1762189200000,20684003.57248,50888,2025-11-03 16:00:00+00:00
1762189200000,0.964,0.985,0.958,0.972,13228717.88,1762192800000,12843777.48613,30226,2025-11-03 17:00:00+00:00
1762192800000,0.973,0.979,0.955,0.957,6091450.96,1762196400000,5885323.80439,18312,2025-11-03 18:00:00+00:00
1762196400000,0.958,0.96,0.939,0.948,11632009.16,1762200000000,11025963.68692,21092,2025-11-03 19:00:00+00:00
1762200000000,0.948,0.951,0.919,0.921,12526096.94,1762203600000,11687251.57226,24909,2025-11-03 20:00:00+00:00
1762203600000,0.92,0.935,0.9,0.928,15888978.78,1762207200000,14589328.0343,30737,2025-11-03 21:00:00+00:00
1762207200000,0.927,0.928,0.846,0.876,18400444.11,1762210800000,16437773.86779,35511,2025-11-03 22:00:00+00:00
1762210800000,0.876,0.921,0.864,0.913,11543457.54,1762214400000,10385390.54797,26964,2025-11-03 23:00:00+00:00
1762214400000,0.914,0.928,0.891,0.914,13999405.64,1762218000000,12730121.44456,29050,2025-11-04 00:00:00+00:00
1762218000000,0.915,0.929,0.908,0.924,10297428.22,1762221600000,9475275.67918,21010,2025-11-04 01:00:00+00:00
1762221600000,0.923,0.933,0.912,0.914,7980886.27,1762225200000,7364725.36626,16781,2025-11-04 02:00:00+00:00
1762225200000,0.915,0.934,0.912,0.922,6953736.79,1762228800000,6421902.28839,16047,2025-11-04 03:00:00+00:00
1762228800000,0.922,0.924,0.893,0.895,9085456.59,1762232400000,8252003.55978,16100,2025-11-04 04:00:00+00:00
1762232400000,0.895,0.907,0.817,0.822,33105707.46,1762236000000,28277681.36323,54860,2025-11-04 05:00:00+00:00
1762236000000,0.823,0.866,0.818,0.846,22129016.23,1762239600000,18674904.91138,38339,2025-11-04 06:00:00+00:00
1762239600000,0.846,0.856,0.829,0.838,22180839.7,1762243200000,18668335.33737,32402,2025-11-04 07:00:00+00:00
1762243200000,0.838,0.895,0.824,0.88,49711346.54,1762246800000,43105362.05074,77552,2025-11-04 08:00:00+00:00
1762246800000,0.881,0.919,0.877,0.913,25532548.21,1762250400000,22943716.13683,44678,2025-11-04 09:00:00+00:00
1762250400000,0.913,0.943,0.907,0.93,24500043.06,1762254000000,22611831.28758,41815,2025-11-04 10:00:00+00:00
1762254000000,0.93,0.971,0.904,0.938,42124662.37,1762257600000,39578455.38008,72645,2025-11-04 11:00:00+00:00
1762257600000,0.939,0.94,0.913,0.922,16155723.95,1762261200000,14925283.16223,35344,2025-11-04 12:00:00+00:00
1762261200000,0.922,0.931,0.904,0.923,11545905.74,1762264800000,10626977.91147,30004,2025-11-04 13:00:00+00:00
1762264800000,0.922,0.943,0.891,0.935,20000811.45,1762268400000,18409289.61372,47167,2025-11-04 14:00:00+00:00
1762268400000,0.935,0.942,0.896,0.898,15742616.6,1762272000000,14410801.29709,41722,2025-11-04 15:00:00+00:00
1762272000000,0.898,0.92,0.892,0.9,10188923.0,1762275600000,9208736.93838,34682,2025-11-04 16:00:00+00:00
1762275600000,0.899,0.922,0.87,0.919,24058571.63,1762279200000,21598580.40749,56932,2025-11-04 17:00:00+00:00
1762279200000,0.919,0.957,0.894,0.957,24838156.64,1762282800000,22947020.89087,62856,2025-11-04 18:00:00+00:00
1762282800000,0.956,0.969,0.938,0.952,20003310.37,1762286400000,19073387.48152,51949,2025-11-04 19:00:00+00:00
1762286400000,0.952,0.958,0.887,0.937,27684130.63,1762290000000,25607728.1494,71735,2025-11-04 20:00:00+00:00
1762290000000,0.937,0.946,0.904,0.946,23138875.13,1762293600000,21351212.13977,60970,2025-11-04 21:00:00+00:00
1762293600000,0.945,1.0,0.936,0.977,27213818.2,1762297200000,26512444.206,59611,2025-11-04 22:00:00+00:00
1762297200000,0.977,0.994,0.964,0.974,14916438.19,1762300800000,14592808.91783,34716,2025-11-04 23:00:00+00:00
1762300800000,0.975,0.994,0.964,0.98,14161588.56,1762304400000,13835823.63326,32497,2025-11-05 00:00:00+00:00
1762304400000,0.98,0.984,0.931,0.966,23181020.56,1762308000000,22109090.16455,60337,2025-11-05 01:00:00+00:00
1762308000000,0.967,1.007,0.966,1.002,22368892.4,1762311600000,22134935.50229,50708,2025-11-05 02:00:00+00:00
1762311600000,1.002,1.072,0.991,1.039,28650616.75,1762315200000,29890568.09808,74497,2025-11-05 03:00:00+00:00
1762315200000,1.039,1.045,1.009,1.015,16300095.87,1762318800000,16742628.12098,40314,2025-11-05 04:00:00+00:00
1762318800000,1.014,1.046,1.008,1.043,10189973.55,1762322400000,10479431.05617,27388,2025-11-05 05:00:00+00:00
1762322400000,1.042,1.046,0.994,1.028,23385007.34,1762326000000,23672849.84454,46472,2025-11-05 06:00:00+00:00
1762326000000,1.027,1.066,1.016,1.06,15609215.48,1762329600000,16234648.50747,33422,2025-11-05 07:00:00+00:00
1762329600000,1.059,1.059,1.002,1.018,18974091.77,1762333200000,19469474.90875,45649,2025-11-05 08:00:00+00:00
1762333200000,1.018,1.05,1.014,1.029,13119253.52,1762336800000,13532627.62315,31177,2025-11-05 09:00:00+00:00
1762336800000,1.029,1.03,0.996,0.997,11870031.52,1762340400000,11969599.68228,26886,2025-11-05 10:00:00+00:00
1762340400000,0.997,1.036,0.996,1.036,8479813.81,1762344000000,8572953.73827,23716,2025-11-05 11:00:00+00:00
1762344000000,1.035,1.068,1.032,1.05,17784223.73,1762347600000,18639953.44576,49755,2025-11-05 12:00:00+00:00
1762347600000,1.049,1.066,1.014,1.028,20141201.33,1762351200000,20943105.99338,44239,2025-11-05 13:00:00+00:00
1762351200000,1.028,1.054,1.014,1.039,13177938.66,1762354800000,13606093.7579,40242,2025-11-05 14:00:00+00:00
1762354800000,1.039,1.097,1.034,1.085,28965582.44,1762358400000,31055238.58516,53526,2025-11-05 15:00:00+00:00
1762358400000,1.086,1.104,1.049,1.104,22669117.11,1762362000000,24472568.92592,46810,2025-11-05 16:00:00+00:00
1762362000000,1.103,1.112,1.05,1.083,17767850.2,1762365600000,19190792.88971,35308,2025-11-05 17:00:00+00:00
1762365600000,1.082,1.127,1.077,1.097,15649911.01,1762369200000,17334168.43651,40333,2025-11-05 18:00:00+00:00
1762369200000,1.097,1.108,1.07,1.074,10890511.32,1762372800000,11844886.47533,29737,2025-11-05 19:00:00+00:00
1762372800000,1.074,1.082,1.056,1.066,10128779.0,1762376400000,10835575.35689,19950,2025-11-05 20:00:00+00:00
1762376400000,1.066,1.067,1.043,1.05,9037943.7,1762380000000,9531099.12425,19190,2025-11-05 21:00:00+00:00
1762380000000,1.051,1.09,1.05,1.086,9658726.16,1762383600000,10319845.36282,22077,2025-11-05 22:00:00+00:00
1762383600000,1.086,1.086,1.067,1.071,5104542.76,1762387200000,5494327.97042,13598,2025-11-05 23:00:00+00:00
1762387200000,1.071,1.082,1.052,1.08,6947604.27,1762390800000,7403440.0714,16809,2025-11-06 00:00:00+00:00
1762390800000,1.081,1.098,1.044,1.097,15165239.99,1762394400000,16123753.63931,31633,2025-11-06 01:00:00+00:00
1762394400000,1.097,1.133,1.07,1.128,17860218.97,1762398000000,19633312.62328,39102,2025-11-06 02:00:00+00:00
1762398000000,1.127,1.168,1.119,1.167,23572273.77,1762401600000,26874366.48847,51847,2025-11-06 03:00:00+00:00
1762401600000,1.167,1.172,1.132,1.134,15319508.18,1762405200000,17606416.13767,39544,2025-11-06 04:00:00+00:00
1762405200000,1.133,1.142,1.084,1.093,17608413.87,1762408800000,19400427.24192,38715,2025-11-06 05:00:00+00:00
1762408800000,1.094,1.109,1.084,1.092,10300351.61,1762412400000,11275319.95602,20015,2025-11-06 06:00:00+00:00
1762412400000,1.091,1.099,1.075,1.086,11092231.68,1762416000000,12060051.81079,21555,2025-11-06 07:00:00+00:00
1762416000000,1.085,1.09,1.058,1.071,8629726.55,1762419600000,9241667.81544,19651,2025-11-06 08:00:00+00:00
1762419600000,1.072,1.076,1.06,1.063,4612045.08,1762423200000,4926208.79819,11925,2025-11-06 09:00:00+00:00
1762423200000,1.063,1.111,1.053,1.086,11687708.25,1762426800000,12606639.06091,25787,2025-11-06 10:00:00+00:00
1762426800000,1.085,1.095,1.064,1.074,10097737.98,1762430400000,10906535.09773,21786,2025-11-06 11:00:00+00:00
1762430400000,1.075,1.077,1.05,1.053,9120921.98,1762434000000,9684615.40097,19112,2025-11-06 12:00:00+00:00
1762434000000,1.053,1.08,1.045,1.049,12608418.37,1762437600000,13384863.21711,26226,2025-11-06 13:00:00+00:00
1762437600000,1.05,1.059,1.025,1.035,16320591.26,1762441200000,16963322.55291,33453,2025-11-06 14:00:00+00:00
1762441200000,1.035,1.056,1.01,1.016,17827793.79,1762444800000,18334093.94358,37660,2025-11-06 15:00:00+00:00
1762444800000,1.016,1.024,0.967,0.997,23017599.85,1762448400000,23120186.34293,43348,2025-11-06 16:00:00+00:00
1762448400000,0.998,1.023,0.991,1.02,15266240.41,1762452000000,15328226.66289,31036,2025-11-06 17:00:00+00:00
1762452000000,1.02,1.026,0.998,1.012,8281146.39,1762455600000,8374334.23293,19136,2025-11-06 18:00:00+00:00
1762455600000,1.012,1.013,0.991,1.002,5245733.74,1762459200000,5256962.10186,13600,2025-11-06 19:00:00+00:00
1762459200000,1.002,1.006,0.985,1.001,5659121.05,1762462800000,5630745.59433,14416,2025-11-06 20:00:00+00:00
1762462800000,1.001,1.018,0.994,1.016,4044104.63,1762466400000,4069570.53231,9584,2025-11-06 21:00:00+00:00
1762466400000,1.016,1.046,1.006,1.016,10260594.84,1762470000000,10518734.18197,21607,2025-11-06 22:00:00+00:00
1762470000000,1.016,1.018,1.001,1.018,3939978.0,1762473600000,3974101.4296,9565,2025-11-06 23:00:00+00:00
1762473600000,1.017,1.042,1.012,1.038,7931455.47,1762477200000,8154961.03744,18073,2025-11-07 00:00:00+00:00
1762477200000,1.038,1.043,1.001,1.016,9559633.84,1762480800000,9725752.23924,22597,2025-11-07 01:00:00+00:00
1762480800000,1.016,1.026,1.003,1.024,4662997.8,1762484400000,4729491.16037,12685,2025-11-07 02:00:00+00:00
1762484400000,1.023,1.038,1.013,1.015,6981914.06,1762488000000,7151298.58889,15521,2025-11-07 03:00:00+00:00
1762488000000,1.015,1.02,1.007,1.019,4436710.91,1762491600000,4495015.30953,10284,2025-11-07 04:00:00+00:00
1762491600000,1.019,1.036,1.018,1.036,6134020.01,1762495200000,6306124.671,13764,2025-11-07 05:00:00+00:00
1762495200000,1.036,1.044,1.025,1.032,4929747.12,1762498800000,5095670.37277,10468,2025-11-07 06:00:00+00:00
1762498800000,1.032,1.065,1.032,1.059,14088759.58,1762502400000,14785502.20498,21480,2025-11-07 07:00:00+00:00
1762502400000,1.059,1.063,1.035,1.038,6533146.97,1762506000000,6864403.23201,12822,2025-11-07 08:00:00+00:00
1762506000000,1.038,1.04,1.006,1.013,6322535.57,1762509600000,6444098.90457,15242,2025-11-07 09:00:00+00:00
1762509600000,1.013,1.02,1.0,1.004,7788376.8,1762513200000,7841390.80695,21123,2025-11-07 10:00:00+00:00
1762513200000,1.004,1.009,0.973,1.003,17795705.5,1762516800000,17624456.31569,34445,2025-11-07 11:00:00+00:00
1762516800000,1.003,1.011,0.993,1.001,6941677.02,1762520400000,6946520.61854,15492,2025-11-07 12:00:00+00:00
1762520400000,1.001,1.03,1.0,1.016,8539259.35,1762524000000,8693921.36862,19442,2025-11-07 13:00:00+00:00
1762524000000,1.015,1.057,1.006,1.051,11791829.12,1762527600000,12159315.5434,30296,2025-11-07 14:00:00+00:00
1762527600000,1.051,1.066,1.037,1.049,15044344.88,1762531200000,15817769.22588,37455,2025-11-07 15:00:00+00:00
1762531200000,1.049,1.096,1.043,1.076,16047402.52,1762534800000,17206589.25919,36797,2025-11-07 16:00:00+00:00
1762534800000,1.076,1.12,1.072,1.097,16964156.53,1762538400000,18707997.5089,40777,2025-11-07 17:00:00+00:00
1762538400000,1.097,1.11,1.088,1.095,6948699.29,1762542000000,7643356.30373,21545,2025-11-07 18:00:00+00:00
1762542000000,1.095,1.12,1.094,1.108,7827505.91,1762545600000,8665661.29482,21539,2025-11-07 19:00:00+00:00
1762545600000,1.109,1.157,1.103,1.132,18426296.15,1762549200000,20892091.53387,49028,2025-11-07 20:00:00+00:00
1762549200000,1.131,1.164,1.125,1.15,9317561.69,1762552800000,10665942.34506,22599,2025-11-07 21:00:00+00:00
1762552800000,1.151,1.168,1.135,1.156,9030600.38,1762556400000,10387978.926,22000,2025-11-07 22:00:00+00:00
1762556400000,1.157,1.166,1.127,1.141,8676130.79,1762560000000,9925771.78186,33020,2025-11-07 23:00:00+00:00
1762560000000,1.141,1.153,1.095,1.096,11967101.38,1762563600000,13447587.82838,34076,2025-11-08 00:00:00+00:00
1762563600000,1.096,1.122,1.091,1.109,5734460.41,1762567200000,6360063.45932,14629,2025-11-08 01:00:00+00:00
1762567200000,1.109,1.129,1.084,1.087,9433474.97,1762570800000,10474974.99996,22414,2025-11-08 02:00:00+00:00
1762570800000,1.087,1.097,1.066,1.07,8430406.48,1762574400000,9121191.28085,16531,2025-11-08 03:00:00+00:00
1762574400000,1.07,1.09,1.065,1.066,5590074.89,1762578000000,6029607.29699,13285,2025-11-08 04:00:00+00:00
1762578000000,1.065,1.075,1.049,1.058,5707171.94,1762581600000,6055835.57536,19879,2025-11-08 05:00:00+00:00
1762581600000,1.058,1.06,1.046,1.05,5235614.09,1762585200000,5504777.04652,14292,2025-11-08 06:00:00+00:00
1762585200000,1.05,1.054,1.03,1.047,6527071.07,1762588800000,6806784.77,15168,2025-11-08 07:00:00+00:00
1762588800000,1.047,1.062,1.026,1.047,8734575.24,1762592400000,9133351.51421,21000,2025-11-08 08:00:00+00:00
1762592400000,1.047,1.057,1.038,1.046,3834806.82,1762596000000,4012520.65173,12632,2025-11-08 09:00:00+00:00
1762596000000,1.045,1.062,1.044,1.059,3731455.84,1762599600000,3933204.18644,11128,2025-11-08 10:00:00+00:00
1762599600000,1.059,1.068,1.04,1.045,5955063.91,1762603200000,6269403.97691,15382,2025-11-08 11:00:00+00:00
1762603200000,1.044,1.054,1.038,1.051,4826130.58,1762606800000,5045539.43907,9469,2025-11-08 12:00:00+00:00
1762606800000,1.051,1.057,1.041,1.044,3691202.05,1762610400000,3869109.74287,10434,2025-11-08 13:00:00+00:00
1762610400000,1.044,1.048,1.026,1.041,7765308.58,1762614000000,8052929.49015,16544,2025-11-08 14:00:00+00:00
1762614000000,1.041,1.044,1.022,1.029,6969196.13,1762617600000,7171567.12399,14024,2025-11-08 15:00:00+00:00
1762617600000,1.029,1.033,1.008,1.03,11735909.49,1762621200000,11981592.33193,17621,2025-11-08 16:00:00+00:00
1762621200000,1.029,1.042,1.025,1.039,3053249.92,1762624800000,3161855.53234,7222,2025-11-08 17:00:00+00:00
1762624800000,1.039,1.044,1.033,1.038,3044623.41,1762628400000,3160735.28242,6490,2025-11-08 18:00:00+00:00
1762628400000,1.038,1.042,1.018,1.027,4304073.45,1762632000000,4427471.16221,8588,2025-11-08 19:00:00+00:00
1762632000000,1.027,1.032,1.023,1.03,1327596.9,1762635600000,1364344.82497,4371,2025-11-08 20:00:00+00:00
1762635600000,1.03,1.044,1.023,1.042,3362794.14,1762639200000,3483730.59512,6995,2025-11-08 21:00:00+00:00
1762639200000,1.041,1.054,1.032,1.05,2377308.64,1762642800000,2477497.04724,6037,2025-11-08 22:00:00+00:00
1762642800000,1.05,1.051,1.038,1.04,1815607.08,1762646400000,1895393.58964,4083,2025-11-08 23:00:00+00:00
1762646400000,1.04,1.042,1.019,1.024,3994411.41,1762650000000,4114761.4882,7765,2025-11-09 00:00:00+00:00
1762650000000,1.024,1.039,1.019,1.037,2590598.06,1762653600000,2669393.04972,6080,2025-11-09 01:00:00+00:00
1762653600000,1.037,1.04,1.014,1.019,4025784.84,1762657200000,4138774.35053,8466,2025-11-09 02:00:00+00:00
1762657200000,1.019,1.026,1.009,1.026,3800135.29,1762660800000,3865944.01819,9230,2025-11-09 03:00:00+00:00
1762660800000,1.025,1.036,1.022,1.026,3668217.25,1762664400000,3770798.67565,7666,2025-11-09 04:00:00+00:00
1762664400000,1.025,1.037,1.023,1.036,2939959.56,1762668000000,3033637.88713,5970,2025-11-09 05:00:00+00:00
1762668000000,1.036,1.047,1.034,1.044,4682848.33,1762671600000,4881554.57413,7903,2025-11-09 06:00:00+00:00
1762671600000,1.044,1.052,1.037,1.048,3701173.1,1762675200000,3868065.24014,7723,2025-11-09 07:00:00+00:00
1762675200000,1.047,1.052,1.038,1.05,3519963.66,1762678800000,3680408.17312,7417,2025-11-09 08:00:00+00:00
1762678800000,1.05,1.083,1.05,1.068,7582055.71,1762682400000,8079906.28655,17982,2025-11-09 09:00:00+00:00
1762682400000,1.068,1.094,1.056,1.085,9104191.82,1762686000000,9810895.07064,23960,2025-11-09 10:00:00+00:00
1762686000000,1.086,1.094,1.073,1.082,5816597.35,1762689600000,6315728.56877,13863,2025-11-09 11:00:00+00:00
1762689600000,1.083,1.092,1.076,1.077,5054228.21,1762693200000,5478562.03354,12360,2025-11-09 12:00:00+00:00
1762693200000,1.078,1.126,1.073,1.113,14305560.4,1762696800000,15813424.52293,32469,2025-11-09 13:00:00+00:00
1762696800000,1.112,1.13,1.091,1.098,13116450.83,1762700400000,14541683.99225,33433,2025-11-09 14:00:00+00:00
1762700400000,1.098,1.117,1.095,1.1,8989999.81,1762704000000,9928748.65022,20861,2025-11-09 15:00:00+00:00
1762704000000,1.099,1.114,1.096,1.111,5191149.04,1762707600000,5731617.02907,11326,2025-11-09 16:00:00+00:00
1762707600000,1.111,1.117,1.096,1.112,2748149.88,1762711200000,3037523.68497,8367,2025-11-09 17:00:00+00:00
1762711200000,1.112,1.119,1.1,1.117,3128016.6,1762714800000,3470904.92371,9469,2025-11-09 18:00:00+00:00
1762714800000,1.116,1.124,1.107,1.117,4377443.17,1762718400000,4882198.9651,12360,2025-11-09 19:00:00+00:00
1762718400000,1.117,1.124,1.106,1.112,3174505.98,1762722000000,3534421.13011,8687,2025-11-09 20:00:00+00:00
1762722000000,1.111,1.111,1.09,1.093,4405858.43,1762725600000,4834720.52155,10021,2025-11-09 21:00:00+00:00
1762725600000,1.093,1.102,1.09,1.098,3215700.08,1762729200000,3521629.13985,6192,2025-11-09 22:00:00+00:00
1762729200000,1.098,1.108,1.09,1.102,4791926.23,1762732800000,5260612.73402,9989,2025-11-09 23:00:00+00:00
1762732800000,1.102,1.134,1.097,1.119,14023958.06,1762736400000,15660303.49292,33588,2025-11-10 00:00:00+00:00
1762736400000,1.119,1.145,1.109,1.14,9619574.59,1762740000000,10831908.47683,24919,2025-11-10 01:00:00+00:00
1762740000000,1.14,1.153,1.125,1.146,9676230.01,1762743600000,11025265.49894,26524,2025-11-10 02:00:00+00:00
1762743600000,1.146,1.159,1.127,1.132,9034233.55,1762747200000,10352174.21657,20336,2025-11-10 03:00:00+00:00
1762747200000,1.133,1.155,1.127,1.146,7789457.81,1762750800000,8869905.60724,23601,2025-11-10 04:00:00+00:00
1762750800000,1.146,1.173,1.138,1.14,11253611.12,1762754400000,12996979.62568,27471,2025-11-10 05:00:00+00:00
1762754400000,1.141,1.144,1.122,1.131,7893746.27,1762758000000,8931403.61402,18739,2025-11-10 06:00:00+00:00
1762758000000,1.131,1.145,1.124,1.133,5218328.44,1762761600000,5917723.84266,13008,2025-11-10 07:00:00+00:00
1762761600000,1.133,1.139,1.108,1.115,9205306.84,1762765200000,10332603.20934,19051,2025-11-10 08:00:00+00:00
1762765200000,1.116,1.143,1.115,1.139,5921015.96,1762768800000,6685314.21103,13515,2025-11-10 09:00:00+00:00
1762768800000,1.139,1.145,1.117,1.121,5440064.24,1762772400000,6160284.33566,13020,2025-11-10 10:00:00+00:00
1762772400000,1.12,1.129,1.111,1.113,4337747.38,1762776000000,4859968.40769,9046,2025-11-10 11:00:00+00:00
1762776000000,1.113,1.114,1.092,1.102,7892845.72,1762779600000,8721322.45364,15320,2025-11-10 12:00:00+00:00
1762779600000,1.102,1.128,1.102,1.116,7457291.97,1762783200000,8349435.76915,16100,2025-11-10 13:00:00+00:00
1762783200000,1.117,1.118,1.059,1.073,16954822.91,1762786800000,18395611.23726,32302,2025-11-10 14:00:00+00:00
1762786800000,1.073,1.079,1.051,1.062,9048430.99,1762790400000,9671615.93898,21413,2025-11-10 15:00:00+00:00
1762790400000,1.063,1.074,1.053,1.062,6104037.97,1762794000000,6493075.82178,18876,2025-11-10 16:00:00+00:00
1762794000000,1.062,1.09,1.059,1.083,5896856.41,1762797600000,6342567.16032,15892,2025-11-10 17:00:00+00:00
1762797600000,1.083,1.085,1.071,1.073,3491842.3,1762801200000,3763510.27613,9355,2025-11-10 18:00:00+00:00
1762801200000,1.073,1.08,1.065,1.072,3219795.57,1762804800000,3453122.64715,8183,2025-11-10 19:00:00+00:00
1762804800000,1.073,1.085,1.071,1.079,2196091.23,1762808400000,2369882.1908,6980,2025-11-10 20:00:00+00:00
1762808400000,1.08,1.081,1.061,1.066,3182737.18,1762812000000,3402945.16948,9354,2025-11-10 21:00:00+00:00
1762812000000,1.066,1.096,1.063,1.093,3737983.62,1762815600000,4035106.71241,9846,2025-11-10 22:00:00+00:00
1762815600000,1.094,1.096,1.081,1.088,3686896.39,1762819200000,4016865.45615,9271,2025-11-10 23:00:00+00:00
1762819200000,1.089,1.097,1.073,1.096,3945590.02,1762822800000,4273813.46679,12397,2025-11-11 00:00:00+00:00
1762822800000,1.096,1.123,1.096,1.107,12059174.82,1762826400000,13417486.49063,25286,2025-11-11 01:00:00+00:00
1762826400000,1.107,1.13,1.094,1.118,7333083.15,1762830000000,8178360.82762,21921,2025-11-11 02:00:00+00:00
1762830000000,1.118,1.14,1.115,1.118,5945975.9,1762833600000,6706401.27719,16777,2025-11-11 03:00:00+00:00
1762833600000,1.117,1.124,1.096,1.102,5757456.13,1762837200000,6375083.82527,14260,2025-11-11 04:00:00+00:00
1762837200000,1.101,1.134,1.093,1.103,9104586.93,1762840800000,10104905.17343,25061,2025-11-11 05:00:00+00:00
1762840800000,1.102,1.104,1.068,1.086,9226082.21,1762844400000,10020165.50473,23388,2025-11-11 06:00:00+00:00
1762844400000,1.086,1.09,1.067,1.072,5196391.16,1762848000000,5596341.85232,14961,2025-11-11 07:00:00+00:00
1762848000000,1.072,1.086,1.07,1.081,3291160.31,1762851600000,3553997.04486,10973,2025-11-11 08:00:00+00:00
1762851600000,1.081,1.087,1.063,1.064,4783947.73,1762855200000,5143633.90997,12831,2025-11-11 09:00:00+00:00
1762855200000,1.064,1.078,1.063,1.069,2527273.23,1762858800000,2703634.43476,7781,2025-11-11 10:00:00+00:00
1762858800000,1.069,1.082,1.068,1.076,2271584.11,1762862400000,2442416.22016,6373,2025-11-11 11:00:00+00:00
1762862400000,1.077,1.088,1.061,1.068,4809550.51,1762866000000,5154511.02292,13562,2025-11-11 12:00:00+00:00
1762866000000,1.069,1.079,1.058,1.063,5398693.78,1762869600000,5779207.43209,12759,2025-11-11 13:00:00+00:00
1762869600000,1.062,1.078,1.052,1.075,9494032.8,1762873200000,10080372.59144,19074,2025-11-11 14:00:00+00:00
1762873200000,1.075,1.156,1.067,1.114,45790359.84,1762876800000,51702097.88703,91876,2025-11-11 15:00:00+00:00
1762876800000,1.114,1.12,1.067,1.079,20892326.73,1762880400000,22655534.44774,46518,2025-11-11 16:00:00+00:00
1762880400000,1.08,1.089,1.064,1.075,5302692.83,1762884000000,5706163.8628,20938,2025-11-11 17:00:00+00:00
1762884000000,1.074,1.082,1.067,1.076,3425774.82,1762887600000,3679681.4345,11616,2025-11-11 18:00:00+00:00
1762887600000,1.076,1.096,1.068,1.089,4839954.41,1762891200000,5231526.59316,12960,2025-11-11 19:00:00+00:00
1762891200000,1.088,1.11,1.088,1.099,7489630.26,1762894800000,8232562.30092,21064,2025-11-11 20:00:00+00:00
1762894800000,1.099,1.106,1.08,1.08,5487298.13,1762898400000,6006233.6385,15870,2025-11-11 21:00:00+00:00
1762898400000,1.08,1.105,1.074,1.101,3835344.04,1762902000000,4172644.82059,13186,2025-11-11 22:00:00+00:00
1762902000000,1.101,1.103,1.081,1.083,4442824.04,1762905600000,4855710.95752,12219,2025-11-11 23:00:00+00:00
1762905600000,1.083,1.092,1.076,1.08,4235906.11,1762909200000,4594915.61591,14580,2025-11-12 00:00:00+00:00
1762909200000,1.079,1.111,1.078,1.108,4700741.96,1762912800000,5161081.31875,16692,2025-11-12 01:00:00+00:00
1762912800000,1.108,1.123,1.101,1.107,6101028.63,1762916400000,6786967.92313,16943,2025-11-12 02:00:00+00:00
1762916400000,1.107,1.131,1.101,1.119,5889032.85,1762920000000,6578705.81745,14528,2025-11-12 03:00:00+00:00
1762920000000,1.12,1.142,1.114,1.138,6679948.69,1762923600000,7558021.79199,19361,2025-11-12 04:00:00+00:00
1762923600000,1.138,1.153,1.129,1.144,11600327.38,1762927200000,13275967.84375,29143,2025-11-12 05:00:00+00:00
1762927200000,1.145,1.161,1.128,1.136,15222616.04,1762930800000,17419336.18734,52021,2025-11-12 06:00:00+00:00
1762930800000,1.136,1.143,1.114,1.115,6759211.86,1762934400000,7621854.83159,18659,2025-11-12 07:00:00+00:00
1762934400000,1.116,1.184,1.116,1.161,15629998.8,1762938000000,18077155.51912,37958,2025-11-12 08:00:00+00:00
1762938000000,1.162,1.174,1.148,1.161,10169448.36,1762941600000,11797124.45611,28568,2025-11-12 09:00:00+00:00
1762941600000,1.16,1.2,1.153,1.197,9540216.98,1762945200000,11232258.15029,24585,2025-11-12 10:00:00+00:00
1762945200000,1.196,1.215,1.178,1.187,13067086.87,1762948800000,15620373.05537,31876,2025-11-12 11:00:00+00:00
1762948800000,1.187,1.198,1.158,1.171,9931558.59,1762952400000,11667692.44628,24458,2025-11-12 12:00:00+00:00
1762952400000,1.171,1.203,1.158,1.194,10166706.24,1762956000000,11995501.91306,25275,2025-11-12 13:00:00+00:00
1762956000000,1.193,1.197,1.139,1.155,14834835.66,1762959600000,17310799.16524,35204,2025-11-12 14:00:00+00:00
1762959600000,1.154,1.163,1.115,1.129,22707680.95,1762963200000,25837249.04961,46841,2025-11-12 15:00:00+00:00
1762963200000,1.129,1.137,1.1,1.104,21347028.34,1762966800000,23867388.76407,46414,2025-11-12 16:00:00+00:00
1762966800000,1.105,1.128,1.097,1.121,8004428.65,1762970400000,8898796.63144,23834,2025-11-12 17:00:00+00:00
1762970400000,1.121,1.129,1.109,1.117,5556190.6,1762974000000,6222742.27969,15221,2025-11-12 18:00:00+00:00
1762974000000,1.117,1.117,1.084,1.108,12357958.28,1762977600000,13601868.11068,35212,2025-11-12 19:00:00+00:00
1762977600000,1.108,1.133,1.102,1.121,5955457.7,1762981200000,6663279.64764,18304,2025-11-12 20:00:00+00:00
1762981200000,1.122,1.136,1.114,1.13,8497437.07,1762984800000,9580797.87983,18219,2025-11-12 21:00:00+00:00
1762984800000,1.13,1.131,1.111,1.125,4623490.71,1762988400000,5177598.27687,12720,2025-11-12 22:00:00+00:00
1762988400000,1.124,1.129,1.104,1.112,7103663.96,1762992000000,7903467.74882,13096,2025-11-12 23:00:00+00:00
1762992000000,1.112,1.127,1.104,1.107,5184002.06,1762995600000,5764737.10496,12556,2025-11-13 00:00:00+00:00
1762995600000,1.107,1.139,1.106,1.116,5967388.39,1762999200000,6698378.28589,18246,2025-11-13 01:00:00+00:00
1762999200000,1.115,1.126,1.11,1.114,2308048.72,1763002800000,2578065.4322,8658,2025-11-13 02:00:00+00:00
1763002800000,1.115,1.131,1.093,1.121,6725372.87,1763006400000,7477618.92702,22379,2025-11-13 03:00:00+00:00
1763006400000,1.121,1.122,1.1,1.107,5603385.77,1763010000000,6205784.36614,17215,2025-11-13 04:00:00+00:00
1763010000000,1.107,1.134,1.094,1.122,8652693.45,1763013600000,9630392.39673,19928,2025-11-13 05:00:00+00:00
1763013600000,1.122,1.15,1.116,1.145,4815686.41,1763017200000,5460649.01636,15719,2025-11-13 06:00:00+00:00
1763017200000,1.145,1.151,1.123,1.128,6075139.38,1763020800000,6925323.8567,17429,2025-11-13 07:00:00+00:00
1763020800000,1.128,1.139,1.122,1.126,3389837.73,1763024400000,3830805.38631,10571,2025-11-13 08:00:00+00:00
1763024400000,1.126,1.13,1.105,1.111,6259134.87,1763028000000,6974480.8962,16105,2025-11-13 09:00:00+00:00
1763028000000,1.112,1.133,1.111,1.126,3418134.63,1763031600000,3838077.76511,10261,2025-11-13 10:00:00+00:00
1763031600000,1.125,1.144,1.12,1.128,3374097.12,1763035200000,3819999.22273,11019,2025-11-13 11:00:00+00:00
1763035200000,1.128,1.132,1.111,1.113,4644941.3,1763038800000,5203894.62704,13995,2025-11-13 12:00:00+00:00
1763038800000,1.114,1.121,1.084,1.093,13501927.39,1763042400000,14847768.96916,24833,2025-11-13 13:00:00+00:00
1763042400000,1.093,1.117,1.077,1.109,11697983.37,1763046000000,12785271.59447,30709,2025-11-13 14:00:00+00:00
1763046000000,1.108,1.115,1.07,1.08,8867149.8,1763049600000,9685383.5213,26253,2025-11-13 15:00:00+00:00
1763049600000,1.08,1.083,1.041,1.047,12420118.76,1763053200000,13140273.20948,30257,2025-11-13 16:00:00+00:00
1763053200000,1.047,1.048,1.015,1.023,14291764.61,1763056800000,14712563.93483,33882,2025-11-13 17:00:00+00:00
1763056800000,1.022,1.043,1.013,1.04,11993942.35,1763060400000,12287131.68009,28358,2025-11-13 18:00:00+00:00
1763060400000,1.04,1.063,1.036,1.048,8638971.91,1763064000000,9052629.81628,24276,2025-11-13 19:00:00+00:00
1763064000000,1.049,1.066,1.042,1.058,4524673.72,1763067600000,4754876.48108,19232,2025-11-13 20:00:00+00:00
1763067600000,1.058,1.078,1.055,1.067,6946686.36,1763071200000,7435819.06837,16286,2025-11-13 21:00:00+00:00
1763071200000,1.068,1.079,1.062,1.067,3155139.71,1763074800000,3373884.07968,9899,2025-11-13 22:00:00+00:00
1763074800000,1.067,1.089,1.055,1.071,5444624.51,1763078400000,5842403.78943,14036,2025-11-13 23:00:00+00:00
1763078400000,1.071,1.079,1.06,1.068,6452522.03,1763082000000,6895624.1658,15652,2025-11-14 00:00:00+00:00
1763082000000,1.069,1.074,1.056,1.058,4323395.47,1763085600000,4604432.85692,12289,2025-11-14 01:00:00+00:00
1763085600000,1.059,1.067,1.05,1.054,6138457.33,1763089200000,6489475.77665,20109,2025-11-14 02:00:00+00:00
1763089200000,1.054,1.06,1.032,1.039,6808731.93,1763092800000,7114124.08188,18914,2025-11-14 03:00:00+00:00
1763092800000,1.04,1.042,0.992,1.021,19062218.64,1763096400000,19446481.94299,37112,2025-11-14 04:00:00+00:00
1763096400000,1.02,1.048,1.018,1.04,13954845.57,1763100000000,14465090.66927,33206,2025-11-14 05:00:00+00:00
1763100000000,1.04,1.052,1.022,1.052,9604680.79,1763103600000,9920260.41531,26417,2025-11-14 06:00:00+00:00
1763103600000,1.051,1.061,1.04,1.055,8044574.31,1763107200000,8457260.81895,18318,2025-11-14 07:00:00+00:00
1763107200000,1.055,1.057,1.043,1.052,3298983.65,1763110800000,3462189.95625,9409,2025-11-14 08:00:00+00:00
1763110800000,1.053,1.057,1.023,1.025,5180644.64,1763114400000,5376641.59875,12640,2025-11-14 09:00:00+00:00
1763114400000,1.024,1.041,1.024,1.03,3191928.13,1763118000000,3295082.46234,8168,2025-11-14 10:00:00+00:00
1763118000000,1.03,1.035,1.013,1.029,6541145.98,1763121600000,6694365.23655,13994,2025-11-14 11:00:00+00:00
1763121600000,1.029,1.062,1.018,1.054,18506698.44,1763125200000,19203522.71247,36358,2025-11-14 12:00:00+00:00
1763125200000,1.053,1.072,1.039,1.071,15302763.46,1763128800000,16127235.09939,30347,2025-11-14 13:00:00+00:00
1763128800000,1.071,1.097,1.066,1.092,15169025.87,1763132400000,16429726.15599,39192,2025-11-14 14:00:00+00:00
1763132400000,1.092,1.111,1.074,1.094,14943714.75,1763136000000,16312546.51433,35794,2025-11-14 15:00:00+00:00
1763136000000,1.095,1.12,1.088,1.108,12247903.35,1763139600000,13579640.96498,27390,2025-11-14 16:00:00+00:00
1763139600000,1.108,1.115,1.089,1.091,8913155.6,1763143200000,9821396.6178,20941,2025-11-14 17:00:00+00:00
1763143200000,1.091,1.11,1.083,1.088,9411972.52,1763146800000,10295824.62964,21591,2025-11-14 18:00:00+00:00
1763146800000,1.087,1.11,1.087,1.103,3418165.63,1763150400000,3757312.61491,12165,2025-11-14 19:00:00+00:00
1763150400000,1.103,1.108,1.076,1.094,6619136.55,1763154000000,7205748.55354,16033,2025-11-14 20:00:00+00:00
1763154000000,1.094,1.119,1.092,1.117,4779611.3,1763157600000,5282193.97129,12262,2025-11-14 21:00:00+00:00
1763157600000,1.117,1.123,1.108,1.113,3810795.14,1763161200000,4253627.09494,10524,2025-11-14 22:00:00+00:00
1763161200000,1.112,1.113,1.086,1.105,4233654.58,1763164800000,4651375.28535,14746,2025-11-14 23:00:00+00:00
1763164800000,1.105,1.123,1.104,1.109,4670522.63,1763168400000,5190235.50026,11740,2025-11-15 00:00:00+00:00
1763168400000,1.108,1.126,1.102,1.125,5230871.56,1763172000000,5822411.30728,10306,2025-11-15 01:00:00+00:00
1763172000000,1.125,1.145,1.124,1.139,7256970.96,1763175600000,8244974.47625,16046,2025-11-15 02:00:00+00:00
1763175600000,1.138,1.162,1.128,1.144,11126907.08,1763179200000,12769003.11276,20487,2025-11-15 03:00:00+00:00
1763179200000,1.143,1.148,1.114,1.119,6331641.5,1763182800000,7135041.58727,13179,2025-11-15 04:00:00+00:00
1763182800000,1.119,1.133,1.114,1.133,5866386.79,1763186400000,6580090.00176,9413,2025-11-15 05:00:00+00:00
1763186400000,1.132,1.146,1.129,1.14,5707522.79,1763190000000,6493620.86799,11188,2025-11-15 06:00:00+00:00
1763190000000,1.14,1.153,1.135,1.147,4554931.56,1763193600000,5205710.39351,10683,2025-11-15 07:00:00+00:00
1763193600000,1.148,1.149,1.126,1.132,7581166.83,1763197200000,8594208.0313,14277,2025-11-15 08:00:00+00:00
1763197200000,1.132,1.152,1.118,1.123,6713588.11,1763200800000,7613750.33369,15094,2025-11-15 09:00:00+00:00
1763200800000,1.123,1.132,1.108,1.127,9276964.32,1763204400000,10403559.4488,16545,2025-11-15 10:00:00+00:00
1763204400000,1.127,1.131,1.113,1.122,4680856.64,1763208000000,5247533.70799,9031,2025-11-15 11:00:00+00:00
1763208000000,1.121,1.13,1.116,1.127,2662222.64,1763211600000,2994914.80971,6211,2025-11-15 12:00:00+00:00
1763211600000,1.128,1.142,1.119,1.135,5153073.81,1763215200000,5839784.0478,9814,2025-11-15 13:00:00+00:00
1763215200000,1.135,1.139,1.12,1.126,4591072.73,1763218800000,5182998.48581,8275,2025-11-15 14:00:00+00:00
1763218800000,1.126,1.134,1.118,1.128,3852822.43,1763222400000,4337198.57804,8325,2025-11-15 15:00:00+00:00
1763222400000,1.128,1.132,1.115,1.131,4111173.82,1763226000000,4623108.50092,9805,2025-11-15 16:00:00+00:00
1763226000000,1.131,1.141,1.126,1.141,3907963.14,1763229600000,4425167.50547,10178,2025-11-15 17:00:00+00:00
1763229600000,1.141,1.146,1.128,1.134,3156801.76,1763233200000,3591182.151,8123,2025-11-15 18:00:00+00:00
1763233200000,1.134,1.141,1.13,1.135,1749643.7,1763236800000,1985905.1484,4470,2025-11-15 19:00:00+00:00
1763236800000,1.136,1.141,1.126,1.129,3150487.69,1763240400000,3563237.26449,6363,2025-11-15 20:00:00+00:00
1763240400000,1.128,1.132,1.117,1.122,3288508.96,1763244000000,3691308.17393,7021,2025-11-15 21:00:00+00:00
1763244000000,1.121,1.128,1.12,1.125,1305504.31,1763247600000,1466719.0994,4190,2025-11-15 22:00:00+00:00
1763247600000,1.126,1.133,1.121,1.124,1367094.05,1763251200000,1538333.17049,4380,2025-11-15 23:00:00+00:00
1763251200000,1.124,1.124,1.108,1.116,3403912.08,1763254800000,3799342.17094,8340,2025-11-16 00:00:00+00:00
1763254800000,1.115,1.12,1.11,1.115,2557338.12,1763258400000,2847348.96311,7639,2025-11-16 01:00:00+00:00
1763258400000,1.115,1.164,1.11,1.156,12522958.43,1763262000000,14321477.21021,25100,2025-11-16 02:00:00+00:00
1763262000000,1.155,1.175,1.146,1.17,7685723.27,1763265600000,8927569.15427,16290,2025-11-16 03:00:00+00:00
1763265600000,1.169,1.173,1.156,1.157,3796599.34,1763269200000,4413966.07621,9315,2025-11-16 04:00:00+00:00
1763269200000,1.158,1.174,1.157,1.169,3058795.19,1763272800000,3558677.26486,7628,2025-11-16 05:00:00+00:00
1763272800000,1.17,1.182,1.162,1.164,5412716.74,1763276400000,6360544.77248,12138,2025-11-16 06:00:00+00:00
1763276400000,1.163,1.172,1.154,1.172,2854313.22,1763280000000,3314067.80779,8091,2025-11-16 07:00:00+00:00
1763280000000,1.172,1.188,1.164,1.188,4689776.61,1763283600000,5512148.81441,11739,2025-11-16 08:00:00+00:00
1763283600000,1.188,1.22,1.174,1.218,14276015.45,1763287200000,17118851.10199,27491,2025-11-16 09:00:00+00:00
1763287200000,1.218,1.266,1.212,1.246,23741779.92,1763290800000,29536837.00812,44665,2025-11-16 10:00:00+00:00
1763290800000,1.247,1.254,1.205,1.21,15823432.79,1763294400000,19310772.40084,37758,2025-11-16 11:00:00+00:00
1763294400000,1.209,1.237,1.203,1.229,9668878.78,1763298000000,11822893.62483,24822,2025-11-16 12:00:00+00:00
1763298000000,1.228,1.241,1.205,1.215,13429740.67,1763301600000,16441088.91354,24488,2025-11-16 13:00:00+00:00
1763301600000,1.216,1.24,1.207,1.236,7842154.39,1763305200000,9584714.30824,18205,2025-11-16 14:00:00+00:00
1763305200000,1.237,1.24,1.21,1.213,10059758.64,1763308800000,12315437.56701,19817,2025-11-16 15:00:00+00:00
1763308800000,1.214,1.227,1.184,1.193,25403786.08,1763312400000,30468370.20801,45845,2025-11-16 16:00:00+00:00
1763312400000,1.194,1.2,1.18,1.194,13455335.95,1763316000000,16014417.66395,22896,2025-11-16 17:00:00+00:00
1763316000000,1.194,1.233,1.193,1.215,15804686.25,1763319600000,19233374.76263,31891,2025-11-16 18:00:00+00:00
1763319600000,1.215,1.237,1.214,1.223,5009976.28,1763323200000,6145370.07348,14322,2025-11-16 19:00:00+00:00
1763323200000,1.223,1.267,1.222,1.248,9155247.79,1763326800000,11437947.89391,21819,2025-11-16 20:00:00+00:00
1763326800000,1.248,1.251,1.208,1.216,7697693.79,1763330400000,9447109.92525,19391,2025-11-16 21:00:00+00:00
1763330400000,1.216,1.247,1.199,1.242,8536885.8,1763334000000,10414795.64482,21816,2025-11-16 22:00:00+00:00
1763334000000,1.242,1.286,1.216,1.281,13454588.73,1763337600000,16808658.6621,38675,2025-11-16 23:00:00+00:00
1763337600000,1.28,1.303,1.233,1.262,20409142.27,1763341200000,25962080.36855,51268,2025-11-17 00:00:00+00:00
1763341200000,1.262,1.266,1.234,1.242,9900720.05,1763344800000,12320392.60684,24676,2025-11-17 01:00:00+00:00
1763344800000,1.243,1.244,1.217,1.225,7198925.81,1763348400000,8839899.02364,18227,2025-11-17 02:00:00+00:00
1763348400000,1.224,1.254,1.222,1.243,6273522.96,1763352000000,7802018.32199,17097,2025-11-17 03:00:00+00:00
1763352000000,1.243,1.256,1.229,1.248,4689076.31,1763355600000,5835586.43235,12952,2025-11-17 04:00:00+00:00
1763355600000,1.249,1.256,1.233,1.246,3585732.05,1763359200000,4463927.12123,11599,2025-11-17 05:00:00+00:00
1763359200000,1.245,1.247,1.19,1.214,10158510.31,1763362800000,12253391.43572,23828,2025-11-17 06:00:00+00:00
1763362800000,1.214,1.23,1.201,1.22,5345732.04,1763366400000,6513569.82409,15882,2025-11-17 07:00:00+00:00
1763366400000,1.219,1.26,1.218,1.236,6254370.78,1763370000000,7770232.26859,16981,2025-11-17 08:00:00+00:00
1763370000000,1.237,1.247,1.223,1.242,7129514.04,1763373600000,8814202.95221,16839,2025-11-17 09:00:00+00:00
1763373600000,1.242,1.26,1.233,1.254,5919685.85,1763377200000,7370167.88932,14689,2025-11-17 10:00:00+00:00
1763377200000,1.253,1.283,1.249,1.258,9733218.42,1763380800000,12312687.25217,26589,2025-11-17 11:00:00+00:00
1763380800000,1.258,1.272,1.25,1.257,8335940.68,1763384400000,10533027.19867,21061,2025-11-17 12:00:00+00:00
1763384400000,1.257,1.26,1.199,1.215,16960490.96,1763388000000,20640093.4541,35745,2025-11-17 13:00:00+00:00
1763388000000,1.215,1.272,1.207,1.245,25270575.58,1763391600000,31434731.4003,64129,2025-11-17 14:00:00+00:00
1763391600000,1.246,1.26,1.236,1.252,9848540.81,1763395200000,12294662.16975,38930,2025-11-17 15:00:00+00:00
1763395200000,1.253,1.253,1.227,1.249,12040745.29,1763398800000,14902969.3616,34167,2025-11-17 16:00:00+00:00
1763398800000,1.249,1.251,1.215,1.222,6181509.64,1763402400000,7619784.63537,23449,2025-11-17 17:00:00+00:00
1763402400000,1.221,1.232,1.191,1.204,12445687.61,1763406000000,15021446.92488,31973,2025-11-17 18:00:00+00:00
1763406000000,1.203,1.207,1.14,1.148,19725492.96,1763409600000,23113014.01881,45705,2025-11-17 19:00:00+00:00
1763409600000,1.148,1.175,1.135,1.169,15123159.27,1763413200000,17547160.03806,39384,2025-11-17 20:00:00+00:00
1763413200000,1.168,1.181,1.158,1.178,10784021.76,1763416800000,12623235.46762,42765,2025-11-17 21:00:00+00:00
1763416800000,1.178,1.199,1.169,1.186,5684080.45,1763420400000,6729638.72672,22824,2025-11-17 22:00:00+00:00
1763420400000,1.187,1.192,1.173,1.181,5224352.58,1763424000000,6165927.74112,15538,2025-11-17 23:00:00+00:00
1763424000000,1.18,1.209,1.175,1.207,10488611.41,1763427600000,12510082.28835,28231,2025-11-18 00:00:00+00:00
1763427600000,1.207,1.235,1.201,1.229,8953741.27,1763431200000,10942858.15471,25850,2025-11-18 01:00:00+00:00
1763431200000,1.229,1.244,1.209,1.216,10438666.14,1763434800000,12794127.82682,28216,2025-11-18 02:00:00+00:00
1763434800000,1.216,1.26,1.199,1.252,14703877.0,1763438400000,18079723.64799,42247,2025-11-18 03:00:00+00:00
1763438400000,1.252,1.263,1.23,1.259,10522816.88,1763442000000,13087733.27907,33738,2025-11-18 04:00:00+00:00
1763442000000,1.26,1.274,1.247,1.261,9313872.49,1763445600000,11736307.13991,26153,2025-11-18 05:00:00+00:00
1763445600000,1.26,1.263,1.234,1.243,8376446.35,1763449200000,10421701.95825,19395,2025-11-18 06:00:00+00:00
1763449200000,1.242,1.264,1.235,1.256,7798439.08,1763452800000,9740880.79282,23117,2025-11-18 07:00:00+00:00
1763452800000,1.257,1.326,1.256,1.312,21653029.05,1763456400000,28085157.34365,57264,2025-11-18 08:00:00+00:00
1763456400000,1.311,1.382,1.306,1.371,32196102.7,1763460000000,43321414.94751,68007,2025-11-18 09:00:00+00:00
1763460000000,1.371,1.375,1.322,1.355,22899809.25,1763463600000,30895096.80568,48489,2025-11-18 10:00:00+00:00
1763463600000,1.356,1.37,1.335,1.351,9293369.03,1763467200000,12550521.24826,25887,2025-11-18 11:00:00+00:00
1763467200000,1.35,1.365,1.326,1.348,10794029.61,1763470800000,14532608.41038,35553,2025-11-18 12:00:00+00:00
1763470800000,1.347,1.362,1.335,1.361,9382986.94,1763474400000,12641169.73709,30259,2025-11-18 13:00:00+00:00
1763474400000,1.361,1.369,1.335,1.335,15780195.22,1763478000000,21328439.83755,46740,2025-11-18 14:00:00+00:00
1763478000000,1.335,1.399,1.328,1.37,26150701.84,1763481600000,35868203.89915,66659,2025-11-18 15:00:00+00:00
1763481600000,1.369,1.384,1.332,1.35,17984936.53,1763485200000,24466682.81856,39771,2025-11-18 16:00:00+00:00
1763485200000,1.349,1.358,1.341,1.351,6415812.78,1763488800000,8664216.34358,19728,2025-11-18 17:00:00+00:00
1763488800000,1.351,1.368,1.347,1.356,4202716.45,1763492400000,5708923.89675,14345,2025-11-18 18:00:00+00:00
1763492400000,1.355,1.359,1.347,1.353,2083173.38,1763496000000,2819468.85704,8577,2025-11-18 19:00:00+00:00
1763496000000,1.353,1.371,1.353,1.356,2466911.05,1763499600000,3357867.74591,9696,2025-11-18 20:00:00+00:00
1763499600000,1.355,1.364,1.34,1.34,3534744.91,1763503200000,4777159.14076,11941,2025-11-18 21:00:00+00:00
1763503200000,1.34,1.373,1.34,1.362,4530155.17,1763506800000,6156290.59705,12021,2025-11-18 22:00:00+00:00
1763506800000,1.362,1.39,1.356,1.381,6293500.41,1763510400000,8662879.67123,18243,2025-11-18 23:00:00+00:00
1763510400000,1.381,1.384,1.357,1.375,6829427.8,1763514000000,9360163.5736,21415,2025-11-19 00:00:00+00:00
1763514000000,1.375,1.407,1.366,1.374,13167858.81,1763517600000,18280052.49118,32804,2025-11-19 01:00:00+00:00
1763517600000,1.375,1.399,1.361,1.39,6520418.77,1763521200000,8972299.1211,22518,2025-11-19 02:00:00+00:00
1763521200000,1.39,1.399,1.351,1.357,10098989.49,1763524800000,13867248.7244,25170,2025-11-19 03:00:00+00:00
1763524800000,1.357,1.372,1.345,1.361,4729658.14,1763528400000,6421473.55905,16389,2025-11-19 04:00:00+00:00
1763528400000,1.361,1.367,1.327,1.349,8090798.05,1763532000000,10877071.80577,22470,2025-11-19 05:00:00+00:00
1763532000000,1.348,1.357,1.327,1.339,7764263.37,1763535600000,10405645.58879,18775,2025-11-19 06:00:00+00:00
1763535600000,1.338,1.36,1.331,1.348,5250880.41,1763539200000,7083085.876,14997,2025-11-19 07:00:00+00:00
1763539200000,1.348,1.348,1.307,1.332,8125854.82,1763542800000,10741398.9222,21905,2025-11-19 08:00:00+00:00
1763542800000,1.333,1.333,1.311,1.328,5553799.17,1763546400000,7334585.09089,15708,2025-11-19 09:00:00+00:00
1763546400000,1.329,1.335,1.32,1.328,2886849.51,1763550000000,3835206.16516,10335,2025-11-19 10:00:00+00:00
1763550000000,1.328,1.345,1.327,1.327,3241422.64,1763553600000,4336775.44156,10211,2025-11-19 11:00:00+00:00
1763553600000,1.328,1.341,1.322,1.339,4128414.8,1763557200000,5500643.38659,12674,2025-11-19 12:00:00+00:00
1763557200000,1.338,1.349,1.325,1.327,3584185.78,1763560800000,4788386.20991,13549,2025-11-19 13:00:00+00:00
1763560800000,1.327,1.336,1.303,1.325,7647968.38,1763564400000,10093756.68036,25419,2025-11-19 14:00:00+00:00
1763564400000,1.326,1.339,1.275,1.279,21403367.27,1763568000000,27668662.96464,46902,2025-11-19 15:00:00+00:00
1763568000000,1.278,1.289,1.255,1.276,13032093.04,1763571600000,16536133.28153,33017,2025-11-19 16:00:00+00:00
1763571600000,1.275,1.297,1.265,1.296,7215641.29,1763575200000,9240785.09102,26068,2025-11-19 17:00:00+00:00
1763575200000,1.296,1.298,1.274,1.284,6005615.56,1763578800000,7713607.91929,19990,2025-11-19 18:00:00+00:00
1763578800000,1.284,1.285,1.262,1.275,4851852.73,1763582400000,6179465.69871,16622,2025-11-19 19:00:00+00:00
1763582400000,1.275,1.296,1.268,1.288,7589107.11,1763586000000,9757047.84593,22285,2025-11-19 20:00:00+00:00
1763586000000,1.288,1.317,1.286,1.313,7946843.66,1763589600000,10348598.66438,26905,2025-11-19 21:00:00+00:00
1763589600000,1.312,1.331,1.306,1.325,3768183.01,1763593200000,4961116.54347,15251,2025-11-19 22:00:00+00:00
1763593200000,1.325,1.373,1.325,1.365,11943722.61,1763596800000,16221282.999,27122,2025-11-19 23:00:00+00:00
1763596800000,1.365,1.374,1.347,1.359,7352235.69,1763600400000,9988114.34092,17701,2025-11-20 00:00:00+00:00
1763600400000,1.36,1.369,1.345,1.35,4138069.67,1763604000000,5605683.05712,13789,2025-11-20 01:00:00+00:00
1763604000000,1.35,1.365,1.345,1.356,6628703.49,1763607600000,8976955.50154,16403,2025-11-20 02:00:00+00:00
1763607600000,1.356,1.379,1.35,1.358,5251630.35,1763611200000,7159843.67925,15204,2025-11-20 03:00:00+00:00
1763611200000,1.359,1.36,1.323,1.337,5886734.71,1763614800000,7873715.39899,14925,2025-11-20 04:00:00+00:00
1763614800000,1.336,1.336,1.288,1.299,9059794.85,1763618400000,11845249.5204,19656,2025-11-20 05:00:00+00:00
1763618400000,1.299,1.305,1.281,1.292,8742925.56,1763622000000,11274951.49522,22239,2025-11-20 06:00:00+00:00
1763622000000,1.292,1.308,1.273,1.307,7236761.84,1763625600000,9331638.64139,17257,2025-11-20 07:00:00+00:00
1763625600000,1.307,1.308,1.286,1.297,4603833.08,1763629200000,5966990.48183,12234,2025-11-20 08:00:00+00:00
1763629200000,1.297,1.301,1.287,1.292,3646274.24,1763632800000,4719625.93883,8425,2025-11-20 09:00:00+00:00
1763632800000,1.292,1.298,1.285,1.294,2732115.75,1763636400000,3528264.12524,8572,2025-11-20 10:00:00+00:00
1763636400000,1.294,1.318,1.29,1.311,4222940.86,1763640000000,5522010.03429,10220,2025-11-20 11:00:00+00:00
1763640000000,1.311,1.317,1.259,1.276,14572710.59,1763643600000,18631162.43759,28585,2025-11-20 12:00:00+00:00
1763643600000,1.275,1.295,1.265,1.276,7955635.34,1763647200000,10171314.67552,21170,2025-11-20 13:00:00+00:00
1763647200000,1.276,1.284,1.264,1.27,10349823.95,1763650800000,13170708.96519,24713,2025-11-20 14:00:00+00:00
1763650800000,1.271,1.272,1.223,1.227,15487199.01,1763654400000,19270770.53649,33832,2025-11-20 15:00:00+00:00
1763654400000,1.226,1.235,1.175,1.185,22176144.69,1763658000000,26721165.28884,49122,2025-11-20 16:00:00+00:00
1763658000000,1.185,1.196,1.149,1.172,26404850.29,1763661600000,30789407.76324,53824,2025-11-20 17:00:00+00:00
1763661600000,1.172,1.173,1.154,1.169,10572494.72,1763665200000,12320500.70546,28986,2025-11-20 18:00:00+00:00
1763665200000,1.169,1.182,1.159,1.179,11673465.56,1763668800000,13658689.91398,33541,2025-11-20 19:00:00+00:00
1763668800000,1.179,1.202,1.17,1.186,10561556.23,1763672400000,12517517.68831,40113,2025-11-20 20:00:00+00:00
1763672400000,1.185,1.225,1.185,1.199,20201994.96,1763676000000,24388123.67151,49468,2025-11-20 21:00:00+00:00
1763676000000,1.198,1.227,1.198,1.222,8181415.67,1763679600000,9936565.98719,18669,2025-11-20 22:00:00+00:00
1763679600000,1.222,1.226,1.187,1.196,11120483.11,1763683200000,13439508.53834,22301,2025-11-20 23:00:00+00:00
1763683200000,1.196,1.226,1.196,1.218,11539559.99,1763686800000,14017997.39954,23894,2025-11-21 00:00:00+00:00
1763686800000,1.218,1.225,1.21,1.214,5220769.9,1763690400000,6356122.73252,12369,2025-11-21 01:00:00+00:00
1763690400000,1.214,1.224,1.197,1.201,8897723.37,1763694000000,10760958.86835,22374,2025-11-21 02:00:00+00:00
1763694000000,1.201,1.24,1.201,1.225,5866269.69,1763697600000,7177891.95704,19001,2025-11-21 03:00:00+00:00
1763697600000,1.226,1.253,1.226,1.25,8004989.99,1763701200000,9955294.14991,20705,2025-11-21 04:00:00+00:00
1763701200000,1.25,1.255,1.235,1.246,4200574.64,1763704800000,5227991.66372,12890,2025-11-21 05:00:00+00:00
1763704800000,1.245,1.254,1.209,1.212,11325860.3,1763708400000,13917403.59462,26066,2025-11-21 06:00:00+00:00
1763708400000,1.212,1.223,1.111,1.181,43981160.74,1763712000000,51655895.92111,95669,2025-11-21 07:00:00+00:00
1763712000000,1.181,1.22,1.179,1.194,20148674.94,1763715600000,24234933.13554,44527,2025-11-21 08:00:00+00:00
1763715600000,1.194,1.207,1.145,1.153,17322979.43,1763719200000,20301078.22462,46276,2025-11-21 09:00:00+00:00
1763719200000,1.153,1.185,1.149,1.17,15105393.26,1763722800000,17670045.68356,36573,2025-11-21 10:00:00+00:00
1763722800000,1.169,1.185,1.121,1.135,13261992.25,1763726400000,15243145.78174,32838,2025-11-21 11:00:00+00:00
1763726400000,1.135,1.171,1.113,1.159,22927285.74,1763730000000,26239647.52775,53393,2025-11-21 12:00:00+00:00
1763730000000,1.159,1.2,1.152,1.191,16725670.27,1763733600000,19738314.65111,35763,2025-11-21 13:00:00+00:00
1763733600000,1.192,1.228,1.179,1.204,18001306.7,1763737200000,21753774.69305,39275,2025-11-21 14:00:00+00:00
1763737200000,1.204,1.207,1.17,1.176,12794406.42,1763740800000,15167364.79796,29980,2025-11-21 15:00:00+00:00
1763740800000,1.176,1.223,1.156,1.222,12720170.39,1763744400000,15141882.34784,34421,2025-11-21 16:00:00+00:00
1763744400000,1.221,1.246,1.221,1.232,15252620.23,1763748000000,18838880.53014,30182,2025-11-21 17:00:00+00:00
1763748000000,1.232,1.244,1.213,1.242,8173261.42,1763751600000,10037354.01059,21129,2025-11-21 18:00:00+00:00
1763751600000,1.242,1.245,1.223,1.232,4114728.93,1763755200000,5072053.40147,12558,2025-11-21 19:00:00+00:00
1763755200000,1.231,1.243,1.219,1.233,5269670.57,1763758800000,6479347.09599,17262,2025-11-21 20:00:00+00:00
1763758800000,1.234,1.253,1.228,1.247,3855745.78,1763762400000,4793661.72567,14979,2025-11-21 21:00:00+00:00
1763762400000,1.247,1.252,1.199,1.2,4679254.07,1763766000000,5713803.26483,15744,2025-11-21 22:00:00+00:00
1763766000000,1.201,1.234,1.195,1.217,5333406.85,1763769600000,6480516.1786,16227,2025-11-21 23:00:00+00:00
1763769600000,1.217,1.225,1.196,1.201,6267545.8,1763773200000,7587857.39948,15987,2025-11-22 00:00:00+00:00
1763773200000,1.202,1.218,1.186,1.192,5144679.77,1763776800000,6182398.44371,14249,2025-11-22 01:00:00+00:00
1763776800000,1.193,1.215,1.184,1.209,4634085.32,1763780400000,5560815.96328,12584,2025-11-22 02:00:00+00:00
1763780400000,1.21,1.23,1.198,1.212,6035126.58,1763784000000,7339592.1135,17082,2025-11-22 03:00:00+00:00
1763784000000,1.212,1.214,1.186,1.201,5158581.82,1763787600000,6167409.96108,16550,2025-11-22 04:00:00+00:00
1763787600000,1.202,1.203,1.174,1.195,3738471.65,1763791200000,4434090.93492,13188,2025-11-22 05:00:00+00:00
1763791200000,1.196,1.222,1.186,1.219,3208384.28,1763794800000,3869878.97691,11616,2025-11-22 06:00:00+00:00
1763794800000,1.22,1.224,1.197,1.2,3506309.89,1763798400000,4246498.37938,12059,2025-11-22 07:00:00+00:00
1763798400000,1.201,1.201,1.172,1.176,3711445.6,1763802000000,4391583.18941,13088,2025-11-22 08:00:00+00:00
1763802000000,1.176,1.2,1.174,1.19,2719546.66,1763805600000,3230112.75743,10943,2025-11-22 09:00:00+00:00
1763805600000,1.191,1.202,1.174,1.179,3153840.78,1763809200000,3738753.02283,11303,2025-11-22 10:00:00+00:00
1763809200000,1.179,1.19,1.175,1.177,1813457.99,1763812800000,2144826.04323,8498,2025-11-22 11:00:00+00:00
1763812800000,1.178,1.178,1.15,1.153,5904531.29,1763816400000,6850621.78757,14454,2025-11-22 12:00:00+00:00
1763816400000,1.152,1.163,1.146,1.154,5178400.42,1763820000000,5980521.22571,11495,2025-11-22 13:00:00+00:00
1763820000000,1.154,1.17,1.153,1.162,4155693.6,1763823600000,4828542.82542,12950,2025-11-22 14:00:00+00:00
1763823600000,1.162,1.169,1.148,1.168,2793991.44,1763827200000,3225732.06506,12139,2025-11-22 15:00:00+00:00
1763827200000,1.168,1.182,1.166,1.177,4013609.8,1763830800000,4710412.25172,13215,2025-11-22 16:00:00+00:00
1763830800000,1.177,1.184,1.169,1.177,1845280.59,1763834400000,2168696.5051,7081,2025-11-22 17:00:00+00:00
1763834400000,1.176,1.187,1.166,1.169,1864186.69,1763838000000,2193775.847,7400,2025-11-22 18:00:00+00:00
1763838000000,1.168,1.178,1.167,1.173,1411054.24,1763841600000,1652327.08506,5563,2025-11-22 19:00:00+00:00
1763841600000,1.173,1.177,1.148,1.156,3255068.64,1763845200000,3779788.72488,9582,2025-11-22 20:00:00+00:00
1763845200000,1.155,1.165,1.152,1.165,1559316.31,1763848800000,1808982.60671,6013,2025-11-22 21:00:00+00:00
1763848800000,1.165,1.185,1.16,1.177,3209318.21,1763852400000,3768242.21008,9108,2025-11-22 22:00:00+00:00
1763852400000,1.176,1.182,1.15,1.158,3086625.23,1763856000000,3590204.37457,10106,2025-11-22 23:00:00+00:00
1763856000000,1.158,1.173,1.154,1.165,3359565.47,1763859600000,3909075.90999,11172,2025-11-23 00:00:00+00:00
1763859600000,1.165,1.197,1.159,1.186,5639934.22,1763863200000,6647059.24751,16012,2025-11-23 01:00:00+00:00
1763863200000,1.185,1.204,1.183,1.195,4055213.94,1763866800000,4852261.00002,13869,2025-11-23 02:00:00+00:00
1763866800000,1.195,1.197,1.183,1.196,2747695.55,1763870400000,3267478.10164,8435,2025-11-23 03:00:00+00:00
1763870400000,1.196,1.225,1.193,1.204,6123264.57,1763874000000,7409345.75448,14762,2025-11-23 04:00:00+00:00
1763874000000,1.205,1.205,1.184,1.191,3169345.96,1763877600000,3780490.34024,8184,2025-11-23 05:00:00+00:00
1763877600000,1.192,1.202,1.186,1.192,2314535.31,1763881200000,2761934.93163,6297,2025-11-23 06:00:00+00:00
1763881200000,1.191,1.193,1.172,1.181,4001430.18,1763884800000,4720816.3155,9369,2025-11-23 07:00:00+00:00
1763884800000,1.181,1.195,1.177,1.181,4723162.76,1763888400000,5595104.98833,9527,2025-11-23 08:00:00+00:00
1763888400000,1.181,1.186,1.133,1.137,20124497.14,1763892000000,23237677.5199,34052,2025-11-23 09:00:00+00:00
1763892000000,1.136,1.139,1.084,1.121,22391927.37,1763895600000,25005456.49378,42251,2025-11-23 10:00:00+00:00
1763895600000,1.121,1.129,1.107,1.128,4235551.64,1763899200000,4740313.26804,11946,2025-11-23 11:00:00+00:00
1763899200000,1.128,1.147,1.122,1.146,5746185.43,1763902800000,6550477.21452,14880,2025-11-23 12:00:00+00:00
1763902800000,1.147,1.151,1.107,1.11,13826982.28,1763906400000,15499507.35194,25461,2025-11-23 13:00:00+00:00
1763906400000,1.11,1.119,1.067,1.078,19218939.05,1763910000000,21039137.05451,49133,2025-11-23 14:00:00+00:00
1763910000000,1.078,1.096,1.073,1.093,6735304.59,1763913600000,7294324.66588,18574,2025-11-23 15:00:00+00:00
1763913600000,1.092,1.11,1.089,1.099,3927743.17,1763917200000,4318959.99967,11927,2025-11-23 16:00:00+00:00
1763917200000,1.1,1.11,1.094,1.097,2661822.47,1763920800000,2933248.3991,9207,2025-11-23 17:00:00+00:00
1763920800000,1.098,1.125,1.087,1.122,6919058.26,1763924400000,7667198.48448,17485,2025-11-23 18:00:00+00:00
1763924400000,1.121,1.127,1.114,1.12,1912962.68,1763928000000,2146130.01935,7155,2025-11-23 19:00:00+00:00
1763928000000,1.12,1.127,1.114,1.124,1918079.85,1763931600000,2150205.73884,7162,2025-11-23 20:00:00+00:00
1763931600000,1.124,1.135,1.115,1.134,2432460.65,1763935200000,2737880.58099,7718,2025-11-23 21:00:00+00:00
1763935200000,1.134,1.137,1.119,1.12,3011476.28,1763938800000,3395494.98609,7655,2025-11-23 22:00:00+00:00
1763938800000,1.121,1.13,1.113,1.118,3737047.15,1763942400000,4187941.96246,10786,2025-11-23 23:00:00+00:00
1763942400000,1.118,1.118,1.089,1.1,8507022.2,1763946000000,9371387.11935,17341,2025-11-24 00:00:00+00:00
1763946000000,1.1,1.109,1.089,1.108,4509271.74,1763949600000,4957468.65129,12940,2025-11-24 01:00:00+00:00
1763949600000,1.108,1.132,1.105,1.132,7451418.81,1763953200000,8371608.12485,19966,2025-11-24 02:00:00+00:00
1763953200000,1.132,1.146,1.129,1.142,5886507.67,1763956800000,6700947.26876,13964,2025-11-24 03:00:00+00:00
1763956800000,1.141,1.142,1.115,1.126,6610918.58,1763960400000,7446045.26199,15125,2025-11-24 04:00:00+00:00
1763960400000,1.126,1.158,1.125,1.149,7605996.0,1763964000000,8708079.31919,15181,2025-11-24 05:00:00+00:00
1763964000000,1.15,1.152,1.128,1.138,4161152.92,1763967600000,4729849.50726,11871,2025-11-24 06:00:00+00:00
1763967600000,1.137,1.138,1.109,1.113,4959323.73,1763971200000,5568650.59099,10063,2025-11-24 07:00:00+00:00
1763971200000,1.113,1.134,1.112,1.128,3869385.53,1763974800000,4341138.11542,8397,2025-11-24 08:00:00+00:00
1763974800000,1.128,1.129,1.109,1.11,3674050.0,1763978400000,4100418.86533,9702,2025-11-24 09:00:00+00:00
1763978400000,1.109,1.12,1.107,1.117,2399585.89,1763982000000,2670617.93053,6668,2025-11-24 10:00:00+00:00
1763982000000,1.117,1.13,1.115,1.124,2432186.6,1763985600000,2731229.91518,6427,2025-11-24 11:00:00+00:00
1763985600000,1.124,1.124,1.112,1.117,1960569.44,1763989200000,2189148.22275,6002,2025-11-24 12:00:00+00:00
1763989200000,1.116,1.123,1.105,1.106,2897104.07,1763992800000,3230046.76004,8376,2025-11-24 13:00:00+00:00
1763992800000,1.106,1.123,1.098,1.115,7221061.53,1763996400000,8003057.27535,19540,2025-11-24 14:00:00+00:00
1763996400000,1.115,1.13,1.103,1.121,6760351.99,1764000000000,7545579.77686,16907,2025-11-24 15:00:00+00:00
1764000000000,1.122,1.129,1.117,1.119,3176986.96,1764003600000,3567442.89904,9946,2025-11-24 16:00:00+00:00
1764003600000,1.119,1.148,1.117,1.147,5140933.51,1764007200000,5849313.55631,13739,2025-11-24 17:00:00+00:00
1764007200000,1.148,1.151,1.136,1.145,4768260.27,1764010800000,5450904.44788,10622,2025-11-24 18:00:00+00:00
1764010800000,1.144,1.149,1.14,1.143,2607198.86,1764014400000,2985939.85831,6106,2025-11-24 19:00:00+00:00
1764014400000,1.143,1.154,1.139,1.151,3053204.3,1764018000000,3500855.62761,7368,2025-11-24 20:00:00+00:00
1764018000000,1.152,1.16,1.144,1.146,2637672.12,1764021600000,3038423.18483,7708,2025-11-24 21:00:00+00:00
1764021600000,1.145,1.17,1.145,1.159,3124158.2,1764025200000,3611780.01553,7578,2025-11-24 22:00:00+00:00
1764025200000,1.159,1.172,1.153,1.171,2539922.63,1764028800000,2957557.44978,7559,2025-11-24 23:00:00+00:00
1764028800000,1.171,1.205,1.158,1.2,12070503.12,1764032400000,14308769.9927,29499,2025-11-25 00:00:00+00:00
1764032400000,1.2,1.205,1.173,1.174,5346292.96,1764036000000,6368997.14702,14181,2025-11-25 01:00:00+00:00
1764036000000,1.174,1.179,1.16,1.17,2386963.04,1764039600000,2787071.06567,9563,2025-11-25 02:00:00+00:00
1764039600000,1.169,1.171,1.155,1.157,1934393.86,1764043200000,2246876.74872,6310,2025-11-25 03:00:00+00:00
1764043200000,1.157,1.164,1.153,1.16,1397213.53,1764046800000,1619394.21366,5540,2025-11-25 04:00:00+00:00
1764046800000,1.159,1.178,1.154,1.172,2832618.27,1764050400000,3309855.43613,8433,2025-11-25 05:00:00+00:00
1764050400000,1.172,1.173,1.147,1.158,2917496.2,1764054000000,3376733.21611,8032,2025-11-25 06:00:00+00:00
1764054000000,1.159,1.165,1.142,1.145,3667590.3,1764057600000,4230762.26806,8948,2025-11-25 07:00:00+00:00
1764057600000,1.145,1.149,1.137,1.138,2843004.92,1764061200000,3250466.58458,7781,2025-11-25 08:00:00+00:00
1764061200000,1.138,1.15,1.133,1.147,2619650.99,1764064800000,2987175.62189,7517,2025-11-25 09:00:00+00:00
1764064800000,1.146,1.166,1.14,1.164,2890834.04,1764068400000,3335116.02643,7307,2025-11-25 10:00:00+00:00
1764068400000,1.163,1.172,1.155,1.169,2068378.34,1764072000000,2402517.7002,6382,2025-11-25 11:00:00+00:00
1764072000000,1.169,1.184,1.157,1.163,3910011.95,1764075600000,4571910.8579,11732,2025-11-25 12:00:00+00:00
1764075600000,1.164,1.174,1.157,1.16,1625021.8,1764079200000,1891105.06199,7824,2025-11-25 13:00:00+00:00
1764079200000,1.161,1.169,1.141,1.15,3636348.49,1764082800000,4196319.2084,16062,2025-11-25 14:00:00+00:00
1764082800000,1.149,1.162,1.137,1.15,2990267.46,1764086400000,3440375.31332,12723,2025-11-25 15:00:00+00:00
1764086400000,1.149,1.171,1.147,1.169,3903112.87,1764090000000,4538308.65489,13143,2025-11-25 16:00:00+00:00
1764090000000,1.169,1.18,1.16,1.172,2581406.43,1764093600000,3019843.05706,10073,2025-11-25 17:00:00+00:00
1764093600000,1.172,1.182,1.17,1.17,1640833.64,1764097200000,1929586.93428,7285,2025-11-25 18:00:00+00:00
1764097200000,1.17,1.173,1.149,1.165,2112847.92,1764100800000,2450256.39489,8581,2025-11-25 19:00:00+00:00
1764100800000,1.164,1.171,1.155,1.167,1000976.66,1764104400000,1165218.96254,5489,2025-11-25 20:00:00+00:00
1764104400000,1.167,1.177,1.166,1.168,670588.08,1764108000000,784954.05902,4277,2025-11-25 21:00:00+00:00
1764108000000,1.167,1.177,1.151,1.176,1388538.88,1764111600000,1614611.32013,6364,2025-11-25 22:00:00+00:00
1764111600000,1.176,1.185,1.171,1.175,2124372.61,1764115200000,2499729.66329,6256,2025-11-25 23:00:00+00:00
1764115200000,1.175,1.188,1.175,1.178,1896199.85,1764118800000,2240793.40551,5888,2025-11-26 00:00:00+00:00
1764118800000,1.177,1.184,1.168,1.173,1758035.53,1764122400000,2064638.23836,5733,2025-11-26 01:00:00+00:00
1764122400000,1.173,1.179,1.166,1.17,2021330.63,1764126000000,2369771.5673,5361,2025-11-26 02:00:00+00:00
1764126000000,1.171,1.177,1.157,1.159,1748402.99,1764129600000,2036399.03059,4433,2025-11-26 03:00:00+00:00
1764129600000,1.16,1.163,1.152,1.154,1833458.99,1764133200000,2119802.59351,4247,2025-11-26 04:00:00+00:00
1764133200000,1.154,1.165,1.149,1.159,5751309.61,1764136800000,6632196.10136,8900,2025-11-26 05:00:00+00:00
1764136800000,1.159,1.162,1.152,1.159,1485286.26,1764140400000,1719762.98208,4516,2025-11-26 06:00:00+00:00
1764140400000,1.159,1.16,1.144,1.151,2032923.9,1764144000000,2338229.84318,5446,2025-11-26 07:00:00+00:00
1764144000000,1.151,1.152,1.107,1.121,27538383.1,1764147600000,30919093.24302,42242,2025-11-26 08:00:00+00:00
1764147600000,1.12,1.125,1.077,1.081,28929820.83,1764151200000,31669369.66963,48889,2025-11-26 09:00:00+00:00
1764151200000,1.08,1.089,1.058,1.077,12685533.52,1764154800000,13660175.88898,23274,2025-11-26 10:00:00+00:00
1764154800000,1.077,1.09,1.075,1.082,9407945.31,1764158400000,10184083.46624,13673,2025-11-26 11:00:00+00:00
1764158400000,1.082,1.082,1.072,1.079,4434530.94,1764162000000,4776545.98568,11537,2025-11-26 12:00:00+00:00
1764162000000,1.079,1.09,1.077,1.083,4576374.92,1764165600000,4954238.78444,9270,2025-11-26 13:00:00+00:00
1764165600000,1.082,1.089,1.075,1.081,6413036.39,1764169200000,6935477.06171,12384,2025-11-26 14:00:00+00:00
1764169200000,1.08,1.099,1.079,1.091,5851991.24,1764172800000,6370305.4462,12528,2025-11-26 15:00:00+00:00
1764172800000,1.091,1.098,1.067,1.07,15123319.2,1764176400000,16341572.27472,20147,2025-11-26 16:00:00+00:00
1764176400000,1.071,1.113,1.07,1.111,8422552.29,1764180000000,9206948.94178,18002,2025-11-26 17:00:00+00:00
1764180000000,1.111,1.12,1.105,1.11,8023235.64,1764183600000,8918885.33571,14484,2025-11-26 18:00:00+00:00
1764183600000,1.111,1.114,1.092,1.097,4006330.07,1764187200000,4417641.5571,8080,2025-11-26 19:00:00+00:00
1764187200000,1.098,1.098,1.084,1.096,1544299.91,1764190800000,1686281.25846,4517,2025-11-26 20:00:00+00:00
1764190800000,1.096,1.109,1.09,1.108,1761834.54,1764194400000,1936286.41636,5328,2025-11-26 21:00:00+00:00
1764194400000,1.108,1.117,1.101,1.115,2322783.75,1764198000000,2572164.81801,5428,2025-11-26 22:00:00+00:00
1764198000000,1.114,1.118,1.102,1.108,5473495.13,1764201600000,6082436.49992,7998,2025-11-26 23:00:00+00:00
1764201600000,1.108,1.135,1.103,1.129,4372182.92,1764205200000,4906339.0283,10736,2025-11-27 00:00:00+00:00
1764205200000,1.128,1.135,1.109,1.122,2822459.73,1764208800000,3157162.15693,7835,2025-11-27 01:00:00+00:00
1764208800000,1.122,1.127,1.11,1.111,3489331.75,1764212400000,3898799.89126,8435,2025-11-27 02:00:00+00:00
1764212400000,1.111,1.115,1.094,1.097,3324315.88,1764216000000,3666299.22227,8348,2025-11-27 03:00:00+00:00
1764216000000,1.096,1.107,1.096,1.101,1615766.76,1764219600000,1779134.74573,3832,2025-11-27 04:00:00+00:00
1764219600000,1.1,1.105,1.086,1.088,2239779.1,1764223200000,2450511.00382,5852,2025-11-27 05:00:00+00:00
1764223200000,1.087,1.099,1.087,1.098,1444897.37,1764226800000,1580921.77221,3664,2025-11-27 06:00:00+00:00
1764226800000,1.098,1.098,1.088,1.091,1306266.45,1764230400000,1427644.72633,3626,2025-11-27 07:00:00+00:00
1764230400000,1.09,1.091,1.075,1.083,2774275.43,1764234000000,3000302.04986,6510,2025-11-27 08:00:00+00:00
1764234000000,1.083,1.091,1.079,1.082,2858892.15,1764237600000,3099560.53628,5490,2025-11-27 09:00:00+00:00
1764237600000,1.082,1.094,1.079,1.085,1706020.09,1764241200000,1855189.4152,4083,2025-11-27 10:00:00+00:00
1764241200000,1.084,1.085,1.076,1.079,2055147.77,1764244800000,2219868.54762,4267,2025-11-27 11:00:00+00:00
1764244800000,1.079,1.09,1.077,1.083,1573761.2,1764248400000,1704651.49207,4599,2025-11-27 12:00:00+00:00
1764248400000,1.082,1.093,1.08,1.089,1333746.57,1764252000000,1447937.8455,4383,2025-11-27 13:00:00+00:00
1764252000000,1.089,1.104,1.083,1.098,2363010.56,1764255600000,2587555.3243,6845,2025-11-27 14:00:00+00:00
1764255600000,1.099,1.105,1.09,1.094,1914560.16,1764259200000,2101690.32746,5550,2025-11-27 15:00:00+00:00
1764259200000,1.095,1.1,1.089,1.098,1712618.16,1764262800000,1874071.84343,5917,2025-11-27 16:00:00+00:00
1764262800000,1.098,1.101,1.094,1.099,679838.27,1764266400000,746410.9297,2904,2025-11-27 17:00:00+00:00
1764266400000,1.1,1.104,1.096,1.1,552200.66,1764270000000,607577.03801,2514,2025-11-27 18:00:00+00:00
1764270000000,1.101,1.102,1.095,1.099,619659.73,1764273600000,680457.32987,2167,2025-11-27 19:00:00+00:00
1764273600000,1.099,1.102,1.096,1.1,612543.47,1764277200000,672952.21389,2063,2025-11-27 20:00:00+00:00
1764277200000,1.1,1.106,1.092,1.094,976003.45,1764280800000,1072124.85421,2843,2025-11-27 21:00:00+00:00
1764280800000,1.094,1.099,1.086,1.091,1087855.53,1764284400000,1187973.12168,3574,2025-11-27 22:00:00+00:00
1764284400000,1.091,1.096,1.086,1.092,730285.75,1764288000000,796786.58519,2811,2025-11-27 23:00:00+00:00
1764288000000,1.091,1.093,1.082,1.088,1174618.31,1764291600000,1274910.57127,3924,2025-11-28 00:00:00+00:00
1764291600000,1.087,1.1,1.083,1.083,1987391.6,1764295200000,2169089.6011,6792,2025-11-28 01:00:00+00:00
1764295200000,1.083,1.088,1.076,1.088,1772784.58,1764298800000,1915631.10581,6463,2025-11-28 02:00:00+00:00
1764298800000,1.087,1.095,1.081,1.086,1546982.13,1764302400000,1681795.17063,5773,2025-11-28 03:00:00+00:00
1764302400000,1.086,1.092,1.082,1.091,1572343.19,1764306000000,1710793.17804,5037,2025-11-28 04:00:00+00:00
1764306000000,1.091,1.092,1.086,1.09,920789.28,1764309600000,1002809.92807,3551,2025-11-28 05:00:00+00:00
1764309600000,1.089,1.099,1.082,1.092,2694282.54,1764313200000,2932746.59785,6919,2025-11-28 06:00:00+00:00
1764313200000,1.092,1.093,1.082,1.089,2551178.01,1764316800000,2773125.42124,7365,2025-11-28 07:00:00+00:00
1764316800000,1.088,1.109,1.088,1.104,4487751.36,1764320400000,4943828.0861,8472,2025-11-28 08:00:00+00:00
1764320400000,1.105,1.111,1.101,1.108,1929383.37,1764324000000,2133945.83005,4725,2025-11-28 09:00:00+00:00
1764324000000,1.108,1.119,1.105,1.114,3638404.48,1764327600000,4050378.12923,7674,2025-11-28 10:00:00+00:00
1764327600000,1.114,1.118,1.102,1.105,2208065.51,1764331200000,2446972.34085,5558,2025-11-28 11:00:00+00:00
1764331200000,1.105,1.123,1.104,1.114,2976783.28,1764334800000,3324855.5354,8037,2025-11-28 12:00:00+00:00
1764334800000,1.114,1.127,1.109,1.122,2142182.11,1764338400000,2396778.83947,6256,2025-11-28 13:00:00+00:00
1764338400000,1.123,1.124,1.114,1.118,3061057.5,1764342000000,3424003.74264,8202,2025-11-28 14:00:00+00:00
1764342000000,1.119,1.123,1.107,1.112,3436893.66,1764345600000,3832383.15874,8068,2025-11-28 15:00:00+00:00
1764345600000,1.112,1.112,1.096,1.098,3712225.58,1764349200000,4095075.01582,9127,2025-11-28 16:00:00+00:00
1764349200000,1.098,1.098,1.061,1.072,8325683.64,1764352800000,8975183.59328,16668,2025-11-28 17:00:00+00:00
1764352800000,1.072,1.084,1.065,1.083,2769345.9,1764356400000,2974040.89541,6501,2025-11-28 18:00:00+00:00
1764356400000,1.082,1.089,1.079,1.082,1861660.19,1764360000000,2017513.68096,4384,2025-11-28 19:00:00+00:00
1764360000000,1.082,1.094,1.078,1.093,1038910.21,1764363600000,1126796.31238,3397,2025-11-28 20:00:00+00:00
1764363600000,1.093,1.099,1.088,1.095,1377644.18,1764367200000,1508157.5617,5004,2025-11-28 21:00:00+00:00
1764367200000,1.096,1.108,1.092,1.107,1486833.43,1764370800000,1633371.30059,5454,2025-11-28 22:00:00+00:00
1764370800000,1.107,1.11,1.092,1.093,1315695.02,1764374400000,1446405.06756,3822,2025-11-28 23:00:00+00:00
1764374400000,1.094,1.097,1.086,1.091,1001508.43,1764378000000,1091732.36685,3164,2025-11-29 00:00:00+00:00
1764378000000,1.09,1.094,1.087,1.089,877301.03,1764381600000,956143.51465,2335,2025-11-29 01:00:00+00:00
1764381600000,1.089,1.092,1.084,1.09,724693.66,1764385200000,788347.75683,2111,2025-11-29 02:00:00+00:00
1764385200000,1.09,1.093,1.087,1.092,688513.01,1764388800000,750250.21343,1669,2025-11-29 03:00:00+00:00
1764388800000,1.092,1.106,1.092,1.106,2747293.03,1764392400000,3025559.83244,6571,2025-11-29 04:00:00+00:00
1764392400000,1.105,1.109,1.101,1.107,1382450.98,1764396000000,1528619.23729,3805,2025-11-29 05:00:00+00:00
1764396000000,1.107,1.112,1.101,1.107,1807042.76,1764399600000,1999184.35128,5232,2025-11-29 06:00:00+00:00
1764399600000,1.108,1.112,1.101,1.104,1896870.65,1764403200000,2099739.78194,6509,2025-11-29 07:00:00+00:00
1764403200000,1.103,1.105,1.095,1.096,1111030.8,1764406800000,1222376.68263,3470,2025-11-29 08:00:00+00:00
1764406800000,1.096,1.1,1.09,1.092,848523.15,1764410400000,929573.37423,2749,2025-11-29 09:00:00+00:00
1764410400000,1.092,1.092,1.079,1.084,2685129.8,1764414000000,2915081.83478,5292,2025-11-29 10:00:00+00:00
1764414000000,1.084,1.09,1.081,1.088,1124220.43,1764417600000,1220354.93171,2941,2025-11-29 11:00:00+00:00
1764417600000,1.088,1.089,1.081,1.083,1276916.95,1764421200000,1383617.75814,3373,2025-11-29 12:00:00+00:00
1764421200000,1.082,1.089,1.079,1.087,831125.96,1764424800000,900069.09688,3614,2025-11-29 13:00:00+00:00
1764424800000,1.087,1.094,1.084,1.088,1199208.77,1764428400000,1306129.93567,4153,2025-11-29 14:00:00+00:00
1764428400000,1.088,1.096,1.087,1.094,1524260.07,1764432000000,1663087.99762,4067,2025-11-29 15:00:00+00:00
1764432000000,1.094,1.094,1.082,1.083,933832.08,1764435600000,1015019.0939,2516,2025-11-29 16:00:00+00:00
1764435600000,1.083,1.085,1.023,1.038,19450751.15,1764439200000,20421032.07667,32668,2025-11-29 17:00:00+00:00
1764439200000,1.037,1.057,1.034,1.051,2844838.44,1764442800000,2974852.64442,8145,2025-11-29 18:00:00+00:00
1764442800000,1.051,1.057,1.049,1.055,879103.35,1764446400000,925763.99232,2652,2025-11-29 19:00:00+00:00
1764446400000,1.055,1.056,1.041,1.052,1557554.97,1764450000000,1631353.33639,4265,2025-11-29 20:00:00+00:00
1764450000000,1.053,1.054,1.047,1.047,565875.7,1764453600000,594190.56349,1733,2025-11-29 21:00:00+00:00
1764453600000,1.047,1.047,1.037,1.043,1738043.8,1764457200000,1811032.62929,4658,2025-11-29 22:00:00+00:00
1764457200000,1.044,1.048,1.04,1.046,1244100.02,1764460800000,1298532.19439,4025,2025-11-29 23:00:00+00:00
1764460800000,1.046,1.05,1.041,1.041,1446003.48,1764464400000,1510038.18001,3672,2025-11-30 00:00:00+00:00
1764464400000,1.042,1.046,1.04,1.045,1185732.81,1764468000000,1236668.31046,3182,2025-11-30 01:00:00+00:00
1764468000000,1.045,1.049,1.04,1.041,1053538.18,1764471600000,1100167.08099,2727,2025-11-30 02:00:00+00:00
1764471600000,1.042,1.045,1.027,1.043,2955360.6,1764475200000,3064233.85523,6496,2025-11-30 03:00:00+00:00
1764475200000,1.042,1.048,1.041,1.047,1203286.79,1764478800000,1258189.96057,2455,2025-11-30 04:00:00+00:00
1764478800000,1.046,1.047,1.039,1.042,1228825.37,1764482400000,1280696.05582,2502,2025-11-30 05:00:00+00:00
1764482400000,1.041,1.068,1.041,1.056,2965312.32,1764486000000,3134432.05056,6381,2025-11-30 06:00:00+00:00
1764486000000,1.056,1.06,1.053,1.054,985294.08,1764489600000,1040663.5823,2443,2025-11-30 07:00:00+00:00
1764489600000,1.055,1.061,1.049,1.055,1689794.63,1764493200000,1779779.05687,4235,2025-11-30 08:00:00+00:00
1764493200000,1.055,1.059,1.05,1.051,1307663.91,1764496800000,1379167.50888,3259,2025-11-30 09:00:00+00:00
1764496800000,1.052,1.066,1.049,1.063,2472415.99,1764500400000,2620312.65847,4962,2025-11-30 10:00:00+00:00
1764500400000,1.063,1.067,1.057,1.061,1346821.97,1764504000000,1428870.93769,3093,2025-11-30 11:00:00+00:00
1764504000000,1.061,1.07,1.058,1.07,1879182.12,1764507600000,2000169.36073,3935,2025-11-30 12:00:00+00:00
1764507600000,1.07,1.082,1.067,1.072,4289409.74,1764511200000,4617654.47852,7643,2025-11-30 13:00:00+00:00
1764511200000,1.073,1.075,1.063,1.07,2874216.31,1764514800000,3072186.91808,5567,2025-11-30 14:00:00+00:00
1764514800000,1.07,1.071,1.057,1.059,2102904.6,1764518400000,2234990.59404,3767,2025-11-30 15:00:00+00:00
1764518400000,1.06,1.07,1.06,1.069,1051247.07,1764522000000,1121111.54435,2674,2025-11-30 16:00:00+00:00
1764522000000,1.07,1.075,1.063,1.073,1524960.57,1764525600000,1629362.59549,2987,2025-11-30 17:00:00+00:00
1764525600000,1.074,1.081,1.069,1.078,1956655.15,1764529200000,2102690.98687,4974,2025-11-30 18:00:00+00:00
1764529200000,1.078,1.087,1.077,1.081,2014480.26,1764532800000,2178952.77721,5286,2025-11-30 19:00:00+00:00
1764532800000,1.082,1.085,1.077,1.083,992067.23,1764536400000,1073077.21267,3958,2025-11-30 20:00:00+00:00
1764536400000,1.084,1.086,1.077,1.079,1600160.93,1764540000000,1728787.05059,3342,2025-11-30 21:00:00+00:00
1764540000000,1.079,1.083,1.072,1.076,1163053.59,1764543600000,1252275.47053,2722,2025-11-30 22:00:00+00:00
1764543600000,1.076,1.076,1.051,1.053,2727856.24,1764547200000,2898299.18337,6054,2025-11-30 23:00:00+00:00
1764547200000,1.054,1.058,0.989,0.998,21855425.5,1764550800000,22286316.02364,47467,2025-12-01 00:00:00+00:00
1764550800000,0.997,1.018,0.99,0.994,8755092.65,1764554400000,8778112.53704,22272,2025-12-01 01:00:00+00:00
1764554400000,0.994,1.003,0.975,1.001,8553200.93,1764558000000,8472818.71017,20057,2025-12-01 02:00:00+00:00
1764558000000,1.001,1.003,0.988,0.999,5466660.36,1764561600000,5448008.37072,14745,2025-12-01 03:00:00+00:00
1764561600000,0.999,1.004,0.991,1.0,7434734.23,1764565200000,7417853.43834,22130,2025-12-01 04:00:00+00:00
1764565200000,1.0,1.01,0.997,0.997,4277270.86,1764568800000,4286763.55408,17594,2025-12-01 05:00:00+00:00
1764568800000,0.997,1.003,0.993,1.0,2175650.67,1764572400000,2172765.93105,5675,2025-12-01 06:00:00+00:00
1764572400000,1.001,1.004,0.991,0.998,2103157.54,1764576000000,2097635.72483,5846,2025-12-01 07:00:00+00:00
1764576000000,0.997,1.008,0.993,1.005,3015458.27,1764579600000,3015419.78311,6239,2025-12-01 08:00:00+00:00
1764579600000,1.004,1.005,0.99,0.999,4278968.51,1764583200000,4267117.44945,8224,2025-12-01 09:00:00+00:00
1764583200000,0.999,1.003,0.998,1.002,1766508.7,1764586800000,1767913.48109,4357,2025-12-01 10:00:00+00:00
1764586800000,1.002,1.002,0.977,0.985,5567207.77,1764590400000,5499185.89246,11043,2025-12-01 11:00:00+00:00
1764590400000,0.985,0.986,0.919,0.939,30047648.73,1764594000000,28405453.40247,42308,2025-12-01 12:00:00+00:00
1764594000000,0.939,0.946,0.919,0.928,13511101.14,1764597600000,12564543.50534,20447,2025-12-01 13:00:00+00:00
1764597600000,0.928,0.939,0.923,0.935,6065674.48,1764601200000,5653327.65076,11928,2025-12-01 14:00:00+00:00
1764601200000,0.935,0.936,0.89,0.912,24133968.93,1764604800000,21928625.03662,35483,2025-12-01 15:00:00+00:00
1764604800000,0.912,0.914,0.897,0.899,8685345.75,1764608400000,7847836.71737,19024,2025-12-01 16:00:00+00:00
1764608400000,0.899,0.932,0.882,0.924,14900436.75,1764612000000,13435018.99516,26589,2025-12-01 17:00:00+00:00
1764612000000,0.924,0.941,0.914,0.938,8352103.33,1764615600000,7768835.31858,18141,2025-12-01 18:00:00+00:00
1764615600000,0.937,0.939,0.926,0.934,2771437.56,1764619200000,2585511.49448,9890,2025-12-01 19:00:00+00:00
1764619200000,0.934,0.948,0.933,0.938,3157510.52,1764622800000,2972672.34917,10695,2025-12-01 20:00:00+00:00
1764622800000,0.938,0.953,0.938,0.952,4188678.11,1764626400000,3970976.90707,9164,2025-12-01 21:00:00+00:00
1764626400000,0.951,0.961,0.934,0.946,6425399.97,1764630000000,6098883.81489,11940,2025-12-01 22:00:00+00:00
1764630000000,0.946,0.963,0.946,0.955,3170708.43,1764633600000,3031952.9786,6255,2025-12-01 23:00:00+00:00
1764633600000,0.954,0.972,0.953,0.968,2732048.68,1764637200000,2636334.42642,7038,2025-12-02 00:00:00+00:00
1764637200000,0.968,0.977,0.956,0.96,3779027.8,1764640800000,3649149.78645,8518,2025-12-02 01:00:00+00:00
1764640800000,0.959,0.975,0.957,0.971,2780754.54,1764644400000,2689430.82268,6015,2025-12-02 02:00:00+00:00
1764644400000,0.972,0.98,0.964,0.977,3294431.11,1764648000000,3203631.78362,6265,2025-12-02 03:00:00+00:00
1764648000000,0.977,0.989,0.973,0.982,4363318.73,1764651600000,4284025.2515,8660,2025-12-02 04:00:00+00:00
1764651600000,0.982,0.986,0.975,0.979,2225583.17,1764655200000,2183399.73651,5111,2025-12-02 05:00:00+00:00
1764655200000,0.979,0.991,0.976,0.99,2671534.81,1764658800000,2628101.15258,6710,2025-12-02 06:00:00+00:00
1764658800000,0.99,0.99,0.979,0.981,1626942.65,1764662400000,1604641.06335,4531,2025-12-02 07:00:00+00:00
1764662400000,0.981,0.981,0.961,0.966,5067225.17,1764666000000,4906272.81497,9812,2025-12-02 08:00:00+00:00
1764666000000,0.967,0.974,0.966,0.968,2319767.28,1764669600000,2250593.47856,4688,2025-12-02 09:00:00+00:00
1764669600000,0.968,0.99,0.967,0.984,2331605.36,1764673200000,2284042.44347,4703,2025-12-02 10:00:00+00:00
1764673200000,0.985,0.987,0.976,0.979,1673176.23,1764676800000,1640615.75913,4086,2025-12-02 11:00:00+00:00
1764676800000,0.98,0.984,0.977,0.977,1343846.07,1764680400000,1316682.01133,3593,2025-12-02 12:00:00+00:00
1764680400000,0.978,0.986,0.972,0.977,2581842.32,1764684000000,2529996.96737,7310,2025-12-02 13:00:00+00:00
1764684000000,0.978,1.016,0.974,1.012,10899491.13,1764687600000,10890406.87617,29209,2025-12-02 14:00:00+00:00
1764687600000,1.011,1.039,1.007,1.029,15827809.05,1764691200000,16141637.65302,34078,2025-12-02 15:00:00+00:00
1764691200000,1.028,1.035,1.0,1.009,8927075.34,1764694800000,9062796.83727,19028,2025-12-02 16:00:00+00:00
1764694800000,1.008,1.019,1.004,1.006,4780716.31,1764698400000,4838096.44,9967,2025-12-02 17:00:00+00:00
1764698400000,1.006,1.021,1.005,1.018,2066447.43,1764702000000,2094564.81661,5694,2025-12-02 18:00:00+00:00
1764702000000,1.017,1.022,1.007,1.014,2315706.22,1764705600000,2350922.53353,5347,2025-12-02 19:00:00+00:00
1764705600000,1.014,1.016,0.995,1.003,2976048.54,1764709200000,2986529.69476,6161,2025-12-02 20:00:00+00:00
1764709200000,1.003,1.015,1.002,1.013,1087090.76,1764712800000,1098119.14326,3440,2025-12-02 21:00:00+00:00
1764712800000,1.014,1.022,1.012,1.021,1263355.21,1764716400000,1285214.35834,3910,2025-12-02 22:00:00+00:00
1764716400000,1.021,1.025,1.011,1.011,1984490.94,1764720000000,2021360.28543,4728,2025-12-02 23:00:00+00:00
1764720000000,1.011,1.026,1.006,1.026,2890188.01,1764723600000,2935096.27209,5530,2025-12-03 00:00:00+00:00
1764723600000,1.025,1.027,1.019,1.021,1791454.23,1764727200000,1833372.29149,4499,2025-12-03 01:00:00+00:00
1764727200000,1.021,1.046,1.02,1.041,4600882.14,1764730800000,4763501.92548,8791,2025-12-03 02:00:00+00:00
1764730800000,1.04,1.053,1.037,1.05,3512555.34,1764734400000,3678572.9972,6881,2025-12-03 03:00:00+00:00
1764734400000,1.049,1.074,1.047,1.069,4838105.85,1764738000000,5141628.11415,11978,2025-12-03 04:00:00+00:00
1764738000000,1.07,1.073,1.056,1.063,3548062.93,1764741600000,3772243.33144,7677,2025-12-03 05:00:00+00:00
1764741600000,1.063,1.086,1.053,1.07,8175987.94,1764745200000,8771749.65971,16929,2025-12-03 06:00:00+00:00
1764745200000,1.07,1.076,1.062,1.074,2891005.49,1764748800000,3088725.85454,8294,2025-12-03 07:00:00+00:00
1764748800000,1.074,1.078,1.055,1.059,3399308.29,1764752400000,3631870.89661,7206,2025-12-03 08:00:00+00:00
1764752400000,1.06,1.066,1.046,1.061,3352263.84,1764756000000,3543542.63845,7858,2025-12-03 09:00:00+00:00
1764756000000,1.061,1.072,1.059,1.064,1891121.49,1764759600000,2014324.03253,4938,2025-12-03 10:00:00+00:00
1764759600000,1.065,1.071,1.057,1.07,1973751.21,1764763200000,2098034.76507,4899,2025-12-03 11:00:00+00:00
1764763200000,1.069,1.076,1.066,1.075,2853396.55,1764766800000,3056555.76843,6752,2025-12-03 12:00:00+00:00
1764766800000,1.075,1.084,1.071,1.075,2323086.5,1764770400000,2504071.74518,5772,2025-12-03 13:00:00+00:00
1764770400000,1.075,1.076,1.038,1.055,11559526.64,1764774000000,12215833.20085,26040,2025-12-03 14:00:00+00:00
1764774000000,1.055,1.066,1.046,1.047,5366727.74,1764777600000,5657922.39046,12178,2025-12-03 15:00:00+00:00
1764777600000,1.048,1.055,1.035,1.052,3797244.19,1764781200000,3966873.44138,8800,2025-12-03 16:00:00+00:00
1764781200000,1.051,1.066,1.048,1.065,2441379.82,1764784800000,2580544.20525,6642,2025-12-03 17:00:00+00:00
1764784800000,1.065,1.07,1.051,1.054,1741695.87,1764788400000,1847356.88014,5892,2025-12-03 18:00:00+00:00
1764788400000,1.054,1.058,1.05,1.054,831607.3,1764792000000,877023.13513,2692,2025-12-03 19:00:00+00:00
1764792000000,1.055,1.066,1.049,1.057,2614894.84,1764795600000,2763561.28709,6776,2025-12-03 20:00:00+00:00
1764795600000,1.058,1.071,1.056,1.068,3018906.64,1764799200000,3209294.52028,6173,2025-12-03 21:00:00+00:00
1764799200000,1.068,1.074,1.06,1.071,2871697.51,1764802800000,3065269.25385,7116,2025-12-03 22:00:00+00:00
1764802800000,1.072,1.078,1.064,1.065,1761386.82,1764806400000,1885187.37947,4656,2025-12-03 23:00:00+00:00
1764806400000,1.064,1.072,1.053,1.061,3071071.83,1764810000000,3259581.90064,6157,2025-12-04 00:00:00+00:00
1764810000000,1.06,1.08,1.059,1.07,3458974.24,1764813600000,3708063.61785,7701,2025-12-04 01:00:00+00:00
1764813600000,1.07,1.08,1.067,1.078,2321669.0,1764817200000,2495996.18125,5042,2025-12-04 02:00:00+00:00
1764817200000,1.078,1.083,1.067,1.073,1913262.13,1764820800000,2057070.02395,4935,2025-12-04 03:00:00+00:00
1764820800000,1.073,1.079,1.061,1.062,2062075.0,1764824400000,2200825.51054,5139,2025-12-04 04:00:00+00:00
1764824400000,1.062,1.065,1.055,1.059,1933888.44,1764828000000,2048613.26326,4236,2025-12-04 05:00:00+00:00
1764828000000,1.06,1.065,1.05,1.054,2133674.1,1764831600000,2255264.00426,4608,2025-12-04 06:00:00+00:00
1764831600000,1.054,1.055,1.043,1.054,2527009.53,1764835200000,2650488.46476,5480,2025-12-04 07:00:00+00:00
1764835200000,1.053,1.058,1.041,1.047,3066467.0,1764838800000,3213773.86125,5943,2025-12-04 08:00:00+00:00
1764838800000,1.048,1.053,1.046,1.049,1546893.16,1764842400000,1623021.66963,3561,2025-12-04 09:00:00+00:00
1764842400000,1.048,1.05,1.044,1.047,2140179.02,1764846000000,2240083.40208,6902,2025-12-04 10:00:00+00:00
1764846000000,1.047,1.047,1.039,1.045,2033818.6,1764849600000,2123262.0191,5024,2025-12-04 11:00:00+00:00
1764849600000,1.045,1.056,1.042,1.049,1668379.02,1764853200000,1748942.95179,4048,2025-12-04 12:00:00+00:00
1764853200000,1.048,1.052,1.036,1.043,2776184.43,1764856800000,2899089.63041,7318,2025-12-04 13:00:00+00:00
1764856800000,1.043,1.048,1.027,1.034,3368079.23,1764860400000,3499429.57617,9240,2025-12-04 14:00:00+00:00
1764860400000,1.034,1.058,1.034,1.053,2848045.85,1764864000000,2983274.41289,8548,2025-12-04 15:00:00+00:00
1764864000000,1.054,1.058,1.043,1.047,2505316.42,1764867600000,2633291.40795,6382,2025-12-04 16:00:00+00:00
1764867600000,1.047,1.051,1.037,1.051,1633636.43,1764871200000,1704312.21222,4988,2025-12-04 17:00:00+00:00
1764871200000,1.051,1.061,1.046,1.05,2667314.07,1764874800000,2808342.6526,6169,2025-12-04 18:00:00+00:00
1764874800000,1.05,1.052,1.028,1.041,3710779.23,1764878400000,3854243.48947,11058,2025-12-04 19:00:00+00:00
1764878400000,1.042,1.05,1.037,1.047,1505851.51,1764882000000,1570497.94251,5470,2025-12-04 20:00:00+00:00
1764882000000,1.047,1.053,1.038,1.039,761023.44,1764885600000,795521.41556,3288,2025-12-04 21:00:00+00:00
1764885600000,1.039,1.06,1.037,1.04,2743948.66,1764889200000,2867867.96998,5295,2025-12-04 22:00:00+00:00
1764889200000,1.039,1.039,1.021,1.024,1905494.84,1764892800000,1958677.06395,4494,2025-12-04 23:00:00+00:00
1764892800000,1.024,1.055,1.024,1.047,6136804.45,1764896400000,6372256.54052,14863,2025-12-05 00:00:00+00:00
1764896400000,1.047,1.062,1.045,1.051,2847094.85,1764900000000,2999385.59003,6623,2025-12-05 01:00:00+00:00
1764900000000,1.051,1.06,1.048,1.059,1911658.82,1764903600000,2016465.98697,4715,2025-12-05 02:00:00+00:00
1764903600000,1.059,1.06,1.041,1.044,1862262.78,1764907200000,1953834.76712,4354,2025-12-05 03:00:00+00:00
1764907200000,1.044,1.047,1.031,1.034,2413845.24,1764910800000,2502168.26174,6231,2025-12-05 04:00:00+00:00
1764910800000,1.034,1.042,1.031,1.041,1292667.03,1764914400000,1339336.29822,3650,2025-12-05 05:00:00+00:00
1764914400000,1.042,1.05,1.041,1.044,1461157.12,1764918000000,1526320.95091,3805,2025-12-05 06:00:00+00:00
1764918000000,1.043,1.049,1.041,1.042,1415250.65,1764921600000,1477658.84434,2909,2025-12-05 07:00:00+00:00
1764921600000,1.042,1.042,1.031,1.033,1236847.96,1764925200000,1281344.62279,3326,2025-12-05 08:00:00+00:00
1764925200000,1.033,1.035,1.022,1.024,2253252.59,1764928800000,2313270.02448,6532,2025-12-05 09:00:00+00:00
1764928800000,1.023,1.032,1.023,1.027,1322057.42,1764932400000,1357938.46585,2980,2025-12-05 10:00:00+00:00
1764932400000,1.027,1.029,1.012,1.017,2787764.83,1764936000000,2838062.49831,6067,2025-12-05 11:00:00+00:00
1764936000000,1.016,1.024,1.015,1.022,1886775.35,1764939600000,1921317.60207,3541,2025-12-05 12:00:00+00:00
1764939600000,1.021,1.028,1.003,1.006,4847460.0,1764943200000,4908535.27079,10009,2025-12-05 13:00:00+00:00
1764943200000,1.006,1.015,1.003,1.007,4046393.05,1764946800000,4075958.71711,8243,2025-12-05 14:00:00+00:00
1764946800000,1.008,1.031,1.008,1.013,4464081.83,1764950400000,4555034.77706,12604,2025-12-05 15:00:00+00:00
1764950400000,1.012,1.014,0.992,1.009,9092552.13,1764954000000,9114180.56161,18581,2025-12-05 16:00:00+00:00
1764954000000,1.009,1.019,1.007,1.011,3124276.27,1764957600000,3165772.748,8928,2025-12-05 17:00:00+00:00
1764957600000,1.01,1.02,0.997,1.001,2267673.58,1764961200000,2288714.29922,7254,2025-12-05 18:00:00+00:00
1764961200000,1.001,1.009,0.996,1.005,1904603.87,1764964800000,1908896.06635,5672,2025-12-05 19:00:00+00:00
1764964800000,1.005,1.006,0.997,1.002,1455878.88,1764968400000,1458099.52109,3143,2025-12-05 20:00:00+00:00
1764968400000,1.003,1.007,0.999,1.003,600368.16,1764972000000,602739.63691,2310,2025-12-05 21:00:00+00:00
1764972000000,1.004,1.014,1.001,1.011,993695.3,1764975600000,1001141.24294,2794,2025-12-05 22:00:00+00:00
1764975600000,1.011,1.017,1.005,1.014,717404.87,1764979200000,726000.06313,2209,2025-12-05 23:00:00+00:00
1764979200000,1.015,1.016,1.007,1.012,602632.05,1764982800000,610286.03749,1725,2025-12-06 00:00:00+00:00
1764982800000,1.012,1.013,1.002,1.005,908384.57,1764986400000,915896.76281,2280,2025-12-06 01:00:00+00:00
1764986400000,1.005,1.006,0.997,1.003,3615452.49,1764990000000,3616862.21814,4329,2025-12-06 02:00:00+00:00
1764990000000,1.003,1.011,1.002,1.004,887180.87,1764993600000,892587.47743,2676,2025-12-06 03:00:00+00:00
1764993600000,1.004,1.005,0.999,1.002,994361.77,1764997200000,995595.29229,2412,2025-12-06 04:00:00+00:00
1764997200000,1.002,1.005,0.998,1.002,763536.18,1765000800000,765040.44974,2078,2025-12-06 05:00:00+00:00
1765000800000,1.002,1.007,1.0,1.006,551360.3,1765004400000,553349.16313,1604,2025-12-06 06:00:00+00:00
1765004400000,1.006,1.008,0.999,1.001,837736.26,1765008000000,840406.94268,2153,2025-12-06 07:00:00+00:00
1765008000000,1.001,1.002,0.981,0.985,3619930.29,1765011600000,3588655.72438,7123,2025-12-06 08:00:00+00:00
1765011600000,0.984,0.997,0.984,0.993,1631486.89,1765015200000,1614976.6766,3774,2025-12-06 09:00:00+00:00
1765015200000,0.992,0.994,0.975,0.976,3074652.14,1765018800000,3016147.83398,6331,2025-12-06 10:00:00+00:00
1765018800000,0.977,0.982,0.976,0.981,1349450.8,1765022400000,1321881.34709,2989,2025-12-06 11:00:00+00:00
1765022400000,0.982,0.984,0.976,0.977,1121496.03,1765026000000,1100142.77172,2623,2025-12-06 12:00:00+00:00
1765026000000,0.978,0.986,0.977,0.983,1078133.59,1765029600000,1059681.35908,2763,2025-12-06 13:00:00+00:00
1765029600000,0.983,0.999,0.982,0.989,2334699.87,1765033200000,2317751.48128,5790,2025-12-06 14:00:00+00:00
1765033200000,0.99,0.991,0.977,0.981,1888292.64,1765036800000,1853945.2643,5230,2025-12-06 15:00:00+00:00
1765036800000,0.98,0.987,0.978,0.979,1736397.81,1765040400000,1706773.35752,4428,2025-12-06 16:00:00+00:00
1765040400000,0.979,0.987,0.978,0.985,1104065.97,1765044000000,1083904.28278,2429,2025-12-06 17:00:00+00:00
1765044000000,0.985,0.987,0.979,0.982,757829.67,1765047600000,745831.06935,1929,2025-12-06 18:00:00+00:00
1765047600000,0.982,0.984,0.975,0.978,1646250.5,1765051200000,1611831.82607,3142,2025-12-06 19:00:00+00:00
1765051200000,0.978,0.984,0.976,0.981,969711.94,1765054800000,949869.61029,2143,2025-12-06 20:00:00+00:00
1765054800000,0.98,0.986,0.969,0.974,2031847.86,1765058400000,1986759.9752,4346,2025-12-06 21:00:00+00:00
1765058400000,0.974,0.979,0.97,0.974,940205.98,1765062000000,915919.48975,2158,2025-12-06 22:00:00+00:00
1765062000000,0.974,0.975,0.963,0.974,1703880.89,1765065600000,1651600.74215,3617,2025-12-06 23:00:00+00:00
1765065600000,0.973,0.983,0.972,0.982,1016468.07,1765069200000,993725.82138,2859,2025-12-07 00:00:00+00:00
1765069200000,0.982,0.984,0.976,0.976,1058094.36,1765072800000,1037548.49865,2337,2025-12-07 01:00:00+00:00
1765072800000,0.977,0.984,0.976,0.983,1196733.31,1765076400000,1173008.21905,2436,2025-12-07 02:00:00+00:00
1765076400000,0.983,0.985,0.979,0.983,802742.33,1765080000000,788399.87485,1664,2025-12-07 03:00:00+00:00
1765080000000,0.983,0.986,0.981,0.985,908243.44,1765083600000,893519.69875,1856,2025-12-07 04:00:00+00:00
1765083600000,0.985,0.985,0.977,0.98,721478.16,1765087200000,707266.36327,1666,2025-12-07 05:00:00+00:00
1765087200000,0.979,0.984,0.977,0.983,624486.4,1765090800000,612483.41815,1259,2025-12-07 06:00:00+00:00
1765090800000,0.982,0.984,0.967,0.973,1651560.79,1765094400000,1608754.49287,3261,2025-12-07 07:00:00+00:00
1765094400000,0.972,0.974,0.965,0.967,2195946.83,1765098000000,2129959.58919,3799,2025-12-07 08:00:00+00:00
1765098000000,0.967,0.969,0.934,0.935,6096894.33,1765101600000,5796876.68885,10173,2025-12-07 09:00:00+00:00
1765101600000,0.936,0.943,0.932,0.939,4187195.69,1765105200000,3923557.09371,6848,2025-12-07 10:00:00+00:00
1765105200000,0.939,0.949,0.938,0.941,1813637.84,1765108800000,1713543.94774,3619,2025-12-07 11:00:00+00:00
1765108800000,0.942,0.954,0.941,0.952,1089043.05,1765112400000,1033248.44224,2931,2025-12-07 12:00:00+00:00
1765112400000,0.953,0.955,0.936,0.94,2307754.51,1765116000000,2174444.80331,6172,2025-12-07 13:00:00+00:00
1765116000000,0.94,0.942,0.907,0.919,13543261.09,1765119600000,12468843.18873,24896,2025-12-07 14:00:00+00:00
1765119600000,0.919,0.928,0.906,0.923,12789450.94,1765123200000,11709850.17135,19764,2025-12-07 15:00:00+00:00
1765123200000,0.923,0.931,0.918,0.931,4213025.86,1765126800000,3890961.342,8623,2025-12-07 16:00:00+00:00
1765126800000,0.932,0.951,0.927,0.949,6549254.7,1765130400000,6167916.55358,12482,2025-12-07 17:00:00+00:00
1765130400000,0.948,0.959,0.946,0.949,4247329.13,1765134000000,4050023.1691,10168,2025-12-07 18:00:00+00:00
1765134000000,0.949,0.957,0.944,0.956,2121952.24,1765137600000,2017295.90636,4316,2025-12-07 19:00:00+00:00
1765137600000,0.956,0.957,0.951,0.955,824827.52,1765141200000,787068.61607,2215,2025-12-07 20:00:00+00:00
1765141200000,0.955,0.955,0.927,0.931,2451273.23,1765144800000,2306429.8513,6327,2025-12-07 21:00:00+00:00
1765144800000,0.931,0.931,0.895,0.915,9428519.76,1765148400000,8589809.2029,20640,2025-12-07 22:00:00+00:00
1765148400000,0.915,0.917,0.908,0.914,2451742.81,1765152000000,2236279.82651,5756,2025-12-07 23:00:00+00:00
1765152000000,0.913,0.924,0.909,0.914,4798256.12,1765155600000,4395588.74756,6850,2025-12-08 00:00:00+00:00
1765155600000,0.914,0.951,0.912,0.937,3864593.24,1765159200000,3626182.00758,9777,2025-12-08 01:00:00+00:00
1765159200000,0.938,0.944,0.93,0.942,2342603.85,1765162800000,2195371.62494,5290,2025-12-08 02:00:00+00:00
1765162800000,0.941,0.968,0.941,0.959,7011000.71,1765166400000,6693176.60295,12077,2025-12-08 03:00:00+00:00
1765166400000,0.96,0.974,0.957,0.963,5000610.47,1765170000000,4830809.19136,9035,2025-12-08 04:00:00+00:00
1765170000000,0.963,0.967,0.954,0.958,2526999.42,1765173600000,2425558.54714,5758,2025-12-08 05:00:00+00:00
1765173600000,0.959,0.966,0.958,0.96,1936289.04,1765177200000,1863464.01014,4430,2025-12-08 06:00:00+00:00
1765177200000,0.96,0.965,0.958,0.962,2316483.67,1765180800000,2227014.55167,4708,2025-12-08 07:00:00+00:00
1765180800000,0.962,0.975,0.959,0.974,1710896.41,1765184400000,1653039.38181,4329,2025-12-08 08:00:00+00:00
1765184400000,0.973,0.983,0.973,0.975,3646753.8,1765188000000,3563397.02569,8595,2025-12-08 09:00:00+00:00
1765188000000,0.975,0.981,0.971,0.979,1649299.36,1765191600000,1611129.76649,3963,2025-12-08 10:00:00+00:00
1765191600000,0.979,0.981,0.967,0.968,2682239.73,1765195200000,2612258.8461,5065,2025-12-08 11:00:00+00:00
1765195200000,0.969,0.97,0.96,0.968,1900286.7,1765198800000,1832877.86924,4340,2025-12-08 12:00:00+00:00
1765198800000,0.968,0.975,0.959,0.959,3575415.11,1765202400000,3459612.10811,5728,2025-12-08 13:00:00+00:00
1765202400000,0.959,0.967,0.947,0.948,4877152.15,1765206000000,4673136.17948,11580,2025-12-08 14:00:00+00:00
1765206000000,0.948,0.955,0.938,0.95,4566084.64,1765209600000,4325044.87161,11624,2025-12-08 15:00:00+00:00
1765209600000,0.95,0.965,0.945,0.955,2565922.49,1765213200000,2451439.67103,6763,2025-12-08 16:00:00+00:00
1765213200000,0.954,0.962,0.945,0.953,2161443.91,1765216800000,2059043.44452,5343,2025-12-08 17:00:00+00:00
1765216800000,0.953,0.963,0.945,0.951,1982039.86,1765220400000,1893605.64297,5060,2025-12-08 18:00:00+00:00
1765220400000,0.952,0.955,0.946,0.951,2130810.25,1765224000000,2026747.64632,4454,2025-12-08 19:00:00+00:00
1765224000000,0.951,0.96,0.95,0.956,1346680.96,1765227600000,1286102.31057,3474,2025-12-08 20:00:00+00:00
1765227600000,0.956,0.961,0.952,0.957,1646908.37,1765231200000,1574917.27184,3847,2025-12-08 21:00:00+00:00
1765231200000,0.957,0.958,0.946,0.947,967433.1,1765234800000,919496.43129,2532,2025-12-08 22:00:00+00:00
1765234800000,0.948,0.952,0.943,0.947,1500277.72,1765238400000,1420624.66166,3365,2025-12-08 23:00:00+00:00
1765238400000,0.947,0.953,0.942,0.945,1037140.45,1765242000000,983822.92293,2643,2025-12-09 00:00:00+00:00
1765242000000,0.945,0.946,0.931,0.936,2234372.89,1765245600000,2093245.88078,5212,2025-12-09 01:00:00+00:00
1765245600000,0.936,0.944,0.935,0.937,1202460.54,1765249200000,1129500.73664,3996,2025-12-09 02:00:00+00:00
1765249200000,0.937,0.945,0.934,0.943,2089294.32,1765252800000,1963780.73015,5645,2025-12-09 03:00:00+00:00
1765252800000,0.944,0.944,0.927,0.93,2676357.42,1765256400000,2497698.46612,5587,2025-12-09 04:00:00+00:00
1765256400000,0.929,0.936,0.926,0.932,1538165.77,1765260000000,1433637.19809,3543,2025-12-09 05:00:00+00:00
1765260000000,0.931,0.935,0.924,0.931,1367823.36,1765263600000,1271195.93285,3281,2025-12-09 06:00:00+00:00
1765263600000,0.93,0.937,0.927,0.936,1465578.22,1765267200000,1365083.57356,2860,2025-12-09 07:00:00+00:00
1765267200000,0.935,0.95,0.933,0.942,3679841.0,1765270800000,3461466.18535,6356,2025-12-09 08:00:00+00:00
1765270800000,0.942,0.942,0.934,0.936,980758.46,1765274400000,919589.92512,2794,2025-12-09 09:00:00+00:00
1765274400000,0.937,0.939,0.928,0.935,1297802.18,1765278000000,1211535.19185,3582,2025-12-09 10:00:00+00:00
1765278000000,0.935,0.938,0.933,0.937,1104317.65,1765281600000,1032967.35773,2400,2025-12-09 11:00:00+00:00
1765281600000,0.936,0.945,0.934,0.944,1539034.9,1765285200000,1447125.85477,3388,2025-12-09 12:00:00+00:00
1765285200000,0.944,0.946,0.931,0.935,2214929.67,1765288800000,2079913.50208,4716,2025-12-09 13:00:00+00:00
1765288800000,0.935,0.939,0.927,0.932,2343896.94,1765292400000,2184674.24383,7150,2025-12-09 14:00:00+00:00
1765292400000,0.933,0.968,0.931,0.962,7930681.21,1765296000000,7565670.32422,17432,2025-12-09 15:00:00+00:00
1765296000000,0.962,0.975,0.961,0.969,10141780.26,1765299600000,9816282.63564,17404,2025-12-09 16:00:00+00:00
1765299600000,0.97,0.977,0.959,0.965,5621467.81,1765303200000,5436399.86484,9397,2025-12-09 17:00:00+00:00
1765303200000,0.965,0.968,0.958,0.961,3266097.57,1765306800000,3145158.84846,4781,2025-12-09 18:00:00+00:00
1765306800000,0.961,0.963,0.952,0.959,1861703.12,1765310400000,1783929.43147,3733,2025-12-09 19:00:00+00:00
1765310400000,0.959,0.96,0.947,0.956,2882343.36,1765314000000,2747404.85648,6541,2025-12-09 20:00:00+00:00
1765314000000,0.957,0.972,0.954,0.971,4610540.68,1765317600000,4445767.0251,10142,2025-12-09 21:00:00+00:00
1765317600000,0.971,0.99,0.968,0.975,5697030.26,1765321200000,5580406.38836,9484,2025-12-09 22:00:00+00:00
1765321200000,0.974,0.978,0.964,0.965,1938885.22,1765324800000,1883842.70269,4657,2025-12-09 23:00:00+00:00
1765324800000,0.964,0.969,0.951,0.952,2342370.42,1765328400000,2244233.2857,5342,2025-12-10 00:00:00+00:00
1765328400000,0.952,0.958,0.949,0.956,1566811.1,1765332000000,1494284.51346,3943,2025-12-10 01:00:00+00:00
1765332000000,0.956,0.961,0.952,0.959,1249367.63,1765335600000,1195416.64139,3309,2025-12-10 02:00:00+00:00
1765335600000,0.959,0.96,0.955,0.955,1253629.0,1765339200000,1199675.9711,2761,2025-12-10 03:00:00+00:00
1765339200000,0.954,0.959,0.95,0.954,1244462.89,1765342800000,1186447.06919,3576,2025-12-10 04:00:00+00:00
1765342800000,0.953,0.968,0.953,0.963,2251081.48,1765346400000,2163013.13995,4167,2025-12-10 05:00:00+00:00
1765346400000,0.964,0.967,0.959,0.962,1303225.87,1765350000000,1255151.4211,3219,2025-12-10 06:00:00+00:00
1765350000000,0.962,0.966,0.955,0.966,1602529.91,1765353600000,1536586.15186,3890,2025-12-10 07:00:00+00:00
1765353600000,0.966,0.977,0.96,0.961,2791653.58,1765357200000,2706412.22117,6123,2025-12-10 08:00:00+00:00
1765357200000,0.96,0.97,0.956,0.967,2276075.01,1765360800000,2191935.67283,4467,2025-12-10 09:00:00+00:00
1765360800000,0.967,0.972,0.949,0.955,4071981.22,1765364400000,3911462.60254,7444,2025-12-10 10:00:00+00:00
1765364400000,0.954,0.958,0.944,0.951,2104132.44,1765368000000,2002089.17176,4880,2025-12-10 11:00:00+00:00
1765368000000,0.95,0.954,0.944,0.95,2092555.62,1765371600000,1986731.66642,3906,2025-12-10 12:00:00+00:00
1765371600000,0.95,0.959,0.948,0.957,2633875.15,1765375200000,2515572.19695,4023,2025-12-10 13:00:00+00:00
1765375200000,0.957,0.965,0.953,0.964,2376803.58,1765378800000,2276524.30784,5915,2025-12-10 14:00:00+00:00
1765378800000,0.965,0.969,0.954,0.961,2808914.4,1765382400000,2696621.72273,6409,2025-12-10 15:00:00+00:00
1765382400000,0.961,0.97,0.958,0.964,1451969.58,1765386000000,1400848.5506,4614,2025-12-10 16:00:00+00:00
1765386000000,0.965,0.975,0.963,0.971,2012279.86,1765389600000,1950976.49797,5521,2025-12-10 17:00:00+00:00
1765389600000,0.971,0.985,0.967,0.972,4572470.61,1765393200000,4448709.16917,10508,2025-12-10 18:00:00+00:00
1765393200000,0.972,0.985,0.952,0.969,10801302.61,1765396800000,10451749.94734,27536,2025-12-10 19:00:00+00:00
1765396800000,0.97,0.986,0.954,0.957,8034432.68,1765400400000,7791229.42815,17997,2025-12-10 20:00:00+00:00
1765400400000,0.956,0.96,0.948,0.952,6069976.9,1765404000000,5790147.29995,10375,2025-12-10 21:00:00+00:00
1765404000000,0.951,0.96,0.949,0.956,2346447.53,1765407600000,2239023.67621,5121,2025-12-10 22:00:00+00:00
1765407600000,0.955,0.958,0.949,0.951,2298687.08,1765411200000,2191753.92884,3726,2025-12-10 23:00:00+00:00
1765411200000,0.952,0.955,0.932,0.937,3516507.53,1765414800000,3310401.90216,6643,2025-12-11 00:00:00+00:00
1765414800000,0.936,0.938,0.924,0.928,3603457.43,1765418400000,3356503.5565,7537,2025-12-11 01:00:00+00:00
1765418400000,0.927,0.928,0.914,0.924,4359972.53,1765422000000,4010512.64533,7974,2025-12-11 02:00:00+00:00
1765422000000,0.924,0.925,0.914,0.92,3362183.4,1765425600000,3093654.87515,6584,2025-12-11 03:00:00+00:00
1765425600000,0.92,0.932,0.917,0.931,2431805.61,1765429200000,2250875.18515,4806,2025-12-11 04:00:00+00:00
1765429200000,0.93,0.935,0.927,0.933,1466064.17,1765432800000,1363990.30256,3059,2025-12-11 05:00:00+00:00
1765432800000,0.933,0.933,0.922,0.923,1343600.23,1765436400000,1246318.08665,2941,2025-12-11 06:00:00+00:00
1765436400000,0.923,0.926,0.919,0.922,1305802.24,1765440000000,1204944.1046,2539,2025-12-11 07:00:00+00:00
1765440000000,0.922,0.928,0.919,0.927,1784632.91,1765443600000,1645907.33666,3098,2025-12-11 08:00:00+00:00
1765443600000,0.927,0.932,0.925,0.926,1720045.22,1765447200000,1597099.84868,2973,2025-12-11 09:00:00+00:00
1765447200000,0.927,0.931,0.923,0.927,803299.05,1765450800000,744975.64355,1866,2025-12-11 10:00:00+00:00
1765450800000,0.928,0.933,0.927,0.927,851931.0,1765454400000,791505.15471,1753,2025-12-11 11:00:00+00:00
1765454400000,0.927,0.938,0.926,0.934,2295614.55,1765458000000,2143409.34007,3414,2025-12-11 12:00:00+00:00
1765458000000,0.934,0.938,0.93,0.938,1762575.07,1765461600000,1646553.83399,3309,2025-12-11 13:00:00+00:00
1765461600000,0.938,0.941,0.924,0.929,3392315.29,1765465200000,3166924.43424,7527,2025-12-11 14:00:00+00:00
1765465200000,0.929,0.938,0.925,0.932,2758145.45,1765468800000,2569460.13924,6490,2025-12-11 15:00:00+00:00
1765468800000,0.931,0.932,0.923,0.928,1366736.61,1765472400000,1267092.62054,4080,2025-12-11 16:00:00+00:00
1765472400000,0.928,0.934,0.924,0.931,857705.72,1765476000000,797197.05398,2528,2025-12-11 17:00:00+00:00
1765476000000,0.93,0.941,0.929,0.935,1221511.71,1765479600000,1143208.35019,3355,2025-12-11 18:00:00+00:00
1765479600000,0.935,0.941,0.931,0.935,1199311.36,1765483200000,1123777.56987,3237,2025-12-11 19:00:00+00:00
1765483200000,0.934,0.941,0.932,0.939,1147914.86,1765486800000,1076209.57918,2821,2025-12-11 20:00:00+00:00
1765486800000,0.94,0.95,0.939,0.946,1925784.8,1765490400000,1818343.60773,4706,2025-12-11 21:00:00+00:00
1765490400000,0.946,0.95,0.938,0.941,2255842.14,1765494000000,2127448.22018,3734,2025-12-11 22:00:00+00:00
1765494000000,0.942,0.944,0.938,0.939,1070907.73,1765497600000,1008384.84069,2537,2025-12-11 23:00:00+00:00
1765497600000,0.939,0.944,0.93,0.93,1329810.82,1765501200000,1247451.62487,3302,2025-12-12 00:00:00+00:00
1765501200000,0.931,0.944,0.93,0.94,1362229.5,1765504800000,1275687.88769,3247,2025-12-12 01:00:00+00:00
1765504800000,0.94,0.95,0.938,0.949,780092.34,1765508400000,737854.03557,2088,2025-12-12 02:00:00+00:00
1765508400000,0.949,0.955,0.944,0.951,1440925.04,1765512000000,1367904.86688,3037,2025-12-12 03:00:00+00:00
1765512000000,0.951,0.96,0.95,0.958,1476024.21,1765515600000,1410107.2427,3029,2025-12-12 04:00:00+00:00
1765515600000,0.958,0.964,0.951,0.964,1260797.64,1765519200000,1207158.82452,2947,2025-12-12 05:00:00+00:00
1765519200000,0.964,0.967,0.954,0.957,2883747.41,1765522800000,2766166.36808,5259,2025-12-12 06:00:00+00:00
1765522800000,0.957,0.962,0.953,0.957,1294049.11,1765526400000,1237992.53017,2909,2025-12-12 07:00:00+00:00
1765526400000,0.958,0.962,0.95,0.952,1362676.62,1765530000000,1300623.13748,2788,2025-12-12 08:00:00+00:00
1765530000000,0.952,0.963,0.952,0.963,1375095.62,1765533600000,1315325.47447,2526,2025-12-12 09:00:00+00:00
1765533600000,0.963,0.966,0.956,0.957,1340304.13,1765537200000,1287635.37145,2679,2025-12-12 10:00:00+00:00
1765537200000,0.958,0.963,0.954,0.962,1254755.44,1765540800000,1201895.31633,2777,2025-12-12 11:00:00+00:00
1765540800000,0.962,0.962,0.956,0.958,1258641.95,1765544400000,1207570.00831,2566,2025-12-12 12:00:00+00:00
1765544400000,0.958,0.961,0.954,0.96,1961529.24,1765548000000,1877364.20336,5568,2025-12-12 13:00:00+00:00
1765548000000,0.96,0.966,0.955,0.961,2148878.88,1765551600000,2064823.42304,5762,2025-12-12 14:00:00+00:00
1765551600000,0.962,0.962,0.926,0.929,6263841.25,1765555200000,5909543.27522,15260,2025-12-12 15:00:00+00:00
1765555200000,0.929,0.939,0.925,0.935,4271644.52,1765558800000,3982878.6502,11579,2025-12-12 16:00:00+00:00
1765558800000,0.934,0.945,0.934,0.938,1702795.72,1765562400000,1598563.62949,5241,2025-12-12 17:00:00+00:00
1765562400000,0.937,0.942,0.935,0.937,840458.73,1765566000000,788714.02762,2883,2025-12-12 18:00:00+00:00
1765566000000,0.936,0.936,0.928,0.931,786109.52,1765569600000,732497.82288,2577,2025-12-12 19:00:00+00:00
1765569600000,0.931,0.936,0.93,0.934,665045.62,1765573200000,620385.71282,1959,2025-12-12 20:00:00+00:00
1765573200000,0.935,0.939,0.933,0.936,617800.42,1765576800000,578110.35039,1393,2025-12-12 21:00:00+00:00
1765576800000,0.935,0.943,0.935,0.943,1062848.34,1765580400000,998736.96564,1769,2025-12-12 22:00:00+00:00
1765580400000,0.944,0.953,0.943,0.95,1322631.4,1765584000000,1253680.26313,3011,2025-12-12 23:00:00+00:00
1765584000000,0.95,0.961,0.947,0.953,1790223.95,1765587600000,1709432.76844,3798,2025-12-13 00:00:00+00:00
1765587600000,0.954,0.959,0.95,0.953,1071547.81,1765591200000,1022033.66486,2386,2025-12-13 01:00:00+00:00
1765591200000,0.953,0.959,0.952,0.954,1163244.21,1765594800000,1110731.71898,2633,2025-12-13 02:00:00+00:00
1765594800000,0.954,0.957,0.952,0.953,884358.91,1765598400000,844117.14863,1962,2025-12-13 03:00:00+00:00
1765598400000,0.953,0.956,0.948,0.95,1342678.11,1765602000000,1277143.69543,2663,2025-12-13 04:00:00+00:00
1765602000000,0.949,0.952,0.947,0.948,611612.26,1765605600000,580145.58944,1436,2025-12-13 05:00:00+00:00
1765605600000,0.948,0.95,0.943,0.95,571497.47,1765609200000,541010.882,1477,2025-12-13 06:00:00+00:00
1765609200000,0.949,0.952,0.948,0.949,566776.38,1765612800000,538764.90527,1280,2025-12-13 07:00:00+00:00
1765612800000,0.949,0.956,0.948,0.951,846743.71,1765616400000,806105.36665,2093,2025-12-13 08:00:00+00:00
1765616400000,0.951,0.952,0.945,0.947,527422.73,1765620000000,500250.91336,1489,2025-12-13 09:00:00+00:00
1765620000000,0.947,0.956,0.947,0.953,927925.63,1765623600000,884133.27957,1987,2025-12-13 10:00:00+00:00
1765623600000,0.953,0.957,0.952,0.953,902481.71,1765627200000,861731.72346,1977,2025-12-13 11:00:00+00:00
1765627200000,0.953,0.956,0.951,0.956,788911.88,1765630800000,752741.66944,1696,2025-12-13 12:00:00+00:00
1765630800000,0.956,0.975,0.954,0.971,3394158.11,1765634400000,3276454.08688,7394,2025-12-13 13:00:00+00:00
1765634400000,0.972,0.977,0.957,0.957,2932713.32,1765638000000,2830936.10283,5657,2025-12-13 14:00:00+00:00
1765638000000,0.957,0.967,0.955,0.965,2029762.71,1765641600000,1949174.70034,3662,2025-12-13 15:00:00+00:00
1765641600000,0.966,0.972,0.964,0.969,1445880.73,1765645200000,1399907.02521,3229,2025-12-13 16:00:00+00:00
1765645200000,0.969,0.97,0.956,0.958,1009438.69,1765648800000,970709.55518,2190,2025-12-13 17:00:00+00:00
1765648800000,0.958,0.962,0.956,0.958,777304.29,1765652400000,745544.59437,1296,2025-12-13 18:00:00+00:00
1765652400000,0.958,0.96,0.955,0.959,699189.23,1765656000000,669223.36117,1672,2025-12-13 19:00:00+00:00
1765656000000,0.958,0.96,0.955,0.956,254499.54,1765659600000,243693.50765,748,2025-12-13 20:00:00+00:00
1765659600000,0.956,0.956,0.947,0.955,923374.85,1765663200000,878919.02528,2682,2025-12-13 21:00:00+00:00
1765663200000,0.954,0.959,0.954,0.956,651951.7,1765666800000,623902.24731,1613,2025-12-13 22:00:00+00:00
1765666800000,0.955,0.957,0.953,0.955,644926.07,1765670400000,616082.61869,1370,2025-12-13 23:00:00+00:00
1765670400000,0.955,0.961,0.954,0.958,520580.63,1765674000000,498736.40155,1372,2025-12-14 00:00:00+00:00
1765674000000,0.958,0.962,0.957,0.961,562783.21,1765677600000,540127.87513,1231,2025-12-14 01:00:00+00:00
1765677600000,0.961,0.964,0.959,0.959,707038.09,1765681200000,679662.5946,1392,2025-12-14 02:00:00+00:00
1765681200000,0.96,0.961,0.957,0.96,474090.26,1765684800000,454839.9635,1033,2025-12-14 03:00:00+00:00
1765684800000,0.959,0.967,0.958,0.96,1068229.34,1765688400000,1028263.73284,2166,2025-12-14 04:00:00+00:00
1765688400000,0.96,0.96,0.949,0.952,1729581.13,1765692000000,1648993.95757,2937,2025-12-14 05:00:00+00:00
1765692000000,0.952,0.955,0.949,0.954,689864.19,1765695600000,656706.63181,1315,2025-12-14 06:00:00+00:00
1765695600000,0.954,0.962,0.954,0.962,526996.43,1765699200000,505109.04046,1443,2025-12-14 07:00:00+00:00
1765699200000,0.963,0.965,0.958,0.958,987345.87,1765702800000,949431.77945,2212,2025-12-14 08:00:00+00:00
1765702800000,0.958,0.961,0.946,0.951,1589133.92,1765706400000,1512981.81242,3460,2025-12-14 09:00:00+00:00
1765706400000,0.95,0.951,0.938,0.944,2529578.16,1765710000000,2388599.9697,4342,2025-12-14 10:00:00+00:00
1765710000000,0.945,0.948,0.937,0.946,5693888.12,1765713600000,5371188.62052,7202,2025-12-14 11:00:00+00:00
1765713600000,0.946,0.957,0.943,0.953,2940291.9,1765717200000,2794351.27203,4836,2025-12-14 12:00:00+00:00
1765717200000,0.952,0.953,0.946,0.952,1056043.39,1765720800000,1003050.90069,2505,2025-12-14 13:00:00+00:00
1765720800000,0.952,0.954,0.938,0.942,1860094.4,1765724400000,1755858.84526,3596,2025-12-14 14:00:00+00:00
1765724400000,0.942,0.944,0.938,0.938,1415722.91,1765728000000,1331386.93692,2702,2025-12-14 15:00:00+00:00
1765728000000,0.938,0.944,0.933,0.94,1428769.74,1765731600000,1341749.55539,3325,2025-12-14 16:00:00+00:00
1765731600000,0.941,0.943,0.925,0.93,3839850.65,1765735200000,3574063.69136,7627,2025-12-14 17:00:00+00:00
1765735200000,0.929,0.933,0.927,0.932,980809.3,1765738800000,912301.59658,2615,2025-12-14 18:00:00+00:00
1765738800000,0.932,0.933,0.921,0.929,1670752.39,1765742400000,1547075.34237,3700,2025-12-14 19:00:00+00:00
1765742400000,0.928,0.933,0.925,0.927,1142086.61,1765746000000,1060966.20669,2723,2025-12-14 20:00:00+00:00
1765746000000,0.927,0.931,0.922,0.924,924726.22,1765749600000,857152.01024,2354,2025-12-14 21:00:00+00:00
1765749600000,0.925,0.954,0.917,0.925,5448117.11,1765753200000,5072349.92214,11717,2025-12-14 22:00:00+00:00
1765753200000,0.926,0.929,0.911,0.927,3312075.54,1765756800000,3055079.30613,7553,2025-12-14 23:00:00+00:00
1765756800000,0.927,0.937,0.925,0.933,1912177.43,1765760400000,1779596.66487,4771,2025-12-15 00:00:00+00:00
1765760400000,0.933,0.944,0.93,0.943,1813703.22,1765764000000,1699992.78437,4297,2025-12-15 01:00:00+00:00
1765764000000,0.943,0.95,0.936,0.937,1884008.4,1765767600000,1777284.90236,4707,2025-12-15 02:00:00+00:00
1765767600000,0.938,0.942,0.935,0.935,1168513.8,1765771200000,1096027.28559,2173,2025-12-15 03:00:00+00:00
1765771200000,0.935,0.94,0.928,0.936,2424623.81,1765774800000,2265810.45264,6320,2025-12-15 04:00:00+00:00
1765774800000,0.936,0.941,0.934,0.94,1215651.53,1765778400000,1139969.30463,4019,2025-12-15 05:00:00+00:00
1765778400000,0.939,0.94,0.935,0.937,867802.89,1765782000000,813596.28976,2561,2025-12-15 06:00:00+00:00
1765782000000,0.938,0.939,0.927,0.933,981100.54,1765785600000,914853.58191,2434,2025-12-15 07:00:00+00:00
1765785600000,0.933,0.937,0.931,0.931,1243982.93,1765789200000,1162257.88345,2057,2025-12-15 08:00:00+00:00
1765789200000,0.932,0.937,0.93,0.934,1193305.63,1765792800000,1114224.71467,2043,2025-12-15 09:00:00+00:00
1765792800000,0.934,0.934,0.9,0.907,6084936.84,1765796400000,5566556.92422,13884,2025-12-15 10:00:00+00:00
1765796400000,0.906,0.916,0.89,0.907,7300182.91,1765800000000,6606442.17096,13289,2025-12-15 11:00:00+00:00
1765800000000,0.906,0.912,0.888,0.904,23288968.71,1765803600000,20951509.28057,59273,2025-12-15 12:00:00+00:00
1765803600000,0.904,0.905,0.882,0.894,9836464.37,1765807200000,8818947.61772,20293,2025-12-15 13:00:00+00:00
1765807200000,0.894,0.905,0.863,0.876,16770838.63,1765810800000,14908117.98363,30551,2025-12-15 14:00:00+00:00
1765810800000,0.876,0.878,0.86,0.871,13613706.92,1765814400000,11827766.19829,26983,2025-12-15 15:00:00+00:00
1765814400000,0.87,0.874,0.85,0.857,8319404.19,1765818000000,7168176.0159,14994,2025-12-15 16:00:00+00:00
1765818000000,0.858,0.86,0.826,0.828,13511632.2,1765821600000,11334812.49564,22301,2025-12-15 17:00:00+00:00
1765821600000,0.828,0.836,0.819,0.833,10349225.97,1765825200000,8547606.53412,16935,2025-12-15 18:00:00+00:00
1765825200000,0.832,0.839,0.818,0.824,10428447.02,1765828800000,8621078.01757,14431,2025-12-15 19:00:00+00:00
1765828800000,0.824,0.824,0.808,0.81,8999780.52,1765832400000,7342178.60596,15576,2025-12-15 20:00:00+00:00
1765832400000,0.811,0.821,0.809,0.819,4717600.17,1765836000000,3844694.30068,8298,2025-12-15 21:00:00+00:00
1765836000000,0.82,0.822,0.765,0.794,18751279.5,1765839600000,14833481.96146,25827,2025-12-15 22:00:00+00:00
1765839600000,0.793,0.809,0.79,0.805,7971448.27,1765843200000,6393715.50302,15048,2025-12-15 23:00:00+00:00
1765843200000,0.806,0.806,0.786,0.79,9307042.49,1765846800000,7373968.59774,16058,2025-12-16 00:00:00+00:00
1765846800000,0.79,0.808,0.786,0.807,5581180.62,1765850400000,4433176.57996,10084,2025-12-16 01:00:00+00:00
1765850400000,0.807,0.831,0.8,0.826,9243334.16,1765854000000,7549543.62252,14918,2025-12-16 02:00:00+00:00
1765854000000,0.825,0.83,0.816,0.822,4597961.45,1765857600000,3779894.64743,7653,2025-12-16 03:00:00+00:00
1765857600000,0.821,0.833,0.817,0.828,4305302.92,1765861200000,3554159.16122,7935,2025-12-16 04:00:00+00:00
1765861200000,0.828,0.836,0.826,0.829,2796916.81,1765864800000,2323257.66422,6151,2025-12-16 05:00:00+00:00
1765864800000,0.829,0.834,0.828,0.829,1680004.77,1765868400000,1395411.25288,4353,2025-12-16 06:00:00+00:00
1765868400000,0.83,0.832,0.81,0.813,3834392.18,1765872000000,3145888.27671,8642,2025-12-16 07:00:00+00:00
1765872000000,0.814,0.823,0.811,0.818,2755064.61,1765875600000,2250251.10644,5297,2025-12-16 08:00:00+00:00
1765875600000,0.819,0.821,0.812,0.818,2135368.22,1765879200000,1743221.07962,5710,2025-12-16 09:00:00+00:00
1765879200000,0.817,0.823,0.814,0.815,2369552.34,1765882800000,1938959.99591,4983,2025-12-16 10:00:00+00:00
1765882800000,0.816,0.818,0.81,0.818,2449259.77,1765886400000,1994269.14808,4938,2025-12-16 11:00:00+00:00
1765886400000,0.818,0.821,0.814,0.815,1946584.12,1765890000000,1590969.60644,3857,2025-12-16 12:00:00+00:00
1765890000000,0.816,0.825,0.805,0.812,5137993.92,1765893600000,4187238.74175,9456,2025-12-16 13:00:00+00:00
1765893600000,0.813,0.816,0.803,0.81,4727868.21,1765897200000,3831419.22677,10584,2025-12-16 14:00:00+00:00
1765897200000,0.811,0.815,0.8,0.813,4768378.31,1765900800000,3849007.22745,9382,2025-12-16 15:00:00+00:00
1765900800000,0.813,0.813,0.79,0.791,5743490.59,1765904400000,4601461.28653,10506,2025-12-16 16:00:00+00:00
1765904400000,0.791,0.794,0.772,0.783,8046129.66,1765908000000,6310859.93973,13761,2025-12-16 17:00:00+00:00
1765908000000,0.783,0.788,0.775,0.776,6783398.93,1765911600000,5301394.16345,11830,2025-12-16 18:00:00+00:00
1765911600000,0.776,0.776,0.737,0.759,15543317.41,1765915200000,11728084.78306,27492,2025-12-16 19:00:00+00:00
1765915200000,0.758,0.778,0.752,0.772,5059773.62,1765918800000,3872536.32052,8048,2025-12-16 20:00:00+00:00
1765918800000,0.772,0.79,0.772,0.789,2628173.68,1765922400000,2058864.10719,5069,2025-12-16 21:00:00+00:00
1765922400000,0.788,0.797,0.784,0.795,2138662.25,1765926000000,1687438.39323,4544,2025-12-16 22:00:00+00:00
1765926000000,0.796,0.801,0.789,0.797,4567556.64,1765929600000,3629846.24023,6556,2025-12-16 23:00:00+00:00
1765929600000,0.798,0.798,0.786,0.788,1999798.76,1765933200000,1580655.1955,4348,2025-12-17 00:00:00+00:00
1765933200000,0.788,0.795,0.785,0.789,1853136.67,1765936800000,1463391.32023,3201,2025-12-17 01:00:00+00:00
1765936800000,0.789,0.794,0.78,0.78,1764608.73,1765940400000,1387384.09709,3861,2025-12-17 02:00:00+00:00
1765940400000,0.781,0.789,0.773,0.775,3067921.06,1765944000000,2390724.67967,4931,2025-12-17 03:00:00+00:00
1765944000000,0.776,0.776,0.762,0.768,4084949.67,1765947600000,3137351.3425,6786,2025-12-17 04:00:00+00:00
1765947600000,0.768,0.774,0.763,0.77,2150045.27,1765951200000,1654738.25067,4323,2025-12-17 05:00:00+00:00
1765951200000,0.77,0.771,0.764,0.767,2654324.02,1765954800000,2039299.70208,3880,2025-12-17 06:00:00+00:00
1765954800000,0.767,0.773,0.766,0.77,1967941.55,1765958400000,1514543.95003,3554,2025-12-17 07:00:00+00:00
1765958400000,0.769,0.769,0.729,0.742,15074851.64,1765962000000,11227542.72455,19189,2025-12-17 08:00:00+00:00
1765962000000,0.743,0.751,0.74,0.743,5248694.75,1765965600000,3912334.11247,8461,2025-12-17 09:00:00+00:00
1765965600000,0.744,0.75,0.742,0.748,2164429.17,1765969200000,1617504.5137,4805,2025-12-17 10:00:00+00:00
1765969200000,0.747,0.754,0.741,0.753,3429658.44,1765972800000,2557143.42191,5671,2025-12-17 11:00:00+00:00
1765972800000,0.753,0.759,0.746,0.757,2563875.01,1765976400000,1930642.993,5312,2025-12-17 12:00:00+00:00
1765976400000,0.758,0.769,0.755,0.765,3791454.49,1765980000000,2895266.56317,7530,2025-12-17 13:00:00+00:00
1765980000000,0.765,0.766,0.737,0.765,8655380.62,1765983600000,6513918.71099,16396,2025-12-17 14:00:00+00:00
1765983600000,0.765,0.788,0.753,0.764,20853712.45,1765987200000,16105931.89564,36236,2025-12-17 15:00:00+00:00
1765987200000,0.763,0.771,0.741,0.767,11725449.24,1765990800000,8856713.49773,21805,2025-12-17 16:00:00+00:00
1765990800000,0.766,0.766,0.73,0.745,6802607.13,1765994400000,5069532.31378,13483,2025-12-17 17:00:00+00:00
1765994400000,0.745,0.755,0.735,0.739,3459495.22,1765998000000,2578965.80418,8097,2025-12-17 18:00:00+00:00
1765998000000,0.74,0.742,0.726,0.736,3721572.53,1766001600000,2731613.5451,9013,2025-12-17 19:00:00+00:00
1766001600000,0.736,0.741,0.732,0.734,1368713.91,1766005200000,1007645.30806,3712,2025-12-17 20:00:00+00:00
1766005200000,0.735,0.737,0.712,0.714,4881559.36,1766008800000,3517621.44675,10276,2025-12-17 21:00:00+00:00
1766008800000,0.715,0.72,0.703,0.711,6640311.04,1766012400000,4732616.76924,12188,2025-12-17 22:00:00+00:00
1766012400000,0.712,0.72,0.706,0.712,4799680.1,1766016000000,3422867.72591,6526,2025-12-17 23:00:00+00:00
1766016000000,0.713,0.719,0.704,0.718,2859246.77,1766019600000,2033689.77121,4939,2025-12-18 00:00:00+00:00
1766019600000,0.717,0.718,0.705,0.715,2530038.0,1766023200000,1800957.59807,5106,2025-12-18 01:00:00+00:00
1766023200000,0.715,0.716,0.706,0.713,3930693.09,1766026800000,2791904.62408,6262,2025-12-18 02:00:00+00:00
1766026800000,0.712,0.713,0.685,0.693,9375627.56,1766030400000,6524453.84728,12316,2025-12-18 03:00:00+00:00
1766030400000,0.692,0.698,0.689,0.691,5024395.98,1766034000000,3481656.60603,7166,2025-12-18 04:00:00+00:00
1766034000000,0.691,0.691,0.676,0.679,5899900.07,1766037600000,4029104.63955,10223,2025-12-18 05:00:00+00:00
1766037600000,0.678,0.695,0.672,0.693,6833501.0,1766041200000,4644553.08236,10099,2025-12-18 06:00:00+00:00
1766041200000,0.693,0.702,0.691,0.698,5159207.32,1766044800000,3594628.87652,8093,2025-12-18 07:00:00+00:00
1766044800000,0.698,0.699,0.689,0.692,3141760.27,1766048400000,2173898.37512,5839,2025-12-18 08:00:00+00:00
1766048400000,0.691,0.695,0.684,0.69,3716616.97,1766052000000,2561376.60107,5690,2025-12-18 09:00:00+00:00
1766052000000,0.689,0.694,0.686,0.69,1723729.67,1766055600000,1191106.88336,3459,2025-12-18 10:00:00+00:00
1766055600000,0.691,0.696,0.687,0.694,2256488.36,1766059200000,1561939.42762,4187,2025-12-18 11:00:00+00:00
1766059200000,0.693,0.698,0.69,0.691,3171346.97,1766062800000,2204425.59343,4610,2025-12-18 12:00:00+00:00
1766062800000,0.691,0.711,0.687,0.709,13683182.7,1766066400000,9593580.49421,17105,2025-12-18 13:00:00+00:00
1766066400000,0.709,0.718,0.694,0.704,8299416.97,1766070000000,5847031.44815,13782,2025-12-18 14:00:00+00:00
1766070000000,0.704,0.713,0.7,0.711,4360823.86,1766073600000,3082401.67227,8640,2025-12-18 15:00:00+00:00
1766073600000,0.711,0.719,0.703,0.706,3629971.07,1766077200000,2576737.89024,7402,2025-12-18 16:00:00+00:00
1766077200000,0.706,0.708,0.673,0.693,9794046.42,1766080800000,6723515.08065,18307,2025-12-18 17:00:00+00:00
1766080800000,0.694,0.697,0.678,0.681,3669767.66,1766084400000,2527157.26835,7601,2025-12-18 18:00:00+00:00
1766084400000,0.682,0.684,0.658,0.658,8481455.01,1766088000000,5689672.51824,14104,2025-12-18 19:00:00+00:00
1766088000000,0.658,0.674,0.658,0.668,4849283.13,1766091600000,3234236.46448,9388,2025-12-18 20:00:00+00:00
1766091600000,0.668,0.684,0.668,0.682,3359425.38,1766095200000,2279432.87581,6027,2025-12-18 21:00:00+00:00
1766095200000,0.683,0.686,0.675,0.678,1723230.9,1766098800000,1171611.82101,3160,2025-12-18 22:00:00+00:00
1766098800000,0.677,0.678,0.668,0.668,1701989.54,1766102400000,1145681.19042,2970,2025-12-18 23:00:00+00:00
1766102400000,0.669,0.675,0.661,0.67,4277327.33,1766106000000,2851410.50714,6470,2025-12-19 00:00:00+00:00
1766106000000,0.669,0.669,0.658,0.662,2875875.88,1766109600000,1908236.71221,5169,2025-12-19 01:00:00+00:00
1766109600000,0.661,0.668,0.655,0.667,3173709.89,1766113200000,2103284.18872,5940,2025-12-19 02:00:00+00:00
1766113200000,0.667,0.693,0.667,0.689,6957100.79,1766116800000,4736092.64074,12466,2025-12-19 03:00:00+00:00
1766116800000,0.69,0.696,0.686,0.692,3453664.06,1766120400000,2387526.62908,5892,2025-12-19 04:00:00+00:00
1766120400000,0.692,0.693,0.676,0.681,5541485.53,1766124000000,3778096.32898,8062,2025-12-19 05:00:00+00:00
1766124000000,0.682,0.688,0.678,0.688,3317489.19,1766127600000,2263840.85404,5455,2025-12-19 06:00:00+00:00
1766127600000,0.688,0.701,0.687,0.69,3850103.37,1766131200000,2666865.97292,7896,2025-12-19 07:00:00+00:00
1766131200000,0.691,0.694,0.678,0.685,3604877.47,1766134800000,2469891.34498,6288,2025-12-19 08:00:00+00:00
1766134800000,0.685,0.688,0.68,0.682,3664179.26,1766138400000,2506590.99098,5509,2025-12-19 09:00:00+00:00
1766138400000,0.682,0.688,0.681,0.688,1912419.41,1766142000000,1310130.87403,3395,2025-12-19 10:00:00+00:00
1766142000000,0.687,0.703,0.686,0.697,4289736.13,1766145600000,2984748.76789,6703,2025-12-19 11:00:00+00:00
1766145600000,0.698,0.707,0.693,0.701,3294720.1,1766149200000,2306342.25009,6517,2025-12-19 12:00:00+00:00
1766149200000,0.702,0.711,0.699,0.702,2810656.18,1766152800000,1981512.14625,5295,2025-12-19 13:00:00+00:00
1766152800000,0.703,0.734,0.701,0.73,6593906.22,1766156400000,4711094.52291,13740,2025-12-19 14:00:00+00:00
1766156400000,0.729,0.747,0.712,0.715,13191155.87,1766160000000,9610778.25538,21602,2025-12-19 15:00:00+00:00
1766160000000,0.714,0.732,0.713,0.723,5326494.1,1766163600000,3857442.58949,12338,2025-12-19 16:00:00+00:00
1766163600000,0.723,0.732,0.696,0.697,8173314.6,1766167200000,5842329.2208,19934,2025-12-19 17:00:00+00:00
1766167200000,0.698,0.71,0.696,0.706,6310654.33,1766170800000,4440362.35351,15052,2025-12-19 18:00:00+00:00
1766170800000,0.706,0.733,0.706,0.724,4491757.94,1766174400000,3250162.97241,10438,2025-12-19 19:00:00+00:00
1766174400000,0.725,0.73,0.718,0.726,2726238.04,1766178000000,1975613.00696,5206,2025-12-19 20:00:00+00:00
1766178000000,0.725,0.727,0.718,0.718,1250621.09,1766181600000,904118.33336,2657,2025-12-19 21:00:00+00:00
1766181600000,0.719,0.725,0.718,0.719,1191550.41,1766185200000,859597.48622,2157,2025-12-19 22:00:00+00:00
1766185200000,0.718,0.722,0.713,0.716,1482333.84,1766188800000,1062882.68508,2557,2025-12-19 23:00:00+00:00
1766188800000,0.715,0.719,0.713,0.717,1068969.42,1766192400000,766109.0738,2197,2025-12-20 00:00:00+00:00
1766192400000,0.718,0.72,0.716,0.717,1099472.72,1766196000000,789305.20299,1853,2025-12-20 01:00:00+00:00
1766196000000,0.717,0.717,0.71,0.714,1339964.27,1766199600000,956456.49539,2243,2025-12-20 02:00:00+00:00
1766199600000,0.715,0.732,0.711,0.725,3459643.97,1766203200000,2501847.9067,6058,2025-12-20 03:00:00+00:00
1766203200000,0.726,0.731,0.723,0.731,2009003.89,1766206800000,1461735.06946,3552,2025-12-20 04:00:00+00:00
1766206800000,0.731,0.732,0.722,0.723,2291116.19,1766210400000,1669254.19385,4860,2025-12-20 05:00:00+00:00
1766210400000,0.724,0.728,0.722,0.724,883511.42,1766214000000,640444.91268,1670,2025-12-20 06:00:00+00:00
1766214000000,0.724,0.726,0.719,0.725,1634276.74,1766217600000,1180412.0299,2611,2025-12-20 07:00:00+00:00
1766217600000,0.725,0.735,0.723,0.724,3162549.34,1766221200000,2307615.06972,5145,2025-12-20 08:00:00+00:00
1766221200000,0.724,0.73,0.723,0.726,1700520.77,1766224800000,1235027.7909,2423,2025-12-20 09:00:00+00:00
1766224800000,0.725,0.728,0.718,0.723,2053582.67,1766228400000,1482783.06534,3147,2025-12-20 10:00:00+00:00
1766228400000,0.722,0.729,0.721,0.727,1082042.98,1766232000000,785773.41541,1958,2025-12-20 11:00:00+00:00
1766232000000,0.728,0.729,0.722,0.728,1298910.42,1766235600000,942038.39548,2195,2025-12-20 12:00:00+00:00
1766235600000,0.727,0.73,0.72,0.724,1903426.4,1766239200000,1376968.93835,2858,2025-12-20 13:00:00+00:00
1766239200000,0.724,0.725,0.716,0.72,1607679.71,1766242800000,1156423.56569,2568,2025-12-20 14:00:00+00:00
1766242800000,0.721,0.721,0.713,0.716,1854709.72,1766246400000,1329020.53006,2420,2025-12-20 15:00:00+00:00
1766246400000,0.716,0.718,0.713,0.717,1267287.66,1766250000000,907251.84212,1886,2025-12-20 16:00:00+00:00
1766250000000,0.718,0.721,0.716,0.721,583785.21,1766253600000,419911.70973,1265,2025-12-20 17:00:00+00:00
1766253600000,0.721,0.729,0.719,0.728,926610.74,1766257200000,671110.09193,1743,2025-12-20 18:00:00+00:00
1766257200000,0.728,0.728,0.723,0.723,1192240.43,1766260800000,865119.90815,1398,2025-12-20 19:00:00+00:00
1766260800000,0.724,0.726,0.722,0.725,708609.61,1766264400000,513156.63614,1245,2025-12-20 20:00:00+00:00
1766264400000,0.725,0.729,0.719,0.72,1036183.75,1766268000000,751464.03552,1620,2025-12-20 21:00:00+00:00
1766268000000,0.721,0.725,0.719,0.725,748631.92,1766271600000,540748.53084,1688,2025-12-20 22:00:00+00:00
1766271600000,0.724,0.728,0.721,0.723,953323.87,1766275200000,689688.97017,1944,2025-12-20 23:00:00+00:00
1766275200000,0.723,0.723,0.718,0.721,1111243.38,1766278800000,800356.75609,2292,2025-12-21 00:00:00+00:00
1766278800000,0.721,0.721,0.714,0.715,1051330.68,1766282400000,753581.36452,2312,2025-12-21 01:00:00+00:00
1766282400000,0.715,0.721,0.713,0.716,2807611.62,1766286000000,2014288.78179,4806,2025-12-21 02:00:00+00:00
1766286000000,0.716,0.727,0.715,0.726,1647751.9,1766289600000,1191387.63973,3622,2025-12-21 03:00:00+00:00
1766289600000,0.726,0.728,0.722,0.726,1352161.76,1766293200000,979961.79474,2251,2025-12-21 04:00:00+00:00
1766293200000,0.726,0.728,0.722,0.724,838947.94,1766296800000,608000.62348,1648,2025-12-21 05:00:00+00:00
1766296800000,0.723,0.739,0.723,0.735,3410891.92,1766300400000,2501278.14638,5609,2025-12-21 06:00:00+00:00
1766300400000,0.736,0.737,0.728,0.73,2349512.48,1766304000000,1720104.00184,3487,2025-12-21 07:00:00+00:00
1766304000000,0.729,0.736,0.725,0.734,1709698.58,1766307600000,1248094.03018,4332,2025-12-21 08:00:00+00:00
1766307600000,0.734,0.736,0.724,0.731,2813346.91,1766311200000,2051330.22544,6263,2025-12-21 09:00:00+00:00
1766311200000,0.731,0.733,0.719,0.721,2044294.44,1766314800000,1482599.04402,5363,2025-12-21 10:00:00+00:00
1766314800000,0.721,0.723,0.717,0.718,785390.12,1766318400000,565611.95911,2607,2025-12-21 11:00:00+00:00
1766318400000,0.718,0.721,0.714,0.718,1290570.99,1766322000000,926411.02821,3129,2025-12-21 12:00:00+00:00
1766322000000,0.718,0.718,0.686,0.689,6714100.04,1766325600000,4694664.34628,13678,2025-12-21 13:00:00+00:00
1766325600000,0.688,0.699,0.687,0.697,2590112.71,1766329200000,1798117.72605,4981,2025-12-21 14:00:00+00:00
1766329200000,0.696,0.699,0.692,0.697,1758585.82,1766332800000,1221662.37915,4336,2025-12-21 15:00:00+00:00
1766332800000,0.696,0.7,0.693,0.7,1241556.27,1766336400000,865415.81751,2849,2025-12-21 16:00:00+00:00
1766336400000,0.7,0.707,0.7,0.706,1034386.77,1766340000000,727937.3094,2496,2025-12-21 17:00:00+00:00
1766340000000,0.705,0.706,0.699,0.704,854859.34,1766343600000,600025.01663,2012,2025-12-21 18:00:00+00:00
1766343600000,0.704,0.709,0.702,0.706,996955.58,1766347200000,704172.14006,2227,2025-12-21 19:00:00+00:00
1766347200000,0.707,0.708,0.7,0.702,985201.56,1766350800000,691813.39614,2535,2025-12-21 20:00:00+00:00
1766350800000,0.702,0.704,0.698,0.703,1281877.14,1766354400000,898471.64696,3373,2025-12-21 21:00:00+00:00
1766354400000,0.703,0.711,0.701,0.709,822340.4,1766358000000,579241.05862,2352,2025-12-21 22:00:00+00:00
1766358000000,0.71,0.715,0.706,0.709,1323941.62,1766361600000,940243.01008,3346,2025-12-21 23:00:00+00:00
1766361600000,0.708,0.722,0.708,0.709,2954184.42,1766365200000,2112693.01353,7446,2025-12-22 00:00:00+00:00
1766365200000,0.709,0.716,0.709,0.711,1512662.82,1766368800000,1077054.56815,4105,2025-12-22 01:00:00+00:00
1766368800000,0.71,0.711,0.702,0.706,2245392.67,1766372400000,1585508.91466,5083,2025-12-22 02:00:00+00:00
1766372400000,0.707,0.713,0.705,0.707,1125219.13,1766376000000,798468.25149,2478,2025-12-22 03:00:00+00:00
1766376000000,0.707,0.711,0.706,0.71,1083019.22,1766379600000,767509.07693,1949,2025-12-22 04:00:00+00:00
1766379600000,0.709,0.712,0.702,0.703,1462891.28,1766383200000,1034737.95787,2242,2025-12-22 05:00:00+00:00
1766383200000,0.702,0.71,0.7,0.707,1113023.44,1766386800000,783201.5716,2023,2025-12-22 06:00:00+00:00
1766386800000,0.706,0.715,0.706,0.713,723522.33,1766390400000,515143.7113,1561,2025-12-22 07:00:00+00:00
1766390400000,0.713,0.719,0.712,0.712,1701417.83,1766394000000,1217048.75628,4074,2025-12-22 08:00:00+00:00
1766394000000,0.713,0.718,0.71,0.718,1015443.56,1766397600000,724150.5174,2357,2025-12-22 09:00:00+00:00
1766397600000,0.717,0.726,0.716,0.722,2401875.02,1766401200000,1732609.35868,4248,2025-12-22 10:00:00+00:00
1766401200000,0.721,0.723,0.714,0.719,1657425.59,1766404800000,1192835.79732,2907,2025-12-22 11:00:00+00:00
1766404800000,0.719,0.738,0.719,0.733,11569591.06,1766408400000,8468410.86364,15536,2025-12-22 12:00:00+00:00
1766408400000,0.733,0.733,0.714,0.717,4201192.91,1766412000000,3031647.90046,6969,2025-12-22 13:00:00+00:00
1766412000000,0.717,0.723,0.707,0.714,5375488.03,1766415600000,3836765.11525,9041,2025-12-22 14:00:00+00:00
1766415600000,0.713,0.717,0.703,0.714,4528000.71,1766419200000,3217852.17487,7990,2025-12-22 15:00:00+00:00
1766419200000,0.714,0.716,0.706,0.707,2140986.57,1766422800000,1525110.75356,4117,2025-12-22 16:00:00+00:00
1766422800000,0.708,0.71,0.704,0.708,1268456.15,1766426400000,896087.33318,2412,2025-12-22 17:00:00+00:00
1766426400000,0.707,0.711,0.705,0.706,1377633.26,1766430000000,975137.44429,2103,2025-12-22 18:00:00+00:00
1766430000000,0.706,0.706,0.687,0.689,3388493.1,1766433600000,2351809.19258,6484,2025-12-22 19:00:00+00:00
1766433600000,0.689,0.694,0.686,0.691,1641869.42,1766437200000,1133315.03707,3831,2025-12-22 20:00:00+00:00
1766437200000,0.691,0.698,0.69,0.696,928210.6,1766440800000,645403.6153,1726,2025-12-22 21:00:00+00:00
1766440800000,0.696,0.702,0.694,0.7,891448.33,1766444400000,621714.86165,1730,2025-12-22 22:00:00+00:00
1766444400000,0.7,0.704,0.698,0.704,796189.76,1766448000000,558007.90892,1546,2025-12-22 23:00:00+00:00
1766448000000,0.704,0.711,0.701,0.708,962546.38,1766451600000,680181.19667,2326,2025-12-23 00:00:00+00:00
1766451600000,0.708,0.715,0.708,0.714,1000344.82,1766455200000,710967.38279,2123,2025-12-23 01:00:00+00:00
1766455200000,0.714,0.719,0.71,0.711,1693490.37,1766458800000,1209749.49861,3457,2025-12-23 02:00:00+00:00
1766458800000,0.711,0.711,0.703,0.706,1569321.51,1766462400000,1108486.32652,3265,2025-12-23 03:00:00+00:00
1766462400000,0.706,0.707,0.7,0.701,913767.84,1766466000000,641612.08235,1639,2025-12-23 04:00:00+00:00
1766466000000,0.701,0.704,0.698,0.701,1352326.13,1766469600000,947320.71862,2822,2025-12-23 05:00:00+00:00
1766469600000,0.7,0.702,0.689,0.692,2614126.35,1766473200000,1816771.47283,4932,2025-12-23 06:00:00+00:00
1766473200000,0.692,0.696,0.689,0.696,1130452.42,1766476800000,782727.79641,2753,2025-12-23 07:00:00+00:00
1766476800000,0.696,0.698,0.686,0.689,1972098.67,1766480400000,1363175.02432,4064,2025-12-23 08:00:00+00:00
1766480400000,0.69,0.695,0.689,0.693,1054720.14,1766484000000,729844.51147,2147,2025-12-23 09:00:00+00:00
1766484000000,0.693,0.695,0.689,0.692,663324.7,1766487600000,459124.61932,1519,2025-12-23 10:00:00+00:00
1766487600000,0.693,0.699,0.692,0.695,1473735.41,1766491200000,1024886.61332,2713,2025-12-23 11:00:00+00:00
1766491200000,0.695,0.696,0.689,0.694,725290.41,1766494800000,502449.89217,1484,2025-12-23 12:00:00+00:00
1766494800000,0.694,0.703,0.692,0.697,2176745.23,1766498400000,1516575.71144,4132,2025-12-23 13:00:00+00:00
1766498400000,0.697,0.702,0.654,0.682,9642569.93,1766502000000,6523368.15049,15096,2025-12-23 14:00:00+00:00
1766502000000,0.682,0.686,0.673,0.683,3971904.19,1766505600000,2703864.83299,8099,2025-12-23 15:00:00+00:00
1766505600000,0.684,0.69,0.68,0.689,2501441.22,1766509200000,1717907.07407,6002,2025-12-23 16:00:00+00:00
1766509200000,0.689,0.689,0.671,0.672,3770250.5,1766512800000,2571666.36634,5205,2025-12-23 17:00:00+00:00
1766512800000,0.672,0.684,0.67,0.682,2001823.42,1766516400000,1355058.29404,3992,2025-12-23 18:00:00+00:00
1766516400000,0.682,0.684,0.676,0.678,871751.87,1766520000000,592481.7183,2239,2025-12-23 19:00:00+00:00
1766520000000,0.679,0.695,0.676,0.688,2441043.02,1766523600000,1680416.56299,4739,2025-12-23 20:00:00+00:00
1766523600000,0.688,0.696,0.684,0.693,2382364.39,1766527200000,1648336.65333,3526,2025-12-23 21:00:00+00:00
1766527200000,0.693,0.694,0.687,0.689,1252458.44,1766530800000,864228.34543,2181,2025-12-23 22:00:00+00:00
1766530800000,0.688,0.691,0.685,0.691,890590.81,1766534400000,612893.93459,1765,2025-12-23 23:00:00+00:00
1766534400000,0.691,0.696,0.688,0.695,825241.32,1766538000000,570707.73477,2026,2025-12-24 00:00:00+00:00
1766538000000,0.695,0.696,0.687,0.689,837780.97,1766541600000,579489.00086,1877,2025-12-24 01:00:00+00:00
1766541600000,0.688,0.69,0.678,0.68,1671255.69,1766545200000,1139931.39354,3051,2025-12-24 02:00:00+00:00
1766545200000,0.679,0.685,0.673,0.684,1923124.76,1766548800000,1307099.23556,3660,2025-12-24 03:00:00+00:00
1766548800000,0.683,0.688,0.677,0.677,1646943.23,1766552400000,1123476.23844,2800,2025-12-24 04:00:00+00:00
1766552400000,0.678,0.679,0.669,0.671,1948887.6,1766556000000,1312564.4442,3494,2025-12-24 05:00:00+00:00
1766556000000,0.671,0.675,0.667,0.675,1379747.46,1766559600000,926635.24938,2534,2025-12-24 06:00:00+00:00
1766559600000,0.675,0.676,0.665,0.666,1506600.74,1766563200000,1009308.51612,2843,2025-12-24 07:00:00+00:00
1766563200000,0.666,0.671,0.664,0.667,1356093.15,1766566800000,907033.7249,2436,2025-12-24 08:00:00+00:00
1766566800000,0.668,0.675,0.664,0.674,2443314.19,1766570400000,1635613.74582,2973,2025-12-24 09:00:00+00:00
1766570400000,0.674,0.68,0.673,0.678,1444619.04,1766574000000,978666.38917,2268,2025-12-24 10:00:00+00:00
1766574000000,0.678,0.684,0.678,0.681,884530.27,1766577600000,602651.05978,2855,2025-12-24 11:00:00+00:00
1766577600000,0.682,0.682,0.677,0.681,958907.72,1766581200000,651068.81396,3040,2025-12-24 12:00:00+00:00
1766581200000,0.681,0.682,0.674,0.677,782060.72,1766584800000,530305.81934,2918,2025-12-24 13:00:00+00:00
1766584800000,0.678,0.684,0.669,0.681,3798308.18,1766588400000,2575027.52333,6802,2025-12-24 14:00:00+00:00
1766588400000,0.681,0.696,0.681,0.692,2678321.47,1766592000000,1846114.36823,5809,2025-12-24 15:00:00+00:00
1766592000000,0.692,0.699,0.689,0.697,2176191.14,1766595600000,1511436.03027,5312,2025-12-24 16:00:00+00:00
1766595600000,0.698,0.7,0.693,0.696,1437790.65,1766599200000,1001245.46779,2978,2025-12-24 17:00:00+00:00
1766599200000,0.696,0.698,0.694,0.696,619309.85,1766602800000,431106.29659,2011,2025-12-24 18:00:00+00:00
1766602800000,0.696,0.699,0.692,0.695,785264.78,1766606400000,545730.61072,2078,2025-12-24 19:00:00+00:00
1766606400000,0.695,0.699,0.694,0.694,608933.78,1766610000000,424395.75703,1479,2025-12-24 20:00:00+00:00
1766610000000,0.695,0.697,0.693,0.695,404157.42,1766613600000,280790.75908,1266,2025-12-24 21:00:00+00:00
1766613600000,0.696,0.7,0.694,0.699,604418.55,1766617200000,421473.27688,1377,2025-12-24 22:00:00+00:00
1766617200000,0.699,0.699,0.693,0.693,623382.64,1766620800000,433736.98624,1532,2025-12-24 23:00:00+00:00
1766620800000,0.694,0.695,0.687,0.688,897192.86,1766624400000,620196.12612,2695,2025-12-25 00:00:00+00:00
1766624400000,0.688,0.694,0.688,0.692,1114555.28,1766628000000,771040.10866,2623,2025-12-25 01:00:00+00:00
1766628000000,0.693,0.703,0.691,0.701,1870378.22,1766631600000,1302660.46402,2882,2025-12-25 02:00:00+00:00
1766631600000,0.702,0.708,0.7,0.706,2428236.3,1766635200000,1710407.07535,3757,2025-12-25 03:00:00+00:00
1766635200000,0.705,0.707,0.701,0.706,1097022.34,1766638800000,771848.26445,2208,2025-12-25 04:00:00+00:00
1766638800000,0.705,0.706,0.702,0.705,601750.81,1766642400000,423378.10245,1152,2025-12-25 05:00:00+00:00
1766642400000,0.704,0.706,0.699,0.704,852555.99,1766646000000,598747.15386,1773,2025-12-25 06:00:00+00:00
1766646000000,0.704,0.705,0.7,0.704,828658.77,1766649600000,582154.48778,1503,2025-12-25 07:00:00+00:00
1766649600000,0.704,0.707,0.696,0.699,1579922.41,1766653200000,1106028.49676,2885,2025-12-25 08:00:00+00:00
1766653200000,0.699,0.7,0.694,0.697,1220981.93,1766656800000,850307.8625,1517,2025-12-25 09:00:00+00:00
1766656800000,0.697,0.697,0.685,0.686,2416297.71,1766660400000,1664163.539,3355,2025-12-25 10:00:00+00:00
1766660400000,0.686,0.691,0.684,0.688,1691771.81,1766664000000,1162598.08376,2508,2025-12-25 11:00:00+00:00
1766664000000,0.688,0.693,0.687,0.692,874676.15,1766667600000,602694.42752,1292,2025-12-25 12:00:00+00:00
1766667600000,0.692,0.693,0.685,0.686,1342009.17,1766671200000,923873.98451,2127,2025-12-25 13:00:00+00:00
1766671200000,0.686,0.687,0.682,0.685,1542224.79,1766674800000,1055528.35686,2169,2025-12-25 14:00:00+00:00
1766674800000,0.685,0.698,0.683,0.693,3606598.16,1766678400000,2496812.95075,4132,2025-12-25 15:00:00+00:00
1766678400000,0.694,0.699,0.686,0.688,1690214.05,1766682000000,1173388.30872,2885,2025-12-25 16:00:00+00:00
1766682000000,0.689,0.693,0.686,0.691,1442837.09,1766685600000,995763.12231,2266,2025-12-25 17:00:00+00:00
1766685600000,0.691,0.692,0.687,0.69,3049635.02,1766689200000,2103749.67104,3219,2025-12-25 18:00:00+00:00
1766689200000,0.69,0.693,0.688,0.691,796160.25,1766692800000,549962.26153,1391,2025-12-25 19:00:00+00:00
1766692800000,0.692,0.695,0.688,0.691,1619130.65,1766696400000,1117738.97975,2391,2025-12-25 20:00:00+00:00
1766696400000,0.691,0.695,0.689,0.691,766394.96,1766700000000,530806.55959,1201,2025-12-25 21:00:00+00:00
1766700000000,0.692,0.692,0.676,0.68,1991952.91,1766703600000,1357933.2409,3477,2025-12-25 22:00:00+00:00
1766703600000,0.679,0.683,0.669,0.673,2218427.25,1766707200000,1498852.41657,3983,2025-12-25 23:00:00+00:00
1766707200000,0.673,0.679,0.672,0.679,1911288.41,1766710800000,1291448.24389,3267,2025-12-26 00:00:00+00:00
1766710800000,0.68,0.683,0.68,0.682,1212488.2,1766714400000,826385.40284,1630,2025-12-26 01:00:00+00:00
1766714400000,0.683,0.701,0.681,0.695,3783035.36,1766718000000,2630043.59571,6423,2025-12-26 02:00:00+00:00
1766718000000,0.695,0.696,0.69,0.694,1243209.23,1766721600000,862144.31045,2292,2025-12-26 03:00:00+00:00
1766721600000,0.693,0.694,0.688,0.693,995517.94,1766725200000,687652.43902,1693,2025-12-26 04:00:00+00:00
1766725200000,0.693,0.694,0.689,0.693,758888.92,1766728800000,524871.04421,1124,2025-12-26 05:00:00+00:00
1766728800000,0.692,0.702,0.692,0.7,2334787.12,1766732400000,1629784.41418,2531,2025-12-26 06:00:00+00:00
1766732400000,0.699,0.702,0.692,0.694,1961275.11,1766736000000,1366683.96647,2508,2025-12-26 07:00:00+00:00
1766736000000,0.693,0.698,0.692,0.697,1159241.54,1766739600000,805628.36485,1861,2025-12-26 08:00:00+00:00
1766739600000,0.698,0.706,0.696,0.703,1571493.88,1766743200000,1101443.78355,2330,2025-12-26 09:00:00+00:00
1766743200000,0.703,0.705,0.701,0.704,1008203.26,1766746800000,708450.26389,1728,2025-12-26 10:00:00+00:00
1766746800000,0.704,0.705,0.7,0.701,947759.01,1766750400000,665782.32272,1487,2025-12-26 11:00:00+00:00
1766750400000,0.702,0.706,0.7,0.705,1051822.15,1766754000000,739765.65541,1689,2025-12-26 12:00:00+00:00
1766754000000,0.706,0.708,0.703,0.703,1797632.92,1766757600000,1266852.36447,2386,2025-12-26 13:00:00+00:00
1766757600000,0.703,0.705,0.691,0.694,3094097.61,1766761200000,2159887.39566,4454,2025-12-26 14:00:00+00:00
1766761200000,0.694,0.698,0.687,0.697,4560812.02,1766764800000,3164314.44433,6435,2025-12-26 15:00:00+00:00
1766764800000,0.698,0.699,0.689,0.691,2023007.74,1766768400000,1406084.93942,2534,2025-12-26 16:00:00+00:00
1766768400000,0.691,0.701,0.69,0.699,2274276.16,1766772000000,1582389.18761,2392,2025-12-26 17:00:00+00:00
1766772000000,0.699,0.705,0.697,0.701,2453620.95,1766775600000,1723243.0586,2802,2025-12-26 18:00:00+00:00
1766775600000,0.7,0.706,0.699,0.704,741325.11,1766779200000,521058.3107,1151,2025-12-26 19:00:00+00:00
1766779200000,0.705,0.713,0.701,0.708,1603279.93,1766782800000,1133052.57045,2429,2025-12-26 20:00:00+00:00
1766782800000,0.708,0.713,0.706,0.707,1724928.74,1766786400000,1224645.06875,1954,2025-12-26 21:00:00+00:00
1766786400000,0.707,0.709,0.703,0.708,1236814.55,1766790000000,872959.40375,1705,2025-12-26 22:00:00+00:00
1766790000000,0.708,0.711,0.707,0.708,849718.89,1766793600000,602343.94547,1609,2025-12-26 23:00:00+00:00
1766793600000,0.709,0.71,0.705,0.708,788876.4,1766797200000,558240.17825,1267,2025-12-27 00:00:00+00:00
1766797200000,0.708,0.715,0.707,0.713,2086455.42,1766800800000,1484931.89832,2776,2025-12-27 01:00:00+00:00
1766800800000,0.714,0.719,0.71,0.711,3174065.1,1766804400000,2261736.47953,3600,2025-12-27 02:00:00+00:00
1766804400000,0.712,0.718,0.711,0.717,1383526.56,1766808000000,990160.35413,1563,2025-12-27 03:00:00+00:00
1766808000000,0.717,0.719,0.712,0.718,1039397.45,1766811600000,744015.2291,1412,2025-12-27 04:00:00+00:00
1766811600000,0.717,0.724,0.716,0.719,2007716.8,1766815200000,1444609.7813,2707,2025-12-27 05:00:00+00:00
1766815200000,0.719,0.72,0.714,0.716,887858.22,1766818800000,635893.23722,1271,2025-12-27 06:00:00+00:00
1766818800000,0.716,0.718,0.713,0.714,1136073.34,1766822400000,812968.71265,1476,2025-12-27 07:00:00+00:00
1766822400000,0.714,0.717,0.71,0.712,1041046.5,1766826000000,742228.97817,1611,2025-12-27 08:00:00+00:00
1766826000000,0.712,0.713,0.707,0.71,1975561.02,1766829600000,1402091.43415,1834,2025-12-27 09:00:00+00:00
1766829600000,0.71,0.712,0.706,0.71,1876624.56,1766833200000,1329869.58157,2223,2025-12-27 10:00:00+00:00
1766833200000,0.71,0.713,0.708,0.712,1004837.24,1766836800000,714409.17547,1350,2025-12-27 11:00:00+00:00
1766836800000,0.712,0.713,0.707,0.71,1212742.75,1766840400000,859984.52538,1986,2025-12-27 12:00:00+00:00
1766840400000,0.711,0.712,0.706,0.708,1439612.69,1766844000000,1021090.81549,1912,2025-12-27 13:00:00+00:00
1766844000000,0.708,0.713,0.707,0.711,1136448.83,1766847600000,806044.77871,1322,2025-12-27 14:00:00+00:00
1766847600000,0.711,0.716,0.711,0.715,1137874.04,1766851200000,811814.27613,1332,2025-12-27 15:00:00+00:00
1766851200000,0.716,0.718,0.709,0.711,1118135.29,1766854800000,797977.18725,1916,2025-12-27 16:00:00+00:00
1766854800000,0.71,0.712,0.709,0.71,641218.07,1766858400000,455309.46979,964,2025-12-27 17:00:00+00:00
1766858400000,0.71,0.71,0.707,0.709,506520.3,1766862000000,358607.28835,828,2025-12-27 18:00:00+00:00
1766862000000,0.709,0.712,0.707,0.711,664207.98,1766865600000,470996.69111,907,2025-12-27 19:00:00+00:00
1766865600000,0.71,0.712,0.707,0.709,404609.14,1766869200000,287058.57092,551,2025-12-27 20:00:00+00:00
1766869200000,0.709,0.722,0.709,0.72,1427474.37,1766872800000,1022481.18223,2483,2025-12-27 21:00:00+00:00
1766872800000,0.721,0.722,0.715,0.717,1745721.63,1766876400000,1254446.66215,2036,2025-12-27 22:00:00+00:00
1766876400000,0.718,0.724,0.716,0.721,1795338.76,1766880000000,1292770.9028,2598,2025-12-27 23:00:00+00:00
1766880000000,0.721,0.723,0.717,0.718,1059177.39,1766883600000,762869.85859,1561,2025-12-28 00:00:00+00:00
1766883600000,0.718,0.719,0.713,0.715,531378.82,1766887200000,380412.55485,1509,2025-12-28 01:00:00+00:00
1766887200000,0.714,0.718,0.713,0.714,732767.69,1766890800000,524763.9422,1581,2025-12-28 02:00:00+00:00
1766890800000,0.715,0.718,0.713,0.717,693439.54,1766894400000,496175.89024,1442,2025-12-28 03:00:00+00:00
1766894400000,0.717,0.719,0.714,0.715,856861.82,1766898000000,613863.73719,1162,2025-12-28 04:00:00+00:00
1766898000000,0.715,0.716,0.71,0.711,774013.47,1766901600000,552651.12532,1146,2025-12-28 05:00:00+00:00
1766901600000,0.71,0.714,0.71,0.713,833276.13,1766905200000,593099.24764,959,2025-12-28 06:00:00+00:00
1766905200000,0.713,0.716,0.712,0.716,531909.26,1766908800000,379816.56507,825,2025-12-28 07:00:00+00:00
1766908800000,0.715,0.721,0.714,0.719,1359182.78,1766912400000,976194.40933,1989,2025-12-28 08:00:00+00:00
1766912400000,0.718,0.722,0.718,0.719,683743.63,1766916000000,492082.30263,1250,2025-12-28 09:00:00+00:00
1766916000000,0.72,0.729,0.719,0.724,1282919.73,1766919600000,928527.6188,2428,2025-12-28 10:00:00+00:00
1766919600000,0.725,0.727,0.719,0.72,938885.5,1766923200000,677500.28978,1335,2025-12-28 11:00:00+00:00
1766923200000,0.72,0.722,0.716,0.718,728226.28,1766926800000,523512.58656,1282,2025-12-28 12:00:00+00:00
1766926800000,0.718,0.721,0.717,0.719,701392.17,1766930400000,504191.7767,1148,2025-12-28 13:00:00+00:00
1766930400000,0.719,0.724,0.718,0.719,880592.26,1766934000000,635354.4301,1858,2025-12-28 14:00:00+00:00
1766934000000,0.719,0.722,0.716,0.718,1596226.49,1766937600000,1147351.3381,2016,2025-12-28 15:00:00+00:00
1766937600000,0.718,0.723,0.718,0.722,788812.5,1766941200000,568147.504,1474,2025-12-28 16:00:00+00:00
1766941200000,0.722,0.729,0.721,0.722,1184791.44,1766944800000,859342.91133,1949,2025-12-28 17:00:00+00:00
1766944800000,0.722,0.723,0.711,0.714,1647320.04,1766948400000,1178782.92014,3407,2025-12-28 18:00:00+00:00
1766948400000,0.714,0.715,0.708,0.708,1097523.91,1766952000000,780236.9815,1920,2025-12-28 19:00:00+00:00
1766952000000,0.708,0.714,0.707,0.709,826729.81,1766955600000,587742.24222,1789,2025-12-28 20:00:00+00:00
1766955600000,0.71,0.712,0.708,0.71,784871.82,1766959200000,557100.11989,1440,2025-12-28 21:00:00+00:00
1766959200000,0.71,0.714,0.706,0.713,894429.62,1766962800000,634911.7815,1453,2025-12-28 22:00:00+00:00
1766962800000,0.713,0.716,0.71,0.715,533921.32,1766966400000,380371.60687,1266,2025-12-28 23:00:00+00:00
1766966400000,0.715,0.726,0.712,0.723,1297663.79,1766970000000,934778.60846,2690,2025-12-29 00:00:00+00:00
1766970000000,0.723,0.729,0.716,0.728,1257168.87,1766973600000,908407.63737,3027,2025-12-29 01:00:00+00:00
1766973600000,0.727,0.732,0.721,0.723,1750840.86,1766977200000,1272558.3952,4048,2025-12-29 02:00:00+00:00
1766977200000,0.723,0.732,0.72,0.73,1455816.92,1766980800000,1058500.68536,3362,2025-12-29 03:00:00+00:00
1766980800000,0.731,0.736,0.729,0.731,1122496.48,1766984400000,821346.08652,3134,2025-12-29 04:00:00+00:00
1766984400000,0.73,0.731,0.724,0.724,1169224.79,1766988000000,850702.69216,2618,2025-12-29 05:00:00+00:00
1766988000000,0.725,0.726,0.718,0.719,1172927.88,1766991600000,847024.64962,2401,2025-12-29 06:00:00+00:00
1766991600000,0.719,0.721,0.714,0.718,1555146.95,1766995200000,1115295.03184,3486,2025-12-29 07:00:00+00:00
1766995200000,0.719,0.722,0.712,0.713,882999.52,1766998800000,634052.39067,2032,2025-12-29 08:00:00+00:00
1766998800000,0.712,0.716,0.698,0.704,3031427.98,1767002400000,2136898.17802,6604,2025-12-29 09:00:00+00:00
1767002400000,0.704,0.708,0.702,0.703,1272321.44,1767006000000,896576.81388,2896,2025-12-29 10:00:00+00:00
1767006000000,0.703,0.706,0.701,0.703,1386641.57,1767009600000,975636.66341,2429,2025-12-29 11:00:00+00:00
1767009600000,0.703,0.703,0.685,0.694,4373599.4,1767013200000,3035533.35221,7855,2025-12-29 12:00:00+00:00
1767013200000,0.695,0.697,0.686,0.688,1815620.16,1767016800000,1253880.50439,3654,2025-12-29 13:00:00+00:00
1767016800000,0.688,0.698,0.684,0.69,3088691.19,1767020400000,2136080.10939,7245,2025-12-29 14:00:00+00:00
1767020400000,0.691,0.702,0.688,0.698,2370055.76,1767024000000,1649126.50501,5193,2025-12-29 15:00:00+00:00
1767024000000,0.699,0.703,0.696,0.699,1981087.91,1767027600000,1386501.99545,4626,2025-12-29 16:00:00+00:00
1767027600000,0.699,0.703,0.694,0.698,1374404.07,1767031200000,959060.82705,2969,2025-12-29 17:00:00+00:00
1767031200000,0.699,0.7,0.687,0.688,2003267.93,1767034800000,1387437.93989,3256,2025-12-29 18:00:00+00:00
1767034800000,0.689,0.695,0.687,0.69,886957.59,1767038400000,613159.48444,1962,2025-12-29 19:00:00+00:00
1767038400000,0.69,0.693,0.687,0.689,434860.48,1767042000000,299551.37346,1660,2025-12-29 20:00:00+00:00
1767042000000,0.689,0.695,0.689,0.693,512011.67,1767045600000,354188.6519,1132,2025-12-29 21:00:00+00:00
1767045600000,0.694,0.695,0.691,0.694,343109.61,1767049200000,237854.11056,989,2025-12-29 22:00:00+00:00
1767049200000,0.695,0.699,0.693,0.697,730842.07,1767052800000,509352.4165,1568,2025-12-29 23:00:00+00:00
1767052800000,0.697,0.699,0.691,0.692,939021.86,1767056400000,653142.48269,2271,2025-12-30 00:00:00+00:00
1767056400000,0.691,0.696,0.689,0.692,591376.56,1767060000000,409525.86804,1383,2025-12-30 01:00:00+00:00
1767060000000,0.693,0.694,0.689,0.691,769137.59,1767063600000,531737.84249,1525,2025-12-30 02:00:00+00:00
1767063600000,0.692,0.696,0.687,0.694,669987.0,1767067200000,463649.83668,1918,2025-12-30 03:00:00+00:00
1767067200000,0.695,0.696,0.69,0.694,516002.8,1767070800000,357879.79799,1242,2025-12-30 04:00:00+00:00
1767070800000,0.694,0.704,0.688,0.699,1607677.72,1767074400000,1117911.34542,3373,2025-12-30 05:00:00+00:00
1767074400000,0.699,0.704,0.696,0.698,1262390.77,1767078000000,883551.71313,2332,2025-12-30 06:00:00+00:00
1767078000000,0.698,0.698,0.694,0.696,773302.1,1767081600000,537878.8986,1454,2025-12-30 07:00:00+00:00
1767081600000,0.695,0.702,0.695,0.699,1826244.44,1767085200000,1277375.09927,3438,2025-12-30 08:00:00+00:00
1767085200000,0.699,0.702,0.697,0.698,1318915.21,1767088800000,922076.65376,1914,2025-12-30 09:00:00+00:00
1767088800000,0.699,0.699,0.691,0.692,1257611.64,1767092400000,873674.93434,2148,2025-12-30 10:00:00+00:00
1767092400000,0.692,0.697,0.691,0.693,1041100.15,1767096000000,722419.74337,1722,2025-12-30 11:00:00+00:00
1767096000000,0.693,0.697,0.688,0.69,1077209.13,1767099600000,745111.69544,2161,2025-12-30 12:00:00+00:00
1767099600000,0.69,0.698,0.689,0.697,974208.13,1767103200000,674214.01266,1885,2025-12-30 13:00:00+00:00
1767103200000,0.697,0.701,0.69,0.697,2197253.97,1767106800000,1526345.41991,4769,2025-12-30 14:00:00+00:00
1767106800000,0.698,0.699,0.69,0.696,1873080.01,1767110400000,1299047.09166,3631,2025-12-30 15:00:00+00:00
1767110400000,0.696,0.697,0.688,0.691,1873343.8,1767114000000,1296057.98876,3014,2025-12-30 16:00:00+00:00
1767114000000,0.691,0.693,0.686,0.687,986017.61,1767117600000,680605.82713,1860,2025-12-30 17:00:00+00:00
1767117600000,0.687,0.69,0.685,0.688,765870.94,1767121200000,526907.18117,1417,2025-12-30 18:00:00+00:00
1767121200000,0.687,0.689,0.681,0.689,1116110.05,1767124800000,765057.16111,1775,2025-12-30 19:00:00+00:00
1767124800000,0.689,0.69,0.685,0.688,894222.74,1767128400000,614926.76153,1426,2025-12-30 20:00:00+00:00
1767128400000,0.687,0.69,0.687,0.689,810707.3,1767132000000,558188.71183,1075,2025-12-30 21:00:00+00:00
1767132000000,0.689,0.691,0.685,0.688,463235.16,1767135600000,318824.13628,946,2025-12-30 22:00:00+00:00
1767135600000,0.688,0.69,0.687,0.69,883929.92,1767139200000,608315.74572,1095,2025-12-30 23:00:00+00:00
1767139200000,0.69,0.69,0.685,0.687,445129.19,1767142800000,305799.11369,810,2025-12-31 00:00:00+00:00
1767142800000,0.687,0.696,0.686,0.694,865726.81,1767146400000,599803.13849,1849,2025-12-31 01:00:00+00:00
1767146400000,0.695,0.696,0.691,0.693,614144.19,1767150000000,425711.52504,1415,2025-12-31 02:00:00+00:00
1767150000000,0.694,0.695,0.69,0.694,478803.47,1767153600000,331601.29924,1083,2025-12-31 03:00:00+00:00
1767153600000,0.694,0.697,0.691,0.692,463594.61,1767157200000,321752.8342,1056,2025-12-31 04:00:00+00:00
1767157200000,0.692,0.694,0.691,0.693,311191.12,1767160800000,215591.91534,810,2025-12-31 05:00:00+00:00
1767160800000,0.693,0.697,0.693,0.696,307320.09,1767164400000,213534.18347,992,2025-12-31 06:00:00+00:00
1767164400000,0.696,0.699,0.694,0.699,701899.49,1767168000000,488850.277,1138,2025-12-31 07:00:00+00:00
1767168000000,0.699,0.7,0.692,0.693,990618.91,1767171600000,689617.7434,1981,2025-12-31 08:00:00+00:00
1767171600000,0.694,0.695,0.69,0.695,859842.82,1767175200000,595814.54749,1426,2025-12-31 09:00:00+00:00
1767175200000,0.695,0.697,0.691,0.693,783306.12,1767178800000,543982.58206,1172,2025-12-31 10:00:00+00:00
1767178800000,0.693,0.698,0.692,0.697,535396.69,1767182400000,372410.8352,1075,2025-12-31 11:00:00+00:00
1767182400000,0.697,0.697,0.689,0.692,1016838.24,1767186000000,704573.33357,1672,2025-12-31 12:00:00+00:00
1767186000000,0.691,0.696,0.689,0.691,903982.72,1767189600000,625674.25947,1525,2025-12-31 13:00:00+00:00
1767189600000,0.692,0.697,0.692,0.694,1616486.39,1767193200000,1122912.43977,3478,2025-12-31 14:00:00+00:00
1767193200000,0.694,0.695,0.69,0.69,1090234.29,1767196800000,754782.82281,2594,2025-12-31 15:00:00+00:00
1767196800000,0.691,0.694,0.672,0.682,4301872.62,1767200400000,2928350.60674,6946,2025-12-31 16:00:00+00:00
1767200400000,0.682,0.686,0.679,0.685,1246274.2,1767204000000,850855.35457,2276,2025-12-31 17:00:00+00:00
1767204000000,0.686,0.694,0.684,0.688,1022983.15,1767207600000,705442.27895,2393,2025-12-31 18:00:00+00:00
1767207600000,0.688,0.698,0.687,0.698,1249569.85,1767211200000,867677.19974,2732,2025-12-31 19:00:00+00:00
1767211200000,0.698,0.699,0.69,0.695,2070123.71,1767214800000,1438387.67791,3371,2025-12-31 20:00:00+00:00
1767214800000,0.695,0.696,0.692,0.692,532797.81,1767218400000,369488.22267,1184,2025-12-31 21:00:00+00:00
1767218400000,0.693,0.695,0.69,0.692,583270.23,1767222000000,403465.91693,1150,2025-12-31 22:00:00+00:00
1767222000000,0.691,0.694,0.689,0.693,467966.29,1767225600000,323736.76255,840,2025-12-31 23:00:00+00:00
1767225600000,0.692,0.696,0.691,0.692,600592.45,1767229200000,416669.28398,1220,2026-01-01 00:00:00+00:00
1767229200000,0.692,0.696,0.691,0.694,360034.88,1767232800000,249538.88366,919,2026-01-01 01:00:00+00:00
1767232800000,0.695,0.696,0.693,0.694,538292.84,1767236400000,373624.871,868,2026-01-01 02:00:00+00:00
1767236400000,0.693,0.695,0.691,0.694,486802.45,1767240000000,337420.63459,975,2026-01-01 03:00:00+00:00
1767240000000,0.694,0.694,0.689,0.691,620567.43,1767243600000,428690.74572,1100,2026-01-01 04:00:00+00:00
1767243600000,0.691,0.696,0.691,0.694,776043.57,1767247200000,538938.14329,1224,2026-01-01 05:00:00+00:00
1767247200000,0.695,0.699,0.693,0.693,1527269.25,1767250800000,1062988.98322,1833,2026-01-01 06:00:00+00:00
1767250800000,0.694,0.695,0.692,0.693,381945.44,1767254400000,264923.85283,724,2026-01-01 07:00:00+00:00
1767254400000,0.694,0.696,0.691,0.694,596458.26,1767258000000,413062.56069,1205,2026-01-01 08:00:00+00:00
1767258000000,0.695,0.697,0.692,0.693,747876.7,1767261600000,519708.23609,998,2026-01-01 09:00:00+00:00
1767261600000,0.693,0.697,0.692,0.695,878543.03,1767265200000,610375.22217,1075,2026-01-01 10:00:00+00:00
1767265200000,0.695,0.698,0.695,0.698,511791.76,1767268800000,356602.63385,897,2026-01-01 11:00:00+00:00
1767268800000,0.698,0.698,0.693,0.696,709838.37,1767272400000,493933.8353,1057,2026-01-01 12:00:00+00:00
1767272400000,0.697,0.701,0.696,0.699,1285565.39,1767276000000,898052.82571,1925,2026-01-01 13:00:00+00:00
1767276000000,0.7,0.702,0.697,0.698,878942.65,1767279600000,614807.64824,1334,2026-01-01 14:00:00+00:00
1767279600000,0.699,0.704,0.696,0.7,1678150.09,1767283200000,1174350.78509,2428,2026-01-01 15:00:00+00:00
1767283200000,0.701,0.703,0.696,0.698,1640132.71,1767286800000,1146968.49778,2405,2026-01-01 16:00:00+00:00
1767286800000,0.698,0.707,0.698,0.705,1888128.93,1767290400000,1327060.6606,3094,2026-01-01 17:00:00+00:00
1767290400000,0.705,0.707,0.702,0.703,1171611.9,1767294000000,825604.88892,1960,2026-01-01 18:00:00+00:00
1767294000000,0.703,0.709,0.7,0.709,1536039.66,1767297600000,1080476.59326,2584,2026-01-01 19:00:00+00:00
1767297600000,0.708,0.709,0.704,0.705,732375.35,1767301200000,517287.0102,1653,2026-01-01 20:00:00+00:00
1767301200000,0.704,0.707,0.703,0.705,474408.03,1767304800000,334351.94818,842,2026-01-01 21:00:00+00:00
1767304800000,0.706,0.71,0.705,0.71,975667.48,1767308400000,690801.41671,1566,2026-01-01 22:00:00+00:00
1767308400000,0.71,0.713,0.709,0.711,971405.22,1767312000000,690608.28793,1653,2026-01-01 23:00:00+00:00
1767312000000,0.711,0.715,0.707,0.712,1393542.71,1767315600000,991086.89559,2046,2026-01-02 00:00:00+00:00
1767315600000,0.712,0.714,0.709,0.711,841767.95,1767319200000,598952.73645,1297,2026-01-02 01:00:00+00:00
1767319200000,0.711,0.712,0.705,0.709,1074420.22,1767322800000,761223.0721,1382,2026-01-02 02:00:00+00:00
1767322800000,0.709,0.717,0.707,0.714,1460592.41,1767326400000,1041598.83413,2899,2026-01-02 03:00:00+00:00
1767326400000,0.714,0.715,0.709,0.711,696182.66,1767330000000,495585.94207,1332,2026-01-02 04:00:00+00:00
1767330000000,0.711,0.713,0.707,0.712,774489.95,1767333600000,549414.13133,1548,2026-01-02 05:00:00+00:00
1767333600000,0.712,0.718,0.712,0.715,1384556.54,1767337200000,990636.48594,1956,2026-01-02 06:00:00+00:00
1767337200000,0.715,0.718,0.71,0.716,796487.37,1767340800000,569405.5759,1434,2026-01-02 07:00:00+00:00
1767340800000,0.716,0.722,0.715,0.718,1249438.63,1767344400000,897661.61417,1888,2026-01-02 08:00:00+00:00
1767344400000,0.718,0.729,0.718,0.727,4706440.83,1767348000000,3411896.28037,5739,2026-01-02 09:00:00+00:00
1767348000000,0.727,0.731,0.726,0.729,3364056.88,1767351600000,2451855.48378,4185,2026-01-02 10:00:00+00:00
1767351600000,0.729,0.729,0.719,0.722,2105019.28,1767355200000,1523182.91617,3860,2026-01-02 11:00:00+00:00
1767355200000,0.722,0.733,0.719,0.73,2341140.99,1767358800000,1700642.44029,3638,2026-01-02 12:00:00+00:00
1767358800000,0.73,0.744,0.729,0.742,4682221.47,1767362400000,3454497.86833,10810,2026-01-02 13:00:00+00:00
1767362400000,0.742,0.76,0.734,0.75,9602576.66,1767366000000,7185282.18507,16519,2026-01-02 14:00:00+00:00
1767366000000,0.75,0.759,0.739,0.75,6497402.93,1767369600000,4873638.06854,11867,2026-01-02 15:00:00+00:00
1767369600000,0.75,0.763,0.748,0.755,4941123.91,1767373200000,3731653.40252,10011,2026-01-02 16:00:00+00:00
1767373200000,0.755,0.76,0.746,0.747,2609454.56,1767376800000,1964044.33251,5378,2026-01-02 17:00:00+00:00
1767376800000,0.747,0.753,0.741,0.744,2692807.56,1767380400000,2011635.30399,5122,2026-01-02 18:00:00+00:00
1767380400000,0.744,0.751,0.742,0.75,1953231.42,1767384000000,1460664.38359,4196,2026-01-02 19:00:00+00:00
1767384000000,0.751,0.755,0.744,0.746,1398565.1,1767387600000,1047999.80629,3425,2026-01-02 20:00:00+00:00
1767387600000,0.746,0.75,0.745,0.748,725952.06,1767391200000,542239.73277,1713,2026-01-02 21:00:00+00:00
1767391200000,0.748,0.755,0.746,0.752,1456028.09,1767394800000,1092056.83771,3320,2026-01-02 22:00:00+00:00
1767394800000,0.752,0.756,0.751,0.753,978357.8,1767398400000,737077.50976,2036,2026-01-02 23:00:00+00:00
1767398400000,0.753,0.759,0.752,0.756,1272081.74,1767402000000,962204.985,2566,2026-01-03 00:00:00+00:00
1767402000000,0.755,0.762,0.752,0.758,1619969.47,1767405600000,1225828.1868,2771,2026-01-03 01:00:00+00:00
1767405600000,0.758,0.765,0.753,0.76,1697071.71,1767409200000,1285862.78009,2660,2026-01-03 02:00:00+00:00
1767409200000,0.76,0.763,0.753,0.761,2443835.53,1767412800000,1849137.19234,2716,2026-01-03 03:00:00+00:00
1767412800000,0.761,0.768,0.758,0.763,1366967.0,1767416400000,1041619.46734,2799,2026-01-03 04:00:00+00:00
1767416400000,0.763,0.766,0.746,0.75,4287016.53,1767420000000,3229866.44022,6036,2026-01-03 05:00:00+00:00
1767420000000,0.75,0.754,0.738,0.74,3617113.76,1767423600000,2698038.9025,6007,2026-01-03 06:00:00+00:00
1767423600000,0.74,0.741,0.726,0.73,4236827.24,1767427200000,3099940.08858,7291,2026-01-03 07:00:00+00:00
1767427200000,0.73,0.735,0.725,0.732,2790070.13,1767430800000,2040438.74088,4175,2026-01-03 08:00:00+00:00
1767430800000,0.731,0.737,0.729,0.733,2351217.73,1767434400000,1724495.97314,4319,2026-01-03 09:00:00+00:00
1767434400000,0.733,0.739,0.729,0.732,3772889.82,1767438000000,2769568.34071,4268,2026-01-03 10:00:00+00:00
1767438000000,0.732,0.734,0.728,0.733,1395864.26,1767441600000,1019657.25709,1872,2026-01-03 11:00:00+00:00
1767441600000,0.732,0.738,0.73,0.736,1042413.57,1767445200000,766019.56288,2309,2026-01-03 12:00:00+00:00
1767445200000,0.737,0.749,0.736,0.745,2282511.33,1767448800000,1697651.10102,4162,2026-01-03 13:00:00+00:00
1767448800000,0.746,0.748,0.741,0.744,1364742.51,1767452400000,1015270.53125,2805,2026-01-03 14:00:00+00:00
1767452400000,0.743,0.743,0.735,0.739,1504594.4,1767456000000,1111335.8937,2671,2026-01-03 15:00:00+00:00
1767456000000,0.738,0.75,0.738,0.748,1572594.68,1767459600000,1171556.03688,3126,2026-01-03 16:00:00+00:00
1767459600000,0.748,0.751,0.744,0.745,993028.91,1767463200000,741958.3398,1796,2026-01-03 17:00:00+00:00
1767463200000,0.745,0.751,0.741,0.75,847701.96,1767466800000,632710.08272,1606,2026-01-03 18:00:00+00:00
1767466800000,0.749,0.749,0.744,0.745,916762.36,1767470400000,684708.95791,1450,2026-01-03 19:00:00+00:00
1767470400000,0.746,0.747,0.74,0.745,756176.7,1767474000000,562777.97763,1447,2026-01-03 20:00:00+00:00
1767474000000,0.744,0.749,0.742,0.746,1108302.95,1767477600000,825628.8313,1838,2026-01-03 21:00:00+00:00
1767477600000,0.745,0.748,0.743,0.747,770116.84,1767481200000,574251.82286,1318,2026-01-03 22:00:00+00:00
1767481200000,0.747,0.749,0.744,0.747,1276982.84,1767484800000,954002.85377,1950,2026-01-03 23:00:00+00:00
1767484800000,0.747,0.754,0.74,0.745,4294361.06,1767488400000,3209730.3499,6359,2026-01-04 00:00:00+00:00
1767488400000,0.745,0.748,0.74,0.743,1186109.72,1767492000000,882403.34276,2426,2026-01-04 01:00:00+00:00
1767492000000,0.742,0.747,0.74,0.744,1148445.58,1767495600000,853942.8505,2290,2026-01-04 02:00:00+00:00
1767495600000,0.743,0.751,0.743,0.749,1118968.21,1767499200000,837313.09218,2783,2026-01-04 03:00:00+00:00
1767499200000,0.748,0.754,0.748,0.751,1216086.37,1767502800000,914097.87844,2322,2026-01-04 04:00:00+00:00
1767502800000,0.75,0.753,0.748,0.753,1020893.83,1767506400000,766287.7398,1674,2026-01-04 05:00:00+00:00
1767506400000,0.753,0.755,0.736,0.742,1847390.71,1767510000000,1378139.09161,3629,2026-01-04 06:00:00+00:00
1767510000000,0.741,0.744,0.739,0.743,709173.91,1767513600000,526150.3546,1850,2026-01-04 07:00:00+00:00
1767513600000,0.743,0.748,0.736,0.747,1896512.55,1767517200000,1405001.23423,2999,2026-01-04 08:00:00+00:00
1767517200000,0.747,0.755,0.745,0.753,1672929.95,1767520800000,1255514.24838,3291,2026-01-04 09:00:00+00:00
1767520800000,0.754,0.76,0.751,0.759,2847877.13,1767524400000,2152459.59956,4383,2026-01-04 10:00:00+00:00
1767524400000,0.759,0.765,0.749,0.751,4977269.4,1767528000000,3770514.48075,6780,2026-01-04 11:00:00+00:00
1767528000000,0.751,0.755,0.744,0.746,2556894.36,1767531600000,1914557.80605,4199,2026-01-04 12:00:00+00:00
1767531600000,0.747,0.755,0.74,0.753,2365850.49,1767535200000,1768158.46197,3694,2026-01-04 13:00:00+00:00
1767535200000,0.754,0.761,0.749,0.76,2282261.41,1767538800000,1722795.27649,4158,2026-01-04 14:00:00+00:00
1767538800000,0.759,0.788,0.758,0.788,9436122.71,1767542400000,7309385.74312,18172,2026-01-04 15:00:00+00:00
1767542400000,0.788,0.793,0.778,0.78,5908220.83,1767546000000,4634048.13337,11743,2026-01-04 16:00:00+00:00
1767546000000,0.781,0.795,0.777,0.79,5414512.52,1767549600000,4259052.34902,8976,2026-01-04 17:00:00+00:00
1767549600000,0.79,0.79,0.773,0.776,5065967.39,1767553200000,3952038.43518,11498,2026-01-04 18:00:00+00:00
1767553200000,0.776,0.779,0.767,0.776,2060166.35,1767556800000,1592002.61862,6683,2026-01-04 19:00:00+00:00
1767556800000,0.776,0.786,0.775,0.785,1508444.25,1767560400000,1178823.49684,3438,2026-01-04 20:00:00+00:00
1767560400000,0.784,0.789,0.779,0.783,1931657.38,1767564000000,1513916.33985,4629,2026-01-04 21:00:00+00:00
1767564000000,0.782,0.784,0.775,0.779,1509171.83,1767567600000,1176840.63309,3691,2026-01-04 22:00:00+00:00
1767567600000,0.78,0.785,0.775,0.78,2030684.82,1767571200000,1583514.25277,3448,2026-01-04 23:00:00+00:00
1767571200000,0.78,0.797,0.776,0.791,5428943.9,1767574800000,4266281.88094,9001,2026-01-05 00:00:00+00:00
1767574800000,0.792,0.813,0.789,0.801,9660452.78,1767578400000,7729317.91187,15832,2026-01-05 01:00:00+00:00
1767578400000,0.802,0.805,0.766,0.778,9441130.67,1767582000000,7420616.71104,13347,2026-01-05 02:00:00+00:00
1767582000000,0.779,0.783,0.772,0.776,1950828.36,1767585600000,1516719.68706,3971,2026-01-05 03:00:00+00:00
1767585600000,0.776,0.777,0.751,0.762,4517346.45,1767589200000,3441904.15245,8639,2026-01-05 04:00:00+00:00
1767589200000,0.761,0.764,0.756,0.756,3179282.65,1767592800000,2414822.91657,5694,2026-01-05 05:00:00+00:00
1767592800000,0.756,0.765,0.754,0.765,2126078.02,1767596400000,1612903.5604,3793,2026-01-05 06:00:00+00:00
1767596400000,0.764,0.765,0.758,0.764,2424626.04,1767600000000,1845328.12849,4400,2026-01-05 07:00:00+00:00
1767600000000,0.763,0.768,0.757,0.759,1837135.57,1767603600000,1402187.21209,3640,2026-01-05 08:00:00+00:00
1767603600000,0.759,0.761,0.752,0.754,2327419.25,1767607200000,1760968.92768,4397,2026-01-05 09:00:00+00:00
1767607200000,0.755,0.76,0.752,0.756,1829929.23,1767610800000,1384776.52068,3026,2026-01-05 10:00:00+00:00
1767610800000,0.757,0.764,0.754,0.763,1518077.69,1767614400000,1154324.25732,2896,2026-01-05 11:00:00+00:00
1767614400000,0.762,0.785,0.757,0.778,3681356.54,1767618000000,2838743.53624,8296,2026-01-05 12:00:00+00:00
1767618000000,0.779,0.784,0.764,0.769,4746974.64,1767621600000,3676949.05312,8217,2026-01-05 13:00:00+00:00
1767621600000,0.768,0.776,0.761,0.769,3887332.43,1767625200000,2987897.55433,9102,2026-01-05 14:00:00+00:00
1767625200000,0.769,0.783,0.766,0.777,3900228.99,1767628800000,3022742.47326,8706,2026-01-05 15:00:00+00:00
1767628800000,0.777,0.78,0.769,0.773,3009566.01,1767632400000,2327997.12141,5495,2026-01-05 16:00:00+00:00
1767632400000,0.772,0.776,0.758,0.772,2791628.16,1767636000000,2141310.68836,5815,2026-01-05 17:00:00+00:00
1767636000000,0.771,0.781,0.769,0.781,2100642.62,1767639600000,1625397.19013,4569,2026-01-05 18:00:00+00:00
1767639600000,0.781,0.782,0.773,0.776,2397715.16,1767643200000,1865692.65115,5291,2026-01-05 19:00:00+00:00
1767643200000,0.775,0.785,0.774,0.777,2428426.26,1767646800000,1893043.70202,5677,2026-01-05 20:00:00+00:00
1767646800000,0.777,0.781,0.772,0.777,1198764.34,1767650400000,931060.89455,3467,2026-01-05 21:00:00+00:00
1767650400000,0.776,0.788,0.775,0.785,1878391.45,1767654000000,1472512.29677,4278,2026-01-05 22:00:00+00:00
1767654000000,0.784,0.789,0.78,0.78,1913207.66,1767657600000,1499610.74564,3703,2026-01-05 23:00:00+00:00
1767657600000,0.78,0.783,0.768,0.776,1855233.61,1767661200000,1438905.36993,4738,2026-01-06 00:00:00+00:00
1767661200000,0.776,0.786,0.773,0.774,2056896.11,1767664800000,1604948.68012,5222,2026-01-06 01:00:00+00:00
1767664800000,0.773,0.778,0.77,0.772,2145068.89,1767668400000,1658625.43687,3985,2026-01-06 02:00:00+00:00
1767668400000,0.772,0.784,0.772,0.781,1509536.62,1767672000000,1175120.21048,3376,2026-01-06 03:00:00+00:00
1767672000000,0.782,0.8,0.78,0.791,4820927.95,1767675600000,3820891.97113,7962,2026-01-06 04:00:00+00:00
1767675600000,0.791,0.794,0.78,0.781,2934401.96,1767679200000,2309752.41927,5190,2026-01-06 05:00:00+00:00
1767679200000,0.781,0.784,0.777,0.779,2625171.9,1767682800000,2049260.0264,5130,2026-01-06 06:00:00+00:00
1767682800000,0.779,0.782,0.766,0.77,4004960.24,1767686400000,3098867.67025,6510,2026-01-06 07:00:00+00:00
1767686400000,0.771,0.779,0.77,0.772,2053216.91,1767690000000,1589668.55457,4729,2026-01-06 08:00:00+00:00
1767690000000,0.772,0.783,0.77,0.779,2780358.29,1767693600000,2158976.18251,4185,2026-01-06 09:00:00+00:00
1767693600000,0.779,0.78,0.772,0.777,1838799.5,1767697200000,1426981.69478,3474,2026-01-06 10:00:00+00:00
1767697200000,0.776,0.784,0.775,0.782,2206340.07,1767700800000,1722581.8252,2814,2026-01-06 11:00:00+00:00
1767700800000,0.781,0.793,0.781,0.79,5720875.9,1767704400000,4505260.45505,6569,2026-01-06 12:00:00+00:00
1767704400000,0.789,0.797,0.787,0.792,4728615.74,1767708000000,3749587.39135,8159,2026-01-06 13:00:00+00:00
1767708000000,0.792,0.805,0.784,0.79,10312426.21,1767711600000,8193828.02807,19088,2026-01-06 14:00:00+00:00
1767711600000,0.79,0.797,0.776,0.783,5539028.35,1767715200000,4354864.23275,10423,2026-01-06 15:00:00+00:00
1767715200000,0.783,0.783,0.757,0.765,6887467.74,1767718800000,5292188.53988,13717,2026-01-06 16:00:00+00:00
1767718800000,0.765,0.768,0.741,0.744,5516594.88,1767722400000,4159315.26169,10557,2026-01-06 17:00:00+00:00
1767722400000,0.744,0.757,0.741,0.754,2289319.03,1767726000000,1720519.80289,5655,2026-01-06 18:00:00+00:00
1767726000000,0.754,0.758,0.75,0.752,1337814.89,1767729600000,1008020.51876,2978,2026-01-06 19:00:00+00:00
1767729600000,0.752,0.763,0.751,0.761,1125220.11,1767733200000,853357.56163,4060,2026-01-06 20:00:00+00:00
1767733200000,0.761,0.78,0.759,0.775,3195735.26,1767736800000,2467728.0917,6626,2026-01-06 21:00:00+00:00
1767736800000,0.775,0.778,0.769,0.774,1811980.3,1767740400000,1401671.08161,3160,2026-01-06 22:00:00+00:00
1767740400000,0.774,0.794,0.774,0.792,1439468.38,1767744000000,1128014.14821,3240,2026-01-06 23:00:00+00:00
1767744000000,0.791,0.791,0.773,0.775,2310366.4,1767747600000,1809162.50194,4966,2026-01-07 00:00:00+00:00
1767747600000,0.775,0.781,0.768,0.77,1607832.09,1767751200000,1243412.5535,4506,2026-01-07 01:00:00+00:00
1767751200000,0.77,0.775,0.763,0.773,1969262.03,1767754800000,1513400.59426,4445,2026-01-07 02:00:00+00:00
1767754800000,0.773,0.777,0.766,0.767,665133.53,1767758400000,512978.31279,2245,2026-01-07 03:00:00+00:00
1767758400000,0.768,0.771,0.763,0.764,632396.15,1767762000000,484941.60033,2192,2026-01-07 04:00:00+00:00
1767762000000,0.763,0.772,0.762,0.767,727299.81,1767765600000,557616.8006,2002,2026-01-07 05:00:00+00:00
1767765600000,0.767,0.771,0.765,0.767,900176.35,1767769200000,691096.41963,1856,2026-01-07 06:00:00+00:00
1767769200000,0.767,0.777,0.767,0.775,802498.07,1767772800000,619287.19545,2410,2026-01-07 07:00:00+00:00
1767772800000,0.775,0.78,0.772,0.772,1044997.68,1767776400000,810712.61683,3030,2026-01-07 08:00:00+00:00
1767776400000,0.772,0.773,0.751,0.754,3096530.8,1767780000000,2352504.47421,6439,2026-01-07 09:00:00+00:00
1767780000000,0.754,0.759,0.752,0.758,1727938.97,1767783600000,1305392.92054,3989,2026-01-07 10:00:00+00:00
1767783600000,0.758,0.764,0.758,0.762,1098606.45,1767787200000,835562.0525,8485,2026-01-07 11:00:00+00:00
1767787200000,0.762,0.762,0.753,0.754,1721245.98,1767790800000,1305368.21063,7568,2026-01-07 12:00:00+00:00
1767790800000,0.754,0.758,0.749,0.751,1500857.97,1767794400000,1131363.25194,6215,2026-01-07 13:00:00+00:00
1767794400000,0.751,0.754,0.741,0.751,2768623.92,1767798000000,2067996.92102,8780,2026-01-07 14:00:00+00:00
1767798000000,0.752,0.752,0.731,0.739,3874255.8,1767801600000,2865406.84803,9672,2026-01-07 15:00:00+00:00
1767801600000,0.739,0.745,0.737,0.741,1457663.05,1767805200000,1081042.32761,4073,2026-01-07 16:00:00+00:00
1767805200000,0.742,0.747,0.739,0.742,1056863.03,1767808800000,785180.01791,2942,2026-01-07 17:00:00+00:00
1767808800000,0.742,0.747,0.739,0.742,1785450.58,1767812400000,1327663.74887,3405,2026-01-07 18:00:00+00:00
1767812400000,0.742,0.745,0.735,0.742,1609074.78,1767816000000,1191487.95788,3050,2026-01-07 19:00:00+00:00
1767816000000,0.743,0.745,0.737,0.739,491187.26,1767819600000,363482.70604,1660,2026-01-07 20:00:00+00:00
1767819600000,0.74,0.742,0.737,0.738,504599.23,1767823200000,373212.71444,1360,2026-01-07 21:00:00+00:00
1767823200000,0.738,0.744,0.733,0.736,914390.68,1767826800000,674428.08015,1952,2026-01-07 22:00:00+00:00
1767826800000,0.737,0.744,0.731,0.743,874580.42,1767830400000,646301.81504,2167,2026-01-07 23:00:00+00:00
1767830400000,0.743,0.745,0.737,0.745,715245.46,1767834000000,530618.31382,2178,2026-01-08 00:00:00+00:00
1767834000000,0.744,0.748,0.743,0.747,559717.5,1767837600000,417280.20461,1366,2026-01-08 01:00:00+00:00
1767837600000,0.747,0.751,0.74,0.741,1035244.38,1767841200000,771868.25674,2379,2026-01-08 02:00:00+00:00
1767841200000,0.742,0.746,0.733,0.735,852769.95,1767844800000,628620.24965,1941,2026-01-08 03:00:00+00:00
1767844800000,0.735,0.745,0.734,0.742,847077.43,1767848400000,627664.89294,2315,2026-01-08 04:00:00+00:00
1767848400000,0.743,0.749,0.739,0.741,1333196.17,1767852000000,993806.77662,2979,2026-01-08 05:00:00+00:00
1767852000000,0.742,0.743,0.723,0.725,2153680.96,1767855600000,1579590.84796,5458,2026-01-08 06:00:00+00:00
1767855600000,0.726,0.728,0.71,0.726,5482333.18,1767859200000,3934149.32252,10022,2026-01-08 07:00:00+00:00
1767859200000,0.725,0.73,0.715,0.718,2092847.01,1767862800000,1511511.74487,4282,2026-01-08 08:00:00+00:00
1767862800000,0.719,0.722,0.71,0.712,1418810.22,1767866400000,1014493.10376,3721,2026-01-08 09:00:00+00:00
1767866400000,0.712,0.715,0.701,0.712,2251488.69,1767870000000,1595536.57672,4957,2026-01-08 10:00:00+00:00
1767870000000,0.712,0.714,0.707,0.713,1371466.29,1767873600000,974693.72002,3661,2026-01-08 11:00:00+00:00
1767873600000,0.712,0.714,0.703,0.707,1533688.96,1767877200000,1086524.97918,3956,2026-01-08 12:00:00+00:00
1767877200000,0.707,0.713,0.707,0.712,1319497.49,1767880800000,936777.05817,2558,2026-01-08 13:00:00+00:00
1767880800000,0.712,0.712,0.7,0.709,5212377.32,1767884400000,3678360.79058,8934,2026-01-08 14:00:00+00:00
1767884400000,0.709,0.72,0.704,0.719,3376696.23,1767888000000,2406315.27086,7200,2026-01-08 15:00:00+00:00
1767888000000,0.719,0.723,0.71,0.718,1734729.42,1767891600000,1242551.89463,4397,2026-01-08 16:00:00+00:00
1767891600000,0.718,0.725,0.716,0.722,2140684.3,1767895200000,1542891.97497,4223,2026-01-08 17:00:00+00:00
1767895200000,0.722,0.724,0.717,0.721,953585.1,1767898800000,687508.11839,2619,2026-01-08 18:00:00+00:00
1767898800000,0.72,0.724,0.713,0.715,1347066.63,1767902400000,966731.08941,3141,2026-01-08 19:00:00+00:00
1767902400000,0.715,0.715,0.705,0.712,1914593.16,1767906000000,1358961.28782,3808,2026-01-08 20:00:00+00:00
1767906000000,0.712,0.72,0.711,0.719,1660669.72,1767909600000,1188712.64801,2732,2026-01-08 21:00:00+00:00
1767909600000,0.719,0.722,0.713,0.716,1003084.48,1767913200000,719784.24486,2477,2026-01-08 22:00:00+00:00
1767913200000,0.717,0.719,0.714,0.715,1245077.82,1767916800000,892279.68019,2633,2026-01-08 23:00:00+00:00
1767916800000,0.715,0.72,0.713,0.72,1690752.51,1767920400000,1210389.64315,2670,2026-01-09 00:00:00+00:00
1767920400000,0.72,0.722,0.71,0.714,2568722.97,1767924000000,1839076.40093,4567,2026-01-09 01:00:00+00:00
1767924000000,0.714,0.72,0.712,0.714,1218851.08,1767927600000,873315.4684,2580,2026-01-09 02:00:00+00:00
1767927600000,0.714,0.723,0.712,0.723,940528.05,1767931200000,676702.44489,1970,2026-01-09 03:00:00+00:00
1767931200000,0.723,0.725,0.72,0.721,1152611.25,1767934800000,833374.10409,1985,2026-01-09 04:00:00+00:00
1767934800000,0.721,0.724,0.718,0.724,652717.91,1767938400000,470546.62218,1458,2026-01-09 05:00:00+00:00
1767938400000,0.723,0.725,0.721,0.723,853704.01,1767942000000,617535.96491,1721,2026-01-09 06:00:00+00:00
1767942000000,0.724,0.724,0.72,0.721,1031806.4,1767945600000,744726.38586,1922,2026-01-09 07:00:00+00:00
1767945600000,0.721,0.723,0.705,0.709,3140897.44,1767949200000,2240621.96934,5536,2026-01-09 08:00:00+00:00
1767949200000,0.71,0.716,0.709,0.712,1036185.12,1767952800000,739010.11619,2750,2026-01-09 09:00:00+00:00
1767952800000,0.712,0.714,0.708,0.712,1010993.49,1767956400000,718828.77519,1901,2026-01-09 10:00:00+00:00
1767956400000,0.713,0.716,0.711,0.712,657079.18,1767960000000,469012.1389,1326,2026-01-09 11:00:00+00:00
1767960000000,0.711,0.713,0.706,0.709,1312289.31,1767963600000,930571.53923,1978,2026-01-09 12:00:00+00:00
1767963600000,0.709,0.718,0.708,0.714,2363912.47,1767967200000,1687242.57878,3411,2026-01-09 13:00:00+00:00
1767967200000,0.714,0.714,0.704,0.706,2633190.41,1767970800000,1862665.17475,5821,2026-01-09 14:00:00+00:00
1767970800000,0.707,0.723,0.703,0.714,3681842.46,1767974400000,2628460.40457,9070,2026-01-09 15:00:00+00:00
1767974400000,0.714,0.728,0.714,0.727,3054063.09,1767978000000,2203471.81459,6171,2026-01-09 16:00:00+00:00
1767978000000,0.727,0.727,0.716,0.725,1911284.72,1767981600000,1380330.52437,3745,2026-01-09 17:00:00+00:00
1767981600000,0.724,0.726,0.71,0.717,1085107.54,1767985200000,777229.15753,3222,2026-01-09 18:00:00+00:00
1767985200000,0.717,0.718,0.709,0.712,944368.75,1767988800000,672999.79568,2493,2026-01-09 19:00:00+00:00
1767988800000,0.712,0.717,0.711,0.712,667248.32,1767992400000,476196.43737,1744,2026-01-09 20:00:00+00:00
1767992400000,0.712,0.717,0.71,0.716,473250.26,1767996000000,337966.44628,1280,2026-01-09 21:00:00+00:00
1767996000000,0.715,0.721,0.713,0.719,690971.98,1767999600000,495130.83187,1463,2026-01-09 22:00:00+00:00
1767999600000,0.719,0.72,0.715,0.716,415771.33,1768003200000,298441.98236,1073,2026-01-09 23:00:00+00:00
1768003200000,0.716,0.717,0.71,0.712,334816.48,1768006800000,238789.62168,877,2026-01-10 00:00:00+00:00
1768006800000,0.712,0.716,0.71,0.713,418087.54,1768010400000,298084.19224,925,2026-01-10 01:00:00+00:00
1768010400000,0.713,0.715,0.708,0.71,553068.38,1768014000000,393421.28183,1191,2026-01-10 02:00:00+00:00
1768014000000,0.71,0.715,0.706,0.714,601230.42,1768017600000,426845.7765,1585,2026-01-10 03:00:00+00:00
1768017600000,0.714,0.715,0.708,0.711,563851.59,1768021200000,400295.64689,1496,2026-01-10 04:00:00+00:00
1768021200000,0.711,0.713,0.709,0.71,307732.0,1768024800000,218699.60518,907,2026-01-10 05:00:00+00:00
1768024800000,0.71,0.714,0.707,0.712,387374.54,1768028400000,275317.05901,1120,2026-01-10 06:00:00+00:00
1768028400000,0.713,0.716,0.711,0.712,688253.42,1768032000000,490559.01603,1164,2026-01-10 07:00:00+00:00
1768032000000,0.713,0.714,0.709,0.714,794247.0,1768035600000,565216.56655,1396,2026-01-10 08:00:00+00:00
1768035600000,0.714,0.717,0.712,0.716,843225.56,1768039200000,602758.33203,1236,2026-01-10 09:00:00+00:00
1768039200000,0.715,0.718,0.714,0.717,430540.22,1768042800000,308336.29307,955,2026-01-10 10:00:00+00:00
1768042800000,0.718,0.719,0.715,0.718,803699.02,1768046400000,576394.69277,955,2026-01-10 11:00:00+00:00
1768046400000,0.719,0.72,0.715,0.719,697804.27,1768050000000,501082.89221,1380,2026-01-10 12:00:00+00:00
1768050000000,0.72,0.721,0.718,0.719,811835.76,1768053600000,584412.46654,1053,2026-01-10 13:00:00+00:00
1768053600000,0.719,0.719,0.714,0.715,569354.5,1768057200000,407518.8494,1006,2026-01-10 14:00:00+00:00
1768057200000,0.716,0.724,0.715,0.724,1103998.69,1768060800000,795082.45496,1274,2026-01-10 15:00:00+00:00
1768060800000,0.725,0.725,0.719,0.724,1064479.61,1768064400000,768352.6375,1912,2026-01-10 16:00:00+00:00
1768064400000,0.724,0.731,0.722,0.724,1128898.09,1768068000000,820770.78419,2654,2026-01-10 17:00:00+00:00
1768068000000,0.723,0.729,0.721,0.729,737057.24,1768071600000,534804.26506,1435,2026-01-10 18:00:00+00:00
1768071600000,0.729,0.745,0.728,0.741,2655335.79,1768075200000,1957091.72134,3598,2026-01-10 19:00:00+00:00
1768075200000,0.742,0.744,0.729,0.729,1404213.72,1768078800000,1034256.00056,2504,2026-01-10 20:00:00+00:00
1768078800000,0.73,0.731,0.723,0.724,1154682.74,1768082400000,839359.17497,2393,2026-01-10 21:00:00+00:00
1768082400000,0.724,0.725,0.716,0.716,1119881.77,1768086000000,806897.20198,2440,2026-01-10 22:00:00+00:00
1768086000000,0.716,0.722,0.716,0.72,555730.76,1768089600000,399805.15088,1679,2026-01-10 23:00:00+00:00
1768089600000,0.72,0.72,0.713,0.719,1062804.96,1768093200000,761819.91211,3141,2026-01-11 00:00:00+00:00
1768093200000,0.718,0.722,0.716,0.721,736179.5,1768096800000,529361.56195,1825,2026-01-11 01:00:00+00:00
1768096800000,0.72,0.723,0.719,0.721,648665.88,1768100400000,467388.56069,1517,2026-01-11 02:00:00+00:00
1768100400000,0.721,0.726,0.72,0.726,512340.68,1768104000000,371052.13103,1288,2026-01-11 03:00:00+00:00
1768104000000,0.726,0.727,0.721,0.725,932942.72,1768107600000,674696.16588,1605,2026-01-11 04:00:00+00:00
1768107600000,0.724,0.726,0.722,0.726,648081.12,1768111200000,469270.93,1196,2026-01-11 05:00:00+00:00
1768111200000,0.726,0.726,0.718,0.723,543433.93,1768114800000,392010.4226,1345,2026-01-11 06:00:00+00:00
1768114800000,0.723,0.724,0.719,0.723,302361.63,1768118400000,217987.09248,966,2026-01-11 07:00:00+00:00
1768118400000,0.722,0.725,0.72,0.725,657717.08,1768122000000,475446.84623,1432,2026-01-11 08:00:00+00:00
1768122000000,0.725,0.729,0.724,0.727,557989.41,1768125600000,405389.84924,1452,2026-01-11 09:00:00+00:00
1768125600000,0.727,0.73,0.725,0.728,739798.88,1768129200000,538634.88648,1422,2026-01-11 10:00:00+00:00
1768129200000,0.729,0.73,0.725,0.727,343219.79,1768132800000,249666.51152,766,2026-01-11 11:00:00+00:00
1768132800000,0.727,0.729,0.723,0.725,1686972.47,1768136400000,1224345.71558,2022,2026-01-11 12:00:00+00:00
1768136400000,0.725,0.728,0.719,0.72,1563980.19,1768140000000,1131236.37531,2349,2026-01-11 13:00:00+00:00
1768140000000,0.721,0.725,0.72,0.723,1053621.05,1768143600000,760394.0121,1465,2026-01-11 14:00:00+00:00
1768143600000,0.724,0.725,0.71,0.715,1274314.3,1768147200000,912772.8231,3084,2026-01-11 15:00:00+00:00
1768147200000,0.715,0.726,0.714,0.723,1752034.8,1768150800000,1261970.64499,3201,2026-01-11 16:00:00+00:00
1768150800000,0.723,0.725,0.718,0.723,604686.44,1768154400000,436514.68316,1182,2026-01-11 17:00:00+00:00
1768154400000,0.723,0.723,0.718,0.721,354910.01,1768158000000,255650.98982,810,2026-01-11 18:00:00+00:00
1768158000000,0.722,0.724,0.717,0.719,589802.27,1768161600000,424650.81553,983,2026-01-11 19:00:00+00:00
1768161600000,0.718,0.718,0.709,0.715,1765638.84,1768165200000,1257901.49576,2977,2026-01-11 20:00:00+00:00
1768165200000,0.714,0.717,0.71,0.716,505802.86,1768168800000,360901.4147,1168,2026-01-11 21:00:00+00:00
1768168800000,0.716,0.716,0.706,0.708,1330355.96,1768172400000,942695.40783,2652,2026-01-11 22:00:00+00:00
1768172400000,0.708,0.716,0.704,0.716,1503984.41,1768176000000,1068324.25968,3153,2026-01-11 23:00:00+00:00
1768176000000,0.716,0.717,0.704,0.714,1395983.03,1768179600000,991902.45091,3555,2026-01-12 00:00:00+00:00
1768179600000,0.714,0.72,0.71,0.713,1794556.42,1768183200000,1284078.10628,3648,2026-01-12 01:00:00+00:00
1768183200000,0.714,0.726,0.713,0.725,1807042.38,1768186800000,1305301.77808,3092,2026-01-12 02:00:00+00:00
1768186800000,0.726,0.727,0.716,0.717,1881947.35,1768190400000,1358922.75588,2989,2026-01-12 03:00:00+00:00
1768190400000,0.716,0.723,0.714,0.722,969292.53,1768194000000,696598.85827,1709,2026-01-12 04:00:00+00:00
1768194000000,0.721,0.724,0.718,0.719,1140799.23,1768197600000,821732.08031,1927,2026-01-12 05:00:00+00:00
1768197600000,0.719,0.721,0.713,0.714,1047780.95,1768201200000,750709.41065,2033,2026-01-12 06:00:00+00:00
1768201200000,0.714,0.718,0.707,0.709,1885515.3,1768204800000,1342377.23002,3370,2026-01-12 07:00:00+00:00
1768204800000,0.709,0.714,0.697,0.704,4746686.64,1768208400000,3342797.75827,8661,2026-01-12 08:00:00+00:00
1768208400000,0.703,0.707,0.701,0.704,1282127.97,1768212000000,903282.62699,2744,2026-01-12 09:00:00+00:00
1768212000000,0.704,0.707,0.698,0.7,2294855.51,1768215600000,1609742.28511,3083,2026-01-12 10:00:00+00:00
1768215600000,0.701,0.706,0.699,0.702,2224259.07,1768219200000,1563481.17654,2926,2026-01-12 11:00:00+00:00
1768219200000,0.702,0.705,0.695,0.698,1752946.78,1768222800000,1226881.35887,3142,2026-01-12 12:00:00+00:00
1768222800000,0.699,0.7,0.688,0.693,2715374.56,1768226400000,1881910.19988,4820,2026-01-12 13:00:00+00:00
1768226400000,0.692,0.699,0.686,0.696,3388688.85,1768230000000,2350042.816,7022,2026-01-12 14:00:00+00:00
1768230000000,0.696,0.701,0.69,0.698,2984658.26,1768233600000,2077767.0545,5357,2026-01-12 15:00:00+00:00
1768233600000,0.698,0.701,0.692,0.697,2180556.91,1768237200000,1519397.60639,4657,2026-01-12 16:00:00+00:00
1768237200000,0.697,0.699,0.683,0.69,2263670.52,1768240800000,1564196.13589,4334,2026-01-12 17:00:00+00:00
1768240800000,0.691,0.694,0.687,0.691,1259455.2,1768244400000,869842.00584,2345,2026-01-12 18:00:00+00:00
1768244400000,0.69,0.698,0.687,0.696,1500862.92,1768248000000,1039448.61057,2795,2026-01-12 19:00:00+00:00
1768248000000,0.696,0.699,0.689,0.691,1071911.93,1768251600000,744120.79418,1973,2026-01-12 20:00:00+00:00
1768251600000,0.691,0.694,0.684,0.689,1126413.64,1768255200000,776288.13743,2228,2026-01-12 21:00:00+00:00
1768255200000,0.688,0.692,0.684,0.686,1369151.84,1768258800000,941622.49971,2320,2026-01-12 22:00:00+00:00
1768258800000,0.686,0.687,0.681,0.686,1028177.36,1768262400000,702919.7124,1695,2026-01-12 23:00:00+00:00
1768262400000,0.686,0.691,0.684,0.689,839740.43,1768266000000,577436.24393,1711,2026-01-13 00:00:00+00:00
1768266000000,0.689,0.691,0.685,0.689,727788.32,1768269600000,501154.03385,1824,2026-01-13 01:00:00+00:00
1768269600000,0.689,0.695,0.689,0.692,783890.96,1768273200000,542990.82633,1677,2026-01-13 02:00:00+00:00
1768273200000,0.692,0.697,0.69,0.695,1258365.72,1768276800000,873335.02194,2039,2026-01-13 03:00:00+00:00
1768276800000,0.695,0.698,0.693,0.696,851069.13,1768280400000,591990.47914,1568,2026-01-13 04:00:00+00:00
1768280400000,0.697,0.705,0.697,0.702,1465712.38,1768284000000,1027127.15136,2913,2026-01-13 05:00:00+00:00
1768284000000,0.701,0.705,0.699,0.703,1641000.67,1768287600000,1152306.89766,2284,2026-01-13 06:00:00+00:00
1768287600000,0.703,0.706,0.697,0.698,1254534.19,1768291200000,880501.5138,2143,2026-01-13 07:00:00+00:00
1768291200000,0.698,0.701,0.696,0.699,1025439.3,1768294800000,716711.0268,1456,2026-01-13 08:00:00+00:00
1768294800000,0.699,0.705,0.698,0.701,2343424.74,1768298400000,1644559.01789,3505,2026-01-13 09:00:00+00:00
1768298400000,0.701,0.703,0.697,0.699,955283.64,1768302000000,668311.95481,1400,2026-01-13 10:00:00+00:00
1768302000000,0.699,0.705,0.698,0.703,947999.11,1768305600000,665934.40703,1172,2026-01-13 11:00:00+00:00
1768305600000,0.702,0.711,0.701,0.71,2066278.54,1768309200000,1459020.35307,2161,2026-01-13 12:00:00+00:00
1768309200000,0.711,0.717,0.707,0.71,3265679.65,1768312800000,2323390.75649,4450,2026-01-13 13:00:00+00:00
1768312800000,0.711,0.719,0.708,0.711,3864040.96,1768316400000,2754784.6194,5997,2026-01-13 14:00:00+00:00
1768316400000,0.71,0.718,0.705,0.714,3863367.1,1768320000000,2745300.09777,6934,2026-01-13 15:00:00+00:00
1768320000000,0.714,0.726,0.711,0.723,3992554.57,1768323600000,2870631.70966,7106,2026-01-13 16:00:00+00:00
1768323600000,0.723,0.725,0.713,0.72,8193619.68,1768327200000,5891868.01801,8544,2026-01-13 17:00:00+00:00
1768327200000,0.719,0.724,0.718,0.721,1569077.33,1768330800000,1131693.60237,2816,2026-01-13 18:00:00+00:00
1768330800000,0.72,0.727,0.719,0.725,1348158.01,1768334400000,974826.59875,2435,2026-01-13 19:00:00+00:00
1768334400000,0.725,0.728,0.718,0.723,1772171.18,1768338000000,1281624.14962,3351,2026-01-13 20:00:00+00:00
1768338000000,0.723,0.726,0.72,0.72,1785104.9,1768341600000,1290819.36272,2615,2026-01-13 21:00:00+00:00
1768341600000,0.72,0.739,0.72,0.734,6659821.68,1768345200000,4893080.49086,12495,2026-01-13 22:00:00+00:00
1768345200000,0.734,0.736,0.725,0.729,2609562.89,1768348800000,1905822.34705,4292,2026-01-13 23:00:00+00:00
1768348800000,0.729,0.733,0.726,0.731,2433195.63,1768352400000,1775932.38117,4121,2026-01-14 00:00:00+00:00
1768352400000,0.73,0.734,0.728,0.73,1234805.5,1768356000000,902600.76593,2670,2026-01-14 01:00:00+00:00
1768356000000,0.73,0.735,0.728,0.731,2035714.72,1768359600000,1488943.40611,3298,2026-01-14 02:00:00+00:00
1768359600000,0.732,0.765,0.73,0.763,5965001.38,1768363200000,4466522.78965,9248,2026-01-14 03:00:00+00:00
1768363200000,0.763,0.768,0.743,0.743,7216228.31,1768366800000,5439230.93713,9851,2026-01-14 04:00:00+00:00
1768366800000,0.744,0.746,0.738,0.743,2777190.27,1768370400000,2061585.02244,3922,2026-01-14 05:00:00+00:00
1768370400000,0.743,0.744,0.732,0.739,3085916.71,1768374000000,2275367.5306,4176,2026-01-14 06:00:00+00:00
1768374000000,0.739,0.742,0.735,0.738,1858924.39,1768377600000,1373009.15737,2816,2026-01-14 07:00:00+00:00
1768377600000,0.738,0.744,0.738,0.741,1143661.3,1768381200000,847420.2104,1822,2026-01-14 08:00:00+00:00
1768381200000,0.741,0.796,0.74,0.776,27676898.05,1768384800000,21476640.43544,40582,2026-01-14 09:00:00+00:00
1768384800000,0.775,0.777,0.759,0.76,7285596.45,1768388400000,5580752.18375,12108,2026-01-14 10:00:00+00:00
1768388400000,0.76,0.761,0.749,0.752,4413964.37,1768392000000,3325424.50842,8739,2026-01-14 11:00:00+00:00
1768392000000,0.752,0.758,0.749,0.755,2631858.21,1768395600000,1982829.86755,4410,2026-01-14 12:00:00+00:00
1768395600000,0.755,0.755,0.738,0.742,2963092.31,1768399200000,2211606.02414,5461,2026-01-14 13:00:00+00:00
1768399200000,0.742,0.761,0.74,0.756,8184569.45,1768402800000,6157519.14712,16507,2026-01-14 14:00:00+00:00
1768402800000,0.756,0.758,0.743,0.748,5827030.56,1768406400000,4366277.6697,9144,2026-01-14 15:00:00+00:00
1768406400000,0.749,0.768,0.748,0.757,5576363.66,1768410000000,4234999.53495,10878,2026-01-14 16:00:00+00:00
1768410000000,0.757,0.761,0.746,0.748,3556744.81,1768413600000,2678189.30122,6639,2026-01-14 17:00:00+00:00
1768413600000,0.748,0.748,0.726,0.737,4370341.91,1768417200000,3225032.00754,8901,2026-01-14 18:00:00+00:00
1768417200000,0.737,0.746,0.733,0.741,3009795.1,1768420800000,2228615.55333,5166,2026-01-14 19:00:00+00:00
1768420800000,0.74,0.747,0.739,0.745,2246029.27,1768424400000,1669650.52878,4061,2026-01-14 20:00:00+00:00
1768424400000,0.745,0.749,0.736,0.743,4166331.87,1768428000000,3091588.33103,4986,2026-01-14 21:00:00+00:00
1768428000000,0.743,0.746,0.735,0.738,2252791.98,1768431600000,1670064.62783,3346,2026-01-14 22:00:00+00:00
1768431600000,0.738,0.745,0.737,0.741,1739979.38,1768435200000,1288952.19785,2804,2026-01-14 23:00:00+00:00
1768435200000,0.742,0.749,0.738,0.744,2185671.39,1768438800000,1624670.09798,4171,2026-01-15 00:00:00+00:00
1768438800000,0.744,0.748,0.736,0.738,2904922.18,1768442400000,2155005.52901,4594,2026-01-15 01:00:00+00:00
1768442400000,0.738,0.739,0.729,0.73,2245842.07,1768446000000,1645773.15065,4140,2026-01-15 02:00:00+00:00
1768446000000,0.731,0.732,0.715,0.718,4954517.08,1768449600000,3571007.15641,7425,2026-01-15 03:00:00+00:00
1768449600000,0.718,0.739,0.717,0.737,3009997.08,1768453200000,2199457.8104,5067,2026-01-15 04:00:00+00:00
1768453200000,0.738,0.744,0.737,0.74,1888265.09,1768456800000,1397253.94282,3785,2026-01-15 05:00:00+00:00
1768456800000,0.74,0.743,0.735,0.742,1558912.45,1768460400000,1153159.14113,2629,2026-01-15 06:00:00+00:00
1768460400000,0.741,0.76,0.74,0.748,4592600.72,1768464000000,3454524.26651,6517,2026-01-15 07:00:00+00:00
1768464000000,0.748,0.751,0.743,0.749,1847147.08,1768467600000,1379011.08519,3397,2026-01-15 08:00:00+00:00
1768467600000,0.749,0.754,0.745,0.75,1750809.18,1768471200000,1313234.04095,3590,2026-01-15 09:00:00+00:00
1768471200000,0.75,0.752,0.743,0.746,1565345.62,1768474800000,1169445.64239,2642,2026-01-15 10:00:00+00:00
1768474800000,0.746,0.747,0.732,0.739,3565577.61,1768478400000,2631898.06595,4602,2026-01-15 11:00:00+00:00
1768478400000,0.738,0.742,0.735,0.74,704598.54,1768482000000,519992.84879,1742,2026-01-15 12:00:00+00:00
1768482000000,0.74,0.744,0.738,0.743,1176080.73,1768485600000,871285.1316,1954,2026-01-15 13:00:00+00:00
1768485600000,0.742,0.747,0.729,0.736,3203909.09,1768489200000,2362104.24643,6986,2026-01-15 14:00:00+00:00
1768489200000,0.737,0.74,0.711,0.725,5259668.38,1768492800000,3799173.25256,9936,2026-01-15 15:00:00+00:00
1768492800000,0.724,0.727,0.716,0.726,2755135.4,1768496400000,1984547.81394,6092,2026-01-15 16:00:00+00:00
1768496400000,0.727,0.73,0.719,0.72,2218701.64,1768500000000,1609295.54118,4281,2026-01-15 17:00:00+00:00
1768500000000,0.721,0.722,0.704,0.707,4078703.6,1768503600000,2898245.04007,6762,2026-01-15 18:00:00+00:00
1768503600000,0.707,0.714,0.702,0.712,3355603.32,1768507200000,2375719.42006,5645,2026-01-15 19:00:00+00:00
1768507200000,0.711,0.713,0.703,0.705,1603369.71,1768510800000,1135460.54027,3118,2026-01-15 20:00:00+00:00
1768510800000,0.705,0.711,0.703,0.71,837939.53,1768514400000,592955.01842,1621,2026-01-15 21:00:00+00:00
1768514400000,0.71,0.716,0.707,0.715,698771.4,1768518000000,497251.02618,1717,2026-01-15 22:00:00+00:00
1768518000000,0.714,0.719,0.712,0.718,523264.83,1768521600000,374442.72514,1238,2026-01-15 23:00:00+00:00
1768521600000,0.719,0.719,0.713,0.714,1023885.79,1768525200000,733721.55742,1649,2026-01-16 00:00:00+00:00
1768525200000,0.715,0.717,0.71,0.714,901129.82,1768528800000,642996.45875,1633,2026-01-16 01:00:00+00:00
1768528800000,0.714,0.721,0.711,0.72,879540.84,1768532400000,628866.39159,1853,2026-01-16 02:00:00+00:00
1768532400000,0.72,0.722,0.714,0.716,678490.44,1768536000000,487604.28745,1311,2026-01-16 03:00:00+00:00
1768536000000,0.716,0.718,0.705,0.709,1512044.14,1768539600000,1074925.48958,2881,2026-01-16 04:00:00+00:00
1768539600000,0.709,0.716,0.707,0.713,833578.65,1768543200000,592414.84355,1889,2026-01-16 05:00:00+00:00
1768543200000,0.713,0.716,0.71,0.714,719117.9,1768546800000,512372.98848,1696,2026-01-16 06:00:00+00:00
1768546800000,0.715,0.715,0.708,0.712,817135.04,1768550400000,581674.14326,1546,2026-01-16 07:00:00+00:00
1768550400000,0.711,0.715,0.71,0.712,601875.88,1768554000000,429284.5728,1465,2026-01-16 08:00:00+00:00
1768554000000,0.713,0.714,0.708,0.708,555045.66,1768557600000,394405.65242,1088,2026-01-16 09:00:00+00:00
1768557600000,0.708,0.713,0.704,0.712,1444382.53,1768561200000,1022948.5471,2376,2026-01-16 10:00:00+00:00
1768561200000,0.711,0.723,0.709,0.72,1772995.05,1768564800000,1274929.00543,3117,2026-01-16 11:00:00+00:00
1768564800000,0.721,0.725,0.718,0.72,1129268.05,1768568400000,814034.37216,1877,2026-01-16 12:00:00+00:00
1768568400000,0.72,0.72,0.716,0.718,692197.41,1768572000000,497051.66696,1523,2026-01-16 13:00:00+00:00
1768572000000,0.717,0.724,0.715,0.717,1104293.83,1768575600000,795189.37593,2857,2026-01-16 14:00:00+00:00
1768575600000,0.716,0.72,0.698,0.704,3692248.38,1768579200000,2604999.90877,7814,2026-01-16 15:00:00+00:00
1768579200000,0.703,0.713,0.701,0.709,1709662.01,1768582800000,1210130.37764,3719,2026-01-16 16:00:00+00:00
1768582800000,0.709,0.714,0.704,0.712,671710.82,1768586400000,475870.40995,1950,2026-01-16 17:00:00+00:00
1768586400000,0.713,0.717,0.712,0.713,513324.58,1768590000000,366741.38514,1744,2026-01-16 18:00:00+00:00
1768590000000,0.713,0.714,0.701,0.707,2758555.22,1768593600000,1943352.29202,4153,2026-01-16 19:00:00+00:00
1768593600000,0.707,0.719,0.704,0.717,705169.12,1768597200000,501253.99329,2017,2026-01-16 20:00:00+00:00
1768597200000,0.718,0.72,0.714,0.717,967873.43,1768600800000,694431.80749,1794,2026-01-16 21:00:00+00:00
1768600800000,0.718,0.719,0.714,0.718,998704.41,1768604400000,715847.5267,1992,2026-01-16 22:00:00+00:00
1768604400000,0.718,0.72,0.715,0.717,503758.51,1768608000000,361687.22974,1338,2026-01-16 23:00:00+00:00
1768608000000,0.718,0.722,0.716,0.72,649720.44,1768611600000,466874.21406,1429,2026-01-17 00:00:00+00:00
1768611600000,0.721,0.722,0.719,0.719,413813.62,1768615200000,298160.70327,987,2026-01-17 01:00:00+00:00
1768615200000,0.719,0.72,0.715,0.718,400116.26,1768618800000,287139.60492,1134,2026-01-17 02:00:00+00:00
1768618800000,0.717,0.719,0.714,0.718,670414.4,1768622400000,480200.48636,1033,2026-01-17 03:00:00+00:00
1768622400000,0.718,0.722,0.717,0.72,378639.01,1768626000000,272530.98613,997,2026-01-17 04:00:00+00:00
1768626000000,0.721,0.723,0.719,0.72,526949.15,1768629600000,379798.01373,915,2026-01-17 05:00:00+00:00
1768629600000,0.721,0.723,0.718,0.72,335531.23,1768633200000,241655.05763,886,2026-01-17 06:00:00+00:00
1768633200000,0.72,0.722,0.718,0.72,360887.39,1768636800000,259977.36257,941,2026-01-17 07:00:00+00:00
1768636800000,0.721,0.727,0.72,0.726,1223432.07,1768640400000,885961.4083,1784,2026-01-17 08:00:00+00:00
1768640400000,0.726,0.727,0.722,0.726,618688.69,1768644000000,448293.86834,1021,2026-01-17 09:00:00+00:00
1768644000000,0.725,0.727,0.72,0.723,485963.6,1768647600000,351310.10805,1122,2026-01-17 10:00:00+00:00
1768647600000,0.723,0.723,0.719,0.72,504107.19,1768651200000,363400.75401,1147,2026-01-17 11:00:00+00:00
1768651200000,0.719,0.724,0.718,0.721,367126.76,1768654800000,264735.78318,765,2026-01-17 12:00:00+00:00
1768654800000,0.721,0.723,0.718,0.72,811909.03,1768658400000,585006.85421,1202,2026-01-17 13:00:00+00:00
1768658400000,0.72,0.725,0.716,0.723,451266.64,1768662000000,325530.06263,1175,2026-01-17 14:00:00+00:00
1768662000000,0.723,0.728,0.722,0.728,1124982.69,1768665600000,815200.81539,2217,2026-01-17 15:00:00+00:00
1768665600000,0.728,0.735,0.721,0.723,1447920.05,1768669200000,1053434.77768,2835,2026-01-17 16:00:00+00:00
1768669200000,0.724,0.726,0.722,0.725,476581.28,1768672800000,345112.2742,807,2026-01-17 17:00:00+00:00
1768672800000,0.726,0.727,0.723,0.725,349760.16,1768676400000,253506.0854,726,2026-01-17 18:00:00+00:00
1768676400000,0.726,0.726,0.72,0.722,433844.89,1768680000000,313822.11589,1183,2026-01-17 19:00:00+00:00
1768680000000,0.721,0.724,0.718,0.721,470592.43,1768683600000,339208.21318,1113,2026-01-17 20:00:00+00:00
1768683600000,0.722,0.722,0.719,0.721,270165.6,1768687200000,194695.77701,837,2026-01-17 21:00:00+00:00
1768687200000,0.721,0.722,0.712,0.716,1042872.95,1768690800000,747003.28939,2235,2026-01-17 22:00:00+00:00
1768690800000,0.716,0.718,0.713,0.718,815214.88,1768694400000,583412.59062,1517,2026-01-17 23:00:00+00:00
1768694400000,0.718,0.724,0.716,0.717,674334.58,1768698000000,485810.47563,1569,2026-01-18 00:00:00+00:00
1768698000000,0.717,0.719,0.712,0.715,750392.48,1768701600000,536268.3958,1779,2026-01-18 01:00:00+00:00
1768701600000,0.716,0.719,0.714,0.718,467450.51,1768705200000,334964.24243,1268,2026-01-18 02:00:00+00:00
1768705200000,0.719,0.721,0.716,0.717,440801.44,1768708800000,316845.78165,981,2026-01-18 03:00:00+00:00
1768708800000,0.716,0.718,0.714,0.718,316329.36,1768712400000,226327.43023,893,2026-01-18 04:00:00+00:00
1768712400000,0.717,0.72,0.715,0.719,462906.36,1768716000000,332215.55549,1581,2026-01-18 05:00:00+00:00
1768716000000,0.718,0.72,0.716,0.719,357446.82,1768719600000,256686.09689,865,2026-01-18 06:00:00+00:00
1768719600000,0.718,0.718,0.713,0.715,310214.93,1768723200000,221918.67944,1082,2026-01-18 07:00:00+00:00
1768723200000,0.714,0.719,0.713,0.717,570797.51,1768726800000,408780.64731,1250,2026-01-18 08:00:00+00:00
1768726800000,0.716,0.718,0.714,0.716,689210.23,1768730400000,493685.35883,1360,2026-01-18 09:00:00+00:00
1768730400000,0.715,0.717,0.712,0.715,332255.79,1768734000000,237232.6577,909,2026-01-18 10:00:00+00:00
1768734000000,0.714,0.722,0.713,0.721,719642.58,1768737600000,516505.62036,1679,2026-01-18 11:00:00+00:00
1768737600000,0.721,0.722,0.713,0.714,639270.11,1768741200000,459329.99796,1353,2026-01-18 12:00:00+00:00
1768741200000,0.714,0.717,0.711,0.714,784325.75,1768744800000,559530.61158,1746,2026-01-18 13:00:00+00:00
1768744800000,0.714,0.72,0.707,0.709,1392041.05,1768748400000,994563.71367,2598,2026-01-18 14:00:00+00:00
1768748400000,0.709,0.714,0.708,0.713,465283.43,1768752000000,331033.43922,1507,2026-01-18 15:00:00+00:00
1768752000000,0.714,0.715,0.71,0.711,997245.56,1768755600000,710257.14813,1752,2026-01-18 16:00:00+00:00
1768755600000,0.711,0.716,0.707,0.715,1002503.41,1768759200000,712985.46972,1895,2026-01-18 17:00:00+00:00
1768759200000,0.715,0.72,0.714,0.719,1124308.92,1768762800000,806745.05775,2472,2026-01-18 18:00:00+00:00
1768762800000,0.719,0.72,0.712,0.713,582431.77,1768766400000,417045.37238,1199,2026-01-18 19:00:00+00:00
1768766400000,0.713,0.717,0.71,0.716,471269.35,1768770000000,336229.38015,1048,2026-01-18 20:00:00+00:00
1768770000000,0.716,0.718,0.715,0.717,326670.81,1768773600000,233999.77341,778,2026-01-18 21:00:00+00:00
1768773600000,0.717,0.72,0.716,0.719,328065.2,1768777200000,235569.33459,669,2026-01-18 22:00:00+00:00
1768777200000,0.719,0.719,0.68,0.684,9729633.98,1768780800000,6753829.41622,16339,2026-01-18 23:00:00+00:00
1768780800000,0.684,0.684,0.55,0.626,46615795.84,1768784400000,28722665.07392,98062,2026-01-19 00:00:00+00:00
1768784400000,0.626,0.649,0.622,0.642,14147992.58,1768788000000,9046072.11155,25163,2026-01-19 01:00:00+00:00
1768788000000,0.642,0.656,0.637,0.639,7681066.13,1768791600000,4962916.57439,9906,2026-01-19 02:00:00+00:00
1768791600000,0.638,0.641,0.636,0.638,2477481.25,1768795200000,1581690.8785,3469,2026-01-19 03:00:00+00:00
1768795200000,0.637,0.642,0.633,0.634,3655774.12,1768798800000,2329257.00708,4389,2026-01-19 04:00:00+00:00
1768798800000,0.634,0.637,0.624,0.628,4573342.04,1768802400000,2879797.00389,5299,2026-01-19 05:00:00+00:00
1768802400000,0.628,0.632,0.623,0.627,2242478.93,1768806000000,1408405.68968,2920,2026-01-19 06:00:00+00:00
1768806000000,0.627,0.634,0.625,0.625,2372594.96,1768809600000,1494038.30155,3172,2026-01-19 07:00:00+00:00
1768809600000,0.626,0.632,0.617,0.631,3673241.68,1768813200000,2294257.35165,5533,2026-01-19 08:00:00+00:00
1768813200000,0.63,0.632,0.627,0.631,2188701.7,1768816800000,1378825.54064,2755,2026-01-19 09:00:00+00:00
1768816800000,0.631,0.632,0.619,0.624,4382537.82,1768820400000,2736033.95713,4023,2026-01-19 10:00:00+00:00
1768820400000,0.624,0.627,0.623,0.626,1210853.31,1768824000000,756783.66582,2213,2026-01-19 11:00:00+00:00
1768824000000,0.625,0.625,0.619,0.624,1665256.71,1768827600000,1036064.23609,2836,2026-01-19 12:00:00+00:00
1768827600000,0.623,0.626,0.62,0.621,2080748.47,1768831200000,1294839.92284,3069,2026-01-19 13:00:00+00:00
1768831200000,0.621,0.623,0.61,0.614,2483471.86,1768834800000,1532941.34814,4517,2026-01-19 14:00:00+00:00
1768834800000,0.614,0.622,0.612,0.621,3067962.03,1768838400000,1888331.17437,4232,2026-01-19 15:00:00+00:00
1768838400000,0.621,0.626,0.619,0.625,1131858.17,1768842000000,704540.47529,2139,2026-01-19 16:00:00+00:00
1768842000000,0.624,0.627,0.622,0.623,1013082.42,1768845600000,632236.43721,2001,2026-01-19 17:00:00+00:00
1768845600000,0.623,0.628,0.621,0.627,806369.31,1768849200000,503301.11881,1562,2026-01-19 18:00:00+00:00
1768849200000,0.627,0.632,0.625,0.629,897608.97,1768852800000,564224.53967,1986,2026-01-19 19:00:00+00:00
1768852800000,0.629,0.633,0.626,0.628,1006828.16,1768856400000,633835.04904,2123,2026-01-19 20:00:00+00:00
1768856400000,0.628,0.628,0.622,0.622,723775.55,1768860000000,451947.20284,1897,2026-01-19 21:00:00+00:00
1768860000000,0.623,0.624,0.612,0.613,3494705.26,1768863600000,2158021.90222,4548,2026-01-19 22:00:00+00:00
1768863600000,0.614,0.621,0.613,0.619,2123352.06,1768867200000,1309565.18342,3121,2026-01-19 23:00:00+00:00
1768867200000,0.619,0.622,0.617,0.619,2235631.58,1768870800000,1383721.60583,2581,2026-01-20 00:00:00+00:00
1768870800000,0.619,0.625,0.614,0.621,1522467.81,1768874400000,944291.88658,2699,2026-01-20 01:00:00+00:00
1768874400000,0.621,0.629,0.62,0.626,1657420.9,1768878000000,1034805.22723,3205,2026-01-20 02:00:00+00:00
1768878000000,0.626,0.628,0.621,0.622,1609356.96,1768881600000,1004080.06676,2375,2026-01-20 03:00:00+00:00
1768881600000,0.623,0.624,0.618,0.618,1534442.44,1768885200000,951920.39364,2752,2026-01-20 04:00:00+00:00
1768885200000,0.619,0.624,0.615,0.62,2956456.66,1768888800000,1833366.83532,4791,2026-01-20 05:00:00+00:00
1768888800000,0.62,0.62,0.6,0.61,5010661.95,1768892400000,3057848.76083,8449,2026-01-20 06:00:00+00:00
1768892400000,0.611,0.614,0.604,0.606,3439736.19,1768896000000,2093720.00682,4443,2026-01-20 07:00:00+00:00
1768896000000,0.606,0.607,0.595,0.605,6232402.85,1768899600000,3751129.96096,7535,2026-01-20 08:00:00+00:00
1768899600000,0.605,0.606,0.602,0.605,1490007.78,1768903200000,899708.01385,3184,2026-01-20 09:00:00+00:00
1768903200000,0.605,0.61,0.604,0.608,1147234.0,1768906800000,696690.93218,2019,2026-01-20 10:00:00+00:00
1768906800000,0.608,0.611,0.605,0.606,1060771.97,1768910400000,645208.8714,1937,2026-01-20 11:00:00+00:00
1768910400000,0.607,0.609,0.602,0.602,1304175.65,1768914000000,789655.30833,2364,2026-01-20 12:00:00+00:00
1768914000000,0.603,0.604,0.587,0.59,6002380.58,1768917600000,3569409.09256,7206,2026-01-20 13:00:00+00:00
1768917600000,0.59,0.602,0.59,0.599,5406465.17,1768921200000,3218167.88389,9352,2026-01-20 14:00:00+00:00
1768921200000,0.599,0.6,0.588,0.599,5042581.49,1768924800000,3001046.01087,11582,2026-01-20 15:00:00+00:00
1768924800000,0.599,0.604,0.591,0.593,3962685.61,1768928400000,2369363.00286,8019,2026-01-20 16:00:00+00:00
1768928400000,0.593,0.598,0.587,0.59,4014563.86,1768932000000,2376384.05113,5550,2026-01-20 17:00:00+00:00
1768932000000,0.59,0.592,0.578,0.581,5908000.2,1768935600000,3460137.18615,7779,2026-01-20 18:00:00+00:00
1768935600000,0.582,0.586,0.579,0.581,2045808.26,1768939200000,1191444.72558,3783,2026-01-20 19:00:00+00:00
1768939200000,0.581,0.586,0.579,0.581,1430520.33,1768942800000,831972.32016,2800,2026-01-20 20:00:00+00:00
1768942800000,0.581,0.581,0.575,0.581,1742106.14,1768946400000,1008477.97434,2859,2026-01-20 21:00:00+00:00
1768946400000,0.58,0.586,0.568,0.581,4186672.76,1768950000000,2418664.18795,7062,2026-01-20 22:00:00+00:00
1768950000000,0.581,0.581,0.572,0.574,2712248.21,1768953600000,1563229.0348,5661,2026-01-20 23:00:00+00:00
1768953600000,0.574,0.587,0.574,0.585,2030575.21,1768957200000,1176724.45306,3811,2026-01-21 00:00:00+00:00
1768957200000,0.585,0.591,0.585,0.59,1574840.58,1768960800000,926924.31261,3742,2026-01-21 01:00:00+00:00
1768960800000,0.589,0.593,0.588,0.591,1663386.64,1768964400000,981570.99371,2769,2026-01-21 02:00:00+00:00
1768964400000,0.59,0.593,0.588,0.59,1367102.21,1768968000000,807102.39361,2175,2026-01-21 03:00:00+00:00
1768968000000,0.59,0.599,0.59,0.598,1850389.53,1768971600000,1099798.26885,2841,2026-01-21 04:00:00+00:00
1768971600000,0.598,0.607,0.596,0.603,3133497.59,1768975200000,1882630.27805,4191,2026-01-21 05:00:00+00:00
1768975200000,0.603,0.604,0.6,0.601,966057.74,1768978800000,581035.00429,1535,2026-01-21 06:00:00+00:00
1768978800000,0.602,0.605,0.598,0.602,1143530.52,1768982400000,687608.0855,1630,2026-01-21 07:00:00+00:00
1768982400000,0.602,0.604,0.599,0.601,1285289.46,1768986000000,773209.32475,2257,2026-01-21 08:00:00+00:00
1768986000000,0.602,0.604,0.599,0.6,1009650.52,1768989600000,607027.04632,1527,2026-01-21 09:00:00+00:00
1768989600000,0.601,0.606,0.599,0.601,809859.92,1768993200000,488751.34134,1639,2026-01-21 10:00:00+00:00
1768993200000,0.6,0.608,0.597,0.598,2008730.28,1768996800000,1209045.40927,3133,2026-01-21 11:00:00+00:00
1768996800000,0.599,0.602,0.592,0.599,2803546.88,1769000400000,1672159.11727,5748,2026-01-21 12:00:00+00:00
1769000400000,0.599,0.603,0.593,0.596,1310388.54,1769004000000,783453.39666,2936,2026-01-21 13:00:00+00:00
1769004000000,0.596,0.613,0.595,0.61,4277810.94,1769007600000,2594209.06891,9794,2026-01-21 14:00:00+00:00
1769007600000,0.61,0.616,0.608,0.613,2871634.13,1769011200000,1756308.65675,6175,2026-01-21 15:00:00+00:00
1769011200000,0.614,0.615,0.59,0.591,4589533.96,1769014800000,2757066.37136,7885,2026-01-21 16:00:00+00:00
1769014800000,0.592,0.599,0.587,0.595,3310660.22,1769018400000,1959604.56896,8999,2026-01-21 17:00:00+00:00
1769018400000,0.594,0.605,0.592,0.6,1466392.92,1769022000000,878334.83171,4521,2026-01-21 18:00:00+00:00
1769022000000,0.6,0.62,0.597,0.619,3210212.82,1769025600000,1958268.40193,9574,2026-01-21 19:00:00+00:00
1769025600000,0.62,0.62,0.61,0.618,1983858.94,1769029200000,1217203.1616,5630,2026-01-21 20:00:00+00:00
1769029200000,0.617,0.622,0.615,0.62,813226.87,1769032800000,502632.5551,2659,2026-01-21 21:00:00+00:00
1769032800000,0.619,0.624,0.611,0.611,895240.31,1769036400000,551680.66866,2217,2026-01-21 22:00:00+00:00
1769036400000,0.612,0.615,0.603,0.607,1783288.34,1769040000000,1085593.19958,3279,2026-01-21 23:00:00+00:00
1769040000000,0.606,0.614,0.606,0.613,447229.47,1769043600000,273133.76992,1541,2026-01-22 00:00:00+00:00
1769043600000,0.612,0.619,0.611,0.618,783299.52,1769047200000,481875.50242,1639,2026-01-22 01:00:00+00:00
1769047200000,0.618,0.621,0.615,0.617,747090.96,1769050800000,461910.68968,1782,2026-01-22 02:00:00+00:00
1769050800000,0.617,0.621,0.614,0.619,847903.89,1769054400000,523603.33682,1957,2026-01-22 03:00:00+00:00
1769054400000,0.618,0.625,0.617,0.622,1124296.39,1769058000000,698842.36716,2209,2026-01-22 04:00:00+00:00
1769058000000,0.622,0.623,0.619,0.62,774265.96,1769061600000,481047.55447,1741,2026-01-22 05:00:00+00:00
1769061600000,0.62,0.623,0.614,0.617,1194717.24,1769065200000,737479.71859,2530,2026-01-22 06:00:00+00:00
1769065200000,0.617,0.617,0.612,0.615,1017461.14,1769068800000,624638.42286,1888,2026-01-22 07:00:00+00:00
1769068800000,0.616,0.623,0.615,0.621,1195524.78,1769072400000,738782.57784,2447,2026-01-22 08:00:00+00:00
1769072400000,0.621,0.626,0.619,0.622,804167.89,1769076000000,499817.39089,1860,2026-01-22 09:00:00+00:00
1769076000000,0.623,0.623,0.619,0.621,706047.11,1769079600000,438239.5746,1567,2026-01-22 10:00:00+00:00
1769079600000,0.62,0.622,0.615,0.618,765707.41,1769083200000,473478.44773,1863,2026-01-22 11:00:00+00:00
1769083200000,0.618,0.619,0.614,0.616,778086.62,1769086800000,479778.58725,1619,2026-01-22 12:00:00+00:00
1769086800000,0.615,0.619,0.609,0.611,1667758.78,1769090400000,1024277.5282,3227,2026-01-22 13:00:00+00:00
1769090400000,0.611,0.613,0.603,0.605,1964629.82,1769094000000,1193628.46829,4670,2026-01-22 14:00:00+00:00
1769094000000,0.605,0.61,0.599,0.608,2189867.48,1769097600000,1325023.53951,5789,2026-01-22 15:00:00+00:00
1769097600000,0.608,0.615,0.608,0.612,1276440.58,1769101200000,780143.14068,3717,2026-01-22 16:00:00+00:00
1769101200000,0.612,0.615,0.609,0.614,855032.04,1769104800000,523526.79812,2557,2026-01-22 17:00:00+00:00
1769104800000,0.614,0.615,0.607,0.607,981461.77,1769108400000,600227.99683,2098,2026-01-22 18:00:00+00:00
1769108400000,0.607,0.613,0.605,0.611,507126.01,1769112000000,308933.04692,1648,2026-01-22 19:00:00+00:00
1769112000000,0.611,0.613,0.607,0.61,820454.06,1769115600000,499836.17699,2434,2026-01-22 20:00:00+00:00
1769115600000,0.61,0.615,0.61,0.613,805259.34,1769119200000,493043.28593,1940,2026-01-22 21:00:00+00:00
1769119200000,0.612,0.615,0.609,0.611,506513.44,1769122800000,309632.31241,1228,2026-01-22 22:00:00+00:00
1769122800000,0.611,0.612,0.606,0.609,570591.05,1769126400000,347392.44584,1377,2026-01-22 23:00:00+00:00
1769126400000,0.61,0.613,0.608,0.611,413635.6,1769130000000,252460.37254,1118,2026-01-23 00:00:00+00:00
1769130000000,0.611,0.617,0.611,0.616,715181.39,1769133600000,439457.41881,1464,2026-01-23 01:00:00+00:00
1769133600000,0.616,0.62,0.615,0.62,525776.66,1769137200000,324996.87677,1157,2026-01-23 02:00:00+00:00
1769137200000,0.619,0.628,0.618,0.627,1086330.85,1769140800000,677806.39967,2287,2026-01-23 03:00:00+00:00
1769140800000,0.627,0.627,0.62,0.624,1315008.86,1769144400000,820428.39889,2463,2026-01-23 04:00:00+00:00
1769144400000,0.624,0.631,0.622,0.631,1501573.92,1769148000000,940860.01026,2212,2026-01-23 05:00:00+00:00
1769148000000,0.63,0.633,0.625,0.626,1155848.81,1769151600000,726440.78182,2204,2026-01-23 06:00:00+00:00
1769151600000,0.626,0.633,0.626,0.632,863264.48,1769155200000,543728.09101,1944,2026-01-23 07:00:00+00:00
1769155200000,0.632,0.635,0.623,0.625,1801249.01,1769158800000,1135067.08427,4072,2026-01-23 08:00:00+00:00
1769158800000,0.625,0.63,0.624,0.626,1156553.19,1769162400000,724579.88777,2712,2026-01-23 09:00:00+00:00
1769162400000,0.626,0.628,0.622,0.623,600297.38,1769166000000,374902.3924,1616,2026-01-23 10:00:00+00:00
1769166000000,0.623,0.627,0.622,0.626,1789575.82,1769169600000,1117555.59035,2218,2026-01-23 11:00:00+00:00
1769169600000,0.625,0.626,0.619,0.62,943726.68,1769173200000,587792.58671,1527,2026-01-23 12:00:00+00:00
1769173200000,0.621,0.623,0.619,0.62,444298.21,1769176800000,275836.3197,1043,2026-01-23 13:00:00+00:00
1769176800000,0.62,0.624,0.611,0.617,1421101.58,1769180400000,877039.76443,4601,2026-01-23 14:00:00+00:00
1769180400000,0.617,0.633,0.614,0.632,1724046.25,1769184000000,1075680.52463,4742,2026-01-23 15:00:00+00:00
1769184000000,0.632,0.635,0.625,0.631,1619123.71,1769187600000,1021378.05481,4327,2026-01-23 16:00:00+00:00
1769187600000,0.631,0.665,0.625,0.651,13987485.37,1769191200000,9068941.81943,27056,2026-01-23 17:00:00+00:00
1769191200000,0.65,0.667,0.647,0.649,3716408.1,1769194800000,2446627.87295,10647,2026-01-23 18:00:00+00:00
1769194800000,0.65,0.65,0.634,0.636,2676654.35,1769198400000,1712136.00099,7732,2026-01-23 19:00:00+00:00
1769198400000,0.636,0.644,0.632,0.636,2272324.39,1769202000000,1445928.36403,5522,2026-01-23 20:00:00+00:00
1769202000000,0.635,0.645,0.635,0.641,1273514.16,1769205600000,815807.26448,3240,2026-01-23 21:00:00+00:00
1769205600000,0.641,0.646,0.638,0.643,1329920.96,1769209200000,853960.52243,3176,2026-01-23 22:00:00+00:00
1769209200000,0.643,0.643,0.637,0.641,1506193.54,1769212800000,963161.28793,2202,2026-01-23 23:00:00+00:00
1769212800000,0.641,0.643,0.635,0.635,1246401.23,1769216400000,796970.1745,1917,2026-01-24 00:00:00+00:00
1769216400000,0.635,0.639,0.631,0.637,1052770.95,1769220000000,668069.58109,1793,2026-01-24 01:00:00+00:00
1769220000000,0.637,0.641,0.636,0.638,1086259.1,1769223600000,694037.72736,2314,2026-01-24 02:00:00+00:00
1769223600000,0.638,0.647,0.637,0.645,1867816.75,1769227200000,1200273.45947,3538,2026-01-24 03:00:00+00:00
1769227200000,0.644,0.647,0.638,0.639,922331.65,1769230800000,591791.32247,1771,2026-01-24 04:00:00+00:00
1769230800000,0.639,0.64,0.636,0.639,405521.2,1769234400000,258621.08262,1147,2026-01-24 05:00:00+00:00
1769234400000,0.639,0.64,0.636,0.637,346760.62,1769238000000,221104.68974,921,2026-01-24 06:00:00+00:00
1769238000000,0.637,0.641,0.635,0.636,510353.7,1769241600000,325258.19952,1337,2026-01-24 07:00:00+00:00
1769241600000,0.636,0.645,0.633,0.644,1083813.29,1769245200000,693419.25674,2136,2026-01-24 08:00:00+00:00
1769245200000,0.644,0.647,0.639,0.64,951054.03,1769248800000,611343.62879,1830,2026-01-24 09:00:00+00:00
1769248800000,0.64,0.664,0.639,0.657,3965555.06,1769252400000,2602110.13241,6294,2026-01-24 10:00:00+00:00
1769252400000,0.658,0.674,0.656,0.673,3996099.47,1769256000000,2658267.59887,6931,2026-01-24 11:00:00+00:00
1769256000000,0.674,0.674,0.656,0.665,5705882.62,1769259600000,3788148.05646,7507,2026-01-24 12:00:00+00:00
1769259600000,0.665,0.665,0.659,0.659,1179786.37,1769263200000,781981.98667,2627,2026-01-24 13:00:00+00:00
1769263200000,0.66,0.666,0.657,0.663,1536138.89,1769266800000,1017535.7798,3718,2026-01-24 14:00:00+00:00
1769266800000,0.664,0.666,0.653,0.656,2248570.33,1769270400000,1479032.56627,3723,2026-01-24 15:00:00+00:00
1769270400000,0.656,0.661,0.651,0.658,1933596.73,1769274000000,1268395.40139,3347,2026-01-24 16:00:00+00:00
1769274000000,0.658,0.667,0.656,0.664,1890376.9,1769277600000,1253557.38027,3485,2026-01-24 17:00:00+00:00
1769277600000,0.665,0.672,0.662,0.669,3066676.99,1769281200000,2046796.67165,5324,2026-01-24 18:00:00+00:00
1769281200000,0.669,0.674,0.663,0.667,1851025.03,1769284800000,1239059.4221,3103,2026-01-24 19:00:00+00:00
1769284800000,0.667,0.667,0.658,0.661,1261913.46,1769288400000,835038.3452,2537,2026-01-24 20:00:00+00:00
1769288400000,0.66,0.663,0.657,0.659,707025.62,1769292000000,466697.97681,1310,2026-01-24 21:00:00+00:00
1769292000000,0.659,0.662,0.657,0.661,590322.41,1769295600000,389099.27229,1346,2026-01-24 22:00:00+00:00
1769295600000,0.661,0.665,0.658,0.659,849287.79,1769299200000,562291.61103,1418,2026-01-24 23:00:00+00:00
1769299200000,0.66,0.664,0.657,0.664,1126435.82,1769302800000,744587.16941,2155,2026-01-25 00:00:00+00:00
1769302800000,0.663,0.665,0.653,0.656,1686641.0,1769306400000,1111963.25745,2958,2026-01-25 01:00:00+00:00
1769306400000,0.656,0.662,0.655,0.657,1446389.67,1769310000000,953143.18569,2327,2026-01-25 02:00:00+00:00
1769310000000,0.657,0.66,0.647,0.651,2026834.36,1769313600000,1322843.40495,3161,2026-01-25 03:00:00+00:00
1769313600000,0.651,0.652,0.644,0.648,1113170.6,1769317200000,721728.72558,2781,2026-01-25 04:00:00+00:00
1769317200000,0.648,0.658,0.647,0.654,697109.72,1769320800000,453942.51998,2253,2026-01-25 05:00:00+00:00
1769320800000,0.654,0.655,0.649,0.651,554968.25,1769324400000,362257.66373,1499,2026-01-25 06:00:00+00:00
1769324400000,0.65,0.651,0.639,0.645,2133946.51,1769328000000,1377586.13063,3894,2026-01-25 07:00:00+00:00
1769328000000,0.645,0.648,0.64,0.643,1818798.18,1769331600000,1170029.77637,4470,2026-01-25 08:00:00+00:00
1769331600000,0.643,0.649,0.643,0.645,826110.05,1769335200000,533644.51583,2413,2026-01-25 09:00:00+00:00
1769335200000,0.645,0.646,0.64,0.64,753027.2,1769338800000,484567.86775,2304,2026-01-25 10:00:00+00:00
1769338800000,0.64,0.644,0.637,0.64,778960.36,1769342400000,499392.01493,2030,2026-01-25 11:00:00+00:00
1769342400000,0.64,0.641,0.633,0.64,1871906.88,1769346000000,1191536.60126,3104,2026-01-25 12:00:00+00:00
1769346000000,0.64,0.642,0.634,0.638,1007032.85,1769349600000,642362.29046,2598,2026-01-25 13:00:00+00:00
1769349600000,0.638,0.639,0.626,0.627,1928219.21,1769353200000,1218611.31954,5473,2026-01-25 14:00:00+00:00
1769353200000,0.627,0.631,0.622,0.629,1358515.85,1769356800000,852057.81562,3848,2026-01-25 15:00:00+00:00
1769356800000,0.629,0.63,0.609,0.617,5337883.06,1769360400000,3289084.78134,13822,2026-01-25 16:00:00+00:00
1769360400000,0.617,0.619,0.612,0.617,1428364.3,1769364000000,879395.10379,3734,2026-01-25 17:00:00+00:00
1769364000000,0.617,0.617,0.605,0.608,3224040.84,1769367600000,1966927.51829,7589,2026-01-25 18:00:00+00:00
1769367600000,0.609,0.611,0.597,0.6,3143189.85,1769371200000,1896760.57044,7680,2026-01-25 19:00:00+00:00
1769371200000,0.6,0.605,0.596,0.602,1532325.43,1769374800000,919818.96478,4040,2026-01-25 20:00:00+00:00
1769374800000,0.603,0.608,0.603,0.607,806702.26,1769378400000,488437.68413,2467,2026-01-25 21:00:00+00:00
1769378400000,0.607,0.609,0.6,0.601,2390742.05,1769382000000,1445556.95528,3805,2026-01-25 22:00:00+00:00
1769382000000,0.601,0.607,0.598,0.605,2325635.72,1769385600000,1402415.54954,4569,2026-01-25 23:00:00+00:00
1769385600000,0.605,0.608,0.6,0.604,1645982.76,1769389200000,994947.26794,3709,2026-01-26 00:00:00+00:00
1769389200000,0.604,0.614,0.604,0.611,2562384.1,1769392800000,1563463.62914,4607,2026-01-26 01:00:00+00:00
1769392800000,0.611,0.612,0.606,0.609,1637345.38,1769396400000,996979.63399,3147,2026-01-26 02:00:00+00:00
1769396400000,0.608,0.614,0.605,0.608,1972269.81,1769400000000,1202259.67945,2955,2026-01-26 03:00:00+00:00
1769400000000,0.607,0.612,0.604,0.609,1648469.32,1769403600000,1002624.77843,2885,2026-01-26 04:00:00+00:00
1769403600000,0.61,0.614,0.608,0.61,1664571.21,1769407200000,1016565.86243,2375,2026-01-26 05:00:00+00:00
1769407200000,0.61,0.617,0.609,0.615,1704446.41,1769410800000,1043383.738,2825,2026-01-26 06:00:00+00:00
1769410800000,0.615,0.623,0.613,0.621,1715017.37,1769414400000,1057404.10449,2820,2026-01-26 07:00:00+00:00
1769414400000,0.62,0.623,0.615,0.617,2162535.87,1769418000000,1337894.37897,3706,2026-01-26 08:00:00+00:00
1769418000000,0.617,0.619,0.61,0.613,1269751.68,1769421600000,779223.34134,2446,2026-01-26 09:00:00+00:00
1769421600000,0.613,0.622,0.613,0.621,942055.65,1769425200000,583102.10042,1879,2026-01-26 10:00:00+00:00
1769425200000,0.621,0.628,0.621,0.625,1305759.01,1769428800000,816055.55135,2252,2026-01-26 11:00:00+00:00
1769428800000,0.626,0.632,0.624,0.627,1828211.57,1769432400000,1148328.15193,2832,2026-01-26 12:00:00+00:00
1769432400000,0.626,0.637,0.626,0.635,4098775.2,1769436000000,2590031.37725,5947,2026-01-26 13:00:00+00:00
1769436000000,0.636,0.639,0.626,0.635,3215073.13,1769439600000,2033454.79435,5329,2026-01-26 14:00:00+00:00
1769439600000,0.635,0.639,0.623,0.628,2654450.15,1769443200000,1675301.42038,4736,2026-01-26 15:00:00+00:00
1769443200000,0.628,0.633,0.625,0.63,1599270.18,1769446800000,1006586.6323,3466,2026-01-26 16:00:00+00:00
1769446800000,0.63,0.634,0.624,0.63,1963750.38,1769450400000,1234071.98415,3727,2026-01-26 17:00:00+00:00
1769450400000,0.629,0.633,0.626,0.632,2116448.0,1769454000000,1334100.20675,3064,2026-01-26 18:00:00+00:00
1769454000000,0.632,0.634,0.627,0.63,1361364.0,1769457600000,858120.37423,2497,2026-01-26 19:00:00+00:00
1769457600000,0.63,0.634,0.628,0.631,902102.1,1769461200000,568759.68537,1581,2026-01-26 20:00:00+00:00
1769461200000,0.631,0.64,0.63,0.638,855293.36,1769464800000,542973.31091,1753,2026-01-26 21:00:00+00:00
1769464800000,0.639,0.642,0.637,0.639,1190667.63,1769468400000,761340.15924,2121,2026-01-26 22:00:00+00:00
1769468400000,0.639,0.645,0.637,0.641,997130.03,1769472000000,639220.90623,1637,2026-01-26 23:00:00+00:00
1769472000000,0.64,0.64,0.635,0.638,2257368.13,1769475600000,1437500.51233,2763,2026-01-27 00:00:00+00:00
1769475600000,0.637,0.645,0.636,0.641,1895737.1,1769479200000,1213634.47583,2827,2026-01-27 01:00:00+00:00
1769479200000,0.64,0.646,0.64,0.644,899663.82,1769482800000,578563.75739,1916,2026-01-27 02:00:00+00:00
1769482800000,0.643,0.647,0.638,0.641,1598972.37,1769486400000,1027250.88031,2882,2026-01-27 03:00:00+00:00
1769486400000,0.641,0.646,0.64,0.643,965308.69,1769490000000,620442.3817,2261,2026-01-27 04:00:00+00:00
1769490000000,0.643,0.647,0.64,0.641,1139374.22,1769493600000,733688.77331,1681,2026-01-27 05:00:00+00:00
1769493600000,0.641,0.642,0.636,0.638,779548.9,1769497200000,497419.2204,1547,2026-01-27 06:00:00+00:00
1769497200000,0.639,0.664,0.639,0.663,4903139.58,1769500800000,3207582.13669,8001,2026-01-27 07:00:00+00:00
1769500800000,0.664,0.668,0.656,0.662,3083973.61,1769504400000,2038612.80656,6218,2026-01-27 08:00:00+00:00
1769504400000,0.663,0.663,0.648,0.653,2489989.25,1769508000000,1629972.71121,5040,2026-01-27 09:00:00+00:00
1769508000000,0.652,0.656,0.651,0.651,1153865.09,1769511600000,754845.39538,2274,2026-01-27 10:00:00+00:00
1769511600000,0.651,0.657,0.647,0.651,1032932.46,1769515200000,673155.29199,2277,2026-01-27 11:00:00+00:00
1769515200000,0.651,0.655,0.649,0.653,1228008.34,1769518800000,799257.31181,2058,2026-01-27 12:00:00+00:00
1769518800000,0.653,0.654,0.644,0.646,1093182.54,1769522400000,708234.46271,2719,2026-01-27 13:00:00+00:00
1769522400000,0.646,0.652,0.638,0.641,2125044.44,1769526000000,1370760.78662,5431,2026-01-27 14:00:00+00:00
1769526000000,0.64,0.65,0.639,0.65,1466305.03,1769529600000,943885.60631,3748,2026-01-27 15:00:00+00:00
1769529600000,0.651,0.66,0.648,0.657,2599063.83,1769533200000,1702320.48838,6220,2026-01-27 16:00:00+00:00
1769533200000,0.657,0.657,0.635,0.639,2661366.12,1769536800000,1713115.76449,6353,2026-01-27 17:00:00+00:00
1769536800000,0.639,0.65,0.637,0.646,1267381.15,1769540400000,814954.75545,3236,2026-01-27 18:00:00+00:00
1769540400000,0.646,0.649,0.644,0.648,726812.79,1769544000000,469892.61365,1635,2026-01-27 19:00:00+00:00
1769544000000,0.647,0.66,0.646,0.657,1472349.27,1769547600000,963419.56636,3176,2026-01-27 20:00:00+00:00
1769547600000,0.656,0.67,0.655,0.663,3070374.29,1769551200000,2038622.13849,5965,2026-01-27 21:00:00+00:00
1769551200000,0.662,0.67,0.661,0.668,985645.46,1769554800000,654972.54383,2431,2026-01-27 22:00:00+00:00
1769554800000,0.669,0.684,0.666,0.678,3243761.78,1769558400000,2194698.41818,7495,2026-01-27 23:00:00+00:00
1769558400000,0.677,0.68,0.67,0.679,1921815.79,1769562000000,1295457.91527,3866,2026-01-28 00:00:00+00:00
1769562000000,0.679,0.679,0.665,0.667,1606890.45,1769565600000,1077872.48808,3883,2026-01-28 01:00:00+00:00
1769565600000,0.667,0.687,0.667,0.683,2977379.8,1769569200000,2019961.27938,6570,2026-01-28 02:00:00+00:00
1769569200000,0.683,0.691,0.676,0.684,4600818.94,1769572800000,3145223.06913,8036,2026-01-28 03:00:00+00:00
1769572800000,0.683,0.691,0.677,0.681,3065359.5,1769576400000,2098184.41788,6950,2026-01-28 04:00:00+00:00
1769576400000,0.681,0.688,0.673,0.673,1984625.48,1769580000000,1348963.82215,5299,2026-01-28 05:00:00+00:00
1769580000000,0.674,0.68,0.673,0.679,1297921.77,1769583600000,877182.54525,3092,2026-01-28 06:00:00+00:00
1769583600000,0.679,0.703,0.676,0.697,7189029.99,1769587200000,4972338.00525,12124,2026-01-28 07:00:00+00:00
1769587200000,0.696,0.711,0.685,0.688,6604656.14,1769590800000,4624956.85806,14359,2026-01-28 08:00:00+00:00
1769590800000,0.689,0.696,0.684,0.694,2854258.46,1769594400000,1966114.07296,5847,2026-01-28 09:00:00+00:00
1769594400000,0.694,0.696,0.688,0.69,1930776.43,1769598000000,1336956.65939,4297,2026-01-28 10:00:00+00:00
1769598000000,0.69,0.697,0.685,0.695,2721567.82,1769601600000,1883727.58035,5674,2026-01-28 11:00:00+00:00
1769601600000,0.694,0.695,0.674,0.676,3210780.4,1769605200000,2191384.91551,5928,2026-01-28 12:00:00+00:00
1769605200000,0.676,0.681,0.673,0.677,1570896.39,1769608800000,1065193.06769,3178,2026-01-28 13:00:00+00:00
1769608800000,0.677,0.678,0.668,0.67,2855202.45,1769612400000,1917428.14187,5894,2026-01-28 14:00:00+00:00
1769612400000,0.671,0.676,0.664,0.666,3097615.67,1769616000000,2068650.89176,5940,2026-01-28 15:00:00+00:00
1769616000000,0.667,0.67,0.66,0.666,1265470.63,1769619600000,841319.73177,3737,2026-01-28 16:00:00+00:00
1769619600000,0.666,0.673,0.664,0.672,1154399.23,1769623200000,771371.75218,3580,2026-01-28 17:00:00+00:00
1769623200000,0.672,0.672,0.661,0.665,862979.1,1769626800000,575610.0072,2434,2026-01-28 18:00:00+00:00
1769626800000,0.665,0.671,0.662,0.669,1009614.29,1769630400000,672965.73298,4245,2026-01-28 19:00:00+00:00
1769630400000,0.669,0.675,0.663,0.665,1388872.58,1769634000000,930052.93501,3545,2026-01-28 20:00:00+00:00
1769634000000,0.666,0.671,0.661,0.669,808306.36,1769637600000,537761.39081,2658,2026-01-28 21:00:00+00:00
1769637600000,0.669,0.67,0.666,0.67,697390.49,1769641200000,465939.6164,1503,2026-01-28 22:00:00+00:00
1769641200000,0.669,0.674,0.667,0.671,915017.61,1769644800000,614068.50012,2207,2026-01-28 23:00:00+00:00
1769644800000,0.671,0.673,0.666,0.673,1845028.51,1769648400000,1232576.62424,3530,2026-01-29 00:00:00+00:00
1769648400000,0.673,0.675,0.662,0.662,1489231.33,1769652000000,996916.33547,3582,2026-01-29 01:00:00+00:00
1769652000000,0.663,0.666,0.651,0.655,2970246.01,1769655600000,1953440.37654,7004,2026-01-29 02:00:00+00:00
1769655600000,0.654,0.661,0.644,0.647,2599347.48,1769659200000,1693069.62715,6247,2026-01-29 03:00:00+00:00
1769659200000,0.646,0.655,0.644,0.652,1352301.19,1769662800000,878122.03603,3513,2026-01-29 04:00:00+00:00
1769662800000,0.652,0.653,0.645,0.646,646243.11,1769666400000,419285.59439,2005,2026-01-29 05:00:00+00:00
1769666400000,0.646,0.656,0.645,0.653,1048768.72,1769670000000,684296.49491,2758,2026-01-29 06:00:00+00:00
1769670000000,0.653,0.657,0.652,0.655,641780.2,1769673600000,420320.31246,2090,2026-01-29 07:00:00+00:00
1769673600000,0.654,0.655,0.648,0.652,2027327.75,1769677200000,1320911.47139,4239,2026-01-29 08:00:00+00:00
1769677200000,0.652,0.653,0.648,0.649,684321.69,1769680800000,445093.92278,2104,2026-01-29 09:00:00+00:00
1769680800000,0.648,0.652,0.645,0.651,1604347.96,1769684400000,1039144.61401,3185,2026-01-29 10:00:00+00:00
1769684400000,0.651,0.651,0.642,0.643,1038372.74,1769688000000,671286.57206,2836,2026-01-29 11:00:00+00:00
1769688000000,0.643,0.648,0.64,0.642,1652271.78,1769691600000,1063829.59405,3755,2026-01-29 12:00:00+00:00
1769691600000,0.641,0.644,0.637,0.643,1768650.05,1769695200000,1132797.17715,4003,2026-01-29 13:00:00+00:00
1769695200000,0.643,0.648,0.628,0.629,3003315.92,1769698800000,1917497.85424,7155,2026-01-29 14:00:00+00:00
1769698800000,0.629,0.631,0.604,0.623,10467174.21,1769702400000,6451668.12488,24654,2026-01-29 15:00:00+00:00
1769702400000,0.622,0.629,0.613,0.628,3790414.93,1769706000000,2351059.0707,7052,2026-01-29 16:00:00+00:00
1769706000000,0.628,0.637,0.62,0.621,3927155.42,1769709600000,2469873.0232,7759,2026-01-29 17:00:00+00:00
1769709600000,0.622,0.624,0.61,0.61,3376436.61,1769713200000,2083250.85346,7672,2026-01-29 18:00:00+00:00
1769713200000,0.611,0.617,0.606,0.613,2710224.0,1769716800000,1660258.54145,5191,2026-01-29 19:00:00+00:00
1769716800000,0.612,0.621,0.608,0.621,2250464.39,1769720400000,1381490.21213,3829,2026-01-29 20:00:00+00:00
1769720400000,0.621,0.623,0.617,0.621,1215537.37,1769724000000,753908.72558,2498,2026-01-29 21:00:00+00:00
1769724000000,0.621,0.625,0.617,0.621,985593.74,1769727600000,612174.47621,2126,2026-01-29 22:00:00+00:00
1769727600000,0.62,0.623,0.616,0.62,1075034.55,1769731200000,665982.03403,2211,2026-01-29 23:00:00+00:00
1769731200000,0.621,0.622,0.616,0.619,791679.74,1769734800000,490095.49048,1665,2026-01-30 00:00:00+00:00
1769734800000,0.619,0.623,0.589,0.609,11747513.33,1769738400000,7111846.50055,19771,2026-01-30 01:00:00+00:00
1769738400000,0.609,0.616,0.592,0.615,6889306.03,1769742000000,4142029.20126,12532,2026-01-30 02:00:00+00:00
1769742000000,0.615,0.625,0.611,0.611,2975268.57,1769745600000,1833772.16637,5011,2026-01-30 03:00:00+00:00
1769745600000,0.611,0.623,0.611,0.621,1699897.76,1769749200000,1050516.27945,3898,2026-01-30 04:00:00+00:00
1769749200000,0.621,0.625,0.617,0.619,1873835.04,1769752800000,1162155.59737,3030,2026-01-30 05:00:00+00:00
1769752800000,0.619,0.62,0.606,0.613,2052712.34,1769756400000,1255000.71096,3997,2026-01-30 06:00:00+00:00
1769756400000,0.613,0.628,0.613,0.626,1988129.73,1769760000000,1234169.496,4627,2026-01-30 07:00:00+00:00
1769760000000,0.626,0.626,0.613,0.615,1284040.8,1769763600000,794512.56772,2948,2026-01-30 08:00:00+00:00
1769763600000,0.615,0.616,0.601,0.605,4546406.12,1769767200000,2766253.70145,5869,2026-01-30 09:00:00+00:00
1769767200000,0.606,0.616,0.603,0.613,3439293.12,1769770800000,2101867.0828,5409,2026-01-30 10:00:00+00:00
1769770800000,0.613,0.62,0.608,0.616,3018537.53,1769774400000,1843789.08491,5519,2026-01-30 11:00:00+00:00
1769774400000,0.617,0.618,0.608,0.61,1458649.87,1769778000000,891345.04004,2849,2026-01-30 12:00:00+00:00
1769778000000,0.61,0.612,0.602,0.606,2278677.98,1769781600000,1382470.31617,4712,2026-01-30 13:00:00+00:00
1769781600000,0.606,0.616,0.605,0.608,2541764.74,1769785200000,1551425.95132,6078,2026-01-30 14:00:00+00:00
1769785200000,0.608,0.614,0.602,0.61,2087827.76,1769788800000,1270603.65737,5176,2026-01-30 15:00:00+00:00
1769788800000,0.61,0.615,0.606,0.611,2172503.1,1769792400000,1326489.42428,5046,2026-01-30 16:00:00+00:00
1769792400000,0.61,0.613,0.604,0.607,1481496.57,1769796000000,901056.56659,4242,2026-01-30 17:00:00+00:00
1769796000000,0.607,0.616,0.593,0.612,5049892.75,1769799600000,3037788.9501,13233,2026-01-30 18:00:00+00:00
1769799600000,0.613,0.621,0.613,0.616,3600448.69,1769803200000,2220825.10216,8013,2026-01-30 19:00:00+00:00
1769803200000,0.615,0.615,0.602,0.605,2064156.07,1769806800000,1253954.02304,6381,2026-01-30 20:00:00+00:00
1769806800000,0.606,0.611,0.603,0.609,1363123.14,1769810400000,827564.92256,3449,2026-01-30 21:00:00+00:00
1769810400000,0.609,0.61,0.604,0.608,681082.32,1769814000000,413305.42199,1885,2026-01-30 22:00:00+00:00
1769814000000,0.607,0.607,0.601,0.606,543764.54,1769817600000,328672.96337,1614,2026-01-30 23:00:00+00:00
1769817600000,0.606,0.607,0.602,0.604,826061.18,1769821200000,499644.37354,1905,2026-01-31 00:00:00+00:00
1769821200000,0.604,0.609,0.602,0.609,929008.86,1769824800000,562537.30421,1954,2026-01-31 01:00:00+00:00
1769824800000,0.608,0.609,0.6,0.604,873416.54,1769828400000,527125.43932,1908,2026-01-31 02:00:00+00:00
1769828400000,0.604,0.606,0.601,0.603,909658.19,1769832000000,549572.60548,1717,2026-01-31 03:00:00+00:00
1769832000000,0.602,0.606,0.601,0.602,1445629.72,1769835600000,873364.66639,2337,2026-01-31 04:00:00+00:00
1769835600000,0.602,0.605,0.598,0.602,1246313.41,1769839200000,749271.97646,2493,2026-01-31 05:00:00+00:00
1769839200000,0.603,0.603,0.591,0.595,1407467.63,1769842800000,838330.51314,2956,2026-01-31 06:00:00+00:00
1769842800000,0.596,0.596,0.584,0.588,2783176.78,1769846400000,1639952.66502,4639,2026-01-31 07:00:00+00:00
1769846400000,0.589,0.59,0.574,0.58,7592913.44,1769850000000,4399460.3751,11903,2026-01-31 08:00:00+00:00
1769850000000,0.579,0.589,0.579,0.584,3743948.91,1769853600000,2184571.87044,5957,2026-01-31 09:00:00+00:00
1769853600000,0.584,0.59,0.582,0.588,756781.5,1769857200000,443033.3188,1862,2026-01-31 10:00:00+00:00
1769857200000,0.587,0.589,0.583,0.584,1446270.79,1769860800000,847789.51214,2363,2026-01-31 11:00:00+00:00
1769860800000,0.584,0.586,0.581,0.582,992272.41,1769864400000,578834.76791,2404,2026-01-31 12:00:00+00:00
1769864400000,0.583,0.584,0.576,0.579,1375373.08,1769868000000,797018.23958,2818,2026-01-31 13:00:00+00:00
1769868000000,0.58,0.581,0.538,0.548,17361571.99,1769871600000,9587301.34631,30548,2026-01-31 14:00:00+00:00
1769871600000,0.548,0.555,0.541,0.543,5290598.16,1769875200000,2903159.69293,9396,2026-01-31 15:00:00+00:00
1769875200000,0.543,0.554,0.533,0.545,8271882.11,1769878800000,4502489.29781,16665,2026-01-31 16:00:00+00:00
1769878800000,0.546,0.548,0.517,0.533,22097262.82,1769882400000,11739506.62258,32227,2026-01-31 17:00:00+00:00
1769882400000,0.533,0.544,0.507,0.541,19020067.14,1769886000000,10069521.41993,33973,2026-01-31 18:00:00+00:00
1769886000000,0.541,0.55,0.53,0.537,12338495.15,1769889600000,6665811.33908,20227,2026-01-31 19:00:00+00:00
1769889600000,0.537,0.541,0.527,0.534,4403547.14,1769893200000,2349567.34286,8454,2026-01-31 20:00:00+00:00
1769893200000,0.535,0.548,0.534,0.546,3690652.88,1769896800000,1998661.94228,7335,2026-01-31 21:00:00+00:00
1769896800000,0.545,0.548,0.537,0.539,3365277.04,1769900400000,1821278.77708,4634,2026-01-31 22:00:00+00:00
1769900400000,0.538,0.554,0.536,0.55,3459115.96,1769904000000,1892645.04403,7311,2026-01-31 23:00:00+00:00
1769904000000,0.55,0.554,0.547,0.553,2586343.53,1769907600000,1423636.09473,5407,2026-02-01 00:00:00+00:00
1769907600000,0.553,0.555,0.547,0.554,1116376.86,1769911200000,615262.00981,2583,2026-02-01 01:00:00+00:00
1769911200000,0.554,0.562,0.552,0.56,1874868.04,1769914800000,1044065.79465,3424,2026-02-01 02:00:00+00:00
1769914800000,0.56,0.561,0.554,0.556,2063449.76,1769918400000,1149431.11705,3495,2026-02-01 03:00:00+00:00
1769918400000,0.557,0.56,0.555,0.556,2629466.38,1769922000000,1465250.42971,3372,2026-02-01 04:00:00+00:00
1769922000000,0.557,0.558,0.551,0.552,1531078.55,1769925600000,848888.7381,2777,2026-02-01 05:00:00+00:00
1769925600000,0.553,0.556,0.549,0.554,1529749.54,1769929200000,846576.64987,2386,2026-02-01 06:00:00+00:00
1769929200000,0.554,0.563,0.552,0.556,1526454.32,1769932800000,849412.50275,3617,2026-02-01 07:00:00+00:00
1769932800000,0.556,0.562,0.555,0.556,1946105.61,1769936400000,1084886.24945,3068,2026-02-01 08:00:00+00:00
1769936400000,0.556,0.56,0.552,0.559,1293258.43,1769940000000,719592.74451,2636,2026-02-01 09:00:00+00:00
1769940000000,0.559,0.561,0.545,0.546,2540835.09,1769943600000,1402769.29615,4318,2026-02-01 10:00:00+00:00
1769943600000,0.546,0.553,0.545,0.55,1018329.31,1769947200000,558876.55779,2402,2026-02-01 11:00:00+00:00
1769947200000,0.549,0.549,0.544,0.546,666409.19,1769950800000,364184.60627,1870,2026-02-01 12:00:00+00:00
1769950800000,0.546,0.551,0.538,0.541,1989457.99,1769954400000,1081245.6593,3229,2026-02-01 13:00:00+00:00
1769954400000,0.541,0.549,0.533,0.544,3330755.55,1769958000000,1801140.52271,6890,2026-02-01 14:00:00+00:00
1769958000000,0.543,0.544,0.527,0.534,2860141.92,1769961600000,1524438.01515,7517,2026-02-01 15:00:00+00:00
1769961600000,0.534,0.543,0.531,0.537,2496276.66,1769965200000,1338726.4786,6541,2026-02-01 16:00:00+00:00
1769965200000,0.537,0.54,0.533,0.539,2155263.07,1769968800000,1156729.85392,4082,2026-02-01 17:00:00+00:00
1769968800000,0.539,0.549,0.539,0.542,2022172.84,1769972400000,1102183.15282,5084,2026-02-01 18:00:00+00:00
1769972400000,0.543,0.544,0.534,0.539,1216560.94,1769976000000,656879.70171,2497,2026-02-01 19:00:00+00:00
1769976000000,0.54,0.544,0.532,0.537,1295901.04,1769979600000,697328.68002,2961,2026-02-01 20:00:00+00:00
1769979600000,0.538,0.538,0.532,0.534,1230170.05,1769983200000,657643.10241,3569,2026-02-01 21:00:00+00:00
1769983200000,0.535,0.544,0.534,0.54,1615212.27,1769986800000,870276.82392,3854,2026-02-01 22:00:00+00:00
1769986800000,0.539,0.543,0.521,0.535,3597775.51,1769990400000,1916265.89324,9135,2026-02-01 23:00:00+00:00
1769990400000,0.536,0.548,0.531,0.545,2261676.07,1769994000000,1228124.6182,5561,2026-02-02 00:00:00+00:00
1769994000000,0.545,0.55,0.537,0.546,3237289.48,1769997600000,1766369.97683,6340,2026-02-02 01:00:00+00:00
1769997600000,0.546,0.548,0.541,0.542,1495406.51,1770001200000,814386.47758,3901,2026-02-02 02:00:00+00:00
1770001200000,0.543,0.544,0.52,0.544,5608713.72,1770004800000,2980456.78665,12733,2026-02-02 03:00:00+00:00
1770004800000,0.543,0.552,0.534,0.542,2584794.21,1770008400000,1406846.61837,6846,2026-02-02 04:00:00+00:00
1770008400000,0.542,0.544,0.526,0.534,3855817.67,1770012000000,2052091.68669,8398,2026-02-02 05:00:00+00:00
1770012000000,0.533,0.546,0.522,0.54,5988957.2,1770015600000,3199690.0928,13506,2026-02-02 06:00:00+00:00
1770015600000,0.54,0.55,0.538,0.548,1932880.56,1770019200000,1052468.42835,5215,2026-02-02 07:00:00+00:00
1770019200000,0.549,0.56,0.547,0.553,3512630.74,1770022800000,1950483.77856,6274,2026-02-02 08:00:00+00:00
1770022800000,0.554,0.559,0.549,0.557,2183681.64,1770026400000,1208390.5982,5066,2026-02-02 09:00:00+00:00
1770026400000,0.557,0.565,0.555,0.558,2420815.53,1770030000000,1352218.75869,3657,2026-02-02 10:00:00+00:00
1770030000000,0.559,0.561,0.554,0.555,1352936.13,1770033600000,754010.96456,2414,2026-02-02 11:00:00+00:00
1770033600000,0.555,0.56,0.554,0.558,1453797.13,1770037200000,809157.90022,2359,2026-02-02 12:00:00+00:00
1770037200000,0.558,0.566,0.554,0.564,1342884.39,1770040800000,751593.76848,2684,2026-02-02 13:00:00+00:00
1770040800000,0.563,0.573,0.555,0.562,4885121.01,1770044400000,2756880.28346,7912,2026-02-02 14:00:00+00:00
1770044400000,0.563,0.574,0.561,0.572,2834359.53,1770048000000,1610696.78084,5517,2026-02-02 15:00:00+00:00
1770048000000,0.572,0.579,0.566,0.566,2180472.65,1770051600000,1248881.66901,3657,2026-02-02 16:00:00+00:00
1770051600000,0.567,0.572,0.565,0.567,1363080.0,1770055200000,774898.12379,2585,2026-02-02 17:00:00+00:00
1770055200000,0.567,0.571,0.563,0.568,1575997.27,1770058800000,894019.91833,2466,2026-02-02 18:00:00+00:00
1770058800000,0.568,0.57,0.562,0.565,909266.82,1770062400000,514336.91584,1989,2026-02-02 19:00:00+00:00
1770062400000,0.564,0.567,0.56,0.563,806934.85,1770066000000,454376.5596,1962,2026-02-02 20:00:00+00:00
1770066000000,0.563,0.566,0.562,0.564,504141.87,1770069600000,284363.57282,1257,2026-02-02 21:00:00+00:00
1770069600000,0.565,0.568,0.564,0.568,473572.58,1770073200000,268199.25215,987,2026-02-02 22:00:00+00:00
1770073200000,0.567,0.569,0.565,0.567,588075.75,1770076800000,333553.70839,1199,2026-02-02 23:00:00+00:00
1770076800000,0.567,0.568,0.563,0.567,1222786.41,1770080400000,691134.57789,1865,2026-02-03 00:00:00+00:00
1770080400000,0.567,0.568,0.562,0.567,1218811.25,1770084000000,688420.43633,2243,2026-02-03 01:00:00+00:00
1770084000000,0.567,0.569,0.559,0.56,1687790.6,1770087600000,951383.59977,2992,2026-02-03 02:00:00+00:00
1770087600000,0.559,0.583,0.559,0.582,3375027.13,1770091200000,1924596.26486,6123,2026-02-03 03:00:00+00:00
1770091200000,0.582,0.597,0.579,0.595,5054775.67,1770094800000,2973951.76262,8936,2026-02-03 04:00:00+00:00
1770094800000,0.594,0.597,0.584,0.587,3749173.64,1770098400000,2208943.67864,5910,2026-02-03 05:00:00+00:00
1770098400000,0.586,0.592,0.583,0.586,3598452.92,1770102000000,2114777.417,5236,2026-02-03 06:00:00+00:00
1770102000000,0.586,0.595,0.584,0.593,1697274.66,1770105600000,1001658.62131,3368,2026-02-03 07:00:00+00:00
1770105600000,0.592,0.601,0.586,0.595,3085351.39,1770109200000,1830098.66339,5487,2026-02-03 08:00:00+00:00
1770109200000,0.595,0.598,0.585,0.592,3249429.81,1770112800000,1918836.31578,6177,2026-02-03 09:00:00+00:00
1770112800000,0.593,0.6,0.59,0.591,2330225.22,1770116400000,1385234.86613,4189,2026-02-03 10:00:00+00:00
1770116400000,0.591,0.599,0.587,0.593,2013358.04,1770120000000,1195759.01069,3653,2026-02-03 11:00:00+00:00
1770120000000,0.594,0.597,0.588,0.595,1620822.26,1770123600000,959174.04662,3014,2026-02-03 12:00:00+00:00
1770123600000,0.594,0.599,0.589,0.593,1644025.58,1770127200000,974282.26585,3317,2026-02-03 13:00:00+00:00
1770127200000,0.592,0.594,0.57,0.571,4004595.93,1770130800000,2328384.35827,7697,2026-02-03 14:00:00+00:00
1770130800000,0.571,0.585,0.567,0.584,6519433.85,1770134400000,3742930.18917,10960,2026-02-03 15:00:00+00:00
1770134400000,0.585,0.585,0.569,0.57,4032914.64,1770138000000,2317024.14606,6977,2026-02-03 16:00:00+00:00
1770138000000,0.571,0.573,0.557,0.558,4228826.87,1770141600000,2387459.90967,7314,2026-02-03 17:00:00+00:00
1770141600000,0.558,0.562,0.541,0.543,6679206.34,1770145200000,3685626.65915,11451,2026-02-03 18:00:00+00:00
1770145200000,0.543,0.573,0.54,0.569,5312028.58,1770148800000,2984723.654,11646,2026-02-03 19:00:00+00:00
1770148800000,0.569,0.59,0.561,0.588,5555064.79,1770152400000,3209155.86779,12801,2026-02-03 20:00:00+00:00
1770152400000,0.588,0.594,0.575,0.577,2485134.48,1770156000000,1454412.09726,4495,2026-02-03 21:00:00+00:00
1770156000000,0.577,0.581,0.571,0.573,1622158.33,1770159600000,932948.76133,3897,2026-02-03 22:00:00+00:00
1770159600000,0.574,0.574,0.562,0.567,1876463.36,1770163200000,1064660.19776,4020,2026-02-03 23:00:00+00:00
1770163200000,0.567,0.568,0.562,0.565,1285397.15,1770166800000,726499.77325,2996,2026-02-04 00:00:00+00:00
1770166800000,0.565,0.575,0.565,0.566,1137451.2,1770170400000,648678.46196,3050,2026-02-04 01:00:00+00:00
1770170400000,0.566,0.567,0.557,0.559,1216337.4,1770174000000,682763.72656,3311,2026-02-04 02:00:00+00:00
1770174000000,0.559,0.575,0.558,0.573,1519958.8,1770177600000,865155.50311,3062,2026-02-04 03:00:00+00:00
1770177600000,0.573,0.577,0.571,0.571,842270.88,1770181200000,483049.45672,1915,2026-02-04 04:00:00+00:00
1770181200000,0.572,0.573,0.563,0.566,1246442.8,1770184800000,708428.26791,1969,2026-02-04 05:00:00+00:00
1770184800000,0.566,0.578,0.565,0.577,1811562.1,1770188400000,1034426.10014,2316,2026-02-04 06:00:00+00:00
1770188400000,0.577,0.578,0.57,0.577,1998560.06,1770192000000,1147811.58718,2931,2026-02-04 07:00:00+00:00
1770192000000,0.576,0.577,0.572,0.575,1520375.7,1770195600000,873586.24202,2290,2026-02-04 08:00:00+00:00
1770195600000,0.575,0.575,0.567,0.571,1086997.57,1770199200000,620844.10482,1949,2026-02-04 09:00:00+00:00
1770199200000,0.571,0.573,0.567,0.569,816020.35,1770202800000,464547.44626,1387,2026-02-04 10:00:00+00:00
1770202800000,0.569,0.57,0.56,0.564,2278547.46,1770206400000,1285396.45473,3471,2026-02-04 11:00:00+00:00
1770206400000,0.564,0.569,0.564,0.568,843735.42,1770210000000,477687.69061,1543,2026-02-04 12:00:00+00:00
1770210000000,0.567,0.57,0.556,0.557,2337190.2,1770213600000,1315204.74986,4220,2026-02-04 13:00:00+00:00
1770213600000,0.557,0.564,0.548,0.553,3631113.07,1770217200000,2020310.25406,8797,2026-02-04 14:00:00+00:00
1770217200000,0.553,0.563,0.539,0.55,7512866.28,1770220800000,4146307.49634,13635,2026-02-04 15:00:00+00:00
1770220800000,0.551,0.556,0.544,0.549,4205363.05,1770224400000,2307497.38011,9097,2026-02-04 16:00:00+00:00
1770224400000,0.549,0.552,0.537,0.546,3610233.71,1770228000000,1960987.95074,7982,2026-02-04 17:00:00+00:00
1770228000000,0.546,0.557,0.538,0.549,4591919.64,1770231600000,2509033.09134,9885,2026-02-04 18:00:00+00:00
1770231600000,0.55,0.558,0.544,0.557,2280777.51,1770235200000,1258799.68621,5724,2026-02-04 19:00:00+00:00
1770235200000,0.557,0.558,0.549,0.551,1129807.66,1770238800000,625935.84257,2897,2026-02-04 20:00:00+00:00
1770238800000,0.551,0.554,0.54,0.544,1753638.23,1770242400000,955535.24805,4049,2026-02-04 21:00:00+00:00
1770242400000,0.544,0.553,0.533,0.541,2948360.68,1770246000000,1597272.25187,5975,2026-02-04 22:00:00+00:00
1770246000000,0.54,0.552,0.538,0.547,2203985.46,1770249600000,1203113.45007,3822,2026-02-04 23:00:00+00:00
1770249600000,0.548,0.553,0.546,0.549,1530648.1,1770253200000,840481.44146,2375,2026-02-05 00:00:00+00:00
1770253200000,0.549,0.559,0.545,0.553,2075798.73,1770256800000,1147166.026,4471,2026-02-05 01:00:00+00:00
1770256800000,0.553,0.562,0.549,0.55,2625075.74,1770260400000,1455969.3268,5347,2026-02-05 02:00:00+00:00
1770260400000,0.55,0.554,0.546,0.549,2384127.39,1770264000000,1310814.43159,4763,2026-02-05 03:00:00+00:00
1770264000000,0.549,0.552,0.544,0.548,2638653.25,1770267600000,1446544.05101,5192,2026-02-05 04:00:00+00:00
1770267600000,0.548,0.548,0.534,0.537,5053337.4,1770271200000,2732801.40288,8277,2026-02-05 05:00:00+00:00
1770271200000,0.538,0.539,0.53,0.534,2252225.33,1770274800000,1201426.34924,4720,2026-02-05 06:00:00+00:00
1770274800000,0.534,0.545,0.534,0.535,2260994.53,1770278400000,1220156.61564,4342,2026-02-05 07:00:00+00:00
1770278400000,0.536,0.548,0.536,0.545,1279070.28,1770282000000,694426.77184,3006,2026-02-05 08:00:00+00:00
1770282000000,0.545,0.565,0.545,0.557,4560714.68,1770285600000,2542710.67713,8237,2026-02-05 09:00:00+00:00
1770285600000,0.557,0.561,0.537,0.54,3416980.51,1770289200000,1879453.15281,5881,2026-02-05 10:00:00+00:00
1770289200000,0.54,0.547,0.534,0.544,3455513.83,1770292800000,1866664.56662,7088,2026-02-05 11:00:00+00:00
1770292800000,0.544,0.552,0.535,0.537,7046924.51,1770296400000,3828028.43798,13370,2026-02-05 12:00:00+00:00
1770296400000,0.537,0.539,0.513,0.52,8520185.74,1770300000000,4457654.27766,10519,2026-02-05 13:00:00+00:00
1770300000000,0.519,0.535,0.518,0.525,5432732.2,1770303600000,2858199.84608,11278,2026-02-05 14:00:00+00:00
1770303600000,0.526,0.528,0.48,0.495,20775326.7,1770307200000,10385814.13376,33729,2026-02-05 15:00:00+00:00
1770307200000,0.496,0.512,0.488,0.508,9338230.47,1770310800000,4661820.66867,18678,2026-02-05 16:00:00+00:00
1770310800000,0.509,0.516,0.495,0.5,7200983.75,1770314400000,3635315.15838,15775,2026-02-05 17:00:00+00:00
1770314400000,0.5,0.504,0.488,0.496,6009615.66,1770318000000,2974169.6156,11645,2026-02-05 18:00:00+00:00
1770318000000,0.496,0.498,0.483,0.485,4029903.26,1770321600000,1972034.74555,10142,2026-02-05 19:00:00+00:00
1770321600000,0.485,0.491,0.457,0.465,16169241.83,1770325200000,7598860.33273,29645,2026-02-05 20:00:00+00:00
1770325200000,0.466,0.491,0.462,0.481,18106983.15,1770328800000,8631156.77965,29242,2026-02-05 21:00:00+00:00
1770328800000,0.482,0.483,0.467,0.474,8733993.38,1770332400000,4152901.50786,14909,2026-02-05 22:00:00+00:00
1770332400000,0.473,0.483,0.465,0.468,5700815.65,1770336000000,2692979.60609,8222,2026-02-05 23:00:00+00:00
1770336000000,0.467,0.473,0.403,0.466,39476796.29,1770339600000,17236396.36505,66064,2026-02-06 00:00:00+00:00
1770339600000,0.466,0.492,0.463,0.49,13190981.94,1770343200000,6372630.92691,23877,2026-02-06 01:00:00+00:00
1770343200000,0.49,0.493,0.478,0.491,5461690.04,1770346800000,2654318.93756,11248,2026-02-06 02:00:00+00:00
1770346800000,0.491,0.498,0.487,0.496,5174895.02,1770350400000,2543554.40131,10111,2026-02-06 03:00:00+00:00
1770350400000,0.497,0.498,0.484,0.49,5605467.62,1770354000000,2759125.39418,9558,2026-02-06 04:00:00+00:00
1770354000000,0.49,0.514,0.486,0.507,5194284.62,1770357600000,2595568.21452,10580,2026-02-06 05:00:00+00:00
1770357600000,0.507,0.51,0.497,0.499,3604380.23,1770361200000,1808800.22237,6395,2026-02-06 06:00:00+00:00
1770361200000,0.499,0.503,0.494,0.497,3324644.65,1770364800000,1653745.87835,6064,2026-02-06 07:00:00+00:00
1770364800000,0.498,0.505,0.492,0.5,5278089.57,1770368400000,2624159.48753,8403,2026-02-06 08:00:00+00:00
1770368400000,0.5,0.518,0.496,0.512,4028760.55,1770372000000,2038053.80837,7353,2026-02-06 09:00:00+00:00
1770372000000,0.513,0.521,0.511,0.518,4279888.03,1770375600000,2213399.12384,6011,2026-02-06 10:00:00+00:00
1770375600000,0.518,0.525,0.516,0.523,2429291.75,1770379200000,1266025.79511,4442,2026-02-06 11:00:00+00:00
1770379200000,0.523,0.532,0.519,0.53,2564824.44,1770382800000,1345041.29111,5064,2026-02-06 12:00:00+00:00
1770382800000,0.53,0.544,0.527,0.528,3515092.01,1770386400000,1876298.98509,6847,2026-02-06 13:00:00+00:00
1770386400000,0.527,0.547,0.527,0.543,5420838.44,1770390000000,2905330.72811,11165,2026-02-06 14:00:00+00:00
1770390000000,0.542,0.542,0.532,0.536,3434928.65,1770393600000,1845904.59277,8036,2026-02-06 15:00:00+00:00
1770393600000,0.535,0.553,0.533,0.549,7259235.48,1770397200000,3969289.61059,10349,2026-02-06 16:00:00+00:00
1770397200000,0.55,0.563,0.547,0.551,6792983.02,1770400800000,3762235.1583,11476,2026-02-06 17:00:00+00:00
1770400800000,0.551,0.552,0.54,0.544,3271791.38,1770404400000,1781175.81512,7322,2026-02-06 18:00:00+00:00
1770404400000,0.544,0.547,0.539,0.546,1899240.8,1770408000000,1030399.41134,3986,2026-02-06 19:00:00+00:00
1770408000000,0.545,0.549,0.541,0.544,1459308.58,1770411600000,795418.21233,4437,2026-02-06 20:00:00+00:00
1770411600000,0.544,0.549,0.541,0.548,981599.58,1770415200000,535541.72278,2470,2026-02-06 21:00:00+00:00
1770415200000,0.548,0.562,0.548,0.56,1809051.61,1770418800000,1006437.51705,4489,2026-02-06 22:00:00+00:00
1770418800000,0.56,0.566,0.553,0.556,1985791.73,1770422400000,1106364.16884,4091,2026-02-06 23:00:00+00:00
1770422400000,0.556,0.561,0.547,0.553,2678399.35,1770426000000,1481568.8111,5606,2026-02-07 00:00:00+00:00
1770426000000,0.552,0.556,0.546,0.547,1585243.73,1770429600000,871642.4663,3970,2026-02-07 01:00:00+00:00
1770429600000,0.546,0.552,0.545,0.552,1354459.59,1770433200000,742552.8141,4035,2026-02-07 02:00:00+00:00
1770433200000,0.552,0.559,0.551,0.555,1649894.81,1770436800000,915184.32388,4218,2026-02-07 03:00:00+00:00
1770436800000,0.555,0.559,0.549,0.551,2320811.22,1770440400000,1287432.22735,5460,2026-02-07 04:00:00+00:00
1770440400000,0.551,0.554,0.544,0.549,1804817.63,1770444000000,990088.50856,4157,2026-02-07 05:00:00+00:00
1770444000000,0.548,0.555,0.544,0.545,1935557.68,1770447600000,1064702.28602,4396,2026-02-07 06:00:00+00:00
1770447600000,0.544,0.548,0.534,0.538,3152239.45,1770451200000,1706917.85808,10121,2026-02-07 07:00:00+00:00
1770451200000,0.538,0.545,0.536,0.542,2926577.63,1770454800000,1583484.69688,6631,2026-02-07 08:00:00+00:00
1770454800000,0.541,0.543,0.537,0.54,1614763.01,1770458400000,871746.24092,4278,2026-02-07 09:00:00+00:00
1770458400000,0.539,0.543,0.533,0.536,1265287.94,1770462000000,679531.71732,4302,2026-02-07 10:00:00+00:00
1770462000000,0.536,0.54,0.532,0.54,2026302.62,1770465600000,1085001.59443,5812,2026-02-07 11:00:00+00:00
1770465600000,0.539,0.556,0.538,0.548,4501885.11,1770469200000,2472675.76655,14425,2026-02-07 12:00:00+00:00
1770469200000,0.548,0.55,0.537,0.54,3835245.37,1770472800000,2078380.90782,8111,2026-02-07 13:00:00+00:00
1770472800000,0.54,0.542,0.535,0.537,2585155.42,1770476400000,1391691.65001,6418,2026-02-07 14:00:00+00:00
1770476400000,0.537,0.55,0.536,0.546,2478537.77,1770480000000,1346967.89542,5939,2026-02-07 15:00:00+00:00
1770480000000,0.546,0.558,0.54,0.542,22024144.9,1770483600000,12132423.48356,40010,2026-02-07 16:00:00+00:00
1770483600000,0.543,0.545,0.539,0.542,2228618.41,1770487200000,1207480.88871,4699,2026-02-07 17:00:00+00:00
1770487200000,0.543,0.553,0.541,0.55,1697146.99,1770490800000,929757.164,4006,2026-02-07 18:00:00+00:00
1770490800000,0.55,0.55,0.545,0.549,907597.65,1770494400000,496477.02085,2250,2026-02-07 19:00:00+00:00
1770494400000,0.548,0.554,0.547,0.553,1381256.69,1770498000000,759779.29061,2985,2026-02-07 20:00:00+00:00
1770498000000,0.553,0.559,0.552,0.556,1832335.77,1770501600000,1017559.07767,3749,2026-02-07 21:00:00+00:00
1770501600000,0.556,0.564,0.555,0.563,1827978.55,1770505200000,1025008.76395,3945,2026-02-07 22:00:00+00:00
1770505200000,0.563,0.568,0.559,0.563,1645969.02,1770508800000,925662.38271,3140,2026-02-07 23:00:00+00:00
1770508800000,0.562,0.567,0.56,0.564,2055860.71,1770512400000,1158859.99905,4419,2026-02-08 00:00:00+00:00
1770512400000,0.565,0.576,0.565,0.572,2192859.4,1770516000000,1252089.19934,3991,2026-02-08 01:00:00+00:00
1770516000000,0.572,0.575,0.566,0.574,2232781.44,1770519600000,1274830.113,3817,2026-02-08 02:00:00+00:00
1770519600000,0.574,0.578,0.567,0.572,2429816.8,1770523200000,1389007.12423,4439,2026-02-08 03:00:00+00:00
1770523200000,0.572,0.574,0.563,0.569,1656701.1,1770526800000,939657.24262,3353,2026-02-08 04:00:00+00:00
1770526800000,0.569,0.577,0.568,0.571,1252164.86,1770530400000,715409.19013,2992,2026-02-08 05:00:00+00:00
1770530400000,0.571,0.584,0.57,0.581,2602890.82,1770534000000,1507067.32345,5698,2026-02-08 06:00:00+00:00
1770534000000,0.582,0.591,0.58,0.59,4892859.07,1770537600000,2864355.67474,7205,2026-02-08 07:00:00+00:00
1770537600000,0.59,0.599,0.583,0.599,4431532.21,1770541200000,2620810.94939,9741,2026-02-08 08:00:00+00:00
1770541200000,0.599,0.613,0.596,0.611,4748646.11,1770544800000,2870493.80083,11548,2026-02-08 09:00:00+00:00
1770544800000,0.611,0.625,0.606,0.62,5733050.96,1770548400000,3536400.65222,14508,2026-02-08 10:00:00+00:00
1770548400000,0.619,0.631,0.616,0.628,6983386.61,1770552000000,4355022.81674,15152,2026-02-08 11:00:00+00:00
1770552000000,0.628,0.634,0.623,0.631,4127898.5,1770555600000,2592182.02587,13007,2026-02-08 12:00:00+00:00
1770555600000,0.631,0.636,0.618,0.634,4705371.95,1770559200000,2950794.25638,12423,2026-02-08 13:00:00+00:00
1770559200000,0.634,0.65,0.625,0.64,7216390.01,1770562800000,4601233.29335,19242,2026-02-08 14:00:00+00:00
1770562800000,0.64,0.646,0.633,0.642,6458549.78,1770566400000,4131536.77566,16107,2026-02-08 15:00:00+00:00
1770566400000,0.641,0.654,0.628,0.632,5998734.25,1770570000000,3843990.062,17505,2026-02-08 16:00:00+00:00
1770570000000,0.632,0.639,0.611,0.622,8863914.83,1770573600000,5542685.23961,19464,2026-02-08 17:00:00+00:00
1770573600000,0.623,0.63,0.617,0.625,3507448.06,1770577200000,2185036.84896,8634,2026-02-08 18:00:00+00:00
1770577200000,0.626,0.631,0.619,0.625,2243298.04,1770580800000,1402594.06384,5749,2026-02-08 19:00:00+00:00
1770580800000,0.625,0.627,0.619,0.623,1724114.43,1770584400000,1071281.98769,4552,2026-02-08 20:00:00+00:00
1770584400000,0.623,0.624,0.613,0.616,1999898.82,1770588000000,1235351.85974,5569,2026-02-08 21:00:00+00:00
1770588000000,0.617,0.629,0.616,0.624,1851572.55,1770591600000,1152201.6569,5816,2026-02-08 22:00:00+00:00
1770591600000,0.624,0.637,0.62,0.625,4718995.59,1770595200000,2961724.33674,12371,2026-02-08 23:00:00+00:00
1770595200000,0.625,0.63,0.618,0.626,3790225.35,1770598800000,2363703.11409,8522,2026-02-09 00:00:00+00:00
1770598800000,0.626,0.633,0.619,0.626,3878682.48,1770602400000,2424146.8492,7764,2026-02-09 01:00:00+00:00
1770602400000,0.625,0.634,0.621,0.629,2948157.98,1770606000000,1847073.85341,6426,2026-02-09 02:00:00+00:00
1770606000000,0.629,0.652,0.627,0.64,6019937.21,1770609600000,3851759.81835,11367,2026-02-09 03:00:00+00:00
1770609600000,0.64,0.641,0.625,0.628,3328211.18,1770613200000,2107501.65828,7408,2026-02-09 04:00:00+00:00
1770613200000,0.628,0.633,0.622,0.633,1985689.43,1770616800000,1244925.90475,5210,2026-02-09 05:00:00+00:00
1770616800000,0.632,0.634,0.622,0.622,2497098.24,1770620400000,1568785.39626,5714,2026-02-09 06:00:00+00:00
1770620400000,0.622,0.622,0.607,0.614,4572941.22,1770624000000,2804228.04054,8720,2026-02-09 07:00:00+00:00
1770624000000,0.614,0.62,0.607,0.61,4357703.52,1770627600000,2668328.65792,8145,2026-02-09 08:00:00+00:00
1770627600000,0.61,0.611,0.603,0.606,2606358.18,1770631200000,1581363.72416,8444,2026-02-09 09:00:00+00:00
1770631200000,0.605,0.609,0.597,0.601,3454110.68,1770634800000,2080733.6177,8303,2026-02-09 10:00:00+00:00
1770634800000,0.602,0.609,0.602,0.604,1784922.69,1770638400000,1081154.91861,4315,2026-02-09 11:00:00+00:00
1770638400000,0.604,0.615,0.604,0.608,1457775.02,1770642000000,887776.18606,3251,2026-02-09 12:00:00+00:00
1770642000000,0.608,0.611,0.602,0.606,1176286.73,1770645600000,713439.79483,2850,2026-02-09 13:00:00+00:00
1770645600000,0.607,0.609,0.594,0.603,4612489.8,1770649200000,2768422.74548,11258,2026-02-09 14:00:00+00:00
1770649200000,0.603,0.61,0.597,0.6,4491332.53,1770652800000,2706140.73706,10458,2026-02-09 15:00:00+00:00
1770652800000,0.6,0.605,0.591,0.601,4867338.22,1770656400000,2911447.74125,10842,2026-02-09 16:00:00+00:00
1770656400000,0.601,0.61,0.598,0.607,3267109.38,1770660000000,1974676.45433,7325,2026-02-09 17:00:00+00:00
1770660000000,0.606,0.613,0.604,0.612,2932969.23,1770663600000,1783786.63355,7155,2026-02-09 18:00:00+00:00
1770663600000,0.612,0.629,0.61,0.623,3289034.66,1770667200000,2034059.14462,7278,2026-02-09 19:00:00+00:00
1770667200000,0.622,0.623,0.615,0.62,1498827.82,1770670800000,928161.14159,3481,2026-02-09 20:00:00+00:00
1770670800000,0.62,0.621,0.607,0.612,1785823.44,1770674400000,1095071.02811,3848,2026-02-09 21:00:00+00:00
1770674400000,0.612,0.613,0.604,0.607,957951.64,1770678000000,582424.73486,2769,2026-02-09 22:00:00+00:00
1770678000000,0.607,0.609,0.601,0.603,815788.18,1770681600000,493100.15845,1749,2026-02-09 23:00:00+00:00
1770681600000,0.602,0.605,0.599,0.602,894833.28,1770685200000,538732.39861,2733,2026-02-10 00:00:00+00:00
1770685200000,0.601,0.616,0.6,0.615,1034596.69,1770688800000,631593.62065,3163,2026-02-10 01:00:00+00:00
1770688800000,0.614,0.62,0.609,0.612,1405484.74,1770692400000,862745.97677,3375,2026-02-10 02:00:00+00:00
1770692400000,0.613,0.614,0.598,0.613,4581370.0,1770696000000,2776810.44658,9308,2026-02-10 03:00:00+00:00
1770696000000,0.613,0.627,0.612,0.624,5803178.57,1770699600000,3591380.06396,10086,2026-02-10 04:00:00+00:00
1770699600000,0.624,0.633,0.624,0.625,7684247.6,1770703200000,4825092.94001,12655,2026-02-10 05:00:00+00:00
1770703200000,0.624,0.629,0.606,0.612,8475094.62,1770706800000,5231045.33408,12661,2026-02-10 06:00:00+00:00
1770706800000,0.612,0.64,0.612,0.637,7389723.26,1770710400000,4640612.67238,13117,2026-02-10 07:00:00+00:00
1770710400000,0.637,0.656,0.632,0.652,9136797.83,1770714000000,5893006.06404,18759,2026-02-10 08:00:00+00:00
1770714000000,0.651,0.664,0.636,0.638,8441532.43,1770717600000,5498600.66689,19625,2026-02-10 09:00:00+00:00
1770717600000,0.638,0.646,0.625,0.626,5966394.14,1770721200000,3799394.89045,14037,2026-02-10 10:00:00+00:00
1770721200000,0.626,0.645,0.625,0.643,6224121.36,1770724800000,3955738.64773,13456,2026-02-10 11:00:00+00:00
1770724800000,0.643,0.652,0.636,0.645,6208553.06,1770728400000,4004442.86893,17021,2026-02-10 12:00:00+00:00
1770728400000,0.645,0.666,0.641,0.652,6179260.77,1770732000000,4041952.78605,15679,2026-02-10 13:00:00+00:00
1770732000000,0.652,0.66,0.643,0.65,8393840.69,1770735600000,5465030.17114,19523,2026-02-10 14:00:00+00:00
1770735600000,0.65,0.671,0.648,0.661,6772390.5,1770739200000,4490344.33275,19181,2026-02-10 15:00:00+00:00
1770739200000,0.661,0.661,0.647,0.651,3874977.79,1770742800000,2532633.92284,10033,2026-02-10 16:00:00+00:00
1770742800000,0.652,0.658,0.642,0.651,4411756.81,1770746400000,2863653.28707,10623,2026-02-10 17:00:00+00:00
1770746400000,0.651,0.652,0.633,0.646,4643360.99,1770750000000,2987087.74506,11281,2026-02-10 18:00:00+00:00
1770750000000,0.646,0.657,0.645,0.651,2238848.1,1770753600000,1455191.04707,7237,2026-02-10 19:00:00+00:00
1770753600000,0.65,0.66,0.648,0.652,2158976.1,1770757200000,1409917.25827,5152,2026-02-10 20:00:00+00:00
1770757200000,0.651,0.653,0.645,0.65,2689702.37,1770760800000,1745029.53863,7106,2026-02-10 21:00:00+00:00
1770760800000,0.651,0.658,0.648,0.649,2347769.66,1770764400000,1532675.83468,4996,2026-02-10 22:00:00+00:00
1770764400000,0.648,0.655,0.645,0.65,2274163.95,1770768000000,1475615.71583,5036,2026-02-10 23:00:00+00:00
1770768000000,0.651,0.661,0.647,0.658,2001727.1,1770771600000,1310275.14558,5365,2026-02-11 00:00:00+00:00
1770771600000,0.658,0.665,0.651,0.653,1933484.33,1770775200000,1271521.28603,5257,2026-02-11 01:00:00+00:00
1770775200000,0.652,0.664,0.65,0.654,1495354.27,1770778800000,981107.3481,3753,2026-02-11 02:00:00+00:00
1770778800000,0.655,0.665,0.651,0.658,3246910.51,1770782400000,2140427.95358,6691,2026-02-11 03:00:00+00:00
1770782400000,0.658,0.666,0.643,0.646,5241125.88,1770786000000,3431522.26707,10596,2026-02-11 04:00:00+00:00
1770786000000,0.647,0.653,0.642,0.651,3463497.66,1770789600000,2241665.90926,8412,2026-02-11 05:00:00+00:00
1770789600000,0.652,0.657,0.643,0.647,6164248.12,1770793200000,3995542.92722,12061,2026-02-11 06:00:00+00:00
1770793200000,0.647,0.652,0.635,0.648,4431548.13,1770796800000,2844504.12589,10549,2026-02-11 07:00:00+00:00
1770796800000,0.648,0.655,0.645,0.647,2960623.89,1770800400000,1922632.68649,8033,2026-02-11 08:00:00+00:00
1770800400000,0.647,0.656,0.647,0.651,2649004.7,1770804000000,1725396.35717,6621,2026-02-11 09:00:00+00:00
1770804000000,0.651,0.655,0.644,0.652,2658386.83,1770807600000,1727655.86202,7091,2026-02-11 10:00:00+00:00
1770807600000,0.653,0.665,0.65,0.661,2742363.1,1770811200000,1804331.69309,6537,2026-02-11 11:00:00+00:00
1770811200000,0.661,0.676,0.656,0.666,4400008.46,1770814800000,2939989.2586,9743,2026-02-11 12:00:00+00:00
1770814800000,0.665,0.667,0.651,0.657,4186475.14,1770818400000,2760174.94092,9767,2026-02-11 13:00:00+00:00
1770818400000,0.658,0.67,0.655,0.66,5421591.8,1770822000000,3591746.44489,14677,2026-02-11 14:00:00+00:00
1770822000000,0.661,0.684,0.643,0.683,7359947.51,1770825600000,4873463.04754,22590,2026-02-11 15:00:00+00:00
1770825600000,0.683,0.71,0.678,0.7,14804054.69,1770829200000,10264004.69858,33846,2026-02-11 16:00:00+00:00
1770829200000,0.699,0.709,0.688,0.696,5650885.52,1770832800000,3945234.32253,16014,2026-02-11 17:00:00+00:00
1770832800000,0.696,0.704,0.688,0.698,2487347.73,1770836400000,1728404.44479,8221,2026-02-11 18:00:00+00:00
1770836400000,0.698,0.709,0.693,0.705,2066151.79,1770840000000,1452999.27753,6678,2026-02-11 19:00:00+00:00
1770840000000,0.704,0.706,0.695,0.696,1169017.67,1770843600000,817679.83726,4602,2026-02-11 20:00:00+00:00
1770843600000,0.696,0.722,0.693,0.7,2923655.59,1770847200000,2071757.20512,8540,2026-02-11 21:00:00+00:00
1770847200000,0.7,0.707,0.694,0.697,1780387.92,1770850800000,1246486.19091,5303,2026-02-11 22:00:00+00:00
1770850800000,0.697,0.699,0.686,0.691,1924379.93,1770854400000,1328606.34354,5168,2026-02-11 23:00:00+00:00
1770854400000,0.691,0.709,0.687,0.707,2303229.3,1770858000000,1614042.83705,6807,2026-02-12 00:00:00+00:00
1770858000000,0.707,0.717,0.702,0.712,2750844.43,1770861600000,1954188.87342,7408,2026-02-12 01:00:00+00:00
1770861600000,0.711,0.719,0.699,0.702,2500752.85,1770865200000,1768683.49183,5833,2026-02-12 02:00:00+00:00
1770865200000,0.701,0.705,0.694,0.702,1941369.49,1770868800000,1358200.99403,4209,2026-02-12 03:00:00+00:00
1770868800000,0.701,0.702,0.688,0.689,2029357.64,1770872400000,1404666.12188,4638,2026-02-12 04:00:00+00:00
1770872400000,0.689,0.698,0.682,0.692,2744653.22,1770876000000,1889594.88955,8289,2026-02-12 05:00:00+00:00
1770876000000,0.692,0.698,0.686,0.694,1956405.72,1770879600000,1356386.54103,5314,2026-02-12 06:00:00+00:00
1770879600000,0.694,0.705,0.693,0.701,1877441.19,1770883200000,1315604.42462,4443,2026-02-12 07:00:00+00:00
1770883200000,0.701,0.72,0.695,0.714,2318982.07,1770886800000,1640686.88883,6132,2026-02-12 08:00:00+00:00
1770886800000,0.714,0.74,0.712,0.73,6840752.84,1770890400000,4978615.62807,14136,2026-02-12 09:00:00+00:00
1770890400000,0.73,0.751,0.729,0.747,5565353.54,1770894000000,4120185.15211,11896,2026-02-12 10:00:00+00:00
1770894000000,0.747,0.763,0.726,0.73,8449067.42,1770897600000,6313031.45413,18523,2026-02-12 11:00:00+00:00
1770897600000,0.73,0.735,0.712,0.714,5239223.64,1770901200000,3803466.43351,12486,2026-02-12 12:00:00+00:00
1770901200000,0.714,0.726,0.706,0.722,3266598.73,1770904800000,2340863.11708,8213,2026-02-12 13:00:00+00:00
1770904800000,0.722,0.727,0.709,0.724,1990763.35,1770908400000,1430016.64056,7425,2026-02-12 14:00:00+00:00
1770908400000,0.724,0.724,0.705,0.712,2257065.66,1770912000000,1613681.28797,7841,2026-02-12 15:00:00+00:00
1770912000000,0.714,0.722,0.709,0.712,3555000.06,1770915600000,2538988.08056,10477,2026-02-12 16:00:00+00:00
1770915600000,0.712,0.713,0.7,0.704,2574361.62,1770919200000,1818114.94131,7471,2026-02-12 17:00:00+00:00
1770919200000,0.704,0.722,0.704,0.72,2644291.63,1770922800000,1888440.85361,5812,2026-02-12 18:00:00+00:00
1770922800000,0.72,0.729,0.717,0.719,2057973.93,1770926400000,1486714.09923,5017,2026-02-12 19:00:00+00:00
1770926400000,0.719,0.721,0.702,0.705,1304936.7,1770930000000,927395.98215,3826,2026-02-12 20:00:00+00:00
1770930000000,0.704,0.707,0.692,0.695,2936295.72,1770933600000,2046908.48746,4974,2026-02-12 21:00:00+00:00
1770933600000,0.694,0.715,0.693,0.714,2634176.14,1770937200000,1851712.08118,5452,2026-02-12 22:00:00+00:00
1770937200000,0.714,0.728,0.711,0.715,2693083.61,1770940800000,1936881.45046,6048,2026-02-12 23:00:00+00:00
1770940800000,0.715,0.718,0.709,0.717,2113043.17,1770944400000,1508133.07507,5169,2026-02-13 00:00:00+00:00
1770944400000,0.717,0.739,0.717,0.722,4288916.95,1770948000000,3123611.51136,8647,2026-02-13 01:00:00+00:00
1770948000000,0.722,0.726,0.707,0.716,4086129.33,1770951600000,2923780.42033,7401,2026-02-13 02:00:00+00:00
1770951600000,0.716,0.718,0.71,0.714,1490900.77,1770955200000,1064156.49537,3540,2026-02-13 03:00:00+00:00
1770955200000,0.714,0.715,0.706,0.71,1723200.56,1770958800000,1223589.51545,4354,2026-02-13 04:00:00+00:00
1770958800000,0.71,0.712,0.702,0.704,1300564.85,1770962400000,919247.61057,2847,2026-02-13 05:00:00+00:00
1770962400000,0.704,0.708,0.698,0.708,1674964.04,1770966000000,1176192.44372,3822,2026-02-13 06:00:00+00:00
1770966000000,0.708,0.718,0.705,0.716,3198506.17,1770969600000,2273341.32228,6742,2026-02-13 07:00:00+00:00
1770969600000,0.715,0.721,0.709,0.709,1595253.62,1770973200000,1139476.24386,4598,2026-02-13 08:00:00+00:00
1770973200000,0.71,0.712,0.705,0.71,1337677.96,1770976800000,947381.30122,3909,2026-02-13 09:00:00+00:00
1770976800000,0.71,0.717,0.709,0.716,1332673.36,1770980400000,950980.08991,4201,2026-02-13 10:00:00+00:00
1770980400000,0.716,0.719,0.711,0.716,1153807.28,1770984000000,825001.18756,3747,2026-02-13 11:00:00+00:00
1770984000000,0.716,0.718,0.711,0.714,1142047.56,1770987600000,816105.84024,3593,2026-02-13 12:00:00+00:00
1770987600000,0.714,0.727,0.708,0.716,3194404.52,1770991200000,2290033.15902,7595,2026-02-13 13:00:00+00:00
1770991200000,0.716,0.721,0.709,0.71,1859149.96,1770994800000,1329500.93808,6468,2026-02-13 14:00:00+00:00
1770994800000,0.711,0.734,0.71,0.727,4882849.04,1770998400000,3525586.63965,13894,2026-02-13 15:00:00+00:00
1770998400000,0.727,0.742,0.722,0.737,3040766.4,1771002000000,2225537.71277,8166,2026-02-13 16:00:00+00:00
1771002000000,0.737,0.745,0.729,0.743,1914454.47,1771005600000,1412135.21762,5787,2026-02-13 17:00:00+00:00
1771005600000,0.743,0.746,0.732,0.734,1264818.34,1771009200000,931971.98451,4521,2026-02-13 18:00:00+00:00
1771009200000,0.734,0.736,0.726,0.729,1643698.45,1771012800000,1201985.84922,3942,2026-02-13 19:00:00+00:00
1771012800000,0.728,0.732,0.725,0.729,1232330.96,1771016400000,897815.77366,3789,2026-02-13 20:00:00+00:00
1771016400000,0.729,0.73,0.723,0.727,1061865.22,1771020000000,771508.63295,3602,2026-02-13 21:00:00+00:00
1771020000000,0.728,0.729,0.721,0.728,687418.4,1771023600000,498312.93054,2590,2026-02-13 22:00:00+00:00
1771023600000,0.729,0.733,0.726,0.727,1289102.16,1771027200000,940173.43816,2787,2026-02-13 23:00:00+00:00
1771027200000,0.727,0.737,0.724,0.73,3049992.26,1771030800000,2226134.23208,4131,2026-02-14 00:00:00+00:00
1771030800000,0.73,0.734,0.726,0.731,676102.05,1771034400000,493236.4679,1679,2026-02-14 01:00:00+00:00
1771034400000,0.731,0.733,0.72,0.72,1455779.05,1771038000000,1055301.87962,2526,2026-02-14 02:00:00+00:00
1771038000000,0.72,0.722,0.709,0.711,2140167.01,1771041600000,1529712.40252,3936,2026-02-14 03:00:00+00:00
1771041600000,0.711,0.718,0.705,0.717,1425820.54,1771045200000,1014547.85251,3168,2026-02-14 04:00:00+00:00
1771045200000,0.716,0.723,0.711,0.712,985792.86,1771048800000,707520.45044,2459,2026-02-14 05:00:00+00:00
1771048800000,0.712,0.714,0.708,0.709,1134516.18,1771052400000,806516.87802,3441,2026-02-14 06:00:00+00:00
1771052400000,0.71,0.717,0.71,0.714,1552358.94,1771056000000,1107822.50881,4049,2026-02-14 07:00:00+00:00
1771056000000,0.714,0.719,0.713,0.718,1345993.08,1771059600000,964196.14466,2807,2026-02-14 08:00:00+00:00
1771059600000,0.717,0.717,0.708,0.713,1519843.44,1771063200000,1082325.74471,2946,2026-02-14 09:00:00+00:00
1771063200000,0.712,0.721,0.71,0.717,740973.7,1771066800000,530342.00117,2258,2026-02-14 10:00:00+00:00
1771066800000,0.716,0.726,0.715,0.72,1462798.27,1771070400000,1054804.18573,3054,2026-02-14 11:00:00+00:00
1771070400000,0.72,0.722,0.711,0.712,1762973.0,1771074000000,1261319.24437,4125,2026-02-14 12:00:00+00:00
1771074000000,0.712,0.723,0.711,0.721,1394337.87,1771077600000,999050.20687,3192,2026-02-14 13:00:00+00:00
1771077600000,0.721,0.732,0.715,0.729,1161137.46,1771081200000,839307.58863,2973,2026-02-14 14:00:00+00:00
1771081200000,0.728,0.734,0.719,0.723,2247591.83,1771084800000,1631673.13607,5459,2026-02-14 15:00:00+00:00
1771084800000,0.724,0.73,0.721,0.726,1764401.2,1771088400000,1278358.37077,4247,2026-02-14 16:00:00+00:00
1771088400000,0.726,0.73,0.725,0.727,870730.48,1771092000000,633273.29709,3025,2026-02-14 17:00:00+00:00
1771092000000,0.728,0.739,0.726,0.732,1543126.79,1771095600000,1131664.82637,4865,2026-02-14 18:00:00+00:00
1771095600000,0.732,0.737,0.726,0.733,1795744.16,1771099200000,1316193.83033,4210,2026-02-14 19:00:00+00:00
1771099200000,0.732,0.735,0.723,0.732,1220033.18,1771102800000,887331.60806,3440,2026-02-14 20:00:00+00:00
1771102800000,0.732,0.737,0.726,0.734,1155187.48,1771106400000,845961.89929,4390,2026-02-14 21:00:00+00:00
1771106400000,0.733,0.737,0.73,0.731,703751.08,1771110000000,516665.75262,2613,2026-02-14 22:00:00+00:00
1771110000000,0.731,0.74,0.728,0.734,892767.4,1771113600000,656030.96702,3995,2026-02-14 23:00:00+00:00
1771113600000,0.733,0.737,0.721,0.725,1359806.63,1771117200000,988545.97722,4745,2026-02-15 00:00:00+00:00
1771117200000,0.724,0.732,0.716,0.731,1115964.86,1771120800000,807563.57417,4733,2026-02-15 01:00:00+00:00
1771120800000,0.731,0.737,0.727,0.734,1592744.36,1771124400000,1165251.96645,5915,2026-02-15 02:00:00+00:00
1771124400000,0.733,0.742,0.725,0.74,1529440.96,1771128000000,1121559.25636,5443,2026-02-15 03:00:00+00:00
1771128000000,0.74,0.745,0.731,0.736,2023502.62,1771131600000,1493422.82655,6238,2026-02-15 04:00:00+00:00
1771131600000,0.736,0.738,0.732,0.733,531816.54,1771135200000,390747.18531,2918,2026-02-15 05:00:00+00:00
1771135200000,0.733,0.74,0.731,0.737,1097439.72,1771138800000,807265.8997,3871,2026-02-15 06:00:00+00:00
1771138800000,0.737,0.738,0.729,0.731,1198664.7,1771142400000,880094.5016,4112,2026-02-15 07:00:00+00:00
1771142400000,0.731,0.736,0.72,0.727,1859814.44,1771146000000,1351881.81874,7092,2026-02-15 08:00:00+00:00
1771146000000,0.727,0.739,0.724,0.736,1322537.86,1771149600000,967308.09075,4964,2026-02-15 09:00:00+00:00
1771149600000,0.736,0.743,0.728,0.737,1450612.27,1771153200000,1067075.92058,4902,2026-02-15 10:00:00+00:00
1771153200000,0.738,0.742,0.732,0.734,884085.3,1771156800000,651477.37815,2977,2026-02-15 11:00:00+00:00
1771156800000,0.734,0.735,0.722,0.723,1794055.41,1771160400000,1305106.24325,6722,2026-02-15 12:00:00+00:00
1771160400000,0.724,0.737,0.711,0.715,3571922.71,1771164000000,2584236.00048,12006,2026-02-15 13:00:00+00:00
1771164000000,0.715,0.724,0.709,0.724,2409499.66,1771167600000,1726704.53877,8380,2026-02-15 14:00:00+00:00
1771167600000,0.723,0.726,0.712,0.719,1631565.41,1771171200000,1173073.49303,5715,2026-02-15 15:00:00+00:00
1771171200000,0.719,0.725,0.713,0.724,1784733.47,1771174800000,1280498.14434,6250,2026-02-15 16:00:00+00:00
1771174800000,0.723,0.73,0.717,0.725,2967373.19,1771178400000,2147885.16696,10644,2026-02-15 17:00:00+00:00
1771178400000,0.725,0.726,0.716,0.722,2089841.75,1771182000000,1508859.02373,7626,2026-02-15 18:00:00+00:00
1771182000000,0.722,0.728,0.716,0.717,1884038.45,1771185600000,1356846.35981,6362,2026-02-15 19:00:00+00:00
1771185600000,0.717,0.727,0.713,0.725,1151378.79,1771189200000,829075.36717,3804,2026-02-15 20:00:00+00:00
1771189200000,0.725,0.732,0.724,0.724,746579.37,1771192800000,543507.07955,2664,2026-02-15 21:00:00+00:00
1771192800000,0.723,0.735,0.721,0.734,956587.46,1771196400000,696019.53926,2970,2026-02-15 22:00:00+00:00
1771196400000,0.733,0.734,0.724,0.73,871398.04,1771200000000,634626.75586,2504,2026-02-15 23:00:00+00:00
1771200000000,0.73,0.731,0.724,0.724,815212.97,1771203600000,592990.56931,2193,2026-02-16 00:00:00+00:00
1771203600000,0.724,0.733,0.719,0.725,1081538.7,1771207200000,784726.16873,3055,2026-02-16 01:00:00+00:00
1771207200000,0.726,0.728,0.72,0.726,903496.06,1771210800000,654593.1587,2906,2026-02-16 02:00:00+00:00
1771210800000,0.726,0.73,0.723,0.724,733140.44,1771214400000,532322.84634,1871,2026-02-16 03:00:00+00:00
1771214400000,0.724,0.729,0.723,0.725,498033.06,1771218000000,361535.95152,1523,2026-02-16 04:00:00+00:00
1771218000000,0.726,0.727,0.71,0.712,1794898.33,1771221600000,1282825.19717,4809,2026-02-16 05:00:00+00:00
1771221600000,0.712,0.717,0.706,0.709,1494000.81,1771225200000,1063541.93402,3900,2026-02-16 06:00:00+00:00
1771225200000,0.709,0.713,0.704,0.711,1104319.42,1771228800000,782770.2783,3218,2026-02-16 07:00:00+00:00
1771228800000,0.712,0.726,0.711,0.723,1102410.32,1771232400000,793078.55342,3509,2026-02-16 08:00:00+00:00
1771232400000,0.722,0.728,0.721,0.728,853806.21,1771236000000,618855.25032,2661,2026-02-16 09:00:00+00:00
1771236000000,0.728,0.731,0.721,0.724,753095.01,1771239600000,546034.65716,2326,2026-02-16 10:00:00+00:00
1771239600000,0.723,0.723,0.711,0.714,1681383.25,1771243200000,1203347.01738,4107,2026-02-16 11:00:00+00:00
1771243200000,0.715,0.741,0.714,0.737,2493731.44,1771246800000,1820013.78541,7311,2026-02-16 12:00:00+00:00
1771246800000,0.737,0.771,0.72,0.724,9854917.93,1771250400000,7351608.16582,23201,2026-02-16 13:00:00+00:00
1771250400000,0.723,0.728,0.714,0.725,2659035.67,1771254000000,1917874.6429,7202,2026-02-16 14:00:00+00:00
1771254000000,0.724,0.727,0.7,0.701,3039065.17,1771257600000,2166992.44162,9139,2026-02-16 15:00:00+00:00
1771257600000,0.701,0.716,0.695,0.715,2913323.07,1771261200000,2053079.4063,9322,2026-02-16 16:00:00+00:00
1771261200000,0.715,0.728,0.713,0.721,2972959.85,1771264800000,2144537.06472,8877,2026-02-16 17:00:00+00:00
1771264800000,0.721,0.727,0.715,0.715,1188277.26,1771268400000,858179.95816,3710,2026-02-16 18:00:00+00:00
1771268400000,0.715,0.725,0.714,0.72,1117958.16,1771272000000,804269.47702,2951,2026-02-16 19:00:00+00:00
1771272000000,0.72,0.733,0.72,0.732,1228370.08,1771275600000,890386.78039,3355,2026-02-16 20:00:00+00:00
1771275600000,0.733,0.743,0.732,0.737,1643824.0,1771279200000,1211547.39257,8197,2026-02-16 21:00:00+00:00
1771279200000,0.737,0.738,0.729,0.732,937359.24,1771282800000,688287.08797,3853,2026-02-16 22:00:00+00:00
1771282800000,0.732,0.732,0.724,0.73,1467289.69,1771286400000,1068359.79746,3419,2026-02-16 23:00:00+00:00
1771286400000,0.729,0.729,0.722,0.723,960964.2,1771290000000,696930.21185,2314,2026-02-17 00:00:00+00:00
1771290000000,0.723,0.729,0.721,0.726,693304.3,1771293600000,503197.29543,2226,2026-02-17 01:00:00+00:00
1771293600000,0.726,0.737,0.723,0.735,972896.71,1771297200000,711486.6451,3013,2026-02-17 02:00:00+00:00
1771297200000,0.735,0.737,0.731,0.731,435277.23,1771300800000,319348.13423,1529,2026-02-17 03:00:00+00:00
1771300800000,0.731,0.734,0.725,0.727,577875.49,1771304400000,421787.76017,2100,2026-02-17 04:00:00+00:00
1771304400000,0.726,0.727,0.717,0.719,961015.56,1771308000000,692841.99734,2465,2026-02-17 05:00:00+00:00
1771308000000,0.719,0.721,0.716,0.719,324493.53,1771311600000,232852.45593,1049,2026-02-17 06:00:00+00:00
1771311600000,0.719,0.722,0.716,0.718,513976.05,1771315200000,369527.75122,1508,2026-02-17 07:00:00+00:00
1771315200000,0.719,0.72,0.71,0.711,726813.0,1771318800000,518991.8217,2353,2026-02-17 08:00:00+00:00
1771318800000,0.711,0.713,0.708,0.713,873404.75,1771322400000,619999.06564,1895,2026-02-17 09:00:00+00:00
1771322400000,0.713,0.714,0.699,0.704,2238543.82,1771326000000,1575190.62208,3928,2026-02-17 10:00:00+00:00
1771326000000,0.703,0.706,0.7,0.706,1141768.86,1771329600000,802828.07121,2346,2026-02-17 11:00:00+00:00
1771329600000,0.705,0.718,0.704,0.711,1183219.47,1771333200000,840961.00399,3070,2026-02-17 12:00:00+00:00
1771333200000,0.711,0.715,0.705,0.713,1230695.73,1771336800000,874018.79995,3380,2026-02-17 13:00:00+00:00
1771336800000,0.713,0.713,0.698,0.703,1900029.66,1771340400000,1343217.45249,6377,2026-02-17 14:00:00+00:00
1771340400000,0.703,0.708,0.698,0.706,961066.82,1771344000000,676457.68416,5022,2026-02-17 15:00:00+00:00
1771344000000,0.706,0.717,0.704,0.71,1299531.56,1771347600000,924363.11243,5705,2026-02-17 16:00:00+00:00
1771347600000,0.711,0.712,0.7,0.705,1078324.95,1771351200000,760487.33724,4177,2026-02-17 17:00:00+00:00
1771351200000,0.704,0.722,0.704,0.719,1201858.49,1771354800000,861676.55333,4811,2026-02-17 18:00:00+00:00
1771354800000,0.719,0.721,0.714,0.715,454669.49,1771358400000,326139.2902,1953,2026-02-17 19:00:00+00:00
1771358400000,0.714,0.715,0.705,0.707,598759.08,1771362000000,424648.00258,1718,2026-02-17 20:00:00+00:00
1771362000000,0.708,0.711,0.705,0.708,635753.23,1771365600000,450569.82113,1615,2026-02-17 21:00:00+00:00
1771365600000,0.708,0.709,0.702,0.705,350153.02,1771369200000,247128.77687,1143,2026-02-17 22:00:00+00:00
1771369200000,0.704,0.709,0.702,0.709,357361.54,1771372800000,252152.35113,1354,2026-02-17 23:00:00+00:00
1771372800000,0.709,0.716,0.706,0.706,1593094.99,1771376400000,1133000.17936,3099,2026-02-18 00:00:00+00:00
1771376400000,0.706,0.707,0.702,0.703,737235.31,1771380000000,519763.63116,2137,2026-02-18 01:00:00+00:00
1771380000000,0.704,0.712,0.704,0.712,744517.24,1771383600000,527984.88278,1936,2026-02-18 02:00:00+00:00
1771383600000,0.711,0.717,0.711,0.713,450850.64,1771387200000,321820.72883,1411,2026-02-18 03:00:00+00:00
1771387200000,0.713,0.715,0.709,0.714,350073.58,1771390800000,249400.26991,1128,2026-02-18 04:00:00+00:00
1771390800000,0.714,0.716,0.71,0.712,354445.0,1771394400000,252815.0425,1105,2026-02-18 05:00:00+00:00
1771394400000,0.713,0.716,0.712,0.715,355132.44,1771398000000,253578.16111,1058,2026-02-18 06:00:00+00:00
1771398000000,0.715,0.718,0.713,0.715,390264.44,1771401600000,279307.8999,1096,2026-02-18 07:00:00+00:00
1771401600000,0.716,0.718,0.712,0.715,769433.22,1771405200000,550180.50403,1669,2026-02-18 08:00:00+00:00
1771405200000,0.715,0.72,0.714,0.717,616453.66,1771408800000,442135.23847,2132,2026-02-18 09:00:00+00:00
1771408800000,0.717,0.721,0.707,0.708,998479.89,1771412400000,712080.86978,2623,2026-02-18 10:00:00+00:00
1771412400000,0.708,0.71,0.704,0.706,628754.56,1771416000000,444561.2682,2225,2026-02-18 11:00:00+00:00
1771416000000,0.706,0.711,0.705,0.707,461036.67,1771419600000,326315.36145,1907,2026-02-18 12:00:00+00:00
1771419600000,0.707,0.709,0.703,0.708,576762.27,1771423200000,407155.1422,2340,2026-02-18 13:00:00+00:00
1771423200000,0.709,0.713,0.7,0.706,1666010.56,1771426800000,1176628.86161,5574,2026-02-18 14:00:00+00:00
1771426800000,0.706,0.717,0.705,0.709,927522.53,1771430400000,659583.01232,3634,2026-02-18 15:00:00+00:00
1771430400000,0.709,0.714,0.704,0.708,891462.82,1771434000000,631742.73874,3149,2026-02-18 16:00:00+00:00
1771434000000,0.709,0.713,0.707,0.707,336596.51,1771437600000,238851.58918,1485,2026-02-18 17:00:00+00:00
1771437600000,0.707,0.708,0.687,0.692,3256288.61,1771441200000,2266410.45947,9125,2026-02-18 18:00:00+00:00
1771441200000,0.691,0.704,0.691,0.702,1423519.73,1771444800000,992407.0734,5068,2026-02-18 19:00:00+00:00
1771444800000,0.702,0.709,0.701,0.705,1041553.69,1771448400000,733580.48848,3539,2026-02-18 20:00:00+00:00
1771448400000,0.705,0.707,0.701,0.706,667061.18,1771452000000,469807.63057,2258,2026-02-18 21:00:00+00:00
1771452000000,0.706,0.71,0.702,0.706,1100986.71,1771455600000,776970.76208,2383,2026-02-18 22:00:00+00:00
1771455600000,0.706,0.709,0.702,0.707,728791.79,1771459200000,514577.33305,2023,2026-02-18 23:00:00+00:00
1771459200000,0.706,0.708,0.703,0.708,569896.92,1771462800000,402317.16763,1910,2026-02-19 00:00:00+00:00
1771462800000,0.708,0.711,0.704,0.709,872000.32,1771466400000,616611.99339,2275,2026-02-19 01:00:00+00:00
1771466400000,0.709,0.712,0.705,0.71,488809.63,1771470000000,346660.59111,1538,2026-02-19 02:00:00+00:00
1771470000000,0.71,0.713,0.707,0.708,434805.47,1771473600000,308636.77959,1423,2026-02-19 03:00:00+00:00
1771473600000,0.709,0.713,0.705,0.706,359725.48,1771477200000,255129.85368,1522,2026-02-19 04:00:00+00:00
1771477200000,0.706,0.707,0.694,0.697,1961882.19,1771480800000,1369478.70135,4123,2026-02-19 05:00:00+00:00
1771480800000,0.697,0.704,0.697,0.702,622579.34,1771484400000,436395.84115,2748,2026-02-19 06:00:00+00:00
1771484400000,0.702,0.703,0.697,0.699,736684.74,1771488000000,515350.56374,2876,2026-02-19 07:00:00+00:00
1771488000000,0.699,0.7,0.695,0.697,704927.26,1771491600000,491005.35585,2575,2026-02-19 08:00:00+00:00
1771491600000,0.697,0.7,0.695,0.696,509959.37,1771495200000,355472.67746,2460,2026-02-19 09:00:00+00:00
1771495200000,0.695,0.697,0.691,0.694,924933.05,1771498800000,642002.30016,3164,2026-02-19 10:00:00+00:00
1771498800000,0.694,0.696,0.689,0.692,759323.32,1771502400000,525779.9213,2786,2026-02-19 11:00:00+00:00
1771502400000,0.692,0.697,0.689,0.695,1107843.64,1771506000000,768057.7691,3332,2026-02-19 12:00:00+00:00
1771506000000,0.694,0.697,0.687,0.691,1618302.39,1771509600000,1119332.3121,4499,2026-02-19 13:00:00+00:00
1771509600000,0.691,0.696,0.68,0.694,2796064.55,1771513200000,1924986.87355,9380,2026-02-19 14:00:00+00:00
1771513200000,0.693,0.698,0.685,0.688,1880728.3,1771516800000,1298683.90642,5439,2026-02-19 15:00:00+00:00
1771516800000,0.689,0.692,0.683,0.689,1718399.11,1771520400000,1181176.60353,5454,2026-02-19 16:00:00+00:00
1771520400000,0.689,0.701,0.689,0.692,1601066.99,1771524000000,1109403.05339,5113,2026-02-19 17:00:00+00:00
1771524000000,0.692,0.704,0.691,0.7,1064606.6,1771527600000,742851.73096,4252,2026-02-19 18:00:00+00:00
1771527600000,0.701,0.704,0.699,0.702,723329.42,1771531200000,507332.43126,2901,2026-02-19 19:00:00+00:00
1771531200000,0.702,0.71,0.701,0.71,1052515.68,1771534800000,743772.22112,2818,2026-02-19 20:00:00+00:00
1771534800000,0.709,0.711,0.706,0.71,176721.42,1771538400000,125136.59029,980,2026-02-19 21:00:00+00:00
1771538400000,0.71,0.719,0.708,0.715,1538508.17,1771542000000,1098528.88276,3705,2026-02-19 22:00:00+00:00
1771542000000,0.715,0.719,0.714,0.718,700037.08,1771545600000,501201.90984,1813,2026-02-19 23:00:00+00:00
1771545600000,0.718,0.725,0.715,0.724,1875354.97,1771549200000,1350853.75773,4297,2026-02-20 00:00:00+00:00
1771549200000,0.724,0.724,0.715,0.716,1185557.38,1771552800000,852876.94873,3069,2026-02-20 01:00:00+00:00
1771552800000,0.716,0.717,0.709,0.712,1432344.35,1771556400000,1020024.44579,2671,2026-02-20 02:00:00+00:00
1771556400000,0.711,0.715,0.707,0.708,697570.84,1771560000000,495601.75291,2063,2026-02-20 03:00:00+00:00
1771560000000,0.708,0.709,0.702,0.702,1148498.99,1771563600000,808988.48391,2960,2026-02-20 04:00:00+00:00
1771563600000,0.702,0.712,0.702,0.708,669499.08,1771567200000,473210.70805,2426,2026-02-20 05:00:00+00:00
1771567200000,0.708,0.712,0.706,0.707,760515.28,1771570800000,539007.89188,2184,2026-02-20 06:00:00+00:00
1771570800000,0.707,0.707,0.702,0.704,799572.6,1771574400000,563021.56714,2179,2026-02-20 07:00:00+00:00
1771574400000,0.704,0.707,0.702,0.704,649867.41,1771578000000,457611.84537,1555,2026-02-20 08:00:00+00:00
1771578000000,0.705,0.712,0.704,0.711,865067.23,1771581600000,612500.42863,2282,2026-02-20 09:00:00+00:00
1771581600000,0.712,0.714,0.704,0.708,1004137.12,1771585200000,712695.39872,2296,2026-02-20 10:00:00+00:00
1771585200000,0.708,0.709,0.699,0.7,1574464.87,1771588800000,1108337.73229,3362,2026-02-20 11:00:00+00:00
1771588800000,0.7,0.703,0.698,0.7,816756.97,1771592400000,572139.92336,2384,2026-02-20 12:00:00+00:00
1771592400000,0.7,0.702,0.692,0.698,1569125.95,1771596000000,1092754.59827,4926,2026-02-20 13:00:00+00:00
1771596000000,0.698,0.708,0.698,0.704,843504.81,1771599600000,593117.92487,3522,2026-02-20 14:00:00+00:00
1771599600000,0.705,0.716,0.705,0.713,2733924.61,1771603200000,1943370.0367,7468,2026-02-20 15:00:00+00:00
1771603200000,0.712,0.719,0.71,0.716,1473348.82,1771606800000,1051865.2332,4609,2026-02-20 16:00:00+00:00
1771606800000,0.715,0.716,0.706,0.713,893367.52,1771610400000,634878.68783,3869,2026-02-20 17:00:00+00:00
1771610400000,0.714,0.718,0.709,0.717,1244348.71,1771614000000,889148.0739,3085,2026-02-20 18:00:00+00:00
1771614000000,0.717,0.72,0.713,0.717,542553.65,1771617600000,388961.54664,1894,2026-02-20 19:00:00+00:00
1771617600000,0.716,0.721,0.715,0.719,215167.4,1771621200000,154705.54391,1227,2026-02-20 20:00:00+00:00
1771621200000,0.719,0.722,0.716,0.721,566598.74,1771624800000,407278.98579,1479,2026-02-20 21:00:00+00:00
1771624800000,0.721,0.733,0.719,0.732,1724678.06,1771628400000,1255146.22502,4016,2026-02-20 22:00:00+00:00
1771628400000,0.733,0.734,0.724,0.728,1009240.74,1771632000000,735704.23762,2729,2026-02-20 23:00:00+00:00
1771632000000,0.728,0.73,0.72,0.721,778704.19,1771635600000,564232.47813,2322,2026-02-21 00:00:00+00:00
1771635600000,0.721,0.725,0.717,0.724,723374.48,1771639200000,521045.54936,1544,2026-02-21 01:00:00+00:00
1771639200000,0.723,0.735,0.723,0.731,1094650.57,1771642800000,798537.83137,3011,2026-02-21 02:00:00+00:00
1771642800000,0.731,0.74,0.727,0.732,1752851.76,1771646400000,1286768.24962,4857,2026-02-21 03:00:00+00:00
1771646400000,0.731,0.732,0.723,0.723,968781.15,1771650000000,703570.68175,2822,2026-02-21 04:00:00+00:00
1771650000000,0.724,0.725,0.721,0.724,509296.98,1771653600000,368367.42474,1341,2026-02-21 05:00:00+00:00
1771653600000,0.725,0.725,0.721,0.724,364375.39,1771657200000,263460.37582,980,2026-02-21 06:00:00+00:00
1771657200000,0.725,0.727,0.723,0.727,377959.02,1771660800000,274060.86057,1195,2026-02-21 07:00:00+00:00
1771660800000,0.726,0.735,0.725,0.731,823424.61,1771664400000,601636.52882,2201,2026-02-21 08:00:00+00:00
1771664400000,0.731,0.739,0.73,0.733,1009697.89,1771668000000,742089.28552,2885,2026-02-21 09:00:00+00:00
1771668000000,0.734,0.734,0.729,0.73,386145.61,1771671600000,282698.53778,1321,2026-02-21 10:00:00+00:00
1771671600000,0.73,0.731,0.726,0.729,399995.41,1771675200000,291327.65199,1384,2026-02-21 11:00:00+00:00
1771675200000,0.73,0.734,0.725,0.728,502455.07,1771678800000,366667.66786,1645,2026-02-21 12:00:00+00:00
1771678800000,0.728,0.728,0.721,0.727,445863.37,1771682400000,323173.91886,1178,2026-02-21 13:00:00+00:00
1771682400000,0.727,0.727,0.722,0.723,582383.73,1771686000000,421983.29249,1711,2026-02-21 14:00:00+00:00
1771686000000,0.724,0.728,0.719,0.723,458783.59,1771689600000,331914.21814,1521,2026-02-21 15:00:00+00:00
1771689600000,0.724,0.725,0.721,0.724,387040.19,1771693200000,279665.16985,1555,2026-02-21 16:00:00+00:00
1771693200000,0.724,0.73,0.723,0.729,446293.22,1771696800000,324183.6607,1417,2026-02-21 17:00:00+00:00
1771696800000,0.729,0.73,0.725,0.728,522669.69,1771700400000,380364.51709,1031,2026-02-21 18:00:00+00:00
1771700400000,0.729,0.729,0.715,0.719,1308690.75,1771704000000,945146.75253,2063,2026-02-21 19:00:00+00:00
1771704000000,0.72,0.725,0.719,0.721,505708.41,1771707600000,365338.43578,1748,2026-02-21 20:00:00+00:00
1771707600000,0.721,0.722,0.719,0.722,177424.03,1771711200000,127880.66341,587,2026-02-21 21:00:00+00:00
1771711200000,0.722,0.723,0.719,0.72,169107.35,1771714800000,121943.68585,575,2026-02-21 22:00:00+00:00
1771714800000,0.72,0.72,0.716,0.719,607618.39,1771718400000,436126.60349,1205,2026-02-21 23:00:00+00:00
1771718400000,0.718,0.72,0.713,0.717,1695430.94,1771722000000,1215024.24431,3587,2026-02-22 00:00:00+00:00
1771722000000,0.716,0.718,0.712,0.718,556711.22,1771725600000,397816.64132,1051,2026-02-22 01:00:00+00:00
1771725600000,0.718,0.72,0.711,0.713,489972.16,1771729200000,350048.42151,1407,2026-02-22 02:00:00+00:00
1771729200000,0.712,0.715,0.711,0.715,197097.14,1771732800000,140585.44433,710,2026-02-22 03:00:00+00:00
1771732800000,0.715,0.716,0.709,0.71,447042.6,1771736400000,318147.04573,851,2026-02-22 04:00:00+00:00
1771736400000,0.71,0.714,0.703,0.705,1338374.32,1771740000000,946063.56951,2149,2026-02-22 05:00:00+00:00
1771740000000,0.706,0.707,0.704,0.706,364943.98,1771743600000,257526.36429,970,2026-02-22 06:00:00+00:00
1771743600000,0.707,0.709,0.705,0.709,303201.01,1771747200000,214374.93876,717,2026-02-22 07:00:00+00:00
1771747200000,0.709,0.712,0.705,0.709,4043716.54,1771750800000,2867910.60197,5811,2026-02-22 08:00:00+00:00
1771750800000,0.709,0.713,0.706,0.712,848043.26,1771754400000,602422.66351,1618,2026-02-22 09:00:00+00:00
1771754400000,0.713,0.714,0.71,0.711,298405.12,1771758000000,212610.13216,865,2026-02-22 10:00:00+00:00
1771758000000,0.711,0.711,0.708,0.71,219308.99,1771761600000,155640.67802,488,2026-02-22 11:00:00+00:00
1771761600000,0.71,0.71,0.704,0.706,1043787.66,1771765200000,737143.47972,2046,2026-02-22 12:00:00+00:00
1771765200000,0.706,0.708,0.701,0.703,728907.2,1771768800000,513476.77204,1781,2026-02-22 13:00:00+00:00
1771768800000,0.703,0.703,0.694,0.698,3068374.89,1771772400000,2137671.33447,4842,2026-02-22 14:00:00+00:00
1771772400000,0.698,0.703,0.695,0.701,770865.8,1771776000000,538002.9761,1619,2026-02-22 15:00:00+00:00
1771776000000,0.701,0.701,0.696,0.701,489328.46,1771779600000,341925.21339,1285,2026-02-22 16:00:00+00:00
1771779600000,0.701,0.701,0.696,0.699,241451.74,1771783200000,168627.58424,867,2026-02-22 17:00:00+00:00
1771783200000,0.699,0.699,0.693,0.694,580591.51,1771786800000,403582.56309,1151,2026-02-22 18:00:00+00:00
1771786800000,0.694,0.697,0.691,0.696,557907.75,1771790400000,386529.02396,1284,2026-02-22 19:00:00+00:00
1771790400000,0.696,0.697,0.695,0.696,259609.13,1771794000000,180685.33535,715,2026-02-22 20:00:00+00:00
1771794000000,0.696,0.698,0.693,0.694,317151.07,1771797600000,220460.93745,1095,2026-02-22 21:00:00+00:00
1771797600000,0.694,0.698,0.692,0.696,777346.35,1771801200000,539540.86911,1914,2026-02-22 22:00:00+00:00
1771801200000,0.696,0.697,0.693,0.695,472725.16,1771804800000,328367.1397,1532,2026-02-22 23:00:00+00:00
1771804800000,0.696,0.698,0.689,0.689,969368.53,1771808400000,672747.5776,2324,2026-02-23 00:00:00+00:00
1771808400000,0.689,0.69,0.665,0.677,8008255.77,1771812000000,5400005.99814,24448,2026-02-23 01:00:00+00:00
1771812000000,0.677,0.687,0.676,0.685,2594400.3,1771815600000,1768363.54167,8434,2026-02-23 02:00:00+00:00
1771815600000,0.686,0.691,0.683,0.69,1379218.07,1771819200000,948620.07382,4755,2026-02-23 03:00:00+00:00
1771819200000,0.69,0.696,0.688,0.692,1986822.58,1771822800000,1374121.8724,4361,2026-02-23 04:00:00+00:00
1771822800000,0.692,0.707,0.691,0.702,2712943.41,1771826400000,1902621.27211,5079,2026-02-23 05:00:00+00:00
1771826400000,0.703,0.71,0.699,0.704,1150163.79,1771830000000,809578.81137,3040,2026-02-23 06:00:00+00:00
1771830000000,0.705,0.706,0.696,0.698,1066959.08,1771833600000,747743.64958,2517,2026-02-23 07:00:00+00:00
1771833600000,0.698,0.704,0.696,0.703,842704.79,1771837200000,590050.4105,1882,2026-02-23 08:00:00+00:00
1771837200000,0.703,0.71,0.701,0.708,1251266.17,1771840800000,884999.9047,2536,2026-02-23 09:00:00+00:00
1771840800000,0.709,0.71,0.7,0.701,1789660.9,1771844400000,1260046.59026,2916,2026-02-23 10:00:00+00:00
1771844400000,0.702,0.702,0.698,0.7,635291.98,1771848000000,444517.02232,1347,2026-02-23 11:00:00+00:00
1771848000000,0.7,0.708,0.696,0.704,1279533.73,1771851600000,899974.942,2769,2026-02-23 12:00:00+00:00
1771851600000,0.705,0.705,0.692,0.692,1311098.81,1771855200000,915191.03533,2780,2026-02-23 13:00:00+00:00
1771855200000,0.693,0.697,0.687,0.695,1753057.09,1771858800000,1212510.42807,4887,2026-02-23 14:00:00+00:00
1771858800000,0.695,0.699,0.688,0.689,1123496.05,1771862400000,779035.68454,3516,2026-02-23 15:00:00+00:00
1771862400000,0.689,0.702,0.686,0.697,1227431.48,1771866000000,851996.93436,4224,2026-02-23 16:00:00+00:00
1771866000000,0.697,0.7,0.689,0.694,1299973.42,1771869600000,901443.08671,4316,2026-02-23 17:00:00+00:00
1771869600000,0.694,0.703,0.692,0.698,774976.3,1771873200000,539799.26672,2912,2026-02-23 18:00:00+00:00
1771873200000,0.698,0.699,0.692,0.694,447633.63,1771876800000,311440.88255,1620,2026-02-23 19:00:00+00:00
1771876800000,0.693,0.698,0.691,0.698,526688.41,1771880400000,365636.79246,1940,2026-02-23 20:00:00+00:00
1771880400000,0.698,0.7,0.695,0.7,359809.23,1771884000000,251117.15614,1005,2026-02-23 21:00:00+00:00
1771884000000,0.7,0.705,0.698,0.702,697966.98,1771887600000,490367.69625,1789,2026-02-23 22:00:00+00:00
1771887600000,0.701,0.707,0.7,0.703,909091.55,1771891200000,639735.72246,1552,2026-02-23 23:00:00+00:00
1771891200000,0.702,0.705,0.701,0.701,784106.48,1771894800000,551271.99769,1315,2026-02-24 00:00:00+00:00
1771894800000,0.701,0.701,0.685,0.692,2535101.19,1771898400000,1757270.11259,7273,2026-02-24 01:00:00+00:00
1771898400000,0.692,0.7,0.69,0.695,800885.77,1771902000000,557136.13007,2666,2026-02-24 02:00:00+00:00
1771902000000,0.695,0.696,0.689,0.694,1061716.73,1771905600000,735119.74297,3666,2026-02-24 03:00:00+00:00
1771905600000,0.694,0.694,0.688,0.694,844516.15,1771909200000,583604.09939,2097,2026-02-24 04:00:00+00:00
1771909200000,0.693,0.696,0.69,0.694,506321.48,1771912800000,350947.27369,2126,2026-02-24 05:00:00+00:00
1771912800000,0.694,0.698,0.691,0.695,847577.08,1771916400000,588726.21919,1877,2026-02-24 06:00:00+00:00
1771916400000,0.695,0.698,0.69,0.694,635672.43,1771920000000,441222.91181,1768,2026-02-24 07:00:00+00:00
1771920000000,0.693,0.699,0.69,0.694,2938827.09,1771923600000,2036706.67909,4149,2026-02-24 08:00:00+00:00
1771923600000,0.694,0.696,0.691,0.694,721022.72,1771927200000,499633.47142,1794,2026-02-24 09:00:00+00:00
1771927200000,0.694,0.694,0.677,0.683,4687134.11,1771930800000,3214592.73771,6938,2026-02-24 10:00:00+00:00
1771930800000,0.682,0.686,0.679,0.686,1193857.71,1771934400000,815290.7635,2922,2026-02-24 11:00:00+00:00
1771934400000,0.685,0.691,0.681,0.684,1687243.65,1771938000000,1156457.68366,4523,2026-02-24 12:00:00+00:00
1771938000000,0.684,0.689,0.68,0.687,2286214.19,1771941600000,1563660.17271,5746,2026-02-24 13:00:00+00:00
1771941600000,0.687,0.696,0.682,0.692,2902725.71,1771945200000,2001825.70079,8264,2026-02-24 14:00:00+00:00
1771945200000,0.692,0.698,0.69,0.696,1132569.36,1771948800000,786276.52553,3835,2026-02-24 15:00:00+00:00
1771948800000,0.696,0.703,0.694,0.702,1469554.43,1771952400000,1028864.78241,3980,2026-02-24 16:00:00+00:00
1771952400000,0.702,0.705,0.697,0.697,499020.57,1771956000000,350349.45511,1914,2026-02-24 17:00:00+00:00
1771956000000,0.697,0.7,0.694,0.696,732023.23,1771959600000,509904.75629,2092,2026-02-24 18:00:00+00:00
1771959600000,0.696,0.697,0.69,0.695,592718.9,1771963200000,411298.77065,1879,2026-02-24 19:00:00+00:00
1771963200000,0.695,0.701,0.695,0.698,478973.15,1771966800000,334261.69504,1319,2026-02-24 20:00:00+00:00
1771966800000,0.698,0.699,0.694,0.697,365587.47,1771970400000,254468.64671,1087,2026-02-24 21:00:00+00:00
1771970400000,0.696,0.701,0.696,0.7,284432.01,1771974000000,198921.87024,1184,2026-02-24 22:00:00+00:00
1771974000000,0.7,0.7,0.695,0.695,317882.61,1771977600000,221507.41223,1096,2026-02-24 23:00:00+00:00
1771977600000,0.695,0.697,0.69,0.696,557472.32,1771981200000,386606.64793,1871,2026-02-25 00:00:00+00:00
1771981200000,0.695,0.717,0.695,0.706,2768166.74,1771984800000,1962394.49418,7997,2026-02-25 01:00:00+00:00
1771984800000,0.706,0.71,0.704,0.706,581535.78,1771988400000,411054.44531,1959,2026-02-25 02:00:00+00:00
1771988400000,0.707,0.708,0.699,0.7,531486.7,1771992000000,373387.73701,1592,2026-02-25 03:00:00+00:00
1771992000000,0.699,0.702,0.697,0.7,386920.57,1771995600000,270649.33811,1551,2026-02-25 04:00:00+00:00
1771995600000,0.699,0.7,0.691,0.697,975739.11,1771999200000,677867.41275,1917,2026-02-25 05:00:00+00:00
1771999200000,0.698,0.698,0.695,0.695,100760.53,1772002800000,70259.04349,468,2026-02-25 06:00:00+00:00
1772002800000,0.695,0.698,0.693,0.695,370821.51,1772006400000,257707.52821,704,2026-02-25 07:00:00+00:00
1772006400000,0.696,0.697,0.694,0.696,317181.74,1772010000000,220618.16159,768,2026-02-25 08:00:00+00:00
1772010000000,0.696,0.701,0.696,0.699,411147.87,1772013600000,287224.88126,1052,2026-02-25 09:00:00+00:00
1772013600000,0.699,0.7,0.69,0.692,441885.18,1772017200000,307160.38915,1431,2026-02-25 10:00:00+00:00
1772017200000,0.691,0.698,0.69,0.697,520256.1,1772020800000,360882.62198,1404,2026-02-25 11:00:00+00:00
1772020800000,0.698,0.706,0.697,0.704,1051270.15,1772024400000,737730.71362,2252,2026-02-25 12:00:00+00:00
1772024400000,0.704,0.708,0.7,0.705,1432869.75,1772028000000,1009493.30125,2533,2026-02-25 13:00:00+00:00
1772028000000,0.706,0.708,0.699,0.707,1340519.43,1772031600000,942358.86251,3269,2026-02-25 14:00:00+00:00
1772031600000,0.707,0.709,0.7,0.708,1706846.06,1772035200000,1203447.06377,4451,2026-02-25 15:00:00+00:00
1772035200000,0.708,0.719,0.707,0.718,1678552.09,1772038800000,1196290.53996,3896,2026-02-25 16:00:00+00:00
1772038800000,0.718,0.722,0.715,0.716,2203146.14,1772042400000,1581715.40293,4167,2026-02-25 17:00:00+00:00
1772042400000,0.716,0.723,0.712,0.717,1567598.21,1772046000000,1124033.67291,3886,2026-02-25 18:00:00+00:00
1772046000000,0.716,0.717,0.71,0.717,783970.23,1772049600000,559559.37903,2078,2026-02-25 19:00:00+00:00
1772049600000,0.717,0.72,0.713,0.717,793804.62,1772053200000,569342.30008,2195,2026-02-25 20:00:00+00:00
1772053200000,0.717,0.732,0.715,0.722,1681995.33,1772056800000,1217775.78777,5324,2026-02-25 21:00:00+00:00
1772056800000,0.723,0.729,0.716,0.72,1036381.66,1772060400000,750412.14382,3448,2026-02-25 22:00:00+00:00
1772060400000,0.72,0.724,0.702,0.709,1970648.77,1772064000000,1400238.54637,5192,2026-02-25 23:00:00+00:00
1772064000000,0.709,0.711,0.701,0.703,1087171.4,1772067600000,767823.23706,3489,2026-02-26 00:00:00+00:00
1772067600000,0.703,0.708,0.701,0.701,554485.51,1772071200000,389947.86245,2102,2026-02-26 01:00:00+00:00
1772071200000,0.701,0.704,0.695,0.703,831977.52,1772074800000,581479.49515,2827,2026-02-26 02:00:00+00:00
1772074800000,0.703,0.706,0.701,0.702,582133.73,1772078400000,409532.82306,1516,2026-02-26 03:00:00+00:00
1772078400000,0.703,0.709,0.701,0.704,492278.2,1772082000000,347322.94245,1895,2026-02-26 04:00:00+00:00
1772082000000,0.704,0.708,0.7,0.705,655125.94,1772085600000,461236.63511,1986,2026-02-26 05:00:00+00:00
1772085600000,0.706,0.713,0.702,0.71,1322209.26,1772089200000,933721.32631,2493,2026-02-26 06:00:00+00:00
1772089200000,0.71,0.711,0.703,0.703,723734.92,1772092800000,511769.53393,1641,2026-02-26 07:00:00+00:00
1772092800000,0.703,0.714,0.703,0.71,795600.73,1772096400000,564643.34976,2165,2026-02-26 08:00:00+00:00
1772096400000,0.71,0.723,0.709,0.718,984466.05,1772100000000,705296.18169,2546,2026-02-26 09:00:00+00:00
1772100000000,0.718,0.718,0.709,0.711,665181.22,1772103600000,474336.14528,1832,2026-02-26 10:00:00+00:00
1772103600000,0.71,0.715,0.705,0.706,759184.13,1772107200000,538762.9232,1841,2026-02-26 11:00:00+00:00
1772107200000,0.705,0.711,0.704,0.711,643327.6,1772110800000,456090.09452,2103,2026-02-26 12:00:00+00:00
1772110800000,0.711,0.712,0.701,0.703,1433090.79,1772114400000,1012889.91508,2998,2026-02-26 13:00:00+00:00
1772114400000,0.703,0.708,0.697,0.703,1780395.59,1772118000000,1251092.35848,4908,2026-02-26 14:00:00+00:00
1772118000000,0.703,0.704,0.694,0.701,2129201.26,1772121600000,1489853.80125,6347,2026-02-26 15:00:00+00:00
1772121600000,0.701,0.702,0.686,0.689,2181735.31,1772125200000,1508712.59829,5681,2026-02-26 16:00:00+00:00
1772125200000,0.689,0.696,0.688,0.693,1171391.3,1772128800000,810771.09008,3754,2026-02-26 17:00:00+00:00
1772128800000,0.693,0.7,0.69,0.698,849128.02,1772132400000,589972.49441,2048,2026-02-26 18:00:00+00:00
1772132400000,0.697,0.705,0.697,0.701,980741.62,1772136000000,688430.0968,2261,2026-02-26 19:00:00+00:00
1772136000000,0.701,0.703,0.697,0.7,701783.55,1772139600000,491254.4906,1340,2026-02-26 20:00:00+00:00
1772139600000,0.7,0.705,0.699,0.704,225245.75,1772143200000,158250.53604,818,2026-02-26 21:00:00+00:00
1772143200000,0.704,0.705,0.698,0.701,501284.49,1772146800000,351157.47417,1059,2026-02-26 22:00:00+00:00
1772146800000,0.702,0.702,0.696,0.697,626351.35,1772150400000,437352.21671,997,2026-02-26 23:00:00+00:00
1772150400000,0.697,0.7,0.694,0.698,944316.61,1772154000000,658464.11998,2066,2026-02-27 00:00:00+00:00
1772154000000,0.698,0.698,0.691,0.695,811650.37,1772157600000,563180.35158,1911,2026-02-27 01:00:00+00:00
1772157600000,0.695,0.701,0.693,0.698,514469.44,1772161200000,358848.03176,1227,2026-02-27 02:00:00+00:00
1772161200000,0.697,0.703,0.696,0.701,485405.44,1772164800000,339149.09097,1038,2026-02-27 03:00:00+00:00
1772164800000,0.7,0.711,0.7,0.709,1418047.56,1772168400000,1002972.91,2685,2026-02-27 04:00:00+00:00
1772168400000,0.709,0.715,0.707,0.708,920702.87,1772172000000,653994.00792,2154,2026-02-27 05:00:00+00:00
1772172000000,0.708,0.709,0.701,0.702,559427.28,1772175600000,393711.04737,1398,2026-02-27 06:00:00+00:00
1772175600000,0.702,0.704,0.698,0.703,406986.89,1772179200000,285294.30022,1529,2026-02-27 07:00:00+00:00
1772179200000,0.703,0.706,0.698,0.701,293525.81,1772182800000,205934.81669,1300,2026-02-27 08:00:00+00:00
1772182800000,0.702,0.703,0.695,0.696,260836.48,1772186400000,182213.85808,1105,2026-02-27 09:00:00+00:00
1772186400000,0.696,0.697,0.689,0.692,1338973.7,1772190000000,927434.76868,3196,2026-02-27 10:00:00+00:00
1772190000000,0.691,0.696,0.689,0.695,1537707.76,1772193600000,1065103.65927,4877,2026-02-27 11:00:00+00:00
1772193600000,0.694,0.698,0.693,0.695,845626.05,1772197200000,587456.28315,2978,2026-02-27 12:00:00+00:00
1772197200000,0.696,0.701,0.691,0.7,1606240.11,1772200800000,1119730.70242,4136,2026-02-27 13:00:00+00:00
1772200800000,0.699,0.701,0.684,0.685,1167209.83,1772204400000,807902.81751,3850,2026-02-27 14:00:00+00:00
1772204400000,0.685,0.693,0.685,0.69,2783404.74,1772208000000,1920320.9043,6149,2026-02-27 15:00:00+00:00
1772208000000,0.689,0.691,0.685,0.687,1892529.89,1772211600000,1303684.9637,3972,2026-02-27 16:00:00+00:00
1772211600000,0.687,0.695,0.684,0.695,1812402.55,1772215200000,1249149.52502,4519,2026-02-27 17:00:00+00:00
1772215200000,0.695,0.697,0.688,0.689,617296.36,1772218800000,427052.72049,1622,2026-02-27 18:00:00+00:00
1772218800000,0.689,0.69,0.685,0.689,532901.64,1772222400000,365833.07792,1167,2026-02-27 19:00:00+00:00
1772222400000,0.69,0.693,0.688,0.693,272666.47,1772226000000,188332.3542,980,2026-02-27 20:00:00+00:00
1772226000000,0.692,0.696,0.691,0.692,419044.26,1772229600000,290375.58512,1122,2026-02-27 21:00:00+00:00
1772229600000,0.693,0.696,0.688,0.695,754567.89,1772233200000,522299.98988,1792,2026-02-27 22:00:00+00:00
1772233200000,0.696,0.707,0.695,0.703,900169.23,1772236800000,632277.70634,2401,2026-02-27 23:00:00+00:00
1772236800000,0.703,0.704,0.698,0.703,689395.72,1772240400000,482964.70332,1921,2026-02-28 00:00:00+00:00
1772240400000,0.703,0.704,0.696,0.698,460173.79,1772244000000,321406.70176,1119,2026-02-28 01:00:00+00:00
1772244000000,0.698,0.703,0.697,0.702,257479.2,1772247600000,180462.61024,702,2026-02-28 02:00:00+00:00
1772247600000,0.702,0.703,0.694,0.696,317318.35,1772251200000,221278.54612,1021,2026-02-28 03:00:00+00:00
1772251200000,0.697,0.697,0.691,0.695,227363.82,1772254800000,157822.32328,797,2026-02-28 04:00:00+00:00
1772254800000,0.695,0.696,0.693,0.695,205497.23,1772258400000,142686.20105,690,2026-02-28 05:00:00+00:00
1772258400000,0.694,0.696,0.665,0.676,4999069.94,1772262000000,3388632.14381,16638,2026-02-28 06:00:00+00:00
1772262000000,0.675,0.698,0.671,0.687,2709890.25,1772265600000,1854820.69975,10144,2026-02-28 07:00:00+00:00
1772265600000,0.687,0.688,0.681,0.685,1364177.88,1772269200000,934306.74092,4827,2026-02-28 08:00:00+00:00
1772269200000,0.685,0.692,0.683,0.69,1412486.27,1772272800000,971705.42603,5594,2026-02-28 09:00:00+00:00
1772272800000,0.69,0.693,0.684,0.689,1964625.01,1772276400000,1353497.77094,7257,2026-02-28 10:00:00+00:00
1772276400000,0.689,0.693,0.682,0.683,1954813.15,1772280000000,1344530.74576,6014,2026-02-28 11:00:00+00:00
1772280000000,0.683,0.688,0.682,0.687,1248418.69,1772283600000,855274.78764,4466,2026-02-28 12:00:00+00:00
1772283600000,0.687,0.7,0.683,0.698,2535063.62,1772287200000,1755360.61227,8790,2026-02-28 13:00:00+00:00
1772287200000,0.699,0.703,0.692,0.694,1901759.51,1772290800000,1327346.10606,5427,2026-02-28 14:00:00+00:00
1772290800000,0.694,0.703,0.693,0.702,1187188.72,1772294400000,829543.07034,2955,2026-02-28 15:00:00+00:00
1772294400000,0.702,0.702,0.696,0.698,465636.13,1772298000000,325841.74832,1521,2026-02-28 16:00:00+00:00
1772298000000,0.699,0.703,0.695,0.702,612609.07,1772301600000,427836.68327,2193,2026-02-28 17:00:00+00:00
1772301600000,0.702,0.71,0.699,0.708,991596.74,1772305200000,698053.63663,2820,2026-02-28 18:00:00+00:00
1772305200000,0.709,0.713,0.704,0.706,1190434.37,1772308800000,842936.59503,3430,2026-02-28 19:00:00+00:00
1772308800000,0.706,0.716,0.705,0.714,753616.81,1772312400000,535396.46228,2635,2026-02-28 20:00:00+00:00
1772312400000,0.715,0.716,0.708,0.713,597297.16,1772316000000,425139.09528,2066,2026-02-28 21:00:00+00:00
1772316000000,0.714,0.721,0.713,0.715,788454.51,1772319600000,565399.17385,2520,2026-02-28 22:00:00+00:00
1772319600000,0.716,0.724,0.714,0.722,873416.25,1772323200000,628369.97537,2201,2026-02-28 23:00:00+00:00
1772323200000,0.723,0.725,0.714,0.715,981820.73,1772326799999,706314.20215,2457,2026-03-01 00:00:00+00:00
1772326800000,0.715,0.725,0.71,0.722,1208159.38,1772330399999,866858.40524,3907,2026-03-01 01:00:00+00:00
1772330400000,0.722,0.739,0.722,0.728,2827376.95,1772333999999,2070505.97161,7600,2026-03-01 02:00:00+00:00
1772334000000,0.728,0.736,0.727,0.728,1024444.85,1772337599999,749263.11725,3035,2026-03-01 03:00:00+00:00
1772337600000,0.729,0.732,0.723,0.727,1135293.26,1772341199999,825863.93981,2651,2026-03-01 04:00:00+00:00
1772341200000,0.728,0.732,0.726,0.73,281624.74,1772344799999,205247.23941,1042,2026-03-01 05:00:00+00:00
1772344800000,0.73,0.731,0.722,0.725,702259.63,1772348399999,509197.61121,2001,2026-03-01 06:00:00+00:00
1772348400000,0.726,0.726,0.72,0.722,486275.3,1772351999999,351277.1115,1101,2026-03-01 07:00:00+00:00
1772352000000,0.722,0.722,0.712,0.713,1229495.31,1772355599999,881621.0011,3224,2026-03-01 08:00:00+00:00
1772355600000,0.713,0.719,0.711,0.714,661747.04,1772359199999,473086.79531,2078,2026-03-01 09:00:00+00:00
1772359200000,0.714,0.721,0.711,0.719,1023610.39,1772362799999,734037.93838,2299,2026-03-01 10:00:00+00:00
1772362800000,0.719,0.719,0.712,0.713,838175.68,1772366399999,598929.95631,1469,2026-03-01 11:00:00+00:00
1772366400000,0.713,0.713,0.706,0.707,550628.33,1772369999999,390822.5799,1402,2026-03-01 12:00:00+00:00
1772370000000,0.707,0.719,0.699,0.713,4826274.98,1772373599999,3440065.85086,6533,2026-03-01 13:00:00+00:00
1772373600000,0.714,0.716,0.708,0.712,664477.12,1772377199999,473290.04519,2640,2026-03-01 14:00:00+00:00
1772377200000,0.712,0.722,0.711,0.716,878488.52,1772380799999,630116.60233,2235,2026-03-01 15:00:00+00:00
1772380800000,0.717,0.724,0.715,0.718,1156558.69,1772384399999,832843.09561,3893,2026-03-01 16:00:00+00:00
1772384400000,0.718,0.718,0.708,0.708,775014.46,1772387999999,551661.41037,2715,2026-03-01 17:00:00+00:00
1772388000000,0.708,0.715,0.708,0.711,535316.5,1772391599999,381417.41232,1891,2026-03-01 18:00:00+00:00
1772391600000,0.711,0.711,0.703,0.706,672451.23,1772395199999,475441.28785,1731,2026-03-01 19:00:00+00:00
1772395200000,0.706,0.708,0.698,0.699,1983482.05,1772398799999,1390355.10813,4077,2026-03-01 20:00:00+00:00
1772398800000,0.7,0.706,0.699,0.704,372858.17,1772402399999,261984.11664,1438,2026-03-01 21:00:00+00:00
1772402400000,0.704,0.712,0.701,0.702,1335646.49,1772405999999,943176.66039,3806,2026-03-01 22:00:00+00:00
1772406000000,0.702,0.71,0.701,0.71,779349.02,1772409599999,550927.52868,1625,2026-03-01 23:00:00+00:00
1772409600000,0.709,0.718,0.709,0.715,1085516.56,1772413199999,774419.26575,2860,2026-03-02 00:00:00+00:00
1772413200000,0.714,0.72,0.712,0.712,707522.84,1772416799999,506069.41585,2080,2026-03-02 01:00:00+00:00
1772416800000,0.712,0.713,0.705,0.705,651452.62,1772420399999,460727.1205,1899,2026-03-02 02:00:00+00:00
1772420400000,0.705,0.708,0.701,0.706,925750.03,1772423999999,653147.96189,2041,2026-03-02 03:00:00+00:00
1772424000000,0.707,0.707,0.704,0.705,399406.83,1772427599999,281916.45961,885,2026-03-02 04:00:00+00:00
1772427600000,0.705,0.707,0.702,0.703,359867.21,1772431199999,253324.33228,947,2026-03-02 05:00:00+00:00
1772431200000,0.703,0.703,0.694,0.696,845831.38,1772434799999,589295.43568,1920,2026-03-02 06:00:00+00:00
1772434800000,0.696,0.698,0.69,0.698,968715.05,1772438399999,670684.82707,1921,2026-03-02 07:00:00+00:00
1772438400000,0.697,0.7,0.692,0.699,645840.26,1772441999999,448937.77715,1758,2026-03-02 08:00:00+00:00
1772442000000,0.699,0.703,0.697,0.698,635605.78,1772445599999,444875.1362,1451,2026-03-02 09:00:00+00:00
1772445600000,0.698,0.701,0.696,0.701,407698.03,1772449199999,284512.86532,821,2026-03-02 10:00:00+00:00
1772449200000,0.7,0.703,0.698,0.702,416635.73,1772452799999,291833.56812,987,2026-03-02 11:00:00+00:00
1772452800000,0.701,0.702,0.696,0.697,492230.33,1772456399999,343127.77599,800,2026-03-02 12:00:00+00:00
1772456400000,0.697,0.698,0.693,0.693,1179851.72,1772459999999,820820.73302,1678,2026-03-02 13:00:00+00:00
1772460000000,0.693,0.71,0.691,0.707,2246152.3,1772463599999,1579010.81508,4650,2026-03-02 14:00:00+00:00
1772463600000,0.706,0.72,0.705,0.714,3442128.99,1772467199999,2459687.18367,6770,2026-03-02 15:00:00+00:00
1772467200000,0.715,0.724,0.71,0.714,4311768.57,1772470799999,3089315.05235,7512,2026-03-02 16:00:00+00:00
1772470800000,0.715,0.717,0.705,0.713,1383291.77,1772474399999,985914.05739,2855,2026-03-02 17:00:00+00:00
1772474400000,0.713,0.713,0.694,0.697,7484166.33,1772477999999,5251391.41633,9074,2026-03-02 18:00:00+00:00
1772478000000,0.697,0.697,0.67,0.679,13817381.05,1772481599999,9459025.93192,19713,2026-03-02 19:00:00+00:00
1772481600000,0.679,0.688,0.678,0.684,3335037.75,1772485199999,2278659.59096,4660,2026-03-02 20:00:00+00:00
1772485200000,0.684,0.696,0.682,0.695,2136416.28,1772488799999,1475555.81492,3039,2026-03-02 21:00:00+00:00
1772488800000,0.695,0.699,0.694,0.696,946468.67,1772492399999,659011.18599,1302,2026-03-02 22:00:00+00:00
1772492400000,0.696,0.697,0.692,0.695,1220580.23,1772495999999,846989.67294,1954,2026-03-02 23:00:00+00:00
1772496000000,0.694,0.7,0.693,0.695,900710.35,1772499599999,627275.88825,1733,2026-03-03 00:00:00+00:00
1772499600000,0.695,0.701,0.693,0.699,734311.28,1772503199999,511308.51275,1545,2026-03-03 01:00:00+00:00
1772503200000,0.698,0.706,0.695,0.703,894470.49,1772506799999,625791.87591,1923,2026-03-03 02:00:00+00:00
1772506800000,0.704,0.705,0.7,0.702,584377.76,1772510399999,410498.88856,948,2026-03-03 03:00:00+00:00
1772510400000,0.703,0.706,0.695,0.697,788650.96,1772513999999,552229.33036,1481,2026-03-03 04:00:00+00:00
1772514000000,0.696,0.703,0.693,0.697,742616.53,1772517599999,518317.41178,1647,2026-03-03 05:00:00+00:00
1772517600000,0.697,0.699,0.694,0.696,396480.31,1772521199999,276084.41538,1085,2026-03-03 06:00:00+00:00
1772521200000,0.696,0.7,0.696,0.696,288558.04,1772524799999,201255.09799,829,2026-03-03 07:00:00+00:00
1772524800000,0.696,0.697,0.689,0.69,1207455.84,1772528399999,835565.38213,2301,2026-03-03 08:00:00+00:00
1772528400000,0.69,0.695,0.688,0.693,1076993.53,1772531999999,744896.33166,2482,2026-03-03 09:00:00+00:00
1772532000000,0.692,0.699,0.689,0.697,815370.35,1772535599999,565472.6238,2368,2026-03-03 10:00:00+00:00
1772535600000,0.697,0.7,0.696,0.699,684812.31,1772539199999,478013.45293,1437,2026-03-03 11:00:00+00:00
1772539200000,0.699,0.703,0.695,0.696,773879.48,1772542799999,540392.80695,1807,2026-03-03 12:00:00+00:00
1772542800000,0.696,0.698,0.693,0.697,420213.49,1772546399999,292018.84306,1100,2026-03-03 13:00:00+00:00
1772546400000,0.696,0.703,0.692,0.695,1201312.43,1772549999999,839242.7893,3332,2026-03-03 14:00:00+00:00
1772550000000,0.695,0.704,0.693,0.698,512260.12,1772553599999,357884.32631,2920,2026-03-03 15:00:00+00:00
1772553600000,0.699,0.706,0.696,0.7,911532.17,1772557199999,639772.41192,4060,2026-03-03 16:00:00+00:00
1772557200000,0.7,0.7,0.693,0.698,558326.4,1772560799999,388618.15472,1909,2026-03-03 17:00:00+00:00
1772560800000,0.699,0.702,0.696,0.699,435016.74,1772564399999,304164.95088,1303,2026-03-03 18:00:00+00:00
1772564400000,0.7,0.7,0.694,0.695,330927.52,1772567999999,230511.48715,1099,2026-03-03 19:00:00+00:00
1772568000000,0.695,0.696,0.692,0.695,282388.2,1772571599999,196130.8568,788,2026-03-03 20:00:00+00:00
1772571600000,0.695,0.695,0.692,0.695,194613.43,1772575199999,135040.9293,687,2026-03-03 21:00:00+00:00
1772575200000,0.695,0.697,0.692,0.695,496541.22,1772578799999,344933.41395,1319,2026-03-03 22:00:00+00:00
1772578800000,0.694,0.699,0.694,0.696,510157.47,1772582399999,355750.30883,1025,2026-03-03 23:00:00+00:00
1772582400000,0.696,0.7,0.694,0.696,537035.47,1772585999999,374198.29983,1085,2026-03-04 00:00:00+00:00
1772586000000,0.697,0.701,0.695,0.696,541737.74,1772589599999,377827.23373,1094,2026-03-04 01:00:00+00:00
1772589600000,0.697,0.7,0.695,0.7,236430.48,1772593199999,164932.65144,533,2026-03-04 02:00:00+00:00
1772593200000,0.699,0.701,0.694,0.698,537795.98,1772596799999,375000.26709,1276,2026-03-04 03:00:00+00:00
1772596800000,0.698,0.698,0.695,0.696,193532.59,1772600399999,134782.55089,478,2026-03-04 04:00:00+00:00
1772600400000,0.697,0.7,0.694,0.698,232175.12,1772603999999,161889.22092,699,2026-03-04 05:00:00+00:00
1772604000000,0.698,0.699,0.696,0.697,200184.08,1772607599999,139609.07122,436,2026-03-04 06:00:00+00:00
1772607600000,0.696,0.704,0.696,0.703,751873.14,1772611199999,525764.32204,1362,2026-03-04 07:00:00+00:00
1772611200000,0.703,0.71,0.697,0.709,1316449.91,1772614799999,927386.18476,2968,2026-03-04 08:00:00+00:00
1772614800000,0.709,0.715,0.706,0.71,2305119.89,1772618399999,1637383.96225,4724,2026-03-04 09:00:00+00:00
1772618400000,0.71,0.711,0.705,0.709,1108447.21,1772621999999,785112.50611,2334,2026-03-04 10:00:00+00:00
1772622000000,0.709,0.711,0.706,0.71,856163.57,1772625599999,607050.47168,1479,2026-03-04 11:00:00+00:00
1772625600000,0.71,0.724,0.709,0.722,1917331.5,1772629199999,1375031.67836,3732,2026-03-04 12:00:00+00:00
1772629200000,0.722,0.726,0.713,0.717,2089505.85,1772632799999,1502389.41507,3687,2026-03-04 13:00:00+00:00
1772632800000,0.717,0.723,0.712,0.713,2065666.49,1772636399999,1480635.95278,4108,2026-03-04 14:00:00+00:00
1772636400000,0.714,0.728,0.712,0.727,2848793.6,1772639999999,2047286.24257,4496,2026-03-04 15:00:00+00:00
1772640000000,0.728,0.732,0.718,0.729,2375979.77,1772643599999,1723442.08211,4727,2026-03-04 16:00:00+00:00
1772643600000,0.729,0.734,0.723,0.724,1718148.55,1772647199999,1251820.60935,2912,2026-03-04 17:00:00+00:00
1772647200000,0.724,0.731,0.724,0.729,847547.89,1772650799999,616682.30439,1526,2026-03-04 18:00:00+00:00
1772650800000,0.73,0.733,0.725,0.729,827522.53,1772654399999,604284.43853,2269,2026-03-04 19:00:00+00:00
1772654400000,0.729,0.729,0.719,0.72,1052723.24,1772657999999,761325.53596,2403,2026-03-04 20:00:00+00:00
1772658000000,0.72,0.723,0.717,0.723,379084.86,1772661599999,272884.25453,874,2026-03-04 21:00:00+00:00
1772661600000,0.723,0.725,0.716,0.718,496559.31,1772665199999,357775.63934,1309,2026-03-04 22:00:00+00:00
1772665200000,0.717,0.722,0.715,0.721,802804.87,1772668799999,577542.03156,1508,2026-03-04 23:00:00+00:00
1772668800000,0.721,0.722,0.717,0.719,784706.84,1772672399999,564431.57191,1310,2026-03-05 00:00:00+00:00
1772672400000,0.718,0.721,0.71,0.712,1164158.27,1772675999999,832079.48806,1895,2026-03-05 01:00:00+00:00
1772676000000,0.711,0.715,0.711,0.714,610500.81,1772679599999,435494.91472,1101,2026-03-05 02:00:00+00:00
1772679600000,0.714,0.718,0.714,0.716,416983.03,1772683199999,298368.67928,704,2026-03-05 03:00:00+00:00
1772683200000,0.716,0.72,0.715,0.72,477119.9,1772686799999,342216.36537,994,2026-03-05 04:00:00+00:00
1772686800000,0.72,0.722,0.716,0.717,713525.69,1772690399999,512859.29275,1162,2026-03-05 05:00:00+00:00
1772690400000,0.717,0.722,0.711,0.722,958684.35,1772693999999,687149.03047,1682,2026-03-05 06:00:00+00:00
1772694000000,0.722,0.725,0.714,0.716,881906.64,1772697599999,634834.09853,1847,2026-03-05 07:00:00+00:00
1772697600000,0.716,0.721,0.713,0.721,902756.97,1772701199999,647577.03246,1445,2026-03-05 08:00:00+00:00
1772701200000,0.721,0.726,0.72,0.722,1245100.11,1772704799999,900791.35822,2444,2026-03-05 09:00:00+00:00
1772704800000,0.722,0.738,0.72,0.737,1951911.8,1772708399999,1424713.2915,4409,2026-03-05 10:00:00+00:00
1772708400000,0.737,0.762,0.736,0.752,9272333.44,1772711999999,6960728.4753,24834,2026-03-05 11:00:00+00:00
1772712000000,0.753,0.764,0.748,0.757,4173965.99,1772715599999,3154784.51952,11500,2026-03-05 12:00:00+00:00
1772715600000,0.757,0.767,0.732,0.737,4689335.33,1772719199999,3506151.8173,11233,2026-03-05 13:00:00+00:00
1772719200000,0.738,0.74,0.726,0.732,4056695.56,1772722799999,2974765.8727,12088,2026-03-05 14:00:00+00:00
1772722800000,0.733,0.739,0.725,0.734,3769398.79,1772726399999,2759779.47427,9672,2026-03-05 15:00:00+00:00
1772726400000,0.735,0.735,0.719,0.727,2459331.6,1772729999999,1784617.3437,5856,2026-03-05 16:00:00+00:00
1772730000000,0.727,0.728,0.713,0.713,1346425.17,1772733599999,968830.04435,4455,2026-03-05 17:00:00+00:00
1772733600000,0.714,0.714,0.703,0.706,2878968.38,1772737199999,2034800.09326,6300,2026-03-05 18:00:00+00:00
1772737200000,0.706,0.711,0.706,0.708,734502.75,1772740799999,520421.63187,1951,2026-03-05 19:00:00+00:00
1772740800000,0.707,0.713,0.706,0.709,591056.2,1772744399999,419792.49863,2131,2026-03-05 20:00:00+00:00
1772744400000,0.709,0.714,0.705,0.708,1092981.03,1772747999999,774347.65546,2465,2026-03-05 21:00:00+00:00
1772748000000,0.709,0.711,0.706,0.709,775878.62,1772751599999,549404.96026,1503,2026-03-05 22:00:00+00:00
1772751600000,0.709,0.71,0.702,0.705,712649.26,1772755199999,503445.88268,2044,2026-03-05 23:00:00+00:00
1772755200000,0.704,0.705,0.694,0.698,1660481.75,1772758799999,1158854.97527,3388,2026-03-06 00:00:00+00:00
1772758800000,0.698,0.704,0.694,0.704,1378964.33,1772762399999,961254.21226,2122,2026-03-06 01:00:00+00:00
1772762400000,0.703,0.706,0.7,0.706,493154.5,1772765999999,346630.89228,1184,2026-03-06 02:00:00+00:00
1772766000000,0.705,0.709,0.701,0.703,781709.2,1772769599999,550182.96265,1550,2026-03-06 03:00:00+00:00
1772769600000,0.703,0.705,0.699,0.705,1056018.26,1772773199999,740904.59812,1965,2026-03-06 04:00:00+00:00
1772773200000,0.704,0.704,0.698,0.703,845473.97,1772776799999,593444.70376,1605,2026-03-06 05:00:00+00:00
1772776800000,0.702,0.715,0.701,0.71,1080234.24,1772780399999,764742.62353,2616,2026-03-06 06:00:00+00:00
1772780400000,0.71,0.713,0.708,0.712,667776.37,1772783999999,474294.28002,2085,2026-03-06 07:00:00+00:00
1772784000000,0.712,0.713,0.706,0.707,522036.8,1772787599999,369761.49252,1607,2026-03-06 08:00:00+00:00
1772787600000,0.708,0.709,0.697,0.701,904940.41,1772791199999,634620.75076,2364,2026-03-06 09:00:00+00:00
1772791200000,0.701,0.706,0.699,0.705,1173230.45,1772794799999,823112.71805,2896,2026-03-06 10:00:00+00:00
1772794800000,0.705,0.705,0.698,0.7,909408.38,1772798399999,637128.60246,2503,2026-03-06 11:00:00+00:00
1772798400000,0.7,0.701,0.696,0.701,1093049.6,1772801999999,763723.56576,2714,2026-03-06 12:00:00+00:00
1772802000000,0.701,0.704,0.687,0.689,2370274.68,1772805599999,1648764.12631,5358,2026-03-06 13:00:00+00:00
1772805600000,0.689,0.696,0.686,0.691,2517345.96,1772809199999,1737109.00978,6578,2026-03-06 14:00:00+00:00
1772809200000,0.69,0.697,0.687,0.691,1803727.44,1772812799999,1248175.94881,3462,2026-03-06 15:00:00+00:00
1772812800000,0.691,0.694,0.687,0.692,710757.8,1772816399999,490671.88024,2077,2026-03-06 16:00:00+00:00
1772816400000,0.692,0.695,0.688,0.695,1050216.3,1772819999999,725753.66093,2351,2026-03-06 17:00:00+00:00
1772820000000,0.694,0.703,0.694,0.701,879052.86,1772823599999,614003.37036,2028,2026-03-06 18:00:00+00:00
1772823600000,0.701,0.705,0.7,0.701,504207.46,1772827199999,354339.35565,1176,2026-03-06 19:00:00+00:00
1772827200000,0.7,0.705,0.699,0.701,486678.35,1772830799999,341652.60731,1254,2026-03-06 20:00:00+00:00
1772830800000,0.701,0.705,0.701,0.702,518920.75,1772834399999,364493.11756,1238,2026-03-06 21:00:00+00:00
1772834400000,0.703,0.705,0.7,0.701,1007142.87,1772837999999,707152.28022,2123,2026-03-06 22:00:00+00:00
1772838000000,0.701,0.703,0.699,0.701,413159.41,1772841599999,289626.13461,654,2026-03-06 23:00:00+00:00
1772841600000,0.702,0.705,0.699,0.703,465044.04,1772845199999,326728.49607,853,2026-03-07 00:00:00+00:00
1772845200000,0.704,0.704,0.7,0.701,459110.58,1772848799999,322244.3369,724,2026-03-07 01:00:00+00:00
1772848800000,0.702,0.704,0.699,0.702,385435.61,1772852399999,270152.5085,566,2026-03-07 02:00:00+00:00
1772852400000,0.702,0.704,0.699,0.702,472833.98,1772855999999,331677.4128,1016,2026-03-07 03:00:00+00:00
1772856000000,0.701,0.703,0.698,0.698,686606.28,1772859599999,480818.40691,1048,2026-03-07 04:00:00+00:00
1772859600000,0.698,0.701,0.697,0.698,452897.08,1772863199999,316473.85003,756,2026-03-07 05:00:00+00:00
1772863200000,0.698,0.698,0.691,0.693,817849.65,1772866799999,568166.85724,1586,2026-03-07 06:00:00+00:00
1772866800000,0.694,0.696,0.692,0.696,492468.51,1772870399999,341758.34229,1086,2026-03-07 07:00:00+00:00
1772870400000,0.695,0.697,0.694,0.695,376443.07,1772873999999,261884.54139,887,2026-03-07 08:00:00+00:00
1772874000000,0.695,0.7,0.694,0.698,299243.09,1772877599999,209059.51215,683,2026-03-07 09:00:00+00:00
1772877600000,0.699,0.7,0.697,0.697,167298.32,1772881199999,116852.76811,434,2026-03-07 10:00:00+00:00
1772881200000,0.697,0.7,0.695,0.696,321817.2,1772884799999,224555.50097,686,2026-03-07 11:00:00+00:00
1772884800000,0.696,0.697,0.694,0.696,165613.08,1772888399999,115190.03784,399,2026-03-07 12:00:00+00:00
1772888400000,0.697,0.697,0.695,0.696,240237.94,1772891999999,167147.09915,506,2026-03-07 13:00:00+00:00
1772892000000,0.695,0.699,0.692,0.697,315250.46,1772895599999,218873.15583,833,2026-03-07 14:00:00+00:00
1772895600000,0.697,0.698,0.69,0.693,399466.08,1772899199999,277177.49808,747,2026-03-07 15:00:00+00:00
1772899200000,0.694,0.694,0.691,0.694,239624.55,1772902799999,166019.73201,515,2026-03-07 16:00:00+00:00
1772902800000,0.693,0.696,0.693,0.694,130600.78,1772906399999,90703.19704,417,2026-03-07 17:00:00+00:00
1772906400000,0.694,0.695,0.691,0.694,306451.72,1772909999999,212383.41762,763,2026-03-07 18:00:00+00:00
1772910000000,0.693,0.694,0.689,0.689,400570.35,1772913599999,276766.9294,800,2026-03-07 19:00:00+00:00
1772913600000,0.689,0.692,0.686,0.691,561165.67,1772917199999,386452.14162,1425,2026-03-07 20:00:00+00:00
1772917200000,0.691,0.692,0.689,0.69,153290.84,1772920799999,105811.4902,349,2026-03-07 21:00:00+00:00
1772920800000,0.691,0.692,0.688,0.69,325256.43,1772924399999,224373.20137,769,2026-03-07 22:00:00+00:00
1772924400000,0.69,0.695,0.69,0.691,130125.59,1772927999999,90097.48884,380,2026-03-07 23:00:00+00:00
1772928000000,0.691,0.693,0.686,0.687,775709.32,1772931599999,534154.08947,878,2026-03-08 00:00:00+00:00
1772931600000,0.687,0.691,0.686,0.688,430520.21,1772935199999,296399.03872,741,2026-03-08 01:00:00+00:00
1772935200000,0.688,0.689,0.681,0.683,704313.68,1772938799999,482392.00536,1291,2026-03-08 02:00:00+00:00
1772938800000,0.682,0.687,0.682,0.686,226349.7,1772942399999,154863.73543,573,2026-03-08 03:00:00+00:00
1772942400000,0.686,0.687,0.682,0.683,263788.24,1772945999999,180517.94748,723,2026-03-08 04:00:00+00:00
1772946000000,0.683,0.689,0.683,0.688,180125.31,1772949599999,123766.28752,609,2026-03-08 05:00:00+00:00
1772949600000,0.688,0.689,0.684,0.685,212962.91,1772953199999,146057.42612,507,2026-03-08 06:00:00+00:00
1772953200000,0.686,0.69,0.685,0.687,262632.28,1772956799999,180551.16077,674,2026-03-08 07:00:00+00:00
1772956800000,0.688,0.688,0.683,0.687,390221.67,1772960399999,267421.09837,706,2026-03-08 08:00:00+00:00
1772960400000,0.688,0.69,0.685,0.685,548822.56,1772963999999,377325.28131,997,2026-03-08 09:00:00+00:00
1772964000000,0.686,0.691,0.686,0.69,347177.3,1772967599999,239333.36119,693,2026-03-08 10:00:00+00:00
1772967600000,0.69,0.69,0.681,0.684,970999.55,1772971199999,664570.59225,1785,2026-03-08 11:00:00+00:00
1772971200000,0.684,0.685,0.677,0.681,1352267.67,1772974799999,920014.3684,2402,2026-03-08 12:00:00+00:00
1772974800000,0.681,0.688,0.679,0.688,772821.02,1772978399999,527648.59506,1600,2026-03-08 13:00:00+00:00
1772978400000,0.687,0.69,0.683,0.686,393632.84,1772981999999,270173.77007,749,2026-03-08 14:00:00+00:00
1772982000000,0.685,0.686,0.683,0.686,303021.94,1772985599999,207370.50236,757,2026-03-08 15:00:00+00:00
1772985600000,0.686,0.686,0.682,0.683,339420.53,1772989199999,232057.09291,982,2026-03-08 16:00:00+00:00
1772989200000,0.683,0.688,0.682,0.685,351223.66,1772992799999,240547.84363,896,2026-03-08 17:00:00+00:00
1772992800000,0.686,0.686,0.675,0.685,1628786.74,1772996399999,1108272.38262,2311,2026-03-08 18:00:00+00:00
1772996400000,0.685,0.691,0.684,0.691,934012.35,1772999999999,643850.06417,1091,2026-03-08 19:00:00+00:00
1773000000000,0.691,0.693,0.688,0.69,486859.77,1773003599999,335963.87406,773,2026-03-08 20:00:00+00:00
1773003600000,0.69,0.69,0.685,0.685,384498.97,1773007199999,264173.222,963,2026-03-08 21:00:00+00:00
1773007200000,0.685,0.688,0.673,0.685,2117586.55,1773010799999,1441572.92049,4804,2026-03-08 22:00:00+00:00
1773010800000,0.686,0.689,0.684,0.685,521226.31,1773014399999,357594.11262,1033,2026-03-08 23:00:00+00:00
1773014400000,0.685,0.696,0.685,0.69,1195394.08,1773017999999,826165.65098,2395,2026-03-09 00:00:00+00:00
1773018000000,0.69,0.691,0.687,0.687,391610.62,1773021599999,270018.63457,982,2026-03-09 01:00:00+00:00
1773021600000,0.687,0.694,0.685,0.69,568084.7,1773025199999,391197.37192,1309,2026-03-09 02:00:00+00:00
1773025200000,0.691,0.699,0.691,0.694,1094487.07,1773028799999,760109.56062,2175,2026-03-09 03:00:00+00:00
1773028800000,0.695,0.697,0.692,0.692,442227.02,1773032399999,307475.32751,854,2026-03-09 04:00:00+00:00
1773032400000,0.692,0.703,0.692,0.702,792987.0,1773035999999,553580.13392,2035,2026-03-09 05:00:00+00:00
1773036000000,0.702,0.702,0.695,0.698,511529.12,1773039599999,357171.83653,1023,2026-03-09 06:00:00+00:00
1773039600000,0.698,0.7,0.695,0.699,694833.31,1773043199999,484213.91475,1308,2026-03-09 07:00:00+00:00
1773043200000,0.699,0.706,0.698,0.703,678937.89,1773046799999,477148.1597,1712,2026-03-09 08:00:00+00:00
1773046800000,0.703,0.705,0.699,0.702,1587878.69,1773050399999,1115423.26967,2518,2026-03-09 09:00:00+00:00
1773050400000,0.703,0.706,0.699,0.7,878906.39,1773053999999,617270.2587,1675,2026-03-09 10:00:00+00:00
1773054000000,0.7,0.702,0.695,0.698,654302.12,1773057599999,456827.79427,1366,2026-03-09 11:00:00+00:00
1773057600000,0.699,0.706,0.698,0.703,1023697.91,1773061199999,719030.15201,1568,2026-03-09 12:00:00+00:00
1773061200000,0.703,0.71,0.702,0.708,1614697.53,1773064799999,1142093.36512,2273,2026-03-09 13:00:00+00:00
1773064800000,0.708,0.71,0.705,0.706,920120.94,1773068399999,650717.71672,1917,2026-03-09 14:00:00+00:00
1773068400000,0.706,0.707,0.698,0.702,1005008.76,1773071999999,705070.36571,2088,2026-03-09 15:00:00+00:00
1773072000000,0.702,0.704,0.7,0.703,547070.61,1773075599999,384263.6613,1057,2026-03-09 16:00:00+00:00
1773075600000,0.703,0.704,0.699,0.702,390560.5,1773079199999,273949.31834,849,2026-03-09 17:00:00+00:00
1773079200000,0.702,0.704,0.698,0.702,382501.22,1773082799999,268342.41621,765,2026-03-09 18:00:00+00:00
1773082800000,0.702,0.709,0.701,0.706,1137186.06,1773086399999,802811.85582,2077,2026-03-09 19:00:00+00:00
1773086400000,0.706,0.707,0.703,0.706,259397.35,1773089999999,182778.52884,550,2026-03-09 20:00:00+00:00
1773090000000,0.706,0.707,0.704,0.706,451632.18,1773093599999,318458.02335,760,2026-03-09 21:00:00+00:00
1773093600000,0.707,0.708,0.704,0.704,446385.62,1773097199999,315243.68845,777,2026-03-09 22:00:00+00:00
1773097200000,0.705,0.705,0.701,0.702,482973.27,1773100799999,339509.52738,729,2026-03-09 23:00:00+00:00
1773100800000,0.701,0.709,0.7,0.705,573139.36,1773104399999,403583.34438,1152,2026-03-10 00:00:00+00:00
1773104400000,0.705,0.706,0.7,0.704,206208.4,1773107999999,144975.92385,605,2026-03-10 01:00:00+00:00
1773108000000,0.703,0.71,0.702,0.709,728647.33,1773111599999,515327.318,1526,2026-03-10 02:00:00+00:00
1773111600000,0.709,0.71,0.703,0.707,561250.56,1773115199999,396794.99687,988,2026-03-10 03:00:00+00:00
1773115200000,0.706,0.708,0.704,0.706,647961.35,1773118799999,457374.29116,811,2026-03-10 04:00:00+00:00
1773118800000,0.705,0.707,0.704,0.706,535425.45,1773122399999,377903.68388,1025,2026-03-10 05:00:00+00:00
1773122400000,0.706,0.707,0.699,0.705,2295575.43,1773125999999,1614176.23917,2846,2026-03-10 06:00:00+00:00
1773126000000,0.704,0.707,0.703,0.704,326919.28,1773129599999,230472.76102,786,2026-03-10 07:00:00+00:00
1773129600000,0.704,0.712,0.703,0.708,2066638.94,1773133199999,1463605.87536,2833,2026-03-10 08:00:00+00:00
1773133200000,0.709,0.71,0.707,0.708,402259.08,1773136799999,284855.33258,736,2026-03-10 09:00:00+00:00
1773136800000,0.708,0.709,0.704,0.706,405561.38,1773140399999,286293.31827,785,2026-03-10 10:00:00+00:00
1773140400000,0.705,0.709,0.705,0.706,400201.75,1773143999999,282977.97108,1143,2026-03-10 11:00:00+00:00
1773144000000,0.706,0.707,0.704,0.705,569044.65,1773147599999,401661.3027,1114,2026-03-10 12:00:00+00:00
1773147600000,0.705,0.707,0.693,0.698,2368135.07,1773151199999,1659094.57136,3142,2026-03-10 13:00:00+00:00
1773151200000,0.698,0.707,0.694,0.707,1144604.39,1773154799999,801875.93994,2923,2026-03-10 14:00:00+00:00
1773154800000,0.707,0.708,0.701,0.706,1245133.47,1773158399999,877381.70951,2402,2026-03-10 15:00:00+00:00
1773158400000,0.705,0.708,0.703,0.707,607856.09,1773161999999,428755.43715,1201,2026-03-10 16:00:00+00:00
1773162000000,0.708,0.711,0.706,0.71,986697.79,1773165599999,698996.01573,1532,2026-03-10 17:00:00+00:00
1773165600000,0.71,0.711,0.703,0.705,750715.85,1773169199999,530144.4851,1657,2026-03-10 18:00:00+00:00
1773169200000,0.706,0.706,0.697,0.699,615980.04,1773172799999,431598.00654,1320,2026-03-10 19:00:00+00:00
1773172800000,0.699,0.703,0.699,0.703,307013.26,1773176399999,215309.74935,629,2026-03-10 20:00:00+00:00
1773176400000,0.704,0.705,0.697,0.698,593722.77,1773179999999,416157.22419,1493,2026-03-10 21:00:00+00:00
1773180000000,0.699,0.701,0.698,0.7,870838.31,1773183599999,609070.38413,1069,2026-03-10 22:00:00+00:00
1773183600000,0.7,0.703,0.7,0.702,280858.83,1773187199999,197115.35662,480,2026-03-10 23:00:00+00:00
1773187200000,0.702,0.704,0.699,0.701,788456.64,1773190799999,553077.6386,1579,2026-03-11 00:00:00+00:00
1773190800000,0.701,0.705,0.699,0.703,759555.16,1773194399999,533433.50345,1098,2026-03-11 01:00:00+00:00
1773194400000,0.703,0.704,0.698,0.7,526281.57,1773197999999,368622.2432,798,2026-03-11 02:00:00+00:00
1773198000000,0.7,0.701,0.695,0.696,445389.2,1773201599999,310458.9308,762,2026-03-11 03:00:00+00:00
1773201600000,0.696,0.702,0.694,0.7,552954.57,1773205199999,386095.56186,963,2026-03-11 04:00:00+00:00
1773205200000,0.701,0.701,0.693,0.695,479405.26,1773208799999,333790.00695,836,2026-03-11 05:00:00+00:00
1773208800000,0.695,0.697,0.693,0.696,465618.34,1773212399999,323757.53238,587,2026-03-11 06:00:00+00:00
1773212400000,0.696,0.697,0.693,0.694,571503.28,1773215999999,396840.08795,824,2026-03-11 07:00:00+00:00
1773216000000,0.694,0.695,0.691,0.695,312553.96,1773219599999,216620.04338,706,2026-03-11 08:00:00+00:00
1773219600000,0.694,0.696,0.691,0.693,322998.72,1773223199999,223969.02437,810,2026-03-11 09:00:00+00:00
1773223200000,0.692,0.694,0.692,0.693,400808.47,1773226799999,277732.56315,697,2026-03-11 10:00:00+00:00
1773226800000,0.693,0.694,0.687,0.687,711617.31,1773230399999,490681.76365,1801,2026-03-11 11:00:00+00:00
1773230400000,0.687,0.695,0.687,0.692,558220.05,1773233999999,386333.37856,1064,2026-03-11 12:00:00+00:00
1773234000000,0.691,0.701,0.69,0.696,1459100.37,1773237599999,1015406.94857,2565,2026-03-11 13:00:00+00:00
1773237600000,0.696,0.7,0.695,0.697,780692.98,1773241199999,545198.48303,1617,2026-03-11 14:00:00+00:00
1773241200000,0.697,0.702,0.694,0.7,719165.08,1773244799999,502056.90469,1734,2026-03-11 15:00:00+00:00
1773244800000,0.699,0.706,0.699,0.704,1215457.1,1773248399999,854131.67007,2011,2026-03-11 16:00:00+00:00
1773248400000,0.704,0.708,0.703,0.705,1296808.13,1773251999999,914743.51708,1831,2026-03-11 17:00:00+00:00
1773252000000,0.705,0.707,0.701,0.702,695992.21,1773255599999,489770.34093,967,2026-03-11 18:00:00+00:00
1773255600000,0.702,0.702,0.698,0.699,502498.72,1773259199999,351980.89681,904,2026-03-11 19:00:00+00:00
1773259200000,0.7,0.702,0.699,0.701,277395.52,1773262799999,194275.26439,648,2026-03-11 20:00:00+00:00
1773262800000,0.701,0.703,0.7,0.701,654097.19,1773266399999,458743.68921,835,2026-03-11 21:00:00+00:00
1773266400000,0.702,0.705,0.698,0.703,508170.33,1773269999999,356379.13833,1048,2026-03-11 22:00:00+00:00
1773270000000,0.703,0.705,0.698,0.699,572359.45,1773273599999,401233.72342,909,2026-03-11 23:00:00+00:00
1773273600000,0.699,0.705,0.699,0.704,455190.54,1773277199999,319369.09639,865,2026-03-12 00:00:00+00:00
1773277200000,0.705,0.707,0.702,0.705,733944.2,1773280799999,517218.42555,1120,2026-03-12 01:00:00+00:00
1773280800000,0.705,0.707,0.699,0.699,768852.86,1773284399999,539905.96731,1436,2026-03-12 02:00:00+00:00
1773284400000,0.7,0.703,0.698,0.7,593770.39,1773287999999,415920.98788,929,2026-03-12 03:00:00+00:00
1773288000000,0.7,0.702,0.698,0.7,465748.37,1773291599999,326230.89119,656,2026-03-12 04:00:00+00:00
1773291600000,0.701,0.703,0.699,0.702,230908.97,1773295199999,161786.28524,468,2026-03-12 05:00:00+00:00
1773295200000,0.702,0.704,0.701,0.703,286425.16,1773298799999,201310.08983,506,2026-03-12 06:00:00+00:00
1773298800000,0.704,0.706,0.701,0.704,737096.18,1773302399999,518875.49005,973,2026-03-12 07:00:00+00:00
1773302400000,0.703,0.708,0.703,0.708,450624.12,1773305999999,317868.21037,756,2026-03-12 08:00:00+00:00
1773306000000,0.708,0.71,0.705,0.706,813871.37,1773309599999,575751.86868,1365,2026-03-12 09:00:00+00:00
1773309600000,0.706,0.708,0.705,0.708,600787.06,1773313199999,424268.03322,907,2026-03-12 10:00:00+00:00
1773313200000,0.707,0.714,0.707,0.713,1383945.09,1773316799999,982964.17346,1986,2026-03-12 11:00:00+00:00
1773316800000,0.713,0.716,0.71,0.714,742082.73,1773320399999,529289.65501,1685,2026-03-12 12:00:00+00:00
1773320400000,0.714,0.718,0.709,0.71,1240978.46,1773323999999,885642.26091,2798,2026-03-12 13:00:00+00:00
1773324000000,0.71,0.713,0.701,0.705,1729302.02,1773327599999,1219384.66342,3253,2026-03-12 14:00:00+00:00
1773327600000,0.704,0.71,0.7,0.706,958277.73,1773331199999,676107.63836,2015,2026-03-12 15:00:00+00:00
1773331200000,0.706,0.71,0.702,0.709,476345.74,1773334799999,336820.4615,1176,2026-03-12 16:00:00+00:00
1773334800000,0.71,0.711,0.706,0.708,426111.34,1773338399999,301704.33711,968,2026-03-12 17:00:00+00:00
1773338400000,0.708,0.708,0.7,0.701,1080370.58,1773341999999,760104.26345,1478,2026-03-12 18:00:00+00:00
1773342000000,0.701,0.704,0.7,0.703,793665.84,1773345599999,556747.97866,1365,2026-03-12 19:00:00+00:00
1773345600000,0.702,0.703,0.699,0.701,463033.74,1773349199999,324286.65669,869,2026-03-12 20:00:00+00:00
1773349200000,0.701,0.704,0.701,0.704,154990.38,1773352799999,108863.42421,413,2026-03-12 21:00:00+00:00
1773352800000,0.703,0.703,0.699,0.701,307582.02,1773356399999,215440.97688,611,2026-03-12 22:00:00+00:00
1773356400000,0.702,0.704,0.701,0.702,418983.79,1773359999999,294192.50039,748,2026-03-12 23:00:00+00:00
1773360000000,0.701,0.713,0.7,0.709,1766766.04,1773363599999,1252454.75495,3329,2026-03-13 00:00:00+00:00
1773363600000,0.71,0.712,0.707,0.708,738203.09,1773367199999,523734.89323,1281,2026-03-13 01:00:00+00:00
1773367200000,0.709,0.711,0.706,0.706,595715.83,1773370799999,422120.78327,859,2026-03-13 02:00:00+00:00
1773370800000,0.706,0.721,0.705,0.716,3253063.79,1773374399999,2317162.76713,5206,2026-03-13 03:00:00+00:00
1773374400000,0.716,0.719,0.712,0.716,1103572.34,1773377999999,789028.60095,1506,2026-03-13 04:00:00+00:00
1773378000000,0.717,0.718,0.712,0.714,521861.98,1773381599999,372574.98605,1125,2026-03-13 05:00:00+00:00
1773381600000,0.714,0.714,0.709,0.709,942314.04,1773385199999,669765.35376,1304,2026-03-13 06:00:00+00:00
1773385200000,0.709,0.711,0.705,0.708,1538516.28,1773388799999,1088622.73825,2019,2026-03-13 07:00:00+00:00
1773388800000,0.707,0.711,0.706,0.708,845512.23,1773392399999,599126.76728,1223,2026-03-13 08:00:00+00:00
1773392400000,0.708,0.714,0.708,0.714,603801.84,1773395999999,429658.76124,1107,2026-03-13 09:00:00+00:00
1773396000000,0.714,0.716,0.712,0.715,812686.73,1773399599999,579788.90575,1394,2026-03-13 10:00:00+00:00
1773399600000,0.715,0.716,0.712,0.716,727156.77,1773403199999,519099.42205,1766,2026-03-13 11:00:00+00:00
1773403200000,0.715,0.72,0.713,0.718,1528700.38,1773406799999,1096950.13499,1962,2026-03-13 12:00:00+00:00
1773406800000,0.717,0.724,0.716,0.719,2134071.51,1773410399999,1536406.21437,3196,2026-03-13 13:00:00+00:00
1773410400000,0.72,0.728,0.711,0.712,3345019.35,1773413999999,2407955.38617,5443,2026-03-13 14:00:00+00:00
1773414000000,0.713,0.715,0.705,0.705,1751497.44,1773417599999,1243372.65334,3633,2026-03-13 15:00:00+00:00
1773417600000,0.706,0.708,0.699,0.705,1012207.69,1773421199999,712370.11514,2465,2026-03-13 16:00:00+00:00
1773421200000,0.704,0.706,0.699,0.702,711610.97,1773424799999,499473.17442,1630,2026-03-13 17:00:00+00:00
1773424800000,0.702,0.705,0.7,0.702,312382.92,1773428399999,219475.17527,878,2026-03-13 18:00:00+00:00
1773428400000,0.703,0.703,0.699,0.7,567890.98,1773431999999,398270.67689,917,2026-03-13 19:00:00+00:00
1773432000000,0.7,0.704,0.699,0.704,318744.74,1773435599999,223678.59957,538,2026-03-13 20:00:00+00:00
1773435600000,0.704,0.705,0.7,0.7,829045.84,1773439199999,582356.03632,1331,2026-03-13 21:00:00+00:00
1773439200000,0.701,0.701,0.693,0.697,1238154.09,1773442799999,861316.51861,2680,2026-03-13 22:00:00+00:00
1773442800000,0.697,0.7,0.696,0.698,509024.55,1773446399999,355401.55715,957,2026-03-13 23:00:00+00:00
1773446400000,0.699,0.701,0.695,0.698,704893.9,1773449999999,492486.67356,1057,2026-03-14 00:00:00+00:00
1773450000000,0.698,0.7,0.694,0.698,736201.55,1773453599999,512827.36101,1360,2026-03-14 01:00:00+00:00
1773453600000,0.699,0.7,0.695,0.696,956192.69,1773457199999,666630.02313,2089,2026-03-14 02:00:00+00:00
1773457200000,0.697,0.698,0.696,0.697,736294.57,1773460799999,513305.00911,1772,2026-03-14 03:00:00+00:00
1773460800000,0.698,0.698,0.692,0.694,1043045.39,1773464399999,725485.95318,2567,2026-03-14 04:00:00+00:00
1773464400000,0.694,0.696,0.691,0.695,863370.7,1773467999999,598679.79559,1695,2026-03-14 05:00:00+00:00
1773468000000,0.695,0.695,0.691,0.694,450940.82,1773471599999,312673.99228,832,2026-03-14 06:00:00+00:00
1773471600000,0.694,0.696,0.692,0.694,260329.78,1773475199999,180613.85303,625,2026-03-14 07:00:00+00:00
1773475200000,0.694,0.696,0.693,0.694,233208.35,1773478799999,161835.73455,501,2026-03-14 08:00:00+00:00
1773478800000,0.695,0.696,0.693,0.696,160149.21,1773482399999,111301.48221,597,2026-03-14 09:00:00+00:00
1773482400000,0.695,0.696,0.693,0.693,373041.43,1773485999999,259026.08561,586,2026-03-14 10:00:00+00:00
1773486000000,0.693,0.695,0.692,0.695,249260.8,1773489599999,172891.76951,381,2026-03-14 11:00:00+00:00
1773489600000,0.694,0.698,0.693,0.697,408859.64,1773493199999,284730.21519,644,2026-03-14 12:00:00+00:00
1773493200000,0.697,0.7,0.695,0.699,488554.16,1773496799999,340921.49272,882,2026-03-14 13:00:00+00:00
1773496800000,0.698,0.7,0.697,0.697,261442.9,1773500399999,182621.10056,419,2026-03-14 14:00:00+00:00
1773500400000,0.698,0.704,0.696,0.702,424309.61,1773503999999,296691.4904,1010,2026-03-14 15:00:00+00:00
1773504000000,0.702,0.706,0.7,0.706,1053392.41,1773507599999,740575.83445,1796,2026-03-14 16:00:00+00:00
1773507600000,0.706,0.708,0.703,0.703,270906.87,1773511199999,191128.02737,1061,2026-03-14 17:00:00+00:00
1773511200000,0.703,0.711,0.703,0.709,682285.92,1773514799999,482767.52192,1946,2026-03-14 18:00:00+00:00
1773514800000,0.708,0.711,0.708,0.71,280451.55,1773518399999,199000.14326,702,2026-03-14 19:00:00+00:00
1773518400000,0.71,0.712,0.706,0.707,622577.95,1773521999999,441072.49421,1362,2026-03-14 20:00:00+00:00
1773522000000,0.707,0.712,0.706,0.709,359855.33,1773525599999,255026.72581,860,2026-03-14 21:00:00+00:00
1773525600000,0.71,0.712,0.707,0.707,534972.28,1773529199999,379681.48698,1134,2026-03-14 22:00:00+00:00
1773529200000,0.708,0.715,0.707,0.713,661446.36,1773532799999,470705.69171,1299,2026-03-14 23:00:00+00:00
1773532800000,0.713,0.716,0.706,0.706,727172.27,1773536399999,517107.88644,1537,2026-03-15 00:00:00+00:00
1773536400000,0.706,0.717,0.706,0.715,815067.74,1773539999999,581064.36146,1404,2026-03-15 01:00:00+00:00
1773540000000,0.715,0.718,0.714,0.715,565252.88,1773543599999,404976.52389,1303,2026-03-15 02:00:00+00:00
1773543600000,0.716,0.72,0.716,0.717,496987.03,1773547199999,356724.26266,877,2026-03-15 03:00:00+00:00
1773547200000,0.718,0.721,0.715,0.715,647902.51,1773550799999,465181.85425,1274,2026-03-15 04:00:00+00:00
1773550800000,0.715,0.715,0.712,0.712,380694.78,1773554399999,271744.71175,813,2026-03-15 05:00:00+00:00
1773554400000,0.713,0.717,0.713,0.715,664122.94,1773557999999,474847.37343,919,2026-03-15 06:00:00+00:00
1773558000000,0.716,0.716,0.711,0.712,350396.02,1773561599999,250195.44201,654,2026-03-15 07:00:00+00:00
1773561600000,0.712,0.717,0.712,0.717,451042.45,1773565199999,322363.77559,851,2026-03-15 08:00:00+00:00
1773565200000,0.717,0.718,0.714,0.716,230775.04,1773568799999,165266.77774,461,2026-03-15 09:00:00+00:00
1773568800000,0.716,0.718,0.715,0.716,187274.7,1773572399999,134146.03417,340,2026-03-15 10:00:00+00:00
1773572400000,0.717,0.72,0.715,0.719,317944.19,1773575999999,228235.3579,733,2026-03-15 11:00:00+00:00
1773576000000,0.719,0.72,0.715,0.716,277303.65,1773579599999,198835.6739,958,2026-03-15 12:00:00+00:00
1773579600000,0.715,0.716,0.708,0.714,633905.94,1773583199999,450768.1341,1621,2026-03-15 13:00:00+00:00
1773583200000,0.713,0.716,0.711,0.716,388218.83,1773586799999,277122.61138,760,2026-03-15 14:00:00+00:00
1773586800000,0.715,0.717,0.714,0.715,298276.85,1773590399999,213386.19536,530,2026-03-15 15:00:00+00:00
1773590400000,0.715,0.717,0.712,0.714,718560.5,1773593999999,513339.94561,1278,2026-03-15 16:00:00+00:00
1773594000000,0.714,0.717,0.711,0.715,387888.49,1773597599999,276694.75364,736,2026-03-15 17:00:00+00:00
1773597600000,0.716,0.716,0.709,0.71,297462.11,1773601199999,211834.15897,641,2026-03-15 18:00:00+00:00
1773601200000,0.71,0.712,0.709,0.711,163361.23,1773604799999,116013.46347,410,2026-03-15 19:00:00+00:00
1773604800000,0.711,0.718,0.71,0.716,479927.7,1773608399999,342913.92761,826,2026-03-15 20:00:00+00:00
1773608400000,0.715,0.72,0.715,0.718,261624.18,1773611999999,187839.37145,652,2026-03-15 21:00:00+00:00
1773612000000,0.719,0.721,0.713,0.718,946749.45,1773615599999,678903.81832,2107,2026-03-15 22:00:00+00:00
1773615600000,0.719,0.72,0.716,0.719,623419.28,1773619199999,447729.6702,1498,2026-03-15 23:00:00+00:00
1773619200000,0.719,0.721,0.718,0.719,748234.89,1773622799999,538112.81472,1380,2026-03-16 00:00:00+00:00
1773622800000,0.72,0.721,0.715,0.721,580891.75,1773626399999,417121.43357,1248,2026-03-16 01:00:00+00:00
1773626400000,0.72,0.725,0.72,0.723,590745.93,1773629999999,426572.85418,1254,2026-03-16 02:00:00+00:00
1773630000000,0.723,0.729,0.721,0.724,1600772.66,1773633599999,1160016.76467,3160,2026-03-16 03:00:00+00:00
1773633600000,0.723,0.729,0.723,0.725,1021164.18,1773637199999,740202.55866,1800,2026-03-16 04:00:00+00:00
1773637200000,0.725,0.726,0.722,0.726,1028234.64,1773640799999,743955.65013,1420,2026-03-16 05:00:00+00:00
1773640800000,0.726,0.727,0.72,0.725,1301144.3,1773644399999,940792.23629,1571,2026-03-16 06:00:00+00:00
1773644400000,0.726,0.733,0.725,0.728,1648014.16,1773647999999,1202412.90842,3286,2026-03-16 07:00:00+00:00
1773648000000,0.728,0.732,0.722,0.726,1642375.82,1773651599999,1193465.14429,2576,2026-03-16 08:00:00+00:00
1773651600000,0.725,0.727,0.723,0.726,288731.69,1773655199999,209325.07039,589,2026-03-16 09:00:00+00:00
1773655200000,0.725,0.726,0.717,0.722,2647642.73,1773658799999,1909468.43934,3870,2026-03-16 10:00:00+00:00
1773658800000,0.723,0.725,0.72,0.722,1068872.2,1773662399999,772134.68749,1618,2026-03-16 11:00:00+00:00
1773662400000,0.722,0.725,0.72,0.722,899646.58,1773665999999,650185.71845,1547,2026-03-16 12:00:00+00:00
1773666000000,0.723,0.727,0.72,0.724,815717.4,1773669599999,589886.36766,1846,2026-03-16 13:00:00+00:00
1773669600000,0.724,0.726,0.716,0.722,2093224.0,1773673199999,1508218.27947,3574,2026-03-16 14:00:00+00:00
1773673200000,0.722,0.725,0.718,0.719,1365890.21,1773676799999,986270.1951,2502,2026-03-16 15:00:00+00:00
1773676800000,0.72,0.725,0.718,0.722,739339.03,1773680399999,533028.98056,1755,2026-03-16 16:00:00+00:00
1773680400000,0.722,0.726,0.72,0.725,915302.49,1773683999999,661552.46882,1771,2026-03-16 17:00:00+00:00
1773684000000,0.724,0.73,0.723,0.726,1715090.86,1773687599999,1246188.97325,3538,2026-03-16 18:00:00+00:00
1773687600000,0.725,0.729,0.724,0.727,591270.18,1773691199999,429487.1816,1174,2026-03-16 19:00:00+00:00
1773691200000,0.728,0.731,0.724,0.731,360349.62,1773694799999,262416.64309,681,2026-03-16 20:00:00+00:00
1773694800000,0.732,0.736,0.73,0.731,1691595.93,1773698399999,1240232.76449,3226,2026-03-16 21:00:00+00:00
1773698400000,0.732,0.74,0.731,0.738,1205810.49,1773701999999,888011.42377,2589,2026-03-16 22:00:00+00:00
1773702000000,0.737,0.749,0.73,0.747,1947790.44,1773705599999,1439728.45086,4402,2026-03-16 23:00:00+00:00
1773705600000,0.747,0.76,0.742,0.748,4592931.05,1773709199999,3446761.02614,9877,2026-03-17 00:00:00+00:00
1773709200000,0.748,0.754,0.744,0.749,2298498.43,1773712799999,1721057.25711,4025,2026-03-17 01:00:00+00:00
1773712800000,0.749,0.753,0.744,0.747,1273283.15,1773716399999,951739.47038,2528,2026-03-17 02:00:00+00:00
1773716400000,0.747,0.748,0.727,0.73,3470170.23,1773719999999,2554208.67095,6724,2026-03-17 03:00:00+00:00
1773720000000,0.731,0.732,0.718,0.73,2419910.17,1773723599999,1755485.50307,5102,2026-03-17 04:00:00+00:00
1773723600000,0.73,0.732,0.723,0.73,885006.93,1773727199999,644315.58991,2125,2026-03-17 05:00:00+00:00
1773727200000,0.73,0.733,0.726,0.727,991861.48,1773730799999,723554.13991,2321,2026-03-17 06:00:00+00:00
1773730800000,0.728,0.732,0.727,0.731,460265.06,1773734399999,335938.77284,919,2026-03-17 07:00:00+00:00
1773734400000,0.732,0.739,0.732,0.733,967175.61,1773737999999,711347.04593,2157,2026-03-17 08:00:00+00:00
1773738000000,0.734,0.737,0.729,0.731,1632285.2,1773741599999,1195736.08427,3116,2026-03-17 09:00:00+00:00
1773741600000,0.731,0.732,0.727,0.731,745719.56,1773745199999,543818.29169,1638,2026-03-17 10:00:00+00:00
1773745200000,0.73,0.738,0.73,0.737,858698.08,1773748799999,630353.82041,1511,2026-03-17 11:00:00+00:00
1773748800000,0.737,0.753,0.729,0.747,3386051.78,1773752399999,2510749.79651,6372,2026-03-17 12:00:00+00:00
1773752400000,0.747,0.793,0.744,0.778,19966330.36,1773755999999,15491902.6748,44473,2026-03-17 13:00:00+00:00
1773756000000,0.778,0.78,0.755,0.763,5624796.11,1773759599999,4306434.18057,12693,2026-03-17 14:00:00+00:00
1773759600000,0.762,0.766,0.748,0.757,3177843.13,1773763199999,2404647.80759,9605,2026-03-17 15:00:00+00:00
1773763200000,0.757,0.772,0.753,0.759,6583885.56,1773766799999,5020928.69622,19027,2026-03-17 16:00:00+00:00
1773766800000,0.759,0.777,0.757,0.767,2933829.53,1773770399999,2253449.87623,9785,2026-03-17 17:00:00+00:00
1773770400000,0.767,0.77,0.759,0.767,1250095.66,1773773999999,954848.56371,3817,2026-03-17 18:00:00+00:00
1773774000000,0.767,0.773,0.763,0.766,1145094.19,1773777599999,879644.09321,4167,2026-03-17 19:00:00+00:00
1773777600000,0.766,0.78,0.763,0.769,1528076.02,1773781199999,1181109.37925,5666,2026-03-17 20:00:00+00:00
1773781200000,0.77,0.788,0.769,0.78,1598589.04,1773784799999,1245859.93435,6779,2026-03-17 21:00:00+00:00
1773784800000,0.78,0.782,0.762,0.769,1860970.1,1773788399999,1434357.67818,5261,2026-03-17 22:00:00+00:00
1773788400000,0.768,0.77,0.753,0.756,1573574.81,1773791999999,1199486.46168,3945,2026-03-17 23:00:00+00:00
1773792000000,0.755,0.757,0.735,0.744,3403922.8,1773795599999,2532827.30169,7680,2026-03-18 00:00:00+00:00
1773795600000,0.743,0.752,0.742,0.748,1269182.5,1773799199999,949569.34081,3159,2026-03-18 01:00:00+00:00
1773799200000,0.748,0.756,0.747,0.753,1053079.02,1773802799999,791741.62559,2293,2026-03-18 02:00:00+00:00
1773802800000,0.753,0.76,0.752,0.757,1421651.97,1773806399999,1075136.5725,2578,2026-03-18 03:00:00+00:00
1773806400000,0.756,0.765,0.751,0.755,1303085.18,1773809999999,986087.3298,3299,2026-03-18 04:00:00+00:00
1773810000000,0.754,0.758,0.743,0.746,1312719.29,1773813599999,986404.36575,2387,2026-03-18 05:00:00+00:00
1773813600000,0.746,0.747,0.74,0.744,1537081.45,1773817199999,1143406.96687,2521,2026-03-18 06:00:00+00:00
1773817200000,0.744,0.745,0.736,0.742,1530447.81,1773820799999,1133848.23669,2737,2026-03-18 07:00:00+00:00
1773820800000,0.742,0.742,0.734,0.735,1120011.18,1773824399999,826441.22162,2113,2026-03-18 08:00:00+00:00
1773824400000,0.736,0.736,0.725,0.731,3064964.62,1773827999999,2235497.10805,5353,2026-03-18 09:00:00+00:00
1773828000000,0.731,0.733,0.725,0.726,1504483.78,1773831599999,1096252.38341,2971,2026-03-18 10:00:00+00:00
1773831600000,0.727,0.728,0.702,0.71,5291525.14,1773835199999,3773279.55829,11335,2026-03-18 11:00:00+00:00
1773835200000,0.71,0.71,0.688,0.696,6368641.7,1773838799999,4446809.5477,12824,2026-03-18 12:00:00+00:00
1773838800000,0.696,0.699,0.686,0.691,4506967.41,1773842399999,3122736.9529,8795,2026-03-18 13:00:00+00:00
1773842400000,0.692,0.695,0.676,0.679,4309636.4,1773845999999,2959374.8154,7271,2026-03-18 14:00:00+00:00
1773846000000,0.678,0.696,0.674,0.691,4018657.33,1773849599999,2766601.36478,7532,2026-03-18 15:00:00+00:00
1773849600000,0.691,0.699,0.687,0.697,1684344.49,1773853199999,1165857.32274,3039,2026-03-18 16:00:00+00:00
1773853200000,0.698,0.7,0.692,0.699,1158196.93,1773856799999,805831.61555,2134,2026-03-18 17:00:00+00:00
1773856800000,0.699,0.704,0.686,0.689,1982569.24,1773860399999,1381755.01906,4111,2026-03-18 18:00:00+00:00
1773860400000,0.69,0.693,0.689,0.691,745886.78,1773863999999,515702.87993,1523,2026-03-18 19:00:00+00:00
1773864000000,0.692,0.696,0.687,0.696,783285.98,1773867599999,542074.61813,1446,2026-03-18 20:00:00+00:00
1773867600000,0.695,0.698,0.692,0.697,870398.34,1773871199999,605399.45902,1330,2026-03-18 21:00:00+00:00
1773871200000,0.696,0.697,0.69,0.69,748689.97,1773874799999,518324.28087,1203,2026-03-18 22:00:00+00:00
1773874800000,0.691,0.695,0.689,0.692,908430.78,1773878399999,628055.82972,1552,2026-03-18 23:00:00+00:00
1773878400000,0.692,0.695,0.689,0.692,580859.7,1773881999999,402001.32692,1060,2026-03-19 00:00:00+00:00
1773882000000,0.693,0.696,0.69,0.695,686212.69,1773885599999,475524.51624,1273,2026-03-19 01:00:00+00:00
1773885600000,0.695,0.699,0.69,0.691,1017933.54,1773889199999,707617.45441,1896,2026-03-19 02:00:00+00:00
1773889200000,0.692,0.699,0.689,0.697,597485.95,1773892799999,415388.46427,1334,2026-03-19 03:00:00+00:00
1773892800000,0.697,0.697,0.687,0.691,987808.89,1773896399999,682605.29676,1608,2026-03-19 04:00:00+00:00
1773896400000,0.692,0.693,0.689,0.69,378411.83,1773899999999,261304.6906,806,2026-03-19 05:00:00+00:00
1773900000000,0.689,0.693,0.679,0.681,2245117.38,1773903599999,1536080.38542,3075,2026-03-19 06:00:00+00:00
1773903600000,0.682,0.686,0.676,0.682,1652847.41,1773907199999,1125301.62432,3351,2026-03-19 07:00:00+00:00
1773907200000,0.683,0.687,0.682,0.684,689089.82,1773910799999,471343.26966,1315,2026-03-19 08:00:00+00:00
1773910800000,0.684,0.69,0.683,0.689,836241.01,1773914399999,573247.8878,1533,2026-03-19 09:00:00+00:00
1773914400000,0.689,0.69,0.685,0.686,444913.81,1773917999999,305742.88211,980,2026-03-19 10:00:00+00:00
1773918000000,0.687,0.69,0.685,0.685,583605.75,1773921599999,401128.14534,1155,2026-03-19 11:00:00+00:00
1773921600000,0.685,0.686,0.669,0.675,6568318.94,1773925199999,4437560.87219,7479,2026-03-19 12:00:00+00:00
1773925200000,0.674,0.685,0.671,0.681,2072454.94,1773928799999,1404900.79845,5050,2026-03-19 13:00:00+00:00
1773928800000,0.681,0.686,0.677,0.685,1073974.83,1773932399999,731453.69976,2431,2026-03-19 14:00:00+00:00
1773932400000,0.685,0.686,0.678,0.684,2096214.33,1773935999999,1429721.69719,3655,2026-03-19 15:00:00+00:00
1773936000000,0.684,0.686,0.682,0.685,888695.73,1773939599999,607943.08217,2595,2026-03-19 16:00:00+00:00
1773939600000,0.686,0.694,0.684,0.692,678623.56,1773943199999,467720.66884,2023,2026-03-19 17:00:00+00:00
1773943200000,0.692,0.693,0.686,0.687,400392.24,1773946799999,275619.58004,1019,2026-03-19 18:00:00+00:00
1773946800000,0.688,0.695,0.687,0.692,880892.8,1773950399999,609426.49513,2217,2026-03-19 19:00:00+00:00
1773950400000,0.692,0.693,0.69,0.69,664128.64,1773953999999,459035.24356,1817,2026-03-19 20:00:00+00:00
1773954000000,0.691,0.694,0.689,0.692,571692.22,1773957599999,395378.13149,1373,2026-03-19 21:00:00+00:00
1773957600000,0.692,0.692,0.685,0.685,762363.76,1773961199999,524324.87073,1768,2026-03-19 22:00:00+00:00
1773961200000,0.686,0.688,0.683,0.685,1096776.34,1773964799999,751283.22462,1860,2026-03-19 23:00:00+00:00
1773964800000,0.685,0.689,0.684,0.687,456355.62,1773968399999,313457.2204,1017,2026-03-20 00:00:00+00:00
1773968400000,0.688,0.692,0.688,0.688,560560.8,1773971999999,386382.26346,1032,2026-03-20 01:00:00+00:00
1773972000000,0.689,0.689,0.681,0.686,597819.44,1773975599999,408951.80669,1369,2026-03-20 02:00:00+00:00
1773975600000,0.687,0.69,0.686,0.689,662117.21,1773979199999,455285.21813,1225,2026-03-20 03:00:00+00:00
1773979200000,0.69,0.69,0.685,0.688,524433.99,1773982799999,360596.43975,1031,2026-03-20 04:00:00+00:00
1773982800000,0.688,0.689,0.685,0.687,261144.57,1773986399999,179315.47874,688,2026-03-20 05:00:00+00:00
1773986400000,0.687,0.687,0.682,0.686,415396.53,1773989999999,284276.81687,1003,2026-03-20 06:00:00+00:00
1773990000000,0.685,0.688,0.681,0.688,708547.47,1773993599999,485392.40548,1578,2026-03-20 07:00:00+00:00
1773993600000,0.688,0.691,0.686,0.687,1058150.62,1773997199999,728524.6854,1474,2026-03-20 08:00:00+00:00
1773997200000,0.687,0.688,0.681,0.686,1121865.82,1774000799999,767468.78741,2157,2026-03-20 09:00:00+00:00
1774000800000,0.687,0.688,0.685,0.685,436791.4,1774004399999,299851.51421,726,2026-03-20 10:00:00+00:00
1774004400000,0.686,0.687,0.678,0.683,990795.38,1774007999999,675148.78553,1711,2026-03-20 11:00:00+00:00
1774008000000,0.682,0.687,0.682,0.685,370953.98,1774011599999,253974.80819,868,2026-03-20 12:00:00+00:00
1774011600000,0.685,0.686,0.68,0.681,972781.62,1774015199999,664131.65473,1794,2026-03-20 13:00:00+00:00
1774015200000,0.682,0.686,0.679,0.681,1489392.8,1774018799999,1017796.14512,2694,2026-03-20 14:00:00+00:00
1774018800000,0.681,0.682,0.677,0.681,906258.48,1774022399999,616159.84552,2006,2026-03-20 15:00:00+00:00
1774022400000,0.682,0.683,0.678,0.682,1014133.74,1774025999999,690308.64663,2973,2026-03-20 16:00:00+00:00
1774026000000,0.682,0.684,0.68,0.683,1128541.48,1774029599999,769523.60318,3407,2026-03-20 17:00:00+00:00
1774029600000,0.684,0.685,0.679,0.683,1251584.34,1774033199999,854004.23197,4153,2026-03-20 18:00:00+00:00
1774033200000,0.683,0.688,0.682,0.687,624415.68,1774036799999,427118.73181,1897,2026-03-20 19:00:00+00:00
1774036800000,0.687,0.687,0.681,0.685,648956.61,1774040399999,443405.68986,1326,2026-03-20 20:00:00+00:00
1774040400000,0.685,0.689,0.684,0.687,227561.2,1774043999999,156264.54944,699,2026-03-20 21:00:00+00:00
1774044000000,0.687,0.691,0.687,0.69,447697.98,1774047599999,308466.76039,866,2026-03-20 22:00:00+00:00
1774047600000,0.69,0.69,0.687,0.689,227508.81,1774051199999,156657.03039,648,2026-03-20 23:00:00+00:00
1774051200000,0.689,0.692,0.688,0.69,360337.71,1774054799999,248803.19955,818,2026-03-21 00:00:00+00:00
1774054800000,0.691,0.693,0.689,0.689,199323.27,1774058399999,137659.99121,419,2026-03-21 01:00:00+00:00
1774058400000,0.689,0.695,0.689,0.693,251067.27,1774061999999,173957.02799,553,2026-03-21 02:00:00+00:00
1774062000000,0.693,0.694,0.692,0.694,286243.96,1774065599999,198395.52922,617,2026-03-21 03:00:00+00:00
1774065600000,0.694,0.695,0.69,0.691,210858.81,1774069199999,146055.65335,407,2026-03-21 04:00:00+00:00
1774069200000,0.691,0.695,0.688,0.689,745703.59,1774072799999,515858.20543,1142,2026-03-21 05:00:00+00:00
1774072800000,0.69,0.69,0.688,0.689,220205.21,1774076399999,151697.62804,684,2026-03-21 06:00:00+00:00
1774076400000,0.69,0.691,0.689,0.689,290466.04,1774079999999,200339.13323,838,2026-03-21 07:00:00+00:00
1774080000000,0.69,0.691,0.688,0.69,195379.38,1774083599999,134704.91204,594,2026-03-21 08:00:00+00:00
1774083600000,0.691,0.693,0.69,0.691,207196.5,1774087199999,143346.43073,713,2026-03-21 09:00:00+00:00
1774087200000,0.692,0.693,0.69,0.691,215384.24,1774090799999,148972.01609,813,2026-03-21 10:00:00+00:00
1774090800000,0.691,0.692,0.69,0.69,158456.17,1774094399999,109419.30939,483,2026-03-21 11:00:00+00:00
1774094400000,0.69,0.692,0.688,0.689,242040.09,1774097999999,166875.25701,628,2026-03-21 12:00:00+00:00
1774098000000,0.689,0.691,0.687,0.69,309894.74,1774101599999,213409.14568,550,2026-03-21 13:00:00+00:00
1774101600000,0.69,0.691,0.686,0.687,215534.18,1774105199999,148595.19889,602,2026-03-21 14:00:00+00:00
1774105200000,0.687,0.689,0.686,0.688,194512.33,1774108799999,133673.15557,469,2026-03-21 15:00:00+00:00
1774108800000,0.688,0.688,0.683,0.684,387749.44,1774112399999,265621.59203,868,2026-03-21 16:00:00+00:00
1774112400000,0.685,0.686,0.682,0.685,279151.9,1774115999999,191023.65823,692,2026-03-21 17:00:00+00:00
1774116000000,0.685,0.686,0.683,0.685,277030.07,1774119599999,189437.42835,367,2026-03-21 18:00:00+00:00
1774119600000,0.684,0.686,0.684,0.684,95093.67,1774123199999,65086.74268,253,2026-03-21 19:00:00+00:00
1774123200000,0.685,0.686,0.683,0.684,222151.32,1774126799999,152122.87664,500,2026-03-21 20:00:00+00:00
1774126800000,0.685,0.688,0.685,0.686,825863.55,1774130399999,567096.18171,1093,2026-03-21 21:00:00+00:00
1774130400000,0.687,0.687,0.684,0.684,296958.18,1774133999999,203379.00478,450,2026-03-21 22:00:00+00:00
1774134000000,0.684,0.687,0.657,0.668,3371824.01,1774137599999,2263242.75441,7642,2026-03-21 23:00:00+00:00
1774137600000,0.668,0.669,0.632,0.655,4619948.25,1774141199999,3007945.18869,12769,2026-03-22 00:00:00+00:00
1774141200000,0.655,0.66,0.652,0.659,1028832.29,1774144799999,673580.25583,2312,2026-03-22 01:00:00+00:00
1774144800000,0.659,0.669,0.657,0.668,1182410.75,1774148399999,784903.10116,2867,2026-03-22 02:00:00+00:00
1774148400000,0.668,0.671,0.664,0.667,1727423.81,1774151999999,1152219.6233,3308,2026-03-22 03:00:00+00:00
