open_time,open,high,low,close,volume,close_time,quote_asset_volume,num_trades,timestamp
1757912400000,0.81,2.1,0.81,1.3982,38062752.6,1757916000000,45212263.90991,181545,2025-09-15 05:00:00+00:00
1757916000000,1.3982,1.6,1.355,1.4004,32131670.3,1757919600000,47174176.09223,188767,2025-09-15 06:00:00+00:00
1757919600000,1.4018,1.475,1.2515,1.2862,19043333.2,1757923200000,26025307.62862,145829,2025-09-15 07:00:00+00:00
1757923200000,1.2859,1.3904,1.2343,1.3551,13754810.5,1757926800000,18322225.51436,96348,2025-09-15 08:00:00+00:00
1757926800000,1.3542,1.3618,1.172,1.2354,14353943.8,1757930400000,17922168.46719,79224,2025-09-15 09:00:00+00:00
1757930400000,1.235,1.2371,1.1404,1.2311,10555721.8,1757934000000,12535502.948,56615,2025-09-15 10:00:00+00:00
1757934000000,1.2308,1.2817,1.1896,1.261,7722548.6,1757937600000,9554490.51157,49099,2025-09-15 11:00:00+00:00
1757937600000,1.2601,1.2695,1.2061,1.2322,5688416.2,1757941200000,7043624.93229,30976,2025-09-15 12:00:00+00:00
1757941200000,1.2327,1.2658,1.1581,1.172,6565785.2,1757944800000,7975069.11308,33017,2025-09-15 13:00:00+00:00
1757944800000,1.172,1.221,1.0755,1.0913,14317580.1,1757948400000,16598557.748,61300,2025-09-15 14:00:00+00:00
1757948400000,1.09,1.1257,1.0569,1.1015,7109589.0,1757952000000,7787001.8529,37668,2025-09-15 15:00:00+00:00
1757952000000,1.1019,1.1575,1.0502,1.1062,8414958.7,1757955600000,9325026.14487,38405,2025-09-15 16:00:00+00:00
1757955600000,1.106,1.21,1.0813,1.1862,7179328.4,1757959200000,8316253.07804,44089,2025-09-15 17:00:00+00:00
1757959200000,1.1852,1.2499,1.1507,1.2411,4960862.8,1757962800000,5918586.94093,34146,2025-09-15 18:00:00+00:00
1757962800000,1.2411,1.2667,1.1929,1.2042,4451464.6,1757966400000,5448650.64164,31540,2025-09-15 19:00:00+00:00
1757966400000,1.2038,1.2598,1.1921,1.2045,4310053.2,1757970000000,5292099.11683,32579,2025-09-15 20:00:00+00:00
1757970000000,1.2047,1.2142,1.166,1.1919,1953157.2,1757973600000,2326449.82758,15923,2025-09-15 21:00:00+00:00
1757973600000,1.1912,1.2217,1.1546,1.2,2112600.0,1757977200000,2516320.32055,16762,2025-09-15 22:00:00+00:00
1757977200000,1.1996,1.2666,1.1944,1.2448,6354613.6,1757980800000,7822094.52202,33490,2025-09-15 23:00:00+00:00
1757980800000,1.245,1.308,1.1763,1.193,6440169.9,1757984400000,8025811.65632,33974,2025-09-16 00:00:00+00:00
1757984400000,1.1933,1.2149,1.1792,1.1921,2024214.1,1757988000000,2417560.91944,14751,2025-09-16 01:00:00+00:00
1757988000000,1.1936,1.2247,1.172,1.1784,1921471.0,1757991600000,2293982.08398,15850,2025-09-16 02:00:00+00:00
1757991600000,1.1777,1.1798,1.0935,1.1126,4088666.2,1757995200000,4601221.57626,24194,2025-09-16 03:00:00+00:00
1757995200000,1.1114,1.1263,1.0869,1.1158,3149144.8,1757998800000,3496316.35139,16892,2025-09-16 04:00:00+00:00
1757998800000,1.1163,1.1803,1.1091,1.1639,3661434.7,1758002400000,4178001.4215,17365,2025-09-16 05:00:00+00:00
1758002400000,1.1639,1.2035,1.1257,1.1339,6705757.9,1758006000000,7793816.22578,27676,2025-09-16 06:00:00+00:00
1758006000000,1.1339,1.1498,1.1201,1.1248,2020840.7,1758009600000,2293590.18014,16385,2025-09-16 07:00:00+00:00
1758009600000,1.1247,1.135,1.097,1.0998,2526454.0,1758013200000,2820807.99897,13390,2025-09-16 08:00:00+00:00
1758013200000,1.1001,1.2316,0.9785,1.0029,12814154.1,1758016800000,13538721.03884,73033,2025-09-16 09:00:00+00:00
1758016800000,1.0027,1.0458,0.9577,0.9718,7588587.7,1758020400000,7520599.58721,36186,2025-09-16 10:00:00+00:00
1758020400000,0.9715,1.02,0.963,1.0065,4538500.4,1758024000000,4522244.72568,22641,2025-09-16 11:00:00+00:00
1758024000000,1.0063,1.0134,0.95,1.0008,7605703.9,1758027600000,7492359.05119,41928,2025-09-16 12:00:00+00:00
1758027600000,1.0008,1.04,0.978,0.9823,36988948.5,1758031200000,37370942.79309,658073,2025-09-16 13:00:00+00:00
1758031200000,0.9824,0.988,0.962,0.9811,9785718.5,1758034800000,9540997.09263,124506,2025-09-16 14:00:00+00:00
1758034800000,0.9808,0.9894,0.9564,0.9739,6387949.8,1758038400000,6228160.67638,65486,2025-09-16 15:00:00+00:00
1758038400000,0.9739,0.9742,0.9051,0.9266,8698855.0,1758042000000,8074021.7682,58383,2025-09-16 16:00:00+00:00
1758042000000,0.9265,0.9769,0.9261,0.9601,5363640.6,1758045600000,5152201.16381,39154,2025-09-16 17:00:00+00:00
1758045600000,0.96,0.979,0.9582,0.9719,2747783.2,1758049200000,2656978.67127,25825,2025-09-16 18:00:00+00:00
1758049200000,0.9719,1.0928,0.9696,1.062,7438466.9,1758052800000,7697732.26009,36356,2025-09-16 19:00:00+00:00
1758052800000,1.0617,1.0697,1.0243,1.0485,4233910.8,1758056400000,4429867.99227,21746,2025-09-16 20:00:00+00:00
1758056400000,1.048,1.0569,1.0168,1.0219,2219586.9,1758060000000,2295049.1419,14351,2025-09-16 21:00:00+00:00
1758060000000,1.0218,1.0431,1.0083,1.0159,1430792.2,1758063600000,1466486.30102,12675,2025-09-16 22:00:00+00:00
1758063600000,1.0164,1.0253,1.0013,1.0182,1978549.7,1758067200000,2008829.03771,15684,2025-09-16 23:00:00+00:00
1758067200000,1.0184,1.027,0.9767,0.9876,3868416.9,1758070800000,3852430.65668,24124,2025-09-17 00:00:00+00:00
1758070800000,0.9874,0.9908,0.9606,0.9662,2848768.3,1758074400000,2789256.12844,22193,2025-09-17 01:00:00+00:00
1758074400000,0.9659,0.9742,0.9313,0.9561,4356859.3,1758078000000,4142222.43904,27543,2025-09-17 02:00:00+00:00
1758078000000,0.9561,0.9669,0.9396,0.9545,2269187.2,1758081600000,2161041.0157,18301,2025-09-17 03:00:00+00:00
1758081600000,0.9544,0.9631,0.9347,0.9477,2571256.3,1758085200000,2434409.97779,20515,2025-09-17 04:00:00+00:00
1758085200000,0.9477,0.954,0.9225,0.9423,2520545.4,1758088800000,2361326.96121,22346,2025-09-17 05:00:00+00:00
1758088800000,0.942,0.9423,0.9135,0.9302,2768065.0,1758092400000,2559117.91679,19948,2025-09-17 06:00:00+00:00
1758092400000,0.9299,0.9299,0.9077,0.9194,2937209.7,1758096000000,2697051.79499,16645,2025-09-17 07:00:00+00:00
1758096000000,0.9195,0.93,0.9022,0.914,2965147.1,1758099600000,2716334.89514,19774,2025-09-17 08:00:00+00:00
1758099600000,0.914,0.95,0.9083,0.9361,3616012.9,1758103200000,3353168.42832,20122,2025-09-17 09:00:00+00:00
1758103200000,0.9364,0.948,0.9113,0.92,2579724.3,1758106800000,2395722.29773,16135,2025-09-17 10:00:00+00:00
1758106800000,0.92,0.9597,0.918,0.9437,2536243.2,1758110400000,2387050.81224,16333,2025-09-17 11:00:00+00:00
1758110400000,0.9435,0.9592,0.9269,0.933,3113987.2,1758114000000,2935820.41087,17400,2025-09-17 12:00:00+00:00
1758114000000,0.9331,0.9553,0.9323,0.9528,1806062.4,1758117600000,1702559.30085,13766,2025-09-17 13:00:00+00:00
1758117600000,0.9528,0.9911,0.9513,0.9712,4573897.8,1758121200000,4435679.79876,24136,2025-09-17 14:00:00+00:00
1758121200000,0.9714,1.0733,0.9681,1.0234,10646968.5,1758124800000,10897998.27584,56291,2025-09-17 15:00:00+00:00
1758124800000,1.023,1.0785,0.9856,1.0749,8819140.3,1758128400000,9130701.3865,43200,2025-09-17 16:00:00+00:00
1758128400000,1.0755,1.0829,0.9637,0.977,9161971.1,1758132000000,9333800.33991,42582,2025-09-17 17:00:00+00:00
1758132000000,0.977,1.0257,0.9722,1.0146,6003797.8,1758135600000,6037079.82852,30801,2025-09-17 18:00:00+00:00
1758135600000,1.0146,1.047,1.0084,1.0147,3461974.2,1758139200000,3560398.27607,19470,2025-09-17 19:00:00+00:00
1758139200000,1.0146,1.052,1.0033,1.0101,2984499.8,1758142800000,3062250.10199,16276,2025-09-17 20:00:00+00:00
1758142800000,1.0099,1.0435,0.9966,1.0295,1994657.4,1758146400000,2042065.7704,12452,2025-09-17 21:00:00+00:00
1758146400000,1.0297,1.0506,1.007,1.0332,2680637.4,1758150000000,2764161.70543,16654,2025-09-17 22:00:00+00:00
1758150000000,1.033,1.0772,1.0275,1.0635,3090902.0,1758153600000,3246172.01694,22025,2025-09-17 23:00:00+00:00
1758153600000,1.0637,1.0759,1.03,1.0561,3374371.3,1758157200000,3555864.3661,21857,2025-09-18 00:00:00+00:00
1758157200000,1.0566,1.202,1.051,1.1426,10230457.7,1758160800000,11654543.90264,55248,2025-09-18 01:00:00+00:00
1758160800000,1.1427,1.1899,1.09,1.127,7344819.3,1758164400000,8395294.34583,40524,2025-09-18 02:00:00+00:00
1758164400000,1.1268,1.174,1.1236,1.1498,3823322.2,1758168000000,4384316.82742,28279,2025-09-18 03:00:00+00:00
1758168000000,1.15,1.1648,1.1272,1.1551,3926882.8,1758171600000,4491290.20762,27769,2025-09-18 04:00:00+00:00
1758171600000,1.155,1.215,1.1452,1.183,6093308.1,1758175200000,7239994.45949,39350,2025-09-18 05:00:00+00:00
1758175200000,1.183,1.1832,1.1315,1.1548,3705368.6,1758178800000,4283291.20928,26180,2025-09-18 06:00:00+00:00
1758178800000,1.155,1.1724,1.1274,1.1372,3315852.6,1758182400000,3817713.78636,21770,2025-09-18 07:00:00+00:00
1758182400000,1.1367,1.1511,1.1158,1.1442,2771524.7,1758186000000,3137992.91077,22706,2025-09-18 08:00:00+00:00
1758186000000,1.1437,1.17,1.1394,1.1544,3396488.1,1758189600000,3917367.34738,22351,2025-09-18 09:00:00+00:00
1758189600000,1.1545,1.1837,1.1135,1.1283,4960345.1,1758193200000,5681321.00505,30411,2025-09-18 10:00:00+00:00
1758193200000,1.1282,1.1333,1.1042,1.1188,2566500.9,1758196800000,2874607.03162,20966,2025-09-18 11:00:00+00:00
1758196800000,1.1185,1.122,1.0931,1.1014,2981227.5,1758200400000,3300657.55539,20382,2025-09-18 12:00:00+00:00
1758200400000,1.1015,1.1356,1.0953,1.1284,3557905.6,1758204000000,3966958.40733,20761,2025-09-18 13:00:00+00:00
1758204000000,1.1284,1.145,1.1121,1.1144,2785813.1,1758207600000,3148678.20284,19882,2025-09-18 14:00:00+00:00
1758207600000,1.1145,1.1155,1.0605,1.0675,3506050.3,1758211200000,3790277.65621,23275,2025-09-18 15:00:00+00:00
1758211200000,1.0674,1.108,1.0674,1.1039,1901725.9,1758214800000,2063721.82109,15015,2025-09-18 16:00:00+00:00
1758214800000,1.104,1.1216,1.0913,1.1182,1494109.2,1758218400000,1654985.01933,13299,2025-09-18 17:00:00+00:00
1758218400000,1.1184,1.1321,1.1103,1.1254,1315931.3,1758222000000,1475733.28955,11852,2025-09-18 18:00:00+00:00
1758222000000,1.1252,1.1263,1.0881,1.0905,1326532.7,1758225600000,1466177.15925,13026,2025-09-18 19:00:00+00:00
1758225600000,1.0905,1.1237,1.0873,1.1199,1590075.9,1758229200000,1759951.05506,10465,2025-09-18 20:00:00+00:00
1758229200000,1.1196,1.1227,1.0979,1.1109,1977900.2,1758232800000,2195203.48299,9788,2025-09-18 21:00:00+00:00
1758232800000,1.111,1.15,1.1102,1.1291,2150372.2,1758236400000,2434145.5071,21371,2025-09-18 22:00:00+00:00
1758236400000,1.1292,1.1309,1.0982,1.1008,1464936.3,1758240000000,1625199.58243,17389,2025-09-18 23:00:00+00:00
1758240000000,1.1009,1.1569,1.1009,1.1399,4138025.0,1758243600000,4690667.36195,49181,2025-09-19 00:00:00+00:00
1758243600000,1.1399,1.1532,1.0933,1.1082,3046205.2,1758247200000,3422521.70156,38633,2025-09-19 01:00:00+00:00
1758247200000,1.1081,1.1138,1.01,1.0636,3859236.5,1758250800000,4157261.03269,36054,2025-09-19 02:00:00+00:00
1758250800000,1.0638,1.0638,1.0167,1.0275,3801889.8,1758254400000,3940492.82489,41373,2025-09-19 03:00:00+00:00
1758254400000,1.0275,1.0447,1.0167,1.0328,2407867.7,1758258000000,2476222.26254,20735,2025-09-19 04:00:00+00:00
1758258000000,1.0328,1.0409,0.999,1.0113,2755462.2,1758261600000,2798323.55221,22747,2025-09-19 05:00:00+00:00
1758261600000,1.0113,1.0269,1.0069,1.0211,1084018.8,1758265200000,1104178.4587,10808,2025-09-19 06:00:00+00:00
1758265200000,1.0211,1.0322,1.0178,1.0218,1516194.0,1758268800000,1554566.01092,12941,2025-09-19 07:00:00+00:00
1758268800000,1.0217,1.033,1.0104,1.0302,1558690.4,1758272400000,1592570.96352,15258,2025-09-19 08:00:00+00:00
1758272400000,1.0302,1.035,1.0123,1.0259,1301487.2,1758276000000,1333278.801,12158,2025-09-19 09:00:00+00:00
1758276000000,1.0259,1.0441,1.0223,1.0335,1453401.9,1758279600000,1499650.15012,11948,2025-09-19 10:00:00+00:00
1758279600000,1.0334,1.0539,1.0288,1.0503,2016643.4,1758283200000,2101883.37133,12857,2025-09-19 11:00:00+00:00
1758283200000,1.0506,1.0575,1.0341,1.0452,1762087.7,1758286800000,1844896.71774,12253,2025-09-19 12:00:00+00:00
1758286800000,1.0456,1.1217,1.0425,1.0964,4841759.9,1758290400000,5271614.51767,24458,2025-09-19 13:00:00+00:00
1758290400000,1.0962,1.11,1.0719,1.0783,2389181.9,1758294000000,2603726.4083,15262,2025-09-19 14:00:00+00:00
1758294000000,1.0785,1.0938,1.0468,1.0842,2714418.9,1758297600000,2904790.2708,18877,2025-09-19 15:00:00+00:00
1758297600000,1.0841,1.1159,1.0782,1.1064,2587064.5,1758301200000,2840836.922,15601,2025-09-19 16:00:00+00:00
1758301200000,1.1056,1.1295,1.0931,1.1197,2859485.1,1758304800000,3180373.60336,15147,2025-09-19 17:00:00+00:00
1758304800000,1.1197,1.1375,1.1079,1.1297,2463220.0,1758308400000,2771517.9862,15489,2025-09-19 18:00:00+00:00
1758308400000,1.1293,1.1326,1.0983,1.1214,2125045.5,1758312000000,2368463.97873,11123,2025-09-19 19:00:00+00:00
1758312000000,1.1213,1.1256,1.0943,1.1053,1500268.5,1758315600000,1661033.02575,8132,2025-09-19 20:00:00+00:00
1758315600000,1.1054,1.1246,1.0956,1.12,1132003.7,1758319200000,1262931.70004,6035,2025-09-19 21:00:00+00:00
1758319200000,1.1198,1.135,1.1026,1.1148,837920.9,1758322800000,939519.58229,5115,2025-09-19 22:00:00+00:00
1758322800000,1.1147,1.1276,1.0792,1.1064,1716841.0,1758326400000,1891665.349,11068,2025-09-19 23:00:00+00:00
1758326400000,1.1069,1.1498,1.091,1.1177,4198618.1,1758330000000,4691894.43866,24019,2025-09-20 00:00:00+00:00
1758330000000,1.1176,1.1216,1.0691,1.0701,2072147.1,1758333600000,2261514.79361,11764,2025-09-20 01:00:00+00:00
1758333600000,1.0699,1.1016,1.0512,1.0776,2292888.7,1758337200000,2468768.66604,12567,2025-09-20 02:00:00+00:00
1758337200000,1.0776,1.084,1.0677,1.0831,1298875.3,1758340800000,1395992.67201,8540,2025-09-20 03:00:00+00:00
1758340800000,1.0828,1.0973,1.0623,1.0672,1485243.0,1758344400000,1598888.21143,7756,2025-09-20 04:00:00+00:00
1758344400000,1.0679,1.1256,1.06,1.1215,3315631.1,1758348000000,3634524.31832,15572,2025-09-20 05:00:00+00:00
1758348000000,1.1218,1.1549,1.1138,1.1527,5321766.1,1758351600000,6048393.80362,22374,2025-09-20 06:00:00+00:00
1758351600000,1.1527,1.21,1.1397,1.1548,7926969.8,1758355200000,9318257.58282,39141,2025-09-20 07:00:00+00:00
1758355200000,1.1539,1.2239,1.1496,1.2169,5947993.1,1758358800000,7046305.51087,31480,2025-09-20 08:00:00+00:00
1758358800000,1.2168,1.2673,1.2033,1.2497,10483586.1,1758362400000,13019954.38475,45716,2025-09-20 09:00:00+00:00
1758362400000,1.2499,1.3796,1.2478,1.3091,13194991.7,1758366000000,17552616.69983,58738,2025-09-20 10:00:00+00:00
1758366000000,1.3087,1.3948,1.3071,1.3946,8876951.9,1758369600000,12005731.47944,38114,2025-09-20 11:00:00+00:00
1758369600000,1.3944,1.49,1.3924,1.4397,12738601.9,1758373200000,18303343.91152,66014,2025-09-20 12:00:00+00:00
1758373200000,1.4396,1.4529,1.3536,1.3743,10518938.1,1758376800000,14762961.91038,46293,2025-09-20 13:00:00+00:00
1758376800000,1.3743,1.4265,1.3354,1.4209,6971690.1,1758380400000,9602364.18919,36692,2025-09-20 14:00:00+00:00
1758380400000,1.4211,1.499,1.3909,1.4608,9275792.5,1758384000000,13429961.96292,39960,2025-09-20 15:00:00+00:00
1758384000000,1.4603,1.498,1.419,1.4405,7167876.2,1758387600000,10479467.34717,32760,2025-09-20 16:00:00+00:00
1758387600000,1.4406,1.4836,1.4148,1.4694,4861304.8,1758391200000,7051948.27244,27599,2025-09-20 17:00:00+00:00
1758391200000,1.4695,1.4737,1.3445,1.4161,6515506.2,1758394800000,9103816.30051,31602,2025-09-20 18:00:00+00:00
1758394800000,1.4166,1.449,1.3841,1.4154,4997817.9,1758398400000,7083052.74449,22809,2025-09-20 19:00:00+00:00
1758398400000,1.4165,1.4311,1.379,1.3969,2474530.5,1758402000000,3467505.39765,14888,2025-09-20 20:00:00+00:00
1758402000000,1.3976,1.4411,1.3881,1.428,2743735.6,1758405600000,3886613.38207,15152,2025-09-20 21:00:00+00:00
1758405600000,1.4279,1.4583,1.4146,1.4402,2318136.3,1758409200000,3321792.45475,14717,2025-09-20 22:00:00+00:00
1758409200000,1.441,1.4733,1.4228,1.473,2391857.2,1758412800000,3459468.56725,17657,2025-09-20 23:00:00+00:00
1758412800000,1.4729,1.7643,1.4562,1.7165,14106894.1,1758416400000,22682110.91448,75061,2025-09-21 00:00:00+00:00
1758416400000,1.7165,1.75,1.6494,1.6974,10007081.5,1758420000000,16953146.67196,54887,2025-09-21 01:00:00+00:00
1758420000000,1.6976,1.7343,1.6508,1.7184,5835931.0,1758423600000,9890030.05156,36759,2025-09-21 02:00:00+00:00
1758423600000,1.7185,1.9525,1.7171,1.8867,14169076.7,1758427200000,26306621.95716,72664,2025-09-21 03:00:00+00:00
1758427200000,1.8865,1.9152,1.7656,1.8389,10008699.3,1758430800000,18385964.09672,60057,2025-09-21 04:00:00+00:00
1758430800000,1.8391,2.0815,1.8157,2.0436,16602061.0,1758434400000,32841765.9484,98668,2025-09-21 05:00:00+00:00
1758434400000,2.0435,2.4783,2.0289,2.3126,24915290.4,1758438000000,55409344.59656,156447,2025-09-21 06:00:00+00:00
1758438000000,2.3121,2.3318,2.1712,2.2699,16217298.2,1758441600000,36626667.12411,109906,2025-09-21 07:00:00+00:00
1758441600000,2.2694,2.4777,2.2311,2.3542,14254742.6,1758445200000,33676794.25749,102194,2025-09-21 08:00:00+00:00
1758445200000,2.3556,2.376,1.9473,2.0422,24800327.8,1758448800000,52627931.11964,152833,2025-09-21 09:00:00+00:00
1758448800000,2.0416,2.1555,2.0229,2.0556,13149201.7,1758452400000,27591734.55165,87041,2025-09-21 10:00:00+00:00
1758452400000,2.0553,2.0786,1.8407,1.875,14846495.6,1758456000000,28753820.92281,105543,2025-09-21 11:00:00+00:00
1758456000000,1.8754,1.9773,1.8566,1.8574,8832507.9,1758459600000,16974582.80421,53895,2025-09-21 12:00:00+00:00
1758459600000,1.8581,2.0729,1.8506,1.9944,10977837.8,1758463200000,21812073.09899,66367,2025-09-21 13:00:00+00:00
1758463200000,1.9943,2.1593,1.9744,2.1413,11282957.7,1758466800000,23438055.32097,96612,2025-09-21 14:00:00+00:00
1758466800000,2.1417,2.388,2.1259,2.2118,22266780.5,1758470400000,50615564.93828,142569,2025-09-21 15:00:00+00:00
1758470400000,2.2143,2.298,2.0732,2.112,13047788.2,1758474000000,28333132.19797,97908,2025-09-21 16:00:00+00:00
1758474000000,2.111,2.1461,2.0015,2.1401,8744223.8,1758477600000,18250180.61287,68996,2025-09-21 17:00:00+00:00
1758477600000,2.1408,2.1748,2.0958,2.1165,5060772.5,1758481200000,10828541.99073,50518,2025-09-21 18:00:00+00:00
1758481200000,2.1163,2.27,2.0533,2.2257,6940600.4,1758484800000,14978041.81197,60549,2025-09-21 19:00:00+00:00
1758484800000,2.2258,2.3,2.1778,2.2125,7137216.7,1758488400000,15941399.39847,63644,2025-09-21 20:00:00+00:00
1758488400000,2.212,2.3677,2.197,2.2823,7289537.2,1758492000000,16760986.27937,59755,2025-09-21 21:00:00+00:00
1758492000000,2.2818,2.3467,2.1767,2.3202,8878220.9,1758495600000,20026595.36241,131198,2025-09-21 22:00:00+00:00
1758495600000,2.321,2.4484,2.3037,2.3627,11062125.7,1758499200000,26167766.28445,194885,2025-09-21 23:00:00+00:00
1758499200000,2.3619,2.6791,2.2222,2.3128,26281857.3,1758502800000,64652502.48512,473387,2025-09-22 00:00:00+00:00
1758502800000,2.3132,2.3902,2.16,2.2044,13160782.8,1758506400000,30023255.16539,248098,2025-09-22 01:00:00+00:00
1758506400000,2.2041,2.3408,2.1746,2.2332,8578164.7,1758510000000,19347899.46444,165711,2025-09-22 02:00:00+00:00
1758510000000,2.2329,2.399,2.1986,2.3123,8607714.7,1758513600000,19957618.48843,160864,2025-09-22 03:00:00+00:00
1758513600000,2.3123,2.3882,2.25,2.3449,6656056.6,1758517200000,15359086.97607,122537,2025-09-22 04:00:00+00:00
1758517200000,2.3451,2.4951,2.3356,2.37,10856326.6,1758520800000,26200470.91177,179551,2025-09-22 05:00:00+00:00
1758520800000,2.3705,2.4221,2.187,2.3242,12380007.7,1758524400000,28763504.33892,207440,2025-09-22 06:00:00+00:00
1758524400000,2.3245,2.3245,2.0671,2.1231,12929062.2,1758528000000,28065834.34852,200745,2025-09-22 07:00:00+00:00
1758528000000,2.1233,2.2093,2.1141,2.1922,6135277.6,1758531600000,13314354.55231,124146,2025-09-22 08:00:00+00:00
1758531600000,2.1921,2.2255,1.9647,1.9919,9428504.6,1758535200000,19693329.4553,161061,2025-09-22 09:00:00+00:00
1758535200000,1.9919,2.1588,1.97,2.1494,5916422.9,1758538800000,12231715.32145,78632,2025-09-22 10:00:00+00:00
1758538800000,2.1491,2.1823,2.0785,2.1058,6214648.3,1758542400000,13247546.54174,108288,2025-09-22 11:00:00+00:00
1758542400000,2.1058,2.1623,2.0253,2.107,5766860.3,1758546000000,12115368.43433,106232,2025-09-22 12:00:00+00:00
1758546000000,2.1068,2.2231,2.0431,2.1239,8784571.2,1758549600000,18819082.60428,150545,2025-09-22 13:00:00+00:00
1758549600000,2.1238,2.1613,1.965,1.9834,7615025.6,1758553200000,15664701.57211,139463,2025-09-22 14:00:00+00:00
1758553200000,1.9834,1.9878,1.8813,1.8844,7874811.5,1758556800000,15130162.47209,155623,2025-09-22 15:00:00+00:00
1758556800000,1.884,1.9374,1.8298,1.9276,8369181.5,1758560400000,15801805.82924,154637,2025-09-22 16:00:00+00:00
1758560400000,1.9274,2.0622,1.916,2.0452,7149302.2,1758564000000,14306511.62521,159006,2025-09-22 17:00:00+00:00
1758564000000,2.0452,2.0913,2.0229,2.0626,13613649.4,1758567600000,27992605.48563,136514,2025-09-22 18:00:00+00:00
1758567600000,2.0625,2.0625,1.9256,1.9715,5086811.1,1758571200000,10176471.72868,102875,2025-09-22 19:00:00+00:00
1758571200000,1.9716,2.04,1.944,1.9801,7334812.4,1758574800000,14608368.56786,99781,2025-09-22 20:00:00+00:00
1758574800000,1.9803,2.0788,1.9594,2.039,3818522.4,1758578400000,7794058.99382,55634,2025-09-22 21:00:00+00:00
1758578400000,2.0384,2.1225,2.0273,2.0674,4008955.7,1758582000000,8334349.78621,42498,2025-09-22 22:00:00+00:00
1758582000000,2.0683,2.0985,2.0177,2.0626,2646608.9,1758585600000,5451118.13904,28381,2025-09-22 23:00:00+00:00
1758585600000,2.0622,2.1393,1.9705,1.9763,4832090.8,1758589200000,9855100.28791,51805,2025-09-23 00:00:00+00:00
1758589200000,1.9777,1.9953,1.8796,1.9,4014791.7,1758592800000,7793236.33696,43412,2025-09-23 01:00:00+00:00
1758592800000,1.9,1.9133,1.771,1.7964,4848073.0,1758596400000,8932829.55346,58424,2025-09-23 02:00:00+00:00
1758596400000,1.7963,1.8308,1.7424,1.8201,6502615.3,1758600000000,11624700.07385,113718,2025-09-23 03:00:00+00:00
1758600000000,1.8202,1.8565,1.7784,1.8443,5437148.7,1758603600000,9923309.4688,88513,2025-09-23 04:00:00+00:00
1758603600000,1.8445,2.0333,1.8421,2.0266,10552820.0,1758607200000,20571840.40004,179089,2025-09-23 05:00:00+00:00
1758607200000,2.0272,2.0952,1.9768,2.0911,11159484.8,1758610800000,22621921.15765,199974,2025-09-23 06:00:00+00:00
1758610800000,2.0909,2.1234,2.0296,2.0844,6154672.1,1758614400000,12783880.94803,156020,2025-09-23 07:00:00+00:00
1758614400000,2.0845,2.087,2.008,2.0307,4804492.3,1758618000000,9851715.94222,111913,2025-09-23 08:00:00+00:00
1758618000000,2.0307,2.0568,1.9659,1.9978,6010873.7,1758621600000,12042073.61513,127440,2025-09-23 09:00:00+00:00
1758621600000,1.9979,2.008,1.9053,1.9463,5939000.7,1758625200000,11580933.7037,116297,2025-09-23 10:00:00+00:00
1758625200000,1.9463,1.96,1.8798,1.9359,4581965.1,1758628800000,8783134.34098,91797,2025-09-23 11:00:00+00:00
1758628800000,1.936,2.0677,1.932,2.0499,7588895.1,1758632400000,15261150.94434,129459,2025-09-23 12:00:00+00:00
1758632400000,2.0498,2.2477,2.0426,2.2024,13307999.8,1758636000000,28640111.86553,226136,2025-09-23 13:00:00+00:00
1758636000000,2.2023,2.2664,2.1206,2.1549,10779490.2,1758639600000,23704807.30282,198034,2025-09-23 14:00:00+00:00
1758639600000,2.1551,2.2278,2.0782,2.1948,9616463.7,1758643200000,20787755.79838,173615,2025-09-23 15:00:00+00:00
1758643200000,2.1952,2.2342,2.1268,2.1915,6138672.9,1758646800000,13348615.0213,111477,2025-09-23 16:00:00+00:00
1758646800000,2.1914,2.1963,2.0768,2.1057,4900556.4,1758650400000,10432656.50405,108475,2025-09-23 17:00:00+00:00
1758650400000,2.1056,2.169,1.9999,2.0307,6311492.3,1758654000000,13028321.54531,112543,2025-09-23 18:00:00+00:00
1758654000000,2.0303,2.0617,1.92,1.94,9453713.2,1758657600000,19105504.18145,120334,2025-09-23 19:00:00+00:00
1758657600000,1.94,1.98,1.9211,1.973,5517794.3,1758661200000,10754106.19642,79957,2025-09-23 20:00:00+00:00
1758661200000,1.9731,2.0394,1.9479,2.0342,3415954.1,1758664800000,6806134.74327,45096,2025-09-23 21:00:00+00:00
1758664800000,2.034,2.0393,1.9694,2.0071,3041478.9,1758668400000,6087519.06044,51613,2025-09-23 22:00:00+00:00
1758668400000,2.0073,2.0321,1.9639,1.9901,2556296.6,1758672000000,5107227.51645,50603,2025-09-23 23:00:00+00:00
1758672000000,1.9901,2.0255,1.9266,1.9416,4167522.3,1758675600000,8188614.48773,87622,2025-09-24 00:00:00+00:00
1758675600000,1.9417,2.0246,1.93,1.9684,3972345.6,1758679200000,7845407.36151,79064,2025-09-24 01:00:00+00:00
1758679200000,1.9685,2.0169,1.8615,1.9637,7233850.7,1758682800000,14086407.42315,152602,2025-09-24 02:00:00+00:00
1758682800000,1.9638,1.9829,1.8907,1.8967,4190587.2,1758686400000,8112400.64061,96582,2025-09-24 03:00:00+00:00
1758686400000,1.8968,1.9654,1.8679,1.9053,8427739.8,1758690000000,16106386.96328,130522,2025-09-24 04:00:00+00:00
1758690000000,1.9049,2.0149,1.9022,1.9886,3169165.7,1758693600000,6193924.61089,74949,2025-09-24 05:00:00+00:00
1758693600000,1.9886,2.0731,1.9721,2.0153,5440937.1,1758697200000,10987060.12259,112460,2025-09-24 06:00:00+00:00
1758697200000,2.015,2.0287,1.9598,1.9795,4561459.7,1758700800000,9103132.46966,82112,2025-09-24 07:00:00+00:00
1758700800000,1.9793,2.0241,1.9488,1.9533,4622200.3,1758704400000,9200258.90052,84843,2025-09-24 08:00:00+00:00
1758704400000,1.9533,1.9757,1.9353,1.9626,2577613.2,1758708000000,5037160.42564,61131,2025-09-24 09:00:00+00:00
1758708000000,1.9625,2.0919,1.9358,2.0907,5005630.9,1758711600000,10054588.6501,92526,2025-09-24 10:00:00+00:00
1758711600000,2.0907,2.18,2.0392,2.0869,9824928.7,1758715200000,20655570.74936,170823,2025-09-24 11:00:00+00:00
1758715200000,2.0867,2.0895,1.9797,2.0265,5734755.2,1758718800000,11595462.16082,84444,2025-09-24 12:00:00+00:00
1758718800000,2.0265,2.064,1.9985,2.0294,4152993.3,1758722400000,8451537.52474,80236,2025-09-24 13:00:00+00:00
1758722400000,2.0298,2.1333,2.015,2.1221,6280137.8,1758726000000,12963788.68084,111042,2025-09-24 14:00:00+00:00
1758726000000,2.1219,2.1612,2.065,2.077,8041264.2,1758729600000,17028770.2382,139139,2025-09-24 15:00:00+00:00
1758729600000,2.0772,2.194,2.0691,2.1478,8625086.9,1758733200000,18365528.88873,128712,2025-09-24 16:00:00+00:00
1758733200000,2.1481,2.18,2.09,2.1416,4806854.2,1758736800000,10254254.81964,89098,2025-09-24 17:00:00+00:00
1758736800000,2.1416,2.1845,2.0679,2.1109,5441540.3,1758740400000,11515845.37616,127506,2025-09-24 18:00:00+00:00
1758740400000,2.1107,2.1133,2.0675,2.1033,1955959.6,1758744000000,4095961.60527,43801,2025-09-24 19:00:00+00:00
1758744000000,2.1033,2.1232,2.0625,2.1078,2310118.3,1758747600000,4833200.08537,45742,2025-09-24 20:00:00+00:00
1758747600000,2.1077,2.1999,2.0714,2.0908,4878708.4,1758751200000,10481419.59418,65001,2025-09-24 21:00:00+00:00
1758751200000,2.0904,2.2254,2.0807,2.1639,5176321.8,1758754800000,11122017.21608,112958,2025-09-24 22:00:00+00:00
1758754800000,2.164,2.2499,2.121,2.207,5780277.4,1758758400000,12689778.04046,126595,2025-09-24 23:00:00+00:00
1758758400000,2.2072,2.3375,2.1645,2.2274,8623082.8,1758762000000,19375724.91417,168685,2025-09-25 00:00:00+00:00
1758762000000,2.2273,2.257,2.1476,2.1622,5282248.0,1758765600000,11677803.93825,127588,2025-09-25 01:00:00+00:00
1758765600000,2.1621,2.2245,2.1228,2.213,4720662.3,1758769200000,10274640.50703,103946,2025-09-25 02:00:00+00:00
1758769200000,2.2132,2.2132,2.0446,2.0804,6295712.9,1758772800000,13279247.82155,133394,2025-09-25 03:00:00+00:00
1758772800000,2.0803,2.082,1.9607,2.0143,7030216.2,1758776400000,14229335.32984,109615,2025-09-25 04:00:00+00:00
1758776400000,2.0145,2.0591,1.9986,2.0486,5782454.1,1758780000000,11718014.57763,101482,2025-09-25 05:00:00+00:00
1758780000000,2.0487,2.0692,1.985,1.9931,4969378.4,1758783600000,10105861.25485,98005,2025-09-25 06:00:00+00:00
1758783600000,1.9931,2.0566,1.9564,2.0302,4073979.7,1758787200000,8173070.98339,82041,2025-09-25 07:00:00+00:00
1758787200000,2.0304,2.0582,1.9721,1.9872,4404010.4,1758790800000,8892201.91135,88060,2025-09-25 08:00:00+00:00
1758790800000,1.9871,2.0426,1.96,1.9945,4157800.0,1758794400000,8351646.06564,81788,2025-09-25 09:00:00+00:00
1758794400000,1.9945,2.0222,1.9358,1.9449,4613323.3,1758798000000,9133347.47447,102234,2025-09-25 10:00:00+00:00
1758798000000,1.9449,1.9723,1.9051,1.9261,4767592.4,1758801600000,9253314.53039,88122,2025-09-25 11:00:00+00:00
1758801600000,1.9261,1.9756,1.878,1.879,6024265.6,1758805200000,11700574.31678,99858,2025-09-25 12:00:00+00:00
1758805200000,1.8791,1.9048,1.7651,1.7759,10288060.6,1758808800000,19028119.823,139168,2025-09-25 13:00:00+00:00
1758808800000,1.7759,1.8424,1.6917,1.727,11533432.2,1758812400000,20286777.44822,157681,2025-09-25 14:00:00+00:00
1758812400000,1.7269,1.7579,1.6197,1.7033,11912728.4,1758816000000,20121095.26185,157121,2025-09-25 15:00:00+00:00
1758816000000,1.7033,1.7088,1.6336,1.636,5659208.0,1758819600000,9465597.78939,108570,2025-09-25 16:00:00+00:00
1758819600000,1.636,1.6807,1.5675,1.5826,7972979.1,1758823200000,12903220.52732,116757,2025-09-25 17:00:00+00:00
1758823200000,1.5827,1.6904,1.5824,1.6824,5438670.1,1758826800000,8928138.94878,91225,2025-09-25 18:00:00+00:00
1758826800000,1.6825,1.6975,1.6366,1.6463,3631747.7,1758830400000,6044178.69301,60042,2025-09-25 19:00:00+00:00
1758830400000,1.6464,1.6479,1.5572,1.5681,3888729.5,1758834000000,6205385.39997,58486,2025-09-25 20:00:00+00:00
1758834000000,1.5682,1.661,1.5542,1.6516,3958565.5,1758837600000,6352916.89473,37255,2025-09-25 21:00:00+00:00
1758837600000,1.6518,1.6724,1.6195,1.6342,2173430.6,1758841200000,3579883.39253,25909,2025-09-25 22:00:00+00:00
1758841200000,1.6343,1.66,1.5663,1.5901,3166920.1,1758844800000,5089139.17474,41534,2025-09-25 23:00:00+00:00
1758844800000,1.5902,1.6261,1.5018,1.5795,8339857.1,1758848400000,13042701.07268,119560,2025-09-26 00:00:00+00:00
1758848400000,1.5796,1.5968,1.483,1.4969,5553021.2,1758852000000,8571558.87302,97932,2025-09-26 01:00:00+00:00
1758852000000,1.4968,1.5398,1.4676,1.5083,5334653.9,1758855600000,8061359.74738,97980,2025-09-26 02:00:00+00:00
1758855600000,1.5084,1.5325,1.457,1.5032,6082255.6,1758859200000,9127663.48874,104945,2025-09-26 03:00:00+00:00
1758859200000,1.5033,1.5148,1.4496,1.4549,5820883.9,1758862800000,8606973.12811,99587,2025-09-26 04:00:00+00:00
1758862800000,1.455,1.5574,1.4505,1.5223,6821146.2,1758866400000,10374701.42276,122594,2025-09-26 05:00:00+00:00
1758866400000,1.5224,1.5323,1.4813,1.4852,4927102.9,1758870000000,7406683.50208,97652,2025-09-26 06:00:00+00:00
1758870000000,1.4853,1.5499,1.4805,1.5166,5293468.8,1758873600000,8020922.8695,97603,2025-09-26 07:00:00+00:00
1758873600000,1.5169,1.5908,1.5086,1.573,7218111.9,1758877200000,11236317.85911,120454,2025-09-26 08:00:00+00:00
1758877200000,1.573,1.5942,1.5325,1.5562,5294205.5,1758880800000,8269037.75905,104970,2025-09-26 09:00:00+00:00
1758880800000,1.5562,1.5581,1.5028,1.5133,4187001.5,1758884400000,6387673.60713,76317,2025-09-26 10:00:00+00:00
1758884400000,1.5133,1.5654,1.4832,1.4898,4628043.3,1758888000000,7086165.43665,80840,2025-09-26 11:00:00+00:00
1758888000000,1.4897,1.5564,1.4502,1.5184,6935012.1,1758891600000,10460376.4715,128471,2025-09-26 12:00:00+00:00
1758891600000,1.5185,1.5802,1.4698,1.571,8195680.5,1758895200000,12477988.46659,144340,2025-09-26 13:00:00+00:00
1758895200000,1.5711,1.5753,1.497,1.5192,7050981.1,1758898800000,10779339.57356,120617,2025-09-26 14:00:00+00:00
1758898800000,1.5191,1.5603,1.5023,1.5227,6462536.3,1758902400000,9872598.6405,109441,2025-09-26 15:00:00+00:00
1758902400000,1.5228,1.5689,1.5174,1.5566,6673258.6,1758906000000,10303514.09737,108483,2025-09-26 16:00:00+00:00
1758906000000,1.5565,1.7063,1.5474,1.6938,10291819.6,1758909600000,16833306.19303,159949,2025-09-26 17:00:00+00:00
1758909600000,1.6941,1.7827,1.6754,1.6842,10567185.1,1758913200000,18321632.19457,192041,2025-09-26 18:00:00+00:00
1758913200000,1.6844,1.6913,1.6119,1.6304,5381087.7,1758916800000,8843072.55943,110040,2025-09-26 19:00:00+00:00
1758916800000,1.6304,1.6454,1.5994,1.6145,3538825.9,1758920400000,5728368.86611,67781,2025-09-26 20:00:00+00:00
1758920400000,1.6145,1.6214,1.57,1.6112,2389466.3,1758924000000,3815136.44244,31651,2025-09-26 21:00:00+00:00
1758924000000,1.6112,1.6674,1.593,1.6442,2775892.6,1758927600000,4545260.0444,62476,2025-09-26 22:00:00+00:00
1758927600000,1.6443,1.6679,1.617,1.6509,2978368.6,1758931200000,4897047.12545,64224,2025-09-26 23:00:00+00:00
1758931200000,1.6507,1.7453,1.6189,1.6351,7371085.9,1758934800000,12422650.56531,144723,2025-09-27 00:00:00+00:00
1758934800000,1.6353,1.6818,1.632,1.6594,3837288.0,1758938400000,6338417.92009,77551,2025-09-27 01:00:00+00:00
1758938400000,1.6594,1.6594,1.6079,1.613,4134450.6,1758942000000,6727683.16987,77284,2025-09-27 02:00:00+00:00
1758942000000,1.6129,1.6438,1.5983,1.6342,3306371.1,1758945600000,5348000.61953,70976,2025-09-27 03:00:00+00:00
1758945600000,1.6343,1.6601,1.61,1.6386,3963569.0,1758949200000,6488450.56377,75849,2025-09-27 04:00:00+00:00
1758949200000,1.6385,1.6468,1.5511,1.568,7061025.1,1758952800000,11221199.97578,110778,2025-09-27 05:00:00+00:00
1758952800000,1.5679,1.5683,1.5353,1.5592,7368400.0,1758956400000,11439044.29919,118619,2025-09-27 06:00:00+00:00
1758956400000,1.559,1.5788,1.5355,1.5462,7327691.5,1758960000000,11424371.57724,124757,2025-09-27 07:00:00+00:00
1758960000000,1.5462,1.5495,1.4909,1.4991,7418452.6,1758963600000,11306451.51471,119074,2025-09-27 08:00:00+00:00
1758963600000,1.499,1.5142,1.4835,1.5,7358822.2,1758967200000,11034996.06198,116896,2025-09-27 09:00:00+00:00
1758967200000,1.5001,1.5365,1.4902,1.5266,5371046.0,1758970800000,8156484.48448,90946,2025-09-27 10:00:00+00:00
1758970800000,1.5266,1.5469,1.52,1.5315,5352722.6,1758974400000,8201776.40037,86636,2025-09-27 11:00:00+00:00
1758974400000,1.5316,1.5847,1.5227,1.5717,7953509.9,1758978000000,12416344.69332,127090,2025-09-27 12:00:00+00:00
1758978000000,1.5717,1.5922,1.5602,1.587,7419800.8,1758981600000,11710376.81932,126695,2025-09-27 13:00:00+00:00
1758981600000,1.5871,1.6318,1.5742,1.5778,10580404.7,1758985200000,16927265.41529,174918,2025-09-27 14:00:00+00:00
1758985200000,1.5779,1.6147,1.5451,1.5817,12129129.5,1758988800000,19126008.10361,183622,2025-09-27 15:00:00+00:00
1758988800000,1.5817,1.6019,1.5549,1.5676,10323946.6,1758992400000,16244934.6744,159692,2025-09-27 16:00:00+00:00
1758992400000,1.5675,1.5715,1.5366,1.5428,9443738.3,1758996000000,14647957.64002,140097,2025-09-27 17:00:00+00:00
1758996000000,1.5428,1.5429,1.5137,1.5355,6973641.0,1758999600000,10645348.68583,90615,2025-09-27 18:00:00+00:00
1758999600000,1.5355,1.5461,1.5066,1.5411,6456364.9,1759003200000,9847246.52152,98775,2025-09-27 19:00:00+00:00
1759003200000,1.5411,1.5688,1.5388,1.5649,3945995.8,1759006800000,6132915.4255,72438,2025-09-27 20:00:00+00:00
1759006800000,1.5648,1.5674,1.5208,1.5374,2311065.8,1759010400000,3553714.89297,37016,2025-09-27 21:00:00+00:00
1759010400000,1.5375,1.5509,1.5186,1.5313,1706889.4,1759014000000,2623477.10675,38194,2025-09-27 22:00:00+00:00
1759014000000,1.5314,1.552,1.5078,1.5236,2298814.5,1759017600000,3508976.24797,48634,2025-09-27 23:00:00+00:00
1759017600000,1.5237,1.5319,1.474,1.483,3754036.5,1759021200000,5623763.76357,68578,2025-09-28 00:00:00+00:00
1759021200000,1.4832,1.4893,1.4021,1.4372,5884998.1,1759024800000,8468094.98566,96935,2025-09-28 01:00:00+00:00
1759024800000,1.4371,1.4651,1.414,1.434,5301110.4,1759028400000,7620540.11286,96481,2025-09-28 02:00:00+00:00
1759028400000,1.434,1.4396,1.4092,1.4197,5889110.3,1759032000000,8366729.80998,113210,2025-09-28 03:00:00+00:00
1759032000000,1.4197,1.4261,1.3747,1.3778,7319236.8,1759035600000,10204033.39986,108906,2025-09-28 04:00:00+00:00
1759035600000,1.3779,1.3895,1.3558,1.3805,9613498.6,1759039200000,13193579.48198,141075,2025-09-28 05:00:00+00:00
1759039200000,1.3806,1.3951,1.3448,1.3732,10903665.9,1759042800000,14948045.90762,161514,2025-09-28 06:00:00+00:00
1759042800000,1.3731,1.4025,1.3627,1.3776,9433273.8,1759046400000,13050226.15415,160259,2025-09-28 07:00:00+00:00
1759046400000,1.3777,1.3972,1.3514,1.3712,7300099.9,1759050000000,10023818.52853,128820,2025-09-28 08:00:00+00:00
1759050000000,1.3713,1.3796,1.35,1.36,8817050.2,1759053600000,12026021.44123,141305,2025-09-28 09:00:00+00:00
1759053600000,1.3601,1.3929,1.3482,1.3762,7431236.8,1759057200000,10216213.37364,126419,2025-09-28 10:00:00+00:00
1759057200000,1.3762,1.389,1.352,1.378,6662307.5,1759060800000,9164602.11704,109035,2025-09-28 11:00:00+00:00
1759060800000,1.3782,1.3856,1.3622,1.3782,6020573.4,1759064400000,8261792.7123,100479,2025-09-28 12:00:00+00:00
1759064400000,1.3782,1.4026,1.3715,1.4015,7437648.5,1759068000000,10297935.17096,128132,2025-09-28 13:00:00+00:00
1759068000000,1.4016,1.4091,1.3689,1.4012,9466977.8,1759071600000,13136575.08022,151810,2025-09-28 14:00:00+00:00
1759071600000,1.4012,1.4179,1.387,1.4056,10112652.1,1759075200000,14206932.26287,137507,2025-09-28 15:00:00+00:00
1759075200000,1.4056,1.4269,1.3747,1.3754,9792409.6,1759078800000,13689387.16084,127504,2025-09-28 16:00:00+00:00
1759078800000,1.3754,1.4114,1.3607,1.3895,10172699.1,1759082400000,14080386.24749,122063,2025-09-28 17:00:00+00:00
1759082400000,1.3895,1.4072,1.3827,1.3906,6497015.9,1759086000000,9076880.72933,85420,2025-09-28 18:00:00+00:00
1759086000000,1.3907,1.408,1.3741,1.3806,5430877.6,1759089600000,7539760.70636,81130,2025-09-28 19:00:00+00:00
1759089600000,1.3806,1.4074,1.379,1.4028,6791257.8,1759093200000,9469499.34084,95196,2025-09-28 20:00:00+00:00
1759093200000,1.4028,1.4291,1.3988,1.4257,4450199.2,1759096800000,6307099.17788,49565,2025-09-28 21:00:00+00:00
1759096800000,1.4257,1.4824,1.425,1.4797,6997942.1,1759100400000,10209108.01981,108001,2025-09-28 22:00:00+00:00
1759100400000,1.4797,1.522,1.4694,1.4838,6370493.6,1759104000000,9521744.77738,99633,2025-09-28 23:00:00+00:00
1759104000000,1.4839,1.4884,1.4307,1.4654,4405938.9,1759107600000,6410258.86495,69677,2025-09-29 00:00:00+00:00
1759107600000,1.4654,1.4697,1.3952,1.3997,4809571.8,1759111200000,6874342.88864,74523,2025-09-29 01:00:00+00:00
1759111200000,1.3996,1.4106,1.3848,1.3979,6068538.2,1759114800000,8476969.9798,91736,2025-09-29 02:00:00+00:00
1759114800000,1.398,1.424,1.3855,1.405,11738173.5,1759118400000,16487750.84,170083,2025-09-29 03:00:00+00:00
1759118400000,1.4051,1.4179,1.3876,1.4106,8288777.4,1759122000000,11650237.25799,122216,2025-09-29 04:00:00+00:00
1759122000000,1.4105,1.4717,1.388,1.4576,12870235.7,1759125600000,18406466.16803,182417,2025-09-29 05:00:00+00:00
1759125600000,1.4575,1.4982,1.4412,1.4861,19368235.6,1759129200000,28497064.06728,283591,2025-09-29 06:00:00+00:00
1759129200000,1.4862,1.4948,1.455,1.4694,25825613.5,1759132800000,37955911.86406,312989,2025-09-29 07:00:00+00:00
1759132800000,1.4694,1.4752,1.4322,1.4353,31078210.1,1759136400000,45259930.9121,257832,2025-09-29 08:00:00+00:00
1759136400000,1.4353,1.4437,1.411,1.4319,18654982.0,1759140000000,26652208.97139,229783,2025-09-29 09:00:00+00:00
1759140000000,1.4321,1.445,1.3647,1.3675,14653918.5,1759143600000,20834625.63814,183208,2025-09-29 10:00:00+00:00
1759143600000,1.3676,1.3726,1.2333,1.2453,17640098.8,1759147200000,22749389.79847,247601,2025-09-29 11:00:00+00:00
1759147200000,1.2449,1.2568,1.179,1.1867,13795044.3,1759150800000,16845695.43129,170709,2025-09-29 12:00:00+00:00
1759150800000,1.1866,1.2579,1.1831,1.254,17470833.0,1759154400000,21351404.73777,234541,2025-09-29 13:00:00+00:00
1759154400000,1.2538,1.2695,1.2184,1.2426,20318677.0,1759158000000,25192025.81644,299571,2025-09-29 14:00:00+00:00
1759158000000,1.2428,1.248,1.1255,1.1298,26569827.1,1759161600000,31187760.93456,326634,2025-09-29 15:00:00+00:00
1759161600000,1.1297,1.1537,1.085,1.096,28150034.3,1759165200000,31378293.19814,290823,2025-09-29 16:00:00+00:00
1759165200000,1.0959,1.1173,1.0648,1.1145,30043161.0,1759168800000,32928904.96628,269363,2025-09-29 17:00:00+00:00
1759168800000,1.1145,1.1216,1.0849,1.0896,18198115.6,1759172400000,20014249.34399,180166,2025-09-29 18:00:00+00:00
1759172400000,1.0896,1.1383,1.0866,1.1309,18155714.4,1759176000000,20153588.43942,181451,2025-09-29 19:00:00+00:00
1759176000000,1.1309,1.1725,1.1246,1.1434,16013180.4,1759179600000,18463201.41062,169120,2025-09-29 20:00:00+00:00
1759179600000,1.1434,1.1688,1.132,1.1477,11971597.7,1759183200000,13739409.27067,86550,2025-09-29 21:00:00+00:00
1759183200000,1.1478,1.1487,1.1167,1.1194,9704264.2,1759186800000,10970122.52053,93944,2025-09-29 22:00:00+00:00
1759186800000,1.1193,1.143,1.112,1.1282,14252130.7,1759190400000,16075897.89029,133412,2025-09-29 23:00:00+00:00
1759190400000,1.1282,1.1537,1.0894,1.1057,15895105.6,1759194000000,17645498.53285,143330,2025-09-30 00:00:00+00:00
1759194000000,1.1057,1.1127,1.0882,1.1096,19151075.3,1759197600000,20984057.75769,157431,2025-09-30 01:00:00+00:00
1759197600000,1.1095,1.1247,1.0733,1.0779,30453874.7,1759201200000,33603668.59737,217694,2025-09-30 02:00:00+00:00
1759201200000,1.0779,1.0877,1.0495,1.0642,41294072.4,1759204800000,44171891.63086,302066,2025-09-30 03:00:00+00:00
1759204800000,1.0642,1.097,1.0641,1.0793,39650110.6,1759208400000,43021251.21458,296110,2025-09-30 04:00:00+00:00
1759208400000,1.0793,1.1141,1.0743,1.0981,100742720.8,1759212000000,110706609.33089,395544,2025-09-30 05:00:00+00:00
1759212000000,1.098,1.1247,1.0821,1.1054,213508095.8,1759215600000,235477871.51765,620803,2025-09-30 06:00:00+00:00
1759215600000,1.1055,1.1186,1.0822,1.1072,277148225.1,1759219200000,304538674.20847,796134,2025-09-30 07:00:00+00:00
1759219200000,1.1073,1.2381,1.1056,1.1985,266145977.9,1759222800000,314019631.9512,1145845,2025-09-30 08:00:00+00:00
1759222800000,1.1984,1.2362,1.1401,1.1542,243633148.8,1759226400000,291824631.98145,1206318,2025-09-30 09:00:00+00:00
1759226400000,1.1541,1.1632,1.1208,1.1342,267158461.8,1759230000000,305072575.73829,1487291,2025-09-30 10:00:00+00:00
1759230000000,1.1341,1.1698,1.1129,1.1608,279366918.4,1759233600000,318075618.58249,1504057,2025-09-30 11:00:00+00:00
1759233600000,1.1609,1.2244,1.1592,1.2102,279448539.4,1759237200000,331510556.84472,1973057,2025-09-30 12:00:00+00:00
1759237200000,1.2101,1.2186,1.173,1.1819,15551047.3,1759240800000,18631642.78961,162327,2025-09-30 13:00:00+00:00
1759240800000,1.1819,1.2141,1.1607,1.1891,11455982.6,1759244400000,13611484.95464,132920,2025-09-30 14:00:00+00:00
1759244400000,1.1892,1.1987,1.1251,1.1953,13089178.7,1759248000000,15229813.8882,136733,2025-09-30 15:00:00+00:00
1759248000000,1.1954,1.2092,1.1736,1.1895,8075867.8,1759251600000,9606137.68743,118870,2025-09-30 16:00:00+00:00
1759251600000,1.1895,1.2377,1.1868,1.2105,9679708.3,1759255200000,11716839.19488,123731,2025-09-30 17:00:00+00:00
1759255200000,1.2106,1.2319,1.1996,1.2289,5390292.9,1759258800000,6561680.7272,75961,2025-09-30 18:00:00+00:00
1759258800000,1.229,1.3254,1.2268,1.3094,13343856.3,1759262400000,17221790.49331,144559,2025-09-30 19:00:00+00:00
1759262400000,1.3095,1.3236,1.28,1.2893,8365024.8,1759266000000,10892961.98024,83685,2025-09-30 20:00:00+00:00
1759266000000,1.2894,1.298,1.2579,1.2727,5347518.3,1759269600000,6823016.07041,37684,2025-09-30 21:00:00+00:00
1759269600000,1.2728,1.3031,1.2439,1.2636,4125615.3,1759273200000,5245958.19569,45096,2025-09-30 22:00:00+00:00
1759273200000,1.2636,1.31,1.2509,1.2954,4610555.2,1759276800000,5917594.84635,50839,2025-09-30 23:00:00+00:00
1759276800000,1.2954,1.2993,1.2032,1.2205,6277972.9,1759280400000,7801459.25881,65981,2025-10-01 00:00:00+00:00
1759280400000,1.2206,1.2613,1.219,1.243,3720936.4,1759284000000,4603706.82963,48006,2025-10-01 01:00:00+00:00
1759284000000,1.243,1.2478,1.2134,1.2138,2592438.1,1759287600000,3189484.31781,35940,2025-10-01 02:00:00+00:00
1759287600000,1.2139,1.22,1.178,1.1806,3506945.3,1759291200000,4201650.35312,37359,2025-10-01 03:00:00+00:00
1759291200000,1.1807,1.2161,1.1793,1.1867,4426553.7,1759294800000,5296751.38427,45337,2025-10-01 04:00:00+00:00
1759294800000,1.1868,1.2169,1.1809,1.1897,3234295.2,1759298400000,3884131.92124,38282,2025-10-01 05:00:00+00:00
1759298400000,1.1897,1.2062,1.1558,1.1603,4295922.8,1759302000000,5057859.4742,32368,2025-10-01 06:00:00+00:00
1759302000000,1.1604,1.1858,1.1572,1.1752,2927231.7,1759305600000,3435577.75146,29547,2025-10-01 07:00:00+00:00
1759305600000,1.1754,1.2223,1.1676,1.2078,4877486.4,1759309200000,5845997.87063,44920,2025-10-01 08:00:00+00:00
1759309200000,1.2076,1.2562,1.2062,1.2251,5047591.1,1759312800000,6228624.16567,38994,2025-10-01 09:00:00+00:00
1759312800000,1.2253,1.2352,1.2077,1.2111,3172772.9,1759316400000,3875700.44064,32944,2025-10-01 10:00:00+00:00
1759316400000,1.2112,1.2488,1.2106,1.2284,3951135.3,1759320000000,4864655.60282,31703,2025-10-01 11:00:00+00:00
1759320000000,1.2283,1.2452,1.2111,1.2251,5566580.6,1759323600000,6820507.8826,33914,2025-10-01 12:00:00+00:00
1759323600000,1.2252,1.2711,1.2188,1.2591,4919018.0,1759327200000,6147868.35939,45752,2025-10-01 13:00:00+00:00
1759327200000,1.259,1.2681,1.21,1.215,3597263.4,1759330800000,4451283.1028,40742,2025-10-01 14:00:00+00:00
1759330800000,1.2149,1.2214,1.1868,1.1907,3976726.6,1759334400000,4799573.57403,30564,2025-10-01 15:00:00+00:00
1759334400000,1.1908,1.2129,1.1696,1.1758,2827467.9,1759338000000,3370330.88606,30085,2025-10-01 16:00:00+00:00
1759338000000,1.1756,1.2174,1.1745,1.2007,3927743.5,1759341600000,4699694.29283,29492,2025-10-01 17:00:00+00:00
1759341600000,1.2007,1.2032,1.1801,1.1986,2318522.8,1759345200000,2765960.49043,19963,2025-10-01 18:00:00+00:00
1759345200000,1.1985,1.2135,1.1601,1.1905,8081619.6,1759348800000,9627492.77888,43053,2025-10-01 19:00:00+00:00
1759348800000,1.1904,1.2098,1.1571,1.1664,11976496.5,1759352400000,14217678.4659,50296,2025-10-01 20:00:00+00:00
1759352400000,1.1664,1.1899,1.146,1.1871,2211407.1,1759356000000,2579985.97416,19635,2025-10-01 21:00:00+00:00
1759356000000,1.187,1.1996,1.1808,1.1839,2620705.8,1759359600000,3121371.28812,23161,2025-10-01 22:00:00+00:00
1759359600000,1.1838,1.1978,1.1744,1.1939,1547826.6,1759363200000,1837812.4575,17904,2025-10-01 23:00:00+00:00
1759363200000,1.1939,1.2091,1.1549,1.175,3091760.9,1759366800000,3639896.52075,33872,2025-10-02 00:00:00+00:00
1759366800000,1.1753,1.2007,1.1673,1.1948,2238143.8,1759370400000,2658967.94335,25968,2025-10-02 01:00:00+00:00
1759370400000,1.1947,1.2003,1.1798,1.1894,1893704.6,1759374000000,2258486.78446,21547,2025-10-02 02:00:00+00:00
1759374000000,1.1895,1.2032,1.1736,1.1822,6157367.5,1759377600000,7317126.06267,29509,2025-10-02 03:00:00+00:00
1759377600000,1.1823,1.1882,1.1607,1.1681,1520497.9,1759381200000,1782832.11872,17290,2025-10-02 04:00:00+00:00
1759381200000,1.1682,1.1742,1.1582,1.1645,1411985.5,1759384800000,1645636.64567,17197,2025-10-02 05:00:00+00:00
1759384800000,1.1646,1.1982,1.1642,1.188,8641644.1,1759388400000,10248685.73896,34395,2025-10-02 06:00:00+00:00
1759388400000,1.188,1.1961,1.1725,1.1805,20259576.2,1759392000000,24028446.61348,48677,2025-10-02 07:00:00+00:00
1759392000000,1.1806,1.21,1.1763,1.2077,2954528.9,1759395600000,3518711.31567,20678,2025-10-02 08:00:00+00:00
1759395600000,1.2078,1.2376,1.195,1.2015,3095208.4,1759399200000,3754874.07425,33970,2025-10-02 09:00:00+00:00
1759399200000,1.2015,1.2042,1.165,1.1804,2181770.3,1759402800000,2575545.33034,20156,2025-10-02 10:00:00+00:00
1759402800000,1.1804,1.1903,1.1687,1.1813,1290983.1,1759406400000,1525488.99072,16663,2025-10-02 11:00:00+00:00
1759406400000,1.1811,1.2079,1.1785,1.1829,1986966.4,1759410000000,2370456.53689,22716,2025-10-02 12:00:00+00:00
1759410000000,1.183,1.1835,1.1147,1.1218,7538170.3,1759413600000,8609908.89098,48968,2025-10-02 13:00:00+00:00
1759413600000,1.1217,1.1299,1.1003,1.1263,4202152.0,1759417200000,4683179.34715,32521,2025-10-02 14:00:00+00:00
1759417200000,1.1263,1.1458,1.1219,1.1384,2483264.9,1759420800000,2819711.81366,25000,2025-10-02 15:00:00+00:00
1759420800000,1.1384,1.1497,1.1136,1.1213,2329898.6,1759424400000,2636655.85418,21839,2025-10-02 16:00:00+00:00
1759424400000,1.1212,1.1285,1.1113,1.1158,1063477.7,1759428000000,1188411.70933,13685,2025-10-02 17:00:00+00:00
1759428000000,1.1159,1.1286,1.1117,1.1135,1097740.9,1759431600000,1230620.29416,14868,2025-10-02 18:00:00+00:00
1759431600000,1.1135,1.1257,1.1089,1.1177,1131114.3,1759435200000,1264813.40126,15011,2025-10-02 19:00:00+00:00
1759435200000,1.1179,1.1454,1.114,1.137,1901716.0,1759438800000,2153894.33463,18215,2025-10-02 20:00:00+00:00
1759438800000,1.1371,1.1442,1.127,1.1349,628861.2,1759442400000,713335.11509,6229,2025-10-02 21:00:00+00:00
1759442400000,1.1348,1.1429,1.1133,1.1325,1839997.6,1759446000000,2073598.85684,19223,2025-10-02 22:00:00+00:00
1759446000000,1.1326,1.1346,1.1166,1.1312,1349547.7,1759449600000,1518084.19595,14139,2025-10-02 23:00:00+00:00
1759449600000,1.1312,1.1326,1.1059,1.1233,1262899.7,1759453200000,1414479.89847,16506,2025-10-03 00:00:00+00:00
1759453200000,1.1232,1.1262,1.0921,1.0936,2592888.1,1759456800000,2868494.7165,22255,2025-10-03 01:00:00+00:00
1759456800000,1.0938,1.134,1.0831,1.1243,2805475.7,1759460400000,3116433.62085,34349,2025-10-03 02:00:00+00:00
1759460400000,1.1242,1.1458,1.1161,1.138,2765536.5,1759464000000,3121917.00965,28548,2025-10-03 03:00:00+00:00
1759464000000,1.138,1.1759,1.1275,1.1505,8353290.8,1759467600000,9659450.24947,62068,2025-10-03 04:00:00+00:00
1759467600000,1.1505,1.1793,1.1411,1.1722,2186065.2,1759471200000,2540344.58628,26925,2025-10-03 05:00:00+00:00
1759471200000,1.1722,1.1992,1.1717,1.1814,2762115.7,1759474800000,3278103.8448,35030,2025-10-03 06:00:00+00:00
1759474800000,1.1815,1.2097,1.1801,1.1965,2233793.5,1759478400000,2668666.69604,32210,2025-10-03 07:00:00+00:00
1759478400000,1.1965,1.2038,1.1678,1.1768,2635590.2,1759482000000,3117150.53936,34360,2025-10-03 08:00:00+00:00
1759482000000,1.1768,1.1889,1.1469,1.1506,2135532.5,1759485600000,2489689.69178,26925,2025-10-03 09:00:00+00:00
1759485600000,1.1507,1.1752,1.1489,1.1709,1706594.2,1759489200000,1989349.07468,19665,2025-10-03 10:00:00+00:00
1759489200000,1.1709,1.1882,1.1642,1.1796,1484066.4,1759492800000,1748612.94656,19844,2025-10-03 11:00:00+00:00
1759492800000,1.1797,1.1846,1.1565,1.1619,2228632.9,1759496400000,2609555.53859,30111,2025-10-03 12:00:00+00:00
1759496400000,1.1619,1.2015,1.1511,1.1916,3257044.8,1759500000000,3838497.30002,37695,2025-10-03 13:00:00+00:00
1759500000000,1.1917,1.2038,1.1722,1.193,4342269.6,1759503600000,5169547.23051,43803,2025-10-03 14:00:00+00:00
1759503600000,1.1928,1.1928,1.1661,1.1802,2435678.8,1759507200000,2868224.35373,31734,2025-10-03 15:00:00+00:00
1759507200000,1.1802,1.2317,1.1802,1.2038,5223403.2,1759510800000,6294904.01609,52085,2025-10-03 16:00:00+00:00
1759510800000,1.2037,1.2058,1.1616,1.1824,5794780.6,1759514400000,6863190.50322,59525,2025-10-03 17:00:00+00:00
1759514400000,1.1824,1.2699,1.1717,1.2316,5630427.1,1759518000000,6917164.06731,53888,2025-10-03 18:00:00+00:00
1759518000000,1.2315,1.2802,1.2281,1.2605,4411330.6,1759521600000,5535947.04946,49938,2025-10-03 19:00:00+00:00
1759521600000,1.2605,1.3,1.2584,1.2784,3608482.3,1759525200000,4616654.50328,46336,2025-10-03 20:00:00+00:00
1759525200000,1.2782,1.283,1.2369,1.2458,2126699.4,1759528800000,2670162.39857,21617,2025-10-03 21:00:00+00:00
1759528800000,1.2459,1.2687,1.2124,1.2232,2779820.7,1759532400000,3439166.14583,32466,2025-10-03 22:00:00+00:00
1759532400000,1.2231,1.2579,1.218,1.253,2682970.5,1759536000000,3313930.09087,30726,2025-10-03 23:00:00+00:00
1759536000000,1.2531,1.2579,1.2133,1.2225,2777162.3,1759539600000,3424274.07781,34826,2025-10-04 00:00:00+00:00
1759539600000,1.2226,1.24,1.2191,1.2259,1466180.9,1759543200000,1801373.44912,20236,2025-10-04 01:00:00+00:00
1759543200000,1.226,1.2294,1.1966,1.2069,1597768.2,1759546800000,1929359.21805,18871,2025-10-04 02:00:00+00:00
1759546800000,1.207,1.2203,1.1973,1.2085,1000294.9,1759550400000,1208468.85336,15655,2025-10-04 03:00:00+00:00
1759550400000,1.2086,1.2199,1.1815,1.1863,1419438.9,1759554000000,1701984.71752,19570,2025-10-04 04:00:00+00:00
1759554000000,1.1865,1.212,1.1865,1.2009,1464183.4,1759557600000,1760844.08494,16587,2025-10-04 05:00:00+00:00
1759557600000,1.2008,1.26,1.1983,1.2569,3690189.7,1759561200000,4572631.92063,38606,2025-10-04 06:00:00+00:00
1759561200000,1.257,1.2874,1.254,1.2693,3418213.5,1759564800000,4345851.87397,42248,2025-10-04 07:00:00+00:00
1759564800000,1.2693,1.2739,1.2108,1.2217,3834808.6,1759568400000,4724914.61494,35955,2025-10-04 08:00:00+00:00
1759568400000,1.2215,1.2538,1.2142,1.2199,2503476.2,1759572000000,3085744.68822,28427,2025-10-04 09:00:00+00:00
1759572000000,1.2199,1.2288,1.2017,1.2091,1565257.7,1759575600000,1900804.35853,20439,2025-10-04 10:00:00+00:00
1759575600000,1.209,1.2149,1.1965,1.2027,1606774.1,1759579200000,1934271.63937,18214,2025-10-04 11:00:00+00:00
1759579200000,1.2027,1.2159,1.1881,1.1907,1290162.3,1759582800000,1550311.41791,17699,2025-10-04 12:00:00+00:00
1759582800000,1.1906,1.2173,1.1858,1.21,1114727.7,1759586400000,1344725.20037,17742,2025-10-04 13:00:00+00:00
1759586400000,1.2099,1.2472,1.1968,1.2049,2813741.4,1759590000000,3445291.53638,35516,2025-10-04 14:00:00+00:00
1759590000000,1.2049,1.212,1.1581,1.1701,3066680.9,1759593600000,3623510.75664,36602,2025-10-04 15:00:00+00:00
1759593600000,1.1703,1.1814,1.1529,1.1716,1741355.4,1759597200000,2026731.74976,22609,2025-10-04 16:00:00+00:00
1759597200000,1.1716,1.1796,1.1658,1.1783,858730.0,1759600800000,1007068.41714,13315,2025-10-04 17:00:00+00:00
1759600800000,1.1784,1.1902,1.1693,1.1707,968005.0,1759604400000,1142299.21347,14956,2025-10-04 18:00:00+00:00
1759604400000,1.1707,1.1802,1.166,1.1779,773914.2,1759608000000,908260.64335,10195,2025-10-04 19:00:00+00:00
1759608000000,1.1779,1.1828,1.1692,1.1736,837119.6,1759611600000,984450.05859,10704,2025-10-04 20:00:00+00:00
1759611600000,1.1736,1.1826,1.1687,1.1722,604781.1,1759615200000,711205.84205,6264,2025-10-04 21:00:00+00:00
1759615200000,1.1722,1.1778,1.1639,1.1653,774289.5,1759618800000,906312.71115,10477,2025-10-04 22:00:00+00:00
1759618800000,1.1654,1.1663,1.1553,1.1585,1139111.5,1759622400000,1323165.90989,10980,2025-10-04 23:00:00+00:00
1759622400000,1.1586,1.1596,1.122,1.1253,5093017.0,1759626000000,5780927.1557,29289,2025-10-05 00:00:00+00:00
1759626000000,1.1253,1.1412,1.118,1.1372,1825852.7,1759629600000,2062555.61663,15772,2025-10-05 01:00:00+00:00
1759629600000,1.1372,1.1853,1.1352,1.1787,2318785.5,1759633200000,2703424.62855,26691,2025-10-05 02:00:00+00:00
1759633200000,1.1788,1.1822,1.1596,1.1608,1459689.0,1759636800000,1709641.01255,17606,2025-10-05 03:00:00+00:00
1759636800000,1.1609,1.1857,1.1554,1.1759,1683997.3,1759640400000,1974510.96261,19523,2025-10-05 04:00:00+00:00
1759640400000,1.1758,1.1813,1.1615,1.1655,1094282.3,1759644000000,1280420.33989,15722,2025-10-05 05:00:00+00:00
1759644000000,1.1655,1.1665,1.1463,1.1559,1412606.8,1759647600000,1634217.63733,16101,2025-10-05 06:00:00+00:00
1759647600000,1.156,1.1607,1.1481,1.154,1152754.2,1759651200000,1331012.42008,14012,2025-10-05 07:00:00+00:00
1759651200000,1.1539,1.1707,1.1485,1.1681,1746537.7,1759654800000,2026370.0329,16373,2025-10-05 08:00:00+00:00
1759654800000,1.1681,1.171,1.1327,1.1355,3076940.5,1759658400000,3536188.07808,27649,2025-10-05 09:00:00+00:00
1759658400000,1.1356,1.1409,1.1255,1.1365,1749399.4,1759662000000,1982681.43217,17095,2025-10-05 10:00:00+00:00
1759662000000,1.1365,1.1367,1.1077,1.1278,2400758.8,1759665600000,2699601.34,29851,2025-10-05 11:00:00+00:00
1759665600000,1.1277,1.1343,1.1113,1.1311,1656161.9,1759669200000,1863246.01428,17816,2025-10-05 12:00:00+00:00
1759669200000,1.1309,1.14,1.1063,1.1315,4281257.7,1759672800000,4818510.77452,25151,2025-10-05 13:00:00+00:00
1759672800000,1.1314,1.1397,1.1199,1.1299,1984858.4,1759676400000,2241409.89567,16302,2025-10-05 14:00:00+00:00
1759676400000,1.1299,1.1407,1.125,1.1386,1152707.5,1759680000000,1306746.33611,11831,2025-10-05 15:00:00+00:00
1759680000000,1.1386,1.1457,1.1268,1.139,1072180.5,1759683600000,1218123.59121,13111,2025-10-05 16:00:00+00:00
1759683600000,1.1391,1.1442,1.1111,1.1182,1106170.7,1759687200000,1245813.82495,12398,2025-10-05 17:00:00+00:00
1759687200000,1.1182,1.1248,1.1072,1.1171,1039601.9,1759690800000,1158701.25427,13049,2025-10-05 18:00:00+00:00
1759690800000,1.1172,1.1216,1.0988,1.1142,1242074.9,1759694400000,1378368.70799,14512,2025-10-05 19:00:00+00:00
1759694400000,1.1143,1.1278,1.1107,1.1193,783901.8,1759698000000,877557.61423,12719,2025-10-05 20:00:00+00:00
1759698000000,1.1192,1.1192,1.1072,1.1088,1056864.1,1759701600000,1175350.13995,7472,2025-10-05 21:00:00+00:00
1759701600000,1.1089,1.1165,1.1014,1.1145,698891.4,1759705200000,774853.05939,9079,2025-10-05 22:00:00+00:00
1759705200000,1.1144,1.1234,1.1115,1.1205,477522.9,1759708800000,533345.89129,7613,2025-10-05 23:00:00+00:00
1759708800000,1.1206,1.1386,1.1086,1.1349,1956175.3,1759712400000,2205001.68761,21154,2025-10-06 00:00:00+00:00
1759712400000,1.1349,1.1504,1.1273,1.134,1959034.3,1759716000000,2230235.60682,21797,2025-10-06 01:00:00+00:00
1759716000000,1.1338,1.1372,1.1122,1.1266,1474727.9,1759719600000,1663911.18125,17939,2025-10-06 02:00:00+00:00
1759719600000,1.1266,1.1386,1.1236,1.1365,1011158.7,1759723200000,1143729.90768,13932,2025-10-06 03:00:00+00:00
1759723200000,1.1365,1.142,1.1154,1.1188,877818.8,1759726800000,988519.75533,12722,2025-10-06 04:00:00+00:00
1759726800000,1.1188,1.129,1.1167,1.1263,661478.6,1759730400000,743150.7126,11585,2025-10-06 05:00:00+00:00
1759730400000,1.1262,1.1519,1.1262,1.1463,1714523.7,1759734000000,1956625.90728,19823,2025-10-06 06:00:00+00:00
1759734000000,1.1463,1.1486,1.1232,1.1322,2061457.6,1759737600000,2340557.00436,22799,2025-10-06 07:00:00+00:00
1759737600000,1.1322,1.1524,1.1322,1.1454,1728716.4,1759741200000,1976375.92833,22288,2025-10-06 08:00:00+00:00
1759741200000,1.1455,1.1518,1.1257,1.1328,1456704.9,1759744800000,1654032.83423,17787,2025-10-06 09:00:00+00:00
1759744800000,1.1326,1.1368,1.1194,1.1223,1684334.4,1759748400000,1899364.97475,16683,2025-10-06 10:00:00+00:00
1759748400000,1.1222,1.1358,1.1196,1.1332,1049477.1,1759752000000,1184251.86512,11928,2025-10-06 11:00:00+00:00
1759752000000,1.1332,1.143,1.1289,1.1373,1258940.2,1759755600000,1430171.69906,14621,2025-10-06 12:00:00+00:00
1759755600000,1.1373,1.1506,1.1277,1.1388,2184256.2,1759759200000,2486607.44174,19785,2025-10-06 13:00:00+00:00
1759759200000,1.1388,1.1451,1.1257,1.1329,1476733.1,1759762800000,1677754.32494,16708,2025-10-06 14:00:00+00:00
1759762800000,1.1329,1.1394,1.1156,1.1172,1827416.4,1759766400000,2062907.02351,17967,2025-10-06 15:00:00+00:00
1759766400000,1.1173,1.1235,1.1033,1.1108,2205937.4,1759770000000,2452090.03926,18344,2025-10-06 16:00:00+00:00
1759770000000,1.1108,1.1193,1.0913,1.1025,3093340.7,1759773600000,3410504.93266,26169,2025-10-06 17:00:00+00:00
1759773600000,1.1025,1.1143,1.093,1.1048,1661722.3,1759777200000,1833047.52807,17552,2025-10-06 18:00:00+00:00
1759777200000,1.1047,1.114,1.0978,1.1104,1109685.5,1759780800000,1228500.92297,12780,2025-10-06 19:00:00+00:00
1759780800000,1.1104,1.1183,1.1043,1.1102,934502.5,1759784400000,1037800.11942,10141,2025-10-06 20:00:00+00:00
1759784400000,1.1103,1.1164,1.1019,1.1161,744091.8,1759788000000,826115.20615,6400,2025-10-06 21:00:00+00:00
1759788000000,1.1159,1.1345,1.1083,1.1344,1210008.5,1759791600000,1357051.79669,13316,2025-10-06 22:00:00+00:00
1759791600000,1.1345,1.1357,1.1223,1.1298,990479.8,1759795200000,1118734.53513,13293,2025-10-06 23:00:00+00:00
1759795200000,1.1298,1.13,1.1072,1.1163,804398.2,1759798800000,898560.89,12183,2025-10-07 00:00:00+00:00
1759798800000,1.1162,1.117,1.1019,1.1088,1060690.5,1759802400000,1175324.02058,13249,2025-10-07 01:00:00+00:00
1759802400000,1.1087,1.1167,1.1029,1.1044,742437.1,1759806000000,823894.16182,9614,2025-10-07 02:00:00+00:00
1759806000000,1.1045,1.1139,1.1005,1.1077,666433.5,1759809600000,737615.55644,9187,2025-10-07 03:00:00+00:00
1759809600000,1.1076,1.1076,1.083,1.0972,1675556.2,1759813200000,1833617.73489,14896,2025-10-07 04:00:00+00:00
1759813200000,1.0972,1.1033,1.0873,1.1019,736510.6,1759816800000,805839.13797,10154,2025-10-07 05:00:00+00:00
1759816800000,1.1019,1.1033,1.0828,1.0876,1096177.5,1759820400000,1194922.27922,11899,2025-10-07 06:00:00+00:00
1759820400000,1.0877,1.0932,1.0602,1.0689,1831725.3,1759824000000,1969027.92964,18657,2025-10-07 07:00:00+00:00
1759824000000,1.069,1.0735,1.0514,1.0726,2216172.2,1759827600000,2355829.49872,18967,2025-10-07 08:00:00+00:00
1759827600000,1.0726,1.0824,1.0647,1.0731,1514437.5,1759831200000,1624160.15949,14126,2025-10-07 09:00:00+00:00
1759831200000,1.0731,1.0911,1.071,1.0828,1876819.4,1759834800000,2026715.4559,16524,2025-10-07 10:00:00+00:00
1759834800000,1.0829,1.0956,1.0825,1.0926,1712295.9,1759838400000,1867222.95831,15333,2025-10-07 11:00:00+00:00
1759838400000,1.0926,1.0973,1.0843,1.097,1866348.4,1759842000000,2038008.65586,14397,2025-10-07 12:00:00+00:00
1759842000000,1.0972,1.1045,1.0624,1.0652,2070899.0,1759845600000,2243364.8174,21295,2025-10-07 13:00:00+00:00
1759845600000,1.0652,1.0659,1.001,1.007,5151530.4,1759849200000,5299019.22002,39378,2025-10-07 14:00:00+00:00
1759849200000,1.0069,1.0248,0.9937,0.998,4287554.3,1759852800000,4319784.26985,35071,2025-10-07 15:00:00+00:00
1759852800000,0.9981,1.0026,0.9643,0.9798,4369886.8,1759856400000,4278824.33978,33989,2025-10-07 16:00:00+00:00
1759856400000,0.9797,0.9871,0.9679,0.9742,2051241.9,1759860000000,2003972.5886,19987,2025-10-07 17:00:00+00:00
1759860000000,0.9743,0.9796,0.9622,0.9627,1790978.2,1759863600000,1741306.56853,17605,2025-10-07 18:00:00+00:00
1759863600000,0.9627,0.9756,0.9616,0.9651,1503799.9,1759867200000,1455054.92213,15061,2025-10-07 19:00:00+00:00
1759867200000,0.9652,0.9876,0.9639,0.9817,1901242.6,1759870800000,1861826.35633,14969,2025-10-07 20:00:00+00:00
1759870800000,0.9816,0.9816,0.9641,0.9688,1123862.0,1759874400000,1095921.37912,9648,2025-10-07 21:00:00+00:00
1759874400000,0.9689,0.9754,0.9608,0.9735,1109916.5,1759878000000,1075358.47144,11595,2025-10-07 22:00:00+00:00
1759878000000,0.9734,0.9763,0.9527,0.9559,1839662.3,1759881600000,1765937.91316,15354,2025-10-07 23:00:00+00:00
1759881600000,0.956,0.9594,0.9107,0.927,3920735.6,1759885200000,3652944.9523,26377,2025-10-08 00:00:00+00:00
1759885200000,0.927,0.9301,0.9061,0.9237,2277862.0,1759888800000,2088450.56054,19214,2025-10-08 01:00:00+00:00
1759888800000,0.9237,0.9264,0.9118,0.9123,1283624.2,1759892400000,1181885.69465,13585,2025-10-08 02:00:00+00:00
1759892400000,0.9125,0.9131,0.8701,0.8723,3710957.3,1759896000000,3291750.18764,27080,2025-10-08 03:00:00+00:00
1759896000000,0.8724,0.895,0.8715,0.8874,2557713.4,1759899600000,2261857.40714,22137,2025-10-08 04:00:00+00:00
1759899600000,0.8874,0.8882,0.8752,0.8801,1590820.0,1759903200000,1401221.56849,15298,2025-10-08 05:00:00+00:00
1759903200000,0.8802,0.9006,0.8742,0.9,1817287.9,1759906800000,1607100.62799,17754,2025-10-08 06:00:00+00:00
1759906800000,0.9,0.9056,0.891,0.8973,1241228.5,1759910400000,1114172.00447,14642,2025-10-08 07:00:00+00:00
1759910400000,0.8974,0.9213,0.8959,0.9145,2081511.8,1759914000000,1899558.36807,20290,2025-10-08 08:00:00+00:00
1759914000000,0.9142,0.9151,0.8962,0.9058,1478349.7,1759917600000,1337136.04762,13372,2025-10-08 09:00:00+00:00
1759917600000,0.9058,0.9098,0.8944,0.8983,887465.2,1759921200000,799501.78664,9885,2025-10-08 10:00:00+00:00
1759921200000,0.8983,0.9085,0.895,0.8956,1078230.5,1759924800000,971722.63188,10011,2025-10-08 11:00:00+00:00
1759924800000,0.8956,0.8971,0.8873,0.895,1214730.6,1759928400000,1083519.87612,11109,2025-10-08 12:00:00+00:00
1759928400000,0.8949,0.9068,0.8902,0.9061,1225921.6,1759932000000,1102939.94526,13445,2025-10-08 13:00:00+00:00
1759932000000,0.9061,0.923,0.896,0.8977,2525947.9,1759935600000,2305081.72788,21608,2025-10-08 14:00:00+00:00
1759935600000,0.8976,0.9193,0.897,0.9093,1242534.4,1759939200000,1132178.87008,15244,2025-10-08 15:00:00+00:00
1759939200000,0.9095,0.9595,0.9085,0.9473,3685961.0,1759942800000,3454789.76995,29569,2025-10-08 16:00:00+00:00
1759942800000,0.9472,0.9506,0.9294,0.9357,1537673.8,1759946400000,1443833.64967,19862,2025-10-08 17:00:00+00:00
1759946400000,0.9357,0.9471,0.9307,0.9395,951033.6,1759950000000,893048.57615,14805,2025-10-08 18:00:00+00:00
1759950000000,0.9394,0.9424,0.9246,0.9266,729262.8,1759953600000,679127.49546,11679,2025-10-08 19:00:00+00:00
1759953600000,0.9266,0.9363,0.9224,0.925,519053.6,1759957200000,482410.26325,8318,2025-10-08 20:00:00+00:00
1759957200000,0.925,0.9324,0.9109,0.9153,880085.6,1759960800000,811656.20408,6979,2025-10-08 21:00:00+00:00
1759960800000,0.9152,0.9182,0.9089,0.9093,1218516.0,1759964400000,1113550.65773,8171,2025-10-08 22:00:00+00:00
1759964400000,0.9094,0.9218,0.9024,0.9149,1650157.0,1759968000000,1499935.62082,10968,2025-10-08 23:00:00+00:00
1759968000000,0.9149,0.9163,0.8992,0.905,926493.7,1759971600000,840044.19476,11685,2025-10-09 00:00:00+00:00
1759971600000,0.905,0.906,0.895,0.901,823036.4,1759975200000,741223.73046,10533,2025-10-09 01:00:00+00:00
1759975200000,0.901,0.9075,0.8566,0.8602,2266558.0,1759978800000,1987235.89856,20245,2025-10-09 02:00:00+00:00
1759978800000,0.8602,0.8801,0.8599,0.8725,1294780.7,1759982400000,1129392.20564,13059,2025-10-09 03:00:00+00:00
1759982400000,0.8725,0.8915,0.8681,0.8901,918579.5,1759986000000,810824.82275,11848,2025-10-09 04:00:00+00:00
1759986000000,0.8901,0.8932,0.8781,0.8796,754766.1,1759989600000,667632.01924,9416,2025-10-09 05:00:00+00:00
1759989600000,0.8795,0.883,0.8689,0.873,781359.8,1759993200000,683770.0954,9244,2025-10-09 06:00:00+00:00
1759993200000,0.8729,0.8778,0.8624,0.864,825052.5,1759996800000,717130.12814,10944,2025-10-09 07:00:00+00:00
1759996800000,0.864,0.8687,0.8033,0.8153,5855114.0,1760000400000,4832398.06899,40045,2025-10-09 08:00:00+00:00
1760000400000,0.8152,0.8515,0.812,0.8441,2773108.1,1760004000000,2304351.89365,23773,2025-10-09 09:00:00+00:00
1760004000000,0.8442,0.8487,0.824,0.8277,1488621.5,1760007600000,1240363.23052,16117,2025-10-09 10:00:00+00:00
1760007600000,0.8276,0.8394,0.8208,0.8224,1390937.9,1760011200000,1156760.00961,12458,2025-10-09 11:00:00+00:00
1760011200000,0.8224,0.8454,0.8214,0.8427,1685200.1,1760014800000,1408436.32607,14994,2025-10-09 12:00:00+00:00
1760014800000,0.8426,0.8485,0.8251,0.8262,1213044.7,1760018400000,1011561.98106,14988,2025-10-09 13:00:00+00:00
1760018400000,0.8263,0.8361,0.8087,0.823,1843800.3,1760022000000,1515962.32305,22114,2025-10-09 14:00:00+00:00
1760022000000,0.8231,0.8334,0.8196,0.8218,1077113.7,1760025600000,890757.73042,16413,2025-10-09 15:00:00+00:00
1760025600000,0.8217,0.8327,0.8113,0.8171,1917464.0,1760029200000,1575184.70352,18274,2025-10-09 16:00:00+00:00
1760029200000,0.817,0.8388,0.8165,0.8376,1500719.9,1760032800000,1243656.7917,17895,2025-10-09 17:00:00+00:00
1760032800000,0.8375,0.841,0.8132,0.8135,1030686.9,1760036400000,852182.36017,12090,2025-10-09 18:00:00+00:00
1760036400000,0.8134,0.8199,0.8067,0.8176,859765.7,1760040000000,700703.76757,11528,2025-10-09 19:00:00+00:00
1760040000000,0.8177,0.8203,0.7938,0.8142,2013667.1,1760043600000,1621566.43857,16860,2025-10-09 20:00:00+00:00
1760043600000,0.8143,0.8236,0.8099,0.8118,690707.2,1760047200000,562969.33007,6399,2025-10-09 21:00:00+00:00
1760047200000,0.812,0.8222,0.8074,0.82,855772.6,1760050800000,698803.97868,9109,2025-10-09 22:00:00+00:00
1760050800000,0.8201,0.8324,0.8201,0.8289,654904.8,1760054400000,541363.8525,8356,2025-10-09 23:00:00+00:00
1760054400000,0.8291,0.8816,0.8253,0.8797,2771829.0,1760058000000,2379089.5013,27840,2025-10-10 00:00:00+00:00
1760058000000,0.8797,0.8893,0.8569,0.8648,3029850.6,1760061600000,2648887.69721,34508,2025-10-10 01:00:00+00:00
1760061600000,0.8648,0.8668,0.8415,0.8486,1559153.3,1760065200000,1328929.70836,18537,2025-10-10 02:00:00+00:00
1760065200000,0.8486,0.8748,0.8419,0.8633,1908409.8,1760068800000,1644916.34446,20891,2025-10-10 03:00:00+00:00
1760068800000,0.8632,0.8673,0.8466,0.8503,1093202.3,1760072400000,936980.25556,14542,2025-10-10 04:00:00+00:00
1760072400000,0.8503,0.8708,0.845,0.8667,1033448.5,1760076000000,886502.91905,13032,2025-10-10 05:00:00+00:00
1760076000000,0.8668,0.8671,0.8346,0.8364,1623179.8,1760079600000,1373585.74465,17875,2025-10-10 06:00:00+00:00
1760079600000,0.8365,0.8411,0.823,0.8335,1674766.1,1760083200000,1393039.84864,15738,2025-10-10 07:00:00+00:00
1760083200000,0.8336,0.8461,0.833,0.8412,1242191.9,1760086800000,1043332.48142,14083,2025-10-10 08:00:00+00:00
1760086800000,0.8411,0.8531,0.8385,0.8453,1036954.0,1760090400000,877229.77918,10593,2025-10-10 09:00:00+00:00
1760090400000,0.8453,0.8652,0.8436,0.8618,1489806.9,1760094000000,1277915.53788,14152,2025-10-10 10:00:00+00:00
1760094000000,0.8617,0.8755,0.8525,0.8704,1179654.0,1760097600000,1017550.58007,12342,2025-10-10 11:00:00+00:00
1760097600000,0.8703,0.8791,0.8612,0.8635,1533645.4,1760101200000,1332112.71163,14557,2025-10-10 12:00:00+00:00
1760101200000,0.8635,0.8767,0.8566,0.8648,1351266.3,1760104800000,1174317.36601,15668,2025-10-10 13:00:00+00:00
1760104800000,0.8648,0.8905,0.8469,0.8486,2692334.3,1760108400000,2346531.8463,30560,2025-10-10 14:00:00+00:00
1760108400000,0.8486,0.8501,0.7976,0.8002,4464978.6,1760112000000,3674321.85066,52996,2025-10-10 15:00:00+00:00
1760112000000,0.8002,0.808,0.781,0.801,2927969.4,1760115600000,2326036.9977,34665,2025-10-10 16:00:00+00:00
1760115600000,0.8009,0.808,0.7928,0.797,1385114.2,1760119200000,1108194.29454,19999,2025-10-10 17:00:00+00:00
1760119200000,0.7971,0.8114,0.7821,0.7827,1252597.7,1760122800000,997882.83415,16852,2025-10-10 18:00:00+00:00
1760122800000,0.7827,0.7942,0.7674,0.7933,1832478.1,1760126400000,1428776.86233,24690,2025-10-10 19:00:00+00:00
1760126400000,0.7933,0.7979,0.6972,0.7123,3142826.6,1760130000000,2387684.32277,31511,2025-10-10 20:00:00+00:00
1760130000000,0.7135,0.732,0.198,0.5221,13396881.8,1760133600000,6840510.74265,70055,2025-10-10 21:00:00+00:00
1760133600000,0.5221,0.5567,0.4608,0.5533,8207434.2,1760137200000,4205450.37831,41068,2025-10-10 22:00:00+00:00
1760137200000,0.5521,0.5942,0.5491,0.5537,5589792.4,1760140800000,3191169.17665,26195,2025-10-10 23:00:00+00:00
1760140800000,0.554,0.5977,0.5504,0.5899,6018167.1,1760144400000,3414029.49867,30703,2025-10-11 00:00:00+00:00
1760144400000,0.5888,0.5889,0.55,0.5508,1970403.6,1760148000000,1107007.14264,8998,2025-10-11 01:00:00+00:00
1760148000000,0.5511,0.6059,0.5509,0.5998,2019593.4,1760151600000,1175781.45226,9916,2025-10-11 02:00:00+00:00
1760151600000,0.5999,0.6036,0.5748,0.5928,1868545.3,1760155200000,1098036.69326,10201,2025-10-11 03:00:00+00:00
1760155200000,0.5927,0.6371,0.5867,0.6335,2155315.0,1760158800000,1314481.59566,10114,2025-10-11 04:00:00+00:00
1760158800000,0.6339,0.6631,0.6216,0.6309,3126393.4,1760162400000,1997607.1115,16116,2025-10-11 05:00:00+00:00
1760162400000,0.6316,0.7167,0.6295,0.6884,4364989.1,1760166000000,2959149.71186,21265,2025-10-11 06:00:00+00:00
1760166000000,0.6882,0.692,0.6447,0.6589,3310711.2,1760169600000,2217202.12192,19702,2025-10-11 07:00:00+00:00
1760169600000,0.6587,0.6735,0.6499,0.6631,2201232.3,1760173200000,1456616.91127,17404,2025-10-11 08:00:00+00:00
1760173200000,0.663,0.6729,0.6498,0.6524,1704778.6,1760176800000,1125851.29648,26414,2025-10-11 09:00:00+00:00
1760176800000,0.6525,0.6623,0.6396,0.6608,2376324.4,1760180400000,1543681.38066,24084,2025-10-11 10:00:00+00:00
1760180400000,0.6607,0.6613,0.6369,0.642,1518095.8,1760184000000,981963.98101,17933,2025-10-11 11:00:00+00:00
1760184000000,0.6419,0.6651,0.6402,0.66,2051569.2,1760187600000,1338783.79796,24107,2025-10-11 12:00:00+00:00
1760187600000,0.66,0.6696,0.6504,0.6591,2706400.1,1760191200000,1786516.15448,29946,2025-10-11 13:00:00+00:00
1760191200000,0.6591,0.6598,0.6476,0.653,1461254.8,1760194800000,954315.9302,18021,2025-10-11 14:00:00+00:00
1760194800000,0.6529,0.6671,0.6441,0.6455,1595293.4,1760198400000,1045290.59924,18664,2025-10-11 15:00:00+00:00
1760198400000,0.6455,0.6558,0.6199,0.6262,1936771.0,1760202000000,1233555.20397,21636,2025-10-11 16:00:00+00:00
1760202000000,0.6263,0.6367,0.6233,0.6296,1760805.1,1760205600000,1108299.76831,17608,2025-10-11 17:00:00+00:00
1760205600000,0.6296,0.6297,0.6015,0.6047,1533287.4,1760209200000,938695.10913,13743,2025-10-11 18:00:00+00:00
1760209200000,0.6047,0.6054,0.5839,0.5892,1746365.5,1760212800000,1037391.89625,17094,2025-10-11 19:00:00+00:00
1760212800000,0.5891,0.6025,0.587,0.5918,2263714.8,1760216400000,1342762.52657,26877,2025-10-11 20:00:00+00:00
1760216400000,0.5918,0.6065,0.5791,0.604,1486058.1,1760220000000,878445.29124,10586,2025-10-11 21:00:00+00:00
1760220000000,0.6041,0.6159,0.599,0.6047,1295957.2,1760223600000,787198.00523,15661,2025-10-11 22:00:00+00:00
1760223600000,0.6047,0.6056,0.5932,0.602,1267138.2,1760227200000,758817.96275,10623,2025-10-11 23:00:00+00:00
1760227200000,0.602,0.6456,0.5958,0.6116,7304090.3,1760230800000,4492031.75475,67642,2025-10-12 00:00:00+00:00
1760230800000,0.6115,0.6421,0.6072,0.6379,3096347.7,1760234400000,1933735.58589,37159,2025-10-12 01:00:00+00:00
1760234400000,0.6379,0.6733,0.6321,0.6506,3866212.5,1760238000000,2532199.40901,47223,2025-10-12 02:00:00+00:00
1760238000000,0.6506,0.6925,0.6449,0.678,3536522.6,1760241600000,2391594.96265,41948,2025-10-12 03:00:00+00:00
1760241600000,0.6778,0.6778,0.6528,0.6628,2255417.5,1760245200000,1498171.4159,29125,2025-10-12 04:00:00+00:00
1760245200000,0.6628,0.6669,0.6507,0.6517,1109434.8,1760248800000,728711.80194,14522,2025-10-12 05:00:00+00:00
1760248800000,0.6516,0.6587,0.6467,0.6483,1055101.8,1760252400000,687484.58497,12064,2025-10-12 06:00:00+00:00
1760252400000,0.6483,0.6511,0.6398,0.6429,1405493.1,1760256000000,907244.82529,12934,2025-10-12 07:00:00+00:00
1760256000000,0.6428,0.6567,0.6389,0.6509,1017610.0,1760259600000,660766.29638,10739,2025-10-12 08:00:00+00:00
1760259600000,0.6509,0.6657,0.6431,0.6611,1436511.0,1760263200000,940748.59823,18634,2025-10-12 09:00:00+00:00
1760263200000,0.6611,0.6645,0.6464,0.6506,736973.6,1760266800000,481572.88689,11282,2025-10-12 10:00:00+00:00
1760266800000,0.6507,0.6619,0.6485,0.6588,821227.2,1760270400000,538311.253,11542,2025-10-12 11:00:00+00:00
1760270400000,0.6588,0.6632,0.6498,0.6525,1176201.3,1760274000000,772521.82905,11507,2025-10-12 12:00:00+00:00
1760274000000,0.6526,0.654,0.6194,0.625,2459038.5,1760277600000,1558952.73509,18302,2025-10-12 13:00:00+00:00
1760277600000,0.625,0.6606,0.6236,0.6526,1643577.4,1760281200000,1055622.01779,19922,2025-10-12 14:00:00+00:00
1760281200000,0.6527,0.671,0.6514,0.6669,2025567.4,1760284800000,1340694.36509,13210,2025-10-12 15:00:00+00:00
1760284800000,0.6671,0.6955,0.6665,0.6801,2475080.7,1760288400000,1688388.72508,12779,2025-10-12 16:00:00+00:00
1760288400000,0.6802,0.71,0.678,0.6915,2649181.1,1760292000000,1845370.90103,11914,2025-10-12 17:00:00+00:00
1760292000000,0.6916,0.6958,0.6733,0.6811,1386481.5,1760295600000,947709.37552,8989,2025-10-12 18:00:00+00:00
1760295600000,0.6812,0.6909,0.6741,0.6784,1042324.0,1760299200000,712226.60005,5806,2025-10-12 19:00:00+00:00
1760299200000,0.6781,0.6884,0.6731,0.6806,2202930.4,1760302800000,1495425.4167,6971,2025-10-12 20:00:00+00:00
1760302800000,0.6806,0.6883,0.656,0.6694,1779775.6,1760306400000,1191737.24993,8307,2025-10-12 21:00:00+00:00
1760306400000,0.6695,0.6766,0.6593,0.6656,1044392.0,1760310000000,695435.13168,7743,2025-10-12 22:00:00+00:00
1760310000000,0.6656,0.6668,0.6524,0.6623,1351483.4,1760313600000,891851.3783,5681,2025-10-12 23:00:00+00:00
1760313600000,0.6623,0.6763,0.6445,0.651,2544827.4,1760317200000,1684688.08546,15516,2025-10-13 00:00:00+00:00
1760317200000,0.6508,0.6678,0.6425,0.6651,1855524.2,1760320800000,1218665.45503,8298,2025-10-13 01:00:00+00:00
1760320800000,0.6654,0.6667,0.6515,0.6586,891363.8,1760324400000,585346.99319,4978,2025-10-13 02:00:00+00:00
1760324400000,0.6586,0.6608,0.6453,0.6465,922060.3,1760328000000,601254.37559,3936,2025-10-13 03:00:00+00:00
1760328000000,0.6465,0.6538,0.6451,0.6501,776410.5,1760331600000,503371.99487,3127,2025-10-13 04:00:00+00:00
1760331600000,0.6503,0.6505,0.6378,0.6414,930270.0,1760335200000,597192.85405,4123,2025-10-13 05:00:00+00:00
1760335200000,0.6412,0.6585,0.6387,0.6537,758759.9,1760338800000,493222.3237,4856,2025-10-13 06:00:00+00:00
1760338800000,0.6538,0.6679,0.6525,0.6554,1044751.8,1760342400000,688759.29535,7789,2025-10-13 07:00:00+00:00
1760342400000,0.6554,0.6665,0.6542,0.6621,1199129.0,1760346000000,792437.38423,7162,2025-10-13 08:00:00+00:00
1760346000000,0.6621,0.6645,0.6573,0.6628,1058031.1,1760349600000,699502.52448,6962,2025-10-13 09:00:00+00:00
1760349600000,0.6631,0.6655,0.657,0.658,822576.6,1760353200000,543716.36607,4790,2025-10-13 10:00:00+00:00
1760353200000,0.6579,0.6579,0.6307,0.6348,2167319.1,1760356800000,1393872.58282,11082,2025-10-13 11:00:00+00:00
1760356800000,0.6347,0.6379,0.6238,0.6252,2639132.0,1760360400000,1662313.34073,10301,2025-10-13 12:00:00+00:00
1760360400000,0.6251,0.6451,0.6221,0.6383,3174713.8,1760364000000,2005001.50784,13990,2025-10-13 13:00:00+00:00
1760364000000,0.6382,0.639,0.6158,0.6181,3126507.2,1760367600000,1954341.03248,12980,2025-10-13 14:00:00+00:00
1760367600000,0.618,0.6316,0.6141,0.6288,1398728.2,1760371200000,871126.54999,7164,2025-10-13 15:00:00+00:00
1760371200000,0.6287,0.6306,0.6166,0.6257,1988171.3,1760374800000,1239053.04592,8295,2025-10-13 16:00:00+00:00
1760374800000,0.6258,0.6357,0.619,0.6354,1218118.3,1760378400000,762274.78253,6625,2025-10-13 17:00:00+00:00
1760378400000,0.6353,0.64,0.6279,0.6323,1060737.3,1760382000000,672000.54466,5944,2025-10-13 18:00:00+00:00
1760382000000,0.6322,0.6483,0.6317,0.646,986087.1,1760385600000,633426.33834,5625,2025-10-13 19:00:00+00:00
1760385600000,0.6461,0.6563,0.6457,0.6539,2332047.5,1760389200000,1516032.85214,8718,2025-10-13 20:00:00+00:00
1760389200000,0.6539,0.6617,0.6476,0.6495,920783.3,1760392800000,601866.49947,5000,2025-10-13 21:00:00+00:00
1760392800000,0.6495,0.6558,0.6489,0.6522,885954.2,1760396400000,577870.80668,5297,2025-10-13 22:00:00+00:00
1760396400000,0.6523,0.6601,0.6491,0.6596,853742.4,1760400000000,558440.17778,4137,2025-10-13 23:00:00+00:00
1760400000000,0.6595,0.6904,0.6558,0.67,3484083.4,1760403600000,2356194.79973,17976,2025-10-14 00:00:00+00:00
1760403600000,0.6698,0.6725,0.6513,0.657,1407135.6,1760407200000,928187.15236,6471,2025-10-14 01:00:00+00:00
1760407200000,0.6568,0.6591,0.6415,0.6447,1087779.2,1760410800000,704941.41481,6204,2025-10-14 02:00:00+00:00
1760410800000,0.6447,0.6455,0.6315,0.6336,1219104.5,1760414400000,776194.95235,6179,2025-10-14 03:00:00+00:00
1760414400000,0.6333,0.6378,0.6197,0.6228,961145.0,1760418000000,604049.43404,6029,2025-10-14 04:00:00+00:00
1760418000000,0.6227,0.6311,0.6175,0.6202,960332.4,1760421600000,598729.91171,6321,2025-10-14 05:00:00+00:00
1760421600000,0.6203,0.6246,0.5855,0.5968,1845988.8,1760425200000,1114974.81731,10684,2025-10-14 06:00:00+00:00
1760425200000,0.5969,0.6004,0.5833,0.5874,1135117.1,1760428800000,672077.90864,8460,2025-10-14 07:00:00+00:00
1760428800000,0.5873,0.5976,0.5834,0.5883,1638448.9,1760432400000,966556.44543,10049,2025-10-14 08:00:00+00:00
1760432400000,0.5883,0.5978,0.5877,0.5928,860468.7,1760436000000,510322.55641,5926,2025-10-14 09:00:00+00:00
1760436000000,0.5928,0.5929,0.5715,0.5854,1502551.8,1760439600000,873319.34967,7995,2025-10-14 10:00:00+00:00
1760439600000,0.5854,0.5952,0.5846,0.5901,814997.1,1760443200000,480601.07991,4724,2025-10-14 11:00:00+00:00
1760443200000,0.5902,0.592,0.5803,0.5826,880810.3,1760446800000,516396.0715,4722,2025-10-14 12:00:00+00:00
1760446800000,0.5825,0.5948,0.5783,0.591,1163781.7,1760450400000,682888.47547,7606,2025-10-14 13:00:00+00:00
1760450400000,0.5914,0.6117,0.5882,0.598,1649407.9,1760454000000,990594.97444,9213,2025-10-14 14:00:00+00:00
1760454000000,0.598,0.614,0.5911,0.6122,902425.9,1760457600000,542912.92522,6495,2025-10-14 15:00:00+00:00
1760457600000,0.6128,0.6298,0.607,0.6089,1037377.6,1760461200000,639263.28857,7677,2025-10-14 16:00:00+00:00
1760461200000,0.6091,0.6163,0.6,0.6059,1145059.4,1760464800000,695715.20177,5969,2025-10-14 17:00:00+00:00
1760464800000,0.6061,0.619,0.6053,0.6135,1000213.9,1760468400000,612825.53047,5856,2025-10-14 18:00:00+00:00
1760468400000,0.6132,0.6224,0.6036,0.6139,1111265.3,1760472000000,682550.89984,7615,2025-10-14 19:00:00+00:00
1760472000000,0.6139,0.6204,0.6096,0.6138,418651.2,1760475600000,257464.31854,3133,2025-10-14 20:00:00+00:00
1760475600000,0.6136,0.6143,0.6055,0.6127,522497.9,1760479200000,318410.33948,2834,2025-10-14 21:00:00+00:00
1760479200000,0.6128,0.6194,0.6086,0.6116,523572.2,1760482800000,321584.47823,4199,2025-10-14 22:00:00+00:00
1760482800000,0.6115,0.6225,0.6104,0.6174,414203.2,1760486400000,255912.41054,3060,2025-10-14 23:00:00+00:00
1760486400000,0.6171,0.631,0.6064,0.613,1052342.7,1760490000000,649020.74041,7535,2025-10-15 00:00:00+00:00
1760490000000,0.613,0.6163,0.6037,0.6099,606075.3,1760493600000,368708.35066,4894,2025-10-15 01:00:00+00:00
1760493600000,0.6098,0.6192,0.6065,0.6113,604058.0,1760497200000,370215.17751,4540,2025-10-15 02:00:00+00:00
1760497200000,0.6116,0.6163,0.605,0.6124,623794.7,1760500800000,380734.03269,4046,2025-10-15 03:00:00+00:00
1760500800000,0.6123,0.6251,0.6096,0.622,813121.0,1760504400000,501745.63102,4226,2025-10-15 04:00:00+00:00
1760504400000,0.6221,0.6264,0.6122,0.6171,1099279.1,1760508000000,678570.82102,4863,2025-10-15 05:00:00+00:00
1760508000000,0.617,0.6287,0.6102,0.6257,965921.7,1760511600000,596708.12164,5060,2025-10-15 06:00:00+00:00
1760511600000,0.6256,0.6382,0.6224,0.6354,914654.2,1760515200000,574913.60111,5934,2025-10-15 07:00:00+00:00
1760515200000,0.6355,0.6408,0.6297,0.632,1042178.6,1760518800000,661234.9827,6562,2025-10-15 08:00:00+00:00
1760518800000,0.6315,0.6315,0.6217,0.6243,656954.1,1760522400000,411063.90565,4358,2025-10-15 09:00:00+00:00
1760522400000,0.6244,0.63,0.617,0.6205,601792.2,1760526000000,374926.42201,3801,2025-10-15 10:00:00+00:00
1760526000000,0.6204,0.6219,0.6077,0.609,720159.8,1760529600000,441071.46619,4150,2025-10-15 11:00:00+00:00
1760529600000,0.6091,0.6126,0.5982,0.6112,962402.0,1760533200000,582520.06947,5148,2025-10-15 12:00:00+00:00
1760533200000,0.6112,0.6228,0.5998,0.6213,1176982.6,1760536800000,719145.81223,7852,2025-10-15 13:00:00+00:00
1760536800000,0.6213,0.6333,0.6084,0.6135,1597992.5,1760540400000,996411.68807,11554,2025-10-15 14:00:00+00:00
1760540400000,0.6137,0.6179,0.5942,0.6006,1108764.0,1760544000000,670387.16155,7730,2025-10-15 15:00:00+00:00
1760544000000,0.6006,0.6059,0.5964,0.5969,789196.5,1760547600000,474143.44413,5664,2025-10-15 16:00:00+00:00
1760547600000,0.597,0.5995,0.5852,0.5961,860359.2,1760551200000,510300.02005,5685,2025-10-15 17:00:00+00:00
1760551200000,0.596,0.5975,0.588,0.5944,476281.1,1760554800000,281751.1564,3314,2025-10-15 18:00:00+00:00
1760554800000,0.5943,0.5957,0.5828,0.5879,753662.2,1760558400000,444244.8136,3851,2025-10-15 19:00:00+00:00
1760558400000,0.588,0.5946,0.5732,0.5812,809692.4,1760562000000,473681.74844,5495,2025-10-15 20:00:00+00:00
1760562000000,0.5813,0.5977,0.576,0.5874,982464.2,1760565600000,576874.64301,6032,2025-10-15 21:00:00+00:00
1760565600000,0.5874,0.5941,0.5845,0.5877,1229458.9,1760569200000,724003.41318,7976,2025-10-15 22:00:00+00:00
1760569200000,0.5878,0.5948,0.5865,0.5903,493970.0,1760572800000,291586.26573,3360,2025-10-15 23:00:00+00:00
1760572800000,0.5902,0.5909,0.5763,0.5781,1444464.3,1760576400000,842200.53346,7518,2025-10-16 00:00:00+00:00
1760576400000,0.5782,0.5916,0.5782,0.5889,694043.1,1760580000000,407102.21238,4359,2025-10-16 01:00:00+00:00
1760580000000,0.589,0.5993,0.5875,0.5972,618610.1,1760583600000,366192.38889,3710,2025-10-16 02:00:00+00:00
1760583600000,0.5973,0.5992,0.5871,0.5931,781354.7,1760587200000,463229.2846,3800,2025-10-16 03:00:00+00:00
1760587200000,0.5931,0.5981,0.585,0.5859,847356.4,1760590800000,503333.57455,3562,2025-10-16 04:00:00+00:00
1760590800000,0.5859,0.5942,0.5824,0.5922,664341.4,1760594400000,390225.98794,3990,2025-10-16 05:00:00+00:00
1760594400000,0.5921,0.6043,0.5917,0.6024,829477.9,1760598000000,496968.36653,4375,2025-10-16 06:00:00+00:00
1760598000000,0.6025,0.6044,0.5913,0.5968,612294.5,1760601600000,366249.66586,3757,2025-10-16 07:00:00+00:00
1760601600000,0.5966,0.5968,0.5829,0.5907,852661.6,1760605200000,502705.09349,3505,2025-10-16 08:00:00+00:00
1760605200000,0.5907,0.6052,0.5752,0.5974,2030504.3,1760608800000,1197710.24399,9876,2025-10-16 09:00:00+00:00
1760608800000,0.5974,0.6069,0.5947,0.5962,786788.3,1760612400000,470838.59861,4477,2025-10-16 10:00:00+00:00
1760612400000,0.5961,0.604,0.5886,0.604,829552.5,1760616000000,494541.72942,4008,2025-10-16 11:00:00+00:00
1760616000000,0.6036,0.6106,0.602,0.6048,1523614.9,1760619600000,923202.44707,6759,2025-10-16 12:00:00+00:00
1760619600000,0.6048,0.6062,0.5936,0.5962,1055782.5,1760623200000,632520.25113,5979,2025-10-16 13:00:00+00:00
1760623200000,0.5962,0.6042,0.5865,0.5904,1240415.5,1760626800000,736133.6275,9292,2025-10-16 14:00:00+00:00
1760626800000,0.5904,0.5906,0.5687,0.5732,1806549.9,1760630400000,1044239.07896,10168,2025-10-16 15:00:00+00:00
1760630400000,0.5731,0.5794,0.5548,0.5793,2179560.7,1760634000000,1233182.07126,11898,2025-10-16 16:00:00+00:00
1760634000000,0.5791,0.5791,0.5577,0.559,1112081.3,1760637600000,629110.88937,6628,2025-10-16 17:00:00+00:00
1760637600000,0.5591,0.563,0.5521,0.5567,1072445.6,1760641200000,596719.11682,5010,2025-10-16 18:00:00+00:00
1760641200000,0.5567,0.5608,0.5461,0.5513,1332074.1,1760644800000,737244.42818,6936,2025-10-16 19:00:00+00:00
1760644800000,0.5514,0.5543,0.5395,0.5445,896610.2,1760648400000,490186.01239,4986,2025-10-16 20:00:00+00:00
1760648400000,0.5442,0.5534,0.5438,0.553,595441.8,1760652000000,327179.5532,2651,2025-10-16 21:00:00+00:00
1760652000000,0.553,0.554,0.544,0.5449,575163.2,1760655600000,314904.79309,3607,2025-10-16 22:00:00+00:00
1760655600000,0.5448,0.5546,0.5439,0.5509,454542.1,1760659200000,250059.80852,2556,2025-10-16 23:00:00+00:00
1760659200000,0.5506,0.5532,0.5449,0.5497,453826.3,1760662800000,248691.5879,2773,2025-10-17 00:00:00+00:00
1760662800000,0.5498,0.5537,0.5457,0.5472,457975.2,1760666400000,251693.73239,2927,2025-10-17 01:00:00+00:00
1760666400000,0.5472,0.5505,0.5331,0.5379,2396441.5,1760670000000,1287776.35975,6131,2025-10-17 02:00:00+00:00
1760670000000,0.5377,0.5377,0.5295,0.5364,1097283.0,1760673600000,585499.07005,4632,2025-10-17 03:00:00+00:00
1760673600000,0.5365,0.5367,0.5235,0.5268,1161047.1,1760677200000,613501.23314,4834,2025-10-17 04:00:00+00:00
1760677200000,0.5272,0.5343,0.5246,0.5321,744656.2,1760680800000,394085.54852,3570,2025-10-17 05:00:00+00:00
1760680800000,0.5322,0.5363,0.509,0.5129,1799932.7,1760684400000,936187.21328,8329,2025-10-17 06:00:00+00:00
1760684400000,0.5128,0.514,0.4961,0.4975,2662820.5,1760688000000,1341416.98758,10254,2025-10-17 07:00:00+00:00
1760688000000,0.4976,0.5007,0.4839,0.4865,5209863.6,1760691600000,2555391.14619,21320,2025-10-17 08:00:00+00:00
1760691600000,0.4866,0.5071,0.4837,0.4911,2154187.3,1760695200000,1062513.60765,9163,2025-10-17 09:00:00+00:00
1760695200000,0.4911,0.4936,0.4811,0.4898,1864724.0,1760698800000,907690.20107,9021,2025-10-17 10:00:00+00:00
1760698800000,0.4899,0.514,0.4896,0.5049,2314295.7,1760702400000,1165773.08213,9931,2025-10-17 11:00:00+00:00
1760702400000,0.5049,0.5065,0.4971,0.4973,1073905.3,1760706000000,538662.0148,4630,2025-10-17 12:00:00+00:00
1760706000000,0.4973,0.5021,0.4891,0.498,2150719.6,1760709600000,1065119.42333,8821,2025-10-17 13:00:00+00:00
1760709600000,0.4979,0.4998,0.4834,0.4919,1864454.0,1760713200000,920340.50572,8151,2025-10-17 14:00:00+00:00
1760713200000,0.4921,0.5044,0.4892,0.5036,1570985.7,1760716800000,779075.58621,7171,2025-10-17 15:00:00+00:00
1760716800000,0.5037,0.5133,0.4955,0.498,2749373.9,1760720400000,1385538.4764,10178,2025-10-17 16:00:00+00:00
1760720400000,0.4981,0.4986,0.4875,0.4935,1147079.7,1760724000000,565148.01459,5214,2025-10-17 17:00:00+00:00
1760724000000,0.4937,0.5003,0.4901,0.4922,947692.6,1760727600000,469337.05976,4365,2025-10-17 18:00:00+00:00
1760727600000,0.4922,0.496,0.4891,0.4949,522021.2,1760731200000,257285.21509,2943,2025-10-17 19:00:00+00:00
1760731200000,0.4951,0.5007,0.4915,0.498,633358.8,1760734800000,314783.7496,2750,2025-10-17 20:00:00+00:00
1760734800000,0.4982,0.5089,0.4979,0.5079,795993.4,1760738400000,401864.49963,2978,2025-10-17 21:00:00+00:00
1760738400000,0.5079,0.5104,0.4997,0.5061,869511.5,1760742000000,437552.47559,3760,2025-10-17 22:00:00+00:00
1760742000000,0.5061,0.5076,0.5006,0.5076,556775.8,1760745600000,280296.56231,2584,2025-10-17 23:00:00+00:00
1760745600000,0.5075,0.5075,0.4978,0.5014,1080116.8,1760749200000,544691.85555,3982,2025-10-18 00:00:00+00:00
1760749200000,0.5015,0.5111,0.5002,0.509,827467.6,1760752800000,417986.45989,3547,2025-10-18 01:00:00+00:00
1760752800000,0.509,0.5272,0.5076,0.5117,2395582.9,1760756400000,1238291.50925,8730,2025-10-18 02:00:00+00:00
1760756400000,0.5116,0.5225,0.5108,0.5147,633148.0,1760760000000,326640.47163,4091,2025-10-18 03:00:00+00:00
1760760000000,0.5146,0.5167,0.509,0.5114,811827.6,1760763600000,416345.85941,4070,2025-10-18 04:00:00+00:00
1760763600000,0.5115,0.5117,0.5041,0.5096,679027.0,1760767200000,344247.13964,3370,2025-10-18 05:00:00+00:00
1760767200000,0.5096,0.5128,0.5048,0.5108,618865.6,1760770800000,314692.14831,3710,2025-10-18 06:00:00+00:00
1760770800000,0.5108,0.5193,0.5063,0.5076,1137088.5,1760774400000,583521.6768,5675,2025-10-18 07:00:00+00:00
1760774400000,0.5073,0.5107,0.5048,0.5051,797673.8,1760778000000,404620.95717,3884,2025-10-18 08:00:00+00:00
1760778000000,0.5052,0.5096,0.5029,0.5075,637388.9,1760781600000,322762.82565,3727,2025-10-18 09:00:00+00:00
1760781600000,0.5075,0.5113,0.5045,0.506,619288.6,1760785200000,314494.19192,3075,2025-10-18 10:00:00+00:00
1760785200000,0.5059,0.5097,0.5046,0.5072,501540.7,1760788800000,254082.37806,2786,2025-10-18 11:00:00+00:00
1760788800000,0.5072,0.5114,0.4996,0.502,746061.7,1760792400000,376664.4739,3436,2025-10-18 12:00:00+00:00
1760792400000,0.5019,0.502,0.4923,0.4953,1197202.9,1760796000000,593866.7783,4734,2025-10-18 13:00:00+00:00
1760796000000,0.4954,0.4986,0.4896,0.494,860416.5,1760799600000,425241.58862,3935,2025-10-18 14:00:00+00:00
1760799600000,0.4942,0.4956,0.4868,0.492,815320.8,1760803200000,400914.75078,3629,2025-10-18 15:00:00+00:00
1760803200000,0.4919,0.4937,0.4825,0.4889,720751.0,1760806800000,351092.15313,3391,2025-10-18 16:00:00+00:00
1760806800000,0.4888,0.5002,0.4867,0.499,672411.0,1760810400000,332866.53098,3662,2025-10-18 17:00:00+00:00
1760810400000,0.499,0.501,0.4942,0.4965,628363.2,1760814000000,312589.30275,3256,2025-10-18 18:00:00+00:00
1760814000000,0.4964,0.4971,0.4944,0.4971,350184.9,1760817600000,173563.08869,2523,2025-10-18 19:00:00+00:00
1760817600000,0.4971,0.4992,0.4946,0.495,469898.4,1760821200000,233287.50853,2734,2025-10-18 20:00:00+00:00
1760821200000,0.4948,0.501,0.4927,0.4973,599840.6,1760824800000,298320.57117,2163,2025-10-18 21:00:00+00:00
1760824800000,0.4972,0.4972,0.4937,0.495,474328.8,1760828400000,234902.75847,1806,2025-10-18 22:00:00+00:00
1760828400000,0.495,0.4976,0.4944,0.4955,284989.6,1760832000000,141194.11648,1148,2025-10-18 23:00:00+00:00
1760832000000,0.4953,0.5054,0.4928,0.4983,2260726.2,1760835600000,1128061.87265,8150,2025-10-19 00:00:00+00:00
1760835600000,0.4983,0.4995,0.4892,0.4966,1048825.5,1760839200000,517785.43084,3921,2025-10-19 01:00:00+00:00
1760839200000,0.4966,0.4966,0.4879,0.4906,704070.5,1760842800000,345983.23191,2724,2025-10-19 02:00:00+00:00
1760842800000,0.4906,0.4951,0.4884,0.4932,934248.6,1760846400000,458825.30728,3475,2025-10-19 03:00:00+00:00
1760846400000,0.4933,0.4935,0.485,0.4855,1128219.9,1760850000000,550939.76088,4366,2025-10-19 04:00:00+00:00
1760850000000,0.4856,0.4896,0.4796,0.4818,920499.8,1760853600000,445880.8599,3489,2025-10-19 05:00:00+00:00
1760853600000,0.4818,0.4839,0.4741,0.4771,854984.5,1760857200000,408447.71381,3399,2025-10-19 06:00:00+00:00
1760857200000,0.4772,0.4856,0.4767,0.4819,669032.3,1760860800000,322075.00275,2923,2025-10-19 07:00:00+00:00
1760860800000,0.482,0.491,0.4764,0.4767,1366385.3,1760864400000,660012.39178,5610,2025-10-19 08:00:00+00:00
1760864400000,0.4766,0.4927,0.4724,0.4862,2171456.0,1760868000000,1049610.08898,8801,2025-10-19 09:00:00+00:00
1760868000000,0.4862,0.4918,0.4831,0.4889,1329594.6,1760871600000,648719.37578,5422,2025-10-19 10:00:00+00:00
1760871600000,0.4888,0.4949,0.4876,0.4888,1166630.2,1760875200000,572886.64719,4545,2025-10-19 11:00:00+00:00
1760875200000,0.4888,0.4913,0.4843,0.4913,1095899.2,1760878800000,534757.8537,3673,2025-10-19 12:00:00+00:00
1760878800000,0.4913,0.4999,0.4895,0.4983,712124.8,1760882400000,352066.97034,3853,2025-10-19 13:00:00+00:00
1760882400000,0.4984,0.5004,0.4944,0.4991,916700.6,1760886000000,456074.86559,3996,2025-10-19 14:00:00+00:00
1760886000000,0.4989,0.5016,0.4968,0.5004,532083.4,1760889600000,265545.02843,2357,2025-10-19 15:00:00+00:00
1760889600000,0.5005,0.5014,0.4943,0.4983,487258.2,1760893200000,242676.72528,2483,2025-10-19 16:00:00+00:00
1760893200000,0.4984,0.5061,0.4973,0.4989,987380.7,1760896800000,494728.10052,3619,2025-10-19 17:00:00+00:00
1760896800000,0.499,0.5012,0.4971,0.5002,495556.2,1760900400000,247436.20234,1903,2025-10-19 18:00:00+00:00
1760900400000,0.4998,0.5,0.494,0.4982,1392665.2,1760904000000,691372.39075,2744,2025-10-19 19:00:00+00:00
1760904000000,0.4983,0.4987,0.4911,0.496,1039014.8,1760907600000,513997.1535,2605,2025-10-19 20:00:00+00:00
1760907600000,0.496,0.4963,0.4918,0.4934,394175.1,1760911200000,194744.05347,1500,2025-10-19 21:00:00+00:00
1760911200000,0.4935,0.4988,0.491,0.4966,491777.6,1760914800000,243062.11325,2121,2025-10-19 22:00:00+00:00
1760914800000,0.4967,0.4967,0.4877,0.4894,736253.2,1760918400000,361294.98542,2118,2025-10-19 23:00:00+00:00
1760918400000,0.4892,0.4892,0.473,0.475,1410018.2,1760922000000,677909.46173,4758,2025-10-20 00:00:00+00:00
1760922000000,0.4751,0.4777,0.4666,0.4725,1027941.6,1760925600000,483707.34444,3979,2025-10-20 01:00:00+00:00
1760925600000,0.4724,0.4791,0.4684,0.4772,785547.2,1760929200000,371970.07295,3474,2025-10-20 02:00:00+00:00
1760929200000,0.4771,0.4976,0.4733,0.4953,855554.9,1760932800000,414808.15604,4497,2025-10-20 03:00:00+00:00
1760932800000,0.4953,0.4979,0.4849,0.4937,1132739.7,1760936400000,554832.01304,4781,2025-10-20 04:00:00+00:00
1760936400000,0.4938,0.4988,0.4875,0.4967,513661.2,1760940000000,253136.80592,2880,2025-10-20 05:00:00+00:00
1760940000000,0.4967,0.5021,0.4964,0.5001,721825.9,1760943600000,360613.94364,3268,2025-10-20 06:00:00+00:00
1760943600000,0.5002,0.5019,0.494,0.4964,621466.2,1760947200000,309318.31955,2834,2025-10-20 07:00:00+00:00
1760947200000,0.4964,0.4986,0.4906,0.4933,4116896.3,1760950800000,2031797.10998,13153,2025-10-20 08:00:00+00:00
1760950800000,0.4933,0.4962,0.4916,0.4962,265752.5,1760954400000,131221.30673,1832,2025-10-20 09:00:00+00:00
1760954400000,0.4961,0.4971,0.4843,0.4869,645864.7,1760958000000,316865.05007,2763,2025-10-20 10:00:00+00:00
1760958000000,0.4867,0.49,0.4847,0.4893,450413.9,1760961600000,219213.81048,2085,2025-10-20 11:00:00+00:00
1760961600000,0.4892,0.5049,0.4851,0.4971,2924552.2,1760965200000,1452513.69383,6288,2025-10-20 12:00:00+00:00
1760965200000,0.4972,0.5129,0.4936,0.5091,1154434.8,1760968800000,580462.36686,4724,2025-10-20 13:00:00+00:00
1760968800000,0.5092,0.5183,0.501,0.5152,1085733.4,1760972400000,553124.52116,5071,2025-10-20 14:00:00+00:00
1760972400000,0.5153,0.527,0.509,0.5171,1884110.7,1760976000000,977427.74823,8859,2025-10-20 15:00:00+00:00
1760976000000,0.5171,0.5511,0.5073,0.5443,7643927.3,1760979600000,4115713.78238,29539,2025-10-20 16:00:00+00:00
1760979600000,0.5441,0.5536,0.5346,0.5457,3066952.6,1760983200000,1666669.25956,13493,2025-10-20 17:00:00+00:00
1760983200000,0.5452,0.594,0.5446,0.5866,9094828.0,1760986800000,5206762.08422,37600,2025-10-20 18:00:00+00:00
1760986800000,0.5866,0.664,0.5841,0.658,13639851.3,1760990400000,8528754.95264,51824,2025-10-20 19:00:00+00:00
1760990400000,0.6584,0.6734,0.6193,0.641,11478760.4,1760994000000,7504346.92511,41025,2025-10-20 20:00:00+00:00
1760994000000,0.641,0.6459,0.6104,0.6204,7007063.9,1760997600000,4386117.81682,27425,2025-10-20 21:00:00+00:00
1760997600000,0.6204,0.627,0.6091,0.6245,3268932.1,1761001200000,2013761.25819,19018,2025-10-20 22:00:00+00:00
1761001200000,0.6246,0.643,0.6135,0.6407,3268376.4,1761004800000,2051360.56146,15455,2025-10-20 23:00:00+00:00
1761004800000,0.6404,0.6706,0.6221,0.6671,7656169.4,1761008400000,4981754.6624,34958,2025-10-21 00:00:00+00:00
1761008400000,0.6669,0.7659,0.6669,0.7316,14592934.2,1761012000000,10431348.10072,62764,2025-10-21 01:00:00+00:00
1761012000000,0.7315,0.7431,0.6779,0.7121,10104075.1,1761015600000,7101986.46785,38244,2025-10-21 02:00:00+00:00
1761015600000,0.7123,0.7384,0.706,0.7176,7218812.9,1761019200000,5217560.39588,26864,2025-10-21 03:00:00+00:00
1761019200000,0.7176,0.722,0.685,0.6993,8052124.6,1761022800000,5648961.87836,24566,2025-10-21 04:00:00+00:00
1761022800000,0.6994,0.7085,0.6248,0.6569,10679044.4,1761026400000,7019376.78035,35486,2025-10-21 05:00:00+00:00
1761026400000,0.6566,0.6633,0.6317,0.6357,5208365.3,1761030000000,3362360.09854,19695,2025-10-21 06:00:00+00:00
1761030000000,0.6356,0.648,0.6168,0.6426,5227125.0,1761033600000,3307015.84429,19871,2025-10-21 07:00:00+00:00
1761033600000,0.6426,0.6426,0.5836,0.5982,6445781.5,1761037200000,3895316.0001,21921,2025-10-21 08:00:00+00:00
1761037200000,0.5982,0.6127,0.5881,0.5946,4526027.3,1761040800000,2719510.7503,17720,2025-10-21 09:00:00+00:00
1761040800000,0.5948,0.5951,0.5651,0.5841,6853081.1,1761044400000,3966680.12498,15061,2025-10-21 10:00:00+00:00
1761044400000,0.5837,0.5945,0.5763,0.5912,3779820.0,1761048000000,2209608.79914,12414,2025-10-21 11:00:00+00:00
1761048000000,0.5912,0.6477,0.5844,0.5857,12070995.9,1761051600000,7430931.29478,40268,2025-10-21 12:00:00+00:00
1761051600000,0.5858,0.6023,0.5704,0.5738,5157840.1,1761055200000,3024056.72982,22757,2025-10-21 13:00:00+00:00
1761055200000,0.5741,0.6056,0.5741,0.6041,4523968.7,1761058800000,2663009.06883,21260,2025-10-21 14:00:00+00:00
1761058800000,0.6043,0.68,0.5962,0.6596,9934543.9,1761062400000,6333496.50332,41238,2025-10-21 15:00:00+00:00
1761062400000,0.6592,0.7487,0.6413,0.6795,17094351.1,1761066000000,11830426.68556,68219,2025-10-21 16:00:00+00:00
1761066000000,0.6793,0.73,0.6753,0.6803,7413872.6,1761069600000,5157718.62786,34247,2025-10-21 17:00:00+00:00
1761069600000,0.6802,0.6821,0.646,0.6536,5406617.2,1761073200000,3568747.80913,34893,2025-10-21 18:00:00+00:00
1761073200000,0.6534,0.6727,0.6353,0.6673,3746729.2,1761076800000,2436076.17091,23379,2025-10-21 19:00:00+00:00
1761076800000,0.6672,0.6672,0.6321,0.6474,2928413.2,1761080400000,1888837.21563,20575,2025-10-21 20:00:00+00:00
1761080400000,0.6472,0.6477,0.6184,0.6274,2293311.7,1761084000000,1440050.42308,14376,2025-10-21 21:00:00+00:00
1761084000000,0.6272,0.6316,0.6098,0.6133,3122702.8,1761087600000,1936359.17175,14739,2025-10-21 22:00:00+00:00
1761087600000,0.6138,0.6184,0.5893,0.6004,3381008.7,1761091200000,2042197.53576,12091,2025-10-21 23:00:00+00:00
1761091200000,0.6,0.6562,0.5971,0.6403,7355531.2,1761094800000,4648798.13393,30652,2025-10-22 00:00:00+00:00
1761094800000,0.6403,0.6492,0.6133,0.6216,2114200.9,1761098400000,1329148.78366,8666,2025-10-22 01:00:00+00:00
1761098400000,0.6204,0.6257,0.6056,0.6192,1682118.6,1761102000000,1033824.77678,6616,2025-10-22 02:00:00+00:00
1761102000000,0.6193,0.6267,0.6106,0.6183,989607.3,1761105600000,611359.34207,4811,2025-10-22 03:00:00+00:00
1761105600000,0.6179,0.6438,0.6095,0.6341,2122205.3,1761109200000,1327061.29511,7759,2025-10-22 04:00:00+00:00
1761109200000,0.6342,0.637,0.6142,0.6212,1459885.0,1761112800000,908870.24188,6004,2025-10-22 05:00:00+00:00
1761112800000,0.621,0.6462,0.6175,0.6236,2031511.5,1761116400000,1284808.62348,7844,2025-10-22 06:00:00+00:00
1761116400000,0.6233,0.6289,0.6117,0.6276,1415694.8,1761120000000,878494.5163,5254,2025-10-22 07:00:00+00:00
1761120000000,0.6277,0.6277,0.6022,0.6201,1791607.8,1761123600000,1103388.70396,7413,2025-10-22 08:00:00+00:00
1761123600000,0.6198,0.6362,0.612,0.6149,2019671.9,1761127200000,1262268.79343,8093,2025-10-22 09:00:00+00:00
1761127200000,0.6148,0.6833,0.6118,0.6492,4763304.3,1761130800000,3063083.16426,18549,2025-10-22 10:00:00+00:00
1761130800000,0.649,0.68,0.6318,0.6437,5420004.0,1761134400000,3555583.88344,22113,2025-10-22 11:00:00+00:00
1761134400000,0.6439,0.6474,0.6274,0.6451,2056198.2,1761138000000,1313647.23638,9579,2025-10-22 12:00:00+00:00
1761138000000,0.6447,0.6945,0.6436,0.6753,6018331.6,1761141600000,4058979.83596,25073,2025-10-22 13:00:00+00:00
1761141600000,0.6744,0.7123,0.669,0.6948,7876738.5,1761145200000,5450818.84254,28126,2025-10-22 14:00:00+00:00
1761145200000,0.6941,0.722,0.6713,0.6898,5111058.1,1761148800000,3528842.77209,17569,2025-10-22 15:00:00+00:00
1761148800000,0.6889,0.6889,0.6422,0.6501,6529256.7,1761152400000,4295258.35877,29827,2025-10-22 16:00:00+00:00
1761152400000,0.6507,0.6547,0.6376,0.6467,3956809.2,1761156000000,2554546.55705,18450,2025-10-22 17:00:00+00:00
1761156000000,0.6466,0.6643,0.6427,0.6466,2297074.7,1761159600000,1496836.48039,10118,2025-10-22 18:00:00+00:00
1761159600000,0.6466,0.6517,0.6291,0.6331,1702880.9,1761163200000,1090543.05228,8357,2025-10-22 19:00:00+00:00
1761163200000,0.6328,0.6348,0.6132,0.6137,1565425.2,1761166800000,975153.53879,8697,2025-10-22 20:00:00+00:00
1761166800000,0.6133,0.6311,0.5981,0.629,3228117.1,1761170400000,1978878.22257,11712,2025-10-22 21:00:00+00:00
1761170400000,0.6286,0.6488,0.6227,0.6344,2880056.7,1761174000000,1838748.27641,17376,2025-10-22 22:00:00+00:00
1761174000000,0.6346,0.6529,0.631,0.6518,1835803.6,1761177600000,1177413.07627,9029,2025-10-22 23:00:00+00:00
1761177600000,0.6518,0.6597,0.6305,0.6345,3310063.0,1761181200000,2132519.52671,22191,2025-10-23 00:00:00+00:00
1761181200000,0.6345,0.6535,0.6306,0.6489,2387318.3,1761184800000,1537139.86355,13431,2025-10-23 01:00:00+00:00
1761184800000,0.6491,0.6539,0.635,0.6386,1225443.5,1761188400000,788771.25783,7003,2025-10-23 02:00:00+00:00
1761188400000,0.6391,0.6477,0.6331,0.634,788852.1,1761192000000,504854.3131,5731,2025-10-23 03:00:00+00:00
1761192000000,0.6335,0.6425,0.6181,0.6392,2273244.7,1761195600000,1428865.99839,9869,2025-10-23 04:00:00+00:00
1761195600000,0.639,0.6434,0.6264,0.6312,1180882.3,1761199200000,748911.18012,5342,2025-10-23 05:00:00+00:00
1761199200000,0.6314,0.6761,0.6309,0.669,2866375.0,1761202800000,1883014.60077,12091,2025-10-23 06:00:00+00:00
1761202800000,0.6688,0.6755,0.6514,0.6555,2748691.6,1761206400000,1819632.80242,10070,2025-10-23 07:00:00+00:00
1761206400000,0.6554,0.6646,0.6451,0.6603,1723434.1,1761210000000,1128449.26709,7300,2025-10-23 08:00:00+00:00
1761210000000,0.6604,0.6723,0.6543,0.6622,1695078.4,1761213600000,1125592.00299,8740,2025-10-23 09:00:00+00:00
1761213600000,0.6624,0.68,0.6573,0.6733,2581752.5,1761217200000,1729381.62333,11017,2025-10-23 10:00:00+00:00
1761217200000,0.6732,0.6774,0.6544,0.6638,1902011.6,1761220800000,1260936.60025,8614,2025-10-23 11:00:00+00:00
1761220800000,0.6632,0.6926,0.6529,0.686,4899926.9,1761224400000,3321873.11329,16477,2025-10-23 12:00:00+00:00
1761224400000,0.6861,0.6865,0.6621,0.6701,2342022.9,1761228000000,1573626.43123,9062,2025-10-23 13:00:00+00:00
1761228000000,0.6703,0.6837,0.6552,0.6776,2188202.0,1761231600000,1468827.35715,11115,2025-10-23 14:00:00+00:00
1761231600000,0.6778,0.68,0.6559,0.6622,2467358.9,1761235200000,1642197.59156,12252,2025-10-23 15:00:00+00:00
1761235200000,0.662,0.662,0.639,0.6437,3481709.9,1761238800000,2256242.60234,15354,2025-10-23 16:00:00+00:00
1761238800000,0.6436,0.6602,0.6404,0.6546,2587177.4,1761242400000,1686476.50955,12542,2025-10-23 17:00:00+00:00
1761242400000,0.6543,0.6556,0.645,0.6493,962847.4,1761246000000,625002.01973,5231,2025-10-23 18:00:00+00:00
1761246000000,0.6493,0.6558,0.6444,0.652,908035.6,1761249600000,589792.65594,6049,2025-10-23 19:00:00+00:00
1761249600000,0.6519,0.6705,0.6472,0.6576,1505948.2,1761253200000,994540.86599,8473,2025-10-23 20:00:00+00:00
1761253200000,0.6577,0.6626,0.6485,0.6553,722056.7,1761256800000,473003.72315,4809,2025-10-23 21:00:00+00:00
1761256800000,0.6556,0.6588,0.6487,0.6519,1071204.2,1761260400000,700896.33611,8567,2025-10-23 22:00:00+00:00
1761260400000,0.6518,0.675,0.6517,0.6743,1203658.1,1761264000000,801680.80302,8693,2025-10-23 23:00:00+00:00
1761264000000,0.6741,0.68,0.6608,0.667,2024133.6,1761267600000,1361135.54611,14703,2025-10-24 00:00:00+00:00
1761267600000,0.667,0.6759,0.66,0.6672,1160293.3,1761271200000,775896.66402,9470,2025-10-24 01:00:00+00:00
1761271200000,0.6674,0.6999,0.6669,0.6956,2272565.2,1761274800000,1554362.12182,13718,2025-10-24 02:00:00+00:00
1761274800000,0.6956,0.7356,0.69,0.7308,3922797.7,1761278400000,2793661.95467,20448,2025-10-24 03:00:00+00:00
1761278400000,0.7309,0.7595,0.7249,0.7492,4722333.1,1761282000000,3496612.03691,24034,2025-10-24 04:00:00+00:00
1761282000000,0.749,0.7556,0.7325,0.7412,2487582.0,1761285600000,1848847.69735,12932,2025-10-24 05:00:00+00:00
1761285600000,0.7414,0.8191,0.7364,0.8011,6341974.3,1761289200000,4921040.72037,27639,2025-10-24 06:00:00+00:00
1761289200000,0.8014,0.812,0.7684,0.7828,4576682.0,1761292800000,3591278.26289,21131,2025-10-24 07:00:00+00:00
1761292800000,0.7824,0.7876,0.7559,0.759,2816951.1,1761296400000,2179907.33445,13516,2025-10-24 08:00:00+00:00
1761296400000,0.759,0.78,0.748,0.7764,3442998.6,1761300000000,2627376.27882,14272,2025-10-24 09:00:00+00:00
1761300000000,0.776,0.8114,0.7723,0.8001,4515539.3,1761303600000,3602345.47424,20946,2025-10-24 10:00:00+00:00
1761303600000,0.7998,0.8018,0.7737,0.7789,2720818.8,1761307200000,2133526.58507,12673,2025-10-24 11:00:00+00:00
1761307200000,0.7788,0.7916,0.7646,0.7818,3252386.8,1761310800000,2534001.48053,15117,2025-10-24 12:00:00+00:00
1761310800000,0.7818,0.812,0.7768,0.7926,3652400.6,1761314400000,2897342.82876,16494,2025-10-24 13:00:00+00:00
1761314400000,0.7925,1.0099,0.7879,0.8494,13433123.2,1761318000000,11458972.87838,61316,2025-10-24 14:00:00+00:00
1761318000000,0.8498,0.8548,0.8038,0.8125,5011464.5,1761321600000,4140370.27986,28388,2025-10-24 15:00:00+00:00
1761321600000,0.8124,0.8357,0.7973,0.8353,4142692.9,1761325200000,3394518.78017,22942,2025-10-24 16:00:00+00:00
1761325200000,0.8354,0.8797,0.8287,0.8619,5589122.1,1761328800000,4799800.903,31732,2025-10-24 17:00:00+00:00
1761328800000,0.8618,0.866,0.8353,0.8412,3262322.5,1761332400000,2765603.97331,19027,2025-10-24 18:00:00+00:00
1761332400000,0.8412,0.8517,0.8167,0.8215,2324116.7,1761336000000,1933331.71,16660,2025-10-24 19:00:00+00:00
1761336000000,0.8214,0.8282,0.8079,0.8104,2111350.1,1761339600000,1724220.12208,13139,2025-10-24 20:00:00+00:00
1761339600000,0.8104,0.8162,0.7987,0.8015,1798271.3,1761343200000,1451092.65608,9944,2025-10-24 21:00:00+00:00
1761343200000,0.8016,0.8045,0.7517,0.7814,5757413.4,1761346800000,4471085.79464,24091,2025-10-24 22:00:00+00:00
1761346800000,0.7814,0.7949,0.7753,0.7883,2556215.9,1761350400000,2007779.84756,12291,2025-10-24 23:00:00+00:00
1761350400000,0.7888,0.82,0.7788,0.8163,4353974.1,1761354000000,3512255.56919,25610,2025-10-25 00:00:00+00:00
1761354000000,0.8164,0.8209,0.7913,0.8036,1945142.3,1761357600000,1558771.26738,11225,2025-10-25 01:00:00+00:00
1761357600000,0.8036,0.804,0.764,0.775,3556726.1,1761361200000,2770808.53956,13812,2025-10-25 02:00:00+00:00
1761361200000,0.7749,0.7774,0.7484,0.7531,3203133.2,1761364800000,2424990.63864,13716,2025-10-25 03:00:00+00:00
1761364800000,0.7532,0.7734,0.7504,0.7625,1772871.2,1761368400000,1355961.88863,9059,2025-10-25 04:00:00+00:00
1761368400000,0.7628,0.7984,0.7623,0.7905,2194476.5,1761372000000,1714580.49057,12844,2025-10-25 05:00:00+00:00
1761372000000,0.7902,0.7911,0.7675,0.7695,1671178.9,1761375600000,1300490.04451,9044,2025-10-25 06:00:00+00:00
1761375600000,0.7694,0.7851,0.7689,0.7703,1302488.6,1761379200000,1010893.10929,7839,2025-10-25 07:00:00+00:00
1761379200000,0.7701,0.7701,0.7577,0.7669,1333986.9,1761382800000,1020282.8403,7606,2025-10-25 08:00:00+00:00
1761382800000,0.7667,0.7677,0.75,0.7534,1243619.9,1761386400000,943608.25776,7217,2025-10-25 09:00:00+00:00
1761386400000,0.7537,0.7708,0.7516,0.7547,2147046.3,1761390000000,1636034.01465,11562,2025-10-25 10:00:00+00:00
1761390000000,0.7542,0.7638,0.7522,0.7611,1148225.2,1761393600000,869224.99184,6097,2025-10-25 11:00:00+00:00
1761393600000,0.7609,0.7609,0.7292,0.7359,2134997.7,1761397200000,1590301.04918,10335,2025-10-25 12:00:00+00:00
1761397200000,0.7361,0.7443,0.718,0.72,2325025.9,1761400800000,1702926.49829,10141,2025-10-25 13:00:00+00:00
1761400800000,0.72,0.7342,0.7175,0.7224,2516263.0,1761404400000,1824940.03669,9391,2025-10-25 14:00:00+00:00
1761404400000,0.7225,0.7639,0.7191,0.7575,3406832.2,1761408000000,2540902.40965,17408,2025-10-25 15:00:00+00:00
1761408000000,0.7574,0.7574,0.7322,0.7406,1457620.1,1761411600000,1084048.73204,10445,2025-10-25 16:00:00+00:00
1761411600000,0.7406,0.7534,0.7365,0.7521,802481.3,1761415200000,597501.77123,6052,2025-10-25 17:00:00+00:00
1761415200000,0.7519,0.7572,0.7382,0.7446,835351.1,1761418800000,623553.58591,6530,2025-10-25 18:00:00+00:00
1761418800000,0.7446,0.7554,0.7401,0.7436,959534.8,1761422400000,717626.95903,9395,2025-10-25 19:00:00+00:00
1761422400000,0.7435,0.7488,0.7368,0.7431,753013.8,1761426000000,558251.04372,7152,2025-10-25 20:00:00+00:00
1761426000000,0.7445,0.7757,0.7355,0.7581,1303263.9,1761429600000,985530.20497,9047,2025-10-25 21:00:00+00:00
1761429600000,0.7579,0.7999,0.7572,0.7668,2594026.2,1761433200000,2026396.29323,19864,2025-10-25 22:00:00+00:00
1761433200000,0.7669,0.7691,0.748,0.7522,1123334.7,1761436800000,853171.90715,9778,2025-10-25 23:00:00+00:00
1761436800000,0.7523,0.7775,0.7471,0.7699,2502567.5,1761440400000,1915299.9391,18919,2025-10-26 00:00:00+00:00
1761440400000,0.7698,0.7956,0.7681,0.7789,2712669.6,1761444000000,2128174.19112,17565,2025-10-26 01:00:00+00:00
1761444000000,0.779,0.7863,0.764,0.7745,1605128.9,1761447600000,1246367.05599,9814,2025-10-26 02:00:00+00:00
1761447600000,0.7748,0.835,0.7728,0.8291,3715325.0,1761451200000,3017426.88074,19606,2025-10-26 03:00:00+00:00
1761451200000,0.8285,0.847,0.8101,0.8255,3459893.1,1761454800000,2864609.63976,19294,2025-10-26 04:00:00+00:00
1761454800000,0.8257,0.8307,0.8089,0.8135,2069007.6,1761458400000,1692585.48678,12878,2025-10-26 05:00:00+00:00
1761458400000,0.8137,0.8148,0.7894,0.7942,2424034.0,1761462000000,1937181.71331,12974,2025-10-26 06:00:00+00:00
1761462000000,0.7942,0.8271,0.7892,0.8112,2023880.6,1761465600000,1631542.1887,9811,2025-10-26 07:00:00+00:00
1761465600000,0.8108,0.8142,0.7898,0.7935,1722608.1,1761469200000,1382322.01595,9125,2025-10-26 08:00:00+00:00
1761469200000,0.7935,0.7994,0.7792,0.7852,1609155.1,1761472800000,1269798.64936,8968,2025-10-26 09:00:00+00:00
1761472800000,0.7857,0.7898,0.7786,0.7861,912521.8,1761476400000,714946.03955,6025,2025-10-26 10:00:00+00:00
1761476400000,0.7858,0.7943,0.7797,0.7813,1473582.8,1761480000000,1158465.03686,8759,2025-10-26 11:00:00+00:00
1761480000000,0.7812,0.7868,0.7715,0.7728,1491090.8,1761483600000,1160497.88305,8207,2025-10-26 12:00:00+00:00
1761483600000,0.7728,0.7969,0.7691,0.7963,1920352.2,1761487200000,1503402.34436,8707,2025-10-26 13:00:00+00:00
1761487200000,0.7964,0.8193,0.7888,0.8027,3445814.4,1761490800000,2769416.24051,18510,2025-10-26 14:00:00+00:00
1761490800000,0.8027,0.8162,0.7953,0.8043,1661910.9,1761494400000,1339755.53254,11065,2025-10-26 15:00:00+00:00
1761494400000,0.8042,0.8042,0.7847,0.7895,1433986.4,1761498000000,1135787.54779,9438,2025-10-26 16:00:00+00:00
1761498000000,0.7895,0.7964,0.7802,0.7847,813101.9,1761501600000,640715.74689,6645,2025-10-26 17:00:00+00:00
1761501600000,0.7847,0.7934,0.7821,0.7876,767385.7,1761505200000,604564.01508,5914,2025-10-26 18:00:00+00:00
1761505200000,0.7878,0.7879,0.7783,0.7799,1124198.1,1761508800000,878516.9078,6163,2025-10-26 19:00:00+00:00
1761508800000,0.7797,0.7807,0.773,0.7768,688353.5,1761512400000,534389.72484,4580,2025-10-26 20:00:00+00:00
1761512400000,0.7771,0.7908,0.7771,0.7857,976869.5,1761516000000,765443.37041,4428,2025-10-26 21:00:00+00:00
1761516000000,0.7858,0.7976,0.778,0.785,1324931.9,1761519600000,1043314.56276,9139,2025-10-26 22:00:00+00:00
1761519600000,0.7849,0.8038,0.7822,0.7969,1641858.3,1761523200000,1303823.50665,8212,2025-10-26 23:00:00+00:00
1761523200000,0.7964,0.8199,0.7878,0.7924,3760953.1,1761526800000,3023820.06775,27802,2025-10-27 00:00:00+00:00
1761526800000,0.7925,0.8148,0.7871,0.8,1922128.5,1761530400000,1545435.98174,13599,2025-10-27 01:00:00+00:00
1761530400000,0.7999,0.8107,0.7921,0.7957,1326941.8,1761534000000,1061144.11933,9852,2025-10-27 02:00:00+00:00
1761534000000,0.7956,0.7962,0.7795,0.7832,1298926.3,1761537600000,1021734.79891,9891,2025-10-27 03:00:00+00:00
1761537600000,0.7832,0.789,0.772,0.7878,1430988.9,1761541200000,1113979.6391,11002,2025-10-27 04:00:00+00:00
1761541200000,0.7884,0.7898,0.7751,0.778,1376532.2,1761544800000,1078491.13915,8135,2025-10-27 05:00:00+00:00
1761544800000,0.778,0.7789,0.7515,0.7565,3184147.7,1761548400000,2419715.98327,17581,2025-10-27 06:00:00+00:00
1761548400000,0.7563,0.7615,0.7391,0.7537,1961238.9,1761552000000,1474043.53586,12117,2025-10-27 07:00:00+00:00
1761552000000,0.7534,0.7551,0.7409,0.7429,1740716.0,1761555600000,1300812.55726,10173,2025-10-27 08:00:00+00:00
1761555600000,0.7429,0.7449,0.7315,0.7369,1343450.1,1761559200000,991669.82221,9908,2025-10-27 09:00:00+00:00
1761559200000,0.737,0.739,0.7301,0.7382,1878478.0,1761562800000,1380716.74097,8257,2025-10-27 10:00:00+00:00
1761562800000,0.7382,0.7439,0.7352,0.7368,1100038.8,1761566400000,814387.14446,6270,2025-10-27 11:00:00+00:00
1761566400000,0.7368,0.7476,0.7354,0.741,983087.3,1761570000000,728083.86586,6882,2025-10-27 12:00:00+00:00
1761570000000,0.741,0.7496,0.7325,0.7362,741215.1,1761573600000,548524.18318,6756,2025-10-27 13:00:00+00:00
1761573600000,0.7363,0.7373,0.7205,0.728,1510840.3,1761577200000,1098405.00818,11330,2025-10-27 14:00:00+00:00
1761577200000,0.728,0.734,0.7142,0.7197,1082874.6,1761580800000,783729.13571,8906,2025-10-27 15:00:00+00:00
1761580800000,0.7196,0.7269,0.7141,0.7175,1130692.0,1761584400000,814273.71254,9489,2025-10-27 16:00:00+00:00
1761584400000,0.7176,0.7187,0.7057,0.7144,1345244.1,1761588000000,958109.80577,8428,2025-10-27 17:00:00+00:00
1761588000000,0.7143,0.7187,0.7092,0.7127,974220.1,1761591600000,695571.06136,6701,2025-10-27 18:00:00+00:00
1761591600000,0.7126,0.719,0.7082,0.7096,753307.8,1761595200000,537617.73871,5010,2025-10-27 19:00:00+00:00
1761595200000,0.7096,0.7098,0.6948,0.6991,1064920.5,1761598800000,745703.45406,6639,2025-10-27 20:00:00+00:00
1761598800000,0.6992,0.7107,0.6936,0.7061,1263086.0,1761602400000,886057.53981,5671,2025-10-27 21:00:00+00:00
1761602400000,0.706,0.7104,0.6907,0.6961,1124705.8,1761606000000,787271.83517,5125,2025-10-27 22:00:00+00:00
1761606000000,0.6962,0.6979,0.6864,0.6946,985387.4,1761609600000,681746.37409,6164,2025-10-27 23:00:00+00:00
1761609600000,0.6946,0.7196,0.6805,0.6999,3739026.1,1761613200000,2638165.83912,16636,2025-10-28 00:00:00+00:00
1761613200000,0.7,0.7037,0.6878,0.6932,1668499.8,1761616800000,1162516.73919,9179,2025-10-28 01:00:00+00:00
1761616800000,0.6933,0.6939,0.668,0.6731,2233637.0,1761620400000,1518042.86175,9193,2025-10-28 02:00:00+00:00
1761620400000,0.6731,0.6756,0.6623,0.671,1364101.5,1761624000000,912356.34469,7337,2025-10-28 03:00:00+00:00
1761624000000,0.6711,0.6767,0.6643,0.6702,902917.2,1761627600000,606013.04087,5100,2025-10-28 04:00:00+00:00
1761627600000,0.6703,0.6728,0.654,0.6556,1303978.1,1761631200000,864125.9816,5619,2025-10-28 05:00:00+00:00
1761631200000,0.6559,0.6667,0.652,0.6651,1128089.9,1761634800000,742936.64288,5413,2025-10-28 06:00:00+00:00
1761634800000,0.665,0.6727,0.6566,0.6586,1101809.7,1761638400000,732512.19338,5478,2025-10-28 07:00:00+00:00
1761638400000,0.6587,0.6711,0.6567,0.6708,1239944.8,1761642000000,823910.73831,4939,2025-10-28 08:00:00+00:00
1761642000000,0.6708,0.6817,0.6654,0.6781,1776715.6,1761645600000,1199447.3658,7153,2025-10-28 09:00:00+00:00
1761645600000,0.6779,0.6885,0.6765,0.6784,857143.1,1761649200000,584825.87079,6166,2025-10-28 10:00:00+00:00
1761649200000,0.6785,0.679,0.6678,0.6779,1169260.2,1761652800000,786991.29138,6131,2025-10-28 11:00:00+00:00
1761652800000,0.6779,0.6787,0.6666,0.6678,673710.5,1761656400000,452136.28676,4766,2025-10-28 12:00:00+00:00
1761656400000,0.6677,0.6798,0.6675,0.6771,733209.9,1761660000000,494849.92652,6292,2025-10-28 13:00:00+00:00
1761660000000,0.6774,0.7085,0.6622,0.7053,2298803.6,1761663600000,1579819.38841,12211,2025-10-28 14:00:00+00:00
1761663600000,0.7052,0.7062,0.6848,0.6969,1245534.8,1761667200000,864271.61319,8824,2025-10-28 15:00:00+00:00
1761667200000,0.6967,0.6968,0.6781,0.6833,1183110.7,1761670800000,811131.64213,7628,2025-10-28 16:00:00+00:00
1761670800000,0.6835,0.6888,0.6768,0.6788,673453.5,1761674400000,459052.09827,4190,2025-10-28 17:00:00+00:00
1761674400000,0.679,0.6816,0.6677,0.6689,633496.4,1761678000000,426720.03929,3421,2025-10-28 18:00:00+00:00
1761678000000,0.669,0.6713,0.6568,0.6646,1010397.6,1761681600000,670106.82634,6450,2025-10-28 19:00:00+00:00
1761681600000,0.6645,0.6695,0.6481,0.6512,1352764.3,1761685200000,888530.16859,8842,2025-10-28 20:00:00+00:00
1761685200000,0.6511,0.6573,0.6444,0.6554,1593684.9,1761688800000,1039626.22586,5014,2025-10-28 21:00:00+00:00
1761688800000,0.6554,0.6725,0.6526,0.6641,757997.7,1761692400000,501842.23522,4679,2025-10-28 22:00:00+00:00
1761692400000,0.6636,0.6673,0.6621,0.6671,461140.0,1761696000000,306693.26356,3270,2025-10-28 23:00:00+00:00
1761696000000,0.6671,0.6709,0.6559,0.6564,759127.8,1761699600000,503716.8435,6134,2025-10-29 00:00:00+00:00
1761699600000,0.6563,0.6586,0.6482,0.6534,740867.5,1761703200000,483906.98126,4387,2025-10-29 01:00:00+00:00
1761703200000,0.6534,0.6573,0.6291,0.6299,2042355.7,1761706800000,1308497.09575,8176,2025-10-29 02:00:00+00:00
1761706800000,0.63,0.6387,0.6274,0.6356,1084096.9,1761710400000,686488.19645,4686,2025-10-29 03:00:00+00:00
1761710400000,0.6356,0.639,0.6311,0.638,467357.3,1761714000000,296825.1364,2714,2025-10-29 04:00:00+00:00
1761714000000,0.6379,0.6632,0.6369,0.6621,1135129.5,1761717600000,738520.09201,6280,2025-10-29 05:00:00+00:00
1761717600000,0.6621,0.6758,0.6585,0.6626,1878650.3,1761721200000,1253032.67329,10318,2025-10-29 06:00:00+00:00
1761721200000,0.6624,0.663,0.6474,0.6524,1224016.1,1761724800000,799774.71689,6311,2025-10-29 07:00:00+00:00
1761724800000,0.6524,0.6583,0.6486,0.6541,800710.0,1761728400000,523123.81346,5928,2025-10-29 08:00:00+00:00
1761728400000,0.654,0.6611,0.6489,0.6536,602151.2,1761732000000,394438.13277,4661,2025-10-29 09:00:00+00:00
1761732000000,0.6539,0.6554,0.6447,0.6478,623615.4,1761735600000,405376.73074,4489,2025-10-29 10:00:00+00:00
1761735600000,0.6479,0.6541,0.6439,0.6528,759295.8,1761739200000,492347.20695,4664,2025-10-29 11:00:00+00:00
1761739200000,0.6527,0.6575,0.6479,0.6492,435358.8,1761742800000,284032.69774,3256,2025-10-29 12:00:00+00:00
1761742800000,0.6492,0.6554,0.6455,0.6493,657703.0,1761746400000,427515.65626,3480,2025-10-29 13:00:00+00:00
1761746400000,0.6494,0.6588,0.6373,0.6528,1164306.1,1761750000000,754356.02651,5163,2025-10-29 14:00:00+00:00
1761750000000,0.6529,0.659,0.6352,0.6416,709284.3,1761753600000,458141.78442,5374,2025-10-29 15:00:00+00:00
1761753600000,0.6417,0.6445,0.633,0.6429,725057.3,1761757200000,463385.09468,4878,2025-10-29 16:00:00+00:00
1761757200000,0.6429,0.6547,0.6387,0.6544,593668.7,1761760800000,384711.13684,4958,2025-10-29 17:00:00+00:00
1761760800000,0.6546,0.6738,0.6432,0.6673,2657259.5,1761764400000,1752811.60322,15725,2025-10-29 18:00:00+00:00
1761764400000,0.668,0.6736,0.6461,0.6471,1132003.0,1761768000000,746809.98638,7840,2025-10-29 19:00:00+00:00
1761768000000,0.6471,0.6702,0.6464,0.6694,693263.6,1761771600000,456379.80347,5201,2025-10-29 20:00:00+00:00
1761771600000,0.6692,0.6741,0.66,0.6658,738541.9,1761775200000,492444.23637,4209,2025-10-29 21:00:00+00:00
1761775200000,0.6657,0.6765,0.665,0.6749,564842.6,1761778800000,378777.18917,4143,2025-10-29 22:00:00+00:00
1761778800000,0.6749,0.6845,0.6555,0.6688,1850725.5,1761782400000,1239182.32413,8070,2025-10-29 23:00:00+00:00
1761782400000,0.6689,0.6894,0.6497,0.6562,2121259.8,1761786000000,1420249.77987,12832,2025-10-30 00:00:00+00:00
1761786000000,0.6562,0.6779,0.6472,0.6732,899204.5,1761789600000,594463.15869,6455,2025-10-30 01:00:00+00:00
1761789600000,0.6731,0.6787,0.6654,0.6687,782334.7,1761793200000,524930.23607,5412,2025-10-30 02:00:00+00:00
1761793200000,0.6686,0.6886,0.6656,0.6834,900270.5,1761796800000,611412.53895,6694,2025-10-30 03:00:00+00:00
1761796800000,0.6832,0.6834,0.6386,0.6451,2236642.7,1761800400000,1461649.39934,11350,2025-10-30 04:00:00+00:00
1761800400000,0.6454,0.661,0.6422,0.6492,1529115.4,1761804000000,993538.39665,6723,2025-10-30 05:00:00+00:00
1761804000000,0.649,0.6582,0.6466,0.6564,649070.6,1761807600000,423079.74184,4597,2025-10-30 06:00:00+00:00
1761807600000,0.6563,0.6632,0.65,0.6622,630764.6,1761811200000,414663.10546,3850,2025-10-30 07:00:00+00:00
1761811200000,0.662,0.672,0.6523,0.6692,933693.8,1761814800000,619469.72924,6347,2025-10-30 08:00:00+00:00
1761814800000,0.6693,0.6722,0.6476,0.6496,880604.9,1761818400000,579297.23246,4901,2025-10-30 09:00:00+00:00
1761818400000,0.649,0.6522,0.623,0.6315,839563.4,1761822000000,535539.46407,4945,2025-10-30 10:00:00+00:00
1761822000000,0.6312,0.6348,0.6177,0.6225,835127.0,1761825600000,521772.74006,4847,2025-10-30 11:00:00+00:00
1761825600000,0.6226,0.6235,0.5968,0.6004,2293679.3,1761829200000,1389660.85923,8048,2025-10-30 12:00:00+00:00
1761829200000,0.6001,0.608,0.594,0.602,1605589.6,1761832800000,966604.32641,6615,2025-10-30 13:00:00+00:00
1761832800000,0.602,0.6102,0.6003,0.6007,848750.6,1761836400000,512808.68903,4314,2025-10-30 14:00:00+00:00
1761836400000,0.6006,0.6015,0.5767,0.5819,2081750.7,1761840000000,1217520.37026,7452,2025-10-30 15:00:00+00:00
1761840000000,0.5819,0.5913,0.5805,0.5854,1247942.6,1761843600000,730987.2526,6110,2025-10-30 16:00:00+00:00
1761843600000,0.5852,0.5852,0.566,0.5738,1040761.6,1761847200000,596485.851,6088,2025-10-30 17:00:00+00:00
1761847200000,0.5738,0.577,0.566,0.57,642400.8,1761850800000,367074.35719,4041,2025-10-30 18:00:00+00:00
1761850800000,0.5703,0.5736,0.5654,0.5689,712356.2,1761854400000,405630.6965,4692,2025-10-30 19:00:00+00:00
1761854400000,0.5689,0.572,0.5617,0.5658,1011558.9,1761858000000,572715.93019,5475,2025-10-30 20:00:00+00:00
1761858000000,0.5659,0.5833,0.5659,0.5779,780566.2,1761861600000,449607.65139,4332,2025-10-30 21:00:00+00:00
1761861600000,0.578,0.5894,0.5776,0.5808,968514.7,1761865200000,564840.88028,4623,2025-10-30 22:00:00+00:00
1761865200000,0.5808,0.5834,0.5764,0.5828,478853.4,1761868800000,277577.05214,3061,2025-10-30 23:00:00+00:00
1761868800000,0.5827,0.597,0.5809,0.5966,1117059.1,1761872400000,657087.3599,7477,2025-10-31 00:00:00+00:00
1761872400000,0.5968,0.6057,0.596,0.6,985516.5,1761876000000,591936.59296,5873,2025-10-31 01:00:00+00:00
1761876000000,0.6001,0.6035,0.5916,0.5977,657536.9,1761879600000,392243.13715,4631,2025-10-31 02:00:00+00:00
1761879600000,0.5976,0.5997,0.5923,0.5993,301863.6,1761883200000,179680.87115,2600,2025-10-31 03:00:00+00:00
1761883200000,0.5995,0.6111,0.5995,0.6073,622465.5,1761886800000,376800.25861,4761,2025-10-31 04:00:00+00:00
1761886800000,0.6073,0.6439,0.602,0.6323,2549607.2,1761890400000,1599211.86044,11898,2025-10-31 05:00:00+00:00
1761890400000,0.6322,0.6514,0.6261,0.6272,1818422.2,1761894000000,1159837.26142,13758,2025-10-31 06:00:00+00:00
1761894000000,0.6272,0.6437,0.6227,0.6337,1501243.3,1761897600000,948446.9722,10050,2025-10-31 07:00:00+00:00
1761897600000,0.6338,0.6381,0.6258,0.6351,742438.7,1761901200000,468700.5468,5772,2025-10-31 08:00:00+00:00
1761901200000,0.635,0.6455,0.6304,0.6372,892755.2,1761904800000,569940.61326,6532,2025-10-31 09:00:00+00:00
1761904800000,0.6372,0.661,0.6357,0.6487,1533992.5,1761908400000,998347.19804,9877,2025-10-31 10:00:00+00:00
1761908400000,0.6486,0.6658,0.6442,0.6634,1422779.9,1761912000000,932386.66755,10324,2025-10-31 11:00:00+00:00
1761912000000,0.6633,0.6809,0.6575,0.6755,2452015.6,1761915600000,1643423.13512,15477,2025-10-31 12:00:00+00:00
1761915600000,0.6756,0.6855,0.6647,0.6691,1926087.3,1761919200000,1301981.29291,15033,2025-10-31 13:00:00+00:00
1761919200000,0.6696,0.6775,0.659,0.6742,1574778.8,1761922800000,1049430.55836,10067,2025-10-31 14:00:00+00:00
1761922800000,0.6743,0.6856,0.6646,0.6651,2038626.8,1761926400000,1377257.73602,12424,2025-10-31 15:00:00+00:00
1761926400000,0.6652,0.6677,0.6432,0.6456,1627436.2,1761930000000,1063659.75427,9411,2025-10-31 16:00:00+00:00
1761930000000,0.6455,0.6688,0.6424,0.6596,1276157.4,1761933600000,837556.98246,9847,2025-10-31 17:00:00+00:00
1761933600000,0.6596,0.6633,0.6517,0.6524,871730.0,1761937200000,572035.50471,6472,2025-10-31 18:00:00+00:00
1761937200000,0.6523,0.6632,0.6479,0.6604,570190.4,1761940800000,373721.1428,4884,2025-10-31 19:00:00+00:00
1761940800000,0.6603,0.6669,0.6546,0.6566,725774.5,1761944400000,480059.34354,4947,2025-10-31 20:00:00+00:00
1761944400000,0.6565,0.6605,0.6489,0.6528,650699.2,1761948000000,425297.72684,4302,2025-10-31 21:00:00+00:00
1761948000000,0.6525,0.6574,0.6444,0.6457,579133.8,1761951600000,376899.58552,3685,2025-10-31 22:00:00+00:00
1761951600000,0.6458,0.649,0.6382,0.6434,717844.9,1761955200000,461745.49065,3480,2025-10-31 23:00:00+00:00
1761955200000,0.6433,0.6702,0.6426,0.6638,2309428.7,1761958800000,1525023.25311,16252,2025-11-01 00:00:00+00:00
1761958800000,0.6635,0.6795,0.6604,0.6777,1151210.7,1761962400000,771257.54985,7194,2025-11-01 01:00:00+00:00
1761962400000,0.6774,0.6859,0.6703,0.6776,1782092.8,1761966000000,1211175.00867,11582,2025-11-01 02:00:00+00:00
1761966000000,0.6776,0.6995,0.6745,0.6943,1902896.3,1761969600000,1312902.71854,11439,2025-11-01 03:00:00+00:00
1761969600000,0.6943,0.73,0.6943,0.7141,2658208.3,1761973200000,1888623.19683,15974,2025-11-01 04:00:00+00:00
1761973200000,0.7143,0.7178,0.6977,0.6988,1953974.7,1761976800000,1381776.87659,11641,2025-11-01 05:00:00+00:00
1761976800000,0.6989,0.6992,0.6862,0.693,1703983.1,1761980400000,1180686.4788,9243,2025-11-01 06:00:00+00:00
1761980400000,0.6929,0.7078,0.678,0.6838,1656502.2,1761984000000,1146122.47791,10527,2025-11-01 07:00:00+00:00
1761984000000,0.6841,0.689,0.6739,0.6817,1264512.1,1761987600000,859320.99019,8320,2025-11-01 08:00:00+00:00
1761987600000,0.6817,0.688,0.6768,0.6821,773606.7,1761991200000,527779.79399,4949,2025-11-01 09:00:00+00:00
1761991200000,0.6822,0.6938,0.6795,0.6847,742162.9,1761994800000,510100.87086,4257,2025-11-01 10:00:00+00:00
1761994800000,0.6848,0.6871,0.677,0.6801,693128.9,1761998400000,472967.8738,3923,2025-11-01 11:00:00+00:00
1761998400000,0.6801,0.6825,0.6692,0.6702,920541.6,1762002000000,622258.1833,4703,2025-11-01 12:00:00+00:00
1762002000000,0.6703,0.6721,0.6512,0.6539,1482382.5,1762005600000,982124.39401,6704,2025-11-01 13:00:00+00:00
1762005600000,0.6541,0.6574,0.6457,0.6563,1149326.4,1762009200000,750051.66895,6430,2025-11-01 14:00:00+00:00
1762009200000,0.6563,0.667,0.6552,0.6589,807793.9,1762012800000,533980.03123,4669,2025-11-01 15:00:00+00:00
1762012800000,0.6588,0.666,0.6549,0.6597,567122.5,1762016400000,374452.05476,4412,2025-11-01 16:00:00+00:00
1762016400000,0.6598,0.662,0.655,0.6573,435206.6,1762020000000,286719.71973,2913,2025-11-01 17:00:00+00:00
1762020000000,0.6575,0.6577,0.6511,0.6552,442342.8,1762023600000,289499.33299,2632,2025-11-01 18:00:00+00:00
1762023600000,0.655,0.656,0.6501,0.6544,318791.4,1762027200000,208317.41009,1781,2025-11-01 19:00:00+00:00
1762027200000,0.6543,0.6575,0.6466,0.6497,380475.3,1762030800000,248322.94515,2612,2025-11-01 20:00:00+00:00
1762030800000,0.6495,0.6527,0.6455,0.646,483126.6,1762034400000,314246.56632,3112,2025-11-01 21:00:00+00:00
1762034400000,0.6457,0.6503,0.645,0.6465,439806.8,1762038000000,284667.91779,2804,2025-11-01 22:00:00+00:00
1762038000000,0.6464,0.6637,0.6448,0.6621,815075.6,1762041600000,534668.20424,5521,2025-11-01 23:00:00+00:00
1762041600000,0.662,0.6797,0.6497,0.6592,2459926.9,1762045200000,1637664.54651,17340,2025-11-02 00:00:00+00:00
1762045200000,0.6588,0.6613,0.6445,0.6492,823819.7,1762048800000,537002.44091,5819,2025-11-02 01:00:00+00:00
1762048800000,0.6492,0.6559,0.6466,0.652,526164.0,1762052400000,342787.66288,3940,2025-11-02 02:00:00+00:00
1762052400000,0.6522,0.6524,0.6381,0.6387,757949.1,1762056000000,488213.36925,4901,2025-11-02 03:00:00+00:00
1762056000000,0.6386,0.644,0.6344,0.6432,813703.2,1762059600000,519637.19189,4656,2025-11-02 04:00:00+00:00
1762059600000,0.6432,0.6452,0.6382,0.6424,594130.0,1762063200000,381178.67298,4477,2025-11-02 05:00:00+00:00
1762063200000,0.6423,0.6423,0.6309,0.6321,638039.6,1762066800000,406420.26894,4023,2025-11-02 06:00:00+00:00
1762066800000,0.6321,0.6348,0.6232,0.6308,975001.7,1762070400000,612272.42469,6108,2025-11-02 07:00:00+00:00
1762070400000,0.6309,0.633,0.6267,0.6294,494660.6,1762074000000,311529.98485,3889,2025-11-02 08:00:00+00:00
1762074000000,0.6298,0.6388,0.6298,0.6318,534919.8,1762077600000,339302.82593,3947,2025-11-02 09:00:00+00:00
1762077600000,0.6321,0.6418,0.6319,0.6348,546222.9,1762081200000,348241.42011,3706,2025-11-02 10:00:00+00:00
1762081200000,0.6345,0.6389,0.6333,0.6361,361544.1,1762084800000,230144.42473,2833,2025-11-02 11:00:00+00:00
1762084800000,0.636,0.6366,0.6272,0.6287,484292.8,1762088400000,305449.4582,3223,2025-11-02 12:00:00+00:00
1762088400000,0.6288,0.6292,0.6186,0.6245,671528.7,1762092000000,418756.3842,3611,2025-11-02 13:00:00+00:00
1762092000000,0.6244,0.6692,0.612,0.6462,3610486.2,1762095600000,2302119.73758,14111,2025-11-02 14:00:00+00:00
1762095600000,0.6463,0.6503,0.6349,0.6371,1613758.0,1762099200000,1035448.59028,9358,2025-11-02 15:00:00+00:00
1762099200000,0.6372,0.644,0.6323,0.6351,665606.5,1762102800000,424861.76823,4419,2025-11-02 16:00:00+00:00
1762102800000,0.6353,0.6368,0.6275,0.6285,534295.0,1762106400000,337377.93572,3106,2025-11-02 17:00:00+00:00
1762106400000,0.6283,0.6321,0.6239,0.6294,522816.5,1762110000000,328118.56331,3129,2025-11-02 18:00:00+00:00
1762110000000,0.6293,0.6331,0.6219,0.6266,280849.8,1762113600000,176097.39743,2459,2025-11-02 19:00:00+00:00
1762113600000,0.6266,0.6359,0.6257,0.6272,349965.5,1762117200000,220734.00018,3374,2025-11-02 20:00:00+00:00
1762117200000,0.6272,0.628,0.6226,0.6256,308271.9,1762120800000,192703.89933,1999,2025-11-02 21:00:00+00:00
1762120800000,0.6257,0.6307,0.6242,0.6252,190800.1,1762124400000,119643.38148,1454,2025-11-02 22:00:00+00:00
1762124400000,0.6254,0.6372,0.6254,0.6352,773739.2,1762128000000,489903.89669,4486,2025-11-02 23:00:00+00:00
1762128000000,0.6352,0.6421,0.6162,0.6164,991304.0,1762131600000,620391.1292,6053,2025-11-03 00:00:00+00:00
1762131600000,0.6162,0.6177,0.6083,0.6102,578179.7,1762135200000,354424.19939,3834,2025-11-03 01:00:00+00:00
1762135200000,0.6101,0.6101,0.5898,0.5969,1023986.9,1762138800000,613196.44139,5459,2025-11-03 02:00:00+00:00
1762138800000,0.597,0.599,0.5838,0.5842,752458.4,1762142400000,444535.6912,4884,2025-11-03 03:00:00+00:00
1762142400000,0.5841,0.6023,0.58,0.5989,907830.8,1762146000000,535538.28928,6328,2025-11-03 04:00:00+00:00
1762146000000,0.599,0.6025,0.5898,0.5902,500478.0,1762149600000,298437.90902,3881,2025-11-03 05:00:00+00:00
1762149600000,0.5903,0.6009,0.5884,0.595,1089882.2,1762153200000,648701.65335,4896,2025-11-03 06:00:00+00:00
1762153200000,0.5949,0.605,0.5926,0.5994,487338.0,1762156800000,292407.497,3825,2025-11-03 07:00:00+00:00
1762156800000,0.5993,0.6033,0.593,0.5972,388804.3,1762160400000,232646.07184,3567,2025-11-03 08:00:00+00:00
1762160400000,0.5971,0.6023,0.5877,0.5881,589139.0,1762164000000,350970.73335,3754,2025-11-03 09:00:00+00:00
1762164000000,0.588,0.5944,0.5852,0.5862,603656.4,1762167600000,355607.94151,3045,2025-11-03 10:00:00+00:00
1762167600000,0.5862,0.5955,0.5862,0.5903,1004706.7,1762171200000,594286.33079,3997,2025-11-03 11:00:00+00:00
1762171200000,0.5905,0.5966,0.5843,0.5857,400615.6,1762174800000,236837.08327,2790,2025-11-03 12:00:00+00:00
1762174800000,0.5858,0.5877,0.5742,0.5755,1177836.9,1762178400000,683449.04817,5124,2025-11-03 13:00:00+00:00
1762178400000,0.5756,0.5849,0.5736,0.5791,771103.2,1762182000000,445862.02519,4922,2025-11-03 14:00:00+00:00
1762182000000,0.5791,0.5806,0.5329,0.5516,3608235.4,1762185600000,2014514.97031,17216,2025-11-03 15:00:00+00:00
1762185600000,0.5516,0.5677,0.5493,0.5596,1130773.8,1762189200000,632425.81683,6553,2025-11-03 16:00:00+00:00
1762189200000,0.5597,0.5694,0.559,0.5665,732964.7,1762192800000,413152.54207,5208,2025-11-03 17:00:00+00:00
1762192800000,0.5665,0.5665,0.5481,0.5489,853404.5,1762196400000,476169.93021,4114,2025-11-03 18:00:00+00:00
1762196400000,0.5492,0.5498,0.54,0.5402,578264.2,1762200000000,314791.95731,3587,2025-11-03 19:00:00+00:00
1762200000000,0.5403,0.5422,0.5313,0.5345,892676.5,1762203600000,479826.18652,4056,2025-11-03 20:00:00+00:00
1762203600000,0.5342,0.5435,0.5289,0.5367,1387141.1,1762207200000,745106.52421,5836,2025-11-03 21:00:00+00:00
1762207200000,0.5367,0.5387,0.5276,0.5341,716932.9,1762210800000,383780.679,3035,2025-11-03 22:00:00+00:00
1762210800000,0.5339,0.5511,0.5335,0.5432,801351.8,1762214400000,435299.35616,3401,2025-11-03 23:00:00+00:00
1762214400000,0.5432,0.5642,0.5426,0.5489,3487968.1,1762218000000,1936508.62739,17285,2025-11-04 00:00:00+00:00
1762218000000,0.549,0.5498,0.5421,0.5469,717421.0,1762221600000,391654.29974,5604,2025-11-04 01:00:00+00:00
1762221600000,0.5468,0.548,0.536,0.5382,571040.7,1762225200000,309540.22195,4638,2025-11-04 02:00:00+00:00
1762225200000,0.5383,0.5504,0.5376,0.5435,823239.7,1762228800000,448805.60167,4800,2025-11-04 03:00:00+00:00
1762228800000,0.5437,0.546,0.5388,0.54,743242.9,1762232400000,403562.08096,4801,2025-11-04 04:00:00+00:00
1762232400000,0.5399,0.5419,0.5158,0.5316,1940340.5,1762236000000,1024515.44235,10789,2025-11-04 05:00:00+00:00
1762236000000,0.5313,0.5577,0.5287,0.5398,3090883.8,1762239600000,1677646.71372,15230,2025-11-04 06:00:00+00:00
1762239600000,0.5397,0.5525,0.5317,0.5515,910047.2,1762243200000,492982.77471,6033,2025-11-04 07:00:00+00:00
1762243200000,0.5514,0.5574,0.5405,0.553,1339188.7,1762246800000,737029.96869,7829,2025-11-04 08:00:00+00:00
1762246800000,0.5529,0.558,0.5388,0.5438,1068995.1,1762250400000,585117.61431,6735,2025-11-04 09:00:00+00:00
1762250400000,0.5441,0.5499,0.5434,0.5469,696402.7,1762254000000,380501.05939,4685,2025-11-04 10:00:00+00:00
1762254000000,0.5472,0.5519,0.5413,0.5472,869105.4,1762257600000,475135.27007,5444,2025-11-04 11:00:00+00:00
1762257600000,0.5467,0.5498,0.5375,0.5421,598478.1,1762261200000,324775.34731,3967,2025-11-04 12:00:00+00:00
1762261200000,0.5423,0.5438,0.5346,0.5387,593891.5,1762264800000,320273.57953,3492,2025-11-04 13:00:00+00:00
1762264800000,0.5386,0.5508,0.5292,0.5462,909663.3,1762268400000,491072.22208,5590,2025-11-04 14:00:00+00:00
1762268400000,0.5464,0.5524,0.5349,0.5362,1024540.3,1762272000000,557019.92799,5180,2025-11-04 15:00:00+00:00
1762272000000,0.536,0.5403,0.5274,0.5302,742436.6,1762275600000,396007.66548,4509,2025-11-04 16:00:00+00:00
1762275600000,0.5303,0.5313,0.5188,0.5255,1085655.3,1762279200000,570345.94793,5529,2025-11-04 17:00:00+00:00
1762279200000,0.5257,0.527,0.5079,0.5178,1168001.3,1762282800000,603440.7583,6905,2025-11-04 18:00:00+00:00
1762282800000,0.5178,0.5251,0.512,0.5133,930792.1,1762286400000,482383.56429,4864,2025-11-04 19:00:00+00:00
1762286400000,0.5134,0.5206,0.5,0.5175,1955112.6,1762290000000,997068.46129,9090,2025-11-04 20:00:00+00:00
1762290000000,0.5179,0.5185,0.4913,0.5162,1688241.7,1762293600000,855112.20582,8261,2025-11-04 21:00:00+00:00
1762293600000,0.5164,0.5279,0.5146,0.5255,1389673.7,1762297200000,727993.00901,5994,2025-11-04 22:00:00+00:00
1762297200000,0.5255,0.5313,0.5215,0.5301,1438896.2,1762300800000,757165.48469,4305,2025-11-04 23:00:00+00:00
1762300800000,0.5302,0.5436,0.52,0.5275,2128415.1,1762304400000,1129162.98232,9173,2025-11-05 00:00:00+00:00
1762304400000,0.5276,0.5286,0.5087,0.5254,1044669.7,1762308000000,540668.58225,5830,2025-11-05 01:00:00+00:00
1762308000000,0.5254,0.5427,0.5254,0.5376,1276416.8,1762311600000,682909.31661,6197,2025-11-05 02:00:00+00:00
1762311600000,0.538,0.5418,0.5297,0.53,2091083.0,1762315200000,1119533.70064,6553,2025-11-05 03:00:00+00:00
1762315200000,0.5299,0.5346,0.5282,0.5313,571282.3,1762318800000,303299.32336,3098,2025-11-05 04:00:00+00:00
1762318800000,0.5314,0.5374,0.5296,0.5305,566489.2,1762322400000,301773.0348,2914,2025-11-05 05:00:00+00:00
1762322400000,0.5306,0.531,0.5246,0.5284,494649.9,1762326000000,260828.80593,2613,2025-11-05 06:00:00+00:00
1762326000000,0.5284,0.529,0.5232,0.527,579822.7,1762329600000,305034.08883,2572,2025-11-05 07:00:00+00:00
1762329600000,0.5268,0.5268,0.5155,0.5199,715961.8,1762333200000,372323.18593,3932,2025-11-05 08:00:00+00:00
1762333200000,0.5198,0.526,0.5192,0.5203,415832.2,1762336800000,217053.14378,2508,2025-11-05 09:00:00+00:00
1762336800000,0.52,0.5222,0.5094,0.51,704747.8,1762340400000,363536.78875,2863,2025-11-05 10:00:00+00:00
1762340400000,0.51,0.5251,0.5092,0.5239,482032.7,1762344000000,249457.51296,2490,2025-11-05 11:00:00+00:00
1762344000000,0.5235,0.5319,0.5198,0.5263,719879.6,1762347600000,378430.23553,3176,2025-11-05 12:00:00+00:00
1762347600000,0.5262,0.5312,0.5217,0.5292,917508.4,1762351200000,482246.31924,3323,2025-11-05 13:00:00+00:00
1762351200000,0.529,0.5325,0.5212,0.5286,1134361.5,1762354800000,598308.40599,4021,2025-11-05 14:00:00+00:00
1762354800000,0.5284,0.5473,0.528,0.5436,1122821.7,1762358400000,603073.47969,4687,2025-11-05 15:00:00+00:00
1762358400000,0.5437,0.5487,0.5355,0.5478,968290.7,1762362000000,526331.82589,3926,2025-11-05 16:00:00+00:00
1762362000000,0.5478,0.5559,0.5436,0.5467,1237946.3,1762365600000,679454.38826,4382,2025-11-05 17:00:00+00:00
1762365600000,0.5466,0.551,0.5451,0.5468,715053.4,1762369200000,392211.04957,3180,2025-11-05 18:00:00+00:00
1762369200000,0.5467,0.5472,0.5402,0.5425,362627.9,1762372800000,197082.75994,2522,2025-11-05 19:00:00+00:00
1762372800000,0.5425,0.5459,0.5355,0.5369,398373.2,1762376400000,214901.8611,2553,2025-11-05 20:00:00+00:00
1762376400000,0.5369,0.5402,0.5345,0.5363,437376.7,1762380000000,234847.92149,2819,2025-11-05 21:00:00+00:00
1762380000000,0.5363,0.5431,0.5345,0.5412,286078.5,1762383600000,154336.79248,1780,2025-11-05 22:00:00+00:00
1762383600000,0.5413,0.5451,0.5372,0.5433,463784.6,1762387200000,250696.26865,2997,2025-11-05 23:00:00+00:00
1762387200000,0.5433,0.5433,0.5246,0.5267,997676.4,1762390800000,529498.24315,5016,2025-11-06 00:00:00+00:00
1762390800000,0.5266,0.527,0.5188,0.5268,425732.7,1762394400000,222692.81093,2791,2025-11-06 01:00:00+00:00
1762394400000,0.5265,0.531,0.5217,0.5279,478294.9,1762398000000,251702.51828,3287,2025-11-06 02:00:00+00:00
1762398000000,0.5281,0.5298,0.5235,0.5246,411172.4,1762401600000,216583.3711,2994,2025-11-06 03:00:00+00:00
1762401600000,0.5245,0.525,0.5184,0.5225,457146.1,1762405200000,238430.13662,2373,2025-11-06 04:00:00+00:00
1762405200000,0.5223,0.5239,0.512,0.5133,589168.4,1762408800000,304191.24709,2978,2025-11-06 05:00:00+00:00
1762408800000,0.5134,0.5187,0.5101,0.5126,453728.1,1762412400000,233350.63937,2312,2025-11-06 06:00:00+00:00
1762412400000,0.5128,0.5159,0.5091,0.5135,543948.0,1762416000000,278708.9933,2666,2025-11-06 07:00:00+00:00
1762416000000,0.5132,0.52,0.5106,0.5118,534032.1,1762419600000,275750.13088,2913,2025-11-06 08:00:00+00:00
1762419600000,0.5118,0.5148,0.5062,0.5082,372245.6,1762423200000,190259.99146,2214,2025-11-06 09:00:00+00:00
1762423200000,0.5084,0.5145,0.5043,0.5132,674631.1,1762426800000,344138.46316,2809,2025-11-06 10:00:00+00:00
1762426800000,0.5132,0.5132,0.5055,0.5085,567696.9,1762430400000,288878.31665,2516,2025-11-06 11:00:00+00:00
1762430400000,0.5085,0.5104,0.5019,0.5033,714816.3,1762434000000,360843.92514,3316,2025-11-06 12:00:00+00:00
1762434000000,0.5032,0.5161,0.5026,0.5136,979908.7,1762437600000,501221.34619,4000,2025-11-06 13:00:00+00:00
1762437600000,0.5136,0.5171,0.5017,0.5032,752015.0,1762441200000,382116.96617,4664,2025-11-06 14:00:00+00:00
1762441200000,0.5033,0.512,0.4954,0.4984,1779244.9,1762444800000,890934.65376,7241,2025-11-06 15:00:00+00:00
1762444800000,0.4983,0.5019,0.4913,0.5019,934331.2,1762448400000,464771.15693,4885,2025-11-06 16:00:00+00:00
1762448400000,0.5019,0.5086,0.4963,0.5076,952853.7,1762452000000,477454.61101,4518,2025-11-06 17:00:00+00:00
1762452000000,0.5075,0.5156,0.5043,0.5102,906702.3,1762455600000,461362.2508,4491,2025-11-06 18:00:00+00:00
1762455600000,0.5101,0.5124,0.4995,0.5024,1017055.6,1762459200000,513617.95363,4046,2025-11-06 19:00:00+00:00
1762459200000,0.5024,0.5062,0.495,0.4976,678015.2,1762462800000,338892.19259,3438,2025-11-06 20:00:00+00:00
1762462800000,0.4974,0.5049,0.496,0.5033,464675.5,1762466400000,232482.38165,2670,2025-11-06 21:00:00+00:00
1762466400000,0.5035,0.5066,0.4985,0.5044,421059.4,1762470000000,211482.59625,2121,2025-11-06 22:00:00+00:00
1762470000000,0.5043,0.5043,0.4951,0.5007,418487.8,1762473600000,208553.24308,2558,2025-11-06 23:00:00+00:00
1762473600000,0.5006,0.5026,0.4895,0.5004,1058155.3,1762477200000,526727.10852,5575,2025-11-07 00:00:00+00:00
1762477200000,0.5006,0.5029,0.4872,0.4952,961351.2,1762480800000,475077.29674,5617,2025-11-07 01:00:00+00:00
1762480800000,0.4952,0.505,0.493,0.505,610186.0,1762484400000,304239.18077,4386,2025-11-07 02:00:00+00:00
1762484400000,0.505,0.5083,0.5007,0.5036,582430.4,1762488000000,293984.67321,3566,2025-11-07 03:00:00+00:00
1762488000000,0.5036,0.5057,0.4975,0.5053,546485.0,1762491600000,274508.71937,3222,2025-11-07 04:00:00+00:00
1762491600000,0.5053,0.5193,0.5047,0.5165,887454.9,1762495200000,455322.18994,5124,2025-11-07 05:00:00+00:00
1762495200000,0.5165,0.5288,0.5154,0.5197,1153847.8,1762498800000,602922.72502,5600,2025-11-07 06:00:00+00:00
1762498800000,0.5198,0.5233,0.5123,0.5201,679435.0,1762502400000,351760.73145,3921,2025-11-07 07:00:00+00:00
1762502400000,0.52,0.5236,0.5176,0.5221,647025.0,1762506000000,336896.23345,4364,2025-11-07 08:00:00+00:00
1762506000000,0.522,0.5222,0.5075,0.5123,657001.8,1762509600000,337437.87208,4467,2025-11-07 09:00:00+00:00
1762509600000,0.5123,0.5154,0.5057,0.5076,618104.9,1762513200000,315498.93691,3573,2025-11-07 10:00:00+00:00
1762513200000,0.5075,0.5075,0.4958,0.5026,894271.2,1762516800000,447824.58576,5544,2025-11-07 11:00:00+00:00
1762516800000,0.5026,0.5057,0.4928,0.4967,1185457.6,1762520400000,591669.48879,6588,2025-11-07 12:00:00+00:00
1762520400000,0.4964,0.5111,0.4941,0.5082,983897.3,1762524000000,494586.19169,5182,2025-11-07 13:00:00+00:00
1762524000000,0.508,0.5216,0.4969,0.5203,1349705.6,1762527600000,685215.77877,7460,2025-11-07 14:00:00+00:00
1762527600000,0.5204,0.5306,0.5156,0.5279,1306987.7,1762531200000,685017.49946,9281,2025-11-07 15:00:00+00:00
1762531200000,0.5279,0.5402,0.5269,0.5372,1760326.3,1762534800000,940508.40137,9605,2025-11-07 16:00:00+00:00
1762534800000,0.5372,0.549,0.5342,0.5482,2070924.6,1762538400000,1123751.66419,9644,2025-11-07 17:00:00+00:00
1762538400000,0.5482,0.5641,0.5473,0.5597,1834872.8,1762542000000,1021163.82132,9530,2025-11-07 18:00:00+00:00
1762542000000,0.56,0.6582,0.5592,0.6414,6544164.3,1762545600000,3997679.39878,33521,2025-11-07 19:00:00+00:00
1762545600000,0.6413,0.6418,0.6064,0.6071,3643193.2,1762549200000,2263983.75949,25936,2025-11-07 20:00:00+00:00
1762549200000,0.6073,0.609,0.5969,0.5999,2050958.6,1762552800000,1235062.76559,10795,2025-11-07 21:00:00+00:00
1762552800000,0.6001,0.6022,0.583,0.5834,1480220.4,1762556400000,874493.78973,7333,2025-11-07 22:00:00+00:00
1762556400000,0.5838,0.5855,0.5768,0.5825,821730.5,1762560000000,477902.4399,5392,2025-11-07 23:00:00+00:00
1762560000000,0.5823,0.6003,0.5733,0.5775,2418204.6,1762563600000,1421846.96282,13715,2025-11-08 00:00:00+00:00
1762563600000,0.5775,0.5874,0.5748,0.582,692860.7,1762567200000,403063.66523,6089,2025-11-08 01:00:00+00:00
1762567200000,0.5819,0.5873,0.5754,0.5762,945470.9,1762570800000,550666.10828,5358,2025-11-08 02:00:00+00:00
1762570800000,0.5761,0.5795,0.561,0.5627,930071.3,1762574400000,531038.67554,5182,2025-11-08 03:00:00+00:00
1762574400000,0.5628,0.5674,0.5591,0.5602,705531.9,1762578000000,397557.96276,4089,2025-11-08 04:00:00+00:00
1762578000000,0.5601,0.5628,0.5538,0.5571,581119.6,1762581600000,324324.16026,3979,2025-11-08 05:00:00+00:00
1762581600000,0.5572,0.569,0.5553,0.5652,927178.3,1762585200000,520885.25674,5268,2025-11-08 06:00:00+00:00
1762585200000,0.5651,0.5726,0.5631,0.5703,542331.0,1762588800000,308312.96434,3941,2025-11-08 07:00:00+00:00
1762588800000,0.5701,0.5734,0.5634,0.5669,749689.4,1762592400000,426514.43851,3966,2025-11-08 08:00:00+00:00
1762592400000,0.5669,0.5709,0.5584,0.5632,714112.6,1762596000000,404039.2894,3582,2025-11-08 09:00:00+00:00
1762596000000,0.5633,0.5701,0.5621,0.5643,675745.8,1762599600000,382618.99114,2668,2025-11-08 10:00:00+00:00
1762599600000,0.5641,0.5702,0.5611,0.5641,486549.2,1762603200000,275391.53883,2677,2025-11-08 11:00:00+00:00
1762603200000,0.5641,0.5663,0.5589,0.5604,489667.0,1762606800000,274951.7928,2762,2025-11-08 12:00:00+00:00
1762606800000,0.5603,0.5612,0.5468,0.549,990945.3,1762610400000,549407.57337,5032,2025-11-08 13:00:00+00:00
1762610400000,0.5491,0.5516,0.5417,0.5463,696345.2,1762614000000,380761.32542,3893,2025-11-08 14:00:00+00:00
1762614000000,0.5463,0.5472,0.5316,0.5331,967875.6,1762617600000,520061.34399,5330,2025-11-08 15:00:00+00:00
1762617600000,0.533,0.5365,0.5295,0.5308,642871.5,1762621200000,342325.47563,4105,2025-11-08 16:00:00+00:00
1762621200000,0.5309,0.5353,0.5292,0.5328,613377.4,1762624800000,326526.89868,3231,2025-11-08 17:00:00+00:00
1762624800000,0.533,0.5346,0.5263,0.5298,777772.0,1762628400000,411752.53817,2572,2025-11-08 18:00:00+00:00
1762628400000,0.5299,0.5313,0.516,0.5231,2348813.5,1762632000000,1225009.4087,5590,2025-11-08 19:00:00+00:00
1762632000000,0.523,0.5298,0.5222,0.5286,498864.8,1762635600000,262405.04892,3195,2025-11-08 20:00:00+00:00
1762635600000,0.5286,0.5362,0.5282,0.5357,590057.1,1762639200000,313837.86993,2907,2025-11-08 21:00:00+00:00
1762639200000,0.5357,0.5402,0.5339,0.5355,699517.0,1762642800000,375358.09414,3021,2025-11-08 22:00:00+00:00
1762642800000,0.5355,0.5391,0.5339,0.5365,306790.6,1762646400000,164613.03654,1655,2025-11-08 23:00:00+00:00
1762646400000,0.5364,0.5366,0.5213,0.5229,663779.2,1762650000000,349879.1078,3484,2025-11-09 00:00:00+00:00
1762650000000,0.5229,0.5264,0.5169,0.5217,414966.3,1762653600000,216108.44604,2516,2025-11-09 01:00:00+00:00
1762653600000,0.5216,0.525,0.5116,0.5133,758980.3,1762657200000,393002.09701,4023,2025-11-09 02:00:00+00:00
1762657200000,0.5131,0.516,0.5107,0.5143,443078.3,1762660800000,227629.84216,2789,2025-11-09 03:00:00+00:00
1762660800000,0.5142,0.5183,0.5134,0.5155,352285.5,1762664400000,181621.20664,2157,2025-11-09 04:00:00+00:00
1762664400000,0.5153,0.5183,0.5136,0.517,253760.2,1762668000000,131081.62996,1718,2025-11-09 05:00:00+00:00
1762668000000,0.5171,0.5244,0.5143,0.5209,717705.9,1762671600000,372853.68821,3013,2025-11-09 06:00:00+00:00
1762671600000,0.5207,0.5261,0.5191,0.5211,555811.4,1762675200000,290257.947,2402,2025-11-09 07:00:00+00:00
1762675200000,0.521,0.5211,0.5159,0.5182,408424.1,1762678800000,211686.4286,2240,2025-11-09 08:00:00+00:00
1762678800000,0.5182,0.5213,0.5144,0.5148,324878.5,1762682400000,168345.81891,2160,2025-11-09 09:00:00+00:00
1762682400000,0.5146,0.5167,0.5116,0.5164,354140.5,1762686000000,182041.75691,2167,2025-11-09 10:00:00+00:00
1762686000000,0.5168,0.5223,0.5167,0.52,372343.9,1762689600000,193568.16693,2290,2025-11-09 11:00:00+00:00
1762689600000,0.5202,0.5272,0.5199,0.5238,501414.2,1762693200000,262421.2956,2501,2025-11-09 12:00:00+00:00
1762693200000,0.5239,0.5338,0.5208,0.5309,449100.7,1762696800000,236824.99595,2847,2025-11-09 13:00:00+00:00
1762696800000,0.5308,0.5425,0.5284,0.5374,986533.6,1762700400000,529836.17747,5046,2025-11-09 14:00:00+00:00
1762700400000,0.5375,0.5446,0.5375,0.5398,644230.3,1762704000000,348534.96537,3762,2025-11-09 15:00:00+00:00
1762704000000,0.5396,0.5514,0.5351,0.5512,679024.2,1762707600000,368365.29122,3826,2025-11-09 16:00:00+00:00
1762707600000,0.5512,0.5531,0.5439,0.5479,527464.1,1762711200000,289440.33741,3163,2025-11-09 17:00:00+00:00
1762711200000,0.5478,0.5485,0.539,0.5461,489672.2,1762714800000,265878.61997,2535,2025-11-09 18:00:00+00:00
1762714800000,0.546,0.5468,0.539,0.5437,433811.5,1762718400000,235393.40258,2170,2025-11-09 19:00:00+00:00
1762718400000,0.5439,0.5456,0.5403,0.5441,304718.1,1762722000000,165643.45947,1562,2025-11-09 20:00:00+00:00
1762722000000,0.5442,0.5459,0.5367,0.5394,374363.4,1762725600000,202608.54848,1752,2025-11-09 21:00:00+00:00
1762725600000,0.5394,0.5459,0.5391,0.5454,292898.2,1762729200000,158997.9088,1672,2025-11-09 22:00:00+00:00
1762729200000,0.5455,0.5498,0.5381,0.5408,384352.7,1762732800000,208623.85803,2007,2025-11-09 23:00:00+00:00
1762732800000,0.5406,0.5626,0.5376,0.5536,1928741.0,1762736400000,1066184.20045,9403,2025-11-10 00:00:00+00:00
1762736400000,0.5538,0.5573,0.5422,0.5424,510122.7,1762740000000,279921.41442,3443,2025-11-10 01:00:00+00:00
1762740000000,0.5424,0.5472,0.5393,0.5446,317641.3,1762743600000,172564.08491,2026,2025-11-10 02:00:00+00:00
1762743600000,0.5446,0.5518,0.5421,0.5492,679976.5,1762747200000,372242.21849,3002,2025-11-10 03:00:00+00:00
1762747200000,0.5489,0.5544,0.5454,0.552,734750.3,1762750800000,403735.25309,3302,2025-11-10 04:00:00+00:00
1762750800000,0.5521,0.5576,0.5511,0.552,545587.6,1762754400000,302301.4223,3312,2025-11-10 05:00:00+00:00
1762754400000,0.5521,0.5586,0.5521,0.5553,396032.7,1762758000000,219884.69759,2360,2025-11-10 06:00:00+00:00
1762758000000,0.5552,0.5556,0.547,0.5489,410618.4,1762761600000,225977.75891,2257,2025-11-10 07:00:00+00:00
1762761600000,0.5487,0.5499,0.5293,0.5381,2915045.1,1762765200000,1571040.08133,7374,2025-11-10 08:00:00+00:00
1762765200000,0.5382,0.5549,0.5382,0.5548,786444.8,1762768800000,428965.9313,3510,2025-11-10 09:00:00+00:00
1762768800000,0.5546,0.5558,0.5364,0.5378,474980.1,1762772400000,258547.73364,2399,2025-11-10 10:00:00+00:00
1762772400000,0.5379,0.5438,0.5356,0.5402,710442.5,1762776000000,383386.7313,3052,2025-11-10 11:00:00+00:00
1762776000000,0.54,0.5431,0.536,0.5401,430525.4,1762779600000,232492.21841,2039,2025-11-10 12:00:00+00:00
1762779600000,0.5398,0.5455,0.5396,0.5435,419743.8,1762783200000,227827.09927,2215,2025-11-10 13:00:00+00:00
1762783200000,0.5434,0.5434,0.5287,0.5331,861200.9,1762786800000,461328.56347,4365,2025-11-10 14:00:00+00:00
1762786800000,0.5332,0.5417,0.5312,0.5354,416365.7,1762790400000,222951.99737,2549,2025-11-10 15:00:00+00:00
1762790400000,0.5356,0.5391,0.5284,0.5311,489664.1,1762794000000,261324.87283,2866,2025-11-10 16:00:00+00:00
1762794000000,0.5313,0.5412,0.5313,0.5382,332303.1,1762797600000,178269.79194,1663,2025-11-10 17:00:00+00:00
1762797600000,0.538,0.5394,0.5347,0.5349,264878.5,1762801200000,142268.30754,1356,2025-11-10 18:00:00+00:00
1762801200000,0.5349,0.539,0.5317,0.5342,277194.6,1762804800000,148553.88953,1863,2025-11-10 19:00:00+00:00
1762804800000,0.5341,0.5421,0.534,0.5401,574823.6,1762808400000,309650.27405,2773,2025-11-10 20:00:00+00:00
1762808400000,0.5403,0.5403,0.5323,0.5352,378701.8,1762812000000,203087.70233,2970,2025-11-10 21:00:00+00:00
1762812000000,0.5354,0.5469,0.532,0.5458,504064.2,1762815600000,272975.9662,2473,2025-11-10 22:00:00+00:00
1762815600000,0.5459,0.5515,0.5421,0.5477,697120.3,1762819200000,380593.39063,3437,2025-11-10 23:00:00+00:00
1762819200000,0.5476,0.5659,0.5361,0.5398,1779237.3,1762822800000,981798.72885,11819,2025-11-11 00:00:00+00:00
1762822800000,0.5399,0.5512,0.5373,0.5404,666493.4,1762826400000,361825.20136,4805,2025-11-11 01:00:00+00:00
1762826400000,0.5405,0.5487,0.5361,0.5459,416208.8,1762830000000,226016.02411,3278,2025-11-11 02:00:00+00:00
1762830000000,0.5459,0.5506,0.544,0.5454,367536.0,1762833600000,201266.67583,2734,2025-11-11 03:00:00+00:00
1762833600000,0.5452,0.5474,0.5372,0.5384,471971.1,1762837200000,255372.77049,2930,2025-11-11 04:00:00+00:00
1762837200000,0.5385,0.5388,0.532,0.5346,656178.6,1762840800000,351684.67798,3931,2025-11-11 05:00:00+00:00
1762840800000,0.5347,0.537,0.5284,0.535,544198.9,1762844400000,289527.01918,3059,2025-11-11 06:00:00+00:00
1762844400000,0.5348,0.536,0.5249,0.5253,802749.0,1762848000000,425781.25395,3498,2025-11-11 07:00:00+00:00
1762848000000,0.5252,0.5295,0.5218,0.5228,612746.1,1762851600000,321600.98539,3043,2025-11-11 08:00:00+00:00
1762851600000,0.5227,0.5264,0.5177,0.5193,531747.4,1762855200000,277976.02615,2702,2025-11-11 09:00:00+00:00
1762855200000,0.5192,0.528,0.5185,0.5255,601793.2,1762858800000,315346.97378,2365,2025-11-11 10:00:00+00:00
1762858800000,0.5256,0.5416,0.5253,0.5327,757887.6,1762862400000,404792.19301,4031,2025-11-11 11:00:00+00:00
1762862400000,0.5326,0.5345,0.5268,0.5314,537581.2,1762866000000,285423.70231,3572,2025-11-11 12:00:00+00:00
1762866000000,0.5317,0.5397,0.5262,0.5271,467862.3,1762869600000,249428.26358,3037,2025-11-11 13:00:00+00:00
1762869600000,0.5272,0.5345,0.5226,0.5335,523277.1,1762873200000,275621.73039,3373,2025-11-11 14:00:00+00:00
1762873200000,0.5333,0.5355,0.5271,0.53,511741.7,1762876800000,272026.86049,4019,2025-11-11 15:00:00+00:00
1762876800000,0.5303,0.5327,0.5252,0.5294,269746.2,1762880400000,142795.49883,2668,2025-11-11 16:00:00+00:00
1762880400000,0.5295,0.5329,0.5233,0.5266,357139.5,1762884000000,188319.91224,2421,2025-11-11 17:00:00+00:00
1762884000000,0.5265,0.5284,0.5223,0.5247,224147.1,1762887600000,117699.49883,2041,2025-11-11 18:00:00+00:00
1762887600000,0.5245,0.5245,0.52,0.5207,242423.9,1762891200000,126545.88896,1810,2025-11-11 19:00:00+00:00
1762891200000,0.5206,0.5216,0.5107,0.5125,607485.3,1762894800000,312732.7738,3294,2025-11-11 20:00:00+00:00
1762894800000,0.5126,0.5134,0.5057,0.5092,356179.3,1762898400000,181697.98519,2475,2025-11-11 21:00:00+00:00
1762898400000,0.509,0.5139,0.506,0.5132,365751.2,1762902000000,186990.3672,2095,2025-11-11 22:00:00+00:00
1762902000000,0.5131,0.5131,0.5034,0.5049,373571.7,1762905600000,189924.76364,2219,2025-11-11 23:00:00+00:00
1762905600000,0.505,0.5086,0.5,0.5041,574318.3,1762909200000,290204.52803,4350,2025-11-12 00:00:00+00:00
1762909200000,0.504,0.518,0.5037,0.5169,370590.8,1762912800000,189783.89051,3441,2025-11-12 01:00:00+00:00
1762912800000,0.517,0.5186,0.5119,0.5159,330938.3,1762916400000,170662.48617,2293,2025-11-12 02:00:00+00:00
1762916400000,0.5157,0.5163,0.5112,0.5119,266755.6,1762920000000,136988.46155,1706,2025-11-12 03:00:00+00:00
1762920000000,0.5119,0.5168,0.5119,0.5154,220320.4,1762923600000,113272.86941,1338,2025-11-12 04:00:00+00:00
1762923600000,0.5152,0.5179,0.5129,0.5179,333710.9,1762927200000,172004.15773,1931,2025-11-12 05:00:00+00:00
1762927200000,0.5177,0.5249,0.5175,0.5206,491355.7,1762930800000,256377.4359,2503,2025-11-12 06:00:00+00:00
1762930800000,0.5206,0.5224,0.516,0.5172,211558.3,1762934400000,109980.11687,1416,2025-11-12 07:00:00+00:00
1762934400000,0.5173,0.5268,0.5173,0.5246,388720.6,1762938000000,203475.65401,1966,2025-11-12 08:00:00+00:00
1762938000000,0.5247,0.5284,0.5226,0.5237,325503.9,1762941600000,170972.28076,1590,2025-11-12 09:00:00+00:00
1762941600000,0.5238,0.5266,0.5237,0.5245,345450.1,1762945200000,181350.71397,1612,2025-11-12 10:00:00+00:00
1762945200000,0.5245,0.5269,0.5217,0.5244,429586.9,1762948800000,225290.56932,1799,2025-11-12 11:00:00+00:00
1762948800000,0.5244,0.5264,0.522,0.5231,315321.9,1762952400000,165316.4257,1576,2025-11-12 12:00:00+00:00
1762952400000,0.5231,0.5286,0.5197,0.5267,377255.7,1762956000000,197563.82358,2037,2025-11-12 13:00:00+00:00
1762956000000,0.5267,0.5267,0.5111,0.5182,576873.8,1762959600000,299688.42983,2973,2025-11-12 14:00:00+00:00
1762959600000,0.5181,0.5213,0.5034,0.5058,581080.3,1762963200000,297478.24208,4008,2025-11-12 15:00:00+00:00
1762963200000,0.5057,0.5067,0.4892,0.4905,991467.5,1762966800000,492342.05745,5223,2025-11-12 16:00:00+00:00
1762966800000,0.4906,0.4943,0.483,0.4863,1171407.7,1762970400000,571330.51705,5149,2025-11-12 17:00:00+00:00
1762970400000,0.4865,0.4897,0.482,0.4836,629479.8,1762974000000,306351.69609,2994,2025-11-12 18:00:00+00:00
1762974000000,0.4834,0.4873,0.478,0.4839,579336.1,1762977600000,279335.28713,3115,2025-11-12 19:00:00+00:00
1762977600000,0.4838,0.4942,0.4817,0.4903,544658.6,1762981200000,266585.48369,3000,2025-11-12 20:00:00+00:00
1762981200000,0.4902,0.493,0.4896,0.4922,329747.3,1762984800000,162022.95336,1880,2025-11-12 21:00:00+00:00
1762984800000,0.492,0.4935,0.489,0.4927,220409.5,1762988400000,108271.09518,1157,2025-11-12 22:00:00+00:00
1762988400000,0.4926,0.4936,0.4897,0.4919,208135.7,1762992000000,102342.1217,1160,2025-11-12 23:00:00+00:00
1762992000000,0.4919,0.4999,0.4909,0.4974,420713.1,1762995600000,208680.25471,2377,2025-11-13 00:00:00+00:00
1762995600000,0.4974,0.5001,0.4948,0.4955,612274.6,1762999200000,304572.58368,3267,2025-11-13 01:00:00+00:00
1762999200000,0.4955,0.4992,0.4941,0.4948,290750.2,1763002800000,144261.91302,1923,2025-11-13 02:00:00+00:00
1763002800000,0.4949,0.4988,0.484,0.4928,793225.5,1763006400000,390440.85423,4471,2025-11-13 03:00:00+00:00
1763006400000,0.4929,0.4935,0.4879,0.4914,651996.9,1763010000000,320222.48643,3474,2025-11-13 04:00:00+00:00
1763010000000,0.4912,0.5026,0.487,0.4994,670499.7,1763013600000,332691.87738,3404,2025-11-13 05:00:00+00:00
1763013600000,0.4995,0.5031,0.4973,0.5007,540341.3,1763017200000,270285.15879,2701,2025-11-13 06:00:00+00:00
1763017200000,0.5008,0.5057,0.499,0.5006,468766.2,1763020800000,235777.3536,2708,2025-11-13 07:00:00+00:00
1763020800000,0.5005,0.5022,0.4977,0.5016,279979.9,1763024400000,139952.39238,1697,2025-11-13 08:00:00+00:00
1763024400000,0.5017,0.5029,0.4946,0.4976,407305.0,1763028000000,202697.65589,2517,2025-11-13 09:00:00+00:00
1763028000000,0.4977,0.5016,0.494,0.4959,341146.6,1763031600000,169617.07624,1776,2025-11-13 10:00:00+00:00
1763031600000,0.4959,0.4986,0.4955,0.4979,303458.3,1763035200000,150748.47983,1706,2025-11-13 11:00:00+00:00
1763035200000,0.4979,0.5039,0.496,0.5036,511135.9,1763038800000,255701.39158,2395,2025-11-13 12:00:00+00:00
1763038800000,0.5034,0.5658,0.5031,0.5615,10670490.6,1763042400000,5716083.89611,48440,2025-11-13 13:00:00+00:00
1763042400000,0.5612,0.6189,0.549,0.5919,14670270.7,1763046000000,8583331.76352,65800,2025-11-13 14:00:00+00:00
1763046000000,0.5915,0.61,0.5621,0.5686,5712256.3,1763049600000,3323823.20856,29345,2025-11-13 15:00:00+00:00
1763049600000,0.5683,0.581,0.5576,0.5607,2380071.4,1763053200000,1352059.3427,12652,2025-11-13 16:00:00+00:00
1763053200000,0.5607,0.561,0.5228,0.5257,2653508.5,1763056800000,1439587.89577,15104,2025-11-13 17:00:00+00:00
1763056800000,0.5257,0.53,0.5031,0.5248,2735513.9,1763060400000,1414862.73931,12544,2025-11-13 18:00:00+00:00
1763060400000,0.5247,0.5393,0.5095,0.5175,3068275.2,1763064000000,1616074.31839,15923,2025-11-13 19:00:00+00:00
1763064000000,0.5172,0.5177,0.5003,0.5058,1257571.1,1763067600000,639728.33938,6376,2025-11-13 20:00:00+00:00
1763067600000,0.506,0.526,0.5051,0.5151,1907603.1,1763071200000,981539.58088,8412,2025-11-13 21:00:00+00:00
1763071200000,0.515,0.5237,0.5144,0.5214,883410.3,1763074800000,458954.60131,4268,2025-11-13 22:00:00+00:00
1763074800000,0.5214,0.5421,0.5213,0.5349,1610410.2,1763078400000,859987.29079,10649,2025-11-13 23:00:00+00:00
1763078400000,0.535,0.5608,0.5293,0.5473,6866794.1,1763082000000,3760400.13457,53763,2025-11-14 00:00:00+00:00
1763082000000,0.5472,0.5546,0.5102,0.5115,3645011.6,1763085600000,1939866.49577,25672,2025-11-14 01:00:00+00:00
1763085600000,0.5116,0.5254,0.5116,0.5136,1271217.1,1763089200000,657369.53538,9348,2025-11-14 02:00:00+00:00
1763089200000,0.5136,0.5198,0.5051,0.5123,999734.2,1763092800000,513655.54978,8429,2025-11-14 03:00:00+00:00
1763092800000,0.5124,0.5133,0.4905,0.4966,1879478.1,1763096400000,939079.32808,13917,2025-11-14 04:00:00+00:00
1763096400000,0.4967,0.5073,0.4945,0.5053,1115176.4,1763100000000,558171.25904,9217,2025-11-14 05:00:00+00:00
1763100000000,0.5052,0.5126,0.4958,0.5111,1636062.9,1763103600000,825780.07795,11882,2025-11-14 06:00:00+00:00
1763103600000,0.511,0.5307,0.5068,0.5149,2547731.0,1763107200000,1324449.904,19020,2025-11-14 07:00:00+00:00
1763107200000,0.5147,0.5236,0.5093,0.5119,1423613.6,1763110800000,734574.36995,10431,2025-11-14 08:00:00+00:00
1763110800000,0.5118,0.5222,0.5023,0.5026,1456876.5,1763114400000,744960.81102,10030,2025-11-14 09:00:00+00:00
1763114400000,0.5027,0.5078,0.5013,0.502,866986.4,1763118000000,437310.33839,7001,2025-11-14 10:00:00+00:00
1763118000000,0.5019,0.5078,0.5001,0.5051,693584.7,1763121600000,348964.15382,5560,2025-11-14 11:00:00+00:00
1763121600000,0.505,0.5059,0.4899,0.502,2014956.7,1763125200000,1001420.37661,13491,2025-11-14 12:00:00+00:00
1763125200000,0.502,0.5087,0.49,0.5038,1496866.5,1763128800000,746423.14037,12339,2025-11-14 13:00:00+00:00
1763128800000,0.5038,0.5217,0.4996,0.5216,1361110.3,1763132400000,695667.52287,12961,2025-11-14 14:00:00+00:00
1763132400000,0.5217,0.5224,0.5113,0.5118,1280546.4,1763136000000,660508.12425,10667,2025-11-14 15:00:00+00:00
1763136000000,0.5117,0.5141,0.5043,0.5101,1155342.2,1763139600000,588250.06041,8788,2025-11-14 16:00:00+00:00
1763139600000,0.51,0.513,0.4977,0.5003,611184.8,1763143200000,308836.10845,5011,2025-11-14 17:00:00+00:00
1763143200000,0.5003,0.506,0.4967,0.4991,633504.1,1763146800000,317217.56202,4927,2025-11-14 18:00:00+00:00
1763146800000,0.4992,0.5132,0.4961,0.51,678692.5,1763150400000,342614.93661,5899,2025-11-14 19:00:00+00:00
1763150400000,0.5099,0.5161,0.4959,0.4991,767498.7,1763154000000,386721.40335,6816,2025-11-14 20:00:00+00:00
1763154000000,0.4992,0.5074,0.4981,0.5062,579074.9,1763157600000,291155.62434,5602,2025-11-14 21:00:00+00:00
1763157600000,0.5062,0.5154,0.5048,0.5067,307346.3,1763161200000,156883.93311,3386,2025-11-14 22:00:00+00:00
1763161200000,0.5068,0.5122,0.4975,0.5114,523761.0,1763164800000,264778.8848,7947,2025-11-14 23:00:00+00:00
1763164800000,0.5114,0.523,0.5061,0.5206,1228832.1,1763168400000,632875.19196,17187,2025-11-15 00:00:00+00:00
1763168400000,0.5206,0.5306,0.5149,0.5293,969524.8,1763172000000,506983.71573,11809,2025-11-15 01:00:00+00:00
1763172000000,0.5292,0.535,0.5245,0.5309,770335.0,1763175600000,408444.7278,9114,2025-11-15 02:00:00+00:00
1763175600000,0.5308,0.5308,0.5216,0.5256,500334.6,1763179200000,263354.06523,6893,2025-11-15 03:00:00+00:00
1763179200000,0.5255,0.5269,0.5196,0.5243,684398.6,1763182800000,358048.89555,7713,2025-11-15 04:00:00+00:00
1763182800000,0.5244,0.5322,0.5227,0.5278,421102.9,1763186400000,222111.53431,5480,2025-11-15 05:00:00+00:00
1763186400000,0.5278,0.5338,0.526,0.527,310947.2,1763190000000,164319.44336,4766,2025-11-15 06:00:00+00:00
1763190000000,0.527,0.5324,0.5232,0.5268,443856.9,1763193600000,234151.23537,6202,2025-11-15 07:00:00+00:00
1763193600000,0.5269,0.528,0.5112,0.5123,631356.2,1763197200000,327224.1919,7563,2025-11-15 08:00:00+00:00
1763197200000,0.5123,0.5155,0.505,0.5052,661668.9,1763200800000,337534.40427,6274,2025-11-15 09:00:00+00:00
1763200800000,0.5051,0.5081,0.5012,0.507,526436.5,1763204400000,265307.86797,5481,2025-11-15 10:00:00+00:00
1763204400000,0.5071,0.5103,0.5027,0.5037,439381.4,1763208000000,222506.40001,4214,2025-11-15 11:00:00+00:00
1763208000000,0.5036,0.5059,0.5019,0.5026,599568.5,1763211600000,302018.37179,4461,2025-11-15 12:00:00+00:00
1763211600000,0.5025,0.5079,0.4997,0.5058,815983.5,1763215200000,410863.79489,6386,2025-11-15 13:00:00+00:00
1763215200000,0.5059,0.512,0.5007,0.5082,602003.9,1763218800000,303775.37416,5788,2025-11-15 14:00:00+00:00
1763218800000,0.5081,0.5081,0.5033,0.5061,349916.5,1763222400000,176914.07787,5281,2025-11-15 15:00:00+00:00
1763222400000,0.506,0.5062,0.4983,0.502,369558.9,1763226000000,185759.53076,5314,2025-11-15 16:00:00+00:00
1763226000000,0.5021,0.5086,0.5013,0.5061,259728.7,1763229600000,131032.02979,4397,2025-11-15 17:00:00+00:00
1763229600000,0.5061,0.5087,0.5024,0.5056,232182.8,1763233200000,117347.79037,2580,2025-11-15 18:00:00+00:00
1763233200000,0.5056,0.507,0.5016,0.5021,213672.5,1763236800000,107682.59307,2065,2025-11-15 19:00:00+00:00
1763236800000,0.5022,0.503,0.4998,0.5005,245110.7,1763240400000,122818.0857,2687,2025-11-15 20:00:00+00:00
1763240400000,0.5005,0.5051,0.4971,0.4974,289583.9,1763244000000,144774.96702,3021,2025-11-15 21:00:00+00:00
1763244000000,0.4974,0.5006,0.4944,0.5001,369143.1,1763247600000,183359.02786,2059,2025-11-15 22:00:00+00:00
1763247600000,0.5002,0.5044,0.4991,0.5022,196535.3,1763251200000,98725.78893,2030,2025-11-15 23:00:00+00:00
1763251200000,0.5022,0.5123,0.4884,0.4923,1512735.9,1763254800000,758100.37599,20544,2025-11-16 00:00:00+00:00
1763254800000,0.4922,0.4932,0.4843,0.4927,645238.8,1763258400000,315570.17134,10647,2025-11-16 01:00:00+00:00
1763258400000,0.4927,0.4966,0.4871,0.4953,393746.8,1763262000000,193916.8657,6626,2025-11-16 02:00:00+00:00
1763262000000,0.4953,0.4975,0.4917,0.495,206233.8,1763265600000,102023.61367,3805,2025-11-16 03:00:00+00:00
1763265600000,0.4949,0.4964,0.4894,0.4918,366412.8,1763269200000,180344.14107,3464,2025-11-16 04:00:00+00:00
1763269200000,0.4918,0.4957,0.4911,0.4914,370550.4,1763272800000,182624.45845,3542,2025-11-16 05:00:00+00:00
1763272800000,0.4913,0.4984,0.4907,0.4922,576987.9,1763276400000,285499.08228,4934,2025-11-16 06:00:00+00:00
1763276400000,0.4922,0.4957,0.49,0.4952,221081.5,1763280000000,108942.34342,2940,2025-11-16 07:00:00+00:00
1763280000000,0.4952,0.4973,0.4913,0.4937,490293.1,1763283600000,242326.75929,5239,2025-11-16 08:00:00+00:00
1763283600000,0.4938,0.5026,0.4923,0.5023,714121.8,1763287200000,354999.96485,7200,2025-11-16 09:00:00+00:00
1763287200000,0.5023,0.5075,0.4967,0.4978,788345.3,1763290800000,395841.72006,6054,2025-11-16 10:00:00+00:00
1763290800000,0.4978,0.4991,0.4866,0.4874,516047.4,1763294400000,253606.87954,7256,2025-11-16 11:00:00+00:00
1763294400000,0.4872,0.4915,0.4837,0.4849,347382.5,1763298000000,169183.32892,4860,2025-11-16 12:00:00+00:00
1763298000000,0.4849,0.4866,0.4757,0.477,646506.2,1763301600000,310969.28123,7299,2025-11-16 13:00:00+00:00
1763301600000,0.4771,0.4827,0.473,0.479,502894.6,1763305200000,239802.99384,5695,2025-11-16 14:00:00+00:00
1763305200000,0.4789,0.48,0.4651,0.4658,1045783.4,1763308800000,495100.74573,8801,2025-11-16 15:00:00+00:00
1763308800000,0.4659,0.4697,0.4532,0.4546,1029330.3,1763312400000,474619.88507,11093,2025-11-16 16:00:00+00:00
1763312400000,0.4547,0.4599,0.4513,0.457,888494.6,1763316000000,405837.27821,8721,2025-11-16 17:00:00+00:00
1763316000000,0.457,0.468,0.4562,0.458,799134.5,1763319600000,369328.70266,10033,2025-11-16 18:00:00+00:00
1763319600000,0.458,0.4656,0.4568,0.4576,384442.3,1763323200000,177298.13739,5497,2025-11-16 19:00:00+00:00
1763323200000,0.4576,0.4626,0.4541,0.4545,383995.0,1763326800000,176053.59183,4449,2025-11-16 20:00:00+00:00
1763326800000,0.4545,0.4545,0.4462,0.45,666846.4,1763330400000,299878.30371,6356,2025-11-16 21:00:00+00:00
1763330400000,0.4501,0.4607,0.449,0.4572,620165.7,1763334000000,281603.90591,5345,2025-11-16 22:00:00+00:00
1763334000000,0.4573,0.4817,0.449,0.4691,2214093.4,1763337600000,1036362.62954,14409,2025-11-16 23:00:00+00:00
1763337600000,0.469,0.4746,0.4553,0.4573,1581874.2,1763341200000,728826.2287,11872,2025-11-17 00:00:00+00:00
1763341200000,0.4573,0.4595,0.4542,0.4557,616378.9,1763344800000,281418.1765,4280,2025-11-17 01:00:00+00:00
1763344800000,0.4558,0.461,0.4551,0.4579,228654.7,1763348400000,104624.42736,2598,2025-11-17 02:00:00+00:00
1763348400000,0.4579,0.4633,0.4567,0.4624,411955.0,1763352000000,190020.44861,2717,2025-11-17 03:00:00+00:00
1763352000000,0.4624,0.4639,0.4576,0.4576,225202.6,1763355600000,103543.50284,2382,2025-11-17 04:00:00+00:00
1763355600000,0.4576,0.4596,0.4548,0.4578,205888.6,1763359200000,94053.2187,1975,2025-11-17 05:00:00+00:00
1763359200000,0.4578,0.4609,0.4552,0.46,194441.4,1763362800000,88989.93524,2019,2025-11-17 06:00:00+00:00
1763362800000,0.4601,0.4651,0.4593,0.4627,260466.2,1763366400000,120669.69797,1747,2025-11-17 07:00:00+00:00
1763366400000,0.4627,0.465,0.46,0.4628,421730.9,1763370000000,195105.72621,2741,2025-11-17 08:00:00+00:00
1763370000000,0.4628,0.4639,0.458,0.4588,273179.5,1763373600000,125852.19513,2449,2025-11-17 09:00:00+00:00
1763373600000,0.4586,0.4635,0.4571,0.4624,240974.2,1763377200000,110983.87328,2364,2025-11-17 10:00:00+00:00
1763377200000,0.4622,0.4661,0.4598,0.4611,357677.1,1763380800000,165121.85293,1831,2025-11-17 11:00:00+00:00
1763380800000,0.4612,0.4625,0.4584,0.459,231790.9,1763384400000,106673.44315,1505,2025-11-17 12:00:00+00:00
1763384400000,0.4592,0.4594,0.4362,0.4406,1119644.8,1763388000000,498902.45304,4848,2025-11-17 13:00:00+00:00
1763388000000,0.4406,0.461,0.4345,0.4483,1210496.7,1763391600000,539255.89707,6962,2025-11-17 14:00:00+00:00
1763391600000,0.4486,0.4502,0.4349,0.4364,732647.0,1763395200000,322275.16826,4829,2025-11-17 15:00:00+00:00
1763395200000,0.4365,0.4454,0.4302,0.4451,1086435.5,1763398800000,475900.52684,6219,2025-11-17 16:00:00+00:00
1763398800000,0.4452,0.4462,0.4277,0.4306,529236.3,1763402400000,229108.94546,3058,2025-11-17 17:00:00+00:00
1763402400000,0.4307,0.4329,0.4226,0.4248,877160.9,1763406000000,375420.22221,4117,2025-11-17 18:00:00+00:00
1763406000000,0.4246,0.4265,0.417,0.4189,719707.3,1763409600000,302502.32002,3759,2025-11-17 19:00:00+00:00
1763409600000,0.4189,0.4217,0.4141,0.4214,638902.3,1763413200000,267202.44638,3728,2025-11-17 20:00:00+00:00
1763413200000,0.4215,0.4242,0.4161,0.4176,547140.6,1763416800000,230034.52241,2393,2025-11-17 21:00:00+00:00
1763416800000,0.418,0.4274,0.4168,0.4256,388837.8,1763420400000,164691.8697,1726,2025-11-17 22:00:00+00:00
1763420400000,0.4256,0.4307,0.4223,0.4304,320645.1,1763424000000,136644.50453,1808,2025-11-17 23:00:00+00:00
1763424000000,0.4304,0.4308,0.4136,0.4206,1122616.2,1763427600000,472504.93615,5094,2025-11-18 00:00:00+00:00
1763427600000,0.4206,0.426,0.4185,0.421,560143.6,1763431200000,236393.36867,3057,2025-11-18 01:00:00+00:00
1763431200000,0.4212,0.4287,0.418,0.4216,764255.3,1763434800000,323769.20533,3829,2025-11-18 02:00:00+00:00
1763434800000,0.4214,0.4308,0.4172,0.428,744132.9,1763438400000,315195.02485,3676,2025-11-18 03:00:00+00:00
1763438400000,0.4281,0.4355,0.424,0.4341,748126.3,1763442000000,320137.72855,4022,2025-11-18 04:00:00+00:00
1763442000000,0.4341,0.4409,0.431,0.438,577833.2,1763445600000,252793.6184,3406,2025-11-18 05:00:00+00:00
1763445600000,0.4383,0.4383,0.43,0.4303,424137.7,1763449200000,183972.98668,2548,2025-11-18 06:00:00+00:00
1763449200000,0.4303,0.4379,0.4282,0.4337,527970.0,1763452800000,228493.19392,2839,2025-11-18 07:00:00+00:00
1763452800000,0.434,0.4373,0.4308,0.4351,418843.8,1763456400000,181767.82285,2623,2025-11-18 08:00:00+00:00
1763456400000,0.4352,0.4413,0.4315,0.4389,543370.0,1763460000000,236765.31591,2730,2025-11-18 09:00:00+00:00
1763460000000,0.4389,0.4407,0.4349,0.4396,319477.7,1763463600000,140092.26834,1779,2025-11-18 10:00:00+00:00
1763463600000,0.4395,0.4409,0.436,0.4367,218810.0,1763467200000,96004.3892,1219,2025-11-18 11:00:00+00:00
1763467200000,0.4368,0.4385,0.4318,0.4366,478771.6,1763470800000,207989.49392,2014,2025-11-18 12:00:00+00:00
1763470800000,0.4364,0.4364,0.4297,0.4347,401594.5,1763474400000,173864.09048,2294,2025-11-18 13:00:00+00:00
1763474400000,0.4345,0.4438,0.433,0.4386,1181285.9,1763478000000,518191.97581,6500,2025-11-18 14:00:00+00:00
1763478000000,0.4385,0.4614,0.4337,0.4557,1616413.6,1763481600000,730968.957,8205,2025-11-18 15:00:00+00:00
1763481600000,0.4557,0.4564,0.4477,0.4498,885731.5,1763485200000,399989.87322,4714,2025-11-18 16:00:00+00:00
1763485200000,0.4497,0.4561,0.448,0.4512,547134.1,1763488800000,247278.75808,3322,2025-11-18 17:00:00+00:00
1763488800000,0.4515,0.4553,0.4511,0.4511,249421.6,1763492400000,113109.59794,1538,2025-11-18 18:00:00+00:00
1763492400000,0.4516,0.4533,0.447,0.4482,373082.9,1763496000000,167424.73841,1759,2025-11-18 19:00:00+00:00
1763496000000,0.4482,0.4484,0.4436,0.4448,314474.1,1763499600000,140241.23555,1482,2025-11-18 20:00:00+00:00
1763499600000,0.4448,0.4462,0.4391,0.4391,255675.3,1763503200000,113414.80184,1320,2025-11-18 21:00:00+00:00
1763503200000,0.4391,0.4475,0.4387,0.4456,175505.5,1763506800000,77978.50304,941,2025-11-18 22:00:00+00:00
1763506800000,0.4454,0.4455,0.4397,0.4413,216312.1,1763510400000,95538.01339,1118,2025-11-18 23:00:00+00:00
1763510400000,0.4413,0.4618,0.4393,0.4443,2896137.1,1763514000000,1305801.29182,12932,2025-11-19 00:00:00+00:00
1763514000000,0.4441,0.4484,0.4417,0.445,414017.2,1763517600000,184152.17808,2843,2025-11-19 01:00:00+00:00
1763517600000,0.4451,0.4474,0.4433,0.4447,215174.0,1763521200000,95836.82398,1496,2025-11-19 02:00:00+00:00
1763521200000,0.4446,0.445,0.4315,0.4329,626282.8,1763524800000,273748.08263,3031,2025-11-19 03:00:00+00:00
1763524800000,0.4328,0.4379,0.431,0.4336,802927.0,1763528400000,348184.24052,3283,2025-11-19 04:00:00+00:00
1763528400000,0.4336,0.4344,0.4253,0.4271,565172.0,1763532000000,243000.61884,2762,2025-11-19 05:00:00+00:00
1763532000000,0.4271,0.4312,0.4251,0.4305,415570.8,1763535600000,177752.05909,2225,2025-11-19 06:00:00+00:00
1763535600000,0.4306,0.4374,0.43,0.4345,254495.5,1763539200000,110526.34654,1441,2025-11-19 07:00:00+00:00
1763539200000,0.4344,0.4363,0.4321,0.4333,275420.7,1763542800000,119529.46595,1503,2025-11-19 08:00:00+00:00
1763542800000,0.4332,0.4332,0.4289,0.432,295119.1,1763546400000,127148.29854,1281,2025-11-19 09:00:00+00:00
1763546400000,0.432,0.4346,0.4309,0.4309,290873.6,1763550000000,125767.64974,1554,2025-11-19 10:00:00+00:00
1763550000000,0.4309,0.4345,0.4299,0.4299,192060.2,1763553600000,82972.7165,1029,2025-11-19 11:00:00+00:00
1763553600000,0.4299,0.4333,0.4296,0.4311,276507.9,1763557200000,119199.12472,1375,2025-11-19 12:00:00+00:00
1763557200000,0.4312,0.4312,0.425,0.4257,579155.8,1763560800000,248023.19493,2541,2025-11-19 13:00:00+00:00
1763560800000,0.4257,0.4286,0.4196,0.4281,586457.3,1763564400000,249017.72264,2957,2025-11-19 14:00:00+00:00
1763564400000,0.4283,0.4355,0.4166,0.4174,1164108.9,1763568000000,494387.88283,5517,2025-11-19 15:00:00+00:00
1763568000000,0.4173,0.4324,0.4124,0.4167,2119591.8,1763571600000,888469.11969,7253,2025-11-19 16:00:00+00:00
1763571600000,0.4167,0.4195,0.4079,0.4139,921902.9,1763575200000,380920.65461,3401,2025-11-19 17:00:00+00:00
1763575200000,0.4139,0.4155,0.4072,0.4144,924951.9,1763578800000,381165.59156,3558,2025-11-19 18:00:00+00:00
1763578800000,0.4146,0.4153,0.408,0.4089,480054.1,1763582400000,197509.20898,2414,2025-11-19 19:00:00+00:00
1763582400000,0.409,0.4167,0.4069,0.4158,483572.0,1763586000000,198940.10378,2403,2025-11-19 20:00:00+00:00
1763586000000,0.4158,0.4249,0.4134,0.4237,697644.8,1763589600000,293497.83281,3175,2025-11-19 21:00:00+00:00
1763589600000,0.4238,0.4238,0.4198,0.4222,260349.7,1763593200000,109778.22438,1553,2025-11-19 22:00:00+00:00
1763593200000,0.4223,0.4284,0.4223,0.427,290934.0,1763596800000,124145.92113,1558,2025-11-19 23:00:00+00:00
1763596800000,0.4269,0.4285,0.4238,0.4253,216992.2,1763600400000,92420.03063,1211,2025-11-20 00:00:00+00:00
1763600400000,0.4253,0.4271,0.4252,0.4259,221042.5,1763604000000,94215.61776,1017,2025-11-20 01:00:00+00:00
1763604000000,0.4259,0.4283,0.4242,0.426,183354.6,1763607600000,78082.52822,1091,2025-11-20 02:00:00+00:00
1763607600000,0.4261,0.4285,0.4249,0.4268,151364.2,1763611200000,64588.892,909,2025-11-20 03:00:00+00:00
1763611200000,0.4269,0.4299,0.4254,0.4297,171350.3,1763614800000,73200.53892,1099,2025-11-20 04:00:00+00:00
1763614800000,0.4298,0.4322,0.4282,0.4283,143221.8,1763618400000,61618.81434,958,2025-11-20 05:00:00+00:00
1763618400000,0.4284,0.4308,0.4259,0.4266,319804.8,1763622000000,136849.06018,1459,2025-11-20 06:00:00+00:00
1763622000000,0.4267,0.428,0.4226,0.4276,490738.0,1763625600000,208580.81938,2188,2025-11-20 07:00:00+00:00
1763625600000,0.4276,0.429,0.4257,0.4274,287565.5,1763629200000,122922.9298,1470,2025-11-20 08:00:00+00:00
1763629200000,0.4273,0.4287,0.4241,0.4269,480320.1,1763632800000,204977.83513,1669,2025-11-20 09:00:00+00:00
1763632800000,0.4271,0.429,0.4245,0.4278,172267.0,1763636400000,73563.60062,924,2025-11-20 10:00:00+00:00
1763636400000,0.4278,0.4287,0.4264,0.4281,207214.9,1763640000000,88577.99151,965,2025-11-20 11:00:00+00:00
1763640000000,0.4282,0.4351,0.4261,0.4341,844653.0,1763643600000,363159.55979,3875,2025-11-20 12:00:00+00:00
1763643600000,0.434,0.4396,0.4307,0.4312,530993.1,1763647200000,230512.07388,2950,2025-11-20 13:00:00+00:00
1763647200000,0.4312,0.4333,0.4245,0.4299,1191311.2,1763650800000,511550.82123,4075,2025-11-20 14:00:00+00:00
1763650800000,0.4299,0.4301,0.4189,0.4197,816355.2,1763654400000,345886.25793,3939,2025-11-20 15:00:00+00:00
1763654400000,0.4196,0.4202,0.4024,0.4057,1476421.5,1763658000000,605487.5505,7462,2025-11-20 16:00:00+00:00
1763658000000,0.4052,0.4088,0.393,0.3996,1365326.0,1763661600000,544174.85976,6384,2025-11-20 17:00:00+00:00
1763661600000,0.3996,0.4028,0.3962,0.3976,520609.2,1763665200000,208323.60767,2552,2025-11-20 18:00:00+00:00
1763665200000,0.3976,0.4001,0.3903,0.3993,540030.7,1763668800000,213212.63526,2860,2025-11-20 19:00:00+00:00
1763668800000,0.3993,0.3996,0.3936,0.3941,338282.5,1763672400000,134143.9078,1984,2025-11-20 20:00:00+00:00
1763672400000,0.394,0.4007,0.394,0.3985,772240.9,1763676000000,305884.61383,3541,2025-11-20 21:00:00+00:00
1763676000000,0.3983,0.4056,0.398,0.4022,255381.2,1763679600000,102898.83322,1448,2025-11-20 22:00:00+00:00
1763679600000,0.4022,0.4029,0.3907,0.3915,728083.4,1763683200000,286804.62596,2433,2025-11-20 23:00:00+00:00
1763683200000,0.3914,0.3998,0.3914,0.3973,562197.4,1763686800000,222640.71332,2928,2025-11-21 00:00:00+00:00
1763686800000,0.3972,0.3996,0.3929,0.3939,350373.3,1763690400000,138836.32672,2288,2025-11-21 01:00:00+00:00
1763690400000,0.3938,0.3946,0.3812,0.3826,771019.0,1763694000000,299338.51197,3657,2025-11-21 02:00:00+00:00
1763694000000,0.3826,0.3895,0.3823,0.3851,396959.0,1763697600000,153105.04511,2710,2025-11-21 03:00:00+00:00
1763697600000,0.385,0.3886,0.3809,0.388,424751.5,1763701200000,163184.94512,3044,2025-11-21 04:00:00+00:00
1763701200000,0.3879,0.3893,0.3833,0.3853,253033.6,1763704800000,97725.52296,2643,2025-11-21 05:00:00+00:00
1763704800000,0.3854,0.3881,0.3827,0.3844,261184.5,1763708400000,100639.31765,2601,2025-11-21 06:00:00+00:00
1763708400000,0.3845,0.3865,0.3334,0.3645,3253546.3,1763712000000,1174515.63393,14815,2025-11-21 07:00:00+00:00
1763712000000,0.3644,0.3713,0.361,0.3625,1065995.8,1763715600000,390398.34044,5266,2025-11-21 08:00:00+00:00
1763715600000,0.3627,0.3661,0.3556,0.3558,874060.8,1763719200000,314234.50679,3619,2025-11-21 09:00:00+00:00
1763719200000,0.3559,0.3624,0.3529,0.3601,846572.4,1763722800000,302716.93544,4448,2025-11-21 10:00:00+00:00
1763722800000,0.36,0.3663,0.3596,0.3622,1296558.2,1763726400000,470514.55903,3906,2025-11-21 11:00:00+00:00
1763726400000,0.3622,0.3724,0.3537,0.3705,1056763.7,1763730000000,383943.35381,5752,2025-11-21 12:00:00+00:00
1763730000000,0.3705,0.3974,0.3682,0.3925,3100658.9,1763733600000,1202127.47732,12968,2025-11-21 13:00:00+00:00
1763733600000,0.3924,0.4087,0.3916,0.3979,3402357.3,1763737200000,1360392.21546,13285,2025-11-21 14:00:00+00:00
1763737200000,0.3979,0.4045,0.3937,0.3983,1777259.0,1763740800000,707340.83566,6580,2025-11-21 15:00:00+00:00
1763740800000,0.3983,0.4348,0.3944,0.416,9054663.0,1763744400000,3749756.49185,33139,2025-11-21 16:00:00+00:00
1763744400000,0.416,0.4251,0.4115,0.4181,1795919.6,1763748000000,752762.50802,7665,2025-11-21 17:00:00+00:00
1763748000000,0.4182,0.4291,0.4141,0.4263,1069798.0,1763751600000,449445.38347,4892,2025-11-21 18:00:00+00:00
1763751600000,0.4262,0.428,0.4119,0.4161,792979.2,1763755200000,330567.98673,4012,2025-11-21 19:00:00+00:00
1763755200000,0.4159,0.4164,0.4037,0.4079,1152036.0,1763758800000,471871.30251,4648,2025-11-21 20:00:00+00:00
1763758800000,0.4083,0.4112,0.401,0.4095,782058.3,1763762400000,317921.53294,3306,2025-11-21 21:00:00+00:00
1763762400000,0.4094,0.4121,0.397,0.3992,654256.2,1763766000000,263375.00973,2619,2025-11-21 22:00:00+00:00
1763766000000,0.3992,0.4166,0.3967,0.4138,673671.6,1763769600000,275101.91963,4594,2025-11-21 23:00:00+00:00
1763769600000,0.4137,0.4154,0.4021,0.4081,1554025.1,1763773200000,635621.92788,7302,2025-11-22 00:00:00+00:00
1763773200000,0.4081,0.4148,0.4025,0.4139,754188.1,1763776800000,308092.44419,3587,2025-11-22 01:00:00+00:00
1763776800000,0.414,0.4256,0.4106,0.4242,1560184.7,1763780400000,653141.22003,6396,2025-11-22 02:00:00+00:00
1763780400000,0.4239,0.4325,0.4144,0.415,1603522.9,1763784000000,680817.48238,7009,2025-11-22 03:00:00+00:00
1763784000000,0.4149,0.4154,0.399,0.4055,1315441.1,1763787600000,533831.01977,5975,2025-11-22 04:00:00+00:00
1763787600000,0.4053,0.4061,0.3937,0.3982,1049445.8,1763791200000,419023.49973,3788,2025-11-22 05:00:00+00:00
1763791200000,0.3983,0.4043,0.3941,0.4011,547732.0,1763794800000,218930.74347,2939,2025-11-22 06:00:00+00:00
1763794800000,0.4013,0.4038,0.3969,0.3992,541992.9,1763798400000,216918.60676,2422,2025-11-22 07:00:00+00:00
1763798400000,0.3991,0.3991,0.389,0.3915,798711.1,1763802000000,313757.69216,3373,2025-11-22 08:00:00+00:00
1763802000000,0.3916,0.3981,0.3907,0.3917,423902.2,1763805600000,166874.65706,2145,2025-11-22 09:00:00+00:00
1763805600000,0.3918,0.3953,0.3868,0.3879,433921.7,1763809200000,169140.81352,2395,2025-11-22 10:00:00+00:00
1763809200000,0.388,0.3951,0.388,0.3936,331511.2,1763812800000,130226.66055,2296,2025-11-22 11:00:00+00:00
1763812800000,0.3936,0.3943,0.3858,0.3889,450633.9,1763816400000,176062.27735,2930,2025-11-22 12:00:00+00:00
1763816400000,0.3889,0.391,0.3859,0.3873,366876.3,1763820000000,142365.84853,2904,2025-11-22 13:00:00+00:00
1763820000000,0.3872,0.3945,0.387,0.3899,402928.6,1763823600000,157355.675,2962,2025-11-22 14:00:00+00:00
1763823600000,0.3899,0.3919,0.3849,0.3858,476676.6,1763827200000,184925.75552,2811,2025-11-22 15:00:00+00:00
1763827200000,0.3859,0.3938,0.3854,0.3932,304547.3,1763830800000,118694.95269,2009,2025-11-22 16:00:00+00:00
1763830800000,0.3931,0.3944,0.3909,0.3912,286159.6,1763834400000,112368.59195,1679,2025-11-22 17:00:00+00:00
1763834400000,0.3913,0.3951,0.3898,0.3923,202508.0,1763838000000,79482.87588,1180,2025-11-22 18:00:00+00:00
1763838000000,0.3922,0.3962,0.3896,0.3914,186761.1,1763841600000,73527.22465,1135,2025-11-22 19:00:00+00:00
1763841600000,0.3915,0.3938,0.3869,0.3889,152703.4,1763845200000,59642.64225,1261,2025-11-22 20:00:00+00:00
1763845200000,0.389,0.3908,0.3868,0.3895,239981.9,1763848800000,93372.9768,1383,2025-11-22 21:00:00+00:00
1763848800000,0.3895,0.3974,0.3882,0.3963,341725.2,1763852400000,134199.9005,1599,2025-11-22 22:00:00+00:00
1763852400000,0.3962,0.397,0.3888,0.3902,418326.0,1763856000000,163997.44492,1929,2025-11-22 23:00:00+00:00
1763856000000,0.3902,0.4115,0.3883,0.4007,2897664.5,1763859600000,1154941.87896,13169,2025-11-23 00:00:00+00:00
1763859600000,0.4008,0.4257,0.4007,0.4074,1668012.8,1763863200000,687539.35672,9214,2025-11-23 01:00:00+00:00
1763863200000,0.4072,0.4101,0.3989,0.4023,715586.8,1763866800000,288292.60198,4530,2025-11-23 02:00:00+00:00
1763866800000,0.4022,0.4063,0.3986,0.4013,335159.6,1763870400000,134874.70326,2452,2025-11-23 03:00:00+00:00
1763870400000,0.4014,0.4054,0.3976,0.3983,346957.9,1763874000000,138967.83207,2350,2025-11-23 04:00:00+00:00
1763874000000,0.3983,0.3999,0.3941,0.3973,339381.4,1763877600000,134570.9529,2275,2025-11-23 05:00:00+00:00
1763877600000,0.3972,0.3987,0.3908,0.3926,533417.9,1763881200000,210021.11139,2026,2025-11-23 06:00:00+00:00
1763881200000,0.3925,0.3933,0.3881,0.3912,369832.7,1763884800000,144418.16254,1887,2025-11-23 07:00:00+00:00
1763884800000,0.3911,0.3949,0.3889,0.3899,571301.9,1763888400000,223935.33478,2874,2025-11-23 08:00:00+00:00
1763888400000,0.3898,0.3901,0.3875,0.3883,192075.1,1763892000000,74713.95013,1195,2025-11-23 09:00:00+00:00
1763892000000,0.3884,0.389,0.3833,0.3835,388600.0,1763895600000,149597.30272,1688,2025-11-23 10:00:00+00:00
1763895600000,0.3835,0.3847,0.3792,0.3847,429764.9,1763899200000,164104.46005,2208,2025-11-23 11:00:00+00:00
1763899200000,0.3846,0.3916,0.3843,0.3878,357028.5,1763902800000,138700.21454,2049,2025-11-23 12:00:00+00:00
1763902800000,0.3878,0.3915,0.3856,0.3879,149787.5,1763906400000,58155.42965,1339,2025-11-23 13:00:00+00:00
1763906400000,0.388,0.3898,0.3828,0.3843,293257.0,1763910000000,113371.30775,2173,2025-11-23 14:00:00+00:00
1763910000000,0.3844,0.3885,0.3835,0.3876,173624.5,1763913600000,67050.08246,1550,2025-11-23 15:00:00+00:00
1763913600000,0.3874,0.3905,0.3863,0.3865,126326.6,1763917200000,49060.45385,1365,2025-11-23 16:00:00+00:00
1763917200000,0.3865,0.3877,0.3821,0.383,213668.6,1763920800000,82173.35798,1650,2025-11-23 17:00:00+00:00
1763920800000,0.3832,0.3853,0.3818,0.3828,188145.1,1763924400000,72117.42088,1375,2025-11-23 18:00:00+00:00
1763924400000,0.3829,0.389,0.3821,0.3867,220200.7,1763928000000,85156.87804,1680,2025-11-23 19:00:00+00:00
1763928000000,0.3869,0.3919,0.384,0.3861,599055.1,1763931600000,232284.97264,3278,2025-11-23 20:00:00+00:00
1763931600000,0.3861,0.3916,0.385,0.3899,257444.6,1763935200000,99910.94275,1536,2025-11-23 21:00:00+00:00
1763935200000,0.3901,0.3911,0.3874,0.39,164939.2,1763938800000,64224.21551,1116,2025-11-23 22:00:00+00:00
1763938800000,0.3901,0.3911,0.3865,0.3901,302308.6,1763942400000,117488.47825,1385,2025-11-23 23:00:00+00:00
1763942400000,0.39,0.39,0.3822,0.3865,638463.8,1763946000000,246470.1418,2666,2025-11-24 00:00:00+00:00
1763946000000,0.3861,0.3876,0.3823,0.3868,399463.1,1763949600000,153883.52693,1806,2025-11-24 01:00:00+00:00
1763949600000,0.3868,0.3957,0.3856,0.3906,643129.3,1763953200000,252416.12792,2820,2025-11-24 02:00:00+00:00
1763953200000,0.3905,0.3947,0.389,0.3898,299125.1,1763956800000,117123.80007,1740,2025-11-24 03:00:00+00:00
1763956800000,0.3902,0.3918,0.3825,0.3861,250830.9,1763960400000,97072.31212,1669,2025-11-24 04:00:00+00:00
1763960400000,0.3859,0.3945,0.3856,0.3917,271775.1,1763964000000,106340.37809,1836,2025-11-24 05:00:00+00:00
1763964000000,0.3917,0.392,0.3845,0.3879,485016.2,1763967600000,187440.33738,2529,2025-11-24 06:00:00+00:00
1763967600000,0.3877,0.3877,0.3836,0.3849,348556.7,1763971200000,134450.80564,1845,2025-11-24 07:00:00+00:00
1763971200000,0.3849,0.3889,0.3835,0.3864,410877.0,1763974800000,158764.80073,2213,2025-11-24 08:00:00+00:00
1763974800000,0.3864,0.3865,0.3753,0.377,498456.8,1763978400000,189041.97534,2410,2025-11-24 09:00:00+00:00
1763978400000,0.3768,0.379,0.3734,0.3775,222157.1,1763982000000,83604.15946,1286,2025-11-24 10:00:00+00:00
1763982000000,0.3774,0.3821,0.3763,0.3819,294312.2,1763985600000,111761.08012,1455,2025-11-24 11:00:00+00:00
1763985600000,0.3818,0.3818,0.3757,0.3763,251081.7,1763989200000,94987.4252,1085,2025-11-24 12:00:00+00:00
1763989200000,0.3763,0.3818,0.3755,0.3784,229352.9,1763992800000,86915.0889,1543,2025-11-24 13:00:00+00:00
1763992800000,0.3782,0.3861,0.3758,0.3838,530162.1,1763996400000,201747.11026,3054,2025-11-24 14:00:00+00:00
1763996400000,0.3839,0.3885,0.3792,0.3878,494111.3,1764000000000,189849.65023,2905,2025-11-24 15:00:00+00:00
1764000000000,0.388,0.3966,0.3872,0.394,420580.5,1764003600000,165127.5356,2737,2025-11-24 16:00:00+00:00
1764003600000,0.394,0.4033,0.3921,0.4026,878672.8,1764007200000,350230.71066,3146,2025-11-24 17:00:00+00:00
1764007200000,0.4027,0.4043,0.3994,0.4016,441046.1,1764010800000,177204.61144,2068,2025-11-24 18:00:00+00:00
1764010800000,0.4016,0.4035,0.3967,0.3978,336490.7,1764014400000,134403.01972,1501,2025-11-24 19:00:00+00:00
1764014400000,0.3979,0.4012,0.3972,0.3982,350571.2,1764018000000,140009.72808,1756,2025-11-24 20:00:00+00:00
1764018000000,0.3981,0.401,0.3973,0.3978,224138.5,1764021600000,89501.71818,1134,2025-11-24 21:00:00+00:00
1764021600000,0.398,0.4008,0.398,0.3995,119972.1,1764025200000,47917.18891,681,2025-11-24 22:00:00+00:00
1764025200000,0.3996,0.4027,0.3978,0.3993,268778.3,1764028800000,107702.3311,1096,2025-11-24 23:00:00+00:00
1764028800000,0.3992,0.3992,0.3939,0.397,361512.6,1764032400000,143389.45781,1362,2025-11-25 00:00:00+00:00
1764032400000,0.3971,0.3985,0.3928,0.3928,292304.9,1764036000000,115632.18026,1257,2025-11-25 01:00:00+00:00
1764036000000,0.393,0.3944,0.388,0.3922,368073.2,1764039600000,144026.5053,1438,2025-11-25 02:00:00+00:00
1764039600000,0.3921,0.3938,0.3904,0.3912,270082.7,1764043200000,105987.53929,929,2025-11-25 03:00:00+00:00
1764043200000,0.3911,0.3923,0.3864,0.3879,477567.2,1764046800000,185714.32792,1248,2025-11-25 04:00:00+00:00
1764046800000,0.3878,0.3894,0.3857,0.3875,372629.8,1764050400000,144497.02303,992,2025-11-25 05:00:00+00:00
1764050400000,0.3874,0.3874,0.3826,0.387,306372.5,1764054000000,117874.94028,1272,2025-11-25 06:00:00+00:00
1764054000000,0.387,0.39,0.3856,0.3869,1326592.2,1764057600000,514411.18458,4188,2025-11-25 07:00:00+00:00
1764057600000,0.3869,0.395,0.3869,0.3907,639736.0,1764061200000,250150.61134,2483,2025-11-25 08:00:00+00:00
1764061200000,0.3907,0.3928,0.3866,0.3922,329130.2,1764064800000,128101.80364,1807,2025-11-25 09:00:00+00:00
1764064800000,0.3922,0.3929,0.3893,0.3922,215570.3,1764068400000,84351.12602,1115,2025-11-25 10:00:00+00:00
1764068400000,0.392,0.393,0.3891,0.3925,667979.6,1764072000000,261258.86515,2532,2025-11-25 11:00:00+00:00
1764072000000,0.3926,0.3969,0.3916,0.3943,588503.0,1764075600000,231649.93423,2845,2025-11-25 12:00:00+00:00
1764075600000,0.3942,0.397,0.39,0.3907,414994.9,1764079200000,163337.69677,1594,2025-11-25 13:00:00+00:00
1764079200000,0.3908,0.392,0.3836,0.3878,354452.9,1764082800000,137805.77859,1799,2025-11-25 14:00:00+00:00
1764082800000,0.3876,0.3919,0.3833,0.388,866304.2,1764086400000,337041.64139,3127,2025-11-25 15:00:00+00:00
1764086400000,0.388,0.3921,0.3868,0.3896,367601.3,1764090000000,143098.29266,1727,2025-11-25 16:00:00+00:00
1764090000000,0.3895,0.3958,0.3887,0.3942,472697.9,1764093600000,185837.02422,1689,2025-11-25 17:00:00+00:00
1764093600000,0.3941,0.4009,0.3937,0.3964,381937.1,1764097200000,152229.23052,1523,2025-11-25 18:00:00+00:00
1764097200000,0.3963,0.401,0.3916,0.398,779184.2,1764100800000,308897.51162,3119,2025-11-25 19:00:00+00:00
1764100800000,0.398,0.4011,0.3958,0.4006,404008.7,1764104400000,160778.14003,1699,2025-11-25 20:00:00+00:00
1764104400000,0.4004,0.4018,0.3984,0.3993,220463.2,1764108000000,88223.2255,1311,2025-11-25 21:00:00+00:00
1764108000000,0.3993,0.403,0.3941,0.4025,247546.3,1764111600000,98452.06317,1379,2025-11-25 22:00:00+00:00
1764111600000,0.4025,0.4081,0.4003,0.4059,502515.5,1764115200000,202982.55105,2710,2025-11-25 23:00:00+00:00
1764115200000,0.4058,0.4058,0.4021,0.4023,406186.1,1764118800000,164111.02254,2376,2025-11-26 00:00:00+00:00
1764118800000,0.4022,0.4067,0.4015,0.4042,300857.5,1764122400000,121480.40843,1685,2025-11-26 01:00:00+00:00
1764122400000,0.4043,0.4062,0.4019,0.4024,258519.8,1764126000000,104372.51077,1542,2025-11-26 02:00:00+00:00
1764126000000,0.4024,0.4114,0.4013,0.4043,783914.7,1764129600000,318642.74723,3842,2025-11-26 03:00:00+00:00
1764129600000,0.4042,0.4055,0.3993,0.4014,303405.4,1764133200000,121706.72222,1568,2025-11-26 04:00:00+00:00
1764133200000,0.4015,0.408,0.4015,0.4033,460068.6,1764136800000,186368.69106,2259,2025-11-26 05:00:00+00:00
1764136800000,0.4033,0.4037,0.4015,0.4028,212145.6,1764140400000,85378.97883,1300,2025-11-26 06:00:00+00:00
1764140400000,0.4028,0.4035,0.4004,0.4018,200234.3,1764144000000,80420.66267,901,2025-11-26 07:00:00+00:00
1764144000000,0.4017,0.4018,0.3931,0.3938,507277.1,1764147600000,201042.15267,2256,2025-11-26 08:00:00+00:00
1764147600000,0.3939,0.3953,0.3904,0.3916,418670.6,1764151200000,164510.50727,2347,2025-11-26 09:00:00+00:00
1764151200000,0.3916,0.3947,0.3914,0.3946,267753.8,1764154800000,105402.50323,1686,2025-11-26 10:00:00+00:00
1764154800000,0.3944,0.399,0.3944,0.3954,164424.9,1764158400000,65222.21608,1131,2025-11-26 11:00:00+00:00
1764158400000,0.3953,0.3969,0.3905,0.3922,332558.7,1764162000000,130664.92154,1625,2025-11-26 12:00:00+00:00
1764162000000,0.3922,0.3957,0.3905,0.3952,469917.3,1764165600000,184761.55129,1367,2025-11-26 13:00:00+00:00
1764165600000,0.3951,0.3986,0.391,0.3921,329989.6,1764169200000,130423.02988,1811,2025-11-26 14:00:00+00:00
1764169200000,0.392,0.3954,0.3875,0.3891,352077.7,1764172800000,137692.80589,2731,2025-11-26 15:00:00+00:00
1764172800000,0.3892,0.3953,0.3891,0.3939,251334.1,1764176400000,98857.86928,1914,2025-11-26 16:00:00+00:00
1764176400000,0.394,0.4049,0.3927,0.404,355979.6,1764180000000,142749.63741,3010,2025-11-26 17:00:00+00:00
1764180000000,0.4041,0.4065,0.4011,0.4042,692208.0,1764183600000,279516.10547,3238,2025-11-26 18:00:00+00:00
1764183600000,0.4042,0.4055,0.4016,0.4029,221263.1,1764187200000,89360.22879,1685,2025-11-26 19:00:00+00:00
1764187200000,0.403,0.4036,0.399,0.4019,241807.5,1764190800000,96951.12124,1510,2025-11-26 20:00:00+00:00
1764190800000,0.4019,0.4055,0.4002,0.4042,233121.0,1764194400000,93868.57318,1580,2025-11-26 21:00:00+00:00
1764194400000,0.4041,0.4062,0.4027,0.4054,141369.9,1764198000000,57213.90068,761,2025-11-26 22:00:00+00:00
1764198000000,0.4053,0.4088,0.4037,0.4068,433959.7,1764201600000,176362.83462,2201,2025-11-26 23:00:00+00:00
1764201600000,0.4067,0.4069,0.3996,0.4011,466502.1,1764205200000,187726.8022,3290,2025-11-27 00:00:00+00:00
1764205200000,0.4009,0.4027,0.3987,0.402,313426.4,1764208800000,125591.98236,1891,2025-11-27 01:00:00+00:00
1764208800000,0.4019,0.4028,0.3988,0.4005,471091.5,1764212400000,188828.37813,2664,2025-11-27 02:00:00+00:00
1764212400000,0.4004,0.4027,0.3974,0.3991,342667.2,1764216000000,137036.42877,1882,2025-11-27 03:00:00+00:00
1764216000000,0.3992,0.4058,0.3992,0.4032,330954.1,1764219600000,133343.6806,1869,2025-11-27 04:00:00+00:00
1764219600000,0.4031,0.4037,0.4011,0.4023,235326.6,1764223200000,94689.79096,1352,2025-11-27 05:00:00+00:00
1764223200000,0.4024,0.4039,0.3998,0.4034,339002.3,1764226800000,136070.99138,1540,2025-11-27 06:00:00+00:00
1764226800000,0.4034,0.41,0.4018,0.4082,308674.5,1764230400000,125371.43622,1977,2025-11-27 07:00:00+00:00
1764230400000,0.4082,0.4118,0.4044,0.4113,732690.7,1764234000000,299044.78258,3134,2025-11-27 08:00:00+00:00
1764234000000,0.4113,0.4163,0.4091,0.4101,449364.0,1764237600000,185362.95207,2493,2025-11-27 09:00:00+00:00
1764237600000,0.4101,0.4148,0.407,0.412,724800.3,1764241200000,297806.78246,3926,2025-11-27 10:00:00+00:00
1764241200000,0.4119,0.4125,0.4077,0.4096,404656.8,1764244800000,166023.78856,1908,2025-11-27 11:00:00+00:00
1764244800000,0.4095,0.4118,0.4086,0.4099,315585.6,1764248400000,129484.48552,1625,2025-11-27 12:00:00+00:00
1764248400000,0.4098,0.424,0.4097,0.4186,905118.0,1764252000000,378216.78624,4150,2025-11-27 13:00:00+00:00
1764252000000,0.4186,0.4287,0.4155,0.4285,769638.7,1764255600000,324852.32911,4467,2025-11-27 14:00:00+00:00
1764255600000,0.4285,0.4285,0.4186,0.4203,966884.4,1764259200000,408208.62422,4248,2025-11-27 15:00:00+00:00
1764259200000,0.4203,0.4293,0.4197,0.4223,473854.6,1764262800000,201403.61047,2963,2025-11-27 16:00:00+00:00
1764262800000,0.4222,0.4227,0.4198,0.4205,219582.9,1764266400000,92466.78492,1349,2025-11-27 17:00:00+00:00
1764266400000,0.4205,0.4205,0.4142,0.4169,322941.9,1764270000000,134699.30011,1587,2025-11-27 18:00:00+00:00
1764270000000,0.4168,0.4203,0.416,0.4191,491091.3,1764273600000,205286.07455,1665,2025-11-27 19:00:00+00:00
1764273600000,0.4192,0.4196,0.4169,0.417,207837.0,1764277200000,86831.78774,1062,2025-11-27 20:00:00+00:00
1764277200000,0.417,0.4174,0.4132,0.4135,155057.7,1764280800000,64425.81733,1096,2025-11-27 21:00:00+00:00
1764280800000,0.4134,0.4164,0.4091,0.4104,657277.6,1764284400000,271575.92226,1596,2025-11-27 22:00:00+00:00
1764284400000,0.4103,0.4112,0.4079,0.4109,270571.7,1764288000000,110863.03421,1539,2025-11-27 23:00:00+00:00
1764288000000,0.4109,0.4157,0.4094,0.4102,342605.5,1764291600000,141065.11963,2117,2025-11-28 00:00:00+00:00
1764291600000,0.4101,0.4106,0.4042,0.405,337499.8,1764295200000,137493.91731,2150,2025-11-28 01:00:00+00:00
1764295200000,0.4051,0.4062,0.4014,0.4058,247685.0,1764298800000,100030.50059,1761,2025-11-28 02:00:00+00:00
1764298800000,0.4056,0.4082,0.4048,0.4073,146498.9,1764302400000,59567.76213,1109,2025-11-28 03:00:00+00:00
1764302400000,0.4075,0.4076,0.4035,0.4045,156636.6,1764306000000,63507.80092,979,2025-11-28 04:00:00+00:00
1764306000000,0.4044,0.4053,0.4035,0.4039,178886.2,1764309600000,72329.14693,1185,2025-11-28 05:00:00+00:00
1764309600000,0.4039,0.4039,0.3991,0.401,299638.6,1764313200000,120146.26787,1709,2025-11-28 06:00:00+00:00
1764313200000,0.401,0.4026,0.4004,0.4013,121631.5,1764316800000,48853.64411,733,2025-11-28 07:00:00+00:00
1764316800000,0.4011,0.4124,0.4011,0.4101,326966.8,1764320400000,133204.90377,2486,2025-11-28 08:00:00+00:00
1764320400000,0.4101,0.4113,0.4077,0.4092,224175.2,1764324000000,91860.1057,1567,2025-11-28 09:00:00+00:00
1764324000000,0.4091,0.4114,0.4086,0.4102,139304.2,1764327600000,57071.5592,997,2025-11-28 10:00:00+00:00
1764327600000,0.4101,0.4135,0.406,0.4107,419784.6,1764331200000,172239.74785,2774,2025-11-28 11:00:00+00:00
1764331200000,0.4106,0.4184,0.4102,0.4134,601675.7,1764334800000,249640.54412,3606,2025-11-28 12:00:00+00:00
1764334800000,0.4135,0.4159,0.4094,0.4129,502035.3,1764338400000,206774.92353,3218,2025-11-28 13:00:00+00:00
1764338400000,0.4128,0.4136,0.4057,0.4081,555087.3,1764342000000,227492.06758,3679,2025-11-28 14:00:00+00:00
1764342000000,0.4082,0.4102,0.4043,0.4051,509351.0,1764345600000,207427.23668,2753,2025-11-28 15:00:00+00:00
1764345600000,0.4052,0.4053,0.3917,0.3924,881429.8,1764349200000,349922.12232,5543,2025-11-28 16:00:00+00:00
1764349200000,0.3925,0.3956,0.3884,0.3903,853251.0,1764352800000,333801.95023,4990,2025-11-28 17:00:00+00:00
1764352800000,0.3903,0.3912,0.3851,0.3888,504121.3,1764356400000,195455.65149,2954,2025-11-28 18:00:00+00:00
1764356400000,0.3888,0.3906,0.3874,0.3897,453578.2,1764360000000,176660.30908,1943,2025-11-28 19:00:00+00:00
1764360000000,0.3896,0.3942,0.3876,0.3925,361476.0,1764363600000,141210.48032,1975,2025-11-28 20:00:00+00:00
1764363600000,0.3925,0.3942,0.3894,0.3895,245086.2,1764367200000,96001.5179,1189,2025-11-28 21:00:00+00:00
1764367200000,0.3896,0.395,0.3878,0.3948,298597.1,1764370800000,116516.31076,1418,2025-11-28 22:00:00+00:00
1764370800000,0.3948,0.3958,0.3915,0.3917,162642.2,1764374400000,64023.48015,906,2025-11-28 23:00:00+00:00
1764374400000,0.3917,0.3996,0.3911,0.3933,483263.4,1764378000000,190760.67561,2641,2025-11-29 00:00:00+00:00
1764378000000,0.3933,0.3949,0.3927,0.3934,232180.0,1764381600000,91450.74464,1592,2025-11-29 01:00:00+00:00
1764381600000,0.3934,0.3954,0.3918,0.3935,209150.3,1764385200000,82273.29644,1474,2025-11-29 02:00:00+00:00
1764385200000,0.3934,0.3937,0.3888,0.3899,306936.7,1764388800000,119990.06709,1516,2025-11-29 03:00:00+00:00
1764388800000,0.39,0.3918,0.3897,0.3915,168316.1,1764392400000,65750.81856,989,2025-11-29 04:00:00+00:00
1764392400000,0.3916,0.392,0.3888,0.389,194467.5,1764396000000,75935.26383,1101,2025-11-29 05:00:00+00:00
1764396000000,0.3889,0.3891,0.3839,0.3863,295638.1,1764399600000,114158.20175,1654,2025-11-29 06:00:00+00:00
1764399600000,0.3862,0.3896,0.3853,0.389,227407.8,1764403200000,88156.92835,1461,2025-11-29 07:00:00+00:00
1764403200000,0.3889,0.392,0.3868,0.3881,271117.2,1764406800000,105586.75727,1873,2025-11-29 08:00:00+00:00
1764406800000,0.3881,0.3887,0.3872,0.388,157920.4,1764410400000,61280.80586,1094,2025-11-29 09:00:00+00:00
1764410400000,0.3879,0.3907,0.3862,0.3887,182700.0,1764414000000,70942.93459,1286,2025-11-29 10:00:00+00:00
1764414000000,0.3888,0.3911,0.3881,0.3907,118527.8,1764417600000,46150.54524,841,2025-11-29 11:00:00+00:00
1764417600000,0.3907,0.3915,0.3866,0.3875,212302.8,1764421200000,82484.73866,1332,2025-11-29 12:00:00+00:00
1764421200000,0.3874,0.3879,0.3863,0.3872,189200.4,1764424800000,73244.13651,1136,2025-11-29 13:00:00+00:00
1764424800000,0.3873,0.3874,0.3849,0.386,237566.7,1764428400000,91672.96938,1189,2025-11-29 14:00:00+00:00
1764428400000,0.386,0.3903,0.3859,0.3885,250418.8,1764432000000,97258.23224,1672,2025-11-29 15:00:00+00:00
1764432000000,0.3886,0.39,0.3873,0.3888,214205.4,1764435600000,83267.66019,1230,2025-11-29 16:00:00+00:00
1764435600000,0.3886,0.3889,0.384,0.3845,295924.6,1764439200000,114181.86906,1743,2025-11-29 17:00:00+00:00
1764439200000,0.3844,0.386,0.3817,0.3856,289431.2,1764442800000,111005.80431,1868,2025-11-29 18:00:00+00:00
1764442800000,0.3856,0.3872,0.3849,0.3851,107546.9,1764446400000,41540.19055,766,2025-11-29 19:00:00+00:00
1764446400000,0.3851,0.3868,0.3829,0.3864,150761.3,1764450000000,58010.33027,1110,2025-11-29 20:00:00+00:00
1764450000000,0.3865,0.3889,0.3849,0.387,229183.8,1764453600000,88753.04049,1162,2025-11-29 21:00:00+00:00
1764453600000,0.387,0.3883,0.3857,0.388,85392.1,1764457200000,33009.74676,491,2025-11-29 22:00:00+00:00
1764457200000,0.388,0.392,0.3874,0.3886,199023.7,1764460800000,77562.51648,1512,2025-11-29 23:00:00+00:00
1764460800000,0.3886,0.3899,0.3872,0.3882,187215.8,1764464400000,72713.92305,1394,2025-11-30 00:00:00+00:00
1764464400000,0.3882,0.3893,0.387,0.388,128093.6,1764468000000,49716.72305,976,2025-11-30 01:00:00+00:00
1764468000000,0.3881,0.3894,0.3861,0.3865,102766.8,1764471600000,39842.46244,690,2025-11-30 02:00:00+00:00
1764471600000,0.3866,0.3868,0.3824,0.3859,315105.1,1764475200000,121017.48682,1826,2025-11-30 03:00:00+00:00
1764475200000,0.3859,0.3859,0.3828,0.3835,119286.5,1764478800000,45829.18591,797,2025-11-30 04:00:00+00:00
1764478800000,0.3835,0.3835,0.3793,0.3796,273280.4,1764482400000,104169.97976,1392,2025-11-30 05:00:00+00:00
1764482400000,0.3796,0.3833,0.3793,0.3807,181653.3,1764486000000,69204.15544,1158,2025-11-30 06:00:00+00:00
1764486000000,0.3807,0.3824,0.3785,0.3787,218796.9,1764489600000,83254.56623,1186,2025-11-30 07:00:00+00:00
1764489600000,0.3785,0.3803,0.3731,0.3773,422601.3,1764493200000,159066.24044,2602,2025-11-30 08:00:00+00:00
1764493200000,0.3773,0.3786,0.3758,0.3774,218397.0,1764496800000,82297.2593,1339,2025-11-30 09:00:00+00:00
1764496800000,0.3775,0.379,0.3761,0.3772,238322.1,1764500400000,90061.06165,1220,2025-11-30 10:00:00+00:00
1764500400000,0.3772,0.3788,0.376,0.3771,164262.1,1764504000000,62045.24699,1193,2025-11-30 11:00:00+00:00
1764504000000,0.3771,0.3821,0.3758,0.381,375824.9,1764507600000,142660.91778,2499,2025-11-30 12:00:00+00:00
1764507600000,0.381,0.3852,0.38,0.3808,423305.9,1764511200000,161968.47248,2376,2025-11-30 13:00:00+00:00
1764511200000,0.3808,0.381,0.3763,0.3779,356032.8,1764514800000,134791.55397,1795,2025-11-30 14:00:00+00:00
1764514800000,0.3779,0.3792,0.375,0.3779,211516.4,1764518400000,79688.95526,1237,2025-11-30 15:00:00+00:00
1764518400000,0.3778,0.3804,0.3771,0.3795,188040.7,1764522000000,71224.12368,1152,2025-11-30 16:00:00+00:00
1764522000000,0.3794,0.3796,0.3766,0.3785,235237.0,1764525600000,88953.45621,1457,2025-11-30 17:00:00+00:00
1764525600000,0.3785,0.3786,0.3767,0.3782,98257.6,1764529200000,37086.88375,654,2025-11-30 18:00:00+00:00
1764529200000,0.378,0.3783,0.3758,0.3767,128645.5,1764532800000,48482.89177,731,2025-11-30 19:00:00+00:00
1764532800000,0.3766,0.3782,0.3751,0.3758,148607.9,1764536400000,55959.68289,931,2025-11-30 20:00:00+00:00
1764536400000,0.3758,0.3785,0.3751,0.3776,189735.5,1764540000000,71515.15638,1100,2025-11-30 21:00:00+00:00
1764540000000,0.3777,0.3787,0.3756,0.3775,212305.7,1764543600000,80061.72266,781,2025-11-30 22:00:00+00:00
1764543600000,0.3775,0.3775,0.3705,0.3713,801252.3,1764547200000,298384.97231,2444,2025-11-30 23:00:00+00:00
1764547200000,0.3712,0.3715,0.3443,0.3453,2389442.5,1764550800000,851023.87536,19760,2025-12-01 00:00:00+00:00
1764550800000,0.3454,0.3518,0.3449,0.3457,701389.5,1764554400000,243913.76774,4515,2025-12-01 01:00:00+00:00
1764554400000,0.3457,0.347,0.3404,0.3407,789795.0,1764558000000,271328.70859,3963,2025-12-01 02:00:00+00:00
1764558000000,0.3406,0.3409,0.3371,0.3381,685299.1,1764561600000,232294.17449,2965,2025-12-01 03:00:00+00:00
1764561600000,0.338,0.3399,0.3359,0.3386,455698.8,1764565200000,153971.8365,2411,2025-12-01 04:00:00+00:00
1764565200000,0.3385,0.3421,0.3385,0.3397,318369.3,1764568800000,108505.56961,1797,2025-12-01 05:00:00+00:00
1764568800000,0.3397,0.3432,0.3395,0.3402,287735.3,1764572400000,98200.46717,1555,2025-12-01 06:00:00+00:00
1764572400000,0.3403,0.3408,0.337,0.3383,316838.3,1764576000000,107296.36305,1488,2025-12-01 07:00:00+00:00
1764576000000,0.3384,0.3408,0.3378,0.3399,426978.6,1764579600000,144938.42214,2390,2025-12-01 08:00:00+00:00
1764579600000,0.3397,0.3413,0.337,0.3374,259939.0,1764583200000,88022.41254,1755,2025-12-01 09:00:00+00:00
1764583200000,0.3374,0.3391,0.3365,0.3367,129499.3,1764586800000,43759.489,735,2025-12-01 10:00:00+00:00
1764586800000,0.3365,0.3366,0.3333,0.3349,255838.4,1764590400000,85605.72137,1244,2025-12-01 11:00:00+00:00
1764590400000,0.3349,0.3354,0.3289,0.3346,553464.3,1764594000000,183946.50305,2234,2025-12-01 12:00:00+00:00
1764594000000,0.3345,0.338,0.332,0.3335,306129.3,1764597600000,102396.09617,1745,2025-12-01 13:00:00+00:00
1764597600000,0.3334,0.3363,0.3318,0.3333,470397.5,1764601200000,156882.07323,2317,2025-12-01 14:00:00+00:00
1764601200000,0.3333,0.334,0.3235,0.3298,898421.4,1764604800000,295264.00809,4208,2025-12-01 15:00:00+00:00
1764604800000,0.3298,0.3302,0.3252,0.326,485650.0,1764608400000,159270.18798,2258,2025-12-01 16:00:00+00:00
1764608400000,0.326,0.3278,0.3217,0.3218,302184.7,1764612000000,98065.4803,1612,2025-12-01 17:00:00+00:00
1764612000000,0.3219,0.3274,0.3219,0.3268,388314.8,1764615600000,125955.10467,1693,2025-12-01 18:00:00+00:00
1764615600000,0.3268,0.3274,0.3238,0.3261,228956.7,1764619200000,74468.70569,1054,2025-12-01 19:00:00+00:00
1764619200000,0.3262,0.3309,0.3262,0.3264,296701.7,1764622800000,97464.08225,1531,2025-12-01 20:00:00+00:00
1764622800000,0.3265,0.332,0.3265,0.3292,373351.1,1764626400000,123123.96759,1839,2025-12-01 21:00:00+00:00
1764626400000,0.3294,0.3319,0.3289,0.3304,169931.0,1764630000000,56167.67791,817,2025-12-01 22:00:00+00:00
1764630000000,0.3305,0.3328,0.3281,0.3286,215982.3,1764633600000,71325.02537,1307,2025-12-01 23:00:00+00:00
1764633600000,0.3286,0.3298,0.3242,0.3252,267752.0,1764637200000,87308.35071,1580,2025-12-02 00:00:00+00:00
1764637200000,0.3252,0.3309,0.3248,0.3251,434070.5,1764640800000,142105.19263,2048,2025-12-02 01:00:00+00:00
1764640800000,0.3251,0.3287,0.3242,0.3259,157081.4,1764644400000,51326.36386,1439,2025-12-02 02:00:00+00:00
1764644400000,0.326,0.3265,0.3213,0.3247,717293.1,1764648000000,232283.77091,2059,2025-12-02 03:00:00+00:00
1764648000000,0.3246,0.3254,0.3228,0.3228,120335.0,1764651600000,38982.34291,834,2025-12-02 04:00:00+00:00
1764651600000,0.3227,0.3244,0.3213,0.3225,255203.2,1764655200000,82333.84633,1377,2025-12-02 05:00:00+00:00
1764655200000,0.3226,0.324,0.3182,0.3236,419494.5,1764658800000,134780.98753,2022,2025-12-02 06:00:00+00:00
1764658800000,0.3237,0.3261,0.3235,0.3251,176108.4,1764662400000,57190.86337,1151,2025-12-02 07:00:00+00:00
1764662400000,0.3252,0.3255,0.3205,0.3221,217488.1,1764666000000,70142.45329,1262,2025-12-02 08:00:00+00:00
1764666000000,0.3222,0.3262,0.3222,0.326,163036.8,1764669600000,52872.46594,866,2025-12-02 09:00:00+00:00
1764669600000,0.3259,0.3302,0.3257,0.3289,270928.5,1764673200000,88865.33237,1415,2025-12-02 10:00:00+00:00
1764673200000,0.3289,0.3294,0.3268,0.3272,190820.4,1764676800000,62579.55518,929,2025-12-02 11:00:00+00:00
1764676800000,0.3274,0.3285,0.3254,0.326,166790.5,1764680400000,54531.71812,981,2025-12-02 12:00:00+00:00
1764680400000,0.326,0.3282,0.3244,0.3261,233908.9,1764684000000,76397.27831,1434,2025-12-02 13:00:00+00:00
1764684000000,0.3261,0.3393,0.3259,0.3389,762689.4,1764687600000,253692.51517,3730,2025-12-02 14:00:00+00:00
1764687600000,0.3389,0.3521,0.3389,0.351,1139554.1,1764691200000,395538.40114,5983,2025-12-02 15:00:00+00:00
1764691200000,0.351,0.3535,0.3458,0.349,411235.1,1764694800000,143626.41966,2906,2025-12-02 16:00:00+00:00
1764694800000,0.3491,0.3511,0.3439,0.346,612079.2,1764698400000,212069.88917,2675,2025-12-02 17:00:00+00:00
1764698400000,0.3459,0.3464,0.3432,0.3444,184860.0,1764702000000,63802.25596,1194,2025-12-02 18:00:00+00:00
1764702000000,0.3444,0.3457,0.3395,0.3395,138497.7,1764705600000,47446.88181,750,2025-12-02 19:00:00+00:00
1764705600000,0.3394,0.3395,0.3355,0.3375,183894.7,1764709200000,62070.87159,1125,2025-12-02 20:00:00+00:00
1764709200000,0.3374,0.3416,0.3367,0.3409,136215.5,1764712800000,46193.51217,780,2025-12-02 21:00:00+00:00
1764712800000,0.341,0.3432,0.341,0.3426,127955.1,1764716400000,43803.45342,545,2025-12-02 22:00:00+00:00
1764716400000,0.3427,0.3433,0.3397,0.3408,217965.7,1764720000000,74357.52754,819,2025-12-02 23:00:00+00:00
1764720000000,0.3408,0.3424,0.3396,0.3413,117626.8,1764723600000,40140.69025,812,2025-12-03 00:00:00+00:00
1764723600000,0.3412,0.3453,0.3402,0.3447,246223.1,1764727200000,84401.55168,1397,2025-12-03 01:00:00+00:00
1764727200000,0.3446,0.3572,0.344,0.3515,818163.3,1764730800000,287832.01479,5077,2025-12-03 02:00:00+00:00
1764730800000,0.3516,0.3558,0.35,0.3501,336833.1,1764734400000,118852.46179,2240,2025-12-03 03:00:00+00:00
1764734400000,0.3501,0.3521,0.3479,0.3508,525734.9,1764738000000,184045.78273,1904,2025-12-03 04:00:00+00:00
1764738000000,0.3507,0.3526,0.3488,0.3492,203881.7,1764741600000,71431.53785,1323,2025-12-03 05:00:00+00:00
1764741600000,0.3493,0.3519,0.3477,0.3493,179257.1,1764745200000,62702.22313,1108,2025-12-03 06:00:00+00:00
1764745200000,0.3492,0.3502,0.3477,0.349,170570.0,1764748800000,59570.23731,1044,2025-12-03 07:00:00+00:00
1764748800000,0.3491,0.3551,0.3491,0.3542,180309.5,1764752400000,63499.48952,849,2025-12-03 08:00:00+00:00
1764752400000,0.3541,0.3674,0.3537,0.364,428431.9,1764756000000,154500.08284,2815,2025-12-03 09:00:00+00:00
1764756000000,0.3637,0.3725,0.3562,0.3578,1197071.0,1764759600000,439722.43246,5378,2025-12-03 10:00:00+00:00
1764759600000,0.3578,0.3598,0.3558,0.3568,282808.0,1764763200000,101213.30856,1698,2025-12-03 11:00:00+00:00
1764763200000,0.3567,0.3594,0.352,0.3578,259737.0,1764766800000,92417.36982,1563,2025-12-03 12:00:00+00:00
1764766800000,0.3577,0.3637,0.3569,0.3607,347277.0,1764770400000,125315.29665,2258,2025-12-03 13:00:00+00:00
1764770400000,0.3606,0.3663,0.3528,0.3582,669128.6,1764774000000,239864.82262,4874,2025-12-03 14:00:00+00:00
1764774000000,0.3582,0.3623,0.357,0.3598,282367.5,1764777600000,101480.87185,1967,2025-12-03 15:00:00+00:00
1764777600000,0.3598,0.3634,0.3562,0.3572,1504529.1,1764781200000,541423.7319,4930,2025-12-03 16:00:00+00:00
1764781200000,0.3571,0.3609,0.3559,0.3605,291578.9,1764784800000,104430.96963,1698,2025-12-03 17:00:00+00:00
1764784800000,0.3604,0.3659,0.3601,0.3617,225774.9,1764788400000,82098.88699,1352,2025-12-03 18:00:00+00:00
1764788400000,0.3617,0.3634,0.3599,0.3615,146527.3,1764792000000,53067.71078,981,2025-12-03 19:00:00+00:00
1764792000000,0.3616,0.3642,0.3603,0.3617,261958.1,1764795600000,94719.33556,1360,2025-12-03 20:00:00+00:00
1764795600000,0.3616,0.3652,0.3611,0.3648,137051.3,1764799200000,49823.81497,943,2025-12-03 21:00:00+00:00
1764799200000,0.3649,0.3666,0.3613,0.3652,293992.9,1764802800000,106901.22523,1217,2025-12-03 22:00:00+00:00
1764802800000,0.3652,0.368,0.3641,0.3648,323085.8,1764806400000,118197.23507,1394,2025-12-03 23:00:00+00:00
1764806400000,0.3648,0.3704,0.3607,0.3643,518309.1,1764810000000,188794.99628,2666,2025-12-04 00:00:00+00:00
1764810000000,0.3642,0.3685,0.3629,0.3644,218770.0,1764813600000,80141.91072,1424,2025-12-04 01:00:00+00:00
1764813600000,0.3644,0.3729,0.3638,0.3719,345190.2,1764817200000,127303.54268,1932,2025-12-04 02:00:00+00:00
1764817200000,0.3719,0.3777,0.3699,0.3714,488190.2,1764820800000,182227.47681,2542,2025-12-04 03:00:00+00:00
1764820800000,0.3713,0.3737,0.3651,0.3675,466435.6,1764824400000,172220.94078,2150,2025-12-04 04:00:00+00:00
1764824400000,0.3676,0.3677,0.3637,0.3644,312749.8,1764828000000,114482.53028,1769,2025-12-04 05:00:00+00:00
1764828000000,0.3644,0.3665,0.3632,0.3636,269111.2,1764831600000,98134.91614,1375,2025-12-04 06:00:00+00:00
1764831600000,0.3636,0.3672,0.3614,0.3672,341591.7,1764835200000,124422.09915,1378,2025-12-04 07:00:00+00:00
1764835200000,0.3673,0.3715,0.3621,0.3639,2006068.5,1764838800000,735314.07121,5990,2025-12-04 08:00:00+00:00
1764838800000,0.364,0.3657,0.3628,0.3632,628686.3,1764842400000,228929.78394,2127,2025-12-04 09:00:00+00:00
1764842400000,0.3633,0.3645,0.3604,0.3611,220874.0,1764846000000,80073.41866,1249,2025-12-04 10:00:00+00:00
1764846000000,0.3611,0.3611,0.3579,0.3596,251399.9,1764849600000,90338.81882,1196,2025-12-04 11:00:00+00:00
1764849600000,0.3595,0.3606,0.3564,0.3577,304324.2,1764853200000,108932.26497,1585,2025-12-04 12:00:00+00:00
1764853200000,0.3577,0.3596,0.3553,0.3561,552062.8,1764856800000,197343.13683,2710,2025-12-04 13:00:00+00:00
1764856800000,0.356,0.3592,0.3524,0.3543,407920.0,1764860400000,145293.34669,3129,2025-12-04 14:00:00+00:00
1764860400000,0.3542,0.3651,0.3541,0.3605,495546.1,1764864000000,178263.77772,3910,2025-12-04 15:00:00+00:00
1764864000000,0.3606,0.3617,0.3564,0.358,307809.6,1764867600000,110371.5359,2808,2025-12-04 16:00:00+00:00
1764867600000,0.358,0.3586,0.354,0.3572,280345.9,1764871200000,99816.23085,2312,2025-12-04 17:00:00+00:00
1764871200000,0.3573,0.3585,0.3529,0.3542,146828.7,1764874800000,52141.09351,1266,2025-12-04 18:00:00+00:00
1764874800000,0.3544,0.3546,0.3453,0.3527,363194.9,1764878400000,127184.49558,2945,2025-12-04 19:00:00+00:00
1764878400000,0.3528,0.3538,0.3506,0.3512,127570.5,1764882000000,44885.70008,1416,2025-12-04 20:00:00+00:00
1764882000000,0.3512,0.3532,0.348,0.348,169427.3,1764885600000,59453.15161,1130,2025-12-04 21:00:00+00:00
1764885600000,0.3481,0.3503,0.3473,0.3485,144217.2,1764889200000,50298.14413,634,2025-12-04 22:00:00+00:00
1764889200000,0.3484,0.3484,0.3466,0.3475,81279.1,1764892800000,28236.57129,525,2025-12-04 23:00:00+00:00
1764892800000,0.3474,0.3487,0.3453,0.3454,177256.7,1764896400000,61567.80445,1246,2025-12-05 00:00:00+00:00
1764896400000,0.3454,0.3494,0.3444,0.3474,203214.8,1764900000000,70510.29259,1267,2025-12-05 01:00:00+00:00
1764900000000,0.3472,0.3492,0.3466,0.3481,138808.7,1764903600000,48273.95159,1351,2025-12-05 02:00:00+00:00
1764903600000,0.3482,0.3488,0.3423,0.3429,228796.9,1764907200000,78891.6622,1510,2025-12-05 03:00:00+00:00
1764907200000,0.3428,0.3434,0.3386,0.3406,230077.0,1764910800000,78430.86752,1796,2025-12-05 04:00:00+00:00
1764910800000,0.3407,0.3419,0.3391,0.3409,116031.2,1764914400000,39478.809,1685,2025-12-05 05:00:00+00:00
1764914400000,0.341,0.3448,0.3394,0.3425,371658.3,1764918000000,127417.65637,2655,2025-12-05 06:00:00+00:00
1764918000000,0.3424,0.3485,0.3419,0.3429,1158260.5,1764921600000,398920.68572,4094,2025-12-05 07:00:00+00:00
1764921600000,0.3428,0.3433,0.3392,0.3405,180629.4,1764925200000,61566.36257,1544,2025-12-05 08:00:00+00:00
1764925200000,0.3404,0.3405,0.3339,0.3351,496037.4,1764928800000,166554.16663,3981,2025-12-05 09:00:00+00:00
1764928800000,0.3352,0.3395,0.3345,0.3383,288845.7,1764932400000,97493.52571,2564,2025-12-05 10:00:00+00:00
1764932400000,0.3382,0.3391,0.3351,0.3366,342803.0,1764936000000,115521.53381,3060,2025-12-05 11:00:00+00:00
1764936000000,0.3367,0.3389,0.3358,0.338,173845.9,1764939600000,58674.84647,1781,2025-12-05 12:00:00+00:00
1764939600000,0.338,0.3402,0.3348,0.3355,188549.0,1764943200000,63663.79496,1880,2025-12-05 13:00:00+00:00
1764943200000,0.3356,0.3371,0.3324,0.3337,337871.1,1764946800000,113120.71605,2491,2025-12-05 14:00:00+00:00
1764946800000,0.3338,0.3431,0.3338,0.3399,551588.0,1764950400000,187711.8255,3837,2025-12-05 15:00:00+00:00
1764950400000,0.3399,0.3404,0.3269,0.3306,491158.7,1764954000000,163637.40644,4338,2025-12-05 16:00:00+00:00
1764954000000,0.3304,0.3333,0.3278,0.3297,237471.0,1764957600000,78517.80348,2067,2025-12-05 17:00:00+00:00
1764957600000,0.3295,0.3328,0.3251,0.3251,305011.4,1764961200000,100521.4846,2362,2025-12-05 18:00:00+00:00
1764961200000,0.3252,0.3287,0.3228,0.3248,281233.2,1764964800000,91594.22312,2054,2025-12-05 19:00:00+00:00
1764964800000,0.3248,0.327,0.3233,0.3245,140335.1,1764968400000,45686.63559,1172,2025-12-05 20:00:00+00:00
1764968400000,0.3247,0.3278,0.3247,0.3274,144884.4,1764972000000,47283.76219,900,2025-12-05 21:00:00+00:00
1764972000000,0.3275,0.3308,0.3262,0.3297,50525.1,1764975600000,16584.62652,355,2025-12-05 22:00:00+00:00
1764975600000,0.3297,0.3307,0.3271,0.33,77701.3,1764979200000,25600.69742,570,2025-12-05 23:00:00+00:00
1764979200000,0.3301,0.3301,0.3271,0.3284,108680.8,1764982800000,35685.2942,598,2025-12-06 00:00:00+00:00
1764982800000,0.3283,0.3303,0.3269,0.3273,28045.9,1764986400000,9224.1844,383,2025-12-06 01:00:00+00:00
1764986400000,0.3272,0.3302,0.3254,0.3292,100741.8,1764990000000,33002.11539,793,2025-12-06 02:00:00+00:00
1764990000000,0.3293,0.3317,0.3288,0.3313,58557.0,1764993600000,19355.95905,676,2025-12-06 03:00:00+00:00
1764993600000,0.3312,0.3313,0.3275,0.3279,69091.4,1764997200000,22712.19353,746,2025-12-06 04:00:00+00:00
1764997200000,0.328,0.3286,0.326,0.3261,58204.7,1765000800000,19044.21246,829,2025-12-06 05:00:00+00:00
1765000800000,0.3261,0.3285,0.3254,0.3281,118666.6,1765004400000,38804.51193,1295,2025-12-06 06:00:00+00:00
1765004400000,0.3282,0.3313,0.3278,0.3305,82228.5,1765008000000,27079.72364,1157,2025-12-06 07:00:00+00:00
1765008000000,0.3306,0.331,0.3268,0.327,111742.8,1765011600000,36707.73615,1322,2025-12-06 08:00:00+00:00
1765011600000,0.3269,0.3299,0.3269,0.3278,89852.4,1765015200000,29518.87898,1189,2025-12-06 09:00:00+00:00
1765015200000,0.3278,0.3301,0.3274,0.3286,118150.3,1765018800000,38781.78644,1033,2025-12-06 10:00:00+00:00
1765018800000,0.3285,0.3302,0.3277,0.3294,74009.8,1765022400000,24346.16198,889,2025-12-06 11:00:00+00:00
1765022400000,0.3293,0.3308,0.3285,0.3294,113164.5,1765026000000,37323.15793,1256,2025-12-06 12:00:00+00:00
1765026000000,0.3294,0.3353,0.3293,0.3349,242574.5,1765029600000,80780.40989,2011,2025-12-06 13:00:00+00:00
1765029600000,0.3349,0.3372,0.3336,0.3343,246053.9,1765033200000,82397.75717,1980,2025-12-06 14:00:00+00:00
1765033200000,0.3344,0.3345,0.3306,0.3326,123211.3,1765036800000,40969.1254,1212,2025-12-06 15:00:00+00:00
1765036800000,0.3326,0.3345,0.3323,0.333,77647.5,1765040400000,25902.43313,952,2025-12-06 16:00:00+00:00
1765040400000,0.3329,0.3337,0.3314,0.3326,88271.9,1765044000000,29346.72367,656,2025-12-06 17:00:00+00:00
1765044000000,0.3327,0.3337,0.3318,0.3326,98687.2,1765047600000,32820.12867,576,2025-12-06 18:00:00+00:00
1765047600000,0.3327,0.3332,0.3295,0.3314,203512.0,1765051200000,67425.00884,1052,2025-12-06 19:00:00+00:00
1765051200000,0.3314,0.332,0.3298,0.3302,135863.7,1765054800000,44883.57276,582,2025-12-06 20:00:00+00:00
1765054800000,0.3301,0.3328,0.3288,0.3291,108782.6,1765058400000,35950.43577,849,2025-12-06 21:00:00+00:00
1765058400000,0.329,0.3298,0.3281,0.3287,51486.3,1765062000000,16940.73573,260,2025-12-06 22:00:00+00:00
1765062000000,0.3288,0.329,0.3244,0.3265,358863.5,1765065600000,117072.34096,1327,2025-12-06 23:00:00+00:00
1765065600000,0.3264,0.3286,0.3263,0.3269,78249.0,1765069200000,25627.01901,530,2025-12-07 00:00:00+00:00
1765069200000,0.327,0.3275,0.325,0.325,46485.7,1765072800000,15156.3568,419,2025-12-07 01:00:00+00:00
1765072800000,0.3251,0.3269,0.3245,0.3263,100761.2,1765076400000,32813.01526,602,2025-12-07 02:00:00+00:00
1765076400000,0.3262,0.3264,0.3232,0.325,169024.1,1765080000000,54862.63821,877,2025-12-07 03:00:00+00:00
1765080000000,0.3249,0.3251,0.322,0.3236,156478.2,1765083600000,50696.49635,1136,2025-12-07 04:00:00+00:00
1765083600000,0.3234,0.3252,0.3229,0.3243,89028.8,1765087200000,28854.25457,1055,2025-12-07 05:00:00+00:00
1765087200000,0.3244,0.3254,0.3239,0.3241,143446.7,1765090800000,46571.653,1478,2025-12-07 06:00:00+00:00
1765090800000,0.3241,0.3245,0.3192,0.3216,295540.5,1765094400000,95017.93654,2525,2025-12-07 07:00:00+00:00
1765094400000,0.3216,0.3218,0.3202,0.3206,137844.6,1765098000000,44247.58796,1755,2025-12-07 08:00:00+00:00
1765098000000,0.3206,0.3216,0.3158,0.3162,289312.6,1765101600000,92177.27592,1643,2025-12-07 09:00:00+00:00
1765101600000,0.3162,0.3165,0.3135,0.3153,270722.1,1765105200000,85345.09517,2154,2025-12-07 10:00:00+00:00
1765105200000,0.3153,0.3174,0.3148,0.3154,156791.4,1765108800000,49529.09534,1397,2025-12-07 11:00:00+00:00
1765108800000,0.3154,0.317,0.314,0.3158,141676.9,1765112400000,44679.0575,1244,2025-12-07 12:00:00+00:00
1765112400000,0.3157,0.3159,0.3091,0.311,503735.4,1765116000000,157017.74389,3218,2025-12-07 13:00:00+00:00
1765116000000,0.3108,0.3117,0.3019,0.3034,689183.9,1765119600000,210455.26622,4750,2025-12-07 14:00:00+00:00
1765119600000,0.3033,0.3134,0.303,0.3126,632369.9,1765123200000,194523.16904,3687,2025-12-07 15:00:00+00:00
1765123200000,0.3126,0.3126,0.307,0.3097,198350.1,1765126800000,61354.32061,1580,2025-12-07 16:00:00+00:00
1765126800000,0.3098,0.3182,0.3068,0.3178,391327.6,1765130400000,122819.60739,2608,2025-12-07 17:00:00+00:00
1765130400000,0.3179,0.322,0.3179,0.3195,372703.9,1765134000000,119307.49527,1645,2025-12-07 18:00:00+00:00
1765134000000,0.3195,0.3196,0.315,0.3165,161979.3,1765137600000,51310.58534,828,2025-12-07 19:00:00+00:00
1765137600000,0.3168,0.3181,0.3164,0.3173,50234.0,1765141200000,15941.75531,420,2025-12-07 20:00:00+00:00
1765141200000,0.3172,0.3173,0.3066,0.3082,139209.2,1765144800000,43419.72672,929,2025-12-07 21:00:00+00:00
1765144800000,0.3082,0.3082,0.2993,0.3036,356414.0,1765148400000,107902.79022,1935,2025-12-07 22:00:00+00:00
1765148400000,0.3036,0.3045,0.3,0.3013,308155.3,1765152000000,93087.21437,1203,2025-12-07 23:00:00+00:00
1765152000000,0.3015,0.3124,0.3005,0.3025,716927.2,1765155600000,219718.94363,2568,2025-12-08 00:00:00+00:00
1765155600000,0.3025,0.3118,0.3023,0.3069,228559.5,1765159200000,70494.70239,1258,2025-12-08 01:00:00+00:00
1765159200000,0.3067,0.3092,0.3064,0.3077,112402.8,1765162800000,34611.46094,588,2025-12-08 02:00:00+00:00
1765162800000,0.3079,0.3092,0.3059,0.3061,201404.0,1765166400000,61929.78383,818,2025-12-08 03:00:00+00:00
1765166400000,0.3062,0.3087,0.3043,0.3052,306805.9,1765170000000,93888.20752,1544,2025-12-08 04:00:00+00:00
1765170000000,0.3053,0.3054,0.302,0.3034,236694.6,1765173600000,71815.4824,1458,2025-12-08 05:00:00+00:00
1765173600000,0.3034,0.3087,0.3034,0.3063,202346.0,1765177200000,61839.32208,1237,2025-12-08 06:00:00+00:00
1765177200000,0.3064,0.31,0.3059,0.309,200857.1,1765180800000,61882.91845,1394,2025-12-08 07:00:00+00:00
1765180800000,0.3091,0.3103,0.3079,0.3084,229599.3,1765184400000,70893.46173,1329,2025-12-08 08:00:00+00:00
1765184400000,0.3083,0.3127,0.3079,0.3082,322907.1,1765188000000,100265.11308,1375,2025-12-08 09:00:00+00:00
1765188000000,0.3082,0.3109,0.308,0.3107,158596.0,1765191600000,49086.59309,1054,2025-12-08 10:00:00+00:00
1765191600000,0.3106,0.3115,0.3084,0.3104,198972.9,1765195200000,61713.47419,1085,2025-12-08 11:00:00+00:00
1765195200000,0.3104,0.3209,0.3082,0.32,1412539.9,1765198800000,442432.8915,3075,2025-12-08 12:00:00+00:00
1765198800000,0.3195,0.3195,0.312,0.312,379888.3,1765202400000,119978.30136,1911,2025-12-08 13:00:00+00:00
1765202400000,0.312,0.3147,0.3089,0.3112,489713.0,1765206000000,152935.70677,2181,2025-12-08 14:00:00+00:00
1765206000000,0.3113,0.3128,0.3052,0.3075,437382.7,1765209600000,134840.49476,2149,2025-12-08 15:00:00+00:00
1765209600000,0.3074,0.3141,0.3055,0.3111,278078.9,1765213200000,86174.13285,1450,2025-12-08 16:00:00+00:00
1765213200000,0.3112,0.3132,0.3066,0.3081,292301.3,1765216800000,90264.76875,1153,2025-12-08 17:00:00+00:00
1765216800000,0.3089,0.3098,0.3027,0.3037,173295.9,1765220400000,53182.98634,832,2025-12-08 18:00:00+00:00
1765220400000,0.3038,0.3071,0.3035,0.3056,172774.9,1765224000000,52674.59182,636,2025-12-08 19:00:00+00:00
1765224000000,0.3057,0.3124,0.3057,0.3116,130359.6,1765227600000,40310.61332,546,2025-12-08 20:00:00+00:00
1765227600000,0.3118,0.3128,0.3088,0.3112,470375.2,1765231200000,146299.7383,1072,2025-12-08 21:00:00+00:00
1765231200000,0.3118,0.3118,0.3081,0.3085,167334.4,1765234800000,51817.66365,500,2025-12-08 22:00:00+00:00
1765234800000,0.3087,0.3091,0.3056,0.3061,83644.7,1765238400000,25642.50666,415,2025-12-08 23:00:00+00:00
1765238400000,0.306,0.3127,0.3049,0.3053,618015.3,1765242000000,190569.06613,2221,2025-12-09 00:00:00+00:00
1765242000000,0.3054,0.3073,0.303,0.3039,115845.2,1765245600000,35330.7417,687,2025-12-09 01:00:00+00:00
1765245600000,0.304,0.3091,0.3039,0.3084,161719.1,1765249200000,49688.69419,954,2025-12-09 02:00:00+00:00
1765249200000,0.3085,0.3154,0.3085,0.3133,587029.2,1765252800000,183523.41377,2702,2025-12-09 03:00:00+00:00
1765252800000,0.3134,0.3134,0.3044,0.3057,302672.1,1765256400000,93350.93405,1380,2025-12-09 04:00:00+00:00
1765256400000,0.3057,0.3063,0.3026,0.303,243665.8,1765260000000,74252.71352,1334,2025-12-09 05:00:00+00:00
1765260000000,0.303,0.3087,0.3026,0.3042,617872.1,1765263600000,189126.56891,2235,2025-12-09 06:00:00+00:00
1765263600000,0.3042,0.3068,0.3041,0.3059,197731.2,1765267200000,60395.21912,875,2025-12-09 07:00:00+00:00
1765267200000,0.306,0.3062,0.3034,0.3044,300587.4,1765270800000,91615.4147,1176,2025-12-09 08:00:00+00:00
1765270800000,0.3042,0.3043,0.3005,0.3014,236032.2,1765274400000,71253.58864,972,2025-12-09 09:00:00+00:00
1765274400000,0.3013,0.3029,0.2993,0.3014,246554.4,1765278000000,74204.74202,1264,2025-12-09 10:00:00+00:00
1765278000000,0.3014,0.302,0.3,0.3016,217381.1,1765281600000,65429.5759,906,2025-12-09 11:00:00+00:00
1765281600000,0.3015,0.3065,0.3005,0.3062,373694.3,1765285200000,113232.79781,1505,2025-12-09 12:00:00+00:00
1765285200000,0.3063,0.3088,0.3055,0.3087,234434.7,1765288800000,71970.79303,1087,2025-12-09 13:00:00+00:00
1765288800000,0.3087,0.3096,0.3034,0.3051,226767.6,1765292400000,69343.85419,1067,2025-12-09 14:00:00+00:00
1765292400000,0.3052,0.3171,0.3048,0.316,1125543.0,1765296000000,353253.84079,2964,2025-12-09 15:00:00+00:00
1765296000000,0.3159,0.3231,0.3159,0.3203,1983019.8,1765299600000,634019.89638,4407,2025-12-09 16:00:00+00:00
1765299600000,0.3204,0.3208,0.3166,0.3194,503411.0,1765303200000,160627.07946,2020,2025-12-09 17:00:00+00:00
1765303200000,0.3195,0.3199,0.3164,0.317,115509.4,1765306800000,36770.02613,615,2025-12-09 18:00:00+00:00
1765306800000,0.3171,0.318,0.3149,0.3163,160568.2,1765310400000,50766.08471,720,2025-12-09 19:00:00+00:00
1765310400000,0.3164,0.3171,0.3113,0.3135,127349.1,1765314000000,39958.79962,607,2025-12-09 20:00:00+00:00
1765314000000,0.314,0.314,0.3056,0.3082,292846.4,1765317600000,90694.12514,1066,2025-12-09 21:00:00+00:00
1765317600000,0.3085,0.3138,0.3083,0.3114,197890.8,1765321200000,61597.35381,533,2025-12-09 22:00:00+00:00
1765321200000,0.3114,0.3115,0.3093,0.3098,165167.4,1765324800000,51249.52659,553,2025-12-09 23:00:00+00:00
1765324800000,0.3099,0.313,0.3066,0.3066,890675.1,1765328400000,276375.60054,1661,2025-12-10 00:00:00+00:00
1765328400000,0.3068,0.3078,0.3045,0.3061,159888.2,1765332000000,48931.95382,775,2025-12-10 01:00:00+00:00
1765332000000,0.306,0.3082,0.3052,0.3077,143338.3,1765335600000,43919.16232,520,2025-12-10 02:00:00+00:00
1765335600000,0.3078,0.3082,0.3059,0.3068,122481.0,1765339200000,37598.44694,505,2025-12-10 03:00:00+00:00
1765339200000,0.3066,0.3119,0.306,0.3108,237954.3,1765342800000,73641.12422,995,2025-12-10 04:00:00+00:00
1765342800000,0.3106,0.3129,0.3101,0.3117,164587.7,1765346400000,51290.67386,877,2025-12-10 05:00:00+00:00
1765346400000,0.3112,0.3117,0.3092,0.3108,116876.8,1765350000000,36287.51397,1204,2025-12-10 06:00:00+00:00
1765350000000,0.3108,0.3114,0.3082,0.3113,139639.2,1765353600000,43239.76599,731,2025-12-10 07:00:00+00:00
1765353600000,0.3113,0.3113,0.3071,0.3072,326072.4,1765357200000,101030.04385,964,2025-12-10 08:00:00+00:00
1765357200000,0.307,0.3072,0.3027,0.3054,593125.4,1765360800000,180506.87801,1543,2025-12-10 09:00:00+00:00
1765360800000,0.3052,0.3082,0.3017,0.302,239765.3,1765364400000,73152.30412,1052,2025-12-10 10:00:00+00:00
1765364400000,0.3019,0.3043,0.3016,0.3028,181061.5,1765368000000,54880.63635,910,2025-12-10 11:00:00+00:00
1765368000000,0.3027,0.3045,0.3019,0.3041,168662.6,1765371600000,51085.90517,768,2025-12-10 12:00:00+00:00
1765371600000,0.304,0.3241,0.3032,0.3235,2131963.6,1765375200000,672639.98957,5404,2025-12-10 13:00:00+00:00
1765375200000,0.3235,0.3243,0.311,0.3168,2027548.5,1765378800000,641536.00728,5478,2025-12-10 14:00:00+00:00
1765378800000,0.3166,0.3283,0.3163,0.3214,3047538.3,1765382400000,982184.83144,6746,2025-12-10 15:00:00+00:00
1765382400000,0.3215,0.3333,0.3207,0.3232,1549476.2,1765386000000,506549.30682,5217,2025-12-10 16:00:00+00:00
1765386000000,0.3232,0.3239,0.3181,0.3189,472091.8,1765389600000,151602.77147,2061,2025-12-10 17:00:00+00:00
1765389600000,0.319,0.3226,0.3167,0.3188,480184.1,1765393200000,153237.62411,1870,2025-12-10 18:00:00+00:00
1765393200000,0.319,0.3242,0.3162,0.3207,960517.5,1765396800000,307549.98678,4211,2025-12-10 19:00:00+00:00
1765396800000,0.321,0.3258,0.3151,0.316,653138.9,1765400400000,209079.90202,2643,2025-12-10 20:00:00+00:00
1765400400000,0.3157,0.3194,0.3119,0.3149,1683071.5,1765404000000,532015.54046,3063,2025-12-10 21:00:00+00:00
1765404000000,0.3146,0.3161,0.3095,0.3153,244590.4,1765407600000,76502.42155,967,2025-12-10 22:00:00+00:00
1765407600000,0.315,0.3151,0.3107,0.3113,139957.6,1765411200000,43694.61423,461,2025-12-10 23:00:00+00:00
1765411200000,0.3112,0.3123,0.3055,0.3062,750219.0,1765414800000,230924.89753,2170,2025-12-11 00:00:00+00:00
1765414800000,0.306,0.3071,0.3036,0.3041,310090.4,1765418400000,94549.43733,1135,2025-12-11 01:00:00+00:00
1765418400000,0.3038,0.3051,0.3014,0.3023,180967.5,1765422000000,54825.13248,836,2025-12-11 02:00:00+00:00
1765422000000,0.3025,0.303,0.2957,0.2977,301918.1,1765425600000,90122.64395,1214,2025-12-11 03:00:00+00:00
1765425600000,0.2976,0.3013,0.2948,0.296,1679859.2,1765429200000,500033.8001,3414,2025-12-11 04:00:00+00:00
1765429200000,0.2959,0.2981,0.2957,0.2968,203881.3,1765432800000,60517.10586,1240,2025-12-11 05:00:00+00:00
1765432800000,0.2968,0.2977,0.2959,0.2961,125881.6,1765436400000,37343.64276,665,2025-12-11 06:00:00+00:00
1765436400000,0.296,0.2961,0.293,0.2937,246191.5,1765440000000,72554.75325,1263,2025-12-11 07:00:00+00:00
1765440000000,0.2935,0.2942,0.2906,0.2934,315265.8,1765443600000,92275.93695,1286,2025-12-11 08:00:00+00:00
1765443600000,0.2934,0.2965,0.2934,0.2941,184802.9,1765447200000,54529.87693,801,2025-12-11 09:00:00+00:00
1765447200000,0.2941,0.2947,0.2909,0.2925,118510.4,1765450800000,34633.42714,690,2025-12-11 10:00:00+00:00
1765450800000,0.2927,0.2932,0.2908,0.2917,459059.1,1765454400000,134113.49079,1236,2025-12-11 11:00:00+00:00
1765454400000,0.2917,0.2943,0.2905,0.2925,285556.8,1765458000000,83530.24301,903,2025-12-11 12:00:00+00:00
1765458000000,0.2927,0.2945,0.2923,0.2933,235366.0,1765461600000,69060.00862,956,2025-12-11 13:00:00+00:00
1765461600000,0.2933,0.2944,0.2884,0.2927,516130.9,1765465200000,150572.46935,1659,2025-12-11 14:00:00+00:00
1765465200000,0.2924,0.2944,0.2911,0.2935,558336.0,1765468800000,163673.66141,1541,2025-12-11 15:00:00+00:00
1765468800000,0.2934,0.2955,0.291,0.2935,181016.3,1765472400000,53090.32313,850,2025-12-11 16:00:00+00:00
1765472400000,0.2939,0.2989,0.2936,0.2972,172239.4,1765476000000,51108.54493,1002,2025-12-11 17:00:00+00:00
1765476000000,0.2973,0.3031,0.2973,0.2993,209092.8,1765479600000,62952.39628,929,2025-12-11 18:00:00+00:00
1765479600000,0.2992,0.2998,0.2955,0.296,184918.3,1765483200000,55114.62696,853,2025-12-11 19:00:00+00:00
1765483200000,0.2961,0.2999,0.2961,0.2994,200068.9,1765486800000,59578.7069,755,2025-12-11 20:00:00+00:00
1765486800000,0.2994,0.3049,0.297,0.3026,738844.3,1765490400000,222035.5056,1850,2025-12-11 21:00:00+00:00
1765490400000,0.3027,0.3033,0.2994,0.3006,111029.3,1765494000000,33445.92926,483,2025-12-11 22:00:00+00:00
1765494000000,0.3005,0.3007,0.2969,0.2973,506565.4,1765497600000,150825.74648,761,2025-12-11 23:00:00+00:00
1765497600000,0.297,0.2984,0.2918,0.292,162535.7,1765501200000,48091.30364,589,2025-12-12 00:00:00+00:00
1765501200000,0.2926,0.2945,0.2915,0.2915,123510.1,1765504800000,36187.07278,331,2025-12-12 01:00:00+00:00
1765504800000,0.2914,0.2944,0.2911,0.2935,153279.7,1765508400000,44892.47558,491,2025-12-12 02:00:00+00:00
1765508400000,0.2938,0.295,0.2919,0.2927,230967.6,1765512000000,67629.95697,779,2025-12-12 03:00:00+00:00
1765512000000,0.2928,0.2939,0.2914,0.2929,143080.9,1765515600000,41906.00757,678,2025-12-12 04:00:00+00:00
1765515600000,0.293,0.296,0.2926,0.2959,114724.2,1765519200000,33714.41549,1053,2025-12-12 05:00:00+00:00
1765519200000,0.2961,0.2984,0.2943,0.2948,209452.1,1765522800000,61973.47364,1139,2025-12-12 06:00:00+00:00
1765522800000,0.2949,0.2962,0.2945,0.2958,95420.3,1765526400000,28184.36987,682,2025-12-12 07:00:00+00:00
1765526400000,0.2957,0.299,0.295,0.2979,454143.7,1765530000000,134951.68528,1288,2025-12-12 08:00:00+00:00
1765530000000,0.2979,0.3038,0.2978,0.3025,789742.2,1765533600000,237450.11791,2537,2025-12-12 09:00:00+00:00
1765533600000,0.3024,0.3058,0.3015,0.3015,276146.1,1765537200000,83838.02732,1665,2025-12-12 10:00:00+00:00
1765537200000,0.3015,0.3016,0.298,0.2995,984000.4,1765540800000,294446.28773,1352,2025-12-12 11:00:00+00:00
1765540800000,0.2994,0.2996,0.2975,0.2989,161037.8,1765544400000,48098.51077,570,2025-12-12 12:00:00+00:00
1765544400000,0.2988,0.3,0.2971,0.2984,295018.5,1765548000000,88036.99773,809,2025-12-12 13:00:00+00:00
1765548000000,0.2983,0.3018,0.2966,0.3006,436098.2,1765551600000,130610.44409,1681,2025-12-12 14:00:00+00:00
1765551600000,0.3002,0.3005,0.2875,0.2894,1015623.5,1765555200000,298611.98731,3290,2025-12-12 15:00:00+00:00
1765555200000,0.2892,0.2906,0.2859,0.287,522502.7,1765558800000,150403.61456,2003,2025-12-12 16:00:00+00:00
1765558800000,0.2869,0.2908,0.2867,0.2881,187310.3,1765562400000,54107.07862,809,2025-12-12 17:00:00+00:00
1765562400000,0.2882,0.2923,0.2864,0.2905,415736.7,1765566000000,120189.25214,1256,2025-12-12 18:00:00+00:00
1765566000000,0.2905,0.2908,0.2874,0.2887,116460.9,1765569600000,33617.3454,553,2025-12-12 19:00:00+00:00
1765569600000,0.2884,0.2922,0.2882,0.2916,193760.3,1765573200000,56289.32636,834,2025-12-12 20:00:00+00:00
1765573200000,0.2916,0.2943,0.2908,0.2931,173509.4,1765576800000,50810.63869,651,2025-12-12 21:00:00+00:00
1765576800000,0.2933,0.2942,0.2919,0.2924,333218.7,1765580400000,97678.51438,540,2025-12-12 22:00:00+00:00
1765580400000,0.2925,0.2928,0.2884,0.2895,575740.3,1765584000000,167028.40515,1060,2025-12-12 23:00:00+00:00
1765584000000,0.2896,0.2911,0.2874,0.2877,153143.9,1765587600000,44272.36827,637,2025-12-13 00:00:00+00:00
1765587600000,0.2876,0.2882,0.2837,0.2846,326615.0,1765591200000,93413.13415,1176,2025-12-13 01:00:00+00:00
1765591200000,0.2846,0.2863,0.2838,0.2841,222267.9,1765594800000,63320.1696,760,2025-12-13 02:00:00+00:00
1765594800000,0.284,0.2853,0.283,0.2846,107523.2,1765598400000,30559.33654,488,2025-12-13 03:00:00+00:00
1765598400000,0.2846,0.2861,0.2842,0.2861,62815.1,1765602000000,17906.32292,317,2025-12-13 04:00:00+00:00
1765602000000,0.2861,0.2862,0.2805,0.2827,385651.5,1765605600000,109029.24458,971,2025-12-13 05:00:00+00:00
1765605600000,0.2826,0.2847,0.2823,0.2842,112285.9,1765609200000,31872.32058,464,2025-12-13 06:00:00+00:00
1765609200000,0.2841,0.288,0.2841,0.2872,165575.2,1765612800000,47502.0695,543,2025-12-13 07:00:00+00:00
1765612800000,0.2872,0.2877,0.285,0.2851,154490.5,1765616400000,44241.82484,772,2025-12-13 08:00:00+00:00
1765616400000,0.2851,0.2872,0.2851,0.2862,174792.2,1765620000000,50029.7169,589,2025-12-13 09:00:00+00:00
1765620000000,0.2863,0.2879,0.2862,0.2868,60494.0,1765623600000,17367.47951,273,2025-12-13 10:00:00+00:00
1765623600000,0.2867,0.2893,0.2864,0.2891,66198.6,1765627200000,19065.64865,362,2025-12-13 11:00:00+00:00
1765627200000,0.2891,0.2927,0.289,0.2902,435262.1,1765630800000,126685.49083,1682,2025-12-13 12:00:00+00:00
1765630800000,0.2902,0.2916,0.2896,0.2908,82064.0,1765634400000,23855.95061,571,2025-12-13 13:00:00+00:00
1765634400000,0.2908,0.2925,0.2904,0.2909,177882.3,1765638000000,51810.89301,589,2025-12-13 14:00:00+00:00
1765638000000,0.291,0.2939,0.2905,0.2922,179945.9,1765641600000,52589.47485,755,2025-12-13 15:00:00+00:00
1765641600000,0.2922,0.2943,0.2914,0.2924,206983.7,1765645200000,60623.36559,730,2025-12-13 16:00:00+00:00
1765645200000,0.2923,0.2924,0.2907,0.2914,88171.9,1765648800000,25715.32885,530,2025-12-13 17:00:00+00:00
1765648800000,0.2914,0.2921,0.2902,0.2904,85711.8,1765652400000,24961.59633,366,2025-12-13 18:00:00+00:00
1765652400000,0.2905,0.2919,0.2901,0.2902,63711.4,1765656000000,18541.63017,275,2025-12-13 19:00:00+00:00
1765656000000,0.2903,0.2911,0.29,0.29,32814.3,1765659600000,9536.16185,140,2025-12-13 20:00:00+00:00
1765659600000,0.2903,0.2913,0.2894,0.2911,56093.0,1765663200000,16276.17129,273,2025-12-13 21:00:00+00:00
1765663200000,0.2913,0.2919,0.2901,0.2904,45988.6,1765666800000,13386.90323,175,2025-12-13 22:00:00+00:00
1765666800000,0.2902,0.2919,0.29,0.2917,67512.5,1765670400000,19657.80367,261,2025-12-13 23:00:00+00:00
1765670400000,0.2914,0.2914,0.2895,0.2905,102192.6,1765674000000,29681.07298,357,2025-12-14 00:00:00+00:00
1765674000000,0.2905,0.2917,0.2898,0.2904,76286.6,1765677600000,22195.45033,299,2025-12-14 01:00:00+00:00
1765677600000,0.2902,0.2928,0.2898,0.2917,78155.5,1765681200000,22772.30618,447,2025-12-14 02:00:00+00:00
1765681200000,0.2917,0.2922,0.29,0.2903,85533.7,1765684800000,24869.67842,310,2025-12-14 03:00:00+00:00
1765684800000,0.2904,0.2906,0.2867,0.2878,197429.0,1765688400000,56870.57658,599,2025-12-14 04:00:00+00:00
1765688400000,0.2877,0.2878,0.2819,0.2826,333703.7,1765692000000,94711.48188,1218,2025-12-14 05:00:00+00:00
1765692000000,0.2825,0.2854,0.2816,0.2845,452880.8,1765695600000,128668.87329,994,2025-12-14 06:00:00+00:00
1765695600000,0.2843,0.2869,0.2838,0.2863,203789.9,1765699200000,58141.27584,960,2025-12-14 07:00:00+00:00
1765699200000,0.2864,0.2882,0.2841,0.2844,430145.7,1765702800000,123175.26104,1547,2025-12-14 08:00:00+00:00
1765702800000,0.2844,0.2895,0.2844,0.2874,159830.6,1765706400000,46037.58041,761,2025-12-14 09:00:00+00:00
1765706400000,0.2875,0.2881,0.285,0.2873,164745.5,1765710000000,47225.37893,1158,2025-12-14 10:00:00+00:00
1765710000000,0.2874,0.2879,0.2825,0.2859,304415.4,1765713600000,86917.68402,1106,2025-12-14 11:00:00+00:00
1765713600000,0.2855,0.2872,0.2841,0.2852,173771.1,1765717200000,49596.99946,941,2025-12-14 12:00:00+00:00
1765717200000,0.285,0.2851,0.2826,0.2835,143550.7,1765720800000,40806.19089,414,2025-12-14 13:00:00+00:00
1765720800000,0.2835,0.2839,0.2807,0.2812,110242.5,1765724400000,31133.07402,395,2025-12-14 14:00:00+00:00
1765724400000,0.2813,0.2821,0.2803,0.2805,146469.5,1765728000000,41179.445,468,2025-12-14 15:00:00+00:00
1765728000000,0.2805,0.2821,0.2789,0.2803,192290.2,1765731600000,53873.95112,637,2025-12-14 16:00:00+00:00
1765731600000,0.2801,0.2808,0.2717,0.2742,438887.9,1765735200000,120698.82031,1207,2025-12-14 17:00:00+00:00
1765735200000,0.2743,0.2766,0.2732,0.2748,183782.4,1765738800000,50449.18581,479,2025-12-14 18:00:00+00:00
1765738800000,0.2747,0.2747,0.272,0.2728,52134.6,1765742400000,14223.02296,197,2025-12-14 19:00:00+00:00
1765742400000,0.273,0.2753,0.2715,0.2728,164236.2,1765746000000,44901.71058,608,2025-12-14 20:00:00+00:00
1765746000000,0.2726,0.2738,0.2711,0.2722,654389.3,1765749600000,178494.00226,1062,2025-12-14 21:00:00+00:00
1765749600000,0.2722,0.2736,0.2703,0.2718,196594.1,1765753200000,53493.76156,513,2025-12-14 22:00:00+00:00
1765753200000,0.2719,0.273,0.2679,0.2712,235524.1,1765756800000,63688.83634,1128,2025-12-14 23:00:00+00:00
1765756800000,0.2712,0.2729,0.2667,0.2685,425991.3,1765760400000,114476.21374,1444,2025-12-15 00:00:00+00:00
1765760400000,0.2686,0.2722,0.2684,0.2722,179856.8,1765764000000,48622.92214,936,2025-12-15 01:00:00+00:00
1765764000000,0.2723,0.2762,0.2719,0.2723,313573.5,1765767600000,85851.61947,1237,2025-12-15 02:00:00+00:00
1765767600000,0.2723,0.2757,0.2721,0.2737,228360.8,1765771200000,62645.56535,655,2025-12-15 03:00:00+00:00
1765771200000,0.2738,0.2747,0.2725,0.2731,106141.8,1765774800000,29020.21052,493,2025-12-15 04:00:00+00:00
1765774800000,0.2732,0.2738,0.272,0.2734,83437.2,1765778400000,22774.88658,438,2025-12-15 05:00:00+00:00
1765778400000,0.2734,0.2745,0.2724,0.2741,158765.5,1765782000000,43357.27723,581,2025-12-15 06:00:00+00:00
1765782000000,0.2741,0.2762,0.272,0.2756,342861.7,1765785600000,94120.06132,1124,2025-12-15 07:00:00+00:00
1765785600000,0.2756,0.2757,0.2742,0.2745,145519.4,1765789200000,39973.7946,506,2025-12-15 08:00:00+00:00
1765789200000,0.2745,0.2756,0.2741,0.2741,154568.2,1765792800000,42523.44659,600,2025-12-15 09:00:00+00:00
1765792800000,0.274,0.274,0.269,0.2693,178416.7,1765796400000,48392.72583,759,2025-12-15 10:00:00+00:00
1765796400000,0.2694,0.2715,0.269,0.2699,248689.8,1765800000000,67213.99594,801,2025-12-15 11:00:00+00:00
1765800000000,0.2698,0.2734,0.2686,0.2724,153150.9,1765803600000,41518.49289,553,2025-12-15 12:00:00+00:00
1765803600000,0.2724,0.2725,0.2684,0.2691,275815.4,1765807200000,74470.62849,967,2025-12-15 13:00:00+00:00
1765807200000,0.2691,0.2775,0.2675,0.2697,1064889.0,1765810800000,291514.77206,3922,2025-12-15 14:00:00+00:00
1765810800000,0.2696,0.2707,0.2577,0.2587,1639353.2,1765814400000,429850.37561,5644,2025-12-15 15:00:00+00:00
1765814400000,0.2587,0.2616,0.2538,0.2554,686723.0,1765818000000,176195.57993,2363,2025-12-15 16:00:00+00:00
1765818000000,0.2553,0.2561,0.2502,0.2505,746813.7,1765821600000,188654.23687,1966,2025-12-15 17:00:00+00:00
1765821600000,0.2505,0.2513,0.2463,0.2498,358477.5,1765825200000,89273.00271,1525,2025-12-15 18:00:00+00:00
1765825200000,0.2498,0.252,0.2467,0.2473,235858.7,1765828800000,58836.19339,1148,2025-12-15 19:00:00+00:00
1765828800000,0.2472,0.248,0.2449,0.2459,281932.3,1765832400000,69420.71855,1145,2025-12-15 20:00:00+00:00
1765832400000,0.2458,0.2476,0.2447,0.2468,192901.6,1765836000000,47416.13478,678,2025-12-15 21:00:00+00:00
1765836000000,0.2469,0.2496,0.2464,0.2491,167526.8,1765839600000,41481.96744,423,2025-12-15 22:00:00+00:00
1765839600000,0.2494,0.2509,0.2487,0.249,187457.1,1765843200000,46818.02507,615,2025-12-15 23:00:00+00:00
1765843200000,0.249,0.2499,0.2433,0.2443,327266.4,1765846800000,80229.91244,1068,2025-12-16 00:00:00+00:00
1765846800000,0.2443,0.2509,0.2442,0.246,278801.6,1765850400000,69118.49565,1163,2025-12-16 01:00:00+00:00
1765850400000,0.2459,0.2553,0.2443,0.2541,509108.0,1765854000000,127973.23963,1983,2025-12-16 02:00:00+00:00
1765854000000,0.254,0.2613,0.2529,0.2613,939139.5,1765857600000,241474.52232,3382,2025-12-16 03:00:00+00:00
1765857600000,0.2614,0.2654,0.2582,0.2652,924636.0,1765861200000,241891.9756,4042,2025-12-16 04:00:00+00:00
1765861200000,0.265,0.2687,0.2614,0.2633,909524.7,1765864800000,240660.41335,3788,2025-12-16 05:00:00+00:00
1765864800000,0.2632,0.2638,0.2576,0.2577,506860.5,1765868400000,131807.60096,2014,2025-12-16 06:00:00+00:00
1765868400000,0.2579,0.2584,0.253,0.2531,423079.1,1765872000000,107973.74956,1496,2025-12-16 07:00:00+00:00
1765872000000,0.2531,0.255,0.2496,0.2512,306079.7,1765875600000,77081.31021,1338,2025-12-16 08:00:00+00:00
1765875600000,0.2512,0.2532,0.2498,0.2507,250451.5,1765879200000,62883.21146,1105,2025-12-16 09:00:00+00:00
1765879200000,0.2505,0.2546,0.2501,0.2529,301922.3,1765882800000,76184.56863,1317,2025-12-16 10:00:00+00:00
1765882800000,0.253,0.2541,0.2518,0.2537,312878.8,1765886400000,79077.93524,1150,2025-12-16 11:00:00+00:00
1765886400000,0.2537,0.2545,0.2525,0.2533,214150.3,1765890000000,54268.49515,947,2025-12-16 12:00:00+00:00
1765890000000,0.2532,0.2557,0.251,0.2513,494555.3,1765893600000,125296.27974,2261,2025-12-16 13:00:00+00:00
1765893600000,0.2514,0.2545,0.2497,0.2522,584754.8,1765897200000,147250.93687,2748,2025-12-16 14:00:00+00:00
1765897200000,0.2523,0.2566,0.2506,0.2556,304608.6,1765900800000,77210.3146,1836,2025-12-16 15:00:00+00:00
1765900800000,0.2557,0.2609,0.2529,0.2565,1230280.3,1765904400000,317184.25043,4009,2025-12-16 16:00:00+00:00
1765904400000,0.2565,0.2566,0.2516,0.2525,365090.5,1765908000000,92641.84133,1542,2025-12-16 17:00:00+00:00
1765908000000,0.2525,0.2551,0.2521,0.2539,229077.4,1765911600000,58072.75799,993,2025-12-16 18:00:00+00:00
1765911600000,0.2539,0.259,0.2504,0.2581,513445.4,1765915200000,131304.71453,1490,2025-12-16 19:00:00+00:00
1765915200000,0.2582,0.2664,0.2577,0.2588,2470589.3,1765918800000,649673.22507,7155,2025-12-16 20:00:00+00:00
1765918800000,0.2588,0.2597,0.2566,0.2574,219558.7,1765922400000,56707.7264,757,2025-12-16 21:00:00+00:00
1765922400000,0.2574,0.258,0.256,0.2569,100159.1,1765926000000,25745.04724,288,2025-12-16 22:00:00+00:00
1765926000000,0.2571,0.2614,0.2566,0.2614,260454.6,1765929600000,67392.85936,771,2025-12-16 23:00:00+00:00
1765929600000,0.2613,0.2613,0.257,0.2581,296212.7,1765933200000,76591.69655,1080,2025-12-17 00:00:00+00:00
1765933200000,0.2582,0.2611,0.2574,0.2581,234425.3,1765936800000,60729.98747,941,2025-12-17 01:00:00+00:00
1765936800000,0.2582,0.2584,0.2562,0.2577,197244.9,1765940400000,50775.34922,642,2025-12-17 02:00:00+00:00
1765940400000,0.2577,0.259,0.2548,0.2553,117246.3,1765944000000,30046.92327,533,2025-12-17 03:00:00+00:00
1765944000000,0.2552,0.2572,0.2544,0.2557,165385.0,1765947600000,42279.67455,568,2025-12-17 04:00:00+00:00
1765947600000,0.2556,0.2559,0.2528,0.2544,170964.3,1765951200000,43449.65932,688,2025-12-17 05:00:00+00:00
1765951200000,0.2542,0.2577,0.2539,0.2563,240889.2,1765954800000,61545.83313,778,2025-12-17 06:00:00+00:00
1765954800000,0.2563,0.2574,0.2538,0.2544,387309.6,1765958400000,98883.94398,678,2025-12-17 07:00:00+00:00
1765958400000,0.2543,0.2543,0.2518,0.2532,208604.0,1765962000000,52745.87688,616,2025-12-17 08:00:00+00:00
1765962000000,0.2527,0.2533,0.2511,0.2516,161694.1,1765965600000,40792.26738,336,2025-12-17 09:00:00+00:00
1765965600000,0.2515,0.253,0.2502,0.2519,281672.1,1765969200000,70933.28861,678,2025-12-17 10:00:00+00:00
1765969200000,0.2519,0.2537,0.2508,0.2537,128847.4,1765972800000,32513.86111,378,2025-12-17 11:00:00+00:00
1765972800000,0.2536,0.2542,0.252,0.2533,99194.6,1765976400000,25107.39244,389,2025-12-17 12:00:00+00:00
1765976400000,0.2535,0.2543,0.2521,0.2535,139741.4,1765980000000,35366.31902,404,2025-12-17 13:00:00+00:00
1765980000000,0.2535,0.2556,0.2479,0.2549,760510.2,1765983600000,191912.63478,1664,2025-12-17 14:00:00+00:00
1765983600000,0.2555,0.26,0.2501,0.251,797851.9,1765987200000,204002.38755,2057,2025-12-17 15:00:00+00:00
1765987200000,0.2508,0.2524,0.243,0.2463,638396.6,1765990800000,157143.11855,1504,2025-12-17 16:00:00+00:00
1765990800000,0.2462,0.2477,0.2432,0.245,289526.3,1765994400000,71070.78793,890,2025-12-17 17:00:00+00:00
1765994400000,0.2451,0.2462,0.2388,0.2396,1214245.8,1765998000000,294006.76577,1917,2025-12-17 18:00:00+00:00
1765998000000,0.2398,0.2425,0.238,0.2419,323183.7,1766001600000,77692.75257,857,2025-12-17 19:00:00+00:00
1766001600000,0.2419,0.2434,0.2408,0.2412,226070.2,1766005200000,54811.01295,707,2025-12-17 20:00:00+00:00
1766005200000,0.2411,0.2425,0.2373,0.2379,223250.6,1766008800000,53458.35848,763,2025-12-17 21:00:00+00:00
1766008800000,0.2379,0.2406,0.2375,0.2402,74038.1,1766012400000,17720.28744,279,2025-12-17 22:00:00+00:00
1766012400000,0.2402,0.2402,0.2362,0.2375,190395.7,1766016000000,45237.55765,608,2025-12-17 23:00:00+00:00
1766016000000,0.2376,0.2388,0.2371,0.2382,81787.6,1766019600000,19451.51526,324,2025-12-18 00:00:00+00:00
1766019600000,0.2381,0.2381,0.234,0.2349,283888.9,1766023200000,66908.91385,693,2025-12-18 01:00:00+00:00
1766023200000,0.2349,0.2376,0.2336,0.2354,116645.0,1766026800000,27423.56602,350,2025-12-18 02:00:00+00:00
1766026800000,0.2353,0.236,0.2318,0.2329,182002.6,1766030400000,42439.85228,509,2025-12-18 03:00:00+00:00
1766030400000,0.2329,0.2344,0.2309,0.234,395156.4,1766034000000,91806.2373,1020,2025-12-18 04:00:00+00:00
1766034000000,0.2339,0.2343,0.2303,0.2317,214951.4,1766037600000,49811.94528,670,2025-12-18 05:00:00+00:00
1766037600000,0.2316,0.2331,0.2303,0.2322,303769.4,1766041200000,70442.27407,843,2025-12-18 06:00:00+00:00
1766041200000,0.2324,0.2347,0.232,0.2337,306324.7,1766044800000,71447.65357,815,2025-12-18 07:00:00+00:00
1766044800000,0.2336,0.2343,0.2321,0.2323,159110.4,1766048400000,37081.36758,404,2025-12-18 08:00:00+00:00
1766048400000,0.2323,0.2356,0.2322,0.2355,298846.7,1766052000000,69925.11517,1024,2025-12-18 09:00:00+00:00
1766052000000,0.2355,0.2366,0.2349,0.2351,144763.8,1766055600000,34133.66404,663,2025-12-18 10:00:00+00:00
1766055600000,0.235,0.2353,0.2334,0.2343,78312.1,1766059200000,18338.25594,283,2025-12-18 11:00:00+00:00
1766059200000,0.2344,0.2355,0.2336,0.2343,98683.7,1766062800000,23118.57441,434,2025-12-18 12:00:00+00:00
1766062800000,0.2344,0.2402,0.234,0.2401,624187.4,1766066400000,147913.18034,2484,2025-12-18 13:00:00+00:00
1766066400000,0.2401,0.2419,0.2374,0.2395,457493.1,1766070000000,109597.81255,1908,2025-12-18 14:00:00+00:00
1766070000000,0.2395,0.2435,0.2382,0.2419,311360.5,1766073600000,75004.38471,1314,2025-12-18 15:00:00+00:00
1766073600000,0.2419,0.2438,0.2388,0.2398,150791.7,1766077200000,36383.92455,705,2025-12-18 16:00:00+00:00
1766077200000,0.2398,0.2398,0.2257,0.2325,1138971.9,1766080800000,262470.06419,3564,2025-12-18 17:00:00+00:00
1766080800000,0.2326,0.2402,0.2312,0.2313,511294.9,1766084400000,120719.0897,2071,2025-12-18 18:00:00+00:00
1766084400000,0.2312,0.2327,0.2234,0.225,599064.8,1766088000000,136844.2927,2307,2025-12-18 19:00:00+00:00
1766088000000,0.2248,0.2297,0.2246,0.2282,302447.0,1766091600000,68856.35679,1419,2025-12-18 20:00:00+00:00
1766091600000,0.2283,0.2332,0.2283,0.2331,371185.1,1766095200000,85739.11444,1421,2025-12-18 21:00:00+00:00
1766095200000,0.2333,0.2338,0.2311,0.2311,98111.3,1766098800000,22813.5999,273,2025-12-18 22:00:00+00:00
1766098800000,0.2311,0.2311,0.2289,0.2294,107524.7,1766102400000,24688.72342,297,2025-12-18 23:00:00+00:00
1766102400000,0.2294,0.237,0.2294,0.233,1704252.2,1766106000000,398535.92079,3520,2025-12-19 00:00:00+00:00
1766106000000,0.233,0.2342,0.2297,0.2312,292106.5,1766109600000,67715.87718,1137,2025-12-19 01:00:00+00:00
1766109600000,0.2312,0.237,0.2299,0.2355,300520.0,1766113200000,69946.65176,1149,2025-12-19 02:00:00+00:00
1766113200000,0.2354,0.2423,0.2352,0.238,782184.7,1766116800000,186591.77847,2402,2025-12-19 03:00:00+00:00
1766116800000,0.2381,0.2391,0.2375,0.238,238899.6,1766120400000,56944.2828,842,2025-12-19 04:00:00+00:00
1766120400000,0.238,0.2395,0.2359,0.2392,296174.8,1766124000000,70385.31731,850,2025-12-19 05:00:00+00:00
1766124000000,0.2394,0.2471,0.2388,0.2462,704616.1,1766127600000,171900.33952,2053,2025-12-19 06:00:00+00:00
1766127600000,0.2461,0.251,0.2438,0.247,710348.3,1766131200000,175354.49789,1955,2025-12-19 07:00:00+00:00
1766131200000,0.2469,0.2647,0.2469,0.2627,4211285.6,1766134800000,1083015.18417,14337,2025-12-19 08:00:00+00:00
1766134800000,0.2627,0.2635,0.2562,0.259,2800736.9,1766138400000,728432.668,9499,2025-12-19 09:00:00+00:00
1766138400000,0.2589,0.2631,0.2562,0.2588,1160927.0,1766142000000,300745.07925,4687,2025-12-19 10:00:00+00:00
1766142000000,0.2591,0.2596,0.2499,0.2519,1039098.1,1766145600000,262659.18963,3145,2025-12-19 11:00:00+00:00
1766145600000,0.2518,0.2523,0.2462,0.25,1023610.7,1766149200000,254364.50147,3074,2025-12-19 12:00:00+00:00
1766149200000,0.25,0.2549,0.2497,0.2529,1058810.7,1766152800000,267628.13082,2876,2025-12-19 13:00:00+00:00
1766152800000,0.2527,0.2543,0.2482,0.2497,766510.6,1766156400000,192256.22097,2523,2025-12-19 14:00:00+00:00
1766156400000,0.2496,0.2554,0.2485,0.2521,738024.4,1766160000000,186129.58982,2922,2025-12-19 15:00:00+00:00
1766160000000,0.2521,0.2545,0.2499,0.2513,499776.8,1766163600000,126073.25058,1704,2025-12-19 16:00:00+00:00
1766163600000,0.2514,0.2547,0.2474,0.2504,760721.9,1766167200000,191287.22237,2603,2025-12-19 17:00:00+00:00
1766167200000,0.2505,0.2532,0.25,0.2527,248529.6,1766170800000,62513.89386,1190,2025-12-19 18:00:00+00:00
1766170800000,0.2528,0.2694,0.2526,0.2628,2324779.4,1766174400000,611704.39853,6446,2025-12-19 19:00:00+00:00
1766174400000,0.2627,0.2637,0.2587,0.2605,1144163.8,1766178000000,298625.36297,3401,2025-12-19 20:00:00+00:00
1766178000000,0.2604,0.2605,0.2545,0.2555,701339.8,1766181600000,180579.93082,1842,2025-12-19 21:00:00+00:00
1766181600000,0.2554,0.2583,0.2553,0.2578,234698.5,1766185200000,60310.69648,619,2025-12-19 22:00:00+00:00
1766185200000,0.2579,0.2627,0.2568,0.2617,652440.2,1766188800000,169654.04241,1928,2025-12-19 23:00:00+00:00
1766188800000,0.2618,0.262,0.2578,0.2578,414173.2,1766192400000,107420.06377,1212,2025-12-20 00:00:00+00:00
1766192400000,0.2577,0.2587,0.2567,0.2576,243858.1,1766196000000,62839.57093,623,2025-12-20 01:00:00+00:00
1766196000000,0.2575,0.2575,0.2541,0.2546,277867.1,1766199600000,70957.19402,701,2025-12-20 02:00:00+00:00
1766199600000,0.2547,0.2559,0.2528,0.255,319939.5,1766203200000,81303.89613,846,2025-12-20 03:00:00+00:00
1766203200000,0.2551,0.2561,0.2532,0.2534,135137.3,1766206800000,34447.22923,388,2025-12-20 04:00:00+00:00
1766206800000,0.2532,0.2616,0.253,0.2591,601165.2,1766210400000,154762.19751,1418,2025-12-20 05:00:00+00:00
1766210400000,0.2591,0.2595,0.2569,0.2577,318285.0,1766214000000,82195.78476,884,2025-12-20 06:00:00+00:00
1766214000000,0.2578,0.258,0.2552,0.256,135117.1,1766217600000,34605.37821,561,2025-12-20 07:00:00+00:00
1766217600000,0.256,0.2587,0.256,0.2572,255690.2,1766221200000,65874.77889,766,2025-12-20 08:00:00+00:00
1766221200000,0.2572,0.2627,0.2571,0.2602,569188.2,1766224800000,148333.49064,1634,2025-12-20 09:00:00+00:00
1766224800000,0.2603,0.261,0.2588,0.2589,148129.5,1766228400000,38470.18189,593,2025-12-20 10:00:00+00:00
1766228400000,0.259,0.2659,0.2589,0.2645,307032.9,1766232000000,80720.65725,1344,2025-12-20 11:00:00+00:00
1766232000000,0.2645,0.2678,0.2637,0.2659,383995.8,1766235600000,101928.4188,1639,2025-12-20 12:00:00+00:00
1766235600000,0.2659,0.2678,0.2608,0.2622,538074.4,1766239200000,142161.22991,1731,2025-12-20 13:00:00+00:00
1766239200000,0.2622,0.2631,0.2596,0.2617,205935.5,1766242800000,53864.96832,951,2025-12-20 14:00:00+00:00
1766242800000,0.2617,0.2639,0.2592,0.2616,344627.5,1766246400000,90002.43173,1208,2025-12-20 15:00:00+00:00
1766246400000,0.2615,0.2622,0.2594,0.2606,166015.3,1766250000000,43264.2485,747,2025-12-20 16:00:00+00:00
1766250000000,0.2607,0.263,0.2597,0.2604,177546.1,1766253600000,46419.3319,721,2025-12-20 17:00:00+00:00
1766253600000,0.2605,0.2618,0.2594,0.2603,264769.1,1766257200000,68937.48053,747,2025-12-20 18:00:00+00:00
1766257200000,0.2604,0.2611,0.2575,0.2583,250076.0,1766260800000,64757.25508,821,2025-12-20 19:00:00+00:00
1766260800000,0.2582,0.2591,0.2569,0.2591,212914.6,1766264400000,54967.27359,779,2025-12-20 20:00:00+00:00
1766264400000,0.2591,0.26,0.2582,0.2587,141115.9,1766268000000,36586.27959,460,2025-12-20 21:00:00+00:00
1766268000000,0.2588,0.2596,0.2575,0.2596,103550.5,1766271600000,26765.69931,338,2025-12-20 22:00:00+00:00
1766271600000,0.2595,0.2609,0.2582,0.2584,86871.6,1766275200000,22535.24397,316,2025-12-20 23:00:00+00:00
1766275200000,0.2585,0.2585,0.2539,0.2547,531757.2,1766278800000,136256.06675,1475,2025-12-21 00:00:00+00:00
1766278800000,0.2545,0.2547,0.2506,0.2507,182365.2,1766282400000,46011.42188,816,2025-12-21 01:00:00+00:00
1766282400000,0.2506,0.2517,0.2492,0.2495,243938.2,1766286000000,61010.07645,1004,2025-12-21 02:00:00+00:00
1766286000000,0.2494,0.252,0.2494,0.2512,184748.9,1766289600000,46353.82237,630,2025-12-21 03:00:00+00:00
1766289600000,0.2513,0.2521,0.2495,0.2498,130692.4,1766293200000,32743.07338,474,2025-12-21 04:00:00+00:00
1766293200000,0.2496,0.2511,0.2484,0.2489,408121.1,1766296800000,101771.41443,755,2025-12-21 05:00:00+00:00
1766296800000,0.249,0.2499,0.2486,0.2492,207546.3,1766300400000,51735.26434,582,2025-12-21 06:00:00+00:00
1766300400000,0.2491,0.2497,0.2484,0.2494,127887.6,1766304000000,31844.73374,492,2025-12-21 07:00:00+00:00
1766304000000,0.2493,0.25,0.2474,0.2493,344615.7,1766307600000,85615.17318,1053,2025-12-21 08:00:00+00:00
1766307600000,0.2493,0.2507,0.2481,0.2498,374258.9,1766311200000,93333.6495,1254,2025-12-21 09:00:00+00:00
1766311200000,0.2499,0.2502,0.2467,0.2476,247516.0,1766314800000,61540.49017,824,2025-12-21 10:00:00+00:00
1766314800000,0.2474,0.2478,0.2462,0.2464,142787.9,1766318400000,35274.72885,509,2025-12-21 11:00:00+00:00
1766318400000,0.2463,0.2491,0.2459,0.2471,290996.3,1766322000000,72020.78813,1120,2025-12-21 12:00:00+00:00
1766322000000,0.2471,0.2476,0.2392,0.2397,682760.5,1766325600000,165858.9955,2456,2025-12-21 13:00:00+00:00
1766325600000,0.2396,0.2433,0.239,0.2425,343391.7,1766329200000,82991.24914,1342,2025-12-21 14:00:00+00:00
1766329200000,0.2426,0.2437,0.2408,0.2419,304608.7,1766332800000,73702.58043,1050,2025-12-21 15:00:00+00:00
1766332800000,0.2419,0.2433,0.2409,0.2429,156277.7,1766336400000,37857.92878,747,2025-12-21 16:00:00+00:00
1766336400000,0.2429,0.244,0.2404,0.2424,411929.6,1766340000000,99653.75257,1094,2025-12-21 17:00:00+00:00
1766340000000,0.2424,0.2436,0.2403,0.2436,120553.7,1766343600000,29121.16706,684,2025-12-21 18:00:00+00:00
1766343600000,0.2436,0.2453,0.2425,0.2447,101863.3,1766347200000,24812.66211,577,2025-12-21 19:00:00+00:00
1766347200000,0.2447,0.2448,0.243,0.2432,47756.9,1766350800000,11641.5841,258,2025-12-21 20:00:00+00:00
1766350800000,0.2433,0.2475,0.2426,0.2427,864989.1,1766354400000,212630.15166,3169,2025-12-21 21:00:00+00:00
1766354400000,0.2427,0.2471,0.2423,0.2471,98148.4,1766358000000,23977.85455,316,2025-12-21 22:00:00+00:00
1766358000000,0.2471,0.2489,0.2451,0.2467,160355.8,1766361600000,39587.57453,571,2025-12-21 23:00:00+00:00
1766361600000,0.2467,0.2553,0.2466,0.2494,1170781.3,1766365200000,294957.4399,3130,2025-12-22 00:00:00+00:00
1766365200000,0.2493,0.2603,0.249,0.2538,1022255.2,1766368800000,259521.63417,3315,2025-12-22 01:00:00+00:00
1766368800000,0.2538,0.2601,0.25,0.2585,787349.2,1766372400000,201465.99119,3591,2025-12-22 02:00:00+00:00
1766372400000,0.2586,0.2733,0.2586,0.2635,2464475.5,1766376000000,655540.12974,10305,2025-12-22 03:00:00+00:00
1766376000000,0.2634,0.2759,0.2632,0.2729,2323672.8,1766379600000,629004.64774,8335,2025-12-22 04:00:00+00:00
1766379600000,0.2728,0.2883,0.2728,0.283,4599405.7,1766383200000,1283617.69679,16669,2025-12-22 05:00:00+00:00
1766383200000,0.2828,0.2942,0.2744,0.2776,5043662.7,1766386800000,1442136.50877,17964,2025-12-22 06:00:00+00:00
1766386800000,0.2776,0.2854,0.275,0.2835,1966295.6,1766390400000,551492.27622,9084,2025-12-22 07:00:00+00:00
1766390400000,0.2834,0.2834,0.2688,0.2705,1955534.3,1766394000000,536622.96966,7715,2025-12-22 08:00:00+00:00
1766394000000,0.2706,0.2742,0.2672,0.2727,951405.6,1766397600000,257472.65681,4742,2025-12-22 09:00:00+00:00
1766397600000,0.2726,0.276,0.2693,0.275,1233700.2,1766401200000,336094.88418,4991,2025-12-22 10:00:00+00:00
1766401200000,0.275,0.2774,0.2718,0.2753,917281.1,1766404800000,251680.29095,4611,2025-12-22 11:00:00+00:00
1766404800000,0.2753,0.2754,0.2673,0.2715,1186769.3,1766408400000,320537.36314,4711,2025-12-22 12:00:00+00:00
1766408400000,0.2714,0.273,0.2659,0.269,767854.3,1766412000000,206678.28674,3354,2025-12-22 13:00:00+00:00
1766412000000,0.2689,0.2706,0.2667,0.2677,855992.0,1766415600000,229973.86754,4114,2025-12-22 14:00:00+00:00
1766415600000,0.2677,0.2681,0.2612,0.2636,829505.7,1766419200000,218947.60935,3378,2025-12-22 15:00:00+00:00
1766419200000,0.2634,0.2656,0.2626,0.2633,436493.3,1766422800000,115200.67269,1747,2025-12-22 16:00:00+00:00
1766422800000,0.2635,0.2677,0.2623,0.2655,498148.7,1766426400000,132006.91203,1940,2025-12-22 17:00:00+00:00
1766426400000,0.2656,0.269,0.2652,0.2656,552853.1,1766430000000,147438.64014,2014,2025-12-22 18:00:00+00:00
1766430000000,0.2656,0.2671,0.2625,0.2648,931216.7,1766433600000,246442.94324,2989,2025-12-22 19:00:00+00:00
1766433600000,0.2646,0.2646,0.2599,0.261,419456.4,1766437200000,109715.18285,1496,2025-12-22 20:00:00+00:00
1766437200000,0.2612,0.2626,0.2609,0.2619,228308.3,1766440800000,59736.52109,955,2025-12-22 21:00:00+00:00
1766440800000,0.2619,0.2655,0.2617,0.2655,288023.7,1766444400000,75809.90997,796,2025-12-22 22:00:00+00:00
1766444400000,0.2655,0.2658,0.2624,0.2648,357079.4,1766448000000,94349.47667,1173,2025-12-22 23:00:00+00:00
1766448000000,0.2647,0.2655,0.2589,0.2631,597903.8,1766451600000,156815.62132,2108,2025-12-23 00:00:00+00:00
1766451600000,0.263,0.28,0.2625,0.2776,2938646.1,1766455200000,797874.81707,7391,2025-12-23 01:00:00+00:00
1766455200000,0.2776,0.289,0.2751,0.2777,2870247.4,1766458800000,809379.81915,9946,2025-12-23 02:00:00+00:00
1766458800000,0.2777,0.2832,0.2735,0.2825,1368694.7,1766462400000,380024.21531,4988,2025-12-23 03:00:00+00:00
1766462400000,0.2825,0.2825,0.2748,0.276,708756.4,1766466000000,196421.39111,3264,2025-12-23 04:00:00+00:00
1766466000000,0.2759,0.2785,0.2716,0.2775,875221.9,1766469600000,240594.93114,4645,2025-12-23 05:00:00+00:00
1766469600000,0.2775,0.284,0.2725,0.2834,1232339.4,1766473200000,342389.86806,7204,2025-12-23 06:00:00+00:00
1766473200000,0.2833,0.3112,0.2804,0.309,3655859.1,1766476800000,1080356.94218,14194,2025-12-23 07:00:00+00:00
1766476800000,0.3091,0.3194,0.2986,0.3156,9355872.2,1766480400000,2891487.09515,29016,2025-12-23 08:00:00+00:00
1766480400000,0.3157,0.3194,0.2986,0.3009,4304654.1,1766484000000,1324911.26253,14671,2025-12-23 09:00:00+00:00
1766484000000,0.301,0.3015,0.2939,0.3006,2394760.3,1766487600000,711769.92142,11739,2025-12-23 10:00:00+00:00
1766487600000,0.3005,0.3037,0.2945,0.2984,1598728.9,1766491200000,476173.21292,9414,2025-12-23 11:00:00+00:00
1766491200000,0.2983,0.2983,0.289,0.2917,2117889.8,1766494800000,620556.51831,9922,2025-12-23 12:00:00+00:00
1766494800000,0.2917,0.2921,0.2818,0.282,2223923.4,1766498400000,634620.80714,8964,2025-12-23 13:00:00+00:00
1766498400000,0.2821,0.296,0.2818,0.296,2691549.8,1766502000000,780189.04736,10472,2025-12-23 14:00:00+00:00
1766502000000,0.296,0.3111,0.2891,0.2934,4863777.7,1766505600000,1456851.18244,16670,2025-12-23 15:00:00+00:00
1766505600000,0.2934,0.2998,0.2897,0.2986,1691006.6,1766509200000,497876.22765,8229,2025-12-23 16:00:00+00:00
1766509200000,0.2983,0.3112,0.2974,0.3032,3744599.3,1766512800000,1140862.08068,12587,2025-12-23 17:00:00+00:00
1766512800000,0.3034,0.3111,0.2995,0.3005,1796910.0,1766516400000,546762.40662,6837,2025-12-23 18:00:00+00:00
1766516400000,0.3003,0.3082,0.299,0.3073,840456.5,1766520000000,254631.54989,3617,2025-12-23 19:00:00+00:00
1766520000000,0.3071,0.3099,0.3012,0.3024,1516885.2,1766523600000,463114.2138,4632,2025-12-23 20:00:00+00:00
1766523600000,0.3026,0.3089,0.3011,0.3073,932589.9,1766527200000,284458.20794,3367,2025-12-23 21:00:00+00:00
1766527200000,0.3071,0.3209,0.3064,0.3169,2199487.9,1766530800000,687873.97282,6170,2025-12-23 22:00:00+00:00
1766530800000,0.3169,0.3227,0.3113,0.3214,3091837.5,1766534400000,981972.24107,11020,2025-12-23 23:00:00+00:00
1766534400000,0.3214,0.367,0.3191,0.3572,11640489.4,1766538000000,3971458.40396,30049,2025-12-24 00:00:00+00:00
1766538000000,0.3573,0.3615,0.3407,0.3522,6071872.6,1766541600000,2132133.92696,16937,2025-12-24 01:00:00+00:00
1766541600000,0.3519,0.356,0.3292,0.3427,4684806.8,1766545200000,1592534.52801,13777,2025-12-24 02:00:00+00:00
1766545200000,0.3429,0.3507,0.3365,0.342,3167881.5,1766548800000,1086705.08343,11431,2025-12-24 03:00:00+00:00
1766548800000,0.3418,0.3655,0.3339,0.3635,4323629.2,1766552400000,1511851.57821,15212,2025-12-24 04:00:00+00:00
1766552400000,0.3633,0.3754,0.3531,0.3612,6204185.6,1766556000000,2257107.99185,21610,2025-12-24 05:00:00+00:00
1766556000000,0.3613,0.3814,0.3565,0.3742,6221657.0,1766559600000,2307366.44613,21837,2025-12-24 06:00:00+00:00
1766559600000,0.3746,0.3942,0.3727,0.3769,10265132.7,1766563200000,3945067.42595,30703,2025-12-24 07:00:00+00:00
1766563200000,0.3768,0.3816,0.3618,0.3649,4436574.9,1766566800000,1656210.33407,18575,2025-12-24 08:00:00+00:00
1766566800000,0.365,0.373,0.3592,0.3726,3573357.0,1766570400000,1304595.27775,16202,2025-12-24 09:00:00+00:00
1766570400000,0.3726,0.3794,0.3647,0.3743,2883420.1,1766574000000,1071532.29001,15423,2025-12-24 10:00:00+00:00
1766574000000,0.3743,0.3813,0.3655,0.3703,2710188.2,1766577600000,1011498.05812,14215,2025-12-24 11:00:00+00:00
1766577600000,0.3703,0.3703,0.3416,0.3584,5304609.5,1766581200000,1891162.91341,19920,2025-12-24 12:00:00+00:00
1766581200000,0.3585,0.3664,0.3481,0.3509,3005283.0,1766584800000,1073454.63178,14002,2025-12-24 13:00:00+00:00
1766584800000,0.3511,0.3541,0.342,0.3487,3383093.5,1766588400000,1177523.83009,15536,2025-12-24 14:00:00+00:00
1766588400000,0.3485,0.359,0.3453,0.353,2990056.4,1766592000000,1055445.38101,12975,2025-12-24 15:00:00+00:00
1766592000000,0.3528,0.3548,0.3462,0.3529,1803333.4,1766595600000,632314.17216,7900,2025-12-24 16:00:00+00:00
1766595600000,0.3528,0.3558,0.3447,0.3469,1203987.5,1766599200000,421196.63747,5338,2025-12-24 17:00:00+00:00
1766599200000,0.3469,0.3679,0.3461,0.361,3120259.4,1766602800000,1123849.40183,10980,2025-12-24 18:00:00+00:00
1766602800000,0.361,0.364,0.3531,0.3593,1980348.5,1766606400000,710059.89683,7270,2025-12-24 19:00:00+00:00
1766606400000,0.3592,0.3592,0.3515,0.3546,1280024.3,1766610000000,453945.79024,4373,2025-12-24 20:00:00+00:00
1766610000000,0.3547,0.3616,0.3502,0.3605,1384951.8,1766613600000,491481.33735,3915,2025-12-24 21:00:00+00:00
1766613600000,0.3605,0.3631,0.3545,0.3623,1360112.5,1766617200000,486585.53024,4368,2025-12-24 22:00:00+00:00
1766617200000,0.3623,0.3764,0.3591,0.3721,1360690.6,1766620800000,499814.45616,5650,2025-12-24 23:00:00+00:00
1766620800000,0.3719,0.3909,0.3667,0.3836,4179412.3,1766624400000,1586281.09988,16672,2025-12-25 00:00:00+00:00
1766624400000,0.3835,0.3968,0.3733,0.3962,2657828.7,1766628000000,1025586.64568,9767,2025-12-25 01:00:00+00:00
1766628000000,0.396,0.4122,0.3945,0.4109,4567805.1,1766631600000,1845334.84023,14271,2025-12-25 02:00:00+00:00
1766631600000,0.4109,0.4148,0.3941,0.3956,2080120.5,1766635200000,838548.51823,9525,2025-12-25 03:00:00+00:00
1766635200000,0.3952,0.3952,0.3787,0.3807,2584318.6,1766638800000,1001533.67559,10636,2025-12-25 04:00:00+00:00
1766638800000,0.3805,0.3915,0.3803,0.3892,1301429.4,1766642400000,502748.74236,8188,2025-12-25 05:00:00+00:00
1766642400000,0.3891,0.4037,0.3868,0.4011,1973862.5,1766646000000,779243.25755,11531,2025-12-25 06:00:00+00:00
1766646000000,0.4009,0.4033,0.3875,0.3879,1476882.4,1766649600000,585826.66102,11410,2025-12-25 07:00:00+00:00
1766649600000,0.3875,0.3923,0.3752,0.3788,2962659.9,1766653200000,1141905.70185,13318,2025-12-25 08:00:00+00:00
1766653200000,0.3787,0.3849,0.3766,0.3821,1073822.9,1766656800000,409771.34327,9391,2025-12-25 09:00:00+00:00
1766656800000,0.382,0.3839,0.3762,0.3796,1033471.2,1766660400000,392643.59202,8659,2025-12-25 10:00:00+00:00
1766660400000,0.3797,0.3872,0.358,0.3609,2306332.0,1766664000000,864525.45216,11876,2025-12-25 11:00:00+00:00
1766664000000,0.3608,0.3664,0.3477,0.351,3571138.9,1766667600000,1271173.57705,14839,2025-12-25 12:00:00+00:00
1766667600000,0.3509,0.3743,0.348,0.3648,3457548.4,1766671200000,1253135.04687,15928,2025-12-25 13:00:00+00:00
1766671200000,0.3647,0.3676,0.3565,0.3567,1260916.7,1766674800000,454693.08802,8386,2025-12-25 14:00:00+00:00
1766674800000,0.3568,0.3683,0.3558,0.3657,1014032.0,1766678400000,368802.71899,6174,2025-12-25 15:00:00+00:00
1766678400000,0.3655,0.3655,0.3561,0.3566,1095865.5,1766682000000,395098.79114,5661,2025-12-25 16:00:00+00:00
1766682000000,0.3567,0.3575,0.353,0.3547,714767.7,1766685600000,253913.26917,3978,2025-12-25 17:00:00+00:00
1766685600000,0.3548,0.3563,0.349,0.3522,418529.1,1766689200000,147460.2375,2193,2025-12-25 18:00:00+00:00
1766689200000,0.3524,0.3554,0.35,0.3504,294818.6,1766692800000,103859.62307,1399,2025-12-25 19:00:00+00:00
1766692800000,0.3503,0.3519,0.3463,0.3504,1090578.0,1766696400000,380839.82702,2804,2025-12-25 20:00:00+00:00
1766696400000,0.3505,0.3566,0.35,0.354,390225.2,1766700000000,138143.17395,1547,2025-12-25 21:00:00+00:00
1766700000000,0.3541,0.36,0.3488,0.3517,707254.5,1766703600000,250376.12087,2302,2025-12-25 22:00:00+00:00
1766703600000,0.3516,0.3516,0.3379,0.3405,1866002.0,1766707200000,639674.89401,4388,2025-12-25 23:00:00+00:00
1766707200000,0.3405,0.3437,0.3239,0.3267,2540461.4,1766710800000,846070.29945,7174,2025-12-26 00:00:00+00:00
1766710800000,0.3268,0.3319,0.3232,0.3271,919925.0,1766714400000,300059.88948,3431,2025-12-26 01:00:00+00:00
1766714400000,0.3271,0.3365,0.3252,0.3303,1368554.2,1766718000000,454478.27221,4937,2025-12-26 02:00:00+00:00
1766718000000,0.3301,0.3333,0.3278,0.33,665602.1,1766721600000,219759.27796,3405,2025-12-26 03:00:00+00:00
1766721600000,0.3299,0.3312,0.322,0.327,1507124.5,1766725200000,491638.97129,6271,2025-12-26 04:00:00+00:00
1766725200000,0.327,0.3319,0.3249,0.3296,1007527.0,1766728800000,330798.99458,5870,2025-12-26 05:00:00+00:00
1766728800000,0.3296,0.3441,0.3289,0.3396,2718414.7,1766732400000,916298.00128,9065,2025-12-26 06:00:00+00:00
1766732400000,0.3396,0.3506,0.3374,0.339,2259101.6,1766736000000,776732.35937,8471,2025-12-26 07:00:00+00:00
1766736000000,0.339,0.3399,0.3318,0.3327,1668643.7,1766739600000,559883.95263,7936,2025-12-26 08:00:00+00:00
1766739600000,0.3327,0.3375,0.3317,0.3356,1067660.8,1766743200000,357223.99238,7522,2025-12-26 09:00:00+00:00
1766743200000,0.3355,0.3423,0.3339,0.3421,1282171.1,1766746800000,433664.77804,8709,2025-12-26 10:00:00+00:00
1766746800000,0.342,0.3548,0.3419,0.3478,2882656.8,1766750400000,1007595.48175,11284,2025-12-26 11:00:00+00:00
1766750400000,0.3477,0.3517,0.3395,0.3413,1942468.0,1766754000000,667549.37202,9239,2025-12-26 12:00:00+00:00
1766754000000,0.3413,0.3548,0.341,0.3509,1577566.0,1766757600000,550954.65231,8052,2025-12-26 13:00:00+00:00
1766757600000,0.3507,0.3638,0.3477,0.3544,3245922.8,1766761200000,1160057.11879,12442,2025-12-26 14:00:00+00:00
1766761200000,0.3543,0.3764,0.3505,0.3734,3416102.4,1766764800000,1247841.1161,12791,2025-12-26 15:00:00+00:00
1766764800000,0.3733,0.3777,0.3561,0.3585,2602876.0,1766768400000,957111.05679,10813,2025-12-26 16:00:00+00:00
1766768400000,0.3584,0.3756,0.3577,0.3724,1421039.2,1766772000000,521957.02274,5990,2025-12-26 17:00:00+00:00
1766772000000,0.3726,0.3776,0.3646,0.3654,1125166.2,1766775600000,417555.02608,4979,2025-12-26 18:00:00+00:00
1766775600000,0.3654,0.3691,0.3589,0.3598,1137174.6,1766779200000,413322.15743,3801,2025-12-26 19:00:00+00:00
1766779200000,0.3599,0.3622,0.3569,0.3598,358670.4,1766782800000,128848.43393,1660,2025-12-26 20:00:00+00:00
1766782800000,0.3597,0.3671,0.3581,0.3652,429838.7,1766786400000,155861.08662,2156,2025-12-26 21:00:00+00:00
1766786400000,0.3653,0.3854,0.3653,0.3837,1359563.8,1766790000000,512301.18578,4690,2025-12-26 22:00:00+00:00
1766790000000,0.3836,0.4071,0.3833,0.3914,3306914.4,1766793600000,1308849.22726,11413,2025-12-26 23:00:00+00:00
1766793600000,0.3913,0.4178,0.3793,0.4022,5572860.4,1766797200000,2228569.35167,19038,2025-12-27 00:00:00+00:00
1766797200000,0.4023,0.4042,0.3844,0.3849,2508586.6,1766800800000,986923.88316,8708,2025-12-27 01:00:00+00:00
1766800800000,0.3848,0.3869,0.3765,0.3818,1662260.8,1766804400000,635329.79539,5904,2025-12-27 02:00:00+00:00
1766804400000,0.3817,0.3948,0.3794,0.392,1467160.4,1766808000000,569399.14534,5873,2025-12-27 03:00:00+00:00
1766808000000,0.392,0.409,0.3864,0.4009,2650736.4,1766811600000,1061351.39264,9937,2025-12-27 04:00:00+00:00
1766811600000,0.4012,0.4084,0.3969,0.4011,1952839.7,1766815200000,785901.13586,9209,2025-12-27 05:00:00+00:00
1766815200000,0.4012,0.4189,0.397,0.4165,2099505.6,1766818800000,849544.02181,9391,2025-12-27 06:00:00+00:00
1766818800000,0.4164,0.423,0.4095,0.4132,3086448.1,1766822400000,1283162.77289,12809,2025-12-27 07:00:00+00:00
1766822400000,0.4131,0.4227,0.3981,0.406,3499148.1,1766826000000,1444900.90502,12584,2025-12-27 08:00:00+00:00
1766826000000,0.4063,0.415,0.4013,0.4034,1589308.3,1766829600000,648086.08446,7387,2025-12-27 09:00:00+00:00
1766829600000,0.4033,0.4059,0.3984,0.4033,1327213.9,1766833200000,534213.01317,7719,2025-12-27 10:00:00+00:00
1766833200000,0.4032,0.404,0.3889,0.3903,2002059.8,1766836800000,789269.35288,10545,2025-12-27 11:00:00+00:00
1766836800000,0.3901,0.3937,0.383,0.3861,1501480.9,1766840400000,583281.87095,7847,2025-12-27 12:00:00+00:00
1766840400000,0.3861,0.3866,0.381,0.3821,1026997.3,1766844000000,394338.87727,5978,2025-12-27 13:00:00+00:00
1766844000000,0.3822,0.3865,0.3779,0.3841,1129954.8,1766847600000,432017.50695,5950,2025-12-27 14:00:00+00:00
1766847600000,0.3841,0.403,0.3829,0.4028,2988922.6,1766851200000,1177638.2899,10880,2025-12-27 15:00:00+00:00
1766851200000,0.4025,0.4089,0.3934,0.3977,1736074.3,1766854800000,695837.04465,8727,2025-12-27 16:00:00+00:00
1766854800000,0.3978,0.4006,0.3908,0.3921,606892.8,1766858400000,240219.17736,4124,2025-12-27 17:00:00+00:00
1766858400000,0.3921,0.3997,0.3904,0.3973,526547.2,1766862000000,207798.93146,2954,2025-12-27 18:00:00+00:00
1766862000000,0.3974,0.4082,0.3948,0.3983,923245.8,1766865600000,372017.58312,5395,2025-12-27 19:00:00+00:00
1766865600000,0.3981,0.4066,0.3966,0.4044,778322.1,1766869200000,313044.69188,3524,2025-12-27 20:00:00+00:00
1766869200000,0.4044,0.4073,0.3986,0.4034,697024.4,1766872800000,280289.01173,3030,2025-12-27 21:00:00+00:00
1766872800000,0.4036,0.4054,0.3943,0.3947,649325.3,1766876400000,259608.60427,2634,2025-12-27 22:00:00+00:00
1766876400000,0.3947,0.3991,0.3923,0.3961,490595.6,1766880000000,193942.11219,2335,2025-12-27 23:00:00+00:00
1766880000000,0.396,0.41,0.3865,0.3972,1844240.8,1766883600000,737890.65377,8433,2025-12-28 00:00:00+00:00
1766883600000,0.3971,0.4012,0.392,0.3982,675034.6,1766887200000,268000.90302,3581,2025-12-28 01:00:00+00:00
1766887200000,0.3981,0.4052,0.3943,0.4007,690795.6,1766890800000,275743.78104,3475,2025-12-28 02:00:00+00:00
1766890800000,0.4009,0.406,0.3979,0.4013,473127.3,1766894400000,189871.54993,3145,2025-12-28 03:00:00+00:00
1766894400000,0.4013,0.4017,0.3931,0.396,816501.3,1766898000000,324782.20697,4454,2025-12-28 04:00:00+00:00
1766898000000,0.3962,0.3992,0.3914,0.3933,542420.2,1766901600000,214479.78109,4454,2025-12-28 05:00:00+00:00
1766901600000,0.3934,0.4027,0.3927,0.4015,608193.5,1766905200000,241379.91383,5484,2025-12-28 06:00:00+00:00
1766905200000,0.4017,0.4042,0.396,0.401,631457.9,1766908800000,252549.18665,6604,2025-12-28 07:00:00+00:00
1766908800000,0.4007,0.4013,0.3924,0.3967,585811.4,1766912400000,231823.02873,5767,2025-12-28 08:00:00+00:00
1766912400000,0.3969,0.3987,0.3878,0.3896,670600.4,1766916000000,263139.89111,5448,2025-12-28 09:00:00+00:00
1766916000000,0.3897,0.3941,0.3889,0.3903,491544.5,1766919600000,192529.71001,5204,2025-12-28 10:00:00+00:00
1766919600000,0.3903,0.395,0.381,0.3833,921849.7,1766923200000,356301.43133,6439,2025-12-28 11:00:00+00:00
1766923200000,0.3833,0.39,0.3791,0.3827,1064886.2,1766926800000,408873.95075,7587,2025-12-28 12:00:00+00:00
1766926800000,0.3828,0.3875,0.3821,0.3852,466896.0,1766930400000,179626.10581,5722,2025-12-28 13:00:00+00:00
1766930400000,0.3853,0.3891,0.3758,0.3768,867479.7,1766934000000,330775.85881,5529,2025-12-28 14:00:00+00:00
1766934000000,0.3768,0.3778,0.3723,0.3751,966908.8,1766937600000,362240.81181,6530,2025-12-28 15:00:00+00:00
1766937600000,0.3751,0.3809,0.3719,0.3799,637190.9,1766941200000,240200.47224,4942,2025-12-28 16:00:00+00:00
1766941200000,0.3797,0.3813,0.3775,0.3785,362432.7,1766944800000,137479.71339,2576,2025-12-28 17:00:00+00:00
1766944800000,0.3785,0.3796,0.3637,0.3649,1066544.8,1766948400000,394212.37255,4047,2025-12-28 18:00:00+00:00
1766948400000,0.3649,0.367,0.3622,0.3659,524434.5,1766952000000,191343.7498,2441,2025-12-28 19:00:00+00:00
1766952000000,0.3658,0.3662,0.3568,0.3584,656798.4,1766955600000,236905.56836,2470,2025-12-28 20:00:00+00:00
1766955600000,0.3585,0.3648,0.355,0.3633,752862.9,1766959200000,270986.26042,2976,2025-12-28 21:00:00+00:00
1766959200000,0.3633,0.379,0.3623,0.3748,1231038.8,1766962800000,458405.06957,4087,2025-12-28 22:00:00+00:00
1766962800000,0.3749,0.3802,0.3735,0.3756,356894.5,1766966400000,134526.97496,1811,2025-12-28 23:00:00+00:00
1766966400000,0.3754,0.3803,0.3644,0.3694,912185.9,1766970000000,339305.89711,3956,2025-12-29 00:00:00+00:00
1766970000000,0.369,0.376,0.3653,0.3729,405867.6,1766973600000,150529.83773,2120,2025-12-29 01:00:00+00:00
1766973600000,0.373,0.3771,0.369,0.3735,1486486.6,1766977200000,554690.39629,4081,2025-12-29 02:00:00+00:00
1766977200000,0.3735,0.3844,0.3727,0.3765,912598.5,1766980800000,345024.13571,4056,2025-12-29 03:00:00+00:00
1766980800000,0.3764,0.3834,0.3746,0.3802,832100.2,1766984400000,316088.19193,4647,2025-12-29 04:00:00+00:00
1766984400000,0.3799,0.3948,0.3799,0.3899,1141544.8,1766988000000,443451.89672,6586,2025-12-29 05:00:00+00:00
1766988000000,0.3898,0.3899,0.3801,0.3821,620000.1,1766991600000,237525.01981,4516,2025-12-29 06:00:00+00:00
1766991600000,0.382,0.3886,0.3803,0.3837,705551.8,1766995200000,271017.34341,6254,2025-12-29 07:00:00+00:00
1766995200000,0.3836,0.3885,0.3812,0.3812,564515.0,1766998800000,217110.85166,4215,2025-12-29 08:00:00+00:00
1766998800000,0.3811,0.3814,0.3683,0.3748,1231614.3,1767002400000,460920.04446,7143,2025-12-29 09:00:00+00:00
1767002400000,0.3747,0.3818,0.3736,0.3777,802988.2,1767006000000,302999.29397,6211,2025-12-29 10:00:00+00:00
1767006000000,0.3775,0.3914,0.3746,0.3866,1250107.8,1767009600000,481669.20161,7428,2025-12-29 11:00:00+00:00
1767009600000,0.3865,0.3945,0.3758,0.3859,3248209.1,1767013200000,1253616.58485,12762,2025-12-29 12:00:00+00:00
1767013200000,0.3858,0.3863,0.3771,0.3798,672124.7,1767016800000,256542.57701,4789,2025-12-29 13:00:00+00:00
1767016800000,0.3798,0.3835,0.3695,0.3715,776936.1,1767020400000,292400.18285,5417,2025-12-29 14:00:00+00:00
1767020400000,0.3713,0.3777,0.3673,0.3685,710412.9,1767024000000,264293.81639,5762,2025-12-29 15:00:00+00:00
1767024000000,0.3685,0.3718,0.3651,0.366,518580.7,1767027600000,190772.1022,4271,2025-12-29 16:00:00+00:00
1767027600000,0.3664,0.3722,0.3655,0.3721,549361.6,1767031200000,202628.55245,2980,2025-12-29 17:00:00+00:00
1767031200000,0.3721,0.3843,0.3718,0.3816,834712.9,1767034800000,315072.01609,4121,2025-12-29 18:00:00+00:00
1767034800000,0.3818,0.4053,0.3808,0.4034,2717161.8,1767038400000,1072744.91888,10304,2025-12-29 19:00:00+00:00
1767038400000,0.4032,0.4067,0.396,0.3982,1542590.3,1767042000000,618394.4154,7353,2025-12-29 20:00:00+00:00
1767042000000,0.3982,0.4408,0.393,0.4394,4418394.7,1767045600000,1850755.54533,16613,2025-12-29 21:00:00+00:00
1767045600000,0.4391,0.4404,0.4156,0.4184,2445620.6,1767049200000,1038812.7661,10256,2025-12-29 22:00:00+00:00
1767049200000,0.4184,0.4249,0.415,0.4224,1190435.2,1767052800000,501050.59641,4541,2025-12-29 23:00:00+00:00
1767052800000,0.4223,0.4283,0.4028,0.4098,3115730.4,1767056400000,1286076.49272,8962,2025-12-30 00:00:00+00:00
1767056400000,0.4098,0.4145,0.4043,0.4047,942920.4,1767060000000,385887.13816,3623,2025-12-30 01:00:00+00:00
1767060000000,0.4047,0.411,0.4011,0.4104,656237.9,1767063600000,266592.83201,2812,2025-12-30 02:00:00+00:00
1767063600000,0.4103,0.4183,0.4044,0.4092,890643.4,1767067200000,367529.95419,4548,2025-12-30 03:00:00+00:00
1767067200000,0.4093,0.4148,0.4037,0.4054,776724.6,1767070800000,318163.87555,4038,2025-12-30 04:00:00+00:00
1767070800000,0.4053,0.4065,0.3919,0.3937,1140578.2,1767074400000,452749.90648,6129,2025-12-30 05:00:00+00:00
1767074400000,0.3937,0.3997,0.3897,0.3966,1022461.1,1767078000000,404765.6563,5443,2025-12-30 06:00:00+00:00
1767078000000,0.3964,0.4024,0.3934,0.3963,1105727.0,1767081600000,439854.29075,7123,2025-12-30 07:00:00+00:00
1767081600000,0.3963,0.4015,0.394,0.3984,1771763.7,1767085200000,704441.93069,6484,2025-12-30 08:00:00+00:00
1767085200000,0.3983,0.3995,0.3858,0.3868,1992779.2,1767088800000,781466.92257,6570,2025-12-30 09:00:00+00:00
1767088800000,0.3866,0.3919,0.3851,0.3887,771722.7,1767092400000,299707.55744,5864,2025-12-30 10:00:00+00:00
1767092400000,0.3887,0.3934,0.3856,0.3873,714664.0,1767096000000,278519.13533,4908,2025-12-30 11:00:00+00:00
1767096000000,0.3871,0.3925,0.3862,0.3896,590425.8,1767099600000,229997.52082,5220,2025-12-30 12:00:00+00:00
1767099600000,0.3897,0.3966,0.3883,0.3911,840057.3,1767103200000,329936.67741,5770,2025-12-30 13:00:00+00:00
1767103200000,0.3908,0.3958,0.3871,0.3951,619575.9,1767106800000,242009.46267,4060,2025-12-30 14:00:00+00:00
1767106800000,0.3952,0.3977,0.3925,0.3944,644349.6,1767110400000,254345.33511,4518,2025-12-30 15:00:00+00:00
1767110400000,0.3943,0.3955,0.3872,0.3919,787186.1,1767114000000,307356.8674,4541,2025-12-30 16:00:00+00:00
1767114000000,0.3917,0.3984,0.3897,0.3901,597592.8,1767117600000,235623.8748,3182,2025-12-30 17:00:00+00:00
1767117600000,0.3901,0.392,0.3862,0.3893,560299.6,1767121200000,217944.37102,2013,2025-12-30 18:00:00+00:00
1767121200000,0.3894,0.3912,0.3864,0.3897,299285.2,1767124800000,116334.80023,1455,2025-12-30 19:00:00+00:00
1767124800000,0.3895,0.3897,0.3788,0.3805,860186.9,1767128400000,328751.3296,3319,2025-12-30 20:00:00+00:00
1767128400000,0.3806,0.3843,0.3784,0.3801,564763.3,1767132000000,215392.35571,1871,2025-12-30 21:00:00+00:00
1767132000000,0.3801,0.3847,0.3801,0.384,327615.4,1767135600000,125409.00475,1144,2025-12-30 22:00:00+00:00
1767135600000,0.3838,0.3899,0.3829,0.3854,725921.8,1767139200000,280166.33343,2769,2025-12-30 23:00:00+00:00
1767139200000,0.3854,0.3854,0.3714,0.3752,906896.3,1767142800000,341295.68632,3917,2025-12-31 00:00:00+00:00
1767142800000,0.3749,0.3818,0.3745,0.3788,534095.1,1767146400000,201619.71037,1795,2025-12-31 01:00:00+00:00
1767146400000,0.3787,0.3819,0.3733,0.3742,508360.2,1767150000000,192119.78612,2537,2025-12-31 02:00:00+00:00
1767150000000,0.374,0.3782,0.3728,0.3776,251717.8,1767153600000,94536.62269,1689,2025-12-31 03:00:00+00:00
1767153600000,0.3774,0.3779,0.3699,0.3734,662740.7,1767157200000,246931.45831,3932,2025-12-31 04:00:00+00:00
1767157200000,0.3733,0.3736,0.3698,0.3723,536120.0,1767160800000,199435.5506,4180,2025-12-31 05:00:00+00:00
1767160800000,0.3721,0.3778,0.3713,0.3733,549112.4,1767164400000,205501.08338,4756,2025-12-31 06:00:00+00:00
1767164400000,0.3733,0.375,0.3713,0.3741,532252.6,1767168000000,198721.07274,4878,2025-12-31 07:00:00+00:00
1767168000000,0.3739,0.3739,0.3678,0.3686,774123.5,1767171600000,286992.55987,4498,2025-12-31 08:00:00+00:00
1767171600000,0.3684,0.3709,0.3665,0.3704,605963.7,1767175200000,223342.09017,5220,2025-12-31 09:00:00+00:00
1767175200000,0.3704,0.3715,0.3668,0.3669,443198.0,1767178800000,163488.46648,3392,2025-12-31 10:00:00+00:00
1767178800000,0.3671,0.3691,0.3662,0.3672,461671.6,1767182400000,169761.57428,4321,2025-12-31 11:00:00+00:00
1767182400000,0.3672,0.3674,0.3603,0.3618,647487.8,1767186000000,235593.04551,4428,2025-12-31 12:00:00+00:00
1767186000000,0.3616,0.364,0.3593,0.3593,480339.9,1767189600000,173618.50086,3448,2025-12-31 13:00:00+00:00
1767189600000,0.3593,0.3629,0.3521,0.3527,975086.0,1767193200000,348438.72947,5315,2025-12-31 14:00:00+00:00
1767193200000,0.3526,0.3529,0.3453,0.3468,1316402.7,1767196800000,459404.64013,5877,2025-12-31 15:00:00+00:00
1767196800000,0.3468,0.3497,0.3419,0.3482,1169140.0,1767200400000,405731.52283,5707,2025-12-31 16:00:00+00:00
1767200400000,0.3484,0.3538,0.3466,0.3487,940470.6,1767204000000,329094.4552,4623,2025-12-31 17:00:00+00:00
1767204000000,0.3488,0.3522,0.3478,0.3511,640219.2,1767207600000,224557.76546,4209,2025-12-31 18:00:00+00:00
1767207600000,0.3512,0.3662,0.3506,0.361,1239801.3,1767211200000,445637.32871,5170,2025-12-31 19:00:00+00:00
1767211200000,0.3608,0.3615,0.355,0.3576,786642.9,1767214800000,281297.66908,4441,2025-12-31 20:00:00+00:00
1767214800000,0.3575,0.3589,0.355,0.3558,282055.1,1767218400000,100537.24565,1533,2025-12-31 21:00:00+00:00
1767218400000,0.3556,0.3577,0.3534,0.3548,318717.9,1767222000000,113337.6892,1539,2025-12-31 22:00:00+00:00
1767222000000,0.3548,0.3548,0.3465,0.3472,831466.8,1767225600000,291895.67366,3656,2025-12-31 23:00:00+00:00
1767225600000,0.3474,0.3487,0.3342,0.3362,1753229.9,1767229200000,596169.73554,7065,2026-01-01 00:00:00+00:00
1767229200000,0.3362,0.3392,0.3322,0.3339,789582.2,1767232800000,264871.55016,2822,2026-01-01 01:00:00+00:00
1767232800000,0.3339,0.3492,0.3325,0.3453,1662172.4,1767236400000,567345.1267,8813,2026-01-01 02:00:00+00:00
1767236400000,0.3453,0.3471,0.3419,0.3432,355641.9,1767240000000,122432.96854,2371,2026-01-01 03:00:00+00:00
1767240000000,0.3432,0.3448,0.3391,0.3401,499813.7,1767243600000,170719.81773,2476,2026-01-01 04:00:00+00:00
1767243600000,0.3401,0.3433,0.34,0.3404,380710.7,1767247200000,130057.06243,2190,2026-01-01 05:00:00+00:00
1767247200000,0.3407,0.3417,0.3372,0.3404,537027.4,1767250800000,182032.05958,2266,2026-01-01 06:00:00+00:00
1767250800000,0.3406,0.343,0.3386,0.3407,499229.8,1767254400000,170047.16421,2639,2026-01-01 07:00:00+00:00
1767254400000,0.3406,0.3423,0.3383,0.3419,219675.3,1767258000000,74732.59928,1337,2026-01-01 08:00:00+00:00
1767258000000,0.3418,0.3449,0.3408,0.3411,355525.8,1767261600000,121828.48525,1978,2026-01-01 09:00:00+00:00
1767261600000,0.3414,0.3465,0.3406,0.3452,248794.5,1767265200000,85529.21285,2213,2026-01-01 10:00:00+00:00
1767265200000,0.3451,0.3593,0.345,0.3545,1759136.1,1767268800000,622583.05674,9491,2026-01-01 11:00:00+00:00
1767268800000,0.3545,0.3576,0.3488,0.3514,1239996.8,1767272400000,436975.86547,5599,2026-01-01 12:00:00+00:00
1767272400000,0.3515,0.3517,0.3468,0.3482,626458.7,1767276000000,218404.90348,3232,2026-01-01 13:00:00+00:00
1767276000000,0.3482,0.3632,0.3478,0.3558,1358921.9,1767279600000,485590.14739,6427,2026-01-01 14:00:00+00:00
1767279600000,0.3555,0.3596,0.3543,0.3562,666740.4,1767283200000,237918.70034,3740,2026-01-01 15:00:00+00:00
1767283200000,0.3561,0.3586,0.3514,0.3527,635355.2,1767286800000,225084.85749,3460,2026-01-01 16:00:00+00:00
1767286800000,0.3528,0.3577,0.3508,0.3569,589579.9,1767290400000,209023.77429,3075,2026-01-01 17:00:00+00:00
1767290400000,0.3571,0.3593,0.3562,0.3574,341063.2,1767294000000,121986.90427,1982,2026-01-01 18:00:00+00:00
1767294000000,0.3574,0.358,0.3536,0.3556,639825.5,1767297600000,227585.05666,2592,2026-01-01 19:00:00+00:00
1767297600000,0.3555,0.3555,0.3482,0.3493,555940.6,1767301200000,195348.21734,2417,2026-01-01 20:00:00+00:00
1767301200000,0.3493,0.3512,0.3479,0.3483,219227.7,1767304800000,76666.54148,1102,2026-01-01 21:00:00+00:00
1767304800000,0.3484,0.3514,0.347,0.3501,367755.1,1767308400000,128366.64622,1557,2026-01-01 22:00:00+00:00
1767308400000,0.35,0.351,0.3475,0.3481,243404.2,1767312000000,84960.08081,1229,2026-01-01 23:00:00+00:00
1767312000000,0.3482,0.3674,0.3461,0.3618,3408769.9,1767315600000,1216055.51979,15587,2026-01-02 00:00:00+00:00
1767315600000,0.3617,0.3732,0.3592,0.3627,1416969.3,1767319200000,518150.82782,8005,2026-01-02 01:00:00+00:00
1767319200000,0.3628,0.374,0.3597,0.3631,1108050.4,1767322800000,404580.96906,5053,2026-01-02 02:00:00+00:00
1767322800000,0.363,0.368,0.3595,0.3632,831503.5,1767326400000,302882.59667,4557,2026-01-02 03:00:00+00:00
1767326400000,0.3632,0.3656,0.3591,0.3634,629613.2,1767330000000,228199.70814,3642,2026-01-02 04:00:00+00:00
1767330000000,0.3635,0.3679,0.3611,0.3628,689029.8,1767333600000,251294.7274,3874,2026-01-02 05:00:00+00:00
1767333600000,0.3629,0.3649,0.3606,0.3616,461161.2,1767337200000,167228.2325,3137,2026-01-02 06:00:00+00:00
1767337200000,0.3614,0.3658,0.3575,0.3652,778268.6,1767340800000,280756.71112,3923,2026-01-02 07:00:00+00:00
1767340800000,0.3651,0.3651,0.3556,0.3564,457524.7,1767344400000,164921.12433,2930,2026-01-02 08:00:00+00:00
1767344400000,0.3562,0.3588,0.3544,0.3569,358169.5,1767348000000,127781.67544,2422,2026-01-02 09:00:00+00:00
1767348000000,0.357,0.3579,0.3519,0.3523,546943.4,1767351600000,194020.53779,3049,2026-01-02 10:00:00+00:00
1767351600000,0.3523,0.354,0.35,0.3519,430529.0,1767355200000,151623.09733,2300,2026-01-02 11:00:00+00:00
1767355200000,0.352,0.3532,0.3492,0.3505,433686.0,1767358800000,152175.97193,2857,2026-01-02 12:00:00+00:00
1767358800000,0.3504,0.3568,0.3503,0.3532,541923.2,1767362400000,191712.44866,3390,2026-01-02 13:00:00+00:00
1767362400000,0.3531,0.357,0.3508,0.3545,556465.7,1767366000000,196813.95803,3071,2026-01-02 14:00:00+00:00
1767366000000,0.3546,0.3567,0.3508,0.3545,405701.3,1767369600000,143559.97662,2583,2026-01-02 15:00:00+00:00
1767369600000,0.3545,0.3611,0.3522,0.3574,775616.1,1767373200000,276725.84451,4393,2026-01-02 16:00:00+00:00
1767373200000,0.3572,0.3616,0.3566,0.3584,566486.5,1767376800000,203530.14178,3191,2026-01-02 17:00:00+00:00
1767376800000,0.3583,0.3588,0.3555,0.3572,440612.5,1767380400000,157362.38566,2328,2026-01-02 18:00:00+00:00
1767380400000,0.3573,0.359,0.3552,0.3555,596494.6,1767384000000,212985.82181,2384,2026-01-02 19:00:00+00:00
1767384000000,0.3554,0.3576,0.3539,0.354,380895.6,1767387600000,135638.7588,1601,2026-01-02 20:00:00+00:00
1767387600000,0.3541,0.3562,0.3527,0.3559,290670.3,1767391200000,102961.67933,1266,2026-01-02 21:00:00+00:00
1767391200000,0.3561,0.3602,0.3561,0.3593,256358.2,1767394800000,91965.31964,1709,2026-01-02 22:00:00+00:00
1767394800000,0.3594,0.3627,0.3581,0.3623,690139.3,1767398400000,248737.96948,2831,2026-01-02 23:00:00+00:00
1767398400000,0.3621,0.3721,0.3582,0.3699,2651369.8,1767402000000,969319.51351,12379,2026-01-03 00:00:00+00:00
1767402000000,0.3695,0.3725,0.3622,0.3624,1247498.9,1767405600000,458225.67911,4402,2026-01-03 01:00:00+00:00
1767405600000,0.3622,0.363,0.3585,0.3614,842988.9,1767409200000,304180.39286,2894,2026-01-03 02:00:00+00:00
1767409200000,0.3614,0.3654,0.3597,0.3641,238840.9,1767412800000,86531.60923,1301,2026-01-03 03:00:00+00:00
1767412800000,0.3639,0.3672,0.3622,0.3631,818107.4,1767416400000,298444.79073,2419,2026-01-03 04:00:00+00:00
1767416400000,0.3628,0.3631,0.3579,0.3601,383240.8,1767420000000,138158.00383,1961,2026-01-03 05:00:00+00:00
1767420000000,0.3602,0.3631,0.3549,0.3557,376930.8,1767423600000,134809.50684,2354,2026-01-03 06:00:00+00:00
1767423600000,0.3556,0.3565,0.3461,0.3503,1028461.7,1767427200000,360220.16978,4508,2026-01-03 07:00:00+00:00
1767427200000,0.3503,0.3552,0.3499,0.3548,302539.3,1767430800000,106654.22188,2206,2026-01-03 08:00:00+00:00
1767430800000,0.3549,0.356,0.3537,0.3552,242742.8,1767434400000,86179.91846,1285,2026-01-03 09:00:00+00:00
1767434400000,0.3554,0.3571,0.3539,0.3544,301254.8,1767438000000,107090.69726,1719,2026-01-03 10:00:00+00:00
1767438000000,0.3543,0.3552,0.3498,0.3511,656246.4,1767441600000,230421.90972,1686,2026-01-03 11:00:00+00:00
1767441600000,0.3509,0.3549,0.3502,0.3537,505657.5,1767445200000,178110.67005,2338,2026-01-03 12:00:00+00:00
1767445200000,0.3536,0.3577,0.3533,0.354,564387.4,1767448800000,200713.53174,1591,2026-01-03 13:00:00+00:00
1767448800000,0.3539,0.3553,0.3529,0.3535,300102.5,1767452400000,106149.34857,1637,2026-01-03 14:00:00+00:00
1767452400000,0.3535,0.3565,0.3522,0.3553,290300.7,1767456000000,102774.48318,1486,2026-01-03 15:00:00+00:00
1767456000000,0.3553,0.3576,0.3531,0.3542,288402.1,1767459600000,102401.42338,1808,2026-01-03 16:00:00+00:00
1767459600000,0.3543,0.3545,0.3464,0.3477,1559070.6,1767463200000,545014.60566,3911,2026-01-03 17:00:00+00:00
1767463200000,0.3477,0.3504,0.3453,0.3501,536053.6,1767466800000,186348.63225,1872,2026-01-03 18:00:00+00:00
1767466800000,0.35,0.3514,0.349,0.35,257730.0,1767470400000,90221.21647,1228,2026-01-03 19:00:00+00:00
1767470400000,0.3499,0.3516,0.3478,0.3516,256276.8,1767474000000,89497.9166,947,2026-01-03 20:00:00+00:00
1767474000000,0.3515,0.3559,0.3509,0.3533,241312.0,1767477600000,85346.91533,1110,2026-01-03 21:00:00+00:00
1767477600000,0.3533,0.3546,0.3517,0.354,176172.0,1767481200000,62179.94364,925,2026-01-03 22:00:00+00:00
1767481200000,0.3541,0.3561,0.3525,0.3558,213466.6,1767484800000,75727.67847,1228,2026-01-03 23:00:00+00:00
1767484800000,0.3559,0.3583,0.3503,0.3517,718820.1,1767488400000,255095.23397,3805,2026-01-04 00:00:00+00:00
1767488400000,0.3516,0.3544,0.3492,0.3509,360920.6,1767492000000,126783.47663,1550,2026-01-04 01:00:00+00:00
1767492000000,0.3509,0.3513,0.349,0.3502,374701.5,1767495600000,131155.50465,1601,2026-01-04 02:00:00+00:00
1767495600000,0.3502,0.3533,0.3497,0.3509,332405.7,1767499200000,116869.90961,1662,2026-01-04 03:00:00+00:00
1767499200000,0.3509,0.3518,0.3489,0.3496,262202.2,1767502800000,91923.02002,1217,2026-01-04 04:00:00+00:00
1767502800000,0.3495,0.351,0.3489,0.3501,168434.6,1767506400000,58914.37926,688,2026-01-04 05:00:00+00:00
1767506400000,0.3502,0.3515,0.3463,0.3483,365574.7,1767510000000,127430.10927,2082,2026-01-04 06:00:00+00:00
1767510000000,0.3485,0.3525,0.3481,0.352,396867.6,1767513600000,138927.73354,2295,2026-01-04 07:00:00+00:00
1767513600000,0.3521,0.3527,0.3488,0.3489,268076.9,1767517200000,93958.73387,1863,2026-01-04 08:00:00+00:00
1767517200000,0.3489,0.3497,0.3468,0.348,309669.6,1767520800000,107705.35517,1697,2026-01-04 09:00:00+00:00
1767520800000,0.3481,0.3508,0.3481,0.3499,254573.1,1767524400000,88904.648,1092,2026-01-04 10:00:00+00:00
1767524400000,0.3497,0.3507,0.3476,0.3485,219649.7,1767528000000,76694.30593,1416,2026-01-04 11:00:00+00:00
1767528000000,0.3486,0.3499,0.3476,0.3487,227401.0,1767531600000,79310.56045,2080,2026-01-04 12:00:00+00:00
1767531600000,0.3486,0.353,0.3473,0.3503,914319.7,1767535200000,320118.58291,3586,2026-01-04 13:00:00+00:00
1767535200000,0.3503,0.3516,0.3484,0.3497,657044.0,1767538800000,229688.59138,2014,2026-01-04 14:00:00+00:00
1767538800000,0.3496,0.3535,0.3489,0.3533,800779.4,1767542400000,281877.60495,2799,2026-01-04 15:00:00+00:00
1767542400000,0.3531,0.3587,0.352,0.3556,766402.7,1767546000000,272100.33069,3102,2026-01-04 16:00:00+00:00
1767546000000,0.3555,0.3571,0.3516,0.3518,847089.9,1767549600000,300911.17842,2493,2026-01-04 17:00:00+00:00
1767549600000,0.3517,0.353,0.3482,0.3506,351306.0,1767553200000,123153.82408,1470,2026-01-04 18:00:00+00:00
1767553200000,0.3507,0.3522,0.348,0.3496,273857.5,1767556800000,95859.35457,1255,2026-01-04 19:00:00+00:00
1767556800000,0.3495,0.3504,0.3485,0.3496,193431.7,1767560400000,67591.0033,809,2026-01-04 20:00:00+00:00
1767560400000,0.3495,0.3531,0.3494,0.3511,218905.5,1767564000000,76953.26263,951,2026-01-04 21:00:00+00:00
1767564000000,0.3511,0.3547,0.3502,0.3524,171662.8,1767567600000,60487.82353,953,2026-01-04 22:00:00+00:00
1767567600000,0.3528,0.354,0.3507,0.3533,148349.3,1767571200000,52259.0639,923,2026-01-04 23:00:00+00:00
1767571200000,0.3531,0.3545,0.3481,0.3524,419337.4,1767574800000,147521.77404,2187,2026-01-05 00:00:00+00:00
1767574800000,0.3526,0.3545,0.3518,0.3529,421360.5,1767578400000,148694.35043,2033,2026-01-05 01:00:00+00:00
1767578400000,0.3529,0.3539,0.3489,0.349,185631.2,1767582000000,65028.71508,1421,2026-01-05 02:00:00+00:00
1767582000000,0.3489,0.3506,0.3476,0.3489,282652.9,1767585600000,98657.98697,1173,2026-01-05 03:00:00+00:00
1767585600000,0.3489,0.3496,0.341,0.3439,779636.1,1767589200000,268748.59108,3611,2026-01-05 04:00:00+00:00
1767589200000,0.3436,0.3476,0.3433,0.3446,312683.5,1767592800000,108277.65394,1566,2026-01-05 05:00:00+00:00
1767592800000,0.3447,0.3461,0.3431,0.3458,169378.1,1767596400000,58357.60525,1119,2026-01-05 06:00:00+00:00
1767596400000,0.3458,0.3475,0.345,0.3457,215864.7,1767600000000,74713.8033,1180,2026-01-05 07:00:00+00:00
1767600000000,0.3457,0.3466,0.3409,0.3417,568694.7,1767603600000,195491.86354,2482,2026-01-05 08:00:00+00:00
1767603600000,0.3416,0.3454,0.3389,0.3443,455073.1,1767607200000,155992.72222,2097,2026-01-05 09:00:00+00:00
1767607200000,0.344,0.3452,0.3423,0.344,262894.8,1767610800000,90394.00735,1559,2026-01-05 10:00:00+00:00
1767610800000,0.3439,0.3455,0.343,0.3449,303394.9,1767614400000,104292.81473,1340,2026-01-05 11:00:00+00:00
1767614400000,0.3449,0.3459,0.3419,0.3434,1186717.3,1767618000000,407801.51468,2889,2026-01-05 12:00:00+00:00
1767618000000,0.3437,0.3448,0.3421,0.3437,488653.9,1767621600000,167875.44422,1642,2026-01-05 13:00:00+00:00
1767621600000,0.3437,0.348,0.3431,0.344,211198.6,1767625200000,72980.51857,1824,2026-01-05 14:00:00+00:00
1767625200000,0.3441,0.3451,0.3405,0.343,303383.5,1767628800000,103903.93209,1753,2026-01-05 15:00:00+00:00
1767628800000,0.3429,0.3437,0.34,0.341,381581.9,1767632400000,130346.5913,2268,2026-01-05 16:00:00+00:00
1767632400000,0.3412,0.3439,0.3378,0.3434,442657.3,1767636000000,150941.98589,2126,2026-01-05 17:00:00+00:00
1767636000000,0.3434,0.3478,0.3432,0.3476,395656.2,1767639600000,136548.29141,1868,2026-01-05 18:00:00+00:00
1767639600000,0.3476,0.3496,0.345,0.3461,266893.3,1767643200000,92765.05302,1371,2026-01-05 19:00:00+00:00
1767643200000,0.3461,0.3514,0.3456,0.3477,374619.7,1767646800000,130608.40269,1962,2026-01-05 20:00:00+00:00
1767646800000,0.3477,0.3483,0.3446,0.346,149155.1,1767650400000,51691.04747,641,2026-01-05 21:00:00+00:00
1767650400000,0.346,0.3486,0.3457,0.3469,159639.8,1767654000000,55502.26674,679,2026-01-05 22:00:00+00:00
1767654000000,0.3469,0.3472,0.3448,0.346,100858.1,1767657600000,34904.90467,628,2026-01-05 23:00:00+00:00
1767657600000,0.346,0.3469,0.3427,0.3453,236565.3,1767661200000,81569.71617,1288,2026-01-06 00:00:00+00:00
1767661200000,0.3452,0.348,0.344,0.345,200183.0,1767664800000,69283.55099,1268,2026-01-06 01:00:00+00:00
1767664800000,0.345,0.353,0.3445,0.3528,248007.0,1767668400000,86705.79701,1244,2026-01-06 02:00:00+00:00
1767668400000,0.3526,0.359,0.3485,0.3495,1837124.5,1767672000000,652217.31028,5921,2026-01-06 03:00:00+00:00
1767672000000,0.3494,0.353,0.3486,0.3509,757629.2,1767675600000,266070.29069,2520,2026-01-06 04:00:00+00:00
1767675600000,0.3509,0.3525,0.346,0.3481,702272.8,1767679200000,245544.33335,2334,2026-01-06 05:00:00+00:00
1767679200000,0.3483,0.3545,0.3478,0.3522,338701.1,1767682800000,119178.92647,1788,2026-01-06 06:00:00+00:00
1767682800000,0.3522,0.3541,0.3477,0.3491,240686.3,1767686400000,84384.12549,2261,2026-01-06 07:00:00+00:00
1767686400000,0.3491,0.3505,0.3452,0.3461,292753.8,1767690000000,101639.4494,1989,2026-01-06 08:00:00+00:00
1767690000000,0.346,0.3519,0.3453,0.3494,642096.2,1767693600000,224453.47114,2472,2026-01-06 09:00:00+00:00
1767693600000,0.3493,0.3504,0.3476,0.3481,262500.4,1767697200000,91532.78406,2003,2026-01-06 10:00:00+00:00
1767697200000,0.3481,0.3494,0.3468,0.3473,497724.3,1767700800000,173034.05634,1826,2026-01-06 11:00:00+00:00
1767700800000,0.3473,0.3524,0.3462,0.3523,291863.7,1767704400000,101653.64311,1745,2026-01-06 12:00:00+00:00
1767704400000,0.3522,0.3569,0.351,0.356,1186502.3,1767708000000,420032.59715,3829,2026-01-06 13:00:00+00:00
1767708000000,0.3559,0.3566,0.3498,0.3519,657693.8,1767711600000,232469.96331,3657,2026-01-06 14:00:00+00:00
1767711600000,0.3517,0.3547,0.3476,0.3496,1111406.3,1767715200000,389586.69766,3999,2026-01-06 15:00:00+00:00
1767715200000,0.3495,0.3502,0.3401,0.3412,1163163.8,1767718800000,399784.74284,5082,2026-01-06 16:00:00+00:00
1767718800000,0.341,0.3439,0.338,0.3385,805509.3,1767722400000,273935.78719,2965,2026-01-06 17:00:00+00:00
1767722400000,0.3381,0.3443,0.3367,0.344,197323.2,1767726000000,67285.96615,1710,2026-01-06 18:00:00+00:00
1767726000000,0.3439,0.3445,0.3424,0.3435,111173.1,1767729600000,38178.43362,644,2026-01-06 19:00:00+00:00
1767729600000,0.3435,0.353,0.3433,0.3499,603105.7,1767733200000,210971.31283,1929,2026-01-06 20:00:00+00:00
1767733200000,0.35,0.3521,0.348,0.3499,319817.2,1767736800000,111979.10155,1825,2026-01-06 21:00:00+00:00
1767736800000,0.3502,0.3517,0.349,0.3504,100486.6,1767740400000,35187.08168,908,2026-01-06 22:00:00+00:00
1767740400000,0.3505,0.3525,0.3498,0.3517,221838.9,1767744000000,77873.94823,1136,2026-01-06 23:00:00+00:00
1767744000000,0.3516,0.352,0.3432,0.3435,203816.6,1767747600000,70828.04139,1030,2026-01-07 00:00:00+00:00
1767747600000,0.3433,0.3448,0.3381,0.339,567985.6,1767751200000,193303.28542,1613,2026-01-07 01:00:00+00:00
1767751200000,0.3391,0.3442,0.3378,0.3432,123473.6,1767754800000,42013.00032,1178,2026-01-07 02:00:00+00:00
1767754800000,0.3433,0.3461,0.3414,0.3418,171746.0,1767758400000,58982.7981,924,2026-01-07 03:00:00+00:00
1767758400000,0.3418,0.3425,0.34,0.3423,76727.3,1767762000000,26190.17958,550,2026-01-07 04:00:00+00:00
1767762000000,0.3422,0.3422,0.3394,0.34,138841.8,1767765600000,47270.36616,967,2026-01-07 05:00:00+00:00
1767765600000,0.3399,0.3406,0.3388,0.3404,98600.3,1767769200000,33487.19871,845,2026-01-07 06:00:00+00:00
1767769200000,0.3404,0.3429,0.3403,0.3417,155266.2,1767772800000,53029.51469,665,2026-01-07 07:00:00+00:00
1767772800000,0.3417,0.3423,0.3386,0.3409,227465.5,1767776400000,77424.66096,973,2026-01-07 08:00:00+00:00
1767776400000,0.3408,0.3416,0.3341,0.3365,652464.6,1767780000000,220307.29711,2129,2026-01-07 09:00:00+00:00
1767780000000,0.3366,0.3405,0.3362,0.3403,207612.8,1767783600000,70246.91035,1255,2026-01-07 10:00:00+00:00
1767783600000,0.3402,0.3416,0.3395,0.3416,73330.3,1767787200000,24989.81185,586,2026-01-07 11:00:00+00:00
1767787200000,0.3413,0.3413,0.336,0.3362,125769.9,1767790800000,42570.97029,683,2026-01-07 12:00:00+00:00
1767790800000,0.3363,0.3379,0.3339,0.3342,221453.7,1767794400000,74363.48281,993,2026-01-07 13:00:00+00:00
1767794400000,0.3342,0.3342,0.3278,0.3319,568058.8,1767798000000,187785.3647,2734,2026-01-07 14:00:00+00:00
1767798000000,0.3321,0.3322,0.3264,0.3284,267754.1,1767801600000,87863.8042,1400,2026-01-07 15:00:00+00:00
1767801600000,0.3282,0.3297,0.3263,0.3285,150819.4,1767805200000,49504.65529,881,2026-01-07 16:00:00+00:00
1767805200000,0.3288,0.3306,0.3267,0.3269,98602.5,1767808800000,32428.47779,763,2026-01-07 17:00:00+00:00
1767808800000,0.327,0.33,0.3267,0.3291,145752.7,1767812400000,47870.52032,853,2026-01-07 18:00:00+00:00
1767812400000,0.3289,0.3304,0.3264,0.3285,128722.1,1767816000000,42229.69494,644,2026-01-07 19:00:00+00:00
1767816000000,0.3285,0.33,0.327,0.3278,119986.2,1767819600000,39383.5692,539,2026-01-07 20:00:00+00:00
1767819600000,0.3279,0.328,0.3265,0.3269,121411.7,1767823200000,39720.25533,504,2026-01-07 21:00:00+00:00
1767823200000,0.3269,0.3284,0.3232,0.3239,229687.7,1767826800000,74767.77402,925,2026-01-07 22:00:00+00:00
1767826800000,0.3238,0.3252,0.3204,0.3246,213649.7,1767830400000,68975.3977,1245,2026-01-07 23:00:00+00:00
1767830400000,0.3246,0.3258,0.3217,0.3231,279286.3,1767834000000,90381.27316,1185,2026-01-08 00:00:00+00:00
1767834000000,0.323,0.3259,0.3227,0.3238,181464.0,1767837600000,58842.45384,744,2026-01-08 01:00:00+00:00
1767837600000,0.3235,0.3235,0.3173,0.3182,252471.8,1767841200000,80638.80644,1024,2026-01-08 02:00:00+00:00
1767841200000,0.318,0.3194,0.311,0.3134,893844.7,1767844800000,281253.99005,2031,2026-01-08 03:00:00+00:00
1767844800000,0.3133,0.3164,0.3123,0.3153,254053.6,1767848400000,79918.56618,1006,2026-01-08 04:00:00+00:00
1767848400000,0.3152,0.3158,0.3131,0.3138,217476.4,1767852000000,68418.84664,669,2026-01-08 05:00:00+00:00
1767852000000,0.3139,0.3153,0.3089,0.3092,288954.8,1767855600000,90256.18571,1099,2026-01-08 06:00:00+00:00
1767855600000,0.3094,0.3125,0.3072,0.3124,332003.4,1767859200000,103072.83211,1455,2026-01-08 07:00:00+00:00
1767859200000,0.3124,0.3146,0.3108,0.3108,228140.4,1767862800000,71352.67913,794,2026-01-08 08:00:00+00:00
1767862800000,0.3113,0.3141,0.3084,0.3087,350633.9,1767866400000,109101.96355,1067,2026-01-08 09:00:00+00:00
1767866400000,0.3087,0.3114,0.3064,0.3104,261348.1,1767870000000,80856.88057,975,2026-01-08 10:00:00+00:00
1767870000000,0.3103,0.3115,0.3072,0.3094,185047.4,1767873600000,57149.17041,897,2026-01-08 11:00:00+00:00
1767873600000,0.3093,0.3097,0.306,0.3078,225643.7,1767877200000,69394.70304,797,2026-01-08 12:00:00+00:00
1767877200000,0.3079,0.3093,0.3062,0.3079,206941.5,1767880800000,63730.68323,691,2026-01-08 13:00:00+00:00
1767880800000,0.3079,0.3095,0.3043,0.3071,298872.4,1767884400000,91819.43098,1354,2026-01-08 14:00:00+00:00
1767884400000,0.3062,0.3137,0.3052,0.3137,245018.6,1767888000000,75948.076,1263,2026-01-08 15:00:00+00:00
1767888000000,0.3137,0.3143,0.3094,0.3134,395139.9,1767891600000,123155.6658,1225,2026-01-08 16:00:00+00:00
1767891600000,0.3136,0.3158,0.3125,0.3135,243418.3,1767895200000,76474.2843,921,2026-01-08 17:00:00+00:00
1767895200000,0.3134,0.3158,0.3129,0.3154,175885.9,1767898800000,55291.35967,725,2026-01-08 18:00:00+00:00
1767898800000,0.3157,0.3164,0.31,0.3107,217477.1,1767902400000,67996.51647,916,2026-01-08 19:00:00+00:00
1767902400000,0.3106,0.3108,0.3076,0.3088,217804.5,1767906000000,67406.27809,897,2026-01-08 20:00:00+00:00
1767906000000,0.3087,0.3099,0.3085,0.3097,72781.1,1767909600000,22515.9516,353,2026-01-08 21:00:00+00:00
1767909600000,0.3099,0.3118,0.3079,0.3088,129105.0,1767913200000,40034.21066,404,2026-01-08 22:00:00+00:00
1767913200000,0.3089,0.3129,0.3082,0.3128,153031.9,1767916800000,47566.49434,586,2026-01-08 23:00:00+00:00
1767916800000,0.3128,0.3132,0.3061,0.3077,334977.4,1767920400000,103484.26924,1209,2026-01-09 00:00:00+00:00
1767920400000,0.3078,0.3104,0.3028,0.3049,427223.0,1767924000000,130713.4462,1439,2026-01-09 01:00:00+00:00
1767924000000,0.3046,0.3081,0.3044,0.3059,87622.3,1767927600000,26867.97526,433,2026-01-09 02:00:00+00:00
1767927600000,0.3059,0.3084,0.3049,0.3073,110882.7,1767931200000,34018.98324,473,2026-01-09 03:00:00+00:00
1767931200000,0.3073,0.3086,0.3065,0.3076,100566.3,1767934800000,30948.47186,416,2026-01-09 04:00:00+00:00
1767934800000,0.3075,0.308,0.3058,0.3075,105615.8,1767938400000,32416.47544,332,2026-01-09 05:00:00+00:00
1767938400000,0.3076,0.3105,0.3071,0.3098,144158.1,1767942000000,44554.22021,494,2026-01-09 06:00:00+00:00
1767942000000,0.31,0.3103,0.3085,0.3094,118113.1,1767945600000,36535.42351,482,2026-01-09 07:00:00+00:00
1767945600000,0.3093,0.3097,0.303,0.3061,236619.0,1767949200000,72460.87604,806,2026-01-09 08:00:00+00:00
1767949200000,0.3062,0.3077,0.3051,0.3054,183728.8,1767952800000,56342.5087,564,2026-01-09 09:00:00+00:00
1767952800000,0.3055,0.3063,0.3039,0.3045,154066.1,1767956400000,46999.64737,335,2026-01-09 10:00:00+00:00
1767956400000,0.3045,0.3078,0.3043,0.3071,68983.0,1767960000000,21124.30025,219,2026-01-09 11:00:00+00:00
1767960000000,0.3069,0.3071,0.3034,0.3036,81238.2,1767963600000,24782.61267,257,2026-01-09 12:00:00+00:00
1767963600000,0.3034,0.3078,0.3031,0.3041,342723.9,1767967200000,104600.64808,975,2026-01-09 13:00:00+00:00
1767967200000,0.3043,0.3057,0.302,0.3046,248796.9,1767970800000,75543.67051,806,2026-01-09 14:00:00+00:00
1767970800000,0.3049,0.3126,0.303,0.3081,291474.7,1767974400000,90186.00145,1021,2026-01-09 15:00:00+00:00
1767974400000,0.3082,0.3107,0.3068,0.3096,214061.0,1767978000000,66055.58283,686,2026-01-09 16:00:00+00:00
1767978000000,0.31,0.31,0.3068,0.3094,138274.9,1767981600000,42611.77873,319,2026-01-09 17:00:00+00:00
1767981600000,0.3092,0.3098,0.3048,0.3063,95574.3,1767985200000,29356.39835,382,2026-01-09 18:00:00+00:00
1767985200000,0.3062,0.3062,0.3028,0.3038,207478.1,1767988800000,63036.93389,468,2026-01-09 19:00:00+00:00
1767988800000,0.3038,0.3064,0.3033,0.306,76312.8,1767992400000,23281.19339,242,2026-01-09 20:00:00+00:00
1767992400000,0.3054,0.3081,0.3051,0.3066,210241.5,1767996000000,64426.8193,473,2026-01-09 21:00:00+00:00
1767996000000,0.3061,0.308,0.3049,0.3076,38458.8,1767999600000,11782.06594,161,2026-01-09 22:00:00+00:00
1767999600000,0.3077,0.3195,0.3077,0.3177,2311418.6,1768003200000,725783.77764,4274,2026-01-09 23:00:00+00:00
1768003200000,0.3172,0.3252,0.314,0.316,2966975.8,1768006800000,944702.23596,6183,2026-01-10 00:00:00+00:00
1768006800000,0.316,0.3277,0.315,0.3227,1407486.3,1768010400000,456123.91067,3733,2026-01-10 01:00:00+00:00
1768010400000,0.3225,0.327,0.3211,0.3253,648853.6,1768014000000,210583.43922,1514,2026-01-10 02:00:00+00:00
1768014000000,0.3251,0.342,0.3251,0.3399,2062523.4,1768017600000,687775.65144,7735,2026-01-10 03:00:00+00:00
1768017600000,0.3398,0.3413,0.3284,0.332,1606153.8,1768021200000,536472.63289,6645,2026-01-10 04:00:00+00:00
1768021200000,0.3322,0.3476,0.3289,0.3459,1848526.2,1768024800000,627321.38645,7616,2026-01-10 05:00:00+00:00
1768024800000,0.3459,0.3472,0.335,0.3418,3142491.9,1768028400000,1069845.70332,11959,2026-01-10 06:00:00+00:00
1768028400000,0.3417,0.3425,0.325,0.3266,1934084.7,1768032000000,644498.81951,5724,2026-01-10 07:00:00+00:00
1768032000000,0.3261,0.3261,0.3187,0.3207,1798945.0,1768035600000,578651.54341,5566,2026-01-10 08:00:00+00:00
1768035600000,0.3207,0.322,0.3158,0.3192,746674.0,1768039200000,238288.06606,2703,2026-01-10 09:00:00+00:00
1768039200000,0.3185,0.3251,0.318,0.3248,436107.5,1768042800000,140441.67723,1420,2026-01-10 10:00:00+00:00
1768042800000,0.3248,0.3353,0.3233,0.3281,1602147.4,1768046400000,529945.59523,5925,2026-01-10 11:00:00+00:00
1768046400000,0.3281,0.3299,0.3236,0.3285,574094.4,1768050000000,187510.56123,1928,2026-01-10 12:00:00+00:00
1768050000000,0.329,0.3304,0.3251,0.3279,417290.7,1768053600000,136939.37034,881,2026-01-10 13:00:00+00:00
1768053600000,0.3278,0.3293,0.3229,0.3264,269983.6,1768057200000,87797.62609,701,2026-01-10 14:00:00+00:00
1768057200000,0.3267,0.3267,0.3212,0.3244,276327.4,1768060800000,89351.67741,779,2026-01-10 15:00:00+00:00
1768060800000,0.3244,0.3261,0.3225,0.3235,443261.5,1768064400000,143743.84754,1110,2026-01-10 16:00:00+00:00
1768064400000,0.3236,0.324,0.3215,0.3219,212507.0,1768068000000,68648.32567,606,2026-01-10 17:00:00+00:00
1768068000000,0.3221,0.3318,0.3216,0.3288,2155178.8,1768071600000,705470.75288,3559,2026-01-10 18:00:00+00:00
1768071600000,0.3288,0.3364,0.3288,0.3314,644742.1,1768075200000,214761.91688,1985,2026-01-10 19:00:00+00:00
1768075200000,0.3313,0.3321,0.3267,0.3275,308418.5,1768078800000,101592.01198,830,2026-01-10 20:00:00+00:00
1768078800000,0.3275,0.3282,0.3248,0.3248,150073.6,1768082400000,49005.96563,404,2026-01-10 21:00:00+00:00
1768082400000,0.3251,0.3266,0.3235,0.3257,130946.8,1768086000000,42582.79537,367,2026-01-10 22:00:00+00:00
1768086000000,0.3254,0.3304,0.3253,0.329,302779.5,1768089600000,99303.54571,753,2026-01-10 23:00:00+00:00
1768089600000,0.3289,0.3292,0.3177,0.3253,2145607.6,1768093200000,688859.03897,3460,2026-01-11 00:00:00+00:00
1768093200000,0.3251,0.3326,0.3236,0.3255,685930.1,1768096800000,224635.35082,2074,2026-01-11 01:00:00+00:00
1768096800000,0.3258,0.329,0.3234,0.3242,229741.2,1768100400000,74942.88318,719,2026-01-11 02:00:00+00:00
1768100400000,0.3244,0.3269,0.3232,0.3235,159840.3,1768104000000,51944.07828,598,2026-01-11 03:00:00+00:00
1768104000000,0.3236,0.3236,0.3205,0.3227,246150.5,1768107600000,79317.59718,704,2026-01-11 04:00:00+00:00
1768107600000,0.3229,0.3246,0.3226,0.3232,132446.5,1768111200000,42888.86409,415,2026-01-11 05:00:00+00:00
1768111200000,0.3231,0.3241,0.3193,0.3206,293058.0,1768114800000,93944.84017,555,2026-01-11 06:00:00+00:00
1768114800000,0.3207,0.3222,0.3196,0.322,159629.6,1768118400000,51216.79665,461,2026-01-11 07:00:00+00:00
1768118400000,0.322,0.3221,0.3197,0.3207,172332.9,1768122000000,55280.74274,443,2026-01-11 08:00:00+00:00
1768122000000,0.3206,0.3224,0.3204,0.3207,189090.1,1768125600000,60782.21187,352,2026-01-11 09:00:00+00:00
1768125600000,0.3206,0.3213,0.3201,0.3204,116551.8,1768129200000,37367.05466,350,2026-01-11 10:00:00+00:00
1768129200000,0.3203,0.3228,0.3175,0.3222,271922.5,1768132800000,87071.04585,779,2026-01-11 11:00:00+00:00
1768132800000,0.3222,0.3226,0.3197,0.3205,196634.4,1768136400000,63110.65301,537,2026-01-11 12:00:00+00:00
1768136400000,0.3205,0.3211,0.3179,0.3192,121998.6,1768140000000,38958.75245,344,2026-01-11 13:00:00+00:00
1768140000000,0.3192,0.3214,0.319,0.3214,217759.1,1768143600000,69658.6568,504,2026-01-11 14:00:00+00:00
1768143600000,0.3214,0.3229,0.3174,0.3192,452068.6,1768147200000,144588.30707,925,2026-01-11 15:00:00+00:00
1768147200000,0.3191,0.3236,0.318,0.3205,145135.8,1768150800000,46542.95382,372,2026-01-11 16:00:00+00:00
1768150800000,0.3206,0.3219,0.3199,0.321,120589.8,1768154400000,38652.51362,229,2026-01-11 17:00:00+00:00
1768154400000,0.3214,0.3214,0.3177,0.3184,219111.6,1768158000000,69970.35311,429,2026-01-11 18:00:00+00:00
1768158000000,0.3185,0.3201,0.3182,0.3182,159250.7,1768161600000,50848.62731,271,2026-01-11 19:00:00+00:00
1768161600000,0.3182,0.3186,0.3145,0.3158,177920.3,1768165200000,56238.27223,492,2026-01-11 20:00:00+00:00
1768165200000,0.3156,0.3173,0.3139,0.3167,157780.6,1768168800000,49814.83624,253,2026-01-11 21:00:00+00:00
1768168800000,0.3168,0.3168,0.3103,0.3111,273148.2,1768172400000,85316.3598,500,2026-01-11 22:00:00+00:00
1768172400000,0.311,0.3136,0.3082,0.3119,158532.8,1768176000000,49321.74165,387,2026-01-11 23:00:00+00:00
1768176000000,0.3119,0.3214,0.3112,0.3191,2222354.5,1768179600000,706048.84827,6415,2026-01-12 00:00:00+00:00
1768179600000,0.3191,0.3205,0.3151,0.3173,372394.2,1768183200000,118346.22343,1342,2026-01-12 01:00:00+00:00
1768183200000,0.3175,0.3239,0.3174,0.3224,602571.9,1768186800000,193236.088,1967,2026-01-12 02:00:00+00:00
1768186800000,0.3226,0.3228,0.3154,0.3162,278697.5,1768190400000,88803.22934,1149,2026-01-12 03:00:00+00:00
1768190400000,0.3162,0.3164,0.3125,0.3152,302521.5,1768194000000,95040.10877,905,2026-01-12 04:00:00+00:00
1768194000000,0.3152,0.3171,0.3142,0.3147,149761.5,1768197600000,47279.50391,282,2026-01-12 05:00:00+00:00
1768197600000,0.315,0.315,0.3115,0.3126,164437.3,1768201200000,51478.4073,448,2026-01-12 06:00:00+00:00
1768201200000,0.3124,0.3134,0.3095,0.3095,119575.9,1768204800000,37189.79459,349,2026-01-12 07:00:00+00:00
1768204800000,0.3094,0.3119,0.3045,0.3061,431176.5,1768208400000,132553.45425,973,2026-01-12 08:00:00+00:00
1768208400000,0.3063,0.3094,0.3053,0.3062,381796.4,1768212000000,117343.48649,924,2026-01-12 09:00:00+00:00
1768212000000,0.3063,0.3092,0.3044,0.3045,191261.3,1768215600000,58674.39678,600,2026-01-12 10:00:00+00:00
1768215600000,0.3045,0.3072,0.3028,0.3042,644916.2,1768219200000,196563.21756,1375,2026-01-12 11:00:00+00:00
1768219200000,0.3041,0.3065,0.3031,0.3055,334830.1,1768222800000,102037.77901,807,2026-01-12 12:00:00+00:00
1768222800000,0.3057,0.3071,0.3013,0.3028,228615.2,1768226400000,69414.05234,567,2026-01-12 13:00:00+00:00
1768226400000,0.3027,0.3087,0.3027,0.3085,385854.9,1768230000000,118060.89291,1010,2026-01-12 14:00:00+00:00
1768230000000,0.3081,0.3113,0.3074,0.3103,261853.2,1768233600000,81002.44817,626,2026-01-12 15:00:00+00:00
1768233600000,0.3103,0.3119,0.3084,0.3098,235609.3,1768237200000,72999.16024,514,2026-01-12 16:00:00+00:00
1768237200000,0.3097,0.3108,0.3059,0.307,229638.7,1768240800000,70665.27139,518,2026-01-12 17:00:00+00:00
1768240800000,0.3072,0.3092,0.3065,0.307,88302.2,1768244400000,27173.13909,280,2026-01-12 18:00:00+00:00
1768244400000,0.3063,0.3076,0.3055,0.3076,58767.4,1768248000000,18010.78108,183,2026-01-12 19:00:00+00:00
1768248000000,0.3073,0.309,0.3047,0.3048,52119.6,1768251600000,15976.27886,203,2026-01-12 20:00:00+00:00
1768251600000,0.3046,0.3069,0.3026,0.3028,70220.5,1768255200000,21421.38952,288,2026-01-12 21:00:00+00:00
1768255200000,0.3036,0.3061,0.3031,0.3038,40535.5,1768258800000,12353.68261,158,2026-01-12 22:00:00+00:00
1768258800000,0.3038,0.3202,0.3021,0.3182,2278800.4,1768262400000,712830.91902,5104,2026-01-12 23:00:00+00:00
1768262400000,0.3182,0.3288,0.3151,0.3203,2173159.5,1768266000000,699432.49125,9006,2026-01-13 00:00:00+00:00
1768266000000,0.3202,0.3217,0.3128,0.3148,380032.8,1768269600000,120400.90129,1829,2026-01-13 01:00:00+00:00
1768269600000,0.3148,0.3221,0.3145,0.3164,398417.3,1768273200000,125990.34768,1796,2026-01-13 02:00:00+00:00
1768273200000,0.3164,0.3188,0.3151,0.3167,113831.9,1768276800000,36086.80093,796,2026-01-13 03:00:00+00:00
1768276800000,0.3167,0.3167,0.3133,0.3157,170197.5,1768280400000,53612.40453,826,2026-01-13 04:00:00+00:00
1768280400000,0.3156,0.3185,0.3143,0.3148,206180.5,1768284000000,65183.90914,823,2026-01-13 05:00:00+00:00
1768284000000,0.3149,0.3175,0.3126,0.3164,167210.8,1768287600000,52678.47299,731,2026-01-13 06:00:00+00:00
1768287600000,0.3161,0.3161,0.3132,0.3134,154207.4,1768291200000,48457.75115,669,2026-01-13 07:00:00+00:00
1768291200000,0.3134,0.314,0.3113,0.3121,172086.0,1768294800000,53753.9858,616,2026-01-13 08:00:00+00:00
1768294800000,0.3122,0.3158,0.3121,0.3154,206970.2,1768298400000,64937.52422,847,2026-01-13 09:00:00+00:00
1768298400000,0.3156,0.3196,0.3149,0.3187,198897.9,1768302000000,62968.09714,702,2026-01-13 10:00:00+00:00
1768302000000,0.3188,0.3211,0.3173,0.3194,197714.4,1768305600000,63081.87571,797,2026-01-13 11:00:00+00:00
1768305600000,0.3193,0.3208,0.3134,0.3147,1832448.0,1768309200000,578087.46348,2228,2026-01-13 12:00:00+00:00
1768309200000,0.3147,0.3185,0.3144,0.3162,257509.5,1768312800000,81389.24656,893,2026-01-13 13:00:00+00:00
1768312800000,0.3164,0.3208,0.315,0.3165,285729.8,1768316400000,90720.38966,986,2026-01-13 14:00:00+00:00
1768316400000,0.3163,0.3209,0.3148,0.3204,393780.7,1768320000000,125164.02666,1378,2026-01-13 15:00:00+00:00
1768320000000,0.3205,0.3224,0.318,0.3202,608317.0,1768323600000,194617.63855,1722,2026-01-13 16:00:00+00:00
1768323600000,0.3204,0.3222,0.319,0.3211,173762.4,1768327200000,55724.78448,664,2026-01-13 17:00:00+00:00
1768327200000,0.3207,0.3209,0.318,0.3196,423666.8,1768330800000,135274.05647,1113,2026-01-13 18:00:00+00:00
1768330800000,0.3196,0.3212,0.3181,0.3207,192183.1,1768334400000,61456.3921,611,2026-01-13 19:00:00+00:00
1768334400000,0.3207,0.3219,0.3188,0.3206,251096.3,1768338000000,80472.02639,806,2026-01-13 20:00:00+00:00
1768338000000,0.3206,0.3216,0.3195,0.3211,119190.6,1768341600000,38190.40797,366,2026-01-13 21:00:00+00:00
1768341600000,0.3212,0.3306,0.3209,0.3285,803812.5,1768345200000,262168.36134,2267,2026-01-13 22:00:00+00:00
1768345200000,0.3288,0.331,0.3254,0.3282,325074.9,1768348800000,106676.58051,1120,2026-01-13 23:00:00+00:00
1768348800000,0.3282,0.3293,0.323,0.3254,386301.9,1768352400000,125676.21363,1254,2026-01-14 00:00:00+00:00
1768352400000,0.3254,0.3276,0.3226,0.3242,196650.6,1768356000000,63949.50762,779,2026-01-14 01:00:00+00:00
1768356000000,0.3242,0.3257,0.3227,0.324,139164.4,1768359600000,45151.72375,565,2026-01-14 02:00:00+00:00
1768359600000,0.3241,0.3267,0.3226,0.3264,149073.5,1768363200000,48357.71443,473,2026-01-14 03:00:00+00:00
1768363200000,0.3263,0.3284,0.3234,0.3256,227738.6,1768366800000,74162.93494,822,2026-01-14 04:00:00+00:00
1768366800000,0.3254,0.326,0.323,0.3247,322313.8,1768370400000,104532.12042,791,2026-01-14 05:00:00+00:00
1768370400000,0.3246,0.3275,0.3224,0.3273,450042.9,1768374000000,146325.76016,1521,2026-01-14 06:00:00+00:00
1768374000000,0.3272,0.3272,0.3233,0.3235,216767.2,1768377600000,70467.90724,631,2026-01-14 07:00:00+00:00
1768377600000,0.3235,0.3262,0.3229,0.3242,320191.0,1768381200000,104035.32043,761,2026-01-14 08:00:00+00:00
1768381200000,0.3239,0.3262,0.3236,0.3242,200406.8,1768384800000,65089.8123,476,2026-01-14 09:00:00+00:00
1768384800000,0.3243,0.326,0.3235,0.3257,140444.5,1768388400000,45606.0623,533,2026-01-14 10:00:00+00:00
1768388400000,0.3256,0.3279,0.3242,0.3243,233895.9,1768392000000,76237.45107,1038,2026-01-14 11:00:00+00:00
1768392000000,0.3243,0.3272,0.324,0.3267,122923.5,1768395600000,40090.89536,749,2026-01-14 12:00:00+00:00
1768395600000,0.3264,0.3297,0.3251,0.3263,238154.1,1768399200000,77927.60836,687,2026-01-14 13:00:00+00:00
1768399200000,0.3261,0.3307,0.3252,0.3297,342471.1,1768402800000,112091.48174,895,2026-01-14 14:00:00+00:00
1768402800000,0.3292,0.3336,0.3275,0.3321,282540.0,1768406400000,93514.77177,1021,2026-01-14 15:00:00+00:00
1768406400000,0.3321,0.3421,0.3321,0.3366,769928.6,1768410000000,259912.75377,2865,2026-01-14 16:00:00+00:00
1768410000000,0.3371,0.3388,0.3307,0.3335,314584.2,1768413600000,105354.07382,1127,2026-01-14 17:00:00+00:00
1768413600000,0.3333,0.3348,0.3238,0.326,362816.5,1768417200000,119362.26901,1325,2026-01-14 18:00:00+00:00
1768417200000,0.3258,0.3325,0.3247,0.3298,245863.6,1768420800000,80626.36419,1097,2026-01-14 19:00:00+00:00
1768420800000,0.3296,0.3337,0.329,0.331,76765.5,1768424400000,25400.07575,473,2026-01-14 20:00:00+00:00
1768424400000,0.3309,0.3314,0.3263,0.3273,120665.8,1768428000000,39687.78382,589,2026-01-14 21:00:00+00:00
1768428000000,0.3273,0.3273,0.3229,0.3238,106547.3,1768431600000,34612.71028,549,2026-01-14 22:00:00+00:00
1768431600000,0.324,0.3267,0.3224,0.3243,138327.6,1768435200000,44835.2666,636,2026-01-14 23:00:00+00:00
1768435200000,0.3241,0.3242,0.3188,0.32,210105.7,1768438800000,67343.66512,756,2026-01-15 00:00:00+00:00
1768438800000,0.3202,0.3221,0.3187,0.3203,182641.3,1768442400000,58510.01131,934,2026-01-15 01:00:00+00:00
1768442400000,0.3199,0.3216,0.3183,0.3201,332825.8,1768446000000,106422.11723,1306,2026-01-15 02:00:00+00:00
1768446000000,0.3202,0.321,0.31,0.3113,1361968.8,1768449600000,430409.95493,3218,2026-01-15 03:00:00+00:00
1768449600000,0.3111,0.3133,0.3096,0.3119,193735.2,1768453200000,60329.09093,617,2026-01-15 04:00:00+00:00
1768453200000,0.3122,0.3143,0.3119,0.3133,82689.6,1768456800000,25898.9002,297,2026-01-15 05:00:00+00:00
1768456800000,0.3132,0.3146,0.3115,0.3125,113241.8,1768460400000,35449.39035,427,2026-01-15 06:00:00+00:00
1768460400000,0.3125,0.3155,0.3118,0.3153,194908.3,1768464000000,61136.49161,638,2026-01-15 07:00:00+00:00
1768464000000,0.3153,0.3163,0.3136,0.3157,306780.1,1768467600000,96595.10271,695,2026-01-15 08:00:00+00:00
1768467600000,0.3157,0.3181,0.3136,0.3168,435489.7,1768471200000,137516.2308,934,2026-01-15 09:00:00+00:00
1768471200000,0.3168,0.3187,0.3164,0.3172,115512.6,1768474800000,36668.83318,515,2026-01-15 10:00:00+00:00
1768474800000,0.3171,0.3177,0.3144,0.315,145506.3,1768478400000,45920.62298,618,2026-01-15 11:00:00+00:00
1768478400000,0.3149,0.3168,0.3147,0.3166,46138.7,1768482000000,14555.06979,215,2026-01-15 12:00:00+00:00
1768482000000,0.3166,0.3166,0.3142,0.3147,59449.0,1768485600000,18750.04963,210,2026-01-15 13:00:00+00:00
1768485600000,0.3148,0.3154,0.3107,0.3123,321858.2,1768489200000,100665.51533,843,2026-01-15 14:00:00+00:00
1768489200000,0.3131,0.3131,0.2999,0.3046,936324.3,1768492800000,285603.7747,3278,2026-01-15 15:00:00+00:00
1768492800000,0.3046,0.3049,0.3013,0.3038,347515.8,1768496400000,105326.71749,1683,2026-01-15 16:00:00+00:00
1768496400000,0.3039,0.3048,0.2988,0.2988,241804.3,1768500000000,73024.25434,835,2026-01-15 17:00:00+00:00
1768500000000,0.2986,0.2986,0.2918,0.2922,614066.7,1768503600000,181114.90896,2196,2026-01-15 18:00:00+00:00
1768503600000,0.2923,0.2929,0.2899,0.292,258042.1,1768507200000,75179.61745,1091,2026-01-15 19:00:00+00:00
1768507200000,0.292,0.2937,0.2891,0.2903,183779.3,1768510800000,53577.70982,693,2026-01-15 20:00:00+00:00
1768510800000,0.29,0.2927,0.29,0.2924,131445.7,1768514400000,38332.41188,682,2026-01-15 21:00:00+00:00
1768514400000,0.2923,0.2937,0.2913,0.2918,138651.1,1768518000000,40540.62661,495,2026-01-15 22:00:00+00:00
1768518000000,0.2918,0.2937,0.2904,0.2935,222475.3,1768521600000,64968.83811,720,2026-01-15 23:00:00+00:00
1768521600000,0.2935,0.3109,0.2926,0.3037,4807053.3,1768525200000,1468057.01523,21312,2026-01-16 00:00:00+00:00
1768525200000,0.3037,0.3054,0.2996,0.301,980086.9,1768528800000,296435.22628,4621,2026-01-16 01:00:00+00:00
1768528800000,0.301,0.3017,0.2989,0.3004,367262.1,1768532400000,110331.97718,1930,2026-01-16 02:00:00+00:00
1768532400000,0.3005,0.3039,0.3004,0.3032,208198.5,1768536000000,62876.66724,1140,2026-01-16 03:00:00+00:00
1768536000000,0.3033,0.3033,0.2931,0.2955,506456.9,1768539600000,151072.98858,2220,2026-01-16 04:00:00+00:00
1768539600000,0.2954,0.297,0.2916,0.2921,308099.8,1768543200000,90686.69972,1467,2026-01-16 05:00:00+00:00
1768543200000,0.2921,0.2924,0.2894,0.2915,553375.3,1768546800000,160850.15259,2112,2026-01-16 06:00:00+00:00
1768546800000,0.2914,0.2925,0.2905,0.2915,340746.2,1768550400000,99294.41001,1236,2026-01-16 07:00:00+00:00
1768550400000,0.2913,0.2952,0.2898,0.2948,318019.7,1768554000000,93016.69915,1154,2026-01-16 08:00:00+00:00
1768554000000,0.2944,0.2956,0.2925,0.293,183210.5,1768557600000,53869.71272,533,2026-01-16 09:00:00+00:00
1768557600000,0.293,0.2933,0.2905,0.2905,165228.7,1768561200000,48263.99675,645,2026-01-16 10:00:00+00:00
1768561200000,0.2906,0.2928,0.2893,0.2918,201246.5,1768564800000,58445.23947,599,2026-01-16 11:00:00+00:00
1768564800000,0.2918,0.2922,0.2902,0.2914,183375.5,1768568400000,53387.36767,619,2026-01-16 12:00:00+00:00
1768568400000,0.2914,0.2947,0.2913,0.2924,163368.0,1768572000000,47890.93961,565,2026-01-16 13:00:00+00:00
1768572000000,0.2922,0.294,0.2909,0.2931,257477.7,1768575600000,75373.99896,675,2026-01-16 14:00:00+00:00
1768575600000,0.2932,0.2947,0.2855,0.2881,465421.3,1768579200000,134361.5192,1467,2026-01-16 15:00:00+00:00
1768579200000,0.288,0.2923,0.2874,0.2898,258074.5,1768582800000,74878.39943,893,2026-01-16 16:00:00+00:00
1768582800000,0.2898,0.2914,0.2885,0.291,103439.4,1768586400000,30027.12489,396,2026-01-16 17:00:00+00:00
1768586400000,0.2913,0.2929,0.291,0.2917,41200.9,1768590000000,12033.58981,213,2026-01-16 18:00:00+00:00
1768590000000,0.2916,0.2946,0.2913,0.2942,135744.0,1768593600000,39822.40466,432,2026-01-16 19:00:00+00:00
1768593600000,0.2941,0.2952,0.2919,0.2949,308547.0,1768597200000,90606.10905,1099,2026-01-16 20:00:00+00:00
1768597200000,0.2951,0.2971,0.2939,0.2957,276704.4,1768600800000,81767.67407,1257,2026-01-16 21:00:00+00:00
1768600800000,0.2958,0.2973,0.2949,0.297,157344.0,1768604400000,46637.92245,539,2026-01-16 22:00:00+00:00
1768604400000,0.297,0.301,0.297,0.2996,253460.4,1768608000000,76008.31043,818,2026-01-16 23:00:00+00:00
1768608000000,0.2994,0.309,0.2981,0.3,2116480.5,1768611600000,644674.79896,11147,2026-01-17 00:00:00+00:00
1768611600000,0.3,0.3038,0.2981,0.3005,293967.4,1768615200000,88306.33424,1819,2026-01-17 01:00:00+00:00
1768615200000,0.3005,0.3046,0.2999,0.3026,163033.8,1768618800000,49274.12155,850,2026-01-17 02:00:00+00:00
1768618800000,0.3027,0.3041,0.301,0.3023,197251.3,1768622400000,59749.42514,814,2026-01-17 03:00:00+00:00
1768622400000,0.3023,0.3025,0.2996,0.3009,250300.0,1768626000000,75270.55844,835,2026-01-17 04:00:00+00:00
1768626000000,0.3009,0.3011,0.2981,0.2985,62675.7,1768629600000,18760.42609,365,2026-01-17 05:00:00+00:00
1768629600000,0.2984,0.2995,0.2966,0.2981,79024.5,1768633200000,23549.22004,466,2026-01-17 06:00:00+00:00
1768633200000,0.2982,0.2989,0.2965,0.2972,165937.0,1768636800000,49362.29825,641,2026-01-17 07:00:00+00:00
1768636800000,0.2972,0.2986,0.2962,0.2978,221273.1,1768640400000,65764.09537,675,2026-01-17 08:00:00+00:00
1768640400000,0.2979,0.2984,0.2957,0.2968,211448.0,1768644000000,62756.67585,553,2026-01-17 09:00:00+00:00
1768644000000,0.2969,0.2979,0.2945,0.2945,108327.9,1768647600000,32131.56405,387,2026-01-17 10:00:00+00:00
1768647600000,0.2944,0.2964,0.2935,0.2963,111807.5,1768651200000,32940.6353,383,2026-01-17 11:00:00+00:00
1768651200000,0.2961,0.2975,0.2957,0.2965,98791.1,1768654800000,29300.10055,344,2026-01-17 12:00:00+00:00
1768654800000,0.2967,0.2982,0.2949,0.2967,378888.6,1768658400000,112353.55984,839,2026-01-17 13:00:00+00:00
1768658400000,0.2964,0.298,0.2957,0.2973,132596.4,1768662000000,39379.12492,419,2026-01-17 14:00:00+00:00
1768662000000,0.2973,0.2999,0.2973,0.2987,150804.2,1768665600000,44990.20172,526,2026-01-17 15:00:00+00:00
1768665600000,0.2986,0.2993,0.2961,0.2972,224474.6,1768669200000,66837.085,740,2026-01-17 16:00:00+00:00
1768669200000,0.2972,0.2992,0.297,0.2977,115790.7,1768672800000,34474.93542,494,2026-01-17 17:00:00+00:00
1768672800000,0.2979,0.3028,0.2978,0.3025,104538.1,1768676400000,31461.05059,478,2026-01-17 18:00:00+00:00
1768676400000,0.3026,0.3026,0.2994,0.3001,113292.1,1768680000000,34065.60708,542,2026-01-17 19:00:00+00:00
1768680000000,0.2999,0.3018,0.2994,0.2998,175865.1,1768683600000,52904.22859,499,2026-01-17 20:00:00+00:00
1768683600000,0.2999,0.3012,0.2996,0.3005,48188.8,1768687200000,14477.09775,191,2026-01-17 21:00:00+00:00
1768687200000,0.3007,0.3013,0.2975,0.2988,149561.7,1768690800000,44746.12073,558,2026-01-17 22:00:00+00:00
1768690800000,0.2987,0.3,0.297,0.2986,149029.5,1768694400000,44426.70769,421,2026-01-17 23:00:00+00:00
1768694400000,0.2984,0.2985,0.2921,0.2931,310447.2,1768698000000,91897.2312,1242,2026-01-18 00:00:00+00:00
1768698000000,0.293,0.2934,0.2912,0.2922,132871.4,1768701600000,38858.56761,597,2026-01-18 01:00:00+00:00
1768701600000,0.2926,0.2939,0.2904,0.2904,117672.7,1768705200000,34376.13496,482,2026-01-18 02:00:00+00:00
1768705200000,0.2904,0.2921,0.2902,0.2915,138166.8,1768708800000,40194.15539,501,2026-01-18 03:00:00+00:00
1768708800000,0.2915,0.292,0.2903,0.2916,85986.6,1768712400000,25033.25454,298,2026-01-18 04:00:00+00:00
1768712400000,0.2917,0.2935,0.2914,0.2927,77232.1,1768716000000,22585.48061,304,2026-01-18 05:00:00+00:00
1768716000000,0.2925,0.2937,0.2909,0.2914,60393.0,1768719600000,17606.62449,214,2026-01-18 06:00:00+00:00
1768719600000,0.2911,0.2926,0.2907,0.291,70169.5,1768723200000,20467.36186,244,2026-01-18 07:00:00+00:00
1768723200000,0.2909,0.2917,0.2897,0.2915,53839.6,1768726800000,15650.65917,246,2026-01-18 08:00:00+00:00
1768726800000,0.2915,0.2926,0.2914,0.2924,73523.4,1768730400000,21469.53919,208,2026-01-18 09:00:00+00:00
1768730400000,0.2921,0.2933,0.2914,0.2933,60371.7,1768734000000,17629.16149,239,2026-01-18 10:00:00+00:00
1768734000000,0.2933,0.2944,0.2916,0.2916,82201.4,1768737600000,24098.26064,369,2026-01-18 11:00:00+00:00
1768737600000,0.2918,0.292,0.2903,0.2909,151980.4,1768741200000,44264.9757,558,2026-01-18 12:00:00+00:00
1768741200000,0.2909,0.292,0.2899,0.2907,123856.9,1768744800000,36019.61378,471,2026-01-18 13:00:00+00:00
1768744800000,0.2904,0.2936,0.2901,0.2904,95162.4,1768748400000,27747.29655,439,2026-01-18 14:00:00+00:00
1768748400000,0.2904,0.2923,0.2903,0.2915,23318.9,1768752000000,6796.42072,140,2026-01-18 15:00:00+00:00
1768752000000,0.2914,0.2921,0.291,0.2914,43064.5,1768755600000,12553.05663,172,2026-01-18 16:00:00+00:00
1768755600000,0.2915,0.2915,0.2901,0.2913,65439.2,1768759200000,19031.08953,247,2026-01-18 17:00:00+00:00
1768759200000,0.291,0.2937,0.2903,0.2921,66852.3,1768762800000,19542.63316,285,2026-01-18 18:00:00+00:00
1768762800000,0.292,0.2935,0.2903,0.2908,41346.7,1768766400000,12060.42345,182,2026-01-18 19:00:00+00:00
1768766400000,0.2907,0.2915,0.2897,0.2905,97387.0,1768770000000,28271.71518,330,2026-01-18 20:00:00+00:00
1768770000000,0.2905,0.2927,0.2903,0.292,58371.0,1768773600000,17034.6457,228,2026-01-18 21:00:00+00:00
1768773600000,0.292,0.2928,0.291,0.2921,49394.5,1768777200000,14419.5726,193,2026-01-18 22:00:00+00:00
1768777200000,0.292,0.292,0.2777,0.2784,790529.3,1768780800000,223334.66838,2471,2026-01-18 23:00:00+00:00
1768780800000,0.2787,0.2787,0.2545,0.2676,2455696.2,1768784400000,655087.36315,9988,2026-01-19 00:00:00+00:00
1768784400000,0.2675,0.2704,0.2659,0.2664,279783.0,1768788000000,75035.82068,1102,2026-01-19 01:00:00+00:00
1768788000000,0.2665,0.2691,0.2656,0.2678,222868.8,1768791600000,59625.67605,1145,2026-01-19 02:00:00+00:00
1768791600000,0.2677,0.2708,0.2675,0.2702,141262.3,1768795200000,37934.37428,625,2026-01-19 03:00:00+00:00
1768795200000,0.2701,0.2714,0.2661,0.2662,134835.2,1768798800000,36296.96771,455,2026-01-19 04:00:00+00:00
1768798800000,0.2661,0.2676,0.2639,0.2657,173383.5,1768802400000,46079.52289,675,2026-01-19 05:00:00+00:00
1768802400000,0.2656,0.2684,0.265,0.2667,212390.7,1768806000000,56703.74616,794,2026-01-19 06:00:00+00:00
1768806000000,0.2669,0.2708,0.2669,0.2694,211923.6,1768809600000,57196.71156,557,2026-01-19 07:00:00+00:00
1768809600000,0.2695,0.2728,0.2681,0.2726,327041.3,1768813200000,88344.54641,899,2026-01-19 08:00:00+00:00
1768813200000,0.2726,0.2803,0.2724,0.2782,340461.2,1768816800000,94083.68673,1688,2026-01-19 09:00:00+00:00
1768816800000,0.278,0.2822,0.2762,0.2786,365346.4,1768820400000,102202.58847,1484,2026-01-19 10:00:00+00:00
1768820400000,0.2791,0.2961,0.2788,0.2956,2011227.8,1768824000000,582751.50083,9299,2026-01-19 11:00:00+00:00
1768824000000,0.2956,0.3119,0.2899,0.2945,7390845.4,1768827600000,2235563.52594,28519,2026-01-19 12:00:00+00:00
1768827600000,0.2948,0.2953,0.2832,0.284,2022614.3,1768831200000,583161.66316,12909,2026-01-19 13:00:00+00:00
1768831200000,0.2842,0.285,0.2801,0.2842,718194.8,1768834800000,203000.72796,4115,2026-01-19 14:00:00+00:00
1768834800000,0.2842,0.2861,0.2821,0.2827,401312.8,1768838400000,113932.22668,1968,2026-01-19 15:00:00+00:00
1768838400000,0.2827,0.2849,0.2802,0.2838,524342.2,1768842000000,148002.38,1493,2026-01-19 16:00:00+00:00
1768842000000,0.2839,0.2865,0.2827,0.2863,586798.5,1768845600000,167350.94438,1711,2026-01-19 17:00:00+00:00
1768845600000,0.2863,0.304,0.2854,0.3025,2921491.6,1768849200000,862453.74918,7762,2026-01-19 18:00:00+00:00
1768849200000,0.3025,0.3078,0.2967,0.2967,1429009.1,1768852800000,433415.11349,7213,2026-01-19 19:00:00+00:00
1768852800000,0.2967,0.3053,0.294,0.3024,1019608.2,1768856400000,305344.55814,4261,2026-01-19 20:00:00+00:00
1768856400000,0.3024,0.3037,0.294,0.2955,628787.6,1768860000000,187937.41032,2815,2026-01-19 21:00:00+00:00
1768860000000,0.2954,0.2961,0.29,0.2909,305097.5,1768863600000,89134.99593,1371,2026-01-19 22:00:00+00:00
1768863600000,0.291,0.2961,0.2895,0.2948,190513.0,1768867200000,55775.70413,1151,2026-01-19 23:00:00+00:00
1768867200000,0.295,0.3012,0.2863,0.2874,1043892.9,1768870800000,307214.15555,5890,2026-01-20 00:00:00+00:00
1768870800000,0.2875,0.2973,0.2875,0.2957,283539.3,1768874400000,83089.10169,1958,2026-01-20 01:00:00+00:00
1768874400000,0.2958,0.2963,0.2861,0.2878,1889000.0,1768878000000,543269.28044,2884,2026-01-20 02:00:00+00:00
1768878000000,0.2879,0.2896,0.2841,0.2861,466221.2,1768881600000,134092.4514,1347,2026-01-20 03:00:00+00:00
1768881600000,0.286,0.2875,0.283,0.2834,287698.1,1768885200000,81849.60248,1257,2026-01-20 04:00:00+00:00
1768885200000,0.2833,0.2847,0.2818,0.2827,244936.9,1768888800000,69311.1724,1126,2026-01-20 05:00:00+00:00
1768888800000,0.2825,0.2914,0.2796,0.2853,1999764.5,1768892400000,571505.07883,4883,2026-01-20 06:00:00+00:00
1768892400000,0.2854,0.289,0.2833,0.2834,419445.3,1768896000000,119949.06498,1725,2026-01-20 07:00:00+00:00
1768896000000,0.2833,0.286,0.2819,0.2835,310678.4,1768899600000,88064.58914,1527,2026-01-20 08:00:00+00:00
1768899600000,0.2833,0.2854,0.2805,0.282,279892.1,1768903200000,78962.85725,1212,2026-01-20 09:00:00+00:00
1768903200000,0.282,0.2848,0.2816,0.2843,261365.0,1768906800000,73951.95303,1126,2026-01-20 10:00:00+00:00
1768906800000,0.2844,0.2855,0.2798,0.2825,228870.4,1768910400000,64661.35349,1098,2026-01-20 11:00:00+00:00
1768910400000,0.2824,0.2829,0.2783,0.2798,312501.7,1768914000000,87556.84219,1258,2026-01-20 12:00:00+00:00
1768914000000,0.2799,0.2806,0.2769,0.2779,197171.1,1768917600000,55003.99708,1008,2026-01-20 13:00:00+00:00
1768917600000,0.278,0.2822,0.2773,0.279,280153.1,1768921200000,78159.3539,1407,2026-01-20 14:00:00+00:00
1768921200000,0.2791,0.2804,0.2747,0.2763,472522.0,1768924800000,131023.26793,2402,2026-01-20 15:00:00+00:00
1768924800000,0.2762,0.2791,0.2723,0.2732,296695.3,1768928400000,81805.95685,1261,2026-01-20 16:00:00+00:00
1768928400000,0.2733,0.2755,0.2704,0.2722,151658.0,1768932000000,41399.57469,936,2026-01-20 17:00:00+00:00
1768932000000,0.2722,0.2732,0.2701,0.2712,270303.7,1768935600000,73426.70092,988,2026-01-20 18:00:00+00:00
1768935600000,0.2713,0.2738,0.2713,0.2722,144165.1,1768939200000,39242.4077,587,2026-01-20 19:00:00+00:00
1768939200000,0.2721,0.2733,0.2711,0.2729,93828.6,1768942800000,25541.76037,528,2026-01-20 20:00:00+00:00
1768942800000,0.2728,0.2736,0.272,0.272,70113.6,1768946400000,19125.71996,330,2026-01-20 21:00:00+00:00
1768946400000,0.2721,0.274,0.2669,0.2693,309856.0,1768950000000,83650.92548,1141,2026-01-20 22:00:00+00:00
1768950000000,0.2692,0.2732,0.2673,0.271,191939.7,1768953600000,51826.42697,887,2026-01-20 23:00:00+00:00
1768953600000,0.271,0.2804,0.2695,0.2792,1305855.9,1768957200000,361085.86785,3245,2026-01-21 00:00:00+00:00
1768957200000,0.2792,0.2796,0.2713,0.275,326171.9,1768960800000,89544.26787,1084,2026-01-21 01:00:00+00:00
1768960800000,0.2751,0.2766,0.2736,0.2749,477336.0,1768964400000,131365.43429,1251,2026-01-21 02:00:00+00:00
1768964400000,0.2752,0.277,0.2728,0.2738,159070.6,1768968000000,43776.31513,693,2026-01-21 03:00:00+00:00
1768968000000,0.2738,0.2773,0.273,0.2767,117971.0,1768971600000,32512.47477,605,2026-01-21 04:00:00+00:00
1768971600000,0.2766,0.2783,0.2752,0.2779,200658.8,1768975200000,55503.02193,690,2026-01-21 05:00:00+00:00
1768975200000,0.2779,0.2803,0.2777,0.2795,68918.5,1768978800000,19247.99092,460,2026-01-21 06:00:00+00:00
1768978800000,0.2794,0.2805,0.2783,0.2796,138328.1,1768982400000,38661.10942,679,2026-01-21 07:00:00+00:00
1768982400000,0.2794,0.2794,0.2744,0.2749,116387.1,1768986000000,32152.48871,539,2026-01-21 08:00:00+00:00
1768986000000,0.2749,0.2756,0.2733,0.2747,320583.6,1768989600000,87807.59191,791,2026-01-21 09:00:00+00:00
1768989600000,0.2747,0.2768,0.2732,0.2736,91997.1,1768993200000,25336.34497,428,2026-01-21 10:00:00+00:00
1768993200000,0.2735,0.2775,0.2732,0.2735,179818.1,1768996800000,49576.93656,646,2026-01-21 11:00:00+00:00
1768996800000,0.2736,0.2767,0.27,0.2761,192422.9,1769000400000,52417.38452,893,2026-01-21 12:00:00+00:00
1769000400000,0.276,0.2773,0.2732,0.2732,169728.5,1769004000000,46748.27041,727,2026-01-21 13:00:00+00:00
1769004000000,0.2731,0.2794,0.2728,0.2766,373316.6,1769007600000,103329.50896,1881,2026-01-21 14:00:00+00:00
1769007600000,0.2766,0.2799,0.2766,0.2779,158585.1,1769011200000,44133.56004,846,2026-01-21 15:00:00+00:00
1769011200000,0.2781,0.2782,0.2671,0.2675,400422.6,1769014800000,108908.19893,1682,2026-01-21 16:00:00+00:00
1769014800000,0.2675,0.27,0.2639,0.2683,403987.3,1769018400000,107940.50997,2001,2026-01-21 17:00:00+00:00
1769018400000,0.2682,0.2725,0.2678,0.2724,156067.5,1769022000000,42204.27452,1046,2026-01-21 18:00:00+00:00
1769022000000,0.2723,0.2787,0.2706,0.2782,237391.5,1769025600000,65353.44448,1448,2026-01-21 19:00:00+00:00
1769025600000,0.2781,0.2788,0.2747,0.276,152041.6,1769029200000,42085.66701,703,2026-01-21 20:00:00+00:00
1769029200000,0.2759,0.2767,0.2748,0.2757,83166.8,1769032800000,22939.57384,410,2026-01-21 21:00:00+00:00
1769032800000,0.2759,0.2774,0.2752,0.2752,59399.4,1769036400000,16430.80366,321,2026-01-21 22:00:00+00:00
1769036400000,0.2751,0.2761,0.2728,0.2733,143196.2,1769040000000,39270.18631,523,2026-01-21 23:00:00+00:00
1769040000000,0.2732,0.2738,0.2716,0.2721,143132.0,1769043600000,39020.92679,595,2026-01-22 00:00:00+00:00
1769043600000,0.2721,0.2732,0.2702,0.2724,283010.8,1769047200000,76850.0018,984,2026-01-22 01:00:00+00:00
1769047200000,0.2723,0.2729,0.2708,0.2711,92187.7,1769050800000,25075.63236,444,2026-01-22 02:00:00+00:00
1769050800000,0.2711,0.2717,0.2689,0.2691,183631.1,1769054400000,49616.07621,585,2026-01-22 03:00:00+00:00
1769054400000,0.269,0.2709,0.2682,0.2702,72102.4,1769058000000,19439.69419,286,2026-01-22 04:00:00+00:00
1769058000000,0.2704,0.2711,0.2678,0.2687,260254.1,1769061600000,70038.73103,608,2026-01-22 05:00:00+00:00
1769061600000,0.2688,0.2703,0.2681,0.2697,171908.2,1769065200000,46256.69686,544,2026-01-22 06:00:00+00:00
1769065200000,0.2697,0.2698,0.268,0.2689,193375.2,1769068800000,52011.3436,506,2026-01-22 07:00:00+00:00
1769068800000,0.2687,0.27,0.2679,0.2699,111433.1,1769072400000,29963.51219,308,2026-01-22 08:00:00+00:00
1769072400000,0.2699,0.2712,0.2685,0.2687,309739.4,1769076000000,83495.05859,946,2026-01-22 09:00:00+00:00
1769076000000,0.2688,0.2699,0.2674,0.2685,257785.7,1769079600000,69225.45056,1099,2026-01-22 10:00:00+00:00
1769079600000,0.2685,0.2689,0.2648,0.2654,224150.9,1769083200000,59838.2619,846,2026-01-22 11:00:00+00:00
1769083200000,0.2656,0.2672,0.2651,0.2672,164846.8,1769086800000,43859.92747,665,2026-01-22 12:00:00+00:00
1769086800000,0.2671,0.2697,0.266,0.2666,194729.5,1769090400000,52116.46381,709,2026-01-22 13:00:00+00:00
1769090400000,0.2666,0.2675,0.2632,0.264,222220.3,1769094000000,58833.43701,809,2026-01-22 14:00:00+00:00
1769094000000,0.2638,0.2667,0.263,0.2662,234866.1,1769097600000,62131.43798,882,2026-01-22 15:00:00+00:00
1769097600000,0.266,0.2682,0.2657,0.2673,91658.0,1769101200000,24466.35887,443,2026-01-22 16:00:00+00:00
1769101200000,0.2678,0.2687,0.2662,0.2666,159038.3,1769104800000,42581.03267,355,2026-01-22 17:00:00+00:00
1769104800000,0.2666,0.2667,0.2645,0.2645,65486.4,1769108400000,17396.37856,314,2026-01-22 18:00:00+00:00
1769108400000,0.2646,0.2671,0.264,0.2663,71314.8,1769112000000,18944.09177,287,2026-01-22 19:00:00+00:00
1769112000000,0.2662,0.267,0.2643,0.2654,118791.8,1769115600000,31535.00963,367,2026-01-22 20:00:00+00:00
1769115600000,0.2654,0.2686,0.2649,0.2682,109010.6,1769119200000,29108.5361,361,2026-01-22 21:00:00+00:00
1769119200000,0.2684,0.2685,0.2661,0.2671,71551.2,1769122800000,19118.19957,237,2026-01-22 22:00:00+00:00
1769122800000,0.2672,0.2704,0.2661,0.269,86031.7,1769126400000,23113.97589,325,2026-01-22 23:00:00+00:00
1769126400000,0.269,0.2717,0.2668,0.2691,195786.1,1769130000000,52682.755,571,2026-01-23 00:00:00+00:00
1769130000000,0.2693,0.2701,0.2682,0.2694,100934.0,1769133600000,27167.82497,373,2026-01-23 01:00:00+00:00
1769133600000,0.2695,0.2698,0.2675,0.2677,79557.3,1769137200000,21357.1149,281,2026-01-23 02:00:00+00:00
1769137200000,0.2675,0.2698,0.2675,0.269,53142.6,1769140800000,14292.15283,287,2026-01-23 03:00:00+00:00
1769140800000,0.269,0.2718,0.2688,0.2703,148145.9,1769144400000,40119.06953,433,2026-01-23 04:00:00+00:00
1769144400000,0.2704,0.2723,0.2686,0.2722,250929.9,1769148000000,67843.93796,1102,2026-01-23 05:00:00+00:00
1769148000000,0.2722,0.2768,0.2721,0.276,367610.3,1769151600000,101169.43448,1279,2026-01-23 06:00:00+00:00
1769151600000,0.276,0.2775,0.2744,0.2763,225949.2,1769155200000,62358.23925,816,2026-01-23 07:00:00+00:00
1769155200000,0.2761,0.2806,0.275,0.2775,319415.7,1769158800000,88623.89374,1268,2026-01-23 08:00:00+00:00
1769158800000,0.2774,0.2785,0.2757,0.277,366904.0,1769162400000,101671.00733,1342,2026-01-23 09:00:00+00:00
1769162400000,0.2765,0.2765,0.2727,0.2733,233655.2,1769166000000,64103.19054,1015,2026-01-23 10:00:00+00:00
1769166000000,0.2734,0.28,0.273,0.2785,239778.3,1769169600000,66620.58697,814,2026-01-23 11:00:00+00:00
1769169600000,0.2785,0.2823,0.2779,0.2797,414634.5,1769173200000,116070.21643,1178,2026-01-23 12:00:00+00:00
1769173200000,0.2798,0.2802,0.2747,0.2758,605593.5,1769176800000,168501.42215,1535,2026-01-23 13:00:00+00:00
1769176800000,0.2759,0.2789,0.2707,0.2715,641868.3,1769180400000,176863.9583,1944,2026-01-23 14:00:00+00:00
1769180400000,0.2716,0.2753,0.269,0.2753,285760.0,1769184000000,77704.08301,999,2026-01-23 15:00:00+00:00
1769184000000,0.2752,0.277,0.2729,0.2758,121301.5,1769187600000,33325.19878,531,2026-01-23 16:00:00+00:00
1769187600000,0.2755,0.28,0.2744,0.2766,168676.2,1769191200000,46833.28064,621,2026-01-23 17:00:00+00:00
1769191200000,0.2763,0.2792,0.2758,0.2773,105511.0,1769194800000,29326.95369,545,2026-01-23 18:00:00+00:00
1769194800000,0.2772,0.2772,0.2711,0.2713,146059.2,1769198400000,39933.79681,576,2026-01-23 19:00:00+00:00
1769198400000,0.2714,0.2726,0.2689,0.2708,185469.3,1769202000000,50175.53771,567,2026-01-23 20:00:00+00:00
1769202000000,0.2706,0.2741,0.2706,0.2721,125409.9,1769205600000,34151.43814,348,2026-01-23 21:00:00+00:00
1769205600000,0.2722,0.2747,0.2722,0.2734,114070.5,1769209200000,31186.70879,419,2026-01-23 22:00:00+00:00
1769209200000,0.2731,0.2731,0.2715,0.2723,72559.0,1769212800000,19747.26055,189,2026-01-23 23:00:00+00:00
1769212800000,0.2723,0.2724,0.2693,0.2699,107237.4,1769216400000,29023.03946,374,2026-01-24 00:00:00+00:00
1769216400000,0.27,0.2731,0.2695,0.273,443505.3,1769220000000,120558.06191,907,2026-01-24 01:00:00+00:00
1769220000000,0.273,0.2768,0.2729,0.2742,244187.4,1769223600000,67092.2905,1309,2026-01-24 02:00:00+00:00
1769223600000,0.2742,0.2798,0.2736,0.2786,240835.2,1769227200000,66839.76674,1136,2026-01-24 03:00:00+00:00
1769227200000,0.2784,0.2788,0.276,0.2776,176982.7,1769230800000,49125.50917,662,2026-01-24 04:00:00+00:00
1769230800000,0.2778,0.2795,0.2765,0.2791,97476.3,1769234400000,27114.26646,437,2026-01-24 05:00:00+00:00
1769234400000,0.2789,0.2867,0.2783,0.2842,489151.5,1769238000000,138139.13131,1714,2026-01-24 06:00:00+00:00
1769238000000,0.2842,0.289,0.2817,0.2872,1342753.7,1769241600000,384402.74252,3914,2026-01-24 07:00:00+00:00
1769241600000,0.2872,0.2938,0.2826,0.2842,1542930.6,1769245200000,446920.02792,5916,2026-01-24 08:00:00+00:00
1769245200000,0.2843,0.288,0.2826,0.2843,246705.3,1769248800000,70165.66415,913,2026-01-24 09:00:00+00:00
1769248800000,0.2846,0.2847,0.2794,0.2829,306236.8,1769252400000,86215.26058,1110,2026-01-24 10:00:00+00:00
1769252400000,0.283,0.2865,0.2828,0.2853,222792.6,1769256000000,63507.35116,791,2026-01-24 11:00:00+00:00
1769256000000,0.2854,0.2913,0.2835,0.2851,672117.3,1769259600000,192616.09343,1538,2026-01-24 12:00:00+00:00
1769259600000,0.2853,0.2877,0.2848,0.2853,267010.0,1769263200000,76323.99576,801,2026-01-24 13:00:00+00:00
1769263200000,0.2854,0.2897,0.2844,0.2859,418317.0,1769266800000,119999.63336,1176,2026-01-24 14:00:00+00:00
1769266800000,0.286,0.2891,0.2856,0.2874,267864.5,1769270400000,77000.50421,740,2026-01-24 15:00:00+00:00
1769270400000,0.2874,0.2874,0.2834,0.2839,219983.1,1769274000000,62741.22154,624,2026-01-24 16:00:00+00:00
1769274000000,0.2842,0.2859,0.2839,0.2858,78425.8,1769277600000,22363.64116,281,2026-01-24 17:00:00+00:00
1769277600000,0.2858,0.2868,0.2841,0.2846,252712.3,1769281200000,72042.52853,635,2026-01-24 18:00:00+00:00
1769281200000,0.2846,0.2866,0.2837,0.2838,154508.2,1769284800000,44065.98017,481,2026-01-24 19:00:00+00:00
1769284800000,0.2837,0.2845,0.2833,0.2843,80816.8,1769288400000,22939.32133,252,2026-01-24 20:00:00+00:00
1769288400000,0.2842,0.2852,0.2837,0.285,74096.7,1769292000000,21097.42807,213,2026-01-24 21:00:00+00:00
1769292000000,0.2849,0.2849,0.2827,0.2843,58118.6,1769295600000,16491.61421,182,2026-01-24 22:00:00+00:00
1769295600000,0.2845,0.2913,0.2845,0.2896,264277.8,1769299200000,76353.95348,996,2026-01-24 23:00:00+00:00
1769299200000,0.2891,0.3362,0.2862,0.3316,8915874.0,1769302800000,2823118.82475,35026,2026-01-25 00:00:00+00:00
1769302800000,0.3309,0.3453,0.3226,0.3294,5883314.1,1769306400000,1961699.39321,21532,2026-01-25 01:00:00+00:00
1769306400000,0.3292,0.3319,0.3166,0.3291,2152520.6,1769310000000,695610.43774,9448,2026-01-25 02:00:00+00:00
1769310000000,0.3293,0.3333,0.3226,0.3293,1360112.2,1769313600000,446241.93036,5072,2026-01-25 03:00:00+00:00
1769313600000,0.329,0.3519,0.3221,0.3446,3757104.4,1769317200000,1274569.69254,15159,2026-01-25 04:00:00+00:00
1769317200000,0.3446,0.3694,0.3414,0.3538,6877399.7,1769320800000,2467049.06282,19647,2026-01-25 05:00:00+00:00
1769320800000,0.3537,0.3598,0.3471,0.3503,3270869.5,1769324400000,1156008.03472,8641,2026-01-25 06:00:00+00:00
1769324400000,0.3502,0.382,0.35,0.3703,5785079.1,1769328000000,2130822.55415,19034,2026-01-25 07:00:00+00:00
1769328000000,0.3699,0.3844,0.359,0.3626,5315622.3,1769331600000,1977067.1452,17782,2026-01-25 08:00:00+00:00
1769331600000,0.3626,0.3677,0.3367,0.3394,5757566.6,1769335200000,2006665.88657,22719,2026-01-25 09:00:00+00:00
1769335200000,0.3397,0.3438,0.3355,0.3397,1191229.0,1769338800000,404822.18468,5045,2026-01-25 10:00:00+00:00
1769338800000,0.3398,0.3542,0.3395,0.3492,2626714.8,1769342400000,911335.8149,11467,2026-01-25 11:00:00+00:00
1769342400000,0.3491,0.3703,0.3362,0.3591,3894184.4,1769346000000,1377094.06364,15242,2026-01-25 12:00:00+00:00
1769346000000,0.3591,0.3607,0.3376,0.3424,2501762.6,1769349600000,867595.71193,9023,2026-01-25 13:00:00+00:00
1769349600000,0.3422,0.3433,0.32,0.3241,2500497.9,1769353200000,823266.90322,9551,2026-01-25 14:00:00+00:00
1769353200000,0.3243,0.3292,0.321,0.3262,1373787.7,1769356800000,446688.90947,5144,2026-01-25 15:00:00+00:00
1769356800000,0.3261,0.328,0.3098,0.3136,1992137.5,1769360400000,631313.60854,7159,2026-01-25 16:00:00+00:00
1769360400000,0.3138,0.3145,0.3087,0.3121,933281.9,1769364000000,290383.47909,2783,2026-01-25 17:00:00+00:00
1769364000000,0.312,0.3124,0.3045,0.3066,914396.3,1769367600000,281914.74971,3413,2026-01-25 18:00:00+00:00
1769367600000,0.3066,0.3091,0.2985,0.2993,1010432.6,1769371200000,306967.12148,2974,2026-01-25 19:00:00+00:00
1769371200000,0.2993,0.3058,0.299,0.3032,670519.4,1769374800000,202850.31037,2219,2026-01-25 20:00:00+00:00
1769374800000,0.3033,0.3094,0.3021,0.3089,634328.8,1769378400000,193934.11481,2192,2026-01-25 21:00:00+00:00
1769378400000,0.309,0.329,0.3078,0.3126,4066988.2,1769382000000,1300550.25462,12016,2026-01-25 22:00:00+00:00
1769382000000,0.3126,0.3252,0.3117,0.3222,1381744.7,1769385600000,440662.83737,6116,2026-01-25 23:00:00+00:00
1769385600000,0.3222,0.3234,0.2944,0.2975,2429005.6,1769389200000,741453.48278,8555,2026-01-26 00:00:00+00:00
1769389200000,0.2976,0.3022,0.2958,0.3,913853.7,1769392800000,273116.56996,3948,2026-01-26 01:00:00+00:00
1769392800000,0.3001,0.3028,0.298,0.2993,610235.5,1769396400000,183314.82644,1804,2026-01-26 02:00:00+00:00
1769396400000,0.2994,0.3002,0.295,0.2958,422980.8,1769400000000,125940.67984,1362,2026-01-26 03:00:00+00:00
1769400000000,0.2956,0.3038,0.2933,0.3008,694750.9,1769403600000,207602.41461,1945,2026-01-26 04:00:00+00:00
1769403600000,0.3009,0.3072,0.3009,0.3048,745153.8,1769407200000,226976.01627,1937,2026-01-26 05:00:00+00:00
1769407200000,0.3046,0.3061,0.2975,0.298,932838.5,1769410800000,282159.42777,2855,2026-01-26 06:00:00+00:00
1769410800000,0.2978,0.2986,0.2947,0.2968,441450.4,1769414400000,131009.70767,1230,2026-01-26 07:00:00+00:00
1769414400000,0.2969,0.3025,0.2962,0.3005,1231786.0,1769418000000,369858.67436,4362,2026-01-26 08:00:00+00:00
1769418000000,0.3004,0.3019,0.2944,0.2949,517467.0,1769421600000,153966.85164,1370,2026-01-26 09:00:00+00:00
1769421600000,0.295,0.2988,0.293,0.2951,617518.1,1769425200000,182686.99436,2295,2026-01-26 10:00:00+00:00
1769425200000,0.2953,0.2974,0.2941,0.2949,405980.8,1769428800000,120032.49472,1372,2026-01-26 11:00:00+00:00
1769428800000,0.2946,0.2962,0.2925,0.2942,314101.8,1769432400000,92431.55282,1364,2026-01-26 12:00:00+00:00
1769432400000,0.2943,0.2981,0.2936,0.2962,360091.5,1769436000000,106537.69059,1446,2026-01-26 13:00:00+00:00
1769436000000,0.2962,0.2986,0.292,0.2979,388081.8,1769439600000,114603.65242,1458,2026-01-26 14:00:00+00:00
1769439600000,0.298,0.3026,0.2971,0.2995,384871.0,1769443200000,115382.23535,1568,2026-01-26 15:00:00+00:00
1769443200000,0.2993,0.3086,0.2975,0.3074,573833.1,1769446800000,173675.92647,2047,2026-01-26 16:00:00+00:00
1769446800000,0.3072,0.3103,0.3032,0.3056,596427.6,1769450400000,182777.54325,2083,2026-01-26 17:00:00+00:00
1769450400000,0.3057,0.3097,0.3046,0.3083,427778.2,1769454000000,131523.56077,1381,2026-01-26 18:00:00+00:00
1769454000000,0.3085,0.3113,0.3054,0.3061,290633.4,1769457600000,89660.59559,1003,2026-01-26 19:00:00+00:00
1769457600000,0.3061,0.307,0.3019,0.3024,281060.6,1769461200000,85443.40905,967,2026-01-26 20:00:00+00:00
1769461200000,0.3023,0.3061,0.3013,0.3044,175530.5,1769464800000,53275.04641,785,2026-01-26 21:00:00+00:00
1769464800000,0.3044,0.3061,0.303,0.3033,164410.3,1769468400000,50028.89986,702,2026-01-26 22:00:00+00:00
1769468400000,0.3032,0.3073,0.3028,0.3061,186312.6,1769472000000,56876.30878,858,2026-01-26 23:00:00+00:00
1769472000000,0.306,0.318,0.2954,0.3048,4265764.4,1769475600000,1297262.69162,10916,2026-01-27 00:00:00+00:00
1769475600000,0.3048,0.3178,0.3047,0.3062,1968728.7,1769479200000,614355.20078,6498,2026-01-27 01:00:00+00:00
1769479200000,0.3062,0.311,0.3057,0.3065,178160.7,1769482800000,54814.18941,1136,2026-01-27 02:00:00+00:00
1769482800000,0.3068,0.3117,0.3013,0.3018,358233.2,1769486400000,109780.68838,1774,2026-01-27 03:00:00+00:00
1769486400000,0.3015,0.303,0.2992,0.3006,196850.2,1769490000000,59200.03564,876,2026-01-27 04:00:00+00:00
1769490000000,0.3004,0.3006,0.2968,0.2982,230161.5,1769493600000,68576.64713,1082,2026-01-27 05:00:00+00:00
1769493600000,0.2983,0.3002,0.2971,0.2974,122493.1,1769497200000,36602.25461,774,2026-01-27 06:00:00+00:00
1769497200000,0.2974,0.299,0.2963,0.2986,128685.4,1769500800000,38321.6504,692,2026-01-27 07:00:00+00:00
1769500800000,0.2986,0.3003,0.2953,0.2976,202965.9,1769504400000,60327.7404,974,2026-01-27 08:00:00+00:00
1769504400000,0.2973,0.2976,0.293,0.2939,148657.6,1769508000000,43796.87176,816,2026-01-27 09:00:00+00:00
1769508000000,0.294,0.2968,0.2937,0.2941,99757.9,1769511600000,29445.6941,631,2026-01-27 10:00:00+00:00
1769511600000,0.2943,0.2959,0.2936,0.2954,72649.4,1769515200000,21410.16209,379,2026-01-27 11:00:00+00:00
1769515200000,0.2953,0.2953,0.2887,0.2902,235225.1,1769518800000,68455.9908,948,2026-01-27 12:00:00+00:00
1769518800000,0.2901,0.2915,0.2874,0.2876,165083.7,1769522400000,47737.88653,804,2026-01-27 13:00:00+00:00
1769522400000,0.2878,0.2894,0.2864,0.2872,251465.7,1769526000000,72414.5396,1028,2026-01-27 14:00:00+00:00
1769526000000,0.2871,0.2935,0.2865,0.2928,286476.6,1769529600000,82915.62658,1740,2026-01-27 15:00:00+00:00
1769529600000,0.2928,0.298,0.2924,0.297,155298.3,1769533200000,45973.30071,983,2026-01-27 16:00:00+00:00
1769533200000,0.2973,0.3022,0.2947,0.2954,311275.9,1769536800000,92920.86629,1565,2026-01-27 17:00:00+00:00
1769536800000,0.2953,0.2995,0.2935,0.2984,245332.9,1769540400000,72596.79123,1394,2026-01-27 18:00:00+00:00
1769540400000,0.2984,0.2984,0.2957,0.2959,152792.8,1769544000000,45350.10825,633,2026-01-27 19:00:00+00:00
1769544000000,0.2958,0.299,0.2947,0.2976,381001.9,1769547600000,113301.23454,1588,2026-01-27 20:00:00+00:00
1769547600000,0.2977,0.2981,0.2953,0.2953,292880.2,1769551200000,86917.4029,1072,2026-01-27 21:00:00+00:00
1769551200000,0.2955,0.2969,0.2953,0.2964,87192.6,1769554800000,25810.36673,347,2026-01-27 22:00:00+00:00
1769554800000,0.2963,0.3016,0.2962,0.3002,226918.9,1769558400000,67960.29497,934,2026-01-27 23:00:00+00:00
1769558400000,0.3,0.3177,0.2985,0.3131,2511951.4,1769562000000,775719.39972,9351,2026-01-28 00:00:00+00:00
1769562000000,0.313,0.3236,0.3118,0.3138,1768331.4,1769565600000,562045.91002,5970,2026-01-28 01:00:00+00:00
1769565600000,0.3136,0.3177,0.3109,0.3151,374239.9,1769569200000,117298.34416,1777,2026-01-28 02:00:00+00:00
1769569200000,0.315,0.3182,0.308,0.3132,818893.5,1769572800000,255689.69106,2619,2026-01-28 03:00:00+00:00
1769572800000,0.313,0.3177,0.3092,0.3148,846732.6,1769576400000,264826.91,2970,2026-01-28 04:00:00+00:00
1769576400000,0.3148,0.325,0.3136,0.323,516494.6,1769580000000,164820.63889,2520,2026-01-28 05:00:00+00:00
1769580000000,0.323,0.3283,0.319,0.3251,1350141.2,1769583600000,437653.51781,5398,2026-01-28 06:00:00+00:00
1769583600000,0.3248,0.3387,0.3233,0.3256,2473730.0,1769587200000,820168.95071,10943,2026-01-28 07:00:00+00:00
1769587200000,0.3255,0.3336,0.3225,0.3243,1203533.6,1769590800000,394649.54856,6341,2026-01-28 08:00:00+00:00
1769590800000,0.3241,0.3288,0.3222,0.3287,496415.5,1769594400000,161255.80444,2446,2026-01-28 09:00:00+00:00
1769594400000,0.3288,0.3328,0.3237,0.3307,680237.6,1769598000000,223406.6942,3143,2026-01-28 10:00:00+00:00
1769598000000,0.3308,0.3435,0.3295,0.3362,2402018.4,1769601600000,806804.84795,10878,2026-01-28 11:00:00+00:00
1769601600000,0.3361,0.3402,0.3276,0.3295,1353571.5,1769605200000,451834.08497,5512,2026-01-28 12:00:00+00:00
1769605200000,0.3297,0.3348,0.3281,0.3311,808425.4,1769608800000,267492.81895,3657,2026-01-28 13:00:00+00:00
1769608800000,0.331,0.3363,0.325,0.3289,787578.3,1769612400000,261143.43529,3432,2026-01-28 14:00:00+00:00
1769612400000,0.329,0.3298,0.3231,0.3262,1078621.0,1769616000000,350792.79028,4247,2026-01-28 15:00:00+00:00
1769616000000,0.3261,0.329,0.3209,0.3228,472609.6,1769619600000,153579.89812,2251,2026-01-28 16:00:00+00:00
1769619600000,0.323,0.3313,0.3228,0.3297,402579.0,1769623200000,132036.14639,2005,2026-01-28 17:00:00+00:00
1769623200000,0.3296,0.3296,0.3233,0.3242,261725.7,1769626800000,85350.75792,1347,2026-01-28 18:00:00+00:00
1769626800000,0.3239,0.3261,0.3221,0.3237,370957.2,1769630400000,120191.42796,1445,2026-01-28 19:00:00+00:00
1769630400000,0.3236,0.3258,0.3208,0.321,416923.7,1769634000000,135014.46075,1386,2026-01-28 20:00:00+00:00
1769634000000,0.3211,0.322,0.3181,0.3204,352874.2,1769637600000,112838.32658,1308,2026-01-28 21:00:00+00:00
1769637600000,0.3204,0.3206,0.3136,0.3138,463517.7,1769641200000,146498.25378,1668,2026-01-28 22:00:00+00:00
1769641200000,0.3139,0.3141,0.3093,0.3115,572745.6,1769644800000,178384.9921,1735,2026-01-28 23:00:00+00:00
1769644800000,0.3116,0.316,0.3025,0.304,1914764.7,1769648400000,590455.645,5598,2026-01-29 00:00:00+00:00
1769648400000,0.3042,0.3061,0.2977,0.2987,664816.9,1769652000000,200250.9638,1968,2026-01-29 01:00:00+00:00
1769652000000,0.2985,0.3001,0.2963,0.2973,213580.5,1769655600000,63581.60111,1038,2026-01-29 02:00:00+00:00
1769655600000,0.2972,0.2993,0.2955,0.2963,297341.2,1769659200000,88380.97386,999,2026-01-29 03:00:00+00:00
1769659200000,0.2962,0.2967,0.2923,0.2935,502481.6,1769662800000,148119.59749,1480,2026-01-29 04:00:00+00:00
1769662800000,0.2936,0.295,0.2926,0.2929,179182.4,1769666400000,52632.51054,833,2026-01-29 05:00:00+00:00
1769666400000,0.2931,0.2956,0.2929,0.295,356730.5,1769670000000,104985.41622,1295,2026-01-29 06:00:00+00:00
1769670000000,0.2951,0.2952,0.2925,0.2931,148148.3,1769673600000,43521.24348,681,2026-01-29 07:00:00+00:00
1769673600000,0.293,0.2951,0.2901,0.2912,669823.2,1769677200000,196040.55313,2572,2026-01-29 08:00:00+00:00
1769677200000,0.2912,0.2922,0.288,0.2884,224009.2,1769680800000,64862.01412,957,2026-01-29 09:00:00+00:00
1769680800000,0.2885,0.29,0.2881,0.2896,204437.8,1769684400000,59085.63367,893,2026-01-29 10:00:00+00:00
1769684400000,0.2895,0.2897,0.2853,0.2859,269961.6,1769688000000,77612.6578,916,2026-01-29 11:00:00+00:00
1769688000000,0.2858,0.2915,0.2857,0.2907,641516.7,1769691600000,185669.70028,2216,2026-01-29 12:00:00+00:00
1769691600000,0.2909,0.2927,0.29,0.2913,344039.0,1769695200000,100320.12427,1525,2026-01-29 13:00:00+00:00
1769695200000,0.2916,0.2918,0.2822,0.2826,478662.3,1769698800000,137517.78996,1522,2026-01-29 14:00:00+00:00
1769698800000,0.2828,0.2829,0.2739,0.2804,1121384.3,1769702400000,313263.49752,3531,2026-01-29 15:00:00+00:00
1769702400000,0.2804,0.2821,0.2782,0.282,581150.0,1769706000000,162725.57688,1905,2026-01-29 16:00:00+00:00
1769706000000,0.282,0.2895,0.282,0.2847,896552.3,1769709600000,256640.6986,2434,2026-01-29 17:00:00+00:00
1769709600000,0.2848,0.2855,0.2803,0.2803,368351.9,1769713200000,104088.40296,1424,2026-01-29 18:00:00+00:00
1769713200000,0.2804,0.2817,0.2786,0.2804,165623.7,1769716800000,46385.69143,785,2026-01-29 19:00:00+00:00
1769716800000,0.2804,0.2834,0.2794,0.2825,235818.8,1769720400000,66234.2033,1132,2026-01-29 20:00:00+00:00
1769720400000,0.2827,0.2852,0.2825,0.2829,170902.1,1769724000000,48540.69194,925,2026-01-29 21:00:00+00:00
1769724000000,0.283,0.2893,0.2827,0.2846,353810.0,1769727600000,101044.40904,1048,2026-01-29 22:00:00+00:00
1769727600000,0.2846,0.2846,0.2806,0.2816,289126.8,1769731200000,81587.22198,803,2026-01-29 23:00:00+00:00
1769731200000,0.2815,0.287,0.2787,0.28,865791.2,1769734800000,244430.59329,3465,2026-01-30 00:00:00+00:00
1769734800000,0.2799,0.2837,0.2737,0.2781,722738.1,1769738400000,201481.87722,2775,2026-01-30 01:00:00+00:00
1769738400000,0.2782,0.2785,0.2708,0.2771,558114.3,1769742000000,153167.43475,2110,2026-01-30 02:00:00+00:00
1769742000000,0.2772,0.2793,0.2739,0.2751,492456.4,1769745600000,135654.81943,2246,2026-01-30 03:00:00+00:00
1769745600000,0.275,0.2778,0.2747,0.2771,195291.5,1769749200000,53930.92387,1155,2026-01-30 04:00:00+00:00
1769749200000,0.2774,0.2787,0.2755,0.2761,79717.3,1769752800000,22081.62623,541,2026-01-30 05:00:00+00:00
1769752800000,0.2762,0.2762,0.2715,0.273,196896.4,1769756400000,53770.0116,953,2026-01-30 06:00:00+00:00
1769756400000,0.2732,0.2756,0.2723,0.2739,160905.0,1769760000000,44003.43451,709,2026-01-30 07:00:00+00:00
1769760000000,0.2738,0.2746,0.2706,0.2723,87819.6,1769763600000,23926.79093,583,2026-01-30 08:00:00+00:00
1769763600000,0.2724,0.2731,0.2702,0.2724,93307.5,1769767200000,25351.13594,776,2026-01-30 09:00:00+00:00
1769767200000,0.2724,0.2769,0.2717,0.2768,144571.2,1769770800000,39665.78329,574,2026-01-30 10:00:00+00:00
1769770800000,0.2765,0.2877,0.2761,0.2867,446936.3,1769774400000,126461.34239,2096,2026-01-30 11:00:00+00:00
1769774400000,0.2866,0.2867,0.2826,0.283,431620.8,1769778000000,122858.03446,1785,2026-01-30 12:00:00+00:00
1769778000000,0.2829,0.284,0.2793,0.2808,368386.3,1769781600000,103629.45439,1456,2026-01-30 13:00:00+00:00
1769781600000,0.2809,0.2835,0.2782,0.279,259825.2,1769785200000,72694.53453,1121,2026-01-30 14:00:00+00:00
1769785200000,0.2791,0.2868,0.2787,0.2812,388637.0,1769788800000,109888.44745,1419,2026-01-30 15:00:00+00:00
1769788800000,0.2811,0.2845,0.2794,0.2824,220596.5,1769792400000,62198.00085,917,2026-01-30 16:00:00+00:00
1769792400000,0.2825,0.2825,0.28,0.2809,110614.5,1769796000000,31115.37534,661,2026-01-30 17:00:00+00:00
1769796000000,0.281,0.2836,0.2755,0.2826,294977.7,1769799600000,82597.62133,1692,2026-01-30 18:00:00+00:00
1769799600000,0.2827,0.2837,0.2779,0.2785,744502.7,1769803200000,208479.90926,2196,2026-01-30 19:00:00+00:00
1769803200000,0.2784,0.2784,0.2716,0.2727,498072.5,1769806800000,136954.09055,1902,2026-01-30 20:00:00+00:00
1769806800000,0.2728,0.2756,0.272,0.2738,290610.9,1769810400000,79441.0435,1139,2026-01-30 21:00:00+00:00
1769810400000,0.2737,0.2791,0.2719,0.2778,288930.8,1769814000000,79760.93189,1258,2026-01-30 22:00:00+00:00
1769814000000,0.2776,0.28,0.2735,0.2765,460394.6,1769817600000,126914.41987,1799,2026-01-30 23:00:00+00:00
1769817600000,0.2766,0.2796,0.2719,0.2731,531156.6,1769821200000,146752.59098,1504,2026-01-31 00:00:00+00:00
1769821200000,0.2731,0.2761,0.2728,0.2755,126136.5,1769824800000,34617.14709,613,2026-01-31 01:00:00+00:00
1769824800000,0.2754,0.2755,0.2722,0.2743,196685.6,1769828400000,53896.28521,829,2026-01-31 02:00:00+00:00
1769828400000,0.2742,0.2744,0.2715,0.2721,161013.4,1769832000000,43954.44671,705,2026-01-31 03:00:00+00:00
1769832000000,0.2719,0.2726,0.2712,0.2716,90476.0,1769835600000,24627.75476,378,2026-01-31 04:00:00+00:00
1769835600000,0.2716,0.2738,0.2714,0.2737,57527.3,1769839200000,15685.72722,341,2026-01-31 05:00:00+00:00
1769839200000,0.2735,0.2737,0.2679,0.271,562149.4,1769842800000,152344.5226,1690,2026-01-31 06:00:00+00:00
1769842800000,0.2713,0.2713,0.2672,0.2681,176482.9,1769846400000,47534.25051,684,2026-01-31 07:00:00+00:00
1769846400000,0.2681,0.2685,0.264,0.2657,362972.4,1769850000000,96472.5649,1292,2026-01-31 08:00:00+00:00
1769850000000,0.2655,0.2668,0.2632,0.264,196089.1,1769853600000,51895.22858,786,2026-01-31 09:00:00+00:00
1769853600000,0.2641,0.2673,0.2634,0.2654,118897.6,1769857200000,31508.11004,532,2026-01-31 10:00:00+00:00
1769857200000,0.2653,0.2656,0.2626,0.2638,237506.8,1769860800000,62671.90195,772,2026-01-31 11:00:00+00:00
1769860800000,0.2638,0.2641,0.2619,0.2625,254236.7,1769864400000,66903.45639,822,2026-01-31 12:00:00+00:00
1769864400000,0.2628,0.2628,0.2591,0.2595,286646.1,1769868000000,74586.67687,603,2026-01-31 13:00:00+00:00
1769868000000,0.2595,0.2602,0.2448,0.251,1453204.3,1769871600000,366011.17814,4371,2026-01-31 14:00:00+00:00
1769871600000,0.251,0.2539,0.2471,0.2471,350186.1,1769875200000,87745.79826,1357,2026-01-31 15:00:00+00:00
1769875200000,0.2473,0.2537,0.2456,0.2483,719903.4,1769878800000,179408.75544,2684,2026-01-31 16:00:00+00:00
1769878800000,0.2484,0.2486,0.235,0.2382,1319191.8,1769882400000,315944.07412,4297,2026-01-31 17:00:00+00:00
1769882400000,0.2384,0.2442,0.226,0.242,1548556.5,1769886000000,363774.79374,4632,2026-01-31 18:00:00+00:00
1769886000000,0.2422,0.2453,0.2378,0.239,380492.3,1769889600000,91890.43064,1572,2026-01-31 19:00:00+00:00
1769889600000,0.2391,0.2402,0.236,0.2391,129790.6,1769893200000,30873.14068,699,2026-01-31 20:00:00+00:00
1769893200000,0.2396,0.2441,0.238,0.2439,143229.0,1769896800000,34521.57093,822,2026-01-31 21:00:00+00:00
1769896800000,0.244,0.2448,0.2399,0.2404,250136.7,1769900400000,60564.56437,998,2026-01-31 22:00:00+00:00
1769900400000,0.2403,0.2483,0.24,0.2482,198722.5,1769904000000,48581.67485,1136,2026-01-31 23:00:00+00:00
1769904000000,0.2482,0.2501,0.246,0.2487,396163.8,1769907600000,98488.159,1645,2026-02-01 00:00:00+00:00
1769907600000,0.2488,0.2491,0.2453,0.2456,304220.2,1769911200000,75216.41037,1077,2026-02-01 01:00:00+00:00
1769911200000,0.2457,0.2475,0.2435,0.2466,160675.8,1769914800000,39357.2801,705,2026-02-01 02:00:00+00:00
1769914800000,0.2466,0.2505,0.2459,0.2504,391419.9,1769918400000,97153.4455,1159,2026-02-01 03:00:00+00:00
1769918400000,0.2503,0.2574,0.2501,0.2537,543543.9,1769922000000,138388.42611,2393,2026-02-01 04:00:00+00:00
1769922000000,0.2538,0.2563,0.251,0.2559,371898.5,1769925600000,94303.98335,1002,2026-02-01 05:00:00+00:00
1769925600000,0.2558,0.2576,0.2538,0.2545,241126.2,1769929200000,61627.39602,879,2026-02-01 06:00:00+00:00
1769929200000,0.2547,0.2598,0.2547,0.2554,339623.5,1769932800000,87372.08932,1254,2026-02-01 07:00:00+00:00
1769932800000,0.2553,0.2582,0.255,0.2567,117438.9,1769936400000,30124.77432,514,2026-02-01 08:00:00+00:00
1769936400000,0.2567,0.2572,0.2525,0.2543,322176.7,1769940000000,82192.00921,911,2026-02-01 09:00:00+00:00
1769940000000,0.2544,0.2547,0.2473,0.2481,424063.9,1769943600000,106034.01931,1524,2026-02-01 10:00:00+00:00
1769943600000,0.2481,0.2501,0.2478,0.2493,235988.0,1769947200000,58779.27937,714,2026-02-01 11:00:00+00:00
1769947200000,0.2494,0.2495,0.2469,0.2482,257005.5,1769950800000,63672.53249,753,2026-02-01 12:00:00+00:00
1769950800000,0.2483,0.2498,0.2447,0.2451,251724.7,1769954400000,62119.1009,936,2026-02-01 13:00:00+00:00
1769954400000,0.2452,0.2473,0.2424,0.2447,331469.3,1769958000000,81041.16954,1364,2026-02-01 14:00:00+00:00
1769958000000,0.2446,0.2446,0.2366,0.2394,525906.3,1769961600000,125843.43225,1758,2026-02-01 15:00:00+00:00
1769961600000,0.2394,0.2427,0.2378,0.2416,368808.2,1769965200000,88635.03086,1595,2026-02-01 16:00:00+00:00
1769965200000,0.2415,0.2447,0.2369,0.2388,635958.8,1769968800000,153534.94619,2156,2026-02-01 17:00:00+00:00
1769968800000,0.2388,0.2427,0.2364,0.2373,509342.6,1769972400000,121678.24831,2251,2026-02-01 18:00:00+00:00
1769972400000,0.2372,0.2381,0.2351,0.2362,348431.9,1769976000000,82384.47002,1342,2026-02-01 19:00:00+00:00
1769976000000,0.2362,0.2388,0.234,0.2366,139960.4,1769979600000,33090.19489,668,2026-02-01 20:00:00+00:00
1769979600000,0.2363,0.2371,0.2346,0.2354,100669.9,1769983200000,23724.3188,671,2026-02-01 21:00:00+00:00
1769983200000,0.2355,0.2401,0.2352,0.2382,207687.5,1769986800000,49393.37388,823,2026-02-01 22:00:00+00:00
1769986800000,0.2381,0.2403,0.2317,0.2353,429978.5,1769990400000,101240.2846,2044,2026-02-01 23:00:00+00:00
1769990400000,0.2356,0.2424,0.2342,0.2423,484975.3,1769994000000,116505.70483,2227,2026-02-02 00:00:00+00:00
1769994000000,0.2424,0.2495,0.2395,0.2419,855388.0,1769997600000,210203.11654,3093,2026-02-02 01:00:00+00:00
1769997600000,0.2417,0.2417,0.2375,0.2379,233175.7,1770001200000,55923.81257,982,2026-02-02 02:00:00+00:00
1770001200000,0.2377,0.2404,0.2306,0.2402,626254.0,1770004800000,146787.19605,2760,2026-02-02 03:00:00+00:00
1770004800000,0.2401,0.2425,0.2354,0.2383,390957.3,1770008400000,93740.84608,1512,2026-02-02 04:00:00+00:00
1770008400000,0.2385,0.2389,0.233,0.235,546427.0,1770012000000,128594.27634,2620,2026-02-02 05:00:00+00:00
1770012000000,0.2351,0.2427,0.2328,0.241,677770.7,1770015600000,161176.6596,3196,2026-02-02 06:00:00+00:00
1770015600000,0.2407,0.2426,0.2391,0.2402,303207.2,1770019200000,73124.76569,1701,2026-02-02 07:00:00+00:00
1770019200000,0.2402,0.2453,0.24,0.2422,431862.1,1770022800000,104848.91036,2062,2026-02-02 08:00:00+00:00
1770022800000,0.242,0.2459,0.2406,0.245,348112.5,1770026400000,84737.9012,1688,2026-02-02 09:00:00+00:00
1770026400000,0.2449,0.2457,0.2431,0.2446,151841.0,1770030000000,37113.0269,780,2026-02-02 10:00:00+00:00
1770030000000,0.2445,0.2466,0.2444,0.2452,193328.2,1770033600000,47454.80079,1013,2026-02-02 11:00:00+00:00
1770033600000,0.2452,0.2457,0.2425,0.2426,149270.0,1770037200000,36401.68971,669,2026-02-02 12:00:00+00:00
1770037200000,0.2426,0.2444,0.2412,0.2436,241611.4,1770040800000,58593.1587,872,2026-02-02 13:00:00+00:00
1770040800000,0.2436,0.2462,0.2418,0.2424,284280.4,1770044400000,69261.53743,1225,2026-02-02 14:00:00+00:00
1770044400000,0.2425,0.2458,0.2418,0.2447,306519.0,1770048000000,74672.09866,1102,2026-02-02 15:00:00+00:00
1770048000000,0.2446,0.2448,0.2431,0.2432,246914.8,1770051600000,60235.21186,963,2026-02-02 16:00:00+00:00
1770051600000,0.2433,0.2452,0.2417,0.2428,147220.8,1770055200000,35830.23963,702,2026-02-02 17:00:00+00:00
1770055200000,0.243,0.2434,0.2413,0.2429,117887.9,1770058800000,28617.14443,411,2026-02-02 18:00:00+00:00
1770058800000,0.2428,0.245,0.2427,0.2435,190737.9,1770062400000,46505.21619,702,2026-02-02 19:00:00+00:00
1770062400000,0.2435,0.2446,0.2414,0.242,104730.9,1770066000000,25436.12866,471,2026-02-02 20:00:00+00:00
1770066000000,0.2422,0.2434,0.2416,0.2418,93317.6,1770069600000,22633.92882,333,2026-02-02 21:00:00+00:00
1770069600000,0.2419,0.2432,0.2417,0.2429,32406.1,1770073200000,7852.931,144,2026-02-02 22:00:00+00:00
1770073200000,0.2431,0.2438,0.2417,0.2424,71216.9,1770076800000,17284.12728,369,2026-02-02 23:00:00+00:00
1770076800000,0.2424,0.2429,0.2383,0.2426,176740.4,1770080400000,42485.51387,735,2026-02-03 00:00:00+00:00
1770080400000,0.2426,0.2433,0.2388,0.2397,220626.8,1770084000000,53058.47236,628,2026-02-03 01:00:00+00:00
1770084000000,0.2397,0.2397,0.2356,0.236,187810.3,1770087600000,44444.1473,509,2026-02-03 02:00:00+00:00
1770087600000,0.2359,0.239,0.2347,0.2387,134407.8,1770091200000,31820.46109,579,2026-02-03 03:00:00+00:00
1770091200000,0.2385,0.2441,0.2372,0.2418,416006.7,1770094800000,99896.72187,1058,2026-02-03 04:00:00+00:00
1770094800000,0.2418,0.2423,0.2389,0.2389,310960.2,1770098400000,74830.08972,1084,2026-02-03 05:00:00+00:00
1770098400000,0.2391,0.2412,0.2375,0.2398,297428.3,1770102000000,71185.59187,722,2026-02-03 06:00:00+00:00
1770102000000,0.2398,0.2411,0.2383,0.2391,399397.4,1770105600000,95675.62965,1093,2026-02-03 07:00:00+00:00
1770105600000,0.2392,0.2397,0.2369,0.2372,413082.2,1770109200000,98510.99074,752,2026-02-03 08:00:00+00:00
1770109200000,0.237,0.2379,0.234,0.2355,392607.0,1770112800000,92489.12203,1358,2026-02-03 09:00:00+00:00
1770112800000,0.2353,0.2356,0.2341,0.2345,131604.2,1770116400000,30907.45164,503,2026-02-03 10:00:00+00:00
1770116400000,0.2345,0.2369,0.2343,0.2356,227328.6,1770120000000,53578.93544,774,2026-02-03 11:00:00+00:00
1770120000000,0.2356,0.2394,0.2354,0.2389,204373.2,1770123600000,48520.80439,685,2026-02-03 12:00:00+00:00
1770123600000,0.2388,0.2388,0.2359,0.2377,183784.6,1770127200000,43576.61319,776,2026-02-03 13:00:00+00:00
1770127200000,0.2377,0.2377,0.2308,0.2312,482072.6,1770130800000,113044.36668,1463,2026-02-03 14:00:00+00:00
1770130800000,0.2309,0.2363,0.2302,0.2363,376180.5,1770134400000,87998.16547,1606,2026-02-03 15:00:00+00:00
1770134400000,0.2364,0.2364,0.2301,0.2306,212219.8,1770138000000,49223.69835,1005,2026-02-03 16:00:00+00:00
1770138000000,0.2307,0.2314,0.226,0.2261,282769.0,1770141600000,64686.36818,1149,2026-02-03 17:00:00+00:00
1770141600000,0.2262,0.2273,0.2214,0.222,760580.7,1770145200000,170299.71391,2207,2026-02-03 18:00:00+00:00
1770145200000,0.2219,0.2354,0.2218,0.2334,450728.0,1770148800000,103799.63194,2323,2026-02-03 19:00:00+00:00
1770148800000,0.2333,0.2403,0.2297,0.239,632280.8,1770152400000,149872.43101,2729,2026-02-03 20:00:00+00:00
1770152400000,0.2392,0.2415,0.2349,0.2357,153078.2,1770156000000,36536.06753,818,2026-02-03 21:00:00+00:00
1770156000000,0.2359,0.2359,0.232,0.2326,73366.1,1770159600000,17149.26606,425,2026-02-03 22:00:00+00:00
1770159600000,0.2323,0.2327,0.2286,0.2302,181273.9,1770163200000,41732.67298,613,2026-02-03 23:00:00+00:00
1770163200000,0.2303,0.2341,0.2293,0.2322,183793.3,1770166800000,42644.62079,909,2026-02-04 00:00:00+00:00
1770166800000,0.2324,0.2358,0.2324,0.2329,210627.2,1770170400000,49239.67159,555,2026-02-04 01:00:00+00:00
1770170400000,0.2327,0.2327,0.2302,0.231,118824.0,1770174000000,27495.32737,385,2026-02-04 02:00:00+00:00
1770174000000,0.2306,0.2345,0.2304,0.2338,358932.1,1770177600000,83598.43313,1099,2026-02-04 03:00:00+00:00
1770177600000,0.2336,0.2345,0.2317,0.232,76505.6,1770181200000,17853.93347,342,2026-02-04 04:00:00+00:00
1770181200000,0.2321,0.2323,0.2292,0.2307,104731.1,1770184800000,24192.25049,293,2026-02-04 05:00:00+00:00
1770184800000,0.2307,0.2328,0.2301,0.2321,127572.9,1770188400000,29553.77653,371,2026-02-04 06:00:00+00:00
1770188400000,0.232,0.2327,0.2306,0.2314,322530.3,1770192000000,74662.42543,748,2026-02-04 07:00:00+00:00
1770192000000,0.2313,0.2331,0.229,0.2308,228641.0,1770195600000,52709.2258,752,2026-02-04 08:00:00+00:00
1770195600000,0.2309,0.2316,0.2295,0.231,504394.2,1770199200000,116474.96112,824,2026-02-04 09:00:00+00:00
1770199200000,0.2309,0.2328,0.2305,0.2324,207491.9,1770202800000,48007.30108,522,2026-02-04 10:00:00+00:00
1770202800000,0.2323,0.2341,0.2306,0.2317,888887.6,1770206400000,206154.9294,2146,2026-02-04 11:00:00+00:00
1770206400000,0.2317,0.235,0.2299,0.2326,172532.0,1770210000000,40065.6395,709,2026-02-04 12:00:00+00:00
1770210000000,0.2326,0.2328,0.2279,0.2282,163080.0,1770213600000,37497.66683,717,2026-02-04 13:00:00+00:00
1770213600000,0.2282,0.2306,0.2263,0.2264,374792.1,1770217200000,85888.5586,1368,2026-02-04 14:00:00+00:00
1770217200000,0.2263,0.2292,0.2228,0.2257,397189.4,1770220800000,89803.3921,1776,2026-02-04 15:00:00+00:00
1770220800000,0.2256,0.2268,0.2219,0.2243,415149.4,1770224400000,93045.80777,1577,2026-02-04 16:00:00+00:00
1770224400000,0.2241,0.2249,0.2205,0.2243,267097.0,1770228000000,59356.16873,1108,2026-02-04 17:00:00+00:00
1770228000000,0.2245,0.229,0.2216,0.2263,389238.8,1770231600000,87612.63125,1628,2026-02-04 18:00:00+00:00
1770231600000,0.2265,0.2294,0.2239,0.2287,740187.2,1770235200000,167292.47221,1512,2026-02-04 19:00:00+00:00
1770235200000,0.2288,0.2293,0.2259,0.2266,107732.2,1770238800000,24488.20039,452,2026-02-04 20:00:00+00:00
1770238800000,0.2265,0.2271,0.2232,0.2252,144262.3,1770242400000,32513.89032,488,2026-02-04 21:00:00+00:00
1770242400000,0.2252,0.2276,0.221,0.2227,258287.0,1770246000000,57880.62247,945,2026-02-04 22:00:00+00:00
1770246000000,0.2227,0.2268,0.2224,0.2245,152543.9,1770249600000,34300.92528,646,2026-02-04 23:00:00+00:00
1770249600000,0.2247,0.225,0.2232,0.2238,321458.5,1770253200000,71854.96331,496,2026-02-05 00:00:00+00:00
1770253200000,0.2238,0.2304,0.2236,0.2288,485903.9,1770256800000,110315.6975,2282,2026-02-05 01:00:00+00:00
1770256800000,0.2289,0.2299,0.2232,0.2233,471067.1,1770260400000,106242.99648,2091,2026-02-05 02:00:00+00:00
1770260400000,0.2234,0.2248,0.2208,0.2226,314111.2,1770264000000,69943.09595,1072,2026-02-05 03:00:00+00:00
1770264000000,0.2227,0.2232,0.2195,0.2212,385661.3,1770267600000,85413.65636,1239,2026-02-05 04:00:00+00:00
1770267600000,0.2213,0.2228,0.2177,0.2202,341029.9,1770271200000,74930.64774,999,2026-02-05 05:00:00+00:00
1770271200000,0.2203,0.2207,0.2165,0.2173,217987.8,1770274800000,47570.58378,885,2026-02-05 06:00:00+00:00
1770274800000,0.217,0.22,0.2166,0.217,137341.1,1770278400000,29936.24664,721,2026-02-05 07:00:00+00:00
1770278400000,0.2171,0.2212,0.2171,0.2196,235670.6,1770282000000,51801.59984,1196,2026-02-05 08:00:00+00:00
1770282000000,0.2196,0.223,0.2196,0.2214,290287.9,1770285600000,64226.92044,1280,2026-02-05 09:00:00+00:00
1770285600000,0.2215,0.2216,0.2151,0.2158,170191.8,1770289200000,37211.60053,628,2026-02-05 10:00:00+00:00
1770289200000,0.2158,0.2174,0.2119,0.2144,385200.8,1770292800000,82562.92769,1374,2026-02-05 11:00:00+00:00
1770292800000,0.2142,0.2156,0.2116,0.2133,513333.9,1770296400000,109663.25192,1320,2026-02-05 12:00:00+00:00
1770296400000,0.2133,0.2154,0.2099,0.2105,393357.8,1770300000000,83395.22743,1059,2026-02-05 13:00:00+00:00
1770300000000,0.2107,0.2144,0.2084,0.2091,666111.7,1770303600000,140979.41678,1918,2026-02-05 14:00:00+00:00
1770303600000,0.2089,0.2098,0.1962,0.203,1692234.4,1770307200000,342717.5813,5458,2026-02-05 15:00:00+00:00
1770307200000,0.2031,0.2066,0.2003,0.2026,898220.9,1770310800000,183228.82199,2516,2026-02-05 16:00:00+00:00
1770310800000,0.2027,0.2036,0.195,0.1963,640022.2,1770314400000,127110.97235,2420,2026-02-05 17:00:00+00:00
1770314400000,0.1965,0.198,0.1931,0.197,531720.5,1770318000000,103892.28355,2189,2026-02-05 18:00:00+00:00
1770318000000,0.197,0.1974,0.1925,0.193,182109.1,1770321600000,35431.87464,827,2026-02-05 19:00:00+00:00
1770321600000,0.1932,0.1945,0.1834,0.189,1436410.5,1770325200000,270408.97985,4804,2026-02-05 20:00:00+00:00
1770325200000,0.1888,0.1936,0.1864,0.1882,634761.3,1770328800000,120469.00192,2381,2026-02-05 21:00:00+00:00
1770328800000,0.1881,0.1924,0.1857,0.1905,347955.9,1770332400000,65547.98287,1333,2026-02-05 22:00:00+00:00
1770332400000,0.1901,0.195,0.1879,0.1882,469502.4,1770336000000,90027.00934,1370,2026-02-05 23:00:00+00:00
1770336000000,0.1884,0.1934,0.1706,0.1898,3912947.0,1770339600000,706526.94733,10207,2026-02-06 00:00:00+00:00
1770339600000,0.1901,0.1943,0.188,0.1937,610695.5,1770343200000,116471.99133,2433,2026-02-06 01:00:00+00:00
1770343200000,0.1937,0.1952,0.1879,0.1885,812864.9,1770346800000,155437.1251,2223,2026-02-06 02:00:00+00:00
1770346800000,0.1886,0.1902,0.1865,0.189,595183.5,1770350400000,112044.46304,1766,2026-02-06 03:00:00+00:00
1770350400000,0.1891,0.1917,0.1881,0.1915,180254.6,1770354000000,34308.25151,776,2026-02-06 04:00:00+00:00
1770354000000,0.1914,0.1948,0.1912,0.1939,129305.8,1770357600000,24964.86244,618,2026-02-06 05:00:00+00:00
1770357600000,0.194,0.1953,0.1903,0.191,399604.2,1770361200000,76953.70803,1201,2026-02-06 06:00:00+00:00
1770361200000,0.1909,0.1921,0.1886,0.1901,205905.5,1770364800000,39211.956,703,2026-02-06 07:00:00+00:00
1770364800000,0.1902,0.1914,0.1864,0.1877,384715.5,1770368400000,72627.36336,1291,2026-02-06 08:00:00+00:00
1770368400000,0.1877,0.1919,0.1871,0.1899,492874.7,1770372000000,93385.30157,1177,2026-02-06 09:00:00+00:00
1770372000000,0.1898,0.1923,0.1889,0.1911,192337.1,1770375600000,36635.8727,681,2026-02-06 10:00:00+00:00
1770375600000,0.191,0.1914,0.1893,0.1903,187986.8,1770379200000,35745.94961,592,2026-02-06 11:00:00+00:00
1770379200000,0.1902,0.1927,0.1899,0.1926,241438.0,1770382800000,46204.80176,769,2026-02-06 12:00:00+00:00
1770382800000,0.1927,0.1975,0.1924,0.1947,312380.6,1770386400000,60928.21962,1047,2026-02-06 13:00:00+00:00
1770386400000,0.1946,0.2013,0.1932,0.2006,535497.8,1770390000000,105505.84571,1827,2026-02-06 14:00:00+00:00
1770390000000,0.2006,0.2019,0.1991,0.2001,470136.2,1770393600000,94283.129,1804,2026-02-06 15:00:00+00:00
1770393600000,0.1999,0.2069,0.1992,0.2057,535179.0,1770397200000,108698.32811,1372,2026-02-06 16:00:00+00:00
1770397200000,0.2056,0.2074,0.204,0.2053,303916.3,1770400800000,62440.69977,1067,2026-02-06 17:00:00+00:00
1770400800000,0.2053,0.2054,0.201,0.2024,339426.9,1770404400000,68893.88515,1008,2026-02-06 18:00:00+00:00
1770404400000,0.2025,0.2053,0.2018,0.2053,228955.6,1770408000000,46511.18059,772,2026-02-06 19:00:00+00:00
1770408000000,0.205,0.2065,0.2031,0.2043,199156.8,1770411600000,40691.82253,723,2026-02-06 20:00:00+00:00
1770411600000,0.204,0.205,0.2031,0.2041,70092.2,1770415200000,14298.15561,313,2026-02-06 21:00:00+00:00
1770415200000,0.2043,0.208,0.2043,0.2074,121416.7,1770418800000,25083.51953,527,2026-02-06 22:00:00+00:00
1770418800000,0.2076,0.2088,0.2056,0.2062,110356.3,1770422400000,22832.01012,549,2026-02-06 23:00:00+00:00
1770422400000,0.2062,0.2062,0.2009,0.2022,293764.2,1770426000000,59768.75841,1363,2026-02-07 00:00:00+00:00
1770426000000,0.202,0.2049,0.2012,0.2038,183899.0,1770429600000,37220.49351,835,2026-02-07 01:00:00+00:00
1770429600000,0.2037,0.2102,0.2034,0.2099,1593560.6,1770433200000,331289.30892,4406,2026-02-07 02:00:00+00:00
1770433200000,0.2099,0.2214,0.2089,0.2149,4864483.9,1770436800000,1052187.84609,10988,2026-02-07 03:00:00+00:00
1770436800000,0.2147,0.2168,0.2078,0.2087,1116331.5,1770440400000,236911.08808,4732,2026-02-07 04:00:00+00:00
1770440400000,0.2087,0.2093,0.2035,0.2045,521750.9,1770444000000,107597.27441,1602,2026-02-07 05:00:00+00:00
1770444000000,0.2046,0.2059,0.2004,0.2004,464840.8,1770447600000,94834.01799,1283,2026-02-07 06:00:00+00:00
1770447600000,0.2004,0.2011,0.1953,0.1964,783987.4,1770451200000,155144.57156,2077,2026-02-07 07:00:00+00:00
1770451200000,0.1963,0.1992,0.196,0.1989,290187.3,1770454800000,57356.0849,892,2026-02-07 08:00:00+00:00
1770454800000,0.199,0.2002,0.1977,0.1977,180777.0,1770458400000,35971.32497,544,2026-02-07 09:00:00+00:00
1770458400000,0.1978,0.1988,0.196,0.197,305489.1,1770462000000,60243.87295,1140,2026-02-07 10:00:00+00:00
1770462000000,0.1969,0.1971,0.1956,0.1969,270374.0,1770465600000,53106.21866,811,2026-02-07 11:00:00+00:00
1770465600000,0.1967,0.2047,0.1966,0.2019,385606.7,1770469200000,77589.19321,1340,2026-02-07 12:00:00+00:00
1770469200000,0.202,0.203,0.1993,0.2005,364977.2,1770472800000,73515.89212,1339,2026-02-07 13:00:00+00:00
1770472800000,0.2006,0.2008,0.1981,0.1988,115350.2,1770476400000,22993.71977,439,2026-02-07 14:00:00+00:00
1770476400000,0.1986,0.2026,0.1982,0.202,202947.0,1770480000000,40708.61675,669,2026-02-07 15:00:00+00:00
1770480000000,0.202,0.2081,0.2014,0.2019,1993123.8,1770483600000,407627.43304,6115,2026-02-07 16:00:00+00:00
1770483600000,0.2021,0.2024,0.2004,0.2017,122638.3,1770487200000,24702.23561,385,2026-02-07 17:00:00+00:00
1770487200000,0.2016,0.205,0.2016,0.2029,209777.9,1770490800000,42642.80973,564,2026-02-07 18:00:00+00:00
1770490800000,0.2027,0.2027,0.201,0.2017,98298.0,1770494400000,19828.35318,469,2026-02-07 19:00:00+00:00
1770494400000,0.2018,0.2038,0.2013,0.2034,197121.2,1770498000000,39894.21085,761,2026-02-07 20:00:00+00:00
1770498000000,0.2034,0.2036,0.2025,0.2027,141851.9,1770501600000,28801.94581,494,2026-02-07 21:00:00+00:00
1770501600000,0.2026,0.203,0.2009,0.2014,47264.5,1770505200000,9538.14065,201,2026-02-07 22:00:00+00:00
1770505200000,0.2015,0.2028,0.2004,0.2027,212188.5,1770508800000,42854.2954,516,2026-02-07 23:00:00+00:00
1770508800000,0.2028,0.2028,0.1993,0.2002,454095.2,1770512400000,91005.59391,838,2026-02-08 00:00:00+00:00
1770512400000,0.2002,0.2018,0.2,0.2011,115020.4,1770516000000,23096.86631,273,2026-02-08 01:00:00+00:00
1770516000000,0.2011,0.2012,0.1986,0.199,52033.0,1770519600000,10412.08642,204,2026-02-08 02:00:00+00:00
1770519600000,0.1991,0.1997,0.1979,0.1985,188833.4,1770523200000,37577.27521,429,2026-02-08 03:00:00+00:00
1770523200000,0.1986,0.1995,0.1975,0.1982,105890.5,1770526800000,21032.23284,257,2026-02-08 04:00:00+00:00
1770526800000,0.1982,0.1994,0.1976,0.1986,169336.9,1770530400000,33604.72597,358,2026-02-08 05:00:00+00:00
1770530400000,0.1987,0.1989,0.1971,0.1974,67919.3,1770534000000,13439.39268,220,2026-02-08 06:00:00+00:00
1770534000000,0.1975,0.1978,0.1948,0.1964,266294.8,1770537600000,52069.19299,668,2026-02-08 07:00:00+00:00
1770537600000,0.1965,0.2001,0.1961,0.1989,257633.0,1770541200000,51027.81511,752,2026-02-08 08:00:00+00:00
1770541200000,0.1988,0.1996,0.1955,0.1962,164884.6,1770544800000,32570.63135,405,2026-02-08 09:00:00+00:00
1770544800000,0.1964,0.1972,0.1952,0.1959,413750.2,1770548400000,81087.34727,650,2026-02-08 10:00:00+00:00
1770548400000,0.1958,0.1995,0.1958,0.1989,175329.8,1770552000000,34780.84677,609,2026-02-08 11:00:00+00:00
1770552000000,0.1988,0.1988,0.1967,0.1976,86759.9,1770555600000,17142.55923,317,2026-02-08 12:00:00+00:00
1770555600000,0.1977,0.198,0.1961,0.197,190858.1,1770559200000,37561.22641,553,2026-02-08 13:00:00+00:00
1770559200000,0.1971,0.1986,0.1964,0.1974,344229.4,1770562800000,68027.69046,691,2026-02-08 14:00:00+00:00
1770562800000,0.1975,0.1977,0.1945,0.1949,282634.6,1770566400000,55284.43222,835,2026-02-08 15:00:00+00:00
1770566400000,0.1949,0.1961,0.1912,0.1917,252611.5,1770570000000,49122.89344,640,2026-02-08 16:00:00+00:00
1770570000000,0.1918,0.1937,0.1918,0.1936,121394.5,1770573600000,23399.27878,328,2026-02-08 17:00:00+00:00
1770573600000,0.1938,0.1977,0.1937,0.196,181742.2,1770577200000,35593.69239,596,2026-02-08 18:00:00+00:00
1770577200000,0.1959,0.197,0.1956,0.1966,114699.7,1770580800000,22519.00073,304,2026-02-08 19:00:00+00:00
1770580800000,0.1968,0.1968,0.1934,0.1939,87398.0,1770584400000,17059.93106,213,2026-02-08 20:00:00+00:00
1770584400000,0.1939,0.1952,0.1927,0.1933,180322.7,1770588000000,34938.10023,517,2026-02-08 21:00:00+00:00
1770588000000,0.1933,0.1954,0.1933,0.1951,92992.3,1770591600000,18107.28113,206,2026-02-08 22:00:00+00:00
1770591600000,0.1951,0.1992,0.1925,0.1937,191512.8,1770595200000,37326.8326,642,2026-02-08 23:00:00+00:00
1770595200000,0.1939,0.1947,0.1926,0.194,106509.2,1770598800000,20645.64079,332,2026-02-09 00:00:00+00:00
1770598800000,0.1941,0.1959,0.1927,0.1947,240062.6,1770602400000,46641.09014,620,2026-02-09 01:00:00+00:00
1770602400000,0.1947,0.1975,0.1944,0.195,517421.6,1770606000000,101295.10555,1034,2026-02-09 02:00:00+00:00
1770606000000,0.1951,0.1966,0.1947,0.1961,150161.7,1770609600000,29389.29498,462,2026-02-09 03:00:00+00:00
1770609600000,0.196,0.1961,0.1952,0.1953,83097.5,1770613200000,16255.54914,265,2026-02-09 04:00:00+00:00
1770613200000,0.1952,0.1965,0.1949,0.1962,79147.3,1770616800000,15482.0887,227,2026-02-09 05:00:00+00:00
1770616800000,0.1961,0.1961,0.1913,0.1919,593834.4,1770620400000,114568.38841,921,2026-02-09 06:00:00+00:00
1770620400000,0.1918,0.1936,0.1917,0.1932,257372.6,1770624000000,49636.79609,599,2026-02-09 07:00:00+00:00
1770624000000,0.1931,0.1936,0.1896,0.1903,322151.3,1770627600000,61590.51593,616,2026-02-09 08:00:00+00:00
1770627600000,0.1901,0.1904,0.1882,0.1887,290135.1,1770631200000,54889.63186,491,2026-02-09 09:00:00+00:00
1770631200000,0.1887,0.1894,0.1855,0.1863,302778.3,1770634800000,56603.12074,559,2026-02-09 10:00:00+00:00
1770634800000,0.1863,0.1878,0.1863,0.187,107759.0,1770638400000,20163.28234,267,2026-02-09 11:00:00+00:00
1770638400000,0.1872,0.1898,0.1872,0.1887,231645.9,1770642000000,43750.33834,672,2026-02-09 12:00:00+00:00
1770642000000,0.1885,0.1892,0.1873,0.1875,68718.5,1770645600000,12951.3163,181,2026-02-09 13:00:00+00:00
1770645600000,0.1878,0.1909,0.1868,0.1896,378386.6,1770649200000,71405.39294,779,2026-02-09 14:00:00+00:00
1770649200000,0.19,0.1916,0.1883,0.1908,204572.7,1770652800000,38896.06196,502,2026-02-09 15:00:00+00:00
1770652800000,0.191,0.1945,0.1895,0.1928,257142.0,1770656400000,49151.95352,577,2026-02-09 16:00:00+00:00
1770656400000,0.1929,0.1979,0.1919,0.1963,525711.2,1770660000000,102832.82256,1001,2026-02-09 17:00:00+00:00
1770660000000,0.1963,0.197,0.1935,0.1947,199391.9,1770663600000,38871.49055,523,2026-02-09 18:00:00+00:00
1770663600000,0.1947,0.196,0.1932,0.1956,327328.2,1770667200000,63558.76189,655,2026-02-09 19:00:00+00:00
1770667200000,0.1954,0.1962,0.1937,0.1942,124245.7,1770670800000,24210.73426,283,2026-02-09 20:00:00+00:00
1770670800000,0.1946,0.195,0.1925,0.1949,72297.9,1770674400000,13995.36906,220,2026-02-09 21:00:00+00:00
1770674400000,0.195,0.1959,0.1948,0.1951,57414.1,1770678000000,11219.41636,117,2026-02-09 22:00:00+00:00
1770678000000,0.195,0.1956,0.1942,0.195,49733.5,1770681600000,9685.05187,139,2026-02-09 23:00:00+00:00
1770681600000,0.195,0.1951,0.1923,0.1926,153914.4,1770685200000,29734.67058,245,2026-02-10 00:00:00+00:00
1770685200000,0.1927,0.1936,0.1924,0.193,64357.4,1770688800000,12418.44676,156,2026-02-10 01:00:00+00:00
1770688800000,0.1932,0.1932,0.1924,0.1928,40382.2,1770692400000,7784.48372,107,2026-02-10 02:00:00+00:00
1770692400000,0.1928,0.1928,0.1891,0.1908,315083.1,1770696000000,60107.40842,633,2026-02-10 03:00:00+00:00
1770696000000,0.1908,0.1927,0.1908,0.1921,137592.9,1770699600000,26424.51109,260,2026-02-10 04:00:00+00:00
1770699600000,0.1921,0.1922,0.1895,0.1897,122167.5,1770703200000,23288.89389,247,2026-02-10 05:00:00+00:00
1770703200000,0.1896,0.1896,0.1862,0.1868,460272.2,1770706800000,86744.95274,830,2026-02-10 06:00:00+00:00
1770706800000,0.1868,0.1882,0.1868,0.1873,39149.3,1770710400000,7343.82146,135,2026-02-10 07:00:00+00:00
1770710400000,0.1873,0.1886,0.1866,0.1886,381885.2,1770714000000,71698.8668,424,2026-02-10 08:00:00+00:00
1770714000000,0.1889,0.1893,0.1882,0.1893,104892.1,1770717600000,19798.42568,207,2026-02-10 09:00:00+00:00
1770717600000,0.1893,0.1895,0.1879,0.1883,69568.0,1770721200000,13122.37523,141,2026-02-10 10:00:00+00:00
1770721200000,0.1882,0.1898,0.1878,0.1881,118987.6,1770724800000,22466.28601,247,2026-02-10 11:00:00+00:00
1770724800000,0.1881,0.189,0.1879,0.1886,120967.8,1770728400000,22792.29349,268,2026-02-10 12:00:00+00:00
1770728400000,0.1885,0.1907,0.1879,0.1906,348757.3,1770732000000,65983.74488,507,2026-02-10 13:00:00+00:00
1770732000000,0.1909,0.1915,0.1881,0.1896,495886.6,1770735600000,94222.3505,702,2026-02-10 14:00:00+00:00
1770735600000,0.1894,0.1925,0.1888,0.1911,372447.9,1770739200000,71104.7536,651,2026-02-10 15:00:00+00:00
1770739200000,0.1911,0.1918,0.1895,0.1904,177736.7,1770742800000,33906.92826,421,2026-02-10 16:00:00+00:00
1770742800000,0.1904,0.1919,0.1898,0.1913,132598.5,1770746400000,25336.10564,306,2026-02-10 17:00:00+00:00
1770746400000,0.1913,0.1916,0.1874,0.188,230887.9,1770750000000,43662.55954,407,2026-02-10 18:00:00+00:00
1770750000000,0.1879,0.1898,0.1874,0.1889,142809.0,1770753600000,26933.93257,239,2026-02-10 19:00:00+00:00
1770753600000,0.1888,0.1911,0.1869,0.1882,921338.3,1770757200000,173594.33779,1727,2026-02-10 20:00:00+00:00
1770757200000,0.1882,0.1885,0.1867,0.1877,239852.4,1770760800000,44985.36636,387,2026-02-10 21:00:00+00:00
1770760800000,0.1877,0.1887,0.1876,0.1877,77905.1,1770764400000,14638.46438,186,2026-02-10 22:00:00+00:00
1770764400000,0.1877,0.1883,0.1871,0.188,67601.5,1770768000000,12700.99154,178,2026-02-10 23:00:00+00:00
1770768000000,0.1879,0.1883,0.187,0.187,207951.8,1770771600000,38998.40113,406,2026-02-11 00:00:00+00:00
1770771600000,0.187,0.1879,0.1867,0.1876,164817.7,1770775200000,30870.65713,339,2026-02-11 01:00:00+00:00
1770775200000,0.1877,0.1887,0.1869,0.1872,130753.8,1770778800000,24569.64068,275,2026-02-11 02:00:00+00:00
1770778800000,0.1873,0.1874,0.1846,0.1856,228808.6,1770782400000,42477.50969,558,2026-02-11 03:00:00+00:00
1770782400000,0.1856,0.1861,0.1825,0.1842,367704.9,1770786000000,67765.88876,1063,2026-02-11 04:00:00+00:00
1770786000000,0.1842,0.1854,0.1836,0.1837,181620.7,1770789600000,33498.61119,480,2026-02-11 05:00:00+00:00
1770789600000,0.1836,0.1839,0.1808,0.1817,497995.9,1770793200000,90773.05367,1163,2026-02-11 06:00:00+00:00
1770793200000,0.1817,0.1819,0.1804,0.1814,404288.8,1770796800000,73234.76009,856,2026-02-11 07:00:00+00:00
1770796800000,0.1815,0.1815,0.1801,0.1814,188847.1,1770800400000,34162.1381,584,2026-02-11 08:00:00+00:00
1770800400000,0.1814,0.1816,0.1802,0.1806,109795.1,1770804000000,19855.9672,357,2026-02-11 09:00:00+00:00
1770804000000,0.1805,0.1807,0.1784,0.1789,159244.0,1770807600000,28565.17146,424,2026-02-11 10:00:00+00:00
1770807600000,0.179,0.1805,0.1788,0.1802,164870.2,1770811200000,29609.66886,361,2026-02-11 11:00:00+00:00
1770811200000,0.1802,0.1816,0.1799,0.18,120701.6,1770814800000,21781.10511,287,2026-02-11 12:00:00+00:00
1770814800000,0.1799,0.1832,0.1796,0.1831,525654.7,1770818400000,95204.91223,1108,2026-02-11 13:00:00+00:00
1770818400000,0.1831,0.1879,0.1801,0.1802,606262.6,1770822000000,111677.15193,1836,2026-02-11 14:00:00+00:00
1770822000000,0.1804,0.1811,0.1772,0.1795,372808.2,1770825600000,66670.21128,1525,2026-02-11 15:00:00+00:00
1770825600000,0.1795,0.1841,0.1794,0.1824,567543.6,1770829200000,103387.73644,1597,2026-02-11 16:00:00+00:00
1770829200000,0.1825,0.1856,0.1822,0.1827,179380.2,1770832800000,32925.42231,664,2026-02-11 17:00:00+00:00
1770832800000,0.1828,0.1869,0.1821,0.1853,272603.3,1770836400000,50526.2114,908,2026-02-11 18:00:00+00:00
1770836400000,0.1854,0.1854,0.1833,0.1835,190108.7,1770840000000,35050.97035,589,2026-02-11 19:00:00+00:00
1770840000000,0.1836,0.1845,0.1824,0.1843,194192.4,1770843600000,35601.16295,530,2026-02-11 20:00:00+00:00
1770843600000,0.1843,0.1877,0.1839,0.1858,711141.5,1770847200000,132209.47768,1319,2026-02-11 21:00:00+00:00
1770847200000,0.1859,0.1864,0.1849,0.1854,162590.2,1770850800000,30216.8507,372,2026-02-11 22:00:00+00:00
1770850800000,0.1859,0.1893,0.1849,0.1891,328031.8,1770854400000,61367.45189,778,2026-02-11 23:00:00+00:00
1770854400000,0.1892,0.1943,0.188,0.1923,1018479.0,1770858000000,194443.25791,2130,2026-02-12 00:00:00+00:00
1770858000000,0.1924,0.1958,0.191,0.1952,502124.3,1770861600000,97214.13599,977,2026-02-12 01:00:00+00:00
1770861600000,0.1951,0.1972,0.1928,0.1939,572212.0,1770865200000,111523.7295,1081,2026-02-12 02:00:00+00:00
1770865200000,0.194,0.1951,0.1927,0.1935,292752.4,1770868800000,56837.04765,593,2026-02-12 03:00:00+00:00
1770868800000,0.1934,0.1956,0.1927,0.1949,413968.1,1770872400000,80222.54037,930,2026-02-12 04:00:00+00:00
1770872400000,0.1948,0.1969,0.193,0.1946,446320.0,1770876000000,86782.87713,836,2026-02-12 05:00:00+00:00
1770876000000,0.1945,0.1988,0.1941,0.1967,689940.8,1770879600000,135748.26301,1229,2026-02-12 06:00:00+00:00
1770879600000,0.1968,0.2004,0.1952,0.1985,1147811.9,1770883200000,227204.74204,2273,2026-02-12 07:00:00+00:00
1770883200000,0.1984,0.2037,0.1962,0.2004,2158588.1,1770886800000,432682.01901,5404,2026-02-12 08:00:00+00:00
1770886800000,0.2005,0.2203,0.1971,0.1973,7961048.2,1770890400000,1647369.27477,20882,2026-02-12 09:00:00+00:00
1770890400000,0.1973,0.2019,0.1961,0.2002,1205671.9,1770894000000,239144.59981,3592,2026-02-12 10:00:00+00:00
1770894000000,0.2003,0.2064,0.1984,0.1991,2549399.2,1770897600000,516151.15073,7452,2026-02-12 11:00:00+00:00
1770897600000,0.1991,0.1993,0.1936,0.1942,776755.5,1770901200000,152823.3765,1929,2026-02-12 12:00:00+00:00
1770901200000,0.194,0.1979,0.1934,0.1979,719354.2,1770904800000,140549.92953,1601,2026-02-12 13:00:00+00:00
1770904800000,0.1979,0.1981,0.1952,0.196,301355.5,1770908400000,59268.79845,882,2026-02-12 14:00:00+00:00
1770908400000,0.196,0.1989,0.1953,0.1959,755525.3,1770912000000,148889.28318,1636,2026-02-12 15:00:00+00:00
1770912000000,0.1958,0.1989,0.1922,0.1926,1788369.9,1770915600000,349706.28869,4633,2026-02-12 16:00:00+00:00
1770915600000,0.1926,0.1938,0.1906,0.1909,524871.3,1770919200000,100724.26552,1222,2026-02-12 17:00:00+00:00
1770919200000,0.1908,0.1935,0.1902,0.1929,343669.2,1770922800000,65798.40027,1190,2026-02-12 18:00:00+00:00
1770922800000,0.1928,0.1978,0.1928,0.1949,531959.3,1770926400000,104272.07004,1635,2026-02-12 19:00:00+00:00
1770926400000,0.195,0.1954,0.1925,0.1931,211810.1,1770930000000,41049.80204,506,2026-02-12 20:00:00+00:00
1770930000000,0.1932,0.1939,0.1922,0.1938,389647.6,1770933600000,75292.72387,734,2026-02-12 21:00:00+00:00
1770933600000,0.1935,0.1979,0.1931,0.1976,353730.6,1770937200000,68950.26983,851,2026-02-12 22:00:00+00:00
1770937200000,0.1977,0.1998,0.1974,0.1985,473109.2,1770940800000,93983.10481,993,2026-02-12 23:00:00+00:00
1770940800000,0.1987,0.1987,0.1929,0.1941,324088.9,1770944400000,63210.34608,667,2026-02-13 00:00:00+00:00
1770944400000,0.1943,0.1953,0.1928,0.1932,185517.6,1770948000000,36033.97162,407,2026-02-13 01:00:00+00:00
1770948000000,0.1933,0.1946,0.1926,0.1938,336021.2,1770951600000,64988.46898,696,2026-02-13 02:00:00+00:00
1770951600000,0.1941,0.1947,0.1915,0.1923,297267.9,1770955200000,57421.60915,545,2026-02-13 03:00:00+00:00
1770955200000,0.1923,0.1935,0.1919,0.1923,256628.7,1770958800000,49457.07212,431,2026-02-13 04:00:00+00:00
1770958800000,0.1922,0.1948,0.1915,0.1925,183071.0,1770962400000,35379.40649,457,2026-02-13 05:00:00+00:00
1770962400000,0.1926,0.1947,0.1925,0.1939,180604.3,1770966000000,34938.26513,473,2026-02-13 06:00:00+00:00
1770966000000,0.1939,0.1951,0.1932,0.1947,92827.5,1770969600000,18009.77503,254,2026-02-13 07:00:00+00:00
1770969600000,0.1946,0.1973,0.1944,0.1963,109144.1,1770973200000,21413.00849,399,2026-02-13 08:00:00+00:00
1770973200000,0.1962,0.199,0.196,0.197,294411.5,1770976800000,58178.76041,751,2026-02-13 09:00:00+00:00
1770976800000,0.1969,0.1999,0.1963,0.1992,336111.3,1770980400000,66750.77917,673,2026-02-13 10:00:00+00:00
1770980400000,0.1993,0.2009,0.1977,0.1983,344849.8,1770984000000,68697.36015,669,2026-02-13 11:00:00+00:00
1770984000000,0.1981,0.1981,0.1958,0.1966,511887.0,1770987600000,100669.1369,924,2026-02-13 12:00:00+00:00
1770987600000,0.1968,0.1986,0.1959,0.1968,194635.6,1770991200000,38327.80214,496,2026-02-13 13:00:00+00:00
1770991200000,0.1967,0.199,0.1956,0.1979,401287.6,1770994800000,78967.44814,889,2026-02-13 14:00:00+00:00
1770994800000,0.1983,0.2035,0.1977,0.2016,807675.0,1770998400000,162747.81887,1839,2026-02-13 15:00:00+00:00
1770998400000,0.2017,0.2035,0.2014,0.2021,478667.6,1771002000000,96897.40445,1054,2026-02-13 16:00:00+00:00
1771002000000,0.2022,0.2049,0.2014,0.2031,348284.3,1771005600000,70816.98221,758,2026-02-13 17:00:00+00:00
1771005600000,0.2034,0.2044,0.2024,0.2042,157237.6,1771009200000,32019.6441,478,2026-02-13 18:00:00+00:00
1771009200000,0.2042,0.2055,0.2034,0.204,271589.4,1771012800000,55491.3977,577,2026-02-13 19:00:00+00:00
1771012800000,0.2039,0.2063,0.2035,0.2048,540097.9,1771016400000,110690.37108,1179,2026-02-13 20:00:00+00:00
1771016400000,0.2048,0.2074,0.2043,0.2047,347387.9,1771020000000,71362.34669,783,2026-02-13 21:00:00+00:00
1771020000000,0.2048,0.2051,0.2041,0.2047,91247.2,1771023600000,18677.47241,302,2026-02-13 22:00:00+00:00
1771023600000,0.2045,0.205,0.2033,0.2035,100413.7,1771027200000,20467.27302,285,2026-02-13 23:00:00+00:00
1771027200000,0.2035,0.2035,0.2016,0.2028,551311.1,1771030800000,111596.0471,953,2026-02-14 00:00:00+00:00
1771030800000,0.2028,0.2041,0.2011,0.2014,392322.8,1771034400000,79213.03614,516,2026-02-14 01:00:00+00:00
1771034400000,0.2014,0.2037,0.2012,0.2034,216007.6,1771038000000,43719.83129,471,2026-02-14 02:00:00+00:00
1771038000000,0.2035,0.2066,0.2034,0.2045,490684.4,1771041600000,100661.00163,721,2026-02-14 03:00:00+00:00
1771041600000,0.2045,0.2046,0.203,0.2036,197752.0,1771045200000,40313.29255,511,2026-02-14 04:00:00+00:00
1771045200000,0.2036,0.2049,0.2019,0.2019,219611.5,1771048800000,44748.68248,528,2026-02-14 05:00:00+00:00
1771048800000,0.2018,0.2022,0.2003,0.2017,309295.8,1771052400000,62308.73852,567,2026-02-14 06:00:00+00:00
1771052400000,0.2018,0.2022,0.2,0.2006,361194.9,1771056000000,72572.05061,365,2026-02-14 07:00:00+00:00
1771056000000,0.2007,0.2049,0.2006,0.2041,533360.2,1771059600000,108104.01506,940,2026-02-14 08:00:00+00:00
1771059600000,0.2044,0.2057,0.2033,0.205,280220.2,1771063200000,57297.46239,548,2026-02-14 09:00:00+00:00
1771063200000,0.205,0.2065,0.2044,0.2055,293650.2,1771066800000,60289.99859,472,2026-02-14 10:00:00+00:00
1771066800000,0.2055,0.208,0.2055,0.2064,346974.9,1771070400000,71673.32331,715,2026-02-14 11:00:00+00:00
1771070400000,0.2062,0.2065,0.2046,0.2059,273994.9,1771074000000,56367.07278,471,2026-02-14 12:00:00+00:00
1771074000000,0.2057,0.2057,0.2042,0.2052,69324.2,1771077600000,14204.98147,180,2026-02-14 13:00:00+00:00
1771077600000,0.2052,0.2083,0.2049,0.2081,141132.1,1771081200000,29111.9923,281,2026-02-14 14:00:00+00:00
1771081200000,0.2081,0.2141,0.2079,0.211,633878.7,1771084800000,134080.81499,1102,2026-02-14 15:00:00+00:00
1771084800000,0.2108,0.2156,0.2087,0.2145,577682.6,1771088400000,122285.0811,954,2026-02-14 16:00:00+00:00
1771088400000,0.2145,0.2159,0.2131,0.2139,360365.3,1771092000000,77220.85393,484,2026-02-14 17:00:00+00:00
1771092000000,0.2138,0.2154,0.2131,0.2144,206825.3,1771095600000,44329.21996,516,2026-02-14 18:00:00+00:00
1771095600000,0.2143,0.215,0.2136,0.2147,104507.8,1771099200000,22423.37479,372,2026-02-14 19:00:00+00:00
1771099200000,0.2146,0.2162,0.2124,0.2135,270763.6,1771102800000,57985.06651,600,2026-02-14 20:00:00+00:00
1771102800000,0.2137,0.2154,0.2128,0.2141,251738.5,1771106400000,53884.96345,499,2026-02-14 21:00:00+00:00
1771106400000,0.2139,0.2147,0.2121,0.2125,280896.9,1771110000000,60005.57989,429,2026-02-14 22:00:00+00:00
1771110000000,0.2124,0.2133,0.2104,0.2109,162006.8,1771113600000,34210.31454,304,2026-02-14 23:00:00+00:00
1771113600000,0.2112,0.2112,0.2077,0.2086,455256.5,1771117200000,95184.13961,767,2026-02-15 00:00:00+00:00
1771117200000,0.2087,0.2105,0.2075,0.2096,414443.5,1771120800000,86617.0267,682,2026-02-15 01:00:00+00:00
1771120800000,0.2098,0.2108,0.2092,0.2102,191712.6,1771124400000,40274.91498,383,2026-02-15 02:00:00+00:00
1771124400000,0.2101,0.2104,0.2051,0.2084,337694.4,1771128000000,70070.68322,584,2026-02-15 03:00:00+00:00
1771128000000,0.2084,0.2102,0.2077,0.2084,159540.1,1771131600000,33323.74906,381,2026-02-15 04:00:00+00:00
1771131600000,0.2086,0.2096,0.2085,0.2087,153016.5,1771135200000,31984.72732,228,2026-02-15 05:00:00+00:00
1771135200000,0.2086,0.2094,0.2082,0.2089,95500.1,1771138800000,19921.24549,189,2026-02-15 06:00:00+00:00
1771138800000,0.2088,0.2126,0.2087,0.2116,226012.1,1771142400000,47700.78035,434,2026-02-15 07:00:00+00:00
1771142400000,0.2117,0.2123,0.2065,0.2076,341664.9,1771146000000,71550.41483,689,2026-02-15 08:00:00+00:00
1771146000000,0.2076,0.2112,0.2072,0.2096,204578.4,1771149600000,42928.94953,440,2026-02-15 09:00:00+00:00
1771149600000,0.2094,0.2095,0.2069,0.2081,114616.8,1771153200000,23859.47636,294,2026-02-15 10:00:00+00:00
1771153200000,0.2083,0.2087,0.2075,0.2077,97395.9,1771156800000,20267.64897,165,2026-02-15 11:00:00+00:00
1771156800000,0.2078,0.2079,0.201,0.2011,345129.1,1771160400000,70509.85733,717,2026-02-15 12:00:00+00:00
1771160400000,0.2013,0.2034,0.1998,0.2006,347843.6,1771164000000,70109.68084,663,2026-02-15 13:00:00+00:00
1771164000000,0.2006,0.2025,0.2006,0.201,388718.4,1771167600000,78199.03872,637,2026-02-15 14:00:00+00:00
1771167600000,0.201,0.2017,0.2003,0.2011,122918.9,1771171200000,24709.78606,298,2026-02-15 15:00:00+00:00
1771171200000,0.201,0.2014,0.1992,0.2004,350009.1,1771174800000,70176.37098,707,2026-02-15 16:00:00+00:00
1771174800000,0.2003,0.2009,0.1971,0.199,238707.2,1771178400000,47494.85451,586,2026-02-15 17:00:00+00:00
1771178400000,0.1989,0.1999,0.198,0.1984,207474.1,1771182000000,41222.86204,394,2026-02-15 18:00:00+00:00
1771182000000,0.1984,0.199,0.1967,0.1976,182337.8,1771185600000,36036.56007,438,2026-02-15 19:00:00+00:00
1771185600000,0.1975,0.1998,0.1968,0.1995,142081.1,1771189200000,28172.10698,307,2026-02-15 20:00:00+00:00
1771189200000,0.1996,0.201,0.1993,0.1999,122327.2,1771192800000,24499.7052,270,2026-02-15 21:00:00+00:00
1771192800000,0.1998,0.2011,0.1996,0.2011,62674.5,1771196400000,12566.18566,136,2026-02-15 22:00:00+00:00
1771196400000,0.2008,0.2036,0.1997,0.2026,108440.9,1771200000000,21868.17759,219,2026-02-15 23:00:00+00:00
1771200000000,0.2025,0.2053,0.2011,0.2042,303221.1,1771203600000,61728.52234,498,2026-02-16 00:00:00+00:00
1771203600000,0.204,0.2049,0.201,0.2023,149170.1,1771207200000,30244.32305,230,2026-02-16 01:00:00+00:00
1771207200000,0.2023,0.2033,0.2012,0.2012,159149.3,1771210800000,32215.40829,299,2026-02-16 02:00:00+00:00
1771210800000,0.2016,0.2019,0.2007,0.2013,71004.4,1771214400000,14299.19864,156,2026-02-16 03:00:00+00:00
1771214400000,0.2016,0.2025,0.2007,0.2017,145452.1,1771218000000,29331.9383,252,2026-02-16 04:00:00+00:00
1771218000000,0.2018,0.202,0.1986,0.1996,166974.6,1771221600000,33358.91676,341,2026-02-16 05:00:00+00:00
1771221600000,0.1999,0.2005,0.1992,0.2003,105949.6,1771225200000,21189.66422,199,2026-02-16 06:00:00+00:00
1771225200000,0.2001,0.2001,0.1988,0.199,106259.8,1771228800000,21176.46955,212,2026-02-16 07:00:00+00:00
1771228800000,0.1988,0.2012,0.1988,0.2003,239222.0,1771232400000,47925.05304,367,2026-02-16 08:00:00+00:00
1771232400000,0.2002,0.2014,0.2,0.2008,157523.9,1771236000000,31657.47581,199,2026-02-16 09:00:00+00:00
1771236000000,0.2007,0.2014,0.1998,0.2,239451.5,1771239600000,48017.94809,265,2026-02-16 10:00:00+00:00
1771239600000,0.1998,0.2003,0.1971,0.1992,214929.0,1771243200000,42691.72874,440,2026-02-16 11:00:00+00:00
1771243200000,0.199,0.2031,0.1986,0.2031,313969.6,1771246800000,63344.74813,440,2026-02-16 12:00:00+00:00
1771246800000,0.2031,0.2047,0.1993,0.2001,280245.1,1771250400000,56711.44406,572,2026-02-16 13:00:00+00:00
1771250400000,0.1999,0.2023,0.1989,0.2011,144307.8,1771254000000,28937.32023,370,2026-02-16 14:00:00+00:00
1771254000000,0.2009,0.2016,0.1966,0.1977,150787.1,1771257600000,29925.50491,408,2026-02-16 15:00:00+00:00
1771257600000,0.1973,0.1998,0.1973,0.1984,157175.1,1771261200000,31250.6751,307,2026-02-16 16:00:00+00:00
1771261200000,0.1991,0.2001,0.1982,0.1996,87890.8,1771264800000,17529.2297,209,2026-02-16 17:00:00+00:00
1771264800000,0.1998,0.2011,0.1997,0.2,61794.0,1771268400000,12400.9041,170,2026-02-16 18:00:00+00:00
1771268400000,0.2002,0.2016,0.1998,0.2008,64527.1,1771272000000,12938.86088,114,2026-02-16 19:00:00+00:00
1771272000000,0.2008,0.2035,0.2002,0.2033,84375.0,1771275600000,17042.41051,180,2026-02-16 20:00:00+00:00
1771275600000,0.2032,0.2053,0.2029,0.2053,145408.4,1771279200000,29660.38024,243,2026-02-16 21:00:00+00:00
1771279200000,0.2049,0.2056,0.204,0.2042,52251.2,1771282800000,10700.40309,191,2026-02-16 22:00:00+00:00
1771282800000,0.2044,0.205,0.2037,0.2042,89134.4,1771286400000,18204.51868,169,2026-02-16 23:00:00+00:00
1771286400000,0.2042,0.205,0.2029,0.2029,154336.4,1771290000000,31434.87478,261,2026-02-17 00:00:00+00:00
1771290000000,0.203,0.2033,0.2016,0.2019,74325.4,1771293600000,15038.25619,136,2026-02-17 01:00:00+00:00
1771293600000,0.2018,0.2047,0.2009,0.2035,150919.0,1771297200000,30737.03684,267,2026-02-17 02:00:00+00:00
1771297200000,0.2034,0.2035,0.202,0.2022,56362.9,1771300800000,11426.24849,180,2026-02-17 03:00:00+00:00
1771300800000,0.2022,0.203,0.2014,0.2015,78932.6,1771304400000,15956.86992,166,2026-02-17 04:00:00+00:00
1771304400000,0.2016,0.2016,0.1991,0.2003,49562.7,1771308000000,9930.02858,113,2026-02-17 05:00:00+00:00
1771308000000,0.2004,0.2011,0.2002,0.2011,36447.4,1771311600000,7311.42423,89,2026-02-17 06:00:00+00:00
1771311600000,0.2012,0.2025,0.2007,0.2012,81378.5,1771315200000,16402.87082,203,2026-02-17 07:00:00+00:00
1771315200000,0.2011,0.2015,0.2001,0.2004,175074.5,1771318800000,35149.37564,416,2026-02-17 08:00:00+00:00
1771318800000,0.2004,0.2008,0.1998,0.2001,89951.9,1771322400000,18018.86401,223,2026-02-17 09:00:00+00:00
1771322400000,0.2,0.2007,0.1992,0.2002,55682.1,1771326000000,11126.53147,216,2026-02-17 10:00:00+00:00
1771326000000,0.2002,0.2035,0.1996,0.2021,196284.5,1771329600000,39619.93406,385,2026-02-17 11:00:00+00:00
1771329600000,0.2021,0.2106,0.202,0.2061,2239443.6,1771333200000,465224.6967,3506,2026-02-17 12:00:00+00:00
1771333200000,0.2059,0.2152,0.2047,0.2065,3550435.5,1771336800000,744663.05671,7549,2026-02-17 13:00:00+00:00
1771336800000,0.2066,0.2082,0.2003,0.2014,1005411.0,1771340400000,205551.3401,2638,2026-02-17 14:00:00+00:00
1771340400000,0.2016,0.2066,0.2013,0.2064,617643.7,1771344000000,126006.70891,1410,2026-02-17 15:00:00+00:00
1771344000000,0.2064,0.2087,0.2042,0.2064,497772.9,1771347600000,102885.66518,985,2026-02-17 16:00:00+00:00
1771347600000,0.2059,0.2079,0.2029,0.205,384963.3,1771351200000,79033.69492,923,2026-02-17 17:00:00+00:00
1771351200000,0.2049,0.21,0.2042,0.2081,322251.8,1771354800000,66899.14521,695,2026-02-17 18:00:00+00:00
1771354800000,0.2083,0.2089,0.2062,0.208,143189.7,1771358400000,29765.19521,407,2026-02-17 19:00:00+00:00
1771358400000,0.2078,0.2084,0.2062,0.2068,231705.9,1771362000000,48050.89264,487,2026-02-17 20:00:00+00:00
1771362000000,0.2068,0.2105,0.2065,0.2094,212000.6,1771365600000,44299.35867,590,2026-02-17 21:00:00+00:00
1771365600000,0.2096,0.2118,0.2086,0.2098,171100.6,1771369200000,35992.41027,443,2026-02-17 22:00:00+00:00
1771369200000,0.2097,0.2099,0.2075,0.2087,194234.1,1771372800000,40589.74909,445,2026-02-17 23:00:00+00:00
1771372800000,0.2086,0.2086,0.2047,0.2056,296589.7,1771376400000,61074.69157,634,2026-02-18 00:00:00+00:00
1771376400000,0.2053,0.2057,0.2045,0.2051,178801.8,1771380000000,36658.58168,281,2026-02-18 01:00:00+00:00
1771380000000,0.2049,0.2056,0.2035,0.2039,56403.0,1771383600000,11522.81354,168,2026-02-18 02:00:00+00:00
1771383600000,0.204,0.2048,0.2027,0.2041,155927.8,1771387200000,31803.85008,326,2026-02-18 03:00:00+00:00
1771387200000,0.204,0.2046,0.2033,0.2039,153106.4,1771390800000,31206.00956,397,2026-02-18 04:00:00+00:00
1771390800000,0.2039,0.2048,0.2038,0.2044,62260.0,1771394400000,12716.21284,170,2026-02-18 05:00:00+00:00
1771394400000,0.2045,0.206,0.2044,0.2045,111881.4,1771398000000,22942.404,240,2026-02-18 06:00:00+00:00
1771398000000,0.2045,0.2045,0.2028,0.2042,156368.8,1771401600000,31856.0734,328,2026-02-18 07:00:00+00:00
1771401600000,0.2044,0.2048,0.2032,0.2033,303526.1,1771405200000,61938.028,311,2026-02-18 08:00:00+00:00
1771405200000,0.2035,0.2038,0.2019,0.2025,270838.7,1771408800000,54840.37249,568,2026-02-18 09:00:00+00:00
1771408800000,0.2027,0.2032,0.2003,0.2009,232761.6,1771412400000,46847.97511,453,2026-02-18 10:00:00+00:00
1771412400000,0.201,0.2025,0.1999,0.2012,231869.7,1771416000000,46679.53469,512,2026-02-18 11:00:00+00:00
1771416000000,0.2015,0.2028,0.201,0.2014,98747.4,1771419600000,19909.48317,278,2026-02-18 12:00:00+00:00
1771419600000,0.2014,0.2016,0.1989,0.2,148951.6,1771423200000,29812.27618,456,2026-02-18 13:00:00+00:00
1771423200000,0.2,0.2012,0.1985,0.2008,261400.9,1771426800000,52190.83929,599,2026-02-18 14:00:00+00:00
1771426800000,0.2009,0.2044,0.2009,0.202,119847.9,1771430400000,24278.62778,448,2026-02-18 15:00:00+00:00
1771430400000,0.2019,0.2019,0.1989,0.1993,78747.5,1771434000000,15741.94161,267,2026-02-18 16:00:00+00:00
1771434000000,0.1994,0.2006,0.1962,0.1966,252781.6,1771437600000,50068.63946,659,2026-02-18 17:00:00+00:00
1771437600000,0.1967,0.1969,0.1919,0.1926,725733.6,1771441200000,141027.86949,1307,2026-02-18 18:00:00+00:00
1771441200000,0.1927,0.1934,0.1904,0.1921,276642.3,1771444800000,53160.94913,502,2026-02-18 19:00:00+00:00
1771444800000,0.1919,0.1924,0.1899,0.1903,271289.6,1771448400000,51752.18125,398,2026-02-18 20:00:00+00:00
1771448400000,0.1904,0.1912,0.1896,0.19,114251.2,1771452000000,21743.17918,227,2026-02-18 21:00:00+00:00
1771452000000,0.19,0.1902,0.1888,0.1898,150045.2,1771455600000,28445.93767,280,2026-02-18 22:00:00+00:00
1771455600000,0.1898,0.1908,0.1893,0.1905,172656.1,1771459200000,32816.64405,318,2026-02-18 23:00:00+00:00
1771459200000,0.1902,0.1902,0.1878,0.188,79399.4,1771462800000,14969.65484,169,2026-02-19 00:00:00+00:00
1771462800000,0.189,0.1905,0.1888,0.1904,86164.1,1771466400000,16352.46624,171,2026-02-19 01:00:00+00:00
1771466400000,0.1904,0.1904,0.1895,0.1899,83967.9,1771470000000,15939.20894,152,2026-02-19 02:00:00+00:00
1771470000000,0.1896,0.1904,0.1894,0.19,18556.9,1771473600000,3524.54864,44,2026-02-19 03:00:00+00:00
1771473600000,0.1902,0.1924,0.1902,0.1907,138491.0,1771477200000,26466.83728,225,2026-02-19 04:00:00+00:00
1771477200000,0.1908,0.1909,0.1893,0.19,78357.7,1771480800000,14894.54481,176,2026-02-19 05:00:00+00:00
1771480800000,0.1898,0.1906,0.1895,0.1899,84709.6,1771484400000,16110.62885,222,2026-02-19 06:00:00+00:00
1771484400000,0.1899,0.1899,0.1881,0.1886,87874.1,1771488000000,16587.75394,173,2026-02-19 07:00:00+00:00
1771488000000,0.1883,0.1884,0.1836,0.1848,419111.9,1771491600000,77668.44332,771,2026-02-19 08:00:00+00:00
1771491600000,0.1849,0.1857,0.1833,0.1846,384489.0,1771495200000,70963.32198,602,2026-02-19 09:00:00+00:00
1771495200000,0.1845,0.1849,0.1821,0.1826,269172.0,1771498800000,49279.36385,458,2026-02-19 10:00:00+00:00
1771498800000,0.1826,0.183,0.1817,0.1818,247714.9,1771502400000,45122.3319,379,2026-02-19 11:00:00+00:00
1771502400000,0.182,0.1827,0.1813,0.1813,168356.5,1771506000000,30653.37734,276,2026-02-19 12:00:00+00:00
1771506000000,0.1812,0.1812,0.1761,0.1774,439187.4,1771509600000,78247.69351,626,2026-02-19 13:00:00+00:00
1771509600000,0.1774,0.181,0.1773,0.1794,393660.9,1771513200000,70542.27106,497,2026-02-19 14:00:00+00:00
1771513200000,0.1794,0.1806,0.1776,0.1795,465063.5,1771516800000,83277.75522,725,2026-02-19 15:00:00+00:00
1771516800000,0.1795,0.1801,0.1764,0.1786,488296.8,1771520400000,86925.55383,887,2026-02-19 16:00:00+00:00
1771520400000,0.1787,0.182,0.1786,0.1812,295355.0,1771524000000,53218.31231,429,2026-02-19 17:00:00+00:00
1771524000000,0.1813,0.1849,0.1812,0.1847,196454.6,1771527600000,36088.33483,423,2026-02-19 18:00:00+00:00
1771527600000,0.1848,0.1874,0.1838,0.1864,248162.9,1771531200000,45968.01855,338,2026-02-19 19:00:00+00:00
1771531200000,0.1864,0.1866,0.1844,0.185,168557.2,1771534800000,31268.99012,376,2026-02-19 20:00:00+00:00
1771534800000,0.185,0.187,0.1843,0.1858,153021.3,1771538400000,28357.75199,325,2026-02-19 21:00:00+00:00
1771538400000,0.1857,0.1882,0.1856,0.187,125216.9,1771542000000,23383.86763,264,2026-02-19 22:00:00+00:00
1771542000000,0.187,0.1886,0.1862,0.1884,88148.5,1771545600000,16561.29874,175,2026-02-19 23:00:00+00:00
1771545600000,0.1887,0.1894,0.1872,0.1883,106132.7,1771549200000,19992.82712,253,2026-02-20 00:00:00+00:00
1771549200000,0.1886,0.189,0.1878,0.1883,102031.5,1771552800000,19215.36797,197,2026-02-20 01:00:00+00:00
1771552800000,0.1882,0.1907,0.1881,0.1897,145171.7,1771556400000,27520.98272,281,2026-02-20 02:00:00+00:00
1771556400000,0.1899,0.1947,0.1896,0.1932,309718.1,1771560000000,59559.99102,611,2026-02-20 03:00:00+00:00
1771560000000,0.1929,0.1948,0.1911,0.1916,293041.0,1771563600000,56428.97361,646,2026-02-20 04:00:00+00:00
1771563600000,0.1912,0.1933,0.1911,0.1915,329509.8,1771567200000,63344.60288,520,2026-02-20 05:00:00+00:00
1771567200000,0.1915,0.193,0.1912,0.1913,88103.9,1771570800000,16901.26596,192,2026-02-20 06:00:00+00:00
1771570800000,0.1912,0.1915,0.1905,0.191,43072.2,1771574400000,8222.64859,112,2026-02-20 07:00:00+00:00
1771574400000,0.191,0.1918,0.1898,0.1899,136571.1,1771578000000,26039.50753,296,2026-02-20 08:00:00+00:00
1771578000000,0.1901,0.191,0.1901,0.1908,46815.1,1771581600000,8922.25246,118,2026-02-20 09:00:00+00:00
1771581600000,0.191,0.1929,0.1904,0.1909,370352.9,1771585200000,70939.08878,412,2026-02-20 10:00:00+00:00
1771585200000,0.1908,0.191,0.1895,0.1896,293500.1,1771588800000,55800.422,510,2026-02-20 11:00:00+00:00
1771588800000,0.1897,0.1905,0.1891,0.1897,188395.4,1771592400000,35745.72271,350,2026-02-20 12:00:00+00:00
1771592400000,0.1894,0.1895,0.1859,0.1863,295566.3,1771596000000,55477.36247,496,2026-02-20 13:00:00+00:00
1771596000000,0.1865,0.1899,0.1863,0.1885,182002.5,1771599600000,34250.26911,403,2026-02-20 14:00:00+00:00
1771599600000,0.1886,0.1925,0.1885,0.1912,416762.2,1771603200000,79347.77306,983,2026-02-20 15:00:00+00:00
1771603200000,0.1909,0.1919,0.1888,0.1907,494372.7,1771606800000,94312.67671,747,2026-02-20 16:00:00+00:00
1771606800000,0.1901,0.1916,0.1875,0.1916,309392.8,1771610400000,58724.52157,642,2026-02-20 17:00:00+00:00
1771610400000,0.1914,0.1919,0.1897,0.1905,211938.6,1771614000000,40399.08626,488,2026-02-20 18:00:00+00:00
1771614000000,0.1904,0.1906,0.1894,0.1898,58791.4,1771617600000,11165.27722,158,2026-02-20 19:00:00+00:00
1771617600000,0.1897,0.191,0.1897,0.1906,41420.0,1771621200000,7889.03769,129,2026-02-20 20:00:00+00:00
1771621200000,0.1909,0.1909,0.1899,0.1908,181099.8,1771624800000,34452.33067,255,2026-02-20 21:00:00+00:00
1771624800000,0.1908,0.192,0.19,0.1917,102523.8,1771628400000,19568.35734,271,2026-02-20 22:00:00+00:00
1771628400000,0.1917,0.1923,0.1906,0.1914,64299.3,1771632000000,12298.429,194,2026-02-20 23:00:00+00:00
1771632000000,0.1913,0.1955,0.1912,0.1947,376045.1,1771635600000,73134.78897,895,2026-02-21 00:00:00+00:00
1771635600000,0.1948,0.1972,0.1937,0.1939,565521.8,1771639200000,110722.23784,1402,2026-02-21 01:00:00+00:00
1771639200000,0.1939,0.1947,0.1921,0.1932,439724.9,1771642800000,85189.61783,1016,2026-02-21 02:00:00+00:00
1771642800000,0.1932,0.1942,0.1923,0.1929,135798.3,1771646400000,26211.15432,439,2026-02-21 03:00:00+00:00
1771646400000,0.1928,0.1931,0.1913,0.1916,141913.4,1771650000000,27293.52566,427,2026-02-21 04:00:00+00:00
1771650000000,0.1915,0.1923,0.1913,0.1917,46309.9,1771653600000,8884.14578,147,2026-02-21 05:00:00+00:00
1771653600000,0.1916,0.1923,0.1904,0.1912,85832.9,1771657200000,16412.61709,214,2026-02-21 06:00:00+00:00
1771657200000,0.1912,0.1919,0.1909,0.1917,86193.9,1771660800000,16498.1116,208,2026-02-21 07:00:00+00:00
1771660800000,0.1916,0.1931,0.1915,0.1929,140802.8,1771664400000,27102.01148,344,2026-02-21 08:00:00+00:00
1771664400000,0.1929,0.1939,0.1924,0.1924,145060.9,1771668000000,28017.29314,226,2026-02-21 09:00:00+00:00
1771668000000,0.1928,0.1929,0.1919,0.1923,40604.7,1771671600000,7807.69937,99,2026-02-21 10:00:00+00:00
1771671600000,0.1922,0.1957,0.1922,0.1951,387776.2,1771675200000,75400.59997,508,2026-02-21 11:00:00+00:00
1771675200000,0.195,0.1955,0.1919,0.192,181867.4,1771678800000,35186.09384,328,2026-02-21 12:00:00+00:00
1771678800000,0.1921,0.1928,0.1914,0.1921,75607.2,1771682400000,14521.86976,159,2026-02-21 13:00:00+00:00
1771682400000,0.192,0.1937,0.1919,0.192,209757.4,1771686000000,40411.93114,371,2026-02-21 14:00:00+00:00
1771686000000,0.192,0.1922,0.1907,0.1908,69219.4,1771689600000,13239.13487,150,2026-02-21 15:00:00+00:00
1771689600000,0.1905,0.1905,0.1884,0.1891,229922.8,1771693200000,43524.93547,442,2026-02-21 16:00:00+00:00
1771693200000,0.189,0.1899,0.1886,0.1893,47426.5,1771696800000,8970.11047,143,2026-02-21 17:00:00+00:00
1771696800000,0.1893,0.1899,0.1892,0.1897,136459.8,1771700400000,25858.84287,209,2026-02-21 18:00:00+00:00
1771700400000,0.1895,0.1896,0.1887,0.1888,71405.6,1771704000000,13500.233,104,2026-02-21 19:00:00+00:00
1771704000000,0.1887,0.1894,0.1879,0.1881,86459.9,1771707600000,16308.88393,170,2026-02-21 20:00:00+00:00
1771707600000,0.1882,0.189,0.188,0.189,64120.0,1771711200000,12083.91714,146,2026-02-21 21:00:00+00:00
1771711200000,0.189,0.1893,0.1879,0.1882,76520.2,1771714800000,14436.95107,152,2026-02-21 22:00:00+00:00
1771714800000,0.188,0.1884,0.1875,0.1878,59862.7,1771718400000,11252.65291,122,2026-02-21 23:00:00+00:00
1771718400000,0.1874,0.1885,0.1857,0.1873,293848.8,1771722000000,54899.01307,538,2026-02-22 00:00:00+00:00
1771722000000,0.1876,0.1883,0.1868,0.1871,109169.7,1771725600000,20477.41965,233,2026-02-22 01:00:00+00:00
1771725600000,0.187,0.1873,0.1844,0.1848,242473.3,1771729200000,44948.91128,316,2026-02-22 02:00:00+00:00
1771729200000,0.185,0.1858,0.1842,0.185,165520.8,1771732800000,30580.05467,250,2026-02-22 03:00:00+00:00
1771732800000,0.1848,0.1848,0.1829,0.1836,118912.2,1771736400000,21828.64099,199,2026-02-22 04:00:00+00:00
1771736400000,0.1837,0.1847,0.1827,0.183,202443.2,1771740000000,37196.4347,246,2026-02-22 05:00:00+00:00
1771740000000,0.1828,0.1838,0.1819,0.1837,132103.2,1771743600000,24162.64679,205,2026-02-22 06:00:00+00:00
1771743600000,0.1835,0.1836,0.1831,0.1835,50978.9,1771747200000,9346.00357,65,2026-02-22 07:00:00+00:00
1771747200000,0.1834,0.1838,0.1823,0.1823,43331.3,1771750800000,7923.87475,94,2026-02-22 08:00:00+00:00
1771750800000,0.1823,0.1858,0.1822,0.1856,124621.9,1771754400000,22948.98745,234,2026-02-22 09:00:00+00:00
1771754400000,0.1857,0.1867,0.1854,0.186,287947.2,1771758000000,53588.63947,301,2026-02-22 10:00:00+00:00
1771758000000,0.186,0.1861,0.1847,0.1855,114505.7,1771761600000,21240.2608,144,2026-02-22 11:00:00+00:00
1771761600000,0.1851,0.1851,0.1826,0.1831,67471.3,1771765200000,12382.53378,161,2026-02-22 12:00:00+00:00
1771765200000,0.1829,0.1833,0.1812,0.1818,174199.5,1771768800000,31715.21411,278,2026-02-22 13:00:00+00:00
1771768800000,0.1819,0.1822,0.1808,0.1812,124919.9,1771772400000,22663.27446,207,2026-02-22 14:00:00+00:00
1771772400000,0.1811,0.1828,0.1805,0.1823,135114.7,1771776000000,24553.52612,242,2026-02-22 15:00:00+00:00
1771776000000,0.1822,0.1825,0.1816,0.1825,78587.7,1771779600000,14302.8112,118,2026-02-22 16:00:00+00:00
1771779600000,0.1825,0.1828,0.1812,0.1821,52799.0,1771783200000,9619.18275,111,2026-02-22 17:00:00+00:00
1771783200000,0.182,0.182,0.1814,0.1817,14243.2,1771786800000,2587.4935,41,2026-02-22 18:00:00+00:00
1771786800000,0.1818,0.1819,0.1813,0.1817,22335.4,1771790400000,4054.54874,56,2026-02-22 19:00:00+00:00
1771790400000,0.1815,0.1816,0.1801,0.1802,66062.3,1771794000000,11954.43605,165,2026-02-22 20:00:00+00:00
1771794000000,0.1803,0.1814,0.1799,0.1813,112039.2,1771797600000,20227.0779,188,2026-02-22 21:00:00+00:00
1771797600000,0.1813,0.1823,0.1811,0.1821,65112.4,1771801200000,11828.75217,98,2026-02-22 22:00:00+00:00
1771801200000,0.1823,0.1825,0.1811,0.1822,75722.5,1771804800000,13763.20253,189,2026-02-22 23:00:00+00:00
1771804800000,0.1822,0.1825,0.1784,0.1785,337371.9,1771808400000,60750.48591,521,2026-02-23 00:00:00+00:00
1771808400000,0.1785,0.1788,0.1695,0.1706,1347526.1,1771812000000,233084.83632,2678,2026-02-23 01:00:00+00:00
1771812000000,0.1703,0.1726,0.1701,0.1721,268287.2,1771815600000,45946.11309,554,2026-02-23 02:00:00+00:00
1771815600000,0.1728,0.1742,0.1724,0.1727,147120.6,1771819200000,25474.26106,259,2026-02-23 03:00:00+00:00
1771819200000,0.1728,0.1729,0.1713,0.1714,79486.8,1771822800000,13666.65688,162,2026-02-23 04:00:00+00:00
1771822800000,0.1715,0.1738,0.1715,0.1735,76326.8,1771826400000,13191.01291,196,2026-02-23 05:00:00+00:00
1771826400000,0.1735,0.176,0.1734,0.1757,118942.4,1771830000000,20861.62831,227,2026-02-23 06:00:00+00:00
1771830000000,0.1756,0.1762,0.1747,0.1759,99239.8,1771833600000,17406.68399,197,2026-02-23 07:00:00+00:00
1771833600000,0.1758,0.1763,0.1752,0.1759,105092.2,1771837200000,18476.67637,191,2026-02-23 08:00:00+00:00
1771837200000,0.1758,0.1788,0.1758,0.1784,133891.1,1771840800000,23713.20269,281,2026-02-23 09:00:00+00:00
1771840800000,0.1784,0.1789,0.1775,0.1778,75024.1,1771844400000,13348.50869,169,2026-02-23 10:00:00+00:00
1771844400000,0.1778,0.179,0.1777,0.1788,87735.1,1771848000000,15660.37348,191,2026-02-23 11:00:00+00:00
1771848000000,0.1786,0.1809,0.1782,0.1794,207240.0,1771851600000,37322.57099,355,2026-02-23 12:00:00+00:00
1771851600000,0.1795,0.1795,0.1772,0.1774,157606.2,1771855200000,28164.76939,321,2026-02-23 13:00:00+00:00
1771855200000,0.1772,0.1774,0.1749,0.176,176123.4,1771858800000,30966.59792,340,2026-02-23 14:00:00+00:00
1771858800000,0.1763,0.1766,0.1735,0.1738,132295.4,1771862400000,23146.49672,263,2026-02-23 15:00:00+00:00
1771862400000,0.1734,0.1741,0.1718,0.172,132608.0,1771866000000,22935.00495,281,2026-02-23 16:00:00+00:00
1771866000000,0.1721,0.1726,0.1688,0.1708,228089.8,1771869600000,38851.31371,503,2026-02-23 17:00:00+00:00
1771869600000,0.1707,0.1728,0.1706,0.1708,96803.5,1771873200000,16610.18056,241,2026-02-23 18:00:00+00:00
1771873200000,0.1709,0.1738,0.1708,0.172,557173.7,1771876800000,96162.61949,737,2026-02-23 19:00:00+00:00
1771876800000,0.1716,0.1719,0.1702,0.1715,238125.3,1771880400000,40682.64764,321,2026-02-23 20:00:00+00:00
1771880400000,0.1717,0.1736,0.1717,0.1731,150728.8,1771884000000,26052.15189,324,2026-02-23 21:00:00+00:00
1771884000000,0.173,0.1744,0.173,0.1734,44365.9,1771887600000,7709.14483,119,2026-02-23 22:00:00+00:00
1771887600000,0.1733,0.175,0.1733,0.1742,24469.1,1771891200000,4262.3228,85,2026-02-23 23:00:00+00:00
1771891200000,0.1744,0.1788,0.1734,0.1767,864538.3,1771894800000,151780.03835,1482,2026-02-24 00:00:00+00:00
1771894800000,0.1768,0.1801,0.1728,0.1775,817452.8,1771898400000,144380.77123,1517,2026-02-24 01:00:00+00:00
1771898400000,0.1774,0.178,0.1761,0.1773,229138.7,1771902000000,40591.93499,416,2026-02-24 02:00:00+00:00
1771902000000,0.1771,0.1771,0.1733,0.1743,220448.7,1771905600000,38524.8342,414,2026-02-24 03:00:00+00:00
1771905600000,0.1745,0.175,0.1723,0.1741,244530.4,1771909200000,42492.08025,431,2026-02-24 04:00:00+00:00
1771909200000,0.1741,0.1749,0.1719,0.1724,155481.9,1771912800000,26910.59055,329,2026-02-24 05:00:00+00:00
1771912800000,0.1722,0.1726,0.1705,0.1707,98400.8,1771916400000,16890.08,157,2026-02-24 06:00:00+00:00
1771916400000,0.1709,0.1717,0.1691,0.171,206621.8,1771920000000,35184.39974,363,2026-02-24 07:00:00+00:00
1771920000000,0.1711,0.1724,0.1699,0.1719,158081.1,1771923600000,27017.19611,331,2026-02-24 08:00:00+00:00
1771923600000,0.1719,0.1721,0.17,0.1703,66591.4,1771927200000,11368.11832,159,2026-02-24 09:00:00+00:00
1771927200000,0.1702,0.1712,0.1696,0.1702,128218.9,1771930800000,21834.48603,201,2026-02-24 10:00:00+00:00
1771930800000,0.1702,0.1714,0.1701,0.1706,252697.4,1771934400000,43089.63949,240,2026-02-24 11:00:00+00:00
1771934400000,0.171,0.1721,0.1702,0.1702,79290.8,1771938000000,13556.11208,151,2026-02-24 12:00:00+00:00
1771938000000,0.1702,0.1731,0.1686,0.173,298825.9,1771941600000,50920.47016,469,2026-02-24 13:00:00+00:00
1771941600000,0.1723,0.1774,0.17,0.1754,362485.0,1771945200000,62925.91515,748,2026-02-24 14:00:00+00:00
1771945200000,0.1756,0.1833,0.1751,0.1778,2050424.9,1771948800000,370122.21849,3296,2026-02-24 15:00:00+00:00
1771948800000,0.1778,0.1788,0.1754,0.1784,841456.0,1771952400000,148870.12171,1181,2026-02-24 16:00:00+00:00
1771952400000,0.1783,0.1793,0.1758,0.1761,348614.5,1771956000000,61944.12807,659,2026-02-24 17:00:00+00:00
1771956000000,0.1763,0.1772,0.1752,0.1761,90561.2,1771959600000,15950.58003,251,2026-02-24 18:00:00+00:00
1771959600000,0.1763,0.1781,0.1753,0.1774,225643.8,1771963200000,39866.12999,425,2026-02-24 19:00:00+00:00
1771963200000,0.1775,0.1787,0.1767,0.1768,238807.2,1771966800000,42386.72739,434,2026-02-24 20:00:00+00:00
1771966800000,0.1765,0.1796,0.1752,0.1779,356446.3,1771970400000,63099.95878,627,2026-02-24 21:00:00+00:00
1771970400000,0.1777,0.1782,0.1763,0.1771,202712.8,1771974000000,35928.92139,433,2026-02-24 22:00:00+00:00
1771974000000,0.1773,0.1797,0.1764,0.1775,254333.0,1771977600000,45288.76676,597,2026-02-24 23:00:00+00:00
1771977600000,0.1774,0.1784,0.1763,0.1778,407205.7,1771981200000,72254.70123,638,2026-02-25 00:00:00+00:00
1771981200000,0.1778,0.1836,0.1777,0.1819,340430.4,1771984800000,61830.55472,683,2026-02-25 01:00:00+00:00
1771984800000,0.1819,0.1827,0.1806,0.181,216661.9,1771988400000,39339.22329,411,2026-02-25 02:00:00+00:00
1771988400000,0.1813,0.1815,0.179,0.18,176797.7,1771992000000,31836.91533,307,2026-02-25 03:00:00+00:00
1771992000000,0.18,0.1802,0.1778,0.1799,161304.7,1771995600000,28864.88505,312,2026-02-25 04:00:00+00:00
1771995600000,0.1798,0.18,0.1779,0.1788,146902.2,1771999200000,26289.44337,289,2026-02-25 05:00:00+00:00
1771999200000,0.1792,0.1804,0.1789,0.179,54577.4,1772002800000,9803.71718,106,2026-02-25 06:00:00+00:00
1772002800000,0.179,0.1809,0.178,0.1805,376141.4,1772006400000,67394.61322,626,2026-02-25 07:00:00+00:00
1772006400000,0.1804,0.181,0.1787,0.1791,246688.1,1772010000000,44311.98872,361,2026-02-25 08:00:00+00:00
1772010000000,0.179,0.1804,0.1789,0.1798,253137.9,1772013600000,45451.14274,498,2026-02-25 09:00:00+00:00
1772013600000,0.18,0.1803,0.1788,0.179,100526.5,1772017200000,18036.18936,192,2026-02-25 10:00:00+00:00
1772017200000,0.1788,0.1805,0.1786,0.1798,146175.3,1772020800000,26265.75499,281,2026-02-25 11:00:00+00:00
1772020800000,0.1798,0.1808,0.1793,0.1801,311352.1,1772024400000,56072.18782,515,2026-02-25 12:00:00+00:00
1772024400000,0.18,0.182,0.1791,0.181,391549.1,1772028000000,70733.09878,407,2026-02-25 13:00:00+00:00
1772028000000,0.1811,0.1829,0.1806,0.1829,264362.1,1772031600000,48004.70081,346,2026-02-25 14:00:00+00:00
1772031600000,0.183,0.1874,0.182,0.1843,393967.6,1772035200000,72763.67116,727,2026-02-25 15:00:00+00:00
1772035200000,0.1845,0.1863,0.1843,0.1859,277362.3,1772038800000,51334.09541,464,2026-02-25 16:00:00+00:00
1772038800000,0.1859,0.1884,0.1858,0.1864,433631.8,1772042400000,81010.8021,611,2026-02-25 17:00:00+00:00
1772042400000,0.1865,0.1872,0.1855,0.1866,118570.5,1772046000000,22088.52785,262,2026-02-25 18:00:00+00:00
1772046000000,0.1864,0.1866,0.185,0.1865,241775.3,1772049600000,44925.72095,340,2026-02-25 19:00:00+00:00
1772049600000,0.1867,0.1878,0.1854,0.1864,155096.7,1772053200000,28939.92447,300,2026-02-25 20:00:00+00:00
1772053200000,0.1866,0.1907,0.1863,0.1895,375251.8,1772056800000,70786.82574,967,2026-02-25 21:00:00+00:00
1772056800000,0.1898,0.1903,0.1851,0.1859,282245.8,1772060400000,53052.35675,539,2026-02-25 22:00:00+00:00
1772060400000,0.1859,0.1866,0.1796,0.1824,463196.8,1772064000000,84762.92384,1185,2026-02-25 23:00:00+00:00
1772064000000,0.1825,0.1863,0.1817,0.1825,1348170.4,1772067600000,248557.25836,2485,2026-02-26 00:00:00+00:00
1772067600000,0.1826,0.1831,0.1813,0.1821,321431.6,1772071200000,58545.30787,773,2026-02-26 01:00:00+00:00
1772071200000,0.182,0.1833,0.1799,0.1827,339864.0,1772074800000,61596.48414,643,2026-02-26 02:00:00+00:00
1772074800000,0.1826,0.183,0.1814,0.1815,156778.4,1772078400000,28587.85536,290,2026-02-26 03:00:00+00:00
1772078400000,0.1815,0.1825,0.18,0.1819,338625.5,1772082000000,61407.82839,568,2026-02-26 04:00:00+00:00
1772082000000,0.1818,0.1818,0.1791,0.18,246379.1,1772085600000,44371.27488,436,2026-02-26 05:00:00+00:00
1772085600000,0.1799,0.1808,0.1793,0.1801,174212.3,1772089200000,31351.31253,346,2026-02-26 06:00:00+00:00
1772089200000,0.1801,0.1806,0.1797,0.1804,220103.3,1772092800000,39642.97985,230,2026-02-26 07:00:00+00:00
1772092800000,0.1805,0.182,0.1803,0.1817,268675.4,1772096400000,48648.69391,334,2026-02-26 08:00:00+00:00
1772096400000,0.1815,0.1831,0.1811,0.1827,357252.8,1772100000000,65127.53788,496,2026-02-26 09:00:00+00:00
1772100000000,0.1828,0.1835,0.1809,0.1814,118976.0,1772103600000,21663.64769,196,2026-02-26 10:00:00+00:00
1772103600000,0.1813,0.1817,0.1788,0.1792,173003.5,1772107200000,31121.94079,304,2026-02-26 11:00:00+00:00
1772107200000,0.1792,0.1809,0.1791,0.1806,89042.2,1772110800000,16021.61707,186,2026-02-26 12:00:00+00:00
1772110800000,0.1808,0.1808,0.1791,0.1793,104711.2,1772114400000,18852.67858,204,2026-02-26 13:00:00+00:00
1772114400000,0.1794,0.1802,0.1772,0.1795,377009.1,1772118000000,67511.45294,640,2026-02-26 14:00:00+00:00
1772118000000,0.1795,0.1805,0.1778,0.1789,461123.1,1772121600000,82457.64062,745,2026-02-26 15:00:00+00:00
1772121600000,0.1788,0.1791,0.172,0.1731,696254.0,1772125200000,121936.91572,1089,2026-02-26 16:00:00+00:00
1772125200000,0.1733,0.1754,0.1729,0.1736,179800.4,1772128800000,31380.93486,401,2026-02-26 17:00:00+00:00
1772128800000,0.1735,0.1766,0.1724,0.1764,223993.6,1772132400000,38991.80334,422,2026-02-26 18:00:00+00:00
1772132400000,0.1764,0.1803,0.1764,0.1789,458896.7,1772136000000,82188.8299,884,2026-02-26 19:00:00+00:00
1772136000000,0.1787,0.1795,0.1773,0.1779,173108.8,1772139600000,30898.64577,372,2026-02-26 20:00:00+00:00
1772139600000,0.1779,0.178,0.1773,0.1775,50375.2,1772143200000,8949.64661,324,2026-02-26 21:00:00+00:00
1772143200000,0.1777,0.1785,0.177,0.1781,65255.7,1772146800000,11587.1464,234,2026-02-26 22:00:00+00:00
1772146800000,0.178,0.1796,0.178,0.1792,117332.6,1772150400000,21026.6975,187,2026-02-26 23:00:00+00:00
1772150400000,0.1794,0.1808,0.178,0.1789,179232.2,1772154000000,32123.01967,321,2026-02-27 00:00:00+00:00
1772154000000,0.1789,0.1858,0.1789,0.185,1043923.4,1772157600000,191043.52805,2515,2026-02-27 01:00:00+00:00
1772157600000,0.1852,0.1883,0.1842,0.1868,728304.7,1772161200000,135647.47755,1571,2026-02-27 02:00:00+00:00
1772161200000,0.1872,0.1904,0.1868,0.1878,382875.8,1772164800000,72177.70557,833,2026-02-27 03:00:00+00:00
1772164800000,0.1877,0.191,0.1874,0.1877,260154.5,1772168400000,49158.73648,558,2026-02-27 04:00:00+00:00
1772168400000,0.1879,0.1883,0.1864,0.1865,154126.5,1772172000000,28852.27814,277,2026-02-27 05:00:00+00:00
1772172000000,0.1863,0.1871,0.1853,0.1854,163258.5,1772175600000,30416.64174,297,2026-02-27 06:00:00+00:00
1772175600000,0.1853,0.187,0.1839,0.1854,310471.0,1772179200000,57525.97763,415,2026-02-27 07:00:00+00:00
1772179200000,0.1853,0.187,0.1851,0.1857,151342.8,1772182800000,28156.96169,288,2026-02-27 08:00:00+00:00
1772182800000,0.1857,0.1875,0.1856,0.1861,128620.1,1772186400000,23984.87632,265,2026-02-27 09:00:00+00:00
1772186400000,0.186,0.1863,0.1829,0.1849,582730.1,1772190000000,107193.26663,1195,2026-02-27 10:00:00+00:00
1772190000000,0.1845,0.189,0.1833,0.1847,819841.6,1772193600000,153558.5139,1104,2026-02-27 11:00:00+00:00
1772193600000,0.1845,0.1845,0.1819,0.1828,223313.9,1772197200000,40916.02562,530,2026-02-27 12:00:00+00:00
1772197200000,0.1829,0.1853,0.1812,0.183,402247.7,1772200800000,73501.91229,839,2026-02-27 13:00:00+00:00
1772200800000,0.1829,0.184,0.182,0.1823,145603.1,1772204400000,26652.30135,331,2026-02-27 14:00:00+00:00
1772204400000,0.1822,0.1836,0.1815,0.183,186052.6,1772208000000,34006.71729,381,2026-02-27 15:00:00+00:00
1772208000000,0.1827,0.1845,0.1814,0.1814,200777.5,1772211600000,36760.01162,452,2026-02-27 16:00:00+00:00
1772211600000,0.1816,0.182,0.18,0.1815,300982.2,1772215200000,54422.05474,531,2026-02-27 17:00:00+00:00
1772215200000,0.1814,0.1817,0.1793,0.1793,132946.0,1772218800000,23974.08227,214,2026-02-27 18:00:00+00:00
1772218800000,0.1793,0.1795,0.1775,0.1782,280736.2,1772222400000,50056.27581,312,2026-02-27 19:00:00+00:00
1772222400000,0.1782,0.1789,0.1778,0.1785,137255.8,1772226000000,24489.17245,284,2026-02-27 20:00:00+00:00
1772226000000,0.1784,0.179,0.1764,0.177,112598.5,1772229600000,20028.52578,244,2026-02-27 21:00:00+00:00
1772229600000,0.1771,0.1777,0.1744,0.1771,170327.7,1772233200000,29931.51869,254,2026-02-27 22:00:00+00:00
1772233200000,0.1773,0.1796,0.1773,0.1789,245607.9,1772236800000,43923.15402,343,2026-02-27 23:00:00+00:00
1772236800000,0.1788,0.1803,0.178,0.1802,149110.0,1772240400000,26687.53725,256,2026-02-28 00:00:00+00:00
1772240400000,0.1801,0.1803,0.1772,0.1776,188960.0,1772244000000,33760.72434,230,2026-02-28 01:00:00+00:00
1772244000000,0.1773,0.1786,0.1772,0.1776,60259.6,1772247600000,10733.68877,109,2026-02-28 02:00:00+00:00
1772247600000,0.1776,0.1782,0.1771,0.1775,179378.8,1772251200000,31883.51872,133,2026-02-28 03:00:00+00:00
1772251200000,0.1773,0.1776,0.1763,0.1772,57140.2,1772254800000,10120.23324,104,2026-02-28 04:00:00+00:00
1772254800000,0.1773,0.178,0.1762,0.1765,181738.3,1772258400000,32169.44811,265,2026-02-28 05:00:00+00:00
1772258400000,0.1763,0.1766,0.1651,0.1661,1060175.1,1772262000000,180659.22626,2137,2026-02-28 06:00:00+00:00
1772262000000,0.1658,0.1705,0.1646,0.1677,423628.6,1772265600000,70997.04647,910,2026-02-28 07:00:00+00:00
1772265600000,0.1675,0.1683,0.1656,0.1662,363755.3,1772269200000,60774.62487,598,2026-02-28 08:00:00+00:00
1772269200000,0.1663,0.1678,0.1655,0.1662,227347.3,1772272800000,37871.95219,435,2026-02-28 09:00:00+00:00
1772272800000,0.166,0.1688,0.1651,0.1667,386765.7,1772276400000,64655.33415,978,2026-02-28 10:00:00+00:00
1772276400000,0.1668,0.1683,0.1667,0.1671,353270.9,1772280000000,59188.63596,1173,2026-02-28 11:00:00+00:00
1772280000000,0.1668,0.1669,0.1654,0.1663,241731.9,1772283600000,40177.79548,378,2026-02-28 12:00:00+00:00
1772283600000,0.1666,0.1716,0.1658,0.1716,360171.1,1772287200000,60813.78234,624,2026-02-28 13:00:00+00:00
1772287200000,0.1717,0.1723,0.169,0.1695,242681.4,1772290800000,41417.02163,502,2026-02-28 14:00:00+00:00
1772290800000,0.1698,0.171,0.1682,0.1707,149427.6,1772294400000,25393.28752,328,2026-02-28 15:00:00+00:00
1772294400000,0.1702,0.1707,0.1695,0.1702,157588.1,1772298000000,26799.81849,388,2026-02-28 16:00:00+00:00
1772298000000,0.1703,0.1712,0.1685,0.171,303141.1,1772301600000,51386.13099,522,2026-02-28 17:00:00+00:00
1772301600000,0.1707,0.1758,0.1706,0.1743,154634.6,1772305200000,26727.70341,339,2026-02-28 18:00:00+00:00
1772305200000,0.1745,0.1776,0.1733,0.1764,183662.4,1772308800000,32232.05778,375,2026-02-28 19:00:00+00:00
1772308800000,0.1763,0.1795,0.1755,0.1792,136078.0,1772312400000,24206.91164,342,2026-02-28 20:00:00+00:00
1772312400000,0.1791,0.1795,0.1766,0.1773,272087.7,1772316000000,48314.82506,679,2026-02-28 21:00:00+00:00
1772316000000,0.1775,0.1801,0.1775,0.1792,121617.8,1772319600000,21691.57471,304,2026-02-28 22:00:00+00:00
1772319600000,0.1789,0.1794,0.1777,0.1794,169563.2,1772323200000,30247.52028,239,2026-02-28 23:00:00+00:00
1772323200000,0.1795,0.1795,0.1767,0.1773,100586.4,1772326799999,17884.84045,205,2026-03-01 00:00:00+00:00
1772326800000,0.1771,0.1829,0.1754,0.1813,414188.1,1772330399999,73634.17634,728,2026-03-01 01:00:00+00:00
1772330400000,0.1819,0.1856,0.1815,0.1819,432127.4,1772333999999,79204.97432,841,2026-03-01 02:00:00+00:00
1772334000000,0.1818,0.1818,0.1789,0.1791,228758.3,1772337599999,41203.62709,508,2026-03-01 03:00:00+00:00
1772337600000,0.1798,0.18,0.1773,0.1795,231137.7,1772341199999,41302.36466,323,2026-03-01 04:00:00+00:00
1772341200000,0.1797,0.1802,0.1794,0.1796,58833.3,1772344799999,10572.73466,122,2026-03-01 05:00:00+00:00
1772344800000,0.1797,0.1797,0.1778,0.1785,168506.5,1772348399999,30085.92914,378,2026-03-01 06:00:00+00:00
1772348400000,0.1785,0.1796,0.1779,0.1794,112315.8,1772351999999,20077.7815,193,2026-03-01 07:00:00+00:00
1772352000000,0.1797,0.1797,0.1758,0.1761,101997.3,1772355599999,18102.08814,288,2026-03-01 08:00:00+00:00
1772355600000,0.1763,0.177,0.175,0.1753,154176.6,1772359199999,27073.94284,279,2026-03-01 09:00:00+00:00
1772359200000,0.1753,0.1758,0.1739,0.1753,283865.2,1772362799999,49684.76383,471,2026-03-01 10:00:00+00:00
1772362800000,0.1753,0.1758,0.1745,0.1752,72380.4,1772366399999,12682.48919,165,2026-03-01 11:00:00+00:00
1772366400000,0.1752,0.1753,0.1735,0.1739,147747.9,1772369999999,25811.58745,271,2026-03-01 12:00:00+00:00
1772370000000,0.1739,0.1778,0.1725,0.1766,201735.8,1772373599999,35280.44353,497,2026-03-01 13:00:00+00:00
1772373600000,0.1766,0.1775,0.1745,0.1748,159067.2,1772377199999,27997.41307,281,2026-03-01 14:00:00+00:00
1772377200000,0.1747,0.176,0.1743,0.1743,106817.4,1772380799999,18716.29775,241,2026-03-01 15:00:00+00:00
1772380800000,0.174,0.1756,0.1716,0.173,138853.7,1772384399999,24152.11498,351,2026-03-01 16:00:00+00:00
1772384400000,0.1729,0.1729,0.1702,0.1708,220849.9,1772387999999,37913.08096,505,2026-03-01 17:00:00+00:00
1772388000000,0.1709,0.1735,0.1709,0.1729,255700.4,1772391599999,44170.72968,524,2026-03-01 18:00:00+00:00
1772391600000,0.1728,0.1729,0.17,0.1705,175864.5,1772395199999,30160.22898,401,2026-03-01 19:00:00+00:00
1772395200000,0.1704,0.1704,0.167,0.1675,361773.8,1772398799999,60964.33506,769,2026-03-01 20:00:00+00:00
1772398800000,0.1674,0.1693,0.1674,0.1692,58531.0,1772402399999,9853.34715,157,2026-03-01 21:00:00+00:00
1772402400000,0.1691,0.1723,0.1689,0.1701,222084.5,1772405999999,37961.93352,546,2026-03-01 22:00:00+00:00
1772406000000,0.17,0.1731,0.1699,0.1717,60205.1,1772409599999,10318.46796,195,2026-03-01 23:00:00+00:00
1772409600000,0.172,0.1751,0.1717,0.1744,218376.6,1772413199999,37875.23013,371,2026-03-02 00:00:00+00:00
1772413200000,0.1742,0.1761,0.1738,0.1744,139138.4,1772416799999,24298.67541,289,2026-03-02 01:00:00+00:00
1772416800000,0.1745,0.1746,0.1722,0.1736,128976.2,1772420399999,22370.92591,284,2026-03-02 02:00:00+00:00
1772420400000,0.1734,0.1756,0.1724,0.175,224588.7,1772423999999,39133.22689,413,2026-03-02 03:00:00+00:00
1772424000000,0.1748,0.1757,0.1745,0.1748,72297.6,1772427599999,12642.88273,165,2026-03-02 04:00:00+00:00
1772427600000,0.1749,0.1754,0.1737,0.1744,74997.5,1772431199999,13085.21843,129,2026-03-02 05:00:00+00:00
1772431200000,0.174,0.174,0.1716,0.1728,118530.9,1772434799999,20427.87357,199,2026-03-02 06:00:00+00:00
1772434800000,0.1726,0.1726,0.1707,0.172,117283.7,1772438399999,20152.91856,257,2026-03-02 07:00:00+00:00
1772438400000,0.1718,0.173,0.1698,0.173,219485.4,1772441999999,37548.08702,436,2026-03-02 08:00:00+00:00
1772442000000,0.1727,0.1745,0.1725,0.1725,95383.2,1772445599999,16544.21376,262,2026-03-02 09:00:00+00:00
1772445600000,0.1723,0.1729,0.1716,0.1723,166862.6,1772449199999,28707.58958,247,2026-03-02 10:00:00+00:00
1772449200000,0.1722,0.1726,0.1715,0.172,122328.4,1772452799999,21054.91377,240,2026-03-02 11:00:00+00:00
1772452800000,0.1721,0.1726,0.1711,0.1714,121433.9,1772456399999,20856.78527,227,2026-03-02 12:00:00+00:00
1772456400000,0.1714,0.1722,0.1706,0.1712,95423.8,1772459999999,16336.26377,246,2026-03-02 13:00:00+00:00
1772460000000,0.1709,0.1783,0.1708,0.1774,351726.5,1772463599999,61528.44164,577,2026-03-02 14:00:00+00:00
1772463600000,0.1775,0.1815,0.1769,0.1795,529530.5,1772467199999,95380.35153,967,2026-03-02 15:00:00+00:00
1772467200000,0.1797,0.1828,0.179,0.18,549714.7,1772470799999,99502.36806,915,2026-03-02 16:00:00+00:00
1772470800000,0.18,0.1803,0.1756,0.1772,2498849.5,1772474399999,443300.02804,2054,2026-03-02 17:00:00+00:00
1772474400000,0.1773,0.1776,0.1758,0.1763,271534.7,1772477999999,47997.75909,392,2026-03-02 18:00:00+00:00
1772478000000,0.1767,0.1769,0.175,0.1767,393954.4,1772481599999,69379.39069,574,2026-03-02 19:00:00+00:00
1772481600000,0.1767,0.1777,0.1743,0.1744,354657.2,1772485199999,62321.84616,550,2026-03-02 20:00:00+00:00
1772485200000,0.1742,0.175,0.1735,0.1748,162263.9,1772488799999,28267.2245,279,2026-03-02 21:00:00+00:00
1772488800000,0.1751,0.1766,0.1748,0.1761,376990.6,1772492399999,66348.95318,484,2026-03-02 22:00:00+00:00
1772492400000,0.1761,0.1761,0.1735,0.1745,264960.2,1772495999999,46186.48171,441,2026-03-02 23:00:00+00:00
1772496000000,0.1747,0.1747,0.1717,0.1726,305883.6,1772499599999,52900.39435,442,2026-03-03 00:00:00+00:00
1772499600000,0.1724,0.1732,0.1708,0.1709,173006.1,1772503199999,29725.36976,332,2026-03-03 01:00:00+00:00
1772503200000,0.1708,0.1725,0.17,0.1721,438607.3,1772506799999,75174.29857,656,2026-03-03 02:00:00+00:00
1772506800000,0.1722,0.1723,0.1708,0.1715,197989.7,1772510399999,33929.62894,291,2026-03-03 03:00:00+00:00
1772510400000,0.1717,0.1718,0.1706,0.1709,66391.0,1772513999999,11373.29431,167,2026-03-03 04:00:00+00:00
1772514000000,0.171,0.1728,0.1701,0.1711,210179.0,1772517599999,35953.99682,393,2026-03-03 05:00:00+00:00
1772517600000,0.1711,0.1718,0.1704,0.1714,69609.5,1772521199999,11908.74875,152,2026-03-03 06:00:00+00:00
1772521200000,0.1712,0.1721,0.1708,0.1716,202413.6,1772524799999,34717.20967,345,2026-03-03 07:00:00+00:00
1772524800000,0.1714,0.1718,0.168,0.1684,297598.3,1772528399999,50561.45732,506,2026-03-03 08:00:00+00:00
1772528400000,0.1682,0.1694,0.1666,0.1671,347583.2,1772531999999,58312.69028,714,2026-03-03 09:00:00+00:00
1772532000000,0.1668,0.1682,0.1664,0.1679,245803.9,1772535599999,41104.5099,464,2026-03-03 10:00:00+00:00
1772535600000,0.168,0.1719,0.1672,0.171,540949.2,1772539199999,91812.11141,809,2026-03-03 11:00:00+00:00
1772539200000,0.1707,0.1728,0.1696,0.1712,588424.7,1772542799999,100731.76293,601,2026-03-03 12:00:00+00:00
1772542800000,0.1713,0.1716,0.1693,0.1703,116050.9,1772546399999,19780.50797,309,2026-03-03 13:00:00+00:00
1772546400000,0.1704,0.1713,0.1676,0.1685,319757.6,1772549999999,54236.0626,497,2026-03-03 14:00:00+00:00
1772550000000,0.1687,0.1701,0.1672,0.1696,462484.2,1772553599999,77898.57847,728,2026-03-03 15:00:00+00:00
1772553600000,0.1698,0.1729,0.1684,0.1714,337753.3,1772557199999,57712.29438,604,2026-03-03 16:00:00+00:00
1772557200000,0.1713,0.1723,0.1689,0.1715,369647.2,1772560799999,62950.97333,697,2026-03-03 17:00:00+00:00
1772560800000,0.1719,0.1727,0.1706,0.1709,203738.5,1772564399999,34993.20157,501,2026-03-03 18:00:00+00:00
1772564400000,0.1711,0.1712,0.1696,0.1703,182734.2,1772567999999,31181.22714,367,2026-03-03 19:00:00+00:00
1772568000000,0.1702,0.1702,0.1689,0.1692,110548.8,1772571599999,18748.4687,231,2026-03-03 20:00:00+00:00
1772571600000,0.1692,0.1696,0.1681,0.1695,91616.9,1772575199999,15462.00513,256,2026-03-03 21:00:00+00:00
1772575200000,0.1695,0.1709,0.1695,0.1702,88847.1,1772578799999,15145.62519,209,2026-03-03 22:00:00+00:00
1772578800000,0.1702,0.1716,0.1695,0.1695,91057.1,1772582399999,15568.30669,274,2026-03-03 23:00:00+00:00
1772582400000,0.1695,0.1695,0.1672,0.1678,229540.1,1772585999999,38621.59497,417,2026-03-04 00:00:00+00:00
1772586000000,0.1677,0.1707,0.1672,0.1699,421358.7,1772589599999,71383.28275,735,2026-03-04 01:00:00+00:00
1772589600000,0.1699,0.1709,0.169,0.1703,182375.6,1772593199999,30949.48843,538,2026-03-04 02:00:00+00:00
1772593200000,0.1702,0.1711,0.1676,0.1692,317708.4,1772596799999,53979.2543,748,2026-03-04 03:00:00+00:00
1772596800000,0.1693,0.1707,0.1684,0.1691,217337.8,1772600399999,36837.16788,536,2026-03-04 04:00:00+00:00
1772600400000,0.1691,0.1705,0.1682,0.1697,136680.4,1772603999999,23115.43415,361,2026-03-04 05:00:00+00:00
1772604000000,0.1698,0.1711,0.1692,0.1699,73512.8,1772607599999,12493.17987,244,2026-03-04 06:00:00+00:00
1772607600000,0.1699,0.1715,0.1695,0.171,154734.2,1772611199999,26372.26208,476,2026-03-04 07:00:00+00:00
1772611200000,0.1708,0.1736,0.1695,0.173,449611.5,1772614799999,77202.92431,1020,2026-03-04 08:00:00+00:00
1772614800000,0.1731,0.1743,0.1721,0.1723,448739.1,1772618399999,77672.64944,839,2026-03-04 09:00:00+00:00
1772618400000,0.1724,0.173,0.1712,0.1719,242100.0,1772621999999,41644.45728,559,2026-03-04 10:00:00+00:00
1772622000000,0.172,0.1724,0.1705,0.1714,221377.6,1772625599999,37933.22113,430,2026-03-04 11:00:00+00:00
1772625600000,0.1713,0.1715,0.1694,0.1708,211526.9,1772629199999,36022.75128,527,2026-03-04 12:00:00+00:00
1772629200000,0.1708,0.1733,0.1707,0.1731,270221.6,1772632799999,46669.77485,458,2026-03-04 13:00:00+00:00
1772632800000,0.173,0.1752,0.1718,0.1727,449613.1,1772636399999,77872.41243,995,2026-03-04 14:00:00+00:00
1772636400000,0.1728,0.1775,0.1728,0.1775,556229.8,1772639999999,97666.50812,1138,2026-03-04 15:00:00+00:00
1772640000000,0.1776,0.1779,0.1751,0.176,506261.4,1772643599999,89212.50806,746,2026-03-04 16:00:00+00:00
1772643600000,0.1761,0.1766,0.1738,0.1744,580454.0,1772647199999,101523.74558,728,2026-03-04 17:00:00+00:00
1772647200000,0.1744,0.1749,0.1735,0.1749,187855.3,1772650799999,32763.1359,403,2026-03-04 18:00:00+00:00
1772650800000,0.1748,0.1767,0.1746,0.176,450760.7,1772654399999,79333.07832,951,2026-03-04 19:00:00+00:00
1772654400000,0.1761,0.1767,0.1744,0.1745,209818.3,1772657999999,36887.67687,480,2026-03-04 20:00:00+00:00
1772658000000,0.1746,0.1749,0.1738,0.1749,182074.7,1772661599999,31730.50127,346,2026-03-04 21:00:00+00:00
1772661600000,0.1749,0.176,0.1745,0.1746,130314.8,1772665199999,22818.45699,217,2026-03-04 22:00:00+00:00
1772665200000,0.1748,0.1752,0.1722,0.174,316323.5,1772668799999,54912.26221,537,2026-03-04 23:00:00+00:00
1772668800000,0.174,0.1744,0.1728,0.1733,152450.9,1772672399999,26429.6964,364,2026-03-05 00:00:00+00:00
1772672400000,0.1732,0.1738,0.1714,0.1717,230563.8,1772675999999,39745.92844,541,2026-03-05 01:00:00+00:00
1772676000000,0.1717,0.1735,0.1717,0.1731,282481.5,1772679599999,48791.19682,475,2026-03-05 02:00:00+00:00
1772679600000,0.1731,0.1753,0.1731,0.175,375002.0,1772683199999,65369.26743,759,2026-03-05 03:00:00+00:00
1772683200000,0.1749,0.1762,0.1747,0.1751,309097.7,1772686799999,54226.51732,716,2026-03-05 04:00:00+00:00
1772686800000,0.1752,0.1757,0.1733,0.1742,111547.9,1772690399999,19422.55545,300,2026-03-05 05:00:00+00:00
1772690400000,0.1742,0.1758,0.1733,0.1754,208848.1,1772693999999,36406.56244,461,2026-03-05 06:00:00+00:00
1772694000000,0.1753,0.1758,0.1739,0.1746,105114.6,1772697599999,18400.50002,235,2026-03-05 07:00:00+00:00
1772697600000,0.1747,0.1749,0.1732,0.174,233112.2,1772701199999,40530.48165,397,2026-03-05 08:00:00+00:00
1772701200000,0.1739,0.1752,0.1739,0.1744,162176.9,1772704799999,28315.26316,252,2026-03-05 09:00:00+00:00
1772704800000,0.1743,0.1759,0.1741,0.1758,122069.4,1772708399999,21397.18366,242,2026-03-05 10:00:00+00:00
1772708400000,0.1755,0.1756,0.1715,0.172,370156.8,1772711999999,64297.03784,493,2026-03-05 11:00:00+00:00
1772712000000,0.172,0.1726,0.171,0.1726,528790.0,1772715599999,90910.2812,782,2026-03-05 12:00:00+00:00
1772715600000,0.1725,0.1725,0.1704,0.1715,549389.1,1772719199999,94071.09567,656,2026-03-05 13:00:00+00:00
1772719200000,0.1715,0.1727,0.1711,0.1724,165910.6,1772722799999,28512.04071,291,2026-03-05 14:00:00+00:00
1772722800000,0.172,0.1721,0.168,0.1694,972776.7,1772726399999,164379.65218,890,2026-03-05 15:00:00+00:00
1772726400000,0.1694,0.1694,0.1658,0.168,448328.9,1772729999999,75186.18281,597,2026-03-05 16:00:00+00:00
1772730000000,0.168,0.1687,0.1654,0.166,342811.9,1772733599999,57097.96744,460,2026-03-05 17:00:00+00:00
1772733600000,0.1657,0.1672,0.1657,0.1663,364712.9,1772737199999,60682.60308,668,2026-03-05 18:00:00+00:00
1772737200000,0.1663,0.1681,0.1663,0.1678,244670.5,1772740799999,40935.19224,368,2026-03-05 19:00:00+00:00
1772740800000,0.1678,0.1704,0.1677,0.1701,361543.0,1772744399999,61262.08631,521,2026-03-05 20:00:00+00:00
1772744400000,0.1701,0.1704,0.1688,0.169,225843.4,1772747999999,38322.85176,309,2026-03-05 21:00:00+00:00
1772748000000,0.169,0.1696,0.1687,0.1692,139241.0,1772751599999,23546.4524,205,2026-03-05 22:00:00+00:00
1772751600000,0.1691,0.1693,0.1685,0.1692,262440.3,1772755199999,44305.08969,315,2026-03-05 23:00:00+00:00
1772755200000,0.1693,0.1699,0.1685,0.1686,97364.8,1772758799999,16469.53139,153,2026-03-06 00:00:00+00:00
1772758800000,0.1686,0.1728,0.1686,0.1727,243944.0,1772762399999,41590.73178,321,2026-03-06 01:00:00+00:00
1772762400000,0.1728,0.1744,0.1721,0.173,496281.5,1772765999999,85926.7144,667,2026-03-06 02:00:00+00:00
1772766000000,0.1729,0.1729,0.1713,0.1716,168519.0,1772769599999,28985.42236,284,2026-03-06 03:00:00+00:00
1772769600000,0.1716,0.1718,0.1693,0.1705,107431.0,1772773199999,18334.23837,217,2026-03-06 04:00:00+00:00
1772773200000,0.1706,0.1706,0.1695,0.1704,137119.4,1772776799999,23322.08291,200,2026-03-06 05:00:00+00:00
1772776800000,0.1706,0.1714,0.17,0.1706,95137.4,1772780399999,16238.8474,174,2026-03-06 06:00:00+00:00
1772780400000,0.1706,0.1723,0.1702,0.172,124957.4,1772783999999,21385.52583,216,2026-03-06 07:00:00+00:00
1772784000000,0.1719,0.1732,0.1712,0.1715,224269.8,1772787599999,38712.5602,316,2026-03-06 08:00:00+00:00
1772787600000,0.1715,0.1715,0.1688,0.1701,77696.0,1772791199999,13187.65519,147,2026-03-06 09:00:00+00:00
1772791200000,0.1701,0.1712,0.1696,0.1704,202802.5,1772794799999,34595.40526,196,2026-03-06 10:00:00+00:00
1772794800000,0.1703,0.1703,0.1671,0.1674,511132.0,1772798399999,86123.06079,644,2026-03-06 11:00:00+00:00
1772798400000,0.1674,0.1682,0.1661,0.167,540395.8,1772801999999,90219.29885,797,2026-03-06 12:00:00+00:00
1772802000000,0.1668,0.1673,0.164,0.1641,906846.7,1772805599999,150389.23291,1135,2026-03-06 13:00:00+00:00
1772805600000,0.164,0.1643,0.1609,0.1616,804384.9,1772809199999,130796.0302,1324,2026-03-06 14:00:00+00:00
1772809200000,0.1615,0.163,0.1604,0.161,296717.3,1772812799999,48021.28822,435,2026-03-06 15:00:00+00:00
1772812800000,0.1608,0.1621,0.1605,0.1612,248631.5,1772816399999,40086.93768,419,2026-03-06 16:00:00+00:00
1772816400000,0.1612,0.1615,0.1593,0.1601,430747.5,1772819999999,68961.90958,629,2026-03-06 17:00:00+00:00
1772820000000,0.1599,0.1623,0.1599,0.1618,300091.9,1772823599999,48495.70622,491,2026-03-06 18:00:00+00:00
1772823600000,0.1619,0.1625,0.1612,0.162,266820.9,1772827199999,43166.05549,349,2026-03-06 19:00:00+00:00
1772827200000,0.1619,0.1632,0.1618,0.1629,411154.4,1772830799999,66716.31079,896,2026-03-06 20:00:00+00:00
1772830800000,0.163,0.163,0.1619,0.1624,160214.0,1772834399999,26007.66348,261,2026-03-06 21:00:00+00:00
1772834400000,0.1624,0.1628,0.1618,0.1628,250143.4,1772837999999,40598.94482,256,2026-03-06 22:00:00+00:00
1772838000000,0.1629,0.1639,0.1617,0.1617,298394.9,1772841599999,48612.47051,387,2026-03-06 23:00:00+00:00
1772841600000,0.1618,0.1625,0.1615,0.1623,83137.3,1772845199999,13470.9512,133,2026-03-07 00:00:00+00:00
1772845200000,0.1622,0.1623,0.1604,0.1608,208144.2,1772848799999,33532.41534,281,2026-03-07 01:00:00+00:00
1772848800000,0.1608,0.1613,0.1604,0.1613,67726.7,1772852399999,10900.03226,126,2026-03-07 02:00:00+00:00
1772852400000,0.1612,0.1616,0.1607,0.1612,58457.6,1772855999999,9420.04179,152,2026-03-07 03:00:00+00:00
1772856000000,0.1612,0.1631,0.1603,0.1624,148683.8,1772859599999,24041.30575,246,2026-03-07 04:00:00+00:00
1772859600000,0.1623,0.1625,0.1614,0.1615,131143.6,1772863199999,21243.22088,204,2026-03-07 05:00:00+00:00
1772863200000,0.1615,0.1615,0.1598,0.1599,188748.9,1772866799999,30308.51734,319,2026-03-07 06:00:00+00:00
1772866800000,0.1599,0.1611,0.1597,0.1609,93320.5,1772870399999,14957.64398,183,2026-03-07 07:00:00+00:00
1772870400000,0.1608,0.1618,0.1607,0.1611,168944.9,1772873999999,27234.35183,290,2026-03-07 08:00:00+00:00
1772874000000,0.1611,0.1621,0.161,0.1621,54808.6,1772877599999,8864.4325,122,2026-03-07 09:00:00+00:00
1772877600000,0.1622,0.1626,0.1613,0.1614,243785.3,1772881199999,39425.98925,241,2026-03-07 10:00:00+00:00
1772881200000,0.1614,0.162,0.1597,0.1601,246831.9,1772884799999,39558.12841,382,2026-03-07 11:00:00+00:00
1772884800000,0.1601,0.1607,0.1575,0.1582,627028.8,1772888399999,99675.40652,756,2026-03-07 12:00:00+00:00
1772888400000,0.1583,0.1588,0.1575,0.1578,356059.6,1772891999999,56306.13272,454,2026-03-07 13:00:00+00:00
1772892000000,0.1581,0.1581,0.1561,0.1564,502777.9,1772895599999,78867.46127,639,2026-03-07 14:00:00+00:00
1772895600000,0.1563,0.1564,0.154,0.1551,616756.1,1772899199999,95754.64014,627,2026-03-07 15:00:00+00:00
1772899200000,0.155,0.1558,0.1546,0.1558,114995.1,1772902799999,17847.66429,230,2026-03-07 16:00:00+00:00
1772902800000,0.1559,0.1566,0.1558,0.1564,136314.5,1772906399999,21290.20503,192,2026-03-07 17:00:00+00:00
1772906400000,0.1564,0.1564,0.1552,0.1555,208086.9,1772909999999,32397.92595,325,2026-03-07 18:00:00+00:00
1772910000000,0.1554,0.1558,0.1543,0.1546,229445.8,1772913599999,35581.19128,326,2026-03-07 19:00:00+00:00
1772913600000,0.1548,0.1555,0.1544,0.1553,124158.5,1772917199999,19229.2739,210,2026-03-07 20:00:00+00:00
1772917200000,0.1553,0.1557,0.1543,0.1546,111612.7,1772920799999,17293.14899,196,2026-03-07 21:00:00+00:00
1772920800000,0.1547,0.1548,0.1534,0.154,142914.5,1772924399999,22005.77037,235,2026-03-07 22:00:00+00:00
1772924400000,0.1541,0.1556,0.1539,0.1554,151401.5,1772927999999,23448.82433,221,2026-03-07 23:00:00+00:00
1772928000000,0.1555,0.1557,0.1525,0.1527,275633.1,1772931599999,42532.84272,543,2026-03-08 00:00:00+00:00
1772931600000,0.1522,0.1537,0.1521,0.1533,497446.8,1772935199999,76128.69852,653,2026-03-08 01:00:00+00:00
1772935200000,0.1535,0.154,0.1514,0.1516,169978.6,1772938799999,26025.62178,485,2026-03-08 02:00:00+00:00
1772938800000,0.1517,0.152,0.1509,0.1516,161599.2,1772942399999,24488.79979,253,2026-03-08 03:00:00+00:00
1772942400000,0.1518,0.152,0.15,0.1509,177256.5,1772945999999,26761.26382,267,2026-03-08 04:00:00+00:00
1772946000000,0.151,0.152,0.1508,0.1517,77988.6,1772949599999,11804.00194,116,2026-03-08 05:00:00+00:00
1772949600000,0.1516,0.153,0.1512,0.1528,61693.9,1772953199999,9379.98038,117,2026-03-08 06:00:00+00:00
1772953200000,0.1529,0.1546,0.1529,0.1537,124045.2,1772956799999,19109.77112,191,2026-03-08 07:00:00+00:00
1772956800000,0.1537,0.1552,0.1534,0.155,131532.1,1772960399999,20305.98739,207,2026-03-08 08:00:00+00:00
1772960400000,0.1549,0.1558,0.1547,0.1556,61004.3,1772963999999,9471.15721,160,2026-03-08 09:00:00+00:00
1772964000000,0.1556,0.1559,0.1546,0.1551,161407.9,1772967599999,25038.79164,250,2026-03-08 10:00:00+00:00
1772967600000,0.1552,0.1552,0.1519,0.1524,489374.2,1772971199999,74929.29101,611,2026-03-08 11:00:00+00:00
1772971200000,0.1525,0.1533,0.1508,0.1528,293347.7,1772974799999,44712.75785,423,2026-03-08 12:00:00+00:00
1772974800000,0.1528,0.1529,0.1503,0.1519,626495.9,1772978399999,95041.98795,1024,2026-03-08 13:00:00+00:00
1772978400000,0.1518,0.1523,0.1507,0.1517,177559.0,1772981999999,26918.51148,365,2026-03-08 14:00:00+00:00
1772982000000,0.1516,0.1516,0.1506,0.151,99536.9,1772985599999,15042.17223,212,2026-03-08 15:00:00+00:00
1772985600000,0.1511,0.1512,0.15,0.1502,336543.9,1772989199999,50667.1849,484,2026-03-08 16:00:00+00:00
1772989200000,0.1503,0.1515,0.1502,0.1513,115863.4,1772992799999,17464.85024,195,2026-03-08 17:00:00+00:00
1772992800000,0.1513,0.1514,0.1506,0.1509,105133.3,1772996399999,15872.64321,309,2026-03-08 18:00:00+00:00
1772996400000,0.151,0.1532,0.1508,0.1526,162388.6,1772999999999,24725.89364,383,2026-03-08 19:00:00+00:00
1773000000000,0.1524,0.1526,0.1511,0.1518,133325.9,1773003599999,20254.14698,193,2026-03-08 20:00:00+00:00
1773003600000,0.1519,0.152,0.1511,0.1515,95086.3,1773007199999,14405.9984,134,2026-03-08 21:00:00+00:00
1773007200000,0.1516,0.1516,0.1481,0.1496,674216.8,1773010799999,100782.88968,795,2026-03-08 22:00:00+00:00
1773010800000,0.1497,0.1499,0.1465,0.147,446143.4,1773014399999,66102.74485,654,2026-03-08 23:00:00+00:00
1773014400000,0.1469,0.1559,0.1469,0.1548,3128822.0,1773017999999,477477.15054,3615,2026-03-09 00:00:00+00:00
1773018000000,0.1549,0.1584,0.1543,0.1549,2384337.3,1773021599999,372584.6161,2830,2026-03-09 01:00:00+00:00
1773021600000,0.1551,0.1567,0.154,0.1558,325211.2,1773025199999,50542.39392,632,2026-03-09 02:00:00+00:00
1773025200000,0.1558,0.1565,0.1552,0.156,430159.9,1773028799999,67073.12874,613,2026-03-09 03:00:00+00:00
1773028800000,0.1558,0.1574,0.1552,0.1557,200265.0,1773032399999,31313.61997,354,2026-03-09 04:00:00+00:00
1773032400000,0.1558,0.1598,0.1558,0.1588,575778.4,1773035999999,91052.99105,532,2026-03-09 05:00:00+00:00
1773036000000,0.1588,0.1588,0.1561,0.1562,348587.0,1773039599999,54875.63223,404,2026-03-09 06:00:00+00:00
1773039600000,0.1562,0.158,0.155,0.1573,740163.4,1773043199999,115795.39677,559,2026-03-09 07:00:00+00:00
1773043200000,0.1571,0.1571,0.1543,0.155,473553.6,1773046799999,73529.73228,384,2026-03-09 08:00:00+00:00
1773046800000,0.155,0.1558,0.1546,0.155,322597.6,1773050399999,50042.51536,355,2026-03-09 09:00:00+00:00
1773050400000,0.1549,0.1549,0.152,0.1525,411538.4,1773053999999,63081.04199,465,2026-03-09 10:00:00+00:00
1773054000000,0.1524,0.1534,0.1517,0.1532,186044.4,1773057599999,28344.47109,221,2026-03-09 11:00:00+00:00
1773057600000,0.1533,0.1547,0.1532,0.1538,339134.0,1773061199999,52241.21638,392,2026-03-09 12:00:00+00:00
1773061200000,0.1538,0.1552,0.1536,0.1542,475275.8,1773064799999,73305.65485,589,2026-03-09 13:00:00+00:00
1773064800000,0.1543,0.1545,0.153,0.1537,351859.7,1773068399999,54090.5974,470,2026-03-09 14:00:00+00:00
1773068400000,0.1537,0.1537,0.1521,0.1527,151684.1,1773071999999,23205.49531,195,2026-03-09 15:00:00+00:00
1773072000000,0.1527,0.1532,0.152,0.152,104180.1,1773075599999,15907.05784,199,2026-03-09 16:00:00+00:00
1773075600000,0.1521,0.1525,0.1518,0.1523,158150.6,1773079199999,24066.36984,237,2026-03-09 17:00:00+00:00
1773079200000,0.1521,0.1527,0.1512,0.1518,143616.4,1773082799999,21846.32694,176,2026-03-09 18:00:00+00:00
1773082800000,0.1518,0.1534,0.1509,0.1514,226421.6,1773086399999,34402.08223,282,2026-03-09 19:00:00+00:00
1773086400000,0.1513,0.1514,0.1492,0.15,291955.8,1773089999999,43876.03184,404,2026-03-09 20:00:00+00:00
1773090000000,0.1502,0.152,0.1502,0.152,139513.4,1773093599999,21088.55149,208,2026-03-09 21:00:00+00:00
1773093600000,0.1518,0.152,0.1502,0.1502,225836.3,1773097199999,34077.01568,239,2026-03-09 22:00:00+00:00
1773097200000,0.1504,0.1513,0.1498,0.1509,472448.7,1773100799999,71275.07801,626,2026-03-09 23:00:00+00:00
1773100800000,0.151,0.1516,0.1502,0.1505,175802.1,1773104399999,26493.55562,317,2026-03-10 00:00:00+00:00
1773104400000,0.1504,0.1512,0.1497,0.1511,301528.9,1773107999999,45320.06441,278,2026-03-10 01:00:00+00:00
1773108000000,0.1512,0.1539,0.1503,0.1522,450043.3,1773111599999,68605.16342,412,2026-03-10 02:00:00+00:00
1773111600000,0.1524,0.1529,0.1508,0.1511,200865.7,1773115199999,30531.99771,371,2026-03-10 03:00:00+00:00
1773115200000,0.1511,0.1526,0.1506,0.1522,276720.8,1773118799999,41922.67224,263,2026-03-10 04:00:00+00:00
1773118800000,0.1523,0.1524,0.151,0.1514,151248.3,1773122399999,22956.12093,220,2026-03-10 05:00:00+00:00
1773122400000,0.1512,0.1514,0.1505,0.1513,98047.4,1773125999999,14810.55887,145,2026-03-10 06:00:00+00:00
1773126000000,0.1512,0.1533,0.1509,0.1527,359126.9,1773129599999,54612.13734,465,2026-03-10 07:00:00+00:00
1773129600000,0.1528,0.1535,0.1523,0.1523,158500.9,1773133199999,24258.99806,259,2026-03-10 08:00:00+00:00
1773133200000,0.1523,0.1532,0.1518,0.1531,184734.8,1773136799999,28162.61741,271,2026-03-10 09:00:00+00:00
1773136800000,0.1531,0.1537,0.1525,0.1534,148739.2,1773140399999,22785.12258,194,2026-03-10 10:00:00+00:00
1773140400000,0.1532,0.1538,0.1526,0.1528,290557.5,1773143999999,44482.34379,225,2026-03-10 11:00:00+00:00
1773144000000,0.1527,0.1527,0.1511,0.1517,532238.4,1773147599999,80817.89136,577,2026-03-10 12:00:00+00:00
1773147600000,0.1519,0.1528,0.15,0.151,478846.0,1773151199999,72424.68142,550,2026-03-10 13:00:00+00:00
1773151200000,0.151,0.1536,0.1493,0.1534,285307.4,1773154799999,43140.23648,332,2026-03-10 14:00:00+00:00
1773154800000,0.1537,0.1537,0.1506,0.153,916456.6,1773158399999,139104.69549,763,2026-03-10 15:00:00+00:00
1773158400000,0.1531,0.1543,0.1524,0.1532,549480.8,1773161999999,84344.08893,568,2026-03-10 16:00:00+00:00
1773162000000,0.1532,0.1544,0.1523,0.1527,2417930.4,1773165599999,370821.26666,2585,2026-03-10 17:00:00+00:00
1773165600000,0.1525,0.154,0.1508,0.1513,3180484.7,1773169199999,485408.16433,3025,2026-03-10 18:00:00+00:00
1773169200000,0.1514,0.1517,0.1502,0.1503,542143.5,1773172799999,81830.34561,598,2026-03-10 19:00:00+00:00
1773172800000,0.1504,0.1514,0.15,0.1513,235085.8,1773176399999,35442.99844,281,2026-03-10 20:00:00+00:00
1773176400000,0.1513,0.1517,0.1498,0.1501,225126.8,1773179999999,33950.57761,210,2026-03-10 21:00:00+00:00
1773180000000,0.15,0.151,0.1496,0.1507,183161.2,1773183599999,27507.2775,226,2026-03-10 22:00:00+00:00
1773183600000,0.1509,0.151,0.1501,0.1508,103607.6,1773187199999,15604.7977,180,2026-03-10 23:00:00+00:00
1773187200000,0.1508,0.1508,0.1475,0.1489,842418.6,1773190799999,125346.10147,1044,2026-03-11 00:00:00+00:00
1773190800000,0.1488,0.1498,0.1486,0.1491,515813.2,1773194399999,76941.54168,607,2026-03-11 01:00:00+00:00
1773194400000,0.1491,0.1492,0.1466,0.1473,1108147.0,1773197999999,163383.46535,968,2026-03-11 02:00:00+00:00
1773198000000,0.1474,0.1477,0.1458,0.1461,353768.5,1773201599999,51857.29356,373,2026-03-11 03:00:00+00:00
1773201600000,0.1462,0.1462,0.1442,0.1458,427514.7,1773205199999,62149.68392,650,2026-03-11 04:00:00+00:00
1773205200000,0.1458,0.1461,0.1444,0.145,277710.1,1773208799999,40315.48369,539,2026-03-11 05:00:00+00:00
1773208800000,0.1449,0.1488,0.1444,0.1486,387047.1,1773212399999,56916.3195,641,2026-03-11 06:00:00+00:00
1773212400000,0.1487,0.1491,0.1473,0.1476,250689.9,1773215999999,37171.96157,387,2026-03-11 07:00:00+00:00
1773216000000,0.1475,0.1478,0.1451,0.1458,247854.7,1773219599999,36202.07859,371,2026-03-11 08:00:00+00:00
1773219600000,0.1457,0.1465,0.1456,0.1462,149761.1,1773223199999,21888.18465,243,2026-03-11 09:00:00+00:00
1773223200000,0.1461,0.1462,0.1453,0.1454,113654.0,1773226799999,16584.37149,229,2026-03-11 10:00:00+00:00
1773226800000,0.1453,0.1458,0.144,0.1449,342501.1,1773230399999,49687.1513,460,2026-03-11 11:00:00+00:00
1773230400000,0.145,0.1474,0.1449,0.146,486425.9,1773233999999,71143.96719,700,2026-03-11 12:00:00+00:00
1773234000000,0.1462,0.1494,0.1458,0.1473,491104.4,1773237599999,72428.33431,726,2026-03-11 13:00:00+00:00
1773237600000,0.1473,0.1501,0.1473,0.1485,447714.0,1773241199999,66601.89322,611,2026-03-11 14:00:00+00:00
1773241200000,0.1486,0.1525,0.1472,0.1519,1065433.2,1773244799999,160423.26091,1575,2026-03-11 15:00:00+00:00
1773244800000,0.1518,0.1713,0.1514,0.1656,10655247.5,1773248399999,1740894.58804,20412,2026-03-11 16:00:00+00:00
1773248400000,0.1658,0.1689,0.1608,0.1648,2192635.4,1773251999999,360691.43288,5880,2026-03-11 17:00:00+00:00
1773252000000,0.1648,0.1663,0.1616,0.1622,1404500.9,1773255599999,230282.70262,2616,2026-03-11 18:00:00+00:00
1773255600000,0.1622,0.1642,0.1618,0.163,799894.4,1773259199999,130448.59876,1600,2026-03-11 19:00:00+00:00
1773259200000,0.163,0.1763,0.1615,0.1701,5381269.4,1773262799999,917388.8199,12975,2026-03-11 20:00:00+00:00
1773262800000,0.1702,0.1706,0.165,0.1693,2387738.4,1773266399999,398887.96384,6048,2026-03-11 21:00:00+00:00
1773266400000,0.1693,0.1721,0.1665,0.1718,1178404.1,1773269999999,199192.82734,3363,2026-03-11 22:00:00+00:00
1773270000000,0.1718,0.1802,0.1705,0.1729,3411992.7,1773273599999,597903.82831,9927,2026-03-11 23:00:00+00:00
1773273600000,0.1728,0.1923,0.1713,0.1923,9235242.5,1773277199999,1692770.74941,26966,2026-03-12 00:00:00+00:00
1773277200000,0.1924,0.2012,0.1881,0.1894,9899032.2,1773280799999,1931063.40348,26606,2026-03-12 01:00:00+00:00
1773280800000,0.1894,0.1929,0.1801,0.1821,3830367.7,1773284399999,704687.20217,11186,2026-03-12 02:00:00+00:00
1773284400000,0.1822,0.1885,0.1805,0.1856,2258952.3,1773287999999,418142.22615,4992,2026-03-12 03:00:00+00:00
1773288000000,0.1854,0.1888,0.1825,0.1883,1806999.5,1773291599999,334477.18111,4509,2026-03-12 04:00:00+00:00
1773291600000,0.1883,0.1902,0.1769,0.1812,3084625.4,1773295199999,561862.26802,6442,2026-03-12 05:00:00+00:00
1773295200000,0.1813,0.1833,0.1795,0.1803,1332944.9,1773298799999,241674.43765,2468,2026-03-12 06:00:00+00:00
1773298800000,0.1802,0.1806,0.1733,0.1742,2135660.6,1773302399999,378268.45048,3675,2026-03-12 07:00:00+00:00
1773302400000,0.1741,0.1761,0.172,0.1743,2092581.7,1773305999999,364340.66603,3448,2026-03-12 08:00:00+00:00
1773306000000,0.1741,0.1748,0.171,0.1722,1151246.2,1773309599999,198674.13203,1603,2026-03-12 09:00:00+00:00
1773309600000,0.1723,0.1761,0.1717,0.176,1042659.4,1773313199999,181554.6313,1547,2026-03-12 10:00:00+00:00
1773313200000,0.1761,0.1768,0.1729,0.1747,1385913.5,1773316799999,242886.2064,2204,2026-03-12 11:00:00+00:00
1773316800000,0.1747,0.1755,0.1727,0.1735,1404833.4,1773320399999,244425.81289,2007,2026-03-12 12:00:00+00:00
1773320400000,0.1736,0.1743,0.1695,0.1703,1494801.2,1773323999999,256726.67274,2100,2026-03-12 13:00:00+00:00
1773324000000,0.1702,0.1717,0.1683,0.1713,913012.7,1773327599999,155227.5975,1707,2026-03-12 14:00:00+00:00
1773327600000,0.1712,0.1719,0.1695,0.17,988123.9,1773331199999,168318.39624,1549,2026-03-12 15:00:00+00:00
1773331200000,0.1699,0.17,0.1674,0.1675,812313.8,1773334799999,137177.77097,1214,2026-03-12 16:00:00+00:00
1773334800000,0.1675,0.1691,0.1665,0.1686,648227.2,1773338399999,108661.29408,1084,2026-03-12 17:00:00+00:00
1773338400000,0.1685,0.1698,0.1676,0.169,528776.0,1773341999999,89245.10339,780,2026-03-12 18:00:00+00:00
1773342000000,0.1691,0.1693,0.1674,0.1684,665884.9,1773345599999,111907.98271,997,2026-03-12 19:00:00+00:00
1773345600000,0.1684,0.1685,0.1647,0.1656,1064735.1,1773349199999,176842.16152,1087,2026-03-12 20:00:00+00:00
1773349200000,0.1656,0.1663,0.165,0.1662,463518.0,1773352799999,76715.08189,580,2026-03-12 21:00:00+00:00
1773352800000,0.1663,0.1673,0.1656,0.1659,433978.5,1773356399999,72269.30433,652,2026-03-12 22:00:00+00:00
1773356400000,0.1659,0.1671,0.1643,0.1664,1253848.9,1773359999999,207772.86985,1782,2026-03-12 23:00:00+00:00
1773360000000,0.1664,0.1727,0.1649,0.1679,5229602.3,1773363599999,883841.74667,8118,2026-03-13 00:00:00+00:00
1773363600000,0.1679,0.1707,0.1679,0.1703,489939.8,1773367199999,82957.01958,1268,2026-03-13 01:00:00+00:00
1773367200000,0.1704,0.1733,0.1702,0.1719,960988.8,1773370799999,165327.76907,1969,2026-03-13 02:00:00+00:00
1773370800000,0.172,0.1738,0.171,0.1722,563943.0,1773374399999,97089.87987,859,2026-03-13 03:00:00+00:00
1773374400000,0.1723,0.1757,0.1721,0.1755,1108415.3,1773377999999,192486.19321,1705,2026-03-13 04:00:00+00:00
1773378000000,0.1755,0.1765,0.1709,0.1715,1196863.4,1773381599999,207589.64711,1729,2026-03-13 05:00:00+00:00
1773381600000,0.1715,0.1717,0.1695,0.1695,502104.2,1773385199999,85682.00981,875,2026-03-13 06:00:00+00:00
1773385200000,0.1695,0.1719,0.1692,0.1698,728533.6,1773388799999,124504.93168,1012,2026-03-13 07:00:00+00:00
1773388800000,0.1698,0.1698,0.1667,0.1673,645180.0,1773392399999,108278.25503,972,2026-03-13 08:00:00+00:00
1773392400000,0.1673,0.1688,0.1673,0.1682,445110.8,1773395999999,74734.6573,997,2026-03-13 09:00:00+00:00
1773396000000,0.1681,0.1695,0.1677,0.1677,393148.3,1773399599999,66307.35692,740,2026-03-13 10:00:00+00:00
1773399600000,0.1676,0.1678,0.1645,0.1646,314768.6,1773403199999,52171.14228,660,2026-03-13 11:00:00+00:00
1773403200000,0.1645,0.1663,0.1638,0.1656,704139.3,1773406799999,116218.45878,1216,2026-03-13 12:00:00+00:00
1773406800000,0.1656,0.1677,0.1655,0.1672,406304.5,1773410399999,67745.70622,856,2026-03-13 13:00:00+00:00
1773410400000,0.1672,0.168,0.1643,0.1648,775118.9,1773413999999,129127.96082,1290,2026-03-13 14:00:00+00:00
1773414000000,0.1648,0.1666,0.1648,0.1656,466397.1,1773417599999,77311.31009,926,2026-03-13 15:00:00+00:00
1773417600000,0.1656,0.1663,0.1618,0.1639,669982.8,1773421199999,109516.23088,1054,2026-03-13 16:00:00+00:00
1773421200000,0.1637,0.1654,0.1611,0.1626,443273.1,1773424799999,72265.26504,917,2026-03-13 17:00:00+00:00
1773424800000,0.1625,0.1628,0.1609,0.1613,219025.9,1773428399999,35454.36919,514,2026-03-13 18:00:00+00:00
1773428400000,0.1612,0.1622,0.1605,0.1618,232044.7,1773431999999,37391.21823,550,2026-03-13 19:00:00+00:00
1773432000000,0.1618,0.1622,0.1613,0.1618,266454.4,1773435599999,43127.51325,442,2026-03-13 20:00:00+00:00
1773435600000,0.1618,0.1631,0.1609,0.161,359335.9,1773439199999,58210.33639,625,2026-03-13 21:00:00+00:00
1773439200000,0.161,0.161,0.1583,0.1591,691649.0,1773442799999,110125.6414,1234,2026-03-13 22:00:00+00:00
1773442800000,0.1589,0.1613,0.1587,0.161,239119.5,1773446399999,38200.07741,440,2026-03-13 23:00:00+00:00
1773446400000,0.1611,0.1615,0.1575,0.1582,687606.6,1773449999999,109666.0062,1019,2026-03-14 00:00:00+00:00
1773450000000,0.1581,0.1594,0.1577,0.1591,448700.1,1773453599999,71118.63672,615,2026-03-14 01:00:00+00:00
1773453600000,0.1592,0.1594,0.158,0.1589,435098.3,1773457199999,69017.85385,538,2026-03-14 02:00:00+00:00
1773457200000,0.1587,0.1626,0.1586,0.1609,1269184.0,1773460799999,204343.2764,1701,2026-03-14 03:00:00+00:00
1773460800000,0.1609,0.162,0.1594,0.1594,715290.4,1773464399999,115226.30599,1006,2026-03-14 04:00:00+00:00
1773464400000,0.1595,0.1602,0.1593,0.1599,192551.6,1773467999999,30759.91946,357,2026-03-14 05:00:00+00:00
1773468000000,0.1599,0.1599,0.1582,0.1591,103233.3,1773471599999,16403.02352,241,2026-03-14 06:00:00+00:00
1773471600000,0.1593,0.1604,0.1592,0.1594,259364.1,1773475199999,41484.04215,444,2026-03-14 07:00:00+00:00
1773475200000,0.1594,0.1596,0.1582,0.1587,335869.1,1773478799999,53350.00169,421,2026-03-14 08:00:00+00:00
1773478800000,0.1588,0.1602,0.1585,0.1597,212994.3,1773482399999,33986.8692,386,2026-03-14 09:00:00+00:00
1773482400000,0.1596,0.1597,0.1586,0.1586,112510.6,1773485999999,17897.40492,240,2026-03-14 10:00:00+00:00
1773486000000,0.1585,0.1596,0.1585,0.1595,68219.1,1773489599999,10853.32756,156,2026-03-14 11:00:00+00:00
1773489600000,0.1595,0.1605,0.1593,0.1602,134295.0,1773493199999,21471.71432,283,2026-03-14 12:00:00+00:00
1773493200000,0.1602,0.1609,0.1597,0.1603,276850.9,1773496799999,44433.90993,568,2026-03-14 13:00:00+00:00
1773496800000,0.1604,0.1606,0.158,0.1584,296655.4,1773500399999,47279.70254,582,2026-03-14 14:00:00+00:00
1773500400000,0.1584,0.1594,0.1581,0.1591,138155.4,1773503999999,21947.04155,316,2026-03-14 15:00:00+00:00
1773504000000,0.159,0.1593,0.1583,0.1586,127810.8,1773507599999,20287.7424,246,2026-03-14 16:00:00+00:00
1773507600000,0.1586,0.1609,0.1586,0.1604,293818.2,1773511199999,46949.45386,453,2026-03-14 17:00:00+00:00
1773511200000,0.1604,0.1607,0.159,0.1594,671552.8,1773514799999,107114.45624,538,2026-03-14 18:00:00+00:00
1773514800000,0.1594,0.1595,0.1578,0.1584,224177.6,1773518399999,35545.63757,330,2026-03-14 19:00:00+00:00
1773518400000,0.1585,0.1591,0.158,0.1583,134104.6,1773521999999,21247.96348,217,2026-03-14 20:00:00+00:00
1773522000000,0.1583,0.1589,0.1566,0.1585,278327.9,1773525599999,43809.05428,389,2026-03-14 21:00:00+00:00
1773525600000,0.1583,0.1602,0.1583,0.1593,342305.0,1773529199999,54579.60311,384,2026-03-14 22:00:00+00:00
1773529200000,0.1593,0.1602,0.159,0.1598,191634.2,1773532799999,30599.61376,330,2026-03-14 23:00:00+00:00
1773532800000,0.1599,0.1599,0.158,0.1585,209645.0,1773536399999,33277.94065,271,2026-03-15 00:00:00+00:00
1773536400000,0.1586,0.1593,0.1583,0.1586,111043.9,1773539999999,17637.12475,260,2026-03-15 01:00:00+00:00
1773540000000,0.1588,0.1602,0.1588,0.1595,423751.6,1773543599999,67596.23317,530,2026-03-15 02:00:00+00:00
1773543600000,0.1596,0.1599,0.1581,0.1584,431258.8,1773547199999,68603.04106,547,2026-03-15 03:00:00+00:00
1773547200000,0.1585,0.1586,0.1574,0.1582,231002.4,1773550799999,36511.69588,351,2026-03-15 04:00:00+00:00
1773550800000,0.1583,0.1591,0.1577,0.1586,130137.6,1773554399999,20655.18818,259,2026-03-15 05:00:00+00:00
1773554400000,0.1586,0.1593,0.158,0.159,161422.5,1773557999999,25606.17056,240,2026-03-15 06:00:00+00:00
1773558000000,0.1588,0.161,0.1587,0.1604,454173.1,1773561599999,72699.13232,513,2026-03-15 07:00:00+00:00
1773561600000,0.1605,0.1606,0.1596,0.16,366785.8,1773565199999,58717.6296,537,2026-03-15 08:00:00+00:00
1773565200000,0.1601,0.1627,0.1601,0.1621,1267098.1,1773568799999,204765.28809,1076,2026-03-15 09:00:00+00:00
1773568800000,0.1622,0.1628,0.1608,0.1612,279041.6,1773572399999,45071.97934,522,2026-03-15 10:00:00+00:00
1773572400000,0.1612,0.162,0.161,0.1612,197795.1,1773575999999,31938.64001,391,2026-03-15 11:00:00+00:00
1773576000000,0.161,0.1615,0.1603,0.1607,380009.1,1773579599999,61105.12898,513,2026-03-15 12:00:00+00:00
1773579600000,0.1607,0.1608,0.1588,0.1598,534760.8,1773583199999,85490.62226,725,2026-03-15 13:00:00+00:00
1773583200000,0.1599,0.1599,0.1587,0.1591,337504.1,1773586799999,53789.52935,450,2026-03-15 14:00:00+00:00
1773586800000,0.1591,0.1595,0.1587,0.1593,118381.2,1773590399999,18846.01301,242,2026-03-15 15:00:00+00:00
1773590400000,0.1592,0.1603,0.1592,0.16,244179.8,1773593999999,39041.01958,379,2026-03-15 16:00:00+00:00
1773594000000,0.16,0.1616,0.1598,0.161,242066.2,1773597599999,38836.32976,433,2026-03-15 17:00:00+00:00
1773597600000,0.1612,0.1612,0.1596,0.1597,293692.1,1773601199999,47087.89257,453,2026-03-15 18:00:00+00:00
1773601200000,0.1598,0.16,0.1592,0.1597,345705.7,1773604799999,55160.5033,535,2026-03-15 19:00:00+00:00
1773604800000,0.1597,0.1598,0.159,0.1591,299142.9,1773608399999,47671.11235,758,2026-03-15 20:00:00+00:00
1773608400000,0.159,0.1602,0.1588,0.1598,313828.0,1773611999999,49944.84785,559,2026-03-15 21:00:00+00:00
1773612000000,0.1598,0.1609,0.1589,0.1605,909709.2,1773615599999,145554.73474,1473,2026-03-15 22:00:00+00:00
1773615600000,0.1606,0.1609,0.1595,0.1599,338714.4,1773619199999,54310.57712,493,2026-03-15 23:00:00+00:00
1773619200000,0.1601,0.1604,0.1581,0.1586,263757.2,1773622799999,41937.94251,346,2026-03-16 00:00:00+00:00
1773622800000,0.1586,0.1595,0.1583,0.1592,181441.7,1773626399999,28830.23237,373,2026-03-16 01:00:00+00:00
1773626400000,0.1591,0.1598,0.1586,0.1597,193650.1,1773629999999,30790.92369,342,2026-03-16 02:00:00+00:00
1773630000000,0.1596,0.1617,0.1596,0.1604,407203.5,1773633599999,65352.23847,557,2026-03-16 03:00:00+00:00
1773633600000,0.1604,0.1614,0.1603,0.1609,190061.9,1773637199999,30559.62052,523,2026-03-16 04:00:00+00:00
1773637200000,0.1611,0.1611,0.1604,0.1609,230138.7,1773640799999,37001.57879,406,2026-03-16 05:00:00+00:00
1773640800000,0.1608,0.1608,0.1596,0.1597,248282.1,1773644399999,39759.07098,319,2026-03-16 06:00:00+00:00
1773644400000,0.1598,0.1612,0.1598,0.1605,224986.1,1773647999999,36108.862,556,2026-03-16 07:00:00+00:00
1773648000000,0.1606,0.1615,0.1594,0.16,570153.8,1773651599999,91465.95101,1254,2026-03-16 08:00:00+00:00
1773651600000,0.1601,0.1625,0.1601,0.1621,613382.5,1773655199999,99282.29586,968,2026-03-16 09:00:00+00:00
1773655200000,0.1621,0.1626,0.1612,0.1622,440675.0,1773658799999,71410.36599,841,2026-03-16 10:00:00+00:00
1773658800000,0.1623,0.1623,0.1611,0.1615,444358.8,1773662399999,71765.33927,776,2026-03-16 11:00:00+00:00
1773662400000,0.1614,0.1622,0.1609,0.1615,640977.9,1773665999999,103556.09132,995,2026-03-16 12:00:00+00:00
1773666000000,0.1615,0.1634,0.1608,0.1619,669131.4,1773669599999,108435.92272,1310,2026-03-16 13:00:00+00:00
1773669600000,0.1619,0.1625,0.1597,0.1611,595650.3,1773673199999,95694.47731,1089,2026-03-16 14:00:00+00:00
1773673200000,0.1612,0.1624,0.1602,0.1603,707086.3,1773676799999,113929.79679,1300,2026-03-16 15:00:00+00:00
1773676800000,0.1604,0.1626,0.1602,0.1621,551938.3,1773680399999,89303.63621,1206,2026-03-16 16:00:00+00:00
1773680400000,0.1621,0.1632,0.1618,0.1625,298651.1,1773683999999,48491.47866,583,2026-03-16 17:00:00+00:00
1773684000000,0.1626,0.1638,0.162,0.1621,538275.4,1773687599999,87690.38461,858,2026-03-16 18:00:00+00:00
1773687600000,0.1622,0.167,0.1621,0.165,1782378.2,1773691199999,294275.66215,2640,2026-03-16 19:00:00+00:00
1773691200000,0.165,0.1669,0.1645,0.166,583055.6,1773694799999,96806.14473,790,2026-03-16 20:00:00+00:00
1773694800000,0.1661,0.1663,0.1641,0.1647,395178.5,1773698399999,65208.90385,574,2026-03-16 21:00:00+00:00
1773698400000,0.1648,0.1674,0.1648,0.1662,500866.6,1773701999999,83281.73272,1190,2026-03-16 22:00:00+00:00
1773702000000,0.166,0.1682,0.1651,0.1655,1128064.4,1773705599999,187584.74729,1676,2026-03-16 23:00:00+00:00
1773705600000,0.1654,0.1664,0.1642,0.1653,512181.0,1773709199999,84639.74759,939,2026-03-17 00:00:00+00:00
1773709200000,0.1655,0.1686,0.1646,0.1676,1183740.7,1773712799999,197327.2305,1457,2026-03-17 01:00:00+00:00
1773712800000,0.1676,0.1678,0.1657,0.1662,331742.5,1773716399999,55320.2606,638,2026-03-17 02:00:00+00:00
1773716400000,0.1663,0.1678,0.1635,0.1647,632233.3,1773719999999,104774.48615,1324,2026-03-17 03:00:00+00:00
1773720000000,0.1648,0.1651,0.161,0.1629,500793.5,1773723599999,81527.59048,1062,2026-03-17 04:00:00+00:00
1773723600000,0.1627,0.1642,0.1621,0.1631,397713.2,1773727199999,64966.05604,591,2026-03-17 05:00:00+00:00
1773727200000,0.1632,0.1643,0.1624,0.1635,208596.0,1773730799999,34061.43426,452,2026-03-17 06:00:00+00:00
1773730800000,0.1636,0.1643,0.1619,0.1625,3205211.3,1773734399999,521108.75622,2896,2026-03-17 07:00:00+00:00
1773734400000,0.1626,0.1628,0.1614,0.1616,272345.2,1773737999999,44125.35664,518,2026-03-17 08:00:00+00:00
1773738000000,0.1615,0.1622,0.161,0.1614,147005.3,1773741599999,23753.5606,267,2026-03-17 09:00:00+00:00
1773741600000,0.1613,0.1626,0.1607,0.1614,224316.7,1773745199999,36204.86897,504,2026-03-17 10:00:00+00:00
1773745200000,0.1614,0.1624,0.1612,0.1616,117411.2,1773748799999,19008.48358,390,2026-03-17 11:00:00+00:00
1773748800000,0.1616,0.1622,0.1594,0.1602,443773.1,1773752399999,71243.37743,769,2026-03-17 12:00:00+00:00
1773752400000,0.1603,0.1604,0.1588,0.1594,516120.4,1773755999999,82274.23349,1278,2026-03-17 13:00:00+00:00
1773756000000,0.1593,0.1615,0.1588,0.1608,356964.5,1773759599999,57246.4207,763,2026-03-17 14:00:00+00:00
1773759600000,0.1609,0.1618,0.1605,0.1612,232763.9,1773763199999,37541.72535,420,2026-03-17 15:00:00+00:00
1773763200000,0.1611,0.1616,0.1603,0.1605,228220.1,1773766799999,36746.39796,397,2026-03-17 16:00:00+00:00
1773766800000,0.1607,0.1612,0.1602,0.1608,345317.2,1773770399999,55504.52631,897,2026-03-17 17:00:00+00:00
1773770400000,0.1608,0.1612,0.16,0.1607,172423.5,1773773999999,27697.29905,508,2026-03-17 18:00:00+00:00
1773774000000,0.1607,0.1611,0.1602,0.1603,155389.0,1773777599999,24964.76371,446,2026-03-17 19:00:00+00:00
1773777600000,0.1603,0.162,0.1599,0.1617,150841.4,1773781199999,24298.08344,329,2026-03-17 20:00:00+00:00
1773781200000,0.1617,0.1622,0.1612,0.1622,176666.4,1773784799999,28549.6136,400,2026-03-17 21:00:00+00:00
1773784800000,0.1623,0.1629,0.1613,0.1626,140107.5,1773788399999,22744.85788,407,2026-03-17 22:00:00+00:00
1773788400000,0.1625,0.1626,0.1608,0.1611,208761.6,1773791999999,33744.89895,453,2026-03-17 23:00:00+00:00
1773792000000,0.161,0.1615,0.1583,0.1592,360120.3,1773795599999,57445.89086,623,2026-03-18 00:00:00+00:00
1773795600000,0.1593,0.1614,0.1593,0.1607,246835.7,1773799199999,39596.60241,564,2026-03-18 01:00:00+00:00
1773799200000,0.1606,0.1616,0.1605,0.1607,285441.4,1773802799999,45988.30868,508,2026-03-18 02:00:00+00:00
1773802800000,0.1607,0.1616,0.1604,0.1608,108808.5,1773806399999,17518.6727,205,2026-03-18 03:00:00+00:00
1773806400000,0.1607,0.1614,0.16,0.1611,196555.1,1773809999999,31581.38215,404,2026-03-18 04:00:00+00:00
1773810000000,0.1611,0.1625,0.1602,0.1603,246038.9,1773813599999,39649.41817,398,2026-03-18 05:00:00+00:00
1773813600000,0.1605,0.1614,0.1597,0.1598,196301.8,1773817199999,31496.32942,409,2026-03-18 06:00:00+00:00
1773817200000,0.1596,0.1605,0.1591,0.1604,179333.1,1773820799999,28623.58032,313,2026-03-18 07:00:00+00:00
1773820800000,0.1605,0.1611,0.1603,0.1607,110242.6,1773824399999,17721.33148,260,2026-03-18 08:00:00+00:00
1773824400000,0.1607,0.1615,0.16,0.1605,158194.8,1773827999999,25434.21338,317,2026-03-18 09:00:00+00:00
1773828000000,0.1604,0.1609,0.1596,0.1598,297035.2,1773831599999,47642.92033,487,2026-03-18 10:00:00+00:00
1773831600000,0.16,0.1602,0.155,0.1561,1082906.6,1773835199999,169986.54342,2511,2026-03-18 11:00:00+00:00
1773835200000,0.1561,0.1561,0.1526,0.1537,1613006.4,1773838799999,248918.29455,2905,2026-03-18 12:00:00+00:00
1773838800000,0.1534,0.155,0.1522,0.1542,277182.3,1773842399999,42739.68244,617,2026-03-18 13:00:00+00:00
1773842400000,0.1545,0.155,0.151,0.1511,555489.6,1773845999999,84816.41786,770,2026-03-18 14:00:00+00:00
1773846000000,0.1512,0.1527,0.1504,0.1515,448794.6,1773849599999,68142.42385,784,2026-03-18 15:00:00+00:00
1773849600000,0.1515,0.1515,0.1484,0.1487,724549.7,1773853199999,108757.52244,799,2026-03-18 16:00:00+00:00
1773853200000,0.1487,0.1509,0.1484,0.1507,549896.0,1773856799999,82544.72462,608,2026-03-18 17:00:00+00:00
1773856800000,0.1508,0.1529,0.1505,0.151,643162.9,1773860399999,97498.76537,838,2026-03-18 18:00:00+00:00
1773860400000,0.151,0.1519,0.1504,0.1506,172373.4,1773863999999,26088.57455,268,2026-03-18 19:00:00+00:00
1773864000000,0.1505,0.1521,0.1499,0.1516,221767.1,1773867599999,33526.34099,430,2026-03-18 20:00:00+00:00
1773867600000,0.1515,0.1538,0.1515,0.1532,206877.2,1773871199999,31641.9478,300,2026-03-18 21:00:00+00:00
1773871200000,0.1531,0.1531,0.1522,0.1529,200585.1,1773874799999,30620.95716,347,2026-03-18 22:00:00+00:00
1773874800000,0.1528,0.1539,0.1528,0.1532,206848.7,1773878399999,31725.21201,308,2026-03-18 23:00:00+00:00
1773878400000,0.1531,0.1532,0.1517,0.1517,71549.7,1773881999999,10914.44278,180,2026-03-19 00:00:00+00:00
1773882000000,0.1518,0.1518,0.1507,0.1512,192523.8,1773885599999,29099.14328,207,2026-03-19 01:00:00+00:00
1773885600000,0.1511,0.1517,0.1507,0.1512,134146.6,1773889199999,20303.18958,216,2026-03-19 02:00:00+00:00
1773889200000,0.1513,0.1523,0.151,0.151,81626.9,1773892799999,12381.62788,194,2026-03-19 03:00:00+00:00
1773892800000,0.1511,0.1511,0.1502,0.1504,80489.1,1773896399999,12123.06151,177,2026-03-19 04:00:00+00:00
1773896400000,0.1507,0.1509,0.15,0.1502,31962.3,1773899999999,4812.37158,90,2026-03-19 05:00:00+00:00
1773900000000,0.1504,0.1506,0.1498,0.1502,77625.3,1773903599999,11664.56425,186,2026-03-19 06:00:00+00:00
1773903600000,0.1502,0.1502,0.1481,0.149,738687.1,1773907199999,110235.8082,681,2026-03-19 07:00:00+00:00
1773907200000,0.1491,0.15,0.1489,0.1498,522015.4,1773910799999,78014.58627,455,2026-03-19 08:00:00+00:00
1773910800000,0.1499,0.1515,0.1499,0.1512,156554.4,1773914399999,23647.18729,321,2026-03-19 09:00:00+00:00
1773914400000,0.1513,0.1516,0.1507,0.1508,205869.8,1773917999999,31128.0644,393,2026-03-19 10:00:00+00:00
1773918000000,0.1508,0.1515,0.1508,0.1512,76908.3,1773921599999,11621.35923,163,2026-03-19 11:00:00+00:00
1773921600000,0.1511,0.1511,0.1486,0.1488,151033.9,1773925199999,22674.56719,287,2026-03-19 12:00:00+00:00
1773925200000,0.1486,0.1498,0.1482,0.1496,548208.2,1773928799999,81757.48886,752,2026-03-19 13:00:00+00:00
1773928800000,0.1497,0.1501,0.1487,0.1496,345465.6,1773932399999,51595.06561,405,2026-03-19 14:00:00+00:00
1773932400000,0.1496,0.1503,0.1473,0.1489,524319.3,1773935999999,77781.18611,633,2026-03-19 15:00:00+00:00
1773936000000,0.1487,0.1489,0.148,0.1488,266131.7,1773939599999,39559.06648,333,2026-03-19 16:00:00+00:00
1773939600000,0.1488,0.1508,0.1483,0.1508,366274.6,1773943199999,55018.7197,379,2026-03-19 17:00:00+00:00
1773943200000,0.1506,0.1506,0.1494,0.1497,63427.3,1773946799999,9510.86305,142,2026-03-19 18:00:00+00:00
1773946800000,0.1499,0.1508,0.1495,0.1498,132854.8,1773950399999,19923.62933,244,2026-03-19 19:00:00+00:00
1773950400000,0.1497,0.1506,0.1497,0.1503,49656.6,1773953999999,7453.02759,149,2026-03-19 20:00:00+00:00
1773954000000,0.1503,0.1508,0.1501,0.1501,70076.0,1773957599999,10547.94261,158,2026-03-19 21:00:00+00:00
1773957600000,0.1501,0.1503,0.1491,0.1499,41101.2,1773961199999,6151.05034,126,2026-03-19 22:00:00+00:00
1773961200000,0.15,0.1503,0.1492,0.1494,83290.2,1773964799999,12462.55758,233,2026-03-19 23:00:00+00:00
1773964800000,0.1493,0.151,0.149,0.1508,120965.3,1773968399999,18138.72705,254,2026-03-20 00:00:00+00:00
1773968400000,0.1508,0.1512,0.1505,0.1505,77863.3,1773971999999,11751.70243,164,2026-03-20 01:00:00+00:00
1773972000000,0.1507,0.151,0.15,0.1505,97236.4,1773975599999,14621.46888,253,2026-03-20 02:00:00+00:00
1773975600000,0.1505,0.1509,0.1503,0.1508,209761.8,1773979199999,31575.72799,311,2026-03-20 03:00:00+00:00
1773979200000,0.1508,0.1509,0.1499,0.1507,143171.1,1773982799999,21550.60209,246,2026-03-20 04:00:00+00:00
1773982800000,0.1506,0.1509,0.1502,0.1507,89149.7,1773986399999,13417.35006,171,2026-03-20 05:00:00+00:00
1773986400000,0.1506,0.1516,0.1504,0.151,140384.1,1773989999999,21205.88552,237,2026-03-20 06:00:00+00:00
1773990000000,0.1508,0.1511,0.15,0.1511,104490.9,1773993599999,15729.6876,203,2026-03-20 07:00:00+00:00
1773993600000,0.151,0.1518,0.1507,0.1514,128452.3,1773997199999,19455.78832,262,2026-03-20 08:00:00+00:00
1773997200000,0.1515,0.1517,0.1509,0.1517,70235.1,1774000799999,10631.09083,148,2026-03-20 09:00:00+00:00
1774000800000,0.1518,0.1523,0.1512,0.1523,153413.5,1774004399999,23276.0529,189,2026-03-20 10:00:00+00:00
1774004400000,0.1523,0.1539,0.1521,0.1524,209568.2,1774007999999,32047.55253,355,2026-03-20 11:00:00+00:00
1774008000000,0.1523,0.1524,0.1509,0.1516,217921.8,1774011599999,33030.5793,315,2026-03-20 12:00:00+00:00
1774011600000,0.1515,0.1524,0.1508,0.1509,299127.8,1774015199999,45366.11917,545,2026-03-20 13:00:00+00:00
1774015200000,0.1508,0.1519,0.15,0.1504,214764.7,1774018799999,32335.94225,479,2026-03-20 14:00:00+00:00
1774018800000,0.1505,0.1514,0.1498,0.1512,123332.7,1774022399999,18566.84949,369,2026-03-20 15:00:00+00:00
1774022400000,0.1513,0.1515,0.1506,0.1514,78347.8,1774025999999,11840.73846,279,2026-03-20 16:00:00+00:00
1774026000000,0.1513,0.1517,0.1501,0.1509,118194.9,1774029599999,17846.85116,456,2026-03-20 17:00:00+00:00
1774029600000,0.1509,0.1509,0.1494,0.1496,87960.7,1774033199999,13196.70803,215,2026-03-20 18:00:00+00:00
1774033200000,0.1496,0.1505,0.149,0.1502,89174.6,1774036799999,13364.3677,228,2026-03-20 19:00:00+00:00
1774036800000,0.1501,0.1501,0.149,0.1498,42441.0,1774040399999,6350.30757,129,2026-03-20 20:00:00+00:00
1774040400000,0.1499,0.1514,0.1498,0.1511,61584.6,1774043999999,9275.62783,165,2026-03-20 21:00:00+00:00
1774044000000,0.1512,0.1522,0.1512,0.1518,88848.7,1774047599999,13491.49073,210,2026-03-20 22:00:00+00:00
1774047600000,0.1517,0.1517,0.1511,0.1512,72848.5,1774051199999,11022.32839,192,2026-03-20 23:00:00+00:00
1774051200000,0.1511,0.1515,0.1509,0.1513,98052.7,1774054799999,14817.00986,317,2026-03-21 00:00:00+00:00
1774054800000,0.1512,0.152,0.1509,0.1509,96574.1,1774058399999,14644.37989,315,2026-03-21 01:00:00+00:00
1774058400000,0.1508,0.1515,0.1506,0.1515,68183.0,1774061999999,10301.69532,222,2026-03-21 02:00:00+00:00
1774062000000,0.1516,0.1524,0.1516,0.1523,46979.7,1774065599999,7144.53519,150,2026-03-21 03:00:00+00:00
1774065600000,0.1522,0.1526,0.151,0.1512,178257.6,1774069199999,27013.98253,459,2026-03-21 04:00:00+00:00
1774069200000,0.1513,0.1517,0.1509,0.1511,161918.1,1774072799999,24527.67891,274,2026-03-21 05:00:00+00:00
1774072800000,0.1511,0.1516,0.1509,0.1515,55267.7,1774076399999,8362.40903,193,2026-03-21 06:00:00+00:00
1774076400000,0.1516,0.1517,0.1509,0.1511,39509.9,1774079999999,5983.22971,151,2026-03-21 07:00:00+00:00
