open_time,open,high,low,close,volume,close_time,quote_asset_volume,num_trades,timestamp
1755529200000,0.072,0.1035,0.072,0.09288,233614718.0,1755532800000,22024135.85686,106310,2025-08-18 15:00:00+00:00
1755532800000,0.09292,0.09838,0.09151,0.09825,66911892.0,1755536400000,6335147.52703,47072,2025-08-18 16:00:00+00:00
1755536400000,0.09822,0.102,0.09608,0.09882,83832060.0,1755540000000,8313629.64426,48156,2025-08-18 17:00:00+00:00
1755540000000,0.09884,0.10135,0.09604,0.09839,41048988.0,1755543600000,4057621.33947,30607,2025-08-18 18:00:00+00:00
1755543600000,0.09837,0.09837,0.09461,0.09515,21888048.0,1755547200000,2101900.83822,13226,2025-08-18 19:00:00+00:00
1755547200000,0.09515,0.0956,0.09143,0.09348,36497429.0,1755550800000,3393419.63861,18719,2025-08-18 20:00:00+00:00
1755550800000,0.09348,0.09406,0.09193,0.09324,14322339.0,1755554400000,1330479.45549,7843,2025-08-18 21:00:00+00:00
1755554400000,0.09325,0.09346,0.09158,0.09226,12900024.0,1755558000000,1191770.29437,7490,2025-08-18 22:00:00+00:00
1755558000000,0.09229,0.09316,0.09065,0.09198,17812206.0,1755561600000,1634017.54413,8909,2025-08-18 23:00:00+00:00
1755561600000,0.09199,0.09203,0.08923,0.09174,17907376.0,1755565200000,1620906.21295,13124,2025-08-19 00:00:00+00:00
1755565200000,0.09172,0.09278,0.09026,0.09145,11817961.0,1755568800000,1079784.92953,8441,2025-08-19 01:00:00+00:00
1755568800000,0.09142,0.09178,0.08969,0.08981,7090760.0,1755572400000,641700.95364,5981,2025-08-19 02:00:00+00:00
1755572400000,0.08984,0.0899,0.08716,0.088,19389507.0,1755576000000,1709675.30374,14270,2025-08-19 03:00:00+00:00
1755576000000,0.088,0.08992,0.08756,0.08992,9426285.0,1755579600000,837913.77218,9536,2025-08-19 04:00:00+00:00
1755579600000,0.08991,0.09022,0.08806,0.08815,6126365.0,1755583200000,544873.40348,8591,2025-08-19 05:00:00+00:00
1755583200000,0.08809,0.08872,0.08577,0.08588,16480884.0,1755586800000,1435124.84068,12746,2025-08-19 06:00:00+00:00
1755586800000,0.08588,0.0869,0.08535,0.08566,15862667.0,1755590400000,1364500.58282,9539,2025-08-19 07:00:00+00:00
1755590400000,0.08572,0.0879,0.08496,0.08708,19142636.0,1755594000000,1645209.00651,12537,2025-08-19 08:00:00+00:00
1755594000000,0.08708,0.08912,0.08578,0.0866,166356818.0,1755597600000,14490836.44668,237924,2025-08-19 09:00:00+00:00
1755597600000,0.0866,0.0874,0.08612,0.08651,58746709.0,1755601200000,5090067.76417,94766,2025-08-19 10:00:00+00:00
1755601200000,0.08653,0.08798,0.08644,0.08795,12857065.0,1755604800000,1122753.73094,15534,2025-08-19 11:00:00+00:00
1755604800000,0.08794,0.08798,0.08685,0.08707,9404312.0,1755608400000,821841.78462,10089,2025-08-19 12:00:00+00:00
1755608400000,0.08707,0.0878,0.08636,0.08708,9394570.0,1755612000000,817992.97005,12271,2025-08-19 13:00:00+00:00
1755612000000,0.08704,0.08735,0.08465,0.08652,18224066.0,1755615600000,1563661.88976,19568,2025-08-19 14:00:00+00:00
1755615600000,0.08653,0.08817,0.08552,0.08561,18034761.0,1755619200000,1563326.45382,21613,2025-08-19 15:00:00+00:00
1755619200000,0.08562,0.086,0.08431,0.08502,14093794.0,1755622800000,1200245.74756,18082,2025-08-19 16:00:00+00:00
1755622800000,0.085,0.0866,0.08468,0.08558,12577117.0,1755626400000,1078757.44602,17322,2025-08-19 17:00:00+00:00
1755626400000,0.08558,0.08563,0.08323,0.08383,16627978.0,1755630000000,1406031.30949,17368,2025-08-19 18:00:00+00:00
1755630000000,0.08381,0.08535,0.08282,0.08396,11787083.0,1755633600000,991394.66003,11953,2025-08-19 19:00:00+00:00
1755633600000,0.08396,0.08431,0.08242,0.08274,11114042.0,1755637200000,925700.50332,11261,2025-08-19 20:00:00+00:00
1755637200000,0.08274,0.08284,0.08127,0.08229,14889076.0,1755640800000,1221674.2427,12736,2025-08-19 21:00:00+00:00
1755640800000,0.08223,0.0824,0.08042,0.08086,12108199.0,1755644400000,983233.60096,12027,2025-08-19 22:00:00+00:00
1755644400000,0.08087,0.08165,0.08044,0.08069,11731331.0,1755648000000,949799.12747,11772,2025-08-19 23:00:00+00:00
1755648000000,0.0807,0.08314,0.08047,0.08198,19129380.0,1755651600000,1568170.58435,16922,2025-08-20 00:00:00+00:00
1755651600000,0.08199,0.08243,0.0806,0.08234,13402541.0,1755655200000,1092141.76448,14394,2025-08-20 01:00:00+00:00
1755655200000,0.08233,0.0829,0.08157,0.08194,10183732.0,1755658800000,836979.53427,10810,2025-08-20 02:00:00+00:00
1755658800000,0.08192,0.082,0.08096,0.08124,6734445.0,1755662400000,549045.84404,9445,2025-08-20 03:00:00+00:00
1755662400000,0.08124,0.08253,0.08086,0.08195,6852505.0,1755666000000,559459.39775,9659,2025-08-20 04:00:00+00:00
1755666000000,0.08192,0.082,0.08055,0.0811,9250836.0,1755669600000,750873.63276,10570,2025-08-20 05:00:00+00:00
1755669600000,0.08106,0.0814,0.08027,0.08083,8946156.0,1755673200000,723955.71576,14147,2025-08-20 06:00:00+00:00
1755673200000,0.08082,0.08172,0.08056,0.08098,8290107.0,1755676800000,672186.818,8799,2025-08-20 07:00:00+00:00
1755676800000,0.08098,0.08256,0.07979,0.08213,13705464.0,1755680400000,1113937.34032,12549,2025-08-20 08:00:00+00:00
1755680400000,0.0821,0.08348,0.08128,0.08233,18886414.0,1755684000000,1556411.08086,13647,2025-08-20 09:00:00+00:00
1755684000000,0.08236,0.08284,0.08163,0.08228,7265416.0,1755687600000,598212.25783,9994,2025-08-20 10:00:00+00:00
1755687600000,0.08229,0.08237,0.08054,0.08158,7867302.0,1755691200000,640545.92821,8749,2025-08-20 11:00:00+00:00
1755691200000,0.08159,0.08344,0.08153,0.08201,9622573.0,1755694800000,792634.80475,11325,2025-08-20 12:00:00+00:00
1755694800000,0.08201,0.08204,0.0803,0.08052,12243076.0,1755698400000,992462.23101,11904,2025-08-20 13:00:00+00:00
1755698400000,0.08054,0.08298,0.08002,0.08206,11725200.0,1755702000000,955200.8199,14573,2025-08-20 14:00:00+00:00
1755702000000,0.08203,0.08402,0.08196,0.0824,15981096.0,1755705600000,1328210.75868,12955,2025-08-20 15:00:00+00:00
1755705600000,0.08242,0.08392,0.08232,0.08322,14809173.0,1755709200000,1230981.57082,14684,2025-08-20 16:00:00+00:00
1755709200000,0.08323,0.08375,0.08287,0.08343,10228260.0,1755712800000,852890.75996,12285,2025-08-20 17:00:00+00:00
1755712800000,0.08342,0.08342,0.08239,0.08325,9807301.0,1755716400000,813217.74126,7839,2025-08-20 18:00:00+00:00
1755716400000,0.08324,0.0849,0.08324,0.08472,8335292.0,1755720000000,700857.00172,6258,2025-08-20 19:00:00+00:00
1755720000000,0.08472,0.08589,0.08463,0.08509,10589352.0,1755723600000,903024.93336,8078,2025-08-20 20:00:00+00:00
1755723600000,0.0851,0.08607,0.08489,0.0853,6543830.0,1755727200000,559412.18321,5835,2025-08-20 21:00:00+00:00
1755727200000,0.08526,0.08556,0.08417,0.08421,4847251.0,1755730800000,410521.14673,5424,2025-08-20 22:00:00+00:00
1755730800000,0.08421,0.08481,0.08374,0.08408,3919006.0,1755734400000,330216.31338,6671,2025-08-20 23:00:00+00:00
1755734400000,0.08409,0.0841,0.08268,0.08306,5080526.0,1755738000000,423960.33824,7301,2025-08-21 00:00:00+00:00
1755738000000,0.08305,0.08347,0.08282,0.08319,3423812.0,1755741600000,284388.85819,6118,2025-08-21 01:00:00+00:00
1755741600000,0.08318,0.08342,0.08221,0.08247,5647062.0,1755745200000,466538.16468,7910,2025-08-21 02:00:00+00:00
1755745200000,0.08247,0.08317,0.08213,0.08243,11918480.0,1755748800000,985183.89716,17363,2025-08-21 03:00:00+00:00
1755748800000,0.08242,0.08334,0.08234,0.08307,11737817.0,1755752400000,972644.73118,17292,2025-08-21 04:00:00+00:00
1755752400000,0.08307,0.0838,0.0825,0.08279,13667501.0,1755756000000,1135781.24174,13752,2025-08-21 05:00:00+00:00
1755756000000,0.08278,0.08278,0.08177,0.08197,11185009.0,1755759600000,918708.21739,11216,2025-08-21 06:00:00+00:00
1755759600000,0.08196,0.08335,0.08118,0.08306,8011701.0,1755763200000,657575.65064,10661,2025-08-21 07:00:00+00:00
1755763200000,0.08306,0.08385,0.08192,0.08199,9227014.0,1755766800000,764691.28074,12601,2025-08-21 08:00:00+00:00
1755766800000,0.08199,0.08291,0.08155,0.0817,15826931.0,1755770400000,1299266.09008,18947,2025-08-21 09:00:00+00:00
1755770400000,0.08169,0.08225,0.0815,0.08155,11267857.0,1755774000000,922653.94718,12951,2025-08-21 10:00:00+00:00
1755774000000,0.08155,0.08213,0.08133,0.08188,6536403.0,1755777600000,533894.14861,10674,2025-08-21 11:00:00+00:00
1755777600000,0.08188,0.08209,0.08041,0.08086,11175831.0,1755781200000,909253.42315,11668,2025-08-21 12:00:00+00:00
1755781200000,0.08085,0.0817,0.08035,0.08114,14152425.0,1755784800000,1147673.09212,17337,2025-08-21 13:00:00+00:00
1755784800000,0.08115,0.08333,0.08086,0.08276,21596545.0,1755788400000,1783598.82552,23620,2025-08-21 14:00:00+00:00
1755788400000,0.08277,0.08498,0.08198,0.08409,25476485.0,1755792000000,2128661.22516,26322,2025-08-21 15:00:00+00:00
1755792000000,0.0841,0.0849,0.08291,0.08427,15151136.0,1755795600000,1272180.88295,22540,2025-08-21 16:00:00+00:00
1755795600000,0.08426,0.08503,0.08368,0.08439,12428532.0,1755799200000,1048857.46437,14511,2025-08-21 17:00:00+00:00
1755799200000,0.08437,0.08458,0.08287,0.08386,8418432.0,1755802800000,705003.55598,11329,2025-08-21 18:00:00+00:00
1755802800000,0.08385,0.08443,0.08304,0.0831,6300592.0,1755806400000,527736.13222,8497,2025-08-21 19:00:00+00:00
1755806400000,0.08311,0.08409,0.08269,0.08344,4184244.0,1755810000000,348798.12501,5352,2025-08-21 20:00:00+00:00
1755810000000,0.08345,0.08357,0.08242,0.08279,2935998.0,1755813600000,243347.31233,3764,2025-08-21 21:00:00+00:00
1755813600000,0.08281,0.08377,0.08256,0.08264,7540903.0,1755817200000,626146.08176,6917,2025-08-21 22:00:00+00:00
1755817200000,0.08263,0.08263,0.08154,0.08165,6673812.0,1755820800000,546545.40951,5740,2025-08-21 23:00:00+00:00
1755820800000,0.08165,0.08358,0.08165,0.08314,5251215.0,1755824400000,435497.28773,6126,2025-08-22 00:00:00+00:00
1755824400000,0.08315,0.08433,0.08242,0.08403,7137400.0,1755828000000,594529.27455,9712,2025-08-22 01:00:00+00:00
1755828000000,0.08402,0.08658,0.08353,0.08407,19909271.0,1755831600000,1690351.67395,18585,2025-08-22 02:00:00+00:00
1755831600000,0.08408,0.0842,0.08292,0.08325,10602313.0,1755835200000,886543.11053,13028,2025-08-22 03:00:00+00:00
1755835200000,0.08325,0.08459,0.08323,0.08396,14016691.0,1755838800000,1176030.3083,14667,2025-08-22 04:00:00+00:00
1755838800000,0.08396,0.085,0.08301,0.08309,14003952.0,1755842400000,1174800.33867,14809,2025-08-22 05:00:00+00:00
1755842400000,0.0831,0.08496,0.08291,0.08341,16835825.0,1755846000000,1411275.27672,16264,2025-08-22 06:00:00+00:00
1755846000000,0.08342,0.08453,0.08311,0.08369,12223424.0,1755849600000,1022036.07407,12089,2025-08-22 07:00:00+00:00
1755849600000,0.08369,0.08715,0.0835,0.08684,24658059.0,1755853200000,2103226.21327,22996,2025-08-22 08:00:00+00:00
1755853200000,0.08685,0.08835,0.08476,0.08505,31301619.0,1755856800000,2701874.51152,29432,2025-08-22 09:00:00+00:00
1755856800000,0.08507,0.08671,0.08386,0.08445,15836840.0,1755860400000,1346831.94261,15892,2025-08-22 10:00:00+00:00
1755860400000,0.08444,0.08507,0.08377,0.08404,17868473.0,1755864000000,1508000.20559,19043,2025-08-22 11:00:00+00:00
1755864000000,0.08404,0.08485,0.0825,0.08301,16910326.0,1755867600000,1414551.52002,19484,2025-08-22 12:00:00+00:00
1755867600000,0.08301,0.08422,0.08222,0.08318,15091941.0,1755871200000,1256056.81038,19081,2025-08-22 13:00:00+00:00
1755871200000,0.08317,0.08815,0.08317,0.08621,39556983.0,1755874800000,3426767.29394,41351,2025-08-22 14:00:00+00:00
1755874800000,0.08621,0.0881,0.08618,0.08701,18629563.0,1755878400000,1625352.10854,22946,2025-08-22 15:00:00+00:00
1755878400000,0.08701,0.089,0.08701,0.08836,19944580.0,1755882000000,1762387.82568,24996,2025-08-22 16:00:00+00:00
1755882000000,0.08836,0.08978,0.08832,0.08896,14841772.0,1755885600000,1324526.97162,18967,2025-08-22 17:00:00+00:00
1755885600000,0.08895,0.09068,0.08887,0.09015,14325667.0,1755889200000,1287862.45273,16147,2025-08-22 18:00:00+00:00
1755889200000,0.09016,0.0907,0.08955,0.08975,9265760.0,1755892800000,833753.05938,9695,2025-08-22 19:00:00+00:00
1755892800000,0.08976,0.09076,0.08974,0.09031,8500448.0,1755896400000,766702.0624,8483,2025-08-22 20:00:00+00:00
1755896400000,0.09031,0.0911,0.08991,0.09063,8243312.0,1755900000000,745258.2622,5935,2025-08-22 21:00:00+00:00
1755900000000,0.09062,0.09075,0.08953,0.08988,7711525.0,1755903600000,693927.30859,6575,2025-08-22 22:00:00+00:00
1755903600000,0.08987,0.09058,0.08941,0.08964,6976705.0,1755907200000,626896.83617,8032,2025-08-22 23:00:00+00:00
1755907200000,0.08965,0.09092,0.08946,0.08998,7482697.0,1755910800000,674637.17057,7616,2025-08-23 00:00:00+00:00
1755910800000,0.08997,0.09049,0.08946,0.0902,6573440.0,1755914400000,591673.67791,8104,2025-08-23 01:00:00+00:00
1755914400000,0.09021,0.0907,0.08716,0.08758,14235553.0,1755918000000,1258575.71859,16004,2025-08-23 02:00:00+00:00
1755918000000,0.08759,0.08833,0.08723,0.08776,10581583.0,1755921600000,928646.58135,16280,2025-08-23 03:00:00+00:00
1755921600000,0.08775,0.08889,0.08717,0.08885,16116216.0,1755925200000,1417084.09143,19076,2025-08-23 04:00:00+00:00
1755925200000,0.08886,0.0897,0.08791,0.08942,14942851.0,1755928800000,1325832.31393,18326,2025-08-23 05:00:00+00:00
1755928800000,0.08942,0.08999,0.08873,0.08933,13763209.0,1755932400000,1228329.92954,16103,2025-08-23 06:00:00+00:00
1755932400000,0.08932,0.08998,0.08842,0.08846,10266692.0,1755936000000,916194.457,13944,2025-08-23 07:00:00+00:00
1755936000000,0.08847,0.08933,0.08794,0.08828,11537402.0,1755939600000,1021023.57147,13294,2025-08-23 08:00:00+00:00
1755939600000,0.08826,0.08871,0.08767,0.08807,14574517.0,1755943200000,1285687.65009,14641,2025-08-23 09:00:00+00:00
1755943200000,0.08808,0.08808,0.08634,0.08639,14310516.0,1755946800000,1246953.84688,14008,2025-08-23 10:00:00+00:00
1755946800000,0.08639,0.08706,0.08622,0.08639,16798344.0,1755950400000,1454196.76652,18722,2025-08-23 11:00:00+00:00
1755950400000,0.08639,0.08677,0.08561,0.08615,17978527.0,1755954000000,1551700.38024,18044,2025-08-23 12:00:00+00:00
1755954000000,0.08615,0.08664,0.0854,0.08553,19128651.0,1755957600000,1647192.96423,19706,2025-08-23 13:00:00+00:00
1755957600000,0.08554,0.08614,0.0851,0.08525,21844478.0,1755961200000,1869273.3144,20659,2025-08-23 14:00:00+00:00
1755961200000,0.08526,0.08618,0.08516,0.08606,28073817.0,1755964800000,2400468.73743,25735,2025-08-23 15:00:00+00:00
1755964800000,0.08607,0.08612,0.08469,0.08516,26279784.0,1755968400000,2241052.66261,28061,2025-08-23 16:00:00+00:00
1755968400000,0.08514,0.08642,0.0851,0.08631,26259080.0,1755972000000,2254787.42352,22366,2025-08-23 17:00:00+00:00
1755972000000,0.08631,0.08681,0.08609,0.08661,20309626.0,1755975600000,1757538.24367,17062,2025-08-23 18:00:00+00:00
1755975600000,0.08661,0.0869,0.08621,0.08641,4234810.0,1755979200000,366498.9096,4812,2025-08-23 19:00:00+00:00
1755979200000,0.0864,0.0874,0.0864,0.08722,6377791.0,1755982800000,554484.93654,5214,2025-08-23 20:00:00+00:00
1755982800000,0.08722,0.08779,0.08684,0.0875,4872062.0,1755986400000,425416.53614,3941,2025-08-23 21:00:00+00:00
1755986400000,0.08752,0.08884,0.08752,0.08876,5881679.0,1755990000000,518195.69625,3799,2025-08-23 22:00:00+00:00
1755990000000,0.08879,0.0912,0.08851,0.0904,14165988.0,1755993600000,1274319.07905,10705,2025-08-23 23:00:00+00:00
1755993600000,0.0904,0.09153,0.08913,0.08943,7973382.0,1755997200000,718848.74078,8616,2025-08-24 00:00:00+00:00
1755997200000,0.08943,0.08944,0.08747,0.08797,4371516.0,1756000800000,386522.42346,5683,2025-08-24 01:00:00+00:00
1756000800000,0.08798,0.08902,0.08761,0.08866,9450650.0,1756004400000,835483.93943,11724,2025-08-24 02:00:00+00:00
1756004400000,0.08867,0.0897,0.08839,0.08854,11778692.0,1756008000000,1046645.54499,16635,2025-08-24 03:00:00+00:00
1756008000000,0.08855,0.08935,0.08796,0.08834,9243821.0,1756011600000,818268.41829,12058,2025-08-24 04:00:00+00:00
1756011600000,0.08833,0.08885,0.08781,0.08797,14284965.0,1756015200000,1260540.32082,17196,2025-08-24 05:00:00+00:00
1756015200000,0.088,0.08816,0.08645,0.08664,14941604.0,1756018800000,1303356.32173,16236,2025-08-24 06:00:00+00:00
1756018800000,0.08664,0.08807,0.08619,0.08685,20037879.0,1756022400000,1744624.95734,19210,2025-08-24 07:00:00+00:00
1756022400000,0.08685,0.08755,0.08661,0.08668,16394650.0,1756026000000,1427299.86581,15646,2025-08-24 08:00:00+00:00
1756026000000,0.08669,0.08751,0.08655,0.08713,11867119.0,1756029600000,1031034.99847,15336,2025-08-24 09:00:00+00:00
1756029600000,0.08713,0.0913,0.0867,0.08867,46673715.0,1756033200000,4124498.42928,37300,2025-08-24 10:00:00+00:00
1756033200000,0.08866,0.08919,0.08639,0.08691,24175684.0,1756036800000,2116878.61271,23641,2025-08-24 11:00:00+00:00
1756036800000,0.08691,0.08899,0.08646,0.08895,31475531.0,1756040400000,2758338.16985,25008,2025-08-24 12:00:00+00:00
1756040400000,0.08895,0.0904,0.08787,0.08998,52851260.0,1756044000000,4702488.40435,40669,2025-08-24 13:00:00+00:00
1756044000000,0.08999,0.09465,0.08959,0.0918,89924644.0,1756047600000,8308030.93846,78702,2025-08-24 14:00:00+00:00
1756047600000,0.0918,0.09303,0.08947,0.09162,33845783.0,1756051200000,3088635.07677,39262,2025-08-24 15:00:00+00:00
1756051200000,0.0916,0.09304,0.09042,0.09147,34834798.0,1756054800000,3199629.82303,43187,2025-08-24 16:00:00+00:00
1756054800000,0.09148,0.1014,0.09147,0.09634,95794978.0,1756058400000,9293766.26279,119872,2025-08-24 17:00:00+00:00
1756058400000,0.09633,0.1035,0.09633,0.10312,56142505.0,1756062000000,5608103.97355,57352,2025-08-24 18:00:00+00:00
1756062000000,0.10311,0.1041,0.09514,0.09725,42867434.0,1756065600000,4246951.22212,48944,2025-08-24 19:00:00+00:00
1756065600000,0.09726,0.09732,0.09333,0.09678,23719794.0,1756069200000,2263440.11696,35001,2025-08-24 20:00:00+00:00
1756069200000,0.09679,0.09687,0.09532,0.0961,13698232.0,1756072800000,1315903.25275,20222,2025-08-24 21:00:00+00:00
1756072800000,0.09613,0.0963,0.09356,0.09414,16948318.0,1756076400000,1606913.48745,19180,2025-08-24 22:00:00+00:00
1756076400000,0.09416,0.09456,0.09269,0.09352,14308886.0,1756080000000,1345473.63125,18316,2025-08-24 23:00:00+00:00
1756080000000,0.09353,0.09508,0.09114,0.09198,12331459.0,1756083600000,1144345.25794,15860,2025-08-25 00:00:00+00:00
1756083600000,0.09197,0.09305,0.09163,0.0923,7000879.0,1756087200000,647496.56237,10146,2025-08-25 01:00:00+00:00
1756087200000,0.0923,0.09493,0.09224,0.09433,13526540.0,1756090800000,1265495.47066,19059,2025-08-25 02:00:00+00:00
1756090800000,0.09432,0.09592,0.09383,0.09534,29580280.0,1756094400000,2803693.02635,31787,2025-08-25 03:00:00+00:00
1756094400000,0.09533,0.0978,0.094,0.09433,33066904.0,1756098000000,3163035.92361,35749,2025-08-25 04:00:00+00:00
1756098000000,0.09433,0.09441,0.0923,0.0926,25103824.0,1756101600000,2334928.33209,25201,2025-08-25 05:00:00+00:00
1756101600000,0.0926,0.0939,0.09165,0.09365,27049913.0,1756105200000,2515532.2007,32132,2025-08-25 06:00:00+00:00
1756105200000,0.09365,0.09508,0.09082,0.09097,18294850.0,1756108800000,1690068.85856,29544,2025-08-25 07:00:00+00:00
1756108800000,0.09097,0.09108,0.08661,0.08817,43804263.0,1756112400000,3881129.00934,42097,2025-08-25 08:00:00+00:00
1756112400000,0.08817,0.08817,0.0867,0.08719,30258671.0,1756116000000,2643193.53042,28168,2025-08-25 09:00:00+00:00
1756116000000,0.0872,0.08815,0.08578,0.08702,24021114.0,1756119600000,2083839.48258,21186,2025-08-25 10:00:00+00:00
1756119600000,0.08702,0.0897,0.08661,0.08906,32441308.0,1756123200000,2858422.32175,31382,2025-08-25 11:00:00+00:00
1756123200000,0.08905,0.08942,0.08801,0.08903,16387946.0,1756126800000,1451306.28902,19826,2025-08-25 12:00:00+00:00
1756126800000,0.08903,0.09056,0.08833,0.09028,31471228.0,1756130400000,2809587.62107,35074,2025-08-25 13:00:00+00:00
1756130400000,0.09029,0.09053,0.08878,0.08966,28339208.0,1756134000000,2535066.90633,33763,2025-08-25 14:00:00+00:00
1756134000000,0.08965,0.08967,0.08791,0.08835,37466280.0,1756137600000,3318495.15228,34780,2025-08-25 15:00:00+00:00
1756137600000,0.08837,0.08979,0.0879,0.088,69681264.0,1756141200000,6202399.02533,47217,2025-08-25 16:00:00+00:00
1756141200000,0.08799,0.0882,0.08536,0.08584,22414218.0,1756144800000,1934454.86049,21387,2025-08-25 17:00:00+00:00
1756144800000,0.08584,0.08654,0.08533,0.08574,20121247.0,1756148400000,1729054.36924,15322,2025-08-25 18:00:00+00:00
1756148400000,0.08574,0.08628,0.08419,0.08434,22606929.0,1756152000000,1929987.73983,18899,2025-08-25 19:00:00+00:00
1756152000000,0.08434,0.08492,0.08255,0.08255,21940382.0,1756155600000,1836211.80606,19873,2025-08-25 20:00:00+00:00
1756155600000,0.08255,0.08353,0.08219,0.08283,8384249.0,1756159200000,694890.10957,10914,2025-08-25 21:00:00+00:00
1756159200000,0.08281,0.08415,0.08266,0.08392,8533335.0,1756162800000,711786.31652,10872,2025-08-25 22:00:00+00:00
1756162800000,0.08391,0.08391,0.08299,0.08335,5264365.0,1756166400000,438434.70189,9046,2025-08-25 23:00:00+00:00
1756166400000,0.08335,0.08383,0.08231,0.08322,12467598.0,1756170000000,1034695.90992,13862,2025-08-26 00:00:00+00:00
1756170000000,0.08321,0.08508,0.08299,0.0847,14997535.0,1756173600000,1265333.25328,15975,2025-08-26 01:00:00+00:00
1756173600000,0.08469,0.085,0.08396,0.08452,11255009.0,1756177200000,950106.25273,15978,2025-08-26 02:00:00+00:00
1756177200000,0.08453,0.08499,0.08378,0.08417,13382671.0,1756180800000,1130010.3315,15781,2025-08-26 03:00:00+00:00
1756180800000,0.08418,0.08537,0.08411,0.0851,16445112.0,1756184400000,1393766.11234,17205,2025-08-26 04:00:00+00:00
1756184400000,0.08508,0.08553,0.0844,0.08479,21447475.0,1756188000000,1823649.43717,20992,2025-08-26 05:00:00+00:00
1756188000000,0.08479,0.08495,0.08354,0.08365,16973154.0,1756191600000,1428086.19975,19501,2025-08-26 06:00:00+00:00
1756191600000,0.08365,0.08492,0.08347,0.08478,33815023.0,1756195200000,2845923.7807,27573,2025-08-26 07:00:00+00:00
1756195200000,0.08478,0.08562,0.0845,0.08548,40491632.0,1756198800000,3436778.31836,28374,2025-08-26 08:00:00+00:00
1756198800000,0.08548,0.08643,0.08518,0.08561,46893685.0,1756202400000,4020629.93871,30172,2025-08-26 09:00:00+00:00
1756202400000,0.0856,0.08571,0.08485,0.08499,29851375.0,1756206000000,2547626.85403,22280,2025-08-26 10:00:00+00:00
1756206000000,0.08498,0.08563,0.08439,0.0851,45733248.0,1756209600000,3889622.44989,29424,2025-08-26 11:00:00+00:00
1756209600000,0.08511,0.08736,0.08451,0.08658,68026053.0,1756213200000,5846645.96809,49347,2025-08-26 12:00:00+00:00
1756213200000,0.08659,0.0866,0.08424,0.08516,33827095.0,1756216800000,2887532.48687,34553,2025-08-26 13:00:00+00:00
1756216800000,0.08516,0.08592,0.08462,0.08554,45445741.0,1756220400000,3874901.82907,36546,2025-08-26 14:00:00+00:00
1756220400000,0.08553,0.08589,0.08417,0.08421,51771126.0,1756224000000,4399816.76384,37599,2025-08-26 15:00:00+00:00
1756224000000,0.08422,0.08492,0.08374,0.08469,30366090.0,1756227600000,2558632.23617,28676,2025-08-26 16:00:00+00:00
1756227600000,0.08469,0.08478,0.08342,0.08376,23995560.0,1756231200000,2017318.90463,21933,2025-08-26 17:00:00+00:00
1756231200000,0.08377,0.0846,0.08358,0.08444,20925459.0,1756234800000,1760437.73556,19133,2025-08-26 18:00:00+00:00
1756234800000,0.08443,0.08744,0.08396,0.08594,38533842.0,1756238400000,3298366.06221,31728,2025-08-26 19:00:00+00:00
1756238400000,0.08594,0.08658,0.08525,0.08607,22774894.0,1756242000000,1958966.16812,17691,2025-08-26 20:00:00+00:00
1756242000000,0.08607,0.08741,0.08582,0.08669,16846852.0,1756245600000,1452115.39223,13236,2025-08-26 21:00:00+00:00
1756245600000,0.0867,0.08758,0.08631,0.08749,5395768.0,1756249200000,469204.6764,6584,2025-08-26 22:00:00+00:00
1756249200000,0.08748,0.088,0.08617,0.08653,6501640.0,1756252800000,565709.0657,9127,2025-08-26 23:00:00+00:00
1756252800000,0.08654,0.08692,0.08426,0.08528,10142569.0,1756256400000,869319.38257,8416,2025-08-27 00:00:00+00:00
1756256400000,0.08527,0.08534,0.0844,0.08498,5400119.0,1756260000000,458125.02511,7145,2025-08-27 01:00:00+00:00
1756260000000,0.08498,0.08568,0.08378,0.08459,14844334.0,1756263600000,1259545.9116,18458,2025-08-27 02:00:00+00:00
1756263600000,0.0846,0.08507,0.0836,0.08441,19369846.0,1756267200000,1633661.75643,20393,2025-08-27 03:00:00+00:00
1756267200000,0.0844,0.08526,0.08407,0.08481,22166592.0,1756270800000,1877420.41489,22746,2025-08-27 04:00:00+00:00
1756270800000,0.08481,0.08483,0.08352,0.0838,26968391.0,1756274400000,2261932.95937,24034,2025-08-27 05:00:00+00:00
1756274400000,0.08379,0.08411,0.08269,0.08292,21022292.0,1756278000000,1748220.56136,18681,2025-08-27 06:00:00+00:00
1756278000000,0.08292,0.0832,0.08214,0.08285,30495996.0,1756281600000,2525247.49083,24645,2025-08-27 07:00:00+00:00
1756281600000,0.08285,0.08309,0.08162,0.08242,26857736.0,1756285200000,2214553.15715,21609,2025-08-27 08:00:00+00:00
1756285200000,0.08241,0.08312,0.08216,0.08239,24486759.0,1756288800000,2022593.35265,19550,2025-08-27 09:00:00+00:00
1756288800000,0.0824,0.08313,0.08216,0.08285,28648722.0,1756292400000,2368395.20216,24070,2025-08-27 10:00:00+00:00
1756292400000,0.08286,0.08429,0.0828,0.08376,45282122.0,1756296000000,3789956.01349,29188,2025-08-27 11:00:00+00:00
1756296000000,0.08374,0.08401,0.0828,0.08326,56056911.0,1756299600000,4672300.70038,37741,2025-08-27 12:00:00+00:00
1756299600000,0.08326,0.08416,0.08243,0.08392,47087654.0,1756303200000,3917220.05668,32128,2025-08-27 13:00:00+00:00
1756303200000,0.08393,0.085,0.08364,0.08443,33385887.0,1756306800000,2811441.53807,26400,2025-08-27 14:00:00+00:00
1756306800000,0.08442,0.08534,0.08409,0.08463,18164591.0,1756310400000,1538852.27808,20782,2025-08-27 15:00:00+00:00
1756310400000,0.08463,0.08476,0.08294,0.0832,25551701.0,1756314000000,2136979.21711,24711,2025-08-27 16:00:00+00:00
1756314000000,0.08318,0.08475,0.08301,0.08432,15727011.0,1756317600000,1317656.93224,16904,2025-08-27 17:00:00+00:00
1756317600000,0.08433,0.08528,0.08412,0.08469,11113232.0,1756321200000,941260.41188,11845,2025-08-27 18:00:00+00:00
1756321200000,0.08469,0.08494,0.08372,0.08426,7277476.0,1756324800000,614093.162,8290,2025-08-27 19:00:00+00:00
1756324800000,0.08425,0.08572,0.08328,0.0856,10838744.0,1756328400000,919847.45588,15972,2025-08-27 20:00:00+00:00
1756328400000,0.08559,0.08565,0.08411,0.08421,5249053.0,1756332000000,444264.55555,5884,2025-08-27 21:00:00+00:00
1756332000000,0.08422,0.08426,0.08308,0.08338,5176814.0,1756335600000,432440.88509,6820,2025-08-27 22:00:00+00:00
1756335600000,0.08339,0.08372,0.08263,0.0827,4113361.0,1756339200000,341311.77645,5174,2025-08-27 23:00:00+00:00
1756339200000,0.08272,0.0836,0.08251,0.0832,5449853.0,1756342800000,452631.34494,7747,2025-08-28 00:00:00+00:00
1756342800000,0.08321,0.08411,0.08257,0.08377,5352587.0,1756346400000,446524.15615,6411,2025-08-28 01:00:00+00:00
1756346400000,0.08378,0.08401,0.0829,0.08307,10575951.0,1756350000000,881040.54676,14759,2025-08-28 02:00:00+00:00
1756350000000,0.08306,0.08368,0.08276,0.08334,21312367.0,1756353600000,1774573.3438,21017,2025-08-28 03:00:00+00:00
1756353600000,0.08334,0.08444,0.08308,0.08435,19366004.0,1756357200000,1615460.96322,20571,2025-08-28 04:00:00+00:00
1756357200000,0.08434,0.08545,0.08416,0.08491,28437792.0,1756360800000,2414293.20917,25488,2025-08-28 05:00:00+00:00
1756360800000,0.08491,0.08579,0.08415,0.08553,39263965.0,1756364400000,3337466.64514,28303,2025-08-28 06:00:00+00:00
1756364400000,0.08554,0.08564,0.08439,0.08457,38249496.0,1756368000000,3250807.90117,29881,2025-08-28 07:00:00+00:00
1756368000000,0.08456,0.08549,0.0845,0.08468,36778948.0,1756371600000,3119464.84041,25892,2025-08-28 08:00:00+00:00
1756371600000,0.08468,0.08473,0.0841,0.08416,38765398.0,1756375200000,3272100.75059,23867,2025-08-28 09:00:00+00:00
1756375200000,0.08416,0.085,0.0841,0.0847,35453046.0,1756378800000,3000719.21698,26151,2025-08-28 10:00:00+00:00
1756378800000,0.08471,0.0857,0.08449,0.08562,18578014.0,1756382400000,1583875.34814,16578,2025-08-28 11:00:00+00:00
1756382400000,0.08563,0.08599,0.0848,0.08515,21998344.0,1756386000000,1876232.47874,20886,2025-08-28 12:00:00+00:00
1756386000000,0.08516,0.08536,0.08439,0.08498,45281121.0,1756389600000,3840400.11659,31276,2025-08-28 13:00:00+00:00
1756389600000,0.08498,0.0854,0.0843,0.08493,41027647.0,1756393200000,3481967.05226,29185,2025-08-28 14:00:00+00:00
1756393200000,0.08493,0.08547,0.08384,0.0841,57339459.0,1756396800000,4856962.32616,37174,2025-08-28 15:00:00+00:00
1756396800000,0.08409,0.08448,0.08311,0.08311,51963105.0,1756400400000,4364064.54468,36414,2025-08-28 16:00:00+00:00
1756400400000,0.08311,0.08406,0.083,0.08362,25417359.0,1756404000000,2120824.3259,19456,2025-08-28 17:00:00+00:00
1756404000000,0.08361,0.08376,0.08327,0.08329,8958088.0,1756407600000,748232.27794,12183,2025-08-28 18:00:00+00:00
1756407600000,0.08327,0.08367,0.08262,0.08264,17104468.0,1756411200000,1422521.42604,12834,2025-08-28 19:00:00+00:00
1756411200000,0.08263,0.08298,0.08246,0.08275,11859736.0,1756414800000,981115.76967,10022,2025-08-28 20:00:00+00:00
1756414800000,0.08274,0.08386,0.08273,0.08365,13644066.0,1756418400000,1137116.14489,11285,2025-08-28 21:00:00+00:00
1756418400000,0.08365,0.08458,0.08359,0.08415,12276068.0,1756422000000,1032525.79604,13120,2025-08-28 22:00:00+00:00
1756422000000,0.08417,0.08429,0.08359,0.08381,3828802.0,1756425600000,321253.42442,4099,2025-08-28 23:00:00+00:00
1756425600000,0.0838,0.0843,0.08362,0.08412,4436374.0,1756429200000,372349.52711,5269,2025-08-29 00:00:00+00:00
1756429200000,0.08413,0.08428,0.083,0.08338,6959913.0,1756432800000,580595.09097,7049,2025-08-29 01:00:00+00:00
1756432800000,0.08339,0.08368,0.083,0.08308,5744285.0,1756436400000,477888.86236,9627,2025-08-29 02:00:00+00:00
1756436400000,0.08309,0.08374,0.08295,0.08342,14143855.0,1756440000000,1178402.29676,15515,2025-08-29 03:00:00+00:00
1756440000000,0.08341,0.08429,0.0832,0.08374,16227046.0,1756443600000,1358970.88728,12745,2025-08-29 04:00:00+00:00
1756443600000,0.08374,0.08379,0.08277,0.08322,21876314.0,1756447200000,1821157.88388,18129,2025-08-29 05:00:00+00:00
1756447200000,0.08322,0.08338,0.08181,0.08246,25560942.0,1756450800000,2111794.31485,20776,2025-08-29 06:00:00+00:00
1756450800000,0.08246,0.08249,0.08008,0.08062,24630014.0,1756454400000,1994480.42814,19382,2025-08-29 07:00:00+00:00
1756454400000,0.08062,0.08101,0.07964,0.07995,42896406.0,1756458000000,3446769.35346,28793,2025-08-29 08:00:00+00:00
1756458000000,0.07994,0.08017,0.07897,0.07975,59796212.0,1756461600000,4769790.67506,35391,2025-08-29 09:00:00+00:00
1756461600000,0.07975,0.08045,0.07962,0.08029,50697620.0,1756465200000,4058807.37124,31290,2025-08-29 10:00:00+00:00
1756465200000,0.0803,0.08078,0.07979,0.07991,45345360.0,1756468800000,3634723.78237,29038,2025-08-29 11:00:00+00:00
1756468800000,0.07992,0.08235,0.0798,0.0817,59176089.0,1756472400000,4785900.97462,36080,2025-08-29 12:00:00+00:00
1756472400000,0.0817,0.08229,0.08053,0.08097,38067031.0,1756476000000,3102503.85247,27885,2025-08-29 13:00:00+00:00
1756476000000,0.08098,0.08175,0.07972,0.0806,46370618.0,1756479600000,3744965.17836,30597,2025-08-29 14:00:00+00:00
1756479600000,0.08061,0.08134,0.07982,0.07997,44102428.0,1756483200000,3561793.72989,26901,2025-08-29 15:00:00+00:00
1756483200000,0.07996,0.0807,0.07933,0.08018,58323992.0,1756486800000,4674812.29282,31924,2025-08-29 16:00:00+00:00
1756486800000,0.08018,0.08039,0.07925,0.08017,56964340.0,1756490400000,4556443.13156,32397,2025-08-29 17:00:00+00:00
1756490400000,0.08017,0.08046,0.07937,0.07969,35045536.0,1756494000000,2802254.82279,27378,2025-08-29 18:00:00+00:00
1756494000000,0.07969,0.08082,0.07954,0.08015,24471232.0,1756497600000,1962606.7035,18622,2025-08-29 19:00:00+00:00
1756497600000,0.08016,0.08034,0.07957,0.07995,33234503.0,1756501200000,2657762.58566,16987,2025-08-29 20:00:00+00:00
1756501200000,0.07995,0.08118,0.07963,0.08093,13144394.0,1756504800000,1055473.07028,7794,2025-08-29 21:00:00+00:00
1756504800000,0.08092,0.08113,0.08047,0.08112,8836155.0,1756508400000,714031.12745,6772,2025-08-29 22:00:00+00:00
1756508400000,0.08111,0.08227,0.08105,0.08131,13601211.0,1756512000000,1109271.5534,10918,2025-08-29 23:00:00+00:00
1756512000000,0.08131,0.08131,0.07989,0.08028,10699380.0,1756515600000,859632.68637,5212,2025-08-30 00:00:00+00:00
1756515600000,0.08027,0.08042,0.07904,0.07909,6702470.0,1756519200000,535054.44872,5082,2025-08-30 01:00:00+00:00
1756519200000,0.0791,0.08095,0.07903,0.08094,9131731.0,1756522800000,733791.61652,9552,2025-08-30 02:00:00+00:00
1756522800000,0.08095,0.08256,0.08087,0.08211,20539385.0,1756526400000,1683645.85835,17283,2025-08-30 03:00:00+00:00
1756526400000,0.08211,0.08246,0.08186,0.08195,16697985.0,1756530000000,1371475.49828,16240,2025-08-30 04:00:00+00:00
1756530000000,0.08194,0.08235,0.08183,0.0819,17799645.0,1756533600000,1460643.49552,18421,2025-08-30 05:00:00+00:00
1756533600000,0.08189,0.08298,0.08189,0.08277,22532740.0,1756537200000,1859620.05655,23140,2025-08-30 06:00:00+00:00
1756537200000,0.08276,0.0828,0.08225,0.08245,36614658.0,1756540800000,3022175.51764,33964,2025-08-30 07:00:00+00:00
1756540800000,0.08245,0.08262,0.08218,0.08236,24742848.0,1756544400000,2038459.75726,25824,2025-08-30 08:00:00+00:00
1756544400000,0.08237,0.08252,0.0819,0.08204,22637788.0,1756548000000,1858857.7279,21704,2025-08-30 09:00:00+00:00
1756548000000,0.08204,0.08305,0.08191,0.08283,41578181.0,1756551600000,3436216.08992,33453,2025-08-30 10:00:00+00:00
1756551600000,0.08284,0.08374,0.08249,0.08287,44169816.0,1756555200000,3663316.61694,37891,2025-08-30 11:00:00+00:00
1756555200000,0.08288,0.08323,0.08204,0.08241,45614034.0,1756558800000,3767586.63448,44715,2025-08-30 12:00:00+00:00
1756558800000,0.08242,0.08247,0.08126,0.08208,52327338.0,1756562400000,4286374.27472,51508,2025-08-30 13:00:00+00:00
1756562400000,0.08208,0.08215,0.08093,0.08099,41124977.0,1756566000000,3354820.39697,37193,2025-08-30 14:00:00+00:00
1756566000000,0.081,0.08181,0.08095,0.08179,35028919.0,1756569600000,2849850.02107,33377,2025-08-30 15:00:00+00:00
1756569600000,0.08178,0.08189,0.07971,0.07985,52855319.0,1756573200000,4284550.83589,47093,2025-08-30 16:00:00+00:00
1756573200000,0.07985,0.08053,0.07982,0.08045,24652643.0,1756576800000,1975982.03238,24739,2025-08-30 17:00:00+00:00
1756576800000,0.08046,0.08096,0.08041,0.08054,43992074.0,1756580400000,3547923.69353,35434,2025-08-30 18:00:00+00:00
1756580400000,0.08054,0.08075,0.08023,0.08065,28670454.0,1756584000000,2306886.44805,26477,2025-08-30 19:00:00+00:00
1756584000000,0.08064,0.08066,0.08022,0.08062,21011016.0,1756587600000,1690080.41995,19413,2025-08-30 20:00:00+00:00
1756587600000,0.08061,0.08114,0.08023,0.08098,30486808.0,1756591200000,2460034.1934,23119,2025-08-30 21:00:00+00:00
1756591200000,0.08098,0.08156,0.08072,0.08135,32865036.0,1756594800000,2667090.05957,23585,2025-08-30 22:00:00+00:00
1756594800000,0.08136,0.08204,0.0813,0.08154,33638044.0,1756598400000,2749343.91457,23055,2025-08-30 23:00:00+00:00
1756598400000,0.08153,0.08298,0.0815,0.08285,6367698.0,1756602000000,523763.99978,5971,2025-08-31 00:00:00+00:00
1756602000000,0.08285,0.08299,0.08212,0.08258,14418904.0,1756605600000,1190250.53436,11012,2025-08-31 01:00:00+00:00
1756605600000,0.08258,0.08287,0.08199,0.0826,29673899.0,1756609200000,2446888.36309,19954,2025-08-31 02:00:00+00:00
1756609200000,0.08261,0.08315,0.08224,0.08273,36272577.0,1756612800000,2998909.10364,25570,2025-08-31 03:00:00+00:00
1756612800000,0.08273,0.08284,0.08179,0.08197,47742082.0,1756616400000,3925001.7603,31903,2025-08-31 04:00:00+00:00
1756616400000,0.08198,0.08212,0.0815,0.08163,67451689.0,1756620000000,5514041.89929,43860,2025-08-31 05:00:00+00:00
1756620000000,0.08162,0.08185,0.08138,0.08173,40549612.0,1756623600000,3306468.53182,28051,2025-08-31 06:00:00+00:00
1756623600000,0.08173,0.08204,0.08156,0.08171,29480775.0,1756627200000,2411033.91221,20816,2025-08-31 07:00:00+00:00
1756627200000,0.08172,0.08329,0.08167,0.08327,38725397.0,1756630800000,3198692.73439,24690,2025-08-31 08:00:00+00:00
1756630800000,0.08327,0.08427,0.0824,0.08271,56851491.0,1756634400000,4746136.3595,31894,2025-08-31 09:00:00+00:00
1756634400000,0.0827,0.08273,0.0816,0.08224,39484230.0,1756638000000,3244118.14856,23835,2025-08-31 10:00:00+00:00
1756638000000,0.08223,0.08259,0.08188,0.08227,26890210.0,1756641600000,2210071.81075,20058,2025-08-31 11:00:00+00:00
1756641600000,0.08226,0.0824,0.08154,0.08198,21148738.0,1756645200000,1732594.22093,17434,2025-08-31 12:00:00+00:00
1756645200000,0.08199,0.08215,0.08116,0.08128,20493250.0,1756648800000,1673508.9717,15751,2025-08-31 13:00:00+00:00
1756648800000,0.08127,0.08171,0.08109,0.08133,26533188.0,1756652400000,2159449.35281,19949,2025-08-31 14:00:00+00:00
1756652400000,0.08133,0.08295,0.08133,0.08252,39953483.0,1756656000000,3282024.37882,25939,2025-08-31 15:00:00+00:00
1756656000000,0.08253,0.08308,0.08179,0.08269,45763906.0,1756659600000,3770024.06772,25880,2025-08-31 16:00:00+00:00
1756659600000,0.08269,0.0836,0.0824,0.0825,34625130.0,1756663200000,2869879.9586,23331,2025-08-31 17:00:00+00:00
1756663200000,0.0825,0.08344,0.08241,0.08306,43434527.0,1756666800000,3599230.9045,28060,2025-08-31 18:00:00+00:00
1756666800000,0.08306,0.08324,0.08257,0.08258,56822276.0,1756670400000,4712181.16299,32460,2025-08-31 19:00:00+00:00
1756670400000,0.08258,0.08297,0.08235,0.08251,26360994.0,1756674000000,2178480.44061,14629,2025-08-31 20:00:00+00:00
1756674000000,0.0825,0.08267,0.08224,0.08259,36067635.0,1756677600000,2975501.00158,20450,2025-08-31 21:00:00+00:00
1756677600000,0.08258,0.08268,0.08172,0.08201,36301054.0,1756681200000,2987696.70685,23202,2025-08-31 22:00:00+00:00
1756681200000,0.08201,0.08201,0.08057,0.08059,23904234.0,1756684800000,1941404.19287,14917,2025-08-31 23:00:00+00:00
1756684800000,0.08058,0.08098,0.08,0.08016,31511832.0,1756688400000,2532738.67289,18821,2025-09-01 00:00:00+00:00
1756688400000,0.08016,0.08105,0.08005,0.08049,30627252.0,1756692000000,2465873.24328,16837,2025-09-01 01:00:00+00:00
1756692000000,0.08049,0.08054,0.07928,0.07978,41290158.0,1756695600000,3296345.69776,24563,2025-09-01 02:00:00+00:00
1756695600000,0.07979,0.08047,0.07963,0.08036,43639868.0,1756699200000,3496480.86835,24315,2025-09-01 03:00:00+00:00
1756699200000,0.08036,0.08043,0.07787,0.07829,42864795.0,1756702800000,3397711.86176,21324,2025-09-01 04:00:00+00:00
1756702800000,0.07828,0.0791,0.0779,0.07883,48587103.0,1756706400000,3817212.53884,23547,2025-09-01 05:00:00+00:00
1756706400000,0.07883,0.07932,0.07812,0.07869,52420817.0,1756710000000,4128452.49291,26517,2025-09-01 06:00:00+00:00
1756710000000,0.0787,0.08141,0.07819,0.0814,71980916.0,1756713600000,5750913.51817,40476,2025-09-01 07:00:00+00:00
1756713600000,0.08139,0.08227,0.08132,0.08169,101216078.0,1756717200000,8286058.99401,47648,2025-09-01 08:00:00+00:00
1756717200000,0.08169,0.08243,0.08108,0.08113,82889014.0,1756720800000,6776858.91273,45856,2025-09-01 09:00:00+00:00
1756720800000,0.08114,0.08116,0.07995,0.08039,70304133.0,1756724400000,5667961.52085,42985,2025-09-01 10:00:00+00:00
1756724400000,0.0804,0.08052,0.07926,0.07932,107948557.0,1756728000000,8614156.35524,64579,2025-09-01 11:00:00+00:00
1756728000000,0.07931,0.08054,0.07924,0.07987,96489658.0,1756731600000,7723198.64691,56681,2025-09-01 12:00:00+00:00
1756731600000,0.07988,0.0803,0.07857,0.07867,129195792.0,1756735200000,10265799.01492,59805,2025-09-01 13:00:00+00:00
1756735200000,0.07866,0.07928,0.07838,0.0788,127230850.0,1756738800000,10030607.71629,56377,2025-09-01 14:00:00+00:00
1756738800000,0.07881,0.07896,0.078,0.07856,132243158.0,1756742400000,10375976.10936,60378,2025-09-01 15:00:00+00:00
1756742400000,0.07856,0.07931,0.07822,0.0786,139285098.0,1756746000000,10963087.44076,64348,2025-09-01 16:00:00+00:00
1756746000000,0.0786,0.07896,0.07808,0.07853,78815459.0,1756749600000,6187775.46723,40860,2025-09-01 17:00:00+00:00
1756749600000,0.07853,0.07918,0.07845,0.07876,43553360.0,1756753200000,3431681.88608,26501,2025-09-01 18:00:00+00:00
1756753200000,0.07876,0.07947,0.07858,0.07932,50916017.0,1756756800000,4021312.09854,29962,2025-09-01 19:00:00+00:00
1756756800000,0.07932,0.07946,0.07711,0.07802,38897952.0,1756760400000,3060722.6065,21723,2025-09-01 20:00:00+00:00
1756760400000,0.07803,0.0781,0.07643,0.07712,53858433.0,1756764000000,4161900.70363,23022,2025-09-01 21:00:00+00:00
1756764000000,0.07712,0.07751,0.07659,0.0772,49522689.0,1756767600000,3813953.95714,22565,2025-09-01 22:00:00+00:00
1756767600000,0.07719,0.07844,0.07712,0.07817,45730531.0,1756771200000,3547957.94758,23808,2025-09-01 23:00:00+00:00
1756771200000,0.07817,0.07899,0.07802,0.0789,35974599.0,1756774800000,2827039.69131,18809,2025-09-02 00:00:00+00:00
1756774800000,0.0789,0.08003,0.07833,0.07937,72597364.0,1756778400000,5737217.13581,38063,2025-09-02 01:00:00+00:00
1756778400000,0.07936,0.08134,0.07917,0.08113,76773797.0,1756782000000,6164673.93724,38950,2025-09-02 02:00:00+00:00
1756782000000,0.08111,0.08256,0.08081,0.0821,144467820.0,1756785600000,11818852.37622,61289,2025-09-02 03:00:00+00:00
1756785600000,0.0821,0.0829,0.08108,0.08118,217823897.0,1756789200000,17856224.50507,81396,2025-09-02 04:00:00+00:00
1756789200000,0.08118,0.08127,0.08005,0.08036,200751013.0,1756792800000,16159726.45771,78403,2025-09-02 05:00:00+00:00
1756792800000,0.08036,0.08235,0.0803,0.08166,323493639.0,1756796400000,26377311.78586,117388,2025-09-02 06:00:00+00:00
1756796400000,0.08166,0.0817,0.08045,0.08055,320523446.0,1756800000000,25890212.31527,123639,2025-09-02 07:00:00+00:00
1756800000000,0.08055,0.08118,0.08002,0.08082,239019653.0,1756803600000,19267006.90777,104491,2025-09-02 08:00:00+00:00
1756803600000,0.08082,0.08187,0.08075,0.08166,128381781.0,1756807200000,10435028.29233,57102,2025-09-02 09:00:00+00:00
1756807200000,0.08167,0.08216,0.08151,0.08215,10846115.0,1756810800000,887292.01232,5626,2025-09-02 10:00:00+00:00
1756810800000,0.08216,0.0825,0.08168,0.08208,11834659.0,1756814400000,970687.26871,6782,2025-09-02 11:00:00+00:00
1756814400000,0.08207,0.08242,0.07907,0.07919,14654007.0,1756818000000,1182265.69622,8977,2025-09-02 12:00:00+00:00
1756818000000,0.07919,0.08183,0.07911,0.08168,19567386.0,1756821600000,1577618.74641,13703,2025-09-02 13:00:00+00:00
1756821600000,0.08169,0.08201,0.08047,0.0808,19456724.0,1756825200000,1579199.1118,12721,2025-09-02 14:00:00+00:00
1756825200000,0.08079,0.08093,0.07962,0.07983,13178929.0,1756828800000,1057920.63434,8276,2025-09-02 15:00:00+00:00
1756828800000,0.07983,0.08083,0.07983,0.0807,8115779.0,1756832400000,651795.09969,6126,2025-09-02 16:00:00+00:00
1756832400000,0.0807,0.08151,0.08063,0.08086,5242741.0,1756836000000,424783.97764,4147,2025-09-02 17:00:00+00:00
1756836000000,0.08087,0.08126,0.08003,0.08067,9258815.0,1756839600000,747680.89078,5819,2025-09-02 18:00:00+00:00
1756839600000,0.08067,0.08113,0.07985,0.08027,5387221.0,1756843200000,433141.62833,5220,2025-09-02 19:00:00+00:00
1756843200000,0.08026,0.08159,0.08008,0.08137,7516722.0,1756846800000,609402.41559,5427,2025-09-02 20:00:00+00:00
1756846800000,0.08138,0.0817,0.08129,0.08153,4679440.0,1756850400000,381282.15466,2628,2025-09-02 21:00:00+00:00
1756850400000,0.08152,0.08152,0.08089,0.08143,3981017.0,1756854000000,323072.11369,3550,2025-09-02 22:00:00+00:00
1756854000000,0.08143,0.08154,0.0808,0.08108,3024241.0,1756857600000,245281.1313,2755,2025-09-02 23:00:00+00:00
1756857600000,0.08109,0.08131,0.0808,0.08108,3396308.0,1756861200000,275475.93161,3265,2025-09-03 00:00:00+00:00
1756861200000,0.08107,0.08164,0.08051,0.08158,3922890.0,1756864800000,317282.39491,3431,2025-09-03 01:00:00+00:00
1756864800000,0.08158,0.08167,0.08072,0.08102,6147353.0,1756868400000,498732.95931,5119,2025-09-03 02:00:00+00:00
1756868400000,0.08102,0.08102,0.08021,0.08045,3171968.0,1756872000000,255485.8338,3091,2025-09-03 03:00:00+00:00
1756872000000,0.08044,0.08067,0.07992,0.08024,3852989.0,1756875600000,309087.2795,2980,2025-09-03 04:00:00+00:00
1756875600000,0.08024,0.08025,0.07975,0.07982,3071647.0,1756879200000,245700.39668,2496,2025-09-03 05:00:00+00:00
1756879200000,0.07982,0.08036,0.07952,0.07992,3331732.0,1756882800000,266282.77234,2500,2025-09-03 06:00:00+00:00
1756882800000,0.07992,0.08007,0.07955,0.08,3589386.0,1756886400000,286287.43265,2799,2025-09-03 07:00:00+00:00
1756886400000,0.08,0.08061,0.0798,0.08,4321559.0,1756890000000,346503.37898,3374,2025-09-03 08:00:00+00:00
1756890000000,0.08001,0.0805,0.07958,0.08043,4569660.0,1756893600000,365734.71905,3556,2025-09-03 09:00:00+00:00
1756893600000,0.08043,0.08094,0.08009,0.08063,4793193.0,1756897200000,386004.95413,3390,2025-09-03 10:00:00+00:00
1756897200000,0.08064,0.0809,0.08037,0.08039,3405963.0,1756900800000,274784.18571,3190,2025-09-03 11:00:00+00:00
1756900800000,0.0804,0.08079,0.08007,0.08017,2651987.0,1756904400000,213206.97953,2793,2025-09-03 12:00:00+00:00
1756904400000,0.08018,0.08117,0.08011,0.08066,5245233.0,1756908000000,422365.80339,5081,2025-09-03 13:00:00+00:00
1756908000000,0.08066,0.08118,0.0802,0.08114,4679811.0,1756911600000,377706.83096,5068,2025-09-03 14:00:00+00:00
1756911600000,0.08115,0.08137,0.08064,0.08088,4258882.0,1756915200000,344882.21842,3715,2025-09-03 15:00:00+00:00
1756915200000,0.08087,0.08135,0.08025,0.08043,4435912.0,1756918800000,358802.16598,3799,2025-09-03 16:00:00+00:00
1756918800000,0.08043,0.0809,0.08026,0.08069,5291951.0,1756922400000,426091.8838,5143,2025-09-03 17:00:00+00:00
1756922400000,0.08069,0.08156,0.08053,0.08133,4453725.0,1756926000000,360725.46172,3892,2025-09-03 18:00:00+00:00
1756926000000,0.08133,0.08192,0.08094,0.08173,3767975.0,1756929600000,306677.74743,2945,2025-09-03 19:00:00+00:00
1756929600000,0.08173,0.08185,0.08125,0.08161,2737643.0,1756933200000,223245.34138,2302,2025-09-03 20:00:00+00:00
1756933200000,0.08161,0.08179,0.08105,0.08122,2625322.0,1756936800000,213820.54618,2032,2025-09-03 21:00:00+00:00
1756936800000,0.08121,0.08146,0.0809,0.08115,2745349.0,1756940400000,222754.9707,1885,2025-09-03 22:00:00+00:00
1756940400000,0.08115,0.08132,0.08079,0.08102,3752761.0,1756944000000,304241.97734,1631,2025-09-03 23:00:00+00:00
1756944000000,0.08102,0.08229,0.08102,0.08227,6903619.0,1756947600000,564395.78953,4459,2025-09-04 00:00:00+00:00
1756947600000,0.08227,0.08239,0.08136,0.08165,7420407.0,1756951200000,608130.5989,5172,2025-09-04 01:00:00+00:00
1756951200000,0.08165,0.08294,0.08124,0.08279,9738228.0,1756954800000,800829.50952,7385,2025-09-04 02:00:00+00:00
1756954800000,0.0828,0.08368,0.08217,0.08237,9583604.0,1756958400000,794229.27622,7330,2025-09-04 03:00:00+00:00
1756958400000,0.08235,0.08235,0.08104,0.08113,7827578.0,1756962000000,638206.97133,7284,2025-09-04 04:00:00+00:00
1756962000000,0.08112,0.08122,0.0798,0.08007,7113295.0,1756965600000,571572.24388,5841,2025-09-04 05:00:00+00:00
1756965600000,0.08007,0.08011,0.0788,0.07908,8056776.0,1756969200000,638940.44868,4932,2025-09-04 06:00:00+00:00
1756969200000,0.07908,0.0797,0.07901,0.07917,3359226.0,1756972800000,266560.5631,3901,2025-09-04 07:00:00+00:00
1756972800000,0.07917,0.08012,0.07901,0.07943,3070796.0,1756976400000,244391.17421,2547,2025-09-04 08:00:00+00:00
1756976400000,0.07945,0.08008,0.07939,0.08001,3338549.0,1756980000000,266247.02014,2833,2025-09-04 09:00:00+00:00
1756980000000,0.08001,0.08023,0.07966,0.07984,2135798.0,1756983600000,170859.02634,2259,2025-09-04 10:00:00+00:00
1756983600000,0.07985,0.08035,0.07962,0.07962,2906304.0,1756987200000,232531.06216,2458,2025-09-04 11:00:00+00:00
1756987200000,0.07961,0.08024,0.07914,0.07989,6019694.0,1756990800000,480474.60138,3560,2025-09-04 12:00:00+00:00
1756990800000,0.07989,0.08163,0.07924,0.07931,12504053.0,1756994400000,1003217.31129,8837,2025-09-04 13:00:00+00:00
1756994400000,0.0793,0.08024,0.07814,0.07989,6138595.0,1756998000000,486076.47319,5826,2025-09-04 14:00:00+00:00
1756998000000,0.07986,0.08001,0.07832,0.07882,4978334.0,1757001600000,393583.96713,4274,2025-09-04 15:00:00+00:00
1757001600000,0.0788,0.07929,0.07865,0.07921,3054961.0,1757005200000,241307.30262,3233,2025-09-04 16:00:00+00:00
1757005200000,0.07921,0.07932,0.07887,0.0789,2864923.0,1757008800000,226635.38835,2469,2025-09-04 17:00:00+00:00
1757008800000,0.07889,0.07963,0.07857,0.07908,3590001.0,1757012400000,283968.84965,3093,2025-09-04 18:00:00+00:00
1757012400000,0.07909,0.07998,0.07902,0.07974,4119134.0,1757016000000,327552.99726,3076,2025-09-04 19:00:00+00:00
1757016000000,0.07975,0.08076,0.07952,0.07982,5318335.0,1757019600000,426123.62852,4195,2025-09-04 20:00:00+00:00
1757019600000,0.07981,0.08019,0.07968,0.08013,2416380.0,1757023200000,193227.61716,1658,2025-09-04 21:00:00+00:00
1757023200000,0.08012,0.08057,0.07998,0.08044,2162027.0,1757026800000,173478.54586,1311,2025-09-04 22:00:00+00:00
1757026800000,0.08045,0.08059,0.07976,0.07977,3000084.0,1757030400000,240258.59746,2387,2025-09-04 23:00:00+00:00
1757030400000,0.07976,0.08051,0.07972,0.08014,4151877.0,1757034000000,333010.39627,3354,2025-09-05 00:00:00+00:00
1757034000000,0.08013,0.08044,0.07996,0.0804,3357708.0,1757037600000,269179.83123,2405,2025-09-05 01:00:00+00:00
1757037600000,0.08041,0.08048,0.07982,0.08027,3021882.0,1757041200000,242113.2741,2005,2025-09-05 02:00:00+00:00
1757041200000,0.08027,0.08038,0.07993,0.08036,2697070.0,1757044800000,216190.58381,1766,2025-09-05 03:00:00+00:00
1757044800000,0.08036,0.08036,0.08001,0.08016,2530478.0,1757048400000,202802.77874,1547,2025-09-05 04:00:00+00:00
1757048400000,0.08015,0.08069,0.08004,0.08059,1863028.0,1757052000000,149653.43159,1452,2025-09-05 05:00:00+00:00
1757052000000,0.0806,0.08077,0.08039,0.08049,1808686.0,1757055600000,145823.01087,1799,2025-09-05 06:00:00+00:00
1757055600000,0.08048,0.08144,0.08046,0.08133,4415118.0,1757059200000,357621.43107,3776,2025-09-05 07:00:00+00:00
1757059200000,0.08132,0.0814,0.08081,0.08102,3447095.0,1757062800000,279344.73294,3147,2025-09-05 08:00:00+00:00
1757062800000,0.08103,0.08107,0.08065,0.08095,2626070.0,1757066400000,212353.52769,1656,2025-09-05 09:00:00+00:00
1757066400000,0.08095,0.08114,0.08066,0.08066,2263043.0,1757070000000,182982.25533,1502,2025-09-05 10:00:00+00:00
1757070000000,0.08067,0.08095,0.08041,0.0807,2199883.0,1757073600000,177551.79237,1594,2025-09-05 11:00:00+00:00
1757073600000,0.0807,0.08203,0.08061,0.082,7202940.0,1757077200000,586012.0691,7512,2025-09-05 12:00:00+00:00
1757077200000,0.082,0.08218,0.08126,0.08139,4452067.0,1757080800000,363590.93272,5566,2025-09-05 13:00:00+00:00
1757080800000,0.08138,0.0815,0.07858,0.07917,9805914.0,1757084400000,781004.53846,10507,2025-09-05 14:00:00+00:00
1757084400000,0.07917,0.08011,0.07896,0.0798,3820137.0,1757088000000,304187.45544,3551,2025-09-05 15:00:00+00:00
1757088000000,0.07979,0.08011,0.07958,0.07982,2693837.0,1757091600000,215179.99746,2318,2025-09-05 16:00:00+00:00
1757091600000,0.07982,0.07998,0.07944,0.07998,3399648.0,1757095200000,270860.00262,2470,2025-09-05 17:00:00+00:00
1757095200000,0.07995,0.08125,0.07991,0.08121,3211372.0,1757098800000,258648.18352,3490,2025-09-05 18:00:00+00:00
1757098800000,0.0812,0.08153,0.08094,0.08146,2478991.0,1757102400000,201414.09123,1947,2025-09-05 19:00:00+00:00
1757102400000,0.08145,0.08164,0.08075,0.08147,3035422.0,1757106000000,246476.40359,1975,2025-09-05 20:00:00+00:00
1757106000000,0.08148,0.08159,0.08072,0.08095,2210254.0,1757109600000,179539.72562,1734,2025-09-05 21:00:00+00:00
1757109600000,0.08096,0.08124,0.08085,0.08121,2108199.0,1757113200000,170816.34767,1734,2025-09-05 22:00:00+00:00
1757113200000,0.08121,0.08147,0.08117,0.08133,1754416.0,1757116800000,142628.17041,1412,2025-09-05 23:00:00+00:00
1757116800000,0.08134,0.0816,0.08128,0.08151,2036729.0,1757120400000,165855.76907,1455,2025-09-06 00:00:00+00:00
1757120400000,0.08151,0.08168,0.08138,0.08139,1788690.0,1757124000000,145801.31145,1733,2025-09-06 01:00:00+00:00
1757124000000,0.0814,0.08177,0.08114,0.08177,1829759.0,1757127600000,148998.90507,1261,2025-09-06 02:00:00+00:00
1757127600000,0.08177,0.08248,0.08161,0.08211,2361147.0,1757131200000,193774.47457,2046,2025-09-06 03:00:00+00:00
1757131200000,0.08212,0.08225,0.08139,0.08182,3483222.0,1757134800000,284870.24744,2654,2025-09-06 04:00:00+00:00
1757134800000,0.08181,0.08189,0.08125,0.08135,1835858.0,1757138400000,149847.45018,1719,2025-09-06 05:00:00+00:00
1757138400000,0.08135,0.08172,0.0812,0.08123,2065671.0,1757142000000,168212.34397,1452,2025-09-06 06:00:00+00:00
1757142000000,0.08123,0.08132,0.08105,0.08131,1551027.0,1757145600000,125902.46443,1081,2025-09-06 07:00:00+00:00
1757145600000,0.08132,0.08212,0.081,0.08108,3125532.0,1757149200000,254825.70696,2305,2025-09-06 08:00:00+00:00
1757149200000,0.08109,0.08112,0.08047,0.08083,4046199.0,1757152800000,326760.68514,2256,2025-09-06 09:00:00+00:00
1757152800000,0.08083,0.08127,0.08068,0.08126,3623548.0,1757156400000,293335.37355,2506,2025-09-06 10:00:00+00:00
1757156400000,0.08125,0.08169,0.08081,0.08109,2604194.0,1757160000000,211559.37137,2243,2025-09-06 11:00:00+00:00
1757160000000,0.08109,0.08143,0.08086,0.0812,2731723.0,1757163600000,221591.84581,2167,2025-09-06 12:00:00+00:00
1757163600000,0.0812,0.08133,0.08033,0.0805,2747701.0,1757167200000,221975.12587,2612,2025-09-06 13:00:00+00:00
1757167200000,0.08051,0.08143,0.0804,0.08124,4116014.0,1757170800000,333591.40946,3096,2025-09-06 14:00:00+00:00
1757170800000,0.08124,0.08131,0.08023,0.0803,3151276.0,1757174400000,254643.28516,2451,2025-09-06 15:00:00+00:00
1757174400000,0.0803,0.08126,0.08016,0.08122,3067402.0,1757178000000,247399.16757,2907,2025-09-06 16:00:00+00:00
1757178000000,0.08123,0.08189,0.08081,0.08165,3416013.0,1757181600000,277488.78185,2441,2025-09-06 17:00:00+00:00
1757181600000,0.08164,0.08202,0.08123,0.08185,2486502.0,1757185200000,202870.11555,2909,2025-09-06 18:00:00+00:00
1757185200000,0.08184,0.08213,0.08131,0.08147,3885965.0,1757188800000,317305.04936,2993,2025-09-06 19:00:00+00:00
1757188800000,0.08147,0.08225,0.08139,0.08224,3804139.0,1757192400000,311249.48127,2602,2025-09-06 20:00:00+00:00
1757192400000,0.08224,0.08256,0.08183,0.08236,2840969.0,1757196000000,233699.63916,2039,2025-09-06 21:00:00+00:00
1757196000000,0.08237,0.08281,0.08206,0.08248,3652451.0,1757199600000,301137.38308,2624,2025-09-06 22:00:00+00:00
1757199600000,0.08249,0.08312,0.08235,0.08298,3967009.0,1757203200000,328565.07931,2206,2025-09-06 23:00:00+00:00
1757203200000,0.08297,0.08333,0.08228,0.08234,5079879.0,1757206800000,420505.58332,3484,2025-09-07 00:00:00+00:00
1757206800000,0.08232,0.08276,0.08225,0.08251,2429140.0,1757210400000,200481.39108,2378,2025-09-07 01:00:00+00:00
1757210400000,0.08251,0.08335,0.08229,0.08326,3478997.0,1757214000000,288678.65322,2902,2025-09-07 02:00:00+00:00
1757214000000,0.08327,0.08384,0.08313,0.08329,3763770.0,1757217600000,313769.19091,2704,2025-09-07 03:00:00+00:00
1757217600000,0.0833,0.08386,0.0833,0.08374,3956548.0,1757221200000,330890.99154,3025,2025-09-07 04:00:00+00:00
1757221200000,0.08375,0.08451,0.08367,0.08406,4220677.0,1757224800000,354684.44206,3190,2025-09-07 05:00:00+00:00
1757224800000,0.08406,0.08413,0.08337,0.08377,3584888.0,1757228400000,300234.45289,3178,2025-09-07 06:00:00+00:00
1757228400000,0.08376,0.0871,0.08361,0.08614,12622361.0,1757232000000,1080283.51525,10519,2025-09-07 07:00:00+00:00
1757232000000,0.08613,0.08704,0.08532,0.08673,8883144.0,1757235600000,766043.72388,6815,2025-09-07 08:00:00+00:00
1757235600000,0.08673,0.08722,0.08553,0.08583,8565969.0,1757239200000,740545.96552,7024,2025-09-07 09:00:00+00:00
1757239200000,0.08583,0.08611,0.08516,0.08598,4652535.0,1757242800000,398756.6397,4179,2025-09-07 10:00:00+00:00
1757242800000,0.08598,0.08702,0.08593,0.08619,5058870.0,1757246400000,437758.23146,4338,2025-09-07 11:00:00+00:00
1757246400000,0.08619,0.08619,0.08557,0.08583,4279698.0,1757250000000,367165.27851,3025,2025-09-07 12:00:00+00:00
1757250000000,0.08582,0.08606,0.08526,0.08553,4692325.0,1757253600000,402464.60553,3388,2025-09-07 13:00:00+00:00
1757253600000,0.08553,0.08981,0.08553,0.08818,24553194.0,1757257200000,2168526.84048,17394,2025-09-07 14:00:00+00:00
1757257200000,0.08819,0.08853,0.08668,0.08834,16115806.0,1757260800000,1413441.18057,12326,2025-09-07 15:00:00+00:00
1757260800000,0.08834,0.08938,0.08763,0.08809,9355807.0,1757264400000,826972.06374,8281,2025-09-07 16:00:00+00:00
1757264400000,0.08809,0.08855,0.08673,0.08724,6764537.0,1757268000000,591443.84477,6907,2025-09-07 17:00:00+00:00
1757268000000,0.08724,0.08875,0.08699,0.0884,5581253.0,1757271600000,491423.31381,5135,2025-09-07 18:00:00+00:00
1757271600000,0.08841,0.09304,0.0882,0.09104,28774069.0,1757275200000,2617444.25937,31152,2025-09-07 19:00:00+00:00
1757275200000,0.09103,0.09112,0.08753,0.0881,23517420.0,1757278800000,2096488.68299,25075,2025-09-07 20:00:00+00:00
1757278800000,0.08809,0.08977,0.088,0.08933,5831452.0,1757282400000,519334.56923,5272,2025-09-07 21:00:00+00:00
1757282400000,0.08932,0.09074,0.08928,0.09053,7861507.0,1757286000000,708727.4454,7007,2025-09-07 22:00:00+00:00
1757286000000,0.09052,0.09057,0.08977,0.09003,3991938.0,1757289600000,359904.53528,4407,2025-09-07 23:00:00+00:00
1757289600000,0.09003,0.09063,0.08906,0.09038,5556455.0,1757293200000,499709.83295,5106,2025-09-08 00:00:00+00:00
1757293200000,0.09037,0.09182,0.09012,0.0903,7209793.0,1757296800000,656234.45275,8282,2025-09-08 01:00:00+00:00
1757296800000,0.09032,0.0933,0.08954,0.0933,6835228.0,1757300400000,623862.52784,7880,2025-09-08 02:00:00+00:00
1757300400000,0.09329,0.09433,0.0919,0.09374,11018495.0,1757304000000,1028204.39871,12522,2025-09-08 03:00:00+00:00
1757304000000,0.09374,0.09599,0.09271,0.09344,22861219.0,1757307600000,2156637.50901,23818,2025-09-08 04:00:00+00:00
1757307600000,0.09344,0.0945,0.09201,0.09216,9921368.0,1757311200000,921797.84312,11478,2025-09-08 05:00:00+00:00
1757311200000,0.09218,0.095,0.09128,0.0936,12442318.0,1757314800000,1161606.87401,14712,2025-09-08 06:00:00+00:00
1757314800000,0.0936,0.09485,0.0929,0.09308,9442701.0,1757318400000,887319.92245,11494,2025-09-08 07:00:00+00:00
1757318400000,0.09309,0.09374,0.09224,0.09268,7944319.0,1757322000000,738290.49673,9486,2025-09-08 08:00:00+00:00
1757322000000,0.09268,0.09344,0.09229,0.09342,5509009.0,1757325600000,512134.41421,6714,2025-09-08 09:00:00+00:00
1757325600000,0.09342,0.09499,0.09341,0.09445,8803141.0,1757329200000,830608.91837,9990,2025-09-08 10:00:00+00:00
1757329200000,0.09444,0.09451,0.09267,0.09298,5339650.0,1757332800000,498356.13269,6468,2025-09-08 11:00:00+00:00
1757332800000,0.09299,0.099,0.09299,0.09833,20029794.0,1757336400000,1932943.0208,22194,2025-09-08 12:00:00+00:00
1757336400000,0.09832,0.09832,0.09312,0.09325,18687634.0,1757340000000,1774649.93892,22082,2025-09-08 13:00:00+00:00
1757340000000,0.09328,0.09685,0.09241,0.09656,16669047.0,1757343600000,1576840.53452,17224,2025-09-08 14:00:00+00:00
1757343600000,0.09658,0.0977,0.09545,0.09635,10180033.0,1757347200000,983491.91167,12396,2025-09-08 15:00:00+00:00
1757347200000,0.09634,0.09875,0.09632,0.09834,8058716.0,1757350800000,787609.58403,10379,2025-09-08 16:00:00+00:00
1757350800000,0.09833,0.09905,0.09673,0.09718,11362771.0,1757354400000,1113414.01547,13063,2025-09-08 17:00:00+00:00
1757354400000,0.09719,0.09999,0.09719,0.09955,12698638.0,1757358000000,1253253.3398,15623,2025-09-08 18:00:00+00:00
1757358000000,0.09955,0.0996,0.09689,0.09743,8385243.0,1757361600000,821175.79631,10384,2025-09-08 19:00:00+00:00
1757361600000,0.09744,0.10073,0.09728,0.10007,16476661.0,1757365200000,1635454.55276,18908,2025-09-08 20:00:00+00:00
1757365200000,0.10007,0.10316,0.09868,0.10202,13212310.0,1757368800000,1336433.61915,13711,2025-09-08 21:00:00+00:00
1757368800000,0.10203,0.1045,0.10088,0.10236,12884750.0,1757372400000,1329198.70477,16591,2025-09-08 22:00:00+00:00
1757372400000,0.10235,0.10333,0.10057,0.10188,10000843.0,1757376000000,1017236.8664,12519,2025-09-08 23:00:00+00:00
1757376000000,0.10187,0.1046,0.10094,0.10201,16301546.0,1757379600000,1673690.07824,22717,2025-09-09 00:00:00+00:00
1757379600000,0.10201,0.10336,0.10016,0.10052,10204774.0,1757383200000,1036072.17864,14477,2025-09-09 01:00:00+00:00
1757383200000,0.10053,0.10073,0.09862,0.0993,14393598.0,1757386800000,1436918.71367,14648,2025-09-09 02:00:00+00:00
1757386800000,0.09929,0.10176,0.09831,0.1001,10289749.0,1757390400000,1026932.097,13665,2025-09-09 03:00:00+00:00
1757390400000,0.10009,0.10296,0.0998,0.10001,8297640.0,1757394000000,841408.14642,13013,2025-09-09 04:00:00+00:00
1757394000000,0.1,0.10271,0.09876,0.10129,10916180.0,1757397600000,1100271.92682,13068,2025-09-09 05:00:00+00:00
1757397600000,0.10131,0.10191,0.0998,0.10046,11779610.0,1757401200000,1186619.4515,14318,2025-09-09 06:00:00+00:00
1757401200000,0.10045,0.10144,0.09998,0.10087,7080344.0,1757404800000,713650.18605,8792,2025-09-09 07:00:00+00:00
1757404800000,0.10088,0.10187,0.10083,0.10094,5412079.0,1757408400000,548476.71002,5458,2025-09-09 08:00:00+00:00
1757408400000,0.10093,0.10108,0.09978,0.10034,6875344.0,1757412000000,690494.26345,6106,2025-09-09 09:00:00+00:00
1757412000000,0.10033,0.10041,0.0985,0.09931,6228805.0,1757415600000,619839.44187,6601,2025-09-09 10:00:00+00:00
1757415600000,0.09929,0.1015,0.09923,0.10087,8246454.0,1757419200000,827010.69495,7554,2025-09-09 11:00:00+00:00
1757419200000,0.10086,0.10151,0.0994,0.0994,7076332.0,1757422800000,710556.10825,7930,2025-09-09 12:00:00+00:00
1757422800000,0.09942,0.10198,0.09891,0.10195,7794792.0,1757426400000,781960.92374,7804,2025-09-09 13:00:00+00:00
1757426400000,0.10196,0.10382,0.10016,0.10216,19375788.0,1757430000000,1983333.36193,24392,2025-09-09 14:00:00+00:00
1757430000000,0.10215,0.10409,0.0995,0.10067,19417885.0,1757433600000,1978589.43293,22858,2025-09-09 15:00:00+00:00
1757433600000,0.10067,0.10365,0.09911,0.1022,16205791.0,1757437200000,1648853.91155,22545,2025-09-09 16:00:00+00:00
1757437200000,0.1022,0.1074,0.1022,0.10568,20216765.0,1757440800000,2117507.60852,29038,2025-09-09 17:00:00+00:00
1757440800000,0.10565,0.10565,0.10073,0.10166,16874589.0,1757444400000,1733736.37142,23106,2025-09-09 18:00:00+00:00
1757444400000,0.10167,0.10424,0.1012,0.1015,7983932.0,1757448000000,819967.36088,11724,2025-09-09 19:00:00+00:00
1757448000000,0.1015,0.1035,0.10046,0.10318,7079091.0,1757451600000,721274.17668,9483,2025-09-09 20:00:00+00:00
1757451600000,0.10316,0.1036,0.10223,0.10273,4006274.0,1757455200000,412075.07342,4787,2025-09-09 21:00:00+00:00
1757455200000,0.10273,0.10372,0.1019,0.10241,5601746.0,1757458800000,575979.04375,6620,2025-09-09 22:00:00+00:00
1757458800000,0.1024,0.10338,0.10139,0.1017,5269354.0,1757462400000,539628.94319,7011,2025-09-09 23:00:00+00:00
1757462400000,0.10169,0.10395,0.10156,0.10355,6509552.0,1757466000000,668354.53432,8203,2025-09-10 00:00:00+00:00
1757466000000,0.10357,0.10769,0.10237,0.10748,13044779.0,1757469600000,1370962.82226,17316,2025-09-10 01:00:00+00:00
1757469600000,0.10747,0.108,0.10511,0.10672,15055406.0,1757473200000,1604873.059,21944,2025-09-10 02:00:00+00:00
1757473200000,0.10668,0.10716,0.10333,0.10477,6958204.0,1757476800000,730144.07279,10835,2025-09-10 03:00:00+00:00
1757476800000,0.10477,0.10701,0.10381,0.10448,9248603.0,1757480400000,972775.11705,13367,2025-09-10 04:00:00+00:00
1757480400000,0.1045,0.10716,0.10358,0.1067,8322639.0,1757484000000,877453.81586,12886,2025-09-10 05:00:00+00:00
1757484000000,0.10669,0.1163,0.10639,0.11087,41064945.0,1757487600000,4582048.51513,63167,2025-09-10 06:00:00+00:00
1757487600000,0.11086,0.11601,0.10976,0.11424,36715489.0,1757491200000,4154476.16541,62357,2025-09-10 07:00:00+00:00
1757491200000,0.11423,0.121,0.11368,0.11905,44090182.0,1757494800000,5155840.25091,85754,2025-09-10 08:00:00+00:00
1757494800000,0.119,0.12606,0.11065,0.11532,74531197.0,1757498400000,8858394.4285,123673,2025-09-10 09:00:00+00:00
1757498400000,0.11531,0.11552,0.10805,0.10894,34346161.0,1757502000000,3821367.91059,51916,2025-09-10 10:00:00+00:00
1757502000000,0.10893,0.11001,0.10759,0.10784,16421498.0,1757505600000,1784744.74915,26242,2025-09-10 11:00:00+00:00
1757505600000,0.10786,0.12014,0.10771,0.11652,55117567.0,1757509200000,6315913.12686,76651,2025-09-10 12:00:00+00:00
1757509200000,0.11651,0.12009,0.11332,0.11936,35533465.0,1757512800000,4156732.71564,54896,2025-09-10 13:00:00+00:00
1757512800000,0.11935,0.12144,0.11571,0.11582,22730802.0,1757516400000,2679095.08123,46680,2025-09-10 14:00:00+00:00
1757516400000,0.11582,0.11624,0.1126,0.11326,18549148.0,1757520000000,2124381.32084,28011,2025-09-10 15:00:00+00:00
1757520000000,0.11325,0.11335,0.11138,0.11333,11845797.0,1757523600000,1331289.83302,15390,2025-09-10 16:00:00+00:00
1757523600000,0.11328,0.11489,0.11235,0.11399,10918557.0,1757527200000,1242340.07978,13167,2025-09-10 17:00:00+00:00
1757527200000,0.11401,0.11414,0.11245,0.11329,8116605.0,1757530800000,918506.74553,9663,2025-09-10 18:00:00+00:00
1757530800000,0.11328,0.11498,0.11285,0.11497,7904958.0,1757534400000,899561.90526,10343,2025-09-10 19:00:00+00:00
1757534400000,0.11498,0.11913,0.11498,0.11796,19652041.0,1757538000000,2306949.9433,31816,2025-09-10 20:00:00+00:00
1757538000000,0.11796,0.11921,0.1168,0.11838,6892515.0,1757541600000,813127.20379,7283,2025-09-10 21:00:00+00:00
1757541600000,0.11836,0.11956,0.11664,0.11889,8513516.0,1757545200000,1004237.41263,12225,2025-09-10 22:00:00+00:00
1757545200000,0.1189,0.123,0.11862,0.12277,26631773.0,1757548800000,3219794.02837,38479,2025-09-10 23:00:00+00:00
1757548800000,0.12276,0.12378,0.11944,0.1198,24485376.0,1757552400000,2977457.19193,44292,2025-09-11 00:00:00+00:00
1757552400000,0.11979,0.12176,0.11839,0.12068,14123911.0,1757556000000,1694265.1422,24410,2025-09-11 01:00:00+00:00
1757556000000,0.12073,0.12076,0.1162,0.11689,13999134.0,1757559600000,1649327.51979,19658,2025-09-11 02:00:00+00:00
1757559600000,0.1169,0.12028,0.11636,0.11777,11992399.0,1757563200000,1417890.90457,16683,2025-09-11 03:00:00+00:00
1757563200000,0.11777,0.11777,0.1151,0.11543,10971100.0,1757566800000,1273634.86248,13129,2025-09-11 04:00:00+00:00
1757566800000,0.11544,0.11561,0.11322,0.11336,10619709.0,1757570400000,1212861.80733,11060,2025-09-11 05:00:00+00:00
1757570400000,0.11335,0.11479,0.11315,0.11375,6114028.0,1757574000000,696413.17873,8371,2025-09-11 06:00:00+00:00
1757574000000,0.11373,0.11403,0.11136,0.11237,10371376.0,1757577600000,1164840.00821,11125,2025-09-11 07:00:00+00:00
1757577600000,0.11238,0.11386,0.11226,0.11354,4929000.0,1757581200000,557848.92608,6915,2025-09-11 08:00:00+00:00
1757581200000,0.11353,0.11444,0.11304,0.11355,5561885.0,1757584800000,632134.00797,6240,2025-09-11 09:00:00+00:00
1757584800000,0.11354,0.11454,0.11336,0.11339,4329933.0,1757588400000,492922.95953,4716,2025-09-11 10:00:00+00:00
1757588400000,0.1134,0.11391,0.11228,0.11243,5713183.0,1757592000000,645871.77187,5284,2025-09-11 11:00:00+00:00
1757592000000,0.11244,0.11455,0.11081,0.11275,11047417.0,1757595600000,1246131.83898,15723,2025-09-11 12:00:00+00:00
1757595600000,0.11274,0.11429,0.11166,0.11314,7562897.0,1757599200000,852974.3775,9575,2025-09-11 13:00:00+00:00
1757599200000,0.11315,0.11355,0.11207,0.11245,4229825.0,1757602800000,477318.55041,5573,2025-09-11 14:00:00+00:00
1757602800000,0.11246,0.11247,0.11126,0.11167,3890810.0,1757606400000,434745.65026,4531,2025-09-11 15:00:00+00:00
1757606400000,0.11167,0.11291,0.11065,0.11106,7413351.0,1757610000000,827475.6345,5793,2025-09-11 16:00:00+00:00
1757610000000,0.11106,0.1135,0.11065,0.11347,4877186.0,1757613600000,549085.25733,7474,2025-09-11 17:00:00+00:00
1757613600000,0.11346,0.11537,0.11325,0.114,6055288.0,1757617200000,690994.82328,8082,2025-09-11 18:00:00+00:00
1757617200000,0.11395,0.11481,0.11341,0.11369,4841926.0,1757620800000,552076.18171,6917,2025-09-11 19:00:00+00:00
1757620800000,0.1137,0.11394,0.11322,0.11322,3153468.0,1757624400000,357914.61485,3461,2025-09-11 20:00:00+00:00
1757624400000,0.11322,0.11421,0.11296,0.11406,2391282.0,1757628000000,271550.47578,1934,2025-09-11 21:00:00+00:00
1757628000000,0.11406,0.11417,0.11344,0.11368,3089894.0,1757631600000,351420.97106,3394,2025-09-11 22:00:00+00:00
1757631600000,0.11367,0.11486,0.11315,0.11411,4519622.0,1757635200000,516485.4403,4564,2025-09-11 23:00:00+00:00
1757635200000,0.11411,0.11645,0.11388,0.11551,7105649.0,1757638800000,819320.47396,11020,2025-09-12 00:00:00+00:00
1757638800000,0.11552,0.1161,0.11474,0.116,6051635.0,1757642400000,698977.52181,8214,2025-09-12 01:00:00+00:00
1757642400000,0.116,0.12197,0.11598,0.12007,19635115.0,1757646000000,2337909.61744,23270,2025-09-12 02:00:00+00:00
1757646000000,0.12007,0.12252,0.11908,0.12125,11720222.0,1757649600000,1422202.31225,19093,2025-09-12 03:00:00+00:00
1757649600000,0.12126,0.12198,0.1154,0.11755,14927965.0,1757653200000,1765800.87165,20727,2025-09-12 04:00:00+00:00
1757653200000,0.11752,0.11833,0.11517,0.11532,7822911.0,1757656800000,912909.61272,10584,2025-09-12 05:00:00+00:00
1757656800000,0.11533,0.11751,0.11522,0.11609,5902923.0,1757660400000,687764.58385,8674,2025-09-12 06:00:00+00:00
1757660400000,0.11605,0.11652,0.1154,0.1162,3832344.0,1757664000000,444275.45496,5940,2025-09-12 07:00:00+00:00
1757664000000,0.1162,0.11646,0.11494,0.11636,4255660.0,1757667600000,492395.33466,5713,2025-09-12 08:00:00+00:00
1757667600000,0.11637,0.11746,0.11493,0.11578,6578196.0,1757671200000,762929.97821,8383,2025-09-12 09:00:00+00:00
1757671200000,0.11578,0.11751,0.11567,0.11608,5794698.0,1757674800000,675688.91091,9438,2025-09-12 10:00:00+00:00
1757674800000,0.11609,0.11625,0.11492,0.11524,5036317.0,1757678400000,581066.83295,5963,2025-09-12 11:00:00+00:00
1757678400000,0.11525,0.116,0.11228,0.11378,9021307.0,1757682000000,1026443.3684,15048,2025-09-12 12:00:00+00:00
1757682000000,0.11379,0.11498,0.11339,0.11474,4985285.0,1757685600000,568351.51179,7204,2025-09-12 13:00:00+00:00
1757685600000,0.11474,0.11622,0.11436,0.11564,7302429.0,1757689200000,842502.60465,8784,2025-09-12 14:00:00+00:00
1757689200000,0.11564,0.11641,0.11428,0.11632,4672495.0,1757692800000,538613.91121,6805,2025-09-12 15:00:00+00:00
1757692800000,0.11632,0.11894,0.11611,0.11821,9042390.0,1757696400000,1063516.28579,13498,2025-09-12 16:00:00+00:00
1757696400000,0.11821,0.1185,0.11692,0.11791,5751234.0,1757700000000,676415.97131,9806,2025-09-12 17:00:00+00:00
1757700000000,0.1179,0.12109,0.11735,0.12055,9788514.0,1757703600000,1169313.58406,11963,2025-09-12 18:00:00+00:00
1757703600000,0.12056,0.12885,0.12039,0.12733,25635947.0,1757707200000,3194443.96338,33824,2025-09-12 19:00:00+00:00
1757707200000,0.12729,0.13513,0.12612,0.1346,41762706.0,1757710800000,5454492.19034,76166,2025-09-12 20:00:00+00:00
1757710800000,0.13461,0.13969,0.12942,0.12994,37600802.0,1757714400000,5037953.40634,38429,2025-09-12 21:00:00+00:00
1757714400000,0.12994,0.13354,0.12968,0.13174,15192830.0,1757718000000,1992663.13668,26591,2025-09-12 22:00:00+00:00
1757718000000,0.13174,0.13526,0.13017,0.13207,24821141.0,1757721600000,3298370.9742,41823,2025-09-12 23:00:00+00:00
1757721600000,0.13206,0.13483,0.13031,0.134,16077211.0,1757725200000,2133790.54741,28790,2025-09-13 00:00:00+00:00
1757725200000,0.134,0.1384,0.12988,0.13003,29292948.0,1757728800000,3947787.06071,45285,2025-09-13 01:00:00+00:00
1757728800000,0.13001,0.13132,0.12745,0.12766,15329443.0,1757732400000,1977587.42036,20298,2025-09-13 02:00:00+00:00
1757732400000,0.12767,0.12794,0.12566,0.12588,9003467.0,1757736000000,1141698.71575,11782,2025-09-13 03:00:00+00:00
1757736000000,0.12588,0.12659,0.12461,0.12648,6142128.0,1757739600000,771497.80979,10002,2025-09-13 04:00:00+00:00
1757739600000,0.12646,0.12858,0.12562,0.12814,7763533.0,1757743200000,988136.63066,10044,2025-09-13 05:00:00+00:00
1757743200000,0.12814,0.13017,0.12665,0.12745,10522631.0,1757746800000,1349768.88522,13527,2025-09-13 06:00:00+00:00
1757746800000,0.12746,0.12806,0.12643,0.12722,3889056.0,1757750400000,494993.49573,5923,2025-09-13 07:00:00+00:00
1757750400000,0.12721,0.13241,0.12703,0.13237,11286177.0,1757754000000,1472881.01957,19110,2025-09-13 08:00:00+00:00
1757754000000,0.13236,0.13241,0.12959,0.13016,11023898.0,1757757600000,1439927.96869,15320,2025-09-13 09:00:00+00:00
1757757600000,0.13016,0.13191,0.12978,0.13183,6718553.0,1757761200000,876403.18788,9568,2025-09-13 10:00:00+00:00
1757761200000,0.13183,0.13212,0.13038,0.13093,7617690.0,1757764800000,999288.74857,9605,2025-09-13 11:00:00+00:00
1757764800000,0.13092,0.13241,0.13,0.13003,6506828.0,1757768400000,853877.93373,9252,2025-09-13 12:00:00+00:00
1757768400000,0.13002,0.13054,0.12805,0.13008,8545260.0,1757772000000,1110107.52414,12171,2025-09-13 13:00:00+00:00
1757772000000,0.13008,0.13013,0.1275,0.12911,10481013.0,1757775600000,1347593.03561,13334,2025-09-13 14:00:00+00:00
1757775600000,0.12911,0.12941,0.12704,0.12836,4891463.0,1757779200000,626927.21496,7216,2025-09-13 15:00:00+00:00
1757779200000,0.12837,0.12877,0.12708,0.12721,4179448.0,1757782800000,534247.38291,6935,2025-09-13 16:00:00+00:00
1757782800000,0.12722,0.12891,0.12582,0.12872,6968457.0,1757786400000,888164.95813,9223,2025-09-13 17:00:00+00:00
1757786400000,0.12873,0.12875,0.1272,0.12793,5402203.0,1757790000000,691223.13003,5751,2025-09-13 18:00:00+00:00
1757790000000,0.12793,0.1287,0.12688,0.12861,4429741.0,1757793600000,566128.51155,4871,2025-09-13 19:00:00+00:00
1757793600000,0.12859,0.12941,0.12834,0.12848,2981994.0,1757797200000,384105.01041,4021,2025-09-13 20:00:00+00:00
1757797200000,0.12847,0.12922,0.12778,0.12904,2508983.0,1757800800000,322595.23859,2661,2025-09-13 21:00:00+00:00
1757800800000,0.12905,0.12934,0.12842,0.12864,2894953.0,1757804400000,373095.25559,4028,2025-09-13 22:00:00+00:00
1757804400000,0.12863,0.13018,0.12857,0.13011,3474427.0,1757808000000,450340.48234,4116,2025-09-13 23:00:00+00:00
1757808000000,0.13012,0.13212,0.12949,0.13048,7955835.0,1757811600000,1041855.67237,9630,2025-09-14 00:00:00+00:00
1757811600000,0.13049,0.13116,0.12891,0.13089,6891204.0,1757815200000,896053.9242,11148,2025-09-14 01:00:00+00:00
1757815200000,0.13088,0.13167,0.1295,0.13012,6938818.0,1757818800000,904948.85544,11059,2025-09-14 02:00:00+00:00
1757818800000,0.13013,0.13151,0.12976,0.1299,6014008.0,1757822400000,784110.75449,9371,2025-09-14 03:00:00+00:00
1757822400000,0.12991,0.13255,0.12977,0.13142,5601763.0,1757826000000,733760.52938,9121,2025-09-14 04:00:00+00:00
1757826000000,0.13141,0.1337,0.13139,0.13168,7085092.0,1757829600000,937707.03273,8050,2025-09-14 05:00:00+00:00
1757829600000,0.13168,0.13204,0.13008,0.1304,4824340.0,1757833200000,631394.49238,7571,2025-09-14 06:00:00+00:00
1757833200000,0.1304,0.13453,0.12977,0.13381,12573254.0,1757836800000,1671026.94389,18436,2025-09-14 07:00:00+00:00
1757836800000,0.13381,0.13647,0.133,0.13307,13993485.0,1757840400000,1885845.51556,17871,2025-09-14 08:00:00+00:00
1757840400000,0.13308,0.13351,0.13126,0.13148,7024083.0,1757844000000,929642.10728,8311,2025-09-14 09:00:00+00:00
1757844000000,0.13147,0.13389,0.13144,0.13314,9112336.0,1757847600000,1208529.64155,9612,2025-09-14 10:00:00+00:00
1757847600000,0.13314,0.13379,0.13,0.13012,7679681.0,1757851200000,1004977.32253,10260,2025-09-14 11:00:00+00:00
1757851200000,0.13012,0.13541,0.13011,0.1333,13557992.0,1757854800000,1810777.8694,19295,2025-09-14 12:00:00+00:00
1757854800000,0.13331,0.13428,0.13198,0.1321,6142700.0,1757858400000,817826.36208,10965,2025-09-14 13:00:00+00:00
1757858400000,0.13211,0.13373,0.13139,0.1329,6624780.0,1757862000000,878205.72532,14924,2025-09-14 14:00:00+00:00
1757862000000,0.13291,0.13352,0.12939,0.13285,16313865.0,1757865600000,2137276.72587,20949,2025-09-14 15:00:00+00:00
1757865600000,0.13286,0.13509,0.13064,0.1313,11308648.0,1757869200000,1504552.1634,19654,2025-09-14 16:00:00+00:00
1757869200000,0.13131,0.1319,0.12664,0.1287,13823266.0,1757872800000,1776203.0224,23132,2025-09-14 17:00:00+00:00
1757872800000,0.12872,0.12935,0.1275,0.1284,5877007.0,1757876400000,755255.96088,11201,2025-09-14 18:00:00+00:00
1757876400000,0.12841,0.12976,0.12799,0.12925,3514285.0,1757880000000,453147.54528,6118,2025-09-14 19:00:00+00:00
1757880000000,0.12922,0.13064,0.12914,0.12925,4295207.0,1757883600000,558233.0256,6964,2025-09-14 20:00:00+00:00
1757883600000,0.12925,0.13108,0.12824,0.13106,3355071.0,1757887200000,434626.82242,3993,2025-09-14 21:00:00+00:00
1757887200000,0.13109,0.1321,0.13003,0.13122,4030954.0,1757890800000,528030.46582,6907,2025-09-14 22:00:00+00:00
1757890800000,0.13121,0.13222,0.13006,0.13075,5395003.0,1757894400000,707493.46943,7306,2025-09-14 23:00:00+00:00
1757894400000,0.13075,0.13417,0.12969,0.13413,7059155.0,1757898000000,931286.24283,11343,2025-09-15 00:00:00+00:00
1757898000000,0.13412,0.13656,0.13303,0.13525,12022276.0,1757901600000,1621334.41517,16129,2025-09-15 01:00:00+00:00
1757901600000,0.13525,0.14126,0.13235,0.13583,27351480.0,1757905200000,3732356.8861,41053,2025-09-15 02:00:00+00:00
1757905200000,0.13583,0.13721,0.13274,0.13289,12923879.0,1757908800000,1744119.36551,19636,2025-09-15 03:00:00+00:00
1757908800000,0.13289,0.13852,0.1327,0.13625,9161160.0,1757912400000,1246555.89246,17277,2025-09-15 04:00:00+00:00
1757912400000,0.13624,0.13952,0.1354,0.13821,9327378.0,1757916000000,1283239.43875,15537,2025-09-15 05:00:00+00:00
1757916000000,0.13823,0.14049,0.13611,0.13673,13912674.0,1757919600000,1929145.34614,23756,2025-09-15 06:00:00+00:00
1757919600000,0.13674,0.13683,0.13002,0.13225,18211669.0,1757923200000,2430616.66953,25470,2025-09-15 07:00:00+00:00
1757923200000,0.13224,0.13353,0.1285,0.1295,17723650.0,1757926800000,2316058.3437,27343,2025-09-15 08:00:00+00:00
1757926800000,0.12951,0.1313,0.12899,0.13103,7243713.0,1757930400000,941403.55,12481,2025-09-15 09:00:00+00:00
1757930400000,0.13103,0.13103,0.12868,0.12958,6306111.0,1757934000000,815756.83322,14984,2025-09-15 10:00:00+00:00
1757934000000,0.12956,0.1314,0.1285,0.13119,5205229.0,1757937600000,674068.0898,9737,2025-09-15 11:00:00+00:00
1757937600000,0.13117,0.1316,0.12643,0.12657,11494867.0,1757941200000,1475866.33504,27196,2025-09-15 12:00:00+00:00
1757941200000,0.12656,0.12823,0.12631,0.12667,8335234.0,1757944800000,1060150.31039,17076,2025-09-15 13:00:00+00:00
1757944800000,0.12668,0.12671,0.12377,0.12425,10523833.0,1757948400000,1317415.62211,17549,2025-09-15 14:00:00+00:00
1757948400000,0.12429,0.12503,0.12164,0.1227,12252894.0,1757952000000,1508371.46255,20117,2025-09-15 15:00:00+00:00
1757952000000,0.12272,0.12308,0.11945,0.12031,10198558.0,1757955600000,1235101.42927,16102,2025-09-15 16:00:00+00:00
1757955600000,0.12029,0.12363,0.12008,0.12361,6266936.0,1757959200000,762802.77224,12762,2025-09-15 17:00:00+00:00
1757959200000,0.1236,0.12363,0.12109,0.12116,7018977.0,1757962800000,856896.15619,8724,2025-09-15 18:00:00+00:00
1757962800000,0.12116,0.12402,0.12113,0.12366,5204230.0,1757966400000,639093.42591,9200,2025-09-15 19:00:00+00:00
1757966400000,0.12365,0.12476,0.12294,0.12437,4415958.0,1757970000000,547069.29101,6240,2025-09-15 20:00:00+00:00
1757970000000,0.12438,0.12445,0.12052,0.12267,7554057.0,1757973600000,923314.06836,4736,2025-09-15 21:00:00+00:00
1757973600000,0.12268,0.12332,0.12125,0.1215,3161452.0,1757977200000,386312.98643,5200,2025-09-15 22:00:00+00:00
1757977200000,0.12149,0.12284,0.12133,0.12234,5050786.0,1757980800000,616637.7697,7007,2025-09-15 23:00:00+00:00
1757980800000,0.12234,0.12343,0.12169,0.12271,3842539.0,1757984400000,471316.68681,6318,2025-09-16 00:00:00+00:00
1757984400000,0.1227,0.12378,0.12163,0.12201,4667836.0,1757988000000,572733.52867,6942,2025-09-16 01:00:00+00:00
1757988000000,0.12202,0.12403,0.1218,0.12222,3956869.0,1757991600000,486841.2212,6199,2025-09-16 02:00:00+00:00
1757991600000,0.12222,0.12268,0.12134,0.12174,4447147.0,1757995200000,542602.61012,6451,2025-09-16 03:00:00+00:00
1757995200000,0.12174,0.12341,0.12036,0.12138,5083272.0,1757998800000,618740.58464,7762,2025-09-16 04:00:00+00:00
1757998800000,0.12137,0.12447,0.1211,0.12423,4294312.0,1758002400000,527656.86876,6971,2025-09-16 05:00:00+00:00
1758002400000,0.12425,0.1243,0.12074,0.12127,4060335.0,1758006000000,496103.57979,7632,2025-09-16 06:00:00+00:00
1758006000000,0.12127,0.12325,0.12122,0.1218,4314667.0,1758009600000,527820.50219,8605,2025-09-16 07:00:00+00:00
1758009600000,0.1218,0.12281,0.12038,0.12082,7459865.0,1758013200000,904712.39048,13232,2025-09-16 08:00:00+00:00
1758013200000,0.12081,0.12201,0.12013,0.12158,6339210.0,1758016800000,767441.10784,9741,2025-09-16 09:00:00+00:00
1758016800000,0.12158,0.12172,0.12004,0.12031,4493874.0,1758020400000,542313.65835,6907,2025-09-16 10:00:00+00:00
1758020400000,0.12031,0.12163,0.1199,0.12018,3353999.0,1758024000000,404157.75249,5517,2025-09-16 11:00:00+00:00
1758024000000,0.12017,0.12197,0.11989,0.12162,3930672.0,1758027600000,475914.62009,6002,2025-09-16 12:00:00+00:00
1758027600000,0.12164,0.1234,0.12062,0.12181,5230645.0,1758031200000,637998.67637,11400,2025-09-16 13:00:00+00:00
1758031200000,0.12181,0.12219,0.12003,0.12094,4401368.0,1758034800000,532765.72829,8844,2025-09-16 14:00:00+00:00
1758034800000,0.12094,0.12186,0.12009,0.12121,3728755.0,1758038400000,451392.67017,6262,2025-09-16 15:00:00+00:00
1758038400000,0.12121,0.12132,0.11964,0.12063,4011906.0,1758042000000,483313.53388,6825,2025-09-16 16:00:00+00:00
1758042000000,0.12062,0.12239,0.12054,0.12134,4350047.0,1758045600000,528766.24678,8228,2025-09-16 17:00:00+00:00
1758045600000,0.12134,0.12194,0.12028,0.12032,2880541.0,1758049200000,348824.34369,4827,2025-09-16 18:00:00+00:00
1758049200000,0.12034,0.12191,0.12034,0.12153,2469995.0,1758052800000,298976.79214,4102,2025-09-16 19:00:00+00:00
1758052800000,0.12152,0.12179,0.12035,0.12057,3341347.0,1758056400000,404432.36929,3785,2025-09-16 20:00:00+00:00
1758056400000,0.12058,0.12071,0.12006,0.1205,2412292.0,1758060000000,290370.65906,2011,2025-09-16 21:00:00+00:00
1758060000000,0.12051,0.12083,0.12002,0.12014,3002735.0,1758063600000,361243.64337,3157,2025-09-16 22:00:00+00:00
1758063600000,0.12014,0.12125,0.11982,0.12009,3105400.0,1758067200000,373744.19234,3835,2025-09-16 23:00:00+00:00
1758067200000,0.12008,0.1204,0.11982,0.11992,3051671.0,1758070800000,366291.99368,4168,2025-09-17 00:00:00+00:00
1758070800000,0.11993,0.12079,0.11981,0.12078,2810301.0,1758074400000,337727.07633,3325,2025-09-17 01:00:00+00:00
1758074400000,0.12079,0.13025,0.1198,0.12263,39930080.0,1758078000000,4922075.35949,64601,2025-09-17 02:00:00+00:00
1758078000000,0.12263,0.12548,0.1225,0.12437,15702462.0,1758081600000,1949085.66969,29166,2025-09-17 03:00:00+00:00
1758081600000,0.12437,0.12922,0.12307,0.1249,29009733.0,1758085200000,3665832.25651,59936,2025-09-17 04:00:00+00:00
1758085200000,0.12491,0.12558,0.12178,0.1228,13364850.0,1758088800000,1649932.30424,24515,2025-09-17 05:00:00+00:00
1758088800000,0.12278,0.12495,0.12174,0.12318,8317891.0,1758092400000,1024318.53511,14569,2025-09-17 06:00:00+00:00
1758092400000,0.12318,0.12318,0.12057,0.12085,7916900.0,1758096000000,962096.78324,9976,2025-09-17 07:00:00+00:00
1758096000000,0.12086,0.12191,0.12034,0.12163,4907570.0,1758099600000,594730.95813,7138,2025-09-17 08:00:00+00:00
1758099600000,0.12163,0.12208,0.12055,0.1211,4127445.0,1758103200000,500732.62342,5835,2025-09-17 09:00:00+00:00
1758103200000,0.12111,0.12154,0.11978,0.12087,6012305.0,1758106800000,724504.56889,7916,2025-09-17 10:00:00+00:00
1758106800000,0.12087,0.12263,0.12059,0.12184,4435928.0,1758110400000,539772.94659,5699,2025-09-17 11:00:00+00:00
1758110400000,0.12185,0.12223,0.12032,0.12061,3654683.0,1758114000000,441885.78859,5373,2025-09-17 12:00:00+00:00
1758114000000,0.1206,0.12245,0.12042,0.12176,5034065.0,1758117600000,611064.90082,8407,2025-09-17 13:00:00+00:00
1758117600000,0.12177,0.12212,0.12058,0.12097,3198327.0,1758121200000,388078.38776,5356,2025-09-17 14:00:00+00:00
1758121200000,0.12097,0.12115,0.11765,0.11821,6842489.0,1758124800000,816748.7914,7970,2025-09-17 15:00:00+00:00
1758124800000,0.11821,0.11986,0.1177,0.11938,5300187.0,1758128400000,628224.41903,8464,2025-09-17 16:00:00+00:00
1758128400000,0.11938,0.12094,0.1181,0.11814,4188319.0,1758132000000,499533.59078,8020,2025-09-17 17:00:00+00:00
1758132000000,0.11815,0.12081,0.11664,0.11745,9838653.0,1758135600000,1166299.54288,24875,2025-09-17 18:00:00+00:00
1758135600000,0.11743,0.12172,0.11732,0.12118,6362579.0,1758139200000,763898.08376,12432,2025-09-17 19:00:00+00:00
1758139200000,0.12117,0.12208,0.12065,0.12097,5876338.0,1758142800000,713752.77928,8870,2025-09-17 20:00:00+00:00
1758142800000,0.12098,0.12374,0.12038,0.12289,4055076.0,1758146400000,494984.66,5073,2025-09-17 21:00:00+00:00
1758146400000,0.1229,0.12357,0.1222,0.12291,3547359.0,1758150000000,436044.75589,5284,2025-09-17 22:00:00+00:00
1758150000000,0.12293,0.12358,0.12186,0.12203,5228653.0,1758153600000,641293.81342,5615,2025-09-17 23:00:00+00:00
1758153600000,0.12204,0.12263,0.12169,0.12235,2782503.0,1758157200000,339886.76904,4023,2025-09-18 00:00:00+00:00
1758157200000,0.12235,0.12264,0.12164,0.12229,2613917.0,1758160800000,319275.31617,3725,2025-09-18 01:00:00+00:00
1758160800000,0.1223,0.12285,0.12191,0.12226,3761115.0,1758164400000,460237.86432,3350,2025-09-18 02:00:00+00:00
1758164400000,0.12225,0.12451,0.12211,0.12343,5330129.0,1758168000000,657056.08121,7005,2025-09-18 03:00:00+00:00
1758168000000,0.12343,0.12386,0.12043,0.12236,11881678.0,1758171600000,1447965.15232,11249,2025-09-18 04:00:00+00:00
1758171600000,0.12235,0.12237,0.12022,0.12046,4079757.0,1758175200000,494234.78645,6204,2025-09-18 05:00:00+00:00
1758175200000,0.12047,0.12051,0.118,0.11918,4192972.0,1758178800000,499812.88071,6042,2025-09-18 06:00:00+00:00
1758178800000,0.11919,0.11973,0.119,0.11904,3045344.0,1758182400000,363477.51966,4369,2025-09-18 07:00:00+00:00
1758182400000,0.11905,0.12038,0.11876,0.11968,3262555.0,1758186000000,389856.19961,4583,2025-09-18 08:00:00+00:00
1758186000000,0.11967,0.12029,0.11889,0.1191,3712776.0,1758189600000,443482.90437,5329,2025-09-18 09:00:00+00:00
1758189600000,0.11909,0.11981,0.1186,0.11899,2974372.0,1758193200000,354273.90138,5751,2025-09-18 10:00:00+00:00
1758193200000,0.119,0.11935,0.11873,0.1191,2804965.0,1758196800000,334009.17834,4750,2025-09-18 11:00:00+00:00
1758196800000,0.1191,0.11982,0.11831,0.11916,2784769.0,1758200400000,331767.30336,5005,2025-09-18 12:00:00+00:00
1758200400000,0.11915,0.1203,0.11895,0.12018,2892368.0,1758204000000,346050.981,6249,2025-09-18 13:00:00+00:00
1758204000000,0.12018,0.12148,0.12002,0.12024,5685349.0,1758207600000,686978.60217,8984,2025-09-18 14:00:00+00:00
1758207600000,0.12025,0.12115,0.12021,0.12063,2494734.0,1758211200000,301037.39423,4441,2025-09-18 15:00:00+00:00
1758211200000,0.12064,0.12116,0.11954,0.11956,2723630.0,1758214800000,327622.04592,4239,2025-09-18 16:00:00+00:00
1758214800000,0.11956,0.1204,0.11924,0.11961,2524295.0,1758218400000,302505.57575,4436,2025-09-18 17:00:00+00:00
1758218400000,0.11962,0.11985,0.11877,0.11982,3864192.0,1758222000000,460746.3435,4830,2025-09-18 18:00:00+00:00
1758222000000,0.11983,0.11991,0.11833,0.11891,3213352.0,1758225600000,382317.04047,3707,2025-09-18 19:00:00+00:00
1758225600000,0.11891,0.11998,0.11889,0.11954,1830183.0,1758229200000,218797.51617,2971,2025-09-18 20:00:00+00:00
1758229200000,0.11954,0.11954,0.11856,0.11862,1503553.0,1758232800000,178879.42308,1675,2025-09-18 21:00:00+00:00
1758232800000,0.11861,0.11933,0.11811,0.11892,3356742.0,1758236400000,398948.38348,3703,2025-09-18 22:00:00+00:00
1758236400000,0.11894,0.11894,0.11767,0.11873,4064458.0,1758240000000,480723.6035,5083,2025-09-18 23:00:00+00:00
1758240000000,0.11874,0.11914,0.118,0.11896,3522038.0,1758243600000,417691.27683,4408,2025-09-19 00:00:00+00:00
1758243600000,0.11898,0.11901,0.11686,0.11731,3366464.0,1758247200000,396909.6284,3982,2025-09-19 01:00:00+00:00
1758247200000,0.1173,0.11754,0.11639,0.11718,3934250.0,1758250800000,459900.01149,4792,2025-09-19 02:00:00+00:00
1758250800000,0.11719,0.1172,0.11306,0.1136,10179714.0,1758254400000,1166359.36423,11070,2025-09-19 03:00:00+00:00
1758254400000,0.1136,0.11377,0.11257,0.11347,4726152.0,1758258000000,535417.23069,6240,2025-09-19 04:00:00+00:00
1758258000000,0.11346,0.11356,0.11198,0.11329,4879043.0,1758261600000,549654.20993,6069,2025-09-19 05:00:00+00:00
1758261600000,0.11329,0.11447,0.11317,0.11385,3276796.0,1758265200000,372970.98336,5329,2025-09-19 06:00:00+00:00
1758265200000,0.11384,0.11565,0.11354,0.11446,4366861.0,1758268800000,500747.95873,5957,2025-09-19 07:00:00+00:00
1758268800000,0.11445,0.1151,0.11361,0.11375,3979743.0,1758272400000,454697.00051,6089,2025-09-19 08:00:00+00:00
1758272400000,0.11376,0.11378,0.1121,0.11259,2928298.0,1758276000000,331020.80921,4593,2025-09-19 09:00:00+00:00
1758276000000,0.1126,0.11344,0.11255,0.11304,3167296.0,1758279600000,358351.60948,4998,2025-09-19 10:00:00+00:00
1758279600000,0.11303,0.11304,0.11114,0.11135,4822643.0,1758283200000,538677.57019,6125,2025-09-19 11:00:00+00:00
1758283200000,0.11134,0.11296,0.11134,0.11284,3918915.0,1758286800000,439511.25384,6519,2025-09-19 12:00:00+00:00
1758286800000,0.11283,0.11372,0.11261,0.11275,3837402.0,1758290400000,433956.97736,7319,2025-09-19 13:00:00+00:00
1758290400000,0.11275,0.11276,0.11098,0.11118,3385109.0,1758294000000,379405.00471,5692,2025-09-19 14:00:00+00:00
1758294000000,0.11119,0.11194,0.11005,0.11165,5434105.0,1758297600000,602880.12837,7435,2025-09-19 15:00:00+00:00
1758297600000,0.11166,0.11266,0.11166,0.11253,3022337.0,1758301200000,339102.58773,4823,2025-09-19 16:00:00+00:00
1758301200000,0.11254,0.11257,0.1119,0.11213,2674674.0,1758304800000,300066.46664,4016,2025-09-19 17:00:00+00:00
1758304800000,0.11212,0.11261,0.11144,0.11247,2992153.0,1758308400000,335214.07211,4564,2025-09-19 18:00:00+00:00
1758308400000,0.11247,0.11283,0.11208,0.11242,2220859.0,1758312000000,249776.35363,2955,2025-09-19 19:00:00+00:00
1758312000000,0.11241,0.11316,0.11175,0.11201,2568708.0,1758315600000,289252.86771,3214,2025-09-19 20:00:00+00:00
1758315600000,0.11201,0.11271,0.11187,0.11228,1410364.0,1758319200000,158313.48987,1567,2025-09-19 21:00:00+00:00
1758319200000,0.11227,0.11299,0.11227,0.11269,1105164.0,1758322800000,124329.47514,1242,2025-09-19 22:00:00+00:00
1758322800000,0.11268,0.11278,0.11151,0.11243,2045065.0,1758326400000,229401.79277,2938,2025-09-19 23:00:00+00:00
1758326400000,0.11242,0.11368,0.11221,0.1136,2025944.0,1758330000000,228572.14068,3030,2025-09-20 00:00:00+00:00
1758330000000,0.11356,0.11359,0.1127,0.113,1853313.0,1758333600000,209711.97478,2602,2025-09-20 01:00:00+00:00
1758333600000,0.11299,0.11419,0.11242,0.11327,5250311.0,1758337200000,595683.79925,8827,2025-09-20 02:00:00+00:00
1758337200000,0.11327,0.11658,0.11305,0.11654,4123743.0,1758340800000,473078.78575,6370,2025-09-20 03:00:00+00:00
1758340800000,0.11653,0.11653,0.11401,0.11497,4765849.0,1758344400000,547843.93974,9492,2025-09-20 04:00:00+00:00
1758344400000,0.11499,0.11735,0.11461,0.11658,5045851.0,1758348000000,585194.63654,9428,2025-09-20 05:00:00+00:00
1758348000000,0.11659,0.11744,0.1158,0.11597,5106590.0,1758351600000,594823.46291,8754,2025-09-20 06:00:00+00:00
1758351600000,0.11597,0.11818,0.1159,0.11811,7028219.0,1758355200000,823880.59722,9130,2025-09-20 07:00:00+00:00
1758355200000,0.11812,0.11939,0.11769,0.11835,5943505.0,1758358800000,705021.29106,9624,2025-09-20 08:00:00+00:00
1758358800000,0.11835,0.11915,0.11704,0.11852,5395652.0,1758362400000,637233.75286,8707,2025-09-20 09:00:00+00:00
1758362400000,0.11853,0.11877,0.11413,0.11417,12067681.0,1758366000000,1403044.7603,10884,2025-09-20 10:00:00+00:00
1758366000000,0.11418,0.11528,0.11356,0.11521,5094536.0,1758369600000,583260.0863,6123,2025-09-20 11:00:00+00:00
1758369600000,0.11522,0.11633,0.11442,0.11514,6459215.0,1758373200000,743898.82872,5779,2025-09-20 12:00:00+00:00
1758373200000,0.11513,0.11692,0.11497,0.11655,5781424.0,1758376800000,671362.12998,6213,2025-09-20 13:00:00+00:00
1758376800000,0.11655,0.11813,0.11633,0.1174,4838353.0,1758380400000,567673.78509,5807,2025-09-20 14:00:00+00:00
1758380400000,0.11741,0.1182,0.11612,0.11635,4126504.0,1758384000000,483507.164,5793,2025-09-20 15:00:00+00:00
1758384000000,0.11636,0.11693,0.11506,0.11535,2965256.0,1758387600000,343309.46314,3703,2025-09-20 16:00:00+00:00
1758387600000,0.11535,0.11535,0.11428,0.11434,2732032.0,1758391200000,313477.50416,3161,2025-09-20 17:00:00+00:00
1758391200000,0.11435,0.11446,0.11174,0.11277,6944806.0,1758394800000,785464.79139,4753,2025-09-20 18:00:00+00:00
1758394800000,0.11277,0.11279,0.11191,0.11227,2978905.0,1758398400000,334945.64147,3251,2025-09-20 19:00:00+00:00
1758398400000,0.11226,0.11376,0.11206,0.11344,2633122.0,1758402000000,298202.72356,2872,2025-09-20 20:00:00+00:00
1758402000000,0.11344,0.11455,0.11309,0.11445,5176226.0,1758405600000,589365.37821,2660,2025-09-20 21:00:00+00:00
1758405600000,0.11446,0.1151,0.11393,0.11449,2870583.0,1758409200000,328935.3441,3063,2025-09-20 22:00:00+00:00
1758409200000,0.11449,0.11452,0.11367,0.11392,1526899.0,1758412800000,174125.55017,1967,2025-09-20 23:00:00+00:00
1758412800000,0.11392,0.11485,0.11318,0.1143,3069406.0,1758416400000,349473.47956,2685,2025-09-21 00:00:00+00:00
1758416400000,0.11429,0.11435,0.11348,0.11358,1521613.0,1758420000000,173424.0592,1827,2025-09-21 01:00:00+00:00
1758420000000,0.11358,0.11414,0.11318,0.11406,1827967.0,1758423600000,207796.4245,2395,2025-09-21 02:00:00+00:00
1758423600000,0.11405,0.11428,0.1138,0.11415,1528478.0,1758427200000,174312.03913,1803,2025-09-21 03:00:00+00:00
1758427200000,0.11415,0.1144,0.11362,0.11418,1801650.0,1758430800000,205418.80681,1992,2025-09-21 04:00:00+00:00
1758430800000,0.11418,0.11529,0.11395,0.11528,2097904.0,1758434400000,240097.11366,2753,2025-09-21 05:00:00+00:00
1758434400000,0.11528,0.11617,0.11472,0.11543,3606307.0,1758438000000,415833.1003,4039,2025-09-21 06:00:00+00:00
1758438000000,0.11542,0.11581,0.11457,0.11471,2887673.0,1758441600000,332669.84569,3967,2025-09-21 07:00:00+00:00
1758441600000,0.11471,0.11509,0.11434,0.11434,2257791.0,1758445200000,258917.49712,3173,2025-09-21 08:00:00+00:00
1758445200000,0.11434,0.11436,0.11159,0.11204,4300884.0,1758448800000,485062.19846,6691,2025-09-21 09:00:00+00:00
1758448800000,0.11204,0.11273,0.11152,0.11172,2702808.0,1758452400000,303113.92821,3659,2025-09-21 10:00:00+00:00
1758452400000,0.11171,0.11253,0.11115,0.11178,3339030.0,1758456000000,373910.22678,3917,2025-09-21 11:00:00+00:00
1758456000000,0.11177,0.11323,0.11161,0.11214,3375201.0,1758459600000,379632.08941,3725,2025-09-21 12:00:00+00:00
1758459600000,0.11213,0.11324,0.11203,0.11254,2550614.0,1758463200000,286896.63251,2850,2025-09-21 13:00:00+00:00
1758463200000,0.11254,0.11276,0.11181,0.11181,1827512.0,1758466800000,204987.53807,3037,2025-09-21 14:00:00+00:00
1758466800000,0.11181,0.11235,0.11115,0.11127,2870408.0,1758470400000,320488.5185,3632,2025-09-21 15:00:00+00:00
1758470400000,0.11122,0.11161,0.10921,0.11044,4132362.0,1758474000000,456569.22987,5433,2025-09-21 16:00:00+00:00
1758474000000,0.11044,0.11069,0.10923,0.11055,3675563.0,1758477600000,403982.15269,3909,2025-09-21 17:00:00+00:00
1758477600000,0.11056,0.11074,0.10934,0.11028,3705258.0,1758481200000,407696.77265,3207,2025-09-21 18:00:00+00:00
1758481200000,0.11027,0.11036,0.10923,0.11017,2260056.0,1758484800000,247952.15313,2790,2025-09-21 19:00:00+00:00
1758484800000,0.11016,0.11021,0.10833,0.109,5894634.0,1758488400000,642733.79096,3775,2025-09-21 20:00:00+00:00
1758488400000,0.109,0.11028,0.109,0.1099,2049314.0,1758492000000,224894.8022,2489,2025-09-21 21:00:00+00:00
1758492000000,0.1099,0.1116,0.10949,0.11103,3852494.0,1758495600000,424794.11123,4427,2025-09-21 22:00:00+00:00
1758495600000,0.11102,0.11127,0.10942,0.1095,3276046.0,1758499200000,360372.52964,4524,2025-09-21 23:00:00+00:00
1758499200000,0.10951,0.11161,0.106,0.10737,15153993.0,1758502800000,1655072.68624,22716,2025-09-22 00:00:00+00:00
1758502800000,0.10736,0.10847,0.10638,0.10734,5397283.0,1758506400000,580031.15629,9646,2025-09-22 01:00:00+00:00
1758506400000,0.10735,0.10819,0.10537,0.1063,8884037.0,1758510000000,946390.087,11543,2025-09-22 02:00:00+00:00
1758510000000,0.10632,0.10821,0.10598,0.10714,6461881.0,1758513600000,692212.90324,8731,2025-09-22 03:00:00+00:00
1758513600000,0.10712,0.10834,0.10662,0.10813,3486805.0,1758517200000,374879.62359,4855,2025-09-22 04:00:00+00:00
1758517200000,0.10812,0.10828,0.10541,0.10555,4562633.0,1758520800000,489552.19983,6012,2025-09-22 05:00:00+00:00
1758520800000,0.10548,0.10559,0.09992,0.10408,16330238.0,1758524400000,1682224.35794,27025,2025-09-22 06:00:00+00:00
1758524400000,0.10406,0.10462,0.10323,0.10413,5854671.0,1758528000000,608095.55607,8192,2025-09-22 07:00:00+00:00
1758528000000,0.10414,0.10535,0.10352,0.10473,6269847.0,1758531600000,653981.7298,7972,2025-09-22 08:00:00+00:00
1758531600000,0.10472,0.1053,0.10245,0.10344,5165176.0,1758535200000,535770.05562,6778,2025-09-22 09:00:00+00:00
1758535200000,0.10344,0.10564,0.10324,0.10506,4398977.0,1758538800000,460616.03977,6077,2025-09-22 10:00:00+00:00
1758538800000,0.10506,0.10724,0.1043,0.10719,5401380.0,1758542400000,569280.03618,7181,2025-09-22 11:00:00+00:00
1758542400000,0.1072,0.10743,0.10601,0.10653,5742598.0,1758546000000,611434.54912,6681,2025-09-22 12:00:00+00:00
1758546000000,0.10652,0.10696,0.10475,0.10547,4933343.0,1758549600000,521227.24671,7631,2025-09-22 13:00:00+00:00
1758549600000,0.10548,0.10614,0.10462,0.10482,4524968.0,1758553200000,476034.78105,6268,2025-09-22 14:00:00+00:00
1758553200000,0.10481,0.1058,0.1044,0.10486,4601487.0,1758556800000,483154.54592,6438,2025-09-22 15:00:00+00:00
1758556800000,0.10485,0.10515,0.10306,0.10345,4877490.0,1758560400000,507350.85387,6746,2025-09-22 16:00:00+00:00
1758560400000,0.10343,0.10412,0.10265,0.10347,3611081.0,1758564000000,373404.97627,6124,2025-09-22 17:00:00+00:00
1758564000000,0.10347,0.10354,0.10226,0.10258,3541044.0,1758567600000,364183.72611,4832,2025-09-22 18:00:00+00:00
1758567600000,0.10258,0.10269,0.10079,0.1012,4752011.0,1758571200000,483556.65723,5108,2025-09-22 19:00:00+00:00
1758571200000,0.10121,0.1028,0.10121,0.10241,2911154.0,1758574800000,297696.25296,4324,2025-09-22 20:00:00+00:00
1758574800000,0.10241,0.10278,0.10205,0.10257,1796610.0,1758578400000,184043.17076,1520,2025-09-22 21:00:00+00:00
1758578400000,0.10255,0.10268,0.10211,0.10213,1333558.0,1758582000000,136618.13548,1198,2025-09-22 22:00:00+00:00
1758582000000,0.10213,0.10235,0.10186,0.10205,1463554.0,1758585600000,149433.10391,1248,2025-09-22 23:00:00+00:00
1758585600000,0.10205,0.10281,0.10155,0.10177,2184938.0,1758589200000,223487.94132,1644,2025-09-23 00:00:00+00:00
1758589200000,0.10177,0.10205,0.1006,0.10066,2135392.0,1758592800000,216300.76197,1700,2025-09-23 01:00:00+00:00
1758592800000,0.10065,0.10112,0.10032,0.10066,2051568.0,1758596400000,206604.09859,2084,2025-09-23 02:00:00+00:00
1758596400000,0.10067,0.10323,0.10017,0.10315,4591503.0,1758600000000,466644.53029,6207,2025-09-23 03:00:00+00:00
1758600000000,0.10316,0.10408,0.10153,0.10157,4990310.0,1758603600000,511818.26603,6367,2025-09-23 04:00:00+00:00
1758603600000,0.10158,0.10168,0.1,0.10081,8735167.0,1758607200000,878474.87111,7280,2025-09-23 05:00:00+00:00
1758607200000,0.10082,0.10254,0.10047,0.10176,3520463.0,1758610800000,357364.70554,5327,2025-09-23 06:00:00+00:00
1758610800000,0.10176,0.10285,0.10116,0.1016,4227337.0,1758614400000,431323.69689,5894,2025-09-23 07:00:00+00:00
1758614400000,0.10161,0.10242,0.10126,0.10241,2747563.0,1758618000000,280079.01279,3490,2025-09-23 08:00:00+00:00
1758618000000,0.10241,0.10286,0.10164,0.10183,2491487.0,1758621600000,254604.96562,3190,2025-09-23 09:00:00+00:00
1758621600000,0.10182,0.10187,0.101,0.1015,4581538.0,1758625200000,464265.40061,4334,2025-09-23 10:00:00+00:00
1758625200000,0.10149,0.10234,0.10103,0.10198,4368705.0,1758628800000,444445.04951,4095,2025-09-23 11:00:00+00:00
1758628800000,0.10197,0.10235,0.10118,0.10127,3091914.0,1758632400000,315056.82483,3665,2025-09-23 12:00:00+00:00
1758632400000,0.10126,0.10267,0.10108,0.10159,5122652.0,1758636000000,521074.91384,5575,2025-09-23 13:00:00+00:00
1758636000000,0.1016,0.1031,0.10057,0.1026,9050183.0,1758639600000,922855.59898,9996,2025-09-23 14:00:00+00:00
1758639600000,0.1026,0.10352,0.10182,0.10235,5585777.0,1758643200000,574423.0939,7357,2025-09-23 15:00:00+00:00
1758643200000,0.10236,0.10341,0.10167,0.10294,3920926.0,1758646800000,402017.72132,5883,2025-09-23 16:00:00+00:00
1758646800000,0.10294,0.10312,0.10098,0.1011,3559075.0,1758650400000,363027.33515,4975,2025-09-23 17:00:00+00:00
1758650400000,0.10111,0.10179,0.10063,0.10132,3088552.0,1758654000000,312575.71299,4275,2025-09-23 18:00:00+00:00
1758654000000,0.10133,0.10276,0.101,0.10192,6106826.0,1758657600000,622438.86913,5645,2025-09-23 19:00:00+00:00
1758657600000,0.10194,0.10306,0.1014,0.10234,2831321.0,1758661200000,289484.35118,4007,2025-09-23 20:00:00+00:00
1758661200000,0.10234,0.10352,0.102,0.10295,2969255.0,1758664800000,305223.09091,2012,2025-09-23 21:00:00+00:00
1758664800000,0.10295,0.10317,0.10175,0.10185,1977700.0,1758668400000,202654.84537,2200,2025-09-23 22:00:00+00:00
1758668400000,0.10184,0.10191,0.10087,0.10118,2382609.0,1758672000000,241781.81393,2690,2025-09-23 23:00:00+00:00
1758672000000,0.10117,0.10279,0.1011,0.10244,2105512.0,1758675600000,214765.20851,3049,2025-09-24 00:00:00+00:00
1758675600000,0.10242,0.10432,0.10194,0.10263,4187335.0,1758679200000,432401.05272,5179,2025-09-24 01:00:00+00:00
1758679200000,0.10262,0.10277,0.1011,0.10186,4512721.0,1758682800000,460162.61006,6173,2025-09-24 02:00:00+00:00
1758682800000,0.10185,0.10241,0.09968,0.09985,6264552.0,1758686400000,631498.56617,7844,2025-09-24 03:00:00+00:00
1758686400000,0.09984,0.10203,0.0987,0.10093,7469892.0,1758690000000,747616.30911,11866,2025-09-24 04:00:00+00:00
1758690000000,0.10095,0.10246,0.10057,0.10208,3229889.0,1758693600000,327530.83463,4540,2025-09-24 05:00:00+00:00
1758693600000,0.1021,0.10323,0.10178,0.10248,4786630.0,1758697200000,490379.71521,5549,2025-09-24 06:00:00+00:00
1758697200000,0.10247,0.10349,0.10197,0.1033,3879082.0,1758700800000,397917.77769,4711,2025-09-24 07:00:00+00:00
1758700800000,0.10329,0.1037,0.10268,0.10316,3829334.0,1758704400000,395122.01862,5076,2025-09-24 08:00:00+00:00
1758704400000,0.10317,0.10492,0.10307,0.1042,4552801.0,1758708000000,472947.39144,6627,2025-09-24 09:00:00+00:00
1758708000000,0.1042,0.10435,0.10291,0.10331,4554651.0,1758711600000,471885.84574,6814,2025-09-24 10:00:00+00:00
1758711600000,0.10331,0.10461,0.10305,0.10382,5397442.0,1758715200000,559989.17003,7593,2025-09-24 11:00:00+00:00
1758715200000,0.10384,0.10472,0.10365,0.10405,4275108.0,1758718800000,445065.07876,5744,2025-09-24 12:00:00+00:00
1758718800000,0.10405,0.10455,0.10312,0.10314,4612215.0,1758722400000,479361.32909,6251,2025-09-24 13:00:00+00:00
1758722400000,0.10313,0.10499,0.10311,0.10432,4660318.0,1758726000000,485905.54458,6660,2025-09-24 14:00:00+00:00
1758726000000,0.10433,0.10476,0.10325,0.10354,3901512.0,1758729600000,405387.40621,5835,2025-09-24 15:00:00+00:00
1758729600000,0.10354,0.10613,0.10313,0.10521,5137218.0,1758733200000,538507.52734,5789,2025-09-24 16:00:00+00:00
1758733200000,0.10522,0.10725,0.1051,0.10592,9569233.0,1758736800000,1017408.8699,7927,2025-09-24 17:00:00+00:00
1758736800000,0.10593,0.10611,0.1037,0.10387,4974760.0,1758740400000,519964.67363,5942,2025-09-24 18:00:00+00:00
1758740400000,0.10387,0.1042,0.10371,0.10392,2625596.0,1758744000000,272748.46677,3254,2025-09-24 19:00:00+00:00
1758744000000,0.10392,0.10443,0.10373,0.10416,1735686.0,1758747600000,180518.34966,2436,2025-09-24 20:00:00+00:00
1758747600000,0.10415,0.10426,0.10258,0.10281,1371628.0,1758751200000,142332.05587,1694,2025-09-24 21:00:00+00:00
1758751200000,0.10283,0.10333,0.10251,0.10282,3631405.0,1758754800000,373802.61509,3947,2025-09-24 22:00:00+00:00
1758754800000,0.10283,0.10402,0.10239,0.10277,3625457.0,1758758400000,373918.39233,4034,2025-09-24 23:00:00+00:00
1758758400000,0.10276,0.10281,0.10108,0.10137,3748895.0,1758762000000,381582.5682,4230,2025-09-25 00:00:00+00:00
1758762000000,0.10136,0.10215,0.10095,0.10108,4459976.0,1758765600000,452851.81626,7235,2025-09-25 01:00:00+00:00
1758765600000,0.10109,0.1022,0.10021,0.10137,4486911.0,1758769200000,454061.37507,6573,2025-09-25 02:00:00+00:00
1758769200000,0.10136,0.10142,0.09936,0.10045,4413669.0,1758772800000,442097.03838,5974,2025-09-25 03:00:00+00:00
1758772800000,0.10044,0.10086,0.099,0.09992,4574972.0,1758776400000,456941.64419,7117,2025-09-25 04:00:00+00:00
1758776400000,0.09991,0.10113,0.09933,0.09978,4336211.0,1758780000000,434881.39689,5224,2025-09-25 05:00:00+00:00
1758780000000,0.09981,0.10014,0.09836,0.09889,4566249.0,1758783600000,452585.50204,6007,2025-09-25 06:00:00+00:00
1758783600000,0.0989,0.09983,0.0982,0.09846,3594027.0,1758787200000,356239.73482,5055,2025-09-25 07:00:00+00:00
1758787200000,0.09846,0.10006,0.09833,0.09933,3482307.0,1758790800000,345815.52635,5137,2025-09-25 08:00:00+00:00
1758790800000,0.09933,0.1009,0.09909,0.0996,3820104.0,1758794400000,382685.2002,5341,2025-09-25 09:00:00+00:00
1758794400000,0.09959,0.10019,0.09896,0.09896,3033891.0,1758798000000,301901.35999,3307,2025-09-25 10:00:00+00:00
1758798000000,0.09896,0.09956,0.09861,0.09908,2723996.0,1758801600000,270222.81782,4377,2025-09-25 11:00:00+00:00
1758801600000,0.09908,0.10009,0.0971,0.09901,9332497.0,1758805200000,923007.69221,11784,2025-09-25 12:00:00+00:00
1758805200000,0.09902,0.10004,0.09804,0.09858,12240187.0,1758808800000,1209280.33626,15374,2025-09-25 13:00:00+00:00
1758808800000,0.09859,0.101,0.09859,0.09925,6968414.0,1758812400000,694855.65942,7854,2025-09-25 14:00:00+00:00
1758812400000,0.09925,0.09968,0.09782,0.09828,5124270.0,1758816000000,505177.1774,6239,2025-09-25 15:00:00+00:00
1758816000000,0.09828,0.09918,0.097,0.09722,4637681.0,1758819600000,454818.44827,6419,2025-09-25 16:00:00+00:00
1758819600000,0.0972,0.09743,0.09483,0.09566,9292280.0,1758823200000,895703.1588,14176,2025-09-25 17:00:00+00:00
1758823200000,0.09567,0.09852,0.09557,0.09837,5549111.0,1758826800000,540085.40647,9492,2025-09-25 18:00:00+00:00
1758826800000,0.09837,0.09897,0.0979,0.09816,3056731.0,1758830400000,300675.18907,4431,2025-09-25 19:00:00+00:00
1758830400000,0.09817,0.09821,0.09644,0.09687,3217494.0,1758834000000,312852.02042,4233,2025-09-25 20:00:00+00:00
1758834000000,0.09685,0.09818,0.09681,0.0976,1751953.0,1758837600000,170623.12622,2026,2025-09-25 21:00:00+00:00
1758837600000,0.09763,0.09838,0.09639,0.09708,1853332.0,1758841200000,180238.71632,1818,2025-09-25 22:00:00+00:00
1758841200000,0.09708,0.09786,0.09568,0.09676,2385828.0,1758844800000,230310.40834,2475,2025-09-25 23:00:00+00:00
1758844800000,0.09677,0.09785,0.096,0.09761,2625467.0,1758848400000,254627.10201,3605,2025-09-26 00:00:00+00:00
1758848400000,0.09761,0.09873,0.09761,0.09827,3089120.0,1758852000000,303345.7227,5132,2025-09-26 01:00:00+00:00
1758852000000,0.09826,0.09898,0.09756,0.09799,3461962.0,1758855600000,339931.90238,4540,2025-09-26 02:00:00+00:00
1758855600000,0.09798,0.09871,0.09744,0.09796,3017171.0,1758859200000,295608.23674,3571,2025-09-26 03:00:00+00:00
1758859200000,0.09795,0.09831,0.0968,0.0969,2841521.0,1758862800000,277052.66603,3120,2025-09-26 04:00:00+00:00
1758862800000,0.0969,0.09834,0.09678,0.09686,2120133.0,1758866400000,206649.18615,2757,2025-09-26 05:00:00+00:00
1758866400000,0.09688,0.09799,0.09651,0.09722,2466876.0,1758870000000,240100.29746,3497,2025-09-26 06:00:00+00:00
1758870000000,0.09722,0.09802,0.09662,0.09774,3109992.0,1758873600000,302812.77621,3663,2025-09-26 07:00:00+00:00
1758873600000,0.09775,0.09844,0.09762,0.0978,2828388.0,1758877200000,277271.94917,3920,2025-09-26 08:00:00+00:00
1758877200000,0.09781,0.09819,0.0965,0.0967,2512737.0,1758880800000,244417.3337,3241,2025-09-26 09:00:00+00:00
1758880800000,0.09672,0.09679,0.09504,0.09567,4139557.0,1758884400000,395633.83138,4524,2025-09-26 10:00:00+00:00
1758884400000,0.09567,0.0961,0.09465,0.09478,3948652.0,1758888000000,375942.46755,4821,2025-09-26 11:00:00+00:00
1758888000000,0.09478,0.09709,0.09422,0.09639,7199688.0,1758891600000,688225.96002,10166,2025-09-26 12:00:00+00:00
1758891600000,0.0964,0.09663,0.09501,0.09625,4780648.0,1758895200000,457999.05925,7573,2025-09-26 13:00:00+00:00
1758895200000,0.09625,0.09653,0.09504,0.09579,3489636.0,1758898800000,334383.32671,6249,2025-09-26 14:00:00+00:00
1758898800000,0.0958,0.09789,0.09572,0.09752,3620897.0,1758902400000,351581.26785,5680,2025-09-26 15:00:00+00:00
1758902400000,0.09753,0.0988,0.09719,0.09749,4078675.0,1758906000000,399376.3466,4818,2025-09-26 16:00:00+00:00
1758906000000,0.09746,0.0998,0.09727,0.09979,3865114.0,1758909600000,381646.67405,5109,2025-09-26 17:00:00+00:00
1758909600000,0.09979,0.10327,0.09976,0.10301,7723610.0,1758913200000,786944.90848,9274,2025-09-26 18:00:00+00:00
1758913200000,0.10303,0.10377,0.10188,0.10377,6828646.0,1758916800000,700862.93797,9037,2025-09-26 19:00:00+00:00
1758916800000,0.10378,0.10425,0.1007,0.10075,4753525.0,1758920400000,487802.86197,6386,2025-09-26 20:00:00+00:00
1758920400000,0.10075,0.10076,0.09998,0.10025,2843802.0,1758924000000,285160.70848,2284,2025-09-26 21:00:00+00:00
1758924000000,0.10026,0.10062,0.10002,0.10002,1875442.0,1758927600000,188065.66923,1948,2025-09-26 22:00:00+00:00
1758927600000,0.10001,0.10001,0.09904,0.09933,1860073.0,1758931200000,184927.65523,1893,2025-09-26 23:00:00+00:00
1758931200000,0.09934,0.09984,0.09916,0.09947,1980720.0,1758934800000,196951.87382,2537,2025-09-27 00:00:00+00:00
1758934800000,0.09947,0.0995,0.09868,0.09873,1627498.0,1758938400000,161086.58607,1709,2025-09-27 01:00:00+00:00
1758938400000,0.09872,0.09925,0.09865,0.09887,1695442.0,1758942000000,167836.00598,1786,2025-09-27 02:00:00+00:00
1758942000000,0.09887,0.09952,0.09885,0.09907,1892277.0,1758945600000,187780.05375,1777,2025-09-27 03:00:00+00:00
1758945600000,0.09906,0.09916,0.09864,0.09911,1419867.0,1758949200000,140442.44591,1498,2025-09-27 04:00:00+00:00
1758949200000,0.09912,0.09945,0.09876,0.09919,1412695.0,1758952800000,139899.17121,1444,2025-09-27 05:00:00+00:00
1758952800000,0.09918,0.09931,0.09878,0.09908,2235381.0,1758956400000,221409.41697,1585,2025-09-27 06:00:00+00:00
1758956400000,0.09909,0.09935,0.09818,0.09843,1783008.0,1758960000000,175899.64927,1877,2025-09-27 07:00:00+00:00
1758960000000,0.09843,0.09902,0.09821,0.09862,2259187.0,1758963600000,222886.08623,1972,2025-09-27 08:00:00+00:00
1758963600000,0.09861,0.09964,0.09816,0.09962,2447424.0,1758967200000,242172.03778,2364,2025-09-27 09:00:00+00:00
1758967200000,0.09962,0.10202,0.09954,0.10133,3069254.0,1758970800000,309303.50285,3861,2025-09-27 10:00:00+00:00
1758970800000,0.10132,0.10175,0.10074,0.10099,2216833.0,1758974400000,224301.72175,2712,2025-09-27 11:00:00+00:00
1758974400000,0.10099,0.10113,0.10014,0.10057,2462792.0,1758978000000,247569.13599,2758,2025-09-27 12:00:00+00:00
1758978000000,0.10056,0.10056,0.0999,0.10007,2022680.0,1758981600000,202446.1966,2085,2025-09-27 13:00:00+00:00
1758981600000,0.10008,0.10129,0.09998,0.1004,3049567.0,1758985200000,307234.55991,3660,2025-09-27 14:00:00+00:00
1758985200000,0.10042,0.10043,0.09918,0.09948,6053479.0,1758988800000,602392.05775,3924,2025-09-27 15:00:00+00:00
1758988800000,0.09948,0.09995,0.0994,0.09966,2264965.0,1758992400000,225683.97538,2672,2025-09-27 16:00:00+00:00
1758992400000,0.09966,0.09981,0.09913,0.09965,3685330.0,1758996000000,366736.26464,4753,2025-09-27 17:00:00+00:00
1758996000000,0.09964,0.10022,0.09953,0.10017,1850800.0,1758999600000,185075.10326,1994,2025-09-27 18:00:00+00:00
1758999600000,0.10016,0.10033,0.09992,0.10014,1647798.0,1759003200000,164980.27993,1576,2025-09-27 19:00:00+00:00
1759003200000,0.10014,0.1013,0.10014,0.10122,1743713.0,1759006800000,175722.86493,1811,2025-09-27 20:00:00+00:00
1759006800000,0.10123,0.10257,0.10115,0.10239,2081660.0,1759010400000,211866.44254,1955,2025-09-27 21:00:00+00:00
1759010400000,0.10239,0.10389,0.10234,0.10295,3880799.0,1759014000000,401111.58447,4501,2025-09-27 22:00:00+00:00
1759014000000,0.10294,0.10314,0.10092,0.10103,3091905.0,1759017600000,314991.54757,3689,2025-09-27 23:00:00+00:00
1759017600000,0.10104,0.10113,0.1002,0.1004,2284479.0,1759021200000,229656.39175,2921,2025-09-28 00:00:00+00:00
1759021200000,0.1004,0.10045,0.09846,0.09849,2784790.0,1759024800000,277043.16396,3291,2025-09-28 01:00:00+00:00
1759024800000,0.09848,0.09886,0.09812,0.09878,2434347.0,1759028400000,239734.08332,2577,2025-09-28 02:00:00+00:00
1759028400000,0.09878,0.09947,0.09878,0.09914,3132743.0,1759032000000,310880.78877,2089,2025-09-28 03:00:00+00:00
1759032000000,0.09914,0.09931,0.09829,0.09876,2104886.0,1759035600000,208048.54669,2279,2025-09-28 04:00:00+00:00
1759035600000,0.09876,0.09934,0.09863,0.09899,1485456.0,1759039200000,146949.57338,1651,2025-09-28 05:00:00+00:00
1759039200000,0.09898,0.09907,0.09796,0.09848,1934116.0,1759042800000,190627.21542,2222,2025-09-28 06:00:00+00:00
1759042800000,0.09847,0.09891,0.09788,0.09804,2692830.0,1759046400000,264777.04909,2794,2025-09-28 07:00:00+00:00
1759046400000,0.09803,0.09842,0.09772,0.09799,2328897.0,1759050000000,228290.99991,2558,2025-09-28 08:00:00+00:00
1759050000000,0.09799,0.09819,0.0974,0.0974,2059581.0,1759053600000,201245.83719,2384,2025-09-28 09:00:00+00:00
1759053600000,0.09739,0.09873,0.09723,0.09869,1630746.0,1759057200000,159837.75426,2043,2025-09-28 10:00:00+00:00
1759057200000,0.0987,0.09871,0.09781,0.09837,2001552.0,1759060800000,196684.28426,2290,2025-09-28 11:00:00+00:00
1759060800000,0.09836,0.09845,0.09709,0.09745,1849547.0,1759064400000,180533.537,2116,2025-09-28 12:00:00+00:00
1759064400000,0.09746,0.09991,0.09746,0.09967,2414003.0,1759068000000,238021.10668,2981,2025-09-28 13:00:00+00:00
1759068000000,0.09968,0.10053,0.09939,0.09981,2822284.0,1759071600000,282329.06826,3002,2025-09-28 14:00:00+00:00
1759071600000,0.09982,0.09989,0.09932,0.09968,1912772.0,1759075200000,190440.86596,1972,2025-09-28 15:00:00+00:00
1759075200000,0.09969,0.10098,0.09969,0.10009,2763239.0,1759078800000,276846.7411,2757,2025-09-28 16:00:00+00:00
1759078800000,0.10009,0.10074,0.09988,0.10036,2133315.0,1759082400000,213782.37634,2310,2025-09-28 17:00:00+00:00
1759082400000,0.10036,0.10068,0.1,0.10017,2139279.0,1759086000000,214409.8113,1644,2025-09-28 18:00:00+00:00
1759086000000,0.10017,0.10044,0.10005,0.10035,1445118.0,1759089600000,144866.31394,1379,2025-09-28 19:00:00+00:00
1759089600000,0.10036,0.10131,0.10023,0.101,2652237.0,1759093200000,267640.6713,1857,2025-09-28 20:00:00+00:00
1759093200000,0.101,0.10167,0.101,0.10129,1370571.0,1759096800000,138882.63579,927,2025-09-28 21:00:00+00:00
1759096800000,0.10131,0.10271,0.10107,0.10247,3258961.0,1759100400000,332302.23465,3777,2025-09-28 22:00:00+00:00
1759100400000,0.10248,0.10302,0.10218,0.10231,2326308.0,1759104000000,238411.35553,2501,2025-09-28 23:00:00+00:00
1759104000000,0.1023,0.10241,0.10148,0.10206,2448006.0,1759107600000,249704.12833,2274,2025-09-29 00:00:00+00:00
1759107600000,0.10206,0.10244,0.10187,0.10207,1582036.0,1759111200000,161625.85725,1937,2025-09-29 01:00:00+00:00
1759111200000,0.10208,0.10234,0.10178,0.10215,1766296.0,1759114800000,180191.14856,1982,2025-09-29 02:00:00+00:00
1759114800000,0.10215,0.10227,0.10172,0.10199,2023137.0,1759118400000,206370.97436,1980,2025-09-29 03:00:00+00:00
1759118400000,0.10199,0.10199,0.10139,0.10139,1559588.0,1759122000000,158497.26198,1131,2025-09-29 04:00:00+00:00
1759122000000,0.1014,0.10147,0.10012,0.1003,3157556.0,1759125600000,317976.08649,2215,2025-09-29 05:00:00+00:00
1759125600000,0.1003,0.10031,0.09888,0.09891,3264011.0,1759129200000,324903.85233,2987,2025-09-29 06:00:00+00:00
1759129200000,0.0989,0.09938,0.09857,0.0991,1672242.0,1759132800000,165626.32008,1836,2025-09-29 07:00:00+00:00
1759132800000,0.09911,0.09996,0.09903,0.09983,1612726.0,1759136400000,160442.34866,1961,2025-09-29 08:00:00+00:00
1759136400000,0.09983,0.10015,0.09961,0.0998,2068010.0,1759140000000,206566.47789,2120,2025-09-29 09:00:00+00:00
1759140000000,0.09981,0.09981,0.0984,0.09843,2950763.0,1759143600000,292549.77308,2416,2025-09-29 10:00:00+00:00
1759143600000,0.09844,0.09846,0.09715,0.09736,3748600.0,1759147200000,365991.25651,3303,2025-09-29 11:00:00+00:00
1759147200000,0.09736,0.09737,0.09501,0.09555,3963517.0,1759150800000,381048.0203,3848,2025-09-29 12:00:00+00:00
1759150800000,0.09554,0.09728,0.09514,0.0969,4041424.0,1759154400000,388364.80484,4865,2025-09-29 13:00:00+00:00
1759154400000,0.0969,0.09843,0.09686,0.09841,2932270.0,1759158000000,287076.23245,4722,2025-09-29 14:00:00+00:00
1759158000000,0.09841,0.09868,0.09693,0.09703,2953232.0,1759161600000,288737.5045,3491,2025-09-29 15:00:00+00:00
1759161600000,0.09704,0.09735,0.09554,0.0956,1766089.0,1759165200000,170446.18902,2671,2025-09-29 16:00:00+00:00
1759165200000,0.0956,0.09577,0.09472,0.0956,2754087.0,1759168800000,262435.92996,3417,2025-09-29 17:00:00+00:00
1759168800000,0.0956,0.0956,0.0945,0.09465,2271439.0,1759172400000,215370.48747,2326,2025-09-29 18:00:00+00:00
1759172400000,0.09466,0.0955,0.09447,0.09542,1658144.0,1759176000000,157553.49464,1984,2025-09-29 19:00:00+00:00
1759176000000,0.09543,0.09701,0.09543,0.09686,2240836.0,1759179600000,216300.30896,3031,2025-09-29 20:00:00+00:00
1759179600000,0.09686,0.097,0.09638,0.09643,1230886.0,1759183200000,118999.05217,1028,2025-09-29 21:00:00+00:00
1759183200000,0.09643,0.09646,0.09551,0.09582,1918398.0,1759186800000,184045.4063,1529,2025-09-29 22:00:00+00:00
1759186800000,0.09583,0.09603,0.09538,0.09596,2047312.0,1759190400000,196025.92175,2060,2025-09-29 23:00:00+00:00
1759190400000,0.09596,0.09603,0.09457,0.09478,3329471.0,1759194000000,317763.63858,3652,2025-09-30 00:00:00+00:00
1759194000000,0.09479,0.09554,0.09366,0.09478,3618084.0,1759197600000,342216.64872,3975,2025-09-30 01:00:00+00:00
1759197600000,0.09478,0.09547,0.09452,0.09489,2449398.0,1759201200000,232736.00345,2528,2025-09-30 02:00:00+00:00
1759201200000,0.09489,0.09605,0.09473,0.09529,2371669.0,1759204800000,226388.49665,2494,2025-09-30 03:00:00+00:00
1759204800000,0.09528,0.0955,0.09466,0.09472,2078061.0,1759208400000,197769.47742,2046,2025-09-30 04:00:00+00:00
1759208400000,0.09473,0.09485,0.09386,0.09421,2571401.0,1759212000000,242701.71336,2497,2025-09-30 05:00:00+00:00
1759212000000,0.0942,0.09467,0.09386,0.09453,2662964.0,1759215600000,250860.40835,2292,2025-09-30 06:00:00+00:00
1759215600000,0.09451,0.09491,0.09373,0.0943,2171190.0,1759219200000,204651.9996,2121,2025-09-30 07:00:00+00:00
1759219200000,0.0943,0.09458,0.09387,0.09387,2293457.0,1759222800000,216050.80598,1910,2025-09-30 08:00:00+00:00
1759222800000,0.09389,0.09438,0.09178,0.09222,5842343.0,1759226400000,544385.73815,5849,2025-09-30 09:00:00+00:00
1759226400000,0.09222,0.09227,0.09156,0.09179,2315058.0,1759230000000,212840.48825,2729,2025-09-30 10:00:00+00:00
1759230000000,0.09179,0.09184,0.09125,0.09136,2667738.0,1759233600000,244073.48927,2245,2025-09-30 11:00:00+00:00
1759233600000,0.09136,0.09154,0.09046,0.09054,2744231.0,1759237200000,249876.59131,3075,2025-09-30 12:00:00+00:00
1759237200000,0.09055,0.0922,0.09026,0.09144,9115550.0,1759240800000,834370.19206,7567,2025-09-30 13:00:00+00:00
1759240800000,0.09143,0.09219,0.09107,0.09195,2836730.0,1759244400000,260164.77093,4698,2025-09-30 14:00:00+00:00
1759244400000,0.09195,0.09195,0.09014,0.09128,2754326.0,1759248000000,250455.26893,4722,2025-09-30 15:00:00+00:00
1759248000000,0.09127,0.09198,0.0908,0.09141,2387224.0,1759251600000,217918.46976,2936,2025-09-30 16:00:00+00:00
1759251600000,0.0914,0.09307,0.09126,0.09127,4225783.0,1759255200000,388420.13787,4618,2025-09-30 17:00:00+00:00
1759255200000,0.09128,0.09239,0.09096,0.0923,2168129.0,1759258800000,199183.35693,2125,2025-09-30 18:00:00+00:00
1759258800000,0.0923,0.09373,0.09223,0.09331,3250098.0,1759262400000,302078.86519,5055,2025-09-30 19:00:00+00:00
1759262400000,0.0933,0.09333,0.09154,0.09271,9857939.0,1759266000000,910635.61348,8665,2025-09-30 20:00:00+00:00
1759266000000,0.0927,0.0928,0.09139,0.09141,3055137.0,1759269600000,281610.67204,2588,2025-09-30 21:00:00+00:00
1759269600000,0.09139,0.09186,0.09041,0.09047,2330239.0,1759273200000,212325.1437,2638,2025-09-30 22:00:00+00:00
1759273200000,0.09047,0.0905,0.09009,0.09035,2086695.0,1759276800000,188418.85672,2023,2025-09-30 23:00:00+00:00
1759276800000,0.09034,0.09112,0.08985,0.09054,3209637.0,1759280400000,290170.40511,2858,2025-10-01 00:00:00+00:00
1759280400000,0.09055,0.09297,0.09041,0.09245,4034405.0,1759284000000,370474.07176,3265,2025-10-01 01:00:00+00:00
1759284000000,0.09244,0.09287,0.09216,0.09263,1779763.0,1759287600000,164672.85169,1925,2025-10-01 02:00:00+00:00
1759287600000,0.09262,0.09309,0.09164,0.09189,2168781.0,1759291200000,200404.73471,2299,2025-10-01 03:00:00+00:00
1759291200000,0.09187,0.09554,0.09183,0.09457,7040126.0,1759294800000,662824.02171,7600,2025-10-01 04:00:00+00:00
1759294800000,0.09458,0.09696,0.09451,0.09631,5066175.0,1759298400000,486734.76721,6921,2025-10-01 05:00:00+00:00
1759298400000,0.09632,0.0972,0.09537,0.09562,4742179.0,1759302000000,456784.38573,5721,2025-10-01 06:00:00+00:00
1759302000000,0.09561,0.09579,0.09433,0.0948,5799372.0,1759305600000,550801.36098,5816,2025-10-01 07:00:00+00:00
1759305600000,0.09479,0.09872,0.09423,0.09842,9161448.0,1759309200000,885457.6662,13120,2025-10-01 08:00:00+00:00
1759309200000,0.09843,0.09998,0.09833,0.09977,8027876.0,1759312800000,796996.21933,11892,2025-10-01 09:00:00+00:00
1759312800000,0.09978,0.10004,0.09825,0.09835,4932818.0,1759316400000,488946.32661,5751,2025-10-01 10:00:00+00:00
1759316400000,0.09836,0.09879,0.09781,0.09804,3194147.0,1759320000000,313817.80437,3406,2025-10-01 11:00:00+00:00
1759320000000,0.09804,0.09821,0.09727,0.09737,3372990.0,1759323600000,329042.81519,3931,2025-10-01 12:00:00+00:00
1759323600000,0.09736,0.0981,0.09669,0.09713,4469187.0,1759327200000,435706.26871,4626,2025-10-01 13:00:00+00:00
1759327200000,0.09712,0.09769,0.09675,0.09687,3557232.0,1759330800000,345814.48267,4569,2025-10-01 14:00:00+00:00
1759330800000,0.09689,0.09869,0.09686,0.09822,3530802.0,1759334400000,345597.52257,3944,2025-10-01 15:00:00+00:00
1759334400000,0.09822,0.0983,0.09717,0.09743,2871223.0,1759338000000,280945.30409,3617,2025-10-01 16:00:00+00:00
1759338000000,0.09743,0.09872,0.0974,0.09825,2748226.0,1759341600000,269446.41782,3272,2025-10-01 17:00:00+00:00
1759341600000,0.09828,0.09831,0.0975,0.09781,2124887.0,1759345200000,208120.97861,2226,2025-10-01 18:00:00+00:00
1759345200000,0.09781,0.0982,0.09778,0.09789,2139953.0,1759348800000,209670.99303,2288,2025-10-01 19:00:00+00:00
1759348800000,0.09789,0.09791,0.09727,0.09747,2016048.0,1759352400000,196632.28375,1833,2025-10-01 20:00:00+00:00
1759352400000,0.09747,0.09763,0.09697,0.0972,1478430.0,1759356000000,143811.17109,1139,2025-10-01 21:00:00+00:00
1759356000000,0.0972,0.09766,0.09683,0.09696,1620660.0,1759359600000,157512.16269,1373,2025-10-01 22:00:00+00:00
1759359600000,0.09696,0.09778,0.09671,0.09733,2252418.0,1759363200000,218671.15016,2299,2025-10-01 23:00:00+00:00
1759363200000,0.09734,0.09863,0.09724,0.09835,3378012.0,1759366800000,331609.66726,4767,2025-10-02 00:00:00+00:00
1759366800000,0.09835,0.09988,0.09826,0.09962,2568526.0,1759370400000,254132.60905,3423,2025-10-02 01:00:00+00:00
1759370400000,0.0996,0.10045,0.09927,0.10002,3059096.0,1759374000000,305474.30541,3960,2025-10-02 02:00:00+00:00
1759374000000,0.10003,0.1008,0.09976,0.10074,4369365.0,1759377600000,438672.77701,4147,2025-10-02 03:00:00+00:00
1759377600000,0.10075,0.10159,0.10032,0.10048,3498654.0,1759381200000,353201.42264,3981,2025-10-02 04:00:00+00:00
1759381200000,0.10048,0.10053,0.09972,0.09972,2391659.0,1759384800000,239488.33321,2068,2025-10-02 05:00:00+00:00
1759384800000,0.09971,0.09988,0.09905,0.0993,3066630.0,1759388400000,304936.62516,3018,2025-10-02 06:00:00+00:00
1759388400000,0.09929,0.09936,0.09849,0.09863,1516787.0,1759392000000,149978.93765,1731,2025-10-02 07:00:00+00:00
1759392000000,0.09865,0.09892,0.09837,0.09866,1049354.0,1759395600000,103548.89074,1691,2025-10-02 08:00:00+00:00
1759395600000,0.09866,0.0996,0.09824,0.09952,1473451.0,1759399200000,145701.16423,2004,2025-10-02 09:00:00+00:00
1759399200000,0.09952,0.09997,0.09911,0.09981,2202794.0,1759402800000,219205.45494,1892,2025-10-02 10:00:00+00:00
1759402800000,0.0998,0.10185,0.09956,0.10131,3254492.0,1759406400000,327798.49441,4324,2025-10-02 11:00:00+00:00
1759406400000,0.10131,0.10259,0.10072,0.10101,3655228.0,1759410000000,371422.81348,3843,2025-10-02 12:00:00+00:00
1759410000000,0.10102,0.10115,0.09954,0.10038,2706679.0,1759413600000,271515.28114,4341,2025-10-02 13:00:00+00:00
1759413600000,0.10038,0.10059,0.09812,0.09865,3981276.0,1759417200000,395216.64414,5437,2025-10-02 14:00:00+00:00
1759417200000,0.09865,0.09954,0.09767,0.09908,3370808.0,1759420800000,331645.51323,4459,2025-10-02 15:00:00+00:00
1759420800000,0.09907,0.10065,0.09888,0.09944,5500062.0,1759424400000,549412.38944,5853,2025-10-02 16:00:00+00:00
1759424400000,0.09947,0.0997,0.09903,0.09962,3289063.0,1759428000000,327114.52432,3150,2025-10-02 17:00:00+00:00
1759428000000,0.09962,0.09987,0.09899,0.09912,3679678.0,1759431600000,365978.80832,2939,2025-10-02 18:00:00+00:00
1759431600000,0.09912,0.09999,0.09888,0.09975,4129493.0,1759435200000,411538.71906,3300,2025-10-02 19:00:00+00:00
1759435200000,0.09976,0.09981,0.09856,0.09928,2277441.0,1759438800000,225767.82167,2230,2025-10-02 20:00:00+00:00
1759438800000,0.09927,0.09945,0.09872,0.09888,1190680.0,1759442400000,117893.89605,1203,2025-10-02 21:00:00+00:00
1759442400000,0.09887,0.09919,0.09868,0.09916,1973417.0,1759446000000,195259.11035,1859,2025-10-02 22:00:00+00:00
1759446000000,0.09916,0.09922,0.09869,0.09895,1383080.0,1759449600000,136843.17562,1406,2025-10-02 23:00:00+00:00
1759449600000,0.09897,0.09907,0.09819,0.09828,2401756.0,1759453200000,236893.55601,2004,2025-10-03 00:00:00+00:00
1759453200000,0.09827,0.09846,0.09709,0.09735,4100436.0,1759456800000,400111.57156,3654,2025-10-03 01:00:00+00:00
1759456800000,0.09734,0.09765,0.09665,0.09705,2139833.0,1759460400000,207965.94522,2647,2025-10-03 02:00:00+00:00
1759460400000,0.09705,0.09831,0.09693,0.09731,3764093.0,1759464000000,367891.51044,3509,2025-10-03 03:00:00+00:00
1759464000000,0.09731,0.09833,0.09722,0.0979,1772954.0,1759467600000,173267.82594,2021,2025-10-03 04:00:00+00:00
1759467600000,0.09788,0.09801,0.09723,0.09762,1696663.0,1759471200000,165612.67931,1675,2025-10-03 05:00:00+00:00
1759471200000,0.09761,0.0982,0.09695,0.09742,1632153.0,1759474800000,159316.30937,1889,2025-10-03 06:00:00+00:00
1759474800000,0.09743,0.09762,0.0967,0.09713,2199340.0,1759478400000,213442.21082,2416,2025-10-03 07:00:00+00:00
1759478400000,0.09712,0.09738,0.09619,0.09733,2113616.0,1759482000000,204676.04507,2078,2025-10-03 08:00:00+00:00
1759482000000,0.09733,0.09788,0.0972,0.0976,2633502.0,1759485600000,256680.00348,3138,2025-10-03 09:00:00+00:00
1759485600000,0.09759,0.09759,0.09698,0.09711,2176650.0,1759489200000,211641.59961,2303,2025-10-03 10:00:00+00:00
1759489200000,0.0971,0.0971,0.09631,0.09635,1802245.0,1759492800000,174078.37545,2089,2025-10-03 11:00:00+00:00
1759492800000,0.09635,0.09711,0.09624,0.09667,2030366.0,1759496400000,196285.72978,2256,2025-10-03 12:00:00+00:00
1759496400000,0.09667,0.09715,0.09569,0.09661,3236799.0,1759500000000,312385.10156,4569,2025-10-03 13:00:00+00:00
1759500000000,0.0966,0.09719,0.09551,0.09684,2566217.0,1759503600000,247290.94283,4207,2025-10-03 14:00:00+00:00
1759503600000,0.09683,0.09887,0.09654,0.09875,3692771.0,1759507200000,361521.74281,4185,2025-10-03 15:00:00+00:00
1759507200000,0.09877,0.10212,0.09877,0.10017,9046645.0,1759510800000,907759.7001,14301,2025-10-03 16:00:00+00:00
1759510800000,0.10016,0.10032,0.09805,0.09878,5519604.0,1759514400000,548005.4776,11837,2025-10-03 17:00:00+00:00
1759514400000,0.09879,0.10093,0.09866,0.1007,2952508.0,1759518000000,295227.22852,6283,2025-10-03 18:00:00+00:00
1759518000000,0.10071,0.10141,0.10041,0.10068,2963262.0,1759521600000,299039.94816,4650,2025-10-03 19:00:00+00:00
1759521600000,0.10069,0.1011,0.10002,0.10102,1914788.0,1759525200000,192667.51705,2739,2025-10-03 20:00:00+00:00
1759525200000,0.10103,0.10111,0.10061,0.10086,1111348.0,1759528800000,112077.9261,1094,2025-10-03 21:00:00+00:00
1759528800000,0.10086,0.10281,0.10086,0.10167,5330708.0,1759532400000,544474.49164,5712,2025-10-03 22:00:00+00:00
1759532400000,0.10169,0.10172,0.1005,0.10093,4102996.0,1759536000000,414589.52916,3289,2025-10-03 23:00:00+00:00
1759536000000,0.10093,0.10131,0.10036,0.1011,2282453.0,1759539600000,230097.49674,2590,2025-10-04 00:00:00+00:00
1759539600000,0.10109,0.10109,0.09945,0.09974,2645974.0,1759543200000,265258.21336,3074,2025-10-04 01:00:00+00:00
1759543200000,0.09974,0.1,0.099,0.09929,2089299.0,1759546800000,207677.56242,2661,2025-10-04 02:00:00+00:00
1759546800000,0.09929,0.09944,0.09827,0.09829,2410791.0,1759550400000,237735.58141,2675,2025-10-04 03:00:00+00:00
1759550400000,0.09828,0.09876,0.09781,0.09824,2140543.0,1759554000000,210214.18507,2564,2025-10-04 04:00:00+00:00
1759554000000,0.09824,0.09878,0.09818,0.09843,2269516.0,1759557600000,223548.44003,2557,2025-10-04 05:00:00+00:00
1759557600000,0.09843,0.09945,0.09841,0.09877,2318786.0,1759561200000,229525.01296,2685,2025-10-04 06:00:00+00:00
1759561200000,0.09876,0.09889,0.09805,0.09831,1136965.0,1759564800000,112081.53072,1779,2025-10-04 07:00:00+00:00
1759564800000,0.09829,0.09854,0.09716,0.09749,2075617.0,1759568400000,202979.02596,2883,2025-10-04 08:00:00+00:00
1759568400000,0.09749,0.09804,0.09705,0.09719,2210269.0,1759572000000,215746.10452,2382,2025-10-04 09:00:00+00:00
1759572000000,0.09721,0.09757,0.09644,0.09668,2912302.0,1759575600000,282736.98045,3102,2025-10-04 10:00:00+00:00
1759575600000,0.09668,0.09729,0.0964,0.09711,2115290.0,1759579200000,204673.38142,2390,2025-10-04 11:00:00+00:00
1759579200000,0.09709,0.09796,0.0969,0.09729,1808675.0,1759582800000,176191.84015,1992,2025-10-04 12:00:00+00:00
1759582800000,0.09728,0.09974,0.09724,0.09952,2558319.0,1759586400000,252841.69531,3297,2025-10-04 13:00:00+00:00
1759586400000,0.09951,0.09951,0.09746,0.09746,3224582.0,1759590000000,317867.05683,4201,2025-10-04 14:00:00+00:00
1759590000000,0.09746,0.09791,0.09629,0.09703,3561406.0,1759593600000,345458.69592,5045,2025-10-04 15:00:00+00:00
1759593600000,0.09703,0.09821,0.09695,0.09807,2556941.0,1759597200000,249729.82239,3680,2025-10-04 16:00:00+00:00
1759597200000,0.09806,0.09811,0.09718,0.09739,1976591.0,1759600800000,193056.43451,1999,2025-10-04 17:00:00+00:00
1759600800000,0.09739,0.09749,0.09709,0.09718,1955098.0,1759604400000,190218.23135,1838,2025-10-04 18:00:00+00:00
1759604400000,0.09719,0.09769,0.09719,0.09757,1485236.0,1759608000000,144723.85425,1163,2025-10-04 19:00:00+00:00
1759608000000,0.09758,0.09819,0.09753,0.09781,1720210.0,1759611600000,168304.46983,1454,2025-10-04 20:00:00+00:00
1759611600000,0.0978,0.09927,0.09778,0.09893,1350887.0,1759615200000,133249.61735,1015,2025-10-04 21:00:00+00:00
1759615200000,0.09893,0.10064,0.09859,0.09993,2385088.0,1759618800000,237262.8301,2467,2025-10-04 22:00:00+00:00
1759618800000,0.09993,0.10047,0.09944,0.09946,2035450.0,1759622400000,203234.60338,2220,2025-10-04 23:00:00+00:00
1759622400000,0.09949,0.09985,0.0985,0.09852,1669797.0,1759626000000,165459.19665,1826,2025-10-05 00:00:00+00:00
1759626000000,0.09852,0.09911,0.0983,0.0991,1764958.0,1759629600000,174233.97211,1687,2025-10-05 01:00:00+00:00
1759629600000,0.09907,0.10143,0.09867,0.10119,3448470.0,1759633200000,345389.61745,5347,2025-10-05 02:00:00+00:00
1759633200000,0.10119,0.1019,0.10021,0.10032,3443274.0,1759636800000,348207.13301,5899,2025-10-05 03:00:00+00:00
1759636800000,0.10031,0.1016,0.09975,0.10141,2682995.0,1759640400000,269692.19172,4840,2025-10-05 04:00:00+00:00
1759640400000,0.10142,0.10266,0.10123,0.1014,3133835.0,1759644000000,319385.75269,4332,2025-10-05 05:00:00+00:00
1759644000000,0.10141,0.1016,0.10069,0.10102,3123436.0,1759647600000,315838.16681,3165,2025-10-05 06:00:00+00:00
1759647600000,0.10102,0.10196,0.10084,0.1018,2871050.0,1759651200000,291074.9677,3301,2025-10-05 07:00:00+00:00
1759651200000,0.1018,0.10226,0.1008,0.10166,4370269.0,1759654800000,443724.52926,3979,2025-10-05 08:00:00+00:00
1759654800000,0.10166,0.10182,0.09961,0.09976,4945317.0,1759658400000,497746.34903,6152,2025-10-05 09:00:00+00:00
1759658400000,0.09977,0.09978,0.09878,0.09897,2737951.0,1759662000000,271663.15352,3823,2025-10-05 10:00:00+00:00
1759662000000,0.09896,0.09936,0.09806,0.09912,2936702.0,1759665600000,289593.20716,3155,2025-10-05 11:00:00+00:00
1759665600000,0.09913,0.09947,0.09851,0.0987,2431481.0,1759669200000,240565.64564,3063,2025-10-05 12:00:00+00:00
1759669200000,0.0987,0.10024,0.09863,0.09982,2398355.0,1759672800000,238412.59411,2980,2025-10-05 13:00:00+00:00
1759672800000,0.09982,0.10016,0.0989,0.09944,2172502.0,1759676400000,216332.641,3247,2025-10-05 14:00:00+00:00
1759676400000,0.09943,0.10041,0.09923,0.10012,1723560.0,1759680000000,172155.9749,2013,2025-10-05 15:00:00+00:00
1759680000000,0.10011,0.1004,0.09871,0.09976,2348380.0,1759683600000,234071.65335,3209,2025-10-05 16:00:00+00:00
1759683600000,0.09975,0.10003,0.09756,0.0979,4004326.0,1759687200000,395538.89695,4338,2025-10-05 17:00:00+00:00
1759687200000,0.09789,0.0983,0.09741,0.09795,1829318.0,1759690800000,179090.07148,2414,2025-10-05 18:00:00+00:00
1759690800000,0.09794,0.09802,0.09702,0.09719,1816926.0,1759694400000,177081.10843,2422,2025-10-05 19:00:00+00:00
1759694400000,0.09719,0.09785,0.0966,0.09754,1962407.0,1759698000000,191007.68732,2360,2025-10-05 20:00:00+00:00
1759698000000,0.09753,0.09776,0.09723,0.09756,1150597.0,1759701600000,112148.75762,961,2025-10-05 21:00:00+00:00
1759701600000,0.09756,0.09801,0.09732,0.0975,1785054.0,1759705200000,174091.8475,1527,2025-10-05 22:00:00+00:00
1759705200000,0.09751,0.09779,0.09744,0.0975,1499877.0,1759708800000,146456.26427,1335,2025-10-05 23:00:00+00:00
1759708800000,0.09751,0.09838,0.0968,0.09717,2246448.0,1759712400000,219114.2061,3188,2025-10-06 00:00:00+00:00
1759712400000,0.09716,0.09853,0.09668,0.09792,2607664.0,1759716000000,255327.83002,3188,2025-10-06 01:00:00+00:00
1759716000000,0.09793,0.09818,0.09689,0.09725,2512597.0,1759719600000,245068.94247,2782,2025-10-06 02:00:00+00:00
1759719600000,0.09723,0.09757,0.097,0.09731,1902545.0,1759723200000,185084.7233,1945,2025-10-06 03:00:00+00:00
1759723200000,0.09731,0.09772,0.09703,0.09712,1911865.0,1759726800000,185982.03061,2159,2025-10-06 04:00:00+00:00
1759726800000,0.09712,0.09798,0.09693,0.09765,2074178.0,1759730400000,202047.18544,2411,2025-10-06 05:00:00+00:00
1759730400000,0.09765,0.09936,0.09758,0.09935,2962725.0,1759734000000,291906.56305,3123,2025-10-06 06:00:00+00:00
1759734000000,0.09937,0.09959,0.09859,0.09902,3221990.0,1759737600000,319674.0625,3259,2025-10-06 07:00:00+00:00
1759737600000,0.09903,0.0996,0.09891,0.0992,2662612.0,1759741200000,264342.51958,2631,2025-10-06 08:00:00+00:00
1759741200000,0.09919,0.09986,0.09911,0.09952,3630512.0,1759744800000,361186.74232,3279,2025-10-06 09:00:00+00:00
1759744800000,0.09952,0.09983,0.09894,0.09973,2354623.0,1759748400000,234045.46387,2323,2025-10-06 10:00:00+00:00
1759748400000,0.09973,0.10037,0.09923,0.09935,2451244.0,1759752000000,244545.62816,2960,2025-10-06 11:00:00+00:00
1759752000000,0.09934,0.10091,0.09933,0.1003,2842426.0,1759755600000,285072.4781,3542,2025-10-06 12:00:00+00:00
1759755600000,0.10031,0.10227,0.10007,0.10187,4533103.0,1759759200000,458436.73055,6157,2025-10-06 13:00:00+00:00
1759759200000,0.10188,0.10344,0.10104,0.10219,7187637.0,1759762800000,735312.42002,6989,2025-10-06 14:00:00+00:00
1759762800000,0.1022,0.13797,0.1022,0.12317,233729135.0,1759766400000,28966343.96531,418824,2025-10-06 15:00:00+00:00
1759766400000,0.12316,0.12731,0.11662,0.11993,65600066.0,1759770000000,7949061.72777,116599,2025-10-06 16:00:00+00:00
1759770000000,0.11992,0.12276,0.11906,0.12187,29468759.0,1759773600000,3561102.60405,46438,2025-10-06 17:00:00+00:00
1759773600000,0.12187,0.12197,0.11925,0.12015,19224944.0,1759777200000,2318952.39449,27357,2025-10-06 18:00:00+00:00
1759777200000,0.12014,0.12014,0.11719,0.11801,25523939.0,1759780800000,3018229.73722,36715,2025-10-06 19:00:00+00:00
1759780800000,0.11801,0.1183,0.11605,0.11731,16152791.0,1759784400000,1893296.53737,19241,2025-10-06 20:00:00+00:00
1759784400000,0.1173,0.12192,0.11715,0.1209,13518928.0,1759788000000,1615621.25487,15193,2025-10-06 21:00:00+00:00
1759788000000,0.1209,0.12284,0.11917,0.12063,12410498.0,1759791600000,1501214.35696,20973,2025-10-06 22:00:00+00:00
1759791600000,0.12063,0.12253,0.11956,0.12161,9900304.0,1759795200000,1198638.65208,16860,2025-10-06 23:00:00+00:00
1759795200000,0.12161,0.12161,0.11459,0.11635,22856948.0,1759798800000,2682770.78279,37729,2025-10-07 00:00:00+00:00
1759798800000,0.11635,0.11637,0.11357,0.11471,13465284.0,1759802400000,1545377.78795,16002,2025-10-07 01:00:00+00:00
1759802400000,0.11472,0.11505,0.11308,0.11314,7899676.0,1759806000000,901317.44447,11088,2025-10-07 02:00:00+00:00
1759806000000,0.11316,0.11424,0.1125,0.1128,8620526.0,1759809600000,976138.5723,10406,2025-10-07 03:00:00+00:00
1759809600000,0.11277,0.11496,0.11235,0.1145,8565161.0,1759813200000,972755.10291,8749,2025-10-07 04:00:00+00:00
1759813200000,0.11449,0.11478,0.11197,0.11249,11877427.0,1759816800000,1342540.78609,11689,2025-10-07 05:00:00+00:00
1759816800000,0.11248,0.11251,0.10903,0.1095,16011541.0,1759820400000,1774757.10969,14252,2025-10-07 06:00:00+00:00
1759820400000,0.10951,0.10981,0.10852,0.10951,6671265.0,1759824000000,728751.16483,8259,2025-10-07 07:00:00+00:00
1759824000000,0.10951,0.10951,0.10794,0.10926,9130693.0,1759827600000,994204.82669,12202,2025-10-07 08:00:00+00:00
1759827600000,0.10927,0.11176,0.10909,0.1112,11663281.0,1759831200000,1290207.08987,14901,2025-10-07 09:00:00+00:00
1759831200000,0.1112,0.1124,0.11077,0.11123,10258078.0,1759834800000,1145558.50537,12402,2025-10-07 10:00:00+00:00
1759834800000,0.11124,0.11166,0.10945,0.10986,9831882.0,1759838400000,1084553.23466,11755,2025-10-07 11:00:00+00:00
1759838400000,0.10985,0.11047,0.10893,0.10972,5854983.0,1759842000000,641527.02765,8661,2025-10-07 12:00:00+00:00
1759842000000,0.10972,0.11013,0.10553,0.10692,16983912.0,1759845600000,1836228.79707,31536,2025-10-07 13:00:00+00:00
1759845600000,0.10691,0.10719,0.10505,0.10594,8783008.0,1759849200000,930529.69377,12075,2025-10-07 14:00:00+00:00
1759849200000,0.10595,0.10682,0.1049,0.10562,10186721.0,1759852800000,1078222.03858,15136,2025-10-07 15:00:00+00:00
1759852800000,0.10561,0.10822,0.1049,0.10747,7368684.0,1759856400000,784545.08453,10678,2025-10-07 16:00:00+00:00
1759856400000,0.10746,0.10789,0.106,0.10634,3555919.0,1759860000000,380066.44335,6976,2025-10-07 17:00:00+00:00
1759860000000,0.10633,0.10646,0.10581,0.10597,2244486.0,1759863600000,238267.15295,5466,2025-10-07 18:00:00+00:00
1759863600000,0.10597,0.1095,0.10591,0.10931,6224308.0,1759867200000,672389.81474,13292,2025-10-07 19:00:00+00:00
1759867200000,0.10932,0.11014,0.10842,0.10868,4809035.0,1759870800000,526154.28724,8184,2025-10-07 20:00:00+00:00
1759870800000,0.10868,0.10969,0.10818,0.10837,3081074.0,1759874400000,335321.74906,4149,2025-10-07 21:00:00+00:00
1759874400000,0.10837,0.10849,0.10755,0.10764,2882221.0,1759878000000,311310.55758,4405,2025-10-07 22:00:00+00:00
1759878000000,0.10764,0.10783,0.10689,0.10736,2207461.0,1759881600000,237198.77407,3618,2025-10-07 23:00:00+00:00
1759881600000,0.10735,0.10825,0.10655,0.10767,3532254.0,1759885200000,379499.5717,6928,2025-10-08 00:00:00+00:00
1759885200000,0.10767,0.10846,0.10725,0.10777,3428392.0,1759888800000,369587.16883,5860,2025-10-08 01:00:00+00:00
1759888800000,0.10779,0.10909,0.10748,0.10845,2977611.0,1759892400000,323041.05263,5634,2025-10-08 02:00:00+00:00
1759892400000,0.10847,0.10848,0.10473,0.10565,8800515.0,1759896000000,934041.68342,10800,2025-10-08 03:00:00+00:00
1759896000000,0.10567,0.10625,0.10365,0.10577,5239973.0,1759899600000,551716.08884,8878,2025-10-08 04:00:00+00:00
1759899600000,0.10579,0.10634,0.10515,0.10608,2889979.0,1759903200000,305967.14574,7521,2025-10-08 05:00:00+00:00
1759903200000,0.10608,0.10635,0.10512,0.10552,2910300.0,1759906800000,307444.59124,6194,2025-10-08 06:00:00+00:00
1759906800000,0.10552,0.10684,0.10539,0.10668,2116430.0,1759910400000,224531.22263,5192,2025-10-08 07:00:00+00:00
1759910400000,0.10672,0.10863,0.10612,0.10857,4272033.0,1759914000000,459005.69994,7089,2025-10-08 08:00:00+00:00
1759914000000,0.10859,0.11149,0.10746,0.1114,10028267.0,1759917600000,1098063.30456,15837,2025-10-08 09:00:00+00:00
1759917600000,0.11141,0.112,0.10874,0.10882,8157922.0,1759921200000,902833.77278,15420,2025-10-08 10:00:00+00:00
1759921200000,0.10882,0.10966,0.10826,0.109,6878027.0,1759924800000,749703.66572,10641,2025-10-08 11:00:00+00:00
1759924800000,0.10901,0.11243,0.10901,0.11126,10775802.0,1759928400000,1194249.61781,19932,2025-10-08 12:00:00+00:00
1759928400000,0.11126,0.11181,0.1066,0.10809,19472036.0,1759932000000,2125002.98358,17711,2025-10-08 13:00:00+00:00
1759932000000,0.10811,0.11084,0.10798,0.1082,8538960.0,1759935600000,935372.0376,17660,2025-10-08 14:00:00+00:00
1759935600000,0.10819,0.11039,0.10796,0.10872,13147110.0,1759939200000,1438501.01851,12604,2025-10-08 15:00:00+00:00
1759939200000,0.10872,0.10978,0.10833,0.10894,4393327.0,1759942800000,478794.68653,7327,2025-10-08 16:00:00+00:00
1759942800000,0.10894,0.11102,0.10893,0.11012,4461211.0,1759946400000,490798.29772,12011,2025-10-08 17:00:00+00:00
1759946400000,0.11013,0.11041,0.10801,0.10868,5270649.0,1759950000000,574302.98293,8983,2025-10-08 18:00:00+00:00
1759950000000,0.10869,0.10963,0.1083,0.10886,3008596.0,1759953600000,327986.52144,7286,2025-10-08 19:00:00+00:00
1759953600000,0.10886,0.10952,0.10846,0.10853,3188676.0,1759957200000,347682.71038,4972,2025-10-08 20:00:00+00:00
1759957200000,0.10853,0.10879,0.10685,0.10688,2235635.0,1759960800000,241240.82943,3278,2025-10-08 21:00:00+00:00
1759960800000,0.10689,0.1077,0.10542,0.10547,5120047.0,1759964400000,544125.20417,7715,2025-10-08 22:00:00+00:00
1759964400000,0.10547,0.10592,0.10507,0.10543,3577674.0,1759968000000,377091.06863,5496,2025-10-08 23:00:00+00:00
1759968000000,0.10542,0.10598,0.10413,0.10434,4862280.0,1759971600000,510645.82092,6661,2025-10-09 00:00:00+00:00
1759971600000,0.10434,0.10502,0.10415,0.10484,3232501.0,1759975200000,337731.80506,4803,2025-10-09 01:00:00+00:00
1759975200000,0.10483,0.10483,0.10106,0.10149,9567087.0,1759978800000,981140.80327,10097,2025-10-09 02:00:00+00:00
1759978800000,0.1015,0.10275,0.1015,0.10209,4285243.0,1759982400000,437201.04471,6810,2025-10-09 03:00:00+00:00
1759982400000,0.10207,0.10261,0.10086,0.10203,8187368.0,1759986000000,833819.42402,7508,2025-10-09 04:00:00+00:00
1759986000000,0.10202,0.10306,0.10149,0.10174,3436051.0,1759989600000,350982.94586,4410,2025-10-09 05:00:00+00:00
1759989600000,0.10175,0.10274,0.10155,0.10213,2948094.0,1759993200000,301129.44829,4532,2025-10-09 06:00:00+00:00
1759993200000,0.10212,0.1027,0.10128,0.10154,3360860.0,1759996800000,342556.16146,4773,2025-10-09 07:00:00+00:00
1759996800000,0.10155,0.1019,0.10007,0.1004,7384933.0,1760000400000,746722.6997,9435,2025-10-09 08:00:00+00:00
1760000400000,0.1004,0.10083,0.09822,0.0996,9803394.0,1760004000000,974583.45727,12448,2025-10-09 09:00:00+00:00
1760004000000,0.09959,0.09973,0.09834,0.09894,4642693.0,1760007600000,460348.82856,6727,2025-10-09 10:00:00+00:00
1760007600000,0.09894,0.10039,0.0989,0.09987,4002737.0,1760011200000,399410.40619,5192,2025-10-09 11:00:00+00:00
1760011200000,0.09986,0.10084,0.0998,0.10036,2512804.0,1760014800000,252028.28598,4806,2025-10-09 12:00:00+00:00
1760014800000,0.10035,0.10061,0.09888,0.09972,4290937.0,1760018400000,427610.39127,7035,2025-10-09 13:00:00+00:00
1760018400000,0.09973,0.0999,0.09716,0.09805,6723964.0,1760022000000,661541.32265,10442,2025-10-09 14:00:00+00:00
1760022000000,0.09805,0.09897,0.09792,0.09823,4234980.0,1760025600000,416823.05042,6948,2025-10-09 15:00:00+00:00
1760025600000,0.09824,0.09951,0.09771,0.0979,3731106.0,1760029200000,367453.7793,6942,2025-10-09 16:00:00+00:00
1760029200000,0.09791,0.09988,0.09777,0.09946,3550746.0,1760032800000,351352.34053,5851,2025-10-09 17:00:00+00:00
1760032800000,0.09945,0.09986,0.09898,0.09944,3142502.0,1760036400000,312595.55832,4253,2025-10-09 18:00:00+00:00
1760036400000,0.09943,0.10098,0.09939,0.10084,2727297.0,1760040000000,273519.76234,4244,2025-10-09 19:00:00+00:00
1760040000000,0.10085,0.10203,0.10051,0.10087,2603094.0,1760043600000,263298.96366,3875,2025-10-09 20:00:00+00:00
1760043600000,0.10087,0.10204,0.10079,0.10201,984319.0,1760047200000,99928.09897,1476,2025-10-09 21:00:00+00:00
1760047200000,0.10204,0.1031,0.102,0.10244,1480666.0,1760050800000,151889.68139,2691,2025-10-09 22:00:00+00:00
1760050800000,0.10244,0.10343,0.10177,0.10206,2664182.0,1760054400000,273004.44391,4504,2025-10-09 23:00:00+00:00
1760054400000,0.10207,0.1022,0.1013,0.10141,1724483.0,1760058000000,175411.70637,2766,2025-10-10 00:00:00+00:00
1760058000000,0.10138,0.1017,0.10036,0.10053,2123130.0,1760061600000,214904.21296,3745,2025-10-10 01:00:00+00:00
1760061600000,0.10052,0.10057,0.0993,0.09958,3597993.0,1760065200000,358986.16109,5387,2025-10-10 02:00:00+00:00
1760065200000,0.09959,0.10126,0.09928,0.09982,5257216.0,1760068800000,527458.52462,5420,2025-10-10 03:00:00+00:00
1760068800000,0.09983,0.10056,0.09914,0.09928,2637548.0,1760072400000,263648.00885,4622,2025-10-10 04:00:00+00:00
1760072400000,0.09927,0.10009,0.09878,0.09985,1736132.0,1760076000000,172541.02092,3321,2025-10-10 05:00:00+00:00
1760076000000,0.09985,0.10004,0.09848,0.09907,3504088.0,1760079600000,347608.06447,6856,2025-10-10 06:00:00+00:00
1760079600000,0.09911,0.09948,0.098,0.09885,2509628.0,1760083200000,248095.27644,4499,2025-10-10 07:00:00+00:00
1760083200000,0.09885,0.10048,0.09884,0.10041,2062250.0,1760086800000,205216.75317,3395,2025-10-10 08:00:00+00:00
1760086800000,0.10041,0.10094,0.09989,0.10072,2221150.0,1760090400000,223209.42204,3633,2025-10-10 09:00:00+00:00
1760090400000,0.10072,0.10092,0.10003,0.10063,2550003.0,1760094000000,256102.857,4128,2025-10-10 10:00:00+00:00
1760094000000,0.10063,0.10142,0.10032,0.1008,1966745.0,1760097600000,198261.15415,2930,2025-10-10 11:00:00+00:00
1760097600000,0.1008,0.10117,0.10012,0.10114,1719012.0,1760101200000,173067.22301,2612,2025-10-10 12:00:00+00:00
1760101200000,0.10115,0.10188,0.1008,0.10143,3127717.0,1760104800000,316660.00554,4177,2025-10-10 13:00:00+00:00
1760104800000,0.10144,0.10168,0.09867,0.09894,3852884.0,1760108400000,384918.64966,6036,2025-10-10 14:00:00+00:00
1760108400000,0.09894,0.09908,0.09363,0.09671,20735413.0,1760112000000,1996169.41013,30017,2025-10-10 15:00:00+00:00
1760112000000,0.09671,0.09769,0.09566,0.09597,7519932.0,1760115600000,727020.40688,10841,2025-10-10 16:00:00+00:00
1760115600000,0.09595,0.09684,0.09532,0.0961,4264999.0,1760119200000,409744.13165,7019,2025-10-10 17:00:00+00:00
1760119200000,0.09613,0.09675,0.09518,0.09533,3091572.0,1760122800000,296196.08597,5718,2025-10-10 18:00:00+00:00
1760122800000,0.09534,0.09565,0.09235,0.09369,9401582.0,1760126400000,884583.34729,12120,2025-10-10 19:00:00+00:00
1760126400000,0.0937,0.09451,0.08402,0.08526,12374627.0,1760130000000,1119870.70588,17652,2025-10-10 20:00:00+00:00
1760130000000,0.08545,0.0875,0.00836,0.0583,80436361.0,1760133600000,3791309.16721,47685,2025-10-10 21:00:00+00:00
1760133600000,0.0583,0.098,0.05015,0.06675,78528487.0,1760137200000,4728897.31285,88894,2025-10-10 22:00:00+00:00
1760137200000,0.0668,0.07691,0.06503,0.07089,55203547.0,1760140800000,3838984.78006,56618,2025-10-10 23:00:00+00:00
1760140800000,0.07089,0.077,0.06848,0.07213,39972176.0,1760144400000,2849989.97306,33752,2025-10-11 00:00:00+00:00
1760144400000,0.07224,0.075,0.06974,0.07095,21589371.0,1760148000000,1581201.72739,14311,2025-10-11 01:00:00+00:00
1760148000000,0.07097,0.07702,0.07066,0.07622,10039540.0,1760151600000,755933.45869,12514,2025-10-11 02:00:00+00:00
1760151600000,0.0762,0.07759,0.07264,0.07323,7805330.0,1760155200000,580372.85846,7590,2025-10-11 03:00:00+00:00
1760155200000,0.07324,0.07602,0.0726,0.07552,9606775.0,1760158800000,706603.21208,8388,2025-10-11 04:00:00+00:00
1760158800000,0.07546,0.09,0.07413,0.08198,66047410.0,1760162400000,5408951.75893,46439,2025-10-11 05:00:00+00:00
1760162400000,0.08205,0.08234,0.07784,0.07859,8353511.0,1760166000000,661528.26078,7428,2025-10-11 06:00:00+00:00
1760166000000,0.07855,0.08319,0.07823,0.08315,9378265.0,1760169600000,752996.23114,7583,2025-10-11 07:00:00+00:00
1760169600000,0.08319,0.0894,0.07882,0.08898,25774469.0,1760173200000,2170164.13355,30824,2025-10-11 08:00:00+00:00
1760173200000,0.08899,0.0968,0.08685,0.08771,42827893.0,1760176800000,3943721.61035,69646,2025-10-11 09:00:00+00:00
1760176800000,0.08772,0.09134,0.08768,0.08946,13662138.0,1760180400000,1219311.35782,26791,2025-10-11 10:00:00+00:00
1760180400000,0.08948,0.09576,0.08695,0.09302,18469826.0,1760184000000,1702047.94577,47893,2025-10-11 11:00:00+00:00
1760184000000,0.09301,0.09339,0.09116,0.09119,8206230.0,1760187600000,757891.44594,22093,2025-10-11 12:00:00+00:00
1760187600000,0.09118,0.09182,0.08837,0.08846,9383650.0,1760191200000,841173.09297,20365,2025-10-11 13:00:00+00:00
1760191200000,0.08848,0.08989,0.08713,0.08856,7614159.0,1760194800000,674007.35852,10985,2025-10-11 14:00:00+00:00
1760194800000,0.08856,0.08926,0.0873,0.08826,7071577.0,1760198400000,625277.94498,10767,2025-10-11 15:00:00+00:00
1760198400000,0.08827,0.09001,0.08525,0.08579,10118315.0,1760202000000,885772.7953,22818,2025-10-11 16:00:00+00:00
1760202000000,0.08579,0.08706,0.08465,0.08518,4757307.0,1760205600000,407646.15865,14547,2025-10-11 17:00:00+00:00
1760205600000,0.08517,0.08575,0.08426,0.08431,3305967.0,1760209200000,280812.118,10103,2025-10-11 18:00:00+00:00
1760209200000,0.08431,0.08438,0.08114,0.08184,5783145.0,1760212800000,477894.78193,14673,2025-10-11 19:00:00+00:00
1760212800000,0.08183,0.08218,0.07994,0.08064,6202010.0,1760216400000,501704.8797,13958,2025-10-11 20:00:00+00:00
1760216400000,0.08066,0.084,0.07932,0.08328,11194534.0,1760220000000,914348.04273,10022,2025-10-11 21:00:00+00:00
1760220000000,0.08327,0.0841,0.0823,0.08268,7068972.0,1760223600000,587364.02817,13035,2025-10-11 22:00:00+00:00
1760223600000,0.08267,0.08276,0.08156,0.08191,4503983.0,1760227200000,369204.75854,11531,2025-10-11 23:00:00+00:00
1760227200000,0.08193,0.08309,0.0813,0.08144,5686758.0,1760230800000,465716.38574,12066,2025-10-12 00:00:00+00:00
1760230800000,0.08147,0.08197,0.08115,0.08184,2693390.0,1760234400000,219499.53603,6110,2025-10-12 01:00:00+00:00
1760234400000,0.08184,0.08203,0.07962,0.08068,2912314.0,1760238000000,235984.87342,5875,2025-10-12 02:00:00+00:00
1760238000000,0.08065,0.08207,0.07976,0.08003,4511200.0,1760241600000,364665.87957,6859,2025-10-12 03:00:00+00:00
1760241600000,0.08003,0.08227,0.07979,0.08177,4075986.0,1760245200000,331408.44813,6390,2025-10-12 04:00:00+00:00
1760245200000,0.08176,0.0822,0.08045,0.08046,4182699.0,1760248800000,340446.74748,6090,2025-10-12 05:00:00+00:00
1760248800000,0.08046,0.0818,0.08037,0.08085,2363762.0,1760252400000,191841.82592,4213,2025-10-12 06:00:00+00:00
1760252400000,0.08084,0.08166,0.08045,0.08095,3441996.0,1760256000000,278948.12685,4739,2025-10-12 07:00:00+00:00
1760256000000,0.08096,0.08191,0.08027,0.08037,3724268.0,1760259600000,301780.4477,4479,2025-10-12 08:00:00+00:00
1760259600000,0.08036,0.08171,0.07932,0.08132,3355665.0,1760263200000,269939.1764,4894,2025-10-12 09:00:00+00:00
1760263200000,0.08133,0.08165,0.07991,0.07992,2963786.0,1760266800000,239522.53794,5173,2025-10-12 10:00:00+00:00
1760266800000,0.07994,0.08064,0.07979,0.08011,2225695.0,1760270400000,178356.88154,4270,2025-10-12 11:00:00+00:00
1760270400000,0.08012,0.0811,0.07991,0.08021,5143347.0,1760274000000,413509.47336,5865,2025-10-12 12:00:00+00:00
1760274000000,0.08022,0.08027,0.07867,0.07921,7382621.0,1760277600000,587049.95491,8354,2025-10-12 13:00:00+00:00
1760277600000,0.07922,0.0836,0.07896,0.08245,9779238.0,1760281200000,792491.61771,14955,2025-10-12 14:00:00+00:00
1760281200000,0.08246,0.0863,0.08246,0.08496,11746697.0,1760284800000,990355.47048,17359,2025-10-12 15:00:00+00:00
1760284800000,0.08497,0.08689,0.08421,0.08511,10765103.0,1760288400000,920889.05664,17098,2025-10-12 16:00:00+00:00
1760288400000,0.08515,0.08622,0.08418,0.0848,6769749.0,1760292000000,579108.36667,9329,2025-10-12 17:00:00+00:00
1760292000000,0.0848,0.0857,0.08408,0.08441,3011610.0,1760295600000,255792.29416,5324,2025-10-12 18:00:00+00:00
1760295600000,0.08438,0.08551,0.08401,0.08524,4582989.0,1760299200000,388734.46387,5780,2025-10-12 19:00:00+00:00
1760299200000,0.08533,0.08585,0.08415,0.08465,4639602.0,1760302800000,393781.11765,5787,2025-10-12 20:00:00+00:00
1760302800000,0.08465,0.08523,0.08259,0.08426,5007663.0,1760306400000,420836.03842,3144,2025-10-12 21:00:00+00:00
1760306400000,0.08427,0.08485,0.08338,0.08367,3452717.0,1760310000000,289879.98289,5350,2025-10-12 22:00:00+00:00
1760310000000,0.08368,0.08425,0.08289,0.08363,2232082.0,1760313600000,186417.62763,4100,2025-10-12 23:00:00+00:00
1760313600000,0.08363,0.08414,0.08264,0.08371,7148968.0,1760317200000,595236.18941,11060,2025-10-13 00:00:00+00:00
1760317200000,0.08369,0.08453,0.08257,0.08445,5198923.0,1760320800000,434322.30627,8933,2025-10-13 01:00:00+00:00
1760320800000,0.08445,0.08757,0.08388,0.0872,10030017.0,1760324400000,855927.2181,12416,2025-10-13 02:00:00+00:00
1760324400000,0.0872,0.08812,0.0864,0.08745,5571411.0,1760328000000,485634.04156,9003,2025-10-13 03:00:00+00:00
1760328000000,0.08744,0.08768,0.08495,0.08555,3860226.0,1760331600000,332748.08717,7244,2025-10-13 04:00:00+00:00
1760331600000,0.08556,0.08675,0.08521,0.08627,3754708.0,1760335200000,323077.63133,6894,2025-10-13 05:00:00+00:00
1760335200000,0.08626,0.08753,0.08581,0.08683,3488585.0,1760338800000,301845.95627,6809,2025-10-13 06:00:00+00:00
1760338800000,0.08682,0.08694,0.08467,0.08551,6651412.0,1760342400000,572622.45722,7880,2025-10-13 07:00:00+00:00
1760342400000,0.08551,0.08579,0.07748,0.08117,47709306.0,1760346000000,3902713.47241,51450,2025-10-13 08:00:00+00:00
1760346000000,0.08122,0.08298,0.08011,0.08298,12589075.0,1760349600000,1026435.33108,16415,2025-10-13 09:00:00+00:00
1760349600000,0.08297,0.08344,0.08028,0.08083,7393837.0,1760353200000,603356.10294,10350,2025-10-13 10:00:00+00:00
1760353200000,0.08084,0.08094,0.07798,0.07979,10585031.0,1760356800000,844123.02565,14132,2025-10-13 11:00:00+00:00
1760356800000,0.07979,0.08105,0.07929,0.08004,5883131.0,1760360400000,471950.41034,9226,2025-10-13 12:00:00+00:00
1760360400000,0.08003,0.08311,0.07944,0.08263,12174542.0,1760364000000,988138.43424,17740,2025-10-13 13:00:00+00:00
1760364000000,0.08262,0.08314,0.07967,0.08083,8488398.0,1760367600000,690155.57903,13939,2025-10-13 14:00:00+00:00
1760367600000,0.08083,0.08245,0.08053,0.08138,5638402.0,1760371200000,458928.03808,9436,2025-10-13 15:00:00+00:00
1760371200000,0.08139,0.08201,0.08018,0.08149,5023414.0,1760374800000,407421.16987,8836,2025-10-13 16:00:00+00:00
1760374800000,0.08151,0.08317,0.08094,0.08305,4235015.0,1760378400000,345854.28643,7232,2025-10-13 17:00:00+00:00
1760378400000,0.08304,0.08564,0.08217,0.08521,6849462.0,1760382000000,572656.17269,9099,2025-10-13 18:00:00+00:00
1760382000000,0.08521,0.08771,0.08496,0.08744,12198219.0,1760385600000,1054996.51037,12933,2025-10-13 19:00:00+00:00
1760385600000,0.08742,0.08902,0.08714,0.08749,10817336.0,1760389200000,952224.9943,11635,2025-10-13 20:00:00+00:00
1760389200000,0.08748,0.08804,0.08603,0.08629,3465228.0,1760392800000,300907.66202,2931,2025-10-13 21:00:00+00:00
1760392800000,0.08628,0.08688,0.08583,0.08661,2432407.0,1760396400000,210283.72205,4343,2025-10-13 22:00:00+00:00
1760396400000,0.08659,0.08732,0.08609,0.08614,2264108.0,1760400000000,196399.98272,4758,2025-10-13 23:00:00+00:00
1760400000000,0.08615,0.08684,0.08582,0.08644,2914674.0,1760403600000,251580.46312,6576,2025-10-14 00:00:00+00:00
1760403600000,0.08643,0.08688,0.08584,0.08688,3182715.0,1760407200000,274853.35047,5933,2025-10-14 01:00:00+00:00
1760407200000,0.08689,0.08719,0.08539,0.08587,3549788.0,1760410800000,305697.18356,6033,2025-10-14 02:00:00+00:00
1760410800000,0.08588,0.08707,0.08521,0.08615,4243780.0,1760414400000,365325.28318,6577,2025-10-14 03:00:00+00:00
1760414400000,0.08614,0.08639,0.0833,0.08435,4594197.0,1760418000000,387764.59343,6633,2025-10-14 04:00:00+00:00
1760418000000,0.08436,0.08438,0.08257,0.08271,4942797.0,1760421600000,412381.63924,7448,2025-10-14 05:00:00+00:00
1760421600000,0.08271,0.08366,0.07921,0.08117,9358409.0,1760425200000,759043.65931,12311,2025-10-14 06:00:00+00:00
1760425200000,0.08118,0.08203,0.08051,0.08105,6193409.0,1760428800000,502534.3453,9776,2025-10-14 07:00:00+00:00
1760428800000,0.08104,0.08132,0.08004,0.08054,4256604.0,1760432400000,343573.59152,6911,2025-10-14 08:00:00+00:00
1760432400000,0.08056,0.08097,0.08005,0.08051,3300647.0,1760436000000,265924.36504,4802,2025-10-14 09:00:00+00:00
1760436000000,0.0805,0.0805,0.07822,0.07946,7802167.0,1760439600000,619160.14978,9198,2025-10-14 10:00:00+00:00
1760439600000,0.07947,0.08246,0.07939,0.08082,7537173.0,1760443200000,608772.03423,9608,2025-10-14 11:00:00+00:00
1760443200000,0.08087,0.08334,0.08017,0.08025,10913492.0,1760446800000,890950.86117,10392,2025-10-14 12:00:00+00:00
1760446800000,0.08025,0.08247,0.0791,0.08171,7658766.0,1760450400000,618450.36637,10810,2025-10-14 13:00:00+00:00
1760450400000,0.08171,0.08396,0.08147,0.08249,7254538.0,1760454000000,602288.52904,11283,2025-10-14 14:00:00+00:00
1760454000000,0.08249,0.08531,0.08205,0.08516,5615952.0,1760457600000,469261.96137,8869,2025-10-14 15:00:00+00:00
1760457600000,0.08518,0.08596,0.08323,0.08361,5011617.0,1760461200000,424555.67691,9707,2025-10-14 16:00:00+00:00
1760461200000,0.08362,0.08533,0.0824,0.08437,5157548.0,1760464800000,433289.46884,8839,2025-10-14 17:00:00+00:00
1760464800000,0.0844,0.08502,0.08405,0.08444,2499273.0,1760468400000,211198.62362,5158,2025-10-14 18:00:00+00:00
1760468400000,0.08445,0.08495,0.08303,0.0839,3748777.0,1760472000000,315225.90447,6537,2025-10-14 19:00:00+00:00
1760472000000,0.08391,0.08448,0.08354,0.08397,1544018.0,1760475600000,129812.27449,3686,2025-10-14 20:00:00+00:00
1760475600000,0.08397,0.08405,0.08305,0.08371,1267773.0,1760479200000,105764.0385,2099,2025-10-14 21:00:00+00:00
1760479200000,0.08372,0.08451,0.08322,0.08388,1915968.0,1760482800000,160778.59708,2919,2025-10-14 22:00:00+00:00
1760482800000,0.08387,0.08473,0.08382,0.08409,1391018.0,1760486400000,117241.93633,2511,2025-10-14 23:00:00+00:00
1760486400000,0.08407,0.08455,0.08332,0.08405,1743870.0,1760490000000,146201.9447,3932,2025-10-15 00:00:00+00:00
1760490000000,0.08406,0.08415,0.08321,0.08362,1154401.0,1760493600000,96551.93633,3266,2025-10-15 01:00:00+00:00
1760493600000,0.08361,0.08463,0.08356,0.08417,1367914.0,1760497200000,115157.79046,3536,2025-10-15 02:00:00+00:00
1760497200000,0.08417,0.08441,0.08281,0.08337,2308007.0,1760500800000,192885.64809,3872,2025-10-15 03:00:00+00:00
1760500800000,0.08337,0.08419,0.08302,0.08414,1938452.0,1760504400000,161910.71118,3825,2025-10-15 04:00:00+00:00
1760504400000,0.08415,0.08461,0.08309,0.08362,3334001.0,1760508000000,280087.05843,4548,2025-10-15 05:00:00+00:00
1760508000000,0.08361,0.08433,0.08235,0.08432,4674115.0,1760511600000,388608.41559,6773,2025-10-15 06:00:00+00:00
1760511600000,0.08432,0.08527,0.0839,0.08406,4076910.0,1760515200000,344490.20845,7835,2025-10-15 07:00:00+00:00
1760515200000,0.08409,0.08649,0.08386,0.08475,8969321.0,1760518800000,765002.07724,9999,2025-10-15 08:00:00+00:00
1760518800000,0.08476,0.08489,0.08363,0.08412,3779173.0,1760522400000,318635.86599,5434,2025-10-15 09:00:00+00:00
1760522400000,0.08414,0.08431,0.08302,0.08327,2496220.0,1760526000000,208993.59978,3787,2025-10-15 10:00:00+00:00
1760526000000,0.08326,0.08368,0.0826,0.08348,2444945.0,1760529600000,203407.3596,3816,2025-10-15 11:00:00+00:00
1760529600000,0.08346,0.08396,0.08273,0.08358,1967012.0,1760533200000,163915.6566,3744,2025-10-15 12:00:00+00:00
1760533200000,0.08356,0.08356,0.0808,0.0826,5520865.0,1760536800000,453212.50941,8453,2025-10-15 13:00:00+00:00
1760536800000,0.08261,0.08367,0.0815,0.08199,4300309.0,1760540400000,355269.66729,7258,2025-10-15 14:00:00+00:00
1760540400000,0.082,0.08255,0.08071,0.08142,4027852.0,1760544000000,327980.81074,7553,2025-10-15 15:00:00+00:00
1760544000000,0.08144,0.0819,0.08048,0.08063,7587959.0,1760547600000,615571.10273,6886,2025-10-15 16:00:00+00:00
1760547600000,0.08067,0.08092,0.07968,0.08051,4945278.0,1760551200000,397640.65101,7696,2025-10-15 17:00:00+00:00
1760551200000,0.08051,0.0807,0.07966,0.08036,3637541.0,1760554800000,291935.69006,4469,2025-10-15 18:00:00+00:00
1760554800000,0.08035,0.08035,0.07901,0.07934,3907025.0,1760558400000,311282.53806,4354,2025-10-15 19:00:00+00:00
1760558400000,0.07938,0.07976,0.07761,0.07869,5374473.0,1760562000000,422390.99388,6593,2025-10-15 20:00:00+00:00
1760562000000,0.0787,0.07956,0.0779,0.07863,2867632.0,1760565600000,225563.53388,3643,2025-10-15 21:00:00+00:00
1760565600000,0.07864,0.07942,0.07834,0.07849,1435799.0,1760569200000,113341.15414,2963,2025-10-15 22:00:00+00:00
1760569200000,0.07848,0.07861,0.07792,0.07817,2204494.0,1760572800000,172592.21039,3595,2025-10-15 23:00:00+00:00
1760572800000,0.07818,0.0785,0.0778,0.07815,2694208.0,1760576400000,210510.62942,4662,2025-10-16 00:00:00+00:00
1760576400000,0.07816,0.07986,0.07813,0.07944,2094624.0,1760580000000,165700.48599,4333,2025-10-16 01:00:00+00:00
1760580000000,0.07943,0.08005,0.07877,0.07947,1980690.0,1760583600000,157164.42871,3444,2025-10-16 02:00:00+00:00
1760583600000,0.07948,0.07984,0.07878,0.07888,2608019.0,1760587200000,206865.82535,3513,2025-10-16 03:00:00+00:00
1760587200000,0.07888,0.07994,0.07872,0.07895,1818931.0,1760590800000,144555.08963,3608,2025-10-16 04:00:00+00:00
1760590800000,0.07895,0.08006,0.07881,0.0796,2791718.0,1760594400000,221494.26496,4879,2025-10-16 05:00:00+00:00
1760594400000,0.07963,0.08088,0.07954,0.08053,3643703.0,1760598000000,292534.76431,4550,2025-10-16 06:00:00+00:00
1760598000000,0.08052,0.08065,0.07928,0.08006,4210410.0,1760601600000,336993.39967,4634,2025-10-16 07:00:00+00:00
1760601600000,0.08006,0.08052,0.07893,0.0792,5409949.0,1760605200000,431705.1705,4452,2025-10-16 08:00:00+00:00
1760605200000,0.0792,0.08086,0.07716,0.08038,7218619.0,1760608800000,569136.53009,9140,2025-10-16 09:00:00+00:00
1760608800000,0.08035,0.0814,0.08007,0.08074,3613839.0,1760612400000,291844.02089,5577,2025-10-16 10:00:00+00:00
1760612400000,0.08071,0.08117,0.0805,0.08109,2210786.0,1760616000000,178765.37088,3672,2025-10-16 11:00:00+00:00
1760616000000,0.0811,0.08167,0.0806,0.08077,2866881.0,1760619600000,232221.92301,4387,2025-10-16 12:00:00+00:00
1760619600000,0.08076,0.08097,0.0793,0.07961,5305389.0,1760623200000,425424.62065,8227,2025-10-16 13:00:00+00:00
1760623200000,0.07963,0.08075,0.07836,0.07959,6363627.0,1760626800000,505479.05145,10100,2025-10-16 14:00:00+00:00
1760626800000,0.07959,0.07979,0.07638,0.07685,7745047.0,1760630400000,603005.30459,11196,2025-10-16 15:00:00+00:00
1760630400000,0.07679,0.07894,0.07541,0.07892,11542236.0,1760634000000,887922.45754,15930,2025-10-16 16:00:00+00:00
1760634000000,0.07892,0.07892,0.07735,0.07764,4735466.0,1760637600000,369353.54603,8088,2025-10-16 17:00:00+00:00
1760637600000,0.07764,0.07769,0.07647,0.07688,4628135.0,1760641200000,356073.45743,7645,2025-10-16 18:00:00+00:00
1760641200000,0.07691,0.07706,0.07458,0.07559,7144787.0,1760644800000,540568.08862,10325,2025-10-16 19:00:00+00:00
1760644800000,0.07558,0.07598,0.07361,0.07423,6321655.0,1760648400000,470812.93186,8952,2025-10-16 20:00:00+00:00
1760648400000,0.07423,0.07472,0.07372,0.07472,4167219.0,1760652000000,309381.65956,3809,2025-10-16 21:00:00+00:00
1760652000000,0.07472,0.07479,0.07316,0.07316,1570462.0,1760655600000,116214.33341,2685,2025-10-16 22:00:00+00:00
1760655600000,0.07317,0.07388,0.07281,0.07376,1809095.0,1760659200000,132863.43446,3145,2025-10-16 23:00:00+00:00
1760659200000,0.07375,0.0741,0.07341,0.07391,1918710.0,1760662800000,141458.79305,3411,2025-10-17 00:00:00+00:00
1760662800000,0.07394,0.07478,0.07357,0.07401,2323718.0,1760666400000,172437.67681,3607,2025-10-17 01:00:00+00:00
1760666400000,0.07402,0.07514,0.07364,0.07485,2335615.0,1760670000000,173753.73394,3750,2025-10-17 02:00:00+00:00
1760670000000,0.07486,0.07585,0.07483,0.07578,3224811.0,1760673600000,242748.83966,3465,2025-10-17 03:00:00+00:00
1760673600000,0.07578,0.07578,0.07469,0.07472,2002880.0,1760677200000,150644.94775,3087,2025-10-17 04:00:00+00:00
1760677200000,0.07473,0.07498,0.07398,0.07419,2605166.0,1760680800000,193836.07492,3435,2025-10-17 05:00:00+00:00
1760680800000,0.0742,0.07444,0.07107,0.07167,10554934.0,1760684400000,762147.57792,10138,2025-10-17 06:00:00+00:00
1760684400000,0.07167,0.07177,0.06948,0.07019,12284723.0,1760688000000,865894.67635,17929,2025-10-17 07:00:00+00:00
1760688000000,0.07021,0.07104,0.06867,0.07039,11436756.0,1760691600000,799399.39926,17427,2025-10-17 08:00:00+00:00
1760691600000,0.0704,0.07242,0.0697,0.07077,7975109.0,1760695200000,564031.7627,10819,2025-10-17 09:00:00+00:00
1760695200000,0.07076,0.07116,0.06952,0.07079,6907181.0,1760698800000,486047.67568,4427,2025-10-17 10:00:00+00:00
1760698800000,0.07079,0.07353,0.07068,0.07331,8440133.0,1760702400000,611648.65625,6631,2025-10-17 11:00:00+00:00
1760702400000,0.07331,0.07353,0.07267,0.07275,3824639.0,1760706000000,279404.26294,5614,2025-10-17 12:00:00+00:00
1760706000000,0.07276,0.0734,0.07152,0.07237,8000615.0,1760709600000,581029.94866,10137,2025-10-17 13:00:00+00:00
1760709600000,0.07239,0.07243,0.07035,0.07117,7474831.0,1760713200000,533664.83229,9372,2025-10-17 14:00:00+00:00
1760713200000,0.07117,0.07308,0.07108,0.07304,5121526.0,1760716800000,368661.35123,7453,2025-10-17 15:00:00+00:00
1760716800000,0.07305,0.0743,0.07243,0.07261,6544649.0,1760720400000,480710.77815,8192,2025-10-17 16:00:00+00:00
1760720400000,0.07262,0.07306,0.0719,0.07254,3294223.0,1760724000000,238916.84894,4910,2025-10-17 17:00:00+00:00
1760724000000,0.07255,0.07311,0.0722,0.07239,1914780.0,1760727600000,139312.35488,4061,2025-10-17 18:00:00+00:00
1760727600000,0.07241,0.07282,0.07188,0.07246,1545459.0,1760731200000,111897.28242,4832,2025-10-17 19:00:00+00:00
1760731200000,0.07247,0.07306,0.07218,0.07262,1786945.0,1760734800000,129828.54535,4316,2025-10-17 20:00:00+00:00
1760734800000,0.07262,0.07316,0.07249,0.07261,1982718.0,1760738400000,144324.35199,2637,2025-10-17 21:00:00+00:00
1760738400000,0.0726,0.07268,0.07152,0.07184,2552413.0,1760742000000,183673.34806,2566,2025-10-17 22:00:00+00:00
1760742000000,0.07185,0.07197,0.07112,0.0719,3688212.0,1760745600000,264083.5454,4136,2025-10-17 23:00:00+00:00
1760745600000,0.07191,0.07232,0.07168,0.07201,1760162.0,1760749200000,126740.60186,2558,2025-10-18 00:00:00+00:00
1760749200000,0.07202,0.0731,0.072,0.0729,1624090.0,1760752800000,117982.26323,2350,2025-10-18 01:00:00+00:00
1760752800000,0.07291,0.07321,0.07233,0.07258,2606690.0,1760756400000,190093.90478,2571,2025-10-18 02:00:00+00:00
1760756400000,0.07258,0.07345,0.07258,0.07324,923842.0,1760760000000,67543.46443,2173,2025-10-18 03:00:00+00:00
1760760000000,0.07323,0.07323,0.07242,0.07246,1462151.0,1760763600000,106343.43764,2451,2025-10-18 04:00:00+00:00
1760763600000,0.07246,0.0728,0.07211,0.0728,1849451.0,1760767200000,133797.76583,2013,2025-10-18 05:00:00+00:00
1760767200000,0.07281,0.07301,0.07217,0.07243,906539.0,1760770800000,65817.91243,2321,2025-10-18 06:00:00+00:00
1760770800000,0.07243,0.07368,0.07238,0.07254,2559214.0,1760774400000,187024.22867,5322,2025-10-18 07:00:00+00:00
1760774400000,0.07254,0.07285,0.07224,0.07224,1020241.0,1760778000000,74058.08174,2417,2025-10-18 08:00:00+00:00
1760778000000,0.07227,0.07313,0.07216,0.07227,1354329.0,1760781600000,98297.72443,2421,2025-10-18 09:00:00+00:00
1760781600000,0.07226,0.07229,0.07177,0.07209,1026041.0,1760785200000,73912.90088,2066,2025-10-18 10:00:00+00:00
1760785200000,0.07208,0.07226,0.0717,0.072,643159.0,1760788800000,46249.78384,1370,2025-10-18 11:00:00+00:00
1760788800000,0.07202,0.07228,0.07179,0.07208,1107305.0,1760792400000,79717.42841,2072,2025-10-18 12:00:00+00:00
1760792400000,0.07209,0.07231,0.07156,0.07194,1697515.0,1760796000000,122040.17319,2543,2025-10-18 13:00:00+00:00
1760796000000,0.07193,0.07261,0.07148,0.07251,1016911.0,1760799600000,73271.35017,2016,2025-10-18 14:00:00+00:00
1760799600000,0.07251,0.07286,0.07196,0.07219,800570.0,1760803200000,57983.69711,1745,2025-10-18 15:00:00+00:00
1760803200000,0.07218,0.07218,0.07077,0.07118,2369087.0,1760806800000,168614.89322,2938,2025-10-18 16:00:00+00:00
1760806800000,0.07118,0.07219,0.07075,0.07212,1951948.0,1760810400000,139554.63164,2288,2025-10-18 17:00:00+00:00
1760810400000,0.07211,0.07232,0.07136,0.07153,1018670.0,1760814000000,73084.6328,2319,2025-10-18 18:00:00+00:00
1760814000000,0.07151,0.07176,0.07139,0.07173,870883.0,1760817600000,62358.45179,2140,2025-10-18 19:00:00+00:00
1760817600000,0.07173,0.0724,0.07169,0.07171,550249.0,1760821200000,39621.71748,1639,2025-10-18 20:00:00+00:00
1760821200000,0.07172,0.07181,0.07133,0.07154,688920.0,1760824800000,49281.5339,855,2025-10-18 21:00:00+00:00
1760824800000,0.07153,0.07155,0.07066,0.07097,2595209.0,1760828400000,184143.1767,3910,2025-10-18 22:00:00+00:00
1760828400000,0.07097,0.07132,0.07078,0.07125,839391.0,1760832000000,59679.19232,1757,2025-10-18 23:00:00+00:00
1760832000000,0.07124,0.07131,0.07048,0.0706,2678570.0,1760835600000,189475.54642,2397,2025-10-19 00:00:00+00:00
1760835600000,0.07061,0.071,0.0706,0.07095,460419.0,1760839200000,32605.22608,853,2025-10-19 01:00:00+00:00
1760839200000,0.07094,0.07098,0.07066,0.07075,928009.0,1760842800000,65684.33144,1100,2025-10-19 02:00:00+00:00
1760842800000,0.07075,0.07164,0.07071,0.07147,799589.0,1760846400000,57080.4195,1399,2025-10-19 03:00:00+00:00
1760846400000,0.07148,0.07153,0.07094,0.07114,1039364.0,1760850000000,73891.79491,1107,2025-10-19 04:00:00+00:00
1760850000000,0.07115,0.07151,0.07091,0.07108,696120.0,1760853600000,49581.95896,1291,2025-10-19 05:00:00+00:00
1760853600000,0.07108,0.07125,0.07063,0.07077,782361.0,1760857200000,55485.04792,1329,2025-10-19 06:00:00+00:00
1760857200000,0.07076,0.07104,0.07063,0.07102,1335156.0,1760860800000,94560.05947,1412,2025-10-19 07:00:00+00:00
1760860800000,0.07102,0.07191,0.07033,0.07063,5344392.0,1760864400000,379879.23264,4482,2025-10-19 08:00:00+00:00
1760864400000,0.07062,0.07232,0.07017,0.07179,5270596.0,1760868000000,375442.95459,5182,2025-10-19 09:00:00+00:00
1760868000000,0.07179,0.0739,0.07164,0.07355,6011664.0,1760871600000,437412.9404,6995,2025-10-19 10:00:00+00:00
1760871600000,0.07356,0.07443,0.07328,0.07362,3841007.0,1760875200000,283809.98501,5231,2025-10-19 11:00:00+00:00
1760875200000,0.07361,0.0738,0.07214,0.07254,3139854.0,1760878800000,228936.85483,3858,2025-10-19 12:00:00+00:00
1760878800000,0.07253,0.07391,0.07208,0.07353,3595806.0,1760882400000,261477.4284,5122,2025-10-19 13:00:00+00:00
1760882400000,0.07354,0.07389,0.07284,0.07379,4758592.0,1760886000000,349266.006,5437,2025-10-19 14:00:00+00:00
1760886000000,0.07378,0.07399,0.07332,0.07368,1653920.0,1760889600000,121686.60187,2835,2025-10-19 15:00:00+00:00
1760889600000,0.07368,0.07434,0.07305,0.07411,2701932.0,1760893200000,198890.02261,3469,2025-10-19 16:00:00+00:00
1760893200000,0.07412,0.07492,0.07388,0.07397,3876077.0,1760896800000,288701.10761,4304,2025-10-19 17:00:00+00:00
1760896800000,0.07399,0.07523,0.07399,0.0749,3202740.0,1760900400000,238727.07322,3235,2025-10-19 18:00:00+00:00
1760900400000,0.0749,0.07613,0.0747,0.07569,3294698.0,1760904000000,249013.71627,5009,2025-10-19 19:00:00+00:00
1760904000000,0.07568,0.07587,0.07517,0.07559,1687536.0,1760907600000,127425.52139,2788,2025-10-19 20:00:00+00:00
1760907600000,0.0756,0.07567,0.0746,0.07486,988897.0,1760911200000,74231.71726,1075,2025-10-19 21:00:00+00:00
1760911200000,0.07487,0.07527,0.07474,0.07501,867048.0,1760914800000,65002.88159,1440,2025-10-19 22:00:00+00:00
1760914800000,0.075,0.075,0.07368,0.07386,1764010.0,1760918400000,130886.99032,2470,2025-10-19 23:00:00+00:00
1760918400000,0.07386,0.07393,0.07188,0.07302,3477934.0,1760922000000,252927.42183,5145,2025-10-20 00:00:00+00:00
1760922000000,0.07302,0.07361,0.0724,0.07261,2821342.0,1760925600000,205742.93125,3401,2025-10-20 01:00:00+00:00
1760925600000,0.07261,0.07334,0.0723,0.07311,2740364.0,1760929200000,199657.90072,3498,2025-10-20 02:00:00+00:00
1760929200000,0.07311,0.07564,0.07284,0.07509,2305141.0,1760932800000,171370.68864,3918,2025-10-20 03:00:00+00:00
1760932800000,0.0751,0.07559,0.07491,0.07538,2455060.0,1760936400000,184584.93694,3629,2025-10-20 04:00:00+00:00
1760936400000,0.07538,0.07596,0.07489,0.07586,1993071.0,1760940000000,150184.94328,3525,2025-10-20 05:00:00+00:00
1760940000000,0.07587,0.07803,0.0758,0.07747,5170759.0,1760943600000,398868.12109,6415,2025-10-20 06:00:00+00:00
1760943600000,0.07745,0.07772,0.07615,0.07656,2760052.0,1760947200000,212212.04549,4539,2025-10-20 07:00:00+00:00
1760947200000,0.07656,0.07763,0.07601,0.07613,2725634.0,1760950800000,208692.67302,3804,2025-10-20 08:00:00+00:00
1760950800000,0.07612,0.07641,0.07572,0.07629,2013125.0,1760954400000,153122.4477,3294,2025-10-20 09:00:00+00:00
1760954400000,0.0763,0.07717,0.07583,0.07635,2665200.0,1760958000000,204274.11298,4816,2025-10-20 10:00:00+00:00
1760958000000,0.07635,0.07718,0.07609,0.07715,1361784.0,1760961600000,104273.53157,3111,2025-10-20 11:00:00+00:00
1760961600000,0.07714,0.07769,0.07665,0.07714,2221497.0,1760965200000,171440.03863,3866,2025-10-20 12:00:00+00:00
1760965200000,0.07713,0.08109,0.077,0.07914,10948311.0,1760968800000,864664.60264,15718,2025-10-20 13:00:00+00:00
1760968800000,0.07915,0.07936,0.07764,0.07925,4698517.0,1760972400000,368856.47114,8105,2025-10-20 14:00:00+00:00
1760972400000,0.07925,0.07991,0.07784,0.07784,5139275.0,1760976000000,404769.9426,7464,2025-10-20 15:00:00+00:00
1760976000000,0.07784,0.07796,0.07632,0.07707,7136578.0,1760979600000,550673.4946,13856,2025-10-20 16:00:00+00:00
1760979600000,0.07707,0.07763,0.07583,0.07616,2836880.0,1760983200000,217066.90811,5174,2025-10-20 17:00:00+00:00
1760983200000,0.07617,0.07633,0.07558,0.07615,1842515.0,1760986800000,139983.96626,2620,2025-10-20 18:00:00+00:00
1760986800000,0.07616,0.07665,0.07594,0.07626,1999993.0,1760990400000,152415.47698,3612,2025-10-20 19:00:00+00:00
1760990400000,0.07628,0.07675,0.07608,0.07633,1131107.0,1760994000000,86334.67456,2402,2025-10-20 20:00:00+00:00
1760994000000,0.07632,0.07687,0.07604,0.07622,943400.0,1760997600000,72183.22563,1855,2025-10-20 21:00:00+00:00
1760997600000,0.07621,0.07659,0.07591,0.07614,793068.0,1761001200000,60526.93089,1268,2025-10-20 22:00:00+00:00
1761001200000,0.07614,0.0771,0.07568,0.07627,3708426.0,1761004800000,282795.36636,2484,2025-10-20 23:00:00+00:00
1761004800000,0.07625,0.07636,0.07593,0.07611,823526.0,1761008400000,62718.17711,1457,2025-10-21 00:00:00+00:00
1761008400000,0.07612,0.07621,0.07506,0.07538,2361152.0,1761012000000,178280.70969,2912,2025-10-21 01:00:00+00:00
1761012000000,0.07539,0.07541,0.07455,0.07456,1950327.0,1761015600000,146232.10808,2286,2025-10-21 02:00:00+00:00
1761015600000,0.07458,0.0749,0.07397,0.07419,1444802.0,1761019200000,107641.1337,1605,2025-10-21 03:00:00+00:00
1761019200000,0.07419,0.07424,0.07202,0.07214,5122929.0,1761022800000,374377.9096,6387,2025-10-21 04:00:00+00:00
1761022800000,0.07215,0.07294,0.07178,0.07251,3272229.0,1761026400000,236489.09204,3792,2025-10-21 05:00:00+00:00
1761026400000,0.07251,0.07323,0.0722,0.07271,2395254.0,1761030000000,174249.5868,3478,2025-10-21 06:00:00+00:00
1761030000000,0.07271,0.07289,0.07224,0.07275,2046208.0,1761033600000,148744.98889,3465,2025-10-21 07:00:00+00:00
1761033600000,0.07276,0.07278,0.0715,0.07174,2905505.0,1761037200000,209496.36914,3521,2025-10-21 08:00:00+00:00
1761037200000,0.07175,0.07215,0.07156,0.07183,2321356.0,1761040800000,166830.03737,5205,2025-10-21 09:00:00+00:00
1761040800000,0.07182,0.07278,0.0717,0.07235,2837731.0,1761044400000,204685.19521,5923,2025-10-21 10:00:00+00:00
1761044400000,0.07235,0.07243,0.07203,0.07208,1881276.0,1761048000000,135847.63274,3060,2025-10-21 11:00:00+00:00
1761048000000,0.07209,0.07371,0.07188,0.07242,3705094.0,1761051600000,270790.06253,5014,2025-10-21 12:00:00+00:00
1761051600000,0.07243,0.07308,0.07208,0.07262,4773807.0,1761055200000,346213.478,6898,2025-10-21 13:00:00+00:00
1761055200000,0.07262,0.0764,0.07258,0.07624,7684213.0,1761058800000,572481.91256,10449,2025-10-21 14:00:00+00:00
1761058800000,0.0763,0.07785,0.07571,0.07776,5161668.0,1761062400000,397424.75113,8669,2025-10-21 15:00:00+00:00
1761062400000,0.07775,0.07941,0.07697,0.07724,10789643.0,1761066000000,845845.08196,10193,2025-10-21 16:00:00+00:00
1761066000000,0.07724,0.07795,0.07585,0.07708,5825064.0,1761069600000,448868.36728,9938,2025-10-21 17:00:00+00:00
1761069600000,0.07709,0.07744,0.07633,0.07667,2899362.0,1761073200000,222485.07851,4860,2025-10-21 18:00:00+00:00
1761073200000,0.07666,0.07698,0.07627,0.0763,1512805.0,1761076800000,115941.06476,2279,2025-10-21 19:00:00+00:00
1761076800000,0.07631,0.07646,0.07484,0.07515,4454054.0,1761080400000,335613.17582,4898,2025-10-21 20:00:00+00:00
1761080400000,0.07515,0.0754,0.07391,0.07486,3327061.0,1761084000000,247638.00744,2104,2025-10-21 21:00:00+00:00
1761084000000,0.07484,0.07485,0.07277,0.07302,5300803.0,1761087600000,389939.62535,6602,2025-10-21 22:00:00+00:00
1761087600000,0.07301,0.07313,0.07164,0.07197,3427301.0,1761091200000,247701.03592,5249,2025-10-21 23:00:00+00:00
1761091200000,0.07196,0.0724,0.07135,0.07186,3246182.0,1761094800000,233495.87798,4597,2025-10-22 00:00:00+00:00
1761094800000,0.07186,0.07275,0.07164,0.0718,5057047.0,1761098400000,363900.21709,4022,2025-10-22 01:00:00+00:00
1761098400000,0.0718,0.07205,0.07142,0.0716,1683539.0,1761102000000,120823.93234,2045,2025-10-22 02:00:00+00:00
1761102000000,0.07161,0.07161,0.0708,0.07136,2476460.0,1761105600000,176038.34889,2456,2025-10-22 03:00:00+00:00
1761105600000,0.07136,0.0719,0.07121,0.07189,1789272.0,1761109200000,128239.99977,2016,2025-10-22 04:00:00+00:00
1761109200000,0.07188,0.07199,0.07071,0.07183,2256924.0,1761112800000,161142.39314,3284,2025-10-22 05:00:00+00:00
1761112800000,0.07184,0.0722,0.07155,0.0716,1887132.0,1761116400000,135604.96539,2038,2025-10-22 06:00:00+00:00
1761116400000,0.07159,0.07235,0.07119,0.07187,2519474.0,1761120000000,180842.21382,3364,2025-10-22 07:00:00+00:00
1761120000000,0.07187,0.07193,0.07135,0.07164,1522710.0,1761123600000,108948.80959,2084,2025-10-22 08:00:00+00:00
1761123600000,0.07164,0.07198,0.0712,0.07146,2023239.0,1761127200000,144882.40624,2771,2025-10-22 09:00:00+00:00
1761127200000,0.07144,0.07183,0.071,0.07102,1146194.0,1761130800000,81763.40619,2260,2025-10-22 10:00:00+00:00
1761130800000,0.07103,0.07377,0.07052,0.07228,9586474.0,1761134400000,693756.1942,8954,2025-10-22 11:00:00+00:00
1761134400000,0.07228,0.07258,0.07174,0.07196,3028079.0,1761138000000,218507.82964,3825,2025-10-22 12:00:00+00:00
1761138000000,0.07196,0.07464,0.07196,0.0746,5081592.0,1761141600000,371672.7683,6449,2025-10-22 13:00:00+00:00
1761141600000,0.07459,0.07471,0.07256,0.07437,7936807.0,1761145200000,582719.47608,10010,2025-10-22 14:00:00+00:00
1761145200000,0.07438,0.07471,0.07238,0.07271,3871062.0,1761148800000,283511.81032,7409,2025-10-22 15:00:00+00:00
1761148800000,0.07269,0.07372,0.07226,0.07308,5986970.0,1761152400000,436620.57122,7117,2025-10-22 16:00:00+00:00
1761152400000,0.07308,0.07328,0.07172,0.0721,3284265.0,1761156000000,238758.50898,3774,2025-10-22 17:00:00+00:00
1761156000000,0.0721,0.07242,0.07157,0.07191,3870633.0,1761159600000,278802.08306,4384,2025-10-22 18:00:00+00:00
1761159600000,0.07192,0.07289,0.07118,0.072,3781233.0,1761163200000,272668.75669,4725,2025-10-22 19:00:00+00:00
1761163200000,0.07201,0.07221,0.0707,0.07084,2875364.0,1761166800000,204980.01598,3763,2025-10-22 20:00:00+00:00
1761166800000,0.07084,0.07086,0.06941,0.07013,8777198.0,1761170400000,614674.10727,5604,2025-10-22 21:00:00+00:00
1761170400000,0.07012,0.07036,0.06929,0.06962,2359959.0,1761174000000,164586.62326,2290,2025-10-22 22:00:00+00:00
1761174000000,0.06962,0.07077,0.0696,0.07036,3948755.0,1761177600000,277586.41059,3623,2025-10-22 23:00:00+00:00
1761177600000,0.07037,0.07042,0.06982,0.07038,2205296.0,1761181200000,154716.92743,2568,2025-10-23 00:00:00+00:00
1761181200000,0.07036,0.07107,0.07034,0.07067,1722505.0,1761184800000,121767.56038,2292,2025-10-23 01:00:00+00:00
1761184800000,0.07067,0.07103,0.07057,0.07087,950540.0,1761188400000,67324.04804,1234,2025-10-23 02:00:00+00:00
1761188400000,0.07087,0.07112,0.07073,0.07085,824930.0,1761192000000,58536.00513,998,2025-10-23 03:00:00+00:00
1761192000000,0.07086,0.07142,0.07076,0.071,817330.0,1761195600000,58079.32208,1117,2025-10-23 04:00:00+00:00
1761195600000,0.071,0.07163,0.07093,0.07163,864217.0,1761199200000,61601.97078,1261,2025-10-23 05:00:00+00:00
1761199200000,0.07163,0.07255,0.07151,0.07218,2371096.0,1761202800000,170885.69082,2615,2025-10-23 06:00:00+00:00
1761202800000,0.07219,0.07223,0.0713,0.0714,1600914.0,1761206400000,114756.28257,1792,2025-10-23 07:00:00+00:00
1761206400000,0.07141,0.0722,0.07141,0.07189,1685932.0,1761210000000,121050.54459,2226,2025-10-23 08:00:00+00:00
1761210000000,0.07189,0.07212,0.07145,0.0717,2051211.0,1761213600000,147372.36234,1991,2025-10-23 09:00:00+00:00
1761213600000,0.07171,0.07219,0.07146,0.07146,2545995.0,1761217200000,182714.80055,2079,2025-10-23 10:00:00+00:00
1761217200000,0.07145,0.07152,0.07059,0.07077,1724256.0,1761220800000,122605.74928,1833,2025-10-23 11:00:00+00:00
1761220800000,0.07076,0.07121,0.07018,0.0711,2643062.0,1761224400000,187199.43416,3021,2025-10-23 12:00:00+00:00
1761224400000,0.07111,0.07183,0.07079,0.07135,3340658.0,1761228000000,238502.45015,4163,2025-10-23 13:00:00+00:00
1761228000000,0.07135,0.07165,0.07051,0.07142,3624706.0,1761231600000,257908.50416,4186,2025-10-23 14:00:00+00:00
1761231600000,0.07143,0.07216,0.07127,0.07147,6177433.0,1761235200000,442614.41558,5327,2025-10-23 15:00:00+00:00
1761235200000,0.07148,0.07207,0.071,0.07179,2548457.0,1761238800000,182348.03079,3140,2025-10-23 16:00:00+00:00
1761238800000,0.07181,0.07192,0.07074,0.07185,3847057.0,1761242400000,274548.94333,3808,2025-10-23 17:00:00+00:00
1761242400000,0.07185,0.07194,0.07075,0.07094,2048572.0,1761246000000,146082.17429,2272,2025-10-23 18:00:00+00:00
1761246000000,0.07092,0.07106,0.07045,0.07054,1208001.0,1761249600000,85419.13536,1688,2025-10-23 19:00:00+00:00
1761249600000,0.07054,0.0708,0.06987,0.07017,2317751.0,1761253200000,163041.43631,2674,2025-10-23 20:00:00+00:00
1761253200000,0.07018,0.0704,0.06997,0.07011,1110840.0,1761256800000,77953.48369,989,2025-10-23 21:00:00+00:00
1761256800000,0.0701,0.07028,0.0695,0.0698,4119427.0,1761260400000,287756.79857,2328,2025-10-23 22:00:00+00:00
1761260400000,0.0698,0.07033,0.0697,0.07029,1810058.0,1761264000000,126757.82882,1997,2025-10-23 23:00:00+00:00
1761264000000,0.0703,0.0711,0.07014,0.07082,2805794.0,1761267600000,198276.87938,3645,2025-10-24 00:00:00+00:00
1761267600000,0.07083,0.07113,0.07052,0.07106,1790924.0,1761271200000,126865.95894,1813,2025-10-24 01:00:00+00:00
1761271200000,0.07105,0.07123,0.07065,0.07088,973936.0,1761274800000,69111.94141,1346,2025-10-24 02:00:00+00:00
1761274800000,0.07089,0.07151,0.07078,0.07143,1647317.0,1761278400000,117176.54303,1643,2025-10-24 03:00:00+00:00
1761278400000,0.07144,0.07282,0.07133,0.07276,2611732.0,1761282000000,188495.48594,2707,2025-10-24 04:00:00+00:00
1761282000000,0.07277,0.07312,0.07225,0.07251,3475850.0,1761285600000,252538.43633,2935,2025-10-24 05:00:00+00:00
1761285600000,0.07252,0.07354,0.07238,0.07342,5570325.0,1761289200000,407246.1345,3505,2025-10-24 06:00:00+00:00
1761289200000,0.07341,0.07341,0.07269,0.07309,2869431.0,1761292800000,209585.0203,2068,2025-10-24 07:00:00+00:00
1761292800000,0.07309,0.07327,0.0728,0.07295,1596117.0,1761296400000,116533.976,1773,2025-10-24 08:00:00+00:00
1761296400000,0.07297,0.07298,0.07234,0.07235,1437366.0,1761300000000,104308.31807,1616,2025-10-24 09:00:00+00:00
1761300000000,0.07235,0.07235,0.07177,0.07189,772193.0,1761303600000,55610.70717,1057,2025-10-24 10:00:00+00:00
1761303600000,0.0719,0.07269,0.07154,0.07252,1233557.0,1761307200000,88918.17447,1641,2025-10-24 11:00:00+00:00
1761307200000,0.07252,0.07427,0.07247,0.07296,4090922.0,1761310800000,299644.04358,5410,2025-10-24 12:00:00+00:00
1761310800000,0.07296,0.07297,0.07128,0.07183,3604043.0,1761314400000,259450.99549,3611,2025-10-24 13:00:00+00:00
1761314400000,0.07182,0.07182,0.07024,0.07086,3016222.0,1761318000000,213870.3931,4253,2025-10-24 14:00:00+00:00
1761318000000,0.07087,0.0714,0.07033,0.07052,1502868.0,1761321600000,106563.48708,2799,2025-10-24 15:00:00+00:00
1761321600000,0.07052,0.0709,0.07028,0.07062,1410324.0,1761325200000,99445.16445,2485,2025-10-24 16:00:00+00:00
1761325200000,0.07063,0.07114,0.0706,0.07073,1071741.0,1761328800000,76013.54595,1661,2025-10-24 17:00:00+00:00
1761328800000,0.07074,0.07164,0.07065,0.07151,1480523.0,1761332400000,105480.32314,3019,2025-10-24 18:00:00+00:00
1761332400000,0.07155,0.07237,0.07152,0.07183,2722630.0,1761336000000,196206.65938,2804,2025-10-24 19:00:00+00:00
1761336000000,0.07183,0.07276,0.07183,0.07257,2516526.0,1761339600000,182390.73198,2020,2025-10-24 20:00:00+00:00
1761339600000,0.07259,0.07313,0.07256,0.0729,1630075.0,1761343200000,118741.25369,1568,2025-10-24 21:00:00+00:00
1761343200000,0.0729,0.0732,0.07244,0.07294,3291760.0,1761346800000,239779.65824,2292,2025-10-24 22:00:00+00:00
1761346800000,0.07293,0.073,0.07258,0.07273,1311230.0,1761350400000,95364.21887,1603,2025-10-24 23:00:00+00:00
1761350400000,0.07273,0.07273,0.07217,0.07236,2403366.0,1761354000000,173817.71131,1830,2025-10-25 00:00:00+00:00
1761354000000,0.07238,0.07311,0.0723,0.07296,1023387.0,1761357600000,74388.41391,1361,2025-10-25 01:00:00+00:00
1761357600000,0.07295,0.07394,0.07278,0.07376,2393675.0,1761361200000,175617.0839,2616,2025-10-25 02:00:00+00:00
1761361200000,0.07376,0.07386,0.07239,0.07243,1440653.0,1761364800000,105056.80481,1999,2025-10-25 03:00:00+00:00
1761364800000,0.07244,0.07314,0.07244,0.07267,1216508.0,1761368400000,88517.55544,1511,2025-10-25 04:00:00+00:00
1761368400000,0.07265,0.07277,0.07224,0.07243,813477.0,1761372000000,58955.56456,1186,2025-10-25 05:00:00+00:00
1761372000000,0.07244,0.07251,0.07182,0.07208,850575.0,1761375600000,61359.233,1358,2025-10-25 06:00:00+00:00
1761375600000,0.07207,0.07272,0.07188,0.07193,1667446.0,1761379200000,120413.57151,1944,2025-10-25 07:00:00+00:00
1761379200000,0.07194,0.07271,0.0719,0.07266,1438794.0,1761382800000,104120.51311,1715,2025-10-25 08:00:00+00:00
1761382800000,0.07265,0.07265,0.07193,0.072,870716.0,1761386400000,62910.53083,1332,2025-10-25 09:00:00+00:00
1761386400000,0.07201,0.07215,0.07171,0.07199,1190511.0,1761390000000,85682.52485,1645,2025-10-25 10:00:00+00:00
1761390000000,0.07197,0.07247,0.07192,0.07228,720923.0,1761393600000,52086.92622,1040,2025-10-25 11:00:00+00:00
1761393600000,0.07231,0.07291,0.07221,0.07283,1549264.0,1761397200000,112501.32196,1604,2025-10-25 12:00:00+00:00
1761397200000,0.07282,0.07284,0.07217,0.07236,1612504.0,1761400800000,116762.60677,1752,2025-10-25 13:00:00+00:00
1761400800000,0.07235,0.07254,0.07217,0.07227,1222898.0,1761404400000,88433.83685,1465,2025-10-25 14:00:00+00:00
1761404400000,0.07227,0.07235,0.07205,0.07225,1089117.0,1761408000000,78629.78619,1313,2025-10-25 15:00:00+00:00
1761408000000,0.07226,0.07245,0.07196,0.07198,1160146.0,1761411600000,83765.83472,1453,2025-10-25 16:00:00+00:00
1761411600000,0.07197,0.0724,0.07189,0.07209,1154234.0,1761415200000,83339.24767,1098,2025-10-25 17:00:00+00:00
1761415200000,0.0721,0.07303,0.07199,0.0729,2127454.0,1761418800000,154648.0384,2088,2025-10-25 18:00:00+00:00
1761418800000,0.07289,0.07337,0.07271,0.07314,1243938.0,1761422400000,90919.33216,1683,2025-10-25 19:00:00+00:00
1761422400000,0.07314,0.07334,0.07304,0.07308,1022277.0,1761426000000,74838.69454,1477,2025-10-25 20:00:00+00:00
1761426000000,0.07309,0.07317,0.07241,0.07272,925518.0,1761429600000,67400.60913,811,2025-10-25 21:00:00+00:00
1761429600000,0.07271,0.0729,0.0724,0.07267,1143574.0,1761433200000,83051.82735,1733,2025-10-25 22:00:00+00:00
1761433200000,0.07265,0.07293,0.07262,0.07276,524347.0,1761436800000,38145.9892,874,2025-10-25 23:00:00+00:00
1761436800000,0.07275,0.07312,0.07221,0.07288,1169298.0,1761440400000,85117.57056,1494,2025-10-26 00:00:00+00:00
1761440400000,0.07287,0.07297,0.07193,0.07212,1857812.0,1761444000000,134618.88362,1703,2025-10-26 01:00:00+00:00
1761444000000,0.07212,0.07237,0.07166,0.07188,1446011.0,1761447600000,104137.2385,1419,2025-10-26 02:00:00+00:00
1761447600000,0.07188,0.07193,0.07128,0.07156,1355765.0,1761451200000,97164.49991,1293,2025-10-26 03:00:00+00:00
1761451200000,0.07157,0.07205,0.07151,0.07195,595237.0,1761454800000,42744.01454,1029,2025-10-26 04:00:00+00:00
1761454800000,0.07194,0.07263,0.07181,0.07253,779653.0,1761458400000,56406.3597,1005,2025-10-26 05:00:00+00:00
1761458400000,0.07253,0.07263,0.07218,0.07255,819450.0,1761462000000,59310.86672,1019,2025-10-26 06:00:00+00:00
1761462000000,0.07256,0.07276,0.07236,0.07251,808918.0,1761465600000,58690.66626,1067,2025-10-26 07:00:00+00:00
1761465600000,0.07251,0.07318,0.07246,0.07284,1632177.0,1761469200000,118863.95842,1415,2025-10-26 08:00:00+00:00
1761469200000,0.07285,0.07379,0.07247,0.07347,1914369.0,1761472800000,140195.88484,2645,2025-10-26 09:00:00+00:00
1761472800000,0.07347,0.07356,0.07315,0.07324,1174702.0,1761476400000,86147.11161,1385,2025-10-26 10:00:00+00:00
1761476400000,0.07325,0.07426,0.07285,0.07416,2841854.0,1761480000000,209162.21756,3605,2025-10-26 11:00:00+00:00
1761480000000,0.07416,0.07431,0.07362,0.07383,2141147.0,1761483600000,158385.58062,2582,2025-10-26 12:00:00+00:00
1761483600000,0.07384,0.07419,0.0735,0.07399,1759451.0,1761487200000,129969.3874,2242,2025-10-26 13:00:00+00:00
1761487200000,0.074,0.07401,0.07339,0.07351,2126300.0,1761490800000,156552.98878,1786,2025-10-26 14:00:00+00:00
1761490800000,0.07352,0.07403,0.07313,0.07361,2079809.0,1761494400000,152773.14384,1562,2025-10-26 15:00:00+00:00
1761494400000,0.07362,0.07394,0.0732,0.07358,1387964.0,1761498000000,102068.93409,1709,2025-10-26 16:00:00+00:00
1761498000000,0.07357,0.07393,0.07337,0.07351,1446689.0,1761501600000,106532.56216,1473,2025-10-26 17:00:00+00:00
1761501600000,0.0735,0.07385,0.07348,0.07368,509667.0,1761505200000,37557.70841,968,2025-10-26 18:00:00+00:00
1761505200000,0.07369,0.07372,0.0734,0.07368,541428.0,1761508800000,39819.87706,842,2025-10-26 19:00:00+00:00
1761508800000,0.07368,0.07372,0.07317,0.07348,1200047.0,1761512400000,88148.37775,1883,2025-10-26 20:00:00+00:00
1761512400000,0.07348,0.07421,0.07339,0.07409,979479.0,1761516000000,72361.7048,962,2025-10-26 21:00:00+00:00
1761516000000,0.07409,0.07658,0.07409,0.07617,7426331.0,1761519600000,560116.97084,7213,2025-10-26 22:00:00+00:00
1761519600000,0.07617,0.07629,0.07544,0.07553,1678028.0,1761523200000,127183.15562,2821,2025-10-26 23:00:00+00:00
1761523200000,0.07553,0.07582,0.07485,0.07542,4521558.0,1761526800000,339986.04594,3419,2025-10-27 00:00:00+00:00
1761526800000,0.07542,0.07622,0.075,0.07621,2392531.0,1761530400000,181075.24005,2853,2025-10-27 01:00:00+00:00
1761530400000,0.07621,0.07656,0.07571,0.07592,3001777.0,1761534000000,228603.70657,2675,2025-10-27 02:00:00+00:00
1761534000000,0.07591,0.07597,0.07492,0.07512,2256474.0,1761537600000,170183.53903,2429,2025-10-27 03:00:00+00:00
1761537600000,0.07514,0.07569,0.07492,0.07567,2099049.0,1761541200000,158133.53751,1797,2025-10-27 04:00:00+00:00
1761541200000,0.07568,0.07686,0.07568,0.07653,3750612.0,1761544800000,286601.53541,3575,2025-10-27 05:00:00+00:00
1761544800000,0.07652,0.07652,0.07539,0.07599,2726948.0,1761548400000,206841.76675,4405,2025-10-27 06:00:00+00:00
1761548400000,0.07599,0.076,0.0749,0.07565,2334414.0,1761552000000,176067.12897,4917,2025-10-27 07:00:00+00:00
1761552000000,0.07565,0.07565,0.07455,0.07467,2658219.0,1761555600000,199433.27027,5393,2025-10-27 08:00:00+00:00
1761555600000,0.07467,0.07467,0.07361,0.07378,2852037.0,1761559200000,211089.28992,4595,2025-10-27 09:00:00+00:00
1761559200000,0.07377,0.07393,0.07332,0.07363,1754092.0,1761562800000,129151.51027,2901,2025-10-27 10:00:00+00:00
1761562800000,0.07362,0.07399,0.0728,0.07378,3458945.0,1761566400000,253582.71177,2815,2025-10-27 11:00:00+00:00
1761566400000,0.07376,0.07377,0.07279,0.07299,1192994.0,1761570000000,87239.7181,1753,2025-10-27 12:00:00+00:00
1761570000000,0.073,0.07358,0.07232,0.07318,2607196.0,1761573600000,190459.7217,4082,2025-10-27 13:00:00+00:00
1761573600000,0.07318,0.07332,0.07242,0.07289,2218935.0,1761577200000,161425.30761,3967,2025-10-27 14:00:00+00:00
1761577200000,0.07286,0.07357,0.07285,0.07318,1458413.0,1761580800000,106891.92148,2357,2025-10-27 15:00:00+00:00
1761580800000,0.07319,0.07451,0.07319,0.07447,1534515.0,1761584400000,113071.93162,2519,2025-10-27 16:00:00+00:00
1761584400000,0.07446,0.07463,0.07396,0.07419,2138221.0,1761588000000,158905.61697,2711,2025-10-27 17:00:00+00:00
1761588000000,0.07418,0.07424,0.07354,0.07368,1290995.0,1761591600000,95342.60476,1995,2025-10-27 18:00:00+00:00
1761591600000,0.07367,0.07392,0.07285,0.07294,1198613.0,1761595200000,87931.65091,1905,2025-10-27 19:00:00+00:00
1761595200000,0.07294,0.07297,0.07222,0.07231,1788277.0,1761598800000,129611.06134,2869,2025-10-27 20:00:00+00:00
1761598800000,0.0723,0.07282,0.0722,0.07233,911454.0,1761602400000,66126.51005,1203,2025-10-27 21:00:00+00:00
1761602400000,0.07232,0.07253,0.07133,0.07141,3080860.0,1761606000000,221782.02954,2483,2025-10-27 22:00:00+00:00
1761606000000,0.07142,0.07184,0.07116,0.07166,1141108.0,1761609600000,81672.38837,2005,2025-10-27 23:00:00+00:00
1761609600000,0.07165,0.07194,0.07099,0.07141,1774759.0,1761613200000,126736.65596,1969,2025-10-28 00:00:00+00:00
1761613200000,0.07141,0.0718,0.0711,0.07161,1488753.0,1761616800000,106377.85329,1599,2025-10-28 01:00:00+00:00
1761616800000,0.07161,0.07173,0.07059,0.0711,1170663.0,1761620400000,83214.41605,1677,2025-10-28 02:00:00+00:00
1761620400000,0.0711,0.07128,0.07056,0.07089,1163209.0,1761624000000,82431.64918,1828,2025-10-28 03:00:00+00:00
1761624000000,0.07088,0.07152,0.0707,0.07133,1017146.0,1761627600000,72409.89594,1585,2025-10-28 04:00:00+00:00
1761627600000,0.07132,0.07168,0.07069,0.07069,1012076.0,1761631200000,72100.81491,1548,2025-10-28 05:00:00+00:00
1761631200000,0.0707,0.07257,0.07069,0.07249,982941.0,1761634800000,70234.42648,1524,2025-10-28 06:00:00+00:00
1761634800000,0.0725,0.07272,0.07166,0.07175,968060.0,1761638400000,69827.18682,1637,2025-10-28 07:00:00+00:00
1761638400000,0.07172,0.07264,0.07168,0.07242,2261515.0,1761642000000,163366.2699,1737,2025-10-28 08:00:00+00:00
1761642000000,0.07242,0.07252,0.07178,0.07247,3194194.0,1761645600000,229853.22822,1916,2025-10-28 09:00:00+00:00
1761645600000,0.07247,0.07247,0.07191,0.0723,2666330.0,1761649200000,192444.6556,2155,2025-10-28 10:00:00+00:00
1761649200000,0.07229,0.07289,0.07213,0.07218,1216013.0,1761652800000,88143.87916,1344,2025-10-28 11:00:00+00:00
1761652800000,0.07217,0.07311,0.07202,0.07303,822493.0,1761656400000,59608.73293,1419,2025-10-28 12:00:00+00:00
1761656400000,0.07304,0.07345,0.07248,0.07307,5417930.0,1761660000000,395906.77345,4291,2025-10-28 13:00:00+00:00
1761660000000,0.07304,0.07352,0.0715,0.07281,3208402.0,1761663600000,232878.16758,4468,2025-10-28 14:00:00+00:00
1761663600000,0.07282,0.07316,0.07204,0.07242,1511563.0,1761667200000,109533.30049,2147,2025-10-28 15:00:00+00:00
1761667200000,0.07241,0.07271,0.07175,0.07185,1441272.0,1761670800000,104080.48357,2439,2025-10-28 16:00:00+00:00
1761670800000,0.07185,0.07205,0.07108,0.07123,1075576.0,1761674400000,76816.1039,1707,2025-10-28 17:00:00+00:00
1761674400000,0.07122,0.07153,0.07079,0.07116,1271404.0,1761678000000,90401.66044,1780,2025-10-28 18:00:00+00:00
1761678000000,0.07116,0.07128,0.06941,0.06982,3427181.0,1761681600000,240203.92287,4146,2025-10-28 19:00:00+00:00
1761681600000,0.06982,0.06982,0.06546,0.06707,17828577.0,1761685200000,1194150.00748,16954,2025-10-28 20:00:00+00:00
1761685200000,0.06707,0.0677,0.06622,0.06708,2508147.0,1761688800000,167948.39662,2314,2025-10-28 21:00:00+00:00
1761688800000,0.06707,0.06837,0.06692,0.06813,2200717.0,1761692400000,149167.33723,2104,2025-10-28 22:00:00+00:00
1761692400000,0.06813,0.0682,0.0677,0.06801,1873375.0,1761696000000,127288.88435,1787,2025-10-28 23:00:00+00:00
1761696000000,0.06801,0.06857,0.06764,0.06799,1845661.0,1761699600000,125644.27676,2211,2025-10-29 00:00:00+00:00
1761699600000,0.06798,0.06882,0.06781,0.06816,2791565.0,1761703200000,190644.47229,1838,2025-10-29 01:00:00+00:00
1761703200000,0.06816,0.06827,0.06792,0.06823,629795.0,1761706800000,42875.25567,934,2025-10-29 02:00:00+00:00
1761706800000,0.06823,0.06824,0.06778,0.06784,1144874.0,1761710400000,77793.31601,1189,2025-10-29 03:00:00+00:00
1761710400000,0.06784,0.06837,0.0678,0.06822,712080.0,1761714000000,48491.97555,1401,2025-10-29 04:00:00+00:00
1761714000000,0.06822,0.0692,0.06811,0.06866,2377739.0,1761717600000,163436.82376,2942,2025-10-29 05:00:00+00:00
1761717600000,0.06865,0.06869,0.06824,0.06841,1559934.0,1761721200000,106879.40883,1624,2025-10-29 06:00:00+00:00
1761721200000,0.06841,0.06841,0.06786,0.06831,1453180.0,1761724800000,98925.90963,1883,2025-10-29 07:00:00+00:00
1761724800000,0.06831,0.06848,0.06783,0.06807,1266302.0,1761728400000,86169.91402,1573,2025-10-29 08:00:00+00:00
1761728400000,0.06808,0.06852,0.06778,0.06832,785260.0,1761732000000,53508.97428,1130,2025-10-29 09:00:00+00:00
1761732000000,0.06831,0.0692,0.0682,0.06889,1457439.0,1761735600000,100232.30307,1704,2025-10-29 10:00:00+00:00
1761735600000,0.0689,0.06919,0.0688,0.06912,841330.0,1761739200000,58051.11908,1266,2025-10-29 11:00:00+00:00
1761739200000,0.06911,0.06946,0.06906,0.06927,1415684.0,1761742800000,98048.22928,1808,2025-10-29 12:00:00+00:00
1761742800000,0.06927,0.06955,0.06816,0.06839,4166158.0,1761746400000,286778.87164,4850,2025-10-29 13:00:00+00:00
1761746400000,0.06838,0.06843,0.06777,0.06803,1539212.0,1761750000000,104711.59746,2011,2025-10-29 14:00:00+00:00
1761750000000,0.06804,0.06819,0.06686,0.0673,2566658.0,1761753600000,173336.96667,3307,2025-10-29 15:00:00+00:00
1761753600000,0.06729,0.06803,0.06692,0.06768,1640906.0,1761757200000,110762.62394,2511,2025-10-29 16:00:00+00:00
1761757200000,0.06767,0.06917,0.06748,0.0691,1832398.0,1761760800000,125244.99269,2017,2025-10-29 17:00:00+00:00
1761760800000,0.06911,0.06933,0.06589,0.06842,10890237.0,1761764400000,737410.6353,12566,2025-10-29 18:00:00+00:00
1761764400000,0.06842,0.0691,0.06757,0.06834,2703689.0,1761768000000,184850.58574,4942,2025-10-29 19:00:00+00:00
1761768000000,0.06835,0.06934,0.06788,0.06892,2460378.0,1761771600000,168917.06787,4062,2025-10-29 20:00:00+00:00
1761771600000,0.06893,0.06899,0.06848,0.06852,665098.0,1761775200000,45703.30146,862,2025-10-29 21:00:00+00:00
1761775200000,0.06851,0.06851,0.0679,0.06793,779260.0,1761778800000,53126.08198,1040,2025-10-29 22:00:00+00:00
1761778800000,0.06792,0.06794,0.06614,0.0668,1914692.0,1761782400000,128252.76752,2092,2025-10-29 23:00:00+00:00
1761782400000,0.0668,0.06733,0.06644,0.06723,1392322.0,1761786000000,93296.88789,2095,2025-10-30 00:00:00+00:00
1761786000000,0.06723,0.06732,0.06664,0.06691,1962802.0,1761789600000,131478.91504,2230,2025-10-30 01:00:00+00:00
1761789600000,0.06692,0.06739,0.06683,0.06724,841954.0,1761793200000,56583.09868,1407,2025-10-30 02:00:00+00:00
1761793200000,0.06725,0.06729,0.06677,0.0671,1873889.0,1761796800000,125551.19745,2961,2025-10-30 03:00:00+00:00
1761796800000,0.06708,0.06708,0.06442,0.06523,6957493.0,1761800400000,456528.46826,7371,2025-10-30 04:00:00+00:00
1761800400000,0.06524,0.06639,0.06492,0.06611,3845210.0,1761804000000,251670.31715,3503,2025-10-30 05:00:00+00:00
1761804000000,0.0661,0.06618,0.06523,0.06548,2340985.0,1761807600000,153755.17289,2232,2025-10-30 06:00:00+00:00
1761807600000,0.06552,0.06637,0.06552,0.06606,1416277.0,1761811200000,93580.5347,1709,2025-10-30 07:00:00+00:00
1761811200000,0.06605,0.06605,0.06519,0.06519,1347773.0,1761814800000,88338.13149,1556,2025-10-30 08:00:00+00:00
1761814800000,0.06519,0.06529,0.06417,0.06443,3273088.0,1761818400000,211229.56873,4046,2025-10-30 09:00:00+00:00
1761818400000,0.06447,0.06506,0.06429,0.06492,1645151.0,1761822000000,106454.40671,1782,2025-10-30 10:00:00+00:00
1761822000000,0.06492,0.06521,0.06456,0.06479,3448555.0,1761825600000,223711.55741,2487,2025-10-30 11:00:00+00:00
1761825600000,0.06479,0.06521,0.0642,0.06448,5135281.0,1761829200000,332007.68153,4561,2025-10-30 12:00:00+00:00
1761829200000,0.06445,0.06445,0.05931,0.06075,33127569.0,1761832800000,2019392.25184,22224,2025-10-30 13:00:00+00:00
1761832800000,0.06075,0.06226,0.06071,0.06186,15642306.0,1761836400000,962543.92661,6121,2025-10-30 14:00:00+00:00
1761836400000,0.06183,0.06284,0.06053,0.06082,7407167.0,1761840000000,455497.98266,6533,2025-10-30 15:00:00+00:00
1761840000000,0.06082,0.06118,0.06053,0.06108,1692109.0,1761843600000,102967.45122,2093,2025-10-30 16:00:00+00:00
1761843600000,0.06108,0.06113,0.05952,0.06057,4607506.0,1761847200000,277485.41223,4063,2025-10-30 17:00:00+00:00
1761847200000,0.06057,0.06069,0.05939,0.0597,3036376.0,1761850800000,182328.80893,2356,2025-10-30 18:00:00+00:00
1761850800000,0.05974,0.0599,0.05905,0.05927,2251353.0,1761854400000,133896.11405,3019,2025-10-30 19:00:00+00:00
1761854400000,0.05926,0.06006,0.05905,0.0598,4808725.0,1761858000000,286803.46293,8561,2025-10-30 20:00:00+00:00
1761858000000,0.05981,0.06061,0.05972,0.06038,5115463.0,1761861600000,307396.67044,11908,2025-10-30 21:00:00+00:00
1761861600000,0.06038,0.06063,0.06014,0.0605,4896782.0,1761865200000,295603.30657,8884,2025-10-30 22:00:00+00:00
1761865200000,0.06051,0.06085,0.06015,0.06077,3729171.0,1761868800000,225797.40445,6373,2025-10-30 23:00:00+00:00
1761868800000,0.06077,0.06175,0.06069,0.06149,6899051.0,1761872400000,421960.28958,10443,2025-10-31 00:00:00+00:00
1761872400000,0.06149,0.06194,0.0613,0.0616,5053856.0,1761876000000,311588.44551,9300,2025-10-31 01:00:00+00:00
1761876000000,0.0616,0.0616,0.06055,0.0608,5903337.0,1761879600000,359874.36586,12432,2025-10-31 02:00:00+00:00
1761879600000,0.0608,0.06095,0.0604,0.06075,4615784.0,1761883200000,280229.30421,8655,2025-10-31 03:00:00+00:00
1761883200000,0.06076,0.06143,0.06073,0.06136,5967207.0,1761886800000,364948.95346,10514,2025-10-31 04:00:00+00:00
1761886800000,0.06135,0.06136,0.06083,0.06116,3685400.0,1761890400000,225156.68504,7016,2025-10-31 05:00:00+00:00
1761890400000,0.06117,0.0614,0.06081,0.06102,4950003.0,1761894000000,302685.86671,9332,2025-10-31 06:00:00+00:00
1761894000000,0.06102,0.06148,0.06094,0.06126,5203780.0,1761897600000,318571.54386,10117,2025-10-31 07:00:00+00:00
1761897600000,0.06125,0.06128,0.06058,0.0611,5567415.0,1761901200000,339345.19542,9997,2025-10-31 08:00:00+00:00
1761901200000,0.06111,0.06133,0.0602,0.0602,3085805.0,1761904800000,187642.93471,4701,2025-10-31 09:00:00+00:00
1761904800000,0.06022,0.06039,0.05975,0.05981,1875094.0,1761908400000,112824.5978,1333,2025-10-31 10:00:00+00:00
1761908400000,0.05982,0.06088,0.05969,0.06087,3176992.0,1761912000000,190682.70669,5365,2025-10-31 11:00:00+00:00
1761912000000,0.06086,0.061,0.05978,0.05981,1518074.0,1761915600000,91497.63026,1937,2025-10-31 12:00:00+00:00
1761915600000,0.05983,0.06029,0.05919,0.05999,3045217.0,1761919200000,181893.93449,2397,2025-10-31 13:00:00+00:00
1761919200000,0.06,0.06041,0.05917,0.06031,4286287.0,1761922800000,256315.10192,3338,2025-10-31 14:00:00+00:00
1761922800000,0.0603,0.06041,0.05923,0.05942,3202827.0,1761926400000,191786.91305,2825,2025-10-31 15:00:00+00:00
1761926400000,0.05941,0.05941,0.05732,0.05745,5873766.0,1761930000000,342806.63686,4127,2025-10-31 16:00:00+00:00
1761930000000,0.05748,0.05842,0.05678,0.05795,5958843.0,1761933600000,342571.56331,4573,2025-10-31 17:00:00+00:00
1761933600000,0.05795,0.05862,0.05748,0.05836,3716685.0,1761937200000,215824.05489,8772,2025-10-31 18:00:00+00:00
1761937200000,0.05835,0.05954,0.05798,0.0594,3315668.0,1761940800000,195878.18611,4006,2025-10-31 19:00:00+00:00
1761940800000,0.0594,0.05952,0.05866,0.05873,2771378.0,1761944400000,164237.48368,1711,2025-10-31 20:00:00+00:00
1761944400000,0.05873,0.0589,0.05845,0.05871,551316.0,1761948000000,32374.68233,674,2025-10-31 21:00:00+00:00
1761948000000,0.0587,0.05922,0.0587,0.05912,1113571.0,1761951600000,65696.30653,1102,2025-10-31 22:00:00+00:00
1761951600000,0.05912,0.05952,0.05896,0.05924,694345.0,1761955200000,41183.1393,731,2025-10-31 23:00:00+00:00
1761955200000,0.05925,0.05931,0.05879,0.05918,1487684.0,1761958800000,87850.59816,1334,2025-11-01 00:00:00+00:00
1761958800000,0.05917,0.06002,0.0591,0.05949,3070979.0,1761962400000,182928.29303,2194,2025-11-01 01:00:00+00:00
1761962400000,0.0595,0.06014,0.05906,0.06009,719729.0,1761966000000,42813.90085,1038,2025-11-01 02:00:00+00:00
1761966000000,0.06009,0.0611,0.06005,0.06104,1912421.0,1761969600000,116038.97163,1875,2025-11-01 03:00:00+00:00
1761969600000,0.06103,0.0613,0.06084,0.06109,2680804.0,1761973200000,163723.19504,1770,2025-11-01 04:00:00+00:00
1761973200000,0.06108,0.06169,0.06085,0.06106,3838946.0,1761976800000,235310.50772,2652,2025-11-01 05:00:00+00:00
1761976800000,0.06107,0.06149,0.06079,0.06131,2686114.0,1761980400000,164266.28677,4681,2025-11-01 06:00:00+00:00
1761980400000,0.06129,0.06167,0.05975,0.06025,13453865.0,1761984000000,813713.67778,7888,2025-11-01 07:00:00+00:00
1761984000000,0.06024,0.06137,0.0602,0.06128,6959291.0,1761987600000,422389.22224,7651,2025-11-01 08:00:00+00:00
1761987600000,0.06129,0.06131,0.06058,0.06085,920986.0,1761991200000,56130.46992,2208,2025-11-01 09:00:00+00:00
1761991200000,0.06086,0.06122,0.06079,0.06098,604220.0,1761994800000,36862.66058,1475,2025-11-01 10:00:00+00:00
1761994800000,0.06098,0.06122,0.06068,0.06112,1209403.0,1761998400000,73719.71917,1421,2025-11-01 11:00:00+00:00
1761998400000,0.06113,0.06137,0.06097,0.06106,737102.0,1762002000000,45080.98062,1263,2025-11-01 12:00:00+00:00
1762002000000,0.06107,0.06114,0.06008,0.06042,3732845.0,1762005600000,226506.80738,3487,2025-11-01 13:00:00+00:00
1762005600000,0.06046,0.06065,0.0596,0.06027,2161096.0,1762009200000,129697.4803,2488,2025-11-01 14:00:00+00:00
1762009200000,0.06029,0.06204,0.0602,0.06199,14633340.0,1762012800000,902148.25197,5190,2025-11-01 15:00:00+00:00
1762012800000,0.06199,0.06463,0.06184,0.06419,5501054.0,1762016400000,348663.30076,6962,2025-11-01 16:00:00+00:00
1762016400000,0.06419,0.06426,0.06342,0.0639,3715795.0,1762020000000,237106.10121,6094,2025-11-01 17:00:00+00:00
1762020000000,0.06389,0.06493,0.0637,0.064,2508775.0,1762023600000,161283.55265,3397,2025-11-01 18:00:00+00:00
1762023600000,0.064,0.06407,0.06334,0.06393,989386.0,1762027200000,62984.97535,1378,2025-11-01 19:00:00+00:00
1762027200000,0.06394,0.06432,0.0637,0.06376,1368297.0,1762030800000,87560.21912,1438,2025-11-01 20:00:00+00:00
1762030800000,0.06376,0.06402,0.06272,0.06281,2228912.0,1762034400000,141169.92296,1334,2025-11-01 21:00:00+00:00
1762034400000,0.06282,0.06349,0.06282,0.06349,2007011.0,1762038000000,126816.41765,1633,2025-11-01 22:00:00+00:00
1762038000000,0.06348,0.06362,0.06328,0.06351,560734.0,1762041600000,35557.88249,961,2025-11-01 23:00:00+00:00
1762041600000,0.0635,0.0635,0.06312,0.06323,575754.0,1762045200000,36449.593,1041,2025-11-02 00:00:00+00:00
1762045200000,0.06323,0.06345,0.06283,0.06322,997216.0,1762048800000,62959.4403,1321,2025-11-02 01:00:00+00:00
1762048800000,0.06323,0.06339,0.0629,0.06293,690531.0,1762052400000,43626.46938,1199,2025-11-02 02:00:00+00:00
1762052400000,0.06292,0.06337,0.06267,0.06309,961997.0,1762056000000,60685.0544,1356,2025-11-02 03:00:00+00:00
1762056000000,0.06309,0.0641,0.06306,0.0641,899404.0,1762059600000,57152.08173,1543,2025-11-02 04:00:00+00:00
1762059600000,0.06409,0.06502,0.06375,0.06501,1417996.0,1762063200000,91007.56664,2301,2025-11-02 05:00:00+00:00
1762063200000,0.065,0.06572,0.06475,0.06568,2312488.0,1762066800000,151015.92775,3865,2025-11-02 06:00:00+00:00
1762066800000,0.06569,0.06594,0.06524,0.06582,2859093.0,1762070400000,187445.10872,2513,2025-11-02 07:00:00+00:00
1762070400000,0.06582,0.06599,0.06525,0.06534,2782574.0,1762074000000,182690.69933,2369,2025-11-02 08:00:00+00:00
1762074000000,0.06534,0.06597,0.06469,0.06527,3422702.0,1762077600000,223945.32018,2751,2025-11-02 09:00:00+00:00
1762077600000,0.06527,0.06595,0.06487,0.06586,3163715.0,1762081200000,206856.28925,2989,2025-11-02 10:00:00+00:00
1762081200000,0.06587,0.06597,0.06508,0.06518,1930535.0,1762084800000,126427.51921,2082,2025-11-02 11:00:00+00:00
1762084800000,0.06517,0.06532,0.0642,0.06441,1913013.0,1762088400000,123680.86449,2149,2025-11-02 12:00:00+00:00
1762088400000,0.06441,0.06458,0.06356,0.06455,2160872.0,1762092000000,138737.96641,2600,2025-11-02 13:00:00+00:00
1762092000000,0.06454,0.06464,0.06215,0.06275,15464918.0,1762095600000,969286.56503,6265,2025-11-02 14:00:00+00:00
1762095600000,0.06275,0.06327,0.06221,0.06227,5371024.0,1762099200000,337492.0177,3405,2025-11-02 15:00:00+00:00
1762099200000,0.06226,0.0625,0.06137,0.0625,2193912.0,1762102800000,135955.60951,2668,2025-11-02 16:00:00+00:00
1762102800000,0.06249,0.06267,0.06216,0.06267,1573492.0,1762106400000,98173.96076,1774,2025-11-02 17:00:00+00:00
1762106400000,0.06267,0.06286,0.06205,0.0621,1163262.0,1762110000000,72859.72565,1748,2025-11-02 18:00:00+00:00
1762110000000,0.06211,0.06253,0.06193,0.06239,2546602.0,1762113600000,158348.59677,2188,2025-11-02 19:00:00+00:00
1762113600000,0.0624,0.06363,0.06233,0.0636,2202657.0,1762117200000,138858.08181,2277,2025-11-02 20:00:00+00:00
1762117200000,0.0636,0.06554,0.0636,0.06505,3761046.0,1762120800000,243834.27562,4516,2025-11-02 21:00:00+00:00
1762120800000,0.06505,0.06508,0.06344,0.06409,2592854.0,1762124400000,166587.10548,1395,2025-11-02 22:00:00+00:00
1762124400000,0.0641,0.06542,0.06391,0.06536,1936913.0,1762128000000,125357.06386,2221,2025-11-02 23:00:00+00:00
1762128000000,0.06533,0.06612,0.0641,0.0642,1867202.0,1762131600000,121818.61399,2463,2025-11-03 00:00:00+00:00
1762131600000,0.06419,0.06419,0.06302,0.06317,1697613.0,1762135200000,107679.19233,2250,2025-11-03 01:00:00+00:00
1762135200000,0.06316,0.06328,0.06228,0.06267,2606090.0,1762138800000,163576.68778,3262,2025-11-03 02:00:00+00:00
1762138800000,0.06268,0.06286,0.06052,0.06059,3663107.0,1762142400000,225021.48166,4708,2025-11-03 03:00:00+00:00
1762142400000,0.06058,0.06069,0.06,0.06068,2257013.0,1762146000000,136043.78322,3049,2025-11-03 04:00:00+00:00
1762146000000,0.06068,0.06145,0.06016,0.06036,1701069.0,1762149600000,103472.26314,2101,2025-11-03 05:00:00+00:00
1762149600000,0.06035,0.06061,0.05906,0.05965,2855151.0,1762153200000,171029.38457,3616,2025-11-03 06:00:00+00:00
1762153200000,0.05965,0.06023,0.05939,0.05955,2153074.0,1762156800000,128562.82274,2980,2025-11-03 07:00:00+00:00
1762156800000,0.05955,0.05975,0.05893,0.05962,1495547.0,1762160400000,88782.29317,2608,2025-11-03 08:00:00+00:00
1762160400000,0.05962,0.0606,0.05909,0.05919,3555620.0,1762164000000,212660.29281,3428,2025-11-03 09:00:00+00:00
1762164000000,0.05918,0.05979,0.05796,0.05851,4246042.0,1762167600000,250260.874,3451,2025-11-03 10:00:00+00:00
1762167600000,0.05851,0.05988,0.05848,0.05957,2387200.0,1762171200000,141554.57554,2789,2025-11-03 11:00:00+00:00
1762171200000,0.05959,0.06005,0.05943,0.0596,3131953.0,1762174800000,187191.14779,2711,2025-11-03 12:00:00+00:00
1762174800000,0.0596,0.05987,0.059,0.05933,1962217.0,1762178400000,116446.52097,2388,2025-11-03 13:00:00+00:00
1762178400000,0.05933,0.06015,0.05892,0.05965,1609588.0,1762182000000,95625.54291,2991,2025-11-03 14:00:00+00:00
1762182000000,0.05965,0.05975,0.05449,0.05489,16474093.0,1762185600000,924746.54338,15035,2025-11-03 15:00:00+00:00
1762185600000,0.05489,0.05659,0.05467,0.05564,6346728.0,1762189200000,353366.85798,8237,2025-11-03 16:00:00+00:00
1762189200000,0.05564,0.05683,0.05551,0.05632,3610696.0,1762192800000,202452.78966,6004,2025-11-03 17:00:00+00:00
1762192800000,0.05632,0.05656,0.0551,0.0551,2071181.0,1762196400000,115730.4132,2764,2025-11-03 18:00:00+00:00
1762196400000,0.05509,0.05541,0.05406,0.05411,4005752.0,1762200000000,219350.04505,5556,2025-11-03 19:00:00+00:00
1762200000000,0.05412,0.05442,0.05343,0.05374,4187208.0,1762203600000,226044.61815,5976,2025-11-03 20:00:00+00:00
1762203600000,0.05373,0.05461,0.05346,0.05441,3440391.0,1762207200000,186167.22634,6116,2025-11-03 21:00:00+00:00
1762207200000,0.05442,0.05462,0.05354,0.05424,2144954.0,1762210800000,116116.5621,1846,2025-11-03 22:00:00+00:00
1762210800000,0.05423,0.05493,0.05383,0.05483,1010965.0,1762214400000,55239.92418,1388,2025-11-03 23:00:00+00:00
1762214400000,0.05484,0.05567,0.05435,0.0553,2529426.0,1762218000000,139047.11087,3080,2025-11-04 00:00:00+00:00
1762218000000,0.05531,0.05549,0.05473,0.05489,2266409.0,1762221600000,125006.51213,2693,2025-11-04 01:00:00+00:00
1762221600000,0.05487,0.05526,0.05466,0.05495,1811103.0,1762225200000,99522.45204,2117,2025-11-04 02:00:00+00:00
1762225200000,0.05495,0.05548,0.05474,0.05486,3652610.0,1762228800000,201508.58211,2971,2025-11-04 03:00:00+00:00
1762228800000,0.05486,0.05522,0.05435,0.05454,2356653.0,1762232400000,128957.74199,2442,2025-11-04 04:00:00+00:00
1762232400000,0.05453,0.05494,0.05185,0.05191,10398626.0,1762236000000,550869.22536,9607,2025-11-04 05:00:00+00:00
1762236000000,0.0519,0.054,0.05185,0.05322,4147294.0,1762239600000,219227.32089,6393,2025-11-04 06:00:00+00:00
1762239600000,0.05321,0.05327,0.05223,0.05286,4333005.0,1762243200000,228411.58641,4535,2025-11-04 07:00:00+00:00
1762243200000,0.05287,0.05406,0.0527,0.05346,3594606.0,1762246800000,191517.49888,4634,2025-11-04 08:00:00+00:00
1762246800000,0.05345,0.05375,0.05305,0.05357,3243271.0,1762250400000,173513.07527,3016,2025-11-04 09:00:00+00:00
1762250400000,0.05357,0.05373,0.05321,0.05333,2091873.0,1762254000000,111911.30481,2570,2025-11-04 10:00:00+00:00
1762254000000,0.05334,0.05356,0.05278,0.05306,2401963.0,1762257600000,127982.08684,2699,2025-11-04 11:00:00+00:00
1762257600000,0.05304,0.0534,0.05284,0.05315,1806722.0,1762261200000,95970.65883,2225,2025-11-04 12:00:00+00:00
1762261200000,0.05315,0.05332,0.05243,0.05269,3228443.0,1762264800000,170663.82943,3223,2025-11-04 13:00:00+00:00
1762264800000,0.05268,0.05454,0.0522,0.05419,5649787.0,1762268400000,299876.00493,6185,2025-11-04 14:00:00+00:00
1762268400000,0.0542,0.05483,0.05335,0.0535,4652518.0,1762272000000,252339.29576,4594,2025-11-04 15:00:00+00:00
1762272000000,0.05348,0.05414,0.05259,0.05275,3844744.0,1762275600000,205190.24308,4181,2025-11-04 16:00:00+00:00
1762275600000,0.05275,0.05304,0.05124,0.05236,4907172.0,1762279200000,255850.27315,7473,2025-11-04 17:00:00+00:00
1762279200000,0.05235,0.05236,0.05009,0.05182,6996341.0,1762282800000,357676.64552,10702,2025-11-04 18:00:00+00:00
1762282800000,0.05182,0.05234,0.05115,0.05129,3374132.0,1762286400000,174547.78361,5415,2025-11-04 19:00:00+00:00
1762286400000,0.05129,0.05211,0.04888,0.05153,12496285.0,1762290000000,628875.02005,16210,2025-11-04 20:00:00+00:00
1762290000000,0.05155,0.05165,0.0492,0.05145,9597386.0,1762293600000,484201.74279,12691,2025-11-04 21:00:00+00:00
1762293600000,0.05146,0.05249,0.05114,0.05215,3196530.0,1762297200000,166145.26866,3236,2025-11-04 22:00:00+00:00
1762297200000,0.05215,0.05248,0.0516,0.05167,2205239.0,1762300800000,114508.83388,2424,2025-11-04 23:00:00+00:00
1762300800000,0.05168,0.05201,0.05047,0.05081,2617979.0,1762304400000,133758.17009,2965,2025-11-05 00:00:00+00:00
1762304400000,0.05082,0.05107,0.04909,0.05084,3870839.0,1762308000000,193422.12134,5046,2025-11-05 01:00:00+00:00
1762308000000,0.05085,0.05219,0.05085,0.05211,3090792.0,1762311600000,159154.46687,4508,2025-11-05 02:00:00+00:00
1762311600000,0.05211,0.05229,0.05167,0.05182,1812369.0,1762315200000,94207.2629,2467,2025-11-05 03:00:00+00:00
1762315200000,0.05182,0.05213,0.05156,0.05174,1700806.0,1762318800000,88209.52364,2022,2025-11-05 04:00:00+00:00
1762318800000,0.05175,0.05207,0.05157,0.05162,1075767.0,1762322400000,55712.63197,1473,2025-11-05 05:00:00+00:00
1762322400000,0.05161,0.05166,0.05096,0.05141,1574052.0,1762326000000,80704.14507,1632,2025-11-05 06:00:00+00:00
1762326000000,0.05144,0.05169,0.05092,0.05159,1264391.0,1762329600000,64821.08216,1341,2025-11-05 07:00:00+00:00
1762329600000,0.05158,0.05158,0.05079,0.05131,3303380.0,1762333200000,169315.09869,2942,2025-11-05 08:00:00+00:00
1762333200000,0.0513,0.05194,0.05126,0.05188,1786955.0,1762336800000,92320.46527,2590,2025-11-05 09:00:00+00:00
1762336800000,0.05186,0.05187,0.05072,0.05073,1912799.0,1762340400000,98290.61503,2228,2025-11-05 10:00:00+00:00
1762340400000,0.05073,0.05171,0.05063,0.05152,2298836.0,1762344000000,117650.25571,2097,2025-11-05 11:00:00+00:00
1762344000000,0.05152,0.05182,0.05098,0.05111,3001211.0,1762347600000,153697.43968,2363,2025-11-05 12:00:00+00:00
1762347600000,0.05111,0.05199,0.0505,0.05171,2129907.0,1762351200000,109010.01122,2688,2025-11-05 13:00:00+00:00
1762351200000,0.0517,0.05286,0.05113,0.05263,3653897.0,1762354800000,189425.84096,3736,2025-11-05 14:00:00+00:00
1762354800000,0.05264,0.05296,0.05223,0.05239,3993721.0,1762358400000,210020.67291,4202,2025-11-05 15:00:00+00:00
1762358400000,0.05241,0.05279,0.05173,0.05273,2146706.0,1762362000000,112094.00482,2574,2025-11-05 16:00:00+00:00
1762362000000,0.05273,0.05432,0.05246,0.0538,4391351.0,1762365600000,235496.34061,4326,2025-11-05 17:00:00+00:00
1762365600000,0.05379,0.0544,0.05357,0.0539,1865253.0,1762369200000,100626.55342,1953,2025-11-05 18:00:00+00:00
1762369200000,0.05389,0.05404,0.05351,0.05356,689601.0,1762372800000,37074.09315,1288,2025-11-05 19:00:00+00:00
1762372800000,0.05357,0.05417,0.05315,0.05364,1745883.0,1762376400000,93618.16731,2721,2025-11-05 20:00:00+00:00
1762376400000,0.05364,0.05375,0.05331,0.05348,1020346.0,1762380000000,54604.72158,1777,2025-11-05 21:00:00+00:00
1762380000000,0.05349,0.05418,0.05341,0.05383,640839.0,1762383600000,34436.12522,936,2025-11-05 22:00:00+00:00
1762383600000,0.05383,0.05393,0.0534,0.05365,1436460.0,1762387200000,77093.92657,1819,2025-11-05 23:00:00+00:00
1762387200000,0.05364,0.05364,0.05234,0.05259,2407098.0,1762390800000,127614.2053,2753,2025-11-06 00:00:00+00:00
1762390800000,0.05258,0.05258,0.05159,0.05196,1817200.0,1762394400000,94533.21801,2356,2025-11-06 01:00:00+00:00
1762394400000,0.05196,0.05258,0.05152,0.05207,1956594.0,1762398000000,101662.50464,2332,2025-11-06 02:00:00+00:00
1762398000000,0.05208,0.05233,0.05175,0.0518,1279962.0,1762401600000,66611.21157,1820,2025-11-06 03:00:00+00:00
1762401600000,0.05181,0.05195,0.0514,0.05181,1139285.0,1762405200000,58920.56388,1652,2025-11-06 04:00:00+00:00
1762405200000,0.0518,0.0518,0.0508,0.05083,1383048.0,1762408800000,70837.97731,1673,2025-11-06 05:00:00+00:00
1762408800000,0.05084,0.05148,0.05058,0.05118,1464182.0,1762412400000,74854.10307,1919,2025-11-06 06:00:00+00:00
1762412400000,0.05119,0.05149,0.05075,0.05094,2165541.0,1762416000000,110632.51719,2694,2025-11-06 07:00:00+00:00
1762416000000,0.05093,0.05154,0.05085,0.05101,1584434.0,1762419600000,81079.46231,1766,2025-11-06 08:00:00+00:00
1762419600000,0.05102,0.05118,0.05038,0.0504,2360686.0,1762423200000,119817.08899,2446,2025-11-06 09:00:00+00:00
1762423200000,0.0504,0.05124,0.05029,0.05115,2674696.0,1762426800000,135838.57496,2903,2025-11-06 10:00:00+00:00
1762426800000,0.05115,0.05125,0.05062,0.05065,2124659.0,1762430400000,108275.43471,2203,2025-11-06 11:00:00+00:00
1762430400000,0.05065,0.05086,0.0501,0.05019,1665899.0,1762434000000,84114.01411,2157,2025-11-06 12:00:00+00:00
1762434000000,0.0502,0.05162,0.05015,0.05134,3319421.0,1762437600000,169116.51822,2941,2025-11-06 13:00:00+00:00
1762437600000,0.05135,0.05143,0.05031,0.05064,4117676.0,1762441200000,209049.43629,3992,2025-11-06 14:00:00+00:00
1762441200000,0.05063,0.05124,0.04943,0.04978,5939076.0,1762444800000,298688.27455,5357,2025-11-06 15:00:00+00:00
1762444800000,0.04978,0.04991,0.04855,0.04907,3810891.0,1762448400000,188067.20275,3954,2025-11-06 16:00:00+00:00
1762448400000,0.04908,0.04942,0.04866,0.04901,4397878.0,1762452000000,216039.42809,4447,2025-11-06 17:00:00+00:00
1762452000000,0.049,0.04909,0.04805,0.0486,4427028.0,1762455600000,214664.64575,3567,2025-11-06 18:00:00+00:00
1762455600000,0.0486,0.04882,0.04803,0.0483,2663544.0,1762459200000,128911.62256,2788,2025-11-06 19:00:00+00:00
1762459200000,0.04831,0.04865,0.04741,0.04772,5553108.0,1762462800000,265689.67942,4100,2025-11-06 20:00:00+00:00
1762462800000,0.04772,0.04848,0.04762,0.04817,2307171.0,1762466400000,111084.067,2032,2025-11-06 21:00:00+00:00
1762466400000,0.04817,0.04828,0.04753,0.04775,1307731.0,1762470000000,62531.87766,911,2025-11-06 22:00:00+00:00
1762470000000,0.04774,0.04774,0.04627,0.04742,4358437.0,1762473600000,204364.15099,3225,2025-11-06 23:00:00+00:00
1762473600000,0.04743,0.04858,0.04743,0.04831,2439634.0,1762477200000,117209.69279,3133,2025-11-07 00:00:00+00:00
1762477200000,0.04832,0.04842,0.04751,0.04831,4343867.0,1762480800000,207997.68173,3412,2025-11-07 01:00:00+00:00
1762480800000,0.0483,0.04868,0.04799,0.0485,1439567.0,1762484400000,69699.86145,2145,2025-11-07 02:00:00+00:00
1762484400000,0.0485,0.04887,0.0485,0.04873,1744335.0,1762488000000,84995.90483,1799,2025-11-07 03:00:00+00:00
1762488000000,0.04874,0.04884,0.0481,0.04844,1352060.0,1762491600000,65510.98457,1758,2025-11-07 04:00:00+00:00
1762491600000,0.04844,0.04956,0.04843,0.04921,3362137.0,1762495200000,165217.36319,2494,2025-11-07 05:00:00+00:00
1762495200000,0.04921,0.04994,0.04918,0.04933,2488437.0,1762498800000,123323.15899,1886,2025-11-07 06:00:00+00:00
1762498800000,0.04933,0.05013,0.04918,0.05009,1467560.0,1762502400000,72794.56298,1484,2025-11-07 07:00:00+00:00
1762502400000,0.05009,0.05023,0.04957,0.04973,1658088.0,1762506000000,82790.1082,1773,2025-11-07 08:00:00+00:00
1762506000000,0.04974,0.04985,0.04851,0.04936,2327697.0,1762509600000,114314.78316,2665,2025-11-07 09:00:00+00:00
1762509600000,0.04936,0.04976,0.0487,0.04897,1222341.0,1762513200000,60128.54529,1978,2025-11-07 10:00:00+00:00
1762513200000,0.04895,0.04895,0.04799,0.04841,1870453.0,1762516800000,90495.73244,2968,2025-11-07 11:00:00+00:00
1762516800000,0.0484,0.0487,0.04714,0.04755,2922472.0,1762520400000,139626.85464,3035,2025-11-07 12:00:00+00:00
1762520400000,0.04756,0.04855,0.04723,0.04831,3304645.0,1762524000000,158466.2051,3515,2025-11-07 13:00:00+00:00
1762524000000,0.0483,0.04935,0.04743,0.0493,6614151.0,1762527600000,320023.80131,5467,2025-11-07 14:00:00+00:00
1762527600000,0.04931,0.05398,0.04901,0.05374,9895113.0,1762531200000,510068.30463,10153,2025-11-07 15:00:00+00:00
1762531200000,0.05373,0.05661,0.05352,0.05584,14977689.0,1762534800000,829102.88397,13152,2025-11-07 16:00:00+00:00
1762534800000,0.05585,0.05692,0.0551,0.05687,7557360.0,1762538400000,424535.68651,7841,2025-11-07 17:00:00+00:00
1762538400000,0.05687,0.05805,0.05671,0.05685,5627016.0,1762542000000,322927.86178,8646,2025-11-07 18:00:00+00:00
1762542000000,0.05686,0.05702,0.05612,0.05683,3873678.0,1762545600000,219143.14893,5247,2025-11-07 19:00:00+00:00
1762545600000,0.05682,0.05713,0.05571,0.05572,3927249.0,1762549200000,220871.77096,3749,2025-11-07 20:00:00+00:00
1762549200000,0.05572,0.05589,0.05543,0.05554,2705445.0,1762552800000,150651.85054,2669,2025-11-07 21:00:00+00:00
1762552800000,0.05555,0.05575,0.05479,0.05492,3274608.0,1762556400000,180816.03259,2395,2025-11-07 22:00:00+00:00
1762556400000,0.05492,0.05495,0.05297,0.05332,3287664.0,1762560000000,175931.38144,4089,2025-11-07 23:00:00+00:00
1762560000000,0.05332,0.05432,0.05314,0.05321,4348753.0,1762563600000,233835.99931,3938,2025-11-08 00:00:00+00:00
1762563600000,0.0532,0.05547,0.05312,0.05511,6037057.0,1762567200000,329230.62497,6154,2025-11-08 01:00:00+00:00
1762567200000,0.0551,0.05628,0.05502,0.05554,3651718.0,1762570800000,203414.41658,3733,2025-11-08 02:00:00+00:00
1762570800000,0.05553,0.0561,0.05451,0.05453,2228509.0,1762574400000,123558.10583,3203,2025-11-08 03:00:00+00:00
1762574400000,0.05453,0.05531,0.05435,0.05442,2790197.0,1762578000000,152688.30808,3338,2025-11-08 04:00:00+00:00
1762578000000,0.05442,0.05474,0.05357,0.05373,3365465.0,1762581600000,182150.31334,3340,2025-11-08 05:00:00+00:00
1762581600000,0.05373,0.05424,0.05309,0.0539,2743923.0,1762585200000,147013.80775,3391,2025-11-08 06:00:00+00:00
1762585200000,0.0539,0.05394,0.05305,0.05339,2827505.0,1762588800000,150830.16097,3009,2025-11-08 07:00:00+00:00
1762588800000,0.05338,0.05399,0.05285,0.05361,4633500.0,1762592400000,247611.58459,3523,2025-11-08 08:00:00+00:00
1762592400000,0.0536,0.05382,0.0524,0.0526,4504169.0,1762596000000,240085.25111,4246,2025-11-08 09:00:00+00:00
1762596000000,0.05259,0.05314,0.05247,0.05277,1793992.0,1762599600000,94847.98899,2044,2025-11-08 10:00:00+00:00
1762599600000,0.05276,0.0531,0.05162,0.05219,7339193.0,1762603200000,385423.60233,4467,2025-11-08 11:00:00+00:00
1762603200000,0.05218,0.05275,0.05197,0.05242,6192147.0,1762606800000,323791.80333,4395,2025-11-08 12:00:00+00:00
1762606800000,0.05243,0.05244,0.05154,0.05163,3644835.0,1762610400000,189279.39226,3545,2025-11-08 13:00:00+00:00
1762610400000,0.05166,0.05186,0.05091,0.05143,5459659.0,1762614000000,281044.05765,4148,2025-11-08 14:00:00+00:00
1762614000000,0.05143,0.05146,0.0495,0.04975,4620499.0,1762617600000,232410.55705,3571,2025-11-08 15:00:00+00:00
1762617600000,0.04976,0.04984,0.04864,0.04901,4971587.0,1762621200000,244923.70426,4756,2025-11-08 16:00:00+00:00
1762621200000,0.049,0.04975,0.04867,0.04959,3757956.0,1762624800000,185682.11217,3029,2025-11-08 17:00:00+00:00
1762624800000,0.04959,0.05013,0.04953,0.04999,2764688.0,1762628400000,137937.80416,2249,2025-11-08 18:00:00+00:00
1762628400000,0.04998,0.05012,0.04912,0.04963,1756374.0,1762632000000,87017.20899,2154,2025-11-08 19:00:00+00:00
1762632000000,0.04963,0.04992,0.04926,0.04978,2155962.0,1762635600000,107023.48968,2258,2025-11-08 20:00:00+00:00
1762635600000,0.04977,0.05033,0.04958,0.05014,1110146.0,1762639200000,55538.44445,1641,2025-11-08 21:00:00+00:00
1762639200000,0.05014,0.05079,0.04998,0.05044,2050156.0,1762642800000,103266.56212,1495,2025-11-08 22:00:00+00:00
1762642800000,0.05044,0.05083,0.05014,0.0506,1223010.0,1762646400000,61692.46598,1726,2025-11-08 23:00:00+00:00
1762646400000,0.0506,0.0506,0.04905,0.04918,4047567.0,1762650000000,200730.01371,3152,2025-11-09 00:00:00+00:00
1762650000000,0.04917,0.0496,0.04882,0.04925,1859804.0,1762653600000,91355.46407,2092,2025-11-09 01:00:00+00:00
1762653600000,0.04924,0.04924,0.04787,0.04806,3199015.0,1762657200000,155124.61372,3395,2025-11-09 02:00:00+00:00
1762657200000,0.04806,0.04831,0.0477,0.0481,2942459.0,1762660800000,141264.03617,3298,2025-11-09 03:00:00+00:00
1762660800000,0.04806,0.04849,0.04788,0.04816,1170838.0,1762664400000,56470.46252,1729,2025-11-09 04:00:00+00:00
1762664400000,0.04815,0.04848,0.04791,0.0484,1434342.0,1762668000000,69134.02962,1738,2025-11-09 05:00:00+00:00
1762668000000,0.0484,0.0489,0.04806,0.04855,2026996.0,1762671600000,98359.69507,1675,2025-11-09 06:00:00+00:00
1762671600000,0.04856,0.04966,0.04849,0.04963,2086385.0,1762675200000,102520.0283,2080,2025-11-09 07:00:00+00:00
1762675200000,0.04962,0.04963,0.04864,0.04877,1174124.0,1762678800000,57684.6181,1698,2025-11-09 08:00:00+00:00
1762678800000,0.04878,0.04912,0.0482,0.04836,1106052.0,1762682400000,53776.58329,1769,2025-11-09 09:00:00+00:00
1762682400000,0.04836,0.04893,0.048,0.04888,2353375.0,1762686000000,113843.00501,2192,2025-11-09 10:00:00+00:00
1762686000000,0.04888,0.04933,0.04885,0.04898,1900703.0,1762689600000,93335.432,2382,2025-11-09 11:00:00+00:00
1762689600000,0.04899,0.04933,0.0488,0.04895,1247412.0,1762693200000,61204.04343,1832,2025-11-09 12:00:00+00:00
1762693200000,0.04894,0.04967,0.04883,0.04938,2446234.0,1762696800000,120713.44245,2606,2025-11-09 13:00:00+00:00
1762696800000,0.04938,0.0504,0.04906,0.05018,4813563.0,1762700400000,240228.36045,6027,2025-11-09 14:00:00+00:00
1762700400000,0.05016,0.05204,0.05016,0.05114,5148436.0,1762704000000,264743.47751,7779,2025-11-09 15:00:00+00:00
1762704000000,0.05114,0.0517,0.05087,0.05165,1702518.0,1762707600000,87275.98254,3192,2025-11-09 16:00:00+00:00
1762707600000,0.05164,0.05176,0.05068,0.05077,1641294.0,1762711200000,83841.54092,2669,2025-11-09 17:00:00+00:00
1762711200000,0.05076,0.05134,0.05037,0.05124,1481655.0,1762714800000,75235.44311,2117,2025-11-09 18:00:00+00:00
1762714800000,0.05123,0.05161,0.05079,0.05161,2944246.0,1762718400000,150432.36974,2578,2025-11-09 19:00:00+00:00
1762718400000,0.05162,0.05185,0.05121,0.05128,1151543.0,1762722000000,59324.22989,1686,2025-11-09 20:00:00+00:00
1762722000000,0.05127,0.0514,0.05097,0.05121,1299197.0,1762725600000,66494.44996,1527,2025-11-09 21:00:00+00:00
1762725600000,0.05122,0.05144,0.05067,0.05101,1584081.0,1762729200000,80816.54958,1138,2025-11-09 22:00:00+00:00
1762729200000,0.05102,0.05154,0.05032,0.05055,2064493.0,1762732800000,104778.45129,2630,2025-11-09 23:00:00+00:00
1762732800000,0.05056,0.05272,0.05013,0.05215,3776302.0,1762736400000,194581.50086,4023,2025-11-10 00:00:00+00:00
1762736400000,0.05214,0.05232,0.05151,0.05151,2187889.0,1762740000000,113423.21413,3229,2025-11-10 01:00:00+00:00
1762740000000,0.0515,0.05207,0.05118,0.05207,2570179.0,1762743600000,132452.2598,3071,2025-11-10 02:00:00+00:00
1762743600000,0.05208,0.05304,0.05208,0.05232,3744204.0,1762747200000,197053.98168,4513,2025-11-10 03:00:00+00:00
1762747200000,0.05232,0.05247,0.05186,0.05217,1720470.0,1762750800000,89763.1758,2168,2025-11-10 04:00:00+00:00
1762750800000,0.05217,0.05272,0.05158,0.05211,2372079.0,1762754400000,123689.56398,2416,2025-11-10 05:00:00+00:00
1762754400000,0.05212,0.05258,0.05198,0.05237,1275179.0,1762758000000,66668.56435,1886,2025-11-10 06:00:00+00:00
1762758000000,0.05237,0.05327,0.05212,0.0524,3271143.0,1762761600000,172534.03821,2970,2025-11-10 07:00:00+00:00
1762761600000,0.05239,0.05245,0.05155,0.05197,2933158.0,1762765200000,152498.71215,3530,2025-11-10 08:00:00+00:00
1762765200000,0.05198,0.05432,0.05198,0.05431,5060876.0,1762768800000,269915.81626,4315,2025-11-10 09:00:00+00:00
1762768800000,0.0543,0.05615,0.05371,0.05533,38564059.0,1762772400000,2125727.73114,26121,2025-11-10 10:00:00+00:00
1762772400000,0.05533,0.05533,0.05365,0.05372,6087179.0,1762776000000,331845.19151,4824,2025-11-10 11:00:00+00:00
1762776000000,0.05372,0.05379,0.05259,0.05276,3722064.0,1762779600000,197506.1183,2843,2025-11-10 12:00:00+00:00
1762779600000,0.05277,0.05384,0.05274,0.05376,2836827.0,1762783200000,151129.79246,2992,2025-11-10 13:00:00+00:00
1762783200000,0.05375,0.05444,0.05176,0.05198,8631760.0,1762786800000,458956.80268,8699,2025-11-10 14:00:00+00:00
1762786800000,0.05199,0.05323,0.05184,0.05257,4003051.0,1762790400000,210247.94134,4823,2025-11-10 15:00:00+00:00
1762790400000,0.05257,0.0528,0.05117,0.05163,3159448.0,1762794000000,164334.86395,4296,2025-11-10 16:00:00+00:00
1762794000000,0.05162,0.0538,0.05161,0.05339,4564237.0,1762797600000,241481.04504,4571,2025-11-10 17:00:00+00:00
1762797600000,0.05339,0.05357,0.05278,0.0528,1592496.0,1762801200000,84722.5115,2229,2025-11-10 18:00:00+00:00
1762801200000,0.05278,0.05431,0.05264,0.05351,3199068.0,1762804800000,170439.56722,3160,2025-11-10 19:00:00+00:00
1762804800000,0.0535,0.05553,0.05349,0.05422,7123157.0,1762808400000,389170.02537,6876,2025-11-10 20:00:00+00:00
1762808400000,0.05422,0.05426,0.05326,0.05364,2866246.0,1762812000000,153681.51447,3645,2025-11-10 21:00:00+00:00
1762812000000,0.05365,0.05479,0.05325,0.05463,3214816.0,1762815600000,173070.86252,2419,2025-11-10 22:00:00+00:00
1762815600000,0.05464,0.05465,0.05327,0.05328,1483390.0,1762819200000,80061.68404,1898,2025-11-10 23:00:00+00:00
1762819200000,0.05329,0.0535,0.05193,0.05264,3343275.0,1762822800000,175855.63943,2970,2025-11-11 00:00:00+00:00
1762822800000,0.05265,0.0543,0.05245,0.0527,2859017.0,1762826400000,152345.01107,3290,2025-11-11 01:00:00+00:00
1762826400000,0.05271,0.05405,0.05229,0.05374,3159257.0,1762830000000,168435.10828,3597,2025-11-11 02:00:00+00:00
1762830000000,0.05372,0.05392,0.05326,0.05352,1593095.0,1762833600000,85338.98513,2150,2025-11-11 03:00:00+00:00
1762833600000,0.05352,0.05372,0.05274,0.05284,1136169.0,1762837200000,60499.22335,1951,2025-11-11 04:00:00+00:00
1762837200000,0.05284,0.05284,0.05192,0.05212,4263625.0,1762840800000,223067.6828,4007,2025-11-11 05:00:00+00:00
1762840800000,0.05211,0.05241,0.05069,0.05118,21090318.0,1762844400000,1084151.91914,6724,2025-11-11 06:00:00+00:00
1762844400000,0.05116,0.05119,0.0496,0.04974,3320033.0,1762848000000,167638.17623,2808,2025-11-11 07:00:00+00:00
1762848000000,0.04973,0.05021,0.04939,0.05006,2839553.0,1762851600000,141394.31317,2590,2025-11-11 08:00:00+00:00
1762851600000,0.05006,0.05036,0.04929,0.04941,1872784.0,1762855200000,93206.65563,2135,2025-11-11 09:00:00+00:00
1762855200000,0.04941,0.04995,0.04932,0.04972,2256364.0,1762858800000,112193.79986,2434,2025-11-11 10:00:00+00:00
1762858800000,0.04973,0.04996,0.04922,0.04948,1881918.0,1762862400000,93239.59538,2171,2025-11-11 11:00:00+00:00
1762862400000,0.04948,0.04985,0.04839,0.04878,4006868.0,1762866000000,196098.42014,3634,2025-11-11 12:00:00+00:00
1762866000000,0.04878,0.04926,0.04817,0.04833,7359642.0,1762869600000,358450.49091,3875,2025-11-11 13:00:00+00:00
1762869600000,0.04833,0.04886,0.04772,0.04865,4178246.0,1762873200000,201161.0214,3574,2025-11-11 14:00:00+00:00
1762873200000,0.04864,0.04864,0.04738,0.04776,3788769.0,1762876800000,181473.10389,3340,2025-11-11 15:00:00+00:00
1762876800000,0.04777,0.04863,0.04765,0.04825,2611378.0,1762880400000,125890.18614,2659,2025-11-11 16:00:00+00:00
1762880400000,0.04827,0.0484,0.04735,0.04809,3144641.0,1762884000000,150596.7845,2970,2025-11-11 17:00:00+00:00
1762884000000,0.04808,0.04823,0.04768,0.04786,3370536.0,1762887600000,161539.55088,2231,2025-11-11 18:00:00+00:00
1762887600000,0.04786,0.04805,0.04718,0.04743,2758861.0,1762891200000,131581.25224,2332,2025-11-11 19:00:00+00:00
1762891200000,0.04745,0.04748,0.04635,0.04651,6406035.0,1762894800000,299849.00144,4474,2025-11-11 20:00:00+00:00
1762894800000,0.04652,0.04742,0.04651,0.0469,4227286.0,1762898400000,198519.39633,3281,2025-11-11 21:00:00+00:00
1762898400000,0.04689,0.04775,0.04661,0.04765,3413721.0,1762902000000,161551.52849,1819,2025-11-11 22:00:00+00:00
1762902000000,0.04764,0.04765,0.04642,0.04653,1918243.0,1762905600000,90054.47354,1687,2025-11-11 23:00:00+00:00
1762905600000,0.04654,0.04722,0.04639,0.04658,4023832.0,1762909200000,188194.0327,2980,2025-11-12 00:00:00+00:00
1762909200000,0.04657,0.04724,0.04651,0.04698,3427829.0,1762912800000,160886.19312,2673,2025-11-12 01:00:00+00:00
1762912800000,0.04696,0.04729,0.04658,0.04719,2743699.0,1762916400000,128758.1934,2090,2025-11-12 02:00:00+00:00
1762916400000,0.04718,0.04791,0.04716,0.04778,2165282.0,1762920000000,102801.29505,1824,2025-11-12 03:00:00+00:00
1762920000000,0.04779,0.04794,0.04744,0.04771,3057433.0,1762923600000,145782.38894,1878,2025-11-12 04:00:00+00:00
1762923600000,0.04772,0.04816,0.04743,0.04749,2573115.0,1762927200000,122903.4193,1840,2025-11-12 05:00:00+00:00
1762927200000,0.0475,0.04824,0.04738,0.04806,1967624.0,1762930800000,94395.63154,1819,2025-11-12 06:00:00+00:00
1762930800000,0.04806,0.04846,0.048,0.04826,4788294.0,1762934400000,230589.71291,3267,2025-11-12 07:00:00+00:00
1762934400000,0.04825,0.04934,0.04825,0.04874,3482073.0,1762938000000,170276.55502,3369,2025-11-12 08:00:00+00:00
1762938000000,0.04874,0.04906,0.04837,0.04852,3074661.0,1762941600000,149733.71047,2144,2025-11-12 09:00:00+00:00
1762941600000,0.04852,0.0493,0.04851,0.04899,2664673.0,1762945200000,130580.63767,1916,2025-11-12 10:00:00+00:00
1762945200000,0.049,0.04924,0.04862,0.04883,1453781.0,1762948800000,71190.09045,1408,2025-11-12 11:00:00+00:00
1762948800000,0.04882,0.04905,0.0485,0.04858,2266019.0,1762952400000,110494.70732,1654,2025-11-12 12:00:00+00:00
1762952400000,0.04858,0.05182,0.04817,0.05173,25473148.0,1762956000000,1286651.03739,7544,2025-11-12 13:00:00+00:00
1762956000000,0.05173,0.05186,0.04975,0.05053,17076909.0,1762959600000,868830.95844,8928,2025-11-12 14:00:00+00:00
1762959600000,0.05054,0.05088,0.04867,0.0489,10450164.0,1762963200000,522850.30917,6759,2025-11-12 15:00:00+00:00
1762963200000,0.0489,0.04919,0.04652,0.04663,13346929.0,1762966800000,635159.20147,8754,2025-11-12 16:00:00+00:00
1762966800000,0.04664,0.04755,0.04551,0.04647,11437624.0,1762970400000,530614.04971,6823,2025-11-12 17:00:00+00:00
1762970400000,0.04648,0.04668,0.04566,0.0459,4318648.0,1762974000000,199103.4267,3190,2025-11-12 18:00:00+00:00
1762974000000,0.04589,0.04634,0.04534,0.04616,2684721.0,1762977600000,122925.17348,2621,2025-11-12 19:00:00+00:00
1762977600000,0.04616,0.0472,0.04578,0.04662,1945187.0,1762981200000,90471.01272,2134,2025-11-12 20:00:00+00:00
1762981200000,0.04663,0.04692,0.04618,0.04673,2571427.0,1762984800000,119715.77378,1977,2025-11-12 21:00:00+00:00
1762984800000,0.04672,0.04729,0.04627,0.04727,6204259.0,1762988400000,291183.16852,1613,2025-11-12 22:00:00+00:00
1762988400000,0.04723,0.04754,0.04648,0.04682,3477001.0,1762992000000,163423.42408,1252,2025-11-12 23:00:00+00:00
1762992000000,0.04682,0.04778,0.04675,0.04759,4273996.0,1762995600000,202587.54567,2490,2025-11-13 00:00:00+00:00
1762995600000,0.04758,0.04824,0.04723,0.04747,3056911.0,1762999200000,145884.37577,2345,2025-11-13 01:00:00+00:00
1762999200000,0.04746,0.04801,0.04729,0.04737,1112028.0,1763002800000,52896.70627,1450,2025-11-13 02:00:00+00:00
1763002800000,0.04736,0.0482,0.04655,0.04769,2508969.0,1763006400000,118996.68359,2727,2025-11-13 03:00:00+00:00
1763006400000,0.04768,0.04792,0.04715,0.04753,2230615.0,1763010000000,106010.57843,2251,2025-11-13 04:00:00+00:00
1763010000000,0.04751,0.04817,0.0471,0.04792,1436517.0,1763013600000,68393.10748,1749,2025-11-13 05:00:00+00:00
1763013600000,0.04793,0.04905,0.04771,0.04904,2773179.0,1763017200000,134391.00474,2481,2025-11-13 06:00:00+00:00
1763017200000,0.04901,0.04925,0.04823,0.04836,7002630.0,1763020800000,342255.32454,3827,2025-11-13 07:00:00+00:00
1763020800000,0.04835,0.04898,0.0482,0.04844,2738855.0,1763024400000,133243.93555,2075,2025-11-13 08:00:00+00:00
1763024400000,0.04846,0.04865,0.0479,0.04802,1896260.0,1763028000000,91420.21821,1795,2025-11-13 09:00:00+00:00
1763028000000,0.04804,0.04859,0.0474,0.04752,1702234.0,1763031600000,81547.23862,1412,2025-11-13 10:00:00+00:00
1763031600000,0.04752,0.04763,0.04723,0.0473,711689.0,1763035200000,33751.86328,1010,2025-11-13 11:00:00+00:00
1763035200000,0.0473,0.04762,0.04712,0.04748,1687574.0,1763038800000,79929.85089,1280,2025-11-13 12:00:00+00:00
1763038800000,0.04747,0.04785,0.04617,0.04658,6514448.0,1763042400000,304556.3238,4056,2025-11-13 13:00:00+00:00
1763042400000,0.04658,0.0477,0.04594,0.04713,7753364.0,1763046000000,362393.53035,4719,2025-11-13 14:00:00+00:00
1763046000000,0.04711,0.0473,0.04622,0.0466,5241891.0,1763049600000,244620.89873,3765,2025-11-13 15:00:00+00:00
1763049600000,0.0466,0.04674,0.04505,0.0451,10092360.0,1763053200000,464411.33457,7059,2025-11-13 16:00:00+00:00
1763053200000,0.04511,0.04524,0.04345,0.04353,11130401.0,1763056800000,495536.76615,13813,2025-11-13 17:00:00+00:00
1763056800000,0.04353,0.04371,0.04128,0.0417,29843732.0,1763060400000,1266425.18476,29685,2025-11-13 18:00:00+00:00
1763060400000,0.04171,0.04249,0.03739,0.03868,56387409.0,1763064000000,2226060.9695,19967,2025-11-13 19:00:00+00:00
1763064000000,0.03869,0.03939,0.03644,0.03764,24152074.0,1763067600000,914143.23122,30283,2025-11-13 20:00:00+00:00
1763067600000,0.03763,0.0388,0.03653,0.03797,17016018.0,1763071200000,640758.12615,12161,2025-11-13 21:00:00+00:00
1763071200000,0.03797,0.03887,0.03703,0.03854,10262458.0,1763074800000,387906.22639,6231,2025-11-13 22:00:00+00:00
1763074800000,0.03856,0.03931,0.03809,0.03833,7398281.0,1763078400000,286033.53765,3921,2025-11-13 23:00:00+00:00
1763078400000,0.03835,0.03838,0.03728,0.03741,8414191.0,1763082000000,318916.301,4333,2025-11-14 00:00:00+00:00
1763082000000,0.03742,0.03813,0.03733,0.03774,6426184.0,1763085600000,242630.61625,3505,2025-11-14 01:00:00+00:00
1763085600000,0.03775,0.03803,0.03741,0.03772,3999189.0,1763089200000,150747.15368,2358,2025-11-14 02:00:00+00:00
1763089200000,0.03771,0.0378,0.03731,0.03767,3491303.0,1763092800000,131095.46904,2267,2025-11-14 03:00:00+00:00
1763092800000,0.03767,0.03771,0.036,0.03747,11264460.0,1763096400000,413563.87792,5299,2025-11-14 04:00:00+00:00
1763096400000,0.03746,0.03834,0.03721,0.03725,9995161.0,1763100000000,376670.28621,5991,2025-11-14 05:00:00+00:00
1763100000000,0.03725,0.03848,0.03695,0.03841,5853349.0,1763103600000,219033.60849,3625,2025-11-14 06:00:00+00:00
1763103600000,0.0384,0.03888,0.03713,0.03725,10536074.0,1763107200000,401146.00845,5586,2025-11-14 07:00:00+00:00
1763107200000,0.03724,0.03731,0.03651,0.03692,8159952.0,1763110800000,300105.88406,4252,2025-11-14 08:00:00+00:00
1763110800000,0.03692,0.03756,0.03593,0.03628,8898101.0,1763114400000,325076.83276,4209,2025-11-14 09:00:00+00:00
1763114400000,0.03628,0.03641,0.03532,0.03545,16296629.0,1763118000000,582439.69599,6761,2025-11-14 10:00:00+00:00
1763118000000,0.03546,0.03585,0.03482,0.03506,9373065.0,1763121600000,331117.75203,5990,2025-11-14 11:00:00+00:00
1763121600000,0.03505,0.03581,0.03441,0.03556,9598322.0,1763125200000,335171.81786,5937,2025-11-14 12:00:00+00:00
1763125200000,0.03555,0.03575,0.03398,0.0341,10569346.0,1763128800000,368886.20821,4941,2025-11-14 13:00:00+00:00
1763128800000,0.03411,0.03729,0.0337,0.03647,29673102.0,1763132400000,1044960.32747,17698,2025-11-14 14:00:00+00:00
1763132400000,0.03647,0.03789,0.03599,0.03677,17653735.0,1763136000000,653008.71857,11004,2025-11-14 15:00:00+00:00
1763136000000,0.03677,0.0368,0.03572,0.03603,10972098.0,1763139600000,396705.11313,6608,2025-11-14 16:00:00+00:00
1763139600000,0.03606,0.03637,0.03473,0.03483,15380808.0,1763143200000,549759.61827,6616,2025-11-14 17:00:00+00:00
1763143200000,0.03482,0.03585,0.0346,0.03466,10546868.0,1763146800000,370615.51867,5640,2025-11-14 18:00:00+00:00
1763146800000,0.03466,0.03554,0.0346,0.03509,7718568.0,1763150400000,270534.82041,4540,2025-11-14 19:00:00+00:00
1763150400000,0.03509,0.0352,0.03361,0.03379,10669265.0,1763154000000,366108.54204,5777,2025-11-14 20:00:00+00:00
1763154000000,0.0338,0.03456,0.03363,0.03401,4769131.0,1763157600000,162413.3797,3142,2025-11-14 21:00:00+00:00
1763157600000,0.03401,0.03446,0.03364,0.03408,6472203.0,1763161200000,220257.25118,2144,2025-11-14 22:00:00+00:00
1763161200000,0.03409,0.03457,0.03337,0.03402,5547082.0,1763164800000,188807.48252,3113,2025-11-14 23:00:00+00:00
1763164800000,0.03399,0.03446,0.0337,0.03446,3572621.0,1763168400000,121677.75966,2478,2025-11-15 00:00:00+00:00
1763168400000,0.03446,0.03521,0.03413,0.03519,10498861.0,1763172000000,363301.69918,3726,2025-11-15 01:00:00+00:00
1763172000000,0.03518,0.03557,0.03479,0.03505,5119705.0,1763175600000,180073.12478,2693,2025-11-15 02:00:00+00:00
1763175600000,0.03505,0.03515,0.03446,0.03448,4256218.0,1763179200000,147802.02637,3994,2025-11-15 03:00:00+00:00
1763179200000,0.03449,0.0346,0.03381,0.03388,3505192.0,1763182800000,119832.99221,3315,2025-11-15 04:00:00+00:00
1763182800000,0.03386,0.03425,0.0338,0.03413,4221659.0,1763186400000,143495.0625,2016,2025-11-15 05:00:00+00:00
1763186400000,0.03414,0.03437,0.03398,0.034,2798178.0,1763190000000,95609.12179,1429,2025-11-15 06:00:00+00:00
1763190000000,0.03399,0.03399,0.03365,0.0338,3821909.0,1763193600000,129245.0387,2053,2025-11-15 07:00:00+00:00
1763193600000,0.0338,0.0338,0.033,0.03306,4330314.0,1763197200000,144476.89801,4448,2025-11-15 08:00:00+00:00
1763197200000,0.03305,0.03333,0.03261,0.03299,4098436.0,1763200800000,135285.15207,3777,2025-11-15 09:00:00+00:00
1763200800000,0.033,0.03342,0.03291,0.03319,2729671.0,1763204400000,90621.62857,2816,2025-11-15 10:00:00+00:00
1763204400000,0.03319,0.03346,0.03245,0.03271,3454479.0,1763208000000,113551.73211,2901,2025-11-15 11:00:00+00:00
1763208000000,0.03269,0.03328,0.03259,0.03321,3496626.0,1763211600000,115207.69852,2588,2025-11-15 12:00:00+00:00
1763211600000,0.0332,0.03349,0.03302,0.03328,4133026.0,1763215200000,137602.43192,2656,2025-11-15 13:00:00+00:00
1763215200000,0.03328,0.03329,0.03304,0.03316,2497707.0,1763218800000,82828.43443,2029,2025-11-15 14:00:00+00:00
1763218800000,0.03316,0.03323,0.03291,0.03312,2652955.0,1763222400000,87719.61221,2265,2025-11-15 15:00:00+00:00
1763222400000,0.03313,0.03324,0.03192,0.03229,33761438.0,1763226000000,1090617.04558,6255,2025-11-15 16:00:00+00:00
1763226000000,0.0323,0.03315,0.03226,0.03295,7701806.0,1763229600000,252126.38148,4293,2025-11-15 17:00:00+00:00
1763229600000,0.03296,0.03334,0.0327,0.03275,3624878.0,1763233200000,119539.52249,2617,2025-11-15 18:00:00+00:00
1763233200000,0.03276,0.03276,0.03237,0.0324,2929783.0,1763236800000,95351.65201,2375,2025-11-15 19:00:00+00:00
1763236800000,0.0324,0.03247,0.03126,0.03129,7208859.0,1763240400000,228608.2976,4104,2025-11-15 20:00:00+00:00
1763240400000,0.0313,0.03197,0.03122,0.03168,6910205.0,1763244000000,218337.384,3679,2025-11-15 21:00:00+00:00
1763244000000,0.03169,0.03194,0.03129,0.03162,4392851.0,1763247600000,138991.96778,2233,2025-11-15 22:00:00+00:00
1763247600000,0.03164,0.03166,0.03126,0.03138,3736587.0,1763251200000,117496.54702,1766,2025-11-15 23:00:00+00:00
1763251200000,0.03137,0.03185,0.03073,0.03136,10100122.0,1763254800000,315793.61278,4467,2025-11-16 00:00:00+00:00
1763254800000,0.03135,0.03137,0.03042,0.03082,6804396.0,1763258400000,210189.37111,3577,2025-11-16 01:00:00+00:00
1763258400000,0.03081,0.03097,0.03028,0.03089,6740095.0,1763262000000,206374.99569,4299,2025-11-16 02:00:00+00:00
1763262000000,0.03089,0.03089,0.03015,0.03034,3981974.0,1763265600000,121109.2347,2924,2025-11-16 03:00:00+00:00
1763265600000,0.03035,0.03089,0.02997,0.03018,21090267.0,1763269200000,641985.04839,4950,2025-11-16 04:00:00+00:00
1763269200000,0.03017,0.03059,0.0301,0.03027,4893283.0,1763272800000,148699.64115,2812,2025-11-16 05:00:00+00:00
1763272800000,0.03027,0.03056,0.03021,0.03042,5595895.0,1763276400000,170219.81603,2595,2025-11-16 06:00:00+00:00
1763276400000,0.03043,0.03126,0.03042,0.03126,4906838.0,1763280000000,151083.753,2445,2025-11-16 07:00:00+00:00
1763280000000,0.03126,0.03158,0.03106,0.03111,9266131.0,1763283600000,290131.50099,4100,2025-11-16 08:00:00+00:00
1763283600000,0.03111,0.03111,0.03051,0.0311,5053856.0,1763287200000,155902.91562,2830,2025-11-16 09:00:00+00:00
1763287200000,0.03106,0.03154,0.03085,0.03151,3644432.0,1763290800000,113392.64242,2117,2025-11-16 10:00:00+00:00
1763290800000,0.03152,0.03203,0.03046,0.03055,7429235.0,1763294400000,232858.91771,4693,2025-11-16 11:00:00+00:00
1763294400000,0.03056,0.03085,0.03018,0.03039,3027539.0,1763298000000,92351.36159,2248,2025-11-16 12:00:00+00:00
1763298000000,0.03039,0.03048,0.02986,0.03002,4246176.0,1763301600000,127792.50717,3841,2025-11-16 13:00:00+00:00
1763301600000,0.03002,0.03168,0.02988,0.03104,12400646.0,1763305200000,380889.88943,7321,2025-11-16 14:00:00+00:00
1763305200000,0.03103,0.03103,0.03,0.03011,9836143.0,1763308800000,299153.26359,6090,2025-11-16 15:00:00+00:00
1763308800000,0.0301,0.03052,0.02967,0.03006,8159691.0,1763312400000,246304.12526,4694,2025-11-16 16:00:00+00:00
1763312400000,0.03008,0.03059,0.02996,0.03038,5208333.0,1763316000000,157456.92894,3360,2025-11-16 17:00:00+00:00
1763316000000,0.03038,0.03221,0.03032,0.03138,19836518.0,1763319600000,627665.94808,6653,2025-11-16 18:00:00+00:00
1763319600000,0.03138,0.03333,0.03138,0.0315,18455046.0,1763323200000,599183.47218,7809,2025-11-16 19:00:00+00:00
1763323200000,0.03149,0.03182,0.03082,0.03087,6791002.0,1763326800000,213087.31023,3166,2025-11-16 20:00:00+00:00
1763326800000,0.03087,0.03102,0.03033,0.03069,4359900.0,1763330400000,133616.13237,2383,2025-11-16 21:00:00+00:00
1763330400000,0.0307,0.03122,0.03037,0.0307,2911475.0,1763334000000,89451.01286,1504,2025-11-16 22:00:00+00:00
1763334000000,0.0307,0.03108,0.03017,0.03033,16523830.0,1763337600000,505247.74212,6891,2025-11-16 23:00:00+00:00
1763337600000,0.03032,0.03059,0.02948,0.02975,10451245.0,1763341200000,314293.89907,4994,2025-11-17 00:00:00+00:00
1763341200000,0.02976,0.03031,0.02956,0.02989,7697486.0,1763344800000,230345.019,3412,2025-11-17 01:00:00+00:00
1763344800000,0.02989,0.03044,0.02961,0.03019,6834847.0,1763348400000,205490.2549,2603,2025-11-17 02:00:00+00:00
1763348400000,0.0302,0.03095,0.03017,0.03086,11793546.0,1763352000000,360598.98954,4714,2025-11-17 03:00:00+00:00
1763352000000,0.03085,0.03114,0.03037,0.03044,5245222.0,1763355600000,161621.69352,2621,2025-11-17 04:00:00+00:00
1763355600000,0.03045,0.0306,0.02997,0.02999,4476584.0,1763359200000,135430.51176,1995,2025-11-17 05:00:00+00:00
1763359200000,0.02999,0.0302,0.02963,0.03015,9229354.0,1763362800000,275822.72803,3059,2025-11-17 06:00:00+00:00
1763362800000,0.03016,0.0302,0.02991,0.03012,4645356.0,1763366400000,139577.66131,2013,2025-11-17 07:00:00+00:00
1763366400000,0.03012,0.03046,0.03009,0.03034,2702936.0,1763370000000,81872.25693,1746,2025-11-17 08:00:00+00:00
1763370000000,0.03035,0.03072,0.03022,0.03042,2555717.0,1763373600000,77938.44072,1602,2025-11-17 09:00:00+00:00
1763373600000,0.03042,0.03215,0.0304,0.03139,18302304.0,1763377200000,577325.8177,6078,2025-11-17 10:00:00+00:00
1763377200000,0.03141,0.03142,0.03036,0.03049,9336202.0,1763380800000,288502.65803,3857,2025-11-17 11:00:00+00:00
1763380800000,0.03049,0.03065,0.03017,0.03037,3637493.0,1763384400000,110424.76834,2128,2025-11-17 12:00:00+00:00
1763384400000,0.03036,0.03041,0.02905,0.02945,10935652.0,1763388000000,324364.87597,6138,2025-11-17 13:00:00+00:00
1763388000000,0.02944,0.03003,0.02898,0.02952,20360332.0,1763391600000,600685.45266,8995,2025-11-17 14:00:00+00:00
1763391600000,0.02953,0.02967,0.02889,0.02903,7870570.0,1763395200000,230139.22927,4415,2025-11-17 15:00:00+00:00
1763395200000,0.02904,0.0302,0.02879,0.03016,13497526.0,1763398800000,395608.43233,5216,2025-11-17 16:00:00+00:00
1763398800000,0.03017,0.03054,0.02923,0.02946,22048416.0,1763402400000,659942.95668,7463,2025-11-17 17:00:00+00:00
1763402400000,0.02947,0.02969,0.02906,0.02918,7837979.0,1763406000000,230743.99631,3623,2025-11-17 18:00:00+00:00
1763406000000,0.02918,0.02938,0.02879,0.02883,6379862.0,1763409600000,185572.21036,3504,2025-11-17 19:00:00+00:00
1763409600000,0.02883,0.02894,0.02829,0.02865,6432505.0,1763413200000,184276.85385,3738,2025-11-17 20:00:00+00:00
1763413200000,0.02865,0.02888,0.0284,0.02868,6040704.0,1763416800000,173002.26049,2619,2025-11-17 21:00:00+00:00
1763416800000,0.02869,0.02918,0.02855,0.02907,1867487.0,1763420400000,54027.06437,1104,2025-11-17 22:00:00+00:00
1763420400000,0.02908,0.02908,0.02863,0.02893,2621987.0,1763424000000,75614.56051,1228,2025-11-17 23:00:00+00:00
1763424000000,0.02895,0.02917,0.02819,0.02902,5088048.0,1763427600000,146057.98361,2750,2025-11-18 00:00:00+00:00
1763427600000,0.02902,0.02917,0.02879,0.029,2363829.0,1763431200000,68511.53036,1926,2025-11-18 01:00:00+00:00
1763431200000,0.02899,0.02944,0.02858,0.02891,3717975.0,1763434800000,107841.96034,2886,2025-11-18 02:00:00+00:00
1763434800000,0.02891,0.0295,0.02848,0.02926,6165713.0,1763438400000,179079.5116,3414,2025-11-18 03:00:00+00:00
1763438400000,0.02925,0.02927,0.02866,0.0292,7239381.0,1763442000000,208847.2675,2825,2025-11-18 04:00:00+00:00
1763442000000,0.02919,0.02962,0.02893,0.02912,3329571.0,1763445600000,97631.05939,2292,2025-11-18 05:00:00+00:00
1763445600000,0.02913,0.02922,0.02829,0.02832,4102208.0,1763449200000,118140.70498,2034,2025-11-18 06:00:00+00:00
1763449200000,0.02831,0.02879,0.02814,0.02851,5434789.0,1763452800000,154698.32072,2620,2025-11-18 07:00:00+00:00
1763452800000,0.0285,0.02883,0.02837,0.02854,3470290.0,1763456400000,99179.10838,2256,2025-11-18 08:00:00+00:00
1763456400000,0.02853,0.02862,0.02826,0.02858,4726650.0,1763460000000,134354.51089,2068,2025-11-18 09:00:00+00:00
1763460000000,0.02859,0.0292,0.0284,0.02909,4308798.0,1763463600000,124151.61061,2193,2025-11-18 10:00:00+00:00
1763463600000,0.02908,0.02923,0.02868,0.02876,2411510.0,1763467200000,69727.33905,1747,2025-11-18 11:00:00+00:00
1763467200000,0.02877,0.02885,0.02848,0.02879,2091382.0,1763470800000,59963.75429,1645,2025-11-18 12:00:00+00:00
1763470800000,0.02877,0.02877,0.02833,0.02864,3166343.0,1763474400000,90356.33328,1722,2025-11-18 13:00:00+00:00
1763474400000,0.02863,0.02916,0.0285,0.02876,6074798.0,1763478000000,175761.48786,3108,2025-11-18 14:00:00+00:00
1763478000000,0.02875,0.02988,0.02855,0.02956,9127275.0,1763481600000,268358.26238,4774,2025-11-18 15:00:00+00:00
1763481600000,0.02955,0.03057,0.02929,0.02981,9372990.0,1763485200000,280725.96327,4436,2025-11-18 16:00:00+00:00
1763485200000,0.02981,0.03006,0.02931,0.02948,5727929.0,1763488800000,170101.55671,2730,2025-11-18 17:00:00+00:00
1763488800000,0.02948,0.02969,0.02934,0.02937,2433311.0,1763492400000,71818.61849,1628,2025-11-18 18:00:00+00:00
1763492400000,0.02938,0.02974,0.02925,0.02957,1695437.0,1763496000000,50108.25129,1370,2025-11-18 19:00:00+00:00
1763496000000,0.02956,0.02962,0.02919,0.02922,2973883.0,1763499600000,87422.66426,1797,2025-11-18 20:00:00+00:00
1763499600000,0.02922,0.02931,0.02869,0.02872,2509238.0,1763503200000,72919.13941,1320,2025-11-18 21:00:00+00:00
1763503200000,0.02872,0.02938,0.02872,0.02931,1594951.0,1763506800000,46257.5679,906,2025-11-18 22:00:00+00:00
1763506800000,0.02931,0.02934,0.02892,0.02897,1244772.0,1763510400000,36219.91776,979,2025-11-18 23:00:00+00:00
1763510400000,0.02897,0.02897,0.02836,0.02881,2666504.0,1763514000000,76458.73352,1719,2025-11-19 00:00:00+00:00
1763514000000,0.02882,0.02932,0.02872,0.02929,3043242.0,1763517600000,88457.65469,1775,2025-11-19 01:00:00+00:00
1763517600000,0.0293,0.02943,0.02901,0.02925,3512575.0,1763521200000,102646.97631,1675,2025-11-19 02:00:00+00:00
1763521200000,0.02925,0.02932,0.02868,0.02882,2317409.0,1763524800000,67228.79697,1468,2025-11-19 03:00:00+00:00
1763524800000,0.02881,0.02887,0.02843,0.02845,3129145.0,1763528400000,89537.32982,1681,2025-11-19 04:00:00+00:00
1763528400000,0.02845,0.02848,0.02756,0.02772,9544818.0,1763532000000,267034.68332,3150,2025-11-19 05:00:00+00:00
1763532000000,0.02772,0.02817,0.02764,0.02812,3234503.0,1763535600000,90223.6971,1842,2025-11-19 06:00:00+00:00
1763535600000,0.02812,0.0287,0.02811,0.02856,1792592.0,1763539200000,50962.66814,1148,2025-11-19 07:00:00+00:00
1763539200000,0.02855,0.02876,0.02839,0.02859,2239115.0,1763542800000,63918.84725,1274,2025-11-19 08:00:00+00:00
1763542800000,0.02859,0.02914,0.02831,0.02891,3564712.0,1763546400000,102696.68721,1297,2025-11-19 09:00:00+00:00
1763546400000,0.02891,0.02972,0.02887,0.0294,7186154.0,1763550000000,211182.93981,2196,2025-11-19 10:00:00+00:00
1763550000000,0.02939,0.02951,0.02893,0.02937,4240461.0,1763553600000,123648.4954,1879,2025-11-19 11:00:00+00:00
1763553600000,0.02938,0.02938,0.02899,0.02921,3511551.0,1763557200000,102533.33857,1864,2025-11-19 12:00:00+00:00
1763557200000,0.02921,0.02923,0.02847,0.02859,3829328.0,1763560800000,110496.646,1933,2025-11-19 13:00:00+00:00
1763560800000,0.02859,0.02891,0.02792,0.02888,7860033.0,1763564400000,223650.53341,3699,2025-11-19 14:00:00+00:00
1763564400000,0.02888,0.0297,0.02766,0.02774,17959560.0,1763568000000,518153.96284,6305,2025-11-19 15:00:00+00:00
1763568000000,0.02774,0.02785,0.0268,0.02715,9703834.0,1763571600000,264766.29839,3753,2025-11-19 16:00:00+00:00
1763571600000,0.02714,0.02744,0.02662,0.0272,6299239.0,1763575200000,169967.73393,3030,2025-11-19 17:00:00+00:00
1763575200000,0.02719,0.0273,0.02637,0.02662,5056333.0,1763578800000,135370.99789,2801,2025-11-19 18:00:00+00:00
1763578800000,0.02663,0.02682,0.02634,0.0267,4915671.0,1763582400000,130461.295,2480,2025-11-19 19:00:00+00:00
1763582400000,0.02671,0.02691,0.0265,0.02686,2864285.0,1763586000000,76591.93073,2305,2025-11-19 20:00:00+00:00
1763586000000,0.02685,0.0277,0.02676,0.02752,19312318.0,1763589600000,526666.71156,6760,2025-11-19 21:00:00+00:00
1763589600000,0.02752,0.02756,0.02711,0.02732,3552640.0,1763593200000,97190.35923,1143,2025-11-19 22:00:00+00:00
1763593200000,0.02731,0.02767,0.02729,0.02748,2721356.0,1763596800000,74856.86699,1491,2025-11-19 23:00:00+00:00
1763596800000,0.02746,0.02771,0.02739,0.02752,1109364.0,1763600400000,30531.42137,890,2025-11-20 00:00:00+00:00
1763600400000,0.02753,0.02765,0.0274,0.02757,1374086.0,1763604000000,37796.99549,1182,2025-11-20 01:00:00+00:00
1763604000000,0.02758,0.02774,0.02729,0.02738,5351775.0,1763607600000,147258.85596,1573,2025-11-20 02:00:00+00:00
1763607600000,0.02739,0.02744,0.02715,0.02719,2211445.0,1763611200000,60347.50857,1308,2025-11-20 03:00:00+00:00
1763611200000,0.02719,0.02721,0.0269,0.02719,1787353.0,1763614800000,48346.76033,1164,2025-11-20 04:00:00+00:00
1763614800000,0.02718,0.02727,0.02698,0.02719,2564926.0,1763618400000,69627.39533,1325,2025-11-20 05:00:00+00:00
1763618400000,0.02719,0.02751,0.02718,0.02736,2399934.0,1763622000000,65679.17595,1201,2025-11-20 06:00:00+00:00
1763622000000,0.02736,0.02755,0.02727,0.02746,2888858.0,1763625600000,79208.13609,1098,2025-11-20 07:00:00+00:00
1763625600000,0.02747,0.02758,0.02733,0.02749,2582563.0,1763629200000,71009.23804,837,2025-11-20 08:00:00+00:00
1763629200000,0.02748,0.02755,0.02729,0.02742,1945237.0,1763632800000,53324.69562,1070,2025-11-20 09:00:00+00:00
1763632800000,0.02743,0.02745,0.02714,0.02726,1428230.0,1763636400000,38988.23732,1035,2025-11-20 10:00:00+00:00
1763636400000,0.02725,0.02727,0.02694,0.02706,3108431.0,1763640000000,84055.91141,1267,2025-11-20 11:00:00+00:00
1763640000000,0.02705,0.02748,0.02687,0.02745,6212394.0,1763643600000,168378.10841,2394,2025-11-20 12:00:00+00:00
1763643600000,0.02745,0.02752,0.02709,0.0271,5293570.0,1763647200000,144572.1728,2833,2025-11-20 13:00:00+00:00
1763647200000,0.02709,0.0277,0.02641,0.02716,18077720.0,1763650800000,488078.1229,5671,2025-11-20 14:00:00+00:00
1763650800000,0.02715,0.02716,0.02589,0.02594,10357502.0,1763654400000,273558.43338,4096,2025-11-20 15:00:00+00:00
1763654400000,0.02593,0.02603,0.02501,0.02513,13414762.0,1763658000000,341645.54205,5381,2025-11-20 16:00:00+00:00
1763658000000,0.02512,0.02532,0.02472,0.02493,10101429.0,1763661600000,252246.29243,4346,2025-11-20 17:00:00+00:00
1763661600000,0.02492,0.02533,0.02482,0.02491,5999927.0,1763665200000,150337.39434,2814,2025-11-20 18:00:00+00:00
1763665200000,0.0249,0.02518,0.02466,0.02484,5034576.0,1763668800000,125318.06171,2651,2025-11-20 19:00:00+00:00
1763668800000,0.02486,0.02489,0.02441,0.02464,7143000.0,1763672400000,176149.4682,2465,2025-11-20 20:00:00+00:00
1763672400000,0.02465,0.0253,0.02463,0.02524,4824931.0,1763676000000,121000.32516,2083,2025-11-20 21:00:00+00:00
1763676000000,0.02525,0.0259,0.02519,0.02562,4569928.0,1763679600000,117273.43856,1509,2025-11-20 22:00:00+00:00
1763679600000,0.02563,0.02564,0.02499,0.02507,3842754.0,1763683200000,97260.31604,1371,2025-11-20 23:00:00+00:00
1763683200000,0.02508,0.02572,0.02508,0.02559,3083132.0,1763686800000,78414.10289,1527,2025-11-21 00:00:00+00:00
1763686800000,0.0256,0.02588,0.02558,0.02575,3224916.0,1763690400000,82976.47169,1495,2025-11-21 01:00:00+00:00
1763690400000,0.02574,0.02581,0.02482,0.02492,5908397.0,1763694000000,149735.67188,2519,2025-11-21 02:00:00+00:00
1763694000000,0.02491,0.0254,0.02489,0.02512,7266097.0,1763697600000,182655.28172,2290,2025-11-21 03:00:00+00:00
1763697600000,0.02512,0.02517,0.02451,0.0251,5968250.0,1763701200000,148241.61174,2371,2025-11-21 04:00:00+00:00
1763701200000,0.02508,0.02551,0.02484,0.02501,7631220.0,1763704800000,192012.06563,2734,2025-11-21 05:00:00+00:00
1763704800000,0.02503,0.02514,0.02467,0.02484,3740609.0,1763708400000,93009.89597,1539,2025-11-21 06:00:00+00:00
1763708400000,0.02485,0.02507,0.02348,0.02389,17089259.0,1763712000000,413844.04938,5011,2025-11-21 07:00:00+00:00
1763712000000,0.0239,0.02431,0.02366,0.02401,6706457.0,1763715600000,160704.0002,2251,2025-11-21 08:00:00+00:00
1763715600000,0.02401,0.0242,0.02338,0.02338,6236536.0,1763719200000,148560.38117,2123,2025-11-21 09:00:00+00:00
1763719200000,0.02339,0.02438,0.02311,0.02404,24561432.0,1763722800000,584844.0763,5566,2025-11-21 10:00:00+00:00
1763722800000,0.02403,0.02509,0.02396,0.02455,9257899.0,1763726400000,227887.82134,3280,2025-11-21 11:00:00+00:00
1763726400000,0.02456,0.02519,0.02367,0.02467,9478043.0,1763730000000,231467.44065,3769,2025-11-21 12:00:00+00:00
1763730000000,0.02467,0.02516,0.0244,0.0244,7656041.0,1763733600000,189573.52717,2822,2025-11-21 13:00:00+00:00
1763733600000,0.02442,0.02483,0.02408,0.02471,10619450.0,1763737200000,260169.75798,3179,2025-11-21 14:00:00+00:00
1763737200000,0.02473,0.02479,0.0242,0.02427,4556606.0,1763740800000,111485.90336,2310,2025-11-21 15:00:00+00:00
1763740800000,0.02427,0.02476,0.02388,0.02471,6867338.0,1763744400000,167092.03274,3450,2025-11-21 16:00:00+00:00
1763744400000,0.02472,0.02487,0.02431,0.02436,6386635.0,1763748000000,157695.564,2578,2025-11-21 17:00:00+00:00
1763748000000,0.02438,0.02446,0.02375,0.02415,3981459.0,1763751600000,96019.06835,2166,2025-11-21 18:00:00+00:00
1763751600000,0.02416,0.02427,0.02384,0.02393,2464964.0,1763755200000,59462.36474,1249,2025-11-21 19:00:00+00:00
1763755200000,0.02394,0.02402,0.0235,0.02378,4195951.0,1763758800000,99550.84749,2059,2025-11-21 20:00:00+00:00
1763758800000,0.02378,0.02408,0.02356,0.02386,2581775.0,1763762400000,61594.32624,1485,2025-11-21 21:00:00+00:00
1763762400000,0.02387,0.02397,0.02321,0.02321,3184148.0,1763766000000,75109.72681,803,2025-11-21 22:00:00+00:00
1763766000000,0.02321,0.02378,0.0229,0.02373,5520405.0,1763769600000,128843.53428,1923,2025-11-21 23:00:00+00:00
1763769600000,0.02374,0.02416,0.02364,0.02384,4151221.0,1763773200000,99112.4529,1562,2025-11-22 00:00:00+00:00
1763773200000,0.02384,0.02415,0.0237,0.02403,2168707.0,1763776800000,51800.20241,1260,2025-11-22 01:00:00+00:00
1763776800000,0.02404,0.02428,0.02378,0.02423,5557601.0,1763780400000,133255.59873,1845,2025-11-22 02:00:00+00:00
1763780400000,0.02423,0.02434,0.0239,0.02414,3735397.0,1763784000000,90172.06485,1226,2025-11-22 03:00:00+00:00
1763784000000,0.02414,0.02418,0.0234,0.02366,3470807.0,1763787600000,82180.05862,1759,2025-11-22 04:00:00+00:00
1763787600000,0.02367,0.02376,0.02322,0.02355,2541120.0,1763791200000,59562.89007,1419,2025-11-22 05:00:00+00:00
1763791200000,0.02355,0.02428,0.02341,0.02406,3330373.0,1763794800000,79499.9898,1648,2025-11-22 06:00:00+00:00
1763794800000,0.02408,0.02418,0.02379,0.02396,1679266.0,1763798400000,40302.75646,1152,2025-11-22 07:00:00+00:00
1763798400000,0.02394,0.02395,0.02331,0.02332,3612801.0,1763802000000,85055.47897,1442,2025-11-22 08:00:00+00:00
1763802000000,0.02333,0.02406,0.02333,0.0239,3635343.0,1763805600000,85979.88223,1655,2025-11-22 09:00:00+00:00
1763805600000,0.02391,0.02408,0.0236,0.0239,2546256.0,1763809200000,60719.47845,1062,2025-11-22 10:00:00+00:00
1763809200000,0.02391,0.02529,0.02385,0.02471,7792489.0,1763812800000,192337.25041,2442,2025-11-22 11:00:00+00:00
1763812800000,0.02472,0.02474,0.02414,0.02424,3444158.0,1763816400000,84038.94814,1404,2025-11-22 12:00:00+00:00
1763816400000,0.02424,0.02435,0.02375,0.02379,6068873.0,1763820000000,145515.03763,2232,2025-11-22 13:00:00+00:00
1763820000000,0.0238,0.02442,0.0238,0.02437,5768083.0,1763823600000,139398.0654,2571,2025-11-22 14:00:00+00:00
1763823600000,0.02438,0.02465,0.02402,0.02408,4785410.0,1763827200000,116316.10125,1880,2025-11-22 15:00:00+00:00
1763827200000,0.02408,0.02446,0.02396,0.0241,4842804.0,1763830800000,116946.11306,1767,2025-11-22 16:00:00+00:00
1763830800000,0.0241,0.02414,0.02362,0.02382,2150887.0,1763834400000,51191.03607,1125,2025-11-22 17:00:00+00:00
1763834400000,0.02382,0.02392,0.02359,0.0238,2020746.0,1763838000000,48024.18492,940,2025-11-22 18:00:00+00:00
1763838000000,0.02379,0.02575,0.02378,0.02507,26615155.0,1763841600000,660408.4963,10098,2025-11-22 19:00:00+00:00
1763841600000,0.02507,0.02528,0.02424,0.02437,16302468.0,1763845200000,402986.22483,5209,2025-11-22 20:00:00+00:00
1763845200000,0.02437,0.02441,0.02387,0.02397,4044864.0,1763848800000,97519.80514,1659,2025-11-22 21:00:00+00:00
1763848800000,0.02398,0.02448,0.02387,0.02443,2422897.0,1763852400000,58416.08497,949,2025-11-22 22:00:00+00:00
1763852400000,0.02443,0.02444,0.02402,0.02405,2968199.0,1763856000000,71579.30747,926,2025-11-22 23:00:00+00:00
1763856000000,0.02405,0.0243,0.024,0.0241,3998947.0,1763859600000,96414.22067,1167,2025-11-23 00:00:00+00:00
1763859600000,0.02411,0.02436,0.02411,0.02417,1481358.0,1763863200000,35921.16399,877,2025-11-23 01:00:00+00:00
1763863200000,0.02416,0.02435,0.02404,0.02417,3890713.0,1763866800000,94217.55127,1225,2025-11-23 02:00:00+00:00
1763866800000,0.02416,0.02418,0.02395,0.02413,4699127.0,1763870400000,113013.97336,3733,2025-11-23 03:00:00+00:00
1763870400000,0.02413,0.02442,0.02407,0.02437,2457896.0,1763874000000,59613.91298,1072,2025-11-23 04:00:00+00:00
1763874000000,0.02438,0.0244,0.02408,0.02425,1831548.0,1763877600000,44376.94913,995,2025-11-23 05:00:00+00:00
1763877600000,0.02426,0.02428,0.02375,0.0238,3174125.0,1763881200000,76133.54003,2088,2025-11-23 06:00:00+00:00
1763881200000,0.02379,0.02397,0.02358,0.0239,3117934.0,1763884800000,74095.73842,2368,2025-11-23 07:00:00+00:00
1763884800000,0.02389,0.02402,0.02378,0.024,1834516.0,1763888400000,43878.33865,839,2025-11-23 08:00:00+00:00
1763888400000,0.024,0.02432,0.02393,0.02414,3770522.0,1763892000000,91131.30614,1297,2025-11-23 09:00:00+00:00
1763892000000,0.02414,0.02414,0.02375,0.02387,2320960.0,1763895600000,55395.8251,1746,2025-11-23 10:00:00+00:00
1763895600000,0.02386,0.02392,0.02369,0.02382,2968452.0,1763899200000,70683.47262,914,2025-11-23 11:00:00+00:00
1763899200000,0.02383,0.02416,0.02377,0.02403,3220445.0,1763902800000,77307.87074,1048,2025-11-23 12:00:00+00:00
1763902800000,0.02404,0.02409,0.02383,0.02406,1632099.0,1763906400000,39147.12653,771,2025-11-23 13:00:00+00:00
1763906400000,0.02405,0.02426,0.02365,0.02367,3592878.0,1763910000000,85814.46312,2937,2025-11-23 14:00:00+00:00
1763910000000,0.02367,0.0244,0.0236,0.02432,8287342.0,1763913600000,199057.26512,4123,2025-11-23 15:00:00+00:00
1763913600000,0.02433,0.02446,0.02397,0.02397,2016118.0,1763917200000,48911.83841,1509,2025-11-23 16:00:00+00:00
1763917200000,0.02398,0.02437,0.02389,0.02427,4321369.0,1763920800000,104329.83375,2382,2025-11-23 17:00:00+00:00
1763920800000,0.02426,0.02449,0.02402,0.02407,6084776.0,1763924400000,147475.03698,3707,2025-11-23 18:00:00+00:00
1763924400000,0.02407,0.02454,0.02405,0.02436,1941633.0,1763928000000,47300.40974,1188,2025-11-23 19:00:00+00:00
1763928000000,0.02435,0.02463,0.02435,0.02451,3817028.0,1763931600000,93644.39314,1848,2025-11-23 20:00:00+00:00
1763931600000,0.02451,0.02487,0.02444,0.02474,3266217.0,1763935200000,80540.82299,1690,2025-11-23 21:00:00+00:00
1763935200000,0.02474,0.029,0.02447,0.02677,41494915.0,1763938800000,1094387.39002,20624,2025-11-23 22:00:00+00:00
1763938800000,0.02677,0.02686,0.02538,0.02606,23714010.0,1763942400000,617485.09388,7527,2025-11-23 23:00:00+00:00
1763942400000,0.02607,0.02611,0.02524,0.02536,7086229.0,1763946000000,180913.05401,2928,2025-11-24 00:00:00+00:00
1763946000000,0.02535,0.02544,0.0245,0.02461,8314408.0,1763949600000,207241.76679,3261,2025-11-24 01:00:00+00:00
1763949600000,0.0246,0.02515,0.02455,0.02477,5616104.0,1763953200000,139913.45921,2269,2025-11-24 02:00:00+00:00
1763953200000,0.02476,0.02482,0.02441,0.02451,4058093.0,1763956800000,99996.84438,1391,2025-11-24 03:00:00+00:00
1763956800000,0.02451,0.0246,0.02398,0.02414,3206299.0,1763960400000,77623.60054,1542,2025-11-24 04:00:00+00:00
1763960400000,0.02414,0.02457,0.02407,0.02441,2624569.0,1763964000000,64105.01281,1393,2025-11-24 05:00:00+00:00
1763964000000,0.02442,0.02487,0.02415,0.02439,7954376.0,1763967600000,194110.41756,2835,2025-11-24 06:00:00+00:00
1763967600000,0.02439,0.02439,0.02408,0.02415,2277242.0,1763971200000,55190.96675,1338,2025-11-24 07:00:00+00:00
1763971200000,0.02415,0.02434,0.02401,0.0242,3970173.0,1763974800000,96065.31588,1455,2025-11-24 08:00:00+00:00
1763974800000,0.02419,0.02441,0.02355,0.02365,11133481.0,1763978400000,266642.14702,2941,2025-11-24 09:00:00+00:00
1763978400000,0.02366,0.02404,0.02365,0.02393,2288687.0,1763982000000,54528.47416,1072,2025-11-24 10:00:00+00:00
1763982000000,0.02392,0.02445,0.02387,0.02445,4058767.0,1763985600000,97711.05855,1517,2025-11-24 11:00:00+00:00
1763985600000,0.02444,0.02444,0.02391,0.02398,4908624.0,1763989200000,118617.64423,1839,2025-11-24 12:00:00+00:00
1763989200000,0.02397,0.02484,0.02396,0.02439,10270010.0,1763992800000,251909.82977,2192,2025-11-24 13:00:00+00:00
1763992800000,0.02439,0.02477,0.02399,0.02441,5117223.0,1763996400000,124826.71593,2143,2025-11-24 14:00:00+00:00
1763996400000,0.02442,0.02476,0.0242,0.02463,3413310.0,1764000000000,83776.5434,1833,2025-11-24 15:00:00+00:00
1764000000000,0.02464,0.02571,0.02457,0.02503,10475493.0,1764003600000,263515.63043,4454,2025-11-24 16:00:00+00:00
1764003600000,0.02504,0.0259,0.02498,0.02564,9282443.0,1764007200000,235844.7236,2803,2025-11-24 17:00:00+00:00
1764007200000,0.02565,0.02687,0.02563,0.02602,23750200.0,1764010800000,625679.8373,6807,2025-11-24 18:00:00+00:00
1764010800000,0.02602,0.02602,0.02537,0.02556,8768165.0,1764014400000,225322.77513,2400,2025-11-24 19:00:00+00:00
1764014400000,0.02556,0.02618,0.02552,0.02597,9238600.0,1764018000000,238732.40618,3096,2025-11-24 20:00:00+00:00
1764018000000,0.02596,0.02601,0.02525,0.02528,3114572.0,1764021600000,79868.51576,1320,2025-11-24 21:00:00+00:00
1764021600000,0.02527,0.02549,0.02525,0.02542,2329769.0,1764025200000,59055.15944,799,2025-11-24 22:00:00+00:00
1764025200000,0.02542,0.02565,0.02529,0.02549,3330993.0,1764028800000,84933.54244,1017,2025-11-24 23:00:00+00:00
1764028800000,0.02549,0.02573,0.02533,0.02563,5659026.0,1764032400000,144507.00536,1658,2025-11-25 00:00:00+00:00
1764032400000,0.02563,0.02564,0.02524,0.0253,2499419.0,1764036000000,63499.27363,934,2025-11-25 01:00:00+00:00
1764036000000,0.02527,0.02574,0.02514,0.02558,3958422.0,1764039600000,100853.9884,1160,2025-11-25 02:00:00+00:00
1764039600000,0.02557,0.02579,0.02546,0.02565,1317952.0,1764043200000,33749.8001,770,2025-11-25 03:00:00+00:00
1764043200000,0.02564,0.02606,0.02544,0.02602,6227562.0,1764046800000,160345.90165,2233,2025-11-25 04:00:00+00:00
1764046800000,0.02603,0.02647,0.02585,0.02587,5064447.0,1764050400000,132758.17109,2491,2025-11-25 05:00:00+00:00
1764050400000,0.02588,0.02594,0.02512,0.02529,3971984.0,1764054000000,101040.77687,1430,2025-11-25 06:00:00+00:00
1764054000000,0.02528,0.02559,0.02519,0.02551,3332140.0,1764057600000,84661.81652,1385,2025-11-25 07:00:00+00:00
1764057600000,0.02552,0.02625,0.02552,0.0256,8086931.0,1764061200000,209629.94688,2827,2025-11-25 08:00:00+00:00
1764061200000,0.02561,0.02566,0.02513,0.02544,4615823.0,1764064800000,116940.7339,1903,2025-11-25 09:00:00+00:00
1764064800000,0.02543,0.02568,0.02515,0.02566,6073163.0,1764068400000,153941.33487,1506,2025-11-25 10:00:00+00:00
1764068400000,0.02565,0.02567,0.02536,0.02538,2130915.0,1764072000000,54391.4547,1232,2025-11-25 11:00:00+00:00
1764072000000,0.02538,0.02538,0.025,0.02519,8942605.0,1764075600000,224873.46066,2558,2025-11-25 12:00:00+00:00
1764075600000,0.02518,0.02551,0.02489,0.025,5439701.0,1764079200000,137037.24627,2544,2025-11-25 13:00:00+00:00
1764079200000,0.025,0.02511,0.02427,0.02454,11438957.0,1764082800000,283132.47276,4368,2025-11-25 14:00:00+00:00
1764082800000,0.02456,0.02508,0.02431,0.02487,4567225.0,1764086400000,112772.46969,2073,2025-11-25 15:00:00+00:00
1764086400000,0.02487,0.02537,0.02476,0.02519,4180626.0,1764090000000,104916.19207,1447,2025-11-25 16:00:00+00:00
1764090000000,0.02518,0.02546,0.02505,0.02528,3222119.0,1764093600000,81317.99068,1481,2025-11-25 17:00:00+00:00
1764093600000,0.02527,0.02548,0.02504,0.02506,2921816.0,1764097200000,73769.95972,1492,2025-11-25 18:00:00+00:00
1764097200000,0.02506,0.02508,0.02455,0.02501,6731019.0,1764100800000,166863.93479,3062,2025-11-25 19:00:00+00:00
1764100800000,0.02502,0.02561,0.02494,0.02542,2187032.0,1764104400000,55288.40652,1197,2025-11-25 20:00:00+00:00
1764104400000,0.02541,0.02557,0.02521,0.02522,1902642.0,1764108000000,48320.11116,1063,2025-11-25 21:00:00+00:00
1764108000000,0.02522,0.02534,0.02464,0.02525,13383242.0,1764111600000,331601.50741,1732,2025-11-25 22:00:00+00:00
1764111600000,0.02527,0.02553,0.02517,0.02524,3312676.0,1764115200000,84121.86259,1429,2025-11-25 23:00:00+00:00
1764115200000,0.02524,0.02549,0.02514,0.02527,4449737.0,1764118800000,112704.82084,1251,2025-11-26 00:00:00+00:00
1764118800000,0.02526,0.0257,0.02517,0.02551,14790378.0,1764122400000,377333.92758,2245,2025-11-26 01:00:00+00:00
1764122400000,0.02552,0.02574,0.02551,0.02553,3068838.0,1764126000000,78546.06356,883,2025-11-26 02:00:00+00:00
1764126000000,0.02552,0.02566,0.02523,0.02539,2478405.0,1764129600000,63079.40188,978,2025-11-26 03:00:00+00:00
1764129600000,0.0254,0.02547,0.02514,0.02525,2879227.0,1764133200000,72839.56732,841,2025-11-26 04:00:00+00:00
1764133200000,0.02525,0.04175,0.02523,0.03296,254185324.0,1764136800000,8830739.61842,108268,2025-11-26 05:00:00+00:00
1764136800000,0.03295,0.048,0.03281,0.0362,479973574.0,1764140400000,19302041.40624,233221,2025-11-26 06:00:00+00:00
1764140400000,0.03622,0.03739,0.03149,0.03295,320884809.0,1764144000000,10885518.36275,154493,2025-11-26 07:00:00+00:00
1764144000000,0.03294,0.03305,0.02797,0.02812,287109843.0,1764147600000,8668393.85069,103026,2025-11-26 08:00:00+00:00
1764147600000,0.02811,0.03043,0.02775,0.02944,144886063.0,1764151200000,4225655.97034,55974,2025-11-26 09:00:00+00:00
1764151200000,0.02942,0.02991,0.02826,0.02842,98422597.0,1764154800000,2846484.11642,37410,2025-11-26 10:00:00+00:00
1764154800000,0.02842,0.02853,0.02639,0.02668,105882742.0,1764158400000,2896720.9117,29668,2025-11-26 11:00:00+00:00
1764158400000,0.02668,0.02787,0.0262,0.02652,128329803.0,1764162000000,3452374.0698,33396,2025-11-26 12:00:00+00:00
1764162000000,0.02651,0.02766,0.02614,0.02743,63933565.0,1764165600000,1713341.2983,17415,2025-11-26 13:00:00+00:00
1764165600000,0.02739,0.02821,0.02669,0.02679,69117345.0,1764169200000,1894331.28141,17922,2025-11-26 14:00:00+00:00
1764169200000,0.02678,0.02695,0.0257,0.02611,53157804.0,1764172800000,1396710.22308,11189,2025-11-26 15:00:00+00:00
1764172800000,0.02609,0.0277,0.02514,0.02689,92937473.0,1764176400000,2457754.28604,16066,2025-11-26 16:00:00+00:00
1764176400000,0.02687,0.02949,0.02632,0.0268,196001108.0,1764180000000,5404844.62853,35317,2025-11-26 17:00:00+00:00
1764180000000,0.02678,0.02734,0.02629,0.02643,53391968.0,1764183600000,1427425.77477,10444,2025-11-26 18:00:00+00:00
1764183600000,0.02644,0.02665,0.02593,0.02632,32142808.0,1764187200000,843950.19571,6790,2025-11-26 19:00:00+00:00
1764187200000,0.02631,0.02635,0.02563,0.02616,21899045.0,1764190800000,570184.92301,5636,2025-11-26 20:00:00+00:00
1764190800000,0.02616,0.02629,0.02579,0.02619,23312618.0,1764194400000,606246.37677,6091,2025-11-26 21:00:00+00:00
1764194400000,0.02619,0.02626,0.02551,0.0259,13585819.0,1764198000000,350124.86098,2788,2025-11-26 22:00:00+00:00
1764198000000,0.02588,0.02626,0.02583,0.02595,27822431.0,1764201600000,724377.99771,5993,2025-11-26 23:00:00+00:00
1764201600000,0.02595,0.02635,0.02583,0.02598,23332607.0,1764205200000,608437.80191,6424,2025-11-27 00:00:00+00:00
1764205200000,0.02594,0.02625,0.02563,0.02602,15601301.0,1764208800000,405157.60196,3951,2025-11-27 01:00:00+00:00
1764208800000,0.02601,0.02601,0.02525,0.02529,27742422.0,1764212400000,709106.97031,6275,2025-11-27 02:00:00+00:00
1764212400000,0.02531,0.02552,0.02476,0.02485,43915817.0,1764216000000,1102117.14771,6374,2025-11-27 03:00:00+00:00
1764216000000,0.02485,0.02545,0.02481,0.02496,25126199.0,1764219600000,628630.96998,4006,2025-11-27 04:00:00+00:00
1764219600000,0.02496,0.02544,0.02465,0.02526,30967743.0,1764223200000,774506.33376,6533,2025-11-27 05:00:00+00:00
1764223200000,0.02526,0.02597,0.02511,0.02569,44941850.0,1764226800000,1149684.83361,9158,2025-11-27 06:00:00+00:00
1764226800000,0.02568,0.0258,0.02474,0.02481,56102728.0,1764230400000,1408958.75725,8213,2025-11-27 07:00:00+00:00
1764230400000,0.0248,0.02482,0.02389,0.02418,109351290.0,1764234000000,2653466.99109,13091,2025-11-27 08:00:00+00:00
1764234000000,0.02416,0.02438,0.02401,0.02405,71478424.0,1764237600000,1728082.59418,10480,2025-11-27 09:00:00+00:00
1764237600000,0.02405,0.02447,0.0239,0.02407,26477724.0,1764241200000,640624.74153,4814,2025-11-27 10:00:00+00:00
1764241200000,0.02407,0.02425,0.024,0.02407,14764867.0,1764244800000,355598.40694,3088,2025-11-27 11:00:00+00:00
1764244800000,0.02408,0.02436,0.02388,0.02394,18504543.0,1764248400000,445713.79446,2914,2025-11-27 12:00:00+00:00
1764248400000,0.02392,0.02407,0.0236,0.02368,19619565.0,1764252000000,467540.37135,2601,2025-11-27 13:00:00+00:00
1764252000000,0.02368,0.02396,0.02341,0.02375,29780035.0,1764255600000,703866.1881,4596,2025-11-27 14:00:00+00:00
1764255600000,0.02375,0.02396,0.02335,0.02355,19492371.0,1764259200000,460215.15918,2882,2025-11-27 15:00:00+00:00
1764259200000,0.02354,0.02371,0.02315,0.02358,23332315.0,1764262800000,546431.31843,3600,2025-11-27 16:00:00+00:00
1764262800000,0.0236,0.02391,0.02337,0.02372,27854138.0,1764266400000,657664.2573,3448,2025-11-27 17:00:00+00:00
1764266400000,0.02373,0.02401,0.02356,0.02382,17127052.0,1764270000000,407831.19984,3046,2025-11-27 18:00:00+00:00
1764270000000,0.02381,0.02384,0.02337,0.02352,13083329.0,1764273600000,308017.21672,2319,2025-11-27 19:00:00+00:00
1764273600000,0.02352,0.02389,0.02346,0.02371,21872782.0,1764277200000,517916.62785,2901,2025-11-27 20:00:00+00:00
1764277200000,0.02371,0.02405,0.02369,0.02397,15464268.0,1764280800000,369820.55772,2367,2025-11-27 21:00:00+00:00
1764280800000,0.02397,0.02402,0.02357,0.02373,15495706.0,1764284400000,368728.47439,2469,2025-11-27 22:00:00+00:00
1764284400000,0.02373,0.02376,0.02349,0.02366,10001456.0,1764288000000,236042.1808,2391,2025-11-27 23:00:00+00:00
1764288000000,0.02367,0.02396,0.02345,0.0235,10927496.0,1764291600000,259441.73299,2073,2025-11-28 00:00:00+00:00
1764291600000,0.0235,0.02367,0.02318,0.02326,12285249.0,1764295200000,287618.84175,2203,2025-11-28 01:00:00+00:00
1764295200000,0.02327,0.02336,0.02302,0.02327,10818131.0,1764298800000,250830.21105,2390,2025-11-28 02:00:00+00:00
1764298800000,0.02327,0.02396,0.02317,0.02384,13433905.0,1764302400000,314411.5564,2952,2025-11-28 03:00:00+00:00
1764302400000,0.02385,0.02409,0.02373,0.02386,9520607.0,1764306000000,227544.65517,2094,2025-11-28 04:00:00+00:00
1764306000000,0.02386,0.02415,0.02386,0.02395,9595190.0,1764309600000,230463.80285,1820,2025-11-28 05:00:00+00:00
1764309600000,0.02395,0.02414,0.02361,0.02376,12749134.0,1764313200000,304076.26582,2387,2025-11-28 06:00:00+00:00
1764313200000,0.02376,0.02386,0.02347,0.02353,8093459.0,1764316800000,191236.64714,1472,2025-11-28 07:00:00+00:00
1764316800000,0.02354,0.02398,0.02349,0.02379,13149838.0,1764320400000,312085.61706,2703,2025-11-28 08:00:00+00:00
1764320400000,0.02381,0.0242,0.02376,0.02392,13159701.0,1764324000000,316181.39441,2675,2025-11-28 09:00:00+00:00
1764324000000,0.02392,0.02481,0.02392,0.02417,26745897.0,1764327600000,651576.16287,4992,2025-11-28 10:00:00+00:00
1764327600000,0.02415,0.02417,0.02362,0.02364,15384938.0,1764331200000,367732.89821,2717,2025-11-28 11:00:00+00:00
1764331200000,0.02364,0.02396,0.02361,0.02381,8181701.0,1764334800000,194669.9636,1658,2025-11-28 12:00:00+00:00
1764334800000,0.0238,0.02416,0.02365,0.02392,12371961.0,1764338400000,295405.56051,2522,2025-11-28 13:00:00+00:00
1764338400000,0.02392,0.02404,0.0237,0.02394,12403095.0,1764342000000,295686.87603,2691,2025-11-28 14:00:00+00:00
1764342000000,0.02394,0.024,0.02358,0.02392,19659636.0,1764345600000,468918.52053,5552,2025-11-28 15:00:00+00:00
1764345600000,0.02393,0.02393,0.02359,0.02365,10423702.0,1764349200000,247659.36946,2069,2025-11-28 16:00:00+00:00
1764349200000,0.02365,0.02408,0.02338,0.02351,15941296.0,1764352800000,378119.5887,3620,2025-11-28 17:00:00+00:00
1764352800000,0.02351,0.02359,0.02332,0.02356,5857327.0,1764356400000,137434.34254,1672,2025-11-28 18:00:00+00:00
1764356400000,0.02355,0.0246,0.02352,0.02434,21438510.0,1764360000000,519442.1878,4852,2025-11-28 19:00:00+00:00
1764360000000,0.02434,0.02437,0.02402,0.02407,8211551.0,1764363600000,198297.5212,2058,2025-11-28 20:00:00+00:00
1764363600000,0.02407,0.02431,0.02393,0.02401,10166652.0,1764367200000,245025.34443,2614,2025-11-28 21:00:00+00:00
1764367200000,0.02402,0.0246,0.02402,0.02428,30562836.0,1764370800000,744157.15053,5582,2025-11-28 22:00:00+00:00
1764370800000,0.02429,0.02452,0.02388,0.02392,6207809.0,1764374400000,149553.96323,1260,2025-11-28 23:00:00+00:00
1764374400000,0.02392,0.02457,0.0236,0.02404,23223471.0,1764378000000,561249.27651,3483,2025-11-29 00:00:00+00:00
1764378000000,0.02403,0.02423,0.0238,0.02392,5940131.0,1764381600000,142455.51252,1537,2025-11-29 01:00:00+00:00
1764381600000,0.02392,0.02396,0.02373,0.02394,2726170.0,1764385200000,64953.79087,917,2025-11-29 02:00:00+00:00
1764385200000,0.02394,0.02399,0.02373,0.02374,2939527.0,1764388800000,70114.21669,962,2025-11-29 03:00:00+00:00
1764388800000,0.02375,0.02391,0.02375,0.0238,2061771.0,1764392400000,49133.7911,642,2025-11-29 04:00:00+00:00
1764392400000,0.0238,0.02392,0.02373,0.02377,2704630.0,1764396000000,64409.28786,666,2025-11-29 05:00:00+00:00
1764396000000,0.0238,0.02381,0.02352,0.02364,4013174.0,1764399600000,94925.085,972,2025-11-29 06:00:00+00:00
1764399600000,0.02365,0.0237,0.02343,0.02352,4266621.0,1764403200000,100364.41447,989,2025-11-29 07:00:00+00:00
1764403200000,0.02351,0.02352,0.02319,0.02326,7302373.0,1764406800000,170522.96298,1571,2025-11-29 08:00:00+00:00
1764406800000,0.02326,0.02334,0.02313,0.02318,3898284.0,1764410400000,90607.43208,1202,2025-11-29 09:00:00+00:00
1764410400000,0.02318,0.02358,0.02308,0.02326,8280324.0,1764414000000,192863.01598,1922,2025-11-29 10:00:00+00:00
1764414000000,0.02325,0.02334,0.02267,0.02297,30647428.0,1764417600000,703323.44334,3482,2025-11-29 11:00:00+00:00
1764417600000,0.02297,0.02301,0.02232,0.0224,16380398.0,1764421200000,371776.13689,4461,2025-11-29 12:00:00+00:00
1764421200000,0.02239,0.02266,0.02226,0.02236,8933661.0,1764424800000,200507.5853,2054,2025-11-29 13:00:00+00:00
1764424800000,0.02235,0.0224,0.02207,0.02222,10372113.0,1764428400000,230563.5196,2128,2025-11-29 14:00:00+00:00
1764428400000,0.02222,0.02246,0.02161,0.02166,9454614.0,1764432000000,207633.02751,2274,2025-11-29 15:00:00+00:00
1764432000000,0.02164,0.02171,0.02107,0.02128,24764746.0,1764435600000,528374.81426,6640,2025-11-29 16:00:00+00:00
1764435600000,0.02129,0.02169,0.02117,0.02143,19884022.0,1764439200000,426789.78598,2990,2025-11-29 17:00:00+00:00
1764439200000,0.02143,0.02147,0.02101,0.02123,13527412.0,1764442800000,287106.13044,2102,2025-11-29 18:00:00+00:00
1764442800000,0.02124,0.02139,0.02117,0.02128,5056369.0,1764446400000,107550.21669,1046,2025-11-29 19:00:00+00:00
1764446400000,0.02127,0.0218,0.02121,0.02163,15038810.0,1764450000000,323468.83352,2550,2025-11-29 20:00:00+00:00
1764450000000,0.02163,0.02177,0.02141,0.02141,4104565.0,1764453600000,88408.14763,1050,2025-11-29 21:00:00+00:00
1764453600000,0.02141,0.02153,0.02137,0.02137,2078336.0,1764457200000,44558.69428,539,2025-11-29 22:00:00+00:00
1764457200000,0.02138,0.02145,0.02128,0.02135,2218735.0,1764460800000,47396.04003,570,2025-11-29 23:00:00+00:00
1764460800000,0.02137,0.02146,0.02126,0.02132,2525525.0,1764464400000,53922.04963,569,2025-11-30 00:00:00+00:00
1764464400000,0.02131,0.02148,0.02111,0.02113,4264138.0,1764468000000,90664.63338,850,2025-11-30 01:00:00+00:00
1764468000000,0.02113,0.02133,0.0211,0.02112,3773244.0,1764471600000,80034.11134,570,2025-11-30 02:00:00+00:00
1764471600000,0.02113,0.02129,0.021,0.02118,4748304.0,1764475200000,100074.73139,982,2025-11-30 03:00:00+00:00
1764475200000,0.02119,0.02134,0.02097,0.02099,3964689.0,1764478800000,83590.43867,672,2025-11-30 04:00:00+00:00
1764478800000,0.02099,0.02105,0.02063,0.02076,11395689.0,1764482400000,237021.97189,1934,2025-11-30 05:00:00+00:00
1764482400000,0.02076,0.0211,0.02076,0.02103,6775005.0,1764486000000,142117.11789,1130,2025-11-30 06:00:00+00:00
1764486000000,0.02103,0.02133,0.021,0.02119,4826224.0,1764489600000,102368.52143,842,2025-11-30 07:00:00+00:00
1764489600000,0.02121,0.02149,0.02117,0.02128,5559680.0,1764493200000,118582.26462,1285,2025-11-30 08:00:00+00:00
1764493200000,0.0213,0.0213,0.02106,0.02111,3438392.0,1764496800000,72698.80439,739,2025-11-30 09:00:00+00:00
1764496800000,0.0211,0.0211,0.0208,0.02085,4988641.0,1764500400000,104620.78433,938,2025-11-30 10:00:00+00:00
1764500400000,0.02085,0.02094,0.0207,0.02076,5063758.0,1764504000000,105333.14953,1137,2025-11-30 11:00:00+00:00
1764504000000,0.02075,0.02105,0.02067,0.02087,4883825.0,1764507600000,101681.30023,1132,2025-11-30 12:00:00+00:00
1764507600000,0.02087,0.02117,0.02084,0.02112,5158650.0,1764511200000,108690.16699,1351,2025-11-30 13:00:00+00:00
1764511200000,0.02113,0.02116,0.02074,0.02084,3629880.0,1764514800000,76053.40614,972,2025-11-30 14:00:00+00:00
1764514800000,0.02083,0.021,0.02063,0.02083,8219169.0,1764518400000,170954.37659,1534,2025-11-30 15:00:00+00:00
1764518400000,0.02084,0.02175,0.02083,0.02139,15499300.0,1764522000000,331836.88447,3089,2025-11-30 16:00:00+00:00
1764522000000,0.0214,0.02184,0.02127,0.0218,7388777.0,1764525600000,158910.12849,1627,2025-11-30 17:00:00+00:00
1764525600000,0.0218,0.0218,0.02135,0.0214,15396895.0,1764529200000,332391.49488,2258,2025-11-30 18:00:00+00:00
1764529200000,0.02141,0.02149,0.02138,0.02149,2812941.0,1764532800000,60278.08031,867,2025-11-30 19:00:00+00:00
1764532800000,0.0215,0.02191,0.02138,0.02149,8213979.0,1764536400000,177379.93717,1629,2025-11-30 20:00:00+00:00
1764536400000,0.0215,0.0215,0.02128,0.02136,4097677.0,1764540000000,87603.97305,863,2025-11-30 21:00:00+00:00
1764540000000,0.02136,0.02157,0.0213,0.0215,3316621.0,1764543600000,71032.90373,838,2025-11-30 22:00:00+00:00
1764543600000,0.02151,0.02157,0.02129,0.02138,7608377.0,1764547200000,163218.92271,1726,2025-11-30 23:00:00+00:00
1764547200000,0.02139,0.02139,0.01923,0.01937,30836122.0,1764550800000,622671.0037,6058,2025-12-01 00:00:00+00:00
1764550800000,0.01938,0.01946,0.0187,0.01892,32062642.0,1764554400000,612227.97431,6599,2025-12-01 01:00:00+00:00
1764554400000,0.01893,0.01913,0.01857,0.01894,16943281.0,1764558000000,319566.27872,3013,2025-12-01 02:00:00+00:00
1764558000000,0.01895,0.01961,0.01867,0.01872,20873669.0,1764561600000,400031.30085,3661,2025-12-01 03:00:00+00:00
1764561600000,0.01871,0.01899,0.01854,0.01889,20065637.0,1764565200000,377215.19347,3307,2025-12-01 04:00:00+00:00
1764565200000,0.0189,0.01932,0.01885,0.01917,5835937.0,1764568800000,111469.03403,1122,2025-12-01 05:00:00+00:00
1764568800000,0.01918,0.01922,0.01905,0.01908,5846503.0,1764572400000,111795.22754,1105,2025-12-01 06:00:00+00:00
1764572400000,0.01908,0.01915,0.01896,0.01908,5363915.0,1764576000000,102159.68759,1056,2025-12-01 07:00:00+00:00
1764576000000,0.01907,0.01913,0.01898,0.01907,3494738.0,1764579600000,66524.32198,663,2025-12-01 08:00:00+00:00
1764579600000,0.01904,0.0193,0.01903,0.01922,3917100.0,1764583200000,75094.25557,1169,2025-12-01 09:00:00+00:00
1764583200000,0.0192,0.01944,0.01918,0.01932,4612033.0,1764586800000,89074.77696,818,2025-12-01 10:00:00+00:00
1764586800000,0.01932,0.01939,0.01912,0.01914,3229886.0,1764590400000,62204.9454,572,2025-12-01 11:00:00+00:00
1764590400000,0.01915,0.01918,0.01871,0.01892,7600427.0,1764594000000,144298.23638,1441,2025-12-01 12:00:00+00:00
1764594000000,0.01891,0.01916,0.01891,0.01907,5494823.0,1764597600000,104613.12863,955,2025-12-01 13:00:00+00:00
1764597600000,0.01906,0.01928,0.01895,0.0192,4800331.0,1764601200000,91800.82404,1225,2025-12-01 14:00:00+00:00
1764601200000,0.0192,0.01923,0.01869,0.01892,6698836.0,1764604800000,126849.14125,1844,2025-12-01 15:00:00+00:00
1764604800000,0.01895,0.01905,0.01873,0.01876,4275500.0,1764608400000,80822.97268,815,2025-12-01 16:00:00+00:00
1764608400000,0.01876,0.01896,0.01873,0.01885,2799231.0,1764612000000,52686.59486,673,2025-12-01 17:00:00+00:00
1764612000000,0.01885,0.01915,0.0188,0.01908,6865284.0,1764615600000,130460.0941,815,2025-12-01 18:00:00+00:00
1764615600000,0.01909,0.0191,0.01885,0.01895,1920760.0,1764619200000,36460.06716,383,2025-12-01 19:00:00+00:00
1764619200000,0.01894,0.01918,0.01894,0.019,3257307.0,1764622800000,62103.29844,559,2025-12-01 20:00:00+00:00
1764622800000,0.01901,0.01937,0.01898,0.01931,4335512.0,1764626400000,83147.57751,1713,2025-12-01 21:00:00+00:00
1764626400000,0.01931,0.02009,0.01931,0.01982,21960785.0,1764630000000,436087.29029,2338,2025-12-01 22:00:00+00:00
1764630000000,0.01981,0.02003,0.01965,0.01977,7650018.0,1764633600000,151873.10483,1347,2025-12-01 23:00:00+00:00
1764633600000,0.01978,0.02043,0.0194,0.01979,30174598.0,1764637200000,596902.71627,4035,2025-12-02 00:00:00+00:00
1764637200000,0.0198,0.02,0.01969,0.01999,6926584.0,1764640800000,137355.24074,1207,2025-12-02 01:00:00+00:00
1764640800000,0.01999,0.02064,0.01978,0.02001,24784341.0,1764644400000,502430.99777,3843,2025-12-02 02:00:00+00:00
1764644400000,0.02,0.02017,0.01949,0.01995,12736385.0,1764648000000,253486.26949,1671,2025-12-02 03:00:00+00:00
1764648000000,0.01994,0.021,0.0198,0.01999,26195135.0,1764651600000,528882.61446,3449,2025-12-02 04:00:00+00:00
1764651600000,0.01998,0.02005,0.01971,0.01997,7156872.0,1764655200000,142129.48043,1197,2025-12-02 05:00:00+00:00
1764655200000,0.01998,0.02005,0.01978,0.01992,5443038.0,1764658800000,108490.0525,996,2025-12-02 06:00:00+00:00
1764658800000,0.01991,0.01993,0.01958,0.01969,6164896.0,1764662400000,121986.98324,1097,2025-12-02 07:00:00+00:00
1764662400000,0.01969,0.01973,0.01943,0.01947,4577936.0,1764666000000,89656.80958,1170,2025-12-02 08:00:00+00:00
1764666000000,0.01947,0.01958,0.01926,0.01935,4577283.0,1764669600000,88766.58559,1302,2025-12-02 09:00:00+00:00
1764669600000,0.01936,0.01964,0.01936,0.0196,6917063.0,1764673200000,134878.12277,1379,2025-12-02 10:00:00+00:00
1764673200000,0.01961,0.01985,0.01958,0.01981,4983252.0,1764676800000,98129.57235,1118,2025-12-02 11:00:00+00:00
1764676800000,0.01981,0.01985,0.01965,0.01968,4448522.0,1764680400000,87992.79301,903,2025-12-02 12:00:00+00:00
1764680400000,0.01968,0.01976,0.01957,0.01964,11787553.0,1764684000000,231595.79878,3246,2025-12-02 13:00:00+00:00
1764684000000,0.01965,0.02019,0.01962,0.02015,10704797.0,1764687600000,213487.35151,1894,2025-12-02 14:00:00+00:00
1764687600000,0.02015,0.02084,0.02015,0.02071,12771467.0,1764691200000,262003.44331,2765,2025-12-02 15:00:00+00:00
1764691200000,0.02071,0.02083,0.0204,0.02054,12519757.0,1764694800000,257783.55553,1948,2025-12-02 16:00:00+00:00
1764694800000,0.02054,0.0206,0.02036,0.02045,6400526.0,1764698400000,131183.12587,922,2025-12-02 17:00:00+00:00
1764698400000,0.02046,0.02065,0.0204,0.0205,4774280.0,1764702000000,97902.17496,594,2025-12-02 18:00:00+00:00
1764702000000,0.02049,0.02093,0.02019,0.02029,24586572.0,1764705600000,505738.35873,2772,2025-12-02 19:00:00+00:00
1764705600000,0.0203,0.02047,0.02011,0.02025,14937309.0,1764709200000,302758.95054,1665,2025-12-02 20:00:00+00:00
1764709200000,0.02026,0.0208,0.02026,0.02074,11685805.0,1764712800000,240124.59936,2043,2025-12-02 21:00:00+00:00
1764712800000,0.02075,0.02097,0.02067,0.02074,9285812.0,1764716400000,193339.06395,1066,2025-12-02 22:00:00+00:00
1764716400000,0.02074,0.02091,0.02065,0.02066,5514564.0,1764720000000,114321.91138,909,2025-12-02 23:00:00+00:00
1764720000000,0.02065,0.02132,0.02037,0.02057,39061390.0,1764723600000,813033.07111,13135,2025-12-03 00:00:00+00:00
1764723600000,0.02057,0.02091,0.02033,0.02069,7101438.0,1764727200000,146187.55543,1234,2025-12-03 01:00:00+00:00
1764727200000,0.02068,0.02081,0.02061,0.02065,4905584.0,1764730800000,101546.61466,781,2025-12-03 02:00:00+00:00
1764730800000,0.02065,0.02074,0.02057,0.02061,2096833.0,1764734400000,43336.63208,532,2025-12-03 03:00:00+00:00
1764734400000,0.0206,0.02122,0.02055,0.02111,9611690.0,1764738000000,201565.53258,1223,2025-12-03 04:00:00+00:00
1764738000000,0.0211,0.02115,0.02088,0.02092,6471857.0,1764741600000,136094.85764,1127,2025-12-03 05:00:00+00:00
1764741600000,0.02091,0.02117,0.02089,0.02114,8700188.0,1764745200000,183306.17957,3477,2025-12-03 06:00:00+00:00
1764745200000,0.02113,0.02126,0.02101,0.0212,6916957.0,1764748800000,146293.99852,1253,2025-12-03 07:00:00+00:00
1764748800000,0.0212,0.0216,0.02119,0.02123,9805673.0,1764752400000,209790.84677,2268,2025-12-03 08:00:00+00:00
1764752400000,0.02122,0.02123,0.02091,0.02111,7611102.0,1764756000000,160037.6262,966,2025-12-03 09:00:00+00:00
1764756000000,0.02112,0.02121,0.02092,0.02094,4887651.0,1764759600000,103032.98433,751,2025-12-03 10:00:00+00:00
1764759600000,0.02095,0.02103,0.02081,0.02089,6822026.0,1764763200000,142633.37833,968,2025-12-03 11:00:00+00:00
1764763200000,0.02088,0.02093,0.0207,0.02081,4024130.0,1764766800000,83767.26031,1230,2025-12-03 12:00:00+00:00
1764766800000,0.02083,0.02109,0.02082,0.02098,3827746.0,1764770400000,80272.05342,799,2025-12-03 13:00:00+00:00
1764770400000,0.02098,0.02137,0.0205,0.02104,11856128.0,1764774000000,247483.55734,2701,2025-12-03 14:00:00+00:00
1764774000000,0.02105,0.02117,0.02089,0.02097,4196223.0,1764777600000,88160.32716,1373,2025-12-03 15:00:00+00:00
1764777600000,0.02097,0.02103,0.02077,0.02092,2970324.0,1764781200000,62097.69439,621,2025-12-03 16:00:00+00:00
1764781200000,0.02092,0.021,0.0206,0.02094,14286595.0,1764784800000,296323.89055,1388,2025-12-03 17:00:00+00:00
1764784800000,0.02095,0.02104,0.02072,0.02076,4493348.0,1764788400000,93920.55273,716,2025-12-03 18:00:00+00:00
1764788400000,0.02076,0.02094,0.02069,0.02091,8873742.0,1764792000000,184331.41448,1399,2025-12-03 19:00:00+00:00
1764792000000,0.0209,0.02099,0.02082,0.02089,2009000.0,1764795600000,41937.59806,442,2025-12-03 20:00:00+00:00
1764795600000,0.02089,0.02112,0.02082,0.0211,8067449.0,1764799200000,168590.5527,911,2025-12-03 21:00:00+00:00
1764799200000,0.02109,0.02147,0.02091,0.02142,12352088.0,1764802800000,261848.74461,1308,2025-12-03 22:00:00+00:00
1764802800000,0.02142,0.02153,0.02133,0.02135,5233621.0,1764806400000,112130.28248,862,2025-12-03 23:00:00+00:00
1764806400000,0.02136,0.02166,0.02088,0.02095,8605278.0,1764810000000,182205.7365,2272,2025-12-04 00:00:00+00:00
1764810000000,0.02095,0.02122,0.0209,0.02094,3352776.0,1764813600000,70556.7695,871,2025-12-04 01:00:00+00:00
1764813600000,0.02095,0.02114,0.02093,0.0211,4701345.0,1764817200000,99023.45781,644,2025-12-04 02:00:00+00:00
1764817200000,0.02109,0.02118,0.02093,0.02093,2794432.0,1764820800000,58832.85451,359,2025-12-04 03:00:00+00:00
1764820800000,0.02093,0.02093,0.02078,0.02093,2941404.0,1764824400000,61346.37817,375,2025-12-04 04:00:00+00:00
1764824400000,0.02092,0.02107,0.02084,0.02099,4714535.0,1764828000000,98711.86059,693,2025-12-04 05:00:00+00:00
1764828000000,0.02101,0.02107,0.02088,0.02095,5613242.0,1764831600000,117759.0018,600,2025-12-04 06:00:00+00:00
1764831600000,0.02095,0.02108,0.0208,0.02103,2716522.0,1764835200000,56817.93974,495,2025-12-04 07:00:00+00:00
1764835200000,0.02101,0.02113,0.02093,0.02105,3659741.0,1764838800000,76936.87594,563,2025-12-04 08:00:00+00:00
1764838800000,0.02105,0.02187,0.02103,0.02165,10607864.0,1764842400000,227878.55917,1335,2025-12-04 09:00:00+00:00
1764842400000,0.02165,0.02181,0.02131,0.02142,9191672.0,1764846000000,198327.14368,1478,2025-12-04 10:00:00+00:00
1764846000000,0.0214,0.0214,0.02107,0.02123,7893613.0,1764849600000,167362.77098,1196,2025-12-04 11:00:00+00:00
1764849600000,0.02123,0.02141,0.0212,0.02127,2450574.0,1764853200000,52184.93176,459,2025-12-04 12:00:00+00:00
1764853200000,0.02131,0.02156,0.02117,0.02122,8561227.0,1764856800000,182760.57984,1446,2025-12-04 13:00:00+00:00
1764856800000,0.02121,0.02158,0.02095,0.021,8533705.0,1764860400000,181213.94942,1914,2025-12-04 14:00:00+00:00
1764860400000,0.021,0.02149,0.021,0.02142,4746053.0,1764864000000,100807.23457,752,2025-12-04 15:00:00+00:00
1764864000000,0.02143,0.02157,0.02118,0.0213,4696402.0,1764867600000,100387.89005,827,2025-12-04 16:00:00+00:00
1764867600000,0.02129,0.02135,0.02107,0.02121,3422739.0,1764871200000,72660.23165,565,2025-12-04 17:00:00+00:00
1764871200000,0.0212,0.02164,0.02117,0.02159,4639105.0,1764874800000,99852.5013,532,2025-12-04 18:00:00+00:00
1764874800000,0.02157,0.02159,0.02102,0.02148,7857201.0,1764878400000,167506.70419,1088,2025-12-04 19:00:00+00:00
1764878400000,0.02148,0.02151,0.02125,0.02139,2797315.0,1764882000000,59725.63056,476,2025-12-04 20:00:00+00:00
1764882000000,0.0214,0.02154,0.02123,0.02126,3599119.0,1764885600000,76773.92997,518,2025-12-04 21:00:00+00:00
1764885600000,0.02127,0.02143,0.02107,0.02137,5435354.0,1764889200000,114973.64964,470,2025-12-04 22:00:00+00:00
1764889200000,0.02137,0.02163,0.02129,0.02152,2322969.0,1764892800000,49944.37983,554,2025-12-04 23:00:00+00:00
1764892800000,0.02153,0.02165,0.02124,0.0214,7645996.0,1764896400000,163939.91983,1421,2025-12-05 00:00:00+00:00
1764896400000,0.02139,0.0218,0.02129,0.02166,7248409.0,1764900000000,156420.40781,1778,2025-12-05 01:00:00+00:00
1764900000000,0.02165,0.02242,0.02164,0.02234,11045988.0,1764903600000,243653.76636,2107,2025-12-05 02:00:00+00:00
1764903600000,0.02234,0.02268,0.02199,0.02251,18480388.0,1764907200000,411996.95045,3438,2025-12-05 03:00:00+00:00
1764907200000,0.02251,0.02277,0.02168,0.02227,17844359.0,1764910800000,397725.72016,3934,2025-12-05 04:00:00+00:00
1764910800000,0.02227,0.02249,0.02197,0.0223,7853575.0,1764914400000,174595.40944,1902,2025-12-05 05:00:00+00:00
1764914400000,0.02229,0.02253,0.02169,0.02178,10687332.0,1764918000000,235934.81983,2455,2025-12-05 06:00:00+00:00
1764918000000,0.02177,0.02207,0.02167,0.0219,6011088.0,1764921600000,131746.87322,1716,2025-12-05 07:00:00+00:00
1764921600000,0.0219,0.02206,0.0217,0.02175,7602210.0,1764925200000,166164.78139,1872,2025-12-05 08:00:00+00:00
1764925200000,0.02175,0.02175,0.02122,0.02133,8821951.0,1764928800000,189146.69157,2047,2025-12-05 09:00:00+00:00
1764928800000,0.02131,0.0217,0.02125,0.02165,5925190.0,1764932400000,127147.05703,1737,2025-12-05 10:00:00+00:00
1764932400000,0.02165,0.02245,0.02163,0.02183,14572287.0,1764936000000,320962.06638,3470,2025-12-05 11:00:00+00:00
1764936000000,0.02183,0.02232,0.02168,0.02224,9443497.0,1764939600000,207185.19901,2191,2025-12-05 12:00:00+00:00
1764939600000,0.02224,0.02254,0.02168,0.02201,16945147.0,1764943200000,374000.02951,4097,2025-12-05 13:00:00+00:00
1764943200000,0.02201,0.02223,0.02162,0.02184,7624416.0,1764946800000,166961.3498,2252,2025-12-05 14:00:00+00:00
1764946800000,0.02185,0.02236,0.02168,0.0218,11559609.0,1764950400000,254960.2954,3204,2025-12-05 15:00:00+00:00
1764950400000,0.0218,0.02185,0.02067,0.02096,16849905.0,1764954000000,354819.83306,3465,2025-12-05 16:00:00+00:00
1764954000000,0.02096,0.02129,0.0208,0.02093,6326121.0,1764957600000,133342.17213,1597,2025-12-05 17:00:00+00:00
1764957600000,0.02092,0.02111,0.02044,0.02046,3540510.0,1764961200000,73725.41335,1284,2025-12-05 18:00:00+00:00
1764961200000,0.02046,0.02099,0.02035,0.02085,3924504.0,1764964800000,81096.6794,981,2025-12-05 19:00:00+00:00
1764964800000,0.02083,0.0214,0.02075,0.02096,10063994.0,1764968400000,212313.23933,1679,2025-12-05 20:00:00+00:00
1764968400000,0.02096,0.02112,0.02086,0.02101,4193842.0,1764972000000,87919.89247,997,2025-12-05 21:00:00+00:00
1764972000000,0.021,0.02127,0.02095,0.02098,2985438.0,1764975600000,63010.53676,485,2025-12-05 22:00:00+00:00
1764975600000,0.02099,0.02114,0.02084,0.02102,2643218.0,1764979200000,55477.83547,531,2025-12-05 23:00:00+00:00
1764979200000,0.021,0.02203,0.02083,0.02121,59549153.0,1764982800000,1276881.37355,13277,2025-12-06 00:00:00+00:00
1764982800000,0.02122,0.02178,0.02118,0.02166,5019108.0,1764986400000,107922.86118,1267,2025-12-06 01:00:00+00:00
1764986400000,0.02166,0.02175,0.02142,0.0216,2624355.0,1764990000000,56786.03362,576,2025-12-06 02:00:00+00:00
1764990000000,0.02159,0.02159,0.02137,0.02144,1876539.0,1764993600000,40305.65749,391,2025-12-06 03:00:00+00:00
1764993600000,0.02145,0.02146,0.02123,0.02134,1297336.0,1764997200000,27638.33558,294,2025-12-06 04:00:00+00:00
1764997200000,0.02135,0.02138,0.02084,0.02086,2117072.0,1765000800000,44654.41527,422,2025-12-06 05:00:00+00:00
1765000800000,0.02087,0.02098,0.02076,0.02092,3554578.0,1765004400000,74161.33448,791,2025-12-06 06:00:00+00:00
1765004400000,0.02093,0.02107,0.02069,0.0209,5014692.0,1765008000000,104436.33537,781,2025-12-06 07:00:00+00:00
1765008000000,0.02088,0.02098,0.02063,0.02064,3516748.0,1765011600000,73167.60905,954,2025-12-06 08:00:00+00:00
1765011600000,0.02065,0.0208,0.02064,0.02075,2123846.0,1765015200000,44035.61832,458,2025-12-06 09:00:00+00:00
1765015200000,0.02073,0.02076,0.0205,0.02057,2286693.0,1765018800000,47064.94576,410,2025-12-06 10:00:00+00:00
1765018800000,0.02056,0.02073,0.0205,0.02072,2553692.0,1765022400000,52660.20972,405,2025-12-06 11:00:00+00:00
1765022400000,0.0207,0.02085,0.02066,0.02071,3623332.0,1765026000000,75198.368,403,2025-12-06 12:00:00+00:00
1765026000000,0.02072,0.02107,0.0207,0.02086,3120484.0,1765029600000,65139.97571,409,2025-12-06 13:00:00+00:00
1765029600000,0.02083,0.02107,0.02076,0.02099,2843628.0,1765033200000,59535.58784,424,2025-12-06 14:00:00+00:00
1765033200000,0.021,0.021,0.02062,0.02076,2015027.0,1765036800000,41822.44163,396,2025-12-06 15:00:00+00:00
1765036800000,0.02074,0.02094,0.02074,0.0208,1637312.0,1765040400000,34128.75439,390,2025-12-06 16:00:00+00:00
1765040400000,0.02079,0.02092,0.02075,0.02092,1745045.0,1765044000000,36359.79844,377,2025-12-06 17:00:00+00:00
1765044000000,0.02092,0.02117,0.02091,0.02098,8561516.0,1765047600000,179777.68978,1109,2025-12-06 18:00:00+00:00
1765047600000,0.02098,0.02109,0.02067,0.02078,3462461.0,1765051200000,72139.67832,640,2025-12-06 19:00:00+00:00
1765051200000,0.02079,0.02089,0.02076,0.0208,1585364.0,1765054800000,32998.8255,344,2025-12-06 20:00:00+00:00
1765054800000,0.0208,0.02104,0.02073,0.02081,2195215.0,1765058400000,45759.26316,521,2025-12-06 21:00:00+00:00
1765058400000,0.02082,0.02088,0.02068,0.02069,837078.0,1765062000000,17393.58069,163,2025-12-06 22:00:00+00:00
1765062000000,0.02069,0.02076,0.0205,0.02075,3800465.0,1765065600000,78375.75244,717,2025-12-06 23:00:00+00:00
1765065600000,0.02076,0.02078,0.0202,0.02036,6347839.0,1765069200000,129384.78198,1340,2025-12-07 00:00:00+00:00
1765069200000,0.02034,0.02041,0.01992,0.01995,9755384.0,1765072800000,196873.7205,1738,2025-12-07 01:00:00+00:00
1765072800000,0.01995,0.02019,0.01983,0.02011,8028663.0,1765076400000,160389.34326,2044,2025-12-07 02:00:00+00:00
1765076400000,0.0201,0.02025,0.01995,0.02017,7611448.0,1765080000000,153157.47564,1126,2025-12-07 03:00:00+00:00
1765080000000,0.02015,0.02074,0.01999,0.02048,9247115.0,1765083600000,188365.72833,1290,2025-12-07 04:00:00+00:00
1765083600000,0.02047,0.02118,0.02046,0.02084,9091986.0,1765087200000,190239.56838,2583,2025-12-07 05:00:00+00:00
1765087200000,0.02084,0.021,0.02072,0.0208,2934052.0,1765090800000,61054.16652,702,2025-12-07 06:00:00+00:00
1765090800000,0.02081,0.02081,0.02046,0.02054,2871299.0,1765094400000,59180.49042,760,2025-12-07 07:00:00+00:00
1765094400000,0.02053,0.02058,0.02033,0.02035,1327521.0,1765098000000,27119.05158,454,2025-12-07 08:00:00+00:00
1765098000000,0.02034,0.02054,0.02017,0.02021,2786012.0,1765101600000,56692.06251,513,2025-12-07 09:00:00+00:00
1765101600000,0.0202,0.02042,0.0201,0.02013,5792082.0,1765105200000,117231.11452,1123,2025-12-07 10:00:00+00:00
1765105200000,0.02013,0.0204,0.02002,0.02038,2283157.0,1765108800000,46172.60873,604,2025-12-07 11:00:00+00:00
1765108800000,0.02038,0.02042,0.02024,0.02039,2816971.0,1765112400000,57226.7886,748,2025-12-07 12:00:00+00:00
1765112400000,0.02041,0.0205,0.02002,0.02014,8842164.0,1765116000000,178732.53164,1836,2025-12-07 13:00:00+00:00
1765116000000,0.02015,0.02018,0.0195,0.01972,14271948.0,1765119600000,283187.03876,3262,2025-12-07 14:00:00+00:00
1765119600000,0.01971,0.02021,0.01956,0.02013,9120389.0,1765123200000,180059.16191,1435,2025-12-07 15:00:00+00:00
1765123200000,0.02012,0.02019,0.01987,0.02002,2050540.0,1765126800000,41167.85066,719,2025-12-07 16:00:00+00:00
1765126800000,0.02003,0.02083,0.01994,0.02072,7008002.0,1765130400000,143645.76843,1863,2025-12-07 17:00:00+00:00
1765130400000,0.02073,0.02118,0.02072,0.02111,12797486.0,1765134000000,267931.1944,1838,2025-12-07 18:00:00+00:00
1765134000000,0.02112,0.02118,0.02092,0.02113,5258737.0,1765137600000,110602.98324,1189,2025-12-07 19:00:00+00:00
1765137600000,0.02114,0.0212,0.02086,0.02089,2471414.0,1765141200000,51884.25853,622,2025-12-07 20:00:00+00:00
1765141200000,0.02089,0.02093,0.0202,0.02025,3946590.0,1765144800000,81257.22304,969,2025-12-07 21:00:00+00:00
1765144800000,0.02025,0.02025,0.01965,0.02002,8597192.0,1765148400000,171600.10469,1464,2025-12-07 22:00:00+00:00
1765148400000,0.02002,0.02009,0.01981,0.02007,3099651.0,1765152000000,61784.41933,902,2025-12-07 23:00:00+00:00
1765152000000,0.02008,0.02015,0.01978,0.01978,4292249.0,1765155600000,85550.74091,1049,2025-12-08 00:00:00+00:00
1765155600000,0.01977,0.02031,0.01977,0.02014,3126914.0,1765159200000,62836.97266,776,2025-12-08 01:00:00+00:00
1765159200000,0.02012,0.02028,0.02007,0.02025,2174323.0,1765162800000,43878.22086,499,2025-12-08 02:00:00+00:00
1765162800000,0.02026,0.02051,0.02025,0.02041,3401780.0,1765166400000,69435.75249,647,2025-12-08 03:00:00+00:00
1765166400000,0.02042,0.02062,0.02041,0.02054,2316193.0,1765170000000,47487.48994,567,2025-12-08 04:00:00+00:00
1765170000000,0.02054,0.02054,0.02029,0.02034,2727930.0,1765173600000,55732.06334,598,2025-12-08 05:00:00+00:00
1765173600000,0.02034,0.02046,0.02026,0.02035,2695922.0,1765177200000,54798.27352,613,2025-12-08 06:00:00+00:00
1765177200000,0.02035,0.02066,0.02031,0.02046,12796416.0,1765180800000,263040.99712,1291,2025-12-08 07:00:00+00:00
1765180800000,0.02045,0.02053,0.02039,0.0205,2510911.0,1765184400000,51410.36259,584,2025-12-08 08:00:00+00:00
1765184400000,0.02049,0.02069,0.02038,0.02052,12358625.0,1765188000000,253273.65567,1394,2025-12-08 09:00:00+00:00
1765188000000,0.0205,0.02073,0.0205,0.02069,1401859.0,1765191600000,28930.3706,506,2025-12-08 10:00:00+00:00
1765191600000,0.02068,0.0207,0.02042,0.02055,2024974.0,1765195200000,41650.73584,597,2025-12-08 11:00:00+00:00
1765195200000,0.02055,0.02097,0.02045,0.02092,5520469.0,1765198800000,114220.77635,1139,2025-12-08 12:00:00+00:00
1765198800000,0.02092,0.0211,0.02079,0.02086,8352198.0,1765202400000,174943.02522,1665,2025-12-08 13:00:00+00:00
1765202400000,0.02086,0.02104,0.0205,0.02059,9157445.0,1765206000000,190010.06561,2161,2025-12-08 14:00:00+00:00
1765206000000,0.0206,0.02066,0.02029,0.02049,7493130.0,1765209600000,153395.59701,1981,2025-12-08 15:00:00+00:00
1765209600000,0.02047,0.02089,0.02033,0.02052,4024503.0,1765213200000,83064.51584,1021,2025-12-08 16:00:00+00:00
1765213200000,0.02053,0.02106,0.02037,0.02088,13113382.0,1765216800000,271839.49,2651,2025-12-08 17:00:00+00:00
1765216800000,0.02088,0.02167,0.02086,0.02119,20531224.0,1765220400000,437449.97498,4200,2025-12-08 18:00:00+00:00
1765220400000,0.02119,0.02141,0.02097,0.02127,5196139.0,1765224000000,109936.82601,1339,2025-12-08 19:00:00+00:00
1765224000000,0.02128,0.02139,0.02101,0.02118,5972454.0,1765227600000,126420.52728,1636,2025-12-08 20:00:00+00:00
1765227600000,0.02117,0.0212,0.0209,0.02104,5624961.0,1765231200000,118370.04054,998,2025-12-08 21:00:00+00:00
1765231200000,0.02102,0.02108,0.0208,0.02097,4721109.0,1765234800000,98830.62716,611,2025-12-08 22:00:00+00:00
1765234800000,0.02099,0.02146,0.02085,0.02133,5787173.0,1765238400000,122723.66846,1180,2025-12-08 23:00:00+00:00
1765238400000,0.02132,0.02189,0.02108,0.0217,15617964.0,1765242000000,336327.36197,3557,2025-12-09 00:00:00+00:00
1765242000000,0.02172,0.02205,0.02141,0.02169,16124416.0,1765245600000,350637.2225,5060,2025-12-09 01:00:00+00:00
1765245600000,0.02168,0.02228,0.0216,0.02192,13920037.0,1765249200000,305637.60799,3796,2025-12-09 02:00:00+00:00
1765249200000,0.0219,0.02242,0.0217,0.02203,16879516.0,1765252800000,372435.94231,3472,2025-12-09 03:00:00+00:00
1765252800000,0.02203,0.02229,0.02142,0.02157,19618772.0,1765256400000,426616.82405,4158,2025-12-09 04:00:00+00:00
1765256400000,0.02157,0.02206,0.0215,0.02195,10267889.0,1765260000000,224457.82655,2117,2025-12-09 05:00:00+00:00
1765260000000,0.02194,0.0223,0.02182,0.02216,26587867.0,1765263600000,585784.0768,6133,2025-12-09 06:00:00+00:00
1765263600000,0.02218,0.02235,0.02187,0.02213,14656132.0,1765267200000,324051.94903,2989,2025-12-09 07:00:00+00:00
1765267200000,0.02213,0.02228,0.02185,0.02185,9432809.0,1765270800000,208275.02004,1683,2025-12-09 08:00:00+00:00
1765270800000,0.02185,0.02185,0.02122,0.02126,8258131.0,1765274400000,177561.99846,1367,2025-12-09 09:00:00+00:00
1765274400000,0.02126,0.02186,0.02118,0.02173,13235594.0,1765278000000,284963.82377,2001,2025-12-09 10:00:00+00:00
1765278000000,0.02172,0.02176,0.02143,0.0217,6580608.0,1765281600000,142181.95334,1425,2025-12-09 11:00:00+00:00
1765281600000,0.02167,0.02202,0.02161,0.02191,12646449.0,1765285200000,276654.20691,1742,2025-12-09 12:00:00+00:00
1765285200000,0.02192,0.02205,0.02159,0.02178,10422214.0,1765288800000,227599.42075,1451,2025-12-09 13:00:00+00:00
1765288800000,0.02177,0.02193,0.02154,0.02177,11417199.0,1765292400000,247845.73678,1527,2025-12-09 14:00:00+00:00
1765292400000,0.02178,0.02229,0.02176,0.02207,16051187.0,1765296000000,353325.64677,2451,2025-12-09 15:00:00+00:00
1765296000000,0.02208,0.02261,0.02208,0.02254,13655102.0,1765299600000,305620.01648,2251,2025-12-09 16:00:00+00:00
1765299600000,0.02253,0.02268,0.02215,0.02227,9907400.0,1765303200000,221423.90782,1606,2025-12-09 17:00:00+00:00
1765303200000,0.02226,0.02266,0.02219,0.02231,6896851.0,1765306800000,154539.7447,1092,2025-12-09 18:00:00+00:00
1765306800000,0.02232,0.02256,0.02226,0.02237,4536747.0,1765310400000,101708.21997,739,2025-12-09 19:00:00+00:00
1765310400000,0.02234,0.02235,0.02177,0.02204,9853206.0,1765314000000,217728.96103,1575,2025-12-09 20:00:00+00:00
1765314000000,0.02205,0.02214,0.02151,0.02175,6053010.0,1765317600000,132630.92397,1059,2025-12-09 21:00:00+00:00
1765317600000,0.02176,0.02197,0.02163,0.02194,10953972.0,1765321200000,238501.58218,1563,2025-12-09 22:00:00+00:00
1765321200000,0.02192,0.02205,0.02184,0.02189,3953277.0,1765324800000,86803.70674,704,2025-12-09 23:00:00+00:00
1765324800000,0.02191,0.02193,0.02147,0.02148,3227094.0,1765328400000,69833.38013,525,2025-12-10 00:00:00+00:00
1765328400000,0.02148,0.02157,0.02113,0.02127,6841724.0,1765332000000,145977.97679,978,2025-12-10 01:00:00+00:00
1765332000000,0.02127,0.02148,0.02121,0.02148,1570761.0,1765335600000,33509.59573,365,2025-12-10 02:00:00+00:00
1765335600000,0.02147,0.0215,0.0213,0.02133,2985296.0,1765339200000,63795.58034,636,2025-12-10 03:00:00+00:00
1765339200000,0.02132,0.02155,0.02129,0.02148,4057577.0,1765342800000,87084.9247,550,2025-12-10 04:00:00+00:00
1765342800000,0.02148,0.02157,0.02117,0.02129,6473706.0,1765346400000,138282.47013,790,2025-12-10 05:00:00+00:00
1765346400000,0.02129,0.02146,0.02117,0.0214,7809928.0,1765350000000,166279.75637,1874,2025-12-10 06:00:00+00:00
1765350000000,0.0214,0.02144,0.02121,0.02129,5376976.0,1765353600000,114536.60413,2294,2025-12-10 07:00:00+00:00
1765353600000,0.02129,0.02138,0.02107,0.02114,5996713.0,1765357200000,127262.13761,786,2025-12-10 08:00:00+00:00
1765357200000,0.02115,0.02138,0.021,0.02136,5562702.0,1765360800000,117631.22198,823,2025-12-10 09:00:00+00:00
1765360800000,0.02133,0.02146,0.02113,0.02117,3393648.0,1765364400000,72107.08337,473,2025-12-10 10:00:00+00:00
1765364400000,0.02115,0.02117,0.02103,0.02105,3624325.0,1765368000000,76392.14542,481,2025-12-10 11:00:00+00:00
1765368000000,0.02105,0.02108,0.02087,0.02103,4634384.0,1765371600000,97219.64095,570,2025-12-10 12:00:00+00:00
1765371600000,0.02102,0.02102,0.02058,0.02084,28065134.0,1765375200000,581951.04287,2009,2025-12-10 13:00:00+00:00
1765375200000,0.02083,0.02094,0.02058,0.02071,10625691.0,1765378800000,220637.29688,1021,2025-12-10 14:00:00+00:00
1765378800000,0.02069,0.02115,0.02066,0.0209,22873315.0,1765382400000,479135.74709,2138,2025-12-10 15:00:00+00:00
1765382400000,0.02091,0.02107,0.02086,0.02103,3458173.0,1765386000000,72548.94632,442,2025-12-10 16:00:00+00:00
1765386000000,0.02104,0.02249,0.02101,0.02232,35178043.0,1765389600000,766072.30219,6009,2025-12-10 17:00:00+00:00
1765389600000,0.02232,0.02249,0.02148,0.02158,26760188.0,1765393200000,590927.58342,4479,2025-12-10 18:00:00+00:00
1765393200000,0.02161,0.02196,0.02141,0.02175,11855482.0,1765396800000,257456.53938,2528,2025-12-10 19:00:00+00:00
1765396800000,0.02176,0.0222,0.02151,0.02161,20781017.0,1765400400000,452994.17268,3837,2025-12-10 20:00:00+00:00
1765400400000,0.02161,0.02173,0.02073,0.02088,35663123.0,1765404000000,751661.77953,2657,2025-12-10 21:00:00+00:00
1765404000000,0.02088,0.02119,0.02073,0.02116,4842111.0,1765407600000,101341.70675,615,2025-12-10 22:00:00+00:00
1765407600000,0.02116,0.02132,0.02088,0.02089,2369342.0,1765411200000,50053.20361,608,2025-12-10 23:00:00+00:00
1765411200000,0.02089,0.02091,0.02029,0.02039,9873238.0,1765414800000,203048.84747,1621,2025-12-11 00:00:00+00:00
1765414800000,0.02039,0.02057,0.02008,0.02016,13215799.0,1765418400000,268942.5133,1552,2025-12-11 01:00:00+00:00
1765418400000,0.02016,0.0202,0.01985,0.02008,3602605.0,1765422000000,72190.4127,841,2025-12-11 02:00:00+00:00
1765422000000,0.02008,0.02008,0.01972,0.01976,4588629.0,1765425600000,90997.31536,1101,2025-12-11 03:00:00+00:00
1765425600000,0.01975,0.02016,0.01966,0.02001,13086403.0,1765429200000,261603.6143,2289,2025-12-11 04:00:00+00:00
1765429200000,0.02001,0.02013,0.01987,0.02006,5276669.0,1765432800000,105655.34402,1626,2025-12-11 05:00:00+00:00
1765432800000,0.02006,0.02008,0.01984,0.01986,2971448.0,1765436400000,59291.02407,967,2025-12-11 06:00:00+00:00
1765436400000,0.01985,0.01998,0.01973,0.01986,3148683.0,1765440000000,62532.81677,967,2025-12-11 07:00:00+00:00
1765440000000,0.01987,0.01992,0.0197,0.01978,2553330.0,1765443600000,50530.64945,893,2025-12-11 08:00:00+00:00
1765443600000,0.01978,0.01986,0.01969,0.0197,1849323.0,1765447200000,36551.80774,686,2025-12-11 09:00:00+00:00
1765447200000,0.0197,0.01978,0.01964,0.01975,3896212.0,1765450800000,76769.63603,984,2025-12-11 10:00:00+00:00
1765450800000,0.01974,0.02015,0.01972,0.01992,7839699.0,1765454400000,156926.30574,1222,2025-12-11 11:00:00+00:00
1765454400000,0.01991,0.02011,0.01987,0.01997,5449778.0,1765458000000,108772.0022,1281,2025-12-11 12:00:00+00:00
1765458000000,0.01997,0.02,0.01984,0.0199,3408565.0,1765461600000,67982.09123,1018,2025-12-11 13:00:00+00:00
1765461600000,0.0199,0.02004,0.0197,0.01978,4990105.0,1765465200000,99208.35463,1518,2025-12-11 14:00:00+00:00
1765465200000,0.01977,0.02008,0.01963,0.01969,4622308.0,1765468800000,91632.0779,1751,2025-12-11 15:00:00+00:00
1765468800000,0.01969,0.01988,0.01942,0.01968,6394618.0,1765472400000,125389.34762,1654,2025-12-11 16:00:00+00:00
1765472400000,0.01969,0.01981,0.01958,0.0197,3803112.0,1765476000000,74836.04768,1223,2025-12-11 17:00:00+00:00
1765476000000,0.01969,0.02002,0.01962,0.01982,2480113.0,1765479600000,49145.35027,955,2025-12-11 18:00:00+00:00
1765479600000,0.01981,0.01999,0.01947,0.01955,21594035.0,1765483200000,426279.66534,2778,2025-12-11 19:00:00+00:00
1765483200000,0.01957,0.01993,0.01957,0.01992,4473639.0,1765486800000,88332.05732,1741,2025-12-11 20:00:00+00:00
1765486800000,0.01992,0.02049,0.0199,0.02031,6589215.0,1765490400000,133251.67336,3407,2025-12-11 21:00:00+00:00
1765490400000,0.02033,0.02036,0.01993,0.02001,1554226.0,1765494000000,31274.6931,820,2025-12-11 22:00:00+00:00
1765494000000,0.02002,0.02011,0.01995,0.01999,1276055.0,1765497600000,25560.76585,515,2025-12-11 23:00:00+00:00
1765497600000,0.01999,0.02011,0.01975,0.01976,4639098.0,1765501200000,92739.38581,1424,2025-12-12 00:00:00+00:00
1765501200000,0.01977,0.02,0.01976,0.01996,2006884.0,1765504800000,39883.33522,724,2025-12-12 01:00:00+00:00
1765504800000,0.01996,0.02022,0.01992,0.02016,2637220.0,1765508400000,52956.9699,885,2025-12-12 02:00:00+00:00
1765508400000,0.02017,0.02024,0.02006,0.02024,1902625.0,1765512000000,38357.25744,381,2025-12-12 03:00:00+00:00
1765512000000,0.02022,0.02026,0.01994,0.02005,3793391.0,1765515600000,76066.18739,522,2025-12-12 04:00:00+00:00
1765515600000,0.02005,0.02019,0.02002,0.02014,2986969.0,1765519200000,60032.35803,564,2025-12-12 05:00:00+00:00
1765519200000,0.02015,0.02048,0.02015,0.02028,2672058.0,1765522800000,54384.16266,816,2025-12-12 06:00:00+00:00
1765522800000,0.02028,0.02028,0.02005,0.02005,4985151.0,1765526400000,100479.79027,788,2025-12-12 07:00:00+00:00
1765526400000,0.02006,0.02016,0.01987,0.01989,2889998.0,1765530000000,57747.76382,558,2025-12-12 08:00:00+00:00
1765530000000,0.01989,0.0201,0.01988,0.02009,3346442.0,1765533600000,66799.9809,459,2025-12-12 09:00:00+00:00
1765533600000,0.02009,0.02019,0.02002,0.02004,3887613.0,1765537200000,78094.01571,655,2025-12-12 10:00:00+00:00
1765537200000,0.02003,0.02004,0.01986,0.0199,1820957.0,1765540800000,36305.13568,401,2025-12-12 11:00:00+00:00
1765540800000,0.01992,0.01992,0.01972,0.01983,2194922.0,1765544400000,43504.85815,532,2025-12-12 12:00:00+00:00
1765544400000,0.01983,0.01998,0.01978,0.01984,1970616.0,1765548000000,39137.91168,373,2025-12-12 13:00:00+00:00
1765548000000,0.01983,0.02006,0.01977,0.0199,3067107.0,1765551600000,61091.50218,562,2025-12-12 14:00:00+00:00
1765551600000,0.0199,0.0199,0.01889,0.01892,11591333.0,1765555200000,225673.96354,1928,2025-12-12 15:00:00+00:00
1765555200000,0.01891,0.01906,0.01864,0.01883,8180457.0,1765558800000,154131.06008,1447,2025-12-12 16:00:00+00:00
1765558800000,0.01884,0.01914,0.01876,0.01878,4403115.0,1765562400000,83339.8477,972,2025-12-12 17:00:00+00:00
1765562400000,0.01879,0.01896,0.01853,0.01857,7302154.0,1765566000000,136887.28007,1324,2025-12-12 18:00:00+00:00
1765566000000,0.01856,0.01865,0.01836,0.01861,4689038.0,1765569600000,86927.9929,1917,2025-12-12 19:00:00+00:00
1765569600000,0.0186,0.01865,0.0185,0.01858,2361833.0,1765573200000,43873.55643,796,2025-12-12 20:00:00+00:00
1765573200000,0.01857,0.01885,0.01853,0.01872,11657593.0,1765576800000,217766.77894,1753,2025-12-12 21:00:00+00:00
1765576800000,0.01873,0.01917,0.01869,0.01896,7932330.0,1765580400000,149698.79585,4370,2025-12-12 22:00:00+00:00
1765580400000,0.01897,0.01906,0.01891,0.019,1889120.0,1765584000000,35828.05731,777,2025-12-12 23:00:00+00:00
1765584000000,0.01901,0.01903,0.01894,0.01895,1678820.0,1765587600000,31858.47359,666,2025-12-13 00:00:00+00:00
1765587600000,0.01895,0.01915,0.01895,0.01899,1168562.0,1765591200000,22243.60811,427,2025-12-13 01:00:00+00:00
1765591200000,0.01899,0.01904,0.01887,0.0189,1000173.0,1765594800000,18979.95623,581,2025-12-13 02:00:00+00:00
1765594800000,0.0189,0.01894,0.01879,0.01881,1411326.0,1765598400000,26634.64601,272,2025-12-13 03:00:00+00:00
1765598400000,0.01882,0.01899,0.01879,0.01887,1581360.0,1765602000000,29892.70603,520,2025-12-13 04:00:00+00:00
1765602000000,0.01883,0.01887,0.01864,0.0187,2302413.0,1765605600000,43020.77175,386,2025-12-13 05:00:00+00:00
1765605600000,0.01868,0.01881,0.01866,0.01878,1976220.0,1765609200000,37058.47661,649,2025-12-13 06:00:00+00:00
1765609200000,0.01878,0.01895,0.01877,0.01889,2835089.0,1765612800000,53452.50824,1137,2025-12-13 07:00:00+00:00
1765612800000,0.0189,0.01893,0.01879,0.01887,2885986.0,1765616400000,54428.62099,824,2025-12-13 08:00:00+00:00
1765616400000,0.01887,0.01891,0.01879,0.01887,1833428.0,1765620000000,34571.64793,456,2025-12-13 09:00:00+00:00
1765620000000,0.01886,0.0189,0.01872,0.01875,5482342.0,1765623600000,103005.24039,1119,2025-12-13 10:00:00+00:00
1765623600000,0.01874,0.01881,0.01868,0.01877,1958935.0,1765627200000,36706.15632,946,2025-12-13 11:00:00+00:00
1765627200000,0.01879,0.01892,0.01875,0.01885,1662950.0,1765630800000,31355.99748,647,2025-12-13 12:00:00+00:00
1765630800000,0.01888,0.01891,0.01874,0.01881,1504653.0,1765634400000,28341.06854,378,2025-12-13 13:00:00+00:00
1765634400000,0.01882,0.01885,0.01864,0.01871,3573629.0,1765638000000,66911.49084,652,2025-12-13 14:00:00+00:00
1765638000000,0.01871,0.01886,0.01871,0.0188,4224928.0,1765641600000,79435.11153,911,2025-12-13 15:00:00+00:00
1765641600000,0.0188,0.019,0.01873,0.01895,4190855.0,1765645200000,79189.32755,839,2025-12-13 16:00:00+00:00
1765645200000,0.01896,0.01912,0.01893,0.01904,3400552.0,1765648800000,64709.73657,670,2025-12-13 17:00:00+00:00
1765648800000,0.01905,0.01926,0.01904,0.0191,2803661.0,1765652400000,53595.03473,895,2025-12-13 18:00:00+00:00
1765652400000,0.01911,0.01915,0.01893,0.01903,2563398.0,1765656000000,48791.45837,1153,2025-12-13 19:00:00+00:00
1765656000000,0.01903,0.01903,0.01884,0.01886,1934418.0,1765659600000,36658.81143,752,2025-12-13 20:00:00+00:00
1765659600000,0.01887,0.01887,0.01867,0.0188,1285336.0,1765663200000,24118.17706,433,2025-12-13 21:00:00+00:00
1765663200000,0.01879,0.01882,0.01867,0.01879,703899.0,1765666800000,13200.40764,318,2025-12-13 22:00:00+00:00
1765666800000,0.01878,0.01884,0.01876,0.0188,751103.0,1765670400000,14130.29051,347,2025-12-13 23:00:00+00:00
1765670400000,0.01879,0.01887,0.01873,0.01885,2030179.0,1765674000000,38131.20703,880,2025-12-14 00:00:00+00:00
1765674000000,0.01885,0.01888,0.0188,0.01884,1604347.0,1765677600000,30219.72413,1122,2025-12-14 01:00:00+00:00
1765677600000,0.01884,0.01884,0.01874,0.01881,1519107.0,1765681200000,28528.68469,825,2025-12-14 02:00:00+00:00
1765681200000,0.01881,0.01881,0.01871,0.01874,550467.0,1765684800000,10319.40572,412,2025-12-14 03:00:00+00:00
1765684800000,0.01873,0.01873,0.01858,0.0186,1144731.0,1765688400000,21345.72149,631,2025-12-14 04:00:00+00:00
1765688400000,0.01859,0.01859,0.01824,0.01844,5383870.0,1765692000000,98871.49509,1605,2025-12-14 05:00:00+00:00
1765692000000,0.01843,0.01843,0.01825,0.01836,1931926.0,1765695600000,35377.08474,796,2025-12-14 06:00:00+00:00
1765695600000,0.01837,0.01845,0.01821,0.0183,3998792.0,1765699200000,73295.63477,1057,2025-12-14 07:00:00+00:00
1765699200000,0.01833,0.01847,0.01814,0.01821,4049348.0,1765702800000,74186.56833,1669,2025-12-14 08:00:00+00:00
1765702800000,0.01822,0.01834,0.01816,0.01834,3985753.0,1765706400000,72769.65314,925,2025-12-14 09:00:00+00:00
1765706400000,0.01834,0.01839,0.01821,0.01824,7113214.0,1765710000000,130138.78254,2573,2025-12-14 10:00:00+00:00
1765710000000,0.01823,0.01825,0.01789,0.01823,7253384.0,1765713600000,131293.46444,2680,2025-12-14 11:00:00+00:00
1765713600000,0.01822,0.0188,0.01813,0.01862,5868034.0,1765717200000,108229.79636,2265,2025-12-14 12:00:00+00:00
1765717200000,0.01861,0.01891,0.01834,0.01846,8463850.0,1765720800000,157376.619,2888,2025-12-14 13:00:00+00:00
1765720800000,0.01846,0.01853,0.01805,0.01813,14290779.0,1765724400000,259945.30438,3036,2025-12-14 14:00:00+00:00
1765724400000,0.01814,0.01817,0.01803,0.01805,4253774.0,1765728000000,77004.59459,900,2025-12-14 15:00:00+00:00
1765728000000,0.01803,0.01817,0.01784,0.0179,7544323.0,1765731600000,135371.44456,1076,2025-12-14 16:00:00+00:00
1765731600000,0.01791,0.01792,0.01741,0.01745,13797637.0,1765735200000,242259.48968,2614,2025-12-14 17:00:00+00:00
1765735200000,0.01745,0.01769,0.01744,0.01761,3101919.0,1765738800000,54518.60818,942,2025-12-14 18:00:00+00:00
1765738800000,0.01761,0.01762,0.01737,0.01751,3955589.0,1765742400000,69101.60354,816,2025-12-14 19:00:00+00:00
1765742400000,0.01751,0.01763,0.01741,0.01748,2963982.0,1765746000000,51967.24688,704,2025-12-14 20:00:00+00:00
1765746000000,0.01747,0.01751,0.01718,0.01723,3669540.0,1765749600000,63870.3438,1032,2025-12-14 21:00:00+00:00
1765749600000,0.01723,0.01741,0.01708,0.01723,9432786.0,1765753200000,162067.93051,999,2025-12-14 22:00:00+00:00
1765753200000,0.01723,0.01737,0.01707,0.01729,4440171.0,1765756800000,76687.76917,1208,2025-12-14 23:00:00+00:00
1765756800000,0.01728,0.01736,0.01695,0.01713,10764193.0,1765760400000,183539.05806,2608,2025-12-15 00:00:00+00:00
1765760400000,0.01712,0.0175,0.01711,0.0174,4473678.0,1765764000000,77403.44663,1107,2025-12-15 01:00:00+00:00
1765764000000,0.01741,0.01762,0.01728,0.01729,4102614.0,1765767600000,71603.78279,842,2025-12-15 02:00:00+00:00
1765767600000,0.01728,0.01729,0.01701,0.01714,4314257.0,1765771200000,73782.28347,743,2025-12-15 03:00:00+00:00
1765771200000,0.01715,0.01737,0.01715,0.01735,2988748.0,1765774800000,51712.82277,556,2025-12-15 04:00:00+00:00
1765774800000,0.01735,0.0174,0.01728,0.01733,2675190.0,1765778400000,46351.81331,404,2025-12-15 05:00:00+00:00
1765778400000,0.01735,0.01746,0.01723,0.01735,7692715.0,1765782000000,133247.47555,1354,2025-12-15 06:00:00+00:00
1765782000000,0.01736,0.01741,0.01721,0.01727,3243972.0,1765785600000,56052.9488,663,2025-12-15 07:00:00+00:00
1765785600000,0.01727,0.01744,0.0172,0.01733,3615756.0,1765789200000,62750.98885,774,2025-12-15 08:00:00+00:00
1765789200000,0.01734,0.01737,0.01708,0.01714,7568449.0,1765792800000,130239.31371,824,2025-12-15 09:00:00+00:00
1765792800000,0.01714,0.01723,0.017,0.01706,4787530.0,1765796400000,81931.80449,1410,2025-12-15 10:00:00+00:00
1765796400000,0.01706,0.01722,0.01704,0.01715,2730585.0,1765800000000,46785.27557,484,2025-12-15 11:00:00+00:00
1765800000000,0.01714,0.01726,0.01705,0.01719,2336484.0,1765803600000,40102.07537,587,2025-12-15 12:00:00+00:00
1765803600000,0.01717,0.01717,0.01676,0.01683,20197271.0,1765807200000,340290.33579,1443,2025-12-15 13:00:00+00:00
1765807200000,0.01682,0.0171,0.0166,0.01676,23889523.0,1765810800000,405163.4795,1967,2025-12-15 14:00:00+00:00
1765810800000,0.01675,0.01688,0.01629,0.01643,12733820.0,1765814400000,210462.25813,1740,2025-12-15 15:00:00+00:00
1765814400000,0.01642,0.01654,0.01617,0.01629,8565960.0,1765818000000,140021.76425,1299,2025-12-15 16:00:00+00:00
1765818000000,0.01628,0.01641,0.01613,0.01624,5647203.0,1765821600000,91764.39732,1102,2025-12-15 17:00:00+00:00
1765821600000,0.01625,0.01649,0.01604,0.01649,5505639.0,1765825200000,89309.07561,1927,2025-12-15 18:00:00+00:00
1765825200000,0.01649,0.01668,0.01642,0.01646,4574896.0,1765828800000,75666.83852,934,2025-12-15 19:00:00+00:00
1765828800000,0.01645,0.01646,0.01614,0.01614,3687513.0,1765832400000,60077.30554,941,2025-12-15 20:00:00+00:00
1765832400000,0.01614,0.0163,0.01609,0.01625,3251214.0,1765836000000,52727.68908,1097,2025-12-15 21:00:00+00:00
1765836000000,0.01626,0.01634,0.01619,0.0163,2304371.0,1765839600000,37512.44432,1011,2025-12-15 22:00:00+00:00
1765839600000,0.01631,0.01638,0.01616,0.01619,4756906.0,1765843200000,77208.00072,836,2025-12-15 23:00:00+00:00
1765843200000,0.01617,0.01624,0.01572,0.01576,6434320.0,1765846800000,102612.30979,1187,2025-12-16 00:00:00+00:00
1765846800000,0.01575,0.0158,0.01558,0.01576,6414761.0,1765850400000,100604.91198,1075,2025-12-16 01:00:00+00:00
1765850400000,0.01575,0.01595,0.0157,0.01587,3220442.0,1765854000000,51071.88327,547,2025-12-16 02:00:00+00:00
1765854000000,0.01588,0.01596,0.01577,0.01587,2422998.0,1765857600000,38508.77861,541,2025-12-16 03:00:00+00:00
1765857600000,0.01586,0.01587,0.01552,0.01574,4160712.0,1765861200000,65272.90722,742,2025-12-16 04:00:00+00:00
1765861200000,0.01572,0.01579,0.01554,0.01569,9310893.0,1765864800000,145696.23251,779,2025-12-16 05:00:00+00:00
1765864800000,0.01569,0.01582,0.01569,0.01576,2196588.0,1765868400000,34597.54621,457,2025-12-16 06:00:00+00:00
1765868400000,0.01575,0.01578,0.01548,0.01557,3266344.0,1765872000000,50920.40897,578,2025-12-16 07:00:00+00:00
1765872000000,0.01557,0.01576,0.01556,0.01565,4531584.0,1765875600000,71142.16176,664,2025-12-16 08:00:00+00:00
1765875600000,0.01564,0.01593,0.01564,0.01591,3136167.0,1765879200000,49571.87048,412,2025-12-16 09:00:00+00:00
1765879200000,0.01591,0.01613,0.01576,0.01597,5020122.0,1765882800000,79935.5611,615,2025-12-16 10:00:00+00:00
1765882800000,0.01598,0.01608,0.01595,0.01606,2095073.0,1765886400000,33540.29285,683,2025-12-16 11:00:00+00:00
1765886400000,0.01605,0.01611,0.01596,0.01599,1820247.0,1765890000000,29169.64739,285,2025-12-16 12:00:00+00:00
1765890000000,0.01599,0.01618,0.01584,0.01589,3022449.0,1765893600000,48338.97318,581,2025-12-16 13:00:00+00:00
1765893600000,0.01592,0.01627,0.01578,0.01618,3427811.0,1765897200000,54996.67452,602,2025-12-16 14:00:00+00:00
1765897200000,0.01619,0.01638,0.01612,0.01631,3954827.0,1765900800000,64301.69514,513,2025-12-16 15:00:00+00:00
1765900800000,0.01633,0.01638,0.01615,0.01617,3414964.0,1765904400000,55453.67367,552,2025-12-16 16:00:00+00:00
1765904400000,0.01618,0.01624,0.01601,0.01603,2988082.0,1765908000000,48115.25057,460,2025-12-16 17:00:00+00:00
1765908000000,0.01605,0.01629,0.01602,0.01621,2394082.0,1765911600000,38636.3005,451,2025-12-16 18:00:00+00:00
1765911600000,0.0162,0.01624,0.01604,0.01614,1959680.0,1765915200000,31558.96094,390,2025-12-16 19:00:00+00:00
1765915200000,0.01614,0.01626,0.0161,0.01617,1422914.0,1765918800000,23012.73153,259,2025-12-16 20:00:00+00:00
1765918800000,0.01617,0.0163,0.01615,0.01621,1683743.0,1765922400000,27320.8615,247,2025-12-16 21:00:00+00:00
1765922400000,0.01621,0.01629,0.01615,0.01617,1567517.0,1765926000000,25406.64139,316,2025-12-16 22:00:00+00:00
1765926000000,0.01618,0.01631,0.01616,0.01629,1253817.0,1765929600000,20348.90404,345,2025-12-16 23:00:00+00:00
1765929600000,0.01629,0.01629,0.01606,0.01609,1088302.0,1765933200000,17571.77426,290,2025-12-17 00:00:00+00:00
1765933200000,0.0161,0.01624,0.01603,0.01607,1901746.0,1765936800000,30656.43938,274,2025-12-17 01:00:00+00:00
1765936800000,0.01608,0.01608,0.0159,0.01596,1367646.0,1765940400000,21847.70907,287,2025-12-17 02:00:00+00:00
1765940400000,0.01596,0.01607,0.01592,0.01592,1575247.0,1765944000000,25204.20272,260,2025-12-17 03:00:00+00:00
1765944000000,0.01593,0.01596,0.0158,0.01588,2546921.0,1765947600000,40402.59273,435,2025-12-17 04:00:00+00:00
1765947600000,0.01587,0.01587,0.01568,0.01585,4078756.0,1765951200000,64434.34579,597,2025-12-17 05:00:00+00:00
1765951200000,0.01583,0.01593,0.01581,0.01583,4147764.0,1765954800000,65883.46423,1481,2025-12-17 06:00:00+00:00
1765954800000,0.01583,0.0159,0.01577,0.01584,1606552.0,1765958400000,25407.54556,589,2025-12-17 07:00:00+00:00
1765958400000,0.01584,0.01589,0.01563,0.0157,4392291.0,1765962000000,69021.81139,530,2025-12-17 08:00:00+00:00
1765962000000,0.01569,0.01573,0.01561,0.01569,1139443.0,1765965600000,17875.89588,224,2025-12-17 09:00:00+00:00
1765965600000,0.01569,0.01577,0.01564,0.01567,3793749.0,1765969200000,59619.41056,596,2025-12-17 10:00:00+00:00
1765969200000,0.01568,0.01577,0.01564,0.0157,1636064.0,1765972800000,25677.89547,218,2025-12-17 11:00:00+00:00
1765972800000,0.01571,0.01614,0.01562,0.01597,24244334.0,1765976400000,386549.105,3071,2025-12-17 12:00:00+00:00
1765976400000,0.01597,0.01606,0.01567,0.01589,9132093.0,1765980000000,144699.86347,1227,2025-12-17 13:00:00+00:00
1765980000000,0.01589,0.01605,0.0154,0.01603,14235145.0,1765983600000,224781.57909,1240,2025-12-17 14:00:00+00:00
1765983600000,0.01604,0.01613,0.01545,0.01547,16588225.0,1765987200000,262774.54972,1325,2025-12-17 15:00:00+00:00
1765987200000,0.01547,0.01561,0.01517,0.01551,14679616.0,1765990800000,225375.20254,1421,2025-12-17 16:00:00+00:00
1765990800000,0.01551,0.01562,0.01536,0.01537,8027451.0,1765994400000,124483.918,783,2025-12-17 17:00:00+00:00
1765994400000,0.01537,0.01579,0.01537,0.01545,19481440.0,1765998000000,304202.2013,1362,2025-12-17 18:00:00+00:00
1765998000000,0.01547,0.01555,0.0154,0.0155,2562270.0,1766001600000,39685.72341,308,2025-12-17 19:00:00+00:00
1766001600000,0.01549,0.01567,0.01545,0.01552,4176239.0,1766005200000,64962.58861,563,2025-12-17 20:00:00+00:00
1766005200000,0.01553,0.01557,0.01511,0.01521,3027145.0,1766008800000,46347.25682,466,2025-12-17 21:00:00+00:00
1766008800000,0.01522,0.01535,0.01513,0.01528,3645677.0,1766012400000,55598.4735,535,2025-12-17 22:00:00+00:00
1766012400000,0.01529,0.01537,0.01525,0.01537,3659086.0,1766016000000,56007.02006,853,2025-12-17 23:00:00+00:00
1766016000000,0.01535,0.01536,0.01527,0.01533,2998871.0,1766019600000,45900.53802,1106,2025-12-18 00:00:00+00:00
1766019600000,0.01533,0.01533,0.01498,0.01509,8114428.0,1766023200000,122580.10263,1983,2025-12-18 01:00:00+00:00
1766023200000,0.01509,0.0152,0.01499,0.01512,2144096.0,1766026800000,32396.95814,630,2025-12-18 02:00:00+00:00
1766026800000,0.01512,0.01514,0.0148,0.01483,4829191.0,1766030400000,72156.18252,531,2025-12-18 03:00:00+00:00
1766030400000,0.01483,0.01499,0.01483,0.01496,3915565.0,1766034000000,58457.53189,690,2025-12-18 04:00:00+00:00
1766034000000,0.01494,0.01497,0.01465,0.01474,4805148.0,1766037600000,71028.39891,665,2025-12-18 05:00:00+00:00
1766037600000,0.01473,0.01489,0.01473,0.01482,5927402.0,1766041200000,87888.25576,858,2025-12-18 06:00:00+00:00
1766041200000,0.01482,0.01495,0.0148,0.01491,2879500.0,1766044800000,42851.35084,330,2025-12-18 07:00:00+00:00
1766044800000,0.01491,0.01504,0.01486,0.01502,2420391.0,1766048400000,36213.71579,402,2025-12-18 08:00:00+00:00
1766048400000,0.01502,0.0151,0.01491,0.01493,4358522.0,1766052000000,65511.87811,510,2025-12-18 09:00:00+00:00
1766052000000,0.01493,0.01508,0.01489,0.01501,8029877.0,1766055600000,120507.43835,1320,2025-12-18 10:00:00+00:00
1766055600000,0.01501,0.01504,0.01488,0.015,1623268.0,1766059200000,24254.10135,407,2025-12-18 11:00:00+00:00
1766059200000,0.01501,0.01512,0.01498,0.01512,2745014.0,1766062800000,41312.90141,594,2025-12-18 12:00:00+00:00
1766062800000,0.01512,0.01557,0.01512,0.01555,7186106.0,1766066400000,110261.7815,2374,2025-12-18 13:00:00+00:00
1766066400000,0.01555,0.01568,0.01527,0.01539,5394255.0,1766070000000,83485.79525,1105,2025-12-18 14:00:00+00:00
1766070000000,0.01541,0.01567,0.01534,0.01555,3438526.0,1766073600000,53289.76505,1152,2025-12-18 15:00:00+00:00
1766073600000,0.01556,0.01559,0.01534,0.01537,1782645.0,1766077200000,27520.14615,437,2025-12-18 16:00:00+00:00
1766077200000,0.01538,0.0154,0.01445,0.01483,12925571.0,1766080800000,191857.88327,2458,2025-12-18 17:00:00+00:00
1766080800000,0.01483,0.01497,0.01439,0.01448,12761867.0,1766084400000,185620.79211,913,2025-12-18 18:00:00+00:00
1766084400000,0.01448,0.01456,0.0141,0.01417,9840934.0,1766088000000,141182.61581,1407,2025-12-18 19:00:00+00:00
1766088000000,0.01417,0.01444,0.01417,0.01431,3139464.0,1766091600000,45094.49459,537,2025-12-18 20:00:00+00:00
1766091600000,0.01429,0.01472,0.01429,0.01472,3665275.0,1766095200000,53185.56238,747,2025-12-18 21:00:00+00:00
1766095200000,0.01472,0.01477,0.01461,0.01472,2075890.0,1766098800000,30521.54669,396,2025-12-18 22:00:00+00:00
1766098800000,0.01471,0.01471,0.01461,0.01469,1493673.0,1766102400000,21912.2358,284,2025-12-18 23:00:00+00:00
1766102400000,0.01469,0.01476,0.01458,0.01465,1527446.0,1766106000000,22410.12304,306,2025-12-19 00:00:00+00:00
1766106000000,0.01464,0.01464,0.01453,0.01459,2676264.0,1766109600000,39003.62708,365,2025-12-19 01:00:00+00:00
1766109600000,0.01458,0.01485,0.01455,0.01482,4253528.0,1766113200000,62394.77382,888,2025-12-19 02:00:00+00:00
1766113200000,0.01482,0.01549,0.01482,0.01521,7844393.0,1766116800000,119161.06975,1824,2025-12-19 03:00:00+00:00
1766116800000,0.01522,0.01532,0.0152,0.01528,2590517.0,1766120400000,39544.23841,585,2025-12-19 04:00:00+00:00
1766120400000,0.01528,0.01536,0.0152,0.01522,1971072.0,1766124000000,30125.92924,370,2025-12-19 05:00:00+00:00
1766124000000,0.01524,0.0154,0.01521,0.01537,2401116.0,1766127600000,36669.5884,391,2025-12-19 06:00:00+00:00
1766127600000,0.01538,0.01565,0.01538,0.01558,11767470.0,1766131200000,183010.62465,868,2025-12-19 07:00:00+00:00
1766131200000,0.01559,0.01569,0.01551,0.01557,3526432.0,1766134800000,54978.41684,551,2025-12-19 08:00:00+00:00
1766134800000,0.01556,0.0156,0.01552,0.01557,3664931.0,1766138400000,57097.75152,477,2025-12-19 09:00:00+00:00
1766138400000,0.01557,0.01559,0.01544,0.01546,2900077.0,1766142000000,44962.05252,539,2025-12-19 10:00:00+00:00
1766142000000,0.01545,0.01566,0.01544,0.01565,2355144.0,1766145600000,36592.62315,388,2025-12-19 11:00:00+00:00
1766145600000,0.01565,0.01568,0.01545,0.01546,7778101.0,1766149200000,121024.93287,898,2025-12-19 12:00:00+00:00
1766149200000,0.01546,0.0155,0.01539,0.01546,4537082.0,1766152800000,70070.51302,861,2025-12-19 13:00:00+00:00
1766152800000,0.01545,0.01569,0.01543,0.01558,4299377.0,1766156400000,66757.25025,1033,2025-12-19 14:00:00+00:00
1766156400000,0.0156,0.01586,0.01548,0.01558,5668916.0,1766160000000,88623.30751,1282,2025-12-19 15:00:00+00:00
1766160000000,0.01557,0.01582,0.01553,0.01565,4203543.0,1766163600000,65885.86572,735,2025-12-19 16:00:00+00:00
1766163600000,0.01566,0.01576,0.01537,0.01537,6180687.0,1766167200000,96220.72132,823,2025-12-19 17:00:00+00:00
1766167200000,0.01538,0.01565,0.01537,0.01562,5254035.0,1766170800000,81640.75087,629,2025-12-19 18:00:00+00:00
1766170800000,0.01561,0.016,0.01561,0.01588,7585847.0,1766174400000,120100.73148,1050,2025-12-19 19:00:00+00:00
1766174400000,0.01588,0.01592,0.01577,0.01583,3024318.0,1766178000000,47855.29524,474,2025-12-19 20:00:00+00:00
1766178000000,0.01582,0.01582,0.01571,0.01573,1959172.0,1766181600000,30868.31778,276,2025-12-19 21:00:00+00:00
1766181600000,0.01573,0.01584,0.01572,0.01581,1199371.0,1766185200000,18942.08417,179,2025-12-19 22:00:00+00:00
1766185200000,0.01581,0.01583,0.01575,0.01577,1622290.0,1766188800000,25634.05363,164,2025-12-19 23:00:00+00:00
1766188800000,0.01577,0.01633,0.01574,0.01586,16600273.0,1766192400000,266340.7739,3615,2025-12-20 00:00:00+00:00
1766192400000,0.01586,0.01593,0.01573,0.01591,5680939.0,1766196000000,89954.82562,684,2025-12-20 01:00:00+00:00
1766196000000,0.01591,0.01604,0.01586,0.01593,2529086.0,1766199600000,40341.5618,376,2025-12-20 02:00:00+00:00
1766199600000,0.01593,0.01598,0.01576,0.01589,15266392.0,1766203200000,242493.75708,901,2025-12-20 03:00:00+00:00
1766203200000,0.01589,0.01591,0.01576,0.01585,3106838.0,1766206800000,49227.9426,1470,2025-12-20 04:00:00+00:00
1766206800000,0.01586,0.0159,0.01577,0.01581,3853776.0,1766210400000,60920.76065,449,2025-12-20 05:00:00+00:00
1766210400000,0.01581,0.0159,0.01578,0.01588,3429925.0,1766214000000,54299.56586,378,2025-12-20 06:00:00+00:00
1766214000000,0.01587,0.01594,0.01581,0.01591,1856614.0,1766217600000,29475.0251,237,2025-12-20 07:00:00+00:00
1766217600000,0.01591,0.01603,0.01591,0.01599,2401402.0,1766221200000,38407.40046,242,2025-12-20 08:00:00+00:00
1766221200000,0.01599,0.01603,0.01594,0.01595,1650382.0,1766224800000,26396.97256,239,2025-12-20 09:00:00+00:00
1766224800000,0.01595,0.01595,0.01585,0.01593,3360799.0,1766228400000,53453.99981,311,2025-12-20 10:00:00+00:00
1766228400000,0.01592,0.0163,0.0159,0.01614,7608116.0,1766232000000,122857.53956,610,2025-12-20 11:00:00+00:00
1766232000000,0.01613,0.01614,0.01603,0.01611,1890831.0,1766235600000,30422.74507,218,2025-12-20 12:00:00+00:00
1766235600000,0.01611,0.01631,0.01596,0.01625,3920471.0,1766239200000,63081.70317,406,2025-12-20 13:00:00+00:00
1766239200000,0.01627,0.0166,0.01614,0.01632,22301272.0,1766242800000,365163.53535,4325,2025-12-20 14:00:00+00:00
1766242800000,0.01632,0.01678,0.01629,0.01663,25468995.0,1766246400000,421441.12154,3767,2025-12-20 15:00:00+00:00
1766246400000,0.01664,0.0169,0.01655,0.01676,12143087.0,1766250000000,203437.86345,1911,2025-12-20 16:00:00+00:00
1766250000000,0.01674,0.01778,0.01674,0.0177,44850318.0,1766253600000,777668.94951,14502,2025-12-20 17:00:00+00:00
1766253600000,0.01767,0.018,0.01675,0.01681,44606705.0,1766257200000,772813.24152,9554,2025-12-20 18:00:00+00:00
1766257200000,0.01681,0.0183,0.0168,0.01827,66166036.0,1766260800000,1165519.92505,10606,2025-12-20 19:00:00+00:00
1766260800000,0.01827,0.01857,0.01747,0.01768,76102931.0,1766264400000,1364988.75649,14156,2025-12-20 20:00:00+00:00
1766264400000,0.01767,0.01816,0.01766,0.01792,20899881.0,1766268000000,374009.3829,3552,2025-12-20 21:00:00+00:00
1766268000000,0.01791,0.01852,0.01787,0.01807,20690555.0,1766271600000,376876.06986,3183,2025-12-20 22:00:00+00:00
1766271600000,0.01805,0.01822,0.01769,0.01775,11162760.0,1766275200000,199831.25832,2141,2025-12-20 23:00:00+00:00
1766275200000,0.01775,0.01776,0.01713,0.01738,23763217.0,1766278800000,413351.66862,4517,2025-12-21 00:00:00+00:00
1766278800000,0.01737,0.01747,0.01704,0.01705,8318621.0,1766282400000,143129.45261,1350,2025-12-21 01:00:00+00:00
1766282400000,0.01706,0.01707,0.0168,0.01686,10062915.0,1766286000000,169892.49901,808,2025-12-21 02:00:00+00:00
1766286000000,0.01686,0.01693,0.01682,0.01688,2972869.0,1766289600000,50154.67631,595,2025-12-21 03:00:00+00:00
1766289600000,0.01689,0.01692,0.01671,0.01677,9109688.0,1766293200000,152862.52819,1206,2025-12-21 04:00:00+00:00
1766293200000,0.01677,0.01691,0.0167,0.01679,7640511.0,1766296800000,128455.5799,805,2025-12-21 05:00:00+00:00
1766296800000,0.01678,0.01693,0.01675,0.01687,6553145.0,1766300400000,110594.00789,555,2025-12-21 06:00:00+00:00
1766300400000,0.01685,0.01686,0.01666,0.01671,13145346.0,1766304000000,220096.55671,1616,2025-12-21 07:00:00+00:00
1766304000000,0.0167,0.01687,0.01669,0.01684,5986227.0,1766307600000,100576.64829,713,2025-12-21 08:00:00+00:00
1766307600000,0.01684,0.01689,0.01674,0.01682,4535174.0,1766311200000,76314.61778,787,2025-12-21 09:00:00+00:00
1766311200000,0.01681,0.01682,0.01651,0.01656,6332826.0,1766314800000,105481.86773,1090,2025-12-21 10:00:00+00:00
1766314800000,0.01656,0.01678,0.01654,0.01672,5490243.0,1766318400000,91626.35159,755,2025-12-21 11:00:00+00:00
1766318400000,0.01671,0.01686,0.0166,0.01664,6003376.0,1766322000000,100673.78118,587,2025-12-21 12:00:00+00:00
1766322000000,0.01665,0.01667,0.01618,0.01622,7499530.0,1766325600000,122380.19887,1404,2025-12-21 13:00:00+00:00
1766325600000,0.01621,0.01644,0.01617,0.01639,9386558.0,1766329200000,152864.81115,985,2025-12-21 14:00:00+00:00
1766329200000,0.01641,0.01653,0.01633,0.01649,3640273.0,1766332800000,59803.98435,659,2025-12-21 15:00:00+00:00
1766332800000,0.01649,0.01664,0.01648,0.01658,2805054.0,1766336400000,46413.85675,545,2025-12-21 16:00:00+00:00
1766336400000,0.01658,0.01667,0.01649,0.01653,4502755.0,1766340000000,74644.5743,720,2025-12-21 17:00:00+00:00
1766340000000,0.01653,0.01655,0.01644,0.01652,3256917.0,1766343600000,53733.91286,710,2025-12-21 18:00:00+00:00
1766343600000,0.01654,0.01683,0.01654,0.01677,4787682.0,1766347200000,80132.67035,834,2025-12-21 19:00:00+00:00
1766347200000,0.01676,0.01705,0.01676,0.01682,4294803.0,1766350800000,72678.25001,1146,2025-12-21 20:00:00+00:00
1766350800000,0.01685,0.01715,0.01685,0.01701,4626358.0,1766354400000,78728.40748,928,2025-12-21 21:00:00+00:00
1766354400000,0.017,0.01737,0.01692,0.01729,3864487.0,1766358000000,66202.90501,419,2025-12-21 22:00:00+00:00
1766358000000,0.01732,0.01738,0.01691,0.01714,1399536.0,1766361600000,23910.19325,242,2025-12-21 23:00:00+00:00
1766361600000,0.01714,0.01764,0.0171,0.01722,20576289.0,1766365200000,356907.42457,1244,2025-12-22 00:00:00+00:00
1766365200000,0.01717,0.01722,0.01699,0.01703,3538046.0,1766368800000,60605.79287,371,2025-12-22 01:00:00+00:00
1766368800000,0.01702,0.01703,0.01669,0.01685,5940191.0,1766372400000,100064.71503,478,2025-12-22 02:00:00+00:00
1766372400000,0.01686,0.01695,0.01677,0.01685,3606021.0,1766376000000,60691.86535,355,2025-12-22 03:00:00+00:00
1766376000000,0.01686,0.01699,0.01682,0.01693,1597668.0,1766379600000,27043.63433,245,2025-12-22 04:00:00+00:00
1766379600000,0.01693,0.01743,0.01693,0.01729,18163135.0,1766383200000,313315.27736,1459,2025-12-22 05:00:00+00:00
1766383200000,0.01729,0.01739,0.01713,0.01718,4477223.0,1766386800000,77200.20766,535,2025-12-22 06:00:00+00:00
1766386800000,0.01714,0.01738,0.01714,0.01721,5763827.0,1766390400000,99657.00996,536,2025-12-22 07:00:00+00:00
1766390400000,0.01722,0.01726,0.01707,0.01711,6734285.0,1766394000000,115615.54195,1009,2025-12-22 08:00:00+00:00
1766394000000,0.01708,0.01745,0.01706,0.01729,5625859.0,1766397600000,97413.67835,838,2025-12-22 09:00:00+00:00
1766397600000,0.01728,0.01738,0.01721,0.01727,5473317.0,1766401200000,94647.56659,469,2025-12-22 10:00:00+00:00
1766401200000,0.01729,0.01737,0.01718,0.01724,3249717.0,1766404800000,56185.79449,401,2025-12-22 11:00:00+00:00
1766404800000,0.01723,0.01731,0.01708,0.01711,7563326.0,1766408400000,129719.69313,701,2025-12-22 12:00:00+00:00
1766408400000,0.01713,0.01721,0.01706,0.01718,4206793.0,1766412000000,72060.43502,658,2025-12-22 13:00:00+00:00
1766412000000,0.01718,0.01755,0.01713,0.01743,5780596.0,1766415600000,100122.12615,857,2025-12-22 14:00:00+00:00
1766415600000,0.01746,0.01821,0.01737,0.01772,44360341.0,1766419200000,794099.51638,4856,2025-12-22 15:00:00+00:00
1766419200000,0.01772,0.01783,0.0174,0.01764,11561538.0,1766422800000,203666.1121,1488,2025-12-22 16:00:00+00:00
1766422800000,0.01766,0.01769,0.01742,0.01765,5600809.0,1766426400000,98303.20764,613,2025-12-22 17:00:00+00:00
1766426400000,0.01763,0.01787,0.01752,0.01755,4483337.0,1766430000000,79442.24748,555,2025-12-22 18:00:00+00:00
1766430000000,0.0175,0.01753,0.01714,0.01728,12839636.0,1766433600000,222655.7384,1219,2025-12-22 19:00:00+00:00
1766433600000,0.01726,0.01729,0.01693,0.01695,10435470.0,1766437200000,177697.31111,1318,2025-12-22 20:00:00+00:00
1766437200000,0.01695,0.01725,0.01695,0.01719,5144266.0,1766440800000,88234.82822,550,2025-12-22 21:00:00+00:00
1766440800000,0.01719,0.01731,0.01709,0.01728,2372239.0,1766444400000,40691.05801,363,2025-12-22 22:00:00+00:00
1766444400000,0.01729,0.01735,0.01722,0.01732,2650154.0,1766448000000,45808.55709,234,2025-12-22 23:00:00+00:00
1766448000000,0.01731,0.01804,0.01727,0.01779,9823680.0,1766451600000,174116.92501,1313,2025-12-23 00:00:00+00:00
1766451600000,0.01777,0.0178,0.01759,0.0177,5607083.0,1766455200000,99405.13495,428,2025-12-23 01:00:00+00:00
1766455200000,0.01769,0.01795,0.01759,0.01774,2619554.0,1766458800000,46454.40681,318,2025-12-23 02:00:00+00:00
1766458800000,0.01774,0.01799,0.01758,0.01782,11076130.0,1766462400000,197036.44215,1114,2025-12-23 03:00:00+00:00
1766462400000,0.01781,0.018,0.01752,0.01756,10282316.0,1766466000000,181611.38226,768,2025-12-23 04:00:00+00:00
1766466000000,0.01754,0.01761,0.01712,0.0173,8743510.0,1766469600000,151497.81562,726,2025-12-23 05:00:00+00:00
1766469600000,0.01728,0.01743,0.01705,0.01722,6406581.0,1766473200000,110658.88381,803,2025-12-23 06:00:00+00:00
1766473200000,0.01723,0.01737,0.01717,0.01734,2368617.0,1766476800000,40930.98594,390,2025-12-23 07:00:00+00:00
1766476800000,0.01735,0.01755,0.0172,0.01729,6191950.0,1766480400000,107746.58098,760,2025-12-23 08:00:00+00:00
1766480400000,0.01726,0.01756,0.01726,0.01753,3794682.0,1766484000000,66288.77258,625,2025-12-23 09:00:00+00:00
1766484000000,0.01752,0.01761,0.0174,0.0174,3610614.0,1766487600000,63107.25395,425,2025-12-23 10:00:00+00:00
1766487600000,0.01741,0.01766,0.01738,0.01762,4645994.0,1766491200000,81220.7485,407,2025-12-23 11:00:00+00:00
1766491200000,0.01763,0.0177,0.01734,0.01741,4127129.0,1766494800000,71946.5736,571,2025-12-23 12:00:00+00:00
1766494800000,0.0174,0.01745,0.01702,0.01706,10656644.0,1766498400000,183142.98966,1151,2025-12-23 13:00:00+00:00
1766498400000,0.01705,0.01711,0.01688,0.01711,12191327.0,1766502000000,207306.14303,1062,2025-12-23 14:00:00+00:00
1766502000000,0.01711,0.01731,0.017,0.01725,5697308.0,1766505600000,97614.87306,742,2025-12-23 15:00:00+00:00
1766505600000,0.01724,0.01784,0.01723,0.01744,12410870.0,1766509200000,218714.76003,1435,2025-12-23 16:00:00+00:00
1766509200000,0.01743,0.01752,0.01726,0.01726,3766468.0,1766512800000,65657.0222,567,2025-12-23 17:00:00+00:00
1766512800000,0.01726,0.01763,0.01726,0.01751,3109589.0,1766516400000,54317.59056,410,2025-12-23 18:00:00+00:00
1766516400000,0.01752,0.01754,0.01737,0.01737,1651234.0,1766520000000,28805.09563,229,2025-12-23 19:00:00+00:00
1766520000000,0.01743,0.01756,0.01736,0.0174,2082123.0,1766523600000,36332.39049,334,2025-12-23 20:00:00+00:00
1766523600000,0.01742,0.01745,0.01734,0.01743,2012822.0,1766527200000,35041.77701,295,2025-12-23 21:00:00+00:00
1766527200000,0.01743,0.0175,0.01728,0.01731,2486654.0,1766530800000,43232.67609,275,2025-12-23 22:00:00+00:00
1766530800000,0.0173,0.01763,0.01717,0.01756,9044103.0,1766534400000,157371.51753,608,2025-12-23 23:00:00+00:00
1766534400000,0.01754,0.01772,0.01725,0.01762,11297899.0,1766538000000,197529.73625,1041,2025-12-24 00:00:00+00:00
1766538000000,0.01763,0.01763,0.01741,0.01751,2793181.0,1766541600000,48948.55575,349,2025-12-24 01:00:00+00:00
1766541600000,0.01751,0.0176,0.01731,0.01741,4526133.0,1766545200000,79134.63988,593,2025-12-24 02:00:00+00:00
1766545200000,0.0174,0.01791,0.01736,0.01776,9171868.0,1766548800000,161726.1452,736,2025-12-24 03:00:00+00:00
1766548800000,0.01775,0.01782,0.01757,0.01759,3184292.0,1766552400000,56359.44524,416,2025-12-24 04:00:00+00:00
1766552400000,0.01759,0.01792,0.01748,0.01756,6200894.0,1766556000000,109958.86463,546,2025-12-24 05:00:00+00:00
1766556000000,0.01758,0.01803,0.01752,0.01787,7340207.0,1766559600000,131055.16576,747,2025-12-24 06:00:00+00:00
1766559600000,0.01787,0.01822,0.01773,0.0179,15651320.0,1766563200000,281699.96959,1782,2025-12-24 07:00:00+00:00
1766563200000,0.0179,0.01821,0.01784,0.01786,9707930.0,1766566800000,175002.44378,1121,2025-12-24 08:00:00+00:00
1766566800000,0.01787,0.01794,0.01713,0.01727,51768858.0,1766570400000,902225.51911,3563,2025-12-24 09:00:00+00:00
1766570400000,0.01726,0.01735,0.01717,0.01722,6173183.0,1766574000000,106581.32846,739,2025-12-24 10:00:00+00:00
1766574000000,0.01723,0.01731,0.01713,0.01713,5182131.0,1766577600000,89285.46767,551,2025-12-24 11:00:00+00:00
1766577600000,0.01713,0.01734,0.0171,0.01733,2254694.0,1766581200000,38817.32807,249,2025-12-24 12:00:00+00:00
1766581200000,0.01732,0.01749,0.0171,0.01747,5869035.0,1766584800000,101205.4541,535,2025-12-24 13:00:00+00:00
1766584800000,0.01748,0.01763,0.01726,0.01738,8713486.0,1766588400000,151949.35247,811,2025-12-24 14:00:00+00:00
1766588400000,0.01739,0.01747,0.01725,0.01739,3291606.0,1766592000000,57147.91985,400,2025-12-24 15:00:00+00:00
1766592000000,0.01738,0.01761,0.01729,0.01747,5621436.0,1766595600000,97813.33386,550,2025-12-24 16:00:00+00:00
1766595600000,0.01749,0.01761,0.01741,0.01741,4821458.0,1766599200000,84548.18248,356,2025-12-24 17:00:00+00:00
1766599200000,0.01742,0.01758,0.0174,0.0175,1046387.0,1766602800000,18279.04184,133,2025-12-24 18:00:00+00:00
1766602800000,0.01749,0.01758,0.01741,0.01754,3027594.0,1766606400000,52911.78154,225,2025-12-24 19:00:00+00:00
1766606400000,0.01755,0.01759,0.01746,0.01747,1317342.0,1766610000000,23075.00817,148,2025-12-24 20:00:00+00:00
1766610000000,0.01747,0.01753,0.0174,0.01753,1373872.0,1766613600000,23998.74945,228,2025-12-24 21:00:00+00:00
1766613600000,0.01752,0.01791,0.01751,0.01785,2409744.0,1766617200000,42706.60078,301,2025-12-24 22:00:00+00:00
1766617200000,0.01785,0.01791,0.01768,0.01772,6916880.0,1766620800000,122850.64055,471,2025-12-24 23:00:00+00:00
1766620800000,0.0177,0.0177,0.01747,0.01747,1723465.0,1766624400000,30295.29533,258,2025-12-25 00:00:00+00:00
1766624400000,0.01747,0.01761,0.01747,0.01759,832784.0,1766628000000,14616.36765,121,2025-12-25 01:00:00+00:00
1766628000000,0.01758,0.01778,0.01751,0.01775,2660334.0,1766631600000,46857.04106,255,2025-12-25 02:00:00+00:00
1766631600000,0.01777,0.01791,0.0177,0.01785,1925314.0,1766635200000,34297.40022,211,2025-12-25 03:00:00+00:00
1766635200000,0.01783,0.0179,0.01778,0.01778,4033996.0,1766638800000,71906.73689,368,2025-12-25 04:00:00+00:00
1766638800000,0.01778,0.01778,0.01767,0.0177,917714.0,1766642400000,16270.79444,145,2025-12-25 05:00:00+00:00
1766642400000,0.0177,0.0178,0.01764,0.01776,2510312.0,1766646000000,44405.42684,187,2025-12-25 06:00:00+00:00
1766646000000,0.01777,0.01797,0.01776,0.01788,3107863.0,1766649600000,55489.83409,327,2025-12-25 07:00:00+00:00
1766649600000,0.01788,0.01799,0.0178,0.01791,3860485.0,1766653200000,69160.57198,405,2025-12-25 08:00:00+00:00
1766653200000,0.0179,0.01799,0.01776,0.01783,4355310.0,1766656800000,77744.99064,480,2025-12-25 09:00:00+00:00
1766656800000,0.01781,0.01782,0.01757,0.01781,8978701.0,1766660400000,158961.16805,1642,2025-12-25 10:00:00+00:00
1766660400000,0.01781,0.01823,0.01771,0.01808,28880038.0,1766664000000,521850.41929,3881,2025-12-25 11:00:00+00:00
1766664000000,0.01807,0.01843,0.01794,0.01825,10551600.0,1766667600000,192142.18947,1316,2025-12-25 12:00:00+00:00
1766667600000,0.01825,0.01877,0.01824,0.01867,30452819.0,1766671200000,563783.88177,3516,2025-12-25 13:00:00+00:00
1766671200000,0.01865,0.0188,0.01822,0.01844,18895270.0,1766674800000,350197.58742,2390,2025-12-25 14:00:00+00:00
1766674800000,0.01843,0.01856,0.01838,0.01839,10339559.0,1766678400000,190742.54874,1096,2025-12-25 15:00:00+00:00
1766678400000,0.0184,0.01891,0.01829,0.01867,17524246.0,1766682000000,326611.1917,1702,2025-12-25 16:00:00+00:00
1766682000000,0.01866,0.01875,0.01849,0.0185,8558045.0,1766685600000,159091.81016,715,2025-12-25 17:00:00+00:00
1766685600000,0.0185,0.01879,0.0185,0.01873,5869390.0,1766689200000,109179.7233,542,2025-12-25 18:00:00+00:00
1766689200000,0.01873,0.01927,0.01862,0.01884,33045515.0,1766692800000,626975.90751,3805,2025-12-25 19:00:00+00:00
1766692800000,0.01884,0.01895,0.0187,0.01884,6311109.0,1766696400000,118856.48106,984,2025-12-25 20:00:00+00:00
1766696400000,0.01885,0.01896,0.01864,0.01869,4636794.0,1766700000000,87311.27331,878,2025-12-25 21:00:00+00:00
1766700000000,0.01869,0.01878,0.01828,0.01839,10197546.0,1766703600000,189005.1262,801,2025-12-25 22:00:00+00:00
1766703600000,0.01839,0.0185,0.0181,0.01824,7426352.0,1766707200000,135433.23745,725,2025-12-25 23:00:00+00:00
1766707200000,0.01822,0.01898,0.0182,0.01878,16930545.0,1766710800000,317361.65857,1591,2025-12-26 00:00:00+00:00
1766710800000,0.01879,0.01897,0.01854,0.01886,13136372.0,1766714400000,246820.57011,1243,2025-12-26 01:00:00+00:00
1766714400000,0.01882,0.01975,0.01882,0.01936,19206671.0,1766718000000,373388.83174,2179,2025-12-26 02:00:00+00:00
1766718000000,0.01934,0.01956,0.0192,0.01933,11014999.0,1766721600000,213488.06495,1281,2025-12-26 03:00:00+00:00
1766721600000,0.0193,0.01974,0.01917,0.01966,14386409.0,1766725200000,280355.3161,1486,2025-12-26 04:00:00+00:00
1766725200000,0.01965,0.02007,0.01944,0.02001,32557837.0,1766728800000,644152.80618,5561,2025-12-26 05:00:00+00:00
1766728800000,0.01999,0.0209,0.01905,0.0194,93379503.0,1766732400000,1872827.86844,22800,2025-12-26 06:00:00+00:00
1766732400000,0.0194,0.01971,0.01925,0.01947,17770034.0,1766736000000,346120.93961,4889,2025-12-26 07:00:00+00:00
1766736000000,0.01951,0.01952,0.01872,0.01881,15582177.0,1766739600000,297551.1546,4663,2025-12-26 08:00:00+00:00
1766739600000,0.0188,0.01899,0.01874,0.01892,12303555.0,1766743200000,232075.26538,3276,2025-12-26 09:00:00+00:00
1766743200000,0.01892,0.01898,0.0188,0.01894,6513529.0,1766746800000,123074.82645,1749,2025-12-26 10:00:00+00:00
1766746800000,0.01894,0.01908,0.01849,0.01856,11544133.0,1766750400000,215928.20349,1880,2025-12-26 11:00:00+00:00
1766750400000,0.01854,0.01863,0.01845,0.01858,7866526.0,1766754000000,145906.54544,1041,2025-12-26 12:00:00+00:00
1766754000000,0.01857,0.01879,0.01856,0.01869,4611188.0,1766757600000,86129.60998,749,2025-12-26 13:00:00+00:00
1766757600000,0.01869,0.01877,0.01846,0.01854,7975067.0,1766761200000,148582.07917,1004,2025-12-26 14:00:00+00:00
1766761200000,0.01853,0.01859,0.01829,0.01845,9704769.0,1766764800000,178633.77555,1179,2025-12-26 15:00:00+00:00
1766764800000,0.01846,0.01852,0.0181,0.01812,10796873.0,1766768400000,197567.26476,983,2025-12-26 16:00:00+00:00
1766768400000,0.01812,0.01836,0.0181,0.01835,4047802.0,1766772000000,73690.93678,565,2025-12-26 17:00:00+00:00
1766772000000,0.01835,0.01844,0.01825,0.01842,3236757.0,1766775600000,59378.8378,339,2025-12-26 18:00:00+00:00
1766775600000,0.01842,0.01851,0.0184,0.01849,2287094.0,1766779200000,42242.69723,380,2025-12-26 19:00:00+00:00
1766779200000,0.01848,0.01859,0.01835,0.01852,2824849.0,1766782800000,52209.15762,336,2025-12-26 20:00:00+00:00
1766782800000,0.01852,0.0186,0.01848,0.01853,2672578.0,1766786400000,49521.76944,325,2025-12-26 21:00:00+00:00
1766786400000,0.01851,0.01876,0.01847,0.01867,16512839.0,1766790000000,308176.24661,507,2025-12-26 22:00:00+00:00
1766790000000,0.01866,0.01889,0.01866,0.01882,4188191.0,1766793600000,78750.5744,347,2025-12-26 23:00:00+00:00
1766793600000,0.0188,0.01964,0.01876,0.01934,46441509.0,1766797200000,896028.31212,3766,2025-12-27 00:00:00+00:00
1766797200000,0.01932,0.0194,0.0186,0.01864,10610138.0,1766800800000,199691.98036,1070,2025-12-27 01:00:00+00:00
1766800800000,0.01863,0.01866,0.0184,0.01855,7498656.0,1766804400000,139057.77277,567,2025-12-27 02:00:00+00:00
1766804400000,0.01856,0.0188,0.01854,0.01873,2879587.0,1766808000000,53734.12982,375,2025-12-27 03:00:00+00:00
1766808000000,0.01871,0.01883,0.0186,0.0188,2730607.0,1766811600000,51121.29934,306,2025-12-27 04:00:00+00:00
1766811600000,0.01879,0.01893,0.01868,0.01877,4587123.0,1766815200000,86385.08834,288,2025-12-27 05:00:00+00:00
1766815200000,0.01878,0.01886,0.01874,0.01879,2051853.0,1766818800000,38566.68827,204,2025-12-27 06:00:00+00:00
1766818800000,0.01878,0.01918,0.01878,0.01897,5639360.0,1766822400000,107394.54222,589,2025-12-27 07:00:00+00:00
1766822400000,0.01897,0.01899,0.01875,0.01883,4009689.0,1766826000000,75672.06409,464,2025-12-27 08:00:00+00:00
1766826000000,0.01884,0.01897,0.01871,0.01872,3960547.0,1766829600000,74633.54758,421,2025-12-27 09:00:00+00:00
1766829600000,0.01874,0.01895,0.01838,0.01858,20101360.0,1766833200000,372716.03902,1144,2025-12-27 10:00:00+00:00
1766833200000,0.01857,0.01858,0.01826,0.01833,6824397.0,1766836800000,125609.23308,761,2025-12-27 11:00:00+00:00
1766836800000,0.01832,0.01855,0.01819,0.01821,36394018.0,1766840400000,667962.30149,1257,2025-12-27 12:00:00+00:00
1766840400000,0.01822,0.01824,0.01805,0.01809,4766674.0,1766844000000,86450.66778,556,2025-12-27 13:00:00+00:00
1766844000000,0.01809,0.01835,0.01808,0.01834,11595344.0,1766847600000,211276.53824,585,2025-12-27 14:00:00+00:00
1766847600000,0.01834,0.01885,0.01831,0.01874,20288365.0,1766851200000,377526.52651,1509,2025-12-27 15:00:00+00:00
1766851200000,0.01875,0.01877,0.01855,0.01857,2993341.0,1766854800000,55789.70253,336,2025-12-27 16:00:00+00:00
1766854800000,0.01857,0.01885,0.01855,0.01879,8305435.0,1766858400000,155646.3837,435,2025-12-27 17:00:00+00:00
1766858400000,0.0188,0.01882,0.01863,0.01865,1629105.0,1766862000000,30515.3971,224,2025-12-27 18:00:00+00:00
1766862000000,0.01865,0.01865,0.01856,0.01862,1987496.0,1766865600000,36999.91693,217,2025-12-27 19:00:00+00:00
1766865600000,0.01865,0.01875,0.0186,0.01862,2325510.0,1766869200000,43407.80256,189,2025-12-27 20:00:00+00:00
1766869200000,0.01862,0.01868,0.01846,0.01853,28390990.0,1766872800000,526667.38311,869,2025-12-27 21:00:00+00:00
1766872800000,0.01852,0.01867,0.0183,0.01834,3840241.0,1766876400000,70840.02522,449,2025-12-27 22:00:00+00:00
1766876400000,0.01835,0.01854,0.01833,0.01842,3623905.0,1766880000000,66760.72844,303,2025-12-27 23:00:00+00:00
1766880000000,0.01844,0.01849,0.01828,0.01829,1261230.0,1766883600000,23172.2145,231,2025-12-28 00:00:00+00:00
1766883600000,0.01829,0.01836,0.01813,0.01818,1640394.0,1766887200000,29917.94602,325,2025-12-28 01:00:00+00:00
1766887200000,0.01819,0.01824,0.01815,0.0182,878060.0,1766890800000,15988.77904,193,2025-12-28 02:00:00+00:00
1766890800000,0.01819,0.01836,0.01816,0.01831,1434206.0,1766894400000,26198.3961,222,2025-12-28 03:00:00+00:00
1766894400000,0.01831,0.01837,0.01826,0.01833,1968947.0,1766898000000,36029.08595,408,2025-12-28 04:00:00+00:00
1766898000000,0.01833,0.01841,0.01823,0.01837,2026495.0,1766901600000,37103.13375,397,2025-12-28 05:00:00+00:00
1766901600000,0.01836,0.01839,0.01826,0.0183,1359325.0,1766905200000,24927.59537,255,2025-12-28 06:00:00+00:00
1766905200000,0.0183,0.01836,0.01822,0.01828,2518059.0,1766908800000,46012.30743,255,2025-12-28 07:00:00+00:00
1766908800000,0.01828,0.01829,0.01795,0.01808,8166032.0,1766912400000,148192.81772,733,2025-12-28 08:00:00+00:00
1766912400000,0.01807,0.01812,0.018,0.01806,2006922.0,1766916000000,36211.95466,498,2025-12-28 09:00:00+00:00
1766916000000,0.01805,0.01811,0.01781,0.01788,3249356.0,1766919600000,58421.4181,475,2025-12-28 10:00:00+00:00
1766919600000,0.01786,0.01791,0.01775,0.0178,6622322.0,1766923200000,118101.37055,896,2025-12-28 11:00:00+00:00
1766923200000,0.01782,0.01791,0.0178,0.01784,2258992.0,1766926800000,40309.14427,428,2025-12-28 12:00:00+00:00
1766926800000,0.01784,0.01793,0.01772,0.01777,5963856.0,1766930400000,106490.73114,472,2025-12-28 13:00:00+00:00
1766930400000,0.01776,0.01788,0.01771,0.01778,2613163.0,1766934000000,46493.3591,356,2025-12-28 14:00:00+00:00
1766934000000,0.01778,0.01787,0.01775,0.01776,1734910.0,1766937600000,30884.30966,243,2025-12-28 15:00:00+00:00
1766937600000,0.01775,0.01776,0.01752,0.01761,3746920.0,1766941200000,66008.49823,511,2025-12-28 16:00:00+00:00
1766941200000,0.01763,0.01788,0.01761,0.01777,16252028.0,1766944800000,289144.8757,730,2025-12-28 17:00:00+00:00
1766944800000,0.01777,0.0178,0.01745,0.01753,3771279.0,1766948400000,66329.69795,451,2025-12-28 18:00:00+00:00
1766948400000,0.01752,0.01759,0.01743,0.01748,3295179.0,1766952000000,57762.86822,315,2025-12-28 19:00:00+00:00
1766952000000,0.01746,0.0175,0.01736,0.01737,1206396.0,1766955600000,21047.29258,202,2025-12-28 20:00:00+00:00
1766955600000,0.01735,0.0174,0.01709,0.0171,4573060.0,1766959200000,78688.23949,620,2025-12-28 21:00:00+00:00
1766959200000,0.01711,0.01724,0.01694,0.0172,5344799.0,1766962800000,91182.21421,657,2025-12-28 22:00:00+00:00
1766962800000,0.01719,0.0173,0.01712,0.01728,2711639.0,1766966400000,46631.44884,444,2025-12-28 23:00:00+00:00
1766966400000,0.01728,0.01729,0.01709,0.01715,3430488.0,1766970000000,58949.54454,604,2025-12-29 00:00:00+00:00
1766970000000,0.01715,0.01743,0.01701,0.01733,4901999.0,1766973600000,84457.93843,660,2025-12-29 01:00:00+00:00
1766973600000,0.01734,0.01762,0.01731,0.01731,6201005.0,1766977200000,108331.49873,808,2025-12-29 02:00:00+00:00
1766977200000,0.01732,0.0177,0.01732,0.01767,2057902.0,1766980800000,36058.106,425,2025-12-29 03:00:00+00:00
1766980800000,0.01768,0.01776,0.01764,0.01771,2111794.0,1766984400000,37359.15558,408,2025-12-29 04:00:00+00:00
1766984400000,0.01771,0.01781,0.01761,0.01775,3580780.0,1766988000000,63385.85276,459,2025-12-29 05:00:00+00:00
1766988000000,0.01775,0.01779,0.01753,0.01754,4465454.0,1766991600000,78738.85876,522,2025-12-29 06:00:00+00:00
1766991600000,0.01754,0.01766,0.01742,0.01764,4768960.0,1766995200000,83625.38965,636,2025-12-29 07:00:00+00:00
1766995200000,0.01765,0.01795,0.01763,0.01768,7561041.0,1766998800000,134572.44788,865,2025-12-29 08:00:00+00:00
1766998800000,0.01768,0.01772,0.01728,0.01746,6246255.0,1767002400000,109434.97717,798,2025-12-29 09:00:00+00:00
1767002400000,0.01746,0.01758,0.01743,0.01745,2926352.0,1767006000000,51174.37436,420,2025-12-29 10:00:00+00:00
1767006000000,0.01744,0.01754,0.01737,0.01745,3462910.0,1767009600000,60427.39165,371,2025-12-29 11:00:00+00:00
1767009600000,0.01745,0.01758,0.01729,0.01742,7267374.0,1767013200000,126838.94993,915,2025-12-29 12:00:00+00:00
1767013200000,0.01742,0.01745,0.01728,0.01728,3551975.0,1767016800000,61614.9316,357,2025-12-29 13:00:00+00:00
1767016800000,0.01727,0.01742,0.01705,0.01716,5888491.0,1767020400000,101483.10984,930,2025-12-29 14:00:00+00:00
1767020400000,0.01716,0.01749,0.01716,0.0174,3075537.0,1767024000000,53341.67449,535,2025-12-29 15:00:00+00:00
1767024000000,0.01739,0.01743,0.01721,0.01723,3135312.0,1767027600000,54282.67552,482,2025-12-29 16:00:00+00:00
1767027600000,0.01723,0.0174,0.01722,0.01738,2487612.0,1767031200000,43092.41772,339,2025-12-29 17:00:00+00:00
1767031200000,0.01737,0.01745,0.01726,0.01728,2600076.0,1767034800000,45181.14337,411,2025-12-29 18:00:00+00:00
1767034800000,0.0173,0.01746,0.01728,0.01738,1382524.0,1767038400000,24028.29675,357,2025-12-29 19:00:00+00:00
1767038400000,0.01736,0.01739,0.01717,0.01724,1607374.0,1767042000000,27819.96505,364,2025-12-29 20:00:00+00:00
1767042000000,0.01724,0.01731,0.01721,0.0173,2505992.0,1767045600000,43220.21023,368,2025-12-29 21:00:00+00:00
1767045600000,0.01729,0.01729,0.01716,0.01726,2066854.0,1767049200000,35580.82785,379,2025-12-29 22:00:00+00:00
1767049200000,0.01726,0.01726,0.01707,0.0171,2492705.0,1767052800000,42667.96584,337,2025-12-29 23:00:00+00:00
1767052800000,0.01709,0.01718,0.01678,0.01693,5429514.0,1767056400000,91862.74786,953,2025-12-30 00:00:00+00:00
1767056400000,0.01692,0.01701,0.01688,0.01697,4409669.0,1767060000000,74747.56224,607,2025-12-30 01:00:00+00:00
1767060000000,0.01698,0.01702,0.01686,0.01701,2163429.0,1767063600000,36629.89737,684,2025-12-30 02:00:00+00:00
1767063600000,0.017,0.01703,0.01687,0.01693,2324623.0,1767067200000,39408.7732,386,2025-12-30 03:00:00+00:00
1767067200000,0.01693,0.01699,0.01687,0.01691,1665776.0,1767070800000,28191.62253,350,2025-12-30 04:00:00+00:00
1767070800000,0.01691,0.01694,0.01665,0.01684,4360396.0,1767074400000,73010.89244,770,2025-12-30 05:00:00+00:00
1767074400000,0.01684,0.01692,0.01676,0.01676,3281961.0,1767078000000,55237.81245,660,2025-12-30 06:00:00+00:00
1767078000000,0.01676,0.0168,0.01666,0.01668,2655124.0,1767081600000,44428.57762,489,2025-12-30 07:00:00+00:00
1767081600000,0.01668,0.01694,0.01667,0.01672,3005570.0,1767085200000,50527.8639,696,2025-12-30 08:00:00+00:00
1767085200000,0.01672,0.01683,0.01665,0.01676,5420881.0,1767088800000,90587.00938,1092,2025-12-30 09:00:00+00:00
1767088800000,0.01677,0.01688,0.01676,0.01684,2991048.0,1767092400000,50296.69942,684,2025-12-30 10:00:00+00:00
1767092400000,0.01684,0.01687,0.01673,0.0168,2031751.0,1767096000000,34128.81465,548,2025-12-30 11:00:00+00:00
1767096000000,0.01681,0.01684,0.01667,0.0167,2941297.0,1767099600000,49278.27854,565,2025-12-30 12:00:00+00:00
1767099600000,0.01672,0.01688,0.0167,0.01675,10709584.0,1767103200000,180115.26311,755,2025-12-30 13:00:00+00:00
1767103200000,0.01674,0.01675,0.01649,0.01671,5210379.0,1767106800000,86544.70828,880,2025-12-30 14:00:00+00:00
1767106800000,0.0167,0.01688,0.01656,0.01684,26012036.0,1767110400000,435199.70255,1602,2025-12-30 15:00:00+00:00
1767110400000,0.01685,0.01693,0.01673,0.01679,4333670.0,1767114000000,72935.94614,775,2025-12-30 16:00:00+00:00
1767114000000,0.01679,0.01689,0.01677,0.01686,4301024.0,1767117600000,72492.03714,454,2025-12-30 17:00:00+00:00
1767117600000,0.01686,0.0169,0.01678,0.01682,3420977.0,1767121200000,57601.3564,322,2025-12-30 18:00:00+00:00
1767121200000,0.0168,0.01703,0.01674,0.01701,2824413.0,1767124800000,47647.0467,450,2025-12-30 19:00:00+00:00
1767124800000,0.01702,0.01719,0.01698,0.01707,4205941.0,1767128400000,71830.11191,509,2025-12-30 20:00:00+00:00
1767128400000,0.01708,0.01717,0.01698,0.01701,3788545.0,1767132000000,64728.81157,479,2025-12-30 21:00:00+00:00
1767132000000,0.01702,0.01703,0.01692,0.01696,1384161.0,1767135600000,23493.1835,201,2025-12-30 22:00:00+00:00
1767135600000,0.01696,0.017,0.01692,0.01698,1234934.0,1767139200000,20942.58772,229,2025-12-30 23:00:00+00:00
1767139200000,0.01699,0.01705,0.01685,0.01687,1636582.0,1767142800000,27699.29844,299,2025-12-31 00:00:00+00:00
1767142800000,0.01687,0.01701,0.01686,0.01696,1809613.0,1767146400000,30689.25946,352,2025-12-31 01:00:00+00:00
1767146400000,0.01696,0.01712,0.01692,0.01708,3466178.0,1767150000000,59055.99176,462,2025-12-31 02:00:00+00:00
1767150000000,0.01707,0.0172,0.017,0.01706,2349571.0,1767153600000,40167.74691,358,2025-12-31 03:00:00+00:00
1767153600000,0.01708,0.01717,0.017,0.0171,2128652.0,1767157200000,36343.22954,296,2025-12-31 04:00:00+00:00
1767157200000,0.01707,0.01722,0.01707,0.01713,1733495.0,1767160800000,29762.19601,327,2025-12-31 05:00:00+00:00
1767160800000,0.01712,0.01716,0.01704,0.0171,1250008.0,1767164400000,21387.07553,212,2025-12-31 06:00:00+00:00
1767164400000,0.0171,0.01714,0.01704,0.01713,2875719.0,1767168000000,49141.51404,262,2025-12-31 07:00:00+00:00
1767168000000,0.01711,0.01734,0.01705,0.01709,6018295.0,1767171600000,103472.42508,764,2025-12-31 08:00:00+00:00
1767171600000,0.01709,0.01718,0.01693,0.01714,5960988.0,1767175200000,101730.46863,779,2025-12-31 09:00:00+00:00
1767175200000,0.01714,0.01722,0.01691,0.01691,2038309.0,1767178800000,34850.35724,423,2025-12-31 10:00:00+00:00
1767178800000,0.01692,0.01703,0.01692,0.017,2353036.0,1767182400000,39979.5452,367,2025-12-31 11:00:00+00:00
1767182400000,0.01699,0.01704,0.01687,0.01691,2213330.0,1767186000000,37567.42407,315,2025-12-31 12:00:00+00:00
1767186000000,0.0169,0.01699,0.01685,0.01689,857620.0,1767189600000,14521.29425,211,2025-12-31 13:00:00+00:00
1767189600000,0.01689,0.01699,0.01667,0.01673,4450654.0,1767193200000,74882.3457,760,2025-12-31 14:00:00+00:00
1767193200000,0.01674,0.01676,0.01656,0.01665,5539827.0,1767196800000,92249.5945,633,2025-12-31 15:00:00+00:00
1767196800000,0.01665,0.01672,0.0162,0.01643,8376801.0,1767200400000,136969.75052,1312,2025-12-31 16:00:00+00:00
1767200400000,0.01642,0.01644,0.01627,0.0163,1709152.0,1767204000000,27948.13189,416,2025-12-31 17:00:00+00:00
1767204000000,0.0163,0.01641,0.01624,0.01626,2090754.0,1767207600000,34129.08797,302,2025-12-31 18:00:00+00:00
1767207600000,0.01626,0.01657,0.01626,0.01644,3784196.0,1767211200000,62284.25623,656,2025-12-31 19:00:00+00:00
1767211200000,0.01644,0.01651,0.01631,0.0164,6153217.0,1767214800000,101049.65164,858,2025-12-31 20:00:00+00:00
1767214800000,0.0164,0.01665,0.01639,0.01657,5116867.0,1767218400000,84454.20387,578,2025-12-31 21:00:00+00:00
1767218400000,0.01656,0.01662,0.01651,0.01659,3822916.0,1767222000000,63339.12579,514,2025-12-31 22:00:00+00:00
1767222000000,0.01658,0.01665,0.01656,0.01658,2785411.0,1767225600000,46245.47743,283,2025-12-31 23:00:00+00:00
1767225600000,0.01658,0.01715,0.01658,0.01682,9693445.0,1767229200000,163580.52653,2057,2026-01-01 00:00:00+00:00
1767229200000,0.01682,0.01686,0.01667,0.01672,2493194.0,1767232800000,41892.40367,317,2026-01-01 01:00:00+00:00
1767232800000,0.0167,0.0167,0.01649,0.01656,3927582.0,1767236400000,65146.03411,396,2026-01-01 02:00:00+00:00
1767236400000,0.01656,0.01657,0.01647,0.01648,1459916.0,1767240000000,24120.81404,142,2026-01-01 03:00:00+00:00
1767240000000,0.0165,0.01651,0.0164,0.0165,1865000.0,1767243600000,30653.91999,280,2026-01-01 04:00:00+00:00
1767243600000,0.01649,0.01666,0.01649,0.01666,3743317.0,1767247200000,61961.09368,319,2026-01-01 05:00:00+00:00
1767247200000,0.01666,0.01669,0.01661,0.01665,1551626.0,1767250800000,25834.13862,240,2026-01-01 06:00:00+00:00
1767250800000,0.01664,0.01671,0.01661,0.01668,2209245.0,1767254400000,36811.01935,325,2026-01-01 07:00:00+00:00
1767254400000,0.01667,0.01668,0.0166,0.01667,1758527.0,1767258000000,29258.45382,267,2026-01-01 08:00:00+00:00
1767258000000,0.01668,0.0168,0.01668,0.01672,1827398.0,1767261600000,30591.80863,275,2026-01-01 09:00:00+00:00
1767261600000,0.01673,0.01673,0.01663,0.01671,1630982.0,1767265200000,27195.76255,274,2026-01-01 10:00:00+00:00
1767265200000,0.0167,0.01673,0.01667,0.01672,805581.0,1767268800000,13454.38997,107,2026-01-01 11:00:00+00:00
1767268800000,0.01671,0.01672,0.01657,0.01664,1902202.0,1767272400000,31663.16706,307,2026-01-01 12:00:00+00:00
1767272400000,0.01663,0.0167,0.01662,0.01665,1189823.0,1767276000000,19814.63406,279,2026-01-01 13:00:00+00:00
1767276000000,0.01664,0.01674,0.01661,0.01673,5852404.0,1767279600000,97531.6404,535,2026-01-01 14:00:00+00:00
1767279600000,0.01673,0.01681,0.0167,0.01677,4479510.0,1767283200000,75067.46918,610,2026-01-01 15:00:00+00:00
1767283200000,0.01677,0.01681,0.01666,0.01671,2575083.0,1767286800000,43033.89808,549,2026-01-01 16:00:00+00:00
1767286800000,0.01671,0.0169,0.01667,0.01687,6239432.0,1767290400000,104886.49733,653,2026-01-01 17:00:00+00:00
1767290400000,0.01687,0.01708,0.01686,0.01705,4136422.0,1767294000000,70170.27499,556,2026-01-01 18:00:00+00:00
1767294000000,0.01705,0.01711,0.01694,0.01707,6008182.0,1767297600000,102167.65986,911,2026-01-01 19:00:00+00:00
1767297600000,0.01708,0.01712,0.01699,0.01704,2100777.0,1767301200000,35791.70384,325,2026-01-01 20:00:00+00:00
1767301200000,0.01703,0.01704,0.01698,0.01702,1635671.0,1767304800000,27830.71245,385,2026-01-01 21:00:00+00:00
1767304800000,0.01702,0.01725,0.01702,0.01722,4238424.0,1767308400000,72674.50552,416,2026-01-01 22:00:00+00:00
1767308400000,0.01723,0.01733,0.01717,0.01732,3091373.0,1767312000000,53283.23405,391,2026-01-01 23:00:00+00:00
1767312000000,0.01731,0.01732,0.01712,0.01719,1658363.0,1767315600000,28489.46085,265,2026-01-02 00:00:00+00:00
1767315600000,0.0172,0.01722,0.0171,0.01716,1159041.0,1767319200000,19881.01627,219,2026-01-02 01:00:00+00:00
1767319200000,0.01716,0.01717,0.01703,0.01711,1342199.0,1767322800000,22934.36998,247,2026-01-02 02:00:00+00:00
1767322800000,0.01711,0.01742,0.0171,0.01737,2475473.0,1767326400000,42807.03611,454,2026-01-02 03:00:00+00:00
1767326400000,0.01738,0.0174,0.01727,0.01737,2539684.0,1767330000000,44021.54442,387,2026-01-02 04:00:00+00:00
1767330000000,0.01737,0.01738,0.0172,0.01732,7139540.0,1767333600000,123164.12336,471,2026-01-02 05:00:00+00:00
1767333600000,0.01732,0.01744,0.01727,0.01734,5593404.0,1767337200000,97252.38362,518,2026-01-02 06:00:00+00:00
1767337200000,0.01734,0.01739,0.01715,0.0172,3139136.0,1767340800000,54070.14057,357,2026-01-02 07:00:00+00:00
1767340800000,0.0172,0.01734,0.01716,0.01717,2659942.0,1767344400000,45931.64081,400,2026-01-02 08:00:00+00:00
1767344400000,0.01718,0.01752,0.01716,0.01742,3636766.0,1767348000000,63104.05702,614,2026-01-02 09:00:00+00:00
1767348000000,0.01742,0.01747,0.01737,0.01744,4909083.0,1767351600000,85550.55333,485,2026-01-02 10:00:00+00:00
1767351600000,0.01744,0.01744,0.01723,0.01737,5514885.0,1767355200000,95646.06579,602,2026-01-02 11:00:00+00:00
1767355200000,0.01738,0.01757,0.01729,0.01742,7162043.0,1767358800000,124715.06305,980,2026-01-02 12:00:00+00:00
1767358800000,0.01742,0.0175,0.01733,0.01734,2237585.0,1767362400000,38986.10825,409,2026-01-02 13:00:00+00:00
1767362400000,0.01734,0.01754,0.01714,0.01741,5816524.0,1767366000000,100765.99297,1185,2026-01-02 14:00:00+00:00
1767366000000,0.01742,0.01748,0.01721,0.01733,4328605.0,1767369600000,75051.81273,863,2026-01-02 15:00:00+00:00
1767369600000,0.01732,0.0178,0.01725,0.01778,13433334.0,1767373200000,235927.05436,1551,2026-01-02 16:00:00+00:00
1767373200000,0.01778,0.01784,0.01768,0.01777,3829709.0,1767376800000,67990.6311,742,2026-01-02 17:00:00+00:00
1767376800000,0.01776,0.01781,0.01753,0.01762,4067088.0,1767380400000,71992.32735,646,2026-01-02 18:00:00+00:00
1767380400000,0.01765,0.01787,0.01763,0.0178,2411926.0,1767384000000,42825.12431,539,2026-01-02 19:00:00+00:00
1767384000000,0.0178,0.01791,0.01776,0.0178,1770694.0,1767387600000,31590.25729,327,2026-01-02 20:00:00+00:00
1767387600000,0.01782,0.01806,0.01781,0.01802,2675798.0,1767391200000,47936.38147,381,2026-01-02 21:00:00+00:00
1767391200000,0.01804,0.01823,0.01803,0.01818,2574242.0,1767394800000,46702.15054,519,2026-01-02 22:00:00+00:00
1767394800000,0.01818,0.01822,0.01809,0.01814,2000782.0,1767398400000,36274.95236,430,2026-01-02 23:00:00+00:00
1767398400000,0.01815,0.01824,0.01779,0.01789,33827998.0,1767402000000,604632.07092,2310,2026-01-03 00:00:00+00:00
1767402000000,0.01787,0.01811,0.01786,0.0181,1765419.0,1767405600000,31744.13014,309,2026-01-03 01:00:00+00:00
1767405600000,0.01809,0.0181,0.01801,0.01809,4072622.0,1767409200000,73517.56113,382,2026-01-03 02:00:00+00:00
1767409200000,0.01809,0.01824,0.01802,0.01822,2784703.0,1767412800000,50430.73296,383,2026-01-03 03:00:00+00:00
1767412800000,0.01821,0.0184,0.0182,0.01821,12651459.0,1767416400000,231506.29514,900,2026-01-03 04:00:00+00:00
1767416400000,0.01821,0.01822,0.01798,0.0181,3602096.0,1767420000000,65236.0099,496,2026-01-03 05:00:00+00:00
1767420000000,0.0181,0.01819,0.01781,0.01791,2668813.0,1767423600000,47990.82929,572,2026-01-03 06:00:00+00:00
1767423600000,0.01791,0.01794,0.01748,0.01755,7636927.0,1767427200000,134865.87431,1327,2026-01-03 07:00:00+00:00
1767427200000,0.01756,0.01774,0.01748,0.01763,3390850.0,1767430800000,59725.56097,688,2026-01-03 08:00:00+00:00
1767430800000,0.01763,0.01773,0.0176,0.01763,2482199.0,1767434400000,43838.26349,566,2026-01-03 09:00:00+00:00
1767434400000,0.01764,0.01767,0.01756,0.01764,1897131.0,1767438000000,33415.90458,444,2026-01-03 10:00:00+00:00
1767438000000,0.01765,0.01775,0.01761,0.01773,1820160.0,1767441600000,32214.96489,253,2026-01-03 11:00:00+00:00
1767441600000,0.01772,0.01804,0.0177,0.01802,5137765.0,1767445200000,91816.76445,575,2026-01-03 12:00:00+00:00
1767445200000,0.01801,0.01809,0.01797,0.01799,6563629.0,1767448800000,118248.66329,513,2026-01-03 13:00:00+00:00
1767448800000,0.01799,0.01801,0.01794,0.01798,2092939.0,1767452400000,37613.00707,276,2026-01-03 14:00:00+00:00
1767452400000,0.01797,0.01802,0.01786,0.01794,2174734.0,1767456000000,39041.48128,331,2026-01-03 15:00:00+00:00
1767456000000,0.01795,0.01811,0.01792,0.01805,3888008.0,1767459600000,70121.30631,504,2026-01-03 16:00:00+00:00
1767459600000,0.01804,0.01807,0.01794,0.01797,2630985.0,1767463200000,47304.64394,275,2026-01-03 17:00:00+00:00
1767463200000,0.01795,0.01802,0.01786,0.01801,1131143.0,1767466800000,20272.49292,282,2026-01-03 18:00:00+00:00
1767466800000,0.01801,0.01805,0.01796,0.01798,1271345.0,1767470400000,22880.00871,227,2026-01-03 19:00:00+00:00
1767470400000,0.01799,0.018,0.01786,0.01798,1815879.0,1767474000000,32595.05403,199,2026-01-03 20:00:00+00:00
1767474000000,0.01796,0.01804,0.01788,0.01793,1590143.0,1767477600000,28547.08326,272,2026-01-03 21:00:00+00:00
1767477600000,0.01792,0.01811,0.01791,0.01811,2131330.0,1767481200000,38398.72818,208,2026-01-03 22:00:00+00:00
1767481200000,0.01811,0.01819,0.01804,0.01811,2523244.0,1767484800000,45694.9068,447,2026-01-03 23:00:00+00:00
1767484800000,0.0181,0.01832,0.01806,0.01817,3666835.0,1767488400000,66644.71425,850,2026-01-04 00:00:00+00:00
1767488400000,0.01816,0.0182,0.01805,0.01815,1664868.0,1767492000000,30125.47654,322,2026-01-04 01:00:00+00:00
1767492000000,0.01814,0.01822,0.0181,0.01816,1453233.0,1767495600000,26401.34801,248,2026-01-04 02:00:00+00:00
1767495600000,0.01817,0.01829,0.01817,0.01824,1503494.0,1767499200000,27423.79886,342,2026-01-04 03:00:00+00:00
1767499200000,0.01823,0.01834,0.01815,0.01816,4475368.0,1767502800000,81763.9792,549,2026-01-04 04:00:00+00:00
1767502800000,0.01817,0.01821,0.01809,0.01819,1678159.0,1767506400000,30430.11749,236,2026-01-04 05:00:00+00:00
1767506400000,0.01819,0.01832,0.01798,0.01799,2700934.0,1767510000000,49107.00963,497,2026-01-04 06:00:00+00:00
1767510000000,0.01799,0.01809,0.01791,0.01804,3861596.0,1767513600000,69444.66989,567,2026-01-04 07:00:00+00:00
1767513600000,0.01803,0.01804,0.01789,0.01793,2591691.0,1767517200000,46514.4571,509,2026-01-04 08:00:00+00:00
1767517200000,0.01794,0.01803,0.01788,0.01798,3504124.0,1767520800000,62903.41555,566,2026-01-04 09:00:00+00:00
1767520800000,0.01798,0.0181,0.01798,0.01808,2599885.0,1767524400000,46955.92457,317,2026-01-04 10:00:00+00:00
1767524400000,0.01807,0.01808,0.0179,0.018,8227531.0,1767528000000,147907.8461,597,2026-01-04 11:00:00+00:00
1767528000000,0.018,0.01809,0.01795,0.01796,2711223.0,1767531600000,48846.45811,534,2026-01-04 12:00:00+00:00
1767531600000,0.01795,0.01811,0.01785,0.01811,4236384.0,1767535200000,76116.39427,552,2026-01-04 13:00:00+00:00
1767535200000,0.01811,0.01818,0.01798,0.01815,5505951.0,1767538800000,99696.01039,643,2026-01-04 14:00:00+00:00
1767538800000,0.01815,0.0182,0.01797,0.01812,20123712.0,1767542400000,363298.91765,1474,2026-01-04 15:00:00+00:00
1767542400000,0.01813,0.01835,0.01809,0.01829,8837299.0,1767546000000,161259.97569,1671,2026-01-04 16:00:00+00:00
1767546000000,0.01828,0.01836,0.0182,0.01831,3628269.0,1767549600000,66359.50302,878,2026-01-04 17:00:00+00:00
1767549600000,0.01831,0.01837,0.01803,0.01816,6280537.0,1767553200000,114286.92901,719,2026-01-04 18:00:00+00:00
1767553200000,0.01815,0.01815,0.01785,0.01792,5852680.0,1767556800000,105089.36933,1163,2026-01-04 19:00:00+00:00
1767556800000,0.01792,0.01804,0.01789,0.01795,1963141.0,1767560400000,35285.57908,410,2026-01-04 20:00:00+00:00
1767560400000,0.01795,0.01806,0.01781,0.01789,3090053.0,1767564000000,55355.5997,467,2026-01-04 21:00:00+00:00
1767564000000,0.01787,0.01799,0.01784,0.01788,1477411.0,1767567600000,26455.6507,433,2026-01-04 22:00:00+00:00
1767567600000,0.01788,0.01804,0.01785,0.01789,1681438.0,1767571200000,30191.02548,400,2026-01-04 23:00:00+00:00
1767571200000,0.01788,0.01805,0.0178,0.018,4285841.0,1767574800000,76778.51092,977,2026-01-05 00:00:00+00:00
1767574800000,0.01801,0.01828,0.01795,0.01819,4183047.0,1767578400000,75993.44815,964,2026-01-05 01:00:00+00:00
1767578400000,0.01819,0.01825,0.01787,0.01799,4341900.0,1767582000000,78198.64916,793,2026-01-05 02:00:00+00:00
1767582000000,0.01799,0.01802,0.0178,0.01799,2977929.0,1767585600000,53319.62162,686,2026-01-05 03:00:00+00:00
1767585600000,0.01798,0.01801,0.01748,0.01773,9075702.0,1767589200000,161051.36818,1483,2026-01-05 04:00:00+00:00
1767589200000,0.01772,0.01782,0.0176,0.0176,4938061.0,1767592800000,87619.97215,656,2026-01-05 05:00:00+00:00
1767592800000,0.0176,0.01765,0.01745,0.0176,2415693.0,1767596400000,42397.09754,554,2026-01-05 06:00:00+00:00
1767596400000,0.0176,0.01786,0.01756,0.01784,1834572.0,1767600000000,32496.90874,391,2026-01-05 07:00:00+00:00
1767600000000,0.01783,0.01788,0.01757,0.01761,2296769.0,1767603600000,40760.38456,440,2026-01-05 08:00:00+00:00
1767603600000,0.0176,0.0176,0.01745,0.01752,2345962.0,1767607200000,41102.79435,527,2026-01-05 09:00:00+00:00
1767607200000,0.01752,0.01762,0.01732,0.01749,3766591.0,1767610800000,65700.29841,693,2026-01-05 10:00:00+00:00
1767610800000,0.01748,0.01752,0.01743,0.01751,1180418.0,1767614400000,20616.42415,270,2026-01-05 11:00:00+00:00
1767614400000,0.01752,0.01767,0.01735,0.01765,2464983.0,1767618000000,43139.08363,551,2026-01-05 12:00:00+00:00
1767618000000,0.01765,0.01767,0.01746,0.01757,3566684.0,1767621600000,62630.38767,975,2026-01-05 13:00:00+00:00
1767621600000,0.01757,0.01809,0.0175,0.01797,11183231.0,1767625200000,199739.35262,1644,2026-01-05 14:00:00+00:00
1767625200000,0.01797,0.01817,0.01784,0.01811,13246420.0,1767628800000,238779.26136,1558,2026-01-05 15:00:00+00:00
1767628800000,0.01812,0.01817,0.01784,0.01796,6637169.0,1767632400000,119484.0569,1146,2026-01-05 16:00:00+00:00
1767632400000,0.01795,0.01815,0.01766,0.01806,7650341.0,1767636000000,136900.99177,1042,2026-01-05 17:00:00+00:00
1767636000000,0.01807,0.01828,0.01799,0.01824,5708880.0,1767639600000,103427.83285,1459,2026-01-05 18:00:00+00:00
1767639600000,0.01824,0.01828,0.01804,0.01808,4475710.0,1767643200000,81278.40885,1522,2026-01-05 19:00:00+00:00
1767643200000,0.01808,0.01844,0.01807,0.01832,21645916.0,1767646800000,395818.46722,1932,2026-01-05 20:00:00+00:00
1767646800000,0.01831,0.01845,0.01829,0.01839,4155281.0,1767650400000,76411.2967,567,2026-01-05 21:00:00+00:00
1767650400000,0.01839,0.01873,0.01836,0.01869,3693366.0,1767654000000,68717.8195,619,2026-01-05 22:00:00+00:00
1767654000000,0.01869,0.01878,0.01855,0.01855,3477477.0,1767657600000,64868.19486,599,2026-01-05 23:00:00+00:00
1767657600000,0.01855,0.0191,0.01841,0.01904,9772336.0,1767661200000,183135.28975,1136,2026-01-06 00:00:00+00:00
1767661200000,0.01904,0.01987,0.01892,0.01914,20798652.0,1767664800000,404081.80142,4107,2026-01-06 01:00:00+00:00
1767664800000,0.01913,0.01948,0.01892,0.01934,18078078.0,1767668400000,348629.43049,2150,2026-01-06 02:00:00+00:00
1767668400000,0.01934,0.01947,0.01913,0.0194,7863781.0,1767672000000,151783.8567,1162,2026-01-06 03:00:00+00:00
1767672000000,0.01939,0.0198,0.01933,0.01947,8594224.0,1767675600000,168313.39069,1539,2026-01-06 04:00:00+00:00
1767675600000,0.01946,0.0196,0.01926,0.01933,6502395.0,1767679200000,126479.87772,1397,2026-01-06 05:00:00+00:00
1767679200000,0.01932,0.01937,0.01907,0.01924,10064284.0,1767682800000,193448.79471,1192,2026-01-06 06:00:00+00:00
1767682800000,0.01924,0.0193,0.01888,0.01896,6192470.0,1767686400000,118163.15763,1283,2026-01-06 07:00:00+00:00
1767686400000,0.01896,0.01931,0.01894,0.01913,11770574.0,1767690000000,225514.3795,1381,2026-01-06 08:00:00+00:00
1767690000000,0.01912,0.01925,0.01892,0.01898,4876752.0,1767693600000,93104.73551,861,2026-01-06 09:00:00+00:00
1767693600000,0.01898,0.01914,0.01895,0.0191,3964244.0,1767697200000,75632.00607,764,2026-01-06 10:00:00+00:00
1767697200000,0.01909,0.01931,0.01907,0.01928,5200886.0,1767700800000,100083.84461,835,2026-01-06 11:00:00+00:00
1767700800000,0.01929,0.01955,0.01923,0.01947,7876395.0,1767704400000,152793.61764,1248,2026-01-06 12:00:00+00:00
1767704400000,0.01947,0.01953,0.01937,0.01943,3937876.0,1767708000000,76599.49594,814,2026-01-06 13:00:00+00:00
1767708000000,0.01943,0.01982,0.0194,0.01954,11083094.0,1767711600000,217237.54318,2455,2026-01-06 14:00:00+00:00
1767711600000,0.01955,0.0199,0.01944,0.01965,12416383.0,1767715200000,245021.54008,2134,2026-01-06 15:00:00+00:00
1767715200000,0.01964,0.01966,0.01883,0.01895,14044034.0,1767718800000,269545.47667,3181,2026-01-06 16:00:00+00:00
1767718800000,0.01894,0.01907,0.01837,0.01843,8760595.0,1767722400000,164591.56087,2064,2026-01-06 17:00:00+00:00
1767722400000,0.01843,0.0188,0.01837,0.01878,4075581.0,1767726000000,75924.45995,923,2026-01-06 18:00:00+00:00
1767726000000,0.01879,0.01901,0.01876,0.01894,4212883.0,1767729600000,79714.31566,710,2026-01-06 19:00:00+00:00
1767729600000,0.01894,0.01935,0.01894,0.01918,4556596.0,1767733200000,87429.09235,977,2026-01-06 20:00:00+00:00
1767733200000,0.01918,0.01969,0.01913,0.01965,9544843.0,1767736800000,186105.83316,2297,2026-01-06 21:00:00+00:00
1767736800000,0.01965,0.01967,0.01931,0.01936,3656419.0,1767740400000,71137.91438,518,2026-01-06 22:00:00+00:00
1767740400000,0.01937,0.01943,0.01926,0.01943,3428688.0,1767744000000,66328.90304,561,2026-01-06 23:00:00+00:00
1767744000000,0.01942,0.01944,0.01888,0.01888,3401891.0,1767747600000,65282.2742,553,2026-01-07 00:00:00+00:00
1767747600000,0.01892,0.019,0.01872,0.01877,3161456.0,1767751200000,59512.18619,761,2026-01-07 01:00:00+00:00
1767751200000,0.01876,0.01893,0.01871,0.01888,3524928.0,1767754800000,66349.72809,1143,2026-01-07 02:00:00+00:00
1767754800000,0.01888,0.01903,0.01881,0.01885,2373079.0,1767758400000,44891.84314,488,2026-01-07 03:00:00+00:00
1767758400000,0.01885,0.01886,0.01871,0.01872,1497000.0,1767762000000,28125.14213,499,2026-01-07 04:00:00+00:00
1767762000000,0.01872,0.0191,0.01868,0.01889,7250292.0,1767765600000,137129.98689,1544,2026-01-07 05:00:00+00:00
1767765600000,0.01889,0.019,0.01876,0.0188,5556865.0,1767769200000,105119.65528,998,2026-01-07 06:00:00+00:00
1767769200000,0.01881,0.01918,0.01881,0.01917,1371387.0,1767772800000,26090.16017,431,2026-01-07 07:00:00+00:00
1767772800000,0.01918,0.01927,0.01905,0.01913,2443000.0,1767776400000,46852.74036,794,2026-01-07 08:00:00+00:00
1767776400000,0.01911,0.01912,0.01865,0.01871,7239544.0,1767780000000,135987.93578,974,2026-01-07 09:00:00+00:00
1767780000000,0.01871,0.01889,0.01866,0.01887,2538680.0,1767783600000,47644.7851,610,2026-01-07 10:00:00+00:00
1767783600000,0.01885,0.01897,0.01881,0.01897,2956737.0,1767787200000,55899.7903,381,2026-01-07 11:00:00+00:00
1767787200000,0.01897,0.01904,0.01873,0.01878,4445889.0,1767790800000,83785.57155,1051,2026-01-07 12:00:00+00:00
1767790800000,0.01878,0.01888,0.01864,0.01866,3204063.0,1767794400000,60080.24124,726,2026-01-07 13:00:00+00:00
1767794400000,0.01867,0.01867,0.01827,0.0186,6329124.0,1767798000000,116965.47191,1624,2026-01-07 14:00:00+00:00
1767798000000,0.0186,0.01861,0.01816,0.01826,6266170.0,1767801600000,114799.74409,2017,2026-01-07 15:00:00+00:00
1767801600000,0.01825,0.01842,0.01817,0.01834,3439461.0,1767805200000,62986.01194,1002,2026-01-07 16:00:00+00:00
1767805200000,0.01835,0.01849,0.0183,0.01835,4638052.0,1767808800000,85172.40954,827,2026-01-07 17:00:00+00:00
1767808800000,0.01834,0.01846,0.01821,0.01826,5390494.0,1767812400000,98677.67227,631,2026-01-07 18:00:00+00:00
1767812400000,0.01826,0.01834,0.01792,0.0181,4724524.0,1767816000000,85453.6498,853,2026-01-07 19:00:00+00:00
1767816000000,0.01811,0.01814,0.01792,0.01797,2599944.0,1767819600000,46803.57516,800,2026-01-07 20:00:00+00:00
1767819600000,0.01797,0.0181,0.01789,0.01792,4330691.0,1767823200000,77890.15193,742,2026-01-07 21:00:00+00:00
1767823200000,0.01792,0.01816,0.01786,0.01796,4239420.0,1767826800000,76301.03658,539,2026-01-07 22:00:00+00:00
1767826800000,0.01794,0.01816,0.01785,0.01811,17060346.0,1767830400000,306368.88079,1352,2026-01-07 23:00:00+00:00
1767830400000,0.01811,0.01818,0.01793,0.01814,2814110.0,1767834000000,50817.93285,548,2026-01-08 00:00:00+00:00
1767834000000,0.01815,0.01826,0.01814,0.01821,3650867.0,1767837600000,66450.64789,617,2026-01-08 01:00:00+00:00
1767837600000,0.0182,0.01823,0.01788,0.01793,2844972.0,1767841200000,51393.8918,553,2026-01-08 02:00:00+00:00
1767841200000,0.01793,0.01806,0.01759,0.01767,4366155.0,1767844800000,77712.52329,909,2026-01-08 03:00:00+00:00
1767844800000,0.01768,0.01784,0.01759,0.01775,3504999.0,1767848400000,62024.84593,712,2026-01-08 04:00:00+00:00
1767848400000,0.01776,0.01794,0.01772,0.01774,1984032.0,1767852000000,35377.53901,558,2026-01-08 05:00:00+00:00
1767852000000,0.01774,0.01779,0.01734,0.01741,6992472.0,1767855600000,122580.08495,1217,2026-01-08 06:00:00+00:00
1767855600000,0.01741,0.01773,0.01724,0.01772,7934205.0,1767859200000,138248.96704,1384,2026-01-08 07:00:00+00:00
1767859200000,0.01771,0.01774,0.01744,0.01751,2761146.0,1767862800000,48549.55275,548,2026-01-08 08:00:00+00:00
1767862800000,0.01751,0.01761,0.01723,0.01728,6035078.0,1767866400000,105125.42995,1127,2026-01-08 09:00:00+00:00
1767866400000,0.01729,0.01735,0.017,0.01731,14395904.0,1767870000000,247931.21025,1224,2026-01-08 10:00:00+00:00
1767870000000,0.01731,0.01733,0.01707,0.01718,4971265.0,1767873600000,85234.21705,795,2026-01-08 11:00:00+00:00
1767873600000,0.01717,0.0172,0.01692,0.01704,3891798.0,1767877200000,66319.33125,708,2026-01-08 12:00:00+00:00
1767877200000,0.01703,0.0171,0.01697,0.01706,3189115.0,1767880800000,54355.58756,793,2026-01-08 13:00:00+00:00
1767880800000,0.01705,0.01731,0.01693,0.01723,13877483.0,1767884400000,237389.20587,1512,2026-01-08 14:00:00+00:00
1767884400000,0.01722,0.01777,0.01712,0.01775,6136344.0,1767888000000,106950.35696,1112,2026-01-08 15:00:00+00:00
1767888000000,0.01775,0.0178,0.01747,0.01769,3745618.0,1767891600000,66045.39381,899,2026-01-08 16:00:00+00:00
1767891600000,0.0177,0.01783,0.01757,0.0177,2395557.0,1767895200000,42396.95019,542,2026-01-08 17:00:00+00:00
1767895200000,0.0177,0.01772,0.0175,0.01757,2565131.0,1767898800000,45088.64941,487,2026-01-08 18:00:00+00:00
1767898800000,0.01757,0.01766,0.01745,0.01747,1282925.0,1767902400000,22505.59561,366,2026-01-08 19:00:00+00:00
1767902400000,0.01747,0.01751,0.01731,0.01748,964162.0,1767906000000,16786.69027,278,2026-01-08 20:00:00+00:00
1767906000000,0.01747,0.01768,0.01746,0.01764,916722.0,1767909600000,16111.49776,324,2026-01-08 21:00:00+00:00
1767909600000,0.01765,0.01772,0.01747,0.01761,2156181.0,1767913200000,37929.88978,380,2026-01-08 22:00:00+00:00
1767913200000,0.01761,0.01765,0.01749,0.0175,2868401.0,1767916800000,50360.94557,332,2026-01-08 23:00:00+00:00
1767916800000,0.0175,0.01751,0.01746,0.01747,630778.0,1767920400000,11035.67583,143,2026-01-09 00:00:00+00:00
1767920400000,0.01749,0.0176,0.01726,0.01735,4802561.0,1767924000000,83652.45892,949,2026-01-09 01:00:00+00:00
1767924000000,0.01734,0.01748,0.01733,0.01736,1656154.0,1767927600000,28838.63809,349,2026-01-09 02:00:00+00:00
1767927600000,0.01737,0.01753,0.01732,0.0175,7174215.0,1767931200000,124866.04985,1291,2026-01-09 03:00:00+00:00
1767931200000,0.01751,0.01754,0.0174,0.01743,2172920.0,1767934800000,37958.33222,529,2026-01-09 04:00:00+00:00
1767934800000,0.01745,0.01752,0.0174,0.0175,1572470.0,1767938400000,27442.14778,351,2026-01-09 05:00:00+00:00
1767938400000,0.0175,0.01752,0.01744,0.0175,1508656.0,1767942000000,26357.47873,325,2026-01-09 06:00:00+00:00
1767942000000,0.01749,0.01749,0.01736,0.0174,3382579.0,1767945600000,58896.6195,289,2026-01-09 07:00:00+00:00
1767945600000,0.01739,0.01741,0.01697,0.01712,4545381.0,1767949200000,78208.11884,795,2026-01-09 08:00:00+00:00
1767949200000,0.01713,0.01729,0.01711,0.01719,2124685.0,1767952800000,36607.27145,426,2026-01-09 09:00:00+00:00
1767952800000,0.01719,0.01722,0.0171,0.01717,1197788.0,1767956400000,20554.58971,215,2026-01-09 10:00:00+00:00
1767956400000,0.01717,0.01724,0.01714,0.01716,1324812.0,1767960000000,22754.77523,274,2026-01-09 11:00:00+00:00
1767960000000,0.01714,0.01718,0.01706,0.01713,935658.0,1767963600000,16016.73719,215,2026-01-09 12:00:00+00:00
1767963600000,0.01715,0.01745,0.01715,0.01729,5054970.0,1767967200000,87464.15923,847,2026-01-09 13:00:00+00:00
1767967200000,0.0173,0.01731,0.01701,0.01709,3893947.0,1767970800000,66744.89661,823,2026-01-09 14:00:00+00:00
1767970800000,0.0171,0.01762,0.01692,0.01736,7361459.0,1767974400000,127422.20986,1419,2026-01-09 15:00:00+00:00
1767974400000,0.01737,0.01768,0.01736,0.01752,2787280.0,1767978000000,48919.9019,711,2026-01-09 16:00:00+00:00
1767978000000,0.01753,0.01755,0.01726,0.0175,1544699.0,1767981600000,26875.95928,475,2026-01-09 17:00:00+00:00
1767981600000,0.01749,0.01751,0.01711,0.01727,1535084.0,1767985200000,26508.30007,472,2026-01-09 18:00:00+00:00
1767985200000,0.01726,0.01726,0.01702,0.01708,967066.0,1767988800000,16531.61906,330,2026-01-09 19:00:00+00:00
1767988800000,0.01707,0.01722,0.01704,0.01715,4443091.0,1767992400000,76113.45748,482,2026-01-09 20:00:00+00:00
1767992400000,0.01715,0.01729,0.01708,0.01721,1424716.0,1767996000000,24521.87916,343,2026-01-09 21:00:00+00:00
1767996000000,0.01721,0.01741,0.01715,0.01738,1339718.0,1767999600000,23193.5131,376,2026-01-09 22:00:00+00:00
1767999600000,0.01739,0.01744,0.01734,0.01739,1168503.0,1768003200000,20312.53414,479,2026-01-09 23:00:00+00:00
1768003200000,0.01738,0.01739,0.01729,0.01731,1056166.0,1768006800000,18314.95859,242,2026-01-10 00:00:00+00:00
1768006800000,0.01732,0.01735,0.01724,0.01727,893632.0,1768010400000,15459.67783,222,2026-01-10 01:00:00+00:00
1768010400000,0.01726,0.01726,0.01711,0.01719,2690169.0,1768014000000,46217.90775,387,2026-01-10 02:00:00+00:00
1768014000000,0.01719,0.01735,0.01717,0.01733,1898530.0,1768017600000,32761.22385,356,2026-01-10 03:00:00+00:00
1768017600000,0.01734,0.01735,0.01719,0.01726,1427054.0,1768021200000,24629.29048,357,2026-01-10 04:00:00+00:00
1768021200000,0.01726,0.01726,0.01716,0.01718,642289.0,1768024800000,11060.46248,174,2026-01-10 05:00:00+00:00
1768024800000,0.01718,0.01726,0.01712,0.01719,2206994.0,1768028400000,37892.06849,352,2026-01-10 06:00:00+00:00
1768028400000,0.01719,0.01737,0.01719,0.01735,1332941.0,1768032000000,23077.4964,347,2026-01-10 07:00:00+00:00
1768032000000,0.01734,0.01757,0.01734,0.01753,4520549.0,1768035600000,78999.09868,606,2026-01-10 08:00:00+00:00
1768035600000,0.01753,0.01768,0.0175,0.01765,3454205.0,1768039200000,60818.41343,674,2026-01-10 09:00:00+00:00
1768039200000,0.01765,0.01772,0.01757,0.01771,3520900.0,1768042800000,62079.28865,485,2026-01-10 10:00:00+00:00
1768042800000,0.01771,0.01788,0.01768,0.01787,1632957.0,1768046400000,29039.68517,479,2026-01-10 11:00:00+00:00
1768046400000,0.01787,0.01792,0.01774,0.01784,2380535.0,1768050000000,42404.34997,587,2026-01-10 12:00:00+00:00
1768050000000,0.01783,0.01783,0.01767,0.01771,2934982.0,1768053600000,52036.28229,565,2026-01-10 13:00:00+00:00
1768053600000,0.0177,0.01774,0.0176,0.01768,3531178.0,1768057200000,62345.67928,587,2026-01-10 14:00:00+00:00
1768057200000,0.01768,0.01776,0.01765,0.01767,1239492.0,1768060800000,21929.15962,344,2026-01-10 15:00:00+00:00
1768060800000,0.01767,0.01768,0.01759,0.01763,1087273.0,1768064400000,19155.72304,380,2026-01-10 16:00:00+00:00
1768064400000,0.01763,0.01771,0.01744,0.01747,2322723.0,1768068000000,40873.52493,545,2026-01-10 17:00:00+00:00
1768068000000,0.01747,0.01752,0.01737,0.01749,1666308.0,1768071600000,29111.10605,310,2026-01-10 18:00:00+00:00
1768071600000,0.01748,0.01753,0.01747,0.01753,1064128.0,1768075200000,18617.76004,213,2026-01-10 19:00:00+00:00
1768075200000,0.01752,0.01754,0.01741,0.01743,1005261.0,1768078800000,17541.31657,204,2026-01-10 20:00:00+00:00
1768078800000,0.01743,0.01743,0.01732,0.01733,1253038.0,1768082400000,21766.80787,313,2026-01-10 21:00:00+00:00
1768082400000,0.01731,0.01732,0.01707,0.01711,1499241.0,1768086000000,25816.46851,246,2026-01-10 22:00:00+00:00
1768086000000,0.0171,0.01719,0.01701,0.01713,8150145.0,1768089600000,139284.6327,887,2026-01-10 23:00:00+00:00
1768089600000,0.01712,0.01715,0.01695,0.01713,2222750.0,1768093200000,37898.12166,507,2026-01-11 00:00:00+00:00
1768093200000,0.01713,0.01772,0.01711,0.01761,23082462.0,1768096800000,404085.15255,2672,2026-01-11 01:00:00+00:00
1768096800000,0.01761,0.01762,0.01752,0.01754,3017871.0,1768100400000,53025.81643,654,2026-01-11 02:00:00+00:00
1768100400000,0.01754,0.0176,0.01746,0.01753,1292426.0,1768104000000,22652.43335,289,2026-01-11 03:00:00+00:00
1768104000000,0.01753,0.01755,0.01745,0.01754,1618612.0,1768107600000,28331.18803,316,2026-01-11 04:00:00+00:00
1768107600000,0.01752,0.01773,0.01752,0.01773,2570311.0,1768111200000,45352.95537,471,2026-01-11 05:00:00+00:00
1768111200000,0.01772,0.01772,0.01747,0.01761,1278955.0,1768114800000,22488.2586,292,2026-01-11 06:00:00+00:00
1768114800000,0.0176,0.01764,0.01751,0.01761,709598.0,1768118400000,12471.826,169,2026-01-11 07:00:00+00:00
1768118400000,0.0176,0.01767,0.01754,0.01764,1625235.0,1768122000000,28639.84466,256,2026-01-11 08:00:00+00:00
1768122000000,0.01764,0.01792,0.01763,0.01788,4600251.0,1768125600000,81933.88272,604,2026-01-11 09:00:00+00:00
1768125600000,0.01787,0.01796,0.01771,0.01774,2720425.0,1768129200000,48501.70393,402,2026-01-11 10:00:00+00:00
1768129200000,0.01774,0.01791,0.01773,0.01782,2962102.0,1768132800000,52789.70271,437,2026-01-11 11:00:00+00:00
1768132800000,0.01783,0.01803,0.01782,0.01798,5798830.0,1768136400000,104148.1861,911,2026-01-11 12:00:00+00:00
1768136400000,0.01798,0.01812,0.01784,0.01787,6859046.0,1768140000000,123339.53847,922,2026-01-11 13:00:00+00:00
1768140000000,0.01788,0.01806,0.01788,0.01795,2246220.0,1768143600000,40353.73171,395,2026-01-11 14:00:00+00:00
1768143600000,0.01795,0.01795,0.01764,0.0177,4574315.0,1768147200000,81549.59711,632,2026-01-11 15:00:00+00:00
1768147200000,0.0177,0.01792,0.01762,0.01777,3640640.0,1768150800000,64675.22683,602,2026-01-11 16:00:00+00:00
1768150800000,0.01778,0.01787,0.01767,0.0178,2016881.0,1768154400000,35841.60201,394,2026-01-11 17:00:00+00:00
1768154400000,0.01781,0.01781,0.01757,0.01769,16835088.0,1768158000000,296647.84631,773,2026-01-11 18:00:00+00:00
1768158000000,0.01769,0.01775,0.01754,0.01756,1278045.0,1768161600000,22547.7269,327,2026-01-11 19:00:00+00:00
1768161600000,0.01755,0.01755,0.01727,0.01738,2342435.0,1768165200000,40749.68348,544,2026-01-11 20:00:00+00:00
1768165200000,0.01737,0.0174,0.01727,0.01737,1173573.0,1768168800000,20345.77399,307,2026-01-11 21:00:00+00:00
1768168800000,0.01737,0.01737,0.01708,0.01725,16039486.0,1768172400000,276009.61818,815,2026-01-11 22:00:00+00:00
1768172400000,0.01724,0.01743,0.01698,0.0174,3876356.0,1768176000000,66658.48688,920,2026-01-11 23:00:00+00:00
1768176000000,0.0174,0.01741,0.01697,0.01725,4643639.0,1768179600000,79739.40075,1127,2026-01-12 00:00:00+00:00
1768179600000,0.01726,0.01749,0.0172,0.01728,3261848.0,1768183200000,56547.34789,977,2026-01-12 01:00:00+00:00
1768183200000,0.01729,0.01755,0.01728,0.0175,2247323.0,1768186800000,39149.92896,689,2026-01-12 02:00:00+00:00
1768186800000,0.01751,0.01764,0.01722,0.01722,2791795.0,1768190400000,48682.95707,571,2026-01-12 03:00:00+00:00
1768190400000,0.01724,0.01733,0.01719,0.01729,3153950.0,1768194000000,54398.27712,437,2026-01-12 04:00:00+00:00
1768194000000,0.01728,0.01734,0.01717,0.01721,2000485.0,1768197600000,34514.68198,378,2026-01-12 05:00:00+00:00
1768197600000,0.01721,0.01724,0.01707,0.01711,1452967.0,1768201200000,24912.5662,306,2026-01-12 06:00:00+00:00
1768201200000,0.01712,0.01721,0.01682,0.01686,4002766.0,1768204800000,67849.78594,734,2026-01-12 07:00:00+00:00
1768204800000,0.01685,0.01696,0.01651,0.01669,13736220.0,1768208400000,228982.04912,1381,2026-01-12 08:00:00+00:00
1768208400000,0.01669,0.01676,0.01662,0.01664,2560852.0,1768212000000,42771.94687,475,2026-01-12 09:00:00+00:00
1768212000000,0.01665,0.01678,0.01665,0.01668,2157177.0,1768215600000,36082.78476,390,2026-01-12 10:00:00+00:00
1768215600000,0.01669,0.01686,0.01669,0.01682,2349487.0,1768219200000,39480.49325,313,2026-01-12 11:00:00+00:00
1768219200000,0.01681,0.01684,0.01669,0.01671,1268910.0,1768222800000,21255.13488,407,2026-01-12 12:00:00+00:00
1768222800000,0.01671,0.01675,0.01654,0.01659,2145482.0,1768226400000,35658.82006,416,2026-01-12 13:00:00+00:00
1768226400000,0.01658,0.01695,0.01644,0.01687,7075251.0,1768230000000,118138.46798,1099,2026-01-12 14:00:00+00:00
1768230000000,0.01687,0.01704,0.01684,0.017,2735509.0,1768233600000,46353.21502,554,2026-01-12 15:00:00+00:00
1768233600000,0.01699,0.01718,0.01689,0.01706,5143039.0,1768237200000,87591.9678,703,2026-01-12 16:00:00+00:00
1768237200000,0.01707,0.01711,0.01679,0.01692,5067172.0,1768240800000,85978.13575,639,2026-01-12 17:00:00+00:00
1768240800000,0.01692,0.01709,0.01688,0.01697,1380260.0,1768244400000,23456.37891,323,2026-01-12 18:00:00+00:00
1768244400000,0.01697,0.0171,0.01689,0.01709,1186330.0,1768248000000,20179.48452,329,2026-01-12 19:00:00+00:00
1768248000000,0.01709,0.0172,0.01692,0.01694,1824917.0,1768251600000,31089.03365,341,2026-01-12 20:00:00+00:00
1768251600000,0.01694,0.01694,0.01674,0.01682,1566231.0,1768255200000,26375.20827,295,2026-01-12 21:00:00+00:00
1768255200000,0.01682,0.01695,0.01682,0.01688,1276734.0,1768258800000,21583.22435,176,2026-01-12 22:00:00+00:00
1768258800000,0.01688,0.01689,0.01655,0.01671,14160266.0,1768262400000,236541.01805,758,2026-01-12 23:00:00+00:00
1768262400000,0.0167,0.01679,0.01669,0.01677,3777629.0,1768266000000,63324.70035,363,2026-01-13 00:00:00+00:00
1768266000000,0.01676,0.01681,0.01651,0.01659,1985742.0,1768269600000,33149.93406,269,2026-01-13 01:00:00+00:00
1768269600000,0.0166,0.0167,0.01657,0.01657,2375549.0,1768273200000,39543.02153,423,2026-01-13 02:00:00+00:00
1768273200000,0.01658,0.01668,0.01652,0.01662,1385445.0,1768276800000,22976.15536,253,2026-01-13 03:00:00+00:00
1768276800000,0.01663,0.0167,0.01654,0.01669,1438773.0,1768280400000,23921.48422,203,2026-01-13 04:00:00+00:00
1768280400000,0.0167,0.01691,0.01669,0.01673,764574.0,1768284000000,12827.94623,237,2026-01-13 05:00:00+00:00
1768284000000,0.01674,0.01685,0.0167,0.01683,1726082.0,1768287600000,28965.72136,265,2026-01-13 06:00:00+00:00
1768287600000,0.01684,0.01684,0.01669,0.01671,909692.0,1768291200000,15252.60957,177,2026-01-13 07:00:00+00:00
1768291200000,0.01671,0.01687,0.0167,0.0168,1466158.0,1768294800000,24546.46191,221,2026-01-13 08:00:00+00:00
1768294800000,0.01682,0.01689,0.01676,0.01682,2513190.0,1768298400000,42294.54249,367,2026-01-13 09:00:00+00:00
1768298400000,0.01683,0.01697,0.01681,0.0169,2546603.0,1768302000000,43029.09718,362,2026-01-13 10:00:00+00:00
1768302000000,0.0169,0.01696,0.01685,0.01686,739505.0,1768305600000,12498.72715,254,2026-01-13 11:00:00+00:00
1768305600000,0.01687,0.01689,0.0167,0.01681,9208378.0,1768309200000,154577.14709,1082,2026-01-13 12:00:00+00:00
1768309200000,0.01682,0.017,0.01676,0.01697,5998976.0,1768312800000,101390.77349,1282,2026-01-13 13:00:00+00:00
1768312800000,0.01698,0.01729,0.01692,0.01706,9861933.0,1768316400000,168897.98576,1807,2026-01-13 14:00:00+00:00
1768316400000,0.01705,0.0173,0.01685,0.01729,5528479.0,1768320000000,94386.89389,1233,2026-01-13 15:00:00+00:00
1768320000000,0.01729,0.01745,0.01724,0.01736,5438073.0,1768323600000,94281.1756,1056,2026-01-13 16:00:00+00:00
1768323600000,0.01737,0.01739,0.01717,0.0172,4017017.0,1768327200000,69293.63409,1033,2026-01-13 17:00:00+00:00
1768327200000,0.01719,0.01723,0.01709,0.01715,2784812.0,1768330800000,47810.69246,783,2026-01-13 18:00:00+00:00
1768330800000,0.01717,0.01738,0.01713,0.01733,2267805.0,1768334400000,39196.6777,427,2026-01-13 19:00:00+00:00
1768334400000,0.01735,0.0177,0.01726,0.01735,13329108.0,1768338000000,233153.68512,2432,2026-01-13 20:00:00+00:00
1768338000000,0.01735,0.01746,0.01735,0.01742,1984535.0,1768341600000,34518.32531,348,2026-01-13 21:00:00+00:00
1768341600000,0.01743,0.01828,0.01743,0.01824,13093682.0,1768345200000,235476.86402,4505,2026-01-13 22:00:00+00:00
1768345200000,0.01826,0.01841,0.01783,0.01791,6721335.0,1768348800000,121884.79862,1222,2026-01-13 23:00:00+00:00
1768348800000,0.01792,0.01813,0.01785,0.01803,3406770.0,1768352400000,61249.51019,1131,2026-01-14 00:00:00+00:00
1768352400000,0.01802,0.01821,0.018,0.01804,5513864.0,1768356000000,99824.42462,1563,2026-01-14 01:00:00+00:00
1768356000000,0.01804,0.01826,0.01802,0.01813,4697217.0,1768359600000,85366.88941,963,2026-01-14 02:00:00+00:00
1768359600000,0.01814,0.01829,0.0181,0.01829,8240562.0,1768363200000,149680.3917,887,2026-01-14 03:00:00+00:00
1768363200000,0.01827,0.01831,0.01807,0.01808,4756069.0,1768366800000,86362.32648,676,2026-01-14 04:00:00+00:00
1768366800000,0.01808,0.01813,0.018,0.018,2710165.0,1768370400000,48885.89243,614,2026-01-14 05:00:00+00:00
1768370400000,0.01799,0.01799,0.01777,0.01797,3742114.0,1768374000000,66890.54955,692,2026-01-14 06:00:00+00:00
1768374000000,0.01796,0.01797,0.01778,0.0178,2598628.0,1768377600000,46408.94527,498,2026-01-14 07:00:00+00:00
1768377600000,0.01779,0.0179,0.01766,0.01766,6663178.0,1768381200000,118437.56752,719,2026-01-14 08:00:00+00:00
1768381200000,0.01767,0.01787,0.01767,0.01785,2578052.0,1768384800000,45881.71825,400,2026-01-14 09:00:00+00:00
1768384800000,0.01785,0.01788,0.01765,0.01774,4425497.0,1768388400000,78374.44889,505,2026-01-14 10:00:00+00:00
1768388400000,0.01773,0.01774,0.01757,0.01772,2958243.0,1768392000000,52230.97181,403,2026-01-14 11:00:00+00:00
1768392000000,0.01773,0.01804,0.01773,0.01794,8407023.0,1768395600000,150794.52008,1097,2026-01-14 12:00:00+00:00
1768395600000,0.01794,0.01797,0.01775,0.01778,2588303.0,1768399200000,46322.20776,415,2026-01-14 13:00:00+00:00
1768399200000,0.01778,0.01822,0.01778,0.0181,9600833.0,1768402800000,173517.16307,1259,2026-01-14 14:00:00+00:00
1768402800000,0.01809,0.01835,0.01798,0.01829,16791358.0,1768406400000,305813.44066,2000,2026-01-14 15:00:00+00:00
1768406400000,0.01829,0.0185,0.01823,0.01827,9838360.0,1768410000000,181080.32604,1304,2026-01-14 16:00:00+00:00
1768410000000,0.01826,0.0183,0.01795,0.01802,3927272.0,1768413600000,71001.59203,663,2026-01-14 17:00:00+00:00
1768413600000,0.01801,0.01811,0.01768,0.01783,5613184.0,1768417200000,100583.29806,1685,2026-01-14 18:00:00+00:00
1768417200000,0.01783,0.0181,0.01776,0.01791,3871557.0,1768420800000,69311.08382,826,2026-01-14 19:00:00+00:00
1768420800000,0.0179,0.01803,0.01782,0.0179,2635646.0,1768424400000,47211.27528,693,2026-01-14 20:00:00+00:00
1768424400000,0.01789,0.01792,0.01778,0.01787,2389255.0,1768428000000,42678.65891,468,2026-01-14 21:00:00+00:00
1768428000000,0.01786,0.01786,0.01753,0.01758,2338419.0,1768431600000,41311.1156,285,2026-01-14 22:00:00+00:00
1768431600000,0.01758,0.01778,0.01758,0.0177,7868076.0,1768435200000,138820.46318,717,2026-01-14 23:00:00+00:00
1768435200000,0.01771,0.01777,0.01761,0.01776,4449777.0,1768438800000,78739.68063,615,2026-01-15 00:00:00+00:00
1768438800000,0.01777,0.01813,0.01777,0.01791,13142761.0,1768442400000,236451.48007,2395,2026-01-15 01:00:00+00:00
1768442400000,0.01791,0.01795,0.01763,0.01769,1975266.0,1768446000000,35056.67855,639,2026-01-15 02:00:00+00:00
1768446000000,0.01769,0.01773,0.01727,0.01728,7172847.0,1768449600000,124885.88482,1959,2026-01-15 03:00:00+00:00
1768449600000,0.01727,0.01738,0.01714,0.01735,3710935.0,1768453200000,64092.61547,639,2026-01-15 04:00:00+00:00
1768453200000,0.01735,0.01759,0.01734,0.01751,1403973.0,1768456800000,24526.48221,393,2026-01-15 05:00:00+00:00
1768456800000,0.0175,0.01759,0.01743,0.01747,1759760.0,1768460400000,30836.99297,323,2026-01-15 06:00:00+00:00
1768460400000,0.01746,0.01789,0.01746,0.01787,2140026.0,1768464000000,37971.06027,486,2026-01-15 07:00:00+00:00
1768464000000,0.01786,0.01786,0.01773,0.01783,1590030.0,1768467600000,28316.71115,504,2026-01-15 08:00:00+00:00
1768467600000,0.01784,0.01801,0.0178,0.01794,3724398.0,1768471200000,66672.87605,986,2026-01-15 09:00:00+00:00
1768471200000,0.01795,0.01799,0.01785,0.01794,2846141.0,1768474800000,51022.29638,598,2026-01-15 10:00:00+00:00
1768474800000,0.01793,0.01794,0.01775,0.01782,2005601.0,1768478400000,35794.34593,582,2026-01-15 11:00:00+00:00
1768478400000,0.01781,0.01785,0.01767,0.01785,2593890.0,1768482000000,46071.55207,596,2026-01-15 12:00:00+00:00
1768482000000,0.01785,0.01806,0.01783,0.01785,8756589.0,1768485600000,157350.54813,837,2026-01-15 13:00:00+00:00
1768485600000,0.01785,0.01787,0.01748,0.01765,7082734.0,1768489200000,125601.59021,1759,2026-01-15 14:00:00+00:00
1768489200000,0.01764,0.0177,0.01698,0.01731,13935510.0,1768492800000,239706.60497,3506,2026-01-15 15:00:00+00:00
1768492800000,0.01729,0.01738,0.0171,0.01733,2821000.0,1768496400000,48639.65503,1401,2026-01-15 16:00:00+00:00
1768496400000,0.01734,0.01741,0.0171,0.01711,3560655.0,1768500000000,61485.2369,861,2026-01-15 17:00:00+00:00
1768500000000,0.01712,0.01716,0.01673,0.01683,5776676.0,1768503600000,97776.78949,1858,2026-01-15 18:00:00+00:00
1768503600000,0.01682,0.01689,0.01668,0.01685,2664253.0,1768507200000,44661.12145,1042,2026-01-15 19:00:00+00:00
1768507200000,0.01685,0.01698,0.01672,0.01676,1921037.0,1768510800000,32315.38145,580,2026-01-15 20:00:00+00:00
1768510800000,0.01675,0.01693,0.01674,0.01691,1652711.0,1768514400000,27877.98788,305,2026-01-15 21:00:00+00:00
1768514400000,0.01692,0.01715,0.01691,0.01709,1691320.0,1768518000000,28820.88529,242,2026-01-15 22:00:00+00:00
1768518000000,0.0171,0.0171,0.01701,0.01707,1662394.0,1768521600000,28339.00619,349,2026-01-15 23:00:00+00:00
1768521600000,0.01708,0.01711,0.017,0.017,1301711.0,1768525200000,22209.34143,299,2026-01-16 00:00:00+00:00
1768525200000,0.017,0.01704,0.01696,0.01701,1136330.0,1768528800000,19318.16939,367,2026-01-16 01:00:00+00:00
1768528800000,0.017,0.01719,0.01688,0.01719,2739540.0,1768532400000,46736.71813,509,2026-01-16 02:00:00+00:00
1768532400000,0.0172,0.01721,0.01705,0.01705,549160.0,1768536000000,9394.16189,221,2026-01-16 03:00:00+00:00
1768536000000,0.01705,0.01716,0.01697,0.01705,1963999.0,1768539600000,33527.22851,514,2026-01-16 04:00:00+00:00
1768539600000,0.01705,0.01743,0.01705,0.01728,1759030.0,1768543200000,30348.16719,578,2026-01-16 05:00:00+00:00
1768543200000,0.01727,0.01762,0.01719,0.01757,7043844.0,1768546800000,122605.45254,912,2026-01-16 06:00:00+00:00
1768546800000,0.01757,0.01758,0.01741,0.01752,2639334.0,1768550400000,46135.1713,504,2026-01-16 07:00:00+00:00
1768550400000,0.01752,0.01804,0.01752,0.01788,8461953.0,1768554000000,150996.90163,1265,2026-01-16 08:00:00+00:00
1768554000000,0.01788,0.01834,0.01788,0.01818,23470424.0,1768557600000,425640.3232,2609,2026-01-16 09:00:00+00:00
1768557600000,0.01818,0.01821,0.01799,0.01804,10601445.0,1768561200000,191971.41834,1284,2026-01-16 10:00:00+00:00
1768561200000,0.01803,0.01812,0.01798,0.018,4972460.0,1768564800000,89688.36643,797,2026-01-16 11:00:00+00:00
1768564800000,0.018,0.01807,0.01795,0.01807,3553272.0,1768568400000,63863.02261,704,2026-01-16 12:00:00+00:00
1768568400000,0.01808,0.0182,0.01797,0.01805,5284834.0,1768572000000,95571.87579,881,2026-01-16 13:00:00+00:00
1768572000000,0.01805,0.01814,0.01796,0.01798,2982185.0,1768575600000,53816.25968,746,2026-01-16 14:00:00+00:00
1768575600000,0.01798,0.0183,0.01743,0.01755,10212035.0,1768579200000,181922.23313,1950,2026-01-16 15:00:00+00:00
1768579200000,0.01754,0.01797,0.01748,0.01778,8925934.0,1768582800000,158805.22282,1239,2026-01-16 16:00:00+00:00
1768582800000,0.01779,0.01791,0.01757,0.01791,2532243.0,1768586400000,44811.12957,725,2026-01-16 17:00:00+00:00
1768586400000,0.01792,0.01801,0.01753,0.01761,7935385.0,1768590000000,141020.03399,1062,2026-01-16 18:00:00+00:00
1768590000000,0.01762,0.01768,0.01743,0.01767,1664691.0,1768593600000,29212.67273,510,2026-01-16 19:00:00+00:00
1768593600000,0.01766,0.01817,0.01759,0.01815,3225927.0,1768597200000,57613.20358,644,2026-01-16 20:00:00+00:00
1768597200000,0.01815,0.01818,0.01802,0.01803,2917121.0,1768600800000,52826.58159,642,2026-01-16 21:00:00+00:00
1768600800000,0.01804,0.01805,0.01793,0.01798,2297100.0,1768604400000,41262.16843,414,2026-01-16 22:00:00+00:00
1768604400000,0.01797,0.01798,0.01786,0.01794,2161704.0,1768608000000,38713.1377,400,2026-01-16 23:00:00+00:00
1768608000000,0.01796,0.01825,0.01793,0.01799,9919748.0,1768611600000,179381.45215,1104,2026-01-17 00:00:00+00:00
1768611600000,0.01798,0.01799,0.01783,0.01786,1200590.0,1768615200000,21492.07374,383,2026-01-17 01:00:00+00:00
1768615200000,0.01785,0.01787,0.01759,0.01763,4273962.0,1768618800000,75651.13645,559,2026-01-17 02:00:00+00:00
1768618800000,0.01764,0.01768,0.01756,0.0176,1894599.0,1768622400000,33369.47006,294,2026-01-17 03:00:00+00:00
1768622400000,0.01759,0.01774,0.01757,0.01769,2668844.0,1768626000000,47116.5801,463,2026-01-17 04:00:00+00:00
1768626000000,0.01769,0.01787,0.01766,0.01778,1936968.0,1768629600000,34388.13602,453,2026-01-17 05:00:00+00:00
1768629600000,0.01778,0.01779,0.01763,0.01768,1460950.0,1768633200000,25877.36907,288,2026-01-17 06:00:00+00:00
1768633200000,0.01767,0.01797,0.01759,0.01787,4332870.0,1768636800000,77432.43877,702,2026-01-17 07:00:00+00:00
1768636800000,0.01787,0.01805,0.01787,0.01795,4960914.0,1768640400000,88987.35732,871,2026-01-17 08:00:00+00:00
1768640400000,0.01796,0.01807,0.01781,0.01783,2988353.0,1768644000000,53603.61264,472,2026-01-17 09:00:00+00:00
1768644000000,0.01783,0.01792,0.01778,0.01783,2564672.0,1768647600000,45830.54544,435,2026-01-17 10:00:00+00:00
1768647600000,0.01782,0.01782,0.01766,0.01768,1500108.0,1768651200000,26620.03043,421,2026-01-17 11:00:00+00:00
1768651200000,0.01768,0.01792,0.01766,0.0179,2123731.0,1768654800000,37867.52967,534,2026-01-17 12:00:00+00:00
1768654800000,0.01791,0.01792,0.01774,0.01776,2553596.0,1768658400000,45511.59037,563,2026-01-17 13:00:00+00:00
1768658400000,0.01776,0.01793,0.01767,0.0179,3554101.0,1768662000000,63259.36357,767,2026-01-17 14:00:00+00:00
1768662000000,0.01789,0.01795,0.0176,0.01781,5930814.0,1768665600000,105507.2731,908,2026-01-17 15:00:00+00:00
1768665600000,0.0178,0.0178,0.01746,0.01748,2542199.0,1768669200000,44696.30863,556,2026-01-17 16:00:00+00:00
1768669200000,0.01747,0.01755,0.01736,0.01743,2163709.0,1768672800000,37769.66708,517,2026-01-17 17:00:00+00:00
1768672800000,0.01743,0.01754,0.01738,0.01753,1318637.0,1768676400000,23048.9005,418,2026-01-17 18:00:00+00:00
1768676400000,0.01754,0.01755,0.01746,0.01753,1637419.0,1768680000000,28681.2129,336,2026-01-17 19:00:00+00:00
1768680000000,0.01754,0.01758,0.01746,0.01749,1341497.0,1768683600000,23491.91718,310,2026-01-17 20:00:00+00:00
1768683600000,0.01748,0.01748,0.01739,0.01741,2505533.0,1768687200000,43692.64419,418,2026-01-17 21:00:00+00:00
1768687200000,0.01741,0.01743,0.01722,0.01723,2576986.0,1768690800000,44583.90302,434,2026-01-17 22:00:00+00:00
1768690800000,0.01723,0.01725,0.0171,0.01712,4156366.0,1768694400000,71469.08863,633,2026-01-17 23:00:00+00:00
1768694400000,0.01712,0.01723,0.01703,0.01706,2267779.0,1768698000000,38824.04691,525,2026-01-18 00:00:00+00:00
1768698000000,0.01706,0.01711,0.01688,0.01696,4304392.0,1768701600000,73045.47049,794,2026-01-18 01:00:00+00:00
1768701600000,0.01697,0.01712,0.01694,0.01699,3291650.0,1768705200000,56063.30748,666,2026-01-18 02:00:00+00:00
1768705200000,0.01698,0.01713,0.01698,0.01705,2036273.0,1768708800000,34753.26514,296,2026-01-18 03:00:00+00:00
1768708800000,0.01704,0.01718,0.01698,0.01713,2722942.0,1768712400000,46483.19754,493,2026-01-18 04:00:00+00:00
1768712400000,0.01711,0.01711,0.017,0.01708,1102972.0,1768716000000,18828.41271,384,2026-01-18 05:00:00+00:00
1768716000000,0.01708,0.01714,0.017,0.01702,1120464.0,1768719600000,19093.55621,356,2026-01-18 06:00:00+00:00
1768719600000,0.01702,0.01707,0.01686,0.017,1763431.0,1768723200000,29900.68525,398,2026-01-18 07:00:00+00:00
1768723200000,0.01699,0.01726,0.01699,0.01715,2194443.0,1768726800000,37619.04232,491,2026-01-18 08:00:00+00:00
1768726800000,0.01715,0.01715,0.01703,0.01708,2872371.0,1768730400000,49058.35184,608,2026-01-18 09:00:00+00:00
1768730400000,0.01707,0.01718,0.01702,0.01716,1861087.0,1768734000000,31807.12455,391,2026-01-18 10:00:00+00:00
1768734000000,0.01715,0.01721,0.01711,0.01711,2089545.0,1768737600000,35861.9588,364,2026-01-18 11:00:00+00:00
1768737600000,0.01712,0.01717,0.01703,0.01705,1633283.0,1768741200000,27906.33964,372,2026-01-18 12:00:00+00:00
1768741200000,0.01704,0.01708,0.01694,0.01697,4358364.0,1768744800000,74118.32158,610,2026-01-18 13:00:00+00:00
1768744800000,0.01697,0.01712,0.0169,0.01699,5332749.0,1768748400000,90943.40664,770,2026-01-18 14:00:00+00:00
1768748400000,0.01698,0.01709,0.01692,0.01703,2267315.0,1768752000000,38618.74896,414,2026-01-18 15:00:00+00:00
1768752000000,0.01704,0.01718,0.017,0.01703,3877412.0,1768755600000,66266.33849,498,2026-01-18 16:00:00+00:00
1768755600000,0.01704,0.01722,0.01704,0.01722,3407869.0,1768759200000,58418.00503,623,2026-01-18 17:00:00+00:00
1768759200000,0.01722,0.01746,0.01717,0.01739,2638562.0,1768762800000,45814.90858,484,2026-01-18 18:00:00+00:00
1768762800000,0.0174,0.01745,0.0171,0.01714,3075215.0,1768766400000,53128.15497,448,2026-01-18 19:00:00+00:00
1768766400000,0.01714,0.01732,0.01712,0.01727,1205612.0,1768770000000,20753.50848,305,2026-01-18 20:00:00+00:00
1768770000000,0.01728,0.0173,0.01718,0.01722,421909.0,1768773600000,7275.88345,215,2026-01-18 21:00:00+00:00
1768773600000,0.01722,0.01728,0.01716,0.01721,1750960.0,1768777200000,30124.75133,198,2026-01-18 22:00:00+00:00
1768777200000,0.0172,0.0172,0.0161,0.0161,10959428.0,1768780800000,182173.15932,1926,2026-01-18 23:00:00+00:00
1768780800000,0.0161,0.01611,0.0141,0.01495,55775748.0,1768784400000,838677.27738,11428,2026-01-19 00:00:00+00:00
1768784400000,0.01495,0.01521,0.01492,0.01506,13027949.0,1768788000000,196691.18201,1593,2026-01-19 01:00:00+00:00
1768788000000,0.01506,0.0151,0.01496,0.01501,3159982.0,1768791600000,47488.60102,844,2026-01-19 02:00:00+00:00
1768791600000,0.01501,0.01514,0.01499,0.0151,4059374.0,1768795200000,61182.61147,800,2026-01-19 03:00:00+00:00
1768795200000,0.0151,0.01511,0.01484,0.01484,7013060.0,1768798800000,105168.00436,1101,2026-01-19 04:00:00+00:00
1768798800000,0.01485,0.015,0.01484,0.01494,6553397.0,1768802400000,97743.43771,1483,2026-01-19 05:00:00+00:00
1768802400000,0.01495,0.01509,0.01492,0.01497,3299210.0,1768806000000,49500.18007,1100,2026-01-19 06:00:00+00:00
1768806000000,0.01498,0.01504,0.01491,0.01494,2790028.0,1768809600000,41783.20838,815,2026-01-19 07:00:00+00:00
1768809600000,0.01494,0.01527,0.01491,0.01525,4986158.0,1768813200000,75453.36832,882,2026-01-19 08:00:00+00:00
1768813200000,0.01525,0.01541,0.01517,0.01529,7015354.0,1768816800000,107387.79191,1352,2026-01-19 09:00:00+00:00
1768816800000,0.01529,0.0153,0.01511,0.0152,4510539.0,1768820400000,68583.72942,669,2026-01-19 10:00:00+00:00
1768820400000,0.01521,0.01542,0.01503,0.01529,8452095.0,1768824000000,128864.00169,1130,2026-01-19 11:00:00+00:00
1768824000000,0.0153,0.01549,0.01504,0.01511,10217384.0,1768827600000,156391.1648,1323,2026-01-19 12:00:00+00:00
1768827600000,0.01511,0.01523,0.01507,0.01519,3852434.0,1768831200000,58342.00065,754,2026-01-19 13:00:00+00:00
1768831200000,0.0152,0.0154,0.0152,0.01524,6020446.0,1768834800000,92030.85015,907,2026-01-19 14:00:00+00:00
1768834800000,0.01526,0.01583,0.01512,0.0157,9514252.0,1768838400000,147067.6292,1652,2026-01-19 15:00:00+00:00
1768838400000,0.01569,0.01632,0.01545,0.0159,51665065.0,1768842000000,825733.04764,5538,2026-01-19 16:00:00+00:00
1768842000000,0.0159,0.01614,0.0159,0.01605,6149685.0,1768845600000,98538.71491,1068,2026-01-19 17:00:00+00:00
1768845600000,0.01605,0.01613,0.01564,0.01573,37880610.0,1768849200000,597546.08578,2713,2026-01-19 18:00:00+00:00
1768849200000,0.01574,0.0158,0.01558,0.01561,3777872.0,1768852800000,59373.78931,731,2026-01-19 19:00:00+00:00
1768852800000,0.01562,0.01567,0.01549,0.01555,4148083.0,1768856400000,64552.76159,847,2026-01-19 20:00:00+00:00
1768856400000,0.01556,0.0156,0.01542,0.01546,3765089.0,1768860000000,58276.43397,678,2026-01-19 21:00:00+00:00
1768860000000,0.01546,0.0155,0.01515,0.01515,5295734.0,1768863600000,81104.88723,660,2026-01-19 22:00:00+00:00
1768863600000,0.01518,0.01549,0.01517,0.01533,3600746.0,1768867200000,55222.20606,603,2026-01-19 23:00:00+00:00
1768867200000,0.01533,0.01535,0.01516,0.01516,2760163.0,1768870800000,42075.95351,563,2026-01-20 00:00:00+00:00
1768870800000,0.01517,0.01526,0.01506,0.01512,3484217.0,1768874400000,52698.61576,554,2026-01-20 01:00:00+00:00
1768874400000,0.01512,0.01523,0.01509,0.01511,3187215.0,1768878000000,48278.00536,550,2026-01-20 02:00:00+00:00
1768878000000,0.01512,0.01514,0.01496,0.01504,3645393.0,1768881600000,54855.82141,660,2026-01-20 03:00:00+00:00
1768881600000,0.01504,0.01509,0.01498,0.01499,1901483.0,1768885200000,28564.51683,458,2026-01-20 04:00:00+00:00
1768885200000,0.01499,0.01507,0.01486,0.01494,2841715.0,1768888800000,42494.99747,630,2026-01-20 05:00:00+00:00
1768888800000,0.01495,0.01496,0.01475,0.01478,1656739.0,1768892400000,24552.63965,606,2026-01-20 06:00:00+00:00
1768892400000,0.01479,0.01483,0.01469,0.01469,1719197.0,1768896000000,25391.16603,498,2026-01-20 07:00:00+00:00
1768896000000,0.0147,0.01472,0.01453,0.0146,2431665.0,1768899600000,35549.83549,730,2026-01-20 08:00:00+00:00
1768899600000,0.0146,0.01467,0.01453,0.01457,4252878.0,1768903200000,62077.66901,877,2026-01-20 09:00:00+00:00
1768903200000,0.01457,0.01465,0.01455,0.01461,1162076.0,1768906800000,16971.77358,418,2026-01-20 10:00:00+00:00
1768906800000,0.01462,0.01473,0.0145,0.01454,3265713.0,1768910400000,47589.31385,577,2026-01-20 11:00:00+00:00
1768910400000,0.01453,0.01472,0.01452,0.01456,4647402.0,1768914000000,67959.4097,620,2026-01-20 12:00:00+00:00
1768914000000,0.01456,0.01458,0.0143,0.0143,6862638.0,1768917600000,99299.40774,844,2026-01-20 13:00:00+00:00
1768917600000,0.01431,0.01454,0.0142,0.01437,10266682.0,1768921200000,147284.64758,1281,2026-01-20 14:00:00+00:00
1768921200000,0.01439,0.01442,0.01413,0.01422,6543212.0,1768924800000,93320.17675,1124,2026-01-20 15:00:00+00:00
1768924800000,0.01424,0.01428,0.01403,0.01408,7184876.0,1768928400000,101562.38354,989,2026-01-20 16:00:00+00:00
1768928400000,0.01408,0.01422,0.01382,0.01392,13444241.0,1768932000000,187793.62377,1535,2026-01-20 17:00:00+00:00
1768932000000,0.01393,0.01401,0.01377,0.01383,12113163.0,1768935600000,168701.64646,1018,2026-01-20 18:00:00+00:00
1768935600000,0.01383,0.01395,0.01369,0.01387,8218610.0,1768939200000,113871.10892,877,2026-01-20 19:00:00+00:00
1768939200000,0.01388,0.01413,0.01387,0.01412,3763407.0,1768942800000,52693.04458,593,2026-01-20 20:00:00+00:00
1768942800000,0.01413,0.01416,0.01403,0.01407,4877449.0,1768946400000,68743.74226,753,2026-01-20 21:00:00+00:00
1768946400000,0.01408,0.01418,0.01387,0.01401,4867842.0,1768950000000,68539.91377,386,2026-01-20 22:00:00+00:00
1768950000000,0.01401,0.01403,0.01385,0.01387,6892833.0,1768953600000,95910.87725,488,2026-01-20 23:00:00+00:00
1768953600000,0.01387,0.01457,0.01387,0.01451,8243036.0,1768957200000,116327.48445,816,2026-01-21 00:00:00+00:00
1768957200000,0.0145,0.01451,0.01433,0.01436,5767380.0,1768960800000,83242.27187,578,2026-01-21 01:00:00+00:00
1768960800000,0.01436,0.01453,0.01435,0.01442,6277717.0,1768964400000,90716.28409,712,2026-01-21 02:00:00+00:00
1768964400000,0.01443,0.01448,0.01432,0.01441,3929478.0,1768968000000,56668.88896,320,2026-01-21 03:00:00+00:00
1768968000000,0.0144,0.01455,0.0144,0.01454,1905440.0,1768971600000,27594.34838,218,2026-01-21 04:00:00+00:00
1768971600000,0.01454,0.01488,0.0145,0.01487,4655554.0,1768975200000,68249.28272,508,2026-01-21 05:00:00+00:00
1768975200000,0.01486,0.01495,0.01472,0.0149,6923925.0,1768978800000,102492.49603,501,2026-01-21 06:00:00+00:00
1768978800000,0.0149,0.0153,0.01483,0.01492,17949647.0,1768982400000,270806.13243,2122,2026-01-21 07:00:00+00:00
1768982400000,0.01493,0.01517,0.01484,0.01492,11060565.0,1768986000000,166009.98744,2698,2026-01-21 08:00:00+00:00
1768986000000,0.0149,0.01496,0.01478,0.0149,5729506.0,1768989600000,85205.02299,921,2026-01-21 09:00:00+00:00
1768989600000,0.01491,0.01517,0.01477,0.01479,10142399.0,1768993200000,151544.09295,751,2026-01-21 10:00:00+00:00
1768993200000,0.01479,0.01481,0.0146,0.01462,4379054.0,1768996800000,64507.48851,705,2026-01-21 11:00:00+00:00
1768996800000,0.01463,0.01474,0.01433,0.01466,9999639.0,1769000400000,144991.63655,1259,2026-01-21 12:00:00+00:00
1769000400000,0.01465,0.01466,0.01448,0.01448,2979791.0,1769004000000,43435.75707,442,2026-01-21 13:00:00+00:00
1769004000000,0.01448,0.01541,0.01446,0.01532,19591450.0,1769007600000,293906.85805,2947,2026-01-21 14:00:00+00:00
1769007600000,0.01532,0.01535,0.01486,0.01498,12274231.0,1769011200000,185587.13389,2078,2026-01-21 15:00:00+00:00
1769011200000,0.01498,0.01502,0.01446,0.01452,8400629.0,1769014800000,123342.10233,1499,2026-01-21 16:00:00+00:00
1769014800000,0.01453,0.01468,0.01424,0.01444,8257391.0,1769018400000,118895.3977,1221,2026-01-21 17:00:00+00:00
1769018400000,0.01443,0.01465,0.01439,0.01457,1987764.0,1769022000000,28827.24764,527,2026-01-21 18:00:00+00:00
1769022000000,0.01456,0.01524,0.01456,0.01521,10767777.0,1769025600000,160515.69418,1242,2026-01-21 19:00:00+00:00
1769025600000,0.01525,0.01528,0.01491,0.01515,12363634.0,1769029200000,186509.52518,1189,2026-01-21 20:00:00+00:00
1769029200000,0.01514,0.01525,0.01509,0.01519,3714715.0,1769032800000,56402.75039,702,2026-01-21 21:00:00+00:00
1769032800000,0.01519,0.01554,0.01512,0.01519,20967596.0,1769036400000,321000.53626,1412,2026-01-21 22:00:00+00:00
1769036400000,0.01519,0.01535,0.01504,0.01513,4282608.0,1769040000000,64990.59622,599,2026-01-21 23:00:00+00:00
1769040000000,0.01513,0.0157,0.01513,0.01549,11894336.0,1769043600000,183435.23534,2333,2026-01-22 00:00:00+00:00
1769043600000,0.0155,0.01603,0.01541,0.01592,16866307.0,1769047200000,266484.51712,2949,2026-01-22 01:00:00+00:00
1769047200000,0.01591,0.01619,0.01583,0.016,5039008.0,1769050800000,80764.68377,1288,2026-01-22 02:00:00+00:00
1769050800000,0.01601,0.01602,0.01564,0.01566,3125634.0,1769054400000,49577.21228,906,2026-01-22 03:00:00+00:00
1769054400000,0.01565,0.0158,0.01557,0.01568,4840686.0,1769058000000,75812.00196,1503,2026-01-22 04:00:00+00:00
1769058000000,0.01567,0.01567,0.01543,0.0155,3011481.0,1769061600000,46729.33675,544,2026-01-22 05:00:00+00:00
1769061600000,0.01547,0.01568,0.01536,0.0156,7025240.0,1769065200000,108462.97208,743,2026-01-22 06:00:00+00:00
1769065200000,0.0156,0.01606,0.01557,0.01573,13866470.0,1769068800000,220234.56292,1803,2026-01-22 07:00:00+00:00
1769068800000,0.01573,0.01578,0.01555,0.01563,2863263.0,1769072400000,44799.58286,640,2026-01-22 08:00:00+00:00
1769072400000,0.01562,0.01586,0.01556,0.01576,3399374.0,1769076000000,53455.60843,415,2026-01-22 09:00:00+00:00
1769076000000,0.01577,0.01581,0.01566,0.01574,1013389.0,1769079600000,15941.76234,288,2026-01-22 10:00:00+00:00
1769079600000,0.01572,0.01572,0.01552,0.01559,3372750.0,1769083200000,52659.02403,340,2026-01-22 11:00:00+00:00
1769083200000,0.01558,0.01595,0.01553,0.01566,6120527.0,1769086800000,96498.65808,914,2026-01-22 12:00:00+00:00
1769086800000,0.01565,0.01567,0.01534,0.0154,3852554.0,1769090400000,59928.72088,586,2026-01-22 13:00:00+00:00
1769090400000,0.01539,0.01539,0.01507,0.01513,3958787.0,1769094000000,60308.89239,806,2026-01-22 14:00:00+00:00
1769094000000,0.01512,0.01528,0.01496,0.01516,3190797.0,1769097600000,48354.40928,600,2026-01-22 15:00:00+00:00
1769097600000,0.01516,0.01525,0.01509,0.01521,3380731.0,1769101200000,51222.20791,441,2026-01-22 16:00:00+00:00
1769101200000,0.01521,0.01545,0.01506,0.0154,5270486.0,1769104800000,80554.97692,628,2026-01-22 17:00:00+00:00
1769104800000,0.01539,0.01539,0.01514,0.01515,1966707.0,1769108400000,30043.65014,449,2026-01-22 18:00:00+00:00
1769108400000,0.01515,0.01519,0.01505,0.01513,4899308.0,1769112000000,74044.74985,545,2026-01-22 19:00:00+00:00
1769112000000,0.01511,0.01511,0.01492,0.01503,1888209.0,1769115600000,28382.87054,410,2026-01-22 20:00:00+00:00
1769115600000,0.01504,0.01509,0.01499,0.015,644607.0,1769119200000,9692.41139,216,2026-01-22 21:00:00+00:00
1769119200000,0.01499,0.01507,0.01489,0.01496,3207424.0,1769122800000,47988.89228,466,2026-01-22 22:00:00+00:00
1769122800000,0.01495,0.01507,0.01486,0.01501,1500672.0,1769126400000,22507.24777,335,2026-01-22 23:00:00+00:00
1769126400000,0.01502,0.01505,0.01491,0.01491,1142282.0,1769130000000,17103.07689,280,2026-01-23 00:00:00+00:00
1769130000000,0.01491,0.01501,0.01488,0.01497,13776165.0,1769133600000,205571.13518,800,2026-01-23 01:00:00+00:00
1769133600000,0.01496,0.01499,0.01483,0.01483,2863620.0,1769137200000,42648.53609,373,2026-01-23 02:00:00+00:00
1769137200000,0.01483,0.01495,0.01482,0.01487,2267424.0,1769140800000,33760.88547,311,2026-01-23 03:00:00+00:00
1769140800000,0.01487,0.01504,0.01484,0.01502,2700143.0,1769144400000,40378.70261,312,2026-01-23 04:00:00+00:00
1769144400000,0.01501,0.0153,0.01496,0.01529,3391836.0,1769148000000,51179.16557,475,2026-01-23 05:00:00+00:00
1769148000000,0.01528,0.01562,0.01524,0.0154,10288935.0,1769151600000,159045.66498,1577,2026-01-23 06:00:00+00:00
1769151600000,0.01541,0.01583,0.0154,0.01564,7569265.0,1769155200000,118705.10386,1362,2026-01-23 07:00:00+00:00
1769155200000,0.01563,0.01584,0.01531,0.01533,10373465.0,1769158800000,161554.89353,1375,2026-01-23 08:00:00+00:00
1769158800000,0.01532,0.01547,0.01528,0.0154,4319577.0,1769162400000,66453.06989,969,2026-01-23 09:00:00+00:00
1769162400000,0.01541,0.01617,0.01541,0.016,64137825.0,1769166000000,1019947.09491,6491,2026-01-23 10:00:00+00:00
1769166000000,0.01601,0.01603,0.01566,0.01573,24186230.0,1769169600000,383274.85807,2459,2026-01-23 11:00:00+00:00
1769169600000,0.01574,0.01588,0.01561,0.01571,25453868.0,1769173200000,401341.10228,2968,2026-01-23 12:00:00+00:00
1769173200000,0.01572,0.01616,0.01571,0.01606,31853522.0,1769176800000,508133.28538,3653,2026-01-23 13:00:00+00:00
1769176800000,0.01604,0.01635,0.01566,0.01578,14856415.0,1769180400000,238145.64626,2545,2026-01-23 14:00:00+00:00
1769180400000,0.01579,0.01586,0.01556,0.01582,9811360.0,1769184000000,154236.78307,1553,2026-01-23 15:00:00+00:00
1769184000000,0.01582,0.01595,0.01563,0.01586,4353737.0,1769187600000,68808.11385,1140,2026-01-23 16:00:00+00:00
1769187600000,0.01586,0.01599,0.01568,0.0157,6290093.0,1769191200000,99766.90199,1079,2026-01-23 17:00:00+00:00
1769191200000,0.0157,0.01574,0.0156,0.01561,2645693.0,1769194800000,41486.6304,603,2026-01-23 18:00:00+00:00
1769194800000,0.01561,0.01561,0.01536,0.01538,4089434.0,1769198400000,63162.30504,909,2026-01-23 19:00:00+00:00
1769198400000,0.01538,0.01538,0.01515,0.01524,5217602.0,1769202000000,79621.17583,961,2026-01-23 20:00:00+00:00
1769202000000,0.01524,0.01535,0.01522,0.01526,3471595.0,1769205600000,53060.64267,567,2026-01-23 21:00:00+00:00
1769205600000,0.01526,0.01546,0.01526,0.01546,4617351.0,1769209200000,70835.09858,650,2026-01-23 22:00:00+00:00
1769209200000,0.01545,0.01555,0.01531,0.01531,3305761.0,1769212800000,51056.65231,559,2026-01-23 23:00:00+00:00
1769212800000,0.01531,0.01543,0.01516,0.01518,10408388.0,1769216400000,158977.27503,1048,2026-01-24 00:00:00+00:00
1769216400000,0.01517,0.01552,0.01517,0.01527,7247980.0,1769220000000,110913.29412,1097,2026-01-24 01:00:00+00:00
1769220000000,0.01527,0.01544,0.01525,0.01531,5924118.0,1769223600000,90770.34292,1150,2026-01-24 02:00:00+00:00
1769223600000,0.01531,0.0157,0.01526,0.01552,9852722.0,1769227200000,153041.80581,1501,2026-01-24 03:00:00+00:00
1769227200000,0.01553,0.01553,0.0153,0.01534,4777970.0,1769230800000,73551.29446,696,2026-01-24 04:00:00+00:00
1769230800000,0.01534,0.01535,0.0152,0.01527,2442290.0,1769234400000,37273.97294,541,2026-01-24 05:00:00+00:00
1769234400000,0.01527,0.01556,0.01526,0.0155,5431512.0,1769238000000,83963.93685,784,2026-01-24 06:00:00+00:00
1769238000000,0.0155,0.01552,0.01533,0.01535,6200888.0,1769241600000,95759.42623,881,2026-01-24 07:00:00+00:00
1769241600000,0.01535,0.01547,0.01532,0.01542,3979673.0,1769245200000,61295.34836,622,2026-01-24 08:00:00+00:00
1769245200000,0.01541,0.01541,0.01528,0.0153,1397809.0,1769248800000,21408.08479,378,2026-01-24 09:00:00+00:00
1769248800000,0.01529,0.01541,0.01524,0.01533,4858866.0,1769252400000,74441.81749,810,2026-01-24 10:00:00+00:00
1769252400000,0.01533,0.01542,0.01531,0.01535,1575515.0,1769256000000,24180.04416,481,2026-01-24 11:00:00+00:00
1769256000000,0.01535,0.0155,0.01533,0.01541,10601285.0,1769259600000,163708.37575,2007,2026-01-24 12:00:00+00:00
1769259600000,0.01541,0.01555,0.01536,0.01537,5584598.0,1769263200000,86480.58629,1212,2026-01-24 13:00:00+00:00
1769263200000,0.01537,0.0154,0.0153,0.0153,3989779.0,1769266800000,61232.47359,1056,2026-01-24 14:00:00+00:00
1769266800000,0.01531,0.01546,0.01521,0.01525,7079379.0,1769270400000,108579.04624,1381,2026-01-24 15:00:00+00:00
1769270400000,0.01524,0.01525,0.01507,0.01513,8179223.0,1769274000000,124030.08965,1536,2026-01-24 16:00:00+00:00
1769274000000,0.01513,0.01522,0.01511,0.01519,3074370.0,1769277600000,46625.73948,685,2026-01-24 17:00:00+00:00
1769277600000,0.01518,0.01524,0.01515,0.01519,2821070.0,1769281200000,42852.78558,636,2026-01-24 18:00:00+00:00
1769281200000,0.01518,0.01525,0.01516,0.01517,2189457.0,1769284800000,33281.59387,512,2026-01-24 19:00:00+00:00
1769284800000,0.01517,0.01525,0.01515,0.0152,1783044.0,1769288400000,27110.9744,394,2026-01-24 20:00:00+00:00
1769288400000,0.0152,0.01522,0.01513,0.01518,1261105.0,1769292000000,19139.80286,463,2026-01-24 21:00:00+00:00
1769292000000,0.01518,0.01528,0.01515,0.01524,2865456.0,1769295600000,43556.38982,626,2026-01-24 22:00:00+00:00
1769295600000,0.01525,0.01555,0.01525,0.01552,6560362.0,1769299200000,101480.6075,1636,2026-01-24 23:00:00+00:00
1769299200000,0.01553,0.01689,0.0154,0.01627,71165946.0,1769302800000,1154618.09952,13073,2026-01-25 00:00:00+00:00
1769302800000,0.01627,0.01646,0.0159,0.016,18279424.0,1769306400000,295330.62418,4714,2026-01-25 01:00:00+00:00
1769306400000,0.016,0.01642,0.01594,0.01628,11658848.0,1769310000000,189077.71979,3051,2026-01-25 02:00:00+00:00
1769310000000,0.01628,0.0164,0.01598,0.01611,8207718.0,1769313600000,132606.22953,2333,2026-01-25 03:00:00+00:00
1769313600000,0.0161,0.01656,0.01579,0.01643,9813263.0,1769317200000,158693.02217,3630,2026-01-25 04:00:00+00:00
1769317200000,0.01642,0.01671,0.01632,0.01645,13897697.0,1769320800000,228932.56985,3721,2026-01-25 05:00:00+00:00
1769320800000,0.01646,0.01651,0.0162,0.01623,12166961.0,1769324400000,198755.6508,2507,2026-01-25 06:00:00+00:00
1769324400000,0.01624,0.01678,0.01624,0.01674,27181458.0,1769328000000,450207.4289,7615,2026-01-25 07:00:00+00:00
1769328000000,0.01672,0.01736,0.01666,0.01733,43312578.0,1769331600000,738746.86202,11415,2026-01-25 08:00:00+00:00
1769331600000,0.01732,0.01796,0.01646,0.01663,61727062.0,1769335200000,1069211.52865,20509,2026-01-25 09:00:00+00:00
1769335200000,0.01664,0.01765,0.01664,0.01693,45612582.0,1769338800000,783047.0722,11913,2026-01-25 10:00:00+00:00
1769338800000,0.01694,0.01715,0.01675,0.01691,12495139.0,1769342400000,211522.47913,4007,2026-01-25 11:00:00+00:00
1769342400000,0.0169,0.017,0.01655,0.01665,11155744.0,1769346000000,186628.35451,3329,2026-01-25 12:00:00+00:00
1769346000000,0.01666,0.01669,0.0164,0.01644,9808370.0,1769349600000,161990.79976,2829,2026-01-25 13:00:00+00:00
1769349600000,0.01645,0.01651,0.01604,0.01616,11259652.0,1769353200000,182430.95864,3354,2026-01-25 14:00:00+00:00
1769353200000,0.01616,0.01642,0.01609,0.0162,10829369.0,1769356800000,175575.96248,2728,2026-01-25 15:00:00+00:00
1769356800000,0.01619,0.01622,0.01571,0.01587,17723682.0,1769360400000,281827.5159,4040,2026-01-25 16:00:00+00:00
1769360400000,0.01587,0.01601,0.01574,0.01579,5232574.0,1769364000000,83155.90838,1676,2026-01-25 17:00:00+00:00
1769364000000,0.01577,0.01577,0.01539,0.01545,9820198.0,1769367600000,152660.2867,2587,2026-01-25 18:00:00+00:00
1769367600000,0.01544,0.01553,0.01509,0.01517,7311291.0,1769371200000,111975.98341,2430,2026-01-25 19:00:00+00:00
1769371200000,0.01517,0.01529,0.015,0.01528,4924420.0,1769374800000,74651.64173,1603,2026-01-25 20:00:00+00:00
1769374800000,0.01526,0.01555,0.01526,0.01537,8977717.0,1769378400000,138450.77529,1888,2026-01-25 21:00:00+00:00
1769378400000,0.01538,0.01541,0.01506,0.01511,6712474.0,1769382000000,102388.52589,1151,2026-01-25 22:00:00+00:00
1769382000000,0.01512,0.01512,0.01493,0.015,5585973.0,1769385600000,83800.56694,1609,2026-01-25 23:00:00+00:00
1769385600000,0.01499,0.01534,0.0149,0.01506,6378048.0,1769389200000,96547.22835,2318,2026-01-26 00:00:00+00:00
1769389200000,0.01507,0.01542,0.01504,0.01524,8850811.0,1769392800000,135322.339,2278,2026-01-26 01:00:00+00:00
1769392800000,0.01525,0.01545,0.01518,0.0153,3592658.0,1769396400000,54878.77182,1226,2026-01-26 02:00:00+00:00
1769396400000,0.01531,0.01536,0.015,0.01504,3350005.0,1769400000000,50610.63061,949,2026-01-26 03:00:00+00:00
1769400000000,0.01506,0.01572,0.01506,0.01545,5737960.0,1769403600000,88992.94556,1737,2026-01-26 04:00:00+00:00
1769403600000,0.01546,0.01548,0.0153,0.01531,3635317.0,1769407200000,56017.77407,1034,2026-01-26 05:00:00+00:00
1769407200000,0.01531,0.01534,0.01515,0.0152,3211329.0,1769410800000,48966.42069,1100,2026-01-26 06:00:00+00:00
1769410800000,0.01519,0.01533,0.01513,0.01519,5469488.0,1769414400000,83252.11925,1319,2026-01-26 07:00:00+00:00
1769414400000,0.01518,0.01527,0.01505,0.01511,5657749.0,1769418000000,85662.73993,1711,2026-01-26 08:00:00+00:00
1769418000000,0.01511,0.01515,0.01497,0.01499,4883587.0,1769421600000,73521.16638,1375,2026-01-26 09:00:00+00:00
1769421600000,0.015,0.01522,0.015,0.01508,6924506.0,1769425200000,104436.88971,1341,2026-01-26 10:00:00+00:00
1769425200000,0.0151,0.01513,0.01485,0.01497,15615767.0,1769428800000,234657.31284,1779,2026-01-26 11:00:00+00:00
1769428800000,0.01497,0.01501,0.01493,0.015,4336864.0,1769432400000,64951.52763,973,2026-01-26 12:00:00+00:00
1769432400000,0.01501,0.01514,0.01497,0.01513,3022233.0,1769436000000,45579.26838,791,2026-01-26 13:00:00+00:00
1769436000000,0.01512,0.01579,0.01499,0.01571,14798858.0,1769439600000,228274.55498,2534,2026-01-26 14:00:00+00:00
1769439600000,0.01571,0.01592,0.01554,0.01582,13365811.0,1769443200000,210454.08953,3199,2026-01-26 15:00:00+00:00
1769443200000,0.01581,0.01604,0.0156,0.01564,7631616.0,1769446800000,120680.94599,2177,2026-01-26 16:00:00+00:00
1769446800000,0.01564,0.01569,0.01535,0.01546,9555083.0,1769450400000,147599.02043,1851,2026-01-26 17:00:00+00:00
1769450400000,0.01545,0.01556,0.01534,0.0154,4115140.0,1769454000000,63550.21832,1262,2026-01-26 18:00:00+00:00
1769454000000,0.01541,0.01546,0.01526,0.01527,5300950.0,1769457600000,81144.80425,1541,2026-01-26 19:00:00+00:00
1769457600000,0.01528,0.01534,0.01519,0.01526,2674596.0,1769461200000,40836.93806,902,2026-01-26 20:00:00+00:00
1769461200000,0.01524,0.01549,0.01522,0.01544,2530691.0,1769464800000,38885.6878,927,2026-01-26 21:00:00+00:00
1769464800000,0.01545,0.01549,0.01525,0.01526,1360464.0,1769468400000,20915.70511,807,2026-01-26 22:00:00+00:00
1769468400000,0.01526,0.01533,0.01515,0.01515,2473884.0,1769472000000,37733.68474,1142,2026-01-26 23:00:00+00:00
1769472000000,0.01515,0.01516,0.01495,0.01508,18597679.0,1769475600000,280004.64276,2571,2026-01-27 00:00:00+00:00
1769475600000,0.01508,0.01526,0.01502,0.01522,2337070.0,1769479200000,35421.53491,788,2026-01-27 01:00:00+00:00
1769479200000,0.01522,0.01544,0.01521,0.01539,4594534.0,1769482800000,70319.91823,1299,2026-01-27 02:00:00+00:00
1769482800000,0.01537,0.01537,0.01511,0.01515,3237593.0,1769486400000,49247.29492,627,2026-01-27 03:00:00+00:00
1769486400000,0.01515,0.01517,0.01502,0.01507,2040716.0,1769490000000,30808.01842,566,2026-01-27 04:00:00+00:00
1769490000000,0.01507,0.01516,0.01497,0.01511,3923789.0,1769493600000,59050.35407,871,2026-01-27 05:00:00+00:00
1769493600000,0.01512,0.01512,0.01494,0.015,3213334.0,1769497200000,48328.76377,807,2026-01-27 06:00:00+00:00
1769497200000,0.01501,0.01514,0.01501,0.01513,2125846.0,1769500800000,32014.55806,781,2026-01-27 07:00:00+00:00
1769500800000,0.01512,0.01521,0.01506,0.01506,4421620.0,1769504400000,66971.02498,1040,2026-01-27 08:00:00+00:00
1769504400000,0.01506,0.01508,0.01495,0.015,2506059.0,1769508000000,37631.32463,858,2026-01-27 09:00:00+00:00
1769508000000,0.015,0.01507,0.01495,0.01497,1711396.0,1769511600000,25675.64449,697,2026-01-27 10:00:00+00:00
1769511600000,0.01498,0.0152,0.01495,0.01509,2646053.0,1769515200000,39858.99261,624,2026-01-27 11:00:00+00:00
1769515200000,0.01508,0.01508,0.01491,0.01494,2756256.0,1769518800000,41330.15976,606,2026-01-27 12:00:00+00:00
1769518800000,0.01495,0.01499,0.01477,0.01478,3239818.0,1769522400000,48202.45559,813,2026-01-27 13:00:00+00:00
1769522400000,0.01477,0.01494,0.01467,0.01471,6644579.0,1769526000000,98079.65087,1618,2026-01-27 14:00:00+00:00
1769526000000,0.01471,0.01487,0.01461,0.01485,4905906.0,1769529600000,72317.4663,1473,2026-01-27 15:00:00+00:00
1769529600000,0.01485,0.01504,0.01479,0.01485,28904106.0,1769533200000,428976.72284,3349,2026-01-27 16:00:00+00:00
1769533200000,0.01486,0.01486,0.01457,0.01463,8373041.0,1769536800000,122715.14682,1728,2026-01-27 17:00:00+00:00
1769536800000,0.01461,0.01504,0.01458,0.01502,13795135.0,1769540400000,203219.89829,1728,2026-01-27 18:00:00+00:00
1769540400000,0.01501,0.01516,0.01494,0.01512,8081572.0,1769544000000,121968.23767,1092,2026-01-27 19:00:00+00:00
1769544000000,0.01511,0.01553,0.01506,0.01538,15390530.0,1769547600000,236178.99065,1888,2026-01-27 20:00:00+00:00
1769547600000,0.01538,0.01538,0.01521,0.01525,15017266.0,1769551200000,229787.96896,1353,2026-01-27 21:00:00+00:00
1769551200000,0.01526,0.0153,0.01521,0.01526,2665759.0,1769554800000,40681.04928,738,2026-01-27 22:00:00+00:00
1769554800000,0.01525,0.01549,0.01517,0.01543,4421919.0,1769558400000,67930.07126,1258,2026-01-27 23:00:00+00:00
1769558400000,0.01544,0.01546,0.01522,0.01539,3946902.0,1769562000000,60603.9657,1238,2026-01-28 00:00:00+00:00
1769562000000,0.0154,0.01566,0.01535,0.01554,3896155.0,1769565600000,60349.84537,1510,2026-01-28 01:00:00+00:00
1769565600000,0.01554,0.01569,0.01534,0.01536,5969404.0,1769569200000,92768.56797,1800,2026-01-28 02:00:00+00:00
1769569200000,0.01535,0.01543,0.01523,0.01536,2589334.0,1769572800000,39610.41258,1097,2026-01-28 03:00:00+00:00
1769572800000,0.01536,0.01536,0.01509,0.01512,2210383.0,1769576400000,33513.11507,1088,2026-01-28 04:00:00+00:00
1769576400000,0.01513,0.01523,0.01504,0.01515,3082437.0,1769580000000,46604.35043,1120,2026-01-28 05:00:00+00:00
1769580000000,0.01516,0.01524,0.01508,0.01518,2804981.0,1769583600000,42614.7398,1041,2026-01-28 06:00:00+00:00
1769583600000,0.01518,0.01527,0.01513,0.01518,2538022.0,1769587200000,38560.43012,744,2026-01-28 07:00:00+00:00
1769587200000,0.01518,0.01526,0.0151,0.01521,2319859.0,1769590800000,35266.19478,1057,2026-01-28 08:00:00+00:00
1769590800000,0.01521,0.01537,0.01509,0.01537,1996388.0,1769594400000,30369.1549,966,2026-01-28 09:00:00+00:00
1769594400000,0.01537,0.01538,0.01524,0.01526,2937586.0,1769598000000,44930.53648,1133,2026-01-28 10:00:00+00:00
1769598000000,0.01525,0.01535,0.01517,0.01534,3143081.0,1769601600000,47934.79603,1367,2026-01-28 11:00:00+00:00
1769601600000,0.01533,0.01533,0.01507,0.01508,5258905.0,1769605200000,79612.26851,1268,2026-01-28 12:00:00+00:00
1769605200000,0.01508,0.01518,0.01506,0.0151,2877462.0,1769608800000,43505.64989,1250,2026-01-28 13:00:00+00:00
1769608800000,0.01511,0.0152,0.01496,0.01498,11596257.0,1769612400000,174281.92867,2003,2026-01-28 14:00:00+00:00
1769612400000,0.01498,0.01505,0.01484,0.01489,3528276.0,1769616000000,52739.17759,1622,2026-01-28 15:00:00+00:00
1769616000000,0.01489,0.01537,0.01489,0.01508,7036674.0,1769619600000,106842.6908,2786,2026-01-28 16:00:00+00:00
1769619600000,0.01508,0.01552,0.01507,0.01539,4456392.0,1769623200000,68155.21534,1650,2026-01-28 17:00:00+00:00
1769623200000,0.01538,0.0154,0.01517,0.01522,3345071.0,1769626800000,51058.21068,1036,2026-01-28 18:00:00+00:00
1769626800000,0.01522,0.01531,0.01511,0.01518,3576482.0,1769630400000,54460.22774,1715,2026-01-28 19:00:00+00:00
1769630400000,0.01518,0.01531,0.01508,0.01514,1639356.0,1769634000000,24902.72224,1014,2026-01-28 20:00:00+00:00
1769634000000,0.01515,0.01524,0.01503,0.01515,3252456.0,1769637600000,49223.46321,1157,2026-01-28 21:00:00+00:00
1769637600000,0.01516,0.01538,0.01503,0.0153,2595239.0,1769641200000,39359.59606,806,2026-01-28 22:00:00+00:00
1769641200000,0.01531,0.01535,0.01511,0.01515,2084739.0,1769644800000,31668.40482,889,2026-01-28 23:00:00+00:00
1769644800000,0.01516,0.01521,0.0149,0.015,1884081.0,1769648400000,28267.87065,930,2026-01-29 00:00:00+00:00
1769648400000,0.01501,0.01506,0.01478,0.01482,2232564.0,1769652000000,33271.72415,910,2026-01-29 01:00:00+00:00
1769652000000,0.01481,0.01487,0.01444,0.01452,4594265.0,1769655600000,67164.08957,1817,2026-01-29 02:00:00+00:00
1769655600000,0.01453,0.01465,0.01448,0.01455,2542590.0,1769659200000,37018.68315,889,2026-01-29 03:00:00+00:00
1769659200000,0.01454,0.01461,0.01451,0.01458,1063424.0,1769662800000,15477.54826,519,2026-01-29 04:00:00+00:00
1769662800000,0.01457,0.01461,0.01448,0.01451,1613044.0,1769666400000,23418.34987,315,2026-01-29 05:00:00+00:00
1769666400000,0.01451,0.0146,0.01448,0.01454,2215969.0,1769670000000,32232.04601,564,2026-01-29 06:00:00+00:00
1769670000000,0.01455,0.01466,0.01454,0.01457,1273261.0,1769673600000,18593.16121,462,2026-01-29 07:00:00+00:00
1769673600000,0.01456,0.01456,0.01436,0.01448,3142944.0,1769677200000,45506.82291,777,2026-01-29 08:00:00+00:00
1769677200000,0.01448,0.01451,0.01439,0.01445,1814050.0,1769680800000,26205.25454,453,2026-01-29 09:00:00+00:00
1769680800000,0.01444,0.01454,0.01442,0.01442,1990723.0,1769684400000,28843.57014,620,2026-01-29 10:00:00+00:00
1769684400000,0.01443,0.0145,0.01436,0.0144,2362459.0,1769688000000,34059.61962,633,2026-01-29 11:00:00+00:00
1769688000000,0.01439,0.0145,0.01434,0.01442,2132378.0,1769691600000,30731.52534,685,2026-01-29 12:00:00+00:00
1769691600000,0.01441,0.01448,0.01437,0.01443,1836125.0,1769695200000,26458.12155,657,2026-01-29 13:00:00+00:00
1769695200000,0.01444,0.01446,0.01404,0.01407,3279229.0,1769698800000,46892.01711,1479,2026-01-29 14:00:00+00:00
1769698800000,0.01408,0.01408,0.01347,0.01377,23689009.0,1769702400000,325010.69772,7210,2026-01-29 15:00:00+00:00
1769702400000,0.01377,0.01402,0.01361,0.01398,9718408.0,1769706000000,134895.2515,2057,2026-01-29 16:00:00+00:00
1769706000000,0.01398,0.01414,0.01373,0.0138,8418501.0,1769709600000,117198.97671,1596,2026-01-29 17:00:00+00:00
1769709600000,0.0138,0.01383,0.01355,0.01359,5344618.0,1769713200000,73240.52007,1484,2026-01-29 18:00:00+00:00
1769713200000,0.01358,0.01378,0.01353,0.01369,5459375.0,1769716800000,74670.32381,1475,2026-01-29 19:00:00+00:00
1769716800000,0.0137,0.01389,0.01364,0.01387,2589271.0,1769720400000,35655.4938,950,2026-01-29 20:00:00+00:00
1769720400000,0.01388,0.01399,0.01383,0.01389,2621883.0,1769724000000,36468.09704,1050,2026-01-29 21:00:00+00:00
1769724000000,0.01389,0.01395,0.01378,0.0138,1641415.0,1769727600000,22726.62831,414,2026-01-29 22:00:00+00:00
1769727600000,0.01379,0.01379,0.01371,0.01376,819038.0,1769731200000,11264.46446,440,2026-01-29 23:00:00+00:00
1769731200000,0.01376,0.0138,0.01364,0.0138,882447.0,1769734800000,12117.21034,327,2026-01-30 00:00:00+00:00
1769734800000,0.0138,0.01382,0.0132,0.01364,12550225.0,1769738400000,169475.46723,3877,2026-01-30 01:00:00+00:00
1769738400000,0.01363,0.01363,0.01321,0.01338,3910395.0,1769742000000,52320.9913,1533,2026-01-30 02:00:00+00:00
1769742000000,0.01338,0.01354,0.01336,0.01344,2147089.0,1769745600000,28890.60231,596,2026-01-30 03:00:00+00:00
1769745600000,0.01344,0.01362,0.01343,0.01354,1620775.0,1769749200000,21967.37607,548,2026-01-30 04:00:00+00:00
1769749200000,0.01354,0.01359,0.0135,0.01356,979075.0,1769752800000,13272.09235,359,2026-01-30 05:00:00+00:00
1769752800000,0.01355,0.01355,0.01331,0.0134,2005576.0,1769756400000,26917.39358,897,2026-01-30 06:00:00+00:00
1769756400000,0.01341,0.01374,0.01341,0.01359,1826571.0,1769760000000,24798.53193,991,2026-01-30 07:00:00+00:00
1769760000000,0.01358,0.01364,0.01347,0.01355,1624885.0,1769763600000,22022.40754,831,2026-01-30 08:00:00+00:00
1769763600000,0.01356,0.0136,0.01342,0.01348,1302759.0,1769767200000,17582.69672,717,2026-01-30 09:00:00+00:00
1769767200000,0.01348,0.01362,0.01342,0.01359,5489388.0,1769770800000,74269.73668,1070,2026-01-30 10:00:00+00:00
1769770800000,0.01359,0.0138,0.01355,0.01371,2911495.0,1769774400000,39771.43543,1169,2026-01-30 11:00:00+00:00
1769774400000,0.01372,0.01373,0.01357,0.0136,2313471.0,1769778000000,31541.1575,549,2026-01-30 12:00:00+00:00
1769778000000,0.0136,0.01365,0.01343,0.01353,3622045.0,1769781600000,48981.36577,1101,2026-01-30 13:00:00+00:00
1769781600000,0.01354,0.01373,0.01352,0.01358,3841805.0,1769785200000,52346.80948,1685,2026-01-30 14:00:00+00:00
1769785200000,0.01359,0.01371,0.01337,0.01361,4646016.0,1769788800000,62998.4063,2346,2026-01-30 15:00:00+00:00
1769788800000,0.0136,0.01373,0.0135,0.01358,4521601.0,1769792400000,61554.46585,1785,2026-01-30 16:00:00+00:00
1769792400000,0.01359,0.01371,0.01351,0.01356,5198061.0,1769796000000,70751.93665,1576,2026-01-30 17:00:00+00:00
1769796000000,0.01356,0.01384,0.01321,0.01377,7605876.0,1769799600000,102743.16841,3630,2026-01-30 18:00:00+00:00
1769799600000,0.01377,0.01399,0.01376,0.01387,7121055.0,1769803200000,98627.36196,1902,2026-01-30 19:00:00+00:00
1769803200000,0.01386,0.01386,0.01363,0.01369,4708661.0,1769806800000,64825.16534,2173,2026-01-30 20:00:00+00:00
1769806800000,0.0137,0.01385,0.01368,0.01379,2423665.0,1769810400000,33378.1319,1128,2026-01-30 21:00:00+00:00
1769810400000,0.01378,0.01382,0.01363,0.01372,3401525.0,1769814000000,46509.43715,639,2026-01-30 22:00:00+00:00
1769814000000,0.01373,0.01375,0.01361,0.01369,2388586.0,1769817600000,32639.63166,591,2026-01-30 23:00:00+00:00
1769817600000,0.01368,0.01372,0.01355,0.0136,1678880.0,1769821200000,22886.17952,803,2026-01-31 00:00:00+00:00
1769821200000,0.0136,0.01366,0.01354,0.01357,851394.0,1769824800000,11583.40592,525,2026-01-31 01:00:00+00:00
1769824800000,0.01356,0.01356,0.01343,0.01353,1405778.0,1769828400000,18956.57525,487,2026-01-31 02:00:00+00:00
1769828400000,0.01352,0.01355,0.01349,0.0135,1021130.0,1769832000000,13805.63124,405,2026-01-31 03:00:00+00:00
1769832000000,0.0135,0.01356,0.01341,0.01343,703026.0,1769835600000,9486.51721,304,2026-01-31 04:00:00+00:00
1769835600000,0.01343,0.01354,0.0134,0.01352,863991.0,1769839200000,11611.05097,369,2026-01-31 05:00:00+00:00
1769839200000,0.01352,0.01352,0.01329,0.01339,3155919.0,1769842800000,42251.27853,773,2026-01-31 06:00:00+00:00
1769842800000,0.01339,0.0134,0.01321,0.01332,2003712.0,1769846400000,26694.11025,654,2026-01-31 07:00:00+00:00
1769846400000,0.01333,0.01334,0.01292,0.01307,9623489.0,1769850000000,125520.5145,2592,2026-01-31 08:00:00+00:00
1769850000000,0.01308,0.01317,0.01302,0.01305,3407634.0,1769853600000,44545.33472,856,2026-01-31 09:00:00+00:00
1769853600000,0.01304,0.01315,0.013,0.01305,1092123.0,1769857200000,14286.23245,429,2026-01-31 10:00:00+00:00
1769857200000,0.01305,0.01305,0.0129,0.01292,2736459.0,1769860800000,35511.44809,566,2026-01-31 11:00:00+00:00
1769860800000,0.01292,0.01297,0.01286,0.01288,4795709.0,1769864400000,61904.45127,933,2026-01-31 12:00:00+00:00
1769864400000,0.01288,0.01289,0.01279,0.01285,2226749.0,1769868000000,28618.57758,712,2026-01-31 13:00:00+00:00
1769868000000,0.01285,0.01288,0.01197,0.0123,23745979.0,1769871600000,292403.77661,6407,2026-01-31 14:00:00+00:00
1769871600000,0.01229,0.01246,0.01227,0.0123,6865631.0,1769875200000,84751.91201,1939,2026-01-31 15:00:00+00:00
1769875200000,0.0123,0.01252,0.01211,0.01216,11247881.0,1769878800000,138289.20859,3720,2026-01-31 16:00:00+00:00
1769878800000,0.01217,0.0122,0.01124,0.01158,28524726.0,1769882400000,332333.23812,8870,2026-01-31 17:00:00+00:00
1769882400000,0.01159,0.01166,0.01065,0.01147,32741019.0,1769886000000,368701.33179,8372,2026-01-31 18:00:00+00:00
1769886000000,0.01146,0.01166,0.01143,0.01157,13685694.0,1769889600000,157900.11427,3958,2026-01-31 19:00:00+00:00
1769889600000,0.01157,0.01167,0.0114,0.01162,8009355.0,1769893200000,92442.11125,2462,2026-01-31 20:00:00+00:00
1769893200000,0.01161,0.01194,0.01159,0.01185,4812780.0,1769896800000,56560.28261,1809,2026-01-31 21:00:00+00:00
1769896800000,0.01186,0.01189,0.01171,0.01176,5459558.0,1769900400000,64275.57748,887,2026-01-31 22:00:00+00:00
1769900400000,0.01178,0.01209,0.01174,0.01204,4183369.0,1769904000000,50058.59246,1813,2026-01-31 23:00:00+00:00
1769904000000,0.01203,0.01217,0.01195,0.01207,3129388.0,1769907600000,37743.06821,1106,2026-02-01 00:00:00+00:00
1769907600000,0.01206,0.01208,0.01189,0.01207,2045318.0,1769911200000,24506.05962,850,2026-02-01 01:00:00+00:00
1769911200000,0.01208,0.01226,0.01205,0.01217,2844037.0,1769914800000,34466.12346,899,2026-02-01 02:00:00+00:00
1769914800000,0.01216,0.01252,0.01212,0.01248,24080336.0,1769918400000,298755.90519,3954,2026-02-01 03:00:00+00:00
1769918400000,0.01247,0.01281,0.0124,0.01275,28826280.0,1769922000000,362890.38498,4031,2026-02-01 04:00:00+00:00
1769922000000,0.01275,0.01285,0.0126,0.01281,15337029.0,1769925600000,195773.8481,1963,2026-02-01 05:00:00+00:00
1769925600000,0.01282,0.01289,0.01263,0.01264,3998896.0,1769929200000,51160.14448,1078,2026-02-01 06:00:00+00:00
1769929200000,0.01265,0.01282,0.01254,0.01259,7192669.0,1769932800000,91298.35696,1763,2026-02-01 07:00:00+00:00
1769932800000,0.01259,0.01277,0.01258,0.01266,2114634.0,1769936400000,26828.3952,817,2026-02-01 08:00:00+00:00
1769936400000,0.01266,0.01273,0.01256,0.01271,3778308.0,1769940000000,47726.45308,946,2026-02-01 09:00:00+00:00
1769940000000,0.01272,0.01298,0.01234,0.01234,9843923.0,1769943600000,124954.29613,2210,2026-02-01 10:00:00+00:00
1769943600000,0.01234,0.01244,0.01231,0.01236,4305004.0,1769947200000,53218.83915,962,2026-02-01 11:00:00+00:00
1769947200000,0.01238,0.01239,0.01218,0.01224,5487380.0,1769950800000,67147.14915,1082,2026-02-01 12:00:00+00:00
1769950800000,0.01225,0.01234,0.01213,0.01217,6154524.0,1769954400000,75240.30575,1067,2026-02-01 13:00:00+00:00
1769954400000,0.01217,0.01217,0.01189,0.01203,5018106.0,1769958000000,60336.99404,1850,2026-02-01 14:00:00+00:00
1769958000000,0.01202,0.01203,0.01164,0.01182,6719441.0,1769961600000,79171.88011,2315,2026-02-01 15:00:00+00:00
1769961600000,0.01182,0.01198,0.01171,0.01181,5915949.0,1769965200000,70038.45985,2161,2026-02-01 16:00:00+00:00
1769965200000,0.01182,0.01191,0.01177,0.01188,3439796.0,1769968800000,40724.53589,1206,2026-02-01 17:00:00+00:00
1769968800000,0.01188,0.01216,0.01188,0.01198,4548078.0,1769972400000,54623.25927,1624,2026-02-01 18:00:00+00:00
1769972400000,0.01197,0.01201,0.0118,0.01186,1891695.0,1769976000000,22549.84284,744,2026-02-01 19:00:00+00:00
1769976000000,0.01186,0.012,0.01172,0.01182,3265821.0,1769979600000,38741.63413,1195,2026-02-01 20:00:00+00:00
1769979600000,0.01182,0.01182,0.01167,0.0117,1481946.0,1769983200000,17366.42882,982,2026-02-01 21:00:00+00:00
1769983200000,0.01171,0.01194,0.01169,0.01184,1665687.0,1769986800000,19705.89459,1020,2026-02-01 22:00:00+00:00
1769986800000,0.01183,0.0119,0.01142,0.01167,8455676.0,1769990400000,98697.41159,3970,2026-02-01 23:00:00+00:00
1769990400000,0.01168,0.01195,0.01156,0.01184,5417959.0,1769994000000,64081.11173,2296,2026-02-02 00:00:00+00:00
1769994000000,0.01184,0.01199,0.01164,0.01189,5645427.0,1769997600000,66916.35641,2269,2026-02-02 01:00:00+00:00
1769997600000,0.0119,0.01195,0.01177,0.01179,1891809.0,1770001200000,22396.80661,1110,2026-02-02 02:00:00+00:00
1770001200000,0.01179,0.01186,0.01129,0.01183,13952005.0,1770004800000,160754.22482,5126,2026-02-02 03:00:00+00:00
1770004800000,0.01184,0.01204,0.01161,0.01181,3947284.0,1770008400000,46623.32705,2016,2026-02-02 04:00:00+00:00
1770008400000,0.0118,0.0118,0.01154,0.01168,6107454.0,1770012000000,71143.87641,2477,2026-02-02 05:00:00+00:00
1770012000000,0.01167,0.01212,0.01154,0.01195,9678076.0,1770015600000,114339.75387,3941,2026-02-02 06:00:00+00:00
1770015600000,0.01195,0.01215,0.01194,0.012,4729954.0,1770019200000,56973.48392,2027,2026-02-02 07:00:00+00:00
1770019200000,0.01199,0.0121,0.01192,0.01205,5529242.0,1770022800000,66402.08135,1839,2026-02-02 08:00:00+00:00
1770022800000,0.01206,0.01228,0.01178,0.01202,57057755.0,1770026400000,686688.97225,7605,2026-02-02 09:00:00+00:00
1770026400000,0.01203,0.01208,0.01195,0.01198,3054403.0,1770030000000,36636.25019,826,2026-02-02 10:00:00+00:00
1770030000000,0.01198,0.01205,0.01195,0.01196,3001592.0,1770033600000,36005.06367,780,2026-02-02 11:00:00+00:00
1770033600000,0.01197,0.01205,0.01194,0.01202,4467185.0,1770037200000,53581.99506,1104,2026-02-02 12:00:00+00:00
1770037200000,0.01202,0.01218,0.01195,0.01215,3695519.0,1770040800000,44496.53223,996,2026-02-02 13:00:00+00:00
1770040800000,0.01214,0.01241,0.01205,0.01225,7061280.0,1770044400000,86507.54547,2631,2026-02-02 14:00:00+00:00
1770044400000,0.01224,0.01254,0.01221,0.01248,10113836.0,1770048000000,125425.87864,2568,2026-02-02 15:00:00+00:00
1770048000000,0.01248,0.0125,0.01219,0.01225,26237490.0,1770051600000,322065.82153,1884,2026-02-02 16:00:00+00:00
1770051600000,0.01226,0.01234,0.01215,0.01219,2825117.0,1770055200000,34662.32722,902,2026-02-02 17:00:00+00:00
1770055200000,0.0122,0.01223,0.0121,0.01217,3478280.0,1770058800000,42307.88933,783,2026-02-02 18:00:00+00:00
1770058800000,0.01217,0.0122,0.01209,0.01212,2396737.0,1770062400000,29130.32354,564,2026-02-02 19:00:00+00:00
1770062400000,0.01211,0.01223,0.01208,0.01211,2568906.0,1770066000000,31218.18208,759,2026-02-02 20:00:00+00:00
1770066000000,0.01211,0.01222,0.01211,0.01221,1161747.0,1770069600000,14128.08443,398,2026-02-02 21:00:00+00:00
1770069600000,0.01222,0.01232,0.01222,0.01226,707282.0,1770073200000,8680.02707,426,2026-02-02 22:00:00+00:00
1770073200000,0.01226,0.01231,0.01224,0.01226,722195.0,1770076800000,8858.71126,435,2026-02-02 23:00:00+00:00
1770076800000,0.01226,0.01228,0.01211,0.01221,1408698.0,1770080400000,17156.04065,619,2026-02-03 00:00:00+00:00
1770080400000,0.0122,0.01222,0.01207,0.01209,1150616.0,1770084000000,13956.08773,557,2026-02-03 01:00:00+00:00
1770084000000,0.01209,0.01209,0.01186,0.01186,4423028.0,1770087600000,53039.98196,828,2026-02-03 02:00:00+00:00
1770087600000,0.01186,0.01212,0.0118,0.01211,4219684.0,1770091200000,50460.39657,1106,2026-02-03 03:00:00+00:00
1770091200000,0.0121,0.01223,0.01207,0.01222,1321716.0,1770094800000,16042.76139,624,2026-02-03 04:00:00+00:00
1770094800000,0.01222,0.01222,0.01209,0.0121,1528352.0,1770098400000,18585.64237,579,2026-02-03 05:00:00+00:00
1770098400000,0.0121,0.01212,0.01197,0.01206,5024596.0,1770102000000,60396.47782,865,2026-02-03 06:00:00+00:00
1770102000000,0.01205,0.01218,0.01201,0.01208,14798808.0,1770105600000,179478.64518,1207,2026-02-03 07:00:00+00:00
1770105600000,0.01208,0.01221,0.01204,0.01205,3722152.0,1770109200000,45166.55193,1024,2026-02-03 08:00:00+00:00
1770109200000,0.01206,0.0121,0.01184,0.01198,5510518.0,1770112800000,66038.66738,1387,2026-02-03 09:00:00+00:00
1770112800000,0.01199,0.01204,0.01193,0.01196,1391012.0,1770116400000,16676.23447,550,2026-02-03 10:00:00+00:00
1770116400000,0.01196,0.01206,0.01192,0.01201,2739399.0,1770120000000,32857.31263,697,2026-02-03 11:00:00+00:00
1770120000000,0.01201,0.01212,0.01198,0.01209,1703783.0,1770123600000,20571.94098,499,2026-02-03 12:00:00+00:00
1770123600000,0.01209,0.01219,0.01204,0.01214,2459267.0,1770127200000,29747.03606,574,2026-02-03 13:00:00+00:00
1770127200000,0.01214,0.01217,0.01186,0.01186,4448386.0,1770130800000,53428.41471,1627,2026-02-03 14:00:00+00:00
1770130800000,0.01187,0.01227,0.01184,0.01224,8194925.0,1770134400000,99042.52039,3290,2026-02-03 15:00:00+00:00
1770134400000,0.01224,0.01224,0.0119,0.01197,4518328.0,1770138000000,54303.2522,1796,2026-02-03 16:00:00+00:00
1770138000000,0.01197,0.01201,0.01168,0.01168,6268417.0,1770141600000,74209.64838,1717,2026-02-03 17:00:00+00:00
1770141600000,0.01168,0.01174,0.0114,0.0114,6681252.0,1770145200000,77314.9826,2526,2026-02-03 18:00:00+00:00
1770145200000,0.0114,0.01202,0.0114,0.01192,14548328.0,1770148800000,171447.18532,3287,2026-02-03 19:00:00+00:00
1770148800000,0.01192,0.01243,0.01179,0.01239,7892206.0,1770152400000,96037.69185,3025,2026-02-03 20:00:00+00:00
1770152400000,0.01239,0.0125,0.01216,0.01219,3192640.0,1770156000000,39376.82178,1121,2026-02-03 21:00:00+00:00
1770156000000,0.01219,0.01221,0.01202,0.01207,1886225.0,1770159600000,22839.84387,674,2026-02-03 22:00:00+00:00
1770159600000,0.01207,0.01209,0.01188,0.01196,7818211.0,1770163200000,93745.3882,1252,2026-02-03 23:00:00+00:00
1770163200000,0.01196,0.01218,0.01192,0.01209,2924536.0,1770166800000,35113.27263,721,2026-02-04 00:00:00+00:00
1770166800000,0.01211,0.01244,0.01211,0.0123,2397338.0,1770170400000,29627.51041,811,2026-02-04 01:00:00+00:00
1770170400000,0.01229,0.01232,0.01215,0.01225,3297608.0,1770174000000,40306.61169,886,2026-02-04 02:00:00+00:00
1770174000000,0.01224,0.01251,0.01222,0.01242,1817592.0,1770177600000,22505.74598,673,2026-02-04 03:00:00+00:00
1770177600000,0.01242,0.01258,0.01233,0.01234,2072439.0,1770181200000,25794.76962,677,2026-02-04 04:00:00+00:00
1770181200000,0.01234,0.01239,0.01228,0.01231,721941.0,1770184800000,8900.48433,402,2026-02-04 05:00:00+00:00
1770184800000,0.01231,0.0124,0.01228,0.01239,1092359.0,1770188400000,13491.0872,443,2026-02-04 06:00:00+00:00
1770188400000,0.01239,0.01249,0.01231,0.01241,2809921.0,1770192000000,34870.91315,1014,2026-02-04 07:00:00+00:00
1770192000000,0.01241,0.01246,0.01234,0.01241,903488.0,1770195600000,11198.69338,646,2026-02-04 08:00:00+00:00
1770195600000,0.01241,0.01244,0.01223,0.01227,2482836.0,1770199200000,30570.43648,756,2026-02-04 09:00:00+00:00
1770199200000,0.01226,0.0123,0.01224,0.01224,776640.0,1770202800000,9526.96973,361,2026-02-04 10:00:00+00:00
1770202800000,0.01223,0.01224,0.01205,0.01213,5833481.0,1770206400000,70728.70593,1411,2026-02-04 11:00:00+00:00
1770206400000,0.01213,0.01218,0.01207,0.01216,1139356.0,1770210000000,13815.08572,496,2026-02-04 12:00:00+00:00
1770210000000,0.01216,0.01217,0.01186,0.01188,3328061.0,1770213600000,40009.91696,932,2026-02-04 13:00:00+00:00
1770213600000,0.01187,0.01208,0.01173,0.01174,9179471.0,1770217200000,109311.07224,2684,2026-02-04 14:00:00+00:00
1770217200000,0.01175,0.01196,0.01164,0.01176,8622344.0,1770220800000,101653.76615,3198,2026-02-04 15:00:00+00:00
1770220800000,0.01177,0.0121,0.01174,0.01204,15620578.0,1770224400000,185502.41327,3650,2026-02-04 16:00:00+00:00
1770224400000,0.01203,0.01206,0.01176,0.01198,9246082.0,1770228000000,110189.64107,2567,2026-02-04 17:00:00+00:00
1770228000000,0.01198,0.01216,0.01168,0.01196,7440568.0,1770231600000,88614.13146,2865,2026-02-04 18:00:00+00:00
1770231600000,0.01197,0.01217,0.01185,0.01215,4786963.0,1770235200000,57574.75983,1848,2026-02-04 19:00:00+00:00
1770235200000,0.01216,0.01217,0.01202,0.01206,2773982.0,1770238800000,33565.17635,1011,2026-02-04 20:00:00+00:00
1770238800000,0.01205,0.01209,0.01182,0.01193,2658160.0,1770242400000,31748.90975,1014,2026-02-04 21:00:00+00:00
1770242400000,0.01192,0.01205,0.0117,0.01178,3737092.0,1770246000000,44223.71625,1477,2026-02-04 22:00:00+00:00
1770246000000,0.01177,0.012,0.01175,0.01185,5391311.0,1770249600000,64131.07206,1663,2026-02-04 23:00:00+00:00
1770249600000,0.01186,0.01188,0.01176,0.01182,1730883.0,1770253200000,20460.75514,795,2026-02-05 00:00:00+00:00
1770253200000,0.01182,0.012,0.01171,0.01185,4958529.0,1770256800000,58948.98956,1607,2026-02-05 01:00:00+00:00
1770256800000,0.01185,0.012,0.01173,0.01176,3441374.0,1770260400000,40838.81605,1639,2026-02-05 02:00:00+00:00
1770260400000,0.01177,0.01186,0.01167,0.0117,3307380.0,1770264000000,38901.00406,1294,2026-02-05 03:00:00+00:00
1770264000000,0.0117,0.0118,0.0116,0.0117,4598262.0,1770267600000,53756.42864,1556,2026-02-05 04:00:00+00:00
1770267600000,0.0117,0.01182,0.01154,0.01168,2083997.0,1770271200000,24303.46427,1089,2026-02-05 05:00:00+00:00
1770271200000,0.01168,0.0117,0.01149,0.01153,2105740.0,1770274800000,24331.24079,978,2026-02-05 06:00:00+00:00
1770274800000,0.01153,0.01171,0.01149,0.01152,11148188.0,1770278400000,129265.89998,1832,2026-02-05 07:00:00+00:00
1770278400000,0.01153,0.01175,0.01153,0.01166,2133137.0,1770282000000,24869.08783,706,2026-02-05 08:00:00+00:00
1770282000000,0.01165,0.01179,0.01163,0.01163,3124796.0,1770285600000,36551.8223,904,2026-02-05 09:00:00+00:00
1770285600000,0.01163,0.01165,0.01131,0.01136,2751876.0,1770289200000,31494.50422,846,2026-02-05 10:00:00+00:00
1770289200000,0.01136,0.01143,0.01115,0.01131,7535696.0,1770292800000,85194.80457,2040,2026-02-05 11:00:00+00:00
1770292800000,0.01131,0.01137,0.01117,0.01128,4796420.0,1770296400000,54116.65158,2073,2026-02-05 12:00:00+00:00
1770296400000,0.01128,0.01139,0.01121,0.01129,3914851.0,1770300000000,44164.9254,1376,2026-02-05 13:00:00+00:00
1770300000000,0.01129,0.01157,0.01127,0.01131,11267411.0,1770303600000,128541.96769,3153,2026-02-05 14:00:00+00:00
1770303600000,0.01131,0.01136,0.01057,0.01084,23707012.0,1770307200000,258553.13293,7816,2026-02-05 15:00:00+00:00
1770307200000,0.01083,0.01108,0.01072,0.01094,14658636.0,1770310800000,159892.10066,5020,2026-02-05 16:00:00+00:00
1770310800000,0.01094,0.011,0.01059,0.01073,14695546.0,1770314400000,158965.49127,4341,2026-02-05 17:00:00+00:00
1770314400000,0.01073,0.01087,0.01055,0.01082,10112925.0,1770318000000,108195.96199,3645,2026-02-05 18:00:00+00:00
1770318000000,0.01082,0.01086,0.01062,0.01067,3913679.0,1770321600000,42033.1668,1888,2026-02-05 19:00:00+00:00
1770321600000,0.01068,0.01076,0.01017,0.01038,20413639.0,1770325200000,212522.90759,7092,2026-02-05 20:00:00+00:00
1770325200000,0.01038,0.0107,0.01026,0.01042,13246382.0,1770328800000,138588.6604,5152,2026-02-05 21:00:00+00:00
1770328800000,0.01042,0.01058,0.01025,0.01039,8131497.0,1770332400000,84600.70247,2870,2026-02-05 22:00:00+00:00
1770332400000,0.01039,0.01062,0.01017,0.01021,8631283.0,1770336000000,89053.50462,2266,2026-02-05 23:00:00+00:00
1770336000000,0.01022,0.01028,0.00912,0.01012,51595415.0,1770339600000,503736.95125,15175,2026-02-06 00:00:00+00:00
1770339600000,0.01012,0.01047,0.01008,0.01044,15020815.0,1770343200000,154435.89751,5022,2026-02-06 01:00:00+00:00
1770343200000,0.01045,0.01053,0.01013,0.0102,7161656.0,1770346800000,73757.70299,2600,2026-02-06 02:00:00+00:00
1770346800000,0.01021,0.0103,0.01012,0.01025,4296098.0,1770350400000,43939.34228,1551,2026-02-06 03:00:00+00:00
1770350400000,0.01025,0.01041,0.01011,0.01034,14723662.0,1770354000000,151281.19083,2036,2026-02-06 04:00:00+00:00
1770354000000,0.01033,0.01066,0.01033,0.01061,4052502.0,1770357600000,42676.95217,1229,2026-02-06 05:00:00+00:00
1770357600000,0.01062,0.01068,0.01041,0.01044,5179656.0,1770361200000,54671.19207,1410,2026-02-06 06:00:00+00:00
1770361200000,0.01044,0.01052,0.01031,0.01035,4741140.0,1770364800000,49310.53673,1441,2026-02-06 07:00:00+00:00
1770364800000,0.01036,0.01048,0.01024,0.01028,5177711.0,1770368400000,53594.72875,1601,2026-02-06 08:00:00+00:00
1770368400000,0.01029,0.01056,0.01025,0.01053,4485068.0,1770372000000,46458.27001,1493,2026-02-06 09:00:00+00:00
1770372000000,0.01053,0.01066,0.01047,0.01061,7480302.0,1770375600000,79156.59131,1676,2026-02-06 10:00:00+00:00
1770375600000,0.01061,0.01066,0.01054,0.01061,6719742.0,1770379200000,71218.56753,1432,2026-02-06 11:00:00+00:00
1770379200000,0.0106,0.01072,0.01051,0.01072,6847509.0,1770382800000,72399.20683,1255,2026-02-06 12:00:00+00:00
1770382800000,0.01072,0.01093,0.01072,0.01092,8374868.0,1770386400000,90622.32725,2002,2026-02-06 13:00:00+00:00
1770386400000,0.01091,0.01133,0.01081,0.0113,9393382.0,1770390000000,103775.45587,2686,2026-02-06 14:00:00+00:00
1770390000000,0.0113,0.01139,0.01115,0.01126,8540611.0,1770393600000,96154.36904,2659,2026-02-06 15:00:00+00:00
1770393600000,0.01126,0.01166,0.0112,0.01159,7142062.0,1770397200000,81709.92553,2120,2026-02-06 16:00:00+00:00
1770397200000,0.01158,0.01184,0.01153,0.01161,10030324.0,1770400800000,116909.99012,2292,2026-02-06 17:00:00+00:00
1770400800000,0.01161,0.01162,0.01135,0.01149,4033484.0,1770404400000,46328.75034,1467,2026-02-06 18:00:00+00:00
1770404400000,0.0115,0.01159,0.01142,0.01157,2759182.0,1770408000000,31711.03353,1013,2026-02-06 19:00:00+00:00
1770408000000,0.01157,0.0116,0.01136,0.01144,4293937.0,1770411600000,49346.28259,1288,2026-02-06 20:00:00+00:00
1770411600000,0.01144,0.0115,0.01138,0.01144,1389117.0,1770415200000,15894.5678,491,2026-02-06 21:00:00+00:00
1770415200000,0.01144,0.01161,0.01143,0.01158,2620411.0,1770418800000,30236.95214,815,2026-02-06 22:00:00+00:00
1770418800000,0.01158,0.01164,0.01144,0.01156,5393121.0,1770422400000,62315.40976,922,2026-02-06 23:00:00+00:00
1770422400000,0.01156,0.01156,0.01138,0.01139,2562790.0,1770426000000,29395.23884,1159,2026-02-07 00:00:00+00:00
1770426000000,0.01139,0.0115,0.01134,0.01144,1676876.0,1770429600000,19121.55625,660,2026-02-07 01:00:00+00:00
1770429600000,0.01143,0.01184,0.0114,0.0117,7665920.0,1770433200000,89495.18208,1889,2026-02-07 02:00:00+00:00
1770433200000,0.0117,0.01204,0.01168,0.01176,27812643.0,1770436800000,330431.45954,4853,2026-02-07 03:00:00+00:00
1770436800000,0.01175,0.01187,0.01153,0.01161,6615818.0,1770440400000,77724.46403,1775,2026-02-07 04:00:00+00:00
1770440400000,0.01161,0.01187,0.01161,0.01173,7456806.0,1770444000000,87687.33231,1379,2026-02-07 05:00:00+00:00
1770444000000,0.01174,0.01191,0.01166,0.01167,8301478.0,1770447600000,97820.03921,1961,2026-02-07 06:00:00+00:00
1770447600000,0.01167,0.0117,0.01118,0.01119,21329290.0,1770451200000,243796.47348,3301,2026-02-07 07:00:00+00:00
1770451200000,0.01118,0.01134,0.01112,0.01132,10228476.0,1770454800000,114873.77276,1835,2026-02-07 08:00:00+00:00
1770454800000,0.01132,0.01135,0.01123,0.01125,5326912.0,1770458400000,60141.48248,995,2026-02-07 09:00:00+00:00
1770458400000,0.01125,0.01129,0.01112,0.01119,2112345.0,1770462000000,23625.03782,702,2026-02-07 10:00:00+00:00
1770462000000,0.01118,0.01127,0.01114,0.01125,3953180.0,1770465600000,44245.94604,807,2026-02-07 11:00:00+00:00
1770465600000,0.01124,0.01169,0.01123,0.01149,10313182.0,1770469200000,118841.39799,2375,2026-02-07 12:00:00+00:00
1770469200000,0.0115,0.01153,0.01141,0.01145,2287558.0,1770472800000,26249.72794,791,2026-02-07 13:00:00+00:00
1770472800000,0.01146,0.01147,0.01129,0.01132,5111778.0,1770476400000,58140.2135,1000,2026-02-07 14:00:00+00:00
1770476400000,0.01132,0.01154,0.01128,0.01147,5020121.0,1770480000000,57287.94199,1341,2026-02-07 15:00:00+00:00
1770480000000,0.01147,0.01175,0.01138,0.01142,29324098.0,1770483600000,338514.22983,6869,2026-02-07 16:00:00+00:00
1770483600000,0.01143,0.01151,0.01135,0.01146,1184460.0,1770487200000,13541.53847,475,2026-02-07 17:00:00+00:00
1770487200000,0.01146,0.01165,0.01145,0.01158,1591752.0,1770490800000,18408.83308,481,2026-02-07 18:00:00+00:00
1770490800000,0.01158,0.01158,0.0115,0.01152,999466.0,1770494400000,11523.75644,345,2026-02-07 19:00:00+00:00
1770494400000,0.01152,0.0116,0.01148,0.01155,1933220.0,1770498000000,22281.64708,548,2026-02-07 20:00:00+00:00
1770498000000,0.01156,0.01158,0.01147,0.01148,1473862.0,1770501600000,16964.49699,454,2026-02-07 21:00:00+00:00
1770501600000,0.01148,0.01154,0.01145,0.01146,1339713.0,1770505200000,15393.61395,355,2026-02-07 22:00:00+00:00
1770505200000,0.01146,0.01149,0.0114,0.01145,1132112.0,1770508800000,12956.30965,585,2026-02-07 23:00:00+00:00
1770508800000,0.01147,0.0115,0.01135,0.01138,2114604.0,1770512400000,24063.90301,669,2026-02-08 00:00:00+00:00
1770512400000,0.01138,0.01146,0.01136,0.01138,1231519.0,1770516000000,14051.33861,410,2026-02-08 01:00:00+00:00
1770516000000,0.01138,0.01141,0.0113,0.01133,1575206.0,1770519600000,17889.0847,450,2026-02-08 02:00:00+00:00
1770519600000,0.01134,0.01134,0.01121,0.01123,1710065.0,1770523200000,19286.19012,359,2026-02-08 03:00:00+00:00
1770523200000,0.01123,0.01127,0.0112,0.01126,830465.0,1770526800000,9324.37483,289,2026-02-08 04:00:00+00:00
1770526800000,0.01125,0.01126,0.0112,0.01121,781698.0,1770530400000,8781.75311,195,2026-02-08 05:00:00+00:00
1770530400000,0.01121,0.01126,0.01118,0.01118,516875.0,1770534000000,5796.13258,249,2026-02-08 06:00:00+00:00
1770534000000,0.01119,0.01122,0.01114,0.01122,866699.0,1770537600000,9691.11421,362,2026-02-08 07:00:00+00:00
1770537600000,0.01122,0.01147,0.01121,0.01145,2202169.0,1770541200000,24930.99008,907,2026-02-08 08:00:00+00:00
1770541200000,0.01145,0.01146,0.01128,0.01131,1282618.0,1770544800000,14557.22058,582,2026-02-08 09:00:00+00:00
1770544800000,0.01131,0.01141,0.01125,0.01128,2609766.0,1770548400000,29623.1139,757,2026-02-08 10:00:00+00:00
1770548400000,0.01129,0.01151,0.01128,0.01145,1884408.0,1770552000000,21518.01707,618,2026-02-08 11:00:00+00:00
1770552000000,0.01145,0.01145,0.01135,0.01142,2104328.0,1770555600000,24000.21187,579,2026-02-08 12:00:00+00:00
1770555600000,0.01141,0.01145,0.01134,0.01142,2704018.0,1770559200000,30844.17475,651,2026-02-08 13:00:00+00:00
1770559200000,0.01143,0.01157,0.01139,0.01146,4895247.0,1770562800000,56073.16647,1114,2026-02-08 14:00:00+00:00
1770562800000,0.01146,0.01149,0.01123,0.01128,3043244.0,1770566400000,34502.83759,913,2026-02-08 15:00:00+00:00
1770566400000,0.01128,0.01134,0.01104,0.01109,1806941.0,1770570000000,20279.578,862,2026-02-08 16:00:00+00:00
1770570000000,0.01109,0.01121,0.01109,0.01116,2765059.0,1770573600000,30815.46588,604,2026-02-08 17:00:00+00:00
1770573600000,0.01116,0.0113,0.01115,0.01121,1230247.0,1770577200000,13794.3773,458,2026-02-08 18:00:00+00:00
1770577200000,0.01121,0.01126,0.01119,0.01125,525036.0,1770580800000,5895.3971,283,2026-02-08 19:00:00+00:00
1770580800000,0.01125,0.01125,0.01113,0.01114,789556.0,1770584400000,8826.00549,330,2026-02-08 20:00:00+00:00
1770584400000,0.01114,0.0112,0.01107,0.01116,851721.0,1770588000000,9486.02028,310,2026-02-08 21:00:00+00:00
1770588000000,0.01116,0.0112,0.01113,0.01119,418781.0,1770591600000,4675.89103,195,2026-02-08 22:00:00+00:00
1770591600000,0.0112,0.01149,0.0111,0.01118,3586163.0,1770595200000,40576.48373,1482,2026-02-08 23:00:00+00:00
1770595200000,0.01119,0.01145,0.01119,0.01129,11103562.0,1770598800000,125289.83252,1485,2026-02-09 00:00:00+00:00
1770598800000,0.01129,0.0115,0.01125,0.01132,4321223.0,1770602400000,49170.17929,1326,2026-02-09 01:00:00+00:00
1770602400000,0.01132,0.0114,0.01124,0.01128,2236365.0,1770606000000,25321.62263,751,2026-02-09 02:00:00+00:00
1770606000000,0.01129,0.01147,0.01127,0.01145,2559874.0,1770609600000,29062.45781,565,2026-02-09 03:00:00+00:00
1770609600000,0.01145,0.01145,0.01132,0.01138,689963.0,1770613200000,7859.66316,309,2026-02-09 04:00:00+00:00
1770613200000,0.01137,0.01139,0.01133,0.01136,1570085.0,1770616800000,17840.26328,416,2026-02-09 05:00:00+00:00
1770616800000,0.01135,0.01135,0.01117,0.01124,454626.0,1770620400000,5111.09267,277,2026-02-09 06:00:00+00:00
1770620400000,0.01123,0.01125,0.01101,0.01105,14844340.0,1770624000000,164298.49012,1046,2026-02-09 07:00:00+00:00
1770624000000,0.01105,0.0111,0.01085,0.01087,3393954.0,1770627600000,37268.5793,922,2026-02-09 08:00:00+00:00
1770627600000,0.01087,0.0109,0.0107,0.01078,6016189.0,1770631200000,64855.34388,955,2026-02-09 09:00:00+00:00
1770631200000,0.01078,0.01085,0.01067,0.01072,7449203.0,1770634800000,79892.57467,1471,2026-02-09 10:00:00+00:00
1770634800000,0.01072,0.01085,0.01072,0.01078,1687942.0,1770638400000,18230.74548,594,2026-02-09 11:00:00+00:00
1770638400000,0.01078,0.01085,0.01077,0.01083,646365.0,1770642000000,6984.5817,475,2026-02-09 12:00:00+00:00
1770642000000,0.01083,0.01085,0.01075,0.01075,1296024.0,1770645600000,14002.90536,529,2026-02-09 13:00:00+00:00
1770645600000,0.01075,0.01102,0.01073,0.01101,3862874.0,1770649200000,42248.92817,1510,2026-02-09 14:00:00+00:00
1770649200000,0.01101,0.0111,0.01086,0.01102,3199384.0,1770652800000,35009.56348,1163,2026-02-09 15:00:00+00:00
1770652800000,0.01102,0.01124,0.01091,0.01113,2537334.0,1770656400000,28023.21048,1064,2026-02-09 16:00:00+00:00
1770656400000,0.01112,0.01132,0.01106,0.01125,2232912.0,1770660000000,25031.24069,975,2026-02-09 17:00:00+00:00
1770660000000,0.01126,0.0113,0.01113,0.01124,3591159.0,1770663600000,40296.5559,1007,2026-02-09 18:00:00+00:00
1770663600000,0.01124,0.01133,0.01112,0.01127,9823717.0,1770667200000,110394.75869,1089,2026-02-09 19:00:00+00:00
1770667200000,0.01127,0.01153,0.01125,0.01135,13172941.0,1770670800000,150069.25644,2087,2026-02-09 20:00:00+00:00
1770670800000,0.01135,0.01141,0.01124,0.0114,3132396.0,1770674400000,35530.20431,1017,2026-02-09 21:00:00+00:00
1770674400000,0.0114,0.01147,0.01133,0.01136,1185224.0,1770678000000,13516.8985,405,2026-02-09 22:00:00+00:00
1770678000000,0.01137,0.01138,0.01122,0.01125,2156315.0,1770681600000,24356.51274,400,2026-02-09 23:00:00+00:00
1770681600000,0.01127,0.01128,0.0112,0.01124,936952.0,1770685200000,10522.55674,373,2026-02-10 00:00:00+00:00
1770685200000,0.01123,0.01131,0.01122,0.01125,451324.0,1770688800000,5085.47672,250,2026-02-10 01:00:00+00:00
1770688800000,0.01126,0.01126,0.01116,0.01118,887314.0,1770692400000,9949.68432,234,2026-02-10 02:00:00+00:00
1770692400000,0.01119,0.0112,0.01098,0.01109,2166114.0,1770696000000,23989.455,583,2026-02-10 03:00:00+00:00
1770696000000,0.01109,0.01121,0.01109,0.01119,633627.0,1770699600000,7063.94156,262,2026-02-10 04:00:00+00:00
1770699600000,0.01119,0.01119,0.01098,0.01101,5932193.0,1770703200000,65705.55733,842,2026-02-10 05:00:00+00:00
1770703200000,0.01101,0.01105,0.01087,0.0109,6121427.0,1770706800000,67196.3188,1057,2026-02-10 06:00:00+00:00
1770706800000,0.0109,0.01099,0.01088,0.0109,1864976.0,1770710400000,20377.35911,472,2026-02-10 07:00:00+00:00
1770710400000,0.01091,0.01098,0.01087,0.01097,730503.0,1770714000000,7981.01937,332,2026-02-10 08:00:00+00:00
1770714000000,0.01096,0.01108,0.01096,0.01102,2108478.0,1770717600000,23249.76498,385,2026-02-10 09:00:00+00:00
1770717600000,0.01103,0.01108,0.01093,0.01099,1144795.0,1770721200000,12606.75662,340,2026-02-10 10:00:00+00:00
1770721200000,0.01098,0.01106,0.01094,0.01096,1109013.0,1770724800000,12185.62469,446,2026-02-10 11:00:00+00:00
1770724800000,0.01096,0.01105,0.01096,0.01102,2064481.0,1770728400000,22719.06908,484,2026-02-10 12:00:00+00:00
1770728400000,0.01101,0.01107,0.01093,0.01094,2613583.0,1770732000000,28745.97142,602,2026-02-10 13:00:00+00:00
1770732000000,0.01094,0.01103,0.01078,0.01087,4663939.0,1770735600000,50845.76056,1114,2026-02-10 14:00:00+00:00
1770735600000,0.01086,0.01103,0.01081,0.01091,9425653.0,1770739200000,102883.085,1708,2026-02-10 15:00:00+00:00
1770739200000,0.01092,0.01103,0.01087,0.01099,3861382.0,1770742800000,42326.32821,748,2026-02-10 16:00:00+00:00
1770742800000,0.01099,0.01111,0.01094,0.01105,5424352.0,1770746400000,59926.33782,688,2026-02-10 17:00:00+00:00
1770746400000,0.01106,0.01107,0.0108,0.01086,3880372.0,1770750000000,42661.0992,544,2026-02-10 18:00:00+00:00
1770750000000,0.01086,0.01094,0.01081,0.01087,1789758.0,1770753600000,19452.28289,525,2026-02-10 19:00:00+00:00
1770753600000,0.01086,0.0109,0.0108,0.01086,1115358.0,1770757200000,12098.36676,240,2026-02-10 20:00:00+00:00
1770757200000,0.01086,0.01089,0.01074,0.01077,991536.0,1770760800000,10697.92779,354,2026-02-10 21:00:00+00:00
1770760800000,0.01078,0.01083,0.01076,0.01077,1644666.0,1770764400000,17735.02422,418,2026-02-10 22:00:00+00:00
1770764400000,0.01077,0.0108,0.01074,0.01075,2016170.0,1770768000000,21703.39371,317,2026-02-10 23:00:00+00:00
1770768000000,0.01076,0.01082,0.01075,0.01081,826644.0,1770771600000,8919.72836,322,2026-02-11 00:00:00+00:00
1770771600000,0.0108,0.01097,0.0108,0.01094,1828844.0,1770775200000,19903.26481,443,2026-02-11 01:00:00+00:00
1770775200000,0.01094,0.01101,0.01089,0.0109,647106.0,1770778800000,7081.11938,326,2026-02-11 02:00:00+00:00
1770778800000,0.0109,0.01091,0.01073,0.01084,2310756.0,1770782400000,25066.69777,469,2026-02-11 03:00:00+00:00
1770782400000,0.01083,0.01086,0.01065,0.01076,3841972.0,1770786000000,41188.37161,890,2026-02-11 04:00:00+00:00
1770786000000,0.01076,0.0108,0.01064,0.01064,1402670.0,1770789600000,15008.77689,492,2026-02-11 05:00:00+00:00
1770789600000,0.01064,0.01066,0.01043,0.01046,2131253.0,1770793200000,22460.43074,824,2026-02-11 06:00:00+00:00
1770793200000,0.01046,0.01049,0.01036,0.01036,2314528.0,1770796800000,24135.17432,636,2026-02-11 07:00:00+00:00
1770796800000,0.01037,0.01041,0.01034,0.01039,1034701.0,1770800400000,10733.43947,468,2026-02-11 08:00:00+00:00
1770800400000,0.0104,0.01041,0.0103,0.01033,1433031.0,1770804000000,14847.87872,405,2026-02-11 09:00:00+00:00
1770804000000,0.01033,0.01033,0.0102,0.01025,2777820.0,1770807600000,28502.10583,714,2026-02-11 10:00:00+00:00
1770807600000,0.01025,0.01036,0.01025,0.01033,1246316.0,1770811200000,12844.0999,444,2026-02-11 11:00:00+00:00
1770811200000,0.01033,0.01042,0.01028,0.01039,3230098.0,1770814800000,33427.46537,778,2026-02-11 12:00:00+00:00
1770814800000,0.01038,0.01058,0.01036,0.01057,5767958.0,1770818400000,60312.98707,1284,2026-02-11 13:00:00+00:00
1770818400000,0.01058,0.01109,0.01041,0.01042,12595700.0,1770822000000,135761.96384,3218,2026-02-11 14:00:00+00:00
1770822000000,0.01044,0.01053,0.01029,0.01039,6485157.0,1770825600000,67501.00891,2532,2026-02-11 15:00:00+00:00
1770825600000,0.01039,0.01066,0.01037,0.0104,3670961.0,1770829200000,38521.68095,1415,2026-02-11 16:00:00+00:00
1770829200000,0.01039,0.0107,0.01035,0.01061,3241055.0,1770832800000,34296.20608,1129,2026-02-11 17:00:00+00:00
1770832800000,0.0106,0.01077,0.01051,0.01073,2389443.0,1770836400000,25474.91465,978,2026-02-11 18:00:00+00:00
1770836400000,0.01074,0.0108,0.01065,0.01076,1785765.0,1770840000000,19162.82265,886,2026-02-11 19:00:00+00:00
1770840000000,0.01076,0.01106,0.01071,0.01102,5014572.0,1770843600000,54521.72625,1446,2026-02-11 20:00:00+00:00
1770843600000,0.01102,0.01115,0.01094,0.01104,4528726.0,1770847200000,50137.80615,1348,2026-02-11 21:00:00+00:00
1770847200000,0.01103,0.01114,0.01083,0.01085,4817375.0,1770850800000,53019.95639,1176,2026-02-11 22:00:00+00:00
1770850800000,0.01084,0.01092,0.01076,0.01084,1848576.0,1770854400000,20020.69719,757,2026-02-11 23:00:00+00:00
1770854400000,0.01084,0.01122,0.01084,0.01114,18224941.0,1770858000000,202314.00984,3040,2026-02-12 00:00:00+00:00
1770858000000,0.01115,0.01151,0.01111,0.01128,4856620.0,1770861600000,55188.6755,1015,2026-02-12 01:00:00+00:00
1770861600000,0.01127,0.01129,0.01115,0.01124,3244502.0,1770865200000,36432.11877,491,2026-02-12 02:00:00+00:00
1770865200000,0.01125,0.01138,0.01125,0.01128,2328950.0,1770868800000,26325.65154,358,2026-02-12 03:00:00+00:00
1770868800000,0.01128,0.01145,0.01119,0.01136,7731421.0,1770872400000,87285.00661,836,2026-02-12 04:00:00+00:00
1770872400000,0.01137,0.01157,0.0113,0.01141,5699099.0,1770876000000,65086.56095,1262,2026-02-12 05:00:00+00:00
1770876000000,0.01142,0.01159,0.01141,0.01157,4375299.0,1770879600000,50352.37163,995,2026-02-12 06:00:00+00:00
1770879600000,0.01157,0.01165,0.01145,0.0116,4322622.0,1770883200000,49913.37725,823,2026-02-12 07:00:00+00:00
1770883200000,0.0116,0.01164,0.01138,0.01142,5056423.0,1770886800000,58124.30423,1028,2026-02-12 08:00:00+00:00
1770886800000,0.01141,0.01164,0.01136,0.01158,4193040.0,1770890400000,48203.52241,693,2026-02-12 09:00:00+00:00
1770890400000,0.01159,0.01175,0.01156,0.0117,3387669.0,1770894000000,39405.98388,734,2026-02-12 10:00:00+00:00
1770894000000,0.01169,0.01169,0.01151,0.0116,3907447.0,1770897600000,45308.40106,659,2026-02-12 11:00:00+00:00
1770897600000,0.01159,0.0116,0.01122,0.01125,17238713.0,1770901200000,195108.00225,954,2026-02-12 12:00:00+00:00
1770901200000,0.01124,0.01124,0.0111,0.01121,6777679.0,1770904800000,75709.88311,764,2026-02-12 13:00:00+00:00
1770904800000,0.0112,0.01128,0.01111,0.01118,6294470.0,1770908400000,70460.45837,1078,2026-02-12 14:00:00+00:00
1770908400000,0.01118,0.01142,0.01108,0.01119,17998812.0,1770912000000,203715.80531,1611,2026-02-12 15:00:00+00:00
1770912000000,0.0112,0.01126,0.0109,0.01098,7981708.0,1770915600000,88370.26595,1707,2026-02-12 16:00:00+00:00
1770915600000,0.01098,0.01116,0.01092,0.01103,3190415.0,1770919200000,35209.02844,883,2026-02-12 17:00:00+00:00
1770919200000,0.01103,0.01109,0.0109,0.01097,19641294.0,1770922800000,215649.59977,1251,2026-02-12 18:00:00+00:00
1770922800000,0.01096,0.01114,0.01091,0.01097,4636987.0,1770926400000,51187.6807,877,2026-02-12 19:00:00+00:00
1770926400000,0.01098,0.011,0.0108,0.01086,1900745.0,1770930000000,20769.07212,420,2026-02-12 20:00:00+00:00
1770930000000,0.01087,0.01094,0.01086,0.01086,602536.0,1770933600000,6567.79974,193,2026-02-12 21:00:00+00:00
1770933600000,0.01087,0.01105,0.01085,0.01105,735125.0,1770937200000,8031.10395,239,2026-02-12 22:00:00+00:00
1770937200000,0.01104,0.01115,0.01101,0.01115,743552.0,1770940800000,8240.47587,244,2026-02-12 23:00:00+00:00
1770940800000,0.01114,0.01115,0.01091,0.01097,1309069.0,1770944400000,14419.24871,338,2026-02-13 00:00:00+00:00
1770944400000,0.01096,0.011,0.01091,0.01093,846725.0,1770948000000,9272.00949,300,2026-02-13 01:00:00+00:00
1770948000000,0.01093,0.01095,0.0109,0.01092,1161755.0,1770951600000,12689.57251,227,2026-02-13 02:00:00+00:00
1770951600000,0.01091,0.01096,0.01088,0.01088,1863355.0,1770955200000,20328.91074,294,2026-02-13 03:00:00+00:00
1770955200000,0.01089,0.01089,0.01083,0.01087,1100578.0,1770958800000,11955.90197,214,2026-02-13 04:00:00+00:00
1770958800000,0.01086,0.01088,0.01079,0.01079,1953859.0,1770962400000,21159.08089,480,2026-02-13 05:00:00+00:00
1770962400000,0.0108,0.0109,0.01073,0.0109,945727.0,1770966000000,10192.8659,242,2026-02-13 06:00:00+00:00
1770966000000,0.0109,0.01102,0.01089,0.01095,2142848.0,1770969600000,23483.66541,349,2026-02-13 07:00:00+00:00
1770969600000,0.01095,0.01111,0.01095,0.01107,1479442.0,1770973200000,16334.54474,246,2026-02-13 08:00:00+00:00
1770973200000,0.01108,0.01108,0.01096,0.01097,974236.0,1770976800000,10721.68287,188,2026-02-13 09:00:00+00:00
1770976800000,0.01097,0.0112,0.01095,0.01112,793717.0,1770980400000,8801.79423,293,2026-02-13 10:00:00+00:00
1770980400000,0.01112,0.01112,0.01097,0.01099,1928107.0,1770984000000,21260.12624,362,2026-02-13 11:00:00+00:00
1770984000000,0.01098,0.01102,0.01091,0.01097,1718985.0,1770987600000,18847.7807,327,2026-02-13 12:00:00+00:00
1770987600000,0.01097,0.01113,0.01091,0.0111,6665491.0,1770991200000,73463.42608,816,2026-02-13 13:00:00+00:00
1770991200000,0.01109,0.01128,0.01104,0.01117,5211469.0,1770994800000,58316.20153,885,2026-02-13 14:00:00+00:00
1770994800000,0.01118,0.01152,0.01115,0.01129,10332578.0,1770998400000,117473.89877,1771,2026-02-13 15:00:00+00:00
1770998400000,0.01129,0.01167,0.01126,0.01161,5529910.0,1771002000000,63676.57025,913,2026-02-13 16:00:00+00:00
1771002000000,0.01161,0.01161,0.01144,0.01148,4765410.0,1771005600000,54848.99682,768,2026-02-13 17:00:00+00:00
1771005600000,0.01147,0.01155,0.01144,0.01153,1150109.0,1771009200000,13212.34662,358,2026-02-13 18:00:00+00:00
1771009200000,0.01153,0.01164,0.01153,0.0116,1420106.0,1771012800000,16450.07236,263,2026-02-13 19:00:00+00:00
1771012800000,0.0116,0.01161,0.01151,0.01152,844023.0,1771016400000,9756.30064,278,2026-02-13 20:00:00+00:00
1771016400000,0.01153,0.01159,0.01147,0.01152,2119392.0,1771020000000,24459.8307,315,2026-02-13 21:00:00+00:00
1771020000000,0.01152,0.01155,0.01148,0.0115,1488277.0,1771023600000,17154.26738,388,2026-02-13 22:00:00+00:00
1771023600000,0.01151,0.01157,0.01148,0.01151,1245739.0,1771027200000,14371.25656,302,2026-02-13 23:00:00+00:00
1771027200000,0.01152,0.01165,0.01149,0.01162,863048.0,1771030800000,9977.57781,295,2026-02-14 00:00:00+00:00
1771030800000,0.01162,0.01166,0.01156,0.01161,1501021.0,1771034400000,17422.20785,415,2026-02-14 01:00:00+00:00
1771034400000,0.0116,0.01166,0.01157,0.01159,583837.0,1771038000000,6777.25294,222,2026-02-14 02:00:00+00:00
1771038000000,0.01159,0.01167,0.01159,0.01165,1033642.0,1771041600000,12032.72066,299,2026-02-14 03:00:00+00:00
1771041600000,0.01165,0.01175,0.01161,0.01171,2312696.0,1771045200000,27000.50108,552,2026-02-14 04:00:00+00:00
1771045200000,0.01171,0.01171,0.01162,0.01164,1159794.0,1771048800000,13516.54022,251,2026-02-14 05:00:00+00:00
1771048800000,0.01163,0.01168,0.01156,0.01166,1087184.0,1771052400000,12633.87077,262,2026-02-14 06:00:00+00:00
1771052400000,0.01166,0.01173,0.01163,0.01169,1012233.0,1771056000000,11820.3481,263,2026-02-14 07:00:00+00:00
1771056000000,0.01169,0.01184,0.01168,0.01183,3320783.0,1771059600000,39135.51465,643,2026-02-14 08:00:00+00:00
1771059600000,0.01182,0.01184,0.01179,0.01181,1143902.0,1771063200000,13516.27071,237,2026-02-14 09:00:00+00:00
1771063200000,0.01181,0.01183,0.01171,0.01175,3600106.0,1771066800000,42355.34589,573,2026-02-14 10:00:00+00:00
1771066800000,0.01176,0.01185,0.01175,0.01182,2162134.0,1771070400000,25520.57286,468,2026-02-14 11:00:00+00:00
1771070400000,0.01182,0.01183,0.01159,0.0116,4687799.0,1771074000000,54979.76921,743,2026-02-14 12:00:00+00:00
1771074000000,0.01159,0.01161,0.01145,0.01155,3617830.0,1771077600000,41629.94951,688,2026-02-14 13:00:00+00:00
1771077600000,0.01155,0.01169,0.01155,0.01166,1047594.0,1771081200000,12138.95404,301,2026-02-14 14:00:00+00:00
1771081200000,0.01165,0.01171,0.01161,0.01171,1348586.0,1771084800000,15721.73386,343,2026-02-14 15:00:00+00:00
1771084800000,0.01171,0.01174,0.01159,0.0117,3820148.0,1771088400000,44567.72076,750,2026-02-14 16:00:00+00:00
1771088400000,0.0117,0.0118,0.01164,0.01167,2704710.0,1771092000000,31704.38518,712,2026-02-14 17:00:00+00:00
1771092000000,0.01167,0.01183,0.01166,0.01181,1439757.0,1771095600000,16923.11222,512,2026-02-14 18:00:00+00:00
1771095600000,0.0118,0.01194,0.01176,0.0119,2528238.0,1771099200000,29985.0325,558,2026-02-14 19:00:00+00:00
1771099200000,0.0119,0.0119,0.01176,0.01185,1458875.0,1771102800000,17230.44319,407,2026-02-14 20:00:00+00:00
1771102800000,0.01186,0.01191,0.01172,0.0118,997630.0,1771106400000,11789.17676,388,2026-02-14 21:00:00+00:00
1771106400000,0.0118,0.01191,0.01179,0.01187,2186370.0,1771110000000,25899.20798,314,2026-02-14 22:00:00+00:00
1771110000000,0.01187,0.01187,0.01177,0.01181,1437152.0,1771113600000,17004.08957,315,2026-02-14 23:00:00+00:00
1771113600000,0.01181,0.01183,0.01171,0.01176,1934150.0,1771117200000,22719.98712,481,2026-02-15 00:00:00+00:00
1771117200000,0.01177,0.01182,0.01168,0.01173,581262.0,1771120800000,6827.77711,274,2026-02-15 01:00:00+00:00
1771120800000,0.01173,0.01178,0.01159,0.01171,2803493.0,1771124400000,32760.47674,458,2026-02-15 02:00:00+00:00
1771124400000,0.01171,0.01172,0.01151,0.01169,1538009.0,1771128000000,17883.68423,431,2026-02-15 03:00:00+00:00
1771128000000,0.01169,0.01179,0.01165,0.01167,1935915.0,1771131600000,22705.42385,485,2026-02-15 04:00:00+00:00
1771131600000,0.01168,0.01178,0.01167,0.01172,1564117.0,1771135200000,18364.73045,297,2026-02-15 05:00:00+00:00
1771135200000,0.01172,0.01175,0.01165,0.01169,761718.0,1771138800000,8924.2,192,2026-02-15 06:00:00+00:00
1771138800000,0.01168,0.01178,0.01168,0.01174,1799810.0,1771142400000,21099.93925,379,2026-02-15 07:00:00+00:00
1771142400000,0.01174,0.01176,0.01147,0.01158,3139841.0,1771146000000,36310.90602,398,2026-02-15 08:00:00+00:00
1771146000000,0.01158,0.01166,0.01155,0.0116,1724057.0,1771149600000,19985.2646,234,2026-02-15 09:00:00+00:00
1771149600000,0.01159,0.0116,0.01148,0.01156,1328721.0,1771153200000,15312.57342,349,2026-02-15 10:00:00+00:00
1771153200000,0.01157,0.01159,0.01152,0.01152,591629.0,1771156800000,6837.58073,172,2026-02-15 11:00:00+00:00
1771156800000,0.01153,0.01153,0.01112,0.01113,6477288.0,1771160400000,73456.28372,989,2026-02-15 12:00:00+00:00
1771160400000,0.01114,0.01129,0.01102,0.01106,8661327.0,1771164000000,96369.32868,1362,2026-02-15 13:00:00+00:00
1771164000000,0.01106,0.01119,0.01104,0.01118,1284472.0,1771167600000,14277.43748,404,2026-02-15 14:00:00+00:00
1771167600000,0.01118,0.01123,0.01112,0.01115,1366203.0,1771171200000,15280.94182,218,2026-02-15 15:00:00+00:00
1771171200000,0.01114,0.01119,0.01106,0.01112,2889061.0,1771174800000,32132.54062,406,2026-02-15 16:00:00+00:00
1771174800000,0.01112,0.01117,0.01092,0.01104,2388429.0,1771178400000,26412.86604,763,2026-02-15 17:00:00+00:00
1771178400000,0.01103,0.01106,0.01094,0.01097,2410749.0,1771182000000,26468.4926,432,2026-02-15 18:00:00+00:00
1771182000000,0.01097,0.01102,0.01086,0.01096,1825875.0,1771185600000,19942.41846,462,2026-02-15 19:00:00+00:00
1771185600000,0.01095,0.01107,0.01092,0.01106,2028454.0,1771189200000,22359.07726,283,2026-02-15 20:00:00+00:00
1771189200000,0.01105,0.01114,0.01105,0.01108,896909.0,1771192800000,9953.35618,257,2026-02-15 21:00:00+00:00
1771192800000,0.01107,0.01114,0.01104,0.01109,4590145.0,1771196400000,50863.41033,284,2026-02-15 22:00:00+00:00
1771196400000,0.01108,0.0111,0.01091,0.01105,3951611.0,1771200000000,43483.72111,380,2026-02-15 23:00:00+00:00
1771200000000,0.01106,0.01114,0.01104,0.01104,2234603.0,1771203600000,24729.72026,242,2026-02-16 00:00:00+00:00
1771203600000,0.01104,0.01107,0.01094,0.011,4208676.0,1771207200000,46340.92232,356,2026-02-16 01:00:00+00:00
1771207200000,0.011,0.01105,0.01094,0.01096,1068444.0,1771210800000,11753.65641,227,2026-02-16 02:00:00+00:00
1771210800000,0.01097,0.01101,0.01095,0.01096,1475396.0,1771214400000,16182.60081,260,2026-02-16 03:00:00+00:00
1771214400000,0.01097,0.01107,0.01097,0.01106,1801289.0,1771218000000,19790.12656,227,2026-02-16 04:00:00+00:00
1771218000000,0.01107,0.01109,0.01086,0.0109,2838744.0,1771221600000,30982.11238,616,2026-02-16 05:00:00+00:00
1771221600000,0.01089,0.01099,0.01087,0.01094,1438198.0,1771225200000,15744.10681,356,2026-02-16 06:00:00+00:00
1771225200000,0.01094,0.01097,0.01086,0.01088,1784072.0,1771228800000,19468.67911,498,2026-02-16 07:00:00+00:00
1771228800000,0.01087,0.01098,0.01087,0.01096,2457788.0,1771232400000,26881.25069,496,2026-02-16 08:00:00+00:00
1771232400000,0.01095,0.01102,0.01089,0.0109,1406149.0,1771236000000,15362.24901,427,2026-02-16 09:00:00+00:00
1771236000000,0.0109,0.01092,0.01083,0.01086,2111525.0,1771239600000,22961.11034,387,2026-02-16 10:00:00+00:00
1771239600000,0.01085,0.01087,0.01064,0.01082,6911692.0,1771243200000,74384.03605,738,2026-02-16 11:00:00+00:00
1771243200000,0.01082,0.01099,0.01079,0.01097,2417334.0,1771246800000,26387.83956,564,2026-02-16 12:00:00+00:00
1771246800000,0.01097,0.01103,0.01072,0.01076,4588749.0,1771250400000,49940.08491,946,2026-02-16 13:00:00+00:00
1771250400000,0.01075,0.01089,0.0107,0.01083,2578160.0,1771254000000,27789.43213,538,2026-02-16 14:00:00+00:00
1771254000000,0.01084,0.01089,0.01061,0.01066,3512256.0,1771257600000,37592.06068,836,2026-02-16 15:00:00+00:00
1771257600000,0.01067,0.01082,0.01064,0.01076,3168288.0,1771261200000,34065.68537,663,2026-02-16 16:00:00+00:00
1771261200000,0.01077,0.0108,0.0107,0.01078,2287152.0,1771264800000,24619.27456,552,2026-02-16 17:00:00+00:00
1771264800000,0.01078,0.01084,0.01076,0.01078,964289.0,1771268400000,10412.3585,276,2026-02-16 18:00:00+00:00
1771268400000,0.01079,0.01095,0.01078,0.01091,1903872.0,1771272000000,20664.18243,420,2026-02-16 19:00:00+00:00
1771272000000,0.01091,0.01099,0.01084,0.01094,1020747.0,1771275600000,11138.09183,314,2026-02-16 20:00:00+00:00
1771275600000,0.01094,0.01102,0.01091,0.01102,869346.0,1771279200000,9558.691,338,2026-02-16 21:00:00+00:00
1771279200000,0.01101,0.01105,0.01091,0.01094,2583967.0,1771282800000,28284.9018,653,2026-02-16 22:00:00+00:00
1771282800000,0.01094,0.011,0.01092,0.01095,1288908.0,1771286400000,14121.03902,362,2026-02-16 23:00:00+00:00
1771286400000,0.01098,0.01105,0.01092,0.011,1279278.0,1771290000000,14032.99655,194,2026-02-17 00:00:00+00:00
1771290000000,0.011,0.01107,0.01097,0.011,1045807.0,1771293600000,11513.52013,177,2026-02-17 01:00:00+00:00
1771293600000,0.01099,0.01107,0.01092,0.01101,860300.0,1771297200000,9483.82823,296,2026-02-17 02:00:00+00:00
1771297200000,0.011,0.011,0.0109,0.0109,2229836.0,1771300800000,24364.16668,249,2026-02-17 03:00:00+00:00
1771300800000,0.01089,0.01098,0.01088,0.01092,1283004.0,1771304400000,14013.37487,298,2026-02-17 04:00:00+00:00
1771304400000,0.01093,0.01093,0.01078,0.01085,825390.0,1771308000000,8945.82801,270,2026-02-17 05:00:00+00:00
1771308000000,0.01085,0.01088,0.01083,0.01086,579128.0,1771311600000,6292.54589,145,2026-02-17 06:00:00+00:00
1771311600000,0.01086,0.01093,0.01084,0.01092,1818885.0,1771315200000,19793.0929,545,2026-02-17 07:00:00+00:00
1771315200000,0.01091,0.01093,0.01079,0.01082,1567877.0,1771318800000,17009.51578,449,2026-02-17 08:00:00+00:00
1771318800000,0.01082,0.01084,0.01077,0.01083,965188.0,1771322400000,10431.73889,247,2026-02-17 09:00:00+00:00
1771322400000,0.01082,0.01087,0.01078,0.01081,1887060.0,1771326000000,20400.48689,253,2026-02-17 10:00:00+00:00
1771326000000,0.01081,0.0111,0.01081,0.01105,4022199.0,1771329600000,44287.12522,809,2026-02-17 11:00:00+00:00
1771329600000,0.01104,0.01117,0.01092,0.01092,4948979.0,1771333200000,54628.15631,1134,2026-02-17 12:00:00+00:00
1771333200000,0.01093,0.01102,0.01091,0.01095,2355909.0,1771336800000,25851.32461,600,2026-02-17 13:00:00+00:00
1771336800000,0.01095,0.01103,0.01069,0.01073,6919301.0,1771340400000,75119.19187,1390,2026-02-17 14:00:00+00:00
1771340400000,0.01073,0.01085,0.01067,0.01084,2795820.0,1771344000000,30140.0038,765,2026-02-17 15:00:00+00:00
1771344000000,0.01085,0.011,0.01083,0.01086,5712354.0,1771347600000,62376.12272,1109,2026-02-17 16:00:00+00:00
1771347600000,0.01086,0.01087,0.01056,0.01063,9040409.0,1771351200000,96687.09615,1474,2026-02-17 17:00:00+00:00
1771351200000,0.01063,0.01092,0.01063,0.01086,2410618.0,1771354800000,26053.32665,717,2026-02-17 18:00:00+00:00
1771354800000,0.01085,0.01089,0.01076,0.01079,1208155.0,1771358400000,13089.04314,381,2026-02-17 19:00:00+00:00
1771358400000,0.01077,0.0108,0.01071,0.01077,1455078.0,1771362000000,15646.49663,387,2026-02-17 20:00:00+00:00
1771362000000,0.01077,0.01081,0.01074,0.01079,2055968.0,1771365600000,22142.46926,503,2026-02-17 21:00:00+00:00
1771365600000,0.0108,0.01085,0.01075,0.01079,726267.0,1771369200000,7835.32663,300,2026-02-17 22:00:00+00:00
1771369200000,0.01078,0.01083,0.01078,0.01081,609536.0,1771372800000,6585.68204,122,2026-02-17 23:00:00+00:00
1771372800000,0.01081,0.01089,0.01079,0.01081,1263092.0,1771376400000,13697.09061,244,2026-02-18 00:00:00+00:00
1771376400000,0.01081,0.01093,0.01079,0.01093,1292779.0,1771380000000,14027.38464,331,2026-02-18 01:00:00+00:00
1771380000000,0.01092,0.011,0.0109,0.01095,2208565.0,1771383600000,24179.53104,375,2026-02-18 02:00:00+00:00
1771383600000,0.01095,0.0111,0.01095,0.01105,2024454.0,1771387200000,22375.11262,456,2026-02-18 03:00:00+00:00
1771387200000,0.01105,0.01107,0.01098,0.01099,709102.0,1771390800000,7811.49343,140,2026-02-18 04:00:00+00:00
1771390800000,0.01098,0.011,0.01093,0.01095,522905.0,1771394400000,5732.62044,115,2026-02-18 05:00:00+00:00
1771394400000,0.01095,0.01097,0.0109,0.0109,1113765.0,1771398000000,12187.88599,181,2026-02-18 06:00:00+00:00
1771398000000,0.0109,0.01102,0.01089,0.01097,981814.0,1771401600000,10748.41493,266,2026-02-18 07:00:00+00:00
1771401600000,0.01097,0.01104,0.01094,0.01098,547975.0,1771405200000,6013.20106,132,2026-02-18 08:00:00+00:00
1771405200000,0.01098,0.011,0.01096,0.01097,965798.0,1771408800000,10600.61211,123,2026-02-18 09:00:00+00:00
1771408800000,0.01097,0.01101,0.01093,0.01094,380090.0,1771412400000,4170.70569,125,2026-02-18 10:00:00+00:00
1771412400000,0.01093,0.01093,0.0108,0.01087,2358605.0,1771416000000,25594.95065,375,2026-02-18 11:00:00+00:00
1771416000000,0.01086,0.01089,0.01079,0.01081,994185.0,1771419600000,10786.20535,188,2026-02-18 12:00:00+00:00
1771419600000,0.01081,0.01081,0.01059,0.01065,4869393.0,1771423200000,52157.75476,632,2026-02-18 13:00:00+00:00
1771423200000,0.01066,0.01074,0.01058,0.01071,4242234.0,1771426800000,45228.96796,734,2026-02-18 14:00:00+00:00
1771426800000,0.0107,0.01093,0.0107,0.01077,2083406.0,1771430400000,22509.55801,473,2026-02-18 15:00:00+00:00
1771430400000,0.01077,0.01077,0.01064,0.01066,2491788.0,1771434000000,26657.2956,398,2026-02-18 16:00:00+00:00
1771434000000,0.01066,0.01074,0.01062,0.01062,866192.0,1771437600000,9258.01316,208,2026-02-18 17:00:00+00:00
1771437600000,0.01062,0.01064,0.01047,0.0105,3388677.0,1771441200000,35736.76308,510,2026-02-18 18:00:00+00:00
1771441200000,0.01047,0.01053,0.01033,0.01039,2410237.0,1771444800000,25101.97317,552,2026-02-18 19:00:00+00:00
1771444800000,0.01039,0.01049,0.01037,0.01041,1378796.0,1771448400000,14372.75106,382,2026-02-18 20:00:00+00:00
1771448400000,0.01042,0.01044,0.01036,0.01038,777747.0,1771452000000,8083.48478,173,2026-02-18 21:00:00+00:00
1771452000000,0.01038,0.01044,0.01033,0.01042,976056.0,1771455600000,10114.88813,253,2026-02-18 22:00:00+00:00
1771455600000,0.01042,0.01042,0.01035,0.01039,710202.0,1771459200000,7375.83278,178,2026-02-18 23:00:00+00:00
1771459200000,0.01039,0.01042,0.01024,0.01029,1937846.0,1771462800000,19951.49961,448,2026-02-19 00:00:00+00:00
1771462800000,0.0103,0.0104,0.0103,0.01035,2238155.0,1771466400000,23156.08096,370,2026-02-19 01:00:00+00:00
1771466400000,0.01035,0.01039,0.0103,0.01033,2308923.0,1771470000000,23884.52627,338,2026-02-19 02:00:00+00:00
1771470000000,0.01032,0.0104,0.0103,0.01038,2818601.0,1771473600000,29195.39728,407,2026-02-19 03:00:00+00:00
1771473600000,0.01039,0.01044,0.01031,0.01031,1179370.0,1771477200000,12220.53778,250,2026-02-19 04:00:00+00:00
1771477200000,0.01031,0.01034,0.01023,0.0103,1422872.0,1771480800000,14616.95919,257,2026-02-19 05:00:00+00:00
1771480800000,0.01029,0.01042,0.01029,0.01036,3770465.0,1771484400000,39114.30609,280,2026-02-19 06:00:00+00:00
1771484400000,0.01036,0.01041,0.01032,0.01034,1296048.0,1771488000000,13422.29885,233,2026-02-19 07:00:00+00:00
1771488000000,0.01034,0.01035,0.01015,0.01024,3134735.0,1771491600000,32012.17884,431,2026-02-19 08:00:00+00:00
1771491600000,0.01024,0.01029,0.0102,0.01021,1830518.0,1771495200000,18757.84446,353,2026-02-19 09:00:00+00:00
1771495200000,0.01021,0.01028,0.01014,0.01014,4812568.0,1771498800000,49079.93249,511,2026-02-19 10:00:00+00:00
1771498800000,0.01015,0.01024,0.01009,0.01012,3143711.0,1771502400000,31906.93411,421,2026-02-19 11:00:00+00:00
1771502400000,0.01011,0.01015,0.01009,0.0101,915372.0,1771506000000,9256.88399,199,2026-02-19 12:00:00+00:00
1771506000000,0.0101,0.01011,0.00984,0.00992,5947007.0,1771509600000,59297.64915,806,2026-02-19 13:00:00+00:00
1771509600000,0.00993,0.01007,0.00988,0.00999,3676567.0,1771513200000,36602.16459,707,2026-02-19 14:00:00+00:00
1771513200000,0.00999,0.01005,0.00987,0.00992,3030753.0,1771516800000,30138.38776,634,2026-02-19 15:00:00+00:00
1771516800000,0.00991,0.01,0.00982,0.00992,3333055.0,1771520400000,33020.64215,533,2026-02-19 16:00:00+00:00
1771520400000,0.00992,0.01006,0.00988,0.00997,2428509.0,1771524000000,24219.66616,511,2026-02-19 17:00:00+00:00
1771524000000,0.00996,0.0101,0.00993,0.01007,2515691.0,1771527600000,25265.96632,623,2026-02-19 18:00:00+00:00
1771527600000,0.01007,0.01009,0.00995,0.01001,3022536.0,1771531200000,30284.72691,498,2026-02-19 19:00:00+00:00
1771531200000,0.01001,0.01009,0.00996,0.01004,6598505.0,1771534800000,66099.43016,654,2026-02-19 20:00:00+00:00
1771534800000,0.01004,0.01008,0.01003,0.01004,842743.0,1771538400000,8472.74784,194,2026-02-19 21:00:00+00:00
1771538400000,0.01005,0.01012,0.01003,0.01009,2804052.0,1771542000000,28234.05776,587,2026-02-19 22:00:00+00:00
1771542000000,0.01009,0.0102,0.01006,0.01019,2300685.0,1771545600000,23289.552,362,2026-02-19 23:00:00+00:00
1771545600000,0.01018,0.01024,0.01014,0.0102,3255487.0,1771549200000,33202.37171,371,2026-02-20 00:00:00+00:00
1771549200000,0.0102,0.01026,0.0102,0.01025,2184145.0,1771552800000,22351.08047,265,2026-02-20 01:00:00+00:00
1771552800000,0.01025,0.01028,0.01017,0.01019,2532634.0,1771556400000,25894.23342,256,2026-02-20 02:00:00+00:00
1771556400000,0.01018,0.01024,0.01015,0.01023,3545659.0,1771560000000,36208.10055,406,2026-02-20 03:00:00+00:00
1771560000000,0.01022,0.01025,0.01014,0.01021,2603783.0,1771563600000,26547.47303,321,2026-02-20 04:00:00+00:00
1771563600000,0.01022,0.01026,0.01015,0.0102,2271593.0,1771567200000,23207.51488,355,2026-02-20 05:00:00+00:00
1771567200000,0.0102,0.0102,0.01011,0.01015,1956517.0,1771570800000,19868.9841,236,2026-02-20 06:00:00+00:00
1771570800000,0.01016,0.01025,0.01014,0.0102,3999507.0,1771574400000,40765.12049,551,2026-02-20 07:00:00+00:00
1771574400000,0.0102,0.0105,0.01019,0.0104,6673672.0,1771578000000,69088.3122,907,2026-02-20 08:00:00+00:00
1771578000000,0.01039,0.01051,0.01031,0.01035,3621820.0,1771581600000,37765.48395,525,2026-02-20 09:00:00+00:00
1771581600000,0.01034,0.01042,0.01029,0.01029,3840904.0,1771585200000,39812.99996,491,2026-02-20 10:00:00+00:00
1771585200000,0.01029,0.01032,0.01018,0.01019,3072781.0,1771588800000,31554.17754,287,2026-02-20 11:00:00+00:00
1771588800000,0.01019,0.0102,0.01007,0.01014,9061583.0,1771592400000,91693.85196,527,2026-02-20 12:00:00+00:00
1771592400000,0.01013,0.01014,0.00987,0.00996,8096763.0,1771596000000,80788.14087,1114,2026-02-20 13:00:00+00:00
1771596000000,0.00996,0.01016,0.00996,0.01011,3691179.0,1771599600000,37207.40677,735,2026-02-20 14:00:00+00:00
1771599600000,0.01011,0.01038,0.0101,0.01033,9236412.0,1771603200000,94393.59324,1209,2026-02-20 15:00:00+00:00
1771603200000,0.01033,0.01038,0.01021,0.01031,3729304.0,1771606800000,38408.5842,551,2026-02-20 16:00:00+00:00
1771606800000,0.01031,0.01032,0.0101,0.01032,4476679.0,1771610400000,45779.3962,823,2026-02-20 17:00:00+00:00
1771610400000,0.01032,0.01037,0.01026,0.01034,3519163.0,1771614000000,36340.38415,596,2026-02-20 18:00:00+00:00
1771614000000,0.01034,0.01034,0.01022,0.01023,2168867.0,1771617600000,22268.02844,356,2026-02-20 19:00:00+00:00
1771617600000,0.01023,0.01029,0.01017,0.01022,1536822.0,1771621200000,15714.87453,253,2026-02-20 20:00:00+00:00
1771621200000,0.01022,0.01025,0.01021,0.01023,773345.0,1771624800000,7907.23607,167,2026-02-20 21:00:00+00:00
1771624800000,0.01023,0.01029,0.0102,0.01027,2182097.0,1771628400000,22367.49077,404,2026-02-20 22:00:00+00:00
1771628400000,0.01028,0.01028,0.01024,0.01026,814913.0,1771632000000,8359.32063,108,2026-02-20 23:00:00+00:00
1771632000000,0.01026,0.01028,0.01017,0.01017,1936048.0,1771635600000,19733.73444,214,2026-02-21 00:00:00+00:00
1771635600000,0.01017,0.01021,0.01017,0.01019,1274230.0,1771639200000,12969.87635,193,2026-02-21 01:00:00+00:00
1771639200000,0.01018,0.01029,0.01014,0.01028,5880879.0,1771642800000,60307.88347,321,2026-02-21 02:00:00+00:00
1771642800000,0.01028,0.0103,0.01019,0.0102,5810012.0,1771646400000,59498.73955,409,2026-02-21 03:00:00+00:00
1771646400000,0.01019,0.01021,0.01017,0.0102,1377148.0,1771650000000,14029.20538,158,2026-02-21 04:00:00+00:00
1771650000000,0.01019,0.01024,0.01018,0.01018,1002497.0,1771653600000,10242.14464,207,2026-02-21 05:00:00+00:00
1771653600000,0.01019,0.0102,0.01011,0.01015,3330428.0,1771657200000,33795.51623,422,2026-02-21 06:00:00+00:00
1771657200000,0.01014,0.01023,0.01013,0.01014,3337616.0,1771660800000,33925.67152,267,2026-02-21 07:00:00+00:00
1771660800000,0.01015,0.01024,0.01011,0.01022,3296004.0,1771664400000,33442.8028,394,2026-02-21 08:00:00+00:00
1771664400000,0.01021,0.01029,0.01019,0.01025,4962509.0,1771668000000,50907.77485,364,2026-02-21 09:00:00+00:00
1771668000000,0.01025,0.01025,0.01019,0.0102,1756154.0,1771671600000,17953.04582,173,2026-02-21 10:00:00+00:00
1771671600000,0.0102,0.01029,0.0102,0.01022,1391905.0,1771675200000,14264.18323,165,2026-02-21 11:00:00+00:00
1771675200000,0.01022,0.01028,0.01018,0.01021,2783633.0,1771678800000,28456.31411,277,2026-02-21 12:00:00+00:00
1771678800000,0.01022,0.01023,0.01017,0.01023,2345191.0,1771682400000,23936.47865,234,2026-02-21 13:00:00+00:00
1771682400000,0.01022,0.01029,0.01014,0.01017,4571271.0,1771686000000,46722.64699,517,2026-02-21 14:00:00+00:00
1771686000000,0.01016,0.0102,0.01008,0.01014,3676196.0,1771689600000,37262.66332,358,2026-02-21 15:00:00+00:00
1771689600000,0.01013,0.01013,0.01001,0.01006,5145790.0,1771693200000,51780.03322,445,2026-02-21 16:00:00+00:00
1771693200000,0.01006,0.01012,0.01003,0.01009,2587656.0,1771696800000,26012.04322,195,2026-02-21 17:00:00+00:00
1771696800000,0.01009,0.01013,0.01009,0.01011,541270.0,1771700400000,5471.19734,104,2026-02-21 18:00:00+00:00
1771700400000,0.01011,0.01013,0.01008,0.01008,792824.0,1771704000000,8010.7782,101,2026-02-21 19:00:00+00:00
1771704000000,0.01009,0.0101,0.01001,0.01001,2567396.0,1771707600000,25812.07191,338,2026-02-21 20:00:00+00:00
1771707600000,0.01002,0.01006,0.01001,0.01005,837934.0,1771711200000,8401.94276,191,2026-02-21 21:00:00+00:00
1771711200000,0.01005,0.01006,0.00998,0.01001,1014196.0,1771714800000,10157.11742,166,2026-02-21 22:00:00+00:00
1771714800000,0.01,0.01002,0.00995,0.00996,5633761.0,1771718400000,56188.79075,294,2026-02-21 23:00:00+00:00
1771718400000,0.00996,0.00996,0.00983,0.00988,6512949.0,1771722000000,64355.01618,510,2026-02-22 00:00:00+00:00
1771722000000,0.0099,0.00995,0.0099,0.00992,2484231.0,1771725600000,24635.23721,221,2026-02-22 01:00:00+00:00
1771725600000,0.00992,0.00993,0.00983,0.00985,3465185.0,1771729200000,34213.05066,279,2026-02-22 02:00:00+00:00
1771729200000,0.00985,0.00988,0.00979,0.00987,793484.0,1771732800000,7793.15237,168,2026-02-22 03:00:00+00:00
1771732800000,0.00986,0.00987,0.00982,0.00986,859297.0,1771736400000,8462.41841,103,2026-02-22 04:00:00+00:00
1771736400000,0.00985,0.00987,0.00977,0.00981,1870996.0,1771740000000,18386.24874,217,2026-02-22 05:00:00+00:00
1771740000000,0.00981,0.00984,0.00975,0.00977,2736977.0,1771743600000,26835.21619,289,2026-02-22 06:00:00+00:00
1771743600000,0.00976,0.0098,0.00975,0.00978,912733.0,1771747200000,8926.69212,128,2026-02-22 07:00:00+00:00
1771747200000,0.00978,0.0098,0.0097,0.00973,1952165.0,1771750800000,19006.02242,184,2026-02-22 08:00:00+00:00
1771750800000,0.00972,0.0098,0.00971,0.0098,2189872.0,1771754400000,21329.53581,166,2026-02-22 09:00:00+00:00
1771754400000,0.0098,0.00992,0.0098,0.00984,4321770.0,1771758000000,42597.40407,362,2026-02-22 10:00:00+00:00
1771758000000,0.00985,0.00986,0.0098,0.00983,1533148.0,1771761600000,15076.57997,157,2026-02-22 11:00:00+00:00
1771761600000,0.00982,0.00982,0.00962,0.00969,6364575.0,1771765200000,61731.86151,493,2026-02-22 12:00:00+00:00
1771765200000,0.00969,0.0097,0.00962,0.00963,4140635.0,1771768800000,40006.9191,442,2026-02-22 13:00:00+00:00
1771768800000,0.00964,0.00964,0.00956,0.00959,2755620.0,1771772400000,26449.4879,293,2026-02-22 14:00:00+00:00
1771772400000,0.00959,0.00966,0.00956,0.00965,2144226.0,1771776000000,20577.40692,236,2026-02-22 15:00:00+00:00
1771776000000,0.00965,0.00967,0.0096,0.00966,1007152.0,1771779600000,9692.13913,211,2026-02-22 16:00:00+00:00
1771779600000,0.00966,0.00966,0.00955,0.0096,2808430.0,1771783200000,26909.86927,312,2026-02-22 17:00:00+00:00
1771783200000,0.0096,0.00966,0.00958,0.00964,2630692.0,1771786800000,25360.74984,150,2026-02-22 18:00:00+00:00
1771786800000,0.00964,0.00966,0.0096,0.00962,1022518.0,1771790400000,9846.72382,127,2026-02-22 19:00:00+00:00
1771790400000,0.00962,0.00964,0.00956,0.00958,865987.0,1771794000000,8318.81652,136,2026-02-22 20:00:00+00:00
1771794000000,0.00958,0.00961,0.00953,0.00958,1545984.0,1771797600000,14812.24099,127,2026-02-22 21:00:00+00:00
1771797600000,0.00959,0.00967,0.00957,0.00967,2086435.0,1771801200000,20013.0456,126,2026-02-22 22:00:00+00:00
1771801200000,0.00967,0.00968,0.00962,0.00967,656327.0,1771804800000,6334.02967,74,2026-02-22 23:00:00+00:00
1771804800000,0.00967,0.00967,0.00953,0.00953,2559490.0,1771808400000,24567.91151,295,2026-02-23 00:00:00+00:00
1771808400000,0.00953,0.00953,0.00898,0.00906,26852816.0,1771812000000,246746.55778,3107,2026-02-23 01:00:00+00:00
1771812000000,0.00906,0.00921,0.00905,0.00918,3891179.0,1771815600000,35623.7369,450,2026-02-23 02:00:00+00:00
1771815600000,0.00919,0.00922,0.00912,0.00915,3535043.0,1771819200000,32442.4963,299,2026-02-23 03:00:00+00:00
1771819200000,0.00915,0.00915,0.0091,0.00915,662494.0,1771822800000,6051.19655,117,2026-02-23 04:00:00+00:00
1771822800000,0.00914,0.00936,0.00913,0.00931,2448552.0,1771826400000,22766.8365,334,2026-02-23 05:00:00+00:00
1771826400000,0.0093,0.00945,0.0093,0.00944,1610269.0,1771830000000,15093.39667,275,2026-02-23 06:00:00+00:00
1771830000000,0.00943,0.00947,0.0094,0.00946,1854974.0,1771833600000,17503.08701,230,2026-02-23 07:00:00+00:00
1771833600000,0.00945,0.00948,0.00942,0.00945,1343822.0,1771837200000,12698.31744,190,2026-02-23 08:00:00+00:00
1771837200000,0.00945,0.00964,0.00944,0.00962,1704060.0,1771840800000,16295.77353,368,2026-02-23 09:00:00+00:00
1771840800000,0.00962,0.00964,0.00955,0.00955,1620426.0,1771844400000,15541.57407,222,2026-02-23 10:00:00+00:00
1771844400000,0.00955,0.00961,0.00953,0.00956,993846.0,1771848000000,9506.64248,164,2026-02-23 11:00:00+00:00
1771848000000,0.00956,0.00968,0.00954,0.00961,725071.0,1771851600000,6976.95991,182,2026-02-23 12:00:00+00:00
1771851600000,0.00961,0.00962,0.00952,0.00952,2244828.0,1771855200000,21447.40758,211,2026-02-23 13:00:00+00:00
1771855200000,0.00952,0.00953,0.00933,0.0094,5034185.0,1771858800000,47383.25896,591,2026-02-23 14:00:00+00:00
1771858800000,0.00941,0.00942,0.00929,0.00932,3157220.0,1771862400000,29536.53417,545,2026-02-23 15:00:00+00:00
1771862400000,0.00931,0.00938,0.00928,0.00931,5176282.0,1771866000000,48225.98404,503,2026-02-23 16:00:00+00:00
1771866000000,0.00932,0.00933,0.00917,0.0093,2618358.0,1771869600000,24225.49133,458,2026-02-23 17:00:00+00:00
1771869600000,0.00929,0.00937,0.00925,0.00926,1729824.0,1771873200000,16099.61509,347,2026-02-23 18:00:00+00:00
1771873200000,0.00926,0.00927,0.0092,0.00922,1189202.0,1771876800000,10983.13872,257,2026-02-23 19:00:00+00:00
1771876800000,0.00921,0.00923,0.00912,0.0092,3105768.0,1771880400000,28445.89101,395,2026-02-23 20:00:00+00:00
1771880400000,0.0092,0.00927,0.00919,0.00926,2401806.0,1771884000000,22187.72278,489,2026-02-23 21:00:00+00:00
1771884000000,0.00928,0.00933,0.00927,0.00927,1302846.0,1771887600000,12116.73771,232,2026-02-23 22:00:00+00:00
1771887600000,0.00928,0.00932,0.0092,0.00921,1815240.0,1771891200000,16795.07033,194,2026-02-23 23:00:00+00:00
1771891200000,0.00922,0.0093,0.00918,0.00928,2003583.0,1771894800000,18513.81615,258,2026-02-24 00:00:00+00:00
1771894800000,0.00928,0.00928,0.00904,0.00921,6017217.0,1771898400000,55137.52077,953,2026-02-24 01:00:00+00:00
1771898400000,0.00921,0.00925,0.00916,0.00916,1661345.0,1771902000000,15264.51667,251,2026-02-24 02:00:00+00:00
1771902000000,0.00916,0.00916,0.00902,0.00907,4204858.0,1771905600000,38140.18449,544,2026-02-24 03:00:00+00:00
1771905600000,0.00908,0.00909,0.00899,0.00907,2561857.0,1771909200000,23197.5585,330,2026-02-24 04:00:00+00:00
1771909200000,0.00906,0.0091,0.00895,0.009,2669002.0,1771912800000,24019.48955,333,2026-02-24 05:00:00+00:00
1771912800000,0.009,0.00903,0.00896,0.00897,1325550.0,1771916400000,11923.45493,231,2026-02-24 06:00:00+00:00
1771916400000,0.00898,0.009,0.00894,0.00897,1179787.0,1771920000000,10586.37662,216,2026-02-24 07:00:00+00:00
1771920000000,0.00897,0.00903,0.00894,0.00901,2166552.0,1771923600000,19453.16528,403,2026-02-24 08:00:00+00:00
1771923600000,0.009,0.00903,0.00892,0.00901,2258686.0,1771927200000,20289.48363,451,2026-02-24 09:00:00+00:00
1771927200000,0.00901,0.00901,0.00896,0.00898,2222272.0,1771930800000,19971.89467,464,2026-02-24 10:00:00+00:00
1771930800000,0.00898,0.009,0.0089,0.00892,4243281.0,1771934400000,37930.58771,458,2026-02-24 11:00:00+00:00
1771934400000,0.00893,0.00897,0.00885,0.00886,2586986.0,1771938000000,23053.36412,407,2026-02-24 12:00:00+00:00
1771938000000,0.00887,0.00892,0.0088,0.0089,5507660.0,1771941600000,48893.09823,698,2026-02-24 13:00:00+00:00
1771941600000,0.0089,0.00902,0.00881,0.00898,6464925.0,1771945200000,57554.64102,991,2026-02-24 14:00:00+00:00
1771945200000,0.00899,0.0091,0.00898,0.00902,5114166.0,1771948800000,46222.357,621,2026-02-24 15:00:00+00:00
1771948800000,0.00902,0.00915,0.00895,0.00904,6424127.0,1771952400000,58169.24914,762,2026-02-24 16:00:00+00:00
1771952400000,0.00904,0.00905,0.00893,0.00896,3099686.0,1771956000000,27877.05848,569,2026-02-24 17:00:00+00:00
1771956000000,0.00895,0.00901,0.00891,0.009,2425672.0,1771959600000,21758.91806,324,2026-02-24 18:00:00+00:00
1771959600000,0.00899,0.00904,0.00896,0.00903,2145146.0,1771963200000,19331.17405,204,2026-02-24 19:00:00+00:00
1771963200000,0.00903,0.00909,0.00902,0.00905,1279787.0,1771966800000,11575.32589,187,2026-02-24 20:00:00+00:00
1771966800000,0.00905,0.00906,0.00899,0.00906,1777100.0,1771970400000,16018.9982,163,2026-02-24 21:00:00+00:00
1771970400000,0.00905,0.00911,0.00905,0.00908,907264.0,1771974000000,8236.62014,168,2026-02-24 22:00:00+00:00
1771974000000,0.00909,0.00918,0.00903,0.0091,834023.0,1771977600000,7600.07545,142,2026-02-24 23:00:00+00:00
1771977600000,0.0091,0.0092,0.0091,0.00917,3487949.0,1771981200000,31887.97409,340,2026-02-25 00:00:00+00:00
1771981200000,0.00917,0.00959,0.00917,0.00952,5839822.0,1771984800000,54960.46779,951,2026-02-25 01:00:00+00:00
1771984800000,0.00952,0.00956,0.00941,0.00942,5761220.0,1771988400000,54634.15487,575,2026-02-25 02:00:00+00:00
1771988400000,0.00943,0.00943,0.00932,0.00933,2685043.0,1771992000000,25137.1524,325,2026-02-25 03:00:00+00:00
1771992000000,0.00933,0.00934,0.00923,0.00927,2059702.0,1771995600000,19098.24813,271,2026-02-25 04:00:00+00:00
1771995600000,0.00926,0.00926,0.0091,0.0092,3916283.0,1771999200000,36000.35397,299,2026-02-25 05:00:00+00:00
1771999200000,0.0092,0.00925,0.00919,0.00921,1160974.0,1772002800000,10697.69674,137,2026-02-25 06:00:00+00:00
1772002800000,0.00922,0.00943,0.00921,0.00937,6220383.0,1772006400000,58231.00669,393,2026-02-25 07:00:00+00:00
1772006400000,0.00937,0.00957,0.00936,0.00944,11504521.0,1772010000000,108833.51167,826,2026-02-25 08:00:00+00:00
1772010000000,0.00944,0.00965,0.00943,0.00953,4461133.0,1772013600000,42564.72544,408,2026-02-25 09:00:00+00:00
1772013600000,0.00953,0.00955,0.00946,0.00946,1552379.0,1772017200000,14734.05086,170,2026-02-25 10:00:00+00:00
1772017200000,0.00947,0.00949,0.0094,0.00946,2149420.0,1772020800000,20313.3664,221,2026-02-25 11:00:00+00:00
1772020800000,0.00946,0.00955,0.00944,0.00953,1654231.0,1772024400000,15735.1087,222,2026-02-25 12:00:00+00:00
1772024400000,0.00954,0.00962,0.0095,0.00952,4074607.0,1772028000000,38889.54194,387,2026-02-25 13:00:00+00:00
1772028000000,0.00954,0.00962,0.00948,0.00962,5692981.0,1772031600000,54270.89532,523,2026-02-25 14:00:00+00:00
1772031600000,0.00963,0.00975,0.00958,0.00972,3722851.0,1772035200000,35976.70852,564,2026-02-25 15:00:00+00:00
1772035200000,0.00972,0.00988,0.00971,0.00984,4516254.0,1772038800000,44347.75411,446,2026-02-25 16:00:00+00:00
1772038800000,0.00983,0.0099,0.0098,0.00987,1558187.0,1772042400000,15358.66236,337,2026-02-25 17:00:00+00:00
1772042400000,0.00987,0.00996,0.00984,0.00992,3649603.0,1772046000000,36078.94616,396,2026-02-25 18:00:00+00:00
1772046000000,0.00992,0.01,0.00984,0.00997,3578568.0,1772049600000,35465.60477,406,2026-02-25 19:00:00+00:00
1772049600000,0.00997,0.00998,0.00987,0.00989,3494231.0,1772053200000,34646.06655,303,2026-02-25 20:00:00+00:00
1772053200000,0.0099,0.01001,0.00982,0.00991,7494422.0,1772056800000,74244.88009,703,2026-02-25 21:00:00+00:00
1772056800000,0.00992,0.00997,0.00978,0.00984,4733847.0,1772060400000,46808.25844,496,2026-02-25 22:00:00+00:00
1772060400000,0.00984,0.00984,0.0096,0.00973,5511239.0,1772064000000,53760.45173,483,2026-02-25 23:00:00+00:00
1772064000000,0.00974,0.0098,0.00967,0.00972,3425760.0,1772067600000,33354.99912,444,2026-02-26 00:00:00+00:00
1772067600000,0.00971,0.00976,0.00967,0.00969,2762689.0,1772071200000,26823.52198,357,2026-02-26 01:00:00+00:00
1772071200000,0.00967,0.00974,0.00961,0.00972,1248283.0,1772074800000,12061.16441,246,2026-02-26 02:00:00+00:00
1772074800000,0.00972,0.00973,0.00965,0.00965,2014333.0,1772078400000,19502.07505,232,2026-02-26 03:00:00+00:00
1772078400000,0.00964,0.00972,0.00961,0.00966,3264084.0,1772082000000,31615.59212,287,2026-02-26 04:00:00+00:00
1772082000000,0.00966,0.00966,0.00953,0.00957,5313945.0,1772085600000,51044.79141,430,2026-02-26 05:00:00+00:00
1772085600000,0.00956,0.00961,0.00951,0.00951,2525839.0,1772089200000,24150.46792,228,2026-02-26 06:00:00+00:00
1772089200000,0.00953,0.00954,0.00946,0.00949,2606707.0,1772092800000,24757.3724,271,2026-02-26 07:00:00+00:00
1772092800000,0.00949,0.00953,0.00947,0.00949,5905882.0,1772096400000,56119.34862,383,2026-02-26 08:00:00+00:00
1772096400000,0.00948,0.00958,0.00946,0.00953,3065801.0,1772100000000,29200.92704,334,2026-02-26 09:00:00+00:00
1772100000000,0.00954,0.00955,0.00942,0.00942,1230774.0,1772103600000,11640.85839,185,2026-02-26 10:00:00+00:00
1772103600000,0.00943,0.00943,0.00936,0.00937,1583001.0,1772107200000,14875.46389,169,2026-02-26 11:00:00+00:00
1772107200000,0.00937,0.00945,0.00937,0.00943,1880342.0,1772110800000,17702.72957,175,2026-02-26 12:00:00+00:00
1772110800000,0.00943,0.00943,0.00937,0.00939,703094.0,1772114400000,6614.75771,137,2026-02-26 13:00:00+00:00
1772114400000,0.00939,0.0094,0.00926,0.00934,3744715.0,1772118000000,34919.44467,515,2026-02-26 14:00:00+00:00
1772118000000,0.00934,0.00935,0.00921,0.00925,9059593.0,1772121600000,84005.55978,800,2026-02-26 15:00:00+00:00
1772121600000,0.00926,0.00926,0.00893,0.00897,6649469.0,1772125200000,60352.0165,706,2026-02-26 16:00:00+00:00
1772125200000,0.00896,0.00909,0.00895,0.00904,4758568.0,1772128800000,43110.98588,332,2026-02-26 17:00:00+00:00
1772128800000,0.00905,0.00922,0.00903,0.00922,2125982.0,1772132400000,19398.32528,257,2026-02-26 18:00:00+00:00
1772132400000,0.00922,0.00934,0.00921,0.00932,3829725.0,1772136000000,35582.8936,385,2026-02-26 19:00:00+00:00
1772136000000,0.00931,0.00933,0.00923,0.00925,2564635.0,1772139600000,23822.31472,255,2026-02-26 20:00:00+00:00
1772139600000,0.00925,0.00929,0.00923,0.00928,344354.0,1772143200000,3194.67291,84,2026-02-26 21:00:00+00:00
1772143200000,0.00928,0.00936,0.00927,0.00936,1287062.0,1772146800000,12005.92984,97,2026-02-26 22:00:00+00:00
1772146800000,0.00935,0.00938,0.00932,0.00932,1072058.0,1772150400000,10006.52235,84,2026-02-26 23:00:00+00:00
1772150400000,0.00934,0.00935,0.00926,0.00929,1131882.0,1772154000000,10524.06169,176,2026-02-27 00:00:00+00:00
1772154000000,0.0093,0.00931,0.00927,0.0093,748754.0,1772157600000,6958.03857,152,2026-02-27 01:00:00+00:00
1772157600000,0.00931,0.00946,0.00931,0.0094,1486816.0,1772161200000,13974.28664,227,2026-02-27 02:00:00+00:00
1772161200000,0.0094,0.0096,0.0094,0.00956,1061854.0,1772164800000,10071.17409,240,2026-02-27 03:00:00+00:00
1772164800000,0.00956,0.00976,0.00956,0.0097,2141819.0,1772168400000,20722.091,387,2026-02-27 04:00:00+00:00
1772168400000,0.00969,0.00977,0.00964,0.00969,1494168.0,1772172000000,14522.90965,241,2026-02-27 05:00:00+00:00
1772172000000,0.0097,0.00971,0.00961,0.00963,1689021.0,1772175600000,16296.3639,183,2026-02-27 06:00:00+00:00
1772175600000,0.00963,0.00967,0.00954,0.00966,1369446.0,1772179200000,13178.25728,201,2026-02-27 07:00:00+00:00
1772179200000,0.00967,0.00992,0.00967,0.00976,8944705.0,1772182800000,87673.97962,837,2026-02-27 08:00:00+00:00
1772182800000,0.00976,0.00993,0.00974,0.00991,8623881.0,1772186400000,84979.70255,774,2026-02-27 09:00:00+00:00
1772186400000,0.0099,0.00994,0.00975,0.00984,11439731.0,1772190000000,112598.4228,1358,2026-02-27 10:00:00+00:00
1772190000000,0.00984,0.01001,0.0096,0.0096,20168159.0,1772193600000,197738.95089,2037,2026-02-27 11:00:00+00:00
1772193600000,0.00959,0.00961,0.00941,0.00945,8021114.0,1772197200000,76096.1355,888,2026-02-27 12:00:00+00:00
1772197200000,0.00946,0.00962,0.0094,0.00957,7570129.0,1772200800000,71832.44474,672,2026-02-27 13:00:00+00:00
1772200800000,0.00957,0.00963,0.00945,0.00947,4912699.0,1772204400000,46866.24239,589,2026-02-27 14:00:00+00:00
1772204400000,0.00946,0.00955,0.00941,0.00953,4384060.0,1772208000000,41601.87434,516,2026-02-27 15:00:00+00:00
1772208000000,0.00953,0.00953,0.00934,0.00936,4136400.0,1772211600000,39111.51197,554,2026-02-27 16:00:00+00:00
1772211600000,0.00935,0.00949,0.00924,0.00949,5340360.0,1772215200000,50026.97609,541,2026-02-27 17:00:00+00:00
1772215200000,0.00948,0.00951,0.00938,0.00938,2447982.0,1772218800000,23181.16288,338,2026-02-27 18:00:00+00:00
1772218800000,0.00938,0.0094,0.0093,0.00935,1982423.0,1772222400000,18498.12661,311,2026-02-27 19:00:00+00:00
1772222400000,0.00934,0.00938,0.00928,0.0093,1451520.0,1772226000000,13548.98714,244,2026-02-27 20:00:00+00:00
1772226000000,0.0093,0.00932,0.00921,0.00924,2298836.0,1772229600000,21324.87675,303,2026-02-27 21:00:00+00:00
1772229600000,0.00925,0.00927,0.00906,0.00925,1973257.0,1772233200000,18122.0965,302,2026-02-27 22:00:00+00:00
1772233200000,0.00925,0.00929,0.00925,0.00928,918710.0,1772236800000,8511.35738,134,2026-02-27 23:00:00+00:00
1772236800000,0.00929,0.0096,0.00928,0.00952,14727536.0,1772240400000,140307.24434,855,2026-02-28 00:00:00+00:00
1772240400000,0.00953,0.0097,0.00924,0.0093,34211083.0,1772244000000,326558.4073,2562,2026-02-28 01:00:00+00:00
1772244000000,0.00929,0.00943,0.00929,0.00936,2926706.0,1772247600000,27409.29394,334,2026-02-28 02:00:00+00:00
1772247600000,0.00936,0.00942,0.0092,0.00925,2768289.0,1772251200000,25774.23045,274,2026-02-28 03:00:00+00:00
1772251200000,0.00924,0.00924,0.00914,0.00918,2907251.0,1772254800000,26692.86853,260,2026-02-28 04:00:00+00:00
1772254800000,0.00919,0.0092,0.0091,0.00914,2038459.0,1772258400000,18623.04177,259,2026-02-28 05:00:00+00:00
1772258400000,0.00914,0.00916,0.00866,0.00867,14832919.0,1772262000000,132454.65903,2209,2026-02-28 06:00:00+00:00
1772262000000,0.00866,0.00888,0.0086,0.00872,14353279.0,1772265600000,125849.74034,1340,2026-02-28 07:00:00+00:00
1772265600000,0.00871,0.00871,0.00854,0.00855,6672052.0,1772269200000,57532.40037,625,2026-02-28 08:00:00+00:00
1772269200000,0.00856,0.00861,0.00852,0.00859,6714753.0,1772272800000,57478.27943,611,2026-02-28 09:00:00+00:00
1772272800000,0.00858,0.00879,0.00853,0.00869,3907379.0,1772276400000,33707.39326,469,2026-02-28 10:00:00+00:00
1772276400000,0.0087,0.00878,0.00869,0.00872,3409181.0,1772280000000,29740.15844,333,2026-02-28 11:00:00+00:00
1772280000000,0.00872,0.00875,0.00868,0.0087,878473.0,1772283600000,7665.75004,193,2026-02-28 12:00:00+00:00
1772283600000,0.00871,0.009,0.00869,0.00899,5794004.0,1772287200000,51310.86182,888,2026-02-28 13:00:00+00:00
1772287200000,0.009,0.00904,0.0088,0.00883,2882263.0,1772290800000,25735.40107,522,2026-02-28 14:00:00+00:00
1772290800000,0.00883,0.00889,0.00875,0.00886,2263893.0,1772294400000,20011.85136,366,2026-02-28 15:00:00+00:00
1772294400000,0.00886,0.00887,0.00879,0.00886,1996256.0,1772298000000,17630.1138,372,2026-02-28 16:00:00+00:00
1772298000000,0.00886,0.00893,0.0088,0.00891,2239645.0,1772301600000,19820.17928,346,2026-02-28 17:00:00+00:00
1772301600000,0.0089,0.0091,0.00886,0.00905,1319338.0,1772305200000,11830.77635,344,2026-02-28 18:00:00+00:00
1772305200000,0.00906,0.00927,0.009,0.0092,1866791.0,1772308800000,17050.11333,402,2026-02-28 19:00:00+00:00
1772308800000,0.00921,0.00949,0.00917,0.00944,4309135.0,1772312400000,40392.89793,749,2026-02-28 20:00:00+00:00
1772312400000,0.00944,0.00945,0.00929,0.00935,1861923.0,1772316000000,17380.17705,414,2026-02-28 21:00:00+00:00
1772316000000,0.00935,0.00947,0.00935,0.00942,1248157.0,1772319600000,11733.52662,365,2026-02-28 22:00:00+00:00
1772319600000,0.00941,0.00942,0.0093,0.00938,1116038.0,1772323200000,10445.69003,150,2026-02-28 23:00:00+00:00
1772323200000,0.00939,0.00944,0.0093,0.00932,1516808.0,1772326799999,14222.95331,205,2026-03-01 00:00:00+00:00
1772326800000,0.0093,0.00958,0.00922,0.00956,5694546.0,1772330399999,53366.39752,670,2026-03-01 01:00:00+00:00
1772330400000,0.00958,0.00976,0.00958,0.00969,6300175.0,1772333999999,60976.23739,771,2026-03-01 02:00:00+00:00
1772334000000,0.00968,0.00968,0.00949,0.00951,2504394.0,1772337599999,23899.14575,347,2026-03-01 03:00:00+00:00
1772337600000,0.00953,0.00966,0.00947,0.00966,2132250.0,1772341199999,20358.73873,231,2026-03-01 04:00:00+00:00
1772341200000,0.00965,0.00974,0.00961,0.00968,1658987.0,1772344799999,16064.52372,245,2026-03-01 05:00:00+00:00
1772344800000,0.00967,0.00968,0.0095,0.00954,1946708.0,1772348399999,18654.26225,344,2026-03-01 06:00:00+00:00
1772348400000,0.00954,0.00958,0.00948,0.0095,1933654.0,1772351999999,18419.98535,333,2026-03-01 07:00:00+00:00
1772352000000,0.00951,0.00952,0.00931,0.00933,4008099.0,1772355599999,37817.77588,393,2026-03-01 08:00:00+00:00
1772355600000,0.00933,0.00937,0.00923,0.00926,1680865.0,1772359199999,15649.82649,326,2026-03-01 09:00:00+00:00
1772359200000,0.00926,0.00933,0.00921,0.00933,1543335.0,1772362799999,14312.20176,271,2026-03-01 10:00:00+00:00
1772362800000,0.00933,0.00934,0.00927,0.00929,975873.0,1772366399999,9069.86367,168,2026-03-01 11:00:00+00:00
1772366400000,0.00928,0.0093,0.00918,0.00919,4202729.0,1772369999999,38784.10251,443,2026-03-01 12:00:00+00:00
1772370000000,0.0092,0.00936,0.00908,0.00929,7140946.0,1772373599999,65502.73009,758,2026-03-01 13:00:00+00:00
1772373600000,0.00929,0.00936,0.00919,0.00922,3722049.0,1772377199999,34551.83345,562,2026-03-01 14:00:00+00:00
1772377200000,0.00921,0.00923,0.00913,0.00914,2382617.0,1772380799999,21919.97085,295,2026-03-01 15:00:00+00:00
1772380800000,0.00913,0.0092,0.00898,0.00907,4942759.0,1772384399999,44946.93069,651,2026-03-01 16:00:00+00:00
1772384400000,0.00907,0.00907,0.00895,0.00897,3535219.0,1772387999999,31805.08898,559,2026-03-01 17:00:00+00:00
1772388000000,0.00897,0.00915,0.00897,0.00909,4028900.0,1772391599999,36634.40616,429,2026-03-01 18:00:00+00:00
1772391600000,0.00907,0.00907,0.00893,0.00896,1694619.0,1772395199999,15233.26399,328,2026-03-01 19:00:00+00:00
1772395200000,0.00896,0.00896,0.0088,0.00883,4290379.0,1772398799999,37954.51792,475,2026-03-01 20:00:00+00:00
1772398800000,0.00883,0.00895,0.00883,0.00894,1847754.0,1772402399999,16447.33682,285,2026-03-01 21:00:00+00:00
1772402400000,0.00893,0.00908,0.00889,0.00892,5062813.0,1772405999999,45390.96983,672,2026-03-01 22:00:00+00:00
1772406000000,0.00892,0.00906,0.0089,0.00895,703413.0,1772409599999,6311.04513,267,2026-03-01 23:00:00+00:00
1772409600000,0.00896,0.00914,0.00895,0.0091,1422823.0,1772413199999,12825.89365,278,2026-03-02 00:00:00+00:00
1772413200000,0.00909,0.00921,0.00907,0.0091,707227.0,1772416799999,6456.39499,333,2026-03-02 01:00:00+00:00
1772416800000,0.00911,0.00912,0.00899,0.00906,1792594.0,1772420399999,16234.39609,369,2026-03-02 02:00:00+00:00
1772420400000,0.00907,0.00916,0.00902,0.00913,872280.0,1772423999999,7922.91117,304,2026-03-02 03:00:00+00:00
1772424000000,0.00913,0.00913,0.00907,0.00908,919946.0,1772427599999,8369.46437,221,2026-03-02 04:00:00+00:00
1772427600000,0.00908,0.00908,0.00901,0.00901,1389676.0,1772431199999,12546.10109,234,2026-03-02 05:00:00+00:00
1772431200000,0.00901,0.00901,0.00883,0.00886,1993502.0,1772434799999,17735.52783,426,2026-03-02 06:00:00+00:00
1772434800000,0.00887,0.0089,0.00878,0.00885,2005814.0,1772438399999,17750.05838,418,2026-03-02 07:00:00+00:00
1772438400000,0.00884,0.00898,0.00876,0.00897,8149810.0,1772441999999,72188.31027,817,2026-03-02 08:00:00+00:00
1772442000000,0.00896,0.00905,0.00895,0.00899,2194216.0,1772445599999,19767.08271,383,2026-03-02 09:00:00+00:00
1772445600000,0.00898,0.00902,0.00895,0.00902,1081293.0,1772449199999,9716.33102,268,2026-03-02 10:00:00+00:00
1772449200000,0.00902,0.00909,0.00901,0.00907,1712004.0,1772452799999,15499.265,335,2026-03-02 11:00:00+00:00
1772452800000,0.00908,0.00912,0.00903,0.00907,3402214.0,1772456399999,30850.35246,382,2026-03-02 12:00:00+00:00
1772456400000,0.00907,0.00907,0.00897,0.009,1729733.0,1772459999999,15602.78355,426,2026-03-02 13:00:00+00:00
1772460000000,0.00899,0.00927,0.00898,0.00926,3405265.0,1772463599999,30982.82505,745,2026-03-02 14:00:00+00:00
1772463600000,0.00926,0.00951,0.00922,0.0094,5982900.0,1772467199999,56411.00397,1057,2026-03-02 15:00:00+00:00
1772467200000,0.00941,0.00954,0.00934,0.00945,4037335.0,1772470799999,38187.67814,895,2026-03-02 16:00:00+00:00
1772470800000,0.00944,0.00948,0.00927,0.0094,4609274.0,1772474399999,43200.23734,627,2026-03-02 17:00:00+00:00
1772474400000,0.0094,0.00941,0.00931,0.00933,1739204.0,1772477999999,16273.75615,457,2026-03-02 18:00:00+00:00
1772478000000,0.00934,0.00941,0.00928,0.0094,1670639.0,1772481599999,15625.27454,409,2026-03-02 19:00:00+00:00
1772481600000,0.0094,0.00959,0.00938,0.00952,7633554.0,1772485199999,72425.77407,995,2026-03-02 20:00:00+00:00
1772485200000,0.00951,0.00974,0.00947,0.00958,14035022.0,1772488799999,135307.11028,1673,2026-03-02 21:00:00+00:00
1772488800000,0.00958,0.00985,0.00955,0.00969,8881851.0,1772492399999,86391.82586,888,2026-03-02 22:00:00+00:00
1772492400000,0.00971,0.00972,0.00947,0.00952,6613329.0,1772495999999,63307.49525,638,2026-03-02 23:00:00+00:00
1772496000000,0.00953,0.00954,0.00932,0.00937,3636265.0,1772499599999,34169.85113,410,2026-03-03 00:00:00+00:00
1772499600000,0.00937,0.00944,0.00929,0.00929,2990153.0,1772503199999,27922.12418,424,2026-03-03 01:00:00+00:00
1772503200000,0.00928,0.00928,0.00917,0.00925,3796566.0,1772506799999,35022.23056,564,2026-03-03 02:00:00+00:00
1772506800000,0.00925,0.00928,0.00918,0.00924,1041420.0,1772510399999,9617.592,194,2026-03-03 03:00:00+00:00
1772510400000,0.00925,0.00927,0.0092,0.00923,1400662.0,1772513999999,12939.52038,210,2026-03-03 04:00:00+00:00
1772514000000,0.00924,0.00945,0.00923,0.00934,6189319.0,1772517599999,57864.28319,565,2026-03-03 05:00:00+00:00
1772517600000,0.00934,0.00941,0.00932,0.00938,4580930.0,1772521199999,42907.80804,505,2026-03-03 06:00:00+00:00
1772521200000,0.00937,0.00951,0.00936,0.00945,4013516.0,1772524799999,37905.8993,434,2026-03-03 07:00:00+00:00
1772524800000,0.00944,0.00952,0.00916,0.00919,4065737.0,1772528399999,37971.11586,603,2026-03-03 08:00:00+00:00
1772528400000,0.00919,0.00924,0.00908,0.00911,2739276.0,1772531999999,25081.10576,513,2026-03-03 09:00:00+00:00
1772532000000,0.0091,0.00912,0.00904,0.0091,1481102.0,1772535599999,13448.17927,385,2026-03-03 10:00:00+00:00
1772535600000,0.0091,0.00912,0.00899,0.00911,3647919.0,1772539199999,33020.17809,439,2026-03-03 11:00:00+00:00
1772539200000,0.00911,0.00933,0.00911,0.00916,2120601.0,1772542799999,19538.87249,386,2026-03-03 12:00:00+00:00
1772542800000,0.00916,0.0092,0.00909,0.00913,1432523.0,1772546399999,13100.1011,335,2026-03-03 13:00:00+00:00
1772546400000,0.00913,0.00927,0.00907,0.00915,3215483.0,1772549999999,29473.92928,876,2026-03-03 14:00:00+00:00
1772550000000,0.00914,0.00932,0.00905,0.00928,3708108.0,1772553599999,34049.56552,799,2026-03-03 15:00:00+00:00
1772553600000,0.00927,0.00942,0.00911,0.00935,7535429.0,1772557199999,69969.77577,1091,2026-03-03 16:00:00+00:00
1772557200000,0.00936,0.00938,0.00921,0.00938,2098993.0,1772560799999,19488.83806,554,2026-03-03 17:00:00+00:00
1772560800000,0.00938,0.00952,0.00931,0.00941,2421810.0,1772564399999,22836.67693,451,2026-03-03 18:00:00+00:00
1772564400000,0.00941,0.00949,0.00936,0.00942,3596690.0,1772567999999,33900.3706,587,2026-03-03 19:00:00+00:00
1772568000000,0.00942,0.00943,0.0093,0.00932,2090788.0,1772571599999,19610.56284,470,2026-03-03 20:00:00+00:00
1772571600000,0.00933,0.00936,0.00924,0.00926,2543759.0,1772575199999,23669.88823,353,2026-03-03 21:00:00+00:00
1772575200000,0.00926,0.00948,0.00925,0.00937,6524173.0,1772578799999,60930.81484,636,2026-03-03 22:00:00+00:00
1772578800000,0.00937,0.00944,0.00929,0.0093,1085413.0,1772582399999,10148.80553,259,2026-03-03 23:00:00+00:00
1772582400000,0.00931,0.00933,0.00913,0.0092,4149290.0,1772585999999,38178.95838,480,2026-03-04 00:00:00+00:00
1772586000000,0.0092,0.00929,0.0092,0.00921,2688197.0,1772589599999,24800.84814,325,2026-03-04 01:00:00+00:00
1772589600000,0.00921,0.00943,0.00916,0.00937,2978387.0,1772593199999,27697.89695,413,2026-03-04 02:00:00+00:00
1772593200000,0.00936,0.00936,0.00917,0.00929,2446665.0,1772596799999,22630.1351,433,2026-03-04 03:00:00+00:00
1772596800000,0.00929,0.0093,0.00917,0.00925,1468442.0,1772600399999,13553.40205,309,2026-03-04 04:00:00+00:00
1772600400000,0.00925,0.00934,0.00918,0.00933,2540094.0,1772603999999,23462.30563,364,2026-03-04 05:00:00+00:00
1772604000000,0.00932,0.00945,0.00928,0.00941,2390512.0,1772607599999,22436.97491,424,2026-03-04 06:00:00+00:00
1772607600000,0.00941,0.0095,0.00932,0.00946,2161131.0,1772611199999,20367.89096,402,2026-03-04 07:00:00+00:00
1772611200000,0.00946,0.0097,0.00941,0.00969,4486450.0,1772614799999,42757.2857,664,2026-03-04 08:00:00+00:00
1772614800000,0.00969,0.00973,0.0096,0.00963,5715232.0,1772618399999,55274.83691,846,2026-03-04 09:00:00+00:00
1772618400000,0.00964,0.00973,0.00952,0.00973,6169805.0,1772621999999,59404.5345,630,2026-03-04 10:00:00+00:00
1772622000000,0.00972,0.00988,0.00963,0.00982,25322525.0,1772625599999,247518.30124,2262,2026-03-04 11:00:00+00:00
1772625600000,0.00982,0.0099,0.00965,0.00984,15669806.0,1772629199999,153168.49084,1634,2026-03-04 12:00:00+00:00
1772629200000,0.00985,0.00989,0.00972,0.00984,4364938.0,1772632799999,42813.96281,596,2026-03-04 13:00:00+00:00
1772632800000,0.00983,0.00992,0.00964,0.00966,6172123.0,1772636399999,60404.4549,874,2026-03-04 14:00:00+00:00
1772636400000,0.00967,0.00993,0.00965,0.00993,6170786.0,1772639999999,60384.66499,873,2026-03-04 15:00:00+00:00
1772640000000,0.00993,0.00995,0.00972,0.0098,5409123.0,1772643599999,53042.35866,685,2026-03-04 16:00:00+00:00
1772643600000,0.0098,0.00982,0.00966,0.00974,4568969.0,1772647199999,44363.69881,445,2026-03-04 17:00:00+00:00
1772647200000,0.00974,0.00978,0.00967,0.00978,1337197.0,1772650799999,13007.72526,273,2026-03-04 18:00:00+00:00
1772650800000,0.00979,0.00991,0.00975,0.0099,4952132.0,1772654399999,48704.50304,602,2026-03-04 19:00:00+00:00
1772654400000,0.00991,0.00991,0.00976,0.00979,2369430.0,1772657999999,23313.28856,371,2026-03-04 20:00:00+00:00
1772658000000,0.00979,0.0098,0.00971,0.00974,4819379.0,1772661599999,46932.61997,410,2026-03-04 21:00:00+00:00
1772661600000,0.00975,0.00981,0.00966,0.00968,1808205.0,1772665199999,17615.751,366,2026-03-04 22:00:00+00:00
1772665200000,0.00968,0.00971,0.00957,0.00969,3354382.0,1772668799999,32316.90173,353,2026-03-04 23:00:00+00:00
1772668800000,0.00968,0.00968,0.00963,0.00965,1090362.0,1772672399999,10526.02108,213,2026-03-05 00:00:00+00:00
1772672400000,0.00964,0.00971,0.00955,0.00956,1676100.0,1772675999999,16111.10397,274,2026-03-05 01:00:00+00:00
1772676000000,0.00957,0.00969,0.00957,0.00967,3490984.0,1772679599999,33654.88586,268,2026-03-05 02:00:00+00:00
1772679600000,0.00968,0.01031,0.00968,0.01001,49259279.0,1772683199999,494641.28496,4963,2026-03-05 03:00:00+00:00
1772683200000,0.00999,0.01018,0.00983,0.00984,24387594.0,1772686799999,244167.87036,2530,2026-03-05 04:00:00+00:00
1772686800000,0.00984,0.0099,0.00978,0.00981,5852983.0,1772690399999,57595.14749,486,2026-03-05 05:00:00+00:00
1772690400000,0.00981,0.00995,0.0098,0.00992,4459622.0,1772693999999,44046.20759,487,2026-03-05 06:00:00+00:00
1772694000000,0.00991,0.01009,0.0099,0.01007,11756420.0,1772697599999,117595.02874,1089,2026-03-05 07:00:00+00:00
1772697600000,0.01004,0.01016,0.00991,0.01009,12212022.0,1772701199999,122754.18549,1223,2026-03-05 08:00:00+00:00
1772701200000,0.01009,0.0103,0.01003,0.01025,17356849.0,1772704799999,177355.61525,1934,2026-03-05 09:00:00+00:00
1772704800000,0.01024,0.01038,0.01005,0.01006,23661445.0,1772708399999,242450.06389,2183,2026-03-05 10:00:00+00:00
1772708400000,0.01006,0.0101,0.00984,0.00993,6480960.0,1772711999999,64516.72719,776,2026-03-05 11:00:00+00:00
1772712000000,0.00992,0.00999,0.00991,0.00995,4171577.0,1772715599999,41461.84229,719,2026-03-05 12:00:00+00:00
1772715600000,0.00994,0.01009,0.00988,0.00997,11524075.0,1772719199999,115313.61744,1112,2026-03-05 13:00:00+00:00
1772719200000,0.00998,0.01014,0.00991,0.01012,3573904.0,1772722799999,35726.64761,575,2026-03-05 14:00:00+00:00
1772722800000,0.01011,0.01021,0.00994,0.01005,8739462.0,1772726399999,87654.61758,1029,2026-03-05 15:00:00+00:00
1772726400000,0.01006,0.01006,0.00977,0.00985,4468564.0,1772729999999,44105.68109,672,2026-03-05 16:00:00+00:00
1772730000000,0.00984,0.00993,0.00967,0.00976,3642631.0,1772733599999,35541.42174,606,2026-03-05 17:00:00+00:00
1772733600000,0.00976,0.00991,0.00975,0.00989,1796689.0,1772737199999,17654.34084,319,2026-03-05 18:00:00+00:00
1772737200000,0.00989,0.01001,0.00988,0.00993,3698426.0,1772740799999,36794.54875,448,2026-03-05 19:00:00+00:00
1772740800000,0.00993,0.01011,0.0099,0.01006,3218041.0,1772744399999,32235.6778,509,2026-03-05 20:00:00+00:00
1772744400000,0.01006,0.01012,0.01,0.01003,3223898.0,1772747999999,32372.24778,545,2026-03-05 21:00:00+00:00
1772748000000,0.01004,0.01021,0.00999,0.01019,7711423.0,1772751599999,77838.45188,585,2026-03-05 22:00:00+00:00
1772751600000,0.0102,0.01026,0.01003,0.01009,8181588.0,1772755199999,83022.64735,655,2026-03-05 23:00:00+00:00
1772755200000,0.0101,0.01035,0.00995,0.01031,26326999.0,1772758799999,268120.25116,2168,2026-03-06 00:00:00+00:00
1772758800000,0.01031,0.01057,0.01016,0.01055,22158647.0,1772762399999,230393.83554,2722,2026-03-06 01:00:00+00:00
1772762400000,0.01056,0.011,0.01049,0.01063,76912151.0,1772765999999,824740.82269,7516,2026-03-06 02:00:00+00:00
1772766000000,0.01064,0.01093,0.01062,0.01076,13697459.0,1772769599999,147601.06567,2359,2026-03-06 03:00:00+00:00
1772769600000,0.01075,0.01098,0.01072,0.01084,17117802.0,1772773199999,186158.59118,2495,2026-03-06 04:00:00+00:00
1772773200000,0.01084,0.01098,0.01063,0.0107,20518710.0,1772776799999,221414.97989,1981,2026-03-06 05:00:00+00:00
1772776800000,0.01069,0.01088,0.01058,0.01086,15817261.0,1772780399999,169872.87973,1531,2026-03-06 06:00:00+00:00
1772780400000,0.01086,0.01154,0.01077,0.01141,61953498.0,1772783999999,696348.10227,7172,2026-03-06 07:00:00+00:00
1772784000000,0.01141,0.01259,0.01125,0.01135,194768154.0,1772787599999,2325548.08955,23047,2026-03-06 08:00:00+00:00
1772787600000,0.01135,0.01174,0.01126,0.01144,55556818.0,1772791199999,641392.56055,5180,2026-03-06 09:00:00+00:00
1772791200000,0.01144,0.01174,0.01136,0.01147,45404250.0,1772794799999,522731.08958,4951,2026-03-06 10:00:00+00:00
1772794800000,0.01146,0.01149,0.01099,0.01101,27788498.0,1772798399999,312514.15212,3705,2026-03-06 11:00:00+00:00
1772798400000,0.01101,0.01109,0.01088,0.01094,23673138.0,1772801999999,259511.78109,2375,2026-03-06 12:00:00+00:00
1772802000000,0.01095,0.01109,0.01077,0.01092,20343292.0,1772805599999,223083.39116,2005,2026-03-06 13:00:00+00:00
1772805600000,0.01092,0.01093,0.01056,0.0106,39797194.0,1772809199999,426451.9839,3549,2026-03-06 14:00:00+00:00
1772809200000,0.0106,0.01069,0.01044,0.01051,10938310.0,1772812799999,115532.35118,1546,2026-03-06 15:00:00+00:00
1772812800000,0.0105,0.01063,0.01045,0.01053,16265320.0,1772816399999,171437.31075,1302,2026-03-06 16:00:00+00:00
1772816400000,0.01054,0.01055,0.01035,0.01042,9937123.0,1772819999999,103929.41686,939,2026-03-06 17:00:00+00:00
1772820000000,0.01043,0.01055,0.0104,0.0105,7898638.0,1772823599999,82847.96386,774,2026-03-06 18:00:00+00:00
1772823600000,0.0105,0.01065,0.0105,0.01058,9007597.0,1772827199999,95416.08768,884,2026-03-06 19:00:00+00:00
1772827200000,0.01059,0.01071,0.01046,0.0107,7001020.0,1772830799999,74098.25761,692,2026-03-06 20:00:00+00:00
1772830800000,0.01071,0.01111,0.01071,0.01098,42909731.0,1772834399999,470317.66109,4319,2026-03-06 21:00:00+00:00
1772834400000,0.01098,0.01164,0.01095,0.01117,61305489.0,1772837999999,691714.71959,6277,2026-03-06 22:00:00+00:00
1772838000000,0.01115,0.01125,0.011,0.01105,20264973.0,1772841599999,225484.77177,1488,2026-03-06 23:00:00+00:00
1772841600000,0.01104,0.01107,0.01068,0.01076,18853435.0,1772845199999,203582.95698,1589,2026-03-07 00:00:00+00:00
1772845200000,0.01076,0.0113,0.01072,0.0112,16751772.0,1772848799999,184738.30443,1224,2026-03-07 01:00:00+00:00
1772848800000,0.01122,0.01197,0.01122,0.01128,62315010.0,1772852399999,723462.87047,4632,2026-03-07 02:00:00+00:00
1772852400000,0.0113,0.01157,0.01128,0.0115,14968617.0,1772855999999,170947.45519,1415,2026-03-07 03:00:00+00:00
1772856000000,0.01151,0.01157,0.01129,0.01131,16762635.0,1772859599999,192069.20785,1500,2026-03-07 04:00:00+00:00
1772859600000,0.01131,0.0115,0.01093,0.01099,21810245.0,1772863199999,244346.06368,2182,2026-03-07 05:00:00+00:00
1772863200000,0.01099,0.01107,0.0109,0.01093,8974006.0,1772866799999,98554.48794,936,2026-03-07 06:00:00+00:00
1772866800000,0.01093,0.01097,0.01086,0.01091,7919390.0,1772870399999,86475.88418,890,2026-03-07 07:00:00+00:00
1772870400000,0.0109,0.01115,0.0109,0.01103,7124935.0,1772873999999,78770.18534,874,2026-03-07 08:00:00+00:00
1772874000000,0.01103,0.01126,0.01097,0.01124,5968459.0,1772877599999,66095.52377,790,2026-03-07 09:00:00+00:00
1772877600000,0.01124,0.0114,0.01121,0.01125,12243057.0,1772881199999,138528.68949,1360,2026-03-07 10:00:00+00:00
1772881200000,0.01125,0.01157,0.01123,0.01154,16217247.0,1772884799999,185510.08021,1289,2026-03-07 11:00:00+00:00
1772884800000,0.01155,0.01191,0.01102,0.01106,62395690.0,1772888399999,721619.5705,4964,2026-03-07 12:00:00+00:00
1772888400000,0.01107,0.01137,0.01102,0.01134,13911512.0,1772891999999,156059.05411,1385,2026-03-07 13:00:00+00:00
1772892000000,0.01135,0.01138,0.01111,0.01111,6976506.0,1772895599999,78322.16845,919,2026-03-07 14:00:00+00:00
1772895600000,0.0111,0.01148,0.0111,0.01131,21550151.0,1772899199999,242736.74076,1932,2026-03-07 15:00:00+00:00
1772899200000,0.0113,0.01144,0.01121,0.01134,9102321.0,1772902799999,103172.00435,1168,2026-03-07 16:00:00+00:00
1772902800000,0.01133,0.01187,0.01133,0.01183,34647602.0,1772906399999,405918.80788,2786,2026-03-07 17:00:00+00:00
1772906400000,0.01182,0.01183,0.01164,0.01177,20329282.0,1772909999999,238387.78811,1543,2026-03-07 18:00:00+00:00
1772910000000,0.01177,0.01215,0.01165,0.01172,34653031.0,1772913599999,412777.96068,3485,2026-03-07 19:00:00+00:00
1772913600000,0.01173,0.01181,0.01149,0.01153,12875078.0,1772917199999,149553.39799,1139,2026-03-07 20:00:00+00:00
1772917200000,0.01151,0.01158,0.01146,0.01156,6146265.0,1772920799999,70847.38967,845,2026-03-07 21:00:00+00:00
1772920800000,0.01155,0.01167,0.01143,0.01145,8304344.0,1772924399999,95944.02275,1026,2026-03-07 22:00:00+00:00
1772924400000,0.01145,0.01167,0.01142,0.0116,8741904.0,1772927999999,100797.32238,829,2026-03-07 23:00:00+00:00
1772928000000,0.0116,0.01188,0.01142,0.01157,27124624.0,1772931599999,315468.94529,2586,2026-03-08 00:00:00+00:00
1772931600000,0.01158,0.01229,0.01155,0.01206,39874313.0,1772935199999,477750.27083,4172,2026-03-08 01:00:00+00:00
1772935200000,0.01207,0.01246,0.01177,0.0118,32420016.0,1772938799999,393947.77349,3179,2026-03-08 02:00:00+00:00
1772938800000,0.01181,0.01207,0.01179,0.01197,13893630.0,1772942399999,165822.03313,1724,2026-03-08 03:00:00+00:00
1772942400000,0.01196,0.01217,0.01194,0.01202,11059400.0,1772945999999,133513.30936,1719,2026-03-08 04:00:00+00:00
1772946000000,0.01202,0.01262,0.01202,0.01238,32349964.0,1772949599999,400062.16349,3649,2026-03-08 05:00:00+00:00
1772949600000,0.01239,0.01261,0.01218,0.01218,39589688.0,1772953199999,491855.93941,4099,2026-03-08 06:00:00+00:00
1772953200000,0.01218,0.01234,0.01192,0.01196,20905504.0,1772956799999,251954.69888,2395,2026-03-08 07:00:00+00:00
1772956800000,0.01196,0.01212,0.01179,0.01202,16127758.0,1772960399999,192231.72986,1626,2026-03-08 08:00:00+00:00
1772960400000,0.01202,0.01231,0.01189,0.01222,18214480.0,1772963999999,220300.95074,1963,2026-03-08 09:00:00+00:00
1772964000000,0.01222,0.01265,0.01216,0.01249,24566065.0,1772967599999,304860.26899,2418,2026-03-08 10:00:00+00:00
1772967600000,0.0125,0.01264,0.01215,0.01251,18664619.0,1772971199999,232593.03027,2677,2026-03-08 11:00:00+00:00
1772971200000,0.01252,0.01293,0.01239,0.01272,51448261.0,1772974799999,654795.51743,5040,2026-03-08 12:00:00+00:00
1772974800000,0.01272,0.01322,0.01265,0.01301,59112938.0,1772978399999,767397.67037,6522,2026-03-08 13:00:00+00:00
1772978400000,0.01302,0.01335,0.01294,0.01335,45468072.0,1772981999999,600521.97302,4455,2026-03-08 14:00:00+00:00
1772982000000,0.01335,0.01421,0.01324,0.01375,205011313.0,1772985599999,2809957.5485,15705,2026-03-08 15:00:00+00:00
1772985600000,0.01375,0.01449,0.01354,0.01377,111592650.0,1772989199999,1564953.7585,10401,2026-03-08 16:00:00+00:00
1772989200000,0.01377,0.01419,0.01351,0.01387,64061699.0,1772992799999,886847.79489,6961,2026-03-08 17:00:00+00:00
1772992800000,0.01387,0.01407,0.01365,0.01381,26749486.0,1772996399999,370881.67836,3498,2026-03-08 18:00:00+00:00
1772996400000,0.01381,0.0144,0.01373,0.01399,26739058.0,1772999999999,376213.25502,4289,2026-03-08 19:00:00+00:00
1773000000000,0.01399,0.01473,0.01384,0.01453,50824162.0,1773003599999,730883.22811,6340,2026-03-08 20:00:00+00:00
1773003600000,0.01453,0.01454,0.01412,0.01445,45525760.0,1773007199999,653829.30595,4933,2026-03-08 21:00:00+00:00
1773007200000,0.01445,0.01446,0.01357,0.01397,33919308.0,1773010799999,472801.8381,4967,2026-03-08 22:00:00+00:00
1773010800000,0.01396,0.01407,0.01335,0.01344,27412886.0,1773014399999,374723.39923,4018,2026-03-08 23:00:00+00:00
1773014400000,0.01343,0.01397,0.01333,0.01358,47296673.0,1773017999999,644794.32461,5956,2026-03-09 00:00:00+00:00
1773018000000,0.01358,0.01364,0.0131,0.01319,22038160.0,1773021599999,292860.1118,3788,2026-03-09 01:00:00+00:00
1773021600000,0.01318,0.01322,0.01297,0.01315,12253146.0,1773025199999,160475.80359,2210,2026-03-09 02:00:00+00:00
1773025200000,0.01314,0.01361,0.01312,0.01349,18897948.0,1773028799999,252707.32465,2759,2026-03-09 03:00:00+00:00
1773028800000,0.01349,0.01365,0.01316,0.01321,16121326.0,1773032399999,216518.47343,2556,2026-03-09 04:00:00+00:00
1773032400000,0.0132,0.01375,0.01304,0.01355,21113344.0,1773035999999,284248.23766,3085,2026-03-09 05:00:00+00:00
1773036000000,0.01354,0.01364,0.01322,0.01334,18963740.0,1773039599999,254644.48552,1995,2026-03-09 06:00:00+00:00
1773039600000,0.01334,0.01374,0.01324,0.0136,28143768.0,1773043199999,379415.90459,2780,2026-03-09 07:00:00+00:00
1773043200000,0.01359,0.01382,0.01345,0.01351,34219438.0,1773046799999,466002.44324,3419,2026-03-09 08:00:00+00:00
1773046800000,0.0135,0.01364,0.01327,0.01331,27221577.0,1773050399999,364596.45702,2714,2026-03-09 09:00:00+00:00
1773050400000,0.01332,0.01344,0.01313,0.01317,22247656.0,1773053999999,295285.42074,2201,2026-03-09 10:00:00+00:00
1773054000000,0.01317,0.01337,0.01315,0.01321,9551433.0,1773057599999,126385.83895,1248,2026-03-09 11:00:00+00:00
1773057600000,0.01321,0.01369,0.01321,0.01343,20481149.0,1773061199999,276087.62253,2798,2026-03-09 12:00:00+00:00
1773061200000,0.01342,0.0138,0.01341,0.01368,23185998.0,1773064799999,314852.99243,2704,2026-03-09 13:00:00+00:00
1773064800000,0.01368,0.01373,0.01323,0.01325,17663438.0,1773068399999,237806.60753,2317,2026-03-09 14:00:00+00:00
1773068400000,0.01325,0.01327,0.01271,0.01309,36369631.0,1773071999999,472309.91774,3367,2026-03-09 15:00:00+00:00
1773072000000,0.01309,0.01312,0.01268,0.01277,21204000.0,1773075599999,273324.47388,2016,2026-03-09 16:00:00+00:00
1773075600000,0.01277,0.01298,0.01275,0.01286,6882165.0,1773079199999,88596.96818,1138,2026-03-09 17:00:00+00:00
1773079200000,0.01286,0.01288,0.01264,0.01265,6062235.0,1773082799999,77334.42691,860,2026-03-09 18:00:00+00:00
1773082800000,0.01264,0.01285,0.0126,0.0127,16727808.0,1773086399999,212915.85387,1685,2026-03-09 19:00:00+00:00
1773086400000,0.01269,0.01272,0.01257,0.01262,7576526.0,1773089999999,95862.64027,1067,2026-03-09 20:00:00+00:00
1773090000000,0.01262,0.01267,0.0125,0.01263,7582232.0,1773093599999,95451.73097,940,2026-03-09 21:00:00+00:00
1773093600000,0.01263,0.01267,0.01235,0.01241,9267849.0,1773097199999,115495.5153,1185,2026-03-09 22:00:00+00:00
1773097200000,0.01241,0.01243,0.01231,0.01238,10044264.0,1773100799999,124253.10538,1132,2026-03-09 23:00:00+00:00
1773100800000,0.01237,0.01245,0.0122,0.01235,12602339.0,1773104399999,155462.02294,1833,2026-03-10 00:00:00+00:00
1773104400000,0.01234,0.01266,0.01229,0.01262,14860701.0,1773107999999,184748.54908,1989,2026-03-10 01:00:00+00:00
1773108000000,0.01263,0.01335,0.01263,0.01334,36533449.0,1773111599999,473682.96991,4692,2026-03-10 02:00:00+00:00
1773111600000,0.01333,0.01381,0.0133,0.01331,41569727.0,1773115199999,563217.50303,5721,2026-03-10 03:00:00+00:00
1773115200000,0.0133,0.01371,0.01322,0.01354,21623618.0,1773118799999,291949.49513,3968,2026-03-10 04:00:00+00:00
1773118800000,0.01354,0.01355,0.01327,0.01334,12086222.0,1773122399999,162236.54814,2236,2026-03-10 05:00:00+00:00
1773122400000,0.01335,0.01341,0.01302,0.0132,11760297.0,1773125999999,154773.70263,1810,2026-03-10 06:00:00+00:00
1773126000000,0.0132,0.01345,0.01308,0.01342,15383154.0,1773129599999,204466.08424,1859,2026-03-10 07:00:00+00:00
1773129600000,0.01341,0.01347,0.01316,0.01317,14340849.0,1773133199999,191043.97911,1879,2026-03-10 08:00:00+00:00
1773133200000,0.01318,0.01324,0.01293,0.01304,10311029.0,1773136799999,135036.28592,1305,2026-03-10 09:00:00+00:00
1773136800000,0.01305,0.01329,0.01299,0.01318,21170495.0,1773140399999,277775.67358,1884,2026-03-10 10:00:00+00:00
1773140400000,0.01319,0.01355,0.01317,0.01348,13030079.0,1773143999999,174417.44853,2256,2026-03-10 11:00:00+00:00
1773144000000,0.01347,0.01363,0.01319,0.01319,11410821.0,1773147599999,153227.28724,1977,2026-03-10 12:00:00+00:00
1773147600000,0.01319,0.01342,0.01316,0.0133,8951741.0,1773151199999,118675.34191,1763,2026-03-10 13:00:00+00:00
1773151200000,0.01331,0.01394,0.01329,0.01366,32015999.0,1773154799999,435984.60054,4166,2026-03-10 14:00:00+00:00
1773154800000,0.01366,0.01385,0.01345,0.01379,14085634.0,1773158399999,192019.56326,2334,2026-03-10 15:00:00+00:00
1773158400000,0.01379,0.01382,0.01339,0.01345,10668508.0,1773161999999,144759.05165,1559,2026-03-10 16:00:00+00:00
1773162000000,0.01345,0.01356,0.01331,0.01335,7057138.0,1773165599999,94771.86652,1245,2026-03-10 17:00:00+00:00
1773165600000,0.01335,0.01335,0.01308,0.01314,7275073.0,1773169199999,95882.25715,1394,2026-03-10 18:00:00+00:00
1773169200000,0.01314,0.01327,0.01312,0.01317,4755743.0,1773172799999,62777.50007,986,2026-03-10 19:00:00+00:00
1773172800000,0.01317,0.0132,0.01305,0.01311,3006139.0,1773176399999,39505.17847,656,2026-03-10 20:00:00+00:00
1773176400000,0.01312,0.01315,0.01285,0.01294,5593987.0,1773179999999,72546.25889,942,2026-03-10 21:00:00+00:00
1773180000000,0.01295,0.013,0.01285,0.01294,3779268.0,1773183599999,48764.27145,585,2026-03-10 22:00:00+00:00
1773183600000,0.01294,0.01308,0.01293,0.01304,3037306.0,1773187199999,39560.33546,604,2026-03-10 23:00:00+00:00
1773187200000,0.01303,0.01303,0.01276,0.0128,9453720.0,1773190799999,121821.02735,1302,2026-03-11 00:00:00+00:00
1773190800000,0.0128,0.01288,0.01269,0.01283,9109377.0,1773194399999,116180.18124,1594,2026-03-11 01:00:00+00:00
1773194400000,0.01283,0.01286,0.01252,0.01259,9948751.0,1773197999999,126037.48599,1044,2026-03-11 02:00:00+00:00
1773198000000,0.01259,0.01263,0.01249,0.01258,6131779.0,1773201599999,76961.33901,900,2026-03-11 03:00:00+00:00
1773201600000,0.01257,0.01278,0.01246,0.01269,8138811.0,1773205199999,102413.90288,985,2026-03-11 04:00:00+00:00
1773205200000,0.0127,0.0127,0.01245,0.01249,7642028.0,1773208799999,95597.06563,729,2026-03-11 05:00:00+00:00
1773208800000,0.01249,0.0125,0.01239,0.01241,4487389.0,1773212399999,55747.21629,697,2026-03-11 06:00:00+00:00
1773212400000,0.01241,0.01244,0.01226,0.01233,13221335.0,1773215999999,162747.48565,1544,2026-03-11 07:00:00+00:00
1773216000000,0.01233,0.01234,0.01204,0.01207,11799968.0,1773219599999,143207.01049,962,2026-03-11 08:00:00+00:00
1773219600000,0.01208,0.01213,0.01198,0.01208,6928951.0,1773223199999,83558.50619,858,2026-03-11 09:00:00+00:00
1773223200000,0.01208,0.01211,0.01202,0.01203,7655032.0,1773226799999,92403.81315,874,2026-03-11 10:00:00+00:00
1773226800000,0.01204,0.01208,0.01194,0.01202,3963055.0,1773230399999,47625.32332,606,2026-03-11 11:00:00+00:00
1773230400000,0.01201,0.01223,0.01198,0.01218,6976439.0,1773233999999,84405.56012,848,2026-03-11 12:00:00+00:00
1773234000000,0.01218,0.01246,0.01216,0.01224,7442763.0,1773237599999,91570.19978,1007,2026-03-11 13:00:00+00:00
1773237600000,0.01225,0.01241,0.01224,0.0123,10632225.0,1773241199999,130805.16174,966,2026-03-11 14:00:00+00:00
1773241200000,0.0123,0.01234,0.01213,0.01218,7682658.0,1773244799999,93776.74939,1116,2026-03-11 15:00:00+00:00
1773244800000,0.01218,0.01257,0.01211,0.01254,13337746.0,1773248399999,164291.96118,1130,2026-03-11 16:00:00+00:00
1773248400000,0.01255,0.01277,0.01228,0.0123,6379618.0,1773251999999,80030.9834,989,2026-03-11 17:00:00+00:00
1773252000000,0.0123,0.01242,0.01227,0.0123,2595463.0,1773255599999,32007.88719,477,2026-03-11 18:00:00+00:00
1773255600000,0.0123,0.01238,0.01224,0.01225,3970145.0,1773259199999,48892.44056,567,2026-03-11 19:00:00+00:00
1773259200000,0.01225,0.01232,0.01219,0.01225,3169503.0,1773262799999,38859.03405,422,2026-03-11 20:00:00+00:00
1773262800000,0.01225,0.01261,0.01223,0.01254,14256040.0,1773266399999,176872.76633,1657,2026-03-11 21:00:00+00:00
1773266400000,0.01256,0.01274,0.01236,0.0124,7239881.0,1773269999999,90463.60758,750,2026-03-11 22:00:00+00:00
1773270000000,0.01241,0.01244,0.01211,0.01218,6165524.0,1773273599999,75633.8135,743,2026-03-11 23:00:00+00:00
1773273600000,0.01217,0.0122,0.01205,0.01213,7568216.0,1773277199999,91864.79476,737,2026-03-12 00:00:00+00:00
1773277200000,0.01213,0.01213,0.01191,0.01197,4750963.0,1773280799999,56971.22769,610,2026-03-12 01:00:00+00:00
1773280800000,0.01197,0.012,0.0118,0.01184,12085446.0,1773284399999,144170.61121,1290,2026-03-12 02:00:00+00:00
1773284400000,0.01184,0.01194,0.01183,0.01189,3286755.0,1773287999999,39026.28657,384,2026-03-12 03:00:00+00:00
1773288000000,0.01189,0.01196,0.01187,0.01189,2966949.0,1773291599999,35319.44572,435,2026-03-12 04:00:00+00:00
1773291600000,0.01188,0.01188,0.01177,0.01186,3612320.0,1773295199999,42710.48701,414,2026-03-12 05:00:00+00:00
1773295200000,0.01185,0.01192,0.01184,0.01186,1900750.0,1773298799999,22581.8414,354,2026-03-12 06:00:00+00:00
1773298800000,0.01185,0.01195,0.0118,0.01192,3015593.0,1773302399999,35808.71542,430,2026-03-12 07:00:00+00:00
1773302400000,0.01192,0.01229,0.0119,0.01217,11621253.0,1773305999999,140965.01308,1325,2026-03-12 08:00:00+00:00
1773306000000,0.01217,0.01227,0.01208,0.0121,7336322.0,1773309599999,89375.6941,780,2026-03-12 09:00:00+00:00
1773309600000,0.0121,0.01213,0.01203,0.01206,2748470.0,1773313199999,33158.50767,441,2026-03-12 10:00:00+00:00
1773313200000,0.01205,0.01206,0.01193,0.01195,3896094.0,1773316799999,46682.60148,504,2026-03-12 11:00:00+00:00
1773316800000,0.01195,0.01195,0.01179,0.01186,6230475.0,1773320399999,73774.79583,627,2026-03-12 12:00:00+00:00
1773320400000,0.01187,0.01194,0.0118,0.01187,2893859.0,1773323999999,34333.86673,680,2026-03-12 13:00:00+00:00
1773324000000,0.01187,0.01194,0.01172,0.0119,6824661.0,1773327599999,80757.56717,1004,2026-03-12 14:00:00+00:00
1773327600000,0.01189,0.01203,0.01185,0.01187,3534123.0,1773331199999,42183.35051,683,2026-03-12 15:00:00+00:00
1773331200000,0.01186,0.01198,0.01181,0.01192,3070475.0,1773334799999,36594.53453,607,2026-03-12 16:00:00+00:00
1773334800000,0.01193,0.01194,0.01183,0.01185,1642958.0,1773338399999,19499.74756,405,2026-03-12 17:00:00+00:00
1773338400000,0.01184,0.01201,0.01178,0.01197,3170939.0,1773341999999,37747.1075,486,2026-03-12 18:00:00+00:00
1773342000000,0.01198,0.01203,0.01188,0.01192,4233485.0,1773345599999,50543.51745,558,2026-03-12 19:00:00+00:00
1773345600000,0.01191,0.01191,0.01179,0.0118,2888945.0,1773349199999,34220.22482,483,2026-03-12 20:00:00+00:00
1773349200000,0.0118,0.01191,0.01176,0.01191,3253483.0,1773352799999,38403.85414,478,2026-03-12 21:00:00+00:00
1773352800000,0.0119,0.01191,0.01181,0.01188,2351709.0,1773356399999,27923.17908,480,2026-03-12 22:00:00+00:00
1773356400000,0.01187,0.01195,0.01184,0.01185,2852924.0,1773359999999,33921.18159,576,2026-03-12 23:00:00+00:00
1773360000000,0.01185,0.0121,0.01178,0.01208,6724440.0,1773363599999,80586.11659,1503,2026-03-13 00:00:00+00:00
1773363600000,0.01208,0.01217,0.01196,0.01202,5381710.0,1773367199999,65014.68721,932,2026-03-13 01:00:00+00:00
1773367200000,0.01201,0.01202,0.01183,0.01188,8123938.0,1773370799999,96689.05907,684,2026-03-13 02:00:00+00:00
1773370800000,0.01188,0.01194,0.01178,0.01191,3939257.0,1773374399999,46734.98564,814,2026-03-13 03:00:00+00:00
1773374400000,0.0119,0.01197,0.01189,0.01192,2402855.0,1773377999999,28658.64588,545,2026-03-13 04:00:00+00:00
1773378000000,0.01192,0.01196,0.01183,0.01187,4430942.0,1773381599999,52696.14746,774,2026-03-13 05:00:00+00:00
1773381600000,0.01187,0.01194,0.01177,0.01189,5198164.0,1773385199999,61683.08831,859,2026-03-13 06:00:00+00:00
1773385200000,0.01189,0.01202,0.01185,0.01187,6270063.0,1773388799999,74872.81287,908,2026-03-13 07:00:00+00:00
1773388800000,0.01186,0.0119,0.01177,0.01181,5627729.0,1773392399999,66527.42845,823,2026-03-13 08:00:00+00:00
1773392400000,0.01181,0.01201,0.01181,0.01196,4823404.0,1773395999999,57525.83294,793,2026-03-13 09:00:00+00:00
1773396000000,0.01196,0.01208,0.01196,0.01201,1691739.0,1773399599999,20349.16095,504,2026-03-13 10:00:00+00:00
1773399600000,0.01201,0.01202,0.01188,0.01193,5016112.0,1773403199999,59932.02012,564,2026-03-13 11:00:00+00:00
1773403200000,0.01192,0.0121,0.01191,0.01206,4963003.0,1773406799999,59593.26004,978,2026-03-13 12:00:00+00:00
1773406800000,0.01205,0.01225,0.01203,0.01217,10221096.0,1773410399999,124238.42668,1682,2026-03-13 13:00:00+00:00
1773410400000,0.01217,0.0122,0.01186,0.01191,10247005.0,1773413999999,122805.04524,1480,2026-03-13 14:00:00+00:00
1773414000000,0.01192,0.01201,0.01183,0.01194,8025337.0,1773417599999,95814.79438,1139,2026-03-13 15:00:00+00:00
1773417600000,0.01193,0.01209,0.01187,0.01205,7494239.0,1773421199999,89882.57047,1080,2026-03-13 16:00:00+00:00
1773421200000,0.01205,0.0121,0.01189,0.01199,6946021.0,1773424799999,83176.89717,1034,2026-03-13 17:00:00+00:00
1773424800000,0.012,0.01207,0.01193,0.01193,3431508.0,1773428399999,41195.02562,602,2026-03-13 18:00:00+00:00
1773428400000,0.01193,0.01196,0.01183,0.01195,3845554.0,1773431999999,45631.37602,506,2026-03-13 19:00:00+00:00
1773432000000,0.01194,0.01207,0.01193,0.01202,6951178.0,1773435599999,83401.23082,813,2026-03-13 20:00:00+00:00
1773435600000,0.01202,0.01207,0.01187,0.01194,6628145.0,1773439199999,79718.69724,601,2026-03-13 21:00:00+00:00
1773439200000,0.01195,0.01195,0.0118,0.0119,3452556.0,1773442799999,40968.17108,466,2026-03-13 22:00:00+00:00
1773442800000,0.01189,0.01199,0.01188,0.01191,1495505.0,1773446399999,17845.22363,319,2026-03-13 23:00:00+00:00
1773446400000,0.0119,0.0119,0.01156,0.0116,7871789.0,1773449999999,91863.31945,837,2026-03-14 00:00:00+00:00
1773450000000,0.01161,0.01172,0.01159,0.01168,5423459.0,1773453599999,63244.03019,496,2026-03-14 01:00:00+00:00
1773453600000,0.01168,0.0117,0.01153,0.01168,4243610.0,1773457199999,49399.86255,491,2026-03-14 02:00:00+00:00
1773457200000,0.01168,0.01173,0.01164,0.01167,3251803.0,1773460799999,38015.35063,329,2026-03-14 03:00:00+00:00
1773460800000,0.01167,0.01171,0.01153,0.01153,3398891.0,1773464399999,39551.08695,322,2026-03-14 04:00:00+00:00
1773464400000,0.01153,0.0116,0.01151,0.01157,3908762.0,1773467999999,45145.75259,419,2026-03-14 05:00:00+00:00
1773468000000,0.01156,0.01168,0.0115,0.01161,4826063.0,1773471599999,55939.86971,457,2026-03-14 06:00:00+00:00
1773471600000,0.0116,0.01169,0.01155,0.01156,3059431.0,1773475199999,35433.40344,272,2026-03-14 07:00:00+00:00
1773475200000,0.01156,0.01158,0.0115,0.0115,2614158.0,1773478799999,30176.13506,205,2026-03-14 08:00:00+00:00
1773478800000,0.01151,0.01153,0.01145,0.0115,2233925.0,1773482399999,25675.49917,301,2026-03-14 09:00:00+00:00
1773482400000,0.01149,0.01161,0.01146,0.01158,3240847.0,1773485999999,37420.31279,414,2026-03-14 10:00:00+00:00
1773486000000,0.01158,0.01172,0.01158,0.01165,2443371.0,1773489599999,28497.97918,396,2026-03-14 11:00:00+00:00
1773489600000,0.01165,0.01165,0.01151,0.01156,6871092.0,1773493199999,79499.47119,619,2026-03-14 12:00:00+00:00
1773493200000,0.01156,0.01174,0.01155,0.01173,6825352.0,1773496799999,79662.97915,859,2026-03-14 13:00:00+00:00
1773496800000,0.01173,0.01175,0.0115,0.01153,4383226.0,1773500399999,50835.34793,559,2026-03-14 14:00:00+00:00
1773500400000,0.01152,0.01154,0.0114,0.01147,3015833.0,1773503999999,34588.55263,454,2026-03-14 15:00:00+00:00
1773504000000,0.01146,0.01158,0.01145,0.01154,3076690.0,1773507599999,35462.69802,387,2026-03-14 16:00:00+00:00
1773507600000,0.01155,0.01157,0.01151,0.01156,1117774.0,1773511199999,12895.94597,199,2026-03-14 17:00:00+00:00
1773511200000,0.01155,0.01156,0.01145,0.01154,7429314.0,1773514799999,85387.23829,432,2026-03-14 18:00:00+00:00
1773514800000,0.01153,0.01154,0.01143,0.01145,2232668.0,1773518399999,25597.2746,266,2026-03-14 19:00:00+00:00
1773518400000,0.01144,0.01154,0.01142,0.01142,2104967.0,1773521999999,24135.79148,428,2026-03-14 20:00:00+00:00
1773522000000,0.01142,0.01154,0.01139,0.01151,2574724.0,1773525599999,29525.99636,316,2026-03-14 21:00:00+00:00
1773525600000,0.0115,0.01159,0.01147,0.01155,1492493.0,1773529199999,17202.03787,240,2026-03-14 22:00:00+00:00
1773529200000,0.01155,0.01168,0.01155,0.01166,1984243.0,1773532799999,23052.22599,342,2026-03-14 23:00:00+00:00
1773532800000,0.01165,0.01189,0.01157,0.01187,9197657.0,1773536399999,108182.3755,979,2026-03-15 00:00:00+00:00
1773536400000,0.01187,0.01205,0.01172,0.01179,11586874.0,1773539999999,137432.43706,1525,2026-03-15 01:00:00+00:00
1773540000000,0.01179,0.01214,0.01177,0.01205,5864593.0,1773543599999,70143.9734,936,2026-03-15 02:00:00+00:00
1773543600000,0.01204,0.0122,0.01202,0.01217,9498136.0,1773547199999,115191.77269,1324,2026-03-15 03:00:00+00:00
1773547200000,0.01217,0.01245,0.01214,0.01244,7590298.0,1773550799999,93402.03483,1449,2026-03-15 04:00:00+00:00
1773550800000,0.01245,0.0126,0.01224,0.01225,27167203.0,1773554399999,338455.61658,2985,2026-03-15 05:00:00+00:00
1773554400000,0.01226,0.01233,0.01207,0.01219,8366891.0,1773557999999,102090.65364,1278,2026-03-15 06:00:00+00:00
1773558000000,0.01218,0.01237,0.01212,0.01235,8033598.0,1773561599999,98314.93727,1003,2026-03-15 07:00:00+00:00
1773561600000,0.01235,0.01239,0.01222,0.01233,5849918.0,1773565199999,72045.98617,770,2026-03-15 08:00:00+00:00
1773565200000,0.01233,0.01269,0.01226,0.0126,34664447.0,1773568799999,434007.70246,2466,2026-03-15 09:00:00+00:00
1773568800000,0.01258,0.01281,0.01254,0.01271,20759404.0,1773572399999,263617.15865,1702,2026-03-15 10:00:00+00:00
1773572400000,0.01271,0.01281,0.01248,0.01255,19527212.0,1773575999999,246610.93038,1460,2026-03-15 11:00:00+00:00
1773576000000,0.01255,0.01287,0.01244,0.01249,32774826.0,1773579599999,415812.98161,3080,2026-03-15 12:00:00+00:00
1773579600000,0.0125,0.01252,0.01225,0.01241,13950019.0,1773583199999,172229.98899,1086,2026-03-15 13:00:00+00:00
1773583200000,0.01241,0.01267,0.0124,0.01261,10288611.0,1773586799999,129362.12529,1091,2026-03-15 14:00:00+00:00
1773586800000,0.01261,0.01282,0.01242,0.01248,15919373.0,1773590399999,201806.47823,1630,2026-03-15 15:00:00+00:00
1773590400000,0.01248,0.01266,0.01242,0.01251,8468969.0,1773593999999,106095.42343,906,2026-03-15 16:00:00+00:00
1773594000000,0.01249,0.01263,0.01247,0.01253,8108481.0,1773597599999,101841.92309,895,2026-03-15 17:00:00+00:00
1773597600000,0.01253,0.01262,0.01251,0.01252,6179584.0,1773601199999,77602.33198,778,2026-03-15 18:00:00+00:00
1773601200000,0.01252,0.01269,0.0125,0.01266,6434890.0,1773604799999,81063.63619,874,2026-03-15 19:00:00+00:00
1773604800000,0.01264,0.0128,0.01258,0.0126,7392519.0,1773608399999,93948.09144,941,2026-03-15 20:00:00+00:00
1773608400000,0.0126,0.0127,0.01254,0.01263,5225461.0,1773611999999,65800.08832,524,2026-03-15 21:00:00+00:00
1773612000000,0.01261,0.0127,0.01251,0.01266,8396125.0,1773615599999,105897.84335,613,2026-03-15 22:00:00+00:00
1773615600000,0.01266,0.01271,0.01259,0.0126,4765717.0,1773619199999,60278.56359,536,2026-03-15 23:00:00+00:00
1773619200000,0.01261,0.01261,0.01234,0.01238,11413172.0,1773622799999,142220.44026,689,2026-03-16 00:00:00+00:00
1773622800000,0.01238,0.01244,0.01227,0.01229,5094623.0,1773626399999,62857.46926,574,2026-03-16 01:00:00+00:00
1773626400000,0.01229,0.01239,0.01221,0.01235,5614508.0,1773629999999,68911.14533,464,2026-03-16 02:00:00+00:00
1773630000000,0.01235,0.01248,0.01228,0.01237,6024784.0,1773633599999,74501.21482,733,2026-03-16 03:00:00+00:00
1773633600000,0.01237,0.01247,0.01232,0.01244,4117141.0,1773637199999,50947.79942,569,2026-03-16 04:00:00+00:00
1773637200000,0.01244,0.01249,0.0124,0.01243,3375366.0,1773640799999,41985.80039,596,2026-03-16 05:00:00+00:00
1773640800000,0.01244,0.01247,0.01237,0.0124,3276601.0,1773644399999,40691.35891,442,2026-03-16 06:00:00+00:00
1773644400000,0.0124,0.01245,0.01234,0.01234,6281745.0,1773647999999,77900.15298,515,2026-03-16 07:00:00+00:00
1773648000000,0.01235,0.0124,0.01225,0.01225,4024131.0,1773651599999,49592.48176,668,2026-03-16 08:00:00+00:00
1773651600000,0.01226,0.01234,0.01221,0.01231,4399854.0,1773655199999,54041.01825,578,2026-03-16 09:00:00+00:00
1773655200000,0.01231,0.01246,0.01231,0.01241,8781467.0,1773658799999,108800.02523,820,2026-03-16 10:00:00+00:00
1773658800000,0.01242,0.01243,0.01235,0.01236,4835214.0,1773662399999,59901.88077,533,2026-03-16 11:00:00+00:00
1773662400000,0.01236,0.01242,0.01232,0.01239,6233346.0,1773665999999,77162.43624,661,2026-03-16 12:00:00+00:00
1773666000000,0.01238,0.01258,0.01234,0.01258,8332324.0,1773669599999,103819.59283,851,2026-03-16 13:00:00+00:00
1773669600000,0.01257,0.01273,0.01252,0.01264,11890770.0,1773673199999,150255.35057,1392,2026-03-16 14:00:00+00:00
1773673200000,0.01264,0.01264,0.01237,0.01241,3097975.0,1773676799999,38705.74815,597,2026-03-16 15:00:00+00:00
1773676800000,0.0124,0.01269,0.0124,0.01256,9520726.0,1773680399999,119593.10556,979,2026-03-16 16:00:00+00:00
1773680400000,0.01257,0.0127,0.01253,0.0126,4908270.0,1773683999999,61891.27726,644,2026-03-16 17:00:00+00:00
1773684000000,0.0126,0.0127,0.01256,0.01258,7369296.0,1773687599999,93055.12554,680,2026-03-16 18:00:00+00:00
1773687600000,0.01256,0.01268,0.01254,0.01265,10487504.0,1773691199999,131993.82296,622,2026-03-16 19:00:00+00:00
1773691200000,0.01264,0.01278,0.01263,0.01272,5002371.0,1773694799999,63553.87797,613,2026-03-16 20:00:00+00:00
1773694800000,0.01274,0.01281,0.01261,0.01275,6468912.0,1773698399999,82214.94469,657,2026-03-16 21:00:00+00:00
1773698400000,0.01275,0.01285,0.01272,0.01278,5069543.0,1773701999999,64783.15654,674,2026-03-16 22:00:00+00:00
1773702000000,0.01277,0.01296,0.01273,0.01284,10034428.0,1773705599999,128964.19009,1218,2026-03-16 23:00:00+00:00
1773705600000,0.01284,0.01319,0.01261,0.01319,16229396.0,1773709199999,209269.94902,2108,2026-03-17 00:00:00+00:00
1773709200000,0.01319,0.01356,0.01315,0.01356,17775824.0,1773712799999,237461.99498,3234,2026-03-17 01:00:00+00:00
1773712800000,0.01356,0.01366,0.01325,0.01331,12056061.0,1773716399999,162207.90795,1985,2026-03-17 02:00:00+00:00
1773716400000,0.01332,0.01347,0.01327,0.01332,9505491.0,1773719999999,127007.38805,1681,2026-03-17 03:00:00+00:00
1773720000000,0.01331,0.01366,0.01328,0.01356,15895627.0,1773723599999,214185.85578,2543,2026-03-17 04:00:00+00:00
1773723600000,0.01357,0.01391,0.01352,0.01373,25395836.0,1773727199999,349765.13193,3631,2026-03-17 05:00:00+00:00
1773727200000,0.01375,0.01398,0.01358,0.01372,25911117.0,1773730799999,357265.79777,3538,2026-03-17 06:00:00+00:00
1773730800000,0.01372,0.0138,0.01334,0.01338,16869559.0,1773734399999,227546.42078,1984,2026-03-17 07:00:00+00:00
1773734400000,0.01338,0.01346,0.01298,0.01312,16500061.0,1773737999999,216770.39478,2074,2026-03-17 08:00:00+00:00
1773738000000,0.01311,0.01318,0.01297,0.01312,9385705.0,1773741599999,122722.71633,936,2026-03-17 09:00:00+00:00
1773741600000,0.01311,0.01318,0.01299,0.01303,4818448.0,1773745199999,63001.8061,775,2026-03-17 10:00:00+00:00
1773745200000,0.01303,0.01313,0.01291,0.01291,6055099.0,1773748799999,78960.51695,674,2026-03-17 11:00:00+00:00
1773748800000,0.01291,0.01291,0.0127,0.01281,8139563.0,1773752399999,104313.06461,926,2026-03-17 12:00:00+00:00
1773752400000,0.01281,0.01292,0.01269,0.01282,13525015.0,1773755999999,173276.11636,1445,2026-03-17 13:00:00+00:00
1773756000000,0.01282,0.01297,0.0128,0.01289,6151601.0,1773759599999,79364.91593,935,2026-03-17 14:00:00+00:00
1773759600000,0.01288,0.01297,0.01279,0.01286,7941612.0,1773763199999,102190.48971,1026,2026-03-17 15:00:00+00:00
1773763200000,0.01285,0.01289,0.01276,0.01285,3900232.0,1773766799999,50045.13966,789,2026-03-17 16:00:00+00:00
1773766800000,0.01285,0.01287,0.01276,0.01284,3404884.0,1773770399999,43600.36899,507,2026-03-17 17:00:00+00:00
1773770400000,0.01284,0.01293,0.0128,0.01292,2293665.0,1773773999999,29543.24401,456,2026-03-17 18:00:00+00:00
1773774000000,0.01291,0.01294,0.01279,0.0128,3901883.0,1773777599999,50200.0817,565,2026-03-17 19:00:00+00:00
1773777600000,0.01281,0.01289,0.01276,0.01289,2328193.0,1773781199999,29831.55711,340,2026-03-17 20:00:00+00:00
1773781200000,0.01289,0.01306,0.01285,0.01291,6237193.0,1773784799999,80803.75837,523,2026-03-17 21:00:00+00:00
1773784800000,0.0129,0.0129,0.01269,0.01277,4772891.0,1773788399999,61067.73823,481,2026-03-17 22:00:00+00:00
1773788400000,0.01277,0.01277,0.01254,0.01254,2945382.0,1773791999999,37116.0552,441,2026-03-17 23:00:00+00:00
1773792000000,0.01255,0.0126,0.01228,0.01248,15633251.0,1773795599999,193537.06605,1348,2026-03-18 00:00:00+00:00
1773795600000,0.01249,0.01268,0.01246,0.0125,13095429.0,1773799199999,164768.74694,865,2026-03-18 01:00:00+00:00
1773799200000,0.01249,0.01254,0.01242,0.01243,2905297.0,1773802799999,36247.99058,332,2026-03-18 02:00:00+00:00
1773802800000,0.01243,0.01244,0.01227,0.01228,11197324.0,1773806399999,137951.64196,528,2026-03-18 03:00:00+00:00
1773806400000,0.01228,0.01229,0.01218,0.01228,3632626.0,1773809999999,44443.64425,363,2026-03-18 04:00:00+00:00
1773810000000,0.01228,0.01238,0.01212,0.01213,5504997.0,1773813599999,67618.51042,589,2026-03-18 05:00:00+00:00
1773813600000,0.01213,0.01226,0.01213,0.01218,3433359.0,1773817199999,41921.55828,430,2026-03-18 06:00:00+00:00
1773817200000,0.01217,0.01222,0.01212,0.01217,3192366.0,1773820799999,38844.87909,495,2026-03-18 07:00:00+00:00
1773820800000,0.01217,0.01219,0.01207,0.01213,6049298.0,1773824399999,73248.28294,570,2026-03-18 08:00:00+00:00
1773824400000,0.01214,0.01224,0.01209,0.01213,4026612.0,1773827999999,48944.37538,735,2026-03-18 09:00:00+00:00
1773828000000,0.01214,0.01226,0.01212,0.01213,4208587.0,1773831599999,51281.84881,649,2026-03-18 10:00:00+00:00
1773831600000,0.01212,0.01212,0.01189,0.012,7405255.0,1773835199999,88806.02163,923,2026-03-18 11:00:00+00:00
1773835200000,0.01199,0.01199,0.01177,0.01181,3777130.0,1773838799999,44842.01892,867,2026-03-18 12:00:00+00:00
1773838800000,0.01181,0.01211,0.01177,0.01186,9793678.0,1773842399999,116675.53058,1240,2026-03-18 13:00:00+00:00
1773842400000,0.01186,0.01189,0.01153,0.0116,18115120.0,1773845999999,211200.909,1187,2026-03-18 14:00:00+00:00
1773846000000,0.0116,0.01162,0.01139,0.01153,19742938.0,1773849599999,227440.41887,2178,2026-03-18 15:00:00+00:00
1773849600000,0.01152,0.01163,0.01146,0.01159,10365886.0,1773853199999,119926.66684,1234,2026-03-18 16:00:00+00:00
1773853200000,0.01159,0.01184,0.01156,0.01169,4347990.0,1773856799999,50819.37233,552,2026-03-18 17:00:00+00:00
1773856800000,0.0117,0.01181,0.01154,0.01158,4233894.0,1773860399999,49528.18524,639,2026-03-18 18:00:00+00:00
1773860400000,0.01158,0.01163,0.01148,0.0115,1532640.0,1773863999999,17694.87866,371,2026-03-18 19:00:00+00:00
1773864000000,0.0115,0.01172,0.01136,0.01167,8457292.0,1773867599999,97971.93265,826,2026-03-18 20:00:00+00:00
1773867600000,0.01167,0.01178,0.01167,0.01171,2137822.0,1773871199999,25068.88648,387,2026-03-18 21:00:00+00:00
1773871200000,0.01172,0.01172,0.01153,0.01157,3219537.0,1773874799999,37371.50948,325,2026-03-18 22:00:00+00:00
1773874800000,0.01157,0.01157,0.01147,0.01151,2209164.0,1773878399999,25460.4564,343,2026-03-18 23:00:00+00:00
1773878400000,0.01152,0.01155,0.01144,0.01146,1569858.0,1773881999999,18040.94997,336,2026-03-19 00:00:00+00:00
1773882000000,0.01147,0.01148,0.0113,0.01132,3019422.0,1773885599999,34294.41171,381,2026-03-19 01:00:00+00:00
1773885600000,0.01131,0.01141,0.01127,0.01137,3811625.0,1773889199999,43181.42543,386,2026-03-19 02:00:00+00:00
1773889200000,0.01137,0.01145,0.01131,0.01131,1610513.0,1773892799999,18317.62081,333,2026-03-19 03:00:00+00:00
1773892800000,0.0113,0.01135,0.01126,0.01131,2181642.0,1773896399999,24650.00703,314,2026-03-19 04:00:00+00:00
1773896400000,0.01131,0.01136,0.01123,0.01134,3814452.0,1773899999999,43023.99129,480,2026-03-19 05:00:00+00:00
1773900000000,0.01134,0.0114,0.01127,0.01136,9624485.0,1773903599999,109026.19803,574,2026-03-19 06:00:00+00:00
1773903600000,0.01137,0.01148,0.01113,0.01127,5149330.0,1773907199999,58199.86108,801,2026-03-19 07:00:00+00:00
1773907200000,0.01128,0.01137,0.01124,0.01128,1156408.0,1773910799999,13050.57859,274,2026-03-19 08:00:00+00:00
1773910800000,0.01128,0.01147,0.01123,0.01141,3300247.0,1773914399999,37444.34116,427,2026-03-19 09:00:00+00:00
1773914400000,0.01142,0.01142,0.01129,0.01129,1531924.0,1773917999999,17432.6885,270,2026-03-19 10:00:00+00:00
1773918000000,0.01129,0.01133,0.01126,0.0113,1484525.0,1773921599999,16762.42565,313,2026-03-19 11:00:00+00:00
1773921600000,0.01129,0.01134,0.01108,0.01112,5115579.0,1773925199999,57313.72581,690,2026-03-19 12:00:00+00:00
1773925200000,0.01113,0.01123,0.01097,0.01115,14388639.0,1773928799999,159620.0981,1312,2026-03-19 13:00:00+00:00
1773928800000,0.01116,0.01119,0.011,0.01105,2145376.0,1773932399999,23742.71799,377,2026-03-19 14:00:00+00:00
1773932400000,0.01105,0.01109,0.01092,0.01105,4169210.0,1773935999999,45904.32001,677,2026-03-19 15:00:00+00:00
1773936000000,0.01104,0.01107,0.011,0.01103,919093.0,1773939599999,10135.59528,275,2026-03-19 16:00:00+00:00
1773939600000,0.01102,0.01108,0.01085,0.01108,2498920.0,1773943199999,27351.04257,462,2026-03-19 17:00:00+00:00
1773943200000,0.01107,0.01107,0.01088,0.01096,2350752.0,1773946799999,25733.17718,314,2026-03-19 18:00:00+00:00
1773946800000,0.01097,0.0111,0.01095,0.01096,2333830.0,1773950399999,25684.60942,505,2026-03-19 19:00:00+00:00
1773950400000,0.01097,0.01098,0.01088,0.01093,982653.0,1773953999999,10723.4701,234,2026-03-19 20:00:00+00:00
1773954000000,0.01093,0.01095,0.0109,0.01094,707109.0,1773957599999,7729.70478,160,2026-03-19 21:00:00+00:00
1773957600000,0.01094,0.01113,0.0109,0.01113,2351499.0,1773961199999,25930.3136,348,2026-03-19 22:00:00+00:00
1773961200000,0.01114,0.01122,0.01104,0.01108,4173637.0,1773964799999,46356.38108,616,2026-03-19 23:00:00+00:00
1773964800000,0.01108,0.01109,0.01093,0.01101,3681962.0,1773968399999,40486.15482,490,2026-03-20 00:00:00+00:00
1773968400000,0.01101,0.01115,0.011,0.01108,6106425.0,1773971999999,67636.09307,695,2026-03-20 01:00:00+00:00
1773972000000,0.01108,0.01121,0.01104,0.01112,2660119.0,1773975599999,29609.43766,444,2026-03-20 02:00:00+00:00
1773975600000,0.01112,0.01137,0.01109,0.01129,3889770.0,1773979199999,43818.63878,526,2026-03-20 03:00:00+00:00
1773979200000,0.01128,0.01137,0.01117,0.01118,9945367.0,1773982799999,112179.07963,809,2026-03-20 04:00:00+00:00
1773982800000,0.01117,0.01121,0.01109,0.01111,3241033.0,1773986399999,36159.52953,465,2026-03-20 05:00:00+00:00
1773986400000,0.0111,0.01112,0.01099,0.01101,2397570.0,1773989999999,26437.00308,333,2026-03-20 06:00:00+00:00
1773990000000,0.01101,0.01109,0.01088,0.01109,4460987.0,1773993599999,48897.76662,533,2026-03-20 07:00:00+00:00
1773993600000,0.01108,0.01125,0.01108,0.01118,6110907.0,1773997199999,68324.55045,892,2026-03-20 08:00:00+00:00
1773997200000,0.01118,0.01118,0.01097,0.01105,3199555.0,1774000799999,35348.93835,404,2026-03-20 09:00:00+00:00
1774000800000,0.01105,0.0111,0.01098,0.01109,837000.0,1774004399999,9232.14003,321,2026-03-20 10:00:00+00:00
1774004400000,0.01108,0.0111,0.01096,0.0111,2813851.0,1774007999999,30992.83377,475,2026-03-20 11:00:00+00:00
1774008000000,0.01109,0.01118,0.01095,0.01098,1420561.0,1774011599999,15723.73621,323,2026-03-20 12:00:00+00:00
1774011600000,0.01099,0.01102,0.01092,0.01096,3004558.0,1774015199999,32957.11517,609,2026-03-20 13:00:00+00:00
1774015200000,0.01095,0.01104,0.0109,0.01091,2219675.0,1774018799999,24334.2397,694,2026-03-20 14:00:00+00:00
1774018800000,0.01091,0.01093,0.01076,0.01082,4829948.0,1774022399999,52365.5944,674,2026-03-20 15:00:00+00:00
1774022400000,0.01083,0.01091,0.0108,0.01088,2920079.0,1774025999999,31718.22421,546,2026-03-20 16:00:00+00:00
1774026000000,0.01088,0.01099,0.01088,0.01097,3553383.0,1774029599999,38865.74927,566,2026-03-20 17:00:00+00:00
1774029600000,0.01097,0.01101,0.01079,0.01081,2502802.0,1774033199999,27294.64166,533,2026-03-20 18:00:00+00:00
1774033200000,0.01082,0.01088,0.01074,0.01087,1813330.0,1774036799999,19626.73932,413,2026-03-20 19:00:00+00:00
1774036800000,0.01087,0.0109,0.01076,0.01089,1714934.0,1774040399999,18591.28046,290,2026-03-20 20:00:00+00:00
1774040400000,0.01089,0.01103,0.01087,0.01096,1371558.0,1774043999999,15016.91508,247,2026-03-20 21:00:00+00:00
1774044000000,0.01096,0.01106,0.01092,0.01094,2310454.0,1774047599999,25403.49703,231,2026-03-20 22:00:00+00:00
1774047600000,0.01094,0.01097,0.01089,0.01091,2083038.0,1774051199999,22768.97829,346,2026-03-20 23:00:00+00:00
1774051200000,0.01093,0.01122,0.01088,0.01111,8094153.0,1774054799999,89930.5381,656,2026-03-21 00:00:00+00:00
1774054800000,0.01111,0.01124,0.01111,0.01123,9523383.0,1774058399999,106462.48852,637,2026-03-21 01:00:00+00:00
1774058400000,0.01122,0.01124,0.01106,0.0111,3495485.0,1774061999999,38922.09238,366,2026-03-21 02:00:00+00:00
1774062000000,0.01111,0.01112,0.01099,0.01104,2803069.0,1774065599999,30959.93507,263,2026-03-21 03:00:00+00:00
1774065600000,0.01104,0.01115,0.01099,0.01101,3787475.0,1774069199999,41973.49697,343,2026-03-21 04:00:00+00:00
1774069200000,0.01101,0.01104,0.01096,0.01097,813334.0,1774072799999,8955.62932,162,2026-03-21 05:00:00+00:00
1774072800000,0.01097,0.01106,0.01095,0.01103,1969331.0,1774076399999,21670.33826,242,2026-03-21 06:00:00+00:00
1774076400000,0.01103,0.01109,0.01096,0.011,4280377.0,1774079999999,47137.46865,337,2026-03-21 07:00:00+00:00
