open_time,open,high,low,close,volume,close_time,quote_asset_volume,num_trades,timestamp
1756821600000,0.3,0.66,0.3,0.4604,81369343.5,1756825200000,42932074.35687,415011,2025-09-02 14:00:00+00:00
1756825200000,0.4605,0.4805,0.4113,0.4536,35600500.6,1756828800000,15842239.29909,122831,2025-09-02 15:00:00+00:00
1756828800000,0.4533,0.53,0.4306,0.5244,27553280.8,1756832400000,13159281.34336,77253,2025-09-02 16:00:00+00:00
1756832400000,0.5247,0.5555,0.4903,0.5214,26641013.4,1756836000000,14024945.07154,65729,2025-09-02 17:00:00+00:00
1756836000000,0.5213,0.54,0.4611,0.4917,23658819.1,1756839600000,11633137.213,49524,2025-09-02 18:00:00+00:00
1756839600000,0.4923,0.5248,0.485,0.4889,18566959.2,1756843200000,9374384.49014,33286,2025-09-02 19:00:00+00:00
1756843200000,0.489,0.4985,0.4686,0.4732,9412569.0,1756846800000,4539544.19077,21245,2025-09-02 20:00:00+00:00
1756846800000,0.474,0.5085,0.474,0.4926,6386028.2,1756850400000,3150529.42802,17265,2025-09-02 21:00:00+00:00
1756850400000,0.4928,0.4928,0.4721,0.4817,3820517.7,1756854000000,1839710.07815,13546,2025-09-02 22:00:00+00:00
1756854000000,0.4813,0.4979,0.4755,0.4917,3969447.4,1756857600000,1939323.51798,11151,2025-09-02 23:00:00+00:00
1756857600000,0.4916,0.4922,0.4425,0.457,7191491.5,1756861200000,3332527.3352,18391,2025-09-03 00:00:00+00:00
1756861200000,0.4571,0.4787,0.4545,0.469,3507254.2,1756864800000,1640749.52331,9813,2025-09-03 01:00:00+00:00
1756864800000,0.469,0.495,0.458,0.4836,6114455.9,1756868400000,2926947.03322,14119,2025-09-03 02:00:00+00:00
1756868400000,0.4836,0.488,0.4716,0.4841,3214625.9,1756872000000,1548123.99346,9902,2025-09-03 03:00:00+00:00
1756872000000,0.4835,0.579,0.477,0.5542,16849427.6,1756875600000,9062040.08137,31817,2025-09-03 04:00:00+00:00
1756875600000,0.5537,0.5537,0.5037,0.5171,9515993.1,1756879200000,4995460.10713,21060,2025-09-03 05:00:00+00:00
1756879200000,0.5171,0.5291,0.4901,0.5014,7132904.5,1756882800000,3629674.13306,20764,2025-09-03 06:00:00+00:00
1756882800000,0.5017,0.5059,0.476,0.4817,9238670.3,1756886400000,4513107.64066,31133,2025-09-03 07:00:00+00:00
1756886400000,0.4817,0.4835,0.456,0.4655,8370045.6,1756890000000,3931345.31198,23299,2025-09-03 08:00:00+00:00
1756890000000,0.4658,0.4856,0.4589,0.4764,6872718.6,1756893600000,3258825.08008,21400,2025-09-03 09:00:00+00:00
1756893600000,0.4769,0.4862,0.468,0.4683,4754569.2,1756897200000,2270123.49412,11449,2025-09-03 10:00:00+00:00
1756897200000,0.4686,0.4817,0.468,0.477,3659077.6,1756900800000,1736767.17251,10022,2025-09-03 11:00:00+00:00
1756900800000,0.477,0.5156,0.4714,0.5057,10078510.1,1756904400000,4945436.63557,25466,2025-09-03 12:00:00+00:00
1756904400000,0.5056,0.5213,0.4871,0.4969,10839244.0,1756908000000,5435014.41632,29227,2025-09-03 13:00:00+00:00
1756908000000,0.4969,0.518,0.4814,0.4891,10272004.6,1756911600000,5138520.57783,25120,2025-09-03 14:00:00+00:00
1756911600000,0.489,0.4916,0.4693,0.4792,5830887.7,1756915200000,2799182.28353,16736,2025-09-03 15:00:00+00:00
1756915200000,0.4792,0.481,0.4645,0.472,5047052.4,1756918800000,2397973.93644,13086,2025-09-03 16:00:00+00:00
1756918800000,0.472,0.4799,0.4685,0.4714,2382907.5,1756922400000,1127423.60669,8100,2025-09-03 17:00:00+00:00
1756922400000,0.4715,0.4799,0.4684,0.4743,2495080.7,1756926000000,1183035.99971,7265,2025-09-03 18:00:00+00:00
1756926000000,0.4741,0.4765,0.442,0.4571,7187817.7,1756929600000,3309693.03454,16530,2025-09-03 19:00:00+00:00
1756929600000,0.4572,0.4617,0.447,0.4584,3403214.6,1756933200000,1541880.34625,9600,2025-09-03 20:00:00+00:00
1756933200000,0.4584,0.4599,0.4507,0.4539,1356713.3,1756936800000,617503.802,4892,2025-09-03 21:00:00+00:00
1756936800000,0.4538,0.4543,0.4345,0.4436,3776941.8,1756940400000,1685160.90028,13720,2025-09-03 22:00:00+00:00
1756940400000,0.4436,0.4562,0.4361,0.4502,3315283.7,1756944000000,1482506.70222,12570,2025-09-03 23:00:00+00:00
1756944000000,0.4504,0.4575,0.435,0.4403,4586743.3,1756947600000,2037775.89328,10605,2025-09-04 00:00:00+00:00
1756947600000,0.4404,0.4531,0.4386,0.4493,2601068.8,1756951200000,1164516.91141,7665,2025-09-04 01:00:00+00:00
1756951200000,0.4495,0.4515,0.4444,0.445,1932597.1,1756954800000,863210.7452,5527,2025-09-04 02:00:00+00:00
1756954800000,0.4449,0.4474,0.4372,0.4401,2172725.2,1756958400000,959565.21057,6759,2025-09-04 03:00:00+00:00
1756958400000,0.4402,0.4429,0.432,0.4356,3352764.0,1756962000000,1467233.24285,8643,2025-09-04 04:00:00+00:00
1756962000000,0.4356,0.4418,0.4127,0.4149,5479969.0,1756965600000,2317765.37313,14038,2025-09-04 05:00:00+00:00
1756965600000,0.4148,0.4169,0.3916,0.4041,6579164.4,1756969200000,2666261.42893,15400,2025-09-04 06:00:00+00:00
1756969200000,0.4042,0.4109,0.3959,0.3994,2060368.5,1756972800000,828853.90813,7830,2025-09-04 07:00:00+00:00
1756972800000,0.3993,0.4086,0.3912,0.3937,3660689.7,1756976400000,1457370.62141,12266,2025-09-04 08:00:00+00:00
1756976400000,0.3936,0.3998,0.385,0.3989,4435343.3,1756980000000,1743106.71837,12022,2025-09-04 09:00:00+00:00
1756980000000,0.3988,0.4014,0.3924,0.3973,1991752.0,1756983600000,789835.2829,6515,2025-09-04 10:00:00+00:00
1756983600000,0.3972,0.398,0.3813,0.3842,2592100.9,1756987200000,1007815.15101,6916,2025-09-04 11:00:00+00:00
1756987200000,0.3843,0.3948,0.3809,0.3925,2189838.1,1756990800000,854829.59986,7521,2025-09-04 12:00:00+00:00
1756990800000,0.3925,0.3986,0.3888,0.3907,3160971.7,1756994400000,1245376.82136,9493,2025-09-04 13:00:00+00:00
1756994400000,0.3905,0.3984,0.3839,0.3954,2967828.9,1756998000000,1163457.63335,8404,2025-09-04 14:00:00+00:00
1756998000000,0.3953,0.3975,0.3885,0.392,2279058.0,1757001600000,894318.88635,7980,2025-09-04 15:00:00+00:00
1757001600000,0.3921,0.3952,0.3837,0.3891,2496622.7,1757005200000,971347.1267,8344,2025-09-04 16:00:00+00:00
1757005200000,0.3892,0.4539,0.3877,0.4374,10733563.5,1757008800000,4535486.56455,20750,2025-09-04 17:00:00+00:00
1757008800000,0.437,0.5553,0.4253,0.5516,25504812.5,1757012400000,12517602.42873,62525,2025-09-04 18:00:00+00:00
1757012400000,0.5522,0.594,0.5021,0.5244,24025988.4,1757016000000,13215764.95593,67630,2025-09-04 19:00:00+00:00
1757016000000,0.5242,0.539,0.5027,0.5364,8040286.5,1757019600000,4166196.80524,20944,2025-09-04 20:00:00+00:00
1757019600000,0.5366,0.5667,0.526,0.5287,10497107.7,1757023200000,5690833.12102,23258,2025-09-04 21:00:00+00:00
1757023200000,0.5286,0.5398,0.514,0.5303,3859319.1,1757026800000,2035989.40049,15171,2025-09-04 22:00:00+00:00
1757026800000,0.5302,0.5389,0.51,0.5166,4468197.6,1757030400000,2356907.88252,16650,2025-09-04 23:00:00+00:00
1757030400000,0.5164,0.5699,0.516,0.5363,8488263.4,1757034000000,4598668.66006,22297,2025-09-05 00:00:00+00:00
1757034000000,0.5367,0.554,0.5242,0.544,6892332.1,1757037600000,3719332.63589,16529,2025-09-05 01:00:00+00:00
1757037600000,0.544,0.55,0.5263,0.532,4157757.4,1757041200000,2231776.81333,14390,2025-09-05 02:00:00+00:00
1757041200000,0.5322,0.5434,0.504,0.5317,6198788.5,1757044800000,3250072.97708,17144,2025-09-05 03:00:00+00:00
1757044800000,0.5315,0.5631,0.5296,0.5603,6410571.6,1757048400000,3521274.32038,18365,2025-09-05 04:00:00+00:00
1757048400000,0.5601,0.5867,0.5483,0.5534,13024059.0,1757052000000,7381719.82947,30448,2025-09-05 05:00:00+00:00
1757052000000,0.5535,0.5696,0.5457,0.5544,4918988.2,1757055600000,2749813.89069,16370,2025-09-05 06:00:00+00:00
1757055600000,0.5543,0.579,0.53,0.5369,11139003.4,1757059200000,6235663.40514,29002,2025-09-05 07:00:00+00:00
1757059200000,0.537,0.5456,0.5187,0.5381,7880931.7,1757062800000,4203346.67487,25388,2025-09-05 08:00:00+00:00
1757062800000,0.538,0.5381,0.5218,0.5277,3099747.7,1757066400000,1642807.13265,11245,2025-09-05 09:00:00+00:00
1757066400000,0.5276,0.5304,0.5171,0.5212,5175447.5,1757070000000,2709326.49461,14887,2025-09-05 10:00:00+00:00
1757070000000,0.5213,0.5368,0.514,0.5288,3748411.7,1757073600000,1975000.377,13093,2025-09-05 11:00:00+00:00
1757073600000,0.5291,0.56,0.524,0.5548,6316154.1,1757077200000,3429930.39156,18235,2025-09-05 12:00:00+00:00
1757077200000,0.5546,0.5645,0.5425,0.558,5870229.1,1757080800000,3254700.92762,17096,2025-09-05 13:00:00+00:00
1757080800000,0.5577,0.5682,0.5366,0.55,7324344.0,1757084400000,4053358.85041,20165,2025-09-05 14:00:00+00:00
1757084400000,0.55,0.5573,0.5397,0.5423,2725175.4,1757088000000,1494802.19133,10595,2025-09-05 15:00:00+00:00
1757088000000,0.5426,0.57,0.54,0.5682,5482532.2,1757091600000,3061118.67001,14306,2025-09-05 16:00:00+00:00
1757091600000,0.5683,0.6349,0.565,0.5992,13419938.6,1757095200000,8046675.12741,32086,2025-09-05 17:00:00+00:00
1757095200000,0.5987,0.6005,0.5573,0.5614,6264976.3,1757098800000,3613130.02964,14236,2025-09-05 18:00:00+00:00
1757098800000,0.5614,0.563,0.545,0.5512,4191690.0,1757102400000,2312644.05894,11412,2025-09-05 19:00:00+00:00
1757102400000,0.551,0.5595,0.5407,0.5505,3047661.6,1757106000000,1674282.65446,9510,2025-09-05 20:00:00+00:00
1757106000000,0.5502,0.5668,0.55,0.5544,2764891.5,1757109600000,1545880.18124,8901,2025-09-05 21:00:00+00:00
1757109600000,0.5546,0.5749,0.5475,0.5635,2968146.2,1757113200000,1668204.17023,8596,2025-09-05 22:00:00+00:00
1757113200000,0.5634,0.5854,0.563,0.5784,2405453.8,1757116800000,1386194.99233,8672,2025-09-05 23:00:00+00:00
1757116800000,0.5782,0.6002,0.5705,0.5939,4174091.2,1757120400000,2451669.73004,12928,2025-09-06 00:00:00+00:00
1757120400000,0.594,0.6174,0.5854,0.5939,7257518.7,1757124000000,4365041.52988,18876,2025-09-06 01:00:00+00:00
1757124000000,0.5942,0.6124,0.5903,0.6072,3208905.9,1757127600000,1930091.26225,11495,2025-09-06 02:00:00+00:00
1757127600000,0.6072,0.6448,0.603,0.6411,6742734.6,1757131200000,4215346.36148,19913,2025-09-06 03:00:00+00:00
1757131200000,0.6406,0.6608,0.6089,0.6566,7520438.4,1757134800000,4788564.26985,22804,2025-09-06 04:00:00+00:00
1757134800000,0.6567,0.7082,0.6567,0.6983,11998660.1,1757138400000,8236730.51167,32591,2025-09-06 05:00:00+00:00
1757138400000,0.6983,0.7034,0.6718,0.6755,6846062.7,1757142000000,4717771.28535,21955,2025-09-06 06:00:00+00:00
1757142000000,0.6754,0.6908,0.6458,0.6609,5543151.0,1757145600000,3707233.2612,19662,2025-09-06 07:00:00+00:00
1757145600000,0.6609,0.6792,0.6425,0.6769,4813212.9,1757149200000,3169950.63235,16535,2025-09-06 08:00:00+00:00
1757149200000,0.6769,0.73,0.666,0.7193,9096642.3,1757152800000,6360461.59479,27749,2025-09-06 09:00:00+00:00
1757152800000,0.7191,0.8546,0.719,0.7702,21473213.7,1757156400000,16780131.56602,62665,2025-09-06 10:00:00+00:00
1757156400000,0.7702,0.837,0.7695,0.8178,13318135.1,1757160000000,10797115.35991,38913,2025-09-06 11:00:00+00:00
1757160000000,0.8178,0.8394,0.7819,0.8027,9928672.6,1757163600000,8023692.84215,29777,2025-09-06 12:00:00+00:00
1757163600000,0.8028,0.8177,0.7853,0.8012,7013202.6,1757167200000,5605695.10998,21967,2025-09-06 13:00:00+00:00
1757167200000,0.8017,0.8166,0.7535,0.7897,7613843.8,1757170800000,5965102.52882,27276,2025-09-06 14:00:00+00:00
1757170800000,0.7892,0.7987,0.7527,0.773,5369891.0,1757174400000,4156238.022,18906,2025-09-06 15:00:00+00:00
1757174400000,0.7727,0.7885,0.7555,0.7848,5982159.5,1757178000000,4630197.4674,20066,2025-09-06 16:00:00+00:00
1757178000000,0.7846,0.8263,0.7773,0.7862,10626494.2,1757181600000,8538471.8701,33494,2025-09-06 17:00:00+00:00
1757181600000,0.7865,0.8931,0.7797,0.8879,18536496.9,1757185200000,15736896.67213,51555,2025-09-06 18:00:00+00:00
1757185200000,0.8886,0.9845,0.8712,0.9302,26310865.2,1757188800000,24450598.92898,78047,2025-09-06 19:00:00+00:00
1757188800000,0.9298,0.969,0.9202,0.9399,11529464.8,1757192400000,10920457.08253,40167,2025-09-06 20:00:00+00:00
1757192400000,0.9402,0.9507,0.924,0.9384,4698297.1,1757196000000,4403338.93465,17824,2025-09-06 21:00:00+00:00
1757196000000,0.9383,1.1592,0.9271,1.1382,24085930.9,1757199600000,25296653.3172,81373,2025-09-06 22:00:00+00:00
1757199600000,1.1378,1.155,1.0196,1.0373,14601965.0,1757203200000,15801057.68279,57316,2025-09-06 23:00:00+00:00
1757203200000,1.0371,1.1168,0.9607,0.9932,15758673.3,1757206800000,16511101.17735,57839,2025-09-07 00:00:00+00:00
1757206800000,0.9939,1.0743,0.9665,1.0607,9623359.4,1757210400000,9899372.13961,36882,2025-09-07 01:00:00+00:00
1757210400000,1.0612,1.0678,1.0167,1.0577,5202777.3,1757214000000,5427263.68826,24344,2025-09-07 02:00:00+00:00
1757214000000,1.0578,1.1011,1.0526,1.0658,7855130.8,1757217600000,8485182.08112,33934,2025-09-07 03:00:00+00:00
1757217600000,1.0662,1.0681,0.9816,1.0107,7118399.4,1757221200000,7296210.08337,36564,2025-09-07 04:00:00+00:00
1757221200000,1.0109,1.093,1.0109,1.0654,9410248.9,1757224800000,10002505.23847,40438,2025-09-07 05:00:00+00:00
1757224800000,1.065,1.138,1.0577,1.1229,10096302.9,1757228400000,11058075.14691,40988,2025-09-07 06:00:00+00:00
1757228400000,1.1237,1.1899,1.1199,1.1473,13541129.1,1757232000000,15583075.98533,58220,2025-09-07 07:00:00+00:00
1757232000000,1.1466,1.1729,1.134,1.137,8551023.6,1757235600000,9844960.42339,50977,2025-09-07 08:00:00+00:00
1757235600000,1.1365,1.1481,1.0888,1.1082,6033581.0,1757239200000,6774548.55168,34204,2025-09-07 09:00:00+00:00
1757239200000,1.1079,1.1448,1.0994,1.1142,5050321.6,1757242800000,5690211.54246,30221,2025-09-07 10:00:00+00:00
1757242800000,1.1145,1.13,1.0672,1.1212,5203226.6,1757246400000,5760224.57733,31138,2025-09-07 11:00:00+00:00
1757246400000,1.1211,1.15,1.1019,1.1123,6039893.3,1757250000000,6816601.32783,31909,2025-09-07 12:00:00+00:00
1757250000000,1.1132,1.1211,1.0121,1.0512,7887744.2,1757253600000,8399035.97276,37789,2025-09-07 13:00:00+00:00
1757253600000,1.052,1.1339,1.0375,1.111,9641395.1,1757257200000,10537497.04455,44800,2025-09-07 14:00:00+00:00
1757257200000,1.111,1.1216,1.079,1.104,5877710.3,1757260800000,6453211.38595,26979,2025-09-07 15:00:00+00:00
1757260800000,1.1039,1.1755,1.0834,1.1354,10585491.4,1757264400000,12033202.70532,49578,2025-09-07 16:00:00+00:00
1757264400000,1.1355,1.48,1.1281,1.4381,28812554.1,1757268000000,37647342.80467,130405,2025-09-07 17:00:00+00:00
1757268000000,1.4372,1.7221,1.3763,1.7068,29714618.7,1757271600000,44378985.06369,142831,2025-09-07 18:00:00+00:00
1757271600000,1.7056,1.9061,1.5779,1.7018,40687957.3,1757275200000,72251863.80707,221537,2025-09-07 19:00:00+00:00
1757275200000,1.7007,1.7369,1.6142,1.6826,15069150.1,1757278800000,25357033.52455,73054,2025-09-07 20:00:00+00:00
1757278800000,1.6833,1.724,1.5212,1.6284,15270968.0,1757282400000,24810760.57515,59446,2025-09-07 21:00:00+00:00
1757282400000,1.629,1.6292,1.5302,1.6003,7594099.9,1757286000000,12045107.8376,46877,2025-09-07 22:00:00+00:00
1757286000000,1.6012,1.6985,1.5929,1.6547,7953694.9,1757289600000,13140959.00856,44860,2025-09-07 23:00:00+00:00
1757289600000,1.6551,1.68,1.5817,1.6283,5424462.5,1757293200000,8802530.6151,38064,2025-09-08 00:00:00+00:00
1757293200000,1.6292,1.7519,1.6291,1.6603,10128712.2,1757296800000,17157121.67251,49133,2025-09-08 01:00:00+00:00
1757296800000,1.6608,1.6758,1.5819,1.5872,4795505.7,1757300400000,7822227.25567,29603,2025-09-08 02:00:00+00:00
1757300400000,1.5879,1.6,1.4148,1.5294,13204468.3,1757304000000,19695298.08919,66791,2025-09-08 03:00:00+00:00
1757304000000,1.5293,1.63,1.4546,1.6226,7110757.3,1757307600000,10838806.67791,38125,2025-09-08 04:00:00+00:00
1757307600000,1.6234,1.6494,1.554,1.5653,7191071.4,1757311200000,11444279.05182,37311,2025-09-08 05:00:00+00:00
1757311200000,1.5657,1.6388,1.5229,1.6299,8149660.0,1757314800000,12963992.59537,43848,2025-09-08 06:00:00+00:00
1757314800000,1.6305,1.6512,1.57,1.6345,5110926.8,1757318400000,8236483.51381,34844,2025-09-08 07:00:00+00:00
1757318400000,1.6338,1.6395,1.5701,1.5975,8302513.1,1757322000000,13353489.33382,55890,2025-09-08 08:00:00+00:00
1757322000000,1.5978,1.6052,1.551,1.5619,4312353.7,1757325600000,6805402.0008,30524,2025-09-08 09:00:00+00:00
1757325600000,1.5625,1.9,1.5377,1.7449,19889097.2,1757329200000,34115271.41941,113313,2025-09-08 10:00:00+00:00
1757329200000,1.7424,1.85,1.692,1.7709,14857731.4,1757332800000,26515729.40526,81003,2025-09-08 11:00:00+00:00
1757332800000,1.7709,1.7881,1.6713,1.6761,7878332.6,1757336400000,13550313.09061,44568,2025-09-08 12:00:00+00:00
1757336400000,1.6761,1.6806,1.54,1.5947,10816283.3,1757340000000,17357219.4312,59491,2025-09-08 13:00:00+00:00
1757340000000,1.5944,1.6217,1.5378,1.5639,6786356.5,1757343600000,10727875.08558,41638,2025-09-08 14:00:00+00:00
1757343600000,1.5638,1.7264,1.467,1.6565,13049658.6,1757347200000,20664436.19667,88650,2025-09-08 15:00:00+00:00
1757347200000,1.6565,1.7542,1.6069,1.6464,11956102.6,1757350800000,20010727.35169,80804,2025-09-08 16:00:00+00:00
1757350800000,1.6464,1.6616,1.53,1.5789,10173769.2,1757354400000,16211942.69391,60014,2025-09-08 17:00:00+00:00
1757354400000,1.579,1.6065,1.5442,1.5493,4735948.6,1757358000000,7471241.93579,34355,2025-09-08 18:00:00+00:00
1757358000000,1.5492,1.575,1.522,1.545,5303266.4,1757361600000,8197706.04736,37241,2025-09-08 19:00:00+00:00
1757361600000,1.5451,1.5494,1.4873,1.5314,5375468.4,1757365200000,8155854.55139,38735,2025-09-08 20:00:00+00:00
1757365200000,1.5312,1.532,1.4518,1.4868,5878136.8,1757368800000,8788035.02261,39285,2025-09-08 21:00:00+00:00
1757368800000,1.4873,1.5162,1.4303,1.4626,5629699.2,1757372400000,8257580.38809,47496,2025-09-08 22:00:00+00:00
1757372400000,1.4626,1.5116,1.4474,1.4505,2711859.6,1757376000000,4012949.22929,25058,2025-09-08 23:00:00+00:00
1757376000000,1.4506,1.4541,1.3583,1.3827,5984449.0,1757379600000,8359329.09358,46281,2025-09-09 00:00:00+00:00
1757379600000,1.3834,1.3999,1.3274,1.3701,3815410.8,1757383200000,5202984.95125,31820,2025-09-09 01:00:00+00:00
1757383200000,1.3702,1.3703,1.2676,1.322,5085899.0,1757386800000,6685381.02423,34277,2025-09-09 02:00:00+00:00
1757386800000,1.32,1.32,1.2491,1.2587,3562554.4,1757390400000,4557353.23249,29846,2025-09-09 03:00:00+00:00
1757390400000,1.2587,1.3104,1.2512,1.2597,3673790.3,1757394000000,4711523.63825,29683,2025-09-09 04:00:00+00:00
1757394000000,1.2603,1.3744,1.224,1.3315,10509281.8,1757397600000,13449007.48555,60699,2025-09-09 05:00:00+00:00
1757397600000,1.3315,1.3417,1.2787,1.2932,4590366.2,1757401200000,5987042.28325,32684,2025-09-09 06:00:00+00:00
1757401200000,1.2942,1.3105,1.2651,1.2826,3779162.1,1757404800000,4867702.44519,27881,2025-09-09 07:00:00+00:00
1757404800000,1.2826,1.3333,1.2685,1.287,4824551.2,1757408400000,6285848.24531,31214,2025-09-09 08:00:00+00:00
1757408400000,1.287,1.3059,1.2605,1.2684,3114215.2,1757412000000,4006607.36554,22123,2025-09-09 09:00:00+00:00
1757412000000,1.2687,1.2859,1.237,1.2416,3318487.3,1757415600000,4167603.84417,23871,2025-09-09 10:00:00+00:00
1757415600000,1.2416,1.2606,1.2258,1.2539,2978112.4,1757419200000,3698086.16911,23034,2025-09-09 11:00:00+00:00
1757419200000,1.254,1.2541,1.1675,1.1765,6378722.3,1757422800000,7688875.13473,34418,2025-09-09 12:00:00+00:00
1757422800000,1.1765,1.1893,1.1134,1.1248,6611765.0,1757426400000,7571476.56411,39093,2025-09-09 13:00:00+00:00
1757426400000,1.1246,1.1891,1.1242,1.1642,5387374.7,1757430000000,6253617.6187,34766,2025-09-09 14:00:00+00:00
1757430000000,1.1643,1.22,1.1638,1.176,5782323.9,1757433600000,6878571.81778,36791,2025-09-09 15:00:00+00:00
1757433600000,1.1761,1.1789,1.1358,1.1713,4171286.3,1757437200000,4826801.36058,27252,2025-09-09 16:00:00+00:00
1757437200000,1.1711,1.18,1.1367,1.1377,1999588.6,1757440800000,2326674.17407,17898,2025-09-09 17:00:00+00:00
1757440800000,1.1379,1.1556,1.0911,1.1468,4817918.5,1757444400000,5398597.32787,27458,2025-09-09 18:00:00+00:00
1757444400000,1.1469,1.1969,1.1415,1.1611,5098923.0,1757448000000,5966617.17867,27826,2025-09-09 19:00:00+00:00
1757448000000,1.1613,1.1805,1.15,1.1562,2821045.6,1757451600000,3284681.37479,18121,2025-09-09 20:00:00+00:00
1757451600000,1.1558,1.177,1.1438,1.168,2027137.2,1757455200000,2350478.84323,14891,2025-09-09 21:00:00+00:00
1757455200000,1.1678,1.1777,1.1329,1.146,3244897.5,1757458800000,3730814.2505,19109,2025-09-09 22:00:00+00:00
1757458800000,1.1464,1.1697,1.1305,1.1487,3058709.7,1757462400000,3534712.2989,18632,2025-09-09 23:00:00+00:00
1757462400000,1.1485,1.1865,1.1204,1.1729,5736234.3,1757466000000,6634825.99251,31821,2025-09-10 00:00:00+00:00
1757466000000,1.173,1.1989,1.1485,1.1598,4119117.8,1757469600000,4808465.46326,26896,2025-09-10 01:00:00+00:00
1757469600000,1.1597,1.2192,1.135,1.1431,6204018.5,1757473200000,7320423.43706,37712,2025-09-10 02:00:00+00:00
1757473200000,1.143,1.1794,1.1289,1.1656,5670535.5,1757476800000,6554187.41557,29133,2025-09-10 03:00:00+00:00
1757476800000,1.1654,1.242,1.1647,1.2186,8366250.6,1757480400000,10049508.83879,45970,2025-09-10 04:00:00+00:00
1757480400000,1.2193,1.279,1.1836,1.191,11536773.7,1757484000000,14184710.17364,60083,2025-09-10 05:00:00+00:00
1757484000000,1.1915,1.2018,1.1528,1.1868,5078095.9,1757487600000,5975450.58359,31938,2025-09-10 06:00:00+00:00
1757487600000,1.1868,1.2185,1.1563,1.1663,5010107.6,1757491200000,5975408.56826,29522,2025-09-10 07:00:00+00:00
1757491200000,1.1661,1.2,1.1538,1.1889,3642598.0,1757494800000,4296824.14294,25259,2025-09-10 08:00:00+00:00
1757494800000,1.1885,1.2126,1.16,1.1624,3523338.7,1757498400000,4179849.9645,26480,2025-09-10 09:00:00+00:00
1757498400000,1.162,1.1667,1.1081,1.1105,4424410.7,1757502000000,5021811.26776,31348,2025-09-10 10:00:00+00:00
1757502000000,1.111,1.1271,1.0958,1.106,3004554.8,1757505600000,3339284.29221,21484,2025-09-10 11:00:00+00:00
1757505600000,1.106,1.1308,1.0877,1.1026,4008246.9,1757509200000,4453853.11261,25389,2025-09-10 12:00:00+00:00
1757509200000,1.103,1.1228,1.0863,1.1073,3432738.4,1757512800000,3793419.47586,23633,2025-09-10 13:00:00+00:00
1757512800000,1.1072,1.1075,1.0654,1.0941,4816917.6,1757516400000,5234506.63857,30313,2025-09-10 14:00:00+00:00
1757516400000,1.0943,1.1066,1.0217,1.0234,5774456.8,1757520000000,6144589.70524,33170,2025-09-10 15:00:00+00:00
1757520000000,1.0235,1.044,1.0056,1.0244,6137369.6,1757523600000,6295542.98307,36699,2025-09-10 16:00:00+00:00
1757523600000,1.0243,1.0317,0.9778,0.9821,5796585.1,1757527200000,5839133.91094,32992,2025-09-10 17:00:00+00:00
1757527200000,0.9822,1.0225,0.9783,0.9876,4098284.8,1757530800000,4111308.24921,27873,2025-09-10 18:00:00+00:00
1757530800000,0.9881,1.0055,0.952,0.9663,5033996.2,1757534400000,4937657.45726,26092,2025-09-10 19:00:00+00:00
1757534400000,0.966,0.9856,0.9452,0.9725,3722434.2,1757538000000,3598342.61747,21570,2025-09-10 20:00:00+00:00
1757538000000,0.9725,0.988,0.9416,0.9654,2629442.3,1757541600000,2524998.91723,15234,2025-09-10 21:00:00+00:00
1757541600000,0.9654,0.9907,0.9645,0.9808,2777523.9,1757545200000,2721788.74102,18600,2025-09-10 22:00:00+00:00
1757545200000,0.981,0.9874,0.9681,0.9684,1639826.1,1757548800000,1604534.27486,13946,2025-09-10 23:00:00+00:00
1757548800000,0.9684,0.9684,0.9227,0.9284,3786803.3,1757552400000,3575812.12589,19876,2025-09-11 00:00:00+00:00
1757552400000,0.9287,0.9779,0.9194,0.9593,5742134.8,1757556000000,5483186.3934,24490,2025-09-11 01:00:00+00:00
1757556000000,0.9594,0.9758,0.9532,0.9545,2718347.9,1757559600000,2616434.54426,17077,2025-09-11 02:00:00+00:00
1757559600000,0.9543,0.9745,0.9417,0.9672,3270849.1,1757563200000,3124963.22043,18764,2025-09-11 03:00:00+00:00
1757563200000,0.9672,0.9836,0.9586,0.9722,3681718.1,1757566800000,3578215.4605,20675,2025-09-11 04:00:00+00:00
1757566800000,0.9721,0.9721,0.9201,0.9514,3777974.6,1757570400000,3539616.16097,21656,2025-09-11 05:00:00+00:00
1757570400000,0.9513,0.9723,0.9426,0.9549,4838580.1,1757574000000,4651526.75056,25626,2025-09-11 06:00:00+00:00
1757574000000,0.9549,0.9818,0.9467,0.961,4470142.9,1757577600000,4315330.0244,25152,2025-09-11 07:00:00+00:00
1757577600000,0.9612,0.9989,0.9368,0.9922,8468677.0,1757581200000,8236981.07571,36857,2025-09-11 08:00:00+00:00
1757581200000,0.9923,1.0166,0.961,0.961,11037695.2,1757584800000,10894155.79941,43282,2025-09-11 09:00:00+00:00
1757584800000,0.9616,0.9695,0.932,0.9368,3265457.0,1757588400000,3116662.10785,20243,2025-09-11 10:00:00+00:00
1757588400000,0.9367,0.9522,0.9209,0.926,3737775.6,1757592000000,3497226.62841,22380,2025-09-11 11:00:00+00:00
1757592000000,0.9257,0.9562,0.9058,0.9407,9324630.0,1757595600000,8676217.83145,45471,2025-09-11 12:00:00+00:00
1757595600000,0.9407,0.9558,0.9101,0.925,4728443.0,1757599200000,4433715.98294,25236,2025-09-11 13:00:00+00:00
1757599200000,0.9251,0.9452,0.8854,0.9334,6888651.4,1757602800000,6304731.2065,31064,2025-09-11 14:00:00+00:00
1757602800000,0.9342,0.9454,0.9203,0.921,3573078.7,1757606400000,3330505.95838,17407,2025-09-11 15:00:00+00:00
1757606400000,0.9212,0.945,0.9155,0.9418,2442235.2,1757610000000,2274966.89031,15484,2025-09-11 16:00:00+00:00
1757610000000,0.941,0.9638,0.9359,0.9562,3391033.8,1757613600000,3223219.02996,17416,2025-09-11 17:00:00+00:00
1757613600000,0.956,0.9786,0.9462,0.9708,4344152.7,1757617200000,4190100.61993,19268,2025-09-11 18:00:00+00:00
1757617200000,0.9708,0.9858,0.962,0.9734,2990872.8,1757620800000,2915474.94404,15416,2025-09-11 19:00:00+00:00
1757620800000,0.9732,0.9748,0.9518,0.9613,2118190.5,1757624400000,2036587.65057,12868,2025-09-11 20:00:00+00:00
1757624400000,0.9612,0.9982,0.9542,0.9635,2646520.6,1757628000000,2583009.77624,14630,2025-09-11 21:00:00+00:00
1757628000000,0.9636,0.9711,0.9522,0.955,1693165.3,1757631600000,1625924.04293,11279,2025-09-11 22:00:00+00:00
1757631600000,0.9547,1.0099,0.9511,0.974,4217507.3,1757635200000,4174486.53578,20112,2025-09-11 23:00:00+00:00
1757635200000,0.9734,1.0099,0.96,0.9999,5345804.6,1757638800000,5242237.51313,23238,2025-09-12 00:00:00+00:00
1757638800000,0.9998,1.0477,0.9725,1.0351,8198069.7,1757642400000,8266532.01685,36268,2025-09-12 01:00:00+00:00
1757642400000,1.0347,1.0579,1.0,1.0494,5553907.7,1757646000000,5728423.87987,31932,2025-09-12 02:00:00+00:00
1757646000000,1.0492,1.0702,1.0076,1.0267,7944699.8,1757649600000,8266366.88052,39277,2025-09-12 03:00:00+00:00
1757649600000,1.0272,1.0571,0.9819,0.9965,6826825.3,1757653200000,6946300.99937,33199,2025-09-12 04:00:00+00:00
1757653200000,0.9958,1.0187,0.9629,0.9752,5770552.9,1757656800000,5687451.38758,25874,2025-09-12 05:00:00+00:00
1757656800000,0.9757,0.9861,0.9418,0.9636,7687958.6,1757660400000,7448126.15411,28827,2025-09-12 06:00:00+00:00
1757660400000,0.9636,0.9739,0.9554,0.9659,2454765.0,1757664000000,2371767.78618,15725,2025-09-12 07:00:00+00:00
1757664000000,0.9658,0.968,0.9412,0.9484,2326986.3,1757667600000,2221912.23396,16856,2025-09-12 08:00:00+00:00
1757667600000,0.9483,0.9495,0.9259,0.9337,2228598.7,1757671200000,2084188.17935,12659,2025-09-12 09:00:00+00:00
1757671200000,0.9332,0.965,0.9227,0.9627,3826549.4,1757674800000,3606523.26238,19606,2025-09-12 10:00:00+00:00
1757674800000,0.9624,0.9666,0.9465,0.9535,2403836.0,1757678400000,2300454.69116,16007,2025-09-12 11:00:00+00:00
1757678400000,0.9535,0.9669,0.9442,0.9453,1729619.5,1757682000000,1650917.81457,15121,2025-09-12 12:00:00+00:00
1757682000000,0.9454,0.9918,0.9369,0.9731,3583649.6,1757685600000,3482582.93693,21289,2025-09-12 13:00:00+00:00
1757685600000,0.973,0.9864,0.9646,0.9731,3602641.0,1757689200000,3519078.35508,20810,2025-09-12 14:00:00+00:00
1757689200000,0.973,0.9784,0.9566,0.9698,1392022.5,1757692800000,1347160.05212,12008,2025-09-12 15:00:00+00:00
1757692800000,0.9696,0.9955,0.96,0.9649,3055904.2,1757696400000,2980713.59499,19349,2025-09-12 16:00:00+00:00
1757696400000,0.965,0.9696,0.9464,0.9565,2395311.8,1757700000000,2295253.67541,13764,2025-09-12 17:00:00+00:00
1757700000000,0.9566,0.9861,0.9516,0.9733,2607811.3,1757703600000,2533901.90069,14490,2025-09-12 18:00:00+00:00
1757703600000,0.9735,0.9982,0.9717,0.9842,2562988.0,1757707200000,2528962.45276,14670,2025-09-12 19:00:00+00:00
1757707200000,0.9839,0.9948,0.9673,0.9754,2079116.1,1757710800000,2043369.0837,12882,2025-09-12 20:00:00+00:00
1757710800000,0.9753,0.9959,0.9601,0.9926,2407046.8,1757714400000,2361010.1997,11296,2025-09-12 21:00:00+00:00
1757714400000,0.9928,1.0094,0.9829,0.9877,2201646.6,1757718000000,2191500.6477,14311,2025-09-12 22:00:00+00:00
1757718000000,0.9881,1.0099,0.974,0.9807,3292373.3,1757721600000,3252274.83548,14977,2025-09-12 23:00:00+00:00
1757721600000,0.9808,1.012,0.9694,0.9903,3807320.6,1757725200000,3782626.22159,19795,2025-09-13 00:00:00+00:00
1757725200000,0.9904,0.9904,0.9663,0.9886,1984159.2,1757728800000,1943767.03611,12589,2025-09-13 01:00:00+00:00
1757728800000,0.9887,1.0324,0.9877,1.019,4609964.4,1757732400000,4674172.38041,23482,2025-09-13 02:00:00+00:00
1757732400000,1.0187,1.0313,0.9872,0.993,2367829.9,1757736000000,2389245.49813,15585,2025-09-13 03:00:00+00:00
1757736000000,0.9934,1.0182,0.9618,0.9705,4499632.8,1757739600000,4450040.20521,21882,2025-09-13 04:00:00+00:00
1757739600000,0.9705,1.0365,0.9638,1.0165,6113153.1,1757743200000,6122042.64036,28826,2025-09-13 05:00:00+00:00
1757743200000,1.0166,1.0469,1.0076,1.0316,3499261.2,1757746800000,3590346.623,23186,2025-09-13 06:00:00+00:00
1757746800000,1.0311,1.0644,1.0273,1.0392,4788352.9,1757750400000,4993375.30525,27440,2025-09-13 07:00:00+00:00
1757750400000,1.0388,1.0553,1.0226,1.0302,2724092.7,1757754000000,2831989.92094,20844,2025-09-13 08:00:00+00:00
1757754000000,1.0303,1.043,1.0211,1.0274,2983216.1,1757757600000,3079861.08404,19002,2025-09-13 09:00:00+00:00
1757757600000,1.0272,1.0491,1.0078,1.0448,4876077.1,1757761200000,4992029.0035,30701,2025-09-13 10:00:00+00:00
1757761200000,1.0456,1.37,1.0412,1.2682,27554967.7,1757764800000,32959711.75681,154823,2025-09-13 11:00:00+00:00
1757764800000,1.2686,1.3537,1.2209,1.334,22037024.4,1757768400000,28226893.06969,132701,2025-09-13 12:00:00+00:00
1757768400000,1.334,1.3356,1.2513,1.3078,14957192.6,1757772000000,19254206.78218,87491,2025-09-13 13:00:00+00:00
1757772000000,1.3081,1.55,1.3066,1.5108,29726168.8,1757775600000,42527334.60353,158435,2025-09-13 14:00:00+00:00
1757775600000,1.5108,1.5265,1.3603,1.4011,19841692.9,1757779200000,28044191.9376,117176,2025-09-13 15:00:00+00:00
1757779200000,1.4017,1.4552,1.3735,1.4241,13993364.4,1757782800000,19914315.52932,104242,2025-09-13 16:00:00+00:00
1757782800000,1.4244,1.4692,1.3745,1.4473,12675304.5,1757786400000,18081453.02062,91213,2025-09-13 17:00:00+00:00
1757786400000,1.4472,1.4734,1.4048,1.4139,9347368.9,1757790000000,13440996.97144,63506,2025-09-13 18:00:00+00:00
1757790000000,1.4132,1.4685,1.3815,1.4657,8051947.4,1757793600000,11444036.58601,59967,2025-09-13 19:00:00+00:00
1757793600000,1.466,1.4998,1.4509,1.455,9157857.3,1757797200000,13538326.01706,57371,2025-09-13 20:00:00+00:00
1757797200000,1.455,1.4595,1.4037,1.4084,6466491.8,1757800800000,9234928.65677,39962,2025-09-13 21:00:00+00:00
1757800800000,1.4085,1.4287,1.368,1.3788,5131252.9,1757804400000,7194957.63877,32388,2025-09-13 22:00:00+00:00
1757804400000,1.379,1.3902,1.351,1.365,3995642.4,1757808000000,5470492.56928,31397,2025-09-13 23:00:00+00:00
1757808000000,1.3651,1.3775,1.3165,1.3197,4756158.2,1757811600000,6384472.68983,33731,2025-09-14 00:00:00+00:00
1757811600000,1.3203,1.325,1.2697,1.2947,5793004.9,1757815200000,7519493.27638,40138,2025-09-14 01:00:00+00:00
1757815200000,1.2945,1.3074,1.2577,1.2671,2794583.4,1757818800000,3564756.73427,23980,2025-09-14 02:00:00+00:00
1757818800000,1.2669,1.283,1.2045,1.2061,5305557.1,1757822400000,6574007.42736,31751,2025-09-14 03:00:00+00:00
1757822400000,1.2067,1.2553,1.201,1.2457,4367394.7,1757826000000,5377436.92706,28391,2025-09-14 04:00:00+00:00
1757826000000,1.2457,1.2522,1.2241,1.2373,3255597.3,1757829600000,4032351.59509,22690,2025-09-14 05:00:00+00:00
1757829600000,1.2369,1.2743,1.2319,1.2576,4876241.4,1757833200000,6128864.27634,34235,2025-09-14 06:00:00+00:00
1757833200000,1.2576,1.2842,1.2529,1.2691,4924477.5,1757836800000,6236002.93417,40364,2025-09-14 07:00:00+00:00
1757836800000,1.2686,1.4544,1.2668,1.434,18065976.3,1757840400000,24406874.28285,114904,2025-09-14 08:00:00+00:00
1757840400000,1.4346,1.4366,1.3668,1.3938,11937715.8,1757844000000,16722254.01348,78958,2025-09-14 09:00:00+00:00
1757844000000,1.3934,1.4292,1.3776,1.3799,7669556.2,1757847600000,10734872.94964,57540,2025-09-14 10:00:00+00:00
1757847600000,1.3794,1.3903,1.2575,1.3182,9026652.2,1757851200000,11867631.43053,53959,2025-09-14 11:00:00+00:00
1757851200000,1.319,1.3789,1.3185,1.3627,7345855.3,1757854800000,9956098.5877,46984,2025-09-14 12:00:00+00:00
1757854800000,1.3627,1.4,1.3523,1.3591,7563316.5,1757858400000,10431139.44861,55550,2025-09-14 13:00:00+00:00
1757858400000,1.3592,1.3714,1.3235,1.3345,5478441.5,1757862000000,7419422.32781,51339,2025-09-14 14:00:00+00:00
1757862000000,1.3347,1.3473,1.3164,1.3311,4803345.5,1757865600000,6386163.61266,47103,2025-09-14 15:00:00+00:00
1757865600000,1.3312,1.3665,1.28,1.2967,7717833.4,1757869200000,10261774.24078,65463,2025-09-14 16:00:00+00:00
1757869200000,1.297,1.3326,1.2766,1.3091,7468293.1,1757872800000,9741348.68006,62515,2025-09-14 17:00:00+00:00
1757872800000,1.3091,1.3244,1.2914,1.3153,7351052.3,1757876400000,9620572.25338,76767,2025-09-14 18:00:00+00:00
1757876400000,1.3154,1.3378,1.2766,1.285,7444706.4,1757880000000,9774720.17118,73077,2025-09-14 19:00:00+00:00
1757880000000,1.2854,1.2982,1.246,1.2516,4924192.8,1757883600000,6271980.34476,45168,2025-09-14 20:00:00+00:00
1757883600000,1.2516,1.2966,1.2405,1.2789,4458307.9,1757887200000,5666530.91081,30331,2025-09-14 21:00:00+00:00
1757887200000,1.2789,1.2879,1.2573,1.283,3237495.9,1757890800000,4126567.22377,32802,2025-09-14 22:00:00+00:00
1757890800000,1.2837,1.2872,1.2317,1.2399,3357867.5,1757894400000,4198697.45413,27785,2025-09-14 23:00:00+00:00
1757894400000,1.24,1.2685,1.219,1.2465,3610456.9,1757898000000,4501670.13491,22594,2025-09-15 00:00:00+00:00
1757898000000,1.2471,1.2659,1.2257,1.2616,2641986.7,1757901600000,3292613.20415,19308,2025-09-15 01:00:00+00:00
1757901600000,1.2614,1.2925,1.2535,1.2852,4513865.7,1757905200000,5758620.77441,32636,2025-09-15 02:00:00+00:00
1757905200000,1.2847,1.3065,1.2721,1.3052,4486596.7,1757908800000,5779076.52434,34561,2025-09-15 03:00:00+00:00
1757908800000,1.3055,1.33,1.2831,1.2968,5392191.0,1757912400000,7037561.72096,41322,2025-09-15 04:00:00+00:00
1757912400000,1.2964,1.3396,1.2872,1.3183,6595237.3,1757916000000,8658622.86729,49520,2025-09-15 05:00:00+00:00
1757916000000,1.3187,1.3231,1.2698,1.298,7708611.1,1757919600000,9957417.68924,58721,2025-09-15 06:00:00+00:00
1757919600000,1.298,1.3035,1.24,1.2517,7791285.6,1757923200000,9892152.6881,62226,2025-09-15 07:00:00+00:00
1757923200000,1.2511,1.2662,1.22,1.2388,11237217.5,1757926800000,13966494.03191,86212,2025-09-15 08:00:00+00:00
1757926800000,1.2382,1.2461,1.162,1.1909,15652538.5,1757930400000,18814649.70436,114763,2025-09-15 09:00:00+00:00
1757930400000,1.1913,1.1975,1.1622,1.1735,13382858.2,1757934000000,15753316.3721,108515,2025-09-15 10:00:00+00:00
1757934000000,1.1734,1.211,1.1609,1.2037,19936354.3,1757937600000,23699193.87753,130401,2025-09-15 11:00:00+00:00
1757937600000,1.2044,1.2437,1.1967,1.2292,21521532.7,1757941200000,26228700.62976,145802,2025-09-15 12:00:00+00:00
1757941200000,1.2291,1.2494,1.2111,1.2322,19404708.0,1757944800000,23871685.40204,127014,2025-09-15 13:00:00+00:00
1757944800000,1.2321,1.233,1.1822,1.1877,16803386.6,1757948400000,20256515.48956,101101,2025-09-15 14:00:00+00:00
1757948400000,1.1875,1.205,1.1751,1.1898,17785598.2,1757952000000,21181292.23969,102836,2025-09-15 15:00:00+00:00
1757952000000,1.1899,1.194,1.1309,1.14,24294004.5,1757955600000,28099305.33154,120453,2025-09-15 16:00:00+00:00
1757955600000,1.14,1.1637,1.134,1.1604,18815243.6,1757959200000,21554530.35104,102210,2025-09-15 17:00:00+00:00
1757959200000,1.1604,1.1786,1.1541,1.1725,17119110.7,1757962800000,19967422.22102,102549,2025-09-15 18:00:00+00:00
1757962800000,1.1726,1.1944,1.155,1.1851,14282030.7,1757966400000,16727422.45821,117895,2025-09-15 19:00:00+00:00
1757966400000,1.1857,1.1946,1.1626,1.1657,12983959.8,1757970000000,15257570.28197,114473,2025-09-15 20:00:00+00:00
1757970000000,1.1657,1.1681,1.1522,1.1555,7962939.5,1757973600000,9228615.18779,80630,2025-09-15 21:00:00+00:00
1757973600000,1.1554,1.1682,1.1341,1.1451,9485758.3,1757977200000,10904024.54492,102210,2025-09-15 22:00:00+00:00
1757977200000,1.1449,1.1555,1.1251,1.1407,9760547.1,1757980800000,11128913.20104,99371,2025-09-15 23:00:00+00:00
1757980800000,1.1408,1.1828,1.1392,1.1714,10421852.7,1757984400000,12137769.64561,115220,2025-09-16 00:00:00+00:00
1757984400000,1.1713,1.1972,1.1635,1.1646,10872695.6,1757988000000,12872198.02381,87173,2025-09-16 01:00:00+00:00
1757988000000,1.1646,1.1853,1.1521,1.1559,16155873.8,1757991600000,18941971.18862,107959,2025-09-16 02:00:00+00:00
1757991600000,1.1557,1.1893,1.13,1.1843,24333433.9,1757995200000,28164583.06368,184740,2025-09-16 03:00:00+00:00
1757995200000,1.1842,1.1977,1.1692,1.1883,27424770.1,1757998800000,32452173.19786,220362,2025-09-16 04:00:00+00:00
1757998800000,1.1884,1.2165,1.1691,1.1798,32744029.3,1758002400000,38820885.5698,264236,2025-09-16 05:00:00+00:00
1758002400000,1.18,1.2164,1.1727,1.1804,53172785.6,1758006000000,63276459.64993,438099,2025-09-16 06:00:00+00:00
1758006000000,1.1805,1.23,1.1656,1.2138,74279270.3,1758009600000,88885442.30113,479540,2025-09-16 07:00:00+00:00
1758009600000,1.2137,1.2713,1.2107,1.2508,78849101.9,1758013200000,97117613.75813,502615,2025-09-16 08:00:00+00:00
1758013200000,1.2505,1.2681,1.181,1.1885,83548893.7,1758016800000,102803592.53234,597864,2025-09-16 09:00:00+00:00
1758016800000,1.1886,1.3423,1.1708,1.3229,86050341.0,1758020400000,106918773.45215,626405,2025-09-16 10:00:00+00:00
1758020400000,1.3226,1.3499,1.2824,1.3246,92314089.9,1758024000000,121870842.96208,746020,2025-09-16 11:00:00+00:00
1758024000000,1.3247,1.4392,1.3143,1.4302,114583694.0,1758027600000,159551516.75787,867263,2025-09-16 12:00:00+00:00
1758027600000,1.4303,1.4552,1.3466,1.4042,56237803.4,1758031200000,78514375.94719,366637,2025-09-16 13:00:00+00:00
1758031200000,1.4043,1.5537,1.3782,1.5378,18478598.3,1758034800000,26784223.04281,116352,2025-09-16 14:00:00+00:00
1758034800000,1.5374,1.5675,1.3584,1.4018,20711456.0,1758038400000,30595718.24904,131563,2025-09-16 15:00:00+00:00
1758038400000,1.4019,1.4113,1.3636,1.3786,10422443.5,1758042000000,14413219.20865,75095,2025-09-16 16:00:00+00:00
1758042000000,1.3786,1.4458,1.3772,1.39,11981145.4,1758045600000,16944667.94587,82234,2025-09-16 17:00:00+00:00
1758045600000,1.39,1.4145,1.3268,1.3523,6874011.8,1758049200000,9462843.72416,55183,2025-09-16 18:00:00+00:00
1758049200000,1.3521,1.3687,1.3323,1.3449,4076744.7,1758052800000,5500242.44848,35044,2025-09-16 19:00:00+00:00
1758052800000,1.3447,1.3633,1.3316,1.3514,2719644.0,1758056400000,3662567.6961,26411,2025-09-16 20:00:00+00:00
1758056400000,1.3517,1.3958,1.3443,1.3872,4669742.9,1758060000000,6420719.35921,38720,2025-09-16 21:00:00+00:00
1758060000000,1.3871,1.3907,1.3198,1.3244,4037739.4,1758063600000,5499342.14083,43274,2025-09-16 22:00:00+00:00
1758063600000,1.3242,1.3352,1.3012,1.3046,3396584.4,1758067200000,4470846.31739,39270,2025-09-16 23:00:00+00:00
1758067200000,1.3045,1.3204,1.2843,1.288,2925959.6,1758070800000,3804978.18576,33520,2025-09-17 00:00:00+00:00
1758070800000,1.2881,1.2911,1.2342,1.241,4354833.2,1758074400000,5485191.30309,38437,2025-09-17 01:00:00+00:00
1758074400000,1.241,1.2552,1.2159,1.2283,4555107.1,1758078000000,5623723.31623,43464,2025-09-17 02:00:00+00:00
1758078000000,1.2282,1.2563,1.22,1.2515,3671165.3,1758081600000,4554072.83608,35930,2025-09-17 03:00:00+00:00
1758081600000,1.2515,1.276,1.2351,1.274,3249222.9,1758085200000,4068049.93873,32710,2025-09-17 04:00:00+00:00
1758085200000,1.2741,1.2835,1.2557,1.2717,3347370.9,1758088800000,4248590.32764,40908,2025-09-17 05:00:00+00:00
1758088800000,1.2718,1.3521,1.2706,1.3338,8070568.3,1758092400000,10654707.9776,92323,2025-09-17 06:00:00+00:00
1758092400000,1.3337,1.3506,1.3103,1.3266,5517043.3,1758096000000,7351770.67436,62726,2025-09-17 07:00:00+00:00
1758096000000,1.3266,1.3331,1.2943,1.2975,4654668.5,1758099600000,6106636.50155,48080,2025-09-17 08:00:00+00:00
1758099600000,1.2972,1.3086,1.23,1.2318,8190339.0,1758103200000,10287423.49947,76934,2025-09-17 09:00:00+00:00
1758103200000,1.232,1.2435,1.1946,1.2118,5237883.5,1758106800000,6385015.65249,42452,2025-09-17 10:00:00+00:00
1758106800000,1.2117,1.2711,1.2073,1.2573,4550761.6,1758110400000,5648111.45723,43823,2025-09-17 11:00:00+00:00
1758110400000,1.2574,1.2784,1.247,1.2527,3776734.8,1758114000000,4763729.82551,43404,2025-09-17 12:00:00+00:00
1758114000000,1.2527,1.259,1.2354,1.2372,2283684.6,1758117600000,2844682.55196,26766,2025-09-17 13:00:00+00:00
1758117600000,1.2373,1.2697,1.2272,1.2474,3028952.6,1758121200000,3777286.99564,26323,2025-09-17 14:00:00+00:00
1758121200000,1.2475,1.2624,1.2331,1.2402,2132743.2,1758124800000,2662080.58802,15121,2025-09-17 15:00:00+00:00
1758124800000,1.2403,1.2647,1.2337,1.2559,1978264.1,1758128400000,2462362.88286,15347,2025-09-17 16:00:00+00:00
1758128400000,1.256,1.2809,1.237,1.2494,3957086.3,1758132000000,4978989.70627,23518,2025-09-17 17:00:00+00:00
1758132000000,1.2493,1.2921,1.2411,1.2674,5560651.8,1758135600000,7038519.25677,41055,2025-09-17 18:00:00+00:00
1758135600000,1.2673,1.295,1.2459,1.2513,3121820.5,1758139200000,3965537.29724,23030,2025-09-17 19:00:00+00:00
1758139200000,1.2506,1.2636,1.2361,1.2418,2197092.0,1758142800000,2745758.8715,16338,2025-09-17 20:00:00+00:00
1758142800000,1.2418,1.298,1.2208,1.2752,3774188.5,1758146400000,4758745.66298,20782,2025-09-17 21:00:00+00:00
1758146400000,1.2753,1.295,1.2716,1.2851,3405611.4,1758150000000,4370795.4618,19493,2025-09-17 22:00:00+00:00
1758150000000,1.2848,1.2917,1.2516,1.2588,4205725.9,1758153600000,5333687.95184,19196,2025-09-17 23:00:00+00:00
1758153600000,1.2588,1.2646,1.2375,1.2485,2950126.9,1758157200000,3686468.81577,14979,2025-09-18 00:00:00+00:00
1758157200000,1.2482,1.2747,1.2353,1.2568,2269457.1,1758160800000,2852241.05399,15805,2025-09-18 01:00:00+00:00
1758160800000,1.2561,1.289,1.2512,1.2808,2258231.3,1758164400000,2879844.03308,16965,2025-09-18 02:00:00+00:00
1758164400000,1.2812,1.2932,1.2701,1.291,2587474.8,1758168000000,3319896.22798,18124,2025-09-18 03:00:00+00:00
1758168000000,1.2912,1.3174,1.2819,1.3118,3322668.3,1758171600000,4325182.07342,24904,2025-09-18 04:00:00+00:00
1758171600000,1.3116,1.3266,1.2911,1.3011,2904222.3,1758175200000,3801723.08145,21933,2025-09-18 05:00:00+00:00
1758175200000,1.3007,1.302,1.2613,1.2767,3616304.0,1758178800000,4629863.36402,24345,2025-09-18 06:00:00+00:00
1758178800000,1.276,1.292,1.2665,1.2782,1789084.9,1758182400000,2281858.22005,14555,2025-09-18 07:00:00+00:00
1758182400000,1.278,1.2846,1.2618,1.2734,1427290.1,1758186000000,1815702.35253,13194,2025-09-18 08:00:00+00:00
1758186000000,1.2734,1.3,1.266,1.288,2071852.4,1758189600000,2661893.75424,14070,2025-09-18 09:00:00+00:00
1758189600000,1.2878,1.2992,1.2651,1.2692,2068016.1,1758193200000,2643727.57437,17270,2025-09-18 10:00:00+00:00
1758193200000,1.2688,1.2745,1.246,1.2582,1898123.4,1758196800000,2390162.73854,15371,2025-09-18 11:00:00+00:00
1758196800000,1.2585,1.3028,1.2585,1.287,3020845.4,1758200400000,3891300.99904,22161,2025-09-18 12:00:00+00:00
1758200400000,1.2876,1.2931,1.2602,1.2683,2411757.2,1758204000000,3085382.14949,18538,2025-09-18 13:00:00+00:00
1758204000000,1.2681,1.2738,1.2254,1.245,3748081.5,1758207600000,4683739.30917,24296,2025-09-18 14:00:00+00:00
1758207600000,1.245,1.255,1.2324,1.2448,1998690.2,1758211200000,2482657.69006,16372,2025-09-18 15:00:00+00:00
1758211200000,1.245,1.2687,1.2419,1.2482,2281522.1,1758214800000,2864530.79422,17667,2025-09-18 16:00:00+00:00
1758214800000,1.2483,1.2571,1.2333,1.2519,2138610.7,1758218400000,2663511.3614,13060,2025-09-18 17:00:00+00:00
1758218400000,1.252,1.2543,1.2399,1.25,981760.6,1758222000000,1223933.24763,7370,2025-09-18 18:00:00+00:00
1758222000000,1.2504,1.2637,1.2262,1.2474,1639107.9,1758225600000,2040331.1468,10979,2025-09-18 19:00:00+00:00
1758225600000,1.248,1.2696,1.2388,1.2666,1405247.3,1758229200000,1765960.16937,9671,2025-09-18 20:00:00+00:00
1758229200000,1.266,1.272,1.2541,1.2594,1087510.4,1758232800000,1373199.23248,7970,2025-09-18 21:00:00+00:00
1758232800000,1.2595,1.2893,1.2485,1.265,2850119.9,1758236400000,3628936.33226,20192,2025-09-18 22:00:00+00:00
1758236400000,1.265,1.2856,1.2556,1.2796,1128397.9,1758240000000,1436596.2247,14362,2025-09-18 23:00:00+00:00
1758240000000,1.2797,1.2979,1.2701,1.2835,2217370.1,1758243600000,2849688.653,24924,2025-09-19 00:00:00+00:00
1758243600000,1.2835,1.295,1.2718,1.2912,1202956.1,1758247200000,1545606.90509,15365,2025-09-19 01:00:00+00:00
1758247200000,1.2912,1.3056,1.2727,1.2772,2686498.9,1758250800000,3470445.58827,26602,2025-09-19 02:00:00+00:00
1758250800000,1.2773,1.297,1.2447,1.2516,2841917.2,1758254400000,3608322.94326,26358,2025-09-19 03:00:00+00:00
1758254400000,1.2515,1.2538,1.2355,1.2415,1794044.6,1758258000000,2231775.42766,21427,2025-09-19 04:00:00+00:00
1758258000000,1.2415,1.2511,1.2166,1.2453,2661151.0,1758261600000,3280448.13037,22838,2025-09-19 05:00:00+00:00
1758261600000,1.2452,1.2603,1.2292,1.2304,2067428.1,1758265200000,2570105.75393,19790,2025-09-19 06:00:00+00:00
1758265200000,1.2302,1.2486,1.2275,1.2352,1159578.7,1758268800000,1434899.1251,13493,2025-09-19 07:00:00+00:00
1758268800000,1.235,1.2567,1.2324,1.2425,1244842.9,1758272400000,1552400.30288,14060,2025-09-19 08:00:00+00:00
1758272400000,1.2425,1.2538,1.2292,1.2336,1473089.3,1758276000000,1829393.50348,14927,2025-09-19 09:00:00+00:00
1758276000000,1.2337,1.2419,1.2322,1.2339,689333.4,1758279600000,852585.26621,9852,2025-09-19 10:00:00+00:00
1758279600000,1.2339,1.2372,1.2201,1.2306,1575572.9,1758283200000,1934266.27161,19496,2025-09-19 11:00:00+00:00
1758283200000,1.2306,1.2687,1.2306,1.2546,2835025.3,1758286800000,3560319.59241,26034,2025-09-19 12:00:00+00:00
1758286800000,1.2547,1.2723,1.2514,1.2542,2236084.9,1758290400000,2817437.37507,21576,2025-09-19 13:00:00+00:00
1758290400000,1.2542,1.2636,1.2279,1.2363,2051536.0,1758294000000,2556910.87523,20009,2025-09-19 14:00:00+00:00
1758294000000,1.2363,1.2507,1.2026,1.2398,2871555.4,1758297600000,3510549.97347,27534,2025-09-19 15:00:00+00:00
1758297600000,1.2398,1.2525,1.2249,1.2498,1561854.3,1758301200000,1938781.85922,15943,2025-09-19 16:00:00+00:00
1758301200000,1.25,1.2585,1.2336,1.2356,1451349.8,1758304800000,1805253.75677,14958,2025-09-19 17:00:00+00:00
1758304800000,1.2356,1.2459,1.2291,1.2381,579134.1,1758308400000,716291.29409,8934,2025-09-19 18:00:00+00:00
1758308400000,1.2383,1.2563,1.2383,1.2494,1055430.8,1758312000000,1317630.16237,10857,2025-09-19 19:00:00+00:00
1758312000000,1.2493,1.2569,1.233,1.2407,930342.5,1758315600000,1157848.96985,9421,2025-09-19 20:00:00+00:00
1758315600000,1.2406,1.2519,1.2364,1.2445,463424.5,1758319200000,576395.32335,5304,2025-09-19 21:00:00+00:00
1758319200000,1.2446,1.2688,1.2427,1.2558,1099046.9,1758322800000,1383973.13112,7663,2025-09-19 22:00:00+00:00
1758322800000,1.2557,1.2623,1.2316,1.2399,1156074.6,1758326400000,1436551.18132,11870,2025-09-19 23:00:00+00:00
1758326400000,1.2399,1.2523,1.2338,1.2505,766939.1,1758330000000,952255.84951,9270,2025-09-20 00:00:00+00:00
1758330000000,1.2504,1.2733,1.237,1.2399,2013628.9,1758333600000,2527052.93028,18873,2025-09-20 01:00:00+00:00
1758333600000,1.2401,1.2608,1.2216,1.2462,1822670.5,1758337200000,2261918.30634,17645,2025-09-20 02:00:00+00:00
1758337200000,1.2462,1.2503,1.2307,1.2408,835562.8,1758340800000,1036825.553,9997,2025-09-20 03:00:00+00:00
1758340800000,1.2409,1.2443,1.2263,1.2325,1040590.1,1758344400000,1284186.24931,9549,2025-09-20 04:00:00+00:00
1758344400000,1.2325,1.2675,1.228,1.2614,1537521.3,1758348000000,1918227.51101,13425,2025-09-20 05:00:00+00:00
1758348000000,1.2614,1.267,1.2477,1.2567,1718544.4,1758351600000,2161089.07148,15663,2025-09-20 06:00:00+00:00
1758351600000,1.2567,1.2654,1.2333,1.2433,1609969.6,1758355200000,2007570.27941,14293,2025-09-20 07:00:00+00:00
1758355200000,1.2434,1.2545,1.2306,1.2473,1548313.8,1758358800000,1923288.36729,13901,2025-09-20 08:00:00+00:00
1758358800000,1.2472,1.2665,1.2353,1.2402,2089385.1,1758362400000,2615165.65259,17562,2025-09-20 09:00:00+00:00
1758362400000,1.2402,1.2506,1.2355,1.241,927566.4,1758366000000,1152403.30327,10876,2025-09-20 10:00:00+00:00
1758366000000,1.241,1.2596,1.228,1.2392,1949367.5,1758369600000,2415874.16947,16770,2025-09-20 11:00:00+00:00
1758369600000,1.2392,1.2453,1.2321,1.2351,1116564.7,1758373200000,1382388.91163,10844,2025-09-20 12:00:00+00:00
1758373200000,1.235,1.2415,1.232,1.2358,1073964.8,1758376800000,1328390.23185,9779,2025-09-20 13:00:00+00:00
1758376800000,1.2359,1.2393,1.2252,1.2367,1384066.6,1758380400000,1704594.41084,11831,2025-09-20 14:00:00+00:00
1758380400000,1.2367,1.2534,1.2347,1.2424,1842690.7,1758384000000,2290838.57745,13809,2025-09-20 15:00:00+00:00
1758384000000,1.2425,1.2514,1.2315,1.2332,1355658.9,1758387600000,1680185.00055,11168,2025-09-20 16:00:00+00:00
1758387600000,1.2332,1.2399,1.2259,1.2294,1296973.0,1758391200000,1596895.71777,11946,2025-09-20 17:00:00+00:00
1758391200000,1.2296,1.2337,1.2187,1.2241,2107242.0,1758394800000,2581920.95482,12224,2025-09-20 18:00:00+00:00
1758394800000,1.224,1.2256,1.1687,1.1936,2938649.6,1758398400000,3527488.5934,22786,2025-09-20 19:00:00+00:00
1758398400000,1.1935,1.2137,1.1877,1.2065,1739886.7,1758402000000,2086138.40824,14722,2025-09-20 20:00:00+00:00
1758402000000,1.2065,1.2124,1.2015,1.2076,732000.1,1758405600000,883316.5816,5641,2025-09-20 21:00:00+00:00
1758405600000,1.2077,1.2149,1.1816,1.189,1730153.9,1758409200000,2062467.75935,11792,2025-09-20 22:00:00+00:00
1758409200000,1.1891,1.1944,1.1701,1.1778,1317957.2,1758412800000,1555306.80951,10938,2025-09-20 23:00:00+00:00
1758412800000,1.1778,1.1963,1.1742,1.1926,1136680.4,1758416400000,1347818.60626,11865,2025-09-21 00:00:00+00:00
1758416400000,1.1928,1.2009,1.174,1.1795,1731484.7,1758420000000,2045184.62959,13516,2025-09-21 01:00:00+00:00
1758420000000,1.1795,1.1823,1.1527,1.1667,2158898.0,1758423600000,2522983.5988,15625,2025-09-21 02:00:00+00:00
1758423600000,1.1668,1.175,1.1502,1.155,1933103.3,1758427200000,2246262.83177,14009,2025-09-21 03:00:00+00:00
1758427200000,1.1555,1.2,1.1421,1.1933,3088623.2,1758430800000,3598467.67182,21909,2025-09-21 04:00:00+00:00
1758430800000,1.1932,1.2214,1.1791,1.1902,5218784.0,1758434400000,6262116.86882,36427,2025-09-21 05:00:00+00:00
1758434400000,1.1901,1.2016,1.1789,1.1913,1924060.7,1758438000000,2283918.8284,17263,2025-09-21 06:00:00+00:00
1758438000000,1.1914,1.2116,1.1889,1.1985,1623478.8,1758441600000,1948958.72837,17011,2025-09-21 07:00:00+00:00
1758441600000,1.1986,1.2097,1.1905,1.2065,1366047.3,1758445200000,1641639.20865,13445,2025-09-21 08:00:00+00:00
1758445200000,1.2064,1.2084,1.1752,1.1985,2406964.3,1758448800000,2862761.57137,20912,2025-09-21 09:00:00+00:00
1758448800000,1.1984,1.2145,1.1936,1.1995,2078568.8,1758452400000,2503264.42597,18695,2025-09-21 10:00:00+00:00
1758452400000,1.1995,1.2061,1.1803,1.1847,1121180.3,1758456000000,1336711.18395,11785,2025-09-21 11:00:00+00:00
1758456000000,1.1847,1.1954,1.1644,1.1712,1326680.4,1758459600000,1566386.43928,12260,2025-09-21 12:00:00+00:00
1758459600000,1.1714,1.1854,1.1686,1.1767,1016415.4,1758463200000,1196171.99087,10484,2025-09-21 13:00:00+00:00
1758463200000,1.1766,1.1816,1.1667,1.1706,1089079.0,1758466800000,1277944.56456,9553,2025-09-21 14:00:00+00:00
1758466800000,1.1707,1.1862,1.1615,1.1695,1147959.1,1758470400000,1345350.30891,12310,2025-09-21 15:00:00+00:00
1758470400000,1.1695,1.1729,1.1441,1.158,1596378.5,1758474000000,1845924.32303,13883,2025-09-21 16:00:00+00:00
1758474000000,1.158,1.158,1.1283,1.1442,1955539.1,1758477600000,2232040.78428,16183,2025-09-21 17:00:00+00:00
1758477600000,1.1442,1.1532,1.1321,1.1509,814193.6,1758481200000,929166.85331,8731,2025-09-21 18:00:00+00:00
1758481200000,1.151,1.1529,1.1385,1.142,552062.9,1758484800000,632330.30503,6985,2025-09-21 19:00:00+00:00
1758484800000,1.142,1.1473,1.1302,1.136,585987.7,1758488400000,665999.05529,6654,2025-09-21 20:00:00+00:00
1758488400000,1.1361,1.146,1.134,1.1442,488318.0,1758492000000,556537.04318,4728,2025-09-21 21:00:00+00:00
1758492000000,1.1441,1.1717,1.1409,1.1618,2057193.1,1758495600000,2379285.42742,16826,2025-09-21 22:00:00+00:00
1758495600000,1.1617,1.1619,1.1364,1.1471,814083.9,1758499200000,934510.86672,9684,2025-09-21 23:00:00+00:00
1758499200000,1.1472,1.1737,1.1291,1.1524,3138229.9,1758502800000,3603739.28048,29962,2025-09-22 00:00:00+00:00
1758502800000,1.1523,1.1586,1.009,1.0347,7464121.1,1758506400000,7941787.53507,64500,2025-09-22 01:00:00+00:00
1758506400000,1.0348,1.0519,1.0275,1.0412,4554138.2,1758510000000,4733361.05252,31128,2025-09-22 02:00:00+00:00
1758510000000,1.0411,1.0415,1.0254,1.0315,1330314.1,1758513600000,1373684.43964,14442,2025-09-22 03:00:00+00:00
1758513600000,1.0316,1.0386,0.9776,0.9986,6380559.2,1758517200000,6386809.13715,31260,2025-09-22 04:00:00+00:00
1758517200000,0.9985,0.9985,0.9777,0.9791,2322841.3,1758520800000,2294098.1056,21265,2025-09-22 05:00:00+00:00
1758520800000,0.979,0.9792,0.867,0.9606,7521527.4,1758524400000,7136276.17986,56682,2025-09-22 06:00:00+00:00
1758524400000,0.9606,0.9836,0.958,0.9635,3140813.3,1758528000000,3044849.12636,28721,2025-09-22 07:00:00+00:00
1758528000000,0.9635,0.9807,0.9635,0.9754,2023141.4,1758531600000,1969646.823,18242,2025-09-22 08:00:00+00:00
1758531600000,0.9752,0.9861,0.9661,0.9699,1571219.3,1758535200000,1535988.6187,15517,2025-09-22 09:00:00+00:00
1758535200000,0.9699,0.9766,0.959,0.968,1750020.7,1758538800000,1690256.28913,12842,2025-09-22 10:00:00+00:00
1758538800000,0.968,0.978,0.9573,0.9718,1735724.5,1758542400000,1675386.88926,13148,2025-09-22 11:00:00+00:00
1758542400000,0.9719,0.9898,0.9719,0.9747,2198755.3,1758546000000,2159000.50501,16884,2025-09-22 12:00:00+00:00
1758546000000,0.9746,0.9854,0.9637,0.9851,1350830.1,1758549600000,1315465.18299,13184,2025-09-22 13:00:00+00:00
1758549600000,0.9848,0.9885,0.9665,0.9685,1385945.9,1758553200000,1354416.90724,13123,2025-09-22 14:00:00+00:00
1758553200000,0.9684,0.9731,0.9482,0.9572,1475368.6,1758556800000,1419042.85194,13352,2025-09-22 15:00:00+00:00
1758556800000,0.957,0.957,0.9148,0.9419,2871526.4,1758560400000,2688443.87461,21578,2025-09-22 16:00:00+00:00
1758560400000,0.942,0.9504,0.931,0.9457,1825999.2,1758564000000,1715183.78338,16553,2025-09-22 17:00:00+00:00
1758564000000,0.9455,0.9591,0.9426,0.9554,1208809.3,1758567600000,1148218.89935,12239,2025-09-22 18:00:00+00:00
1758567600000,0.9553,0.9584,0.9414,0.9474,1248745.9,1758571200000,1185782.27064,10866,2025-09-22 19:00:00+00:00
1758571200000,0.9474,0.9478,0.934,0.9345,840799.9,1758574800000,790531.34179,8502,2025-09-22 20:00:00+00:00
1758574800000,0.9345,0.9575,0.9318,0.9541,742122.4,1758578400000,701332.42661,5339,2025-09-22 21:00:00+00:00
1758578400000,0.954,0.9558,0.9355,0.9421,756837.0,1758582000000,715490.55149,5080,2025-09-22 22:00:00+00:00
1758582000000,0.9424,0.9434,0.932,0.9358,377086.3,1758585600000,352916.70122,3016,2025-09-22 23:00:00+00:00
1758585600000,0.9358,0.945,0.9274,0.9318,1189141.8,1758589200000,1113470.76976,6184,2025-09-23 00:00:00+00:00
1758589200000,0.932,0.9346,0.9154,0.917,781778.1,1758592800000,722800.60411,5683,2025-09-23 01:00:00+00:00
1758592800000,0.917,0.9206,0.8897,0.8916,1233085.5,1758596400000,1113874.79517,8059,2025-09-23 02:00:00+00:00
1758596400000,0.8917,0.931,0.8838,0.9238,2131287.8,1758600000000,1944023.93473,18640,2025-09-23 03:00:00+00:00
1758600000000,0.9237,0.9253,0.8987,0.9059,1982841.2,1758603600000,1809897.31583,14014,2025-09-23 04:00:00+00:00
1758603600000,0.9058,0.9122,0.8997,0.9074,1264163.2,1758607200000,1144431.56103,10529,2025-09-23 05:00:00+00:00
1758607200000,0.9075,1.0017,0.9067,0.9993,5378142.5,1758610800000,5158091.27503,36494,2025-09-23 06:00:00+00:00
1758610800000,0.9994,1.074,0.9933,1.0452,12502459.8,1758614400000,13010681.95785,130700,2025-09-23 07:00:00+00:00
1758614400000,1.0452,1.0494,0.9845,1.0295,7051046.5,1758618000000,7182914.79508,64132,2025-09-23 08:00:00+00:00
1758618000000,1.0295,1.0317,1.0011,1.0148,3703627.5,1758621600000,3761919.1347,41604,2025-09-23 09:00:00+00:00
1758621600000,1.0149,1.022,1.0019,1.0097,2268513.1,1758625200000,2297020.30457,22602,2025-09-23 10:00:00+00:00
1758625200000,1.0096,1.0278,0.9838,1.0227,3547438.6,1758628800000,3565177.50009,27953,2025-09-23 11:00:00+00:00
1758628800000,1.0226,1.0228,0.9865,0.9885,3289982.6,1758632400000,3313300.91166,26642,2025-09-23 12:00:00+00:00
1758632400000,0.9884,0.9893,0.9618,0.9749,3595625.3,1758636000000,3504463.39531,29444,2025-09-23 13:00:00+00:00
1758636000000,0.975,0.9764,0.9421,0.9529,2654754.1,1758639600000,2540857.79523,22619,2025-09-23 14:00:00+00:00
1758639600000,0.9529,0.9733,0.9479,0.9687,1544532.9,1758643200000,1488800.69829,10287,2025-09-23 15:00:00+00:00
1758643200000,0.9687,0.9758,0.956,0.9734,1310664.0,1758646800000,1265482.85575,9566,2025-09-23 16:00:00+00:00
1758646800000,0.9736,0.9744,0.9439,0.9444,1308032.6,1758650400000,1248305.92671,7644,2025-09-23 17:00:00+00:00
1758650400000,0.9441,0.954,0.9346,0.944,1151439.3,1758654000000,1089102.06054,6316,2025-09-23 18:00:00+00:00
1758654000000,0.9439,0.96,0.9368,0.941,843676.8,1758657600000,800573.96332,5897,2025-09-23 19:00:00+00:00
1758657600000,0.941,0.9472,0.926,0.9332,736206.1,1758661200000,687824.31977,4992,2025-09-23 20:00:00+00:00
1758661200000,0.933,0.9482,0.9278,0.947,459384.0,1758664800000,430116.62852,4113,2025-09-23 21:00:00+00:00
1758664800000,0.9473,0.9524,0.9349,0.9484,637635.4,1758668400000,602104.30959,3968,2025-09-23 22:00:00+00:00
1758668400000,0.9487,0.9594,0.9423,0.9519,1057041.0,1758672000000,1007221.32722,6973,2025-09-23 23:00:00+00:00
1758672000000,0.9519,0.9634,0.9472,0.9514,964253.7,1758675600000,920203.16737,8141,2025-09-24 00:00:00+00:00
1758675600000,0.9515,0.9612,0.9463,0.9578,694334.6,1758679200000,663167.07345,7295,2025-09-24 01:00:00+00:00
1758679200000,0.9578,0.962,0.9371,0.9413,858977.6,1758682800000,812345.37658,8128,2025-09-24 02:00:00+00:00
1758682800000,0.9414,0.9423,0.9233,0.9248,1063041.3,1758686400000,988583.83343,9104,2025-09-24 03:00:00+00:00
1758686400000,0.9248,0.939,0.9122,0.9271,1855028.3,1758690000000,1715578.94723,12261,2025-09-24 04:00:00+00:00
1758690000000,0.9272,0.9398,0.9249,0.9383,601312.2,1758693600000,561950.43826,6499,2025-09-24 05:00:00+00:00
1758693600000,0.9383,0.9409,0.9266,0.9313,501060.9,1758697200000,467534.71259,5475,2025-09-24 06:00:00+00:00
1758697200000,0.9311,0.94,0.921,0.9394,1110885.2,1758700800000,1033947.63712,8045,2025-09-24 07:00:00+00:00
1758700800000,0.9395,0.9404,0.9231,0.9263,960106.8,1758704400000,891772.77913,7172,2025-09-24 08:00:00+00:00
1758704400000,0.9264,0.9318,0.9186,0.9314,848916.1,1758708000000,785870.96571,5404,2025-09-24 09:00:00+00:00
1758708000000,0.931,0.9353,0.9162,0.9267,781031.9,1758711600000,722051.98279,5514,2025-09-24 10:00:00+00:00
1758711600000,0.9268,0.934,0.9188,0.9265,712045.3,1758715200000,659586.25425,4679,2025-09-24 11:00:00+00:00
1758715200000,0.9264,0.9295,0.914,0.9164,903769.7,1758718800000,833079.57316,5361,2025-09-24 12:00:00+00:00
1758718800000,0.9164,0.9196,0.9052,0.9055,1055268.4,1758722400000,964353.78797,6860,2025-09-24 13:00:00+00:00
1758722400000,0.9057,0.9427,0.9043,0.9352,1806481.7,1758726000000,1675043.62159,8857,2025-09-24 14:00:00+00:00
1758726000000,0.9352,0.9429,0.9076,0.9086,1321117.7,1758729600000,1221640.55881,6911,2025-09-24 15:00:00+00:00
1758729600000,0.9088,0.9166,0.9069,0.91,709753.3,1758733200000,646846.34687,5403,2025-09-24 16:00:00+00:00
1758733200000,0.9102,0.9195,0.906,0.9111,925731.8,1758736800000,846038.38962,5339,2025-09-24 17:00:00+00:00
1758736800000,0.9113,0.9131,0.9052,0.9092,410146.9,1758740400000,372854.75173,3259,2025-09-24 18:00:00+00:00
1758740400000,0.9092,0.9203,0.9089,0.912,554890.6,1758744000000,507573.20939,3780,2025-09-24 19:00:00+00:00
1758744000000,0.9121,0.916,0.9031,0.9096,464784.5,1758747600000,423122.31447,3268,2025-09-24 20:00:00+00:00
1758747600000,0.9094,0.9153,0.9073,0.9099,358718.1,1758751200000,326976.81278,2530,2025-09-24 21:00:00+00:00
1758751200000,0.9098,0.9163,0.9036,0.9077,696982.2,1758754800000,634353.62492,6727,2025-09-24 22:00:00+00:00
1758754800000,0.9078,0.9196,0.9044,0.9087,1167012.4,1758758400000,1063049.12964,7859,2025-09-24 23:00:00+00:00
1758758400000,0.9088,0.9141,0.8732,0.8791,2886212.6,1758762000000,2571574.62748,20310,2025-09-25 00:00:00+00:00
1758762000000,0.879,0.8827,0.8668,0.8704,1915302.6,1758765600000,1674550.01792,16427,2025-09-25 01:00:00+00:00
1758765600000,0.8705,0.8845,0.8636,0.8773,1596165.9,1758769200000,1394562.17109,13954,2025-09-25 02:00:00+00:00
1758769200000,0.8774,0.8796,0.855,0.8601,1572388.8,1758772800000,1358083.30898,13177,2025-09-25 03:00:00+00:00
1758772800000,0.86,0.8651,0.8433,0.8553,2328367.5,1758776400000,1985067.16376,15217,2025-09-25 04:00:00+00:00
1758776400000,0.8551,0.8721,0.8538,0.8646,1151026.8,1758780000000,993874.1367,9440,2025-09-25 05:00:00+00:00
1758780000000,0.8645,0.8706,0.8435,0.845,1522409.7,1758783600000,1299668.00877,10895,2025-09-25 06:00:00+00:00
1758783600000,0.8451,0.8798,0.8451,0.8681,1788090.5,1758787200000,1545401.94582,13043,2025-09-25 07:00:00+00:00
1758787200000,0.8681,0.9051,0.8677,0.8984,2509158.9,1758790800000,2232698.28141,18787,2025-09-25 08:00:00+00:00
1758790800000,0.8984,0.9184,0.893,0.904,2214462.8,1758794400000,2011292.72595,20917,2025-09-25 09:00:00+00:00
1758794400000,0.904,0.9495,0.8956,0.9301,4839405.0,1758798000000,4483776.15028,38737,2025-09-25 10:00:00+00:00
1758798000000,0.9302,0.9435,0.9055,0.9095,3700885.3,1758801600000,3417069.68945,27170,2025-09-25 11:00:00+00:00
1758801600000,0.9095,0.9173,0.8838,0.8983,3236537.2,1758805200000,2917264.95878,26733,2025-09-25 12:00:00+00:00
1758805200000,0.8983,0.9094,0.8767,0.8836,2972130.7,1758808800000,2649720.70859,23390,2025-09-25 13:00:00+00:00
1758808800000,0.8836,0.8939,0.8544,0.8591,3083849.8,1758812400000,2684696.28406,20986,2025-09-25 14:00:00+00:00
1758812400000,0.8589,0.8655,0.8487,0.8634,1720719.2,1758816000000,1470613.21337,13633,2025-09-25 15:00:00+00:00
1758816000000,0.8635,0.8716,0.8564,0.8576,1648716.7,1758819600000,1423212.45988,14122,2025-09-25 16:00:00+00:00
1758819600000,0.8575,0.8612,0.8466,0.8489,2021477.9,1758823200000,1725931.25681,17439,2025-09-25 17:00:00+00:00
1758823200000,0.8489,0.8529,0.8248,0.8432,2661459.2,1758826800000,2231234.71161,20307,2025-09-25 18:00:00+00:00
1758826800000,0.8432,0.8532,0.8377,0.8422,1117903.6,1758830400000,944727.11427,12634,2025-09-25 19:00:00+00:00
1758830400000,0.8424,0.8449,0.8232,0.8277,1360113.6,1758834000000,1128887.3983,11968,2025-09-25 20:00:00+00:00
1758834000000,0.8278,0.8525,0.8266,0.8465,1468493.6,1758837600000,1233567.47563,8853,2025-09-25 21:00:00+00:00
1758837600000,0.8465,0.849,0.83,0.834,1035168.0,1758841200000,870207.62018,5460,2025-09-25 22:00:00+00:00
1758841200000,0.8339,0.8447,0.8255,0.8388,1127636.8,1758844800000,939511.0853,8092,2025-09-25 23:00:00+00:00
1758844800000,0.8389,0.8511,0.8313,0.8472,1197425.2,1758848400000,1007973.96969,10352,2025-09-26 00:00:00+00:00
1758848400000,0.8473,0.8487,0.834,0.8361,1076979.5,1758852000000,906634.81226,11507,2025-09-26 01:00:00+00:00
1758852000000,0.836,0.8471,0.8322,0.8397,535717.9,1758855600000,449647.78113,7874,2025-09-26 02:00:00+00:00
1758855600000,0.8397,0.8454,0.8327,0.8451,631874.0,1758859200000,530541.64573,8340,2025-09-26 03:00:00+00:00
1758859200000,0.845,0.871,0.8398,0.858,2181169.1,1758862800000,1869651.56797,19309,2025-09-26 04:00:00+00:00
1758862800000,0.8581,0.8645,0.8398,0.8407,1159078.9,1758866400000,985655.80254,13350,2025-09-26 05:00:00+00:00
1758866400000,0.8407,0.8446,0.8314,0.8368,1098925.5,1758870000000,919607.9615,10767,2025-09-26 06:00:00+00:00
1758870000000,0.8367,0.8491,0.8351,0.843,994431.6,1758873600000,837140.43874,10154,2025-09-26 07:00:00+00:00
1758873600000,0.8431,0.8552,0.8409,0.8538,955052.3,1758877200000,809122.71039,10009,2025-09-26 08:00:00+00:00
1758877200000,0.8539,0.8583,0.838,0.8459,724854.6,1758880800000,615060.85343,8809,2025-09-26 09:00:00+00:00
1758880800000,0.8459,0.8488,0.8389,0.8439,674964.8,1758884400000,569252.35935,8354,2025-09-26 10:00:00+00:00
1758884400000,0.8439,0.8534,0.8348,0.8349,991039.6,1758888000000,836220.97112,10397,2025-09-26 11:00:00+00:00
1758888000000,0.8348,0.854,0.8115,0.8393,3579571.0,1758891600000,2982267.07005,24693,2025-09-26 12:00:00+00:00
1758891600000,0.8392,0.8493,0.8258,0.845,1852756.4,1758895200000,1549852.12117,15371,2025-09-26 13:00:00+00:00
1758895200000,0.845,0.8486,0.8282,0.8365,1409515.9,1758898800000,1182533.01137,12958,2025-09-26 14:00:00+00:00
1758898800000,0.8365,0.8539,0.8359,0.8524,1051599.3,1758902400000,891096.8626,12844,2025-09-26 15:00:00+00:00
1758902400000,0.8527,0.8692,0.8513,0.867,867665.5,1758906000000,744177.16747,10358,2025-09-26 16:00:00+00:00
1758906000000,0.8669,0.8937,0.8668,0.8753,2282944.8,1758909600000,2013726.11314,19044,2025-09-26 17:00:00+00:00
1758909600000,0.8753,0.8814,0.8633,0.8675,1483570.2,1758913200000,1292540.87185,13339,2025-09-26 18:00:00+00:00
1758913200000,0.8674,0.8694,0.857,0.8644,771860.6,1758916800000,666108.88307,9167,2025-09-26 19:00:00+00:00
1758916800000,0.8643,0.8695,0.8537,0.8575,457557.9,1758920400000,394225.80349,6593,2025-09-26 20:00:00+00:00
1758920400000,0.8575,0.8653,0.8553,0.8653,453678.4,1758924000000,390124.24552,4297,2025-09-26 21:00:00+00:00
1758924000000,0.8652,0.8717,0.8596,0.8611,603902.5,1758927600000,522293.62725,7066,2025-09-26 22:00:00+00:00
1758927600000,0.8611,0.8721,0.8592,0.8692,489804.3,1758931200000,423424.97537,6463,2025-09-26 23:00:00+00:00
1758931200000,0.8692,0.8783,0.8622,0.878,509960.6,1758934800000,443747.00382,6825,2025-09-27 00:00:00+00:00
1758934800000,0.8781,0.8905,0.8683,0.8704,907953.1,1758938400000,798444.99448,10898,2025-09-27 01:00:00+00:00
1758938400000,0.8705,0.8928,0.8676,0.8847,595829.4,1758942000000,523441.39729,9158,2025-09-27 02:00:00+00:00
1758942000000,0.8847,0.898,0.8805,0.8811,1443079.8,1758945600000,1282647.2035,14358,2025-09-27 03:00:00+00:00
1758945600000,0.881,0.8875,0.8725,0.8752,722552.8,1758949200000,635477.52501,10969,2025-09-27 04:00:00+00:00
1758949200000,0.8752,0.8774,0.868,0.8763,541386.9,1758952800000,472079.15299,8027,2025-09-27 05:00:00+00:00
1758952800000,0.8761,0.8865,0.8671,0.8707,577909.7,1758956400000,505651.45196,7474,2025-09-27 06:00:00+00:00
1758956400000,0.8708,0.8727,0.8592,0.8614,619892.2,1758960000000,535976.04013,5817,2025-09-27 07:00:00+00:00
1758960000000,0.8614,0.8614,0.84,0.8403,1109323.4,1758963600000,944847.50541,8226,2025-09-27 08:00:00+00:00
1758963600000,0.8402,0.858,0.8282,0.8574,1816220.0,1758967200000,1527612.97901,13170,2025-09-27 09:00:00+00:00
1758967200000,0.8575,0.8606,0.8411,0.846,1006029.5,1758970800000,856200.63144,9244,2025-09-27 10:00:00+00:00
1758970800000,0.8461,0.8486,0.8391,0.8436,540673.8,1758974400000,455937.14105,5815,2025-09-27 11:00:00+00:00
1758974400000,0.8436,0.8465,0.837,0.8426,692284.7,1758978000000,582731.05018,8070,2025-09-27 12:00:00+00:00
1758978000000,0.8429,0.843,0.8369,0.8382,287537.0,1758981600000,241335.43369,5387,2025-09-27 13:00:00+00:00
1758981600000,0.8381,0.8402,0.8268,0.8311,910093.5,1758985200000,756877.18021,8753,2025-09-27 14:00:00+00:00
1758985200000,0.8312,0.8392,0.817,0.8291,1976669.8,1758988800000,1639380.00141,13842,2025-09-27 15:00:00+00:00
1758988800000,0.8291,0.83,0.8153,0.8184,632245.1,1758992400000,519703.77617,8130,2025-09-27 16:00:00+00:00
1758992400000,0.8185,0.8185,0.8023,0.808,1781563.4,1758996000000,1439320.84558,13120,2025-09-27 17:00:00+00:00
1758996000000,0.8079,0.8109,0.8019,0.8055,459729.5,1758999600000,370403.02657,5826,2025-09-27 18:00:00+00:00
1758999600000,0.8056,0.8076,0.7951,0.7981,796329.3,1759003200000,637714.58994,7749,2025-09-27 19:00:00+00:00
1759003200000,0.7982,0.803,0.7885,0.7919,641045.8,1759006800000,510362.49434,7369,2025-09-27 20:00:00+00:00
1759006800000,0.7918,0.8062,0.7903,0.8034,558558.8,1759010400000,447747.57746,5642,2025-09-27 21:00:00+00:00
1759010400000,0.8034,0.8143,0.8007,0.8015,480231.9,1759014000000,387642.64856,7173,2025-09-27 22:00:00+00:00
1759014000000,0.8015,0.8082,0.793,0.8051,459162.2,1759017600000,367421.44868,6632,2025-09-27 23:00:00+00:00
1759017600000,0.8051,0.8071,0.7944,0.8008,810915.2,1759021200000,648523.66977,8825,2025-09-28 00:00:00+00:00
1759021200000,0.8008,0.8042,0.7927,0.8006,447696.8,1759024800000,357256.16237,6302,2025-09-28 01:00:00+00:00
1759024800000,0.8006,0.8028,0.7939,0.7963,326087.3,1759028400000,260213.49514,4862,2025-09-28 02:00:00+00:00
1759028400000,0.7963,0.7999,0.7793,0.7815,706660.2,1759032000000,555839.36397,6956,2025-09-28 03:00:00+00:00
1759032000000,0.7814,0.7877,0.7651,0.7809,1837025.2,1759035600000,1429186.60557,12844,2025-09-28 04:00:00+00:00
1759035600000,0.7809,0.7876,0.7728,0.7846,841748.4,1759039200000,656188.96615,8876,2025-09-28 05:00:00+00:00
1759039200000,0.7846,0.7859,0.7747,0.7793,617358.6,1759042800000,480892.71562,7172,2025-09-28 06:00:00+00:00
1759042800000,0.7794,0.7806,0.7555,0.7567,1336121.3,1759046400000,1024841.82124,10598,2025-09-28 07:00:00+00:00
1759046400000,0.7566,0.7661,0.7506,0.7581,1345758.0,1759050000000,1021975.92286,11878,2025-09-28 08:00:00+00:00
1759050000000,0.7581,0.7588,0.7431,0.7448,766652.0,1759053600000,575527.8562,8155,2025-09-28 09:00:00+00:00
1759053600000,0.7447,0.757,0.7386,0.7528,1325018.2,1759057200000,989950.29794,11394,2025-09-28 10:00:00+00:00
1759057200000,0.7528,0.7555,0.7405,0.752,1357738.4,1759060800000,1014784.74039,11624,2025-09-28 11:00:00+00:00
1759060800000,0.752,0.7612,0.7457,0.7606,1718472.3,1759064400000,1294669.75716,12557,2025-09-28 12:00:00+00:00
1759064400000,0.7607,0.776,0.7607,0.7735,1395573.1,1759068000000,1072725.76558,12382,2025-09-28 13:00:00+00:00
1759068000000,0.7734,0.7744,0.7658,0.7732,586004.8,1759071600000,451222.95317,7821,2025-09-28 14:00:00+00:00
1759071600000,0.7732,0.776,0.7644,0.7709,970102.5,1759075200000,746110.31621,8228,2025-09-28 15:00:00+00:00
1759075200000,0.7709,0.789,0.7708,0.7791,1387310.9,1759078800000,1085962.6031,11152,2025-09-28 16:00:00+00:00
1759078800000,0.7791,0.7871,0.7747,0.7767,502452.7,1759082400000,392417.69162,6900,2025-09-28 17:00:00+00:00
1759082400000,0.7767,0.7821,0.7754,0.78,248076.6,1759086000000,192915.76049,4267,2025-09-28 18:00:00+00:00
1759086000000,0.7801,0.7838,0.7733,0.7755,464109.0,1759089600000,360455.64714,5135,2025-09-28 19:00:00+00:00
1759089600000,0.7755,0.7838,0.7713,0.7796,448988.0,1759093200000,349612.84443,5347,2025-09-28 20:00:00+00:00
1759093200000,0.7797,0.7871,0.7761,0.7842,553051.8,1759096800000,432613.10382,3273,2025-09-28 21:00:00+00:00
1759096800000,0.7841,0.7991,0.7833,0.7975,1109347.0,1759100400000,879778.09151,9411,2025-09-28 22:00:00+00:00
1759100400000,0.7976,0.7993,0.7872,0.7944,600001.3,1759104000000,475233.92699,5683,2025-09-28 23:00:00+00:00
1759104000000,0.7944,0.808,0.7863,0.7956,661408.6,1759107600000,526566.26013,7837,2025-09-29 00:00:00+00:00
1759107600000,0.7957,0.801,0.7838,0.7847,837349.0,1759111200000,664171.40194,8313,2025-09-29 01:00:00+00:00
1759111200000,0.7847,0.7849,0.7724,0.7754,723913.5,1759114800000,563236.3056,7870,2025-09-29 02:00:00+00:00
1759114800000,0.7754,0.7755,0.7662,0.7693,728514.1,1759118400000,560734.65174,6222,2025-09-29 03:00:00+00:00
1759118400000,0.7693,0.7695,0.7433,0.7451,1040193.9,1759122000000,784711.27358,8857,2025-09-29 04:00:00+00:00
1759122000000,0.7451,0.7464,0.721,0.7355,2898880.6,1759125600000,2119295.81464,19016,2025-09-29 05:00:00+00:00
1759125600000,0.7353,0.7403,0.732,0.734,873740.3,1759129200000,643482.76736,9639,2025-09-29 06:00:00+00:00
1759129200000,0.734,0.7365,0.7246,0.7351,779394.2,1759132800000,569743.05582,8073,2025-09-29 07:00:00+00:00
1759132800000,0.7352,0.7461,0.7282,0.7364,767907.9,1759136400000,564769.52043,9009,2025-09-29 08:00:00+00:00
1759136400000,0.7363,0.7397,0.7181,0.7188,856286.3,1759140000000,622478.03167,9149,2025-09-29 09:00:00+00:00
1759140000000,0.7187,0.7256,0.7131,0.7148,869335.2,1759143600000,626589.76458,9967,2025-09-29 10:00:00+00:00
1759143600000,0.7149,0.7181,0.7038,0.705,1580195.5,1759147200000,1123422.55347,14721,2025-09-29 11:00:00+00:00
1759147200000,0.7051,0.7084,0.6753,0.6775,3621241.4,1759150800000,2500159.53537,24976,2025-09-29 12:00:00+00:00
1759150800000,0.6775,0.7205,0.677,0.7192,2508904.5,1759154400000,1754696.84125,18998,2025-09-29 13:00:00+00:00
1759154400000,0.7192,0.728,0.7157,0.7242,2159930.5,1759158000000,1560910.17194,17620,2025-09-29 14:00:00+00:00
1759158000000,0.724,0.7254,0.701,0.7028,2120056.8,1759161600000,1512107.78795,14248,2025-09-29 15:00:00+00:00
1759161600000,0.7029,0.7108,0.6954,0.697,2204833.8,1759165200000,1547574.2493,15061,2025-09-29 16:00:00+00:00
1759165200000,0.697,0.7245,0.6926,0.7207,1641667.4,1759168800000,1159631.96719,13860,2025-09-29 17:00:00+00:00
1759168800000,0.7206,0.7269,0.715,0.7238,927753.3,1759172400000,669765.56058,11055,2025-09-29 18:00:00+00:00
1759172400000,0.7238,0.7359,0.7219,0.7288,1389770.9,1759176000000,1014755.31885,11192,2025-09-29 19:00:00+00:00
1759176000000,0.7287,0.7474,0.7277,0.7366,1932980.6,1759179600000,1428196.83132,12366,2025-09-29 20:00:00+00:00
1759179600000,0.7367,0.7456,0.7365,0.7406,581225.4,1759183200000,430922.95947,5454,2025-09-29 21:00:00+00:00
1759183200000,0.7407,0.7459,0.7315,0.7335,719197.6,1759186800000,530066.39199,7982,2025-09-29 22:00:00+00:00
1759186800000,0.7336,0.7391,0.7256,0.7338,870839.7,1759190400000,637801.57578,9590,2025-09-29 23:00:00+00:00
1759190400000,0.7338,0.7366,0.7252,0.7262,1109118.2,1759194000000,810627.37659,10227,2025-09-30 00:00:00+00:00
1759194000000,0.7263,0.7444,0.7254,0.7389,1739626.5,1759197600000,1278716.13337,11866,2025-09-30 01:00:00+00:00
1759197600000,0.7391,0.7409,0.7301,0.733,496040.6,1759201200000,365005.97297,6722,2025-09-30 02:00:00+00:00
1759201200000,0.7329,0.7399,0.7281,0.7357,526528.4,1759204800000,386185.77917,7167,2025-09-30 03:00:00+00:00
1759204800000,0.7359,0.7414,0.729,0.7291,642667.3,1759208400000,472385.58953,7323,2025-09-30 04:00:00+00:00
1759208400000,0.729,0.7417,0.7287,0.7316,801680.4,1759212000000,589738.44991,8701,2025-09-30 05:00:00+00:00
1759212000000,0.7316,0.7346,0.7223,0.7245,2932156.3,1759215600000,2131399.45184,23004,2025-09-30 06:00:00+00:00
1759215600000,0.7244,0.7264,0.7124,0.7232,1383020.6,1759219200000,994811.72741,11309,2025-09-30 07:00:00+00:00
1759219200000,0.7232,0.7286,0.7171,0.7171,816788.4,1759222800000,590574.99805,8097,2025-09-30 08:00:00+00:00
1759222800000,0.7172,0.7261,0.7159,0.7235,665973.1,1759226400000,480066.76836,6621,2025-09-30 09:00:00+00:00
1759226400000,0.7234,0.7244,0.7128,0.7131,601541.5,1759230000000,432076.34685,6267,2025-09-30 10:00:00+00:00
1759230000000,0.7131,0.716,0.7043,0.715,780778.0,1759233600000,554476.70967,7754,2025-09-30 11:00:00+00:00
1759233600000,0.7149,0.7465,0.7099,0.7294,2336245.7,1759237200000,1710932.32187,20359,2025-09-30 12:00:00+00:00
1759237200000,0.7295,0.741,0.7152,0.7184,2508220.8,1759240800000,1829619.28543,18130,2025-09-30 13:00:00+00:00
1759240800000,0.7184,0.7268,0.7024,0.7043,2532796.6,1759244400000,1806338.24255,17279,2025-09-30 14:00:00+00:00
1759244400000,0.7043,0.7043,0.6911,0.7007,1856203.6,1759248000000,1293831.81706,14076,2025-09-30 15:00:00+00:00
1759248000000,0.7007,0.7114,0.6999,0.7059,1443951.4,1759251600000,1018746.96562,11778,2025-09-30 16:00:00+00:00
1759251600000,0.706,0.7226,0.695,0.7182,2502701.9,1759255200000,1773014.4839,16621,2025-09-30 17:00:00+00:00
1759255200000,0.7183,0.7237,0.7063,0.7066,2229677.2,1759258800000,1591332.25757,14228,2025-09-30 18:00:00+00:00
1759258800000,0.7066,0.71,0.6991,0.7069,1681810.9,1759262400000,1185421.99993,14381,2025-09-30 19:00:00+00:00
1759262400000,0.707,0.7145,0.7003,0.7107,1330216.6,1759266000000,938384.33588,12130,2025-09-30 20:00:00+00:00
1759266000000,0.7107,0.7167,0.7042,0.7091,766971.1,1759269600000,543834.49498,4953,2025-09-30 21:00:00+00:00
1759269600000,0.7091,0.7126,0.6956,0.6956,685777.5,1759273200000,483657.9064,6122,2025-09-30 22:00:00+00:00
1759273200000,0.6956,0.7157,0.6934,0.7142,1079919.2,1759276800000,760998.29764,8698,2025-09-30 23:00:00+00:00
1759276800000,0.714,0.721,0.7026,0.7207,1385254.0,1759280400000,983326.89563,10947,2025-10-01 00:00:00+00:00
1759280400000,0.7207,0.721,0.7069,0.7106,680268.4,1759284000000,483755.88545,7624,2025-10-01 01:00:00+00:00
1759284000000,0.7108,0.7165,0.7058,0.708,999873.0,1759287600000,712006.33047,7133,2025-10-01 02:00:00+00:00
1759287600000,0.7081,0.7097,0.6822,0.6823,1523632.7,1759291200000,1056070.39932,9659,2025-10-01 03:00:00+00:00
1759291200000,0.6823,1.0303,0.678,0.9464,41827931.1,1759294800000,39440039.30542,285193,2025-10-01 04:00:00+00:00
1759294800000,0.9457,1.02,0.9396,0.9555,20363227.4,1759298400000,19831465.23033,177213,2025-10-01 05:00:00+00:00
1759298400000,0.9554,1.015,0.7363,0.758,36214394.9,1759302000000,31675232.69109,275000,2025-10-01 06:00:00+00:00
1759302000000,0.758,0.7956,0.7508,0.7761,13618059.4,1759305600000,10502551.87376,118437,2025-10-01 07:00:00+00:00
1759305600000,0.7763,0.8733,0.7685,0.8175,16743466.9,1759309200000,13787231.019,115426,2025-10-01 08:00:00+00:00
1759309200000,0.8177,0.8177,0.7724,0.8001,6955286.8,1759312800000,5517708.10812,48964,2025-10-01 09:00:00+00:00
1759312800000,0.8002,0.9347,0.79,0.8727,21574478.4,1759316400000,18822153.33095,174195,2025-10-01 10:00:00+00:00
1759316400000,0.8726,0.9592,0.865,0.9152,16312691.4,1759320000000,14968148.2996,134218,2025-10-01 11:00:00+00:00
1759320000000,0.915,1.015,0.9079,1.0131,14909651.8,1759323600000,14263837.53762,116481,2025-10-01 12:00:00+00:00
1759323600000,1.0132,1.0896,0.9812,1.0062,18306193.1,1759327200000,18916424.97551,197819,2025-10-01 13:00:00+00:00
1759327200000,1.0062,1.0405,0.9929,1.0241,13629290.6,1759330800000,13897591.81479,112935,2025-10-01 14:00:00+00:00
1759330800000,1.0245,1.1164,1.0226,1.0561,13875848.1,1759334400000,14890822.18998,63214,2025-10-01 15:00:00+00:00
1759334400000,1.0566,1.0575,1.0,1.0083,8944517.1,1759338000000,9155372.86905,42098,2025-10-01 16:00:00+00:00
1759338000000,1.0086,1.009,0.9168,0.9183,10730955.1,1759341600000,10303676.09827,48876,2025-10-01 17:00:00+00:00
1759341600000,0.9184,0.9211,0.8826,0.9181,7174986.8,1759345200000,6486357.52176,32045,2025-10-01 18:00:00+00:00
1759345200000,0.9177,0.9177,0.8883,0.8998,3408727.1,1759348800000,3073254.96289,18201,2025-10-01 19:00:00+00:00
1759348800000,0.8994,0.906,0.8348,0.8418,6989188.6,1759352400000,6009314.2558,27877,2025-10-01 20:00:00+00:00
1759352400000,0.8421,0.8891,0.8346,0.8816,4120625.1,1759356000000,3563984.03908,18704,2025-10-01 21:00:00+00:00
1759356000000,0.8817,0.9263,0.8734,0.8764,7369961.4,1759359600000,6637755.76317,34976,2025-10-01 22:00:00+00:00
1759359600000,0.8764,0.8889,0.8621,0.8739,4104906.6,1759363200000,3597159.97576,24414,2025-10-01 23:00:00+00:00
1759363200000,0.8737,0.9119,0.8536,0.879,8293899.2,1759366800000,7286507.97677,32767,2025-10-02 00:00:00+00:00
1759366800000,0.8786,0.8967,0.8658,0.8877,3341792.1,1759370400000,2943504.45527,15552,2025-10-02 01:00:00+00:00
1759370400000,0.8875,0.9533,0.8791,0.9482,5884115.7,1759374000000,5403514.00366,30075,2025-10-02 02:00:00+00:00
1759374000000,0.9482,0.9713,0.8963,0.9004,8457825.5,1759377600000,7928505.51017,43419,2025-10-02 03:00:00+00:00
1759377600000,0.9004,0.92,0.8776,0.882,3815719.8,1759381200000,3432960.79435,18681,2025-10-02 04:00:00+00:00
1759381200000,0.8819,0.906,0.8665,0.8928,3609322.7,1759384800000,3198915.77324,18657,2025-10-02 05:00:00+00:00
1759384800000,0.8926,0.9093,0.8761,0.8951,3762296.7,1759388400000,3351795.66215,15328,2025-10-02 06:00:00+00:00
1759388400000,0.8953,0.9061,0.8822,0.8872,2165281.5,1759392000000,1932284.4311,12359,2025-10-02 07:00:00+00:00
1759392000000,0.8871,0.8922,0.8779,0.8877,1456904.3,1759395600000,1290009.6674,9453,2025-10-02 08:00:00+00:00
1759395600000,0.8878,0.9379,0.8717,0.9228,4355905.8,1759399200000,3954045.76411,24376,2025-10-02 09:00:00+00:00
1759399200000,0.9228,0.925,0.8874,0.8902,2879344.0,1759402800000,2599198.26472,17295,2025-10-02 10:00:00+00:00
1759402800000,0.8904,0.8996,0.875,0.8913,2135740.6,1759406400000,1895089.89959,14033,2025-10-02 11:00:00+00:00
1759406400000,0.8909,0.8942,0.8581,0.8591,2864291.6,1759410000000,2515470.59189,16278,2025-10-02 12:00:00+00:00
1759410000000,0.8589,0.8631,0.8236,0.8293,6295517.4,1759413600000,5337035.11535,28628,2025-10-02 13:00:00+00:00
1759413600000,0.8289,0.8412,0.7996,0.8241,7216620.0,1759417200000,5911017.26673,32247,2025-10-02 14:00:00+00:00
1759417200000,0.8239,0.8372,0.8119,0.8345,3819350.4,1759420800000,3154494.10102,20935,2025-10-02 15:00:00+00:00
1759420800000,0.8344,0.85,0.8237,0.8275,4943555.7,1759424400000,4134789.31493,21078,2025-10-02 16:00:00+00:00
1759424400000,0.8273,0.8302,0.8161,0.8228,2382151.1,1759428000000,1961470.98635,13713,2025-10-02 17:00:00+00:00
1759428000000,0.8223,0.8314,0.8213,0.8311,1789942.5,1759431600000,1481467.96227,10756,2025-10-02 18:00:00+00:00
1759431600000,0.831,0.8388,0.8145,0.8164,2858572.2,1759435200000,2353617.58885,12409,2025-10-02 19:00:00+00:00
1759435200000,0.8165,0.8245,0.8137,0.8219,927265.7,1759438800000,760250.74223,6526,2025-10-02 20:00:00+00:00
1759438800000,0.8223,0.8245,0.815,0.8191,945123.1,1759442400000,773944.46665,5809,2025-10-02 21:00:00+00:00
1759442400000,0.819,0.82,0.8038,0.8146,1428000.1,1759446000000,1158366.94752,9096,2025-10-02 22:00:00+00:00
1759446000000,0.8148,0.8193,0.8044,0.808,857403.1,1759449600000,696403.3516,6793,2025-10-02 23:00:00+00:00
1759449600000,0.8081,0.82,0.7868,0.797,4653904.6,1759453200000,3739798.2924,21951,2025-10-03 00:00:00+00:00
1759453200000,0.7972,0.802,0.7816,0.7868,2287199.6,1759456800000,1810003.35003,11138,2025-10-03 01:00:00+00:00
1759456800000,0.7869,0.7869,0.7702,0.781,2087643.2,1759460400000,1625842.98606,11346,2025-10-03 02:00:00+00:00
1759460400000,0.7808,0.7835,0.7708,0.7737,1183466.4,1759464000000,920413.94958,7882,2025-10-03 03:00:00+00:00
1759464000000,0.7735,0.7864,0.771,0.7863,1117157.7,1759467600000,869977.1773,8076,2025-10-03 04:00:00+00:00
1759467600000,0.7859,0.794,0.7798,0.791,3960043.5,1759471200000,3125680.33441,13154,2025-10-03 05:00:00+00:00
1759471200000,0.7907,0.7987,0.7852,0.7916,2238354.7,1759474800000,1771307.15705,10676,2025-10-03 06:00:00+00:00
1759474800000,0.7917,0.796,0.7897,0.7944,8337168.3,1759478400000,6609379.24297,38873,2025-10-03 07:00:00+00:00
1759478400000,0.7941,0.796,0.7865,0.7895,8633760.7,1759482000000,6823695.82465,51922,2025-10-03 08:00:00+00:00
1759482000000,0.7896,0.886,0.7886,0.8389,27038939.9,1759485600000,22851820.1749,137879,2025-10-03 09:00:00+00:00
1759485600000,0.8389,0.8632,0.8207,0.8338,5443893.8,1759489200000,4572756.08276,25701,2025-10-03 10:00:00+00:00
1759489200000,0.8338,0.844,0.7985,0.8146,4109201.9,1759492800000,3370338.32399,18131,2025-10-03 11:00:00+00:00
1759492800000,0.8142,0.8293,0.8058,0.8227,2184720.7,1759496400000,1781260.21037,11148,2025-10-03 12:00:00+00:00
1759496400000,0.8227,0.8242,0.8089,0.8102,1531186.6,1759500000000,1249595.59242,10849,2025-10-03 13:00:00+00:00
1759500000000,0.8101,0.8232,0.8066,0.8209,1510558.6,1759503600000,1233656.32093,9971,2025-10-03 14:00:00+00:00
1759503600000,0.8211,0.8367,0.8178,0.8348,1903513.4,1759507200000,1575648.52404,13088,2025-10-03 15:00:00+00:00
1759507200000,0.8349,0.8399,0.8219,0.8226,2344646.9,1759510800000,1946440.54823,17072,2025-10-03 16:00:00+00:00
1759510800000,0.8226,0.8278,0.8101,0.8163,2125614.0,1759514400000,1740639.71147,13986,2025-10-03 17:00:00+00:00
1759514400000,0.8165,0.8331,0.813,0.8291,1251555.5,1759518000000,1029990.775,8064,2025-10-03 18:00:00+00:00
1759518000000,0.8292,0.838,0.8264,0.8313,1637953.4,1759521600000,1361465.89996,8444,2025-10-03 19:00:00+00:00
1759521600000,0.8312,0.847,0.8278,0.8443,1792810.8,1759525200000,1503429.18273,10091,2025-10-03 20:00:00+00:00
1759525200000,0.8444,0.8498,0.8383,0.8417,2176422.3,1759528800000,1838034.72831,10497,2025-10-03 21:00:00+00:00
1759528800000,0.8417,0.8436,0.8355,0.8364,1268859.1,1759532400000,1065243.84884,7868,2025-10-03 22:00:00+00:00
1759532400000,0.8363,0.8364,0.8277,0.8303,714261.6,1759536000000,594127.46351,4896,2025-10-03 23:00:00+00:00
1759536000000,0.8302,0.886,0.8285,0.8603,6604721.1,1759539600000,5724189.27142,32855,2025-10-04 00:00:00+00:00
1759539600000,0.8602,0.8816,0.8583,0.8704,3226878.4,1759543200000,2805275.82373,18293,2025-10-04 01:00:00+00:00
1759543200000,0.8704,0.925,0.8643,0.9035,4449269.7,1759546800000,3989600.07315,28491,2025-10-04 02:00:00+00:00
1759546800000,0.9032,0.9504,0.8971,0.9328,6659262.9,1759550400000,6194340.75815,37621,2025-10-04 03:00:00+00:00
1759550400000,0.9328,0.933,0.8843,0.9038,4688174.3,1759554000000,4226844.3833,26484,2025-10-04 04:00:00+00:00
1759554000000,0.9036,0.99,0.9,0.9424,8370388.5,1759557600000,7849500.08885,43954,2025-10-04 05:00:00+00:00
1759557600000,0.9423,0.984,0.9365,0.9755,5975619.2,1759561200000,5753767.69274,34231,2025-10-04 06:00:00+00:00
1759561200000,0.9755,1.0257,0.9645,1.0078,8898930.8,1759564800000,8901335.19101,50577,2025-10-04 07:00:00+00:00
1759564800000,1.0076,1.0485,0.9904,1.0235,15251616.8,1759568400000,15557891.28409,71903,2025-10-04 08:00:00+00:00
1759568400000,1.0235,1.0471,0.9199,0.9319,16663764.9,1759572000000,16293817.51721,70208,2025-10-04 09:00:00+00:00
1759572000000,0.9317,1.0086,0.9295,0.9784,6585317.6,1759575600000,6332469.92436,35858,2025-10-04 10:00:00+00:00
1759575600000,0.9782,1.0055,0.946,0.9637,5290376.3,1759579200000,5116345.56011,27108,2025-10-04 11:00:00+00:00
1759579200000,0.9635,0.9746,0.92,0.9243,3878100.1,1759582800000,3667698.24253,22513,2025-10-04 12:00:00+00:00
1759582800000,0.9244,0.9474,0.9243,0.9345,2517854.5,1759586400000,2357503.81713,16569,2025-10-04 13:00:00+00:00
1759586400000,0.9345,0.946,0.9245,0.9309,2026374.2,1759590000000,1896407.74021,12787,2025-10-04 14:00:00+00:00
1759590000000,0.931,0.9388,0.8941,0.9005,3237728.7,1759593600000,2946732.53263,20591,2025-10-04 15:00:00+00:00
1759593600000,0.9006,0.9114,0.8915,0.9015,1973265.0,1759597200000,1779348.77102,13389,2025-10-04 16:00:00+00:00
1759597200000,0.9014,0.919,0.896,0.912,1824871.0,1759600800000,1660643.52905,11751,2025-10-04 17:00:00+00:00
1759600800000,0.912,0.9308,0.912,0.9237,1786274.0,1759604400000,1647811.65906,11471,2025-10-04 18:00:00+00:00
1759604400000,0.9235,0.9319,0.9111,0.9212,1442980.6,1759608000000,1328269.42099,10063,2025-10-04 19:00:00+00:00
1759608000000,0.9213,0.9294,0.9104,0.9148,1269066.7,1759611600000,1168229.75129,7506,2025-10-04 20:00:00+00:00
1759611600000,0.9145,0.9335,0.912,0.9327,995952.1,1759615200000,916626.94008,5883,2025-10-04 21:00:00+00:00
1759615200000,0.9325,0.9345,0.9205,0.9277,1574263.0,1759618800000,1460169.39946,11010,2025-10-04 22:00:00+00:00
1759618800000,0.9278,0.931,0.9016,0.9099,2141453.4,1759622400000,1965830.83818,10528,2025-10-04 23:00:00+00:00
1759622400000,0.9098,0.9378,0.8884,0.9047,5293295.4,1759626000000,4831639.90159,34045,2025-10-05 00:00:00+00:00
1759626000000,0.9047,0.9153,0.8865,0.9005,2352666.9,1759629600000,2119070.41575,13948,2025-10-05 01:00:00+00:00
1759629600000,0.9,0.9701,0.8995,0.9531,5885728.8,1759633200000,5545340.68211,33679,2025-10-05 02:00:00+00:00
1759633200000,0.9532,0.9643,0.9401,0.9466,1871263.6,1759636800000,1781543.17464,17041,2025-10-05 03:00:00+00:00
1759636800000,0.9465,0.9484,0.9262,0.9332,1687220.3,1759640400000,1578538.59648,11904,2025-10-05 04:00:00+00:00
1759640400000,0.933,0.9446,0.9255,0.942,1149054.9,1759644000000,1073907.59727,9973,2025-10-05 05:00:00+00:00
1759644000000,0.942,0.9426,0.9265,0.9291,1152075.1,1759647600000,1073587.62735,8710,2025-10-05 06:00:00+00:00
1759647600000,0.929,0.9309,0.9177,0.9299,1355876.6,1759651200000,1253150.51913,10032,2025-10-05 07:00:00+00:00
1759651200000,0.9298,0.9799,0.9264,0.9791,4002996.3,1759654800000,3815127.01865,21996,2025-10-05 08:00:00+00:00
1759654800000,0.9788,1.035,0.977,1.0071,10213370.9,1759658400000,10243950.37536,48805,2025-10-05 09:00:00+00:00
1759658400000,1.0076,1.0139,0.9678,0.9814,3241317.7,1759662000000,3202662.42741,21565,2025-10-05 10:00:00+00:00
1759662000000,0.981,0.9821,0.9252,0.9347,4608642.8,1759665600000,4345949.60496,30346,2025-10-05 11:00:00+00:00
1759665600000,0.9346,0.9433,0.9238,0.9284,1838228.9,1759669200000,1713572.83278,13244,2025-10-05 12:00:00+00:00
1759669200000,0.9282,0.9349,0.9144,0.9336,2249748.3,1759672800000,2082190.80668,13662,2025-10-05 13:00:00+00:00
1759672800000,0.9338,0.9386,0.9144,0.9202,1582859.9,1759676400000,1465783.17722,9717,2025-10-05 14:00:00+00:00
1759676400000,0.9198,0.9216,0.901,0.9144,1305356.8,1759680000000,1189513.60618,8879,2025-10-05 15:00:00+00:00
1759680000000,0.9144,0.9153,0.9054,0.9131,1042668.0,1759683600000,949141.27871,7004,2025-10-05 16:00:00+00:00
1759683600000,0.913,0.9143,0.9016,0.9041,736882.8,1759687200000,669765.30343,5619,2025-10-05 17:00:00+00:00
1759687200000,0.9043,0.9146,0.9041,0.9055,579011.1,1759690800000,526178.37862,4850,2025-10-05 18:00:00+00:00
1759690800000,0.9058,0.9094,0.8952,0.902,828103.2,1759694400000,746729.51459,5291,2025-10-05 19:00:00+00:00
1759694400000,0.9021,0.9044,0.8968,0.9004,347994.4,1759698000000,313276.9172,3076,2025-10-05 20:00:00+00:00
1759698000000,0.9,0.9111,0.8967,0.9075,357797.1,1759701600000,322960.41752,3130,2025-10-05 21:00:00+00:00
1759701600000,0.9075,0.9183,0.9008,0.9151,676288.5,1759705200000,615263.02901,5306,2025-10-05 22:00:00+00:00
1759705200000,0.9152,0.9229,0.9091,0.9099,812705.0,1759708800000,745142.15942,4713,2025-10-05 23:00:00+00:00
1759708800000,0.9099,0.9176,0.8908,0.8967,1795237.7,1759712400000,1619845.43642,13122,2025-10-06 00:00:00+00:00
1759712400000,0.8968,0.9121,0.8894,0.9012,1378177.7,1759716000000,1242282.87329,9385,2025-10-06 01:00:00+00:00
1759716000000,0.9011,0.9057,0.8827,0.8889,1036948.9,1759719600000,925822.10347,7892,2025-10-06 02:00:00+00:00
1759719600000,0.8884,0.894,0.8876,0.8905,566923.3,1759723200000,504792.78598,5356,2025-10-06 03:00:00+00:00
1759723200000,0.8905,0.8931,0.8659,0.8695,1320078.1,1759726800000,1157344.26913,8288,2025-10-06 04:00:00+00:00
1759726800000,0.8694,0.8774,0.8673,0.8688,791511.0,1759730400000,690483.95935,5891,2025-10-06 05:00:00+00:00
1759730400000,0.8688,0.8894,0.8685,0.8855,1114717.8,1759734000000,982618.14288,8235,2025-10-06 06:00:00+00:00
1759734000000,0.8857,0.8867,0.8691,0.8736,902190.8,1759737600000,789917.06229,7276,2025-10-06 07:00:00+00:00
1759737600000,0.874,0.8776,0.868,0.8736,761862.7,1759741200000,664526.81333,6107,2025-10-06 08:00:00+00:00
1759741200000,0.8738,0.8749,0.8588,0.8631,814938.7,1759744800000,705606.12542,6638,2025-10-06 09:00:00+00:00
1759744800000,0.8633,0.8646,0.8556,0.8569,817809.5,1759748400000,703201.945,5932,2025-10-06 10:00:00+00:00
1759748400000,0.8569,0.8632,0.8528,0.8565,1021827.5,1759752000000,876695.45088,6158,2025-10-06 11:00:00+00:00
1759752000000,0.8566,0.8686,0.8552,0.8607,1160361.6,1759755600000,999974.50439,6871,2025-10-06 12:00:00+00:00
1759755600000,0.8606,0.8651,0.8567,0.8633,728254.3,1759759200000,627085.00894,7415,2025-10-06 13:00:00+00:00
1759759200000,0.8633,0.874,0.8633,0.8679,1396929.1,1759762800000,1214490.07327,8722,2025-10-06 14:00:00+00:00
1759762800000,0.8681,0.8885,0.8678,0.8861,1348393.4,1759766400000,1183769.67386,10420,2025-10-06 15:00:00+00:00
1759766400000,0.8862,0.8878,0.8738,0.8848,914539.3,1759770000000,805023.50791,6119,2025-10-06 16:00:00+00:00
1759770000000,0.8848,0.886,0.8745,0.8754,537538.3,1759773600000,472881.93683,4762,2025-10-06 17:00:00+00:00
1759773600000,0.8756,0.8818,0.8744,0.8777,672131.7,1759777200000,589370.93613,4494,2025-10-06 18:00:00+00:00
1759777200000,0.8777,0.8808,0.8651,0.8679,889543.4,1759780800000,775117.09963,5400,2025-10-06 19:00:00+00:00
1759780800000,0.8681,0.8837,0.8677,0.8795,1594479.6,1759784400000,1398680.17087,12851,2025-10-06 20:00:00+00:00
1759784400000,0.8795,0.8819,0.8697,0.8762,741740.6,1759788000000,649966.42902,6283,2025-10-06 21:00:00+00:00
1759788000000,0.8763,0.8924,0.8763,0.892,935381.9,1759791600000,828175.77341,5223,2025-10-06 22:00:00+00:00
1759791600000,0.8922,0.8934,0.8778,0.8858,641826.8,1759795200000,567968.00885,4699,2025-10-06 23:00:00+00:00
1759795200000,0.8857,0.8863,0.8585,0.8592,1533082.0,1759798800000,1327620.89429,8702,2025-10-07 00:00:00+00:00
1759798800000,0.8593,0.8657,0.8552,0.8569,653668.8,1759802400000,561768.81549,4770,2025-10-07 01:00:00+00:00
1759802400000,0.8568,0.8574,0.84,0.844,1504439.0,1759806000000,1274206.17217,6348,2025-10-07 02:00:00+00:00
1759806000000,0.8442,0.8644,0.8421,0.857,1767589.2,1759809600000,1512735.14449,6950,2025-10-07 03:00:00+00:00
1759809600000,0.8569,0.862,0.8445,0.8564,1124902.0,1759813200000,960370.46745,5899,2025-10-07 04:00:00+00:00
1759813200000,0.8565,0.8592,0.8513,0.853,598758.7,1759816800000,511817.96211,4242,2025-10-07 05:00:00+00:00
1759816800000,0.8531,0.8551,0.8401,0.8401,838384.0,1759820400000,709239.94919,4952,2025-10-07 06:00:00+00:00
1759820400000,0.84,0.844,0.8292,0.831,992223.5,1759824000000,829034.10695,5819,2025-10-07 07:00:00+00:00
1759824000000,0.831,0.833,0.818,0.8318,1534969.7,1759827600000,1269511.88465,8280,2025-10-07 08:00:00+00:00
1759827600000,0.832,0.8377,0.8262,0.8307,1194197.9,1759831200000,995453.11287,4571,2025-10-07 09:00:00+00:00
1759831200000,0.8306,0.8359,0.8264,0.8313,927061.3,1759834800000,771090.98604,4437,2025-10-07 10:00:00+00:00
1759834800000,0.8313,0.8382,0.828,0.8333,805280.5,1759838400000,670659.33299,5200,2025-10-07 11:00:00+00:00
1759838400000,0.8334,0.8519,0.8323,0.8478,1322303.2,1759842000000,1114193.36538,6755,2025-10-07 12:00:00+00:00
1759842000000,0.8478,0.8494,0.83,0.8364,1351418.1,1759845600000,1133636.7274,8255,2025-10-07 13:00:00+00:00
1759845600000,0.8363,0.84,0.805,0.8062,2457743.9,1759849200000,2009960.25001,14454,2025-10-07 14:00:00+00:00
1759849200000,0.8063,0.8229,0.8025,0.8145,1662267.3,1759852800000,1353708.03606,13017,2025-10-07 15:00:00+00:00
1759852800000,0.8144,0.8184,0.8034,0.8127,1269054.0,1759856400000,1028974.10628,9738,2025-10-07 16:00:00+00:00
1759856400000,0.8128,0.8261,0.8105,0.8143,749144.9,1759860000000,612350.58461,6427,2025-10-07 17:00:00+00:00
1759860000000,0.8143,0.8233,0.8126,0.8145,966767.7,1759863600000,790766.5541,6561,2025-10-07 18:00:00+00:00
1759863600000,0.8145,0.8193,0.8075,0.8122,575349.8,1759867200000,468068.90373,4806,2025-10-07 19:00:00+00:00
1759867200000,0.8122,0.8292,0.8115,0.8235,745789.5,1759870800000,613104.77158,4521,2025-10-07 20:00:00+00:00
1759870800000,0.8236,0.829,0.8171,0.827,741744.3,1759874400000,611082.6925,7323,2025-10-07 21:00:00+00:00
1759874400000,0.8266,0.83,0.8168,0.8212,874677.5,1759878000000,719889.58466,7267,2025-10-07 22:00:00+00:00
1759878000000,0.8214,0.8216,0.8099,0.8111,375475.3,1759881600000,305978.91888,4187,2025-10-07 23:00:00+00:00
1759881600000,0.8109,0.8134,0.7974,0.8008,1435131.5,1759885200000,1155877.32032,8097,2025-10-08 00:00:00+00:00
1759885200000,0.8009,0.8113,0.8009,0.8072,874425.1,1759888800000,705275.35496,7325,2025-10-08 01:00:00+00:00
1759888800000,0.8075,0.8195,0.8067,0.8155,597118.5,1759892400000,486041.7291,5388,2025-10-08 02:00:00+00:00
1759892400000,0.8155,0.8155,0.7913,0.8041,993889.7,1759896000000,795991.55259,7034,2025-10-08 03:00:00+00:00
1759896000000,0.8041,0.8282,0.8038,0.8269,1245232.4,1759899600000,1020321.71598,8701,2025-10-08 04:00:00+00:00
1759899600000,0.8268,0.8404,0.8267,0.8358,1240681.4,1759903200000,1034440.17096,8083,2025-10-08 05:00:00+00:00
1759903200000,0.8355,0.8357,0.8227,0.8267,1038179.4,1759906800000,858906.12876,6899,2025-10-08 06:00:00+00:00
1759906800000,0.8267,0.8294,0.8183,0.824,788065.2,1759910400000,649416.7936,6255,2025-10-08 07:00:00+00:00
1759910400000,0.8239,0.8271,0.8166,0.8207,691428.6,1759914000000,567728.62591,5519,2025-10-08 08:00:00+00:00
1759914000000,0.8202,0.8239,0.8099,0.8193,766993.9,1759917600000,626467.0625,5358,2025-10-08 09:00:00+00:00
1759917600000,0.8194,0.832,0.8191,0.8251,1161007.7,1759921200000,959416.99965,7128,2025-10-08 10:00:00+00:00
1759921200000,0.8251,0.8385,0.8184,0.8196,961076.4,1759924800000,795857.71652,6080,2025-10-08 11:00:00+00:00
1759924800000,0.8193,0.8375,0.8153,0.8331,1346376.5,1759928400000,1114610.44775,6781,2025-10-08 12:00:00+00:00
1759928400000,0.8331,0.8355,0.8257,0.8291,767871.7,1759932000000,638226.63276,5912,2025-10-08 13:00:00+00:00
1759932000000,0.8292,0.8491,0.8278,0.8408,2488760.6,1759935600000,2088204.22581,12543,2025-10-08 14:00:00+00:00
1759935600000,0.8407,0.8489,0.8308,0.8316,962489.0,1759939200000,809807.09084,7257,2025-10-08 15:00:00+00:00
1759939200000,0.8315,0.8404,0.826,0.8342,700176.2,1759942800000,583098.56986,5097,2025-10-08 16:00:00+00:00
1759942800000,0.8342,0.8405,0.8301,0.8333,719441.5,1759946400000,600907.60964,5065,2025-10-08 17:00:00+00:00
1759946400000,0.8333,0.8364,0.8267,0.8303,530239.8,1759950000000,440334.12842,4921,2025-10-08 18:00:00+00:00
1759950000000,0.8303,0.8319,0.8208,0.8269,635307.8,1759953600000,525009.37899,4334,2025-10-08 19:00:00+00:00
1759953600000,0.8266,0.8307,0.8246,0.8271,269359.0,1759957200000,222993.06093,2434,2025-10-08 20:00:00+00:00
1759957200000,0.8271,0.835,0.8254,0.8275,298453.8,1759960800000,247911.33648,2750,2025-10-08 21:00:00+00:00
1759960800000,0.8274,0.8305,0.8206,0.8207,255811.3,1759964400000,210941.06978,2473,2025-10-08 22:00:00+00:00
1759964400000,0.8207,0.826,0.8169,0.8229,240620.7,1759968000000,197527.14967,2894,2025-10-08 23:00:00+00:00
1759968000000,0.823,0.8248,0.8051,0.8056,587052.1,1759971600000,477111.45761,3648,2025-10-09 00:00:00+00:00
1759971600000,0.8054,0.8081,0.7923,0.798,740496.2,1759975200000,592548.0917,4680,2025-10-09 01:00:00+00:00
1759975200000,0.798,0.798,0.7743,0.777,1542150.4,1759978800000,1207194.93666,7069,2025-10-09 02:00:00+00:00
1759978800000,0.7771,0.787,0.7771,0.7791,769114.6,1759982400000,601477.3814,4557,2025-10-09 03:00:00+00:00
1759982400000,0.7793,0.7866,0.7751,0.7863,420804.1,1759986000000,328194.7423,3122,2025-10-09 04:00:00+00:00
1759986000000,0.7861,0.7907,0.7791,0.782,594952.9,1759989600000,466542.99601,3928,2025-10-09 05:00:00+00:00
1759989600000,0.7822,0.7856,0.7733,0.7746,546305.2,1759993200000,425936.48772,3965,2025-10-09 06:00:00+00:00
1759993200000,0.7745,0.7821,0.7645,0.7654,925917.1,1759996800000,715862.1781,4592,2025-10-09 07:00:00+00:00
1759996800000,0.7654,0.7679,0.7471,0.7477,2160469.6,1760000400000,1630754.66757,8236,2025-10-09 08:00:00+00:00
1760000400000,0.7477,0.7623,0.7473,0.7616,1082044.7,1760004000000,816539.8405,4604,2025-10-09 09:00:00+00:00
1760004000000,0.7617,0.7637,0.754,0.76,540990.8,1760007600000,410886.9015,3777,2025-10-09 10:00:00+00:00
1760007600000,0.7599,0.7697,0.7589,0.7616,727744.3,1760011200000,555557.82144,4252,2025-10-09 11:00:00+00:00
1760011200000,0.7614,0.7692,0.7603,0.767,428348.3,1760014800000,327690.25201,3899,2025-10-09 12:00:00+00:00
1760014800000,0.767,0.7673,0.7477,0.748,668590.1,1760018400000,506257.70145,4617,2025-10-09 13:00:00+00:00
1760018400000,0.7477,0.764,0.7446,0.7563,2549631.8,1760022000000,1921282.27859,9369,2025-10-09 14:00:00+00:00
1760022000000,0.7565,0.761,0.746,0.7485,796163.9,1760025600000,601080.50482,5344,2025-10-09 15:00:00+00:00
1760025600000,0.7484,0.7563,0.7442,0.7484,674368.9,1760029200000,505777.79743,4870,2025-10-09 16:00:00+00:00
1760029200000,0.7478,0.7568,0.7476,0.7554,601177.0,1760032800000,451973.35005,4075,2025-10-09 17:00:00+00:00
1760032800000,0.7556,0.7574,0.7463,0.7464,404125.6,1760036400000,303433.16592,2948,2025-10-09 18:00:00+00:00
1760036400000,0.7464,0.7499,0.7453,0.7475,295720.6,1760040000000,220921.00388,2202,2025-10-09 19:00:00+00:00
1760040000000,0.7473,0.7501,0.7419,0.7438,459555.6,1760043600000,342199.89052,2313,2025-10-09 20:00:00+00:00
1760043600000,0.7438,0.7474,0.7373,0.7384,398467.8,1760047200000,295599.33193,2225,2025-10-09 21:00:00+00:00
1760047200000,0.7385,0.7461,0.7376,0.744,483252.8,1760050800000,359310.65861,2066,2025-10-09 22:00:00+00:00
1760050800000,0.7439,0.7464,0.7403,0.7404,179436.7,1760054400000,133530.6891,1413,2025-10-09 23:00:00+00:00
1760054400000,0.7405,0.7795,0.7404,0.772,2569598.0,1760058000000,1964631.77491,11775,2025-10-10 00:00:00+00:00
1760058000000,0.7721,0.7815,0.7588,0.7615,950301.6,1760061600000,731752.98889,6543,2025-10-10 01:00:00+00:00
1760061600000,0.7614,0.7617,0.7494,0.7509,477116.5,1760065200000,360490.08657,3462,2025-10-10 02:00:00+00:00
1760065200000,0.7507,0.7625,0.7467,0.7564,684883.0,1760068800000,517825.53874,4012,2025-10-10 03:00:00+00:00
1760068800000,0.7564,0.7595,0.742,0.743,490589.7,1760072400000,368012.45279,3065,2025-10-10 04:00:00+00:00
1760072400000,0.7431,0.7477,0.74,0.7447,429091.7,1760076000000,318568.43792,3129,2025-10-10 05:00:00+00:00
1760076000000,0.7448,0.7508,0.7245,0.7319,1270570.2,1760079600000,933339.83666,6003,2025-10-10 06:00:00+00:00
1760079600000,0.7321,0.7322,0.7154,0.7159,1428886.2,1760083200000,1037990.06384,5034,2025-10-10 07:00:00+00:00
1760083200000,0.7161,0.7241,0.7161,0.7215,446276.3,1760086800000,321399.53334,3673,2025-10-10 08:00:00+00:00
1760086800000,0.7214,0.7255,0.7144,0.7189,595373.6,1760090400000,428492.26108,3519,2025-10-10 09:00:00+00:00
1760090400000,0.7188,0.7218,0.7141,0.7208,1101993.7,1760094000000,790892.75982,3715,2025-10-10 10:00:00+00:00
1760094000000,0.7209,0.7264,0.719,0.7219,586333.1,1760097600000,423991.78056,3155,2025-10-10 11:00:00+00:00
1760097600000,0.7217,0.7256,0.7198,0.7228,390912.2,1760101200000,282468.19437,2477,2025-10-10 12:00:00+00:00
1760101200000,0.7229,0.7298,0.7187,0.7214,692680.7,1760104800000,501312.05866,3831,2025-10-10 13:00:00+00:00
1760104800000,0.7215,0.7241,0.6987,0.7016,1107786.5,1760108400000,787997.34376,6552,2025-10-10 14:00:00+00:00
1760108400000,0.7014,0.7077,0.6756,0.6886,3814508.0,1760112000000,2651524.87508,15781,2025-10-10 15:00:00+00:00
1760112000000,0.6885,0.6961,0.687,0.69,898057.4,1760115600000,619849.12531,5618,2025-10-10 16:00:00+00:00
1760115600000,0.6898,0.6953,0.6871,0.6901,362295.4,1760119200000,250091.82797,3364,2025-10-10 17:00:00+00:00
1760119200000,0.6902,0.6932,0.6882,0.6892,258578.8,1760122800000,178660.97876,2560,2025-10-10 18:00:00+00:00
1760122800000,0.6891,0.692,0.6778,0.6805,1250904.4,1760126400000,856444.15614,6087,2025-10-10 19:00:00+00:00
1760126400000,0.6805,0.6834,0.6033,0.6142,3224061.7,1760130000000,2098159.43768,11583,2025-10-10 20:00:00+00:00
1760130000000,0.6145,0.6381,0.3211,0.5179,10635398.5,1760133600000,5254838.79122,28929,2025-10-10 21:00:00+00:00
1760133600000,0.5185,0.5259,0.4745,0.5256,4466377.0,1760137200000,2239495.87763,19774,2025-10-10 22:00:00+00:00
1760137200000,0.5253,0.5553,0.5226,0.5318,2194971.8,1760140800000,1182695.02571,11117,2025-10-10 23:00:00+00:00
1760140800000,0.5318,0.537,0.5143,0.5268,2019903.5,1760144400000,1058267.6876,7624,2025-10-11 00:00:00+00:00
1760144400000,0.5265,0.5282,0.5009,0.5035,1525305.8,1760148000000,782827.51346,5417,2025-10-11 01:00:00+00:00
1760148000000,0.5029,0.5446,0.5026,0.5366,1477412.4,1760151600000,783546.46393,5109,2025-10-11 02:00:00+00:00
1760151600000,0.5366,0.54,0.5218,0.5299,1539916.0,1760155200000,814310.47141,5214,2025-10-11 03:00:00+00:00
1760155200000,0.53,0.5512,0.5289,0.5499,809008.7,1760158800000,436321.74621,4207,2025-10-11 04:00:00+00:00
1760158800000,0.55,0.5569,0.5424,0.5508,787553.8,1760162400000,432598.64279,3810,2025-10-11 05:00:00+00:00
1760162400000,0.5509,0.5591,0.5452,0.5477,946291.1,1760166000000,523690.10676,3279,2025-10-11 06:00:00+00:00
1760166000000,0.5478,0.557,0.5465,0.5567,532900.2,1760169600000,294265.65489,3276,2025-10-11 07:00:00+00:00
1760169600000,0.5569,0.5805,0.5515,0.5773,1528870.3,1760173200000,867989.77871,4689,2025-10-11 08:00:00+00:00
1760173200000,0.577,0.5782,0.5638,0.5647,900040.7,1760176800000,513273.4771,2719,2025-10-11 09:00:00+00:00
1760176800000,0.5651,0.5763,0.5646,0.5752,780730.9,1760180400000,446409.06448,2590,2025-10-11 10:00:00+00:00
1760180400000,0.5744,0.5765,0.5608,0.5686,585684.9,1760184000000,332640.88205,2997,2025-10-11 11:00:00+00:00
1760184000000,0.5687,0.573,0.5605,0.5658,708408.3,1760187600000,401724.23644,2888,2025-10-11 12:00:00+00:00
1760187600000,0.5658,0.5733,0.5575,0.5717,798266.3,1760191200000,450815.59442,3053,2025-10-11 13:00:00+00:00
1760191200000,0.5716,0.5716,0.56,0.5664,591698.7,1760194800000,334175.95818,2866,2025-10-11 14:00:00+00:00
1760194800000,0.5663,0.574,0.5624,0.5652,723484.2,1760198400000,410912.09489,2902,2025-10-11 15:00:00+00:00
1760198400000,0.5655,0.5698,0.5564,0.5615,520671.6,1760202000000,293316.07308,2390,2025-10-11 16:00:00+00:00
1760202000000,0.5618,0.5666,0.5569,0.56,282940.8,1760205600000,158854.01239,2007,2025-10-11 17:00:00+00:00
1760205600000,0.5602,0.5617,0.5529,0.5543,338785.6,1760209200000,188626.52426,1769,2025-10-11 18:00:00+00:00
1760209200000,0.5545,0.5545,0.5368,0.5414,808548.8,1760212800000,441249.30478,3850,2025-10-11 19:00:00+00:00
1760212800000,0.5412,0.5429,0.5275,0.5318,1498927.1,1760216400000,799781.50409,5265,2025-10-11 20:00:00+00:00
1760216400000,0.5318,0.5448,0.5174,0.5442,2233883.0,1760220000000,1184488.14611,7195,2025-10-11 21:00:00+00:00
1760220000000,0.5443,0.5477,0.5392,0.541,668767.0,1760223600000,363917.20612,3125,2025-10-11 22:00:00+00:00
1760223600000,0.5412,0.5443,0.5377,0.5442,392162.5,1760227200000,211683.03537,2046,2025-10-11 23:00:00+00:00
1760227200000,0.5443,0.5575,0.5257,0.5276,1767236.8,1760230800000,950653.6979,5783,2025-10-12 00:00:00+00:00
1760230800000,0.5274,0.5328,0.523,0.5243,2770079.2,1760234400000,1458451.05873,6515,2025-10-12 01:00:00+00:00
1760234400000,0.5241,0.5348,0.5218,0.5276,1238087.4,1760238000000,653021.4317,5245,2025-10-12 02:00:00+00:00
1760238000000,0.5276,0.5476,0.5262,0.5381,1172883.0,1760241600000,631849.29843,5553,2025-10-12 03:00:00+00:00
1760241600000,0.5381,0.5495,0.5377,0.5446,729555.8,1760245200000,397564.59345,3001,2025-10-12 04:00:00+00:00
1760245200000,0.5447,0.5538,0.5435,0.5495,456059.1,1760248800000,250206.05137,2343,2025-10-12 05:00:00+00:00
1760248800000,0.5494,0.557,0.5465,0.5465,523380.9,1760252400000,288473.64948,2312,2025-10-12 06:00:00+00:00
1760252400000,0.5465,0.5484,0.543,0.547,615463.0,1760256000000,335599.11141,2385,2025-10-12 07:00:00+00:00
1760256000000,0.5471,0.5473,0.54,0.5408,798488.9,1760259600000,434302.95009,3060,2025-10-12 08:00:00+00:00
1760259600000,0.5409,0.5464,0.5351,0.5463,521013.7,1760263200000,281338.24085,2243,2025-10-12 09:00:00+00:00
1760263200000,0.5463,0.5486,0.5421,0.5448,397242.1,1760266800000,216334.06137,1981,2025-10-12 10:00:00+00:00
1760266800000,0.5446,0.5471,0.5403,0.5428,249425.2,1760270400000,135681.5315,1494,2025-10-12 11:00:00+00:00
1760270400000,0.5427,0.5487,0.5417,0.5443,452583.9,1760274000000,247005.43537,2446,2025-10-12 12:00:00+00:00
1760274000000,0.5443,0.5456,0.5303,0.5318,804155.1,1760277600000,432833.82229,3035,2025-10-12 13:00:00+00:00
1760277600000,0.532,0.5597,0.5307,0.5521,1691321.0,1760281200000,923071.75169,7182,2025-10-12 14:00:00+00:00
1760281200000,0.5525,0.5781,0.5514,0.5721,2031091.5,1760284800000,1152523.07226,10431,2025-10-12 15:00:00+00:00
1760284800000,0.5723,0.6061,0.5723,0.5998,1639265.8,1760288400000,969289.42003,8465,2025-10-12 16:00:00+00:00
1760288400000,0.5997,0.6106,0.5944,0.5988,1219873.3,1760292000000,734543.52966,5594,2025-10-12 17:00:00+00:00
1760292000000,0.5992,0.6029,0.588,0.5924,737751.2,1760295600000,439489.15701,3210,2025-10-12 18:00:00+00:00
1760295600000,0.592,0.605,0.5903,0.6024,627463.6,1760299200000,375952.90456,2649,2025-10-12 19:00:00+00:00
1760299200000,0.6024,0.6058,0.5991,0.6043,711575.6,1760302800000,428938.79745,2825,2025-10-12 20:00:00+00:00
1760302800000,0.6045,0.6087,0.5938,0.6037,660018.5,1760306400000,397153.78393,3203,2025-10-12 21:00:00+00:00
1760306400000,0.6039,0.6074,0.5984,0.601,528872.8,1760310000000,318532.76659,2284,2025-10-12 22:00:00+00:00
1760310000000,0.6008,0.6038,0.5975,0.6002,268230.8,1760313600000,161112.40409,1508,2025-10-12 23:00:00+00:00
1760313600000,0.6,0.6036,0.5903,0.5936,457181.4,1760317200000,272576.74299,2570,2025-10-13 00:00:00+00:00
1760317200000,0.5935,0.6047,0.5913,0.6022,612836.7,1760320800000,367782.93826,2264,2025-10-13 01:00:00+00:00
1760320800000,0.6022,0.6056,0.595,0.6041,458691.9,1760324400000,274978.43693,1847,2025-10-13 02:00:00+00:00
1760324400000,0.6043,0.6066,0.5942,0.5944,521732.8,1760328000000,313473.28525,2274,2025-10-13 03:00:00+00:00
1760328000000,0.5948,0.6014,0.5938,0.6003,378461.7,1760331600000,225914.89086,1599,2025-10-13 04:00:00+00:00
1760331600000,0.6004,0.603,0.5949,0.5951,581497.8,1760335200000,348151.65254,1767,2025-10-13 05:00:00+00:00
1760335200000,0.595,0.6049,0.5918,0.604,436195.8,1760338800000,261140.86675,1996,2025-10-13 06:00:00+00:00
1760338800000,0.6042,0.6196,0.5992,0.6116,1230843.9,1760342400000,751855.64603,4083,2025-10-13 07:00:00+00:00
1760342400000,0.6114,0.6192,0.6075,0.6156,792639.7,1760346000000,486783.84919,2871,2025-10-13 08:00:00+00:00
1760346000000,0.6156,0.6188,0.6065,0.6174,639435.9,1760349600000,391051.76493,2562,2025-10-13 09:00:00+00:00
1760349600000,0.617,0.6257,0.6147,0.6213,941299.5,1760353200000,584366.82467,3419,2025-10-13 10:00:00+00:00
1760353200000,0.6209,0.6212,0.595,0.5962,1786212.3,1760356800000,1082065.41672,5385,2025-10-13 11:00:00+00:00
1760356800000,0.5961,0.6041,0.5921,0.5935,1212475.5,1760360400000,724134.45038,4005,2025-10-13 12:00:00+00:00
1760360400000,0.5935,0.6137,0.5884,0.6052,2228498.7,1760364000000,1338647.27628,7031,2025-10-13 13:00:00+00:00
1760364000000,0.6051,0.6081,0.5831,0.5855,1209777.6,1760367600000,716615.66801,5122,2025-10-13 14:00:00+00:00
1760367600000,0.5856,0.5989,0.5853,0.5927,769610.3,1760371200000,455552.37902,2956,2025-10-13 15:00:00+00:00
1760371200000,0.5929,0.6008,0.5841,0.5921,801361.6,1760374800000,474252.07105,3034,2025-10-13 16:00:00+00:00
1760374800000,0.5921,0.6023,0.5844,0.6019,849246.1,1760378400000,503098.51142,2953,2025-10-13 17:00:00+00:00
1760378400000,0.6016,0.6072,0.595,0.5989,630878.6,1760382000000,378786.18716,2663,2025-10-13 18:00:00+00:00
1760382000000,0.5987,0.6042,0.5973,0.602,514559.2,1760385600000,308984.35529,1792,2025-10-13 19:00:00+00:00
1760385600000,0.6023,0.6075,0.5964,0.6075,464011.7,1760389200000,278977.2418,1579,2025-10-13 20:00:00+00:00
1760389200000,0.6075,0.6118,0.6024,0.6029,395683.4,1760392800000,240332.04164,1363,2025-10-13 21:00:00+00:00
1760392800000,0.6026,0.6087,0.6006,0.6068,266586.3,1760396400000,161050.89861,1092,2025-10-13 22:00:00+00:00
1760396400000,0.6066,0.6137,0.6049,0.6102,278387.1,1760400000000,169850.57566,1234,2025-10-13 23:00:00+00:00
1760400000000,0.6104,0.6115,0.6014,0.6028,324449.7,1760403600000,196798.86406,1466,2025-10-14 00:00:00+00:00
1760403600000,0.6025,0.6052,0.5958,0.5984,467206.7,1760407200000,280324.62757,1581,2025-10-14 01:00:00+00:00
1760407200000,0.5982,0.5982,0.5839,0.5858,948779.0,1760410800000,558683.33942,3230,2025-10-14 02:00:00+00:00
1760410800000,0.5855,0.5865,0.5757,0.5843,791922.3,1760414400000,460134.80126,3257,2025-10-14 03:00:00+00:00
1760414400000,0.5844,0.587,0.5694,0.5736,753629.8,1760418000000,433706.58146,3631,2025-10-14 04:00:00+00:00
1760418000000,0.5739,0.5775,0.5622,0.5636,709576.5,1760421600000,403835.35183,3754,2025-10-14 05:00:00+00:00
1760421600000,0.5636,0.566,0.5346,0.5443,1892507.0,1760425200000,1037720.39515,7179,2025-10-14 06:00:00+00:00
1760425200000,0.5442,0.5535,0.5373,0.5398,2103954.0,1760428800000,1149711.62336,4995,2025-10-14 07:00:00+00:00
1760428800000,0.5397,0.5478,0.5334,0.5442,1372223.0,1760432400000,741787.32769,4281,2025-10-14 08:00:00+00:00
1760432400000,0.5439,0.5503,0.5412,0.542,874926.4,1760436000000,477693.93964,2804,2025-10-14 09:00:00+00:00
1760436000000,0.5416,0.5435,0.5264,0.5377,1290397.3,1760439600000,689253.89619,4564,2025-10-14 10:00:00+00:00
1760439600000,0.5378,0.5505,0.5369,0.5446,744325.8,1760443200000,404874.26765,3067,2025-10-14 11:00:00+00:00
1760443200000,0.5446,0.5465,0.5354,0.5373,608370.5,1760446800000,328854.04173,2660,2025-10-14 12:00:00+00:00
1760446800000,0.5372,0.5548,0.5351,0.5514,1178015.1,1760450400000,640802.95728,4652,2025-10-14 13:00:00+00:00
1760450400000,0.5511,0.5588,0.544,0.5473,1218672.2,1760454000000,672007.76082,5237,2025-10-14 14:00:00+00:00
1760454000000,0.5475,0.5626,0.5446,0.5622,1316812.8,1760457600000,726885.68153,4263,2025-10-14 15:00:00+00:00
1760457600000,0.5625,0.5722,0.5538,0.563,1782582.3,1760461200000,1005783.28333,6019,2025-10-14 16:00:00+00:00
1760461200000,0.5632,0.5754,0.5562,0.5703,905911.6,1760464800000,515089.75424,3920,2025-10-14 17:00:00+00:00
1760464800000,0.5705,0.5803,0.5697,0.5721,547256.9,1760468400000,315157.06616,2513,2025-10-14 18:00:00+00:00
1760468400000,0.5729,0.5834,0.5662,0.5729,1090413.2,1760472000000,626973.73308,4490,2025-10-14 19:00:00+00:00
1760472000000,0.5728,0.5767,0.5698,0.575,303532.0,1760475600000,173984.1199,1832,2025-10-14 20:00:00+00:00
1760475600000,0.5749,0.5757,0.5668,0.5719,592378.2,1760479200000,337749.89111,1708,2025-10-14 21:00:00+00:00
1760479200000,0.5719,0.579,0.5713,0.574,268317.0,1760482800000,154384.81338,1207,2025-10-14 22:00:00+00:00
1760482800000,0.5737,0.5793,0.5723,0.573,159635.5,1760486400000,91904.82541,857,2025-10-14 23:00:00+00:00
1760486400000,0.5732,0.5743,0.5668,0.5709,391638.3,1760490000000,223445.31663,1797,2025-10-15 00:00:00+00:00
1760490000000,0.5708,0.5754,0.565,0.5737,453811.6,1760493600000,258562.51022,1799,2025-10-15 01:00:00+00:00
1760493600000,0.5735,0.5819,0.5725,0.5758,339675.1,1760497200000,196032.70898,1608,2025-10-15 02:00:00+00:00
1760497200000,0.5757,0.5779,0.5659,0.5699,382128.2,1760500800000,218350.0933,1635,2025-10-15 03:00:00+00:00
1760500800000,0.5703,0.5773,0.5681,0.5768,279518.3,1760504400000,159857.4718,1420,2025-10-15 04:00:00+00:00
1760504400000,0.577,0.5801,0.5701,0.5711,315674.8,1760508000000,181422.24975,1502,2025-10-15 05:00:00+00:00
1760508000000,0.5714,0.5746,0.5639,0.5719,702945.8,1760511600000,399589.56472,2757,2025-10-15 06:00:00+00:00
1760511600000,0.5721,0.5748,0.5666,0.5716,447045.1,1760515200000,254898.82228,1733,2025-10-15 07:00:00+00:00
1760515200000,0.5716,0.587,0.5702,0.5765,677026.3,1760518800000,392679.37861,2995,2025-10-15 08:00:00+00:00
1760518800000,0.5766,0.5767,0.5681,0.5701,919087.0,1760522400000,525248.02034,3375,2025-10-15 09:00:00+00:00
1760522400000,0.57,0.5711,0.5629,0.5659,427509.2,1760526000000,242281.12736,1773,2025-10-15 10:00:00+00:00
1760526000000,0.5657,0.5674,0.5571,0.5583,476557.7,1760529600000,267203.69509,2153,2025-10-15 11:00:00+00:00
1760529600000,0.5583,0.5604,0.5526,0.5567,298877.2,1760533200000,166180.05813,2060,2025-10-15 12:00:00+00:00
1760533200000,0.5567,0.5616,0.5472,0.5609,1296715.7,1760536800000,719870.90588,4869,2025-10-15 13:00:00+00:00
1760536800000,0.5611,0.5728,0.5543,0.5571,914799.1,1760540400000,516837.73858,4461,2025-10-15 14:00:00+00:00
1760540400000,0.5573,0.5633,0.5491,0.5548,652484.4,1760544000000,361820.80296,3946,2025-10-15 15:00:00+00:00
1760544000000,0.5549,0.5606,0.549,0.5538,649927.1,1760547600000,360117.01647,3651,2025-10-15 16:00:00+00:00
1760547600000,0.5536,0.5626,0.5473,0.5626,699168.6,1760551200000,387481.06107,3069,2025-10-15 17:00:00+00:00
1760551200000,0.5624,0.5648,0.5541,0.5587,477713.2,1760554800000,266242.60878,2302,2025-10-15 18:00:00+00:00
1760554800000,0.5587,0.5593,0.5509,0.5534,339694.8,1760558400000,188567.72587,1657,2025-10-15 19:00:00+00:00
1760558400000,0.5534,0.5583,0.5436,0.5504,669311.2,1760562000000,369631.83444,2668,2025-10-15 20:00:00+00:00
1760562000000,0.5503,0.5561,0.5447,0.5461,301197.2,1760565600000,165744.37727,1316,2025-10-15 21:00:00+00:00
1760565600000,0.546,0.5529,0.5427,0.5436,212636.1,1760569200000,116521.69782,920,2025-10-15 22:00:00+00:00
1760569200000,0.5434,0.5489,0.542,0.5482,434187.2,1760572800000,236839.39016,1418,2025-10-15 23:00:00+00:00
1760572800000,0.5484,0.5488,0.539,0.5408,473521.8,1760576400000,256657.0922,1909,2025-10-16 00:00:00+00:00
1760576400000,0.5408,0.5507,0.5405,0.5491,233889.5,1760580000000,127646.82712,1348,2025-10-16 01:00:00+00:00
1760580000000,0.5494,0.5524,0.5444,0.5523,224864.7,1760583600000,123502.09611,1315,2025-10-16 02:00:00+00:00
1760583600000,0.5523,0.5543,0.5466,0.547,323477.5,1760587200000,178047.51375,1407,2025-10-16 03:00:00+00:00
1760587200000,0.5469,0.5497,0.5393,0.5393,543627.4,1760590800000,297000.32405,1339,2025-10-16 04:00:00+00:00
1760590800000,0.5393,0.5452,0.5373,0.5397,383763.3,1760594400000,207248.99665,1878,2025-10-16 05:00:00+00:00
1760594400000,0.5397,0.5507,0.5388,0.5495,384278.0,1760598000000,209727.85235,1876,2025-10-16 06:00:00+00:00
1760598000000,0.5496,0.5503,0.5398,0.5424,346523.7,1760601600000,188271.55966,1729,2025-10-16 07:00:00+00:00
1760601600000,0.5429,0.5444,0.5312,0.5333,686431.9,1760605200000,368197.53337,1871,2025-10-16 08:00:00+00:00
1760605200000,0.5332,0.5397,0.5061,0.5352,3386202.1,1760608800000,1771930.86498,10149,2025-10-16 09:00:00+00:00
1760608800000,0.5351,0.545,0.5351,0.5382,655992.1,1760612400000,353824.88057,3072,2025-10-16 10:00:00+00:00
1760612400000,0.5381,0.541,0.5332,0.5404,509845.5,1760616000000,273957.82803,2123,2025-10-16 11:00:00+00:00
1760616000000,0.5405,0.551,0.5394,0.5471,1126433.1,1760619600000,615014.35162,3949,2025-10-16 12:00:00+00:00
1760619600000,0.547,0.5499,0.5344,0.5365,849314.1,1760623200000,459017.4383,3148,2025-10-16 13:00:00+00:00
1760623200000,0.5365,0.5459,0.526,0.5349,1320022.5,1760626800000,703881.52417,5809,2025-10-16 14:00:00+00:00
1760626800000,0.5349,0.5363,0.509,0.5098,2465958.9,1760630400000,1286850.2322,7834,2025-10-16 15:00:00+00:00
1760630400000,0.5098,0.5244,0.5009,0.5243,2973749.9,1760634000000,1513658.91494,9065,2025-10-16 16:00:00+00:00
1760634000000,0.5244,0.5245,0.508,0.5102,862688.4,1760637600000,444039.15875,3751,2025-10-16 17:00:00+00:00
1760637600000,0.5101,0.511,0.5013,0.507,867823.7,1760641200000,439108.49048,3608,2025-10-16 18:00:00+00:00
1760641200000,0.507,0.5088,0.4962,0.5025,1149468.8,1760644800000,576135.88927,5073,2025-10-16 19:00:00+00:00
1760644800000,0.5027,0.5054,0.4944,0.5003,656812.8,1760648400000,328116.72581,3184,2025-10-16 20:00:00+00:00
1760648400000,0.5004,0.5056,0.4964,0.5053,479287.3,1760652000000,240369.07816,1855,2025-10-16 21:00:00+00:00
1760652000000,0.5055,0.5061,0.4988,0.4991,322830.5,1760655600000,162477.74441,1087,2025-10-16 22:00:00+00:00
1760655600000,0.499,0.5078,0.498,0.5078,346874.4,1760659200000,174335.98836,1368,2025-10-16 23:00:00+00:00
1760659200000,0.5077,0.5138,0.5051,0.5132,277135.3,1760662800000,141019.61407,1337,2025-10-17 00:00:00+00:00
1760662800000,0.5133,0.5195,0.5119,0.5138,419515.5,1760666400000,216638.33094,1558,2025-10-17 01:00:00+00:00
1760666400000,0.5139,0.5154,0.5093,0.5146,216443.1,1760670000000,110802.7372,1184,2025-10-17 02:00:00+00:00
1760670000000,0.5145,0.5227,0.5134,0.5216,271156.8,1760673600000,140214.49879,1307,2025-10-17 03:00:00+00:00
1760673600000,0.5219,0.5358,0.5209,0.5245,1229702.1,1760677200000,649932.99493,3899,2025-10-17 04:00:00+00:00
1760677200000,0.5244,0.5252,0.5176,0.518,456886.2,1760680800000,238226.63079,1710,2025-10-17 05:00:00+00:00
1760680800000,0.518,0.5222,0.4943,0.4983,1457230.9,1760684400000,738201.58219,5296,2025-10-17 06:00:00+00:00
1760684400000,0.498,0.4987,0.481,0.4833,1849165.5,1760688000000,904673.9933,6676,2025-10-17 07:00:00+00:00
1760688000000,0.4836,0.4872,0.4745,0.4782,1187656.9,1760691600000,570998.32514,4005,2025-10-17 08:00:00+00:00
1760691600000,0.4781,0.4966,0.477,0.4883,995238.5,1760695200000,485782.15199,3068,2025-10-17 09:00:00+00:00
1760695200000,0.4884,0.4894,0.4777,0.4868,1203908.7,1760698800000,581961.24559,4651,2025-10-17 10:00:00+00:00
1760698800000,0.4868,0.5153,0.4865,0.5101,2393053.6,1760702400000,1210559.9328,6540,2025-10-17 11:00:00+00:00
1760702400000,0.5101,0.512,0.5032,0.5062,707847.1,1760706000000,358902.58966,2288,2025-10-17 12:00:00+00:00
1760706000000,0.5064,0.5201,0.5015,0.5175,1437833.1,1760709600000,734306.81605,3943,2025-10-17 13:00:00+00:00
1760709600000,0.5173,0.5173,0.4985,0.5069,1310945.1,1760713200000,663728.70895,3837,2025-10-17 14:00:00+00:00
1760713200000,0.5071,0.5165,0.5026,0.5153,972282.1,1760716800000,494245.08736,2648,2025-10-17 15:00:00+00:00
1760716800000,0.5156,0.5264,0.5075,0.5098,2049023.2,1760720400000,1058799.19094,4509,2025-10-17 16:00:00+00:00
1760720400000,0.51,0.514,0.5073,0.5114,427644.8,1760724000000,218246.48099,1602,2025-10-17 17:00:00+00:00
1760724000000,0.5115,0.5191,0.5109,0.5167,606450.6,1760727600000,312248.48912,1942,2025-10-17 18:00:00+00:00
1760727600000,0.5168,0.5194,0.5097,0.5146,691558.5,1760731200000,356489.43995,1898,2025-10-17 19:00:00+00:00
1760731200000,0.5148,0.523,0.5124,0.5165,446187.4,1760734800000,231244.15476,1263,2025-10-17 20:00:00+00:00
1760734800000,0.5164,0.5207,0.5152,0.5204,402319.7,1760738400000,208599.66654,1532,2025-10-17 21:00:00+00:00
1760738400000,0.5205,0.522,0.5162,0.5202,430235.6,1760742000000,223135.29347,1276,2025-10-17 22:00:00+00:00
1760742000000,0.5202,0.5203,0.5123,0.5135,230870.0,1760745600000,118933.57274,768,2025-10-17 23:00:00+00:00
1760745600000,0.5135,0.5135,0.5062,0.5064,526446.5,1760749200000,268582.92634,1390,2025-10-18 00:00:00+00:00
1760749200000,0.5064,0.5131,0.5064,0.5125,242986.0,1760752800000,124065.19744,1017,2025-10-18 01:00:00+00:00
1760752800000,0.5124,0.5161,0.5081,0.5088,355827.1,1760756400000,182300.82515,1199,2025-10-18 02:00:00+00:00
1760756400000,0.5092,0.5113,0.5067,0.5073,171354.3,1760760000000,87172.17678,830,2025-10-18 03:00:00+00:00
1760760000000,0.5072,0.5072,0.4992,0.4992,544900.3,1760763600000,273682.08362,1736,2025-10-18 04:00:00+00:00
1760763600000,0.4994,0.5035,0.4963,0.5035,527168.4,1760767200000,263164.33947,1696,2025-10-18 05:00:00+00:00
1760767200000,0.5034,0.5087,0.503,0.5083,408954.9,1760770800000,206870.11046,1290,2025-10-18 06:00:00+00:00
1760770800000,0.5085,0.518,0.5063,0.5078,739412.0,1760774400000,378805.35796,2696,2025-10-18 07:00:00+00:00
1760774400000,0.5079,0.5107,0.505,0.5073,430610.5,1760778000000,218468.28269,1445,2025-10-18 08:00:00+00:00
1760778000000,0.5072,0.5136,0.5064,0.5121,454025.8,1760781600000,231318.15884,1350,2025-10-18 09:00:00+00:00
1760781600000,0.5121,0.515,0.5081,0.5101,412898.7,1760785200000,211519.07595,1276,2025-10-18 10:00:00+00:00
1760785200000,0.5099,0.5128,0.5079,0.5108,329089.9,1760788800000,167881.39632,1091,2025-10-18 11:00:00+00:00
1760788800000,0.5109,0.5137,0.5071,0.5071,390257.1,1760792400000,198985.24228,1610,2025-10-18 12:00:00+00:00
1760792400000,0.5071,0.5071,0.4988,0.5003,324811.1,1760796000000,163317.62561,1528,2025-10-18 13:00:00+00:00
1760796000000,0.5002,0.5045,0.4937,0.5014,542429.2,1760799600000,270323.85615,2274,2025-10-18 14:00:00+00:00
1760799600000,0.5014,0.5037,0.4941,0.4961,288358.2,1760803200000,143565.14562,1503,2025-10-18 15:00:00+00:00
1760803200000,0.4961,0.4974,0.4864,0.4922,482602.6,1760806800000,236432.81259,1835,2025-10-18 16:00:00+00:00
1760806800000,0.4922,0.5045,0.4902,0.5037,298120.6,1760810400000,148387.96594,1550,2025-10-18 17:00:00+00:00
1760810400000,0.5037,0.5054,0.4974,0.4986,360805.2,1760814000000,180568.13707,1326,2025-10-18 18:00:00+00:00
1760814000000,0.4984,0.5059,0.4967,0.5013,560435.9,1760817600000,280943.80809,1955,2025-10-18 19:00:00+00:00
1760817600000,0.5014,0.5057,0.5003,0.5004,293363.1,1760821200000,147538.85555,1191,2025-10-18 20:00:00+00:00
1760821200000,0.5005,0.5027,0.497,0.5014,225300.5,1760824800000,112619.25042,837,2025-10-18 21:00:00+00:00
1760824800000,0.5013,0.5026,0.4981,0.4991,289117.4,1760828400000,144689.57481,1036,2025-10-18 22:00:00+00:00
1760828400000,0.4991,0.5019,0.4971,0.5018,168774.7,1760832000000,84296.80606,730,2025-10-18 23:00:00+00:00
1760832000000,0.5018,0.5019,0.4935,0.4962,399112.8,1760835600000,198371.96768,1923,2025-10-19 00:00:00+00:00
1760835600000,0.4962,0.5013,0.494,0.5004,250469.6,1760839200000,124775.94525,1455,2025-10-19 01:00:00+00:00
1760839200000,0.5005,0.5007,0.4962,0.4974,195461.5,1760842800000,97430.56315,1310,2025-10-19 02:00:00+00:00
1760842800000,0.4973,0.5055,0.4963,0.5051,181603.3,1760846400000,91041.39722,1592,2025-10-19 03:00:00+00:00
1760846400000,0.5053,0.5057,0.5001,0.5026,377303.0,1760850000000,189691.19416,2057,2025-10-19 04:00:00+00:00
1760850000000,0.5027,0.5094,0.5018,0.5021,211931.1,1760853600000,106928.78531,1421,2025-10-19 05:00:00+00:00
1760853600000,0.5022,0.5033,0.4949,0.4962,418588.9,1760857200000,209208.73472,1634,2025-10-19 06:00:00+00:00
1760857200000,0.496,0.5005,0.4942,0.4956,247671.2,1760860800000,122927.6323,1082,2025-10-19 07:00:00+00:00
1760860800000,0.4956,0.5062,0.4944,0.4957,603431.0,1760864400000,301313.31619,2921,2025-10-19 08:00:00+00:00
1760864400000,0.4956,0.5121,0.4899,0.5062,1260532.1,1760868000000,633375.38808,4615,2025-10-19 09:00:00+00:00
1760868000000,0.5065,0.5157,0.5023,0.5134,627625.2,1760871600000,319857.73187,2765,2025-10-19 10:00:00+00:00
1760871600000,0.5134,0.5205,0.511,0.5114,625830.1,1760875200000,322562.02608,2274,2025-10-19 11:00:00+00:00
1760875200000,0.5113,0.5124,0.5038,0.5091,739351.4,1760878800000,375170.129,2578,2025-10-19 12:00:00+00:00
1760878800000,0.5089,0.524,0.5085,0.5218,645578.7,1760882400000,332915.33296,2380,2025-10-19 13:00:00+00:00
1760882400000,0.522,0.5229,0.516,0.5194,606581.4,1760886000000,315012.53751,2399,2025-10-19 14:00:00+00:00
1760886000000,0.5194,0.5204,0.5142,0.5185,359406.9,1760889600000,185886.41968,1567,2025-10-19 15:00:00+00:00
1760889600000,0.5185,0.5186,0.5119,0.5145,286895.5,1760893200000,147767.18595,1270,2025-10-19 16:00:00+00:00
1760893200000,0.5146,0.5211,0.5119,0.5123,409418.9,1760896800000,211882.52589,1767,2025-10-19 17:00:00+00:00
1760896800000,0.5124,0.5141,0.5116,0.5133,219920.9,1760900400000,112766.77612,863,2025-10-19 18:00:00+00:00
1760900400000,0.5131,0.5149,0.5106,0.5147,121240.3,1760904000000,62112.70671,727,2025-10-19 19:00:00+00:00
1760904000000,0.5143,0.5152,0.5114,0.5143,172387.2,1760907600000,88510.64752,771,2025-10-19 20:00:00+00:00
1760907600000,0.5142,0.5146,0.5071,0.5098,204870.0,1760911200000,104516.66714,734,2025-10-19 21:00:00+00:00
1760911200000,0.5098,0.5147,0.5093,0.5122,388326.3,1760914800000,199072.4215,1482,2025-10-19 22:00:00+00:00
1760914800000,0.5122,0.5122,0.5061,0.5064,146333.1,1760918400000,74403.82736,831,2025-10-19 23:00:00+00:00
1760918400000,0.5064,0.5064,0.491,0.4989,763362.3,1760922000000,380462.8927,4342,2025-10-20 00:00:00+00:00
1760922000000,0.499,0.5043,0.497,0.4994,317976.8,1760925600000,159380.35673,2147,2025-10-20 01:00:00+00:00
1760925600000,0.4993,0.5089,0.4946,0.5059,504933.4,1760929200000,254105.20872,2817,2025-10-20 02:00:00+00:00
1760929200000,0.5061,0.538,0.5061,0.5321,1235991.5,1760932800000,643874.41581,5299,2025-10-20 03:00:00+00:00
1760932800000,0.5322,0.536,0.5242,0.5313,1281845.7,1760936400000,679195.05991,5838,2025-10-20 04:00:00+00:00
1760936400000,0.5313,0.5393,0.5283,0.5306,959691.6,1760940000000,511258.27177,3801,2025-10-20 05:00:00+00:00
1760940000000,0.5306,0.535,0.5298,0.531,720731.0,1760943600000,383557.4241,3245,2025-10-20 06:00:00+00:00
1760943600000,0.531,0.5352,0.5285,0.5339,457029.7,1760947200000,243217.6395,1712,2025-10-20 07:00:00+00:00
1760947200000,0.534,0.5343,0.5258,0.5269,853759.4,1760950800000,453261.55888,2462,2025-10-20 08:00:00+00:00
1760950800000,0.5269,0.5304,0.5237,0.5265,285060.1,1760954400000,150050.05418,1243,2025-10-20 09:00:00+00:00
1760954400000,0.5266,0.5284,0.5167,0.5175,562153.7,1760958000000,293740.45572,1800,2025-10-20 10:00:00+00:00
1760958000000,0.5176,0.5202,0.5138,0.5194,684260.0,1760961600000,353541.69238,1966,2025-10-20 11:00:00+00:00
1760961600000,0.5195,0.5287,0.5153,0.5228,910548.7,1760965200000,473652.44332,2787,2025-10-20 12:00:00+00:00
1760965200000,0.523,0.5358,0.5222,0.5274,1484793.6,1760968800000,785462.76517,4325,2025-10-20 13:00:00+00:00
1760968800000,0.5276,0.5286,0.5191,0.5243,483225.8,1760972400000,252848.15157,1902,2025-10-20 14:00:00+00:00
1760972400000,0.5243,0.5255,0.5173,0.5173,326961.1,1760976000000,170421.00707,1699,2025-10-20 15:00:00+00:00
1760976000000,0.5172,0.5172,0.5003,0.5039,2349400.2,1760979600000,1188607.74095,6215,2025-10-20 16:00:00+00:00
1760979600000,0.5039,0.5093,0.4958,0.4993,911905.3,1760983200000,456912.33591,3057,2025-10-20 17:00:00+00:00
1760983200000,0.4993,0.5042,0.4967,0.5034,603562.0,1760986800000,302302.11484,2124,2025-10-20 18:00:00+00:00
1760986800000,0.5033,0.5094,0.5022,0.508,346268.4,1760990400000,175202.94605,1429,2025-10-20 19:00:00+00:00
1760990400000,0.5079,0.5097,0.5055,0.5087,313424.4,1760994000000,159092.9867,1165,2025-10-20 20:00:00+00:00
1760994000000,0.5086,0.5136,0.5062,0.5065,554388.9,1760997600000,282721.31332,1543,2025-10-20 21:00:00+00:00
1760997600000,0.5063,0.5086,0.5025,0.5057,357177.5,1761001200000,180676.00481,1307,2025-10-20 22:00:00+00:00
1761001200000,0.5056,0.5075,0.5039,0.5055,201609.3,1761004800000,101860.13592,968,2025-10-20 23:00:00+00:00
1761004800000,0.5055,0.5081,0.5029,0.5073,242234.3,1761008400000,122353.65397,1390,2025-10-21 00:00:00+00:00
1761008400000,0.5073,0.5303,0.5073,0.5169,2692286.4,1761012000000,1403656.52543,8612,2025-10-21 01:00:00+00:00
1761012000000,0.517,0.5248,0.5101,0.5119,1729184.1,1761015600000,893999.26023,6300,2025-10-21 02:00:00+00:00
1761015600000,0.5121,0.514,0.5027,0.5044,710271.5,1761019200000,361391.11893,3350,2025-10-21 03:00:00+00:00
1761019200000,0.5044,0.5054,0.4929,0.4943,1095812.0,1761022800000,546053.38167,5582,2025-10-21 04:00:00+00:00
1761022800000,0.4943,0.496,0.4912,0.4929,489228.4,1761026400000,241335.51037,2413,2025-10-21 05:00:00+00:00
1761026400000,0.4929,0.4995,0.4928,0.4933,476582.2,1761030000000,236216.30928,2462,2025-10-21 06:00:00+00:00
1761030000000,0.4932,0.4971,0.4892,0.495,333926.5,1761033600000,164623.91565,1818,2025-10-21 07:00:00+00:00
1761033600000,0.4945,0.4958,0.4906,0.4936,226981.7,1761037200000,111954.32214,978,2025-10-21 08:00:00+00:00
1761037200000,0.4935,0.4952,0.4909,0.4917,190332.7,1761040800000,93750.79848,1345,2025-10-21 09:00:00+00:00
1761040800000,0.4917,0.5025,0.4909,0.4993,409391.2,1761044400000,203260.56632,2402,2025-10-21 10:00:00+00:00
1761044400000,0.4993,0.5047,0.4966,0.4997,475671.7,1761048000000,237922.75996,2435,2025-10-21 11:00:00+00:00
1761048000000,0.4998,0.5041,0.4938,0.4945,765969.0,1761051600000,382494.75851,3359,2025-10-21 12:00:00+00:00
1761051600000,0.4946,0.4991,0.4915,0.4931,492233.7,1761055200000,243809.7673,4069,2025-10-21 13:00:00+00:00
1761055200000,0.4932,0.5248,0.4931,0.5226,1322411.6,1761058800000,671527.92874,7428,2025-10-21 14:00:00+00:00
1761058800000,0.5229,0.5328,0.5223,0.5255,1641624.7,1761062400000,865185.20483,9625,2025-10-21 15:00:00+00:00
1761062400000,0.5255,0.5315,0.5162,0.5191,1563867.7,1761066000000,821062.43796,7372,2025-10-21 16:00:00+00:00
1761066000000,0.5192,0.5273,0.5136,0.5234,1079130.5,1761069600000,561925.08203,7171,2025-10-21 17:00:00+00:00
1761069600000,0.5236,0.5294,0.5194,0.5235,722552.6,1761073200000,378933.3965,3646,2025-10-21 18:00:00+00:00
1761073200000,0.5235,0.5262,0.5206,0.5227,208347.3,1761076800000,109054.49066,1663,2025-10-21 19:00:00+00:00
1761076800000,0.5228,0.5234,0.5148,0.5171,622587.7,1761080400000,322316.52293,3529,2025-10-21 20:00:00+00:00
1761080400000,0.517,0.5226,0.5109,0.5154,541278.6,1761084000000,278927.12281,2434,2025-10-21 21:00:00+00:00
1761084000000,0.5153,0.5153,0.4985,0.5002,802411.8,1761087600000,405716.79743,5494,2025-10-21 22:00:00+00:00
1761087600000,0.5002,0.5009,0.49,0.4912,734058.0,1761091200000,362764.95783,5445,2025-10-21 23:00:00+00:00
1761091200000,0.4911,0.4942,0.4811,0.4891,1446271.2,1761094800000,705076.67323,7652,2025-10-22 00:00:00+00:00
1761094800000,0.4892,0.4951,0.4856,0.4902,1145665.1,1761098400000,562604.87646,4660,2025-10-22 01:00:00+00:00
1761098400000,0.4903,0.493,0.4893,0.4917,225319.7,1761102000000,110554.305,2028,2025-10-22 02:00:00+00:00
1761102000000,0.4916,0.4916,0.4836,0.485,443390.1,1761105600000,216047.90648,2688,2025-10-22 03:00:00+00:00
1761105600000,0.485,0.489,0.4842,0.4869,327194.9,1761109200000,159279.94503,2355,2025-10-22 04:00:00+00:00
1761109200000,0.4868,0.4868,0.4762,0.4821,536943.2,1761112800000,258308.11759,3866,2025-10-22 05:00:00+00:00
1761112800000,0.482,0.4834,0.479,0.4791,591768.0,1761116400000,285004.75611,2358,2025-10-22 06:00:00+00:00
1761116400000,0.4792,0.485,0.4759,0.4842,908787.4,1761120000000,438159.48719,3463,2025-10-22 07:00:00+00:00
1761120000000,0.4842,0.4842,0.4788,0.4808,312337.8,1761123600000,150175.52453,1980,2025-10-22 08:00:00+00:00
1761123600000,0.4808,0.4816,0.4709,0.4749,824162.2,1761127200000,392800.85752,3687,2025-10-22 09:00:00+00:00
1761127200000,0.4749,0.4793,0.4733,0.4734,389252.1,1761130800000,185115.72101,2534,2025-10-22 10:00:00+00:00
1761130800000,0.4734,0.4866,0.4676,0.4833,1679832.0,1761134400000,804406.82399,7879,2025-10-22 11:00:00+00:00
1761134400000,0.4832,0.4902,0.4821,0.4844,642216.2,1761138000000,312166.01632,3963,2025-10-22 12:00:00+00:00
1761138000000,0.4845,0.4991,0.4819,0.4977,1108936.7,1761141600000,542771.09708,7949,2025-10-22 13:00:00+00:00
1761141600000,0.4976,0.503,0.4911,0.4997,1724281.9,1761145200000,856453.63438,12403,2025-10-22 14:00:00+00:00
1761145200000,0.4998,0.5042,0.4915,0.4985,1216590.0,1761148800000,605448.90696,8366,2025-10-22 15:00:00+00:00
1761148800000,0.4987,0.4998,0.4914,0.4942,977510.6,1761152400000,484276.04214,7066,2025-10-22 16:00:00+00:00
1761152400000,0.4942,0.4954,0.4891,0.4915,453732.9,1761156000000,223671.47231,3614,2025-10-22 17:00:00+00:00
1761156000000,0.4913,0.4931,0.486,0.488,546001.5,1761159600000,266938.90682,3997,2025-10-22 18:00:00+00:00
1761159600000,0.4881,0.4951,0.4824,0.4875,1018125.9,1761163200000,497161.3397,5084,2025-10-22 19:00:00+00:00
1761163200000,0.4876,0.4885,0.4807,0.4818,566787.3,1761166800000,275085.68423,3401,2025-10-22 20:00:00+00:00
1761166800000,0.4817,0.4829,0.4663,0.4693,1869786.2,1761170400000,882273.65124,5136,2025-10-22 21:00:00+00:00
1761170400000,0.4691,0.4744,0.4609,0.4632,667200.0,1761174000000,311010.86005,2170,2025-10-22 22:00:00+00:00
1761174000000,0.4631,0.4773,0.4629,0.4747,552195.1,1761177600000,261124.03881,2024,2025-10-22 23:00:00+00:00
1761177600000,0.4748,0.4771,0.4722,0.4758,325998.0,1761181200000,154585.6485,1667,2025-10-23 00:00:00+00:00
1761181200000,0.4758,0.4887,0.4756,0.487,1440692.5,1761184800000,696380.33771,4100,2025-10-23 01:00:00+00:00
1761184800000,0.487,0.4891,0.4865,0.4879,329704.6,1761188400000,160714.72959,1163,2025-10-23 02:00:00+00:00
1761188400000,0.4877,0.4962,0.4867,0.4945,465764.7,1761192000000,229172.51094,2647,2025-10-23 03:00:00+00:00
1761192000000,0.4945,0.4969,0.4903,0.4923,432806.7,1761195600000,213336.63684,1966,2025-10-23 04:00:00+00:00
1761195600000,0.4926,0.494,0.4899,0.4916,284586.2,1761199200000,140021.91308,1318,2025-10-23 05:00:00+00:00
1761199200000,0.4917,0.5001,0.4904,0.4989,504137.6,1761202800000,250255.21562,2487,2025-10-23 06:00:00+00:00
1761202800000,0.499,0.4992,0.4919,0.4928,568596.6,1761206400000,280960.72361,2251,2025-10-23 07:00:00+00:00
1761206400000,0.4928,0.4962,0.4926,0.4942,265282.7,1761210000000,131196.81078,1268,2025-10-23 08:00:00+00:00
1761210000000,0.4943,0.4992,0.4915,0.4966,791020.4,1761213600000,392194.10833,2518,2025-10-23 09:00:00+00:00
1761213600000,0.4968,0.4994,0.4932,0.4935,429586.1,1761217200000,213101.16064,1673,2025-10-23 10:00:00+00:00
1761217200000,0.4934,0.4935,0.4867,0.4883,458815.7,1761220800000,224718.18599,2059,2025-10-23 11:00:00+00:00
1761220800000,0.4883,0.4895,0.4828,0.4887,436858.1,1761224400000,212789.04144,2398,2025-10-23 12:00:00+00:00
1761224400000,0.4886,0.4948,0.4858,0.49,387615.3,1761228000000,190006.24649,2435,2025-10-23 13:00:00+00:00
1761228000000,0.4902,0.4922,0.484,0.4914,561151.9,1761231600000,273858.53169,2907,2025-10-23 14:00:00+00:00
1761231600000,0.4915,0.5024,0.4872,0.497,981653.7,1761235200000,486541.51669,4240,2025-10-23 15:00:00+00:00
1761235200000,0.4971,0.5145,0.4966,0.5136,1242618.7,1761238800000,628526.95047,4444,2025-10-23 16:00:00+00:00
1761238800000,0.5136,0.5199,0.5087,0.5182,928465.6,1761242400000,477830.07057,4138,2025-10-23 17:00:00+00:00
1761242400000,0.5183,0.5183,0.5098,0.5117,424051.0,1761246000000,217447.56795,2239,2025-10-23 18:00:00+00:00
1761246000000,0.5118,0.5127,0.5057,0.5087,464295.3,1761249600000,236205.22368,2481,2025-10-23 19:00:00+00:00
1761249600000,0.5088,0.5108,0.5041,0.507,365054.8,1761253200000,185319.96753,2240,2025-10-23 20:00:00+00:00
1761253200000,0.5069,0.5112,0.5053,0.5098,254083.4,1761256800000,129283.224,1256,2025-10-23 21:00:00+00:00
1761256800000,0.5098,0.5126,0.5077,0.5115,146500.9,1761260400000,74772.01721,1160,2025-10-23 22:00:00+00:00
1761260400000,0.5114,0.5149,0.5097,0.5132,295656.3,1761264000000,151468.10927,1269,2025-10-23 23:00:00+00:00
1761264000000,0.5133,0.5154,0.5105,0.5134,231335.5,1761267600000,118649.20956,1371,2025-10-24 00:00:00+00:00
1761267600000,0.5133,0.5177,0.5087,0.5105,257286.6,1761271200000,131869.90662,1679,2025-10-24 01:00:00+00:00
1761271200000,0.5105,0.5126,0.5054,0.5118,367525.4,1761274800000,186748.95852,1489,2025-10-24 02:00:00+00:00
1761274800000,0.5122,0.5124,0.5047,0.5066,411950.4,1761278400000,209410.35959,1432,2025-10-24 03:00:00+00:00
1761278400000,0.5066,0.5263,0.5058,0.5231,696401.0,1761282000000,359813.79199,3291,2025-10-24 04:00:00+00:00
1761282000000,0.5229,0.5251,0.5199,0.5232,347644.0,1761285600000,181690.62219,2023,2025-10-24 05:00:00+00:00
1761285600000,0.5231,0.5242,0.5199,0.5239,267430.9,1761289200000,139531.87576,1481,2025-10-24 06:00:00+00:00
1761289200000,0.5238,0.5248,0.5148,0.517,560817.2,1761292800000,290970.60528,2242,2025-10-24 07:00:00+00:00
1761292800000,0.5171,0.5294,0.5144,0.5235,828082.2,1761296400000,432986.11461,3585,2025-10-24 08:00:00+00:00
1761296400000,0.5236,0.5281,0.5216,0.5235,369433.1,1761300000000,193973.64469,2013,2025-10-24 09:00:00+00:00
1761300000000,0.5237,0.5251,0.516,0.5164,530261.8,1761303600000,275716.60703,2152,2025-10-24 10:00:00+00:00
1761303600000,0.5164,0.521,0.512,0.5201,456773.2,1761307200000,236177.43886,2026,2025-10-24 11:00:00+00:00
1761307200000,0.5201,0.53,0.5186,0.5234,742785.6,1761310800000,390049.50007,4354,2025-10-24 12:00:00+00:00
1761310800000,0.5234,0.5251,0.5145,0.5195,547213.0,1761314400000,284074.27275,3392,2025-10-24 13:00:00+00:00
1761314400000,0.5193,0.5217,0.5092,0.5149,767264.1,1761318000000,396198.51237,4343,2025-10-24 14:00:00+00:00
1761318000000,0.515,0.5159,0.5075,0.51,482920.9,1761321600000,247229.34971,2587,2025-10-24 15:00:00+00:00
1761321600000,0.51,0.5117,0.5063,0.5094,229267.6,1761325200000,116604.12076,1585,2025-10-24 16:00:00+00:00
1761325200000,0.5094,0.5136,0.5079,0.5094,288941.3,1761328800000,147637.66345,1563,2025-10-24 17:00:00+00:00
1761328800000,0.5092,0.5127,0.5086,0.5121,132529.8,1761332400000,67789.2285,1071,2025-10-24 18:00:00+00:00
1761332400000,0.5122,0.5213,0.5115,0.518,379984.5,1761336000000,196498.21404,2145,2025-10-24 19:00:00+00:00
1761336000000,0.5179,0.5199,0.5166,0.519,487622.8,1761339600000,252633.82665,1989,2025-10-24 20:00:00+00:00
1761339600000,0.5191,0.5207,0.516,0.5184,305628.1,1761343200000,158396.85504,1079,2025-10-24 21:00:00+00:00
1761343200000,0.5186,0.5199,0.5157,0.5172,238917.8,1761346800000,123710.37894,1314,2025-10-24 22:00:00+00:00
1761346800000,0.5172,0.5196,0.516,0.5177,102262.6,1761350400000,52876.51521,781,2025-10-24 23:00:00+00:00
1761350400000,0.5176,0.5225,0.5127,0.5206,341302.1,1761354000000,176389.87159,2240,2025-10-25 00:00:00+00:00
1761354000000,0.5205,0.5356,0.5199,0.5347,1708720.3,1761357600000,901868.14317,7451,2025-10-25 01:00:00+00:00
1761357600000,0.5347,0.5382,0.5242,0.528,1207840.8,1761361200000,642431.74387,6016,2025-10-25 02:00:00+00:00
1761361200000,0.5279,0.5541,0.5278,0.5507,2667234.6,1761364800000,1449533.64262,12800,2025-10-25 03:00:00+00:00
1761364800000,0.5505,0.5505,0.5324,0.5355,1322621.3,1761368400000,714230.55596,6625,2025-10-25 04:00:00+00:00
1761368400000,0.5354,0.5479,0.5354,0.5416,747235.2,1761372000000,405112.99613,5045,2025-10-25 05:00:00+00:00
1761372000000,0.5415,0.5445,0.5345,0.5442,599935.7,1761375600000,323079.57806,4575,2025-10-25 06:00:00+00:00
1761375600000,0.544,0.5455,0.5332,0.5352,989723.2,1761379200000,534175.84869,4951,2025-10-25 07:00:00+00:00
1761379200000,0.5352,0.5381,0.529,0.5363,557321.2,1761382800000,296394.38459,2935,2025-10-25 08:00:00+00:00
1761382800000,0.5364,0.5378,0.5284,0.5297,282994.6,1761386400000,150545.11987,2270,2025-10-25 09:00:00+00:00
1761386400000,0.5296,0.5365,0.5255,0.5345,437549.7,1761390000000,232148.87169,2872,2025-10-25 10:00:00+00:00
1761390000000,0.5345,0.5366,0.5268,0.5273,925190.9,1761393600000,492104.14373,3818,2025-10-25 11:00:00+00:00
1761393600000,0.5274,0.5294,0.5247,0.5274,306871.4,1761397200000,161895.66574,2387,2025-10-25 12:00:00+00:00
1761397200000,0.5273,0.5273,0.5218,0.5227,394472.8,1761400800000,206550.78212,2593,2025-10-25 13:00:00+00:00
1761400800000,0.5227,0.5268,0.5185,0.5204,650709.6,1761404400000,339458.42555,3294,2025-10-25 14:00:00+00:00
1761404400000,0.5205,0.5263,0.5173,0.5226,701151.5,1761408000000,365392.53633,2533,2025-10-25 15:00:00+00:00
1761408000000,0.5227,0.5266,0.5222,0.5247,336421.7,1761411600000,176344.08947,1750,2025-10-25 16:00:00+00:00
1761411600000,0.5248,0.5302,0.5248,0.5277,256141.2,1761415200000,135193.7805,1492,2025-10-25 17:00:00+00:00
1761415200000,0.5277,0.5306,0.5254,0.5266,257126.3,1761418800000,135632.63357,1535,2025-10-25 18:00:00+00:00
1761418800000,0.5266,0.5296,0.5253,0.5288,130771.7,1761422400000,69010.9123,1261,2025-10-25 19:00:00+00:00
1761422400000,0.5288,0.5294,0.5252,0.527,177581.2,1761426000000,93641.25786,1281,2025-10-25 20:00:00+00:00
1761426000000,0.5271,0.5278,0.522,0.5231,241618.1,1761429600000,126780.82849,1245,2025-10-25 21:00:00+00:00
1761429600000,0.5231,0.5241,0.5206,0.5218,291724.5,1761433200000,152510.31528,1282,2025-10-25 22:00:00+00:00
1761433200000,0.5217,0.5234,0.52,0.5219,443320.8,1761436800000,231180.4778,1053,2025-10-25 23:00:00+00:00
1761436800000,0.5218,0.5218,0.5122,0.5132,916665.8,1761440400000,472158.69791,2950,2025-10-26 00:00:00+00:00
1761440400000,0.5131,0.5144,0.506,0.5082,363952.5,1761444000000,185542.83006,1809,2025-10-26 01:00:00+00:00
1761444000000,0.5081,0.5083,0.5019,0.5021,589629.5,1761447600000,297938.53592,2437,2025-10-26 02:00:00+00:00
1761447600000,0.5021,0.5078,0.5012,0.5057,353078.4,1761451200000,178417.68225,1453,2025-10-26 03:00:00+00:00
1761451200000,0.5061,0.5116,0.5056,0.5097,322615.0,1761454800000,164033.19287,1401,2025-10-26 04:00:00+00:00
1761454800000,0.5098,0.5122,0.5085,0.5116,192793.8,1761458400000,98365.73451,903,2025-10-26 05:00:00+00:00
1761458400000,0.5115,0.517,0.5087,0.5126,363638.4,1761462000000,186177.23152,1496,2025-10-26 06:00:00+00:00
1761462000000,0.5127,0.5139,0.5107,0.512,332887.9,1761465600000,170608.75967,1631,2025-10-26 07:00:00+00:00
1761465600000,0.5119,0.5136,0.5093,0.5103,339287.6,1761469200000,173327.91428,1380,2025-10-26 08:00:00+00:00
1761469200000,0.5103,0.5185,0.5085,0.515,595910.7,1761472800000,306334.72074,2289,2025-10-26 09:00:00+00:00
1761472800000,0.5149,0.5151,0.51,0.5115,206834.0,1761476400000,105864.50222,1063,2025-10-26 10:00:00+00:00
1761476400000,0.5115,0.521,0.5086,0.519,525467.4,1761480000000,271443.80843,2784,2025-10-26 11:00:00+00:00
1761480000000,0.5191,0.5216,0.5155,0.5172,441257.6,1761483600000,228653.1886,2211,2025-10-26 12:00:00+00:00
1761483600000,0.5173,0.5226,0.5162,0.5216,347218.4,1761487200000,180660.90033,1919,2025-10-26 13:00:00+00:00
1761487200000,0.5212,0.5243,0.5204,0.5227,251696.8,1761490800000,131450.77931,1631,2025-10-26 14:00:00+00:00
1761490800000,0.5226,0.5276,0.5191,0.5249,512167.2,1761494400000,267592.01998,1855,2025-10-26 15:00:00+00:00
1761494400000,0.5251,0.5259,0.515,0.5162,604034.2,1761498000000,313991.07913,1908,2025-10-26 16:00:00+00:00
1761498000000,0.5161,0.5202,0.5151,0.5199,312957.0,1761501600000,162075.6498,1284,2025-10-26 17:00:00+00:00
1761501600000,0.5199,0.5234,0.519,0.5197,221354.2,1761505200000,115343.29806,1083,2025-10-26 18:00:00+00:00
1761505200000,0.5198,0.5199,0.5181,0.5194,137090.0,1761508800000,71152.71556,745,2025-10-26 19:00:00+00:00
1761508800000,0.5195,0.5195,0.5109,0.5116,277155.6,1761512400000,142481.63924,1598,2025-10-26 20:00:00+00:00
1761512400000,0.5117,0.5143,0.5103,0.5136,245417.0,1761516000000,125732.90777,1196,2025-10-26 21:00:00+00:00
1761516000000,0.5137,0.5292,0.5137,0.5265,875149.4,1761519600000,457216.10132,5579,2025-10-26 22:00:00+00:00
1761519600000,0.5266,0.531,0.5222,0.5254,814760.7,1761523200000,429013.25682,4869,2025-10-26 23:00:00+00:00
1761523200000,0.5255,0.5778,0.5238,0.531,5016233.3,1761526800000,2764679.83111,32583,2025-10-27 00:00:00+00:00
1761526800000,0.531,0.5405,0.5291,0.5373,977689.7,1761530400000,523011.0146,7051,2025-10-27 01:00:00+00:00
1761530400000,0.5373,0.5373,0.5298,0.5324,486563.2,1761534000000,259502.92395,3687,2025-10-27 02:00:00+00:00
1761534000000,0.5325,0.5343,0.525,0.5274,642583.7,1761537600000,339978.17886,3729,2025-10-27 03:00:00+00:00
1761537600000,0.5274,0.5296,0.5211,0.5227,529150.9,1761541200000,277516.18355,3142,2025-10-27 04:00:00+00:00
1761541200000,0.5227,0.528,0.5175,0.5203,902462.0,1761544800000,470802.62178,4088,2025-10-27 05:00:00+00:00
1761544800000,0.5202,0.5202,0.514,0.5164,623274.7,1761548400000,321784.95754,4286,2025-10-27 06:00:00+00:00
1761548400000,0.5165,0.5183,0.5075,0.5149,605157.4,1761552000000,310266.38842,4322,2025-10-27 07:00:00+00:00
1761552000000,0.515,0.5191,0.5067,0.508,815835.2,1761555600000,417648.03039,5202,2025-10-27 08:00:00+00:00
1761555600000,0.5079,0.5085,0.4993,0.5008,851628.9,1761559200000,427799.53547,5226,2025-10-27 09:00:00+00:00
1761559200000,0.5008,0.502,0.4972,0.4993,503424.5,1761562800000,251328.47089,3302,2025-10-27 10:00:00+00:00
1761562800000,0.4994,0.5025,0.4935,0.4986,751597.7,1761566400000,374218.26747,4593,2025-10-27 11:00:00+00:00
1761566400000,0.4986,0.4998,0.4927,0.4932,360042.0,1761570000000,178451.06044,2402,2025-10-27 12:00:00+00:00
1761570000000,0.4932,0.4979,0.4892,0.4952,610824.8,1761573600000,301521.91689,4222,2025-10-27 13:00:00+00:00
1761573600000,0.4952,0.4978,0.49,0.4918,504897.2,1761577200000,249456.74627,4319,2025-10-27 14:00:00+00:00
1761577200000,0.4917,0.4948,0.4888,0.4892,380755.0,1761580800000,186821.78693,1645,2025-10-27 15:00:00+00:00
1761580800000,0.4894,0.5012,0.4888,0.4997,276132.8,1761584400000,136547.08717,1379,2025-10-27 16:00:00+00:00
1761584400000,0.4997,0.5019,0.4968,0.4996,283834.3,1761588000000,141911.41484,1575,2025-10-27 17:00:00+00:00
1761588000000,0.4995,0.5017,0.4924,0.4932,370674.0,1761591600000,183926.77984,1974,2025-10-27 18:00:00+00:00
1761591600000,0.493,0.4956,0.4867,0.4886,412772.3,1761595200000,202491.53105,1757,2025-10-27 19:00:00+00:00
1761595200000,0.4885,0.4885,0.4832,0.4852,318538.6,1761598800000,154736.30807,1656,2025-10-27 20:00:00+00:00
1761598800000,0.4852,0.4889,0.4833,0.4853,244820.3,1761602400000,119057.84985,1240,2025-10-27 21:00:00+00:00
1761602400000,0.4852,0.4878,0.4785,0.4793,370537.4,1761606000000,178568.54908,1289,2025-10-27 22:00:00+00:00
1761606000000,0.4793,0.4809,0.4758,0.4809,311263.4,1761609600000,148949.32778,1533,2025-10-27 23:00:00+00:00
1761609600000,0.4811,0.4816,0.4722,0.4746,433977.3,1761613200000,206552.12649,1483,2025-10-28 00:00:00+00:00
1761613200000,0.4749,0.4794,0.4748,0.4772,148420.0,1761616800000,70787.56246,729,2025-10-28 01:00:00+00:00
1761616800000,0.4773,0.479,0.4688,0.4753,709530.8,1761620400000,335735.18444,1801,2025-10-28 02:00:00+00:00
1761620400000,0.4752,0.4766,0.4681,0.4697,325571.1,1761624000000,153374.48192,1201,2025-10-28 03:00:00+00:00
1761624000000,0.469,0.4765,0.4676,0.4762,546027.0,1761627600000,257105.67366,1234,2025-10-28 04:00:00+00:00
1761627600000,0.4763,0.4775,0.4681,0.4718,343960.6,1761631200000,162578.9115,1307,2025-10-28 05:00:00+00:00
1761631200000,0.4718,0.479,0.4711,0.4783,273912.7,1761634800000,130166.48548,886,2025-10-28 06:00:00+00:00
1761634800000,0.4785,0.489,0.4771,0.4889,734921.4,1761638400000,355037.24541,3001,2025-10-28 07:00:00+00:00
1761638400000,0.4885,0.4983,0.4824,0.4844,1286138.4,1761642000000,630129.55781,4043,2025-10-28 08:00:00+00:00
1761642000000,0.4846,0.4874,0.4803,0.4838,643058.8,1761645600000,310694.22882,2273,2025-10-28 09:00:00+00:00
1761645600000,0.4838,0.4848,0.4816,0.4848,132610.7,1761649200000,64047.3303,649,2025-10-28 10:00:00+00:00
1761649200000,0.4848,0.4865,0.4803,0.4813,170402.2,1761652800000,82272.10903,778,2025-10-28 11:00:00+00:00
1761652800000,0.481,0.4842,0.478,0.4836,351446.3,1761656400000,168971.9272,1383,2025-10-28 12:00:00+00:00
1761656400000,0.4841,0.4872,0.4834,0.4861,439653.5,1761660000000,213467.48759,1552,2025-10-28 13:00:00+00:00
1761660000000,0.486,0.4878,0.4705,0.4794,728462.9,1761663600000,349242.73948,2588,2025-10-28 14:00:00+00:00
1761663600000,0.4795,0.482,0.4749,0.4767,492253.4,1761667200000,234996.24401,1557,2025-10-28 15:00:00+00:00
1761667200000,0.4762,0.482,0.4746,0.479,372323.8,1761670800000,178447.78206,1320,2025-10-28 16:00:00+00:00
1761670800000,0.4791,0.4807,0.4767,0.4778,202385.0,1761674400000,96828.95577,848,2025-10-28 17:00:00+00:00
1761674400000,0.478,0.4817,0.4746,0.4772,322185.1,1761678000000,153812.73257,1604,2025-10-28 18:00:00+00:00
1761678000000,0.4774,0.4779,0.4678,0.4697,441706.5,1761681600000,208217.44694,2132,2025-10-28 19:00:00+00:00
1761681600000,0.4694,0.4702,0.4546,0.4575,1201252.4,1761685200000,553918.08609,4141,2025-10-28 20:00:00+00:00
1761685200000,0.4572,0.4596,0.4505,0.4572,613050.4,1761688800000,278664.63634,2090,2025-10-28 21:00:00+00:00
1761688800000,0.4571,0.463,0.4535,0.4619,319280.9,1761692400000,146322.8808,1229,2025-10-28 22:00:00+00:00
1761692400000,0.4619,0.4619,0.4581,0.4602,255004.6,1761696000000,117306.75598,1014,2025-10-28 23:00:00+00:00
1761696000000,0.4602,0.4647,0.4578,0.4616,718736.0,1761699600000,331184.10786,2976,2025-10-29 00:00:00+00:00
1761699600000,0.4615,0.4639,0.459,0.4604,180759.8,1761703200000,83391.16148,1757,2025-10-29 01:00:00+00:00
1761703200000,0.4603,0.4605,0.4557,0.4569,159253.1,1761706800000,72900.76015,1147,2025-10-29 02:00:00+00:00
1761706800000,0.4568,0.4568,0.4517,0.4521,325624.8,1761710400000,147777.04814,1409,2025-10-29 03:00:00+00:00
1761710400000,0.4521,0.4539,0.451,0.452,359872.0,1761714000000,162827.52242,1358,2025-10-29 04:00:00+00:00
1761714000000,0.4519,0.4567,0.4513,0.4555,192440.0,1761717600000,87452.05358,1432,2025-10-29 05:00:00+00:00
1761717600000,0.4554,0.4572,0.4532,0.4547,169127.5,1761721200000,76983.39031,1215,2025-10-29 06:00:00+00:00
1761721200000,0.4547,0.4563,0.4464,0.4507,507547.4,1761724800000,228673.19206,2025,2025-10-29 07:00:00+00:00
1761724800000,0.4508,0.4522,0.4436,0.4459,808366.3,1761728400000,361357.62599,2639,2025-10-29 08:00:00+00:00
1761728400000,0.4461,0.4499,0.445,0.447,439247.9,1761732000000,196675.07056,1755,2025-10-29 09:00:00+00:00
1761732000000,0.4469,0.4502,0.4417,0.4428,711720.9,1761735600000,317159.60504,2394,2025-10-29 10:00:00+00:00
1761735600000,0.443,0.4488,0.4411,0.4471,554719.7,1761739200000,247508.36087,2350,2025-10-29 11:00:00+00:00
1761739200000,0.4471,0.4489,0.4464,0.4475,100215.9,1761742800000,44844.74802,797,2025-10-29 12:00:00+00:00
1761742800000,0.4476,0.4499,0.4442,0.4453,647380.5,1761746400000,288958.92029,2763,2025-10-29 13:00:00+00:00
1761746400000,0.4453,0.4459,0.4366,0.4427,842568.0,1761750000000,371796.59863,3718,2025-10-29 14:00:00+00:00
1761750000000,0.4428,0.4428,0.4273,0.4308,776084.1,1761753600000,336612.74888,3995,2025-10-29 15:00:00+00:00
1761753600000,0.4307,0.4352,0.4283,0.4325,360140.8,1761757200000,155568.60937,2324,2025-10-29 16:00:00+00:00
1761757200000,0.4326,0.4437,0.4324,0.4437,506876.5,1761760800000,222458.5243,2430,2025-10-29 17:00:00+00:00
1761760800000,0.4437,0.4499,0.4284,0.4441,3038076.7,1761764400000,1332314.90943,12903,2025-10-29 18:00:00+00:00
1761764400000,0.4442,0.448,0.438,0.4424,453057.4,1761768000000,200888.64679,3184,2025-10-29 19:00:00+00:00
1761768000000,0.4425,0.4478,0.4368,0.4464,752853.6,1761771600000,333492.5383,3367,2025-10-29 20:00:00+00:00
1761771600000,0.4465,0.447,0.4425,0.4433,285335.2,1761775200000,126798.15269,966,2025-10-29 21:00:00+00:00
1761775200000,0.4434,0.4445,0.4405,0.4406,181499.8,1761778800000,80188.83819,988,2025-10-29 22:00:00+00:00
1761778800000,0.4405,0.4406,0.4294,0.4329,372274.1,1761782400000,161515.81471,1684,2025-10-29 23:00:00+00:00
1761782400000,0.4327,0.4357,0.428,0.4329,489901.6,1761786000000,211369.53547,2388,2025-10-30 00:00:00+00:00
1761786000000,0.4328,0.4328,0.4285,0.429,339009.1,1761789600000,145810.88077,1772,2025-10-30 01:00:00+00:00
1761789600000,0.4289,0.4331,0.4284,0.4307,245075.6,1761793200000,105625.69496,1129,2025-10-30 02:00:00+00:00
1761793200000,0.4308,0.4313,0.4223,0.425,487808.0,1761796800000,207616.02023,1996,2025-10-30 03:00:00+00:00
1761796800000,0.425,0.4251,0.4043,0.4115,2114654.1,1761800400000,870893.73712,7960,2025-10-30 04:00:00+00:00
1761800400000,0.4117,0.4181,0.4088,0.4161,268318.9,1761804000000,110880.32056,2161,2025-10-30 05:00:00+00:00
1761804000000,0.416,0.4168,0.412,0.4132,193574.9,1761807600000,80244.41481,1494,2025-10-30 06:00:00+00:00
1761807600000,0.4133,0.4192,0.4113,0.4141,619695.6,1761811200000,257178.9138,2304,2025-10-30 07:00:00+00:00
1761811200000,0.414,0.4146,0.4083,0.4113,433603.4,1761814800000,178128.13716,1545,2025-10-30 08:00:00+00:00
1761814800000,0.4113,0.4126,0.4075,0.408,616323.7,1761818400000,252637.34353,1658,2025-10-30 09:00:00+00:00
1761818400000,0.4079,0.4094,0.405,0.4064,306873.9,1761822000000,124853.16969,1429,2025-10-30 10:00:00+00:00
1761822000000,0.4062,0.4082,0.4021,0.4031,531726.8,1761825600000,215485.14857,1915,2025-10-30 11:00:00+00:00
1761825600000,0.4032,0.4046,0.3962,0.3999,892875.1,1761829200000,357196.15766,4236,2025-10-30 12:00:00+00:00
1761829200000,0.3998,0.4012,0.3902,0.3909,966028.2,1761832800000,381664.52444,4128,2025-10-30 13:00:00+00:00
1761832800000,0.3911,0.3921,0.3832,0.3839,886580.7,1761836400000,343084.04139,3719,2025-10-30 14:00:00+00:00
1761836400000,0.3838,0.3853,0.3737,0.377,1303157.8,1761840000000,493513.3986,4626,2025-10-30 15:00:00+00:00
1761840000000,0.3771,0.3838,0.3753,0.3813,623337.0,1761843600000,237464.48225,3500,2025-10-30 16:00:00+00:00
1761843600000,0.3812,0.3812,0.3699,0.3773,762825.0,1761847200000,286255.49078,3961,2025-10-30 17:00:00+00:00
1761847200000,0.3772,0.3791,0.373,0.3791,418399.9,1761850800000,157415.9826,2068,2025-10-30 18:00:00+00:00
1761850800000,0.3792,0.3835,0.3775,0.38,515285.5,1761854400000,195938.91059,2634,2025-10-30 19:00:00+00:00
1761854400000,0.3799,0.387,0.3783,0.3846,699627.5,1761858000000,268373.54997,2921,2025-10-30 20:00:00+00:00
1761858000000,0.3846,0.3868,0.381,0.3837,287115.3,1761861600000,110291.35385,1078,2025-10-30 21:00:00+00:00
1761861600000,0.3838,0.389,0.3836,0.3873,105059.0,1761865200000,40581.71464,785,2025-10-30 22:00:00+00:00
1761865200000,0.3874,0.3883,0.3851,0.3863,203753.4,1761868800000,78717.54511,1119,2025-10-30 23:00:00+00:00
1761868800000,0.3862,0.3907,0.3835,0.39,610529.2,1761872400000,236239.9265,1672,2025-10-31 00:00:00+00:00
1761872400000,0.3901,0.3923,0.3894,0.3916,245549.7,1761876000000,96019.15293,1155,2025-10-31 01:00:00+00:00
1761876000000,0.3916,0.3917,0.3876,0.3898,235335.4,1761879600000,91603.56288,1059,2025-10-31 02:00:00+00:00
1761879600000,0.3895,0.3901,0.3873,0.3897,136046.7,1761883200000,52896.33292,902,2025-10-31 03:00:00+00:00
1761883200000,0.3898,0.3948,0.3898,0.3944,282453.9,1761886800000,110965.70808,1423,2025-10-31 04:00:00+00:00
1761886800000,0.3943,0.3943,0.389,0.3907,399293.6,1761890400000,156010.87912,1070,2025-10-31 05:00:00+00:00
1761890400000,0.3908,0.3916,0.3894,0.3896,106654.3,1761894000000,41665.50057,657,2025-10-31 06:00:00+00:00
1761894000000,0.3896,0.392,0.3889,0.3901,112097.6,1761897600000,43764.69855,705,2025-10-31 07:00:00+00:00
1761897600000,0.3902,0.3959,0.3895,0.3951,202880.6,1761901200000,79618.14052,1089,2025-10-31 08:00:00+00:00
1761901200000,0.395,0.3959,0.39,0.39,307158.4,1761904800000,120444.46813,1021,2025-10-31 09:00:00+00:00
1761904800000,0.3901,0.3939,0.3901,0.3919,194543.7,1761908400000,76376.85863,906,2025-10-31 10:00:00+00:00
1761908400000,0.3919,0.3999,0.3911,0.3996,266377.0,1761912000000,105424.33103,1284,2025-10-31 11:00:00+00:00
1761912000000,0.3997,0.411,0.3993,0.4102,876098.6,1761915600000,354079.72933,3095,2025-10-31 12:00:00+00:00
1761915600000,0.4103,0.4172,0.4075,0.4142,1017074.0,1761919200000,419291.66442,4842,2025-10-31 13:00:00+00:00
1761919200000,0.4143,0.4217,0.4082,0.4202,1031083.1,1761922800000,426674.74052,4764,2025-10-31 14:00:00+00:00
1761922800000,0.42,0.4363,0.4172,0.4264,2144978.9,1761926400000,916552.5128,10051,2025-10-31 15:00:00+00:00
1761926400000,0.4265,0.4276,0.4029,0.4041,1670711.4,1761930000000,690401.60831,5521,2025-10-31 16:00:00+00:00
1761930000000,0.4039,0.4064,0.3973,0.4016,1015831.1,1761933600000,407987.71235,4419,2025-10-31 17:00:00+00:00
1761933600000,0.4017,0.4083,0.3998,0.4048,412984.6,1761937200000,167036.02753,2457,2025-10-31 18:00:00+00:00
1761937200000,0.4047,0.4123,0.4005,0.4112,468841.8,1761940800000,190765.63317,2278,2025-10-31 19:00:00+00:00
1761940800000,0.4111,0.4111,0.4054,0.4061,299744.9,1761944400000,122488.50836,1263,2025-10-31 20:00:00+00:00
1761944400000,0.406,0.4068,0.4031,0.405,140320.1,1761948000000,56823.26307,611,2025-10-31 21:00:00+00:00
1761948000000,0.4049,0.4075,0.404,0.4063,150024.7,1761951600000,60904.50903,1018,2025-10-31 22:00:00+00:00
1761951600000,0.4063,0.4067,0.4044,0.4045,86181.9,1761955200000,34947.35801,617,2025-10-31 23:00:00+00:00
1761955200000,0.4045,0.4049,0.4004,0.4038,172415.8,1761958800000,69411.99086,1182,2025-11-01 00:00:00+00:00
1761958800000,0.4039,0.4057,0.4006,0.4013,183897.1,1761962400000,74223.44837,1200,2025-11-01 01:00:00+00:00
1761962400000,0.4012,0.4041,0.3981,0.4041,265295.4,1761966000000,106183.29874,1268,2025-11-01 02:00:00+00:00
1761966000000,0.4041,0.4107,0.404,0.405,491705.2,1761969600000,200465.31873,2142,2025-11-01 03:00:00+00:00
1761969600000,0.4051,0.4055,0.4006,0.402,224112.1,1761973200000,90297.1769,1301,2025-11-01 04:00:00+00:00
1761973200000,0.4019,0.4022,0.398,0.3981,137412.1,1761976800000,54998.39755,933,2025-11-01 05:00:00+00:00
1761976800000,0.3981,0.4,0.3943,0.3966,572884.9,1761980400000,227390.57395,2323,2025-11-01 06:00:00+00:00
1761980400000,0.3963,0.4052,0.3958,0.4051,331567.8,1761984000000,132994.40263,2018,2025-11-01 07:00:00+00:00
1761984000000,0.405,0.406,0.3985,0.4029,305541.2,1761987600000,122811.59637,1793,2025-11-01 08:00:00+00:00
1761987600000,0.4029,0.4065,0.3989,0.4001,625289.0,1761991200000,252262.28424,1796,2025-11-01 09:00:00+00:00
1761991200000,0.4002,0.4025,0.399,0.4016,104596.6,1761994800000,41917.96347,645,2025-11-01 10:00:00+00:00
1761994800000,0.4018,0.4038,0.3994,0.4019,136823.1,1761998400000,55012.26331,789,2025-11-01 11:00:00+00:00
1761998400000,0.4021,0.4041,0.397,0.3973,361944.0,1762002000000,144376.89637,1100,2025-11-01 12:00:00+00:00
1762002000000,0.3974,0.3994,0.3918,0.3951,428244.4,1762005600000,169384.57393,1610,2025-11-01 13:00:00+00:00
1762005600000,0.3951,0.3987,0.3895,0.3951,705896.0,1762009200000,278218.39013,2310,2025-11-01 14:00:00+00:00
1762009200000,0.395,0.3994,0.3944,0.3991,312413.8,1762012800000,124010.70357,1493,2025-11-01 15:00:00+00:00
1762012800000,0.3991,0.403,0.398,0.4016,370798.4,1762016400000,148657.06155,1653,2025-11-01 16:00:00+00:00
1762016400000,0.4016,0.4021,0.3979,0.3992,257748.6,1762020000000,102905.77161,1222,2025-11-01 17:00:00+00:00
1762020000000,0.399,0.4017,0.3983,0.4001,239993.1,1762023600000,95982.59813,1054,2025-11-01 18:00:00+00:00
1762023600000,0.4,0.4,0.397,0.3976,92443.9,1762027200000,36773.38822,593,2025-11-01 19:00:00+00:00
1762027200000,0.3977,0.4013,0.3977,0.3988,96582.4,1762030800000,38612.3345,740,2025-11-01 20:00:00+00:00
1762030800000,0.3988,0.3994,0.3921,0.3928,215106.1,1762034400000,85230.82728,864,2025-11-01 21:00:00+00:00
1762034400000,0.3928,0.3995,0.3928,0.399,289724.7,1762038000000,114971.03095,1218,2025-11-01 22:00:00+00:00
1762038000000,0.399,0.4018,0.3964,0.4016,281668.6,1762041600000,112411.83128,878,2025-11-01 23:00:00+00:00
1762041600000,0.4016,0.4016,0.3951,0.3958,220025.6,1762045200000,87361.29293,1086,2025-11-02 00:00:00+00:00
1762045200000,0.3958,0.4009,0.3956,0.3987,100592.9,1762048800000,40086.37035,703,2025-11-02 01:00:00+00:00
1762048800000,0.3986,0.403,0.3982,0.3988,168132.4,1762052400000,67304.05987,814,2025-11-02 02:00:00+00:00
1762052400000,0.3989,0.3992,0.3959,0.397,123382.0,1762056000000,49098.14135,552,2025-11-02 03:00:00+00:00
1762056000000,0.3969,0.4041,0.3959,0.4039,245063.5,1762059600000,98306.36578,1007,2025-11-02 04:00:00+00:00
1762059600000,0.4039,0.4044,0.3981,0.4018,324346.2,1762063200000,130033.85055,1223,2025-11-02 05:00:00+00:00
1762063200000,0.4017,0.4031,0.4003,0.4017,101319.6,1762066800000,40682.33759,659,2025-11-02 06:00:00+00:00
1762066800000,0.4017,0.4024,0.3978,0.4006,228592.6,1762070400000,91418.79891,1077,2025-11-02 07:00:00+00:00
1762070400000,0.4007,0.401,0.3949,0.396,269182.5,1762074000000,107079.25248,1119,2025-11-02 08:00:00+00:00
1762074000000,0.3961,0.3968,0.391,0.3923,346571.1,1762077600000,136390.85261,1376,2025-11-02 09:00:00+00:00
1762077600000,0.3924,0.396,0.391,0.3924,259325.7,1762081200000,102027.29124,1206,2025-11-02 10:00:00+00:00
1762081200000,0.3924,0.3983,0.3924,0.3981,192591.0,1762084800000,76252.51672,954,2025-11-02 11:00:00+00:00
1762084800000,0.3981,0.3988,0.3946,0.3953,229377.1,1762088400000,90901.77559,1129,2025-11-02 12:00:00+00:00
1762088400000,0.3952,0.3956,0.3911,0.3926,222175.3,1762092000000,87437.44697,1009,2025-11-02 13:00:00+00:00
1762092000000,0.3925,0.393,0.3818,0.3847,631577.4,1762095600000,243943.12934,2684,2025-11-02 14:00:00+00:00
1762095600000,0.3846,0.3894,0.3829,0.3863,311918.3,1762099200000,120585.48994,1508,2025-11-02 15:00:00+00:00
1762099200000,0.3862,0.3871,0.3733,0.3777,3857712.4,1762102800000,1454725.10755,8295,2025-11-02 16:00:00+00:00
1762102800000,0.3776,0.3801,0.3764,0.38,487760.4,1762106400000,184561.60179,2292,2025-11-02 17:00:00+00:00
1762106400000,0.3799,0.3835,0.3799,0.381,230751.0,1762110000000,88064.43747,1244,2025-11-02 18:00:00+00:00
1762110000000,0.3809,0.3811,0.3765,0.3792,262272.2,1762113600000,99235.48867,1166,2025-11-02 19:00:00+00:00
1762113600000,0.3792,0.3831,0.3782,0.3823,58241.1,1762117200000,22191.67607,519,2025-11-02 20:00:00+00:00
1762117200000,0.3824,0.3862,0.3824,0.3857,140700.2,1762120800000,54091.54665,849,2025-11-02 21:00:00+00:00
1762120800000,0.3856,0.387,0.3831,0.3852,107992.3,1762124400000,41601.05124,469,2025-11-02 22:00:00+00:00
1762124400000,0.3853,0.3914,0.3853,0.3897,300948.7,1762128000000,117083.34577,1465,2025-11-02 23:00:00+00:00
1762128000000,0.3896,0.3904,0.382,0.3825,267152.6,1762131600000,103240.85252,1434,2025-11-03 00:00:00+00:00
1762131600000,0.3824,0.3838,0.3752,0.3769,409519.2,1762135200000,155923.05406,2147,2025-11-03 01:00:00+00:00
1762135200000,0.3768,0.3776,0.3676,0.3736,778255.1,1762138800000,289145.60462,4056,2025-11-03 02:00:00+00:00
1762138800000,0.3734,0.3744,0.3576,0.3604,979978.6,1762142400000,357587.3716,4819,2025-11-03 03:00:00+00:00
1762142400000,0.3603,0.3627,0.3557,0.3623,813909.2,1762146000000,291826.55277,3443,2025-11-03 04:00:00+00:00
1762146000000,0.3622,0.3665,0.3606,0.3614,379914.4,1762149600000,138235.20687,1677,2025-11-03 05:00:00+00:00
1762149600000,0.3613,0.3637,0.3555,0.3607,438027.3,1762153200000,157690.40975,2441,2025-11-03 06:00:00+00:00
1762153200000,0.3606,0.3697,0.3597,0.3663,304645.4,1762156800000,111280.3382,1898,2025-11-03 07:00:00+00:00
1762156800000,0.3664,0.3705,0.3637,0.3704,407101.3,1762160400000,149266.08725,2026,2025-11-03 08:00:00+00:00
1762160400000,0.3704,0.3747,0.3629,0.3634,406769.6,1762164000000,149995.5102,2220,2025-11-03 09:00:00+00:00
1762164000000,0.3634,0.3676,0.3599,0.3616,433583.9,1762167600000,157731.1356,2072,2025-11-03 10:00:00+00:00
1762167600000,0.3617,0.3695,0.3617,0.3665,397466.6,1762171200000,145848.64038,2125,2025-11-03 11:00:00+00:00
1762171200000,0.3667,0.3703,0.3656,0.3665,346023.1,1762174800000,127438.71914,1634,2025-11-03 12:00:00+00:00
1762174800000,0.3664,0.3668,0.3614,0.3624,500249.8,1762178400000,181816.16597,2261,2025-11-03 13:00:00+00:00
1762178400000,0.3625,0.3664,0.3618,0.3657,350879.6,1762182000000,127625.80572,2055,2025-11-03 14:00:00+00:00
1762182000000,0.3658,0.3666,0.3318,0.3432,2927252.3,1762185600000,1019008.66375,11602,2025-11-03 15:00:00+00:00
1762185600000,0.3431,0.3524,0.3401,0.3453,1746316.7,1762189200000,604714.62715,6215,2025-11-03 16:00:00+00:00
1762189200000,0.3454,0.353,0.3443,0.3497,818491.5,1762192800000,285392.19368,3019,2025-11-03 17:00:00+00:00
1762192800000,0.3497,0.3505,0.3422,0.3422,537797.2,1762196400000,186225.06725,1752,2025-11-03 18:00:00+00:00
1762196400000,0.3424,0.343,0.3366,0.3368,339112.2,1762200000000,115091.50352,2118,2025-11-03 19:00:00+00:00
1762200000000,0.3369,0.3376,0.3298,0.3316,640299.2,1762203600000,214184.35914,2586,2025-11-03 20:00:00+00:00
1762203600000,0.3315,0.3376,0.3304,0.337,678824.7,1762207200000,226795.77553,2905,2025-11-03 21:00:00+00:00
1762207200000,0.337,0.3416,0.3352,0.3386,562923.0,1762210800000,190360.16544,1580,2025-11-03 22:00:00+00:00
1762210800000,0.3387,0.3432,0.3354,0.3424,243036.9,1762214400000,82686.28706,996,2025-11-03 23:00:00+00:00
1762214400000,0.3425,0.3501,0.3391,0.3477,426907.2,1762218000000,147561.57942,1895,2025-11-04 00:00:00+00:00
1762218000000,0.3477,0.3479,0.3424,0.3429,407250.3,1762221600000,140794.48287,1991,2025-11-04 01:00:00+00:00
1762221600000,0.343,0.3462,0.3403,0.3415,356266.3,1762225200000,122060.94658,1155,2025-11-04 02:00:00+00:00
1762225200000,0.3416,0.3447,0.3408,0.343,184842.3,1762228800000,63353.50686,881,2025-11-04 03:00:00+00:00
1762228800000,0.343,0.3501,0.3389,0.3435,959802.0,1762232400000,330875.81393,2191,2025-11-04 04:00:00+00:00
1762232400000,0.3433,0.3438,0.3244,0.3252,1914059.7,1762236000000,637414.873,5539,2025-11-04 05:00:00+00:00
1762236000000,0.3251,0.3396,0.3249,0.3334,1233261.1,1762239600000,407772.95365,3743,2025-11-04 06:00:00+00:00
1762239600000,0.3333,0.3388,0.3295,0.3388,753753.7,1762243200000,250943.35674,2997,2025-11-04 07:00:00+00:00
1762243200000,0.3388,0.3491,0.3366,0.3453,1150808.9,1762246800000,394283.46344,3861,2025-11-04 08:00:00+00:00
1762246800000,0.3453,0.3548,0.3451,0.3538,551960.3,1762250400000,193589.06917,2319,2025-11-04 09:00:00+00:00
1762250400000,0.3535,0.3535,0.347,0.3505,612678.6,1762254000000,214334.7844,2132,2025-11-04 10:00:00+00:00
1762254000000,0.3505,0.3559,0.3504,0.3517,381899.0,1762257600000,134796.11653,1715,2025-11-04 11:00:00+00:00
1762257600000,0.3516,0.3518,0.3465,0.3501,328444.2,1762261200000,114709.40885,1654,2025-11-04 12:00:00+00:00
1762261200000,0.3502,0.3606,0.3486,0.3579,567552.6,1762264800000,201610.30255,2794,2025-11-04 13:00:00+00:00
1762264800000,0.358,0.3596,0.3496,0.3559,905311.0,1762268400000,321539.61311,4237,2025-11-04 14:00:00+00:00
1762268400000,0.3561,0.3591,0.3527,0.3555,853371.1,1762272000000,303673.4124,3595,2025-11-04 15:00:00+00:00
1762272000000,0.3556,0.358,0.3448,0.3471,854336.6,1762275600000,299593.89176,3759,2025-11-04 16:00:00+00:00
1762275600000,0.347,0.3536,0.3384,0.3515,1448211.4,1762279200000,501304.44799,6227,2025-11-04 17:00:00+00:00
1762279200000,0.3513,0.3517,0.333,0.3417,1616388.2,1762282800000,550228.33136,7014,2025-11-04 18:00:00+00:00
1762282800000,0.3418,0.3445,0.3332,0.3341,899775.5,1762286400000,304615.7617,4357,2025-11-04 19:00:00+00:00
1762286400000,0.3341,0.3357,0.3143,0.3309,3169962.9,1762290000000,1029321.00849,10498,2025-11-04 20:00:00+00:00
1762290000000,0.331,0.3326,0.3115,0.3278,2533943.6,1762293600000,814440.25129,9214,2025-11-04 21:00:00+00:00
1762293600000,0.3279,0.3377,0.3261,0.3347,1271335.3,1762297200000,422416.21408,3580,2025-11-04 22:00:00+00:00
1762297200000,0.3346,0.3385,0.3309,0.3319,934656.7,1762300800000,312558.536,3754,2025-11-04 23:00:00+00:00
1762300800000,0.332,0.3443,0.325,0.3272,1546249.6,1762304400000,516727.58498,4581,2025-11-05 00:00:00+00:00
1762304400000,0.3272,0.3284,0.314,0.3264,1046858.4,1762308000000,335733.35008,4621,2025-11-05 01:00:00+00:00
1762308000000,0.3265,0.3384,0.3265,0.3378,763243.0,1762311600000,253725.7486,3946,2025-11-05 02:00:00+00:00
1762311600000,0.338,0.3438,0.3367,0.3411,536973.4,1762315200000,183048.94895,2286,2025-11-05 03:00:00+00:00
1762315200000,0.341,0.3473,0.3384,0.3451,493705.5,1762318800000,169038.88815,2051,2025-11-05 04:00:00+00:00
1762318800000,0.3452,0.349,0.3418,0.3438,619443.3,1762322400000,214139.84821,2166,2025-11-05 05:00:00+00:00
1762322400000,0.3437,0.3503,0.3408,0.3468,602677.1,1762326000000,208045.30115,2326,2025-11-05 06:00:00+00:00
1762326000000,0.3467,0.3516,0.3403,0.3505,527471.6,1762329600000,181730.83373,2305,2025-11-05 07:00:00+00:00
1762329600000,0.3503,0.3503,0.3382,0.3421,625635.8,1762333200000,214981.19156,3053,2025-11-05 08:00:00+00:00
1762333200000,0.3421,0.3502,0.3411,0.346,512804.8,1762336800000,177568.0431,2607,2025-11-05 09:00:00+00:00
1762336800000,0.3459,0.3497,0.3422,0.3445,600971.9,1762340400000,207806.4212,2722,2025-11-05 10:00:00+00:00
1762340400000,0.3446,0.3585,0.3427,0.3502,3177166.2,1762344000000,1119496.07805,10072,2025-11-05 11:00:00+00:00
1762344000000,0.3501,0.3545,0.347,0.3517,714215.9,1762347600000,250377.7002,2722,2025-11-05 12:00:00+00:00
1762347600000,0.3516,0.3542,0.3498,0.3531,531460.0,1762351200000,187148.97121,2367,2025-11-05 13:00:00+00:00
1762351200000,0.3531,0.365,0.35,0.3543,2020149.1,1762354800000,723902.83562,7050,2025-11-05 14:00:00+00:00
1762354800000,0.3544,0.3575,0.3527,0.3565,741881.4,1762358400000,263636.72017,2722,2025-11-05 15:00:00+00:00
1762358400000,0.3565,0.3578,0.3507,0.3567,686159.6,1762362000000,243022.9793,2530,2025-11-05 16:00:00+00:00
1762362000000,0.3568,0.3626,0.3554,0.3626,563980.8,1762365600000,202411.34241,2255,2025-11-05 17:00:00+00:00
1762365600000,0.3626,0.3673,0.3605,0.3657,685966.1,1762369200000,250013.64544,2003,2025-11-05 18:00:00+00:00
1762369200000,0.3657,0.3759,0.3648,0.365,1422921.7,1762372800000,527294.18008,4644,2025-11-05 19:00:00+00:00
1762372800000,0.3651,0.3675,0.3615,0.3636,527870.8,1762376400000,192417.2424,2103,2025-11-05 20:00:00+00:00
1762376400000,0.3636,0.3831,0.3613,0.3777,2107997.2,1762380000000,787239.09575,7268,2025-11-05 21:00:00+00:00
1762380000000,0.3775,0.3802,0.3694,0.372,1584578.5,1762383600000,594531.55138,5259,2025-11-05 22:00:00+00:00
1762383600000,0.3721,0.375,0.3708,0.3718,416122.0,1762387200000,155145.61359,1881,2025-11-05 23:00:00+00:00
1762387200000,0.3717,0.3731,0.3634,0.3663,1204159.0,1762390800000,442423.0567,3752,2025-11-06 00:00:00+00:00
1762390800000,0.3662,0.3662,0.3565,0.3621,609589.5,1762394400000,220034.45898,2660,2025-11-06 01:00:00+00:00
1762394400000,0.362,0.3671,0.358,0.3644,472009.2,1762398000000,171132.89666,2177,2025-11-06 02:00:00+00:00
1762398000000,0.3645,0.3687,0.3636,0.3653,368642.2,1762401600000,134923.39147,1802,2025-11-06 03:00:00+00:00
1762401600000,0.3652,0.3678,0.3625,0.3666,340714.3,1762405200000,124240.67246,1747,2025-11-06 04:00:00+00:00
1762405200000,0.3665,0.3685,0.3535,0.3541,1101122.9,1762408800000,395564.54332,3840,2025-11-06 05:00:00+00:00
1762408800000,0.354,0.3583,0.3519,0.3527,572977.4,1762412400000,203258.555,2508,2025-11-06 06:00:00+00:00
1762412400000,0.3528,0.3547,0.3484,0.3512,491025.8,1762416000000,172283.05663,1936,2025-11-06 07:00:00+00:00
1762416000000,0.3505,0.3535,0.345,0.3464,458884.5,1762419600000,159608.77007,1581,2025-11-06 08:00:00+00:00
1762419600000,0.3466,0.3486,0.3441,0.3453,319356.6,1762423200000,110725.79606,1529,2025-11-06 09:00:00+00:00
1762423200000,0.3454,0.3494,0.3424,0.3465,533315.5,1762426800000,184319.48733,2145,2025-11-06 10:00:00+00:00
1762426800000,0.3465,0.3509,0.3431,0.3477,315408.0,1762430400000,109671.15945,1379,2025-11-06 11:00:00+00:00
1762430400000,0.3478,0.3488,0.3409,0.3435,468812.9,1762434000000,161396.29384,1980,2025-11-06 12:00:00+00:00
1762434000000,0.3434,0.3552,0.3428,0.3521,790656.9,1762437600000,277202.65285,2809,2025-11-06 13:00:00+00:00
1762437600000,0.3522,0.3547,0.342,0.3427,876897.5,1762441200000,303427.97826,3525,2025-11-06 14:00:00+00:00
1762441200000,0.3426,0.3481,0.3359,0.3382,877028.7,1762444800000,299139.70589,4013,2025-11-06 15:00:00+00:00
1762444800000,0.3383,0.34,0.3333,0.3385,775161.7,1762448400000,260835.67168,3834,2025-11-06 16:00:00+00:00
1762448400000,0.3386,0.3453,0.336,0.344,471802.9,1762452000000,160705.09909,2796,2025-11-06 17:00:00+00:00
1762452000000,0.3441,0.3503,0.3396,0.346,381222.4,1762455600000,131309.15222,2168,2025-11-06 18:00:00+00:00
1762455600000,0.346,0.3465,0.3415,0.3452,357291.8,1762459200000,123146.42481,1890,2025-11-06 19:00:00+00:00
1762459200000,0.3453,0.3497,0.343,0.3452,322986.3,1762462800000,111743.08652,2155,2025-11-06 20:00:00+00:00
1762462800000,0.3451,0.3499,0.343,0.3478,332953.2,1762466400000,115429.81021,1595,2025-11-06 21:00:00+00:00
1762466400000,0.3479,0.3489,0.3412,0.3446,383748.4,1762470000000,132151.61769,1005,2025-11-06 22:00:00+00:00
1762470000000,0.3445,0.3445,0.3389,0.3415,259904.3,1762473600000,88649.04088,1019,2025-11-06 23:00:00+00:00
1762473600000,0.3414,0.3493,0.3398,0.3491,590933.1,1762477200000,203349.15363,2322,2025-11-07 00:00:00+00:00
1762477200000,0.3492,0.3508,0.341,0.3466,416421.5,1762480800000,143844.93057,2232,2025-11-07 01:00:00+00:00
1762480800000,0.3467,0.3512,0.3446,0.3505,273087.1,1762484400000,95121.13259,1691,2025-11-07 02:00:00+00:00
1762484400000,0.3503,0.3535,0.3474,0.3488,241011.8,1762488000000,84536.2262,1398,2025-11-07 03:00:00+00:00
1762488000000,0.3487,0.3494,0.3431,0.3474,483718.5,1762491600000,167480.11417,1742,2025-11-07 04:00:00+00:00
1762491600000,0.3474,0.3516,0.3467,0.351,297446.2,1762495200000,104111.88365,1451,2025-11-07 05:00:00+00:00
1762495200000,0.351,0.3529,0.3481,0.3488,813537.1,1762498800000,285639.19934,1964,2025-11-07 06:00:00+00:00
1762498800000,0.349,0.352,0.3472,0.3519,440815.8,1762502400000,154140.70214,1530,2025-11-07 07:00:00+00:00
1762502400000,0.3518,0.3552,0.3512,0.3538,570485.9,1762506000000,201778.77865,1740,2025-11-07 08:00:00+00:00
1762506000000,0.3537,0.3551,0.3437,0.3472,490127.1,1762509600000,170885.69245,1985,2025-11-07 09:00:00+00:00
1762509600000,0.3472,0.3491,0.3435,0.3463,402559.6,1762513200000,139484.42496,1540,2025-11-07 10:00:00+00:00
1762513200000,0.3462,0.3462,0.3388,0.3435,599646.0,1762516800000,204801.04028,3160,2025-11-07 11:00:00+00:00
1762516800000,0.3436,0.3443,0.3338,0.3367,399385.0,1762520400000,135000.96719,2018,2025-11-07 12:00:00+00:00
1762520400000,0.3367,0.3493,0.3355,0.3484,711265.3,1762524000000,244316.2871,3551,2025-11-07 13:00:00+00:00
1762524000000,0.3484,0.3591,0.3413,0.3572,923725.6,1762527600000,323798.99779,5725,2025-11-07 14:00:00+00:00
1762527600000,0.3573,0.3677,0.3564,0.3659,1449044.7,1762531200000,524919.38526,7686,2025-11-07 15:00:00+00:00
1762531200000,0.366,0.3795,0.3651,0.3777,1109350.8,1762534800000,412871.90405,6433,2025-11-07 16:00:00+00:00
1762534800000,0.3778,0.3857,0.3751,0.3856,1153830.0,1762538400000,439500.41536,4918,2025-11-07 17:00:00+00:00
1762538400000,0.3856,0.393,0.3843,0.3882,882830.7,1762542000000,343258.02023,4475,2025-11-07 18:00:00+00:00
1762542000000,0.3881,0.3967,0.3857,0.394,739006.7,1762545600000,290587.78531,3763,2025-11-07 19:00:00+00:00
1762545600000,0.3942,0.4034,0.3921,0.401,925406.1,1762549200000,368029.45534,3520,2025-11-07 20:00:00+00:00
1762549200000,0.4011,0.41,0.4011,0.408,740555.8,1762552800000,301549.78416,2916,2025-11-07 21:00:00+00:00
1762552800000,0.4081,0.4125,0.4039,0.4043,1002382.6,1762556400000,408345.91845,2372,2025-11-07 22:00:00+00:00
1762556400000,0.4042,0.4042,0.3942,0.3979,1183703.5,1762560000000,471422.81356,3549,2025-11-07 23:00:00+00:00
1762560000000,0.3979,0.4073,0.393,0.394,1148757.7,1762563600000,459167.37811,4928,2025-11-08 00:00:00+00:00
1762563600000,0.3941,0.3994,0.391,0.3956,521933.7,1762567200000,206660.69917,3282,2025-11-08 01:00:00+00:00
1762567200000,0.3955,0.4003,0.3921,0.3957,423470.2,1762570800000,167856.51172,3058,2025-11-08 02:00:00+00:00
1762570800000,0.3956,0.4003,0.3888,0.3891,630592.1,1762574400000,249015.65132,3223,2025-11-08 03:00:00+00:00
1762574400000,0.3892,0.3998,0.3892,0.3955,573798.5,1762578000000,226217.59156,3079,2025-11-08 04:00:00+00:00
1762578000000,0.3954,0.3969,0.3887,0.3897,420603.2,1762581600000,164676.64742,2547,2025-11-08 05:00:00+00:00
1762581600000,0.3897,0.3997,0.3864,0.3956,666854.6,1762585200000,262076.28581,3732,2025-11-08 06:00:00+00:00
1762585200000,0.3956,0.3981,0.3914,0.3947,653148.2,1762588800000,257962.88464,3612,2025-11-08 07:00:00+00:00
1762588800000,0.3947,0.4058,0.3883,0.4027,1117946.6,1762592400000,444623.80317,3827,2025-11-08 08:00:00+00:00
1762592400000,0.4026,0.404,0.3911,0.3915,1227602.1,1762596000000,489314.2531,3640,2025-11-08 09:00:00+00:00
1762596000000,0.3915,0.4024,0.3888,0.3996,1044163.3,1762599600000,412736.89922,3451,2025-11-08 10:00:00+00:00
1762599600000,0.3995,0.401,0.392,0.3941,571177.7,1762603200000,226148.44967,2244,2025-11-08 11:00:00+00:00
1762603200000,0.394,0.398,0.3911,0.3964,351093.0,1762606800000,138474.1446,2021,2025-11-08 12:00:00+00:00
1762606800000,0.3965,0.3972,0.388,0.3884,386415.5,1762610400000,151356.69143,2464,2025-11-08 13:00:00+00:00
1762610400000,0.3885,0.3915,0.3811,0.3888,753913.6,1762614000000,290902.90837,3213,2025-11-08 14:00:00+00:00
1762614000000,0.3889,0.3895,0.3756,0.3765,728023.0,1762617600000,277220.3455,3099,2025-11-08 15:00:00+00:00
1762617600000,0.3766,0.3811,0.3735,0.3787,525690.2,1762621200000,198452.75997,2880,2025-11-08 16:00:00+00:00
1762621200000,0.3787,0.3814,0.3759,0.3775,265007.1,1762624800000,100367.94109,1466,2025-11-08 17:00:00+00:00
1762624800000,0.3775,0.3878,0.3768,0.3861,330034.9,1762628400000,126091.33875,1412,2025-11-08 18:00:00+00:00
1762628400000,0.386,0.3933,0.3804,0.3844,1168486.7,1762632000000,451345.94138,3303,2025-11-08 19:00:00+00:00
1762632000000,0.3843,0.3896,0.3835,0.3873,574785.1,1762635600000,222259.62489,1754,2025-11-08 20:00:00+00:00
1762635600000,0.3872,0.3893,0.3855,0.3889,143821.9,1762639200000,55700.65607,905,2025-11-08 21:00:00+00:00
1762639200000,0.3888,0.3927,0.3873,0.3911,230100.4,1762642800000,89785.87071,872,2025-11-08 22:00:00+00:00
1762642800000,0.391,0.3944,0.3894,0.3896,131321.9,1762646400000,51428.5741,769,2025-11-08 23:00:00+00:00
1762646400000,0.3897,0.3897,0.3824,0.3845,454618.5,1762650000000,175636.67239,1854,2025-11-09 00:00:00+00:00
1762650000000,0.3843,0.3867,0.382,0.3867,202432.8,1762653600000,77901.79381,1278,2025-11-09 01:00:00+00:00
1762653600000,0.3863,0.3868,0.3717,0.3733,420154.9,1762657200000,158416.68362,2308,2025-11-09 02:00:00+00:00
1762657200000,0.3734,0.3749,0.3692,0.3748,319920.3,1762660800000,119251.12922,1882,2025-11-09 03:00:00+00:00
1762660800000,0.3747,0.3815,0.3747,0.3781,550878.7,1762664400000,207995.03083,1724,2025-11-09 04:00:00+00:00
1762664400000,0.378,0.3781,0.3739,0.3756,193105.3,1762668000000,72642.09793,1173,2025-11-09 05:00:00+00:00
1762668000000,0.3757,0.3837,0.3757,0.3784,690228.3,1762671600000,261661.91895,1975,2025-11-09 06:00:00+00:00
1762671600000,0.3784,0.3871,0.3782,0.3843,231139.7,1762675200000,88548.72618,1374,2025-11-09 07:00:00+00:00
1762675200000,0.3842,0.3851,0.3784,0.3805,210169.4,1762678800000,80274.78053,1143,2025-11-09 08:00:00+00:00
1762678800000,0.3806,0.3872,0.3765,0.3776,344559.6,1762682400000,131676.27124,2104,2025-11-09 09:00:00+00:00
1762682400000,0.3776,0.3792,0.3736,0.3792,257903.2,1762686000000,96901.48674,1723,2025-11-09 10:00:00+00:00
1762686000000,0.3793,0.3834,0.3793,0.3819,194323.8,1762689600000,74148.87369,1592,2025-11-09 11:00:00+00:00
1762689600000,0.382,0.3864,0.3812,0.3849,220492.1,1762693200000,84714.52845,1382,2025-11-09 12:00:00+00:00
1762693200000,0.3849,0.3899,0.3835,0.3884,286500.5,1762696800000,110880.13059,1714,2025-11-09 13:00:00+00:00
1762696800000,0.3883,0.3946,0.3841,0.3877,727948.1,1762700400000,283591.63018,3672,2025-11-09 14:00:00+00:00
1762700400000,0.3878,0.3938,0.3877,0.3905,376015.2,1762704000000,147125.60376,2122,2025-11-09 15:00:00+00:00
1762704000000,0.3906,0.3994,0.3888,0.3989,334457.0,1762707600000,131881.05519,1946,2025-11-09 16:00:00+00:00
1762707600000,0.3988,0.4047,0.3958,0.3974,636216.8,1762711200000,254843.29283,2700,2025-11-09 17:00:00+00:00
1762711200000,0.3975,0.399,0.3937,0.3984,269144.7,1762714800000,106469.97266,1384,2025-11-09 18:00:00+00:00
1762714800000,0.3985,0.4023,0.3968,0.4023,282794.2,1762718400000,112841.48552,1602,2025-11-09 19:00:00+00:00
1762718400000,0.4022,0.4023,0.3949,0.3958,261998.7,1762722000000,104167.77199,1135,2025-11-09 20:00:00+00:00
1762722000000,0.3959,0.3982,0.3945,0.3972,156965.8,1762725600000,62275.03579,972,2025-11-09 21:00:00+00:00
1762725600000,0.3973,0.3995,0.3932,0.3968,234264.2,1762729200000,92872.15293,876,2025-11-09 22:00:00+00:00
1762729200000,0.3969,0.4005,0.394,0.3952,380970.7,1762732800000,150949.89349,2003,2025-11-09 23:00:00+00:00
1762732800000,0.3953,0.4063,0.3915,0.3987,1639383.1,1762736400000,655990.20877,7770,2025-11-10 00:00:00+00:00
1762736400000,0.3987,0.4016,0.3955,0.3989,377281.6,1762740000000,150137.9791,2673,2025-11-10 01:00:00+00:00
1762740000000,0.3987,0.4018,0.3961,0.3992,311642.1,1762743600000,124517.62854,1884,2025-11-10 02:00:00+00:00
1762743600000,0.3993,0.4026,0.3979,0.3982,241575.4,1762747200000,96637.06781,1308,2025-11-10 03:00:00+00:00
1762747200000,0.3982,0.4142,0.3976,0.4073,798976.8,1762750800000,324665.67738,3250,2025-11-10 04:00:00+00:00
1762750800000,0.4072,0.41,0.3996,0.4024,458329.9,1762754400000,185126.25856,2259,2025-11-10 05:00:00+00:00
1762754400000,0.4024,0.4029,0.3948,0.3964,306527.3,1762758000000,122208.59987,1565,2025-11-10 06:00:00+00:00
1762758000000,0.3969,0.3995,0.3939,0.3961,271840.9,1762761600000,107905.83928,1594,2025-11-10 07:00:00+00:00
1762761600000,0.3962,0.3973,0.3906,0.3914,446677.6,1762765200000,175929.6619,2103,2025-11-10 08:00:00+00:00
1762765200000,0.3913,0.4017,0.391,0.4,279888.6,1762768800000,110788.09572,2283,2025-11-10 09:00:00+00:00
1762768800000,0.4001,0.4016,0.3902,0.3915,311566.3,1762772400000,122927.09237,2344,2025-11-10 10:00:00+00:00
1762772400000,0.3916,0.3966,0.3906,0.3936,302846.3,1762776000000,119331.17282,1672,2025-11-10 11:00:00+00:00
1762776000000,0.3935,0.3937,0.39,0.3905,291623.8,1762779600000,114102.08207,1274,2025-11-10 12:00:00+00:00
1762779600000,0.3906,0.3986,0.3904,0.3964,312156.9,1762783200000,123470.86361,2205,2025-11-10 13:00:00+00:00
1762783200000,0.3963,0.4054,0.3917,0.4036,1446625.6,1762786800000,578212.06367,7628,2025-11-10 14:00:00+00:00
1762786800000,0.4035,0.4347,0.4022,0.4176,8894984.4,1762790400000,3766363.60175,48091,2025-11-10 15:00:00+00:00
1762790400000,0.4176,0.4243,0.4051,0.4069,1661094.3,1762794000000,686323.63106,12335,2025-11-10 16:00:00+00:00
1762794000000,0.407,0.4194,0.4059,0.41,1805698.8,1762797600000,746544.89593,12792,2025-11-10 17:00:00+00:00
1762797600000,0.41,0.4211,0.4097,0.4123,788959.2,1762801200000,328142.16955,4250,2025-11-10 18:00:00+00:00
1762801200000,0.4124,0.4161,0.4084,0.4118,450485.1,1762804800000,185904.94356,2688,2025-11-10 19:00:00+00:00
1762804800000,0.4117,0.4164,0.4068,0.4082,424551.1,1762808400000,174498.40204,2419,2025-11-10 20:00:00+00:00
1762808400000,0.4083,0.4083,0.3979,0.4019,540499.9,1762812000000,217770.29316,3391,2025-11-10 21:00:00+00:00
1762812000000,0.402,0.4105,0.4006,0.4088,180616.4,1762815600000,73091.48823,1136,2025-11-10 22:00:00+00:00
1762815600000,0.4091,0.4103,0.4046,0.405,257938.7,1762819200000,105057.75157,1818,2025-11-10 23:00:00+00:00
1762819200000,0.4051,0.4061,0.3947,0.3984,374333.2,1762822800000,149580.37173,2518,2025-11-11 00:00:00+00:00
1762822800000,0.3984,0.4131,0.397,0.4024,552582.9,1762826400000,223676.2036,3754,2025-11-11 01:00:00+00:00
1762826400000,0.4025,0.4106,0.3992,0.4079,306138.7,1762830000000,124103.96314,2470,2025-11-11 02:00:00+00:00
1762830000000,0.4078,0.4114,0.4072,0.4081,152112.6,1762833600000,62244.72029,1592,2025-11-11 03:00:00+00:00
1762833600000,0.408,0.4095,0.398,0.3983,261984.2,1762837200000,105332.18133,2048,2025-11-11 04:00:00+00:00
1762837200000,0.3984,0.3984,0.391,0.3917,421044.9,1762840800000,165964.14694,3130,2025-11-11 05:00:00+00:00
1762840800000,0.3917,0.3941,0.3863,0.3905,531248.5,1762844400000,207168.49051,2925,2025-11-11 06:00:00+00:00
1762844400000,0.3904,0.3909,0.3773,0.3779,520034.8,1762848000000,199183.16003,3028,2025-11-11 07:00:00+00:00
1762848000000,0.3778,0.3812,0.3742,0.3791,360131.9,1762851600000,135975.68092,2654,2025-11-11 08:00:00+00:00
1762851600000,0.379,0.3828,0.3748,0.3772,430771.9,1762855200000,163414.74218,2471,2025-11-11 09:00:00+00:00
1762855200000,0.3772,0.3874,0.3771,0.3818,1250745.1,1762858800000,478772.00345,6660,2025-11-11 10:00:00+00:00
1762858800000,0.3819,0.3849,0.3795,0.3818,301024.0,1762862400000,115183.88176,2250,2025-11-11 11:00:00+00:00
1762862400000,0.3818,0.3851,0.3764,0.3784,306795.9,1762866000000,116843.92057,2555,2025-11-11 12:00:00+00:00
1762866000000,0.3785,0.3828,0.3737,0.3748,276710.4,1762869600000,104647.11956,2672,2025-11-11 13:00:00+00:00
1762869600000,0.3749,0.3792,0.3708,0.3787,529276.5,1762873200000,197746.94117,3860,2025-11-11 14:00:00+00:00
1762873200000,0.3785,0.3789,0.3724,0.3755,673723.5,1762876800000,252968.30933,3979,2025-11-11 15:00:00+00:00
1762876800000,0.3755,0.3799,0.3733,0.3762,718738.7,1762880400000,270799.18541,3784,2025-11-11 16:00:00+00:00
1762880400000,0.3763,0.3787,0.3722,0.3745,272118.2,1762884000000,102087.26783,4329,2025-11-11 17:00:00+00:00
1762884000000,0.3746,0.3771,0.3675,0.3684,392841.0,1762887600000,145816.51513,4292,2025-11-11 18:00:00+00:00
1762887600000,0.3686,0.3686,0.3629,0.3629,697369.2,1762891200000,255675.51656,3797,2025-11-11 19:00:00+00:00
1762891200000,0.3629,0.3646,0.3577,0.3589,359923.5,1762894800000,130072.2554,2838,2025-11-11 20:00:00+00:00
1762894800000,0.359,0.3621,0.3569,0.3574,178617.0,1762898400000,64163.57854,1837,2025-11-11 21:00:00+00:00
1762898400000,0.3573,0.3636,0.3555,0.3619,315666.9,1762902000000,113824.20268,1291,2025-11-11 22:00:00+00:00
1762902000000,0.362,0.3624,0.3521,0.3539,584249.2,1762905600000,208602.59724,2547,2025-11-11 23:00:00+00:00
1762905600000,0.354,0.3565,0.3508,0.3523,400830.8,1762909200000,141939.88347,3301,2025-11-12 00:00:00+00:00
1762909200000,0.3522,0.3588,0.352,0.3576,228522.4,1762912800000,81409.28687,2296,2025-11-12 01:00:00+00:00
1762912800000,0.3576,0.3615,0.3573,0.3602,325965.3,1762916400000,117192.91864,2442,2025-11-12 02:00:00+00:00
1762916400000,0.3602,0.3628,0.3589,0.3607,233196.6,1762920000000,84194.89369,1619,2025-11-12 03:00:00+00:00
1762920000000,0.3608,0.3638,0.3586,0.3635,166030.8,1762923600000,59995.24534,1267,2025-11-12 04:00:00+00:00
1762923600000,0.3635,0.367,0.3617,0.3668,385797.1,1762927200000,140864.31412,1690,2025-11-12 05:00:00+00:00
1762927200000,0.3669,0.3692,0.3662,0.3676,316914.9,1762930800000,116531.23447,1888,2025-11-12 06:00:00+00:00
1762930800000,0.3675,0.3695,0.3648,0.3663,243014.3,1762934400000,89365.55039,1545,2025-11-12 07:00:00+00:00
1762934400000,0.3664,0.3791,0.3654,0.3756,495160.4,1762938000000,185050.52214,2543,2025-11-12 08:00:00+00:00
1762938000000,0.3757,0.3778,0.3724,0.3747,225319.3,1762941600000,84477.04744,1519,2025-11-12 09:00:00+00:00
1762941600000,0.3746,0.3792,0.3741,0.376,174130.2,1762945200000,65632.56712,1284,2025-11-12 10:00:00+00:00
1762945200000,0.3759,0.39,0.3751,0.3769,2122868.2,1762948800000,809056.17069,9177,2025-11-12 11:00:00+00:00
1762948800000,0.3769,0.3811,0.3755,0.3787,1228886.7,1762952400000,465535.4914,4156,2025-11-12 12:00:00+00:00
1762952400000,0.3787,0.3831,0.374,0.383,367605.8,1762956000000,139070.58691,2015,2025-11-12 13:00:00+00:00
1762956000000,0.383,0.3834,0.3715,0.3775,645106.8,1762959600000,243982.90803,4311,2025-11-12 14:00:00+00:00
1762959600000,0.3774,0.3888,0.3743,0.3772,1406412.7,1762963200000,536333.22297,8859,2025-11-12 15:00:00+00:00
1762963200000,0.3772,0.3779,0.365,0.3657,915315.9,1762966800000,339720.03827,6525,2025-11-12 16:00:00+00:00
1762966800000,0.3658,0.3662,0.3576,0.3618,990322.2,1762970400000,358286.60251,5381,2025-11-12 17:00:00+00:00
1762970400000,0.3619,0.3656,0.3595,0.361,263566.6,1762974000000,95595.15896,2089,2025-11-12 18:00:00+00:00
1762974000000,0.3609,0.3613,0.3547,0.3589,317117.1,1762977600000,113535.35352,2527,2025-11-12 19:00:00+00:00
1762977600000,0.359,0.3687,0.3587,0.3664,570373.2,1762981200000,208165.53906,2879,2025-11-12 20:00:00+00:00
1762981200000,0.3665,0.3677,0.3644,0.3659,240494.8,1762984800000,87908.08046,1657,2025-11-12 21:00:00+00:00
1762984800000,0.366,0.3728,0.365,0.3722,333758.5,1762988400000,122943.67899,1431,2025-11-12 22:00:00+00:00
1762988400000,0.3721,0.3721,0.3635,0.3652,229213.8,1762992000000,83964.49336,1089,2025-11-12 23:00:00+00:00
1762992000000,0.3651,0.3755,0.3644,0.3703,1165536.9,1762995600000,432665.14339,5024,2025-11-13 00:00:00+00:00
1762995600000,0.3702,0.3738,0.3657,0.3659,387945.0,1762999200000,143273.44237,2056,2025-11-13 01:00:00+00:00
1762999200000,0.366,0.3686,0.3649,0.3663,327609.8,1763002800000,120108.24545,1496,2025-11-13 02:00:00+00:00
1763002800000,0.3663,0.373,0.3591,0.3691,445695.7,1763006400000,162610.69213,2745,2025-11-13 03:00:00+00:00
1763006400000,0.3691,0.3709,0.3661,0.3675,367584.2,1763010000000,135325.09394,2115,2025-11-13 04:00:00+00:00
1763010000000,0.3674,0.3722,0.3639,0.3703,416464.2,1763013600000,152941.38437,1956,2025-11-13 05:00:00+00:00
1763013600000,0.3704,0.3721,0.3693,0.3708,262051.0,1763017200000,97184.69497,1438,2025-11-13 06:00:00+00:00
1763017200000,0.3709,0.3715,0.3652,0.3664,188418.6,1763020800000,69502.61376,1264,2025-11-13 07:00:00+00:00
1763020800000,0.3665,0.3693,0.3658,0.3675,222392.6,1763024400000,81726.66412,1072,2025-11-13 08:00:00+00:00
1763024400000,0.3675,0.3692,0.3613,0.3624,440037.1,1763028000000,160438.36864,2210,2025-11-13 09:00:00+00:00
1763028000000,0.3626,0.3674,0.3606,0.3623,160391.9,1763031600000,58353.00172,1017,2025-11-13 10:00:00+00:00
1763031600000,0.3623,0.3655,0.3621,0.3648,131476.5,1763035200000,47843.58047,997,2025-11-13 11:00:00+00:00
1763035200000,0.3649,0.3657,0.3618,0.3624,391360.1,1763038800000,142195.1633,1831,2025-11-13 12:00:00+00:00
1763038800000,0.3623,0.3643,0.356,0.3585,1113389.7,1763042400000,401976.62024,3977,2025-11-13 13:00:00+00:00
1763042400000,0.3584,0.3646,0.3521,0.3609,1133067.5,1763046000000,405461.30721,5897,2025-11-13 14:00:00+00:00
1763046000000,0.3608,0.3624,0.352,0.3538,675711.5,1763049600000,241171.41337,4378,2025-11-13 15:00:00+00:00
1763049600000,0.3537,0.3542,0.3428,0.3437,742469.2,1763053200000,258118.79448,4424,2025-11-13 16:00:00+00:00
1763053200000,0.3438,0.3454,0.336,0.3369,799264.8,1763056800000,273511.1536,4396,2025-11-13 17:00:00+00:00
1763056800000,0.3369,0.3387,0.3303,0.3325,717285.8,1763060400000,239302.71901,5022,2025-11-13 18:00:00+00:00
1763060400000,0.3326,0.3363,0.3259,0.3277,871198.5,1763064000000,288363.75334,4887,2025-11-13 19:00:00+00:00
1763064000000,0.3277,0.3299,0.3245,0.3258,549118.5,1763067600000,179513.62542,4066,2025-11-13 20:00:00+00:00
1763067600000,0.3258,0.3285,0.3228,0.3276,264436.5,1763071200000,86318.30118,2005,2025-11-13 21:00:00+00:00
1763071200000,0.3275,0.3355,0.3272,0.3349,179001.0,1763074800000,59540.20921,850,2025-11-13 22:00:00+00:00
1763074800000,0.3348,0.3402,0.3337,0.3381,296294.0,1763078400000,100019.84683,1433,2025-11-13 23:00:00+00:00
1763078400000,0.338,0.3403,0.3326,0.3354,361229.4,1763082000000,121312.74833,2820,2025-11-14 00:00:00+00:00
1763082000000,0.3354,0.3378,0.3338,0.3342,234051.9,1763085600000,78564.74218,2231,2025-11-14 01:00:00+00:00
1763085600000,0.3343,0.3378,0.3342,0.3356,172079.5,1763089200000,57884.81468,1483,2025-11-14 02:00:00+00:00
1763089200000,0.3357,0.3357,0.3303,0.3317,171685.1,1763092800000,57108.50979,1273,2025-11-14 03:00:00+00:00
1763092800000,0.3316,0.3316,0.3142,0.3222,1175796.5,1763096400000,377179.56912,6507,2025-11-14 04:00:00+00:00
1763096400000,0.3221,0.3279,0.3214,0.3256,335203.2,1763100000000,108753.30249,3151,2025-11-14 05:00:00+00:00
1763100000000,0.3258,0.3292,0.3167,0.3288,495387.9,1763103600000,159211.58145,3234,2025-11-14 06:00:00+00:00
1763103600000,0.3287,0.3303,0.3258,0.3276,440608.5,1763107200000,144738.32566,3534,2025-11-14 07:00:00+00:00
1763107200000,0.3277,0.3278,0.3231,0.3249,236937.0,1763110800000,76998.43625,1668,2025-11-14 08:00:00+00:00
1763110800000,0.3248,0.3279,0.3214,0.3226,254396.9,1763114400000,82627.53178,1955,2025-11-14 09:00:00+00:00
1763114400000,0.3228,0.3261,0.3221,0.3239,221265.0,1763118000000,71718.92962,1661,2025-11-14 10:00:00+00:00
1763118000000,0.3238,0.3241,0.3171,0.319,390650.9,1763121600000,125159.02352,2455,2025-11-14 11:00:00+00:00
1763121600000,0.3189,0.3189,0.3072,0.3161,1198058.6,1763125200000,375812.20953,6674,2025-11-14 12:00:00+00:00
1763125200000,0.3162,0.3188,0.309,0.3141,672764.5,1763128800000,210663.17903,6160,2025-11-14 13:00:00+00:00
1763128800000,0.3142,0.3221,0.3095,0.3192,1708063.7,1763132400000,540358.09988,7699,2025-11-14 14:00:00+00:00
1763132400000,0.3192,0.3247,0.3156,0.3213,828442.1,1763136000000,265914.28662,4606,2025-11-14 15:00:00+00:00
1763136000000,0.3214,0.3253,0.3189,0.322,317505.9,1763139600000,102207.2006,2370,2025-11-14 16:00:00+00:00
1763139600000,0.3221,0.3222,0.3129,0.3143,186691.6,1763143200000,59354.5363,1565,2025-11-14 17:00:00+00:00
1763143200000,0.3142,0.3195,0.3132,0.3154,214324.5,1763146800000,67768.14927,1790,2025-11-14 18:00:00+00:00
1763146800000,0.3155,0.3217,0.3141,0.3217,244275.3,1763150400000,77866.01701,1657,2025-11-14 19:00:00+00:00
1763150400000,0.3216,0.3217,0.3085,0.3108,310530.1,1763154000000,97169.22318,2306,2025-11-14 20:00:00+00:00
1763154000000,0.3108,0.3165,0.3094,0.3135,202010.5,1763157600000,63449.23717,1753,2025-11-14 21:00:00+00:00
1763157600000,0.3135,0.3149,0.3092,0.31,327018.6,1763161200000,102015.36126,1232,2025-11-14 22:00:00+00:00
1763161200000,0.3099,0.3109,0.3014,0.3077,970199.3,1763164800000,296047.30988,4063,2025-11-14 23:00:00+00:00
1763164800000,0.3076,0.3111,0.3069,0.3109,329234.5,1763168400000,101714.06481,2082,2025-11-15 00:00:00+00:00
1763168400000,0.3109,0.3164,0.3106,0.3161,260611.9,1763172000000,81800.49346,1754,2025-11-15 01:00:00+00:00
1763172000000,0.316,0.3183,0.3144,0.3183,214794.4,1763175600000,67926.53843,1151,2025-11-15 02:00:00+00:00
1763175600000,0.3182,0.3186,0.3167,0.3174,296393.3,1763179200000,94149.29522,1401,2025-11-15 03:00:00+00:00
1763179200000,0.3175,0.3179,0.3133,0.3136,176337.0,1763182800000,55708.93672,870,2025-11-15 04:00:00+00:00
1763182800000,0.3137,0.3165,0.3134,0.3163,142953.4,1763186400000,44985.23986,952,2025-11-15 05:00:00+00:00
1763186400000,0.3164,0.3194,0.3161,0.3172,123996.9,1763190000000,39408.17292,742,2025-11-15 06:00:00+00:00
1763190000000,0.3172,0.3172,0.3125,0.3125,195916.2,1763193600000,61732.9459,922,2025-11-15 07:00:00+00:00
1763193600000,0.3126,0.3127,0.3053,0.3065,411776.5,1763197200000,127118.50095,1936,2025-11-15 08:00:00+00:00
1763197200000,0.3064,0.3116,0.3059,0.308,281649.8,1763200800000,87048.55035,1356,2025-11-15 09:00:00+00:00
1763200800000,0.3079,0.3096,0.3059,0.3092,189756.4,1763204400000,58397.71027,965,2025-11-15 10:00:00+00:00
1763204400000,0.3091,0.3105,0.3068,0.3085,94696.0,1763208000000,29235.11435,757,2025-11-15 11:00:00+00:00
1763208000000,0.3085,0.3138,0.3077,0.3126,191343.8,1763211600000,59587.23553,1119,2025-11-15 12:00:00+00:00
1763211600000,0.3126,0.3185,0.312,0.3181,244508.8,1763215200000,77031.83094,1439,2025-11-15 13:00:00+00:00
1763215200000,0.318,0.318,0.3145,0.3164,186975.1,1763218800000,59061.75308,1117,2025-11-15 14:00:00+00:00
1763218800000,0.3164,0.3183,0.3153,0.3157,147007.4,1763222400000,46583.71276,987,2025-11-15 15:00:00+00:00
1763222400000,0.3157,0.3171,0.3124,0.3171,143785.4,1763226000000,45228.71179,953,2025-11-15 16:00:00+00:00
1763226000000,0.317,0.3221,0.317,0.3217,202266.2,1763229600000,64618.28116,1381,2025-11-15 17:00:00+00:00
1763229600000,0.3216,0.3225,0.3203,0.3221,155805.8,1763233200000,50044.21864,935,2025-11-15 18:00:00+00:00
1763233200000,0.3222,0.323,0.319,0.3197,175773.0,1763236800000,56320.18095,824,2025-11-15 19:00:00+00:00
1763236800000,0.3197,0.3198,0.3176,0.3181,126052.9,1763240400000,40173.77512,870,2025-11-15 20:00:00+00:00
1763240400000,0.318,0.32,0.3144,0.3144,148222.6,1763244000000,47045.73537,820,2025-11-15 21:00:00+00:00
1763244000000,0.3143,0.3163,0.3117,0.3163,140136.9,1763247600000,43952.24134,704,2025-11-15 22:00:00+00:00
1763247600000,0.3162,0.317,0.3128,0.3136,195934.9,1763251200000,61666.42255,871,2025-11-15 23:00:00+00:00
1763251200000,0.3137,0.3148,0.3093,0.3122,141808.4,1763254800000,44267.8979,982,2025-11-16 00:00:00+00:00
1763254800000,0.3121,0.3129,0.3059,0.3107,326556.7,1763258400000,101136.52692,2015,2025-11-16 01:00:00+00:00
1763258400000,0.3106,0.3166,0.3095,0.3163,233708.7,1763262000000,73297.32013,1439,2025-11-16 02:00:00+00:00
1763262000000,0.3164,0.3177,0.3155,0.3168,94655.7,1763265600000,29969.56706,730,2025-11-16 03:00:00+00:00
1763265600000,0.317,0.3178,0.314,0.3177,163983.1,1763269200000,51807.1677,751,2025-11-16 04:00:00+00:00
1763269200000,0.3176,0.3207,0.3173,0.3191,292707.6,1763272800000,93376.45029,1286,2025-11-16 05:00:00+00:00
1763272800000,0.3193,0.3206,0.3178,0.3181,122747.8,1763276400000,39193.65076,903,2025-11-16 06:00:00+00:00
1763276400000,0.3181,0.3264,0.3179,0.3225,987320.1,1763280000000,318419.42316,3688,2025-11-16 07:00:00+00:00
1763280000000,0.3225,0.3226,0.3175,0.3192,259104.6,1763283600000,82838.05024,1098,2025-11-16 08:00:00+00:00
1763283600000,0.3192,0.3212,0.3175,0.3207,298951.4,1763287200000,95518.46741,1331,2025-11-16 09:00:00+00:00
1763287200000,0.3204,0.3206,0.3174,0.3176,252555.3,1763290800000,80566.76075,807,2025-11-16 10:00:00+00:00
1763290800000,0.3177,0.3181,0.3093,0.3101,830532.9,1763294400000,260536.9277,2546,2025-11-16 11:00:00+00:00
1763294400000,0.31,0.3121,0.3078,0.3101,310649.9,1763298000000,96374.41882,1318,2025-11-16 12:00:00+00:00
1763298000000,0.3101,0.3107,0.3067,0.3079,325117.0,1763301600000,100350.9073,1234,2025-11-16 13:00:00+00:00
1763301600000,0.3079,0.3108,0.3062,0.31,199223.8,1763305200000,61537.78891,867,2025-11-16 14:00:00+00:00
1763305200000,0.31,0.31,0.2974,0.2984,1074275.7,1763308800000,324338.91065,3160,2025-11-16 15:00:00+00:00
1763308800000,0.2985,0.3011,0.2878,0.289,1307697.2,1763312400000,385607.73639,5089,2025-11-16 16:00:00+00:00
1763312400000,0.2888,0.294,0.2871,0.2933,906042.0,1763316000000,262791.23575,3783,2025-11-16 17:00:00+00:00
1763316000000,0.293,0.2995,0.291,0.2919,566748.2,1763319600000,167350.22989,2988,2025-11-16 18:00:00+00:00
1763319600000,0.2918,0.2969,0.2917,0.2921,229144.7,1763323200000,67375.84047,1491,2025-11-16 19:00:00+00:00
1763323200000,0.2923,0.2949,0.2896,0.2896,307926.5,1763326800000,89887.09631,1609,2025-11-16 20:00:00+00:00
1763326800000,0.2896,0.2923,0.2885,0.2899,986417.1,1763330400000,286460.98546,2499,2025-11-16 21:00:00+00:00
1763330400000,0.2901,0.2957,0.2858,0.2946,647838.3,1763334000000,187436.5492,2254,2025-11-16 22:00:00+00:00
1763334000000,0.2947,0.3011,0.2889,0.2986,400442.8,1763337600000,118379.34287,2496,2025-11-16 23:00:00+00:00
1763337600000,0.2986,0.3032,0.2949,0.3001,378169.9,1763341200000,113324.75076,2219,2025-11-17 00:00:00+00:00
1763341200000,0.3001,0.3002,0.2975,0.2987,163995.5,1763344800000,49004.34233,942,2025-11-17 01:00:00+00:00
1763344800000,0.2988,0.3016,0.2977,0.3008,239803.3,1763348400000,71950.86533,1015,2025-11-17 02:00:00+00:00
1763348400000,0.301,0.3056,0.301,0.3053,158689.0,1763352000000,48116.80796,819,2025-11-17 03:00:00+00:00
1763352000000,0.3054,0.3059,0.3026,0.3029,164818.0,1763355600000,50111.13062,807,2025-11-17 04:00:00+00:00
1763355600000,0.303,0.3049,0.3021,0.3044,135304.2,1763359200000,41050.78394,682,2025-11-17 05:00:00+00:00
1763359200000,0.3045,0.3064,0.3028,0.3064,103748.7,1763362800000,31537.63536,621,2025-11-17 06:00:00+00:00
1763362800000,0.3064,0.3096,0.3064,0.3076,227415.7,1763366400000,70116.23759,1223,2025-11-17 07:00:00+00:00
1763366400000,0.3076,0.3082,0.3051,0.3052,173716.0,1763370000000,53267.18202,683,2025-11-17 08:00:00+00:00
1763370000000,0.3053,0.3078,0.3046,0.3066,190980.6,1763373600000,58572.11614,643,2025-11-17 09:00:00+00:00
1763373600000,0.3063,0.3081,0.3059,0.3067,112511.1,1763377200000,34570.0137,490,2025-11-17 10:00:00+00:00
1763377200000,0.3067,0.3097,0.3064,0.3064,205330.0,1763380800000,63221.21982,813,2025-11-17 11:00:00+00:00
1763380800000,0.3065,0.307,0.3043,0.3044,246832.5,1763384400000,75479.30726,897,2025-11-17 12:00:00+00:00
1763384400000,0.3045,0.3049,0.2926,0.2964,601244.7,1763388000000,179637.47986,2426,2025-11-17 13:00:00+00:00
1763388000000,0.2963,0.3097,0.294,0.3007,1517476.3,1763391600000,456681.16902,6705,2025-11-17 14:00:00+00:00
1763391600000,0.3008,0.3023,0.2932,0.2955,680237.1,1763395200000,202346.07966,4701,2025-11-17 15:00:00+00:00
1763395200000,0.2956,0.3016,0.2908,0.301,553671.7,1763398800000,163408.00033,3693,2025-11-17 16:00:00+00:00
1763398800000,0.301,0.3018,0.291,0.2911,431327.4,1763402400000,127229.26908,2246,2025-11-17 17:00:00+00:00
1763402400000,0.2911,0.2936,0.2861,0.2887,684614.2,1763406000000,198065.93551,3554,2025-11-17 18:00:00+00:00
1763406000000,0.2886,0.2918,0.2859,0.2883,649935.4,1763409600000,187613.1532,3477,2025-11-17 19:00:00+00:00
1763409600000,0.2883,0.2907,0.2845,0.2879,377662.5,1763413200000,108654.79232,2586,2025-11-17 20:00:00+00:00
1763413200000,0.288,0.2901,0.2838,0.286,341325.2,1763416800000,97992.48521,1923,2025-11-17 21:00:00+00:00
1763416800000,0.2861,0.291,0.2856,0.2901,322285.0,1763420400000,93039.06691,1162,2025-11-17 22:00:00+00:00
1763420400000,0.2901,0.2912,0.2873,0.289,158601.2,1763424000000,45810.55432,471,2025-11-17 23:00:00+00:00
1763424000000,0.2891,0.2905,0.2829,0.2897,213307.8,1763427600000,61265.26033,1582,2025-11-18 00:00:00+00:00
1763427600000,0.2896,0.2917,0.2878,0.2886,137401.5,1763431200000,39858.06389,1073,2025-11-18 01:00:00+00:00
1763431200000,0.2885,0.2955,0.286,0.2905,269756.0,1763434800000,78417.80487,1753,2025-11-18 02:00:00+00:00
1763434800000,0.2903,0.2977,0.2869,0.2961,282585.3,1763438400000,82807.54186,1838,2025-11-18 03:00:00+00:00
1763438400000,0.2962,0.2971,0.29,0.2966,291157.6,1763442000000,85373.60648,1498,2025-11-18 04:00:00+00:00
1763442000000,0.2966,0.2999,0.2939,0.2956,188363.6,1763445600000,56021.85472,1224,2025-11-18 05:00:00+00:00
1763445600000,0.2956,0.296,0.2909,0.2911,190423.2,1763449200000,55821.15535,868,2025-11-18 06:00:00+00:00
1763449200000,0.2911,0.2947,0.2894,0.2931,354742.4,1763452800000,103882.64048,1552,2025-11-18 07:00:00+00:00
1763452800000,0.2931,0.297,0.2924,0.2957,262523.2,1763456400000,77475.40215,992,2025-11-18 08:00:00+00:00
1763456400000,0.2956,0.2962,0.2918,0.294,200722.4,1763460000000,59056.31997,847,2025-11-18 09:00:00+00:00
1763460000000,0.2941,0.2948,0.2924,0.2934,153308.2,1763463600000,45012.49707,666,2025-11-18 10:00:00+00:00
1763463600000,0.2933,0.2939,0.2915,0.2923,124889.6,1763467200000,36519.2248,530,2025-11-18 11:00:00+00:00
1763467200000,0.2924,0.2939,0.29,0.2933,205175.1,1763470800000,59923.96799,820,2025-11-18 12:00:00+00:00
1763470800000,0.2932,0.2933,0.2898,0.2923,140268.2,1763474400000,40875.47411,705,2025-11-18 13:00:00+00:00
1763474400000,0.2924,0.2977,0.2917,0.2925,312650.6,1763478000000,92280.3476,2279,2025-11-18 14:00:00+00:00
1763478000000,0.2924,0.3025,0.291,0.2988,1022134.7,1763481600000,305599.81959,3381,2025-11-18 15:00:00+00:00
1763481600000,0.2988,0.3051,0.2981,0.301,633755.5,1763485200000,191143.73712,2003,2025-11-18 16:00:00+00:00
1763485200000,0.3012,0.3014,0.299,0.3009,178682.2,1763488800000,53621.57277,818,2025-11-18 17:00:00+00:00
1763488800000,0.301,0.3022,0.3007,0.3008,123830.7,1763492400000,37304.82792,533,2025-11-18 18:00:00+00:00
1763492400000,0.3009,0.302,0.2992,0.3004,110787.1,1763496000000,33321.13009,540,2025-11-18 19:00:00+00:00
1763496000000,0.3004,0.3019,0.2991,0.2991,204129.2,1763499600000,61366.09219,715,2025-11-18 20:00:00+00:00
1763499600000,0.2992,0.3,0.2952,0.2954,147356.0,1763503200000,43839.49873,578,2025-11-18 21:00:00+00:00
1763503200000,0.2954,0.3003,0.2954,0.2999,232171.1,1763506800000,69271.21697,571,2025-11-18 22:00:00+00:00
1763506800000,0.2998,0.2999,0.2963,0.2964,117822.3,1763510400000,35091.13794,599,2025-11-18 23:00:00+00:00
1763510400000,0.2964,0.2976,0.2929,0.297,160193.5,1763514000000,47269.21038,942,2025-11-19 00:00:00+00:00
1763514000000,0.2969,0.2989,0.2953,0.2965,127083.4,1763517600000,37714.5274,814,2025-11-19 01:00:00+00:00
1763517600000,0.2966,0.2984,0.2956,0.2964,70132.1,1763521200000,20821.42023,506,2025-11-19 02:00:00+00:00
1763521200000,0.2963,0.2973,0.2914,0.2918,173230.9,1763524800000,50871.1684,739,2025-11-19 03:00:00+00:00
1763524800000,0.2918,0.2922,0.2905,0.2907,119813.8,1763528400000,34900.98199,750,2025-11-19 04:00:00+00:00
1763528400000,0.2906,0.2922,0.2837,0.2855,617702.8,1763532000000,177523.30273,1774,2025-11-19 05:00:00+00:00
1763532000000,0.2856,0.2882,0.2847,0.2879,129818.6,1763535600000,37194.30693,872,2025-11-19 06:00:00+00:00
1763535600000,0.2878,0.2914,0.2875,0.2906,145368.3,1763539200000,42135.98305,668,2025-11-19 07:00:00+00:00
1763539200000,0.2904,0.2909,0.2884,0.2886,91575.7,1763542800000,26532.321,438,2025-11-19 08:00:00+00:00
1763542800000,0.2887,0.2888,0.286,0.2883,264150.7,1763546400000,75889.75058,563,2025-11-19 09:00:00+00:00
1763546400000,0.2879,0.2901,0.2879,0.288,190150.4,1763550000000,54921.69293,425,2025-11-19 10:00:00+00:00
1763550000000,0.2878,0.29,0.2878,0.2892,131141.2,1763553600000,37939.10283,526,2025-11-19 11:00:00+00:00
1763553600000,0.2892,0.2927,0.2891,0.2918,139836.2,1763557200000,40697.42294,710,2025-11-19 12:00:00+00:00
1763557200000,0.2917,0.2935,0.2893,0.2895,234317.6,1763560800000,68283.79715,1100,2025-11-19 13:00:00+00:00
1763560800000,0.2896,0.2899,0.2853,0.2882,309670.3,1763564400000,89204.09304,2010,2025-11-19 14:00:00+00:00
1763564400000,0.2883,0.294,0.2786,0.2792,963117.5,1763568000000,273364.71635,3470,2025-11-19 15:00:00+00:00
1763568000000,0.2791,0.2813,0.2704,0.2719,722384.5,1763571600000,198730.47238,3997,2025-11-19 16:00:00+00:00
1763571600000,0.2718,0.2739,0.2664,0.2717,739183.4,1763575200000,199664.11184,4404,2025-11-19 17:00:00+00:00
1763575200000,0.2717,0.2724,0.2649,0.2677,454511.9,1763578800000,121834.44365,1900,2025-11-19 18:00:00+00:00
1763578800000,0.2678,0.2692,0.2652,0.2673,354587.5,1763582400000,94592.02459,1661,2025-11-19 19:00:00+00:00
1763582400000,0.2674,0.2747,0.2672,0.2742,196496.3,1763586000000,53328.03791,1156,2025-11-19 20:00:00+00:00
1763586000000,0.274,0.2821,0.2735,0.2811,665543.6,1763589600000,185587.35273,2331,2025-11-19 21:00:00+00:00
1763589600000,0.2812,0.2812,0.2776,0.2785,93114.0,1763593200000,25978.0392,399,2025-11-19 22:00:00+00:00
1763593200000,0.2785,0.2835,0.2785,0.2828,248315.5,1763596800000,70115.5026,885,2025-11-19 23:00:00+00:00
1763596800000,0.2828,0.2843,0.2805,0.2807,241934.0,1763600400000,68368.19545,754,2025-11-20 00:00:00+00:00
1763600400000,0.2808,0.2827,0.2806,0.2815,204230.9,1763604000000,57497.03012,595,2025-11-20 01:00:00+00:00
1763604000000,0.2814,0.2837,0.2814,0.282,144026.3,1763607600000,40665.33451,558,2025-11-20 02:00:00+00:00
1763607600000,0.282,0.2824,0.281,0.2813,70620.7,1763611200000,19882.6736,283,2025-11-20 03:00:00+00:00
1763611200000,0.2813,0.2815,0.2785,0.2813,189308.5,1763614800000,52989.02543,644,2025-11-20 04:00:00+00:00
1763614800000,0.2813,0.2822,0.2803,0.2811,129467.5,1763618400000,36401.60245,681,2025-11-20 05:00:00+00:00
1763618400000,0.2811,0.2828,0.2798,0.2812,164013.8,1763622000000,46153.80234,711,2025-11-20 06:00:00+00:00
1763622000000,0.2813,0.2845,0.2806,0.2845,116125.4,1763625600000,32823.49967,596,2025-11-20 07:00:00+00:00
1763625600000,0.2846,0.2852,0.2834,0.2838,88813.3,1763629200000,25245.48137,444,2025-11-20 08:00:00+00:00
1763629200000,0.2838,0.2839,0.2822,0.2824,119955.3,1763632800000,33937.00403,525,2025-11-20 09:00:00+00:00
1763632800000,0.2826,0.2836,0.2813,0.2822,113740.6,1763636400000,32136.3061,425,2025-11-20 10:00:00+00:00
1763636400000,0.2822,0.2841,0.2811,0.2836,159950.8,1763640000000,45213.28429,572,2025-11-20 11:00:00+00:00
1763640000000,0.2836,0.2928,0.2834,0.2922,491904.8,1763643600000,141827.78527,1307,2025-11-20 12:00:00+00:00
1763643600000,0.2922,0.2938,0.2888,0.2899,765892.2,1763647200000,222975.53043,2593,2025-11-20 13:00:00+00:00
1763647200000,0.2897,0.2915,0.2845,0.2894,503744.2,1763650800000,145066.57935,2442,2025-11-20 14:00:00+00:00
1763650800000,0.2892,0.2892,0.2818,0.2824,442640.1,1763654400000,126064.13627,1840,2025-11-20 15:00:00+00:00
1763654400000,0.2822,0.2829,0.268,0.2697,1052143.2,1763658000000,288523.86734,4953,2025-11-20 16:00:00+00:00
1763658000000,0.2696,0.2714,0.2623,0.2638,741936.0,1763661600000,197272.78552,3653,2025-11-20 17:00:00+00:00
1763661600000,0.2637,0.2672,0.262,0.2637,472346.5,1763665200000,124846.35669,1931,2025-11-20 18:00:00+00:00
1763665200000,0.2636,0.2705,0.261,0.2699,328605.9,1763668800000,87336.31586,1328,2025-11-20 19:00:00+00:00
1763668800000,0.2698,0.2699,0.2661,0.2685,189543.6,1763672400000,50795.491,997,2025-11-20 20:00:00+00:00
1763672400000,0.2686,0.274,0.2682,0.2721,223216.6,1763676000000,60709.25328,1033,2025-11-20 21:00:00+00:00
1763676000000,0.272,0.2767,0.2717,0.2747,160368.6,1763679600000,44061.86511,564,2025-11-20 22:00:00+00:00
1763679600000,0.2749,0.2752,0.2677,0.2682,198270.4,1763683200000,53716.77723,754,2025-11-20 23:00:00+00:00
1763683200000,0.2683,0.2717,0.2678,0.2715,272529.7,1763686800000,73481.11196,1088,2025-11-21 00:00:00+00:00
1763686800000,0.2716,0.2732,0.2696,0.2702,117517.6,1763690400000,31926.16887,751,2025-11-21 01:00:00+00:00
1763690400000,0.2701,0.2702,0.2592,0.2602,503543.4,1763694000000,133690.17233,1856,2025-11-21 02:00:00+00:00
1763694000000,0.2601,0.2681,0.2596,0.2664,345208.1,1763697600000,91468.57076,1687,2025-11-21 03:00:00+00:00
1763697600000,0.2664,0.267,0.262,0.2665,212057.7,1763701200000,56089.28009,1187,2025-11-21 04:00:00+00:00
1763701200000,0.2663,0.2677,0.2618,0.263,264687.2,1763704800000,70148.7411,1101,2025-11-21 05:00:00+00:00
1763704800000,0.2631,0.2641,0.2612,0.2622,220690.3,1763708400000,57968.81114,1183,2025-11-21 06:00:00+00:00
1763708400000,0.2621,0.2621,0.2351,0.2477,2108817.3,1763712000000,525109.64825,6557,2025-11-21 07:00:00+00:00
1763712000000,0.2478,0.2516,0.2465,0.2493,582004.0,1763715600000,145049.16697,2240,2025-11-21 08:00:00+00:00
1763715600000,0.2492,0.2516,0.2427,0.2434,467915.4,1763719200000,115298.694,1903,2025-11-21 09:00:00+00:00
1763719200000,0.2436,0.2468,0.2418,0.2442,522140.4,1763722800000,127590.20295,2021,2025-11-21 10:00:00+00:00
1763722800000,0.2443,0.25,0.2438,0.2458,435939.3,1763726400000,107684.60771,1548,2025-11-21 11:00:00+00:00
1763726400000,0.2459,0.2555,0.2398,0.254,1748066.4,1763730000000,431961.21303,5123,2025-11-21 12:00:00+00:00
1763730000000,0.2539,0.2592,0.2519,0.2561,584675.6,1763733600000,149312.62554,2193,2025-11-21 13:00:00+00:00
1763733600000,0.2561,0.2653,0.2539,0.2633,778262.0,1763737200000,202983.45861,3056,2025-11-21 14:00:00+00:00
1763737200000,0.2634,0.2689,0.26,0.2652,1960070.9,1763740800000,519462.79933,5246,2025-11-21 15:00:00+00:00
1763740800000,0.2651,0.2743,0.261,0.2741,4458644.7,1763744400000,1189504.56949,9616,2025-11-21 16:00:00+00:00
1763744400000,0.2742,0.2811,0.2707,0.2709,2018274.0,1763748000000,556648.23635,5352,2025-11-21 17:00:00+00:00
1763748000000,0.271,0.2732,0.2655,0.2726,975039.3,1763751600000,263422.56261,3399,2025-11-21 18:00:00+00:00
1763751600000,0.2727,0.2802,0.2715,0.2742,1828693.3,1763755200000,504940.35219,4190,2025-11-21 19:00:00+00:00
1763755200000,0.2742,0.2743,0.2665,0.2684,593736.2,1763758800000,160145.0141,2013,2025-11-21 20:00:00+00:00
1763758800000,0.2683,0.277,0.2656,0.2751,527901.1,1763762400000,143184.48944,1697,2025-11-21 21:00:00+00:00
1763762400000,0.275,0.2784,0.2658,0.2661,488524.8,1763766000000,133421.24079,1118,2025-11-21 22:00:00+00:00
1763766000000,0.2661,0.2763,0.2625,0.2753,575934.0,1763769600000,154473.88087,2007,2025-11-21 23:00:00+00:00
1763769600000,0.2752,0.2852,0.2731,0.2813,3369307.1,1763773200000,938566.7751,7239,2025-11-22 00:00:00+00:00
1763773200000,0.2811,0.2908,0.2791,0.281,2295717.3,1763776800000,653216.08543,6166,2025-11-22 01:00:00+00:00
1763776800000,0.281,0.2884,0.2795,0.2872,1534269.2,1763780400000,435560.68905,4428,2025-11-22 02:00:00+00:00
1763780400000,0.2872,0.2896,0.2772,0.2788,1955771.8,1763784000000,555797.60699,4797,2025-11-22 03:00:00+00:00
1763784000000,0.2789,0.2872,0.266,0.2696,4191439.1,1763787600000,1167807.22612,9565,2025-11-22 04:00:00+00:00
1763787600000,0.2696,0.2722,0.26,0.2624,1242300.1,1763791200000,329294.92707,3463,2025-11-22 05:00:00+00:00
1763791200000,0.2625,0.2708,0.2598,0.2686,638488.4,1763794800000,170027.22323,2135,2025-11-22 06:00:00+00:00
1763794800000,0.2685,0.2687,0.264,0.2667,429043.8,1763798400000,114066.42435,1487,2025-11-22 07:00:00+00:00
1763798400000,0.2667,0.2679,0.261,0.2617,961115.7,1763802000000,253531.94575,2488,2025-11-22 08:00:00+00:00
1763802000000,0.2618,0.2668,0.2614,0.2643,345676.4,1763805600000,91211.52916,1277,2025-11-22 09:00:00+00:00
1763805600000,0.2642,0.2645,0.2589,0.2595,217384.5,1763809200000,56857.50718,846,2025-11-22 10:00:00+00:00
1763809200000,0.2596,0.2696,0.2596,0.2663,634276.5,1763812800000,169254.34485,1886,2025-11-22 11:00:00+00:00
1763812800000,0.2664,0.2664,0.2597,0.2607,409845.3,1763816400000,107372.60896,1125,2025-11-22 12:00:00+00:00
1763816400000,0.2607,0.2637,0.2582,0.2628,515649.7,1763820000000,134310.95609,1636,2025-11-22 13:00:00+00:00
1763820000000,0.2628,0.269,0.2628,0.2677,413441.8,1763823600000,110227.55979,1604,2025-11-22 14:00:00+00:00
1763823600000,0.2678,0.2679,0.2632,0.2641,399800.7,1763827200000,106342.63071,1418,2025-11-22 15:00:00+00:00
1763827200000,0.264,0.2668,0.2633,0.2665,337493.4,1763830800000,89429.04437,1192,2025-11-22 16:00:00+00:00
1763830800000,0.2664,0.2676,0.2646,0.2659,406553.0,1763834400000,108299.13086,871,2025-11-22 17:00:00+00:00
1763834400000,0.2659,0.2659,0.2634,0.2655,132067.2,1763838000000,34916.28792,644,2025-11-22 18:00:00+00:00
1763838000000,0.2655,0.2707,0.2653,0.2653,285500.7,1763841600000,76580.0876,984,2025-11-22 19:00:00+00:00
1763841600000,0.2654,0.2679,0.2619,0.2629,375727.7,1763845200000,99344.68018,961,2025-11-22 20:00:00+00:00
1763845200000,0.2629,0.2642,0.2624,0.2636,105716.4,1763848800000,27846.63277,487,2025-11-22 21:00:00+00:00
1763848800000,0.2636,0.2713,0.2623,0.2691,255025.6,1763852400000,68038.07447,656,2025-11-22 22:00:00+00:00
1763852400000,0.269,0.2703,0.2666,0.2696,190908.9,1763856000000,51232.66146,638,2025-11-22 23:00:00+00:00
1763856000000,0.2696,0.2705,0.2641,0.2652,212410.0,1763859600000,56720.6142,928,2025-11-23 00:00:00+00:00
1763859600000,0.2653,0.27,0.2653,0.267,245344.8,1763863200000,65684.01706,1009,2025-11-23 01:00:00+00:00
1763863200000,0.2671,0.273,0.2655,0.2679,1166076.6,1763866800000,314496.77393,3161,2025-11-23 02:00:00+00:00
1763866800000,0.2678,0.269,0.2637,0.2647,277889.1,1763870400000,73801.24802,1127,2025-11-23 03:00:00+00:00
1763870400000,0.2648,0.2689,0.2645,0.2664,357177.8,1763874000000,95109.13169,1209,2025-11-23 04:00:00+00:00
1763874000000,0.2664,0.2665,0.2643,0.2646,344932.4,1763877600000,91507.21125,968,2025-11-23 05:00:00+00:00
1763877600000,0.2646,0.2658,0.2622,0.2631,307120.9,1763881200000,81016.105,823,2025-11-23 06:00:00+00:00
1763881200000,0.2632,0.2637,0.2604,0.2622,326845.8,1763884800000,85784.83084,802,2025-11-23 07:00:00+00:00
1763884800000,0.2622,0.2626,0.2603,0.2611,246826.8,1763888400000,64524.60161,721,2025-11-23 08:00:00+00:00
1763888400000,0.261,0.2626,0.261,0.2614,265447.9,1763892000000,69454.83732,682,2025-11-23 09:00:00+00:00
1763892000000,0.2613,0.2616,0.2589,0.2599,238467.8,1763895600000,61992.83932,798,2025-11-23 10:00:00+00:00
1763895600000,0.26,0.2602,0.2578,0.2585,272346.5,1763899200000,70533.13289,1133,2025-11-23 11:00:00+00:00
1763899200000,0.2586,0.26,0.2561,0.257,887514.6,1763902800000,229865.06341,1695,2025-11-23 12:00:00+00:00
1763902800000,0.2571,0.2593,0.2562,0.2587,291691.7,1763906400000,75272.37553,838,2025-11-23 13:00:00+00:00
1763906400000,0.2589,0.26,0.2546,0.2547,467757.0,1763910000000,120492.09306,1340,2025-11-23 14:00:00+00:00
1763910000000,0.2549,0.2598,0.2545,0.2596,365579.9,1763913600000,94217.38565,1009,2025-11-23 15:00:00+00:00
1763913600000,0.2595,0.2622,0.2583,0.2591,1090891.7,1763917200000,284072.77132,1563,2025-11-23 16:00:00+00:00
1763917200000,0.2591,0.2592,0.2557,0.2562,140180.1,1763920800000,36099.11027,899,2025-11-23 17:00:00+00:00
1763920800000,0.2563,0.2597,0.2563,0.2578,99278.9,1763924400000,25632.17652,483,2025-11-23 18:00:00+00:00
1763924400000,0.2578,0.2614,0.2577,0.2596,212440.0,1763928000000,55274.24035,896,2025-11-23 19:00:00+00:00
1763928000000,0.2597,0.2641,0.2597,0.2627,257290.4,1763931600000,67450.87811,936,2025-11-23 20:00:00+00:00
1763931600000,0.2625,0.2634,0.2605,0.2624,181390.3,1763935200000,47490.33084,871,2025-11-23 21:00:00+00:00
1763935200000,0.2625,0.2627,0.2598,0.2607,124275.4,1763938800000,32387.04745,511,2025-11-23 22:00:00+00:00
1763938800000,0.2608,0.2615,0.2567,0.2596,200599.6,1763942400000,51828.16789,839,2025-11-23 23:00:00+00:00
1763942400000,0.2597,0.2616,0.2549,0.2576,1184405.4,1763946000000,306254.19673,3082,2025-11-24 00:00:00+00:00
1763946000000,0.2575,0.258,0.2545,0.2572,372028.8,1763949600000,95472.53879,1727,2025-11-24 01:00:00+00:00
1763949600000,0.2571,0.2647,0.2568,0.2617,841700.4,1763953200000,219900.59263,3204,2025-11-24 02:00:00+00:00
1763953200000,0.2617,0.2643,0.2599,0.2617,331667.6,1763956800000,86918.25536,1085,2025-11-24 03:00:00+00:00
1763956800000,0.2616,0.2628,0.2563,0.2575,317919.2,1763960400000,82234.42641,1303,2025-11-24 04:00:00+00:00
1763960400000,0.2574,0.265,0.2571,0.2637,537245.9,1763964000000,141103.709,2012,2025-11-24 05:00:00+00:00
1763964000000,0.2639,0.2646,0.2602,0.2624,407350.6,1763967600000,106880.69807,1588,2025-11-24 06:00:00+00:00
1763967600000,0.2623,0.2623,0.2595,0.2599,163744.8,1763971200000,42708.54743,929,2025-11-24 07:00:00+00:00
1763971200000,0.2596,0.2642,0.2586,0.2632,357665.5,1763974800000,93325.39358,1377,2025-11-24 08:00:00+00:00
1763974800000,0.2633,0.2646,0.2577,0.258,546233.5,1763978400000,142134.48016,2175,2025-11-24 09:00:00+00:00
1763978400000,0.258,0.2595,0.257,0.2582,396341.0,1763982000000,102310.22881,1339,2025-11-24 10:00:00+00:00
1763982000000,0.2583,0.2676,0.2579,0.2671,620979.2,1763985600000,164025.3424,2015,2025-11-24 11:00:00+00:00
1763985600000,0.267,0.2726,0.2653,0.2699,3005279.5,1763989200000,809549.54365,7874,2025-11-24 12:00:00+00:00
1763989200000,0.2699,0.2714,0.2673,0.2684,1471165.3,1763992800000,396364.7626,4186,2025-11-24 13:00:00+00:00
1763992800000,0.2683,0.2698,0.2614,0.2671,1548372.3,1763996400000,410963.18542,4831,2025-11-24 14:00:00+00:00
1763996400000,0.2671,0.2691,0.2633,0.2669,922030.8,1764000000000,245473.78043,3094,2025-11-24 15:00:00+00:00
1764000000000,0.2669,0.2757,0.2664,0.2718,829214.6,1764003600000,225399.70261,2604,2025-11-24 16:00:00+00:00
1764003600000,0.2719,0.2758,0.2709,0.2734,1148988.2,1764007200000,314011.52138,3658,2025-11-24 17:00:00+00:00
1764007200000,0.2732,0.2798,0.2731,0.2765,1059078.0,1764010800000,292847.92665,2616,2025-11-24 18:00:00+00:00
1764010800000,0.2765,0.2775,0.2736,0.2744,706880.3,1764014400000,194616.67936,1510,2025-11-24 19:00:00+00:00
1764014400000,0.2745,0.2795,0.2744,0.2792,217318.4,1764018000000,60236.88945,913,2025-11-24 20:00:00+00:00
1764018000000,0.2791,0.2801,0.2768,0.2768,285524.8,1764021600000,79639.0703,872,2025-11-24 21:00:00+00:00
1764021600000,0.2768,0.2787,0.2747,0.275,234240.6,1764025200000,64741.19223,555,2025-11-24 22:00:00+00:00
1764025200000,0.2749,0.2765,0.2737,0.2737,301125.2,1764028800000,82910.7872,673,2025-11-24 23:00:00+00:00
1764028800000,0.2738,0.274,0.2703,0.2717,435713.8,1764032400000,118439.14833,1063,2025-11-25 00:00:00+00:00
1764032400000,0.2716,0.2736,0.2713,0.2718,185162.7,1764036000000,50464.58476,674,2025-11-25 01:00:00+00:00
1764036000000,0.2717,0.2735,0.2702,0.2734,329076.4,1764039600000,89475.06337,973,2025-11-25 02:00:00+00:00
1764039600000,0.2734,0.274,0.2693,0.2702,238273.6,1764043200000,64780.03041,674,2025-11-25 03:00:00+00:00
1764043200000,0.2701,0.271,0.268,0.2704,272076.2,1764046800000,73274.62008,776,2025-11-25 04:00:00+00:00
1764046800000,0.2703,0.2712,0.2687,0.2703,351009.9,1764050400000,94851.74294,687,2025-11-25 05:00:00+00:00
1764050400000,0.2703,0.2703,0.267,0.2701,245371.2,1764054000000,65876.22958,693,2025-11-25 06:00:00+00:00
1764054000000,0.2701,0.2726,0.2685,0.269,383233.7,1764057600000,103603.56199,949,2025-11-25 07:00:00+00:00
1764057600000,0.2691,0.2768,0.269,0.2743,693081.1,1764061200000,189821.5003,1880,2025-11-25 08:00:00+00:00
1764061200000,0.2743,0.2754,0.2694,0.2754,316630.4,1764064800000,86380.62206,1047,2025-11-25 09:00:00+00:00
1764064800000,0.2753,0.2779,0.2744,0.2771,326282.0,1764068400000,90178.232,993,2025-11-25 10:00:00+00:00
1764068400000,0.2771,0.2806,0.2741,0.2761,1213542.2,1764072000000,336595.98073,2544,2025-11-25 11:00:00+00:00
1764072000000,0.2762,0.2797,0.2756,0.2791,427739.4,1764075600000,118814.57092,1261,2025-11-25 12:00:00+00:00
1764075600000,0.2791,0.2855,0.2761,0.2767,1509892.4,1764079200000,426231.89599,3022,2025-11-25 13:00:00+00:00
1764079200000,0.2768,0.2799,0.2718,0.2762,560296.8,1764082800000,154654.34474,2201,2025-11-25 14:00:00+00:00
1764082800000,0.2762,0.2835,0.2742,0.2819,593312.6,1764086400000,166021.92468,1862,2025-11-25 15:00:00+00:00
1764086400000,0.2821,0.2826,0.2785,0.2805,349653.2,1764090000000,98225.20565,1176,2025-11-25 16:00:00+00:00
1764090000000,0.2805,0.2817,0.2786,0.2804,217835.7,1764093600000,61049.67745,1007,2025-11-25 17:00:00+00:00
1764093600000,0.2803,0.2864,0.2797,0.2818,388071.9,1764097200000,109943.08841,1407,2025-11-25 18:00:00+00:00
1764097200000,0.2819,0.2823,0.2742,0.2789,436103.4,1764100800000,121040.18827,1491,2025-11-25 19:00:00+00:00
1764100800000,0.2789,0.2817,0.2783,0.28,197140.1,1764104400000,55212.45518,942,2025-11-25 20:00:00+00:00
1764104400000,0.2799,0.2806,0.2786,0.2794,165220.7,1764108000000,46220.68716,648,2025-11-25 21:00:00+00:00
1764108000000,0.2793,0.2839,0.2761,0.2834,152632.7,1764111600000,42641.35246,649,2025-11-25 22:00:00+00:00
1764111600000,0.2833,0.2863,0.2819,0.2844,354644.9,1764115200000,100789.25178,1103,2025-11-25 23:00:00+00:00
1764115200000,0.2845,0.2858,0.2814,0.2821,216118.0,1764118800000,61364.87132,877,2025-11-26 00:00:00+00:00
1764118800000,0.282,0.2857,0.2814,0.2831,242257.3,1764122400000,68538.6138,914,2025-11-26 01:00:00+00:00
1764122400000,0.2832,0.2835,0.2802,0.2808,195095.1,1764126000000,54914.71103,584,2025-11-26 02:00:00+00:00
1764126000000,0.2808,0.2821,0.2783,0.2786,157269.5,1764129600000,43992.84931,528,2025-11-26 03:00:00+00:00
1764129600000,0.2786,0.2797,0.2764,0.2777,192290.3,1764133200000,53347.36514,554,2025-11-26 04:00:00+00:00
1764133200000,0.2776,0.2818,0.2773,0.28,255615.1,1764136800000,71645.90757,757,2025-11-26 05:00:00+00:00
1764136800000,0.28,0.287,0.2794,0.2814,1386660.5,1764140400000,393513.53168,2306,2025-11-26 06:00:00+00:00
1764140400000,0.2813,0.283,0.2802,0.2824,223161.7,1764144000000,62823.40244,744,2025-11-26 07:00:00+00:00
1764144000000,0.2823,0.2823,0.277,0.2774,302556.7,1764147600000,84429.32496,684,2025-11-26 08:00:00+00:00
1764147600000,0.2773,0.2786,0.2751,0.276,449014.7,1764151200000,124367.1954,968,2025-11-26 09:00:00+00:00
1764151200000,0.276,0.2774,0.2739,0.2768,248857.9,1764154800000,68569.27919,696,2025-11-26 10:00:00+00:00
1764154800000,0.2768,0.2779,0.2749,0.2757,155982.8,1764158400000,43141.60427,489,2025-11-26 11:00:00+00:00
1764158400000,0.2756,0.276,0.2712,0.2723,332608.8,1764162000000,90748.82794,1003,2025-11-26 12:00:00+00:00
1764162000000,0.2722,0.2753,0.2717,0.2749,403031.3,1764165600000,110066.24041,991,2025-11-26 13:00:00+00:00
1764165600000,0.2747,0.276,0.2704,0.2712,360980.8,1764169200000,98794.28359,1143,2025-11-26 14:00:00+00:00
1764169200000,0.271,0.2741,0.2701,0.2717,324819.2,1764172800000,88323.36956,1188,2025-11-26 15:00:00+00:00
1764172800000,0.2716,0.2755,0.2713,0.2743,250078.3,1764176400000,68460.09609,849,2025-11-26 16:00:00+00:00
1764176400000,0.2743,0.2828,0.2739,0.2815,418567.4,1764180000000,117016.74427,1613,2025-11-26 17:00:00+00:00
1764180000000,0.2816,0.2848,0.2808,0.2841,362304.6,1764183600000,102466.08006,1174,2025-11-26 18:00:00+00:00
1764183600000,0.2842,0.2842,0.2812,0.2826,166033.6,1764187200000,46835.16426,554,2025-11-26 19:00:00+00:00
1764187200000,0.2825,0.2825,0.279,0.281,276615.4,1764190800000,77481.12004,645,2025-11-26 20:00:00+00:00
1764190800000,0.2811,0.2857,0.2801,0.2844,212387.6,1764194400000,60094.41113,678,2025-11-26 21:00:00+00:00
1764194400000,0.2845,0.2847,0.2818,0.2825,192762.2,1764198000000,54529.80316,317,2025-11-26 22:00:00+00:00
1764198000000,0.2824,0.283,0.2803,0.2807,135907.1,1764201600000,38292.52414,459,2025-11-26 23:00:00+00:00
1764201600000,0.2808,0.2808,0.2785,0.2788,293579.4,1764205200000,81979.26097,829,2025-11-27 00:00:00+00:00
1764205200000,0.2788,0.2796,0.2768,0.2786,158172.3,1764208800000,43963.67132,509,2025-11-27 01:00:00+00:00
1764208800000,0.2785,0.2805,0.2771,0.2776,174370.3,1764212400000,48617.80494,694,2025-11-27 02:00:00+00:00
1764212400000,0.2775,0.2824,0.2773,0.28,535525.6,1764216000000,149792.15489,1346,2025-11-27 03:00:00+00:00
1764216000000,0.2799,0.2861,0.2796,0.2803,677437.9,1764219600000,191518.76044,1756,2025-11-27 04:00:00+00:00
1764219600000,0.2802,0.2802,0.2769,0.2786,165812.8,1764223200000,46188.13416,600,2025-11-27 05:00:00+00:00
1764223200000,0.2785,0.2816,0.2782,0.2809,199701.3,1764226800000,55954.62307,622,2025-11-27 06:00:00+00:00
1764226800000,0.2808,0.2852,0.2792,0.2823,663237.3,1764230400000,187785.9266,1465,2025-11-27 07:00:00+00:00
1764230400000,0.2822,0.2834,0.2799,0.2822,654541.7,1764234000000,184484.75924,1397,2025-11-27 08:00:00+00:00
1764234000000,0.282,0.2829,0.2801,0.2805,144083.5,1764237600000,40588.10221,673,2025-11-27 09:00:00+00:00
1764237600000,0.2804,0.2805,0.2755,0.2764,391514.4,1764241200000,108735.69855,1169,2025-11-27 10:00:00+00:00
1764241200000,0.2763,0.28,0.2737,0.2791,1004895.3,1764244800000,277830.97157,1619,2025-11-27 11:00:00+00:00
1764244800000,0.279,0.2793,0.275,0.2756,544409.3,1764248400000,151166.25208,1258,2025-11-27 12:00:00+00:00
1764248400000,0.2755,0.2777,0.2753,0.2769,166146.7,1764252000000,45901.6388,584,2025-11-27 13:00:00+00:00
1764252000000,0.277,0.2831,0.2763,0.2784,726655.7,1764255600000,203513.58986,1814,2025-11-27 14:00:00+00:00
1764255600000,0.2783,0.2811,0.2774,0.281,124403.4,1764259200000,34717.67217,596,2025-11-27 15:00:00+00:00
1764259200000,0.281,0.2834,0.2798,0.2829,370649.1,1764262800000,104198.13042,1152,2025-11-27 16:00:00+00:00
1764262800000,0.2828,0.2832,0.2812,0.2824,149568.4,1764266400000,42191.30763,693,2025-11-27 17:00:00+00:00
1764266400000,0.2824,0.2854,0.2817,0.2852,203914.1,1764270000000,57717.49868,861,2025-11-27 18:00:00+00:00
1764270000000,0.2851,0.2914,0.2849,0.289,745915.7,1764273600000,215576.81379,1929,2025-11-27 19:00:00+00:00
1764273600000,0.289,0.2902,0.2879,0.2883,294054.3,1764277200000,84948.31552,918,2025-11-27 20:00:00+00:00
1764277200000,0.2884,0.291,0.2882,0.2884,205206.3,1764280800000,59371.18375,583,2025-11-27 21:00:00+00:00
1764280800000,0.2883,0.289,0.2831,0.2835,245594.8,1764284400000,70135.60593,639,2025-11-27 22:00:00+00:00
1764284400000,0.2838,0.2873,0.2819,0.2856,629760.1,1764288000000,179476.58278,1284,2025-11-27 23:00:00+00:00
1764288000000,0.2856,0.292,0.2844,0.2857,1286237.3,1764291600000,370625.68803,2963,2025-11-28 00:00:00+00:00
1764291600000,0.2857,0.289,0.2813,0.2824,804491.6,1764295200000,229723.3496,2086,2025-11-28 01:00:00+00:00
1764295200000,0.2824,0.2837,0.2765,0.2783,442686.9,1764298800000,123600.15409,1369,2025-11-28 02:00:00+00:00
1764298800000,0.2783,0.2836,0.277,0.2811,1364721.3,1764302400000,383697.30475,3015,2025-11-28 03:00:00+00:00
1764302400000,0.2814,0.2821,0.275,0.2758,616002.8,1764306000000,171365.92638,1166,2025-11-28 04:00:00+00:00
1764306000000,0.2757,0.2773,0.2746,0.2762,576980.6,1764309600000,159166.75223,1143,2025-11-28 05:00:00+00:00
1764309600000,0.2763,0.2767,0.2743,0.2757,151727.0,1764313200000,41812.8365,544,2025-11-28 06:00:00+00:00
1764313200000,0.2757,0.277,0.275,0.2757,207824.9,1764316800000,57441.53832,502,2025-11-28 07:00:00+00:00
1764316800000,0.2756,0.2829,0.2752,0.2815,554296.3,1764320400000,154262.70944,1587,2025-11-28 08:00:00+00:00
1764320400000,0.2816,0.2821,0.28,0.2805,154274.2,1764324000000,43315.98937,780,2025-11-28 09:00:00+00:00
1764324000000,0.2804,0.2822,0.2799,0.2812,120023.4,1764327600000,33729.95738,460,2025-11-28 10:00:00+00:00
1764327600000,0.2811,0.2813,0.2768,0.2807,246389.2,1764331200000,68748.70507,1097,2025-11-28 11:00:00+00:00
1764331200000,0.2806,0.2821,0.2789,0.2791,128148.1,1764334800000,35973.41422,633,2025-11-28 12:00:00+00:00
1764334800000,0.279,0.2849,0.277,0.2839,422644.2,1764338400000,118720.6473,1200,2025-11-28 13:00:00+00:00
1764338400000,0.2837,0.2885,0.2836,0.2872,967972.0,1764342000000,276702.0532,2294,2025-11-28 14:00:00+00:00
1764342000000,0.2872,0.2917,0.2855,0.286,664584.6,1764345600000,191803.80516,2047,2025-11-28 15:00:00+00:00
1764345600000,0.2861,0.2862,0.279,0.2802,481015.3,1764349200000,135872.8794,1558,2025-11-28 16:00:00+00:00
1764349200000,0.2801,0.2803,0.2753,0.2764,440153.1,1764352800000,122250.52664,1613,2025-11-28 17:00:00+00:00
1764352800000,0.2764,0.2778,0.274,0.2774,362190.4,1764356400000,100045.47426,1292,2025-11-28 18:00:00+00:00
1764356400000,0.2774,0.2819,0.2773,0.2807,183027.0,1764360000000,51150.40931,713,2025-11-28 19:00:00+00:00
1764360000000,0.2807,0.2807,0.2779,0.2796,147919.6,1764363600000,41337.00111,507,2025-11-28 20:00:00+00:00
1764363600000,0.2795,0.2798,0.2768,0.2768,71004.0,1764367200000,19789.50227,321,2025-11-28 21:00:00+00:00
1764367200000,0.2769,0.2788,0.2747,0.2788,200196.4,1764370800000,55321.66487,511,2025-11-28 22:00:00+00:00
1764370800000,0.2789,0.2811,0.2789,0.2794,79074.8,1764374400000,22116.38588,378,2025-11-28 23:00:00+00:00
1764374400000,0.2793,0.2816,0.2748,0.2771,1161773.6,1764378000000,322042.36528,1460,2025-11-29 00:00:00+00:00
1764378000000,0.2771,0.2793,0.2768,0.278,103957.5,1764381600000,28897.67028,405,2025-11-29 01:00:00+00:00
1764381600000,0.2779,0.2788,0.2771,0.2787,105709.7,1764385200000,29392.41593,392,2025-11-29 02:00:00+00:00
1764385200000,0.2788,0.2794,0.2759,0.2761,39040.0,1764388800000,10826.219,177,2025-11-29 03:00:00+00:00
1764388800000,0.276,0.278,0.2753,0.278,143159.6,1764392400000,39672.12823,293,2025-11-29 04:00:00+00:00
1764392400000,0.2779,0.2779,0.2758,0.2763,101493.8,1764396000000,28098.75024,258,2025-11-29 05:00:00+00:00
1764396000000,0.2762,0.2772,0.2727,0.2734,358387.9,1764399600000,98305.1688,899,2025-11-29 06:00:00+00:00
1764399600000,0.2732,0.2743,0.2719,0.2723,164631.4,1764403200000,44926.15032,468,2025-11-29 07:00:00+00:00
1764403200000,0.2722,0.2725,0.2708,0.2711,60320.9,1764406800000,16377.08974,328,2025-11-29 08:00:00+00:00
1764406800000,0.2711,0.2722,0.2708,0.2711,103009.7,1764410400000,27967.598,394,2025-11-29 09:00:00+00:00
1764410400000,0.271,0.2729,0.2688,0.2721,222887.8,1764414000000,60406.23467,671,2025-11-29 10:00:00+00:00
1764414000000,0.272,0.2731,0.2713,0.2729,32476.9,1764417600000,8835.09713,224,2025-11-29 11:00:00+00:00
1764417600000,0.2729,0.2733,0.2692,0.2692,135177.3,1764421200000,36597.85063,385,2025-11-29 12:00:00+00:00
1764421200000,0.2691,0.2703,0.2687,0.2701,57651.3,1764424800000,15522.17961,350,2025-11-29 13:00:00+00:00
1764424800000,0.2701,0.2701,0.268,0.2686,74996.3,1764428400000,20163.6967,342,2025-11-29 14:00:00+00:00
1764428400000,0.2686,0.2719,0.2684,0.2703,266114.7,1764432000000,71875.27711,832,2025-11-29 15:00:00+00:00
1764432000000,0.2703,0.2703,0.2678,0.2687,102948.9,1764435600000,27663.61492,398,2025-11-29 16:00:00+00:00
1764435600000,0.2687,0.269,0.2626,0.263,648984.8,1764439200000,171909.64651,1706,2025-11-29 17:00:00+00:00
1764439200000,0.2631,0.2633,0.2607,0.2625,246893.2,1764442800000,64654.75109,822,2025-11-29 18:00:00+00:00
1764442800000,0.2626,0.2632,0.2621,0.2622,39254.9,1764446400000,10317.59722,217,2025-11-29 19:00:00+00:00
1764446400000,0.2622,0.2628,0.2597,0.2627,98929.5,1764450000000,25829.23235,423,2025-11-29 20:00:00+00:00
1764450000000,0.2627,0.263,0.2612,0.2625,57215.0,1764453600000,14991.00725,268,2025-11-29 21:00:00+00:00
1764453600000,0.2624,0.2624,0.2605,0.2608,30962.0,1764457200000,8098.91099,141,2025-11-29 22:00:00+00:00
1764457200000,0.2606,0.2618,0.26,0.2608,67794.6,1764460800000,17693.91669,258,2025-11-29 23:00:00+00:00
1764460800000,0.2608,0.262,0.2605,0.2616,73125.2,1764464400000,19100.71193,269,2025-11-30 00:00:00+00:00
1764464400000,0.2615,0.263,0.261,0.2617,112127.8,1764468000000,29401.00537,387,2025-11-30 01:00:00+00:00
1764468000000,0.2619,0.2629,0.2597,0.2603,187478.1,1764471600000,48914.59917,549,2025-11-30 02:00:00+00:00
1764471600000,0.2603,0.2609,0.2569,0.2608,287055.5,1764475200000,74270.11984,692,2025-11-30 03:00:00+00:00
1764475200000,0.2609,0.2612,0.2584,0.2587,49021.7,1764478800000,12749.45741,215,2025-11-30 04:00:00+00:00
1764478800000,0.2588,0.2588,0.2555,0.2558,74702.8,1764482400000,19178.61706,312,2025-11-30 05:00:00+00:00
1764482400000,0.2558,0.2592,0.2558,0.2582,71759.3,1764486000000,18525.38104,291,2025-11-30 06:00:00+00:00
1764486000000,0.2581,0.2604,0.2579,0.26,75628.5,1764489600000,19606.74696,211,2025-11-30 07:00:00+00:00
1764489600000,0.26,0.2626,0.2595,0.2614,126483.4,1764493200000,32947.24872,485,2025-11-30 08:00:00+00:00
1764493200000,0.2613,0.2627,0.2602,0.2621,268562.1,1764496800000,70238.4646,824,2025-11-30 09:00:00+00:00
1764496800000,0.262,0.2623,0.2602,0.2607,144373.6,1764500400000,37734.5256,470,2025-11-30 10:00:00+00:00
1764500400000,0.2606,0.2615,0.2581,0.2585,147157.7,1764504000000,38255.46517,474,2025-11-30 11:00:00+00:00
1764504000000,0.2585,0.2625,0.2569,0.2617,124769.5,1764507600000,32416.20732,548,2025-11-30 12:00:00+00:00
1764507600000,0.2617,0.2653,0.2615,0.263,390740.2,1764511200000,103133.77073,1351,2025-11-30 13:00:00+00:00
1764511200000,0.263,0.2633,0.2593,0.2601,288981.8,1764514800000,75573.02756,755,2025-11-30 14:00:00+00:00
1764514800000,0.2601,0.2602,0.2577,0.2588,87236.9,1764518400000,22538.99087,373,2025-11-30 15:00:00+00:00
1764518400000,0.2588,0.2632,0.2588,0.2629,142445.9,1764522000000,37283.19578,603,2025-11-30 16:00:00+00:00
1764522000000,0.2628,0.2646,0.2621,0.2638,61693.0,1764525600000,16262.23221,356,2025-11-30 17:00:00+00:00
1764525600000,0.2638,0.2639,0.2625,0.2634,63624.9,1764529200000,16735.8909,236,2025-11-30 18:00:00+00:00
1764529200000,0.2634,0.2635,0.2617,0.2622,119792.4,1764532800000,31432.26393,276,2025-11-30 19:00:00+00:00
1764532800000,0.2621,0.2639,0.2612,0.2622,65824.3,1764536400000,17280.58856,270,2025-11-30 20:00:00+00:00
1764536400000,0.2621,0.2628,0.2611,0.2622,71707.7,1764540000000,18805.87255,268,2025-11-30 21:00:00+00:00
1764540000000,0.2623,0.264,0.2605,0.2618,74644.6,1764543600000,19541.00926,230,2025-11-30 22:00:00+00:00
1764543600000,0.2618,0.2618,0.2546,0.2549,284255.1,1764547200000,73051.45936,777,2025-11-30 23:00:00+00:00
1764547200000,0.2549,0.2554,0.236,0.237,1787454.5,1764550800000,438658.77522,5394,2025-12-01 00:00:00+00:00
1764550800000,0.2368,0.2413,0.2364,0.237,310583.0,1764554400000,74345.97039,1399,2025-12-01 01:00:00+00:00
1764554400000,0.2371,0.2401,0.2363,0.2386,289587.4,1764558000000,69042.69858,1052,2025-12-01 02:00:00+00:00
1764558000000,0.2383,0.2386,0.2346,0.2346,218925.2,1764561600000,51793.95545,873,2025-12-01 03:00:00+00:00
1764561600000,0.2345,0.2362,0.234,0.2349,264092.4,1764565200000,62109.13514,924,2025-12-01 04:00:00+00:00
1764565200000,0.2348,0.2366,0.2346,0.2365,191776.3,1764568800000,45154.29222,781,2025-12-01 05:00:00+00:00
1764568800000,0.2364,0.2372,0.2355,0.2361,199057.7,1764572400000,47032.13769,486,2025-12-01 06:00:00+00:00
1764572400000,0.236,0.236,0.2343,0.2357,187451.5,1764576000000,44039.53171,565,2025-12-01 07:00:00+00:00
1764576000000,0.2357,0.2376,0.2347,0.2374,166036.0,1764579600000,39151.25178,493,2025-12-01 08:00:00+00:00
1764579600000,0.2374,0.2382,0.2335,0.234,325187.6,1764583200000,76584.37353,691,2025-12-01 09:00:00+00:00
1764583200000,0.234,0.2362,0.2339,0.2346,213758.5,1764586800000,50204.82405,544,2025-12-01 10:00:00+00:00
1764586800000,0.2346,0.2346,0.2311,0.2324,287173.5,1764590400000,66691.12846,808,2025-12-01 11:00:00+00:00
1764590400000,0.2324,0.2335,0.2283,0.2322,781739.3,1764594000000,181107.78768,1909,2025-12-01 12:00:00+00:00
1764594000000,0.2321,0.2346,0.2309,0.2317,419012.2,1764597600000,97361.21685,1564,2025-12-01 13:00:00+00:00
1764597600000,0.2318,0.2359,0.2312,0.2333,379774.4,1764601200000,88609.57948,1284,2025-12-01 14:00:00+00:00
1764601200000,0.2334,0.2338,0.2267,0.2323,568884.3,1764604800000,130914.89825,1923,2025-12-01 15:00:00+00:00
1764604800000,0.2322,0.2327,0.2281,0.2282,248462.7,1764608400000,57168.53427,975,2025-12-01 16:00:00+00:00
1764608400000,0.2283,0.2301,0.2268,0.2279,237842.1,1764612000000,54376.6797,809,2025-12-01 17:00:00+00:00
1764612000000,0.228,0.2312,0.2279,0.2306,274181.1,1764615600000,63008.74917,794,2025-12-01 18:00:00+00:00
1764615600000,0.2305,0.2306,0.2279,0.2291,134035.6,1764619200000,30709.7623,487,2025-12-01 19:00:00+00:00
1764619200000,0.2293,0.2326,0.2293,0.2319,171605.7,1764622800000,39716.88755,623,2025-12-01 20:00:00+00:00
1764622800000,0.2318,0.2348,0.2315,0.2337,188148.6,1764626400000,43849.0671,586,2025-12-01 21:00:00+00:00
1764626400000,0.2338,0.2371,0.2338,0.2362,111303.4,1764630000000,26247.78325,276,2025-12-01 22:00:00+00:00
1764630000000,0.2361,0.2392,0.2361,0.2383,144578.3,1764633600000,34429.68239,370,2025-12-01 23:00:00+00:00
1764633600000,0.2382,0.2401,0.2365,0.2368,385538.8,1764637200000,92114.21244,727,2025-12-02 00:00:00+00:00
1764637200000,0.2369,0.2404,0.2362,0.2362,208592.0,1764640800000,49482.03842,388,2025-12-02 01:00:00+00:00
1764640800000,0.2361,0.2376,0.2351,0.2355,91327.9,1764644400000,21564.42414,215,2025-12-02 02:00:00+00:00
1764644400000,0.2356,0.2365,0.2332,0.2361,78616.4,1764648000000,18428.04809,203,2025-12-02 03:00:00+00:00
1764648000000,0.2365,0.2376,0.2355,0.2355,92729.0,1764651600000,21906.69878,177,2025-12-02 04:00:00+00:00
1764651600000,0.2351,0.2356,0.2342,0.2351,70726.3,1764655200000,16612.04878,153,2025-12-02 05:00:00+00:00
1764655200000,0.235,0.2353,0.2338,0.2349,134164.6,1764658800000,31434.5646,232,2025-12-02 06:00:00+00:00
1764658800000,0.2349,0.2356,0.2342,0.2347,99344.2,1764662400000,23305.85223,227,2025-12-02 07:00:00+00:00
1764662400000,0.2346,0.2347,0.2312,0.2338,500385.9,1764666000000,116713.68667,1020,2025-12-02 08:00:00+00:00
1764666000000,0.2336,0.2363,0.2335,0.2362,225997.8,1764669600000,53259.3845,370,2025-12-02 09:00:00+00:00
1764669600000,0.2361,0.2386,0.2355,0.2374,242912.0,1764673200000,57514.79575,471,2025-12-02 10:00:00+00:00
1764673200000,0.2376,0.2388,0.2365,0.2382,235638.5,1764676800000,55934.58864,239,2025-12-02 11:00:00+00:00
1764676800000,0.2384,0.2395,0.2376,0.2385,465760.5,1764680400000,111109.76464,440,2025-12-02 12:00:00+00:00
1764680400000,0.2387,0.243,0.2382,0.2416,605485.2,1764684000000,146322.87163,639,2025-12-02 13:00:00+00:00
1764684000000,0.2416,0.2472,0.2412,0.247,319659.9,1764687600000,78065.62418,635,2025-12-02 14:00:00+00:00
1764687600000,0.2471,0.2572,0.2468,0.2547,1140645.8,1764691200000,288045.85834,1773,2025-12-02 15:00:00+00:00
1764691200000,0.2546,0.2562,0.2511,0.2545,424552.2,1764694800000,107566.64928,908,2025-12-02 16:00:00+00:00
1764694800000,0.2545,0.259,0.2543,0.2557,471493.4,1764698400000,120926.18815,791,2025-12-02 17:00:00+00:00
1764698400000,0.256,0.259,0.2559,0.2589,194920.1,1764702000000,50145.34721,376,2025-12-02 18:00:00+00:00
1764702000000,0.2589,0.2607,0.2572,0.2572,178220.9,1764705600000,46176.04537,452,2025-12-02 19:00:00+00:00
1764705600000,0.2574,0.2579,0.251,0.2552,683936.1,1764709200000,173293.45213,845,2025-12-02 20:00:00+00:00
1764709200000,0.2551,0.2565,0.2544,0.2555,194396.5,1764712800000,49713.04041,539,2025-12-02 21:00:00+00:00
1764712800000,0.2555,0.2575,0.2554,0.2572,140243.5,1764716400000,35958.45169,349,2025-12-02 22:00:00+00:00
1764716400000,0.2573,0.2574,0.2539,0.2539,105726.5,1764720000000,27002.78501,424,2025-12-02 23:00:00+00:00
1764720000000,0.254,0.2552,0.2519,0.2535,103558.7,1764723600000,26302.68969,518,2025-12-03 00:00:00+00:00
1764723600000,0.2535,0.2545,0.2529,0.2533,90518.9,1764727200000,22955.17783,399,2025-12-03 01:00:00+00:00
1764727200000,0.2533,0.256,0.253,0.2536,245305.7,1764730800000,62455.27557,757,2025-12-03 02:00:00+00:00
1764730800000,0.2536,0.255,0.2517,0.2519,96881.3,1764734400000,24555.41339,384,2025-12-03 03:00:00+00:00
1764734400000,0.2517,0.2547,0.2514,0.2536,158656.9,1764738000000,40110.25094,694,2025-12-03 04:00:00+00:00
1764738000000,0.2538,0.2555,0.2538,0.254,243652.3,1764741600000,62040.17344,805,2025-12-03 05:00:00+00:00
1764741600000,0.2541,0.2557,0.2508,0.2521,223021.1,1764745200000,56489.12172,873,2025-12-03 06:00:00+00:00
1764745200000,0.2521,0.2521,0.2505,0.2513,135848.6,1764748800000,34163.08517,436,2025-12-03 07:00:00+00:00
1764748800000,0.2514,0.2522,0.2491,0.2495,581738.9,1764752400000,146064.14537,1292,2025-12-03 08:00:00+00:00
1764752400000,0.2495,0.251,0.2468,0.2506,377651.7,1764756000000,94084.30781,1135,2025-12-03 09:00:00+00:00
1764756000000,0.2505,0.2514,0.2486,0.2488,282137.5,1764759600000,70529.74591,816,2025-12-03 10:00:00+00:00
1764759600000,0.2488,0.2501,0.248,0.2496,203365.0,1764763200000,50602.52222,710,2025-12-03 11:00:00+00:00
1764763200000,0.2496,0.2505,0.248,0.2501,134172.6,1764766800000,33458.79595,890,2025-12-03 12:00:00+00:00
1764766800000,0.25,0.252,0.2491,0.2518,303871.3,1764770400000,76088.66464,916,2025-12-03 13:00:00+00:00
1764770400000,0.2518,0.2561,0.245,0.2502,1119838.3,1764774000000,280400.27303,4302,2025-12-03 14:00:00+00:00
1764774000000,0.2502,0.255,0.2501,0.2539,453268.1,1764777600000,114400.29482,2014,2025-12-03 15:00:00+00:00
1764777600000,0.2541,0.256,0.2526,0.2531,250958.1,1764781200000,63780.6185,1025,2025-12-03 16:00:00+00:00
1764781200000,0.2532,0.2563,0.2527,0.2559,222764.8,1764784800000,56737.03703,761,2025-12-03 17:00:00+00:00
1764784800000,0.2559,0.2582,0.2546,0.2552,305023.0,1764788400000,78213.28124,955,2025-12-03 18:00:00+00:00
1764788400000,0.2553,0.2571,0.2549,0.2565,420493.0,1764792000000,107779.74321,857,2025-12-03 19:00:00+00:00
1764792000000,0.2564,0.2579,0.2555,0.256,135391.4,1764795600000,34731.17516,523,2025-12-03 20:00:00+00:00
1764795600000,0.256,0.2584,0.2558,0.258,121079.0,1764799200000,31103.68939,498,2025-12-03 21:00:00+00:00
1764799200000,0.2583,0.2588,0.2548,0.2576,243337.1,1764802800000,62458.72507,664,2025-12-03 22:00:00+00:00
1764802800000,0.2574,0.2597,0.2553,0.2557,166095.6,1764806400000,42797.51492,653,2025-12-03 23:00:00+00:00
1764806400000,0.2558,0.2565,0.2527,0.2536,190572.2,1764810000000,48366.59339,750,2025-12-04 00:00:00+00:00
1764810000000,0.2535,0.2564,0.2525,0.2532,350546.4,1764813600000,89278.48739,929,2025-12-04 01:00:00+00:00
1764813600000,0.2533,0.2586,0.253,0.2575,330343.6,1764817200000,84967.40965,780,2025-12-04 02:00:00+00:00
1764817200000,0.2574,0.2609,0.2568,0.2576,430767.3,1764820800000,111602.73506,1377,2025-12-04 03:00:00+00:00
1764820800000,0.2576,0.2637,0.2572,0.2634,597036.1,1764824400000,155842.68692,1336,2025-12-04 04:00:00+00:00
1764824400000,0.2634,0.2656,0.26,0.2618,659293.6,1764828000000,173050.14659,1859,2025-12-04 05:00:00+00:00
1764828000000,0.2618,0.263,0.2582,0.2622,536944.8,1764831600000,140032.91064,1358,2025-12-04 06:00:00+00:00
1764831600000,0.2623,0.2625,0.2586,0.2609,284261.7,1764835200000,74009.46284,740,2025-12-04 07:00:00+00:00
1764835200000,0.2609,0.2612,0.2576,0.2585,234090.5,1764838800000,60737.82571,788,2025-12-04 08:00:00+00:00
1764838800000,0.2585,0.2629,0.2585,0.2608,215909.9,1764842400000,56320.90446,664,2025-12-04 09:00:00+00:00
1764842400000,0.2608,0.2624,0.2595,0.2603,176717.2,1764846000000,46207.2969,595,2025-12-04 10:00:00+00:00
1764846000000,0.2603,0.2606,0.2579,0.2588,206648.6,1764849600000,53534.09098,583,2025-12-04 11:00:00+00:00
1764849600000,0.2588,0.2597,0.2571,0.2584,84722.6,1764853200000,21875.54458,386,2025-12-04 12:00:00+00:00
1764853200000,0.2585,0.2596,0.2555,0.2559,214661.0,1764856800000,55290.94368,746,2025-12-04 13:00:00+00:00
1764856800000,0.2558,0.2575,0.253,0.2534,308336.9,1764860400000,78841.01801,1259,2025-12-04 14:00:00+00:00
1764860400000,0.2534,0.261,0.2534,0.2587,273521.4,1764864000000,70489.48082,1183,2025-12-04 15:00:00+00:00
1764864000000,0.2586,0.2589,0.2528,0.2535,471298.8,1764867600000,120963.0774,1372,2025-12-04 16:00:00+00:00
1764867600000,0.2535,0.254,0.2501,0.2531,386771.9,1764871200000,97413.09466,973,2025-12-04 17:00:00+00:00
1764871200000,0.2533,0.2545,0.25,0.2503,282046.1,1764874800000,71000.40852,752,2025-12-04 18:00:00+00:00
1764874800000,0.2504,0.2504,0.2432,0.2489,560922.2,1764878400000,138260.468,1889,2025-12-04 19:00:00+00:00
1764878400000,0.249,0.2497,0.246,0.2487,363170.7,1764882000000,90007.72009,827,2025-12-04 20:00:00+00:00
1764882000000,0.2486,0.2496,0.2452,0.2453,213258.5,1764885600000,52614.11762,596,2025-12-04 21:00:00+00:00
1764885600000,0.2454,0.2473,0.2453,0.2461,224576.8,1764889200000,55309.1527,600,2025-12-04 22:00:00+00:00
1764889200000,0.2461,0.2461,0.243,0.2448,314490.0,1764892800000,76947.7807,1041,2025-12-04 23:00:00+00:00
1764892800000,0.2447,0.2459,0.2425,0.2445,218728.1,1764896400000,53507.06059,790,2025-12-05 00:00:00+00:00
1764896400000,0.2444,0.2463,0.2439,0.2442,141396.2,1764900000000,34693.25242,486,2025-12-05 01:00:00+00:00
1764900000000,0.2442,0.2466,0.2438,0.2445,190032.0,1764903600000,46615.34034,689,2025-12-05 02:00:00+00:00
1764903600000,0.2444,0.2449,0.2421,0.2423,233217.2,1764907200000,56718.52531,621,2025-12-05 03:00:00+00:00
1764907200000,0.2426,0.243,0.2399,0.242,249065.1,1764910800000,60154.20057,780,2025-12-05 04:00:00+00:00
1764910800000,0.2421,0.2421,0.2408,0.2418,94190.6,1764914400000,22757.64068,326,2025-12-05 05:00:00+00:00
1764914400000,0.2419,0.2451,0.2418,0.2451,216766.4,1764918000000,52758.05778,695,2025-12-05 06:00:00+00:00
1764918000000,0.2451,0.247,0.2448,0.2458,171994.4,1764921600000,42256.37345,567,2025-12-05 07:00:00+00:00
1764921600000,0.2457,0.2457,0.2421,0.2431,147467.0,1764925200000,35897.98425,555,2025-12-05 08:00:00+00:00
1764925200000,0.2429,0.2429,0.2385,0.2395,177018.3,1764928800000,42440.9694,594,2025-12-05 09:00:00+00:00
1764928800000,0.2395,0.2413,0.2391,0.2401,136784.3,1764932400000,32861.69392,438,2025-12-05 10:00:00+00:00
1764932400000,0.24,0.2403,0.2371,0.238,147077.2,1764936000000,35089.65508,466,2025-12-05 11:00:00+00:00
1764936000000,0.2379,0.2396,0.2368,0.2389,269789.3,1764939600000,64219.52576,681,2025-12-05 12:00:00+00:00
1764939600000,0.2389,0.2401,0.2356,0.2357,611956.5,1764943200000,145008.71614,1079,2025-12-05 13:00:00+00:00
1764943200000,0.2358,0.2368,0.2341,0.2349,260333.1,1764946800000,61247.93175,917,2025-12-05 14:00:00+00:00
1764946800000,0.235,0.241,0.2336,0.2344,531151.6,1764950400000,126272.7819,1776,2025-12-05 15:00:00+00:00
1764950400000,0.2345,0.2345,0.223,0.2265,1378260.4,1764954000000,314695.0027,3700,2025-12-05 16:00:00+00:00
1764954000000,0.2264,0.2285,0.2237,0.2263,536545.5,1764957600000,121213.31554,1848,2025-12-05 17:00:00+00:00
1764957600000,0.2262,0.2281,0.2217,0.2225,297732.4,1764961200000,66865.73525,1166,2025-12-05 18:00:00+00:00
1764961200000,0.2224,0.2244,0.2192,0.223,314057.2,1764964800000,69583.74827,1110,2025-12-05 19:00:00+00:00
1764964800000,0.2229,0.2232,0.22,0.2206,687274.3,1764968400000,152571.09453,996,2025-12-05 20:00:00+00:00
1764968400000,0.2206,0.2234,0.2206,0.223,368405.8,1764972000000,81764.82318,828,2025-12-05 21:00:00+00:00
1764972000000,0.2232,0.2248,0.2222,0.2242,204140.1,1764975600000,45587.33546,566,2025-12-05 22:00:00+00:00
1764975600000,0.224,0.2242,0.2221,0.224,128876.8,1764979200000,28775.05858,445,2025-12-05 23:00:00+00:00
1764979200000,0.2238,0.2239,0.222,0.223,155071.3,1764982800000,34598.75477,374,2025-12-06 00:00:00+00:00
1764982800000,0.223,0.2265,0.2226,0.2255,156503.4,1764986400000,35152.64713,401,2025-12-06 01:00:00+00:00
1764986400000,0.2255,0.2272,0.225,0.2251,189017.4,1764990000000,42722.91977,443,2025-12-06 02:00:00+00:00
1764990000000,0.2253,0.2276,0.2253,0.2264,98456.9,1764993600000,22320.60856,293,2025-12-06 03:00:00+00:00
1764993600000,0.2265,0.2265,0.2232,0.2233,77453.5,1764997200000,17373.40897,250,2025-12-06 04:00:00+00:00
1764997200000,0.2234,0.2237,0.2216,0.2216,43361.1,1765000800000,9670.52468,183,2025-12-06 05:00:00+00:00
1765000800000,0.2217,0.2231,0.2208,0.2231,118980.0,1765004400000,26415.66037,355,2025-12-06 06:00:00+00:00
1765004400000,0.2231,0.224,0.2218,0.2229,220691.0,1765008000000,49142.40111,608,2025-12-06 07:00:00+00:00
1765008000000,0.2228,0.2238,0.2216,0.2218,221819.1,1765011600000,49465.83347,541,2025-12-06 08:00:00+00:00
1765011600000,0.2219,0.2229,0.221,0.2216,200277.4,1765015200000,44458.28608,540,2025-12-06 09:00:00+00:00
1765015200000,0.2215,0.2215,0.2192,0.2198,213274.0,1765018800000,47049.7148,477,2025-12-06 10:00:00+00:00
1765018800000,0.2197,0.2234,0.2189,0.223,160938.7,1765022400000,35629.78443,517,2025-12-06 11:00:00+00:00
1765022400000,0.223,0.2244,0.2228,0.2233,100832.5,1765026000000,22548.03959,434,2025-12-06 12:00:00+00:00
1765026000000,0.2233,0.2252,0.2231,0.2234,88724.4,1765029600000,19894.26856,336,2025-12-06 13:00:00+00:00
1765029600000,0.2234,0.2269,0.2228,0.2243,415331.9,1765033200000,93370.97398,843,2025-12-06 14:00:00+00:00
1765033200000,0.2242,0.2244,0.2216,0.2237,124417.0,1765036800000,27783.14819,472,2025-12-06 15:00:00+00:00
1765036800000,0.2236,0.2266,0.2235,0.2259,149807.8,1765040400000,33743.87628,474,2025-12-06 16:00:00+00:00
1765040400000,0.2259,0.2304,0.2259,0.2304,459998.8,1765044000000,105028.85132,947,2025-12-06 17:00:00+00:00
1765044000000,0.2304,0.2313,0.2289,0.2294,114357.7,1765047600000,26342.4295,428,2025-12-06 18:00:00+00:00
1765047600000,0.2293,0.2299,0.2271,0.2277,320660.9,1765051200000,73098.9701,630,2025-12-06 19:00:00+00:00
1765051200000,0.2278,0.2292,0.2278,0.2291,126993.2,1765054800000,29036.68199,292,2025-12-06 20:00:00+00:00
1765054800000,0.229,0.2343,0.2287,0.234,632628.6,1765058400000,146714.49888,1469,2025-12-06 21:00:00+00:00
1765058400000,0.234,0.2353,0.2316,0.2325,337736.6,1765062000000,78875.55828,529,2025-12-06 22:00:00+00:00
1765062000000,0.2324,0.2332,0.231,0.2322,160392.4,1765065600000,37260.06505,700,2025-12-06 23:00:00+00:00
1765065600000,0.2322,0.2328,0.2305,0.2315,171724.0,1765069200000,39801.20187,627,2025-12-07 00:00:00+00:00
1765069200000,0.2315,0.2317,0.2292,0.2295,134291.7,1765072800000,30930.88121,470,2025-12-07 01:00:00+00:00
1765072800000,0.2297,0.2317,0.2293,0.2311,66297.7,1765076400000,15284.92172,246,2025-12-07 02:00:00+00:00
1765076400000,0.231,0.2316,0.2305,0.2309,86310.1,1765080000000,19945.60177,227,2025-12-07 03:00:00+00:00
1765080000000,0.2308,0.2318,0.2299,0.2302,94690.6,1765083600000,21878.70888,293,2025-12-07 04:00:00+00:00
1765083600000,0.2301,0.2309,0.2294,0.2304,42655.2,1765087200000,9814.99647,192,2025-12-07 05:00:00+00:00
1765087200000,0.2303,0.2312,0.2302,0.2304,34014.3,1765090800000,7849.27283,137,2025-12-07 06:00:00+00:00
1765090800000,0.2305,0.2306,0.2254,0.2262,327387.7,1765094400000,74547.81509,601,2025-12-07 07:00:00+00:00
1765094400000,0.2262,0.2267,0.2247,0.2248,166154.7,1765098000000,37471.04727,459,2025-12-07 08:00:00+00:00
1765098000000,0.2248,0.2253,0.2233,0.2238,121299.3,1765101600000,27164.34663,355,2025-12-07 09:00:00+00:00
1765101600000,0.2238,0.2248,0.2229,0.2244,259628.1,1765105200000,58142.27932,556,2025-12-07 10:00:00+00:00
1765105200000,0.2244,0.226,0.2237,0.2239,107725.3,1765108800000,24194.90907,333,2025-12-07 11:00:00+00:00
1765108800000,0.2239,0.2259,0.2237,0.2251,93331.8,1765112400000,20993.28588,438,2025-12-07 12:00:00+00:00
1765112400000,0.225,0.225,0.2217,0.2221,218037.5,1765116000000,48540.77889,667,2025-12-07 13:00:00+00:00
1765116000000,0.222,0.2221,0.2127,0.2155,1937724.3,1765119600000,417827.47332,3774,2025-12-07 14:00:00+00:00
1765119600000,0.2154,0.2228,0.2151,0.2217,658984.3,1765123200000,145065.44131,1707,2025-12-07 15:00:00+00:00
1765123200000,0.2216,0.2216,0.2173,0.2191,384974.3,1765126800000,84458.50793,1124,2025-12-07 16:00:00+00:00
1765126800000,0.2191,0.2253,0.2174,0.2244,580548.8,1765130400000,128702.55955,1840,2025-12-07 17:00:00+00:00
1765130400000,0.2244,0.2264,0.2235,0.2241,288066.5,1765134000000,64861.2677,982,2025-12-07 18:00:00+00:00
1765134000000,0.2242,0.2249,0.2225,0.2249,79163.3,1765137600000,17696.35302,311,2025-12-07 19:00:00+00:00
1765137600000,0.225,0.2251,0.2237,0.2244,99590.7,1765141200000,22322.77468,300,2025-12-07 20:00:00+00:00
1765141200000,0.2244,0.2244,0.2166,0.2181,241288.9,1765144800000,53242.67542,752,2025-12-07 21:00:00+00:00
1765144800000,0.218,0.218,0.2114,0.2151,407915.7,1765148400000,87401.88894,1346,2025-12-07 22:00:00+00:00
1765148400000,0.2149,0.2149,0.2123,0.2146,193801.0,1765152000000,41446.13085,750,2025-12-07 23:00:00+00:00
1765152000000,0.2145,0.2145,0.2122,0.2128,219382.5,1765155600000,46743.11905,852,2025-12-08 00:00:00+00:00
1765155600000,0.2129,0.2195,0.2125,0.2164,354324.6,1765159200000,76857.96806,1011,2025-12-08 01:00:00+00:00
1765159200000,0.2164,0.22,0.2158,0.2191,796446.6,1765162800000,174265.61173,1148,2025-12-08 02:00:00+00:00
1765162800000,0.2193,0.2217,0.219,0.2203,293749.2,1765166400000,64844.88328,655,2025-12-08 03:00:00+00:00
1765166400000,0.2204,0.2229,0.2202,0.2211,110748.4,1765170000000,24531.47895,441,2025-12-08 04:00:00+00:00
1765170000000,0.2211,0.2214,0.2201,0.2208,93511.2,1765173600000,20635.05886,302,2025-12-08 05:00:00+00:00
1765173600000,0.2209,0.2224,0.2203,0.2213,52935.4,1765177200000,11724.91869,266,2025-12-08 06:00:00+00:00
1765177200000,0.2212,0.223,0.2207,0.2217,184376.9,1765180800000,40865.02884,756,2025-12-08 07:00:00+00:00
1765180800000,0.2217,0.2231,0.2212,0.2223,358208.4,1765184400000,79635.98916,780,2025-12-08 08:00:00+00:00
1765184400000,0.2223,0.2253,0.2216,0.222,375734.4,1765188000000,84041.31106,1278,2025-12-08 09:00:00+00:00
1765188000000,0.2221,0.2222,0.2206,0.2216,71962.7,1765191600000,15928.8731,394,2025-12-08 10:00:00+00:00
1765191600000,0.2216,0.2221,0.2188,0.2197,109405.5,1765195200000,24096.70458,485,2025-12-08 11:00:00+00:00
1765195200000,0.2197,0.2199,0.2183,0.2198,233374.2,1765198800000,51138.65817,710,2025-12-08 12:00:00+00:00
1765198800000,0.2197,0.2208,0.2173,0.2178,156528.5,1765202400000,34265.58203,537,2025-12-08 13:00:00+00:00
1765202400000,0.2176,0.2221,0.216,0.2189,1335482.3,1765206000000,293053.30302,2351,2025-12-08 14:00:00+00:00
1765206000000,0.2191,0.2227,0.2191,0.2205,1969045.5,1765209600000,435047.35099,3410,2025-12-08 15:00:00+00:00
1765209600000,0.2204,0.2252,0.219,0.2214,238089.8,1765213200000,52914.59822,1358,2025-12-08 16:00:00+00:00
1765213200000,0.2215,0.2235,0.2194,0.2216,186352.7,1765216800000,41236.09196,857,2025-12-08 17:00:00+00:00
1765216800000,0.2216,0.2252,0.2189,0.2201,655938.9,1765220400000,146263.34211,1587,2025-12-08 18:00:00+00:00
1765220400000,0.2202,0.2243,0.2202,0.2226,527154.5,1765224000000,117123.61341,1200,2025-12-08 19:00:00+00:00
1765224000000,0.2227,0.224,0.2219,0.2235,187897.8,1765227600000,41923.66265,674,2025-12-08 20:00:00+00:00
1765227600000,0.2235,0.2249,0.2223,0.2248,135819.9,1765231200000,30399.24984,451,2025-12-08 21:00:00+00:00
1765231200000,0.2248,0.2251,0.2225,0.2233,68747.4,1765234800000,15375.15844,222,2025-12-08 22:00:00+00:00
1765234800000,0.2233,0.2239,0.2215,0.2238,83189.3,1765238400000,18511.04621,395,2025-12-08 23:00:00+00:00
1765238400000,0.224,0.2245,0.2222,0.2228,139098.0,1765242000000,31080.47605,488,2025-12-09 00:00:00+00:00
1765242000000,0.2229,0.2235,0.2211,0.2219,91430.9,1765245600000,20333.75103,478,2025-12-09 01:00:00+00:00
1765245600000,0.2217,0.2234,0.2217,0.2221,81898.3,1765249200000,18221.90679,360,2025-12-09 02:00:00+00:00
1765249200000,0.2221,0.2267,0.2217,0.2256,331543.4,1765252800000,74531.94018,1029,2025-12-09 03:00:00+00:00
1765252800000,0.2257,0.2259,0.2233,0.2238,106223.4,1765256400000,23845.52577,497,2025-12-09 04:00:00+00:00
1765256400000,0.2239,0.2274,0.2235,0.2271,212708.9,1765260000000,48004.02004,912,2025-12-09 05:00:00+00:00
1765260000000,0.2272,0.2335,0.2268,0.2314,1783537.8,1765263600000,411587.90156,4729,2025-12-09 06:00:00+00:00
1765263600000,0.2313,0.2341,0.225,0.2257,1013587.5,1765267200000,231483.56893,3211,2025-12-09 07:00:00+00:00
1765267200000,0.2258,0.2269,0.2242,0.2248,314626.3,1765270800000,70931.62843,921,2025-12-09 08:00:00+00:00
1765270800000,0.2247,0.2247,0.2228,0.2241,104885.4,1765274400000,23446.8719,397,2025-12-09 09:00:00+00:00
1765274400000,0.2241,0.231,0.224,0.23,576254.3,1765278000000,131249.38127,1391,2025-12-09 10:00:00+00:00
1765278000000,0.2301,0.2322,0.229,0.2301,888365.3,1765281600000,205032.2186,1783,2025-12-09 11:00:00+00:00
1765281600000,0.23,0.2439,0.2294,0.2409,4210205.9,1765285200000,1007908.64018,17301,2025-12-09 12:00:00+00:00
1765285200000,0.2408,0.2537,0.2361,0.2436,8027066.3,1765288800000,1964083.24548,29481,2025-12-09 13:00:00+00:00
1765288800000,0.2437,0.2442,0.2339,0.2354,2988246.1,1765292400000,715610.87204,8483,2025-12-09 14:00:00+00:00
1765292400000,0.2354,0.2441,0.2353,0.2411,1742764.2,1765296000000,417350.94905,5098,2025-12-09 15:00:00+00:00
1765296000000,0.241,0.2472,0.2406,0.2463,1559698.1,1765299600000,380346.91754,4355,2025-12-09 16:00:00+00:00
1765299600000,0.2464,0.2481,0.2433,0.2442,1038903.4,1765303200000,254889.52522,2786,2025-12-09 17:00:00+00:00
1765303200000,0.2442,0.2473,0.2437,0.2456,522897.7,1765306800000,128337.02999,1218,2025-12-09 18:00:00+00:00
1765306800000,0.2457,0.2499,0.2443,0.2455,1076004.0,1765310400000,265545.2081,2893,2025-12-09 19:00:00+00:00
1765310400000,0.2454,0.2454,0.2394,0.2418,408609.7,1765314000000,98786.23895,1175,2025-12-09 20:00:00+00:00
1765314000000,0.2416,0.2438,0.2377,0.2402,429943.3,1765317600000,103473.36847,1136,2025-12-09 21:00:00+00:00
1765317600000,0.2403,0.2424,0.2401,0.2411,260351.6,1765321200000,62803.54974,693,2025-12-09 22:00:00+00:00
1765321200000,0.2408,0.2412,0.2387,0.2387,216907.2,1765324800000,51941.05166,488,2025-12-09 23:00:00+00:00
1765324800000,0.2387,0.24,0.2343,0.2344,303419.4,1765328400000,71895.21736,968,2025-12-10 00:00:00+00:00
1765328400000,0.2345,0.2352,0.2332,0.2334,180153.6,1765332000000,42175.71879,570,2025-12-10 01:00:00+00:00
1765332000000,0.2333,0.2368,0.2326,0.2368,163631.3,1765335600000,38438.98049,462,2025-12-10 02:00:00+00:00
1765335600000,0.2366,0.2371,0.2354,0.2359,125153.4,1765339200000,29550.0015,337,2025-12-10 03:00:00+00:00
1765339200000,0.236,0.2405,0.235,0.2379,353764.5,1765342800000,84377.45262,908,2025-12-10 04:00:00+00:00
1765342800000,0.2378,0.2388,0.2371,0.2376,185263.9,1765346400000,44083.95156,407,2025-12-10 05:00:00+00:00
1765346400000,0.2377,0.2381,0.2364,0.2366,100867.5,1765350000000,23946.43925,291,2025-12-10 06:00:00+00:00
1765350000000,0.2363,0.2363,0.233,0.2347,165664.6,1765353600000,38839.37127,555,2025-12-10 07:00:00+00:00
1765353600000,0.2346,0.2348,0.2325,0.2329,339467.6,1765357200000,79247.73899,757,2025-12-10 08:00:00+00:00
1765357200000,0.2327,0.2329,0.2312,0.2326,183550.0,1765360800000,42566.28416,600,2025-12-10 09:00:00+00:00
1765360800000,0.2325,0.2349,0.2293,0.2297,319446.4,1765364400000,73949.06121,901,2025-12-10 10:00:00+00:00
1765364400000,0.2296,0.2312,0.2281,0.2294,246837.8,1765368000000,56644.24015,810,2025-12-10 11:00:00+00:00
1765368000000,0.2294,0.2297,0.2262,0.2276,305824.0,1765371600000,69549.91835,703,2025-12-10 12:00:00+00:00
1765371600000,0.2275,0.2301,0.2273,0.2296,137340.1,1765375200000,31482.41048,644,2025-12-10 13:00:00+00:00
1765375200000,0.2295,0.2307,0.2284,0.2301,190785.1,1765378800000,43813.63175,635,2025-12-10 14:00:00+00:00
1765378800000,0.23,0.2327,0.2298,0.2309,345084.9,1765382400000,79870.14018,901,2025-12-10 15:00:00+00:00
1765382400000,0.2309,0.2326,0.2303,0.231,183921.7,1765386000000,42531.25447,552,2025-12-10 16:00:00+00:00
1765386000000,0.2309,0.2333,0.2306,0.232,214312.5,1765389600000,49783.66079,557,2025-12-10 17:00:00+00:00
1765389600000,0.2319,0.2364,0.2304,0.2332,400696.6,1765393200000,93596.36862,1129,2025-12-10 18:00:00+00:00
1765393200000,0.2331,0.2386,0.23,0.237,2282513.3,1765396800000,537909.59935,4798,2025-12-10 19:00:00+00:00
1765396800000,0.2371,0.244,0.2351,0.2363,942101.6,1765400400000,225496.3037,2976,2025-12-10 20:00:00+00:00
1765400400000,0.2362,0.2371,0.232,0.2322,328444.2,1765404000000,77191.78602,1200,2025-12-10 21:00:00+00:00
1765404000000,0.2321,0.2347,0.2278,0.2339,364207.8,1765407600000,84414.89273,769,2025-12-10 22:00:00+00:00
1765407600000,0.2335,0.2358,0.2329,0.2331,124147.6,1765411200000,29127.05185,446,2025-12-10 23:00:00+00:00
1765411200000,0.2332,0.2332,0.2252,0.2266,214151.4,1765414800000,49045.68823,916,2025-12-11 00:00:00+00:00
1765414800000,0.2266,0.2273,0.2233,0.2249,370204.2,1765418400000,83477.89691,1180,2025-12-11 01:00:00+00:00
1765418400000,0.2249,0.2254,0.2214,0.222,324458.1,1765422000000,72670.58807,1041,2025-12-11 02:00:00+00:00
1765422000000,0.2219,0.2219,0.2184,0.2188,410447.2,1765425600000,90225.40127,1209,2025-12-11 03:00:00+00:00
1765425600000,0.2187,0.2238,0.2179,0.2223,182541.0,1765429200000,40407.03085,607,2025-12-11 04:00:00+00:00
1765429200000,0.2222,0.2253,0.2216,0.2239,477684.0,1765432800000,106811.86826,728,2025-12-11 05:00:00+00:00
1765432800000,0.2239,0.2241,0.2226,0.2231,95374.0,1765436400000,21285.00302,357,2025-12-11 06:00:00+00:00
1765436400000,0.2231,0.2232,0.2216,0.2222,71518.2,1765440000000,15915.57095,311,2025-12-11 07:00:00+00:00
1765440000000,0.2221,0.2233,0.2216,0.2227,183015.4,1765443600000,40723.34026,539,2025-12-11 08:00:00+00:00
1765443600000,0.2226,0.2252,0.2225,0.2232,195138.3,1765447200000,43729.01168,584,2025-12-11 09:00:00+00:00
1765447200000,0.2232,0.226,0.2231,0.2253,125335.6,1765450800000,28081.35187,376,2025-12-11 10:00:00+00:00
1765450800000,0.2252,0.2294,0.2247,0.2263,472762.2,1765454400000,107614.8902,1089,2025-12-11 11:00:00+00:00
1765454400000,0.2263,0.2326,0.2259,0.2321,774062.7,1765458000000,178368.02967,2066,2025-12-11 12:00:00+00:00
1765458000000,0.2319,0.2442,0.2309,0.2355,2865078.3,1765461600000,682562.66439,6225,2025-12-11 13:00:00+00:00
1765461600000,0.2355,0.2494,0.2353,0.2422,3884800.7,1765465200000,945732.90584,8659,2025-12-11 14:00:00+00:00
1765465200000,0.2421,0.2455,0.2379,0.2401,1398566.3,1765468800000,338403.55739,3601,2025-12-11 15:00:00+00:00
1765468800000,0.2403,0.2439,0.2364,0.2386,1117624.0,1765472400000,268635.20727,3334,2025-12-11 16:00:00+00:00
1765472400000,0.2386,0.2548,0.2383,0.2502,5335014.9,1765476000000,1332584.53759,12477,2025-12-11 17:00:00+00:00
1765476000000,0.2502,0.2653,0.2476,0.2646,5545803.0,1765479600000,1426864.85097,12650,2025-12-11 18:00:00+00:00
1765479600000,0.2645,0.2746,0.2492,0.2515,9082336.2,1765483200000,2396371.69138,24651,2025-12-11 19:00:00+00:00
1765483200000,0.2515,0.2579,0.2496,0.253,2565008.6,1765486800000,650151.84683,7188,2025-12-11 20:00:00+00:00
1765486800000,0.2529,0.2718,0.2529,0.2705,3477631.2,1765490400000,916871.38327,8589,2025-12-11 21:00:00+00:00
1765490400000,0.2705,0.2735,0.262,0.2634,3632368.4,1765494000000,970924.56289,7897,2025-12-11 22:00:00+00:00
1765494000000,0.2635,0.281,0.2623,0.2732,5089050.2,1765497600000,1387811.67276,8652,2025-12-11 23:00:00+00:00
1765497600000,0.2733,0.2768,0.2636,0.2642,4630671.8,1765501200000,1246611.88176,7027,2025-12-12 00:00:00+00:00
1765501200000,0.2644,0.2667,0.255,0.2599,3717094.8,1765504800000,963811.43655,4808,2025-12-12 01:00:00+00:00
1765504800000,0.2598,0.2716,0.2589,0.2695,3142703.8,1765508400000,835746.3392,4403,2025-12-12 02:00:00+00:00
1765508400000,0.2696,0.2967,0.2693,0.2938,7030929.2,1765512000000,1989333.83554,12239,2025-12-12 03:00:00+00:00
1765512000000,0.2938,0.3043,0.2761,0.2801,12144833.6,1765515600000,3534522.52474,17129,2025-12-12 04:00:00+00:00
1765515600000,0.2802,0.2806,0.2632,0.2652,3548277.9,1765519200000,957645.66252,7197,2025-12-12 05:00:00+00:00
1765519200000,0.2653,0.267,0.2576,0.2603,2952255.7,1765522800000,774265.33498,4293,2025-12-12 06:00:00+00:00
1765522800000,0.2603,0.2616,0.2556,0.2577,1669041.5,1765526400000,431098.60749,3520,2025-12-12 07:00:00+00:00
1765526400000,0.2576,0.2662,0.2476,0.2493,4555757.8,1765530000000,1162801.30478,9056,2025-12-12 08:00:00+00:00
1765530000000,0.2494,0.2524,0.2466,0.2516,1533722.7,1765533600000,382949.52225,3340,2025-12-12 09:00:00+00:00
1765533600000,0.2516,0.2533,0.2482,0.2514,1176124.1,1765537200000,294778.63979,2698,2025-12-12 10:00:00+00:00
1765537200000,0.2514,0.263,0.2481,0.2626,3492053.3,1765540800000,895362.69821,4869,2025-12-12 11:00:00+00:00
1765540800000,0.2626,0.2759,0.2607,0.2653,7677914.2,1765544400000,2051480.84476,15372,2025-12-12 12:00:00+00:00
1765544400000,0.2653,0.2739,0.2635,0.2733,1892277.4,1765548000000,506683.63874,5359,2025-12-12 13:00:00+00:00
1765548000000,0.2734,0.2738,0.2629,0.2658,1777936.4,1765551600000,475024.2843,4791,2025-12-12 14:00:00+00:00
1765551600000,0.2657,0.2698,0.2569,0.259,2646844.3,1765555200000,699326.08703,4745,2025-12-12 15:00:00+00:00
1765555200000,0.2588,0.2617,0.2538,0.2541,1159038.4,1765558800000,299183.15053,2991,2025-12-12 16:00:00+00:00
1765558800000,0.2541,0.2647,0.2541,0.26,2153561.0,1765562400000,557860.40051,3016,2025-12-12 17:00:00+00:00
1765562400000,0.2602,0.2683,0.26,0.2653,1813455.3,1765566000000,480741.45963,2420,2025-12-12 18:00:00+00:00
1765566000000,0.2653,0.2682,0.2619,0.2631,1032196.9,1765569600000,273408.52489,1595,2025-12-12 19:00:00+00:00
1765569600000,0.263,0.2654,0.2604,0.264,1260694.0,1765573200000,331131.29031,1848,2025-12-12 20:00:00+00:00
1765573200000,0.2639,0.2661,0.263,0.2639,526077.9,1765576800000,139144.06953,1037,2025-12-12 21:00:00+00:00
1765576800000,0.2639,0.274,0.2637,0.2712,1104759.6,1765580400000,297636.79557,1513,2025-12-12 22:00:00+00:00
1765580400000,0.2711,0.2712,0.2648,0.2658,828832.4,1765584000000,222487.08617,1711,2025-12-12 23:00:00+00:00
1765584000000,0.2659,0.2872,0.2658,0.2822,8809362.3,1765587600000,2460452.99744,12552,2025-12-13 00:00:00+00:00
1765587600000,0.2822,0.293,0.2702,0.2722,6640602.3,1765591200000,1891511.29867,9377,2025-12-13 01:00:00+00:00
1765591200000,0.272,0.279,0.2701,0.2768,2115713.6,1765594800000,579303.42799,2742,2025-12-13 02:00:00+00:00
1765594800000,0.2766,0.2802,0.2741,0.2749,1260900.1,1765598400000,349212.93463,2226,2025-12-13 03:00:00+00:00
1765598400000,0.2751,0.2773,0.2718,0.2743,1105687.3,1765602000000,303604.42686,1986,2025-12-13 04:00:00+00:00
1765602000000,0.2742,0.2759,0.2615,0.262,2147344.9,1765605600000,575767.22164,3079,2025-12-13 05:00:00+00:00
1765605600000,0.2622,0.2628,0.2552,0.2607,2428991.4,1765609200000,629466.12029,3319,2025-12-13 06:00:00+00:00
1765609200000,0.2608,0.2641,0.2596,0.2615,1063227.0,1765612800000,278445.58298,1859,2025-12-13 07:00:00+00:00
1765612800000,0.2615,0.2631,0.2595,0.2615,939238.4,1765616400000,245687.28288,1561,2025-12-13 08:00:00+00:00
1765616400000,0.2616,0.2703,0.2615,0.2684,1989316.6,1765620000000,531358.83136,3111,2025-12-13 09:00:00+00:00
1765620000000,0.2684,0.276,0.2684,0.2718,1931948.0,1765623600000,526762.74001,3854,2025-12-13 10:00:00+00:00
1765623600000,0.2717,0.2726,0.2689,0.2711,1162150.4,1765627200000,314798.29385,2479,2025-12-13 11:00:00+00:00
1765627200000,0.2711,0.2718,0.2633,0.2653,1094577.1,1765630800000,292811.49302,2252,2025-12-13 12:00:00+00:00
1765630800000,0.2654,0.2665,0.2616,0.2647,1291111.8,1765634400000,340825.5693,2360,2025-12-13 13:00:00+00:00
1765634400000,0.2649,0.2652,0.2598,0.2599,1477321.4,1765638000000,388030.81999,2068,2025-12-13 14:00:00+00:00
1765638000000,0.26,0.2617,0.2577,0.2592,1097490.8,1765641600000,285344.93874,2596,2025-12-13 15:00:00+00:00
1765641600000,0.2591,0.2607,0.2583,0.2585,404999.0,1765645200000,105032.14393,742,2025-12-13 16:00:00+00:00
1765645200000,0.2585,0.2602,0.2567,0.26,403239.3,1765648800000,104145.81329,933,2025-12-13 17:00:00+00:00
1765648800000,0.2598,0.2598,0.2583,0.2588,372907.7,1765652400000,96512.67807,761,2025-12-13 18:00:00+00:00
1765652400000,0.2586,0.2611,0.2583,0.2604,192315.5,1765656000000,49926.03755,788,2025-12-13 19:00:00+00:00
1765656000000,0.2605,0.264,0.2602,0.262,238829.4,1765659600000,62686.49125,886,2025-12-13 20:00:00+00:00
1765659600000,0.262,0.263,0.2608,0.262,354052.6,1765663200000,92811.12085,949,2025-12-13 21:00:00+00:00
1765663200000,0.2622,0.2645,0.2614,0.2628,291533.5,1765666800000,76668.55623,749,2025-12-13 22:00:00+00:00
1765666800000,0.2626,0.2685,0.2622,0.2678,588253.4,1765670400000,156571.82568,2073,2025-12-13 23:00:00+00:00
1765670400000,0.2676,0.298,0.2623,0.2971,10881804.7,1765674000000,3073166.28088,26119,2025-12-14 00:00:00+00:00
1765674000000,0.2969,0.3045,0.2792,0.2846,5997912.6,1765677600000,1768383.0295,17311,2025-12-14 01:00:00+00:00
1765677600000,0.2845,0.2855,0.2781,0.2822,1263214.2,1765681200000,356120.46402,4628,2025-12-14 02:00:00+00:00
1765681200000,0.2822,0.2839,0.2792,0.2835,905527.4,1765684800000,255424.21192,2801,2025-12-14 03:00:00+00:00
1765684800000,0.2836,0.2863,0.277,0.2817,1093010.1,1765688400000,307646.97619,3565,2025-12-14 04:00:00+00:00
1765688400000,0.2817,0.2854,0.2794,0.2837,1055387.0,1765692000000,298862.30159,3024,2025-12-14 05:00:00+00:00
1765692000000,0.2836,0.2929,0.2818,0.2829,3220639.8,1765695600000,926572.64905,7328,2025-12-14 06:00:00+00:00
1765695600000,0.2829,0.2896,0.275,0.2769,1833117.6,1765699200000,514850.12313,3496,2025-12-14 07:00:00+00:00
1765699200000,0.2767,0.2791,0.2727,0.2744,1563753.6,1765702800000,430094.99934,3845,2025-12-14 08:00:00+00:00
1765702800000,0.2743,0.2779,0.269,0.2712,1393203.9,1765706400000,379091.32788,2792,2025-12-14 09:00:00+00:00
1765706400000,0.2712,0.2716,0.2674,0.2689,1098285.5,1765710000000,295736.86099,2293,2025-12-14 10:00:00+00:00
1765710000000,0.2689,0.2754,0.2689,0.2725,782235.6,1765713600000,212682.33751,2431,2025-12-14 11:00:00+00:00
1765713600000,0.2724,0.2843,0.2699,0.2764,2695293.8,1765717200000,750971.21236,4541,2025-12-14 12:00:00+00:00
1765717200000,0.2761,0.2803,0.2725,0.2749,1162821.2,1765720800000,321536.85971,2279,2025-12-14 13:00:00+00:00
1765720800000,0.2748,0.276,0.2719,0.2737,670596.4,1765724400000,183686.08956,1565,2025-12-14 14:00:00+00:00
1765724400000,0.2737,0.2796,0.2718,0.2778,852080.1,1765728000000,234360.47848,1984,2025-12-14 15:00:00+00:00
1765728000000,0.278,0.2878,0.2778,0.2865,3407649.2,1765731600000,965770.54164,4801,2025-12-14 16:00:00+00:00
1765731600000,0.2866,0.2878,0.2806,0.2857,1941684.8,1765735200000,551329.0347,3393,2025-12-14 17:00:00+00:00
1765735200000,0.2857,0.287,0.2781,0.281,1800075.2,1765738800000,507007.35689,2832,2025-12-14 18:00:00+00:00
1765738800000,0.281,0.2851,0.2784,0.285,1261385.2,1765742400000,355482.32891,2613,2025-12-14 19:00:00+00:00
1765742400000,0.2849,0.2877,0.2814,0.282,1301141.8,1765746000000,370916.13753,2601,2025-12-14 20:00:00+00:00
1765746000000,0.2819,0.2843,0.2781,0.2817,1188859.6,1765749600000,334468.04183,2237,2025-12-14 21:00:00+00:00
1765749600000,0.2818,0.2835,0.2756,0.2786,891571.6,1765753200000,248467.38087,1922,2025-12-14 22:00:00+00:00
1765753200000,0.2786,0.2808,0.2737,0.2767,1102112.5,1765756800000,305420.44608,2176,2025-12-14 23:00:00+00:00
1765756800000,0.2767,0.2948,0.2763,0.2902,6550283.7,1765760400000,1888116.25447,11277,2025-12-15 00:00:00+00:00
1765760400000,0.2902,0.292,0.2854,0.2876,1508961.6,1765764000000,435788.77808,3436,2025-12-15 01:00:00+00:00
1765764000000,0.2874,0.2941,0.2874,0.2903,1514742.8,1765767600000,441913.60478,2888,2025-12-15 02:00:00+00:00
1765767600000,0.2903,0.2999,0.2888,0.2971,2783412.5,1765771200000,823027.74504,4790,2025-12-15 03:00:00+00:00
1765771200000,0.2972,0.2989,0.2886,0.2892,2252434.7,1765774800000,662090.8506,3604,2025-12-15 04:00:00+00:00
1765774800000,0.2893,0.2929,0.2871,0.2928,775718.8,1765778400000,225016.79368,1294,2025-12-15 05:00:00+00:00
1765778400000,0.2927,0.2997,0.2922,0.2988,1465408.2,1765782000000,434469.17845,2616,2025-12-15 06:00:00+00:00
1765782000000,0.2991,0.3167,0.2978,0.312,7501707.7,1765785600000,2328630.36395,10484,2025-12-15 07:00:00+00:00
1765785600000,0.3119,0.3235,0.3038,0.3067,7781508.4,1765789200000,2448407.76277,11201,2025-12-15 08:00:00+00:00
1765789200000,0.3069,0.3131,0.2996,0.3014,2587208.2,1765792800000,794519.59394,4591,2025-12-15 09:00:00+00:00
1765792800000,0.3014,0.3039,0.295,0.2967,1831824.3,1765796400000,549286.19063,3306,2025-12-15 10:00:00+00:00
1765796400000,0.2966,0.3014,0.2946,0.3005,2065421.9,1765800000000,616527.80341,3504,2025-12-15 11:00:00+00:00
1765800000000,0.3006,0.3078,0.2982,0.3037,2439474.3,1765803600000,739905.2574,4455,2025-12-15 12:00:00+00:00
1765803600000,0.3035,0.3093,0.2985,0.3017,2131467.8,1765807200000,647841.4963,3701,2025-12-15 13:00:00+00:00
1765807200000,0.3015,0.3026,0.288,0.2919,3016304.4,1765810800000,884350.59124,4890,2025-12-15 14:00:00+00:00
1765810800000,0.2919,0.2942,0.2822,0.2862,4410080.3,1765814400000,1270793.6031,6596,2025-12-15 15:00:00+00:00
1765814400000,0.2862,0.2925,0.2859,0.2905,2292330.3,1765818000000,661412.78423,3667,2025-12-15 16:00:00+00:00
1765818000000,0.2905,0.2919,0.2814,0.2829,1290154.6,1765821600000,369442.55123,2429,2025-12-15 17:00:00+00:00
1765821600000,0.2831,0.2857,0.2782,0.2843,1154653.3,1765825200000,324641.19942,2250,2025-12-15 18:00:00+00:00
1765825200000,0.2843,0.2969,0.2825,0.2935,2720161.3,1765828800000,789871.69247,4358,2025-12-15 19:00:00+00:00
1765828800000,0.2934,0.3013,0.2906,0.2997,3235678.4,1765832400000,961999.97205,5327,2025-12-15 20:00:00+00:00
1765832400000,0.2997,0.3011,0.2953,0.2966,1834078.1,1765836000000,546273.87448,2827,2025-12-15 21:00:00+00:00
1765836000000,0.2965,0.2975,0.2933,0.2952,776832.1,1765839600000,229458.0858,1685,2025-12-15 22:00:00+00:00
1765839600000,0.2953,0.2957,0.2883,0.2939,772365.8,1765843200000,225082.46993,1927,2025-12-15 23:00:00+00:00
1765843200000,0.2938,0.3179,0.2894,0.3124,9697064.9,1765846800000,2980424.48159,18842,2025-12-16 00:00:00+00:00
1765846800000,0.3125,0.3224,0.311,0.3161,3555339.7,1765850400000,1124847.77985,6586,2025-12-16 01:00:00+00:00
1765850400000,0.3158,0.34,0.3143,0.3363,6962690.5,1765854000000,2300637.88926,11357,2025-12-16 02:00:00+00:00
1765854000000,0.3359,0.3393,0.3206,0.3269,4751673.9,1765857600000,1571495.6728,12378,2025-12-16 03:00:00+00:00
1765857600000,0.3269,0.3352,0.3246,0.3299,3413015.7,1765861200000,1129323.52175,6364,2025-12-16 04:00:00+00:00
1765861200000,0.3297,0.3338,0.3254,0.3292,3188604.9,1765864800000,1052297.31496,5146,2025-12-16 05:00:00+00:00
1765864800000,0.3292,0.3319,0.3217,0.3221,3222454.4,1765868400000,1051685.72765,5439,2025-12-16 06:00:00+00:00
1765868400000,0.3223,0.3264,0.3143,0.3222,3069842.8,1765872000000,984650.47856,5695,2025-12-16 07:00:00+00:00
1765872000000,0.3221,0.3246,0.3108,0.3118,2965185.0,1765875600000,943024.86654,5041,2025-12-16 08:00:00+00:00
1765875600000,0.3118,0.3134,0.3059,0.3106,2728191.4,1765879200000,846160.68383,4995,2025-12-16 09:00:00+00:00
1765879200000,0.3108,0.3141,0.3034,0.306,2432351.8,1765882800000,754018.22288,4762,2025-12-16 10:00:00+00:00
1765882800000,0.3061,0.3134,0.3042,0.3072,2136680.0,1765886400000,660314.49177,3095,2025-12-16 11:00:00+00:00
1765886400000,0.3075,0.3094,0.2959,0.2973,2463931.5,1765890000000,743951.60803,4237,2025-12-16 12:00:00+00:00
1765890000000,0.2972,0.3024,0.2955,0.2983,1937971.3,1765893600000,579809.91216,4203,2025-12-16 13:00:00+00:00
1765893600000,0.2983,0.3017,0.2939,0.2994,1766287.7,1765897200000,526358.95397,3350,2025-12-16 14:00:00+00:00
1765897200000,0.2995,0.3146,0.2994,0.3119,1939359.7,1765900800000,595453.08756,3694,2025-12-16 15:00:00+00:00
1765900800000,0.3119,0.3264,0.3088,0.3199,4678446.3,1765904400000,1496111.79089,7979,2025-12-16 16:00:00+00:00
1765904400000,0.3199,0.3203,0.3004,0.3082,4089767.9,1765908000000,1270024.18858,5777,2025-12-16 17:00:00+00:00
1765908000000,0.3084,0.3115,0.3056,0.3071,1367408.6,1765911600000,421732.1919,1942,2025-12-16 18:00:00+00:00
1765911600000,0.3072,0.3098,0.3058,0.308,461689.6,1765915200000,142000.73646,966,2025-12-16 19:00:00+00:00
1765915200000,0.308,0.3127,0.3063,0.3106,800234.5,1765918800000,247889.70025,1265,2025-12-16 20:00:00+00:00
1765918800000,0.3107,0.3226,0.3092,0.3124,3220963.7,1765922400000,1018501.72185,3793,2025-12-16 21:00:00+00:00
1765922400000,0.3124,0.3193,0.3091,0.3149,1003673.0,1765926000000,315341.76474,1717,2025-12-16 22:00:00+00:00
1765926000000,0.3149,0.3246,0.3137,0.3227,1579480.4,1765929600000,504975.38609,2723,2025-12-16 23:00:00+00:00
1765929600000,0.3227,0.3275,0.3079,0.3178,6202813.5,1765933200000,1969749.1681,11086,2025-12-17 00:00:00+00:00
1765933200000,0.3178,0.3231,0.309,0.3101,2198877.0,1765936800000,693684.09372,3311,2025-12-17 01:00:00+00:00
1765936800000,0.31,0.3106,0.3055,0.309,769830.7,1765940400000,237104.83999,1493,2025-12-17 02:00:00+00:00
1765940400000,0.3088,0.3136,0.3078,0.3119,818033.9,1765944000000,254349.49923,1535,2025-12-17 03:00:00+00:00
1765944000000,0.312,0.3139,0.3065,0.3088,759712.2,1765947600000,235328.32382,1371,2025-12-17 04:00:00+00:00
1765947600000,0.3086,0.3136,0.3074,0.3095,643870.1,1765951200000,199660.2007,1177,2025-12-17 05:00:00+00:00
1765951200000,0.3095,0.3157,0.3092,0.315,491964.7,1765954800000,153694.25827,989,2025-12-17 06:00:00+00:00
1765954800000,0.3152,0.3222,0.3128,0.3142,2588857.9,1765958400000,824005.80184,3702,2025-12-17 07:00:00+00:00
1765958400000,0.3142,0.3173,0.3088,0.3134,853644.0,1765962000000,267055.17029,1758,2025-12-17 08:00:00+00:00
1765962000000,0.3135,0.3149,0.3082,0.3126,1375410.1,1765965600000,427956.51552,1950,2025-12-17 09:00:00+00:00
1765965600000,0.3126,0.3132,0.3071,0.3071,570916.5,1765969200000,176986.62409,1244,2025-12-17 10:00:00+00:00
1765969200000,0.307,0.3124,0.303,0.3032,1182495.0,1765972800000,361846.44033,2062,2025-12-17 11:00:00+00:00
1765972800000,0.3031,0.3033,0.2953,0.3015,1622517.2,1765976400000,486032.59096,2597,2025-12-17 12:00:00+00:00
1765976400000,0.3012,0.306,0.301,0.3042,658897.8,1765980000000,200402.80815,1529,2025-12-17 13:00:00+00:00
1765980000000,0.3044,0.3114,0.3043,0.3105,1449865.6,1765983600000,446337.4163,3082,2025-12-17 14:00:00+00:00
1765983600000,0.3105,0.316,0.3018,0.3037,1973233.8,1765987200000,609850.72178,4083,2025-12-17 15:00:00+00:00
1765987200000,0.3036,0.3056,0.2923,0.2955,2217615.4,1765990800000,660804.02552,4576,2025-12-17 16:00:00+00:00
1765990800000,0.2955,0.2973,0.2887,0.2902,1279358.0,1765994400000,375480.64559,2983,2025-12-17 17:00:00+00:00
1765994400000,0.2905,0.2938,0.283,0.2843,1926668.3,1765998000000,556153.20915,3121,2025-12-17 18:00:00+00:00
1765998000000,0.2844,0.2847,0.2799,0.2812,1387161.0,1766001600000,391139.58908,2511,2025-12-17 19:00:00+00:00
1766001600000,0.2814,0.2836,0.2771,0.2809,1154767.9,1766005200000,323430.49771,2099,2025-12-17 20:00:00+00:00
1766005200000,0.2809,0.2813,0.2762,0.2776,411694.0,1766008800000,114505.89781,1016,2025-12-17 21:00:00+00:00
1766008800000,0.2777,0.2865,0.2765,0.2844,663950.5,1766012400000,186630.97579,1257,2025-12-17 22:00:00+00:00
1766012400000,0.2842,0.2869,0.2798,0.2819,636987.3,1766016000000,180585.29281,1573,2025-12-17 23:00:00+00:00
1766016000000,0.2818,0.2876,0.2686,0.2728,5786769.6,1766019600000,1608996.42442,9388,2025-12-18 00:00:00+00:00
1766019600000,0.2728,0.2742,0.2604,0.2626,1887103.0,1766023200000,502152.3897,3683,2025-12-18 01:00:00+00:00
1766023200000,0.2628,0.2666,0.2615,0.2651,649772.2,1766026800000,171381.57059,1723,2025-12-18 02:00:00+00:00
1766026800000,0.265,0.2655,0.2592,0.2605,899380.5,1766030400000,235412.55945,1523,2025-12-18 03:00:00+00:00
1766030400000,0.2606,0.2641,0.2596,0.2632,811283.9,1766034000000,212826.07815,1736,2025-12-18 04:00:00+00:00
1766034000000,0.2631,0.2635,0.2566,0.257,994187.3,1766037600000,257816.13687,1930,2025-12-18 05:00:00+00:00
1766037600000,0.257,0.261,0.2566,0.2585,377374.1,1766041200000,97560.85647,1134,2025-12-18 06:00:00+00:00
1766041200000,0.2584,0.2636,0.2579,0.2604,1073118.3,1766044800000,280630.79373,2284,2025-12-18 07:00:00+00:00
1766044800000,0.2605,0.2662,0.2595,0.2638,1813872.3,1766048400000,479235.26412,2142,2025-12-18 08:00:00+00:00
1766048400000,0.2637,0.2661,0.2606,0.2659,1061598.3,1766052000000,280440.56648,1835,2025-12-18 09:00:00+00:00
1766052000000,0.2656,0.2719,0.2643,0.2676,1201637.2,1766055600000,322516.17384,2529,2025-12-18 10:00:00+00:00
1766055600000,0.2679,0.2698,0.2645,0.2694,426168.9,1766059200000,113666.21688,1145,2025-12-18 11:00:00+00:00
1766059200000,0.2692,0.2719,0.2652,0.2659,777839.6,1766062800000,208593.15277,1553,2025-12-18 12:00:00+00:00
1766062800000,0.2659,0.2714,0.2659,0.2709,1304887.5,1766066400000,351299.53202,2440,2025-12-18 13:00:00+00:00
1766066400000,0.271,0.2746,0.2666,0.2708,1156612.6,1766070000000,312524.60628,2729,2025-12-18 14:00:00+00:00
1766070000000,0.2708,0.2718,0.2675,0.2703,796122.4,1766073600000,214914.18772,1637,2025-12-18 15:00:00+00:00
1766073600000,0.2704,0.2709,0.2657,0.2674,369458.7,1766077200000,99122.4716,1121,2025-12-18 16:00:00+00:00
1766077200000,0.2673,0.2674,0.2547,0.2603,1167683.8,1766080800000,303282.04633,2854,2025-12-18 17:00:00+00:00
1766080800000,0.2603,0.2633,0.2572,0.258,319534.3,1766084400000,83042.94793,902,2025-12-18 18:00:00+00:00
1766084400000,0.2578,0.2582,0.25,0.2505,1223622.6,1766088000000,309710.29512,2638,2025-12-18 19:00:00+00:00
1766088000000,0.2504,0.2533,0.2493,0.2501,1003256.6,1766091600000,251672.32551,1809,2025-12-18 20:00:00+00:00
1766091600000,0.2502,0.2572,0.2502,0.2567,603436.9,1766095200000,153149.85444,1505,2025-12-18 21:00:00+00:00
1766095200000,0.2566,0.2593,0.2553,0.256,311857.1,1766098800000,80167.33821,785,2025-12-18 22:00:00+00:00
1766098800000,0.256,0.2596,0.256,0.2565,358076.6,1766102400000,92221.31477,947,2025-12-18 23:00:00+00:00
1766102400000,0.2564,0.2631,0.2451,0.2457,2237040.5,1766106000000,570699.72396,4071,2025-12-19 00:00:00+00:00
1766106000000,0.2456,0.2473,0.2407,0.2426,1094346.0,1766109600000,266677.40386,2622,2025-12-19 01:00:00+00:00
1766109600000,0.2427,0.2504,0.2427,0.2487,1237328.6,1766113200000,306443.30655,1983,2025-12-19 02:00:00+00:00
1766113200000,0.2485,0.2552,0.2475,0.2525,1286105.2,1766116800000,323174.46794,2428,2025-12-19 03:00:00+00:00
1766116800000,0.2527,0.2554,0.252,0.2534,481230.4,1766120400000,122181.70014,1227,2025-12-19 04:00:00+00:00
1766120400000,0.2535,0.2555,0.2514,0.2542,884657.0,1766124000000,224032.3296,1789,2025-12-19 05:00:00+00:00
1766124000000,0.2539,0.2597,0.2533,0.2583,1063210.9,1766127600000,272646.43269,2479,2025-12-19 06:00:00+00:00
1766127600000,0.2583,0.2597,0.2566,0.2587,567870.7,1766131200000,146712.40543,1265,2025-12-19 07:00:00+00:00
1766131200000,0.2587,0.2657,0.2585,0.2601,1487520.4,1766134800000,390510.15023,2334,2025-12-19 08:00:00+00:00
1766134800000,0.2601,0.264,0.2594,0.2613,869082.8,1766138400000,228211.61705,1301,2025-12-19 09:00:00+00:00
1766138400000,0.2613,0.2628,0.26,0.2616,479589.6,1766142000000,125165.09699,781,2025-12-19 10:00:00+00:00
1766142000000,0.2615,0.2657,0.2608,0.2634,452112.1,1766145600000,119303.25527,886,2025-12-19 11:00:00+00:00
1766145600000,0.2634,0.2651,0.2613,0.2651,385614.4,1766149200000,101418.67307,1345,2025-12-19 12:00:00+00:00
1766149200000,0.2651,0.274,0.2637,0.2718,992597.8,1766152800000,268157.67826,1482,2025-12-19 13:00:00+00:00
1766152800000,0.2717,0.2753,0.266,0.2675,1182999.3,1766156400000,319781.35765,2411,2025-12-19 14:00:00+00:00
1766156400000,0.2676,0.2729,0.266,0.2663,769539.5,1766160000000,206779.14037,1727,2025-12-19 15:00:00+00:00
1766160000000,0.2663,0.2688,0.2634,0.2644,634241.4,1766163600000,168805.92047,1301,2025-12-19 16:00:00+00:00
1766163600000,0.2644,0.2656,0.2593,0.2593,423991.0,1766167200000,111157.80436,968,2025-12-19 17:00:00+00:00
1766167200000,0.2594,0.2626,0.2586,0.262,247187.5,1766170800000,64343.35324,592,2025-12-19 18:00:00+00:00
1766170800000,0.2625,0.2692,0.2625,0.2683,385704.5,1766174400000,102793.87736,1079,2025-12-19 19:00:00+00:00
1766174400000,0.2685,0.2701,0.2662,0.2671,827553.3,1766178000000,221499.5861,1367,2025-12-19 20:00:00+00:00
1766178000000,0.2672,0.2673,0.2654,0.266,170092.5,1766181600000,45232.76583,426,2025-12-19 21:00:00+00:00
1766181600000,0.2659,0.2699,0.2657,0.2687,312254.8,1766185200000,83646.33922,613,2025-12-19 22:00:00+00:00
1766185200000,0.2685,0.2726,0.2678,0.2724,366788.8,1766188800000,99351.5796,790,2025-12-19 23:00:00+00:00
1766188800000,0.2725,0.2843,0.2682,0.2806,2293709.7,1766192400000,634083.01022,3652,2025-12-20 00:00:00+00:00
1766192400000,0.2805,0.2952,0.2793,0.2872,5742758.2,1766196000000,1658374.70956,8523,2025-12-20 01:00:00+00:00
1766196000000,0.2873,0.2875,0.2755,0.2798,2077352.9,1766199600000,583907.98069,3238,2025-12-20 02:00:00+00:00
1766199600000,0.2795,0.2852,0.2792,0.2807,1713350.5,1766203200000,482779.00221,2525,2025-12-20 03:00:00+00:00
1766203200000,0.2807,0.2832,0.2765,0.2767,644285.2,1766206800000,180416.65567,1147,2025-12-20 04:00:00+00:00
1766206800000,0.2764,0.2785,0.273,0.2745,574269.8,1766210400000,158499.94604,1225,2025-12-20 05:00:00+00:00
1766210400000,0.2747,0.276,0.27,0.271,1065860.5,1766214000000,290527.16421,1493,2025-12-20 06:00:00+00:00
1766214000000,0.2711,0.2722,0.2697,0.2704,414852.4,1766217600000,112301.65832,815,2025-12-20 07:00:00+00:00
1766217600000,0.2704,0.2762,0.2697,0.2731,876213.9,1766221200000,239755.77465,1455,2025-12-20 08:00:00+00:00
1766221200000,0.2731,0.2771,0.2727,0.2745,857833.2,1766224800000,236105.37572,1305,2025-12-20 09:00:00+00:00
1766224800000,0.2746,0.2794,0.2746,0.2755,636015.3,1766228400000,176249.83344,962,2025-12-20 10:00:00+00:00
1766228400000,0.2758,0.277,0.2739,0.2761,231666.3,1766232000000,63760.58103,520,2025-12-20 11:00:00+00:00
1766232000000,0.2762,0.2765,0.2717,0.2729,639667.9,1766235600000,174820.1151,1192,2025-12-20 12:00:00+00:00
1766235600000,0.2729,0.2775,0.2715,0.2763,617921.3,1766239200000,169791.80471,1026,2025-12-20 13:00:00+00:00
1766239200000,0.2764,0.2774,0.275,0.2755,371780.0,1766242800000,102666.08662,710,2025-12-20 14:00:00+00:00
1766242800000,0.2755,0.2759,0.273,0.2758,580250.6,1766246400000,159248.23899,1052,2025-12-20 15:00:00+00:00
1766246400000,0.2758,0.2758,0.2722,0.2728,228575.1,1766250000000,62489.11169,625,2025-12-20 16:00:00+00:00
1766250000000,0.2729,0.2751,0.2717,0.2736,281266.1,1766253600000,76682.33055,603,2025-12-20 17:00:00+00:00
1766253600000,0.274,0.2761,0.2737,0.2746,199332.4,1766257200000,54825.94887,398,2025-12-20 18:00:00+00:00
1766257200000,0.2745,0.2751,0.2726,0.2728,99779.2,1766260800000,27265.31024,321,2025-12-20 19:00:00+00:00
1766260800000,0.2729,0.2736,0.2722,0.2729,107458.3,1766264400000,29336.84805,320,2025-12-20 20:00:00+00:00
1766264400000,0.2728,0.2736,0.2716,0.272,155334.1,1766268000000,42355.23925,480,2025-12-20 21:00:00+00:00
1766268000000,0.2722,0.274,0.2715,0.274,49268.6,1766271600000,13419.62395,197,2025-12-20 22:00:00+00:00
1766271600000,0.274,0.2756,0.2728,0.2728,51616.0,1766275200000,14132.90586,188,2025-12-20 23:00:00+00:00
1766275200000,0.2731,0.2731,0.2663,0.2663,624172.5,1766278800000,167850.77507,1460,2025-12-21 00:00:00+00:00
1766278800000,0.2663,0.2665,0.2633,0.2635,265615.8,1766282400000,70252.89551,668,2025-12-21 01:00:00+00:00
1766282400000,0.2637,0.2641,0.2609,0.2617,535786.4,1766286000000,140384.9586,878,2025-12-21 02:00:00+00:00
1766286000000,0.2617,0.2643,0.2615,0.2634,183388.4,1766289600000,48271.01885,504,2025-12-21 03:00:00+00:00
1766289600000,0.2634,0.2653,0.2634,0.264,151106.4,1766293200000,39929.79962,393,2025-12-21 04:00:00+00:00
1766293200000,0.264,0.2653,0.2631,0.2647,239288.4,1766296800000,63302.65154,852,2025-12-21 05:00:00+00:00
1766296800000,0.2646,0.2663,0.2631,0.2633,288807.5,1766300400000,76428.39483,751,2025-12-21 06:00:00+00:00
1766300400000,0.2634,0.2635,0.2613,0.2621,158972.5,1766304000000,41720.78689,395,2025-12-21 07:00:00+00:00
1766304000000,0.2623,0.2648,0.2611,0.2639,183943.4,1766307600000,48343.5371,570,2025-12-21 08:00:00+00:00
1766307600000,0.2636,0.2645,0.2618,0.2629,203151.0,1766311200000,53494.59019,492,2025-12-21 09:00:00+00:00
1766311200000,0.263,0.2635,0.2614,0.2615,102087.7,1766314800000,26761.39042,255,2025-12-21 10:00:00+00:00
1766314800000,0.2616,0.2621,0.2575,0.2581,1166854.6,1766318400000,302445.18526,2312,2025-12-21 11:00:00+00:00
1766318400000,0.2583,0.2607,0.257,0.2584,828017.8,1766322000000,214345.39017,1241,2025-12-21 12:00:00+00:00
1766322000000,0.2583,0.2583,0.2522,0.2529,1354972.2,1766325600000,345912.81435,2242,2025-12-21 13:00:00+00:00
1766325600000,0.2529,0.255,0.2529,0.2546,143248.0,1766329200000,36395.47884,381,2025-12-21 14:00:00+00:00
1766329200000,0.2546,0.2556,0.2538,0.2545,307456.7,1766332800000,78304.01139,579,2025-12-21 15:00:00+00:00
1766332800000,0.2545,0.2549,0.2531,0.2544,228661.4,1766336400000,58125.45865,397,2025-12-21 16:00:00+00:00
1766336400000,0.2548,0.2557,0.2536,0.2542,70909.3,1766340000000,18052.92386,202,2025-12-21 17:00:00+00:00
1766340000000,0.2543,0.2546,0.2504,0.2528,473271.4,1766343600000,119365.76226,733,2025-12-21 18:00:00+00:00
1766343600000,0.2532,0.2541,0.2518,0.2538,102142.1,1766347200000,25802.82577,167,2025-12-21 19:00:00+00:00
1766347200000,0.2537,0.2539,0.2518,0.2519,48372.9,1766350800000,12209.3987,123,2025-12-21 20:00:00+00:00
1766350800000,0.2515,0.2522,0.2486,0.249,274608.9,1766354400000,68751.40449,491,2025-12-21 21:00:00+00:00
1766354400000,0.2487,0.2558,0.2481,0.2552,270900.6,1766358000000,68107.18447,417,2025-12-21 22:00:00+00:00
1766358000000,0.2553,0.2569,0.2534,0.255,187063.3,1766361600000,47698.16545,602,2025-12-21 23:00:00+00:00
1766361600000,0.255,0.2584,0.2521,0.2521,310729.5,1766365200000,79350.35668,896,2025-12-22 00:00:00+00:00
1766365200000,0.252,0.255,0.252,0.2532,218222.7,1766368800000,55374.30003,485,2025-12-22 01:00:00+00:00
1766368800000,0.253,0.2535,0.2488,0.2525,982248.9,1766372400000,247191.31,1329,2025-12-22 02:00:00+00:00
1766372400000,0.2525,0.2555,0.252,0.2532,312839.3,1766376000000,79363.29304,673,2025-12-22 03:00:00+00:00
1766376000000,0.2533,0.2537,0.2518,0.2528,192787.6,1766379600000,48674.49748,303,2025-12-22 04:00:00+00:00
1766379600000,0.2527,0.2532,0.2494,0.2496,212679.9,1766383200000,53389.90469,456,2025-12-22 05:00:00+00:00
1766383200000,0.2495,0.2497,0.2475,0.2482,428928.9,1766386800000,106599.74862,798,2025-12-22 06:00:00+00:00
1766386800000,0.248,0.2499,0.2479,0.2487,341369.0,1766390400000,84940.49987,479,2025-12-22 07:00:00+00:00
1766390400000,0.2486,0.2519,0.248,0.2491,438613.5,1766394000000,109400.40499,750,2025-12-22 08:00:00+00:00
1766394000000,0.249,0.2498,0.2466,0.2477,221753.5,1766397600000,55043.41594,394,2025-12-22 09:00:00+00:00
1766397600000,0.2478,0.2484,0.2465,0.2476,195927.5,1766401200000,48420.81667,413,2025-12-22 10:00:00+00:00
1766401200000,0.2477,0.2498,0.2468,0.2496,297169.2,1766404800000,73735.6037,851,2025-12-22 11:00:00+00:00
1766404800000,0.2495,0.2503,0.2471,0.2477,316745.4,1766408400000,78834.03044,1043,2025-12-22 12:00:00+00:00
1766408400000,0.2477,0.2483,0.2453,0.2464,229817.0,1766412000000,56733.57873,490,2025-12-22 13:00:00+00:00
1766412000000,0.2462,0.2481,0.2451,0.247,259167.3,1766415600000,64028.29879,507,2025-12-22 14:00:00+00:00
1766415600000,0.2471,0.2491,0.2447,0.2455,239945.9,1766419200000,59078.40114,655,2025-12-22 15:00:00+00:00
1766419200000,0.2456,0.2466,0.2445,0.2458,184628.4,1766422800000,45317.76194,434,2025-12-22 16:00:00+00:00
1766422800000,0.2459,0.2482,0.2456,0.2472,161720.2,1766426400000,39960.45559,282,2025-12-22 17:00:00+00:00
1766426400000,0.2472,0.2489,0.2466,0.2479,196992.3,1766430000000,48789.7845,344,2025-12-22 18:00:00+00:00
1766430000000,0.2481,0.2481,0.2418,0.2419,370072.2,1766433600000,90353.51296,719,2025-12-22 19:00:00+00:00
1766433600000,0.2418,0.2434,0.2413,0.2424,239375.4,1766437200000,58010.28289,497,2025-12-22 20:00:00+00:00
1766437200000,0.2422,0.244,0.2421,0.2435,125630.0,1766440800000,30500.29862,295,2025-12-22 21:00:00+00:00
1766440800000,0.2434,0.2465,0.2425,0.2458,122601.5,1766444400000,29909.60073,191,2025-12-22 22:00:00+00:00
1766444400000,0.2459,0.2462,0.2444,0.2453,52507.3,1766448000000,12876.43924,186,2025-12-22 23:00:00+00:00
1766448000000,0.2452,0.2481,0.2427,0.2466,450229.7,1766451600000,110556.9985,706,2025-12-23 00:00:00+00:00
1766451600000,0.2466,0.2476,0.2446,0.2453,250884.4,1766455200000,61808.79428,380,2025-12-23 01:00:00+00:00
1766455200000,0.2453,0.2465,0.2411,0.2416,289688.1,1766458800000,70347.79355,711,2025-12-23 02:00:00+00:00
1766458800000,0.2416,0.2416,0.2359,0.2368,423740.2,1766462400000,101137.53005,887,2025-12-23 03:00:00+00:00
1766462400000,0.237,0.244,0.2352,0.241,735466.6,1766466000000,176700.73366,906,2025-12-23 04:00:00+00:00
1766466000000,0.2407,0.2435,0.2391,0.2419,588338.4,1766469600000,141825.3271,933,2025-12-23 05:00:00+00:00
1766469600000,0.2418,0.2419,0.2379,0.2397,370997.7,1766473200000,88936.67317,580,2025-12-23 06:00:00+00:00
1766473200000,0.2399,0.2438,0.2399,0.2421,342070.7,1766476800000,82809.24033,703,2025-12-23 07:00:00+00:00
1766476800000,0.242,0.2458,0.2413,0.2444,438418.9,1766480400000,106916.26215,654,2025-12-23 08:00:00+00:00
1766480400000,0.2445,0.2461,0.2426,0.2437,468500.9,1766484000000,114524.22701,617,2025-12-23 09:00:00+00:00
1766484000000,0.2437,0.2466,0.2436,0.2463,308110.1,1766487600000,75642.03494,415,2025-12-23 10:00:00+00:00
1766487600000,0.2463,0.2557,0.2461,0.2512,1752745.4,1766491200000,440144.12555,2503,2025-12-23 11:00:00+00:00
1766491200000,0.2508,0.255,0.2489,0.2548,1112856.8,1766494800000,280371.24488,1614,2025-12-23 12:00:00+00:00
1766494800000,0.2545,0.2566,0.2468,0.2495,1419606.9,1766498400000,355375.07181,1922,2025-12-23 13:00:00+00:00
1766498400000,0.2496,0.2528,0.2418,0.2456,878384.4,1766502000000,216349.36797,1607,2025-12-23 14:00:00+00:00
1766502000000,0.2457,0.2521,0.2453,0.2483,484102.6,1766505600000,120779.6578,854,2025-12-23 15:00:00+00:00
1766505600000,0.2482,0.2503,0.2458,0.2468,302105.4,1766509200000,74823.26799,577,2025-12-23 16:00:00+00:00
1766509200000,0.2467,0.2478,0.2427,0.2427,249866.3,1766512800000,61296.35401,496,2025-12-23 17:00:00+00:00
1766512800000,0.243,0.2493,0.243,0.2473,450334.3,1766516400000,110972.58748,810,2025-12-23 18:00:00+00:00
1766516400000,0.2473,0.248,0.2443,0.2468,339980.0,1766520000000,83779.6458,556,2025-12-23 19:00:00+00:00
1766520000000,0.2468,0.2506,0.2468,0.2484,256371.0,1766523600000,63727.48485,473,2025-12-23 20:00:00+00:00
1766523600000,0.248,0.2503,0.2466,0.2493,154851.6,1766527200000,38452.96237,318,2025-12-23 21:00:00+00:00
1766527200000,0.2493,0.2508,0.2476,0.2495,190645.2,1766530800000,47582.09917,284,2025-12-23 22:00:00+00:00
1766530800000,0.2491,0.2527,0.2489,0.2513,147266.9,1766534400000,36958.67654,333,2025-12-23 23:00:00+00:00
1766534400000,0.2509,0.2511,0.2487,0.2489,173960.6,1766538000000,43429.36802,309,2025-12-24 00:00:00+00:00
1766538000000,0.249,0.2494,0.2468,0.2475,201166.4,1766541600000,49871.57727,441,2025-12-24 01:00:00+00:00
1766541600000,0.2475,0.2475,0.2452,0.246,99504.1,1766545200000,24513.26092,290,2025-12-24 02:00:00+00:00
1766545200000,0.2456,0.2516,0.2434,0.2515,599504.6,1766548800000,148281.13418,840,2025-12-24 03:00:00+00:00
1766548800000,0.2514,0.2527,0.2465,0.247,395236.0,1766552400000,98744.22959,767,2025-12-24 04:00:00+00:00
1766552400000,0.247,0.2478,0.2417,0.2429,811825.1,1766556000000,197493.16533,829,2025-12-24 05:00:00+00:00
1766556000000,0.2427,0.2459,0.2425,0.2451,126006.6,1766559600000,30810.24195,305,2025-12-24 06:00:00+00:00
1766559600000,0.2452,0.2495,0.245,0.2472,922767.6,1766563200000,228473.59758,1224,2025-12-24 07:00:00+00:00
1766563200000,0.2468,0.2485,0.246,0.2466,212175.7,1766566800000,52502.94946,386,2025-12-24 08:00:00+00:00
1766566800000,0.2468,0.2474,0.2439,0.2453,171767.5,1766570400000,42076.03765,384,2025-12-24 09:00:00+00:00
1766570400000,0.2453,0.2461,0.2439,0.2439,146265.8,1766574000000,35811.49059,312,2025-12-24 10:00:00+00:00
1766574000000,0.2439,0.2453,0.2433,0.2442,150637.5,1766577600000,36790.23874,269,2025-12-24 11:00:00+00:00
1766577600000,0.2438,0.2445,0.242,0.2439,497804.4,1766581200000,120950.1789,443,2025-12-24 12:00:00+00:00
1766581200000,0.244,0.2458,0.2433,0.2457,291125.5,1766584800000,71234.68864,427,2025-12-24 13:00:00+00:00
1766584800000,0.2457,0.2472,0.2429,0.2451,950708.8,1766588400000,233050.54695,833,2025-12-24 14:00:00+00:00
1766588400000,0.2454,0.2465,0.2438,0.245,618289.5,1766592000000,151596.44187,601,2025-12-24 15:00:00+00:00
1766592000000,0.245,0.2461,0.2438,0.2453,583313.7,1766595600000,142917.52874,461,2025-12-24 16:00:00+00:00
1766595600000,0.2453,0.2461,0.2444,0.245,314076.2,1766599200000,76977.37539,202,2025-12-24 17:00:00+00:00
1766599200000,0.2451,0.246,0.245,0.2453,104894.9,1766602800000,25738.57069,139,2025-12-24 18:00:00+00:00
1766602800000,0.2452,0.2474,0.2448,0.247,306969.1,1766606400000,75437.71317,356,2025-12-24 19:00:00+00:00
1766606400000,0.2469,0.2491,0.2467,0.2472,150102.0,1766610000000,37147.26706,227,2025-12-24 20:00:00+00:00
1766610000000,0.2475,0.2476,0.2458,0.2462,254498.3,1766613600000,62763.79253,196,2025-12-24 21:00:00+00:00
1766613600000,0.2461,0.2489,0.2459,0.2473,485206.8,1766617200000,120138.60318,417,2025-12-24 22:00:00+00:00
1766617200000,0.2473,0.2481,0.2465,0.2472,277351.1,1766620800000,68589.33916,466,2025-12-24 23:00:00+00:00
1766620800000,0.2474,0.2538,0.2474,0.2507,856631.2,1766624400000,215221.75855,1784,2025-12-25 00:00:00+00:00
1766624400000,0.2508,0.2546,0.2508,0.2515,651344.8,1766628000000,164654.29677,977,2025-12-25 01:00:00+00:00
1766628000000,0.2515,0.2527,0.2508,0.252,608965.1,1766631600000,153230.0776,563,2025-12-25 02:00:00+00:00
1766631600000,0.2519,0.2526,0.2495,0.2518,380850.8,1766635200000,95544.0499,716,2025-12-25 03:00:00+00:00
1766635200000,0.2517,0.2517,0.2497,0.2504,126199.9,1766638800000,31598.8786,474,2025-12-25 04:00:00+00:00
1766638800000,0.2503,0.2509,0.2491,0.2506,227255.5,1766642400000,56794.8343,498,2025-12-25 05:00:00+00:00
1766642400000,0.2506,0.2594,0.2495,0.2558,1343025.8,1766646000000,342432.25189,2694,2025-12-25 06:00:00+00:00
1766646000000,0.2557,0.2574,0.2536,0.257,208935.8,1766649600000,53355.47128,696,2025-12-25 07:00:00+00:00
1766649600000,0.2569,0.2626,0.2549,0.2558,784985.1,1766653200000,203012.51508,1626,2025-12-25 08:00:00+00:00
1766653200000,0.2559,0.2634,0.2551,0.2613,1140332.4,1766656800000,296460.44551,2162,2025-12-25 09:00:00+00:00
1766656800000,0.2612,0.2649,0.2588,0.2604,678164.5,1766660400000,177488.48597,1808,2025-12-25 10:00:00+00:00
1766660400000,0.2603,0.2617,0.2545,0.257,1183322.1,1766664000000,304123.43278,2039,2025-12-25 11:00:00+00:00
1766664000000,0.2571,0.2633,0.2561,0.2617,3606746.3,1766667600000,938029.71207,4192,2025-12-25 12:00:00+00:00
1766667600000,0.2618,0.2655,0.2569,0.2578,2290824.7,1766671200000,596312.47383,3891,2025-12-25 13:00:00+00:00
1766671200000,0.2579,0.2599,0.2555,0.2557,868704.8,1766674800000,223819.74663,1408,2025-12-25 14:00:00+00:00
1766674800000,0.2557,0.2584,0.255,0.2564,497451.6,1766678400000,127840.80655,1142,2025-12-25 15:00:00+00:00
1766678400000,0.2564,0.2573,0.2539,0.2548,207896.5,1766682000000,53209.17794,526,2025-12-25 16:00:00+00:00
1766682000000,0.2548,0.2605,0.2539,0.2574,1182299.5,1766685600000,304124.41405,1936,2025-12-25 17:00:00+00:00
1766685600000,0.2574,0.2591,0.2574,0.2579,148381.6,1766689200000,38342.73307,457,2025-12-25 18:00:00+00:00
1766689200000,0.2581,0.2587,0.2556,0.2566,360796.3,1766692800000,92635.4382,655,2025-12-25 19:00:00+00:00
1766692800000,0.2569,0.2575,0.2556,0.2559,104603.4,1766696400000,26826.46178,268,2025-12-25 20:00:00+00:00
1766696400000,0.2559,0.2568,0.2545,0.2552,98615.9,1766700000000,25224.31315,241,2025-12-25 21:00:00+00:00
1766700000000,0.2553,0.2559,0.25,0.2517,327088.2,1766703600000,82789.51453,779,2025-12-25 22:00:00+00:00
1766703600000,0.2516,0.2544,0.2501,0.2515,444023.1,1766707200000,111925.79035,1166,2025-12-25 23:00:00+00:00
1766707200000,0.2514,0.2588,0.2491,0.2496,1497235.4,1766710800000,381795.79727,2697,2025-12-26 00:00:00+00:00
1766710800000,0.2497,0.2503,0.2467,0.2477,963871.5,1766714400000,239276.29456,1447,2025-12-26 01:00:00+00:00
1766714400000,0.2476,0.2535,0.2476,0.251,635744.2,1766718000000,159849.85457,1345,2025-12-26 02:00:00+00:00
1766718000000,0.2511,0.2518,0.2476,0.2495,266664.8,1766721600000,66418.73806,570,2025-12-26 03:00:00+00:00
1766721600000,0.2495,0.251,0.2484,0.2503,380867.9,1766725200000,95090.37641,625,2025-12-26 04:00:00+00:00
1766725200000,0.2503,0.2503,0.2485,0.2491,79065.0,1766728800000,19707.56952,278,2025-12-26 05:00:00+00:00
1766728800000,0.2491,0.2508,0.2455,0.2473,677255.0,1766732400000,168432.50954,1184,2025-12-26 06:00:00+00:00
1766732400000,0.2474,0.249,0.2442,0.2449,650189.0,1766736000000,160442.6728,1042,2025-12-26 07:00:00+00:00
1766736000000,0.2448,0.2451,0.239,0.24,805430.2,1766739600000,194562.29006,1564,2025-12-26 08:00:00+00:00
1766739600000,0.24,0.2452,0.24,0.2443,406184.9,1766743200000,98823.40523,551,2025-12-26 09:00:00+00:00
1766743200000,0.2441,0.2447,0.2429,0.2445,123137.3,1766746800000,29992.08397,353,2025-12-26 10:00:00+00:00
1766746800000,0.2445,0.2447,0.2428,0.2435,161469.0,1766750400000,39337.90201,291,2025-12-26 11:00:00+00:00
1766750400000,0.243,0.2446,0.2427,0.2432,268001.5,1766754000000,65253.07484,375,2025-12-26 12:00:00+00:00
1766754000000,0.2432,0.2442,0.2428,0.2437,168552.8,1766757600000,41056.45892,344,2025-12-26 13:00:00+00:00
1766757600000,0.2436,0.2475,0.243,0.2432,879161.1,1766761200000,215500.17358,1112,2025-12-26 14:00:00+00:00
1766761200000,0.2432,0.2463,0.2409,0.2449,464677.7,1766764800000,113298.13198,868,2025-12-26 15:00:00+00:00
1766764800000,0.2445,0.2461,0.2425,0.2425,202423.9,1766768400000,49400.6118,499,2025-12-26 16:00:00+00:00
1766768400000,0.2429,0.244,0.2413,0.2434,169954.7,1766772000000,41125.66216,489,2025-12-26 17:00:00+00:00
1766772000000,0.2435,0.2445,0.243,0.2434,56861.0,1766775600000,13855.35965,268,2025-12-26 18:00:00+00:00
1766775600000,0.2434,0.245,0.2434,0.2444,160589.6,1766779200000,39167.71581,310,2025-12-26 19:00:00+00:00
1766779200000,0.2443,0.2452,0.2436,0.2445,50293.8,1766782800000,12289.52285,189,2025-12-26 20:00:00+00:00
1766782800000,0.2447,0.2457,0.2434,0.2437,119805.0,1766786400000,29291.15202,381,2025-12-26 21:00:00+00:00
1766786400000,0.2436,0.2441,0.2421,0.2426,84948.5,1766790000000,20649.68319,174,2025-12-26 22:00:00+00:00
1766790000000,0.2426,0.2467,0.2423,0.245,577346.0,1766793600000,141454.39404,1013,2025-12-26 23:00:00+00:00
1766793600000,0.245,0.245,0.2426,0.2438,231414.0,1766797200000,56377.44964,551,2025-12-27 00:00:00+00:00
1766797200000,0.2437,0.2475,0.2411,0.2465,600695.6,1766800800000,147025.31561,1212,2025-12-27 01:00:00+00:00
1766800800000,0.2466,0.2499,0.2454,0.248,709862.1,1766804400000,175768.8952,1354,2025-12-27 02:00:00+00:00
1766804400000,0.2479,0.2482,0.2467,0.2474,138907.0,1766808000000,34381.47071,399,2025-12-27 03:00:00+00:00
1766808000000,0.2474,0.2502,0.2464,0.2487,309191.6,1766811600000,76735.92714,778,2025-12-27 04:00:00+00:00
1766811600000,0.2486,0.255,0.2486,0.2536,1384699.8,1766815200000,349428.31492,1892,2025-12-27 05:00:00+00:00
1766815200000,0.2535,0.254,0.2503,0.2522,768349.2,1766818800000,193349.51979,1140,2025-12-27 06:00:00+00:00
1766818800000,0.2522,0.2591,0.2521,0.2558,1233060.6,1766822400000,316147.13674,2458,2025-12-27 07:00:00+00:00
1766822400000,0.2559,0.26,0.2555,0.2599,527168.6,1766826000000,135847.228,1533,2025-12-27 08:00:00+00:00
1766826000000,0.2598,0.2611,0.2547,0.255,764534.9,1766829600000,197023.73066,2044,2025-12-27 09:00:00+00:00
1766829600000,0.255,0.2564,0.2492,0.2509,740466.7,1766833200000,187595.91087,1829,2025-12-27 10:00:00+00:00
1766833200000,0.2508,0.2522,0.2473,0.2513,1428773.7,1766836800000,356071.95995,2019,2025-12-27 11:00:00+00:00
1766836800000,0.2512,0.2523,0.2492,0.252,568288.8,1766840400000,142441.90467,994,2025-12-27 12:00:00+00:00
1766840400000,0.2519,0.2523,0.25,0.2508,155813.3,1766844000000,39128.42774,377,2025-12-27 13:00:00+00:00
1766844000000,0.2507,0.2519,0.2505,0.2514,90898.1,1766847600000,22837.92675,324,2025-12-27 14:00:00+00:00
1766847600000,0.2515,0.2556,0.2512,0.2549,446721.2,1766851200000,113538.77716,739,2025-12-27 15:00:00+00:00
1766851200000,0.2548,0.256,0.2524,0.2545,1506627.8,1766854800000,383601.64935,1541,2025-12-27 16:00:00+00:00
1766854800000,0.2545,0.2551,0.254,0.2543,128883.6,1766858400000,32798.20335,378,2025-12-27 17:00:00+00:00
1766858400000,0.2541,0.2549,0.2532,0.2546,411291.9,1766862000000,104503.3273,581,2025-12-27 18:00:00+00:00
1766862000000,0.2546,0.2583,0.2539,0.2583,223226.2,1766865600000,57200.74411,792,2025-12-27 19:00:00+00:00
1766865600000,0.2583,0.2584,0.2555,0.2565,229971.3,1766869200000,59125.38358,756,2025-12-27 20:00:00+00:00
1766869200000,0.2567,0.2574,0.2558,0.257,75565.4,1766872800000,19395.99981,271,2025-12-27 21:00:00+00:00
1766872800000,0.257,0.2574,0.2546,0.2559,162718.6,1766876400000,41640.50442,340,2025-12-27 22:00:00+00:00
1766876400000,0.2558,0.2587,0.2554,0.2573,227339.9,1766880000000,58482.64324,680,2025-12-27 23:00:00+00:00
1766880000000,0.2573,0.2575,0.2543,0.2543,282475.0,1766883600000,72290.89165,790,2025-12-28 00:00:00+00:00
1766883600000,0.2544,0.2547,0.2526,0.2528,78396.6,1766887200000,19883.36245,335,2025-12-28 01:00:00+00:00
1766887200000,0.2527,0.2544,0.2526,0.2532,86336.5,1766890800000,21899.51468,255,2025-12-28 02:00:00+00:00
1766890800000,0.2531,0.2538,0.2513,0.2521,212621.4,1766894400000,53620.27,494,2025-12-28 03:00:00+00:00
1766894400000,0.2521,0.2531,0.251,0.2513,132386.6,1766898000000,33327.04147,357,2025-12-28 04:00:00+00:00
1766898000000,0.2513,0.2556,0.2512,0.2526,917336.6,1766901600000,232795.90369,1310,2025-12-28 05:00:00+00:00
1766901600000,0.2527,0.2554,0.2523,0.2545,177085.4,1766905200000,45034.41786,577,2025-12-28 06:00:00+00:00
1766905200000,0.2545,0.2574,0.2542,0.2567,193312.4,1766908800000,49492.49415,563,2025-12-28 07:00:00+00:00
1766908800000,0.2566,0.2598,0.2563,0.2591,872545.3,1766912400000,225190.39426,1651,2025-12-28 08:00:00+00:00
1766912400000,0.2588,0.2608,0.2571,0.2597,447332.7,1766916000000,115684.85595,1047,2025-12-28 09:00:00+00:00
1766916000000,0.2595,0.2631,0.2581,0.2594,651522.8,1766919600000,169785.53671,1342,2025-12-28 10:00:00+00:00
1766919600000,0.2595,0.2619,0.2589,0.2602,396305.2,1766923200000,103173.8188,1169,2025-12-28 11:00:00+00:00
1766923200000,0.2601,0.2654,0.2595,0.2596,593182.8,1766926800000,156198.55356,1533,2025-12-28 12:00:00+00:00
1766926800000,0.2596,0.2621,0.2577,0.259,441686.3,1766930400000,114696.46043,1109,2025-12-28 13:00:00+00:00
1766930400000,0.259,0.262,0.2588,0.2591,618765.8,1766934000000,161035.49457,1079,2025-12-28 14:00:00+00:00
1766934000000,0.2591,0.2636,0.2586,0.2618,609378.6,1766937600000,159416.28014,1995,2025-12-28 15:00:00+00:00
1766937600000,0.2619,0.2638,0.259,0.261,536327.8,1766941200000,139892.45103,947,2025-12-28 16:00:00+00:00
1766941200000,0.261,0.2647,0.2607,0.2625,372593.3,1766944800000,97956.39756,1157,2025-12-28 17:00:00+00:00
1766944800000,0.2625,0.2633,0.2596,0.2603,342313.8,1766948400000,89434.96078,929,2025-12-28 18:00:00+00:00
1766948400000,0.2602,0.2602,0.2567,0.2575,207151.5,1766952000000,53544.82515,748,2025-12-28 19:00:00+00:00
1766952000000,0.2573,0.2579,0.2534,0.2552,448938.2,1766955600000,114469.53845,1085,2025-12-28 20:00:00+00:00
1766955600000,0.2551,0.2558,0.2536,0.2553,170228.7,1766959200000,43365.14,582,2025-12-28 21:00:00+00:00
1766959200000,0.2553,0.2581,0.2551,0.2579,198037.1,1766962800000,50938.46532,296,2025-12-28 22:00:00+00:00
1766962800000,0.2578,0.2587,0.2564,0.2583,115192.0,1766966400000,29688.3384,338,2025-12-28 23:00:00+00:00
1766966400000,0.2583,0.2674,0.2562,0.2672,1644655.3,1766970000000,433605.06845,2679,2025-12-29 00:00:00+00:00
1766970000000,0.2673,0.2692,0.2626,0.2634,1398741.8,1766973600000,372899.42404,3245,2025-12-29 01:00:00+00:00
1766973600000,0.2634,0.264,0.2616,0.2635,344998.3,1766977200000,90689.07402,989,2025-12-29 02:00:00+00:00
1766977200000,0.2634,0.27,0.2628,0.2685,1073793.4,1766980800000,286510.90366,1865,2025-12-29 03:00:00+00:00
1766980800000,0.2685,0.2696,0.2658,0.2669,830381.6,1766984400000,221929.01941,1596,2025-12-29 04:00:00+00:00
1766984400000,0.2669,0.2705,0.2642,0.2682,437532.3,1766988000000,117041.83887,1218,2025-12-29 05:00:00+00:00
1766988000000,0.268,0.2686,0.2621,0.2624,819295.4,1766991600000,216715.74334,1496,2025-12-29 06:00:00+00:00
1766991600000,0.2626,0.2651,0.2582,0.2595,1608831.8,1766995200000,419858.55782,3110,2025-12-29 07:00:00+00:00
1766995200000,0.2596,0.2607,0.2557,0.2567,425493.3,1766998800000,109866.07239,1079,2025-12-29 08:00:00+00:00
1766998800000,0.2568,0.2575,0.2492,0.2523,1756453.8,1767002400000,446873.41558,3238,2025-12-29 09:00:00+00:00
1767002400000,0.2522,0.2528,0.2507,0.2512,300071.2,1767006000000,75530.6819,843,2025-12-29 10:00:00+00:00
1767006000000,0.251,0.2511,0.247,0.2483,1181067.0,1767009600000,293461.94676,1792,2025-12-29 11:00:00+00:00
1767009600000,0.2482,0.2501,0.246,0.2488,475191.0,1767013200000,117960.92123,1298,2025-12-29 12:00:00+00:00
1767013200000,0.2489,0.2499,0.2475,0.2479,320818.5,1767016800000,79776.55486,727,2025-12-29 13:00:00+00:00
1767016800000,0.248,0.25,0.2444,0.2488,592107.6,1767020400000,146582.32089,1491,2025-12-29 14:00:00+00:00
1767020400000,0.2488,0.2543,0.2484,0.2505,1329683.0,1767024000000,334542.18488,2189,2025-12-29 15:00:00+00:00
1767024000000,0.2505,0.2512,0.2481,0.2491,314195.6,1767027600000,78315.78885,765,2025-12-29 16:00:00+00:00
1767027600000,0.2492,0.2508,0.2488,0.2502,207870.9,1767031200000,51929.38048,629,2025-12-29 17:00:00+00:00
1767031200000,0.2501,0.2535,0.2491,0.2494,791045.9,1767034800000,199296.40183,1678,2025-12-29 18:00:00+00:00
1767034800000,0.2495,0.2516,0.2486,0.25,232047.1,1767038400000,58068.69945,698,2025-12-29 19:00:00+00:00
1767038400000,0.25,0.2523,0.2481,0.2504,533497.2,1767042000000,133625.08743,1081,2025-12-29 20:00:00+00:00
1767042000000,0.2504,0.2534,0.2504,0.2517,184821.0,1767045600000,46632.5445,519,2025-12-29 21:00:00+00:00
1767045600000,0.2516,0.252,0.2501,0.2509,131911.3,1767049200000,33115.19004,249,2025-12-29 22:00:00+00:00
1767049200000,0.2507,0.2518,0.2491,0.2497,702675.3,1767052800000,176134.97467,1265,2025-12-29 23:00:00+00:00
1767052800000,0.2497,0.2523,0.2493,0.2507,318186.8,1767056400000,79911.21095,969,2025-12-30 00:00:00+00:00
1767056400000,0.2507,0.2509,0.247,0.2472,338266.0,1767060000000,84130.73826,836,2025-12-30 01:00:00+00:00
1767060000000,0.2472,0.2472,0.2436,0.2464,958370.7,1767063600000,235191.35394,1769,2025-12-30 02:00:00+00:00
1767063600000,0.2464,0.2488,0.2457,0.2463,642037.1,1767067200000,158658.97243,923,2025-12-30 03:00:00+00:00
1767067200000,0.2462,0.2465,0.2445,0.2458,239685.9,1767070800000,58839.8887,649,2025-12-30 04:00:00+00:00
1767070800000,0.2459,0.2476,0.2424,0.2461,323614.2,1767074400000,79171.77109,1057,2025-12-30 05:00:00+00:00
1767074400000,0.246,0.248,0.2456,0.2461,224557.3,1767078000000,55402.73356,593,2025-12-30 06:00:00+00:00
1767078000000,0.2459,0.2496,0.2454,0.2485,170570.2,1767081600000,42208.78154,527,2025-12-30 07:00:00+00:00
1767081600000,0.2485,0.2505,0.2483,0.2483,137789.2,1767085200000,34336.5231,587,2025-12-30 08:00:00+00:00
1767085200000,0.2484,0.2505,0.2481,0.2495,163089.1,1767088800000,40640.76967,551,2025-12-30 09:00:00+00:00
1767088800000,0.2495,0.2512,0.2479,0.2508,430566.1,1767092400000,107450.50375,840,2025-12-30 10:00:00+00:00
1767092400000,0.2509,0.2509,0.2481,0.2485,286028.9,1767096000000,71219.36053,872,2025-12-30 11:00:00+00:00
1767096000000,0.2484,0.2491,0.2462,0.2474,294099.8,1767099600000,72862.13928,806,2025-12-30 12:00:00+00:00
1767099600000,0.2476,0.2483,0.2472,0.2479,84152.3,1767103200000,20850.1578,350,2025-12-30 13:00:00+00:00
1767103200000,0.2479,0.2488,0.2452,0.2481,268368.6,1767106800000,66237.33739,931,2025-12-30 14:00:00+00:00
1767106800000,0.2481,0.2495,0.246,0.2495,128335.2,1767110400000,31791.8697,528,2025-12-30 15:00:00+00:00
1767110400000,0.2496,0.2515,0.2482,0.2496,281655.2,1767114000000,70485.11677,671,2025-12-30 16:00:00+00:00
1767114000000,0.2497,0.2499,0.247,0.2479,135948.6,1767117600000,33741.14566,367,2025-12-30 17:00:00+00:00
1767117600000,0.2479,0.2486,0.2473,0.2478,72867.2,1767121200000,18060.20217,237,2025-12-30 18:00:00+00:00
1767121200000,0.2477,0.2497,0.2469,0.2495,124572.6,1767124800000,30918.16734,384,2025-12-30 19:00:00+00:00
1767124800000,0.2494,0.2497,0.2479,0.2481,36295.2,1767128400000,9031.69187,184,2025-12-30 20:00:00+00:00
1767128400000,0.2479,0.2482,0.2469,0.2472,136630.8,1767132000000,33803.1527,352,2025-12-30 21:00:00+00:00
1767132000000,0.2473,0.2508,0.2472,0.2504,511060.9,1767135600000,127143.10872,744,2025-12-30 22:00:00+00:00
1767135600000,0.2503,0.2514,0.2497,0.2507,249192.9,1767139200000,62463.66991,505,2025-12-30 23:00:00+00:00
1767139200000,0.2506,0.2506,0.2465,0.2466,226708.0,1767142800000,56250.37254,547,2025-12-31 00:00:00+00:00
1767142800000,0.2466,0.2492,0.2461,0.2486,219537.9,1767146400000,54423.19675,615,2025-12-31 01:00:00+00:00
1767146400000,0.2487,0.2509,0.2481,0.2491,456683.9,1767150000000,113734.76602,759,2025-12-31 02:00:00+00:00
1767150000000,0.2491,0.2499,0.2478,0.2493,187950.9,1767153600000,46725.94959,390,2025-12-31 03:00:00+00:00
1767153600000,0.2492,0.2495,0.2472,0.2477,60081.8,1767157200000,14903.92976,169,2025-12-31 04:00:00+00:00
1767157200000,0.2476,0.2495,0.2473,0.2494,71451.5,1767160800000,17761.44757,249,2025-12-31 05:00:00+00:00
1767160800000,0.2494,0.2509,0.2486,0.25,270487.8,1767164400000,67595.47692,527,2025-12-31 06:00:00+00:00
1767164400000,0.25,0.2555,0.2498,0.2539,831849.3,1767168000000,210100.55812,1635,2025-12-31 07:00:00+00:00
1767168000000,0.254,0.2544,0.2499,0.2501,321707.5,1767171600000,81113.23853,755,2025-12-31 08:00:00+00:00
1767171600000,0.25,0.2509,0.248,0.2504,290190.0,1767175200000,72362.64917,887,2025-12-31 09:00:00+00:00
1767175200000,0.2503,0.2514,0.2478,0.2481,142554.0,1767178800000,35586.29529,452,2025-12-31 10:00:00+00:00
1767178800000,0.2481,0.2497,0.2476,0.2493,133307.4,1767182400000,33176.40954,432,2025-12-31 11:00:00+00:00
1767182400000,0.2491,0.2491,0.2472,0.2482,106995.2,1767186000000,26546.24586,325,2025-12-31 12:00:00+00:00
1767186000000,0.2481,0.2513,0.2479,0.2502,151916.7,1767189600000,37971.61401,477,2025-12-31 13:00:00+00:00
1767189600000,0.2501,0.2509,0.2478,0.248,205525.6,1767193200000,51291.92746,618,2025-12-31 14:00:00+00:00
1767193200000,0.2479,0.2503,0.247,0.2489,533377.3,1767196800000,132809.48281,1154,2025-12-31 15:00:00+00:00
1767196800000,0.2489,0.2499,0.2414,0.2441,753567.0,1767200400000,183648.67419,1852,2025-12-31 16:00:00+00:00
1767200400000,0.244,0.2445,0.2416,0.2428,328690.9,1767204000000,79886.96005,772,2025-12-31 17:00:00+00:00
1767204000000,0.243,0.2454,0.2422,0.2448,338746.2,1767207600000,82757.36709,609,2025-12-31 18:00:00+00:00
1767207600000,0.2449,0.2509,0.2447,0.249,410853.0,1767211200000,102408.42269,927,2025-12-31 19:00:00+00:00
1767211200000,0.2489,0.2502,0.2466,0.2499,315795.2,1767214800000,78449.74562,1048,2025-12-31 20:00:00+00:00
1767214800000,0.2499,0.2549,0.2499,0.2531,452883.8,1767218400000,114486.32267,1170,2025-12-31 21:00:00+00:00
1767218400000,0.2531,0.2541,0.2501,0.2524,275475.4,1767222000000,69475.23493,642,2025-12-31 22:00:00+00:00
1767222000000,0.2524,0.2535,0.2516,0.2521,202165.3,1767225600000,51042.88786,591,2025-12-31 23:00:00+00:00
1767225600000,0.2523,0.2553,0.2501,0.2502,357586.1,1767229200000,90044.47851,889,2026-01-01 00:00:00+00:00
1767229200000,0.2502,0.2515,0.25,0.2502,228884.7,1767232800000,57373.87684,441,2026-01-01 01:00:00+00:00
1767232800000,0.2501,0.2511,0.247,0.2479,1166823.2,1767236400000,290369.15885,1485,2026-01-01 02:00:00+00:00
1767236400000,0.2479,0.2481,0.2451,0.2466,825131.1,1767240000000,203508.00042,944,2026-01-01 03:00:00+00:00
1767240000000,0.2465,0.2475,0.2451,0.2468,331934.7,1767243600000,81775.81976,685,2026-01-01 04:00:00+00:00
1767243600000,0.2467,0.2488,0.2467,0.2483,166306.9,1767247200000,41242.56826,572,2026-01-01 05:00:00+00:00
1767247200000,0.2483,0.2485,0.2471,0.2477,73288.9,1767250800000,18167.01978,319,2026-01-01 06:00:00+00:00
1767250800000,0.2476,0.249,0.2473,0.2479,158930.3,1767254400000,39444.72041,429,2026-01-01 07:00:00+00:00
1767254400000,0.2478,0.2478,0.2464,0.2469,397410.0,1767258000000,98117.2563,587,2026-01-01 08:00:00+00:00
1767258000000,0.247,0.2479,0.2446,0.2452,882634.9,1767261600000,217479.07162,1237,2026-01-01 09:00:00+00:00
1767261600000,0.2454,0.2468,0.2454,0.2468,150704.3,1767265200000,37073.45004,506,2026-01-01 10:00:00+00:00
1767265200000,0.2468,0.2477,0.2468,0.2471,70231.1,1767268800000,17357.76788,365,2026-01-01 11:00:00+00:00
1767268800000,0.2472,0.2477,0.2425,0.2454,551947.5,1767272400000,134938.61512,1275,2026-01-01 12:00:00+00:00
1767272400000,0.2456,0.2477,0.2456,0.2476,149955.6,1767276000000,37012.22115,477,2026-01-01 13:00:00+00:00
1767276000000,0.2476,0.2499,0.2461,0.2492,1370515.7,1767279600000,339238.8409,1982,2026-01-01 14:00:00+00:00
1767279600000,0.2492,0.2503,0.2477,0.2487,601572.6,1767283200000,149705.95487,1450,2026-01-01 15:00:00+00:00
1767283200000,0.2489,0.249,0.2475,0.2484,95171.0,1767286800000,23611.71517,358,2026-01-01 16:00:00+00:00
1767286800000,0.2484,0.2504,0.248,0.2483,291705.6,1767290400000,72641.84749,743,2026-01-01 17:00:00+00:00
1767290400000,0.2484,0.2491,0.2475,0.2481,246583.0,1767294000000,61318.70024,515,2026-01-01 18:00:00+00:00
1767294000000,0.2482,0.2486,0.2476,0.2482,65060.4,1767297600000,16136.79675,346,2026-01-01 19:00:00+00:00
1767297600000,0.2481,0.2482,0.2465,0.2477,282571.6,1767301200000,69903.97177,766,2026-01-01 20:00:00+00:00
1767301200000,0.2477,0.2483,0.2469,0.2483,169954.8,1767304800000,42080.7787,448,2026-01-01 21:00:00+00:00
1767304800000,0.2483,0.2492,0.2475,0.2491,122796.2,1767308400000,30512.18304,280,2026-01-01 22:00:00+00:00
1767308400000,0.2492,0.2495,0.2482,0.2491,240080.3,1767312000000,59730.64796,673,2026-01-01 23:00:00+00:00
1767312000000,0.2492,0.2492,0.244,0.2456,714361.3,1767315600000,175607.15732,1257,2026-01-02 00:00:00+00:00
1767315600000,0.2456,0.246,0.2439,0.2449,175729.0,1767319200000,43072.15675,445,2026-01-02 01:00:00+00:00
1767319200000,0.2449,0.2453,0.2432,0.2437,408716.4,1767322800000,99797.26196,834,2026-01-02 02:00:00+00:00
1767322800000,0.2436,0.2459,0.2434,0.2452,464291.7,1767326400000,113473.76775,1419,2026-01-02 03:00:00+00:00
1767326400000,0.2452,0.2458,0.2438,0.2446,76268.2,1767330000000,18655.47471,315,2026-01-02 04:00:00+00:00
1767330000000,0.2446,0.2456,0.244,0.2449,136325.9,1767333600000,33383.2927,513,2026-01-02 05:00:00+00:00
1767333600000,0.2449,0.2468,0.2449,0.2454,190965.9,1767337200000,46996.50402,489,2026-01-02 06:00:00+00:00
1767337200000,0.2456,0.2466,0.2423,0.2448,893290.7,1767340800000,217787.71345,1582,2026-01-02 07:00:00+00:00
1767340800000,0.2451,0.2459,0.2446,0.245,86111.8,1767344400000,21116.40046,299,2026-01-02 08:00:00+00:00
1767344400000,0.245,0.2491,0.245,0.2474,233889.4,1767348000000,57718.7891,784,2026-01-02 09:00:00+00:00
1767348000000,0.2475,0.2496,0.2475,0.2489,232274.4,1767351600000,57674.7138,729,2026-01-02 10:00:00+00:00
1767351600000,0.2487,0.2504,0.248,0.249,518412.0,1767355200000,128980.55172,956,2026-01-02 11:00:00+00:00
1767355200000,0.2489,0.2518,0.248,0.2506,900850.4,1767358800000,225484.95722,1579,2026-01-02 12:00:00+00:00
1767358800000,0.2506,0.2518,0.2486,0.2488,482516.1,1767362400000,120783.18029,1301,2026-01-02 13:00:00+00:00
1767362400000,0.2488,0.2509,0.2447,0.2482,866570.2,1767366000000,215282.40335,2055,2026-01-02 14:00:00+00:00
1767366000000,0.2483,0.2487,0.2451,0.2478,415254.7,1767369600000,102707.77093,1155,2026-01-02 15:00:00+00:00
1767369600000,0.2479,0.2524,0.2464,0.2517,396368.8,1767373200000,99031.86591,1265,2026-01-02 16:00:00+00:00
1767373200000,0.2518,0.2532,0.2501,0.2512,222208.7,1767376800000,55986.18635,880,2026-01-02 17:00:00+00:00
1767376800000,0.251,0.2524,0.249,0.2502,135138.1,1767380400000,33946.80625,455,2026-01-02 18:00:00+00:00
1767380400000,0.2503,0.2524,0.2501,0.2513,130832.1,1767384000000,32887.54861,401,2026-01-02 19:00:00+00:00
1767384000000,0.2514,0.2519,0.2492,0.2498,62176.0,1767387600000,15528.14174,280,2026-01-02 20:00:00+00:00
1767387600000,0.2498,0.252,0.2491,0.2516,92665.1,1767391200000,23233.75052,302,2026-01-02 21:00:00+00:00
1767391200000,0.2516,0.2546,0.2516,0.2537,176669.2,1767394800000,44718.17339,450,2026-01-02 22:00:00+00:00
1767394800000,0.2533,0.2547,0.2525,0.2546,214666.9,1767398400000,54478.73926,482,2026-01-02 23:00:00+00:00
1767398400000,0.2546,0.2662,0.2544,0.2633,2824734.6,1767402000000,739511.16848,6133,2026-01-03 00:00:00+00:00
1767402000000,0.2633,0.2649,0.2595,0.2612,1120339.6,1767405600000,294301.11026,2595,2026-01-03 01:00:00+00:00
1767405600000,0.2612,0.2624,0.2605,0.2614,448436.2,1767409200000,117239.56198,742,2026-01-03 02:00:00+00:00
1767409200000,0.2613,0.2633,0.2605,0.2626,163270.2,1767412800000,42652.68384,465,2026-01-03 03:00:00+00:00
1767412800000,0.2625,0.2625,0.2598,0.2604,374012.2,1767416400000,97585.41643,916,2026-01-03 04:00:00+00:00
1767416400000,0.2605,0.2609,0.255,0.2566,980037.3,1767420000000,252499.90975,1906,2026-01-03 05:00:00+00:00
1767420000000,0.2563,0.2592,0.2518,0.2529,548059.8,1767423600000,140008.70267,1424,2026-01-03 06:00:00+00:00
1767423600000,0.2528,0.2536,0.2479,0.2502,767730.3,1767427200000,191921.96514,1705,2026-01-03 07:00:00+00:00
1767427200000,0.2502,0.2518,0.2487,0.2505,396169.6,1767430800000,99194.26867,1080,2026-01-03 08:00:00+00:00
1767430800000,0.2505,0.2558,0.2503,0.254,704951.8,1767434400000,178610.22807,1365,2026-01-03 09:00:00+00:00
1767434400000,0.254,0.2549,0.2532,0.2546,185816.0,1767438000000,47232.7505,447,2026-01-03 10:00:00+00:00
1767438000000,0.2545,0.2577,0.2521,0.2574,375269.6,1767441600000,95510.24617,829,2026-01-03 11:00:00+00:00
1767441600000,0.2573,0.2602,0.2565,0.2591,428714.1,1767445200000,110666.04046,1067,2026-01-03 12:00:00+00:00
1767445200000,0.259,0.2591,0.257,0.2574,297629.6,1767448800000,76822.59439,735,2026-01-03 13:00:00+00:00
1767448800000,0.2574,0.2589,0.2571,0.2585,186162.6,1767452400000,48025.43444,456,2026-01-03 14:00:00+00:00
1767452400000,0.2584,0.2587,0.2561,0.2567,255570.2,1767456000000,65819.17826,636,2026-01-03 15:00:00+00:00
1767456000000,0.2568,0.2603,0.2564,0.2592,243619.4,1767459600000,62957.0927,839,2026-01-03 16:00:00+00:00
1767459600000,0.2593,0.2609,0.258,0.2581,223807.7,1767463200000,58058.27098,577,2026-01-03 17:00:00+00:00
1767463200000,0.2581,0.2591,0.2564,0.2591,367798.7,1767466800000,94902.51789,679,2026-01-03 18:00:00+00:00
1767466800000,0.2591,0.2595,0.2582,0.2592,150278.8,1767470400000,38877.52901,280,2026-01-03 19:00:00+00:00
1767470400000,0.2592,0.2592,0.2569,0.2586,82611.4,1767474000000,21297.02474,248,2026-01-03 20:00:00+00:00
1767474000000,0.2586,0.2662,0.2577,0.2604,1405585.6,1767477600000,368706.2878,2967,2026-01-03 21:00:00+00:00
1767477600000,0.2605,0.2614,0.2591,0.2608,261679.6,1767481200000,68044.80143,641,2026-01-03 22:00:00+00:00
1767481200000,0.2608,0.2634,0.2593,0.2624,199769.0,1767484800000,52251.92366,587,2026-01-03 23:00:00+00:00
1767484800000,0.2623,0.265,0.2595,0.2612,449203.4,1767488400000,117874.30781,1360,2026-01-04 00:00:00+00:00
1767488400000,0.2612,0.2618,0.2587,0.2601,159138.4,1767492000000,41396.12988,566,2026-01-04 01:00:00+00:00
1767492000000,0.26,0.2611,0.2591,0.2594,128550.4,1767495600000,33432.37719,376,2026-01-04 02:00:00+00:00
1767495600000,0.2593,0.2606,0.2589,0.26,237314.9,1767499200000,61648.66774,535,2026-01-04 03:00:00+00:00
1767499200000,0.2599,0.2604,0.259,0.259,105398.5,1767502800000,27388.67244,402,2026-01-04 04:00:00+00:00
1767502800000,0.259,0.2599,0.2575,0.259,276488.3,1767506400000,71517.46923,639,2026-01-04 05:00:00+00:00
1767506400000,0.2589,0.2596,0.2549,0.2562,443392.2,1767510000000,114094.29465,965,2026-01-04 06:00:00+00:00
1767510000000,0.2561,0.2601,0.2558,0.2588,308795.6,1767513600000,79537.40492,660,2026-01-04 07:00:00+00:00
1767513600000,0.2587,0.2587,0.2564,0.2575,209787.8,1767517200000,54031.3598,604,2026-01-04 08:00:00+00:00
1767517200000,0.2579,0.2598,0.2576,0.259,144849.7,1767520800000,37500.82915,447,2026-01-04 09:00:00+00:00
1767520800000,0.259,0.2605,0.2584,0.2589,125846.6,1767524400000,32642.00332,377,2026-01-04 10:00:00+00:00
1767524400000,0.2588,0.2591,0.2572,0.2589,130821.4,1767528000000,33749.16559,452,2026-01-04 11:00:00+00:00
1767528000000,0.2589,0.2606,0.258,0.258,201145.4,1767531600000,52112.76808,571,2026-01-04 12:00:00+00:00
1767531600000,0.2579,0.2599,0.2577,0.2599,493263.3,1767535200000,127445.27552,1072,2026-01-04 13:00:00+00:00
1767535200000,0.2599,0.2609,0.2583,0.2606,349262.8,1767538800000,90755.06312,1149,2026-01-04 14:00:00+00:00
1767538800000,0.2605,0.2637,0.2605,0.2628,716058.3,1767542400000,188008.58583,1210,2026-01-04 15:00:00+00:00
1767542400000,0.2629,0.2648,0.2625,0.2638,216642.8,1767546000000,57170.54727,709,2026-01-04 16:00:00+00:00
1767546000000,0.2638,0.265,0.2633,0.2634,229998.0,1767549600000,60709.77268,439,2026-01-04 17:00:00+00:00
1767549600000,0.2633,0.2637,0.2593,0.2609,183340.4,1767553200000,47860.28338,681,2026-01-04 18:00:00+00:00
1767553200000,0.2608,0.2608,0.2571,0.2592,359519.8,1767556800000,92991.97786,1001,2026-01-04 19:00:00+00:00
1767556800000,0.2592,0.2608,0.2592,0.2603,222815.3,1767560400000,57959.42352,723,2026-01-04 20:00:00+00:00
1767560400000,0.2603,0.2618,0.2588,0.2595,212412.3,1767564000000,55273.57498,612,2026-01-04 21:00:00+00:00
1767564000000,0.2594,0.2615,0.2593,0.2605,123323.3,1767567600000,32138.97685,346,2026-01-04 22:00:00+00:00
1767567600000,0.2604,0.2613,0.2582,0.2598,275784.5,1767571200000,71592.56831,1028,2026-01-04 23:00:00+00:00
1767571200000,0.2598,0.2615,0.2562,0.2602,675339.4,1767574800000,174903.51208,1691,2026-01-05 00:00:00+00:00
1767574800000,0.2601,0.2668,0.2598,0.2646,1695393.4,1767578400000,447550.43513,2814,2026-01-05 01:00:00+00:00
1767578400000,0.2647,0.2653,0.2602,0.2613,543683.4,1767582000000,143033.35667,1827,2026-01-05 02:00:00+00:00
1767582000000,0.2612,0.2614,0.2594,0.2595,413180.4,1767585600000,107358.77455,709,2026-01-05 03:00:00+00:00
1767585600000,0.2596,0.2598,0.254,0.2576,629049.2,1767589200000,161548.17602,1462,2026-01-05 04:00:00+00:00
1767589200000,0.2575,0.2584,0.2559,0.2559,233866.1,1767592800000,60117.20211,694,2026-01-05 05:00:00+00:00
1767592800000,0.2558,0.2564,0.2533,0.2553,252149.1,1767596400000,64223.89136,779,2026-01-05 06:00:00+00:00
1767596400000,0.2553,0.2589,0.255,0.2581,305590.6,1767600000000,78556.78163,766,2026-01-05 07:00:00+00:00
1767600000000,0.258,0.2589,0.2556,0.2574,194886.9,1767603600000,50258.34872,673,2026-01-05 08:00:00+00:00
1767603600000,0.2573,0.2589,0.2537,0.2577,922619.9,1767607200000,237039.37187,1731,2026-01-05 09:00:00+00:00
1767607200000,0.2577,0.2585,0.2551,0.2574,151588.5,1767610800000,38945.87507,567,2026-01-05 10:00:00+00:00
1767610800000,0.2574,0.2587,0.2557,0.2586,372997.0,1767614400000,95895.96652,736,2026-01-05 11:00:00+00:00
1767614400000,0.2585,0.2623,0.2556,0.2607,632396.1,1767618000000,164233.71199,1374,2026-01-05 12:00:00+00:00
1767618000000,0.2608,0.2677,0.2577,0.2588,1754939.0,1767621600000,459194.30592,3759,2026-01-05 13:00:00+00:00
1767621600000,0.259,0.2637,0.259,0.2624,495224.3,1767625200000,129314.141,1483,2026-01-05 14:00:00+00:00
1767625200000,0.2625,0.265,0.2606,0.264,348985.8,1767628800000,91773.69255,966,2026-01-05 15:00:00+00:00
1767628800000,0.2641,0.2668,0.2623,0.2632,376691.3,1767632400000,99442.22672,1110,2026-01-05 16:00:00+00:00
1767632400000,0.2633,0.267,0.2609,0.2661,862490.1,1767636000000,227773.95763,1327,2026-01-05 17:00:00+00:00
1767636000000,0.2661,0.2703,0.2654,0.2693,582273.6,1767639600000,155956.89459,1381,2026-01-05 18:00:00+00:00
1767639600000,0.2691,0.2741,0.2689,0.2725,944531.9,1767643200000,256481.51286,1795,2026-01-05 19:00:00+00:00
1767643200000,0.2725,0.2728,0.2667,0.2696,728250.6,1767646800000,196720.93005,1506,2026-01-05 20:00:00+00:00
1767646800000,0.2695,0.2709,0.2677,0.2692,184657.8,1767650400000,49751.46829,548,2026-01-05 21:00:00+00:00
1767650400000,0.2691,0.272,0.269,0.272,205850.7,1767654000000,55827.31128,302,2026-01-05 22:00:00+00:00
1767654000000,0.2718,0.272,0.269,0.2691,189198.1,1767657600000,51128.18653,571,2026-01-05 23:00:00+00:00
1767657600000,0.2691,0.2705,0.2648,0.2679,403923.1,1767661200000,108002.92032,989,2026-01-06 00:00:00+00:00
1767661200000,0.2679,0.2772,0.2677,0.2723,1057478.3,1767664800000,289827.72265,2170,2026-01-06 01:00:00+00:00
1767664800000,0.2722,0.2816,0.2716,0.2771,1087460.6,1767668400000,301729.0731,2533,2026-01-06 02:00:00+00:00
1767668400000,0.2769,0.2873,0.2764,0.2841,1623776.5,1767672000000,461448.98107,4037,2026-01-06 03:00:00+00:00
1767672000000,0.2841,0.3039,0.2832,0.2967,5592684.2,1767675600000,1662767.89388,16077,2026-01-06 04:00:00+00:00
1767675600000,0.2967,0.2982,0.2785,0.2813,2945309.7,1767679200000,843656.7064,6197,2026-01-06 05:00:00+00:00
1767679200000,0.2811,0.2838,0.2787,0.2794,828192.8,1767682800000,232960.24139,1912,2026-01-06 06:00:00+00:00
1767682800000,0.2793,0.2831,0.2783,0.2784,671307.8,1767686400000,188402.26559,1902,2026-01-06 07:00:00+00:00
1767686400000,0.2785,0.2814,0.2769,0.2805,725925.2,1767690000000,202221.82314,1739,2026-01-06 08:00:00+00:00
1767690000000,0.2804,0.2836,0.2774,0.2791,789606.1,1767693600000,221207.37271,2100,2026-01-06 09:00:00+00:00
1767693600000,0.279,0.2839,0.2782,0.2823,413727.6,1767697200000,116652.52865,1429,2026-01-06 10:00:00+00:00
1767697200000,0.2823,0.2878,0.2817,0.2859,574023.3,1767700800000,163677.84731,1829,2026-01-06 11:00:00+00:00
1767700800000,0.2859,0.2936,0.2858,0.2888,1215119.6,1767704400000,351804.2022,3262,2026-01-06 12:00:00+00:00
1767704400000,0.2887,0.2898,0.2842,0.2851,635575.6,1767708000000,182319.0403,2358,2026-01-06 13:00:00+00:00
1767708000000,0.285,0.2861,0.2793,0.2814,1571194.3,1767711600000,445086.3503,3789,2026-01-06 14:00:00+00:00
1767711600000,0.2814,0.2833,0.2785,0.282,537904.7,1767715200000,151527.54781,1845,2026-01-06 15:00:00+00:00
1767715200000,0.2821,0.283,0.2727,0.2753,1122244.5,1767718800000,311007.71941,3938,2026-01-06 16:00:00+00:00
1767718800000,0.2751,0.277,0.2696,0.2707,680534.0,1767722400000,186423.14142,2584,2026-01-06 17:00:00+00:00
1767722400000,0.2707,0.2759,0.2698,0.275,346970.3,1767726000000,94992.44656,1350,2026-01-06 18:00:00+00:00
1767726000000,0.275,0.2778,0.2744,0.2764,213587.3,1767729600000,59102.20908,847,2026-01-06 19:00:00+00:00
1767729600000,0.2764,0.2798,0.276,0.2791,153067.7,1767733200000,42618.51248,832,2026-01-06 20:00:00+00:00
1767733200000,0.2792,0.2827,0.2785,0.2808,313628.7,1767736800000,88120.08902,1363,2026-01-06 21:00:00+00:00
1767736800000,0.2809,0.2822,0.2791,0.2801,179845.2,1767740400000,50436.489,495,2026-01-06 22:00:00+00:00
1767740400000,0.2802,0.2813,0.2788,0.2809,157545.5,1767744000000,44124.37818,693,2026-01-06 23:00:00+00:00
1767744000000,0.2809,0.2811,0.274,0.2742,465834.4,1767747600000,129215.04686,1253,2026-01-07 00:00:00+00:00
1767747600000,0.2743,0.2764,0.2706,0.2715,609401.1,1767751200000,166338.76412,1796,2026-01-07 01:00:00+00:00
1767751200000,0.2714,0.2732,0.2695,0.2727,390759.6,1767754800000,105893.83229,1237,2026-01-07 02:00:00+00:00
1767754800000,0.2727,0.2738,0.2722,0.2728,120563.5,1767758400000,32903.75075,529,2026-01-07 03:00:00+00:00
1767758400000,0.2729,0.2748,0.2721,0.2726,255315.7,1767762000000,69759.63873,882,2026-01-07 04:00:00+00:00
1767762000000,0.2726,0.2752,0.2714,0.2729,289774.1,1767765600000,79147.59308,988,2026-01-07 05:00:00+00:00
1767765600000,0.273,0.2735,0.2714,0.2725,131396.4,1767769200000,35793.18991,475,2026-01-07 06:00:00+00:00
1767769200000,0.2724,0.277,0.2722,0.277,216556.7,1767772800000,59609.47265,842,2026-01-07 07:00:00+00:00
1767772800000,0.2769,0.2792,0.276,0.2783,767142.1,1767776400000,213348.82213,1282,2026-01-07 08:00:00+00:00
1767776400000,0.2781,0.279,0.2727,0.2746,412737.0,1767780000000,113830.63063,1520,2026-01-07 09:00:00+00:00
1767780000000,0.2745,0.2787,0.274,0.2783,193771.8,1767783600000,53558.437,767,2026-01-07 10:00:00+00:00
1767783600000,0.2783,0.2793,0.2763,0.2772,265774.7,1767787200000,73944.56621,794,2026-01-07 11:00:00+00:00
1767787200000,0.2773,0.278,0.2727,0.2728,202903.1,1767790800000,55868.21517,662,2026-01-07 12:00:00+00:00
1767790800000,0.2727,0.2738,0.2683,0.269,601616.5,1767794400000,163044.14918,1392,2026-01-07 13:00:00+00:00
1767794400000,0.2691,0.2691,0.2618,0.2656,2421004.7,1767798000000,641615.22991,4953,2026-01-07 14:00:00+00:00
1767798000000,0.2657,0.2658,0.261,0.2623,635031.0,1767801600000,166829.11143,1997,2026-01-07 15:00:00+00:00
1767801600000,0.2622,0.2638,0.2604,0.2624,490669.7,1767805200000,128513.10793,1388,2026-01-07 16:00:00+00:00
1767805200000,0.2623,0.2648,0.2614,0.2631,200522.8,1767808800000,52732.94533,861,2026-01-07 17:00:00+00:00
1767808800000,0.263,0.2654,0.2624,0.264,177022.3,1767812400000,46708.78641,803,2026-01-07 18:00:00+00:00
1767812400000,0.264,0.2648,0.261,0.2634,170550.4,1767816000000,44813.07333,786,2026-01-07 19:00:00+00:00
1767816000000,0.2635,0.2639,0.2616,0.2622,56413.8,1767819600000,14799.29969,432,2026-01-07 20:00:00+00:00
1767819600000,0.2623,0.2635,0.2622,0.2624,54187.6,1767823200000,14243.47547,310,2026-01-07 21:00:00+00:00
1767823200000,0.2621,0.2633,0.2569,0.2587,792795.3,1767826800000,205251.75643,1205,2026-01-07 22:00:00+00:00
1767826800000,0.2585,0.2599,0.257,0.2588,352131.2,1767830400000,90970.57409,966,2026-01-07 23:00:00+00:00
1767830400000,0.2588,0.2628,0.2586,0.2624,1009135.8,1767834000000,263081.07287,1753,2026-01-08 00:00:00+00:00
1767834000000,0.2624,0.2743,0.2624,0.2646,2703844.4,1767837600000,728307.28264,7005,2026-01-08 01:00:00+00:00
1767837600000,0.2647,0.2651,0.2592,0.2596,326301.3,1767841200000,85408.68698,1057,2026-01-08 02:00:00+00:00
1767841200000,0.2596,0.2611,0.2553,0.2556,347558.9,1767844800000,89535.87465,1026,2026-01-08 03:00:00+00:00
1767844800000,0.2558,0.2583,0.2552,0.258,142509.8,1767848400000,36600.00356,606,2026-01-08 04:00:00+00:00
1767848400000,0.2581,0.2614,0.2576,0.2578,398278.8,1767852000000,102995.57959,945,2026-01-08 05:00:00+00:00
1767852000000,0.258,0.2584,0.2535,0.254,372984.2,1767855600000,95549.08018,1373,2026-01-08 06:00:00+00:00
1767855600000,0.2541,0.2574,0.252,0.2574,262506.3,1767859200000,66874.78141,1252,2026-01-08 07:00:00+00:00
1767859200000,0.2574,0.2576,0.2536,0.2543,196484.1,1767862800000,50370.08763,609,2026-01-08 08:00:00+00:00
1767862800000,0.2544,0.2553,0.2537,0.2544,160214.4,1767866400000,40735.55192,637,2026-01-08 09:00:00+00:00
1767866400000,0.2544,0.2563,0.2526,0.2563,388710.7,1767870000000,98857.14546,1058,2026-01-08 10:00:00+00:00
1767870000000,0.2564,0.2597,0.2549,0.2589,934629.5,1767873600000,240168.30669,1751,2026-01-08 11:00:00+00:00
1767873600000,0.2589,0.2597,0.2556,0.2561,292986.2,1767877200000,75534.04392,869,2026-01-08 12:00:00+00:00
1767877200000,0.256,0.2566,0.2545,0.2556,152805.6,1767880800000,39026.20394,541,2026-01-08 13:00:00+00:00
1767880800000,0.2555,0.2588,0.2538,0.2581,317312.1,1767884400000,81153.69425,1374,2026-01-08 14:00:00+00:00
1767884400000,0.258,0.265,0.2563,0.2648,857927.3,1767888000000,224401.56333,2456,2026-01-08 15:00:00+00:00
1767888000000,0.2647,0.268,0.2625,0.266,505987.5,1767891600000,134351.56811,1809,2026-01-08 16:00:00+00:00
1767891600000,0.2661,0.2674,0.2616,0.2635,273211.9,1767895200000,72253.9285,962,2026-01-08 17:00:00+00:00
1767895200000,0.2634,0.2646,0.2615,0.2631,163619.8,1767898800000,43090.30066,793,2026-01-08 18:00:00+00:00
1767898800000,0.2631,0.2699,0.263,0.2688,938456.9,1767902400000,251150.0741,1704,2026-01-08 19:00:00+00:00
1767902400000,0.2687,0.2688,0.265,0.2662,267796.1,1767906000000,71487.75068,1023,2026-01-08 20:00:00+00:00
1767906000000,0.2663,0.2676,0.2648,0.2671,221362.2,1767909600000,58875.17133,623,2026-01-08 21:00:00+00:00
1767909600000,0.2672,0.2688,0.2638,0.266,186782.3,1767913200000,49680.68287,467,2026-01-08 22:00:00+00:00
1767913200000,0.2661,0.2703,0.2654,0.2689,1255280.2,1767916800000,337011.96332,1744,2026-01-08 23:00:00+00:00
1767916800000,0.2689,0.2703,0.2661,0.2688,279109.6,1767920400000,74773.18244,820,2026-01-09 00:00:00+00:00
1767920400000,0.2688,0.2706,0.2649,0.2653,316323.6,1767924000000,84666.91719,1239,2026-01-09 01:00:00+00:00
1767924000000,0.2652,0.2685,0.2652,0.2672,126429.5,1767927600000,33784.08424,435,2026-01-09 02:00:00+00:00
1767927600000,0.2673,0.2698,0.2662,0.2664,239784.3,1767931200000,64182.50839,580,2026-01-09 03:00:00+00:00
1767931200000,0.2665,0.2673,0.2659,0.2665,45173.0,1767934800000,12043.15806,278,2026-01-09 04:00:00+00:00
1767934800000,0.2666,0.2682,0.2666,0.2672,76772.9,1767938400000,20529.0286,314,2026-01-09 05:00:00+00:00
1767938400000,0.2671,0.2671,0.2654,0.2663,109476.9,1767942000000,29132.65448,597,2026-01-09 06:00:00+00:00
1767942000000,0.2663,0.2667,0.2642,0.2648,296057.6,1767945600000,78554.0145,555,2026-01-09 07:00:00+00:00
1767945600000,0.2648,0.2656,0.2598,0.2625,368521.2,1767949200000,96846.83763,901,2026-01-09 08:00:00+00:00
1767949200000,0.2626,0.2648,0.2616,0.2618,124934.3,1767952800000,32924.40856,563,2026-01-09 09:00:00+00:00
1767952800000,0.2616,0.2628,0.2607,0.2623,118812.3,1767956400000,31070.50135,327,2026-01-09 10:00:00+00:00
1767956400000,0.2624,0.2636,0.2621,0.2623,116795.7,1767960000000,30725.52505,408,2026-01-09 11:00:00+00:00
1767960000000,0.2624,0.2624,0.2585,0.2594,165528.2,1767963600000,43049.53689,412,2026-01-09 12:00:00+00:00
1767963600000,0.2593,0.2641,0.2592,0.2619,541963.4,1767967200000,142027.647,1097,2026-01-09 13:00:00+00:00
1767967200000,0.2618,0.2618,0.2578,0.2593,313261.4,1767970800000,81434.25944,1069,2026-01-09 14:00:00+00:00
1767970800000,0.2594,0.2653,0.2576,0.2619,431546.9,1767974400000,112900.83399,1450,2026-01-09 15:00:00+00:00
1767974400000,0.262,0.2651,0.2619,0.2627,145143.4,1767978000000,38237.71288,639,2026-01-09 16:00:00+00:00
1767978000000,0.2628,0.2632,0.2599,0.263,129774.2,1767981600000,33962.459,618,2026-01-09 17:00:00+00:00
1767981600000,0.2629,0.263,0.2581,0.2601,91493.7,1767985200000,23769.41947,474,2026-01-09 18:00:00+00:00
1767985200000,0.2601,0.2601,0.2575,0.2584,89374.8,1767988800000,23105.5365,413,2026-01-09 19:00:00+00:00
1767988800000,0.2583,0.2609,0.2579,0.2596,72535.2,1767992400000,18832.75526,272,2026-01-09 20:00:00+00:00
1767992400000,0.2595,0.2613,0.2589,0.2608,113380.4,1767996000000,29526.96193,402,2026-01-09 21:00:00+00:00
1767996000000,0.2607,0.263,0.2602,0.2626,187757.2,1767999600000,49147.74368,293,2026-01-09 22:00:00+00:00
1767999600000,0.2624,0.2637,0.262,0.2629,128430.2,1768003200000,33733.80056,364,2026-01-09 23:00:00+00:00
1768003200000,0.2629,0.2639,0.2597,0.26,111823.7,1768006800000,29269.28531,472,2026-01-10 00:00:00+00:00
1768006800000,0.26,0.2605,0.2593,0.2599,122116.8,1768010400000,31739.33117,309,2026-01-10 01:00:00+00:00
1768010400000,0.26,0.2606,0.2591,0.2597,114916.9,1768014000000,29842.59197,266,2026-01-10 02:00:00+00:00
1768014000000,0.2597,0.2598,0.2573,0.2598,220612.9,1768017600000,56963.85931,456,2026-01-10 03:00:00+00:00
1768017600000,0.2598,0.2603,0.2573,0.2574,99133.6,1768021200000,25674.37699,353,2026-01-10 04:00:00+00:00
1768021200000,0.2574,0.2577,0.2565,0.2565,51319.0,1768024800000,13198.61138,235,2026-01-10 05:00:00+00:00
1768024800000,0.2565,0.2575,0.255,0.2571,179482.2,1768028400000,46011.21424,437,2026-01-10 06:00:00+00:00
1768028400000,0.2571,0.2589,0.2569,0.2584,99896.8,1768032000000,25787.70414,335,2026-01-10 07:00:00+00:00
1768032000000,0.2584,0.2596,0.2577,0.2593,143195.1,1768035600000,37034.02666,654,2026-01-10 08:00:00+00:00
1768035600000,0.2592,0.2593,0.2582,0.2591,126074.9,1768039200000,32614.22837,481,2026-01-10 09:00:00+00:00
1768039200000,0.259,0.2598,0.2576,0.2597,102714.3,1768042800000,26570.95207,338,2026-01-10 10:00:00+00:00
1768042800000,0.2597,0.2597,0.2579,0.259,85704.5,1768046400000,22162.67094,358,2026-01-10 11:00:00+00:00
1768046400000,0.2589,0.26,0.2584,0.2598,74403.1,1768050000000,19291.17324,316,2026-01-10 12:00:00+00:00
1768050000000,0.2598,0.2607,0.2591,0.2594,59789.4,1768053600000,15543.09781,215,2026-01-10 13:00:00+00:00
1768053600000,0.2595,0.26,0.2578,0.2588,142123.0,1768057200000,36791.42877,441,2026-01-10 14:00:00+00:00
1768057200000,0.2588,0.2597,0.2574,0.2579,69925.5,1768060800000,18069.91423,318,2026-01-10 15:00:00+00:00
1768060800000,0.2578,0.258,0.256,0.2578,96196.0,1768064400000,24719.50327,345,2026-01-10 16:00:00+00:00
1768064400000,0.258,0.2601,0.2565,0.2568,132541.3,1768068000000,34256.2107,472,2026-01-10 17:00:00+00:00
1768068000000,0.2569,0.259,0.2562,0.2584,64837.3,1768071600000,16704.16472,267,2026-01-10 18:00:00+00:00
1768071600000,0.2585,0.2603,0.2584,0.2603,92959.4,1768075200000,24125.68655,350,2026-01-10 19:00:00+00:00
1768075200000,0.2603,0.2603,0.2581,0.2583,51005.7,1768078800000,13202.6175,198,2026-01-10 20:00:00+00:00
1768078800000,0.2583,0.2585,0.2569,0.2571,86476.8,1768082400000,22289.12618,297,2026-01-10 21:00:00+00:00
1768082400000,0.2571,0.2575,0.2531,0.2546,200520.6,1768086000000,51205.13541,429,2026-01-10 22:00:00+00:00
1768086000000,0.2545,0.2555,0.2542,0.255,83049.1,1768089600000,21172.89785,239,2026-01-10 23:00:00+00:00
1768089600000,0.2551,0.2566,0.2542,0.2559,286139.1,1768093200000,73045.62247,689,2026-01-11 00:00:00+00:00
1768093200000,0.256,0.2604,0.256,0.2594,161213.7,1768096800000,41679.36121,664,2026-01-11 01:00:00+00:00
1768096800000,0.2595,0.2598,0.2588,0.2595,67652.4,1768100400000,17545.86655,279,2026-01-11 02:00:00+00:00
1768100400000,0.2594,0.2612,0.2594,0.2607,119344.6,1768104000000,31078.83193,419,2026-01-11 03:00:00+00:00
1768104000000,0.2606,0.2647,0.2606,0.2625,295661.2,1768107600000,77762.15045,1134,2026-01-11 04:00:00+00:00
1768107600000,0.2624,0.2629,0.2611,0.2617,87921.1,1768111200000,23038.22819,340,2026-01-11 05:00:00+00:00
1768111200000,0.2619,0.2622,0.2598,0.2612,88195.3,1768114800000,23014.13009,373,2026-01-11 06:00:00+00:00
1768114800000,0.2612,0.2635,0.261,0.2629,82214.2,1768118400000,21544.15286,279,2026-01-11 07:00:00+00:00
1768118400000,0.2629,0.2632,0.2612,0.2615,139320.0,1768122000000,36525.82029,597,2026-01-11 08:00:00+00:00
1768122000000,0.2615,0.2657,0.2615,0.265,463779.6,1768125600000,122551.05701,892,2026-01-11 09:00:00+00:00
1768125600000,0.2649,0.27,0.2643,0.2669,751770.9,1768129200000,201446.86854,2170,2026-01-11 10:00:00+00:00
1768129200000,0.2668,0.2703,0.2656,0.2672,1516565.6,1768132800000,406672.64716,2883,2026-01-11 11:00:00+00:00
1768132800000,0.2673,0.2695,0.2666,0.2672,413343.5,1768136400000,110688.95153,982,2026-01-11 12:00:00+00:00
1768136400000,0.2673,0.2673,0.2621,0.2636,376077.5,1768140000000,99355.02749,838,2026-01-11 13:00:00+00:00
1768140000000,0.2635,0.2659,0.2629,0.2655,251503.0,1768143600000,66561.52301,703,2026-01-11 14:00:00+00:00
1768143600000,0.2654,0.2655,0.2608,0.2627,199747.7,1768147200000,52526.58153,620,2026-01-11 15:00:00+00:00
1768147200000,0.2626,0.2668,0.2626,0.2658,213751.6,1768150800000,56664.82229,884,2026-01-11 16:00:00+00:00
1768150800000,0.2657,0.2659,0.2632,0.2647,103549.4,1768154400000,27357.87303,411,2026-01-11 17:00:00+00:00
1768154400000,0.2646,0.2646,0.263,0.2641,32482.7,1768158000000,8565.49217,206,2026-01-11 18:00:00+00:00
1768158000000,0.264,0.2648,0.2622,0.2623,38364.3,1768161600000,10100.01737,190,2026-01-11 19:00:00+00:00
1768161600000,0.2621,0.2621,0.259,0.2607,249314.0,1768165200000,64916.36451,756,2026-01-11 20:00:00+00:00
1768165200000,0.2606,0.2614,0.2591,0.2609,107861.3,1768168800000,28064.06221,387,2026-01-11 21:00:00+00:00
1768168800000,0.2608,0.2608,0.2569,0.2583,151843.1,1768172400000,39253.72089,621,2026-01-11 22:00:00+00:00
1768172400000,0.2583,0.2602,0.2562,0.2587,266840.2,1768176000000,68890.89371,1272,2026-01-11 23:00:00+00:00
1768176000000,0.2588,0.2589,0.249,0.2528,1022420.0,1768179600000,258557.24141,1762,2026-01-12 00:00:00+00:00
1768179600000,0.2528,0.2555,0.2507,0.2519,683467.6,1768183200000,172849.62138,1582,2026-01-12 01:00:00+00:00
1768183200000,0.252,0.2581,0.252,0.2571,238660.3,1768186800000,60914.96922,742,2026-01-12 02:00:00+00:00
1768186800000,0.2572,0.2589,0.2533,0.2535,407440.0,1768190400000,104321.21817,792,2026-01-12 03:00:00+00:00
1768190400000,0.2536,0.2543,0.2522,0.2539,210030.0,1768194000000,53183.04179,582,2026-01-12 04:00:00+00:00
1768194000000,0.2539,0.2554,0.2527,0.2542,229541.0,1768197600000,58326.08428,583,2026-01-12 05:00:00+00:00
1768197600000,0.2542,0.2545,0.2515,0.252,132939.5,1768201200000,33648.91964,432,2026-01-12 06:00:00+00:00
1768201200000,0.252,0.2526,0.2488,0.2493,399441.9,1768204800000,100044.17933,675,2026-01-12 07:00:00+00:00
1768204800000,0.2492,0.2502,0.2444,0.2469,455456.8,1768208400000,112366.79121,1317,2026-01-12 08:00:00+00:00
1768208400000,0.2468,0.2481,0.2458,0.247,266114.0,1768212000000,65803.25922,705,2026-01-12 09:00:00+00:00
1768212000000,0.2471,0.2482,0.2459,0.2464,159445.2,1768215600000,39398.88541,523,2026-01-12 10:00:00+00:00
1768215600000,0.2461,0.2494,0.2461,0.2489,156689.9,1768219200000,38867.88277,443,2026-01-12 11:00:00+00:00
1768219200000,0.2489,0.2497,0.2481,0.2483,138959.8,1768222800000,34571.04146,352,2026-01-12 12:00:00+00:00
1768222800000,0.2482,0.2482,0.2448,0.2455,140804.8,1768226400000,34682.28829,459,2026-01-12 13:00:00+00:00
1768226400000,0.2453,0.2509,0.2447,0.2505,342284.1,1768230000000,84776.39048,1184,2026-01-12 14:00:00+00:00
1768230000000,0.2504,0.2529,0.2502,0.2507,234411.9,1768233600000,58862.72227,905,2026-01-12 15:00:00+00:00
1768233600000,0.2509,0.2544,0.2502,0.2532,185374.3,1768237200000,46804.14333,647,2026-01-12 16:00:00+00:00
1768237200000,0.2533,0.2541,0.2501,0.2523,134793.6,1768240800000,34001.77561,707,2026-01-12 17:00:00+00:00
1768240800000,0.2524,0.253,0.2501,0.2505,164393.1,1768244400000,41302.92932,539,2026-01-12 18:00:00+00:00
1768244400000,0.2504,0.2517,0.2494,0.2511,75490.2,1768248000000,18915.57342,380,2026-01-12 19:00:00+00:00
1768248000000,0.2512,0.2519,0.2478,0.2484,118317.5,1768251600000,29577.09654,392,2026-01-12 20:00:00+00:00
1768251600000,0.2482,0.2485,0.246,0.2468,219839.7,1768255200000,54416.91342,418,2026-01-12 21:00:00+00:00
1768255200000,0.2468,0.2485,0.2464,0.2467,97924.8,1768258800000,24233.28387,227,2026-01-12 22:00:00+00:00
1768258800000,0.2468,0.2475,0.2456,0.2473,68612.4,1768262400000,16932.20952,240,2026-01-12 23:00:00+00:00
1768262400000,0.2473,0.248,0.2458,0.2468,130478.6,1768266000000,32229.66971,365,2026-01-13 00:00:00+00:00
1768266000000,0.2467,0.247,0.2445,0.2454,155117.8,1768269600000,38111.72706,353,2026-01-13 01:00:00+00:00
1768269600000,0.2455,0.2468,0.2425,0.2432,358109.5,1768273200000,87542.03375,597,2026-01-13 02:00:00+00:00
1768273200000,0.2433,0.2453,0.2432,0.245,135147.3,1768276800000,33004.83603,382,2026-01-13 03:00:00+00:00
1768276800000,0.245,0.247,0.2448,0.247,105982.0,1768280400000,26009.53678,322,2026-01-13 04:00:00+00:00
1768280400000,0.247,0.2491,0.2469,0.2474,81948.8,1768284000000,20319.58264,418,2026-01-13 05:00:00+00:00
1768284000000,0.2476,0.2504,0.2472,0.25,104356.5,1768287600000,25969.33701,403,2026-01-13 06:00:00+00:00
1768287600000,0.2499,0.2505,0.2489,0.249,81686.4,1768291200000,20388.82354,330,2026-01-13 07:00:00+00:00
1768291200000,0.249,0.2503,0.2482,0.2496,244604.2,1768294800000,60965.87715,337,2026-01-13 08:00:00+00:00
1768294800000,0.2494,0.2508,0.2483,0.2485,283812.6,1768298400000,70854.74261,765,2026-01-13 09:00:00+00:00
1768298400000,0.2486,0.2495,0.2467,0.2483,249226.3,1768302000000,61812.3802,716,2026-01-13 10:00:00+00:00
1768302000000,0.2484,0.2492,0.2472,0.2482,122896.0,1768305600000,30507.49177,369,2026-01-13 11:00:00+00:00
1768305600000,0.2482,0.2492,0.2476,0.2489,207977.4,1768309200000,51635.11856,527,2026-01-13 12:00:00+00:00
1768309200000,0.2489,0.2511,0.2479,0.2491,347742.1,1768312800000,86698.25428,1107,2026-01-13 13:00:00+00:00
1768312800000,0.249,0.2527,0.2484,0.25,401170.1,1768316400000,100456.97227,1083,2026-01-13 14:00:00+00:00
1768316400000,0.2499,0.2518,0.2476,0.2516,362542.2,1768320000000,90609.76969,1183,2026-01-13 15:00:00+00:00
1768320000000,0.2517,0.2531,0.25,0.2524,348040.4,1768323600000,87522.13302,1057,2026-01-13 16:00:00+00:00
1768323600000,0.2524,0.2526,0.2512,0.2516,203243.5,1768327200000,51191.65259,580,2026-01-13 17:00:00+00:00
1768327200000,0.2516,0.2527,0.2513,0.2521,165588.4,1768330800000,41700.76782,487,2026-01-13 18:00:00+00:00
1768330800000,0.252,0.2532,0.2512,0.253,93148.7,1768334400000,23521.4712,372,2026-01-13 19:00:00+00:00
1768334400000,0.2531,0.2531,0.2496,0.2502,387397.9,1768338000000,97263.71963,541,2026-01-13 20:00:00+00:00
1768338000000,0.2503,0.2514,0.2481,0.2488,546931.8,1768341600000,136137.89791,977,2026-01-13 21:00:00+00:00
1768341600000,0.2489,0.2566,0.2481,0.2559,633923.7,1768345200000,160659.62346,1270,2026-01-13 22:00:00+00:00
1768345200000,0.256,0.2565,0.2521,0.2535,409076.1,1768348800000,103858.90173,942,2026-01-13 23:00:00+00:00
1768348800000,0.2535,0.2559,0.2527,0.2555,467445.8,1768352400000,118825.21305,1035,2026-01-14 00:00:00+00:00
1768352400000,0.2555,0.2561,0.2526,0.253,446078.1,1768356000000,113523.2121,1075,2026-01-14 01:00:00+00:00
1768356000000,0.2529,0.255,0.2522,0.2532,386583.2,1768359600000,98141.41149,855,2026-01-14 02:00:00+00:00
1768359600000,0.2533,0.2548,0.2526,0.2548,188837.2,1768363200000,47888.82801,485,2026-01-14 03:00:00+00:00
1768363200000,0.2548,0.2556,0.2536,0.255,257602.7,1768366800000,65617.64903,740,2026-01-14 04:00:00+00:00
1768366800000,0.2549,0.2554,0.253,0.2534,238167.8,1768370400000,60594.77467,465,2026-01-14 05:00:00+00:00
1768370400000,0.2534,0.2538,0.2512,0.2532,348250.8,1768374000000,87937.22768,735,2026-01-14 06:00:00+00:00
1768374000000,0.2534,0.2536,0.2516,0.2518,217466.2,1768377600000,54922.58879,440,2026-01-14 07:00:00+00:00
1768377600000,0.2517,0.2532,0.2512,0.2512,272817.7,1768381200000,68799.33009,507,2026-01-14 08:00:00+00:00
1768381200000,0.2512,0.2548,0.2512,0.2544,296814.9,1768384800000,75315.57287,593,2026-01-14 09:00:00+00:00
1768384800000,0.2545,0.2551,0.2519,0.2521,346645.4,1768388400000,87798.77716,628,2026-01-14 10:00:00+00:00
1768388400000,0.2519,0.2519,0.2497,0.2517,202398.6,1768392000000,50759.07473,620,2026-01-14 11:00:00+00:00
1768392000000,0.2518,0.2542,0.2514,0.2526,326215.6,1768395600000,82545.9335,629,2026-01-14 12:00:00+00:00
1768395600000,0.2526,0.2526,0.25,0.2507,322316.1,1768399200000,81037.59103,560,2026-01-14 13:00:00+00:00
1768399200000,0.2506,0.255,0.2506,0.2538,317466.2,1768402800000,80325.71729,849,2026-01-14 14:00:00+00:00
1768402800000,0.2537,0.2553,0.252,0.2534,388308.7,1768406400000,98512.46508,909,2026-01-14 15:00:00+00:00
1768406400000,0.2534,0.2562,0.2534,0.2548,289420.7,1768410000000,73832.96549,699,2026-01-14 16:00:00+00:00
1768410000000,0.2548,0.2556,0.2514,0.2522,357196.0,1768413600000,90616.52285,629,2026-01-14 17:00:00+00:00
1768413600000,0.2521,0.2521,0.2448,0.2467,691240.3,1768417200000,171409.88238,1158,2026-01-14 18:00:00+00:00
1768417200000,0.2465,0.252,0.2465,0.2494,414597.0,1768420800000,103257.88554,846,2026-01-14 19:00:00+00:00
1768420800000,0.2495,0.2514,0.2466,0.2484,681502.5,1768424400000,169986.94346,1147,2026-01-14 20:00:00+00:00
1768424400000,0.2484,0.249,0.2465,0.2474,76733.9,1768428000000,19026.69127,292,2026-01-14 21:00:00+00:00
1768428000000,0.2475,0.2475,0.2424,0.2435,678554.1,1768431600000,165809.39324,701,2026-01-14 22:00:00+00:00
1768431600000,0.2436,0.2457,0.2434,0.2444,185876.9,1768435200000,45435.26951,360,2026-01-14 23:00:00+00:00
1768435200000,0.2446,0.2452,0.2425,0.2452,224651.3,1768438800000,54718.80967,766,2026-01-15 00:00:00+00:00
1768438800000,0.2453,0.2466,0.2444,0.2455,490761.0,1768442400000,120470.63368,733,2026-01-15 01:00:00+00:00
1768442400000,0.2453,0.2477,0.2441,0.2453,411040.9,1768446000000,101027.77688,815,2026-01-15 02:00:00+00:00
1768446000000,0.2454,0.2455,0.2385,0.2395,725077.9,1768449600000,174322.76815,1599,2026-01-15 03:00:00+00:00
1768449600000,0.2394,0.2416,0.2389,0.2408,287440.1,1768453200000,69109.33911,896,2026-01-15 04:00:00+00:00
1768453200000,0.2408,0.2419,0.2402,0.241,211063.9,1768456800000,50867.49705,1477,2026-01-15 05:00:00+00:00
1768456800000,0.241,0.2417,0.2402,0.2403,194982.9,1768460400000,46992.9048,1929,2026-01-15 06:00:00+00:00
1768460400000,0.2402,0.2474,0.2401,0.2454,595316.4,1768464000000,145956.38707,3026,2026-01-15 07:00:00+00:00
1768464000000,0.2454,0.2454,0.2414,0.2418,507435.0,1768467600000,123184.91966,2617,2026-01-15 08:00:00+00:00
1768467600000,0.2418,0.2448,0.2406,0.2439,340036.6,1768471200000,82570.33997,1719,2026-01-15 09:00:00+00:00
1768471200000,0.2439,0.2454,0.2432,0.2441,504677.9,1768474800000,123406.59204,1774,2026-01-15 10:00:00+00:00
1768474800000,0.2441,0.2443,0.2416,0.2421,119846.4,1768478400000,29104.02394,1213,2026-01-15 11:00:00+00:00
1768478400000,0.2422,0.2434,0.2414,0.2433,109885.4,1768482000000,26631.26082,1146,2026-01-15 12:00:00+00:00
1768482000000,0.2434,0.2444,0.2424,0.2431,646307.4,1768485600000,157402.40785,1473,2026-01-15 13:00:00+00:00
1768485600000,0.2431,0.2449,0.2406,0.2433,601566.2,1768489200000,145564.70574,1278,2026-01-15 14:00:00+00:00
1768489200000,0.2433,0.245,0.2339,0.2375,1208502.1,1768492800000,286824.5334,2084,2026-01-15 15:00:00+00:00
1768492800000,0.2373,0.2378,0.2338,0.2368,782661.6,1768496400000,183988.48246,1196,2026-01-15 16:00:00+00:00
1768496400000,0.2367,0.2374,0.2338,0.2344,477946.8,1768500000000,112732.44537,889,2026-01-15 17:00:00+00:00
1768500000000,0.2345,0.2348,0.2293,0.2312,743998.6,1768503600000,172337.85692,1831,2026-01-15 18:00:00+00:00
1768503600000,0.2311,0.2326,0.2294,0.2323,251875.3,1768507200000,58182.67938,792,2026-01-15 19:00:00+00:00
1768507200000,0.2322,0.233,0.2279,0.2284,430660.1,1768510800000,98648.87373,741,2026-01-15 20:00:00+00:00
1768510800000,0.2283,0.23,0.2283,0.2293,46026.7,1768514400000,10561.21164,179,2026-01-15 21:00:00+00:00
1768514400000,0.2294,0.2321,0.2294,0.2319,182909.7,1768518000000,42208.13999,318,2026-01-15 22:00:00+00:00
1768518000000,0.2318,0.2322,0.2309,0.2319,117776.1,1768521600000,27248.4536,193,2026-01-15 23:00:00+00:00
1768521600000,0.2318,0.2332,0.2309,0.2311,180883.2,1768525200000,41981.25262,345,2026-01-16 00:00:00+00:00
1768525200000,0.2312,0.2322,0.2306,0.2313,381702.8,1768528800000,88230.23299,625,2026-01-16 01:00:00+00:00
1768528800000,0.2312,0.2333,0.229,0.2332,589228.3,1768532400000,136335.69596,1079,2026-01-16 02:00:00+00:00
1768532400000,0.2333,0.2339,0.2319,0.2329,236049.2,1768536000000,55035.68234,526,2026-01-16 03:00:00+00:00
1768536000000,0.2329,0.2331,0.2298,0.2301,131382.5,1768539600000,30387.42871,459,2026-01-16 04:00:00+00:00
1768539600000,0.23,0.2324,0.23,0.2315,117267.2,1768543200000,27114.80606,440,2026-01-16 05:00:00+00:00
1768543200000,0.2313,0.2327,0.2308,0.2323,149847.5,1768546800000,34717.41425,380,2026-01-16 06:00:00+00:00
1768546800000,0.2322,0.2329,0.2314,0.2316,126177.9,1768550400000,29277.8905,365,2026-01-16 07:00:00+00:00
1768550400000,0.2317,0.2374,0.2317,0.2359,554886.7,1768554000000,130703.77417,876,2026-01-16 08:00:00+00:00
1768554000000,0.2358,0.239,0.2344,0.2345,1157322.0,1768557600000,274131.05095,1256,2026-01-16 09:00:00+00:00
1768557600000,0.2346,0.2354,0.2334,0.2339,224323.3,1768561200000,52513.2304,444,2026-01-16 10:00:00+00:00
1768561200000,0.2339,0.234,0.2322,0.2336,198422.9,1768564800000,46283.68866,450,2026-01-16 11:00:00+00:00
1768564800000,0.2336,0.2341,0.2323,0.2333,149900.1,1768568400000,34960.61777,278,2026-01-16 12:00:00+00:00
1768568400000,0.2333,0.2343,0.2315,0.2325,792789.7,1768572000000,184212.24595,673,2026-01-16 13:00:00+00:00
1768572000000,0.2322,0.2343,0.2313,0.2328,356296.6,1768575600000,82992.63694,753,2026-01-16 14:00:00+00:00
1768575600000,0.2329,0.2344,0.2246,0.2271,1208267.8,1768579200000,276559.58354,2054,2026-01-16 15:00:00+00:00
1768579200000,0.227,0.2303,0.2265,0.2291,349928.6,1768582800000,80134.70876,850,2026-01-16 16:00:00+00:00
1768582800000,0.2292,0.2303,0.227,0.2302,290374.2,1768586400000,66330.4078,661,2026-01-16 17:00:00+00:00
1768586400000,0.2302,0.2311,0.2296,0.23,192697.1,1768590000000,44397.85954,381,2026-01-16 18:00:00+00:00
1768590000000,0.2299,0.2308,0.2282,0.23,190873.5,1768593600000,43843.94256,479,2026-01-16 19:00:00+00:00
1768593600000,0.23,0.2336,0.2291,0.2335,243440.2,1768597200000,56501.84963,646,2026-01-16 20:00:00+00:00
1768597200000,0.2334,0.2345,0.2333,0.2335,66864.8,1768600800000,15631.07385,240,2026-01-16 21:00:00+00:00
1768600800000,0.2338,0.2352,0.2335,0.2352,100072.8,1768604400000,23435.808,313,2026-01-16 22:00:00+00:00
1768604400000,0.2351,0.2361,0.2346,0.2352,110206.2,1768608000000,25957.78546,411,2026-01-16 23:00:00+00:00
1768608000000,0.2354,0.2355,0.233,0.2341,161729.8,1768611600000,37944.95328,463,2026-01-17 00:00:00+00:00
1768611600000,0.2342,0.2345,0.2336,0.234,27517.5,1768615200000,6443.88146,283,2026-01-17 01:00:00+00:00
1768615200000,0.234,0.2342,0.2324,0.2328,59384.1,1768618800000,13858.68276,354,2026-01-17 02:00:00+00:00
1768618800000,0.2328,0.2333,0.2316,0.2324,193254.1,1768622400000,44912.51085,443,2026-01-17 03:00:00+00:00
1768622400000,0.2322,0.2324,0.2306,0.232,202281.1,1768626000000,46797.20302,375,2026-01-17 04:00:00+00:00
1768626000000,0.232,0.234,0.2316,0.2323,322835.9,1768629600000,75065.59746,609,2026-01-17 05:00:00+00:00
1768629600000,0.2325,0.2338,0.2322,0.2327,74296.0,1768633200000,17299.97679,319,2026-01-17 06:00:00+00:00
1768633200000,0.2326,0.2342,0.2321,0.2337,149290.0,1768636800000,34865.15281,433,2026-01-17 07:00:00+00:00
1768636800000,0.2337,0.2362,0.2337,0.2356,157172.8,1768640400000,36936.29851,481,2026-01-17 08:00:00+00:00
1768640400000,0.2356,0.2379,0.2349,0.2366,801695.0,1768644000000,189886.68758,708,2026-01-17 09:00:00+00:00
1768644000000,0.2365,0.2368,0.235,0.2352,110228.8,1768647600000,26011.27356,328,2026-01-17 10:00:00+00:00
1768647600000,0.2352,0.2352,0.2331,0.2334,185871.4,1768651200000,43508.34193,344,2026-01-17 11:00:00+00:00
1768651200000,0.2333,0.2349,0.2329,0.2347,360134.9,1768654800000,84232.11427,823,2026-01-17 12:00:00+00:00
1768654800000,0.2348,0.2352,0.2335,0.2335,166713.4,1768658400000,39065.81768,438,2026-01-17 13:00:00+00:00
1768658400000,0.2334,0.2354,0.2321,0.2353,181601.7,1768662000000,42375.92209,579,2026-01-17 14:00:00+00:00
1768662000000,0.2353,0.2376,0.2352,0.237,245037.9,1768665600000,57984.73776,721,2026-01-17 15:00:00+00:00
1768665600000,0.237,0.2375,0.2334,0.2352,402523.0,1768669200000,94335.33612,588,2026-01-17 16:00:00+00:00
1768669200000,0.2352,0.2362,0.2346,0.2354,112394.1,1768672800000,26424.97891,327,2026-01-17 17:00:00+00:00
1768672800000,0.2353,0.2365,0.2344,0.2362,50628.8,1768676400000,11916.81364,203,2026-01-17 18:00:00+00:00
1768676400000,0.2363,0.2363,0.2344,0.2351,205381.1,1768680000000,48267.30697,358,2026-01-17 19:00:00+00:00
1768680000000,0.2354,0.2361,0.2348,0.2354,109432.0,1768683600000,25773.18404,327,2026-01-17 20:00:00+00:00
1768683600000,0.2353,0.2354,0.2335,0.2345,88786.2,1768687200000,20802.56205,257,2026-01-17 21:00:00+00:00
1768687200000,0.2346,0.2347,0.2295,0.2311,449239.1,1768690800000,103741.12155,577,2026-01-17 22:00:00+00:00
1768690800000,0.2309,0.2318,0.2304,0.2316,75798.6,1768694400000,17523.18178,245,2026-01-17 23:00:00+00:00
1768694400000,0.2315,0.2342,0.2312,0.2319,138429.1,1768698000000,32223.30262,506,2026-01-18 00:00:00+00:00
1768698000000,0.2319,0.2319,0.2289,0.2296,230711.2,1768701600000,53056.80031,691,2026-01-18 01:00:00+00:00
1768701600000,0.2297,0.2308,0.2288,0.2304,200181.0,1768705200000,45977.99359,466,2026-01-18 02:00:00+00:00
1768705200000,0.2304,0.2309,0.2293,0.2298,68032.4,1768708800000,15659.43195,211,2026-01-18 03:00:00+00:00
1768708800000,0.2298,0.2299,0.2278,0.2291,195770.5,1768712400000,44726.63716,556,2026-01-18 04:00:00+00:00
1768712400000,0.229,0.2302,0.2281,0.2298,87385.7,1768716000000,20059.64583,288,2026-01-18 05:00:00+00:00
1768716000000,0.2295,0.2299,0.2285,0.2288,30593.1,1768719600000,7008.97535,146,2026-01-18 06:00:00+00:00
1768719600000,0.2289,0.2293,0.2274,0.2282,175903.3,1768723200000,40173.37461,523,2026-01-18 07:00:00+00:00
1768723200000,0.2281,0.2298,0.2281,0.2292,421335.9,1768726800000,96611.43161,441,2026-01-18 08:00:00+00:00
1768726800000,0.2291,0.2296,0.2282,0.2293,244497.3,1768730400000,55978.75177,326,2026-01-18 09:00:00+00:00
1768730400000,0.2292,0.231,0.2283,0.2305,454250.2,1768734000000,104403.97539,662,2026-01-18 10:00:00+00:00
1768734000000,0.2304,0.2325,0.2299,0.2307,326611.3,1768737600000,75530.93095,796,2026-01-18 11:00:00+00:00
1768737600000,0.2306,0.2311,0.2292,0.2296,133299.6,1768741200000,30669.74051,336,2026-01-18 12:00:00+00:00
1768741200000,0.2293,0.2297,0.2282,0.2284,391789.7,1768744800000,89607.88776,552,2026-01-18 13:00:00+00:00
1768744800000,0.2282,0.2301,0.2272,0.2273,298468.8,1768748400000,68219.49301,578,2026-01-18 14:00:00+00:00
1768748400000,0.2272,0.2297,0.2266,0.2293,282191.0,1768752000000,64430.39581,573,2026-01-18 15:00:00+00:00
1768752000000,0.2292,0.2301,0.2285,0.2287,48863.9,1768755600000,11204.48398,254,2026-01-18 16:00:00+00:00
1768755600000,0.2286,0.2303,0.2283,0.2298,96163.9,1768759200000,22047.49857,352,2026-01-18 17:00:00+00:00
1768759200000,0.2297,0.2313,0.2292,0.2307,143882.8,1768762800000,33118.52593,451,2026-01-18 18:00:00+00:00
1768762800000,0.2308,0.231,0.2284,0.2289,145558.5,1768766400000,33380.27974,333,2026-01-18 19:00:00+00:00
1768766400000,0.2288,0.2302,0.2282,0.2294,48959.2,1768770000000,11222.93049,214,2026-01-18 20:00:00+00:00
1768770000000,0.2295,0.2302,0.2292,0.2294,73662.2,1768773600000,16923.40528,307,2026-01-18 21:00:00+00:00
1768773600000,0.2294,0.2306,0.2293,0.2299,58377.6,1768777200000,13426.66183,156,2026-01-18 22:00:00+00:00
1768777200000,0.2302,0.2302,0.2151,0.2157,1606102.4,1768780800000,354928.06902,3871,2026-01-18 23:00:00+00:00
1768780800000,0.2157,0.2158,0.1835,0.1998,5908683.3,1768784400000,1187801.32565,13504,2026-01-19 00:00:00+00:00
1768784400000,0.1999,0.2015,0.199,0.2003,654020.3,1768788000000,130852.66651,1602,2026-01-19 01:00:00+00:00
1768788000000,0.2003,0.201,0.1993,0.2001,166324.6,1768791600000,33269.67218,440,2026-01-19 02:00:00+00:00
1768791600000,0.2003,0.2013,0.1997,0.2012,174387.4,1768795200000,34956.14226,392,2026-01-19 03:00:00+00:00
1768795200000,0.2011,0.2013,0.1983,0.1984,416831.4,1768798800000,83326.15735,670,2026-01-19 04:00:00+00:00
1768798800000,0.1985,0.199,0.1966,0.1973,540274.5,1768802400000,106709.48324,1011,2026-01-19 05:00:00+00:00
1768802400000,0.1974,0.1977,0.1957,0.1962,256895.4,1768806000000,50497.99515,543,2026-01-19 06:00:00+00:00
1768806000000,0.1965,0.1981,0.1964,0.1977,163666.3,1768809600000,32357.72793,269,2026-01-19 07:00:00+00:00
1768809600000,0.1977,0.2003,0.1976,0.2002,222370.9,1768813200000,44304.7498,444,2026-01-19 08:00:00+00:00
1768813200000,0.2001,0.2002,0.198,0.1984,333776.7,1768816800000,66540.45341,697,2026-01-19 09:00:00+00:00
1768816800000,0.1984,0.1997,0.1969,0.197,250340.0,1768820400000,49584.08674,535,2026-01-19 10:00:00+00:00
1768820400000,0.1971,0.199,0.1971,0.1982,265097.5,1768824000000,52571.66173,463,2026-01-19 11:00:00+00:00
1768824000000,0.1983,0.1985,0.197,0.1975,126251.5,1768827600000,24971.67987,331,2026-01-19 12:00:00+00:00
1768827600000,0.1975,0.1991,0.1975,0.1987,167921.3,1768831200000,33309.77471,506,2026-01-19 13:00:00+00:00
1768831200000,0.1988,0.2001,0.1986,0.1991,192114.0,1768834800000,38292.01435,506,2026-01-19 14:00:00+00:00
1768834800000,0.1991,0.1993,0.1971,0.1985,380751.7,1768838400000,75467.21719,537,2026-01-19 15:00:00+00:00
1768838400000,0.1983,0.202,0.1979,0.2016,282295.8,1768842000000,56371.87016,484,2026-01-19 16:00:00+00:00
1768842000000,0.2016,0.2019,0.2001,0.2008,123268.1,1768845600000,24769.88808,297,2026-01-19 17:00:00+00:00
1768845600000,0.2007,0.2031,0.2001,0.2026,256900.9,1768849200000,51931.87349,358,2026-01-19 18:00:00+00:00
1768849200000,0.2026,0.2042,0.2025,0.2033,355513.8,1768852800000,72249.86746,544,2026-01-19 19:00:00+00:00
1768852800000,0.2034,0.2041,0.2022,0.2028,138197.8,1768856400000,28058.80066,299,2026-01-19 20:00:00+00:00
1768856400000,0.2029,0.2032,0.2016,0.2027,322535.7,1768860000000,65262.05738,431,2026-01-19 21:00:00+00:00
1768860000000,0.2027,0.2037,0.201,0.201,113687.2,1768863600000,22984.93016,256,2026-01-19 22:00:00+00:00
1768863600000,0.2011,0.204,0.2008,0.2034,174006.3,1768867200000,35288.95196,437,2026-01-19 23:00:00+00:00
1768867200000,0.2032,0.2032,0.2016,0.2019,176832.0,1768870800000,35809.18981,296,2026-01-20 00:00:00+00:00
1768870800000,0.2019,0.203,0.2003,0.2023,209537.1,1768874400000,42173.17817,365,2026-01-20 01:00:00+00:00
1768874400000,0.2022,0.2023,0.1997,0.2009,792870.3,1768878000000,158753.15775,760,2026-01-20 02:00:00+00:00
1768878000000,0.201,0.2011,0.1988,0.1998,125115.9,1768881600000,24992.45594,284,2026-01-20 03:00:00+00:00
1768881600000,0.1997,0.2008,0.1992,0.2001,87170.1,1768885200000,17458.23833,239,2026-01-20 04:00:00+00:00
1768885200000,0.2,0.2012,0.1989,0.2001,329536.6,1768888800000,65937.97499,603,2026-01-20 05:00:00+00:00
1768888800000,0.2,0.2004,0.1966,0.1977,635896.6,1768892400000,125699.0722,997,2026-01-20 06:00:00+00:00
1768892400000,0.1978,0.1987,0.1962,0.1965,211704.4,1768896000000,41786.18133,470,2026-01-20 07:00:00+00:00
1768896000000,0.1966,0.1966,0.1928,0.1932,590307.1,1768899600000,114815.39585,1066,2026-01-20 08:00:00+00:00
1768899600000,0.1933,0.1936,0.1912,0.1929,248829.7,1768903200000,47905.81484,584,2026-01-20 09:00:00+00:00
1768903200000,0.1929,0.1938,0.1924,0.1933,190518.1,1768906800000,36757.91678,395,2026-01-20 10:00:00+00:00
1768906800000,0.1934,0.1954,0.1933,0.1939,285490.7,1768910400000,55505.93305,649,2026-01-20 11:00:00+00:00
1768910400000,0.1942,0.1955,0.1938,0.194,203482.7,1768914000000,39615.33521,569,2026-01-20 12:00:00+00:00
1768914000000,0.1939,0.1945,0.1914,0.1918,488961.5,1768917600000,94466.80275,983,2026-01-20 13:00:00+00:00
1768917600000,0.192,0.1971,0.192,0.1946,269602.5,1768921200000,52456.70818,795,2026-01-20 14:00:00+00:00
1768921200000,0.1945,0.1947,0.1904,0.1918,319742.4,1768924800000,61466.85621,797,2026-01-20 15:00:00+00:00
1768924800000,0.1918,0.1925,0.1874,0.1889,612051.8,1768928400000,115726.76012,985,2026-01-20 16:00:00+00:00
1768928400000,0.1888,0.1908,0.187,0.189,349949.0,1768932000000,66137.07702,807,2026-01-20 17:00:00+00:00
1768932000000,0.1891,0.1897,0.1868,0.1875,250291.7,1768935600000,47187.60582,459,2026-01-20 18:00:00+00:00
1768935600000,0.1878,0.1894,0.1878,0.1891,232612.4,1768939200000,43941.14342,425,2026-01-20 19:00:00+00:00
1768939200000,0.1889,0.1908,0.1882,0.1895,175799.2,1768942800000,33357.84306,387,2026-01-20 20:00:00+00:00
1768942800000,0.1896,0.1898,0.1876,0.1877,55302.4,1768946400000,10419.89448,303,2026-01-20 21:00:00+00:00
1768946400000,0.1877,0.1883,0.1829,0.1866,654466.6,1768950000000,121355.17471,695,2026-01-20 22:00:00+00:00
1768950000000,0.1864,0.1864,0.1837,0.1853,361227.4,1768953600000,66826.08489,528,2026-01-20 23:00:00+00:00
1768953600000,0.1853,0.1897,0.1851,0.1896,431502.5,1768957200000,80773.15072,631,2026-01-21 00:00:00+00:00
1768957200000,0.1896,0.191,0.1896,0.1905,202891.6,1768960800000,38597.04702,440,2026-01-21 01:00:00+00:00
1768960800000,0.1906,0.192,0.1905,0.1917,331132.9,1768964400000,63398.04295,459,2026-01-21 02:00:00+00:00
1768964400000,0.1916,0.1922,0.1905,0.1908,95369.2,1768968000000,18248.70909,332,2026-01-21 03:00:00+00:00
1768968000000,0.1907,0.192,0.1904,0.1919,169991.2,1768971600000,32515.48432,375,2026-01-21 04:00:00+00:00
1768971600000,0.1918,0.1927,0.1912,0.1913,275657.5,1768975200000,52894.89778,384,2026-01-21 05:00:00+00:00
1768975200000,0.1914,0.1919,0.1909,0.1914,124479.0,1768978800000,23823.61971,226,2026-01-21 06:00:00+00:00
1768978800000,0.1914,0.1924,0.1912,0.192,56559.8,1768982400000,10843.9921,166,2026-01-21 07:00:00+00:00
1768982400000,0.1917,0.193,0.1908,0.1915,177986.7,1768986000000,34201.4804,310,2026-01-21 08:00:00+00:00
1768986000000,0.1916,0.1927,0.1913,0.1918,68056.5,1768989600000,13060.03307,160,2026-01-21 09:00:00+00:00
1768989600000,0.1916,0.1928,0.1911,0.1913,75762.1,1768993200000,14543.38987,194,2026-01-21 10:00:00+00:00
1768993200000,0.1912,0.1917,0.1887,0.189,103739.3,1768996800000,19748.01414,296,2026-01-21 11:00:00+00:00
1768996800000,0.1889,0.189,0.1863,0.1874,536155.5,1769000400000,100662.78786,828,2026-01-21 12:00:00+00:00
1769000400000,0.1874,0.1883,0.1853,0.1856,174012.8,1769004000000,32495.79212,597,2026-01-21 13:00:00+00:00
1769004000000,0.1857,0.1911,0.1855,0.1897,704332.8,1769007600000,132590.03036,1432,2026-01-21 14:00:00+00:00
1769007600000,0.1897,0.1915,0.1888,0.1908,185669.2,1769011200000,35247.96341,608,2026-01-21 15:00:00+00:00
1769011200000,0.191,0.191,0.1841,0.1847,239776.4,1769014800000,44740.25114,767,2026-01-21 16:00:00+00:00
1769014800000,0.1847,0.1867,0.1824,0.1851,536344.7,1769018400000,98852.61505,1374,2026-01-21 17:00:00+00:00
1769018400000,0.185,0.187,0.1838,0.1861,122596.6,1769022000000,22667.08682,528,2026-01-21 18:00:00+00:00
1769022000000,0.1862,0.1944,0.1857,0.1937,953996.2,1769025600000,181753.69169,1610,2026-01-21 19:00:00+00:00
1769025600000,0.1938,0.1944,0.1897,0.192,366071.9,1769029200000,70087.6361,709,2026-01-21 20:00:00+00:00
1769029200000,0.192,0.1929,0.1911,0.1924,297991.1,1769032800000,57255.95641,526,2026-01-21 21:00:00+00:00
1769032800000,0.1922,0.1927,0.1914,0.1917,179155.0,1769036400000,34408.36659,224,2026-01-21 22:00:00+00:00
1769036400000,0.1916,0.1923,0.1895,0.1902,132289.8,1769040000000,25289.10918,247,2026-01-21 23:00:00+00:00
1769040000000,0.1903,0.1923,0.1903,0.1917,160476.4,1769043600000,30675.57815,257,2026-01-22 00:00:00+00:00
1769043600000,0.1917,0.1929,0.1914,0.1929,96392.1,1769047200000,18539.39659,255,2026-01-22 01:00:00+00:00
1769047200000,0.1929,0.193,0.1918,0.1922,169867.0,1769050800000,32678.27885,315,2026-01-22 02:00:00+00:00
1769050800000,0.1922,0.1934,0.1913,0.1921,201069.9,1769054400000,38699.66246,371,2026-01-22 03:00:00+00:00
1769054400000,0.1922,0.1931,0.1914,0.1922,174466.4,1769058000000,33614.89916,258,2026-01-22 04:00:00+00:00
1769058000000,0.1922,0.1928,0.1914,0.1919,130411.1,1769061600000,25061.56132,262,2026-01-22 05:00:00+00:00
1769061600000,0.1921,0.1925,0.1904,0.1918,160765.1,1769065200000,30783.72949,315,2026-01-22 06:00:00+00:00
1769065200000,0.1917,0.1917,0.1897,0.1901,147156.3,1769068800000,28020.30972,382,2026-01-22 07:00:00+00:00
1769068800000,0.1903,0.1908,0.1888,0.1898,148152.4,1769072400000,28094.90522,354,2026-01-22 08:00:00+00:00
1769072400000,0.1897,0.1907,0.1891,0.1902,111792.3,1769076000000,21203.82588,210,2026-01-22 09:00:00+00:00
1769076000000,0.1901,0.1905,0.1895,0.19,208729.3,1769079600000,39655.62667,378,2026-01-22 10:00:00+00:00
1769079600000,0.19,0.1903,0.1879,0.1886,130177.4,1769083200000,24613.468,347,2026-01-22 11:00:00+00:00
1769083200000,0.1885,0.1885,0.1869,0.1872,64854.1,1769086800000,12156.95267,187,2026-01-22 12:00:00+00:00
1769086800000,0.1871,0.1886,0.186,0.1869,378553.6,1769090400000,71055.74643,418,2026-01-22 13:00:00+00:00
1769090400000,0.1869,0.1873,0.1841,0.1847,379771.1,1769094000000,70549.38455,653,2026-01-22 14:00:00+00:00
1769094000000,0.1846,0.1866,0.1833,0.1858,142762.3,1769097600000,26364.01359,675,2026-01-22 15:00:00+00:00
1769097600000,0.1858,0.1888,0.1857,0.1888,227840.3,1769101200000,42608.03499,408,2026-01-22 16:00:00+00:00
1769101200000,0.1888,0.189,0.1875,0.1886,79020.3,1769104800000,14886.32636,215,2026-01-22 17:00:00+00:00
1769104800000,0.1885,0.1899,0.1875,0.1875,537029.5,1769108400000,101411.39768,690,2026-01-22 18:00:00+00:00
1769108400000,0.1875,0.1885,0.1865,0.1877,76729.7,1769112000000,14382.52379,239,2026-01-22 19:00:00+00:00
1769112000000,0.1876,0.1879,0.1857,0.186,109544.0,1769115600000,20471.86615,256,2026-01-22 20:00:00+00:00
1769115600000,0.1861,0.1872,0.186,0.1862,76333.9,1769119200000,14236.5826,148,2026-01-22 21:00:00+00:00
1769119200000,0.1861,0.1866,0.185,0.1856,69344.5,1769122800000,12871.5036,145,2026-01-22 22:00:00+00:00
1769122800000,0.1855,0.1855,0.1839,0.1843,127292.6,1769126400000,23516.68487,233,2026-01-22 23:00:00+00:00
1769126400000,0.1843,0.1859,0.1843,0.1854,74456.2,1769130000000,13800.94472,180,2026-01-23 00:00:00+00:00
1769130000000,0.1855,0.1871,0.1855,0.1871,127961.0,1769133600000,23831.82638,180,2026-01-23 01:00:00+00:00
1769133600000,0.1872,0.1878,0.186,0.186,347223.1,1769137200000,64987.9853,469,2026-01-23 02:00:00+00:00
1769137200000,0.186,0.1879,0.1857,0.1879,114198.2,1769140800000,21338.52823,338,2026-01-23 03:00:00+00:00
1769140800000,0.1878,0.1927,0.1878,0.192,580570.9,1769144400000,110659.00674,807,2026-01-23 04:00:00+00:00
1769144400000,0.1919,0.1998,0.1918,0.1998,2972776.3,1769148000000,582143.36349,4280,2026-01-23 05:00:00+00:00
1769148000000,0.1998,0.2017,0.1947,0.1959,1519597.6,1769151600000,301046.29559,2390,2026-01-23 06:00:00+00:00
1769151600000,0.1961,0.1969,0.1943,0.1959,461108.9,1769155200000,90269.3039,915,2026-01-23 07:00:00+00:00
1769155200000,0.196,0.1998,0.191,0.1916,3228456.9,1769158800000,635807.04282,4304,2026-01-23 08:00:00+00:00
1769158800000,0.1914,0.1936,0.1895,0.1917,903881.7,1769162400000,173208.89618,1124,2026-01-23 09:00:00+00:00
1769162400000,0.1916,0.1929,0.19,0.1914,455751.2,1769166000000,87227.00191,664,2026-01-23 10:00:00+00:00
1769166000000,0.1912,0.1979,0.1912,0.1941,1062153.1,1769169600000,207546.20007,1514,2026-01-23 11:00:00+00:00
1769169600000,0.1942,0.1976,0.1942,0.1972,279283.3,1769173200000,54652.55795,603,2026-01-23 12:00:00+00:00
1769173200000,0.1972,0.2013,0.1964,0.1972,1538114.4,1769176800000,306093.26007,2534,2026-01-23 13:00:00+00:00
1769176800000,0.1971,0.1983,0.1913,0.1931,869893.3,1769180400000,169859.65931,1338,2026-01-23 14:00:00+00:00
1769180400000,0.1932,0.1973,0.1916,0.1968,503667.2,1769184000000,97817.34201,1046,2026-01-23 15:00:00+00:00
1769184000000,0.1968,0.1983,0.195,0.1975,524649.0,1769187600000,103356.94582,1066,2026-01-23 16:00:00+00:00
1769187600000,0.1975,0.2034,0.196,0.1997,1628373.9,1769191200000,326912.00533,1997,2026-01-23 17:00:00+00:00
1769191200000,0.1997,0.203,0.1991,0.2004,445817.4,1769194800000,89598.23413,983,2026-01-23 18:00:00+00:00
1769194800000,0.2003,0.2024,0.1981,0.1993,759024.5,1769198400000,151777.70173,1443,2026-01-23 19:00:00+00:00
1769198400000,0.1994,0.1995,0.1956,0.1969,572073.7,1769202000000,113102.39813,1182,2026-01-23 20:00:00+00:00
1769202000000,0.1968,0.2018,0.1967,0.1999,717136.8,1769205600000,143178.47303,1529,2026-01-23 21:00:00+00:00
1769205600000,0.1999,0.2039,0.1999,0.202,928151.7,1769209200000,187899.52386,1600,2026-01-23 22:00:00+00:00
1769209200000,0.2017,0.2027,0.1997,0.2022,588732.6,1769212800000,118572.42849,953,2026-01-23 23:00:00+00:00
1769212800000,0.2023,0.2023,0.198,0.1983,1231865.0,1769216400000,246247.31912,1322,2026-01-24 00:00:00+00:00
1769216400000,0.1986,0.2036,0.1977,0.2011,668155.1,1769220000000,134050.59256,786,2026-01-24 01:00:00+00:00
1769220000000,0.2013,0.2057,0.2007,0.203,815152.0,1769223600000,165487.887,895,2026-01-24 02:00:00+00:00
1769223600000,0.203,0.2145,0.2029,0.2125,1770941.3,1769227200000,370704.96998,1881,2026-01-24 03:00:00+00:00
1769227200000,0.2124,0.2436,0.2116,0.2197,14483590.1,1769230800000,3316054.78262,19311,2026-01-24 04:00:00+00:00
1769230800000,0.2192,0.2349,0.2167,0.231,6354717.4,1769234400000,1434025.41064,8510,2026-01-24 05:00:00+00:00
1769234400000,0.231,0.2979,0.2292,0.2826,33135188.3,1769238000000,8923632.07177,46786,2026-01-24 06:00:00+00:00
1769238000000,0.2827,0.2949,0.2542,0.2665,17537278.2,1769241600000,4833297.29646,25437,2026-01-24 07:00:00+00:00
1769241600000,0.2665,0.2815,0.2609,0.2735,10832045.6,1769245200000,2924508.32061,16774,2026-01-24 08:00:00+00:00
1769245200000,0.2735,0.2799,0.2643,0.2683,9139119.2,1769248800000,2487942.73266,13746,2026-01-24 09:00:00+00:00
1769248800000,0.2682,0.2752,0.2625,0.2643,7755457.8,1769252400000,2092536.91337,11141,2026-01-24 10:00:00+00:00
1769252400000,0.2642,0.3106,0.2636,0.3093,15395920.9,1769256000000,4431304.60601,29084,2026-01-24 11:00:00+00:00
1769256000000,0.3094,0.3194,0.2899,0.294,14300164.5,1769259600000,4302120.96761,29008,2026-01-24 12:00:00+00:00
1769259600000,0.2939,0.3253,0.292,0.3201,11168468.5,1769263200000,3442516.35526,23614,2026-01-24 13:00:00+00:00
1769263200000,0.3201,0.3469,0.3158,0.317,25020189.1,1769266800000,8321918.78226,45843,2026-01-24 14:00:00+00:00
1769266800000,0.317,0.3253,0.2978,0.3,7661289.6,1769270400000,2392961.58715,16482,2026-01-24 15:00:00+00:00
1769270400000,0.2998,0.3059,0.293,0.3033,4304053.8,1769274000000,1285785.19113,11075,2026-01-24 16:00:00+00:00
1769274000000,0.3035,0.3156,0.3001,0.3096,4594351.7,1769277600000,1420868.82896,10351,2026-01-24 17:00:00+00:00
1769277600000,0.3096,0.31,0.2999,0.3024,3256046.6,1769281200000,989695.36371,7009,2026-01-24 18:00:00+00:00
1769281200000,0.3025,0.3085,0.2975,0.3017,2216717.3,1769284800000,670774.54559,5149,2026-01-24 19:00:00+00:00
1769284800000,0.3018,0.3075,0.2934,0.2945,2586243.3,1769288400000,771844.54857,6037,2026-01-24 20:00:00+00:00
1769288400000,0.2947,0.3026,0.2943,0.297,2026754.2,1769292000000,605275.22317,4472,2026-01-24 21:00:00+00:00
1769292000000,0.2972,0.3246,0.2969,0.3224,5250693.5,1769295600000,1640089.59239,8727,2026-01-24 22:00:00+00:00
1769295600000,0.3225,0.36,0.3206,0.3385,17060787.6,1769299200000,5846377.62878,25754,2026-01-24 23:00:00+00:00
1769299200000,0.3383,0.4235,0.3275,0.3525,43524157.0,1769302800000,16185418.63105,70885,2026-01-25 00:00:00+00:00
1769302800000,0.3524,0.3715,0.3386,0.3613,17311623.7,1769306400000,6208590.73457,28260,2026-01-25 01:00:00+00:00
1769306400000,0.3611,0.3649,0.3354,0.3426,9702735.6,1769310000000,3391256.17283,15870,2026-01-25 02:00:00+00:00
1769310000000,0.3423,0.3657,0.341,0.3477,7179836.5,1769313600000,2530041.80062,13172,2026-01-25 03:00:00+00:00
1769313600000,0.3474,0.3573,0.3365,0.3546,6761325.6,1769317200000,2341528.01761,12089,2026-01-25 04:00:00+00:00
1769317200000,0.3544,0.3564,0.3451,0.3489,3302505.5,1769320800000,1155033.50958,7897,2026-01-25 05:00:00+00:00
1769320800000,0.3488,0.3516,0.3393,0.3501,3019746.2,1769324400000,1042463.53203,8110,2026-01-25 06:00:00+00:00
1769324400000,0.3501,0.351,0.2872,0.2876,11468931.3,1769328000000,3544323.43826,21353,2026-01-25 07:00:00+00:00
1769328000000,0.2881,0.2973,0.2831,0.2946,7463374.7,1769331600000,2165969.14256,13553,2026-01-25 08:00:00+00:00
1769331600000,0.2946,0.3127,0.2874,0.2915,9381592.9,1769335200000,2796561.40275,17900,2026-01-25 09:00:00+00:00
1769335200000,0.2915,0.2971,0.2881,0.2908,2597298.7,1769338800000,757165.55191,5019,2026-01-25 10:00:00+00:00
1769338800000,0.2905,0.292,0.2772,0.2798,2887877.3,1769342400000,818671.68801,4610,2026-01-25 11:00:00+00:00
1769342400000,0.2797,0.2803,0.2646,0.2657,3490999.0,1769346000000,948141.40832,5934,2026-01-25 12:00:00+00:00
1769346000000,0.2657,0.2733,0.2642,0.2702,2223032.5,1769349600000,598769.44468,4749,2026-01-25 13:00:00+00:00
1769349600000,0.2703,0.2723,0.2586,0.2597,3221482.1,1769353200000,852144.29181,5421,2026-01-25 14:00:00+00:00
1769353200000,0.2596,0.2657,0.258,0.2624,3650428.0,1769356800000,956616.82639,5057,2026-01-25 15:00:00+00:00
1769356800000,0.2624,0.2667,0.2519,0.2558,4096514.1,1769360400000,1059079.98565,5679,2026-01-25 16:00:00+00:00
1769360400000,0.2557,0.2569,0.251,0.2529,1295888.9,1769364000000,329032.83933,2462,2026-01-25 17:00:00+00:00
1769364000000,0.253,0.2591,0.2501,0.254,1643937.1,1769367600000,419976.60912,2668,2026-01-25 18:00:00+00:00
1769367600000,0.2539,0.256,0.2481,0.252,1538114.0,1769371200000,387813.9047,2297,2026-01-25 19:00:00+00:00
1769371200000,0.252,0.2539,0.2491,0.2509,976396.3,1769374800000,245590.32753,1925,2026-01-25 20:00:00+00:00
1769374800000,0.2509,0.2555,0.2485,0.2535,1107147.2,1769378400000,279236.20668,1997,2026-01-25 21:00:00+00:00
1769378400000,0.2537,0.2678,0.2537,0.262,2714169.5,1769382000000,707564.54206,3184,2026-01-25 22:00:00+00:00
1769382000000,0.262,0.2631,0.2496,0.2514,2611882.7,1769385600000,669451.22379,3620,2026-01-25 23:00:00+00:00
1769385600000,0.2513,0.2885,0.2389,0.2434,22113559.1,1769389200000,5868660.42623,30522,2026-01-26 00:00:00+00:00
1769389200000,0.2433,0.2473,0.2365,0.2371,8892268.3,1769392800000,2148776.64986,14481,2026-01-26 01:00:00+00:00
1769392800000,0.2369,0.2474,0.2345,0.2372,4369824.7,1769396400000,1054037.19703,6964,2026-01-26 02:00:00+00:00
1769396400000,0.237,0.2399,0.2293,0.2319,2496736.3,1769400000000,587408.4347,4378,2026-01-26 03:00:00+00:00
1769400000000,0.2318,0.2346,0.2282,0.2337,2316793.5,1769403600000,537812.32877,3648,2026-01-26 04:00:00+00:00
1769403600000,0.2332,0.2358,0.2308,0.2323,1564601.7,1769407200000,365126.10209,3179,2026-01-26 05:00:00+00:00
1769407200000,0.2322,0.2407,0.2316,0.2366,2629353.5,1769410800000,622396.03886,4871,2026-01-26 06:00:00+00:00
1769410800000,0.2367,0.2414,0.233,0.2348,2547725.2,1769414400000,603687.93474,4410,2026-01-26 07:00:00+00:00
1769414400000,0.2346,0.2391,0.2332,0.2366,931134.2,1769418000000,220399.18375,2443,2026-01-26 08:00:00+00:00
1769418000000,0.237,0.2412,0.2308,0.2322,3845468.8,1769421600000,913274.23104,4606,2026-01-26 09:00:00+00:00
1769421600000,0.2322,0.238,0.2322,0.2341,1945232.5,1769425200000,456786.84288,3335,2026-01-26 10:00:00+00:00
1769425200000,0.2341,0.2374,0.2339,0.2342,900043.2,1769428800000,211925.38538,1852,2026-01-26 11:00:00+00:00
1769428800000,0.234,0.2343,0.2301,0.2313,960537.2,1769432400000,222657.54302,1599,2026-01-26 12:00:00+00:00
1769432400000,0.2313,0.2331,0.2278,0.231,3160201.8,1769436000000,726596.37951,3258,2026-01-26 13:00:00+00:00
1769436000000,0.2312,0.2319,0.2278,0.2313,890353.0,1769439600000,205192.61672,2060,2026-01-26 14:00:00+00:00
1769439600000,0.2311,0.236,0.2298,0.2325,1039188.9,1769443200000,242034.08982,2515,2026-01-26 15:00:00+00:00
1769443200000,0.2324,0.2345,0.2307,0.232,931661.1,1769446800000,216494.7335,2132,2026-01-26 16:00:00+00:00
1769446800000,0.2321,0.2349,0.2288,0.2318,983672.1,1769450400000,227795.53089,1586,2026-01-26 17:00:00+00:00
1769450400000,0.2318,0.2353,0.231,0.2352,556816.7,1769454000000,129592.09221,1246,2026-01-26 18:00:00+00:00
1769454000000,0.235,0.2358,0.2334,0.234,511481.9,1769457600000,119898.71196,1139,2026-01-26 19:00:00+00:00
1769457600000,0.2339,0.235,0.2315,0.2339,706750.4,1769461200000,164938.44985,1427,2026-01-26 20:00:00+00:00
1769461200000,0.2339,0.2367,0.2322,0.2366,1383315.5,1769464800000,324535.12683,2113,2026-01-26 21:00:00+00:00
1769464800000,0.2367,0.2431,0.2362,0.2429,1548111.6,1769468400000,371156.00028,2689,2026-01-26 22:00:00+00:00
1769468400000,0.243,0.2492,0.242,0.2453,2148638.5,1769472000000,526047.87371,3261,2026-01-26 23:00:00+00:00
1769472000000,0.2452,0.247,0.2228,0.2259,6750469.0,1769475600000,1554851.80263,7704,2026-01-27 00:00:00+00:00
1769475600000,0.2258,0.2281,0.224,0.2263,1184165.6,1769479200000,267655.97589,2020,2026-01-27 01:00:00+00:00
1769479200000,0.2263,0.2405,0.2262,0.2325,2798603.8,1769482800000,656583.9908,4101,2026-01-27 02:00:00+00:00
1769482800000,0.2325,0.233,0.2283,0.2284,801606.0,1769486400000,184600.03522,1562,2026-01-27 03:00:00+00:00
1769486400000,0.2284,0.2294,0.2263,0.228,475986.2,1769490000000,108599.52521,1004,2026-01-27 04:00:00+00:00
1769490000000,0.2281,0.2306,0.2271,0.2276,813182.3,1769493600000,185845.15345,1379,2026-01-27 05:00:00+00:00
1769493600000,0.2276,0.2277,0.2246,0.2259,766456.4,1769497200000,173311.6936,1405,2026-01-27 06:00:00+00:00
1769497200000,0.226,0.2267,0.2245,0.2257,688156.4,1769500800000,155363.28258,1820,2026-01-27 07:00:00+00:00
1769500800000,0.2255,0.2269,0.2218,0.2248,610034.8,1769504400000,136648.21187,974,2026-01-27 08:00:00+00:00
1769504400000,0.2246,0.2253,0.2218,0.2242,712557.4,1769508000000,159332.67019,1164,2026-01-27 09:00:00+00:00
1769508000000,0.2243,0.2259,0.2235,0.2257,415091.5,1769511600000,93217.09528,737,2026-01-27 10:00:00+00:00
1769511600000,0.2258,0.2263,0.2218,0.2218,772460.7,1769515200000,172669.63784,1202,2026-01-27 11:00:00+00:00
1769515200000,0.2218,0.2225,0.2187,0.2197,1123877.6,1769518800000,248013.17039,1665,2026-01-27 12:00:00+00:00
1769518800000,0.2198,0.221,0.2151,0.217,1009618.7,1769522400000,219940.45443,1499,2026-01-27 13:00:00+00:00
1769522400000,0.217,0.2194,0.2165,0.217,684720.7,1769526000000,149161.84161,1280,2026-01-27 14:00:00+00:00
1769526000000,0.217,0.2199,0.2157,0.2196,674610.3,1769529600000,146584.54986,1030,2026-01-27 15:00:00+00:00
1769529600000,0.2196,0.2236,0.2195,0.2222,755561.6,1769533200000,167522.98209,1191,2026-01-27 16:00:00+00:00
1769533200000,0.2224,0.2244,0.2191,0.2211,707753.9,1769536800000,156988.13735,1291,2026-01-27 17:00:00+00:00
1769536800000,0.221,0.2253,0.2203,0.2244,517100.0,1769540400000,115032.63837,1127,2026-01-27 18:00:00+00:00
1769540400000,0.2244,0.2255,0.2232,0.225,394881.4,1769544000000,88575.03706,1047,2026-01-27 19:00:00+00:00
1769544000000,0.2248,0.2326,0.2243,0.2324,1398621.9,1769547600000,320041.06193,2026,2026-01-27 20:00:00+00:00
1769547600000,0.2322,0.2409,0.231,0.2385,1573158.5,1769551200000,372027.14454,2408,2026-01-27 21:00:00+00:00
1769551200000,0.2383,0.2391,0.2342,0.2346,1593202.6,1769554800000,376667.37261,2545,2026-01-27 22:00:00+00:00
1769554800000,0.2345,0.2348,0.2319,0.2346,488845.5,1769558400000,114122.14793,942,2026-01-27 23:00:00+00:00
1769558400000,0.2346,0.2682,0.2346,0.2591,15926232.9,1769562000000,4071219.44685,26318,2026-01-28 00:00:00+00:00
1769562000000,0.2591,0.2749,0.2561,0.2588,6708368.1,1769565600000,1784117.94626,10821,2026-01-28 01:00:00+00:00
1769565600000,0.2587,0.2596,0.2531,0.2565,1670776.1,1769569200000,428070.29246,2807,2026-01-28 02:00:00+00:00
1769569200000,0.2565,0.2823,0.2553,0.2688,6562813.3,1769572800000,1784789.93119,9428,2026-01-28 03:00:00+00:00
1769572800000,0.2687,0.2699,0.2598,0.2644,3134044.7,1769576400000,830327.34495,5414,2026-01-28 04:00:00+00:00
1769576400000,0.2645,0.2709,0.2604,0.2628,2592923.0,1769580000000,687918.34078,4173,2026-01-28 05:00:00+00:00
1769580000000,0.2628,0.2867,0.2558,0.286,3558659.5,1769583600000,961279.88023,5612,2026-01-28 06:00:00+00:00
1769583600000,0.2858,0.335,0.2844,0.3145,21032125.4,1769587200000,6543329.06781,32908,2026-01-28 07:00:00+00:00
1769587200000,0.3144,0.3515,0.3033,0.3374,13641135.0,1769590800000,4483156.64925,24274,2026-01-28 08:00:00+00:00
1769590800000,0.3375,0.3432,0.3215,0.3326,6656944.4,1769594400000,2214072.1783,15397,2026-01-28 09:00:00+00:00
1769594400000,0.3325,0.3326,0.3115,0.3145,4845993.5,1769598000000,1546428.38484,13596,2026-01-28 10:00:00+00:00
1769598000000,0.3145,0.3154,0.2965,0.3005,5725634.9,1769601600000,1743450.83907,14728,2026-01-28 11:00:00+00:00
1769601600000,0.3003,0.33,0.2988,0.3272,7490876.5,1769605200000,2367043.50595,17334,2026-01-28 12:00:00+00:00
1769605200000,0.3276,0.3421,0.3188,0.3217,10146533.4,1769608800000,3360576.51429,20466,2026-01-28 13:00:00+00:00
1769608800000,0.3222,0.3266,0.3114,0.3147,4145864.6,1769612400000,1315800.92789,11156,2026-01-28 14:00:00+00:00
1769612400000,0.3148,0.3168,0.3048,0.309,3155999.8,1769616000000,980425.02185,8337,2026-01-28 15:00:00+00:00
1769616000000,0.3088,0.3215,0.3045,0.3131,3982827.1,1769619600000,1254118.26384,10175,2026-01-28 16:00:00+00:00
1769619600000,0.313,0.3205,0.3103,0.3154,2265689.6,1769623200000,715520.58502,6333,2026-01-28 17:00:00+00:00
1769623200000,0.3155,0.3179,0.3093,0.3119,1702214.3,1769626800000,535534.77275,5424,2026-01-28 18:00:00+00:00
1769626800000,0.3118,0.3226,0.3117,0.3151,2281862.3,1769630400000,724165.60172,6221,2026-01-28 19:00:00+00:00
1769630400000,0.315,0.3332,0.3137,0.3241,4003636.6,1769634000000,1302108.00795,10722,2026-01-28 20:00:00+00:00
1769634000000,0.3239,0.3268,0.306,0.3121,3212808.2,1769637600000,1006848.31773,9408,2026-01-28 21:00:00+00:00
1769637600000,0.3119,0.3153,0.293,0.2979,2944630.7,1769641200000,896557.13543,8499,2026-01-28 22:00:00+00:00
1769641200000,0.2981,0.3041,0.29,0.3017,3241523.9,1769644800000,963273.41354,7936,2026-01-28 23:00:00+00:00
1769644800000,0.3016,0.338,0.2963,0.3245,12476478.6,1769648400000,4003689.4346,32109,2026-01-29 00:00:00+00:00
1769648400000,0.3243,0.3246,0.2993,0.3042,4597803.5,1769652000000,1439945.8784,10763,2026-01-29 01:00:00+00:00
1769652000000,0.3042,0.321,0.3026,0.306,2823790.1,1769655600000,874073.2274,7586,2026-01-29 02:00:00+00:00
1769655600000,0.3058,0.3074,0.2984,0.3016,1987073.2,1769659200000,602549.28651,5251,2026-01-29 03:00:00+00:00
1769659200000,0.3017,0.3179,0.2997,0.3131,3084141.5,1769662800000,955042.35343,7415,2026-01-29 04:00:00+00:00
1769662800000,0.3126,0.3143,0.2814,0.2865,3945482.0,1769666400000,1175787.51977,7079,2026-01-29 05:00:00+00:00
1769666400000,0.2866,0.2894,0.2703,0.2731,2992834.0,1769670000000,836038.81255,7409,2026-01-29 06:00:00+00:00
1769670000000,0.2732,0.2816,0.271,0.2729,1909300.8,1769673600000,526574.48846,4096,2026-01-29 07:00:00+00:00
1769673600000,0.2726,0.2772,0.2658,0.2674,2300606.5,1769677200000,621189.56206,4623,2026-01-29 08:00:00+00:00
1769677200000,0.2673,0.2684,0.2634,0.264,1242587.3,1769680800000,330091.97008,3250,2026-01-29 09:00:00+00:00
1769680800000,0.2638,0.2641,0.2592,0.2613,1133262.5,1769684400000,296830.63872,3635,2026-01-29 10:00:00+00:00
1769684400000,0.2612,0.2615,0.256,0.259,1294873.0,1769688000000,334807.03628,3486,2026-01-29 11:00:00+00:00
1769688000000,0.2589,0.2593,0.2551,0.2574,1207422.9,1769691600000,310578.73748,2940,2026-01-29 12:00:00+00:00
1769691600000,0.2572,0.2643,0.2565,0.2591,1462789.6,1769695200000,381080.49929,3279,2026-01-29 13:00:00+00:00
1769695200000,0.2591,0.261,0.2567,0.2588,930985.6,1769698800000,240616.77514,2909,2026-01-29 14:00:00+00:00
1769698800000,0.2586,0.2606,0.2486,0.2519,3081532.1,1769702400000,780886.23725,5254,2026-01-29 15:00:00+00:00
1769702400000,0.2517,0.2558,0.2476,0.2541,1575807.1,1769706000000,396454.22795,3476,2026-01-29 16:00:00+00:00
1769706000000,0.2539,0.2592,0.2511,0.2531,1090104.0,1769709600000,278202.22492,2528,2026-01-29 17:00:00+00:00
1769709600000,0.2534,0.2547,0.2496,0.2503,745591.0,1769713200000,187458.48985,1682,2026-01-29 18:00:00+00:00
1769713200000,0.2502,0.2531,0.2501,0.2514,497435.5,1769716800000,125140.0359,1138,2026-01-29 19:00:00+00:00
1769716800000,0.2512,0.252,0.248,0.2516,600437.3,1769720400000,150006.51644,1067,2026-01-29 20:00:00+00:00
1769720400000,0.2516,0.2572,0.2516,0.2523,1242957.3,1769724000000,316432.51975,2105,2026-01-29 21:00:00+00:00
1769724000000,0.2524,0.254,0.2501,0.2507,425767.9,1769727600000,107266.54541,947,2026-01-29 22:00:00+00:00
1769727600000,0.2504,0.2511,0.2464,0.2486,1554235.1,1769731200000,387031.29983,1915,2026-01-29 23:00:00+00:00
1769731200000,0.2485,0.2685,0.2452,0.2625,6553403.9,1769734800000,1692391.22745,10625,2026-01-30 00:00:00+00:00
1769734800000,0.2627,0.2663,0.2434,0.2475,4002434.2,1769738400000,1005513.1592,6946,2026-01-30 01:00:00+00:00
1769738400000,0.2471,0.2492,0.2355,0.2365,2254927.7,1769742000000,542324.96599,3345,2026-01-30 02:00:00+00:00
1769742000000,0.2366,0.2404,0.2366,0.2382,833843.5,1769745600000,198535.67361,1742,2026-01-30 03:00:00+00:00
1769745600000,0.2381,0.2392,0.2336,0.2386,1114001.4,1769749200000,263437.55611,1765,2026-01-30 04:00:00+00:00
1769749200000,0.2387,0.2476,0.2374,0.2422,1757990.0,1769752800000,426220.54572,2940,2026-01-30 05:00:00+00:00
1769752800000,0.2422,0.2561,0.2419,0.2531,2441739.3,1769756400000,610513.21569,4655,2026-01-30 06:00:00+00:00
1769756400000,0.2528,0.2568,0.2484,0.2552,1404547.0,1769760000000,354003.24166,3041,2026-01-30 07:00:00+00:00
1769760000000,0.2551,0.2616,0.2519,0.2586,1327814.1,1769763600000,341567.93756,2765,2026-01-30 08:00:00+00:00
1769763600000,0.2586,0.275,0.2558,0.2724,3382791.0,1769767200000,902514.05757,7414,2026-01-30 09:00:00+00:00
1769767200000,0.2725,0.2956,0.2643,0.2942,6897550.2,1769770800000,1941802.27909,13005,2026-01-30 10:00:00+00:00
1769770800000,0.2943,0.3061,0.2793,0.2795,10123326.3,1769774400000,2960354.64075,14846,2026-01-30 11:00:00+00:00
1769774400000,0.2793,0.2948,0.2743,0.2772,4953502.0,1769778000000,1402666.74182,8947,2026-01-30 12:00:00+00:00
1769778000000,0.2766,0.2788,0.2711,0.277,1962618.8,1769781600000,540013.28631,6605,2026-01-30 13:00:00+00:00
1769781600000,0.2769,0.2778,0.266,0.2715,1770378.7,1769785200000,481065.86892,4755,2026-01-30 14:00:00+00:00
1769785200000,0.2715,0.2746,0.267,0.2698,1143872.5,1769788800000,309316.37898,2960,2026-01-30 15:00:00+00:00
1769788800000,0.2694,0.2721,0.2664,0.2691,1109221.9,1769792400000,298566.97534,2244,2026-01-30 16:00:00+00:00
1769792400000,0.2693,0.2693,0.2623,0.2629,995643.4,1769796000000,263668.89254,2213,2026-01-30 17:00:00+00:00
1769796000000,0.2631,0.274,0.2596,0.273,974723.0,1769799600000,259076.81801,2621,2026-01-30 18:00:00+00:00
1769799600000,0.2731,0.2822,0.2731,0.278,3186223.2,1769803200000,887146.1001,6505,2026-01-30 19:00:00+00:00
1769803200000,0.2782,0.2799,0.2685,0.2707,1337166.0,1769806800000,364675.66659,2792,2026-01-30 20:00:00+00:00
1769806800000,0.271,0.2746,0.2696,0.2714,703954.1,1769810400000,191664.82889,1783,2026-01-30 21:00:00+00:00
1769810400000,0.2717,0.2794,0.2697,0.2784,1160689.7,1769814000000,318489.01013,3664,2026-01-30 22:00:00+00:00
1769814000000,0.2784,0.2842,0.2766,0.2795,1663393.7,1769817600000,465365.00214,3515,2026-01-30 23:00:00+00:00
1769817600000,0.2793,0.2955,0.2684,0.2763,6673273.4,1769821200000,1890753.99809,12541,2026-01-31 00:00:00+00:00
1769821200000,0.2761,0.2858,0.2685,0.2692,2385624.4,1769824800000,663806.5066,4467,2026-01-31 01:00:00+00:00
1769824800000,0.269,0.2691,0.2618,0.2624,1323940.1,1769828400000,350428.94312,3205,2026-01-31 02:00:00+00:00
1769828400000,0.2624,0.2689,0.2623,0.265,1024607.3,1769832000000,271525.10048,2873,2026-01-31 03:00:00+00:00
1769832000000,0.2648,0.2649,0.2556,0.2584,1252669.5,1769835600000,325382.94135,3025,2026-01-31 04:00:00+00:00
1769835600000,0.2583,0.2592,0.2533,0.2575,761734.0,1769839200000,194603.3564,1642,2026-01-31 05:00:00+00:00
1769839200000,0.2574,0.2578,0.251,0.2541,691810.6,1769842800000,175687.31868,1613,2026-01-31 06:00:00+00:00
1769842800000,0.254,0.2561,0.2508,0.2514,781863.9,1769846400000,198399.41723,2321,2026-01-31 07:00:00+00:00
1769846400000,0.2511,0.2544,0.2497,0.2534,1376455.1,1769850000000,346267.59478,3574,2026-01-31 08:00:00+00:00
1769850000000,0.2535,0.2622,0.2529,0.2564,1210611.2,1769853600000,311405.65775,3201,2026-01-31 09:00:00+00:00
1769853600000,0.2564,0.2676,0.2563,0.2626,1224200.6,1769857200000,321420.95734,3111,2026-01-31 10:00:00+00:00
1769857200000,0.2624,0.2625,0.2543,0.2569,1061132.2,1769860800000,273816.45477,4168,2026-01-31 11:00:00+00:00
1769860800000,0.2565,0.2576,0.2494,0.2502,1458345.5,1769864400000,368655.2253,3296,2026-01-31 12:00:00+00:00
1769864400000,0.2505,0.252,0.248,0.2519,812693.1,1769868000000,203376.13312,1625,2026-01-31 13:00:00+00:00
1769868000000,0.2519,0.256,0.2433,0.2477,3572486.5,1769871600000,892780.49439,9184,2026-01-31 14:00:00+00:00
1769871600000,0.2477,0.2495,0.2425,0.2438,1280716.7,1769875200000,315183.27247,3547,2026-01-31 15:00:00+00:00
1769875200000,0.2437,0.2511,0.2428,0.2459,993261.4,1769878800000,244394.1635,2711,2026-01-31 16:00:00+00:00
1769878800000,0.2464,0.247,0.2321,0.239,3532941.0,1769882400000,841942.74869,9579,2026-01-31 17:00:00+00:00
1769882400000,0.2388,0.2407,0.2272,0.2357,2434248.0,1769886000000,571716.52849,7147,2026-01-31 18:00:00+00:00
1769886000000,0.2356,0.2399,0.2341,0.2368,693135.4,1769889600000,163769.22787,2266,2026-01-31 19:00:00+00:00
1769889600000,0.2367,0.238,0.233,0.2367,376213.4,1769893200000,88549.81131,1274,2026-01-31 20:00:00+00:00
1769893200000,0.2368,0.2419,0.2344,0.2395,366123.3,1769896800000,87287.32426,1461,2026-01-31 21:00:00+00:00
1769896800000,0.2393,0.2408,0.2362,0.2408,443996.7,1769900400000,105768.60771,1455,2026-01-31 22:00:00+00:00
1769900400000,0.2408,0.2503,0.2397,0.2495,830987.2,1769904000000,204530.59494,2683,2026-01-31 23:00:00+00:00
1769904000000,0.2496,0.2518,0.2376,0.2388,1885380.0,1769907600000,460486.37698,5098,2026-02-01 00:00:00+00:00
1769907600000,0.2387,0.248,0.2363,0.2403,2585756.5,1769911200000,622521.97534,4602,2026-02-01 01:00:00+00:00
1769911200000,0.2405,0.2424,0.237,0.2382,690766.4,1769914800000,165019.31831,1975,2026-02-01 02:00:00+00:00
1769914800000,0.2383,0.2383,0.2323,0.2328,644717.7,1769918400000,151153.06757,1657,2026-02-01 03:00:00+00:00
1769918400000,0.2327,0.233,0.2284,0.2287,1036334.1,1769922000000,238577.86465,2148,2026-02-01 04:00:00+00:00
1769922000000,0.2288,0.2301,0.225,0.2266,870146.9,1769925600000,198021.34933,1677,2026-02-01 05:00:00+00:00
1769925600000,0.2266,0.2283,0.2244,0.2269,953147.2,1769929200000,215856.91822,1823,2026-02-01 06:00:00+00:00
1769929200000,0.227,0.2319,0.2244,0.2281,852710.8,1769932800000,194805.48713,1866,2026-02-01 07:00:00+00:00
1769932800000,0.2278,0.2303,0.2263,0.2288,490050.2,1769936400000,111932.42064,1639,2026-02-01 08:00:00+00:00
1769936400000,0.2291,0.2308,0.228,0.2292,334385.3,1769940000000,76627.16304,994,2026-02-01 09:00:00+00:00
1769940000000,0.2291,0.23,0.2212,0.2221,1387380.5,1769943600000,311902.76009,3319,2026-02-01 10:00:00+00:00
1769943600000,0.2221,0.2241,0.2211,0.2219,534153.0,1769947200000,118727.15363,1455,2026-02-01 11:00:00+00:00
1769947200000,0.2219,0.2223,0.2156,0.2163,1124150.2,1769950800000,245502.82275,1935,2026-02-01 12:00:00+00:00
1769950800000,0.2165,0.2189,0.2124,0.2134,949295.8,1769954400000,204242.84546,2354,2026-02-01 13:00:00+00:00
1769954400000,0.2134,0.2144,0.208,0.212,1035660.8,1769958000000,218628.12031,2019,2026-02-01 14:00:00+00:00
1769958000000,0.2119,0.2119,0.2064,0.2084,794061.2,1769961600000,165388.05061,1806,2026-02-01 15:00:00+00:00
1769961600000,0.2085,0.2129,0.208,0.2092,867733.4,1769965200000,182220.775,2922,2026-02-01 16:00:00+00:00
1769965200000,0.2094,0.2117,0.2058,0.2075,674697.0,1769968800000,140471.18019,1642,2026-02-01 17:00:00+00:00
1769968800000,0.2077,0.2116,0.2077,0.2092,468302.9,1769972400000,98178.04159,1404,2026-02-01 18:00:00+00:00
1769972400000,0.2093,0.2107,0.2066,0.2077,435500.0,1769976000000,90670.14306,1343,2026-02-01 19:00:00+00:00
1769976000000,0.2075,0.209,0.2051,0.2065,642822.6,1769979600000,132858.77889,1609,2026-02-01 20:00:00+00:00
1769979600000,0.2064,0.2071,0.2034,0.2043,347375.7,1769983200000,71128.3032,1125,2026-02-01 21:00:00+00:00
1769983200000,0.2045,0.2091,0.2031,0.2066,828060.3,1769986800000,170886.29696,1692,2026-02-01 22:00:00+00:00
1769986800000,0.2064,0.2071,0.2004,0.2041,834528.4,1769990400000,169948.84372,2136,2026-02-01 23:00:00+00:00
1769990400000,0.2042,0.2058,0.199,0.2018,1213391.5,1769994000000,245262.23215,2938,2026-02-02 00:00:00+00:00
1769994000000,0.2022,0.2079,0.2,0.2053,754249.9,1769997600000,154465.75769,1857,2026-02-02 01:00:00+00:00
1769997600000,0.2052,0.2083,0.2028,0.2061,978964.5,1770001200000,202315.0534,3237,2026-02-02 02:00:00+00:00
1770001200000,0.2062,0.224,0.2022,0.217,2981830.2,1770004800000,630060.88866,7025,2026-02-02 03:00:00+00:00
1770004800000,0.2172,0.2256,0.2138,0.218,2508470.7,1770008400000,549774.57575,5853,2026-02-02 04:00:00+00:00
1770008400000,0.218,0.2206,0.2097,0.2129,1574546.3,1770012000000,336998.84378,4492,2026-02-02 05:00:00+00:00
1770012000000,0.213,0.2188,0.2098,0.2176,1500115.7,1770015600000,322186.69406,3361,2026-02-02 06:00:00+00:00
1770015600000,0.2175,0.227,0.2141,0.2237,1329085.4,1770019200000,295414.84228,3615,2026-02-02 07:00:00+00:00
1770019200000,0.2236,0.2416,0.2188,0.227,7580892.9,1770022800000,1760015.47042,12976,2026-02-02 08:00:00+00:00
1770022800000,0.2271,0.2275,0.2211,0.222,1491691.0,1770026400000,332784.57764,2757,2026-02-02 09:00:00+00:00
1770026400000,0.2219,0.2307,0.2218,0.2294,1347377.2,1770030000000,303824.94651,2479,2026-02-02 10:00:00+00:00
1770030000000,0.2293,0.2311,0.2249,0.2253,1697051.4,1770033600000,386884.73245,3110,2026-02-02 11:00:00+00:00
1770033600000,0.2251,0.2273,0.2218,0.2238,921659.5,1770037200000,206494.95523,2251,2026-02-02 12:00:00+00:00
1770037200000,0.2236,0.2236,0.2161,0.2182,1433323.0,1770040800000,313326.39828,2827,2026-02-02 13:00:00+00:00
1770040800000,0.2181,0.2186,0.2141,0.215,973107.9,1770044400000,210226.84907,2051,2026-02-02 14:00:00+00:00
1770044400000,0.2149,0.2187,0.2148,0.2177,862496.7,1770048000000,187020.92364,1832,2026-02-02 15:00:00+00:00
1770048000000,0.2175,0.2181,0.2159,0.2159,289014.2,1770051600000,62719.3068,768,2026-02-02 16:00:00+00:00
1770051600000,0.216,0.2161,0.2135,0.2138,352808.5,1770055200000,75848.75476,917,2026-02-02 17:00:00+00:00
1770055200000,0.214,0.2153,0.2134,0.2145,299556.1,1770058800000,64184.549,923,2026-02-02 18:00:00+00:00
1770058800000,0.2144,0.2152,0.2133,0.2139,205297.5,1770062400000,43989.07421,574,2026-02-02 19:00:00+00:00
1770062400000,0.2138,0.2146,0.2111,0.2121,347136.0,1770066000000,73844.58352,860,2026-02-02 20:00:00+00:00
1770066000000,0.212,0.2193,0.2119,0.2149,1141580.3,1770069600000,247015.04262,1847,2026-02-02 21:00:00+00:00
1770069600000,0.2149,0.2181,0.2143,0.2168,548351.2,1770073200000,118494.81853,870,2026-02-02 22:00:00+00:00
1770073200000,0.2169,0.2176,0.2151,0.2153,317158.5,1770076800000,68663.20886,674,2026-02-02 23:00:00+00:00
1770076800000,0.2151,0.2151,0.2083,0.2127,1306720.8,1770080400000,275786.20769,2016,2026-02-03 00:00:00+00:00
1770080400000,0.2127,0.2159,0.2096,0.2107,988406.9,1770084000000,210710.28143,1550,2026-02-03 01:00:00+00:00
1770084000000,0.2107,0.211,0.2047,0.2056,718249.6,1770087600000,148976.96247,1082,2026-02-03 02:00:00+00:00
1770087600000,0.2056,0.2098,0.2041,0.2094,707238.9,1770091200000,146265.91958,1473,2026-02-03 03:00:00+00:00
1770091200000,0.2095,0.2137,0.2077,0.2118,350938.6,1770094800000,73717.33764,1041,2026-02-03 04:00:00+00:00
1770094800000,0.212,0.212,0.2073,0.2074,454566.4,1770098400000,95083.36927,990,2026-02-03 05:00:00+00:00
1770098400000,0.2073,0.2078,0.2042,0.2069,1329225.7,1770102000000,273761.8774,1681,2026-02-03 06:00:00+00:00
1770102000000,0.2067,0.2082,0.2058,0.2066,279260.9,1770105600000,57886.8551,698,2026-02-03 07:00:00+00:00
1770105600000,0.2068,0.2082,0.2049,0.205,555454.1,1770109200000,114746.61511,1358,2026-02-03 08:00:00+00:00
1770109200000,0.2052,0.2056,0.2025,0.2044,598739.2,1770112800000,122184.46081,1033,2026-02-03 09:00:00+00:00
1770112800000,0.2045,0.2052,0.2011,0.2027,818523.7,1770116400000,166244.37766,1164,2026-02-03 10:00:00+00:00
1770116400000,0.2029,0.2059,0.2024,0.2051,474063.3,1770120000000,96839.37035,816,2026-02-03 11:00:00+00:00
1770120000000,0.205,0.2061,0.2031,0.2047,435681.5,1770123600000,89055.45602,854,2026-02-03 12:00:00+00:00
1770123600000,0.2047,0.2088,0.2044,0.2074,514775.5,1770127200000,106348.63254,1160,2026-02-03 13:00:00+00:00
1770127200000,0.2073,0.2097,0.2046,0.2051,993838.2,1770130800000,205450.26821,1925,2026-02-03 14:00:00+00:00
1770130800000,0.205,0.2098,0.2049,0.2078,784614.8,1770134400000,162781.30603,2483,2026-02-03 15:00:00+00:00
1770134400000,0.2077,0.209,0.2055,0.2076,533101.8,1770138000000,110577.97658,2170,2026-02-03 16:00:00+00:00
1770138000000,0.2078,0.2083,0.2029,0.2035,364770.6,1770141600000,74954.48407,1100,2026-02-03 17:00:00+00:00
1770141600000,0.2037,0.204,0.197,0.1977,1245356.0,1770145200000,248882.22827,2717,2026-02-03 18:00:00+00:00
1770145200000,0.1975,0.2053,0.1969,0.2039,965749.8,1770148800000,195014.99328,2424,2026-02-03 19:00:00+00:00
1770148800000,0.2038,0.2096,0.2013,0.2076,633130.0,1770152400000,130350.58463,2272,2026-02-03 20:00:00+00:00
1770152400000,0.2077,0.2101,0.2036,0.2037,505648.5,1770156000000,104254.22319,1448,2026-02-03 21:00:00+00:00
1770156000000,0.2037,0.2043,0.1995,0.2001,457728.4,1770159600000,92479.0551,1457,2026-02-03 22:00:00+00:00
1770159600000,0.1999,0.2011,0.1977,0.2007,643384.3,1770163200000,128339.50062,1314,2026-02-03 23:00:00+00:00
1770163200000,0.2008,0.227,0.1942,0.1975,7661537.6,1770166800000,1607827.11524,14577,2026-02-04 00:00:00+00:00
1770166800000,0.1978,0.2053,0.1978,0.2029,656924.2,1770170400000,133576.67042,1589,2026-02-04 01:00:00+00:00
1770170400000,0.2031,0.2045,0.2005,0.2025,723446.3,1770174000000,146723.12127,1706,2026-02-04 02:00:00+00:00
1770174000000,0.2026,0.2133,0.2024,0.2114,1590431.5,1770177600000,333883.25663,3703,2026-02-04 03:00:00+00:00
1770177600000,0.2115,0.2144,0.2099,0.2115,657082.3,1770181200000,139359.33527,1764,2026-02-04 04:00:00+00:00
1770181200000,0.2114,0.2119,0.2072,0.2087,588339.9,1770184800000,123618.48802,1538,2026-02-04 05:00:00+00:00
1770184800000,0.2087,0.2101,0.206,0.2066,732583.6,1770188400000,152188.9626,1489,2026-02-04 06:00:00+00:00
1770188400000,0.2064,0.2072,0.205,0.2055,345536.6,1770192000000,71245.61019,791,2026-02-04 07:00:00+00:00
1770192000000,0.2055,0.2057,0.201,0.2027,560152.9,1770195600000,114058.29922,1200,2026-02-04 08:00:00+00:00
1770195600000,0.2026,0.2039,0.2014,0.2027,384705.5,1770199200000,78033.27978,1134,2026-02-04 09:00:00+00:00
1770199200000,0.2028,0.2032,0.2012,0.2027,213537.2,1770202800000,43179.00473,511,2026-02-04 10:00:00+00:00
1770202800000,0.2029,0.2044,0.201,0.2022,483738.8,1770206400000,97997.04686,1359,2026-02-04 11:00:00+00:00
1770206400000,0.2021,0.2024,0.1999,0.2012,331975.8,1770210000000,66789.4427,876,2026-02-04 12:00:00+00:00
1770210000000,0.2011,0.204,0.198,0.1981,419733.2,1770213600000,84169.43178,1255,2026-02-04 13:00:00+00:00
1770213600000,0.1981,0.2014,0.1973,0.1986,402477.6,1770217200000,80039.43767,1427,2026-02-04 14:00:00+00:00
1770217200000,0.1986,0.2,0.195,0.1971,610132.6,1770220800000,120583.41867,2489,2026-02-04 15:00:00+00:00
1770220800000,0.1971,0.1998,0.196,0.1977,425129.1,1770224400000,84092.6456,1402,2026-02-04 16:00:00+00:00
1770224400000,0.1978,0.1985,0.195,0.197,313878.4,1770228000000,61695.30397,1010,2026-02-04 17:00:00+00:00
1770228000000,0.1969,0.2019,0.1949,0.2004,603878.1,1770231600000,119955.70675,1893,2026-02-04 18:00:00+00:00
1770231600000,0.2005,0.2053,0.2005,0.2047,533458.9,1770235200000,108660.01801,1571,2026-02-04 19:00:00+00:00
1770235200000,0.2046,0.2059,0.2017,0.2024,433834.3,1770238800000,88356.70387,1026,2026-02-04 20:00:00+00:00
1770238800000,0.2026,0.2038,0.1989,0.201,273708.0,1770242400000,54931.79798,999,2026-02-04 21:00:00+00:00
1770242400000,0.2011,0.2018,0.1968,0.197,420684.3,1770246000000,83805.16801,1279,2026-02-04 22:00:00+00:00
1770246000000,0.1968,0.2002,0.1965,0.1993,364492.0,1770249600000,72372.54121,984,2026-02-04 23:00:00+00:00
1770249600000,0.1994,0.201,0.1956,0.1956,598377.8,1770253200000,118518.34477,1421,2026-02-05 00:00:00+00:00
1770253200000,0.1958,0.1977,0.1926,0.1954,855415.6,1770256800000,167023.73833,1463,2026-02-05 01:00:00+00:00
1770256800000,0.1956,0.1977,0.1949,0.1953,293032.7,1770260400000,57501.15286,914,2026-02-05 02:00:00+00:00
1770260400000,0.1955,0.1962,0.1914,0.1925,359948.1,1770264000000,69623.20356,973,2026-02-05 03:00:00+00:00
1770264000000,0.1926,0.1943,0.1911,0.1935,759687.1,1770267600000,146199.21868,1304,2026-02-05 04:00:00+00:00
1770267600000,0.1935,0.1954,0.1926,0.1938,375396.3,1770271200000,72914.34444,957,2026-02-05 05:00:00+00:00
1770271200000,0.1938,0.196,0.192,0.1941,316182.7,1770274800000,61370.24042,836,2026-02-05 06:00:00+00:00
1770274800000,0.1944,0.1959,0.1912,0.1922,402967.7,1770278400000,77832.47417,1094,2026-02-05 07:00:00+00:00
1770278400000,0.192,0.1957,0.191,0.1947,402111.8,1770282000000,77787.88922,975,2026-02-05 08:00:00+00:00
1770282000000,0.1949,0.1982,0.1932,0.1965,584069.5,1770285600000,113943.43604,982,2026-02-05 09:00:00+00:00
1770285600000,0.1965,0.1965,0.1914,0.1921,370061.8,1770289200000,71855.4325,904,2026-02-05 10:00:00+00:00
1770289200000,0.1921,0.1937,0.1872,0.1884,1162694.3,1770292800000,220111.67421,2019,2026-02-05 11:00:00+00:00
1770292800000,0.1884,0.1918,0.1884,0.1898,611335.5,1770296400000,116091.18289,1367,2026-02-05 12:00:00+00:00
1770296400000,0.19,0.1917,0.1857,0.1869,1075130.3,1770300000000,202252.81769,2088,2026-02-05 13:00:00+00:00
1770300000000,0.1869,0.1912,0.1861,0.1888,826229.8,1770303600000,156050.03388,1379,2026-02-05 14:00:00+00:00
1770303600000,0.1887,0.1893,0.1774,0.1807,2353874.4,1770307200000,429232.46949,4422,2026-02-05 15:00:00+00:00
1770307200000,0.1805,0.1845,0.1778,0.182,1463963.2,1770310800000,264795.22844,2385,2026-02-05 16:00:00+00:00
1770310800000,0.1822,0.1829,0.1762,0.1767,1825904.9,1770314400000,325919.73504,2387,2026-02-05 17:00:00+00:00
1770314400000,0.1768,0.178,0.1736,0.1774,901045.1,1770318000000,158400.55303,2425,2026-02-05 18:00:00+00:00
1770318000000,0.1772,0.1799,0.1751,0.1755,395643.9,1770321600000,70223.5017,895,2026-02-05 19:00:00+00:00
1770321600000,0.1756,0.1771,0.1663,0.1701,2458802.2,1770325200000,417518.96571,3824,2026-02-05 20:00:00+00:00
1770325200000,0.17,0.1739,0.1672,0.1705,748293.8,1770328800000,127604.80958,1490,2026-02-05 21:00:00+00:00
1770328800000,0.1704,0.1722,0.1667,0.1694,954192.9,1770332400000,161683.25196,1582,2026-02-05 22:00:00+00:00
1770332400000,0.1696,0.1733,0.1689,0.1697,1636590.0,1770336000000,279465.92049,1761,2026-02-05 23:00:00+00:00
1770336000000,0.1698,0.1711,0.1486,0.1653,6844427.1,1770339600000,1074254.21429,11368,2026-02-06 00:00:00+00:00
1770339600000,0.1651,0.1713,0.1646,0.1708,1467075.5,1770343200000,247685.61222,2507,2026-02-06 01:00:00+00:00
1770343200000,0.1708,0.1727,0.1647,0.1658,477455.4,1770346800000,80345.76244,1055,2026-02-06 02:00:00+00:00
1770346800000,0.1659,0.1678,0.1649,0.166,288525.0,1770350400000,47938.0193,772,2026-02-06 03:00:00+00:00
1770350400000,0.1662,0.1686,0.1646,0.1673,244196.5,1770354000000,40747.31174,539,2026-02-06 04:00:00+00:00
1770354000000,0.1673,0.1726,0.1671,0.1718,256398.9,1770357600000,43617.37437,585,2026-02-06 05:00:00+00:00
1770357600000,0.1719,0.1733,0.1696,0.1699,622001.5,1770361200000,106730.59593,946,2026-02-06 06:00:00+00:00
1770361200000,0.1699,0.174,0.1682,0.1723,442530.1,1770364800000,75385.18192,765,2026-02-06 07:00:00+00:00
1770364800000,0.1724,0.1734,0.1702,0.1723,342855.2,1770368400000,58846.72787,755,2026-02-06 08:00:00+00:00
1770368400000,0.1722,0.175,0.171,0.1743,269827.8,1770372000000,46632.09755,616,2026-02-06 09:00:00+00:00
1770372000000,0.1742,0.1769,0.174,0.1762,552279.3,1770375600000,96812.87987,1591,2026-02-06 10:00:00+00:00
1770375600000,0.1762,0.1769,0.175,0.176,736909.7,1770379200000,129607.61306,1964,2026-02-06 11:00:00+00:00
1770379200000,0.1759,0.1766,0.1746,0.1766,550900.7,1770382800000,96701.28073,1108,2026-02-06 12:00:00+00:00
1770382800000,0.1766,0.1792,0.1758,0.1772,1105274.2,1770386400000,196067.68572,3252,2026-02-06 13:00:00+00:00
1770386400000,0.1771,0.1841,0.1767,0.1832,777662.9,1770390000000,140139.59977,1696,2026-02-06 14:00:00+00:00
1770390000000,0.1827,0.1839,0.1813,0.1826,1002426.4,1770393600000,182901.80786,2150,2026-02-06 15:00:00+00:00
1770393600000,0.1822,0.1871,0.1814,0.1861,641431.6,1770397200000,118789.88711,1158,2026-02-06 16:00:00+00:00
1770397200000,0.186,0.192,0.1851,0.1891,700481.8,1770400800000,132375.89615,1122,2026-02-06 17:00:00+00:00
1770400800000,0.1888,0.1888,0.1842,0.1857,825590.7,1770404400000,153680.87737,862,2026-02-06 18:00:00+00:00
1770404400000,0.1859,0.187,0.1847,0.1868,286346.4,1770408000000,53292.11704,478,2026-02-06 19:00:00+00:00
1770408000000,0.1864,0.1864,0.1829,0.1834,274536.5,1770411600000,50600.31538,452,2026-02-06 20:00:00+00:00
1770411600000,0.1832,0.184,0.1819,0.1836,197733.3,1770415200000,36201.68908,335,2026-02-06 21:00:00+00:00
1770415200000,0.1836,0.1855,0.1833,0.1842,478162.8,1770418800000,88165.40613,851,2026-02-06 22:00:00+00:00
1770418800000,0.1842,0.1852,0.1824,0.1828,182959.4,1770422400000,33591.15225,228,2026-02-06 23:00:00+00:00
1770422400000,0.1828,0.1899,0.1825,0.1837,2344620.3,1770426000000,436958.51181,3704,2026-02-07 00:00:00+00:00
1770426000000,0.1837,0.1948,0.1832,0.1944,1900338.9,1770429600000,361228.03599,2994,2026-02-07 01:00:00+00:00
1770429600000,0.1946,0.2181,0.1905,0.1908,9236035.0,1770433200000,1856940.16053,14178,2026-02-07 02:00:00+00:00
1770433200000,0.1908,0.1912,0.1836,0.184,1903003.0,1770436800000,356327.80914,3313,2026-02-07 03:00:00+00:00
1770436800000,0.184,0.1877,0.1838,0.1862,1256503.7,1770440400000,233682.67258,2955,2026-02-07 04:00:00+00:00
1770440400000,0.1864,0.1878,0.1852,0.186,493171.7,1770444000000,92050.45522,1336,2026-02-07 05:00:00+00:00
1770444000000,0.186,0.1886,0.1844,0.1846,331348.9,1770447600000,62010.28443,600,2026-02-07 06:00:00+00:00
1770447600000,0.1846,0.1847,0.1785,0.1795,1315484.1,1770451200000,237831.65341,2000,2026-02-07 07:00:00+00:00
1770451200000,0.1794,0.1803,0.178,0.1798,525451.1,1770454800000,94257.01747,796,2026-02-07 08:00:00+00:00
1770454800000,0.1798,0.1808,0.1776,0.1781,434598.3,1770458400000,77724.8675,724,2026-02-07 09:00:00+00:00
1770458400000,0.1782,0.1785,0.1749,0.1772,658793.7,1770462000000,116246.15922,1080,2026-02-07 10:00:00+00:00
1770462000000,0.1771,0.1776,0.1758,0.1773,245813.2,1770465600000,43409.87204,414,2026-02-07 11:00:00+00:00
1770465600000,0.1771,0.1838,0.1771,0.1803,456003.0,1770469200000,82478.20377,867,2026-02-07 12:00:00+00:00
1770469200000,0.1803,0.1805,0.177,0.1778,323283.4,1770472800000,57615.23848,476,2026-02-07 13:00:00+00:00
1770472800000,0.1777,0.1777,0.1747,0.1755,449581.9,1770476400000,79226.68953,550,2026-02-07 14:00:00+00:00
1770476400000,0.1753,0.1783,0.1752,0.1781,240793.4,1770480000000,42536.94235,360,2026-02-07 15:00:00+00:00
1770480000000,0.1782,0.1838,0.1776,0.1791,2283544.3,1770483600000,412760.32591,3794,2026-02-07 16:00:00+00:00
1770483600000,0.1791,0.1806,0.1781,0.179,447839.8,1770487200000,80352.87254,771,2026-02-07 17:00:00+00:00
1770487200000,0.1791,0.1825,0.179,0.1815,156530.5,1770490800000,28361.31402,433,2026-02-07 18:00:00+00:00
1770490800000,0.1815,0.1815,0.1798,0.1799,194915.7,1770494400000,35167.73537,451,2026-02-07 19:00:00+00:00
1770494400000,0.18,0.18,0.1786,0.1794,130227.3,1770498000000,23321.63858,334,2026-02-07 20:00:00+00:00
1770498000000,0.1795,0.1806,0.1793,0.1801,165647.8,1770501600000,29804.7986,298,2026-02-07 21:00:00+00:00
1770501600000,0.18,0.1807,0.1791,0.1796,79311.5,1770505200000,14267.79341,176,2026-02-07 22:00:00+00:00
1770505200000,0.1796,0.1806,0.1785,0.1802,213054.1,1770508800000,38349.57562,297,2026-02-07 23:00:00+00:00
1770508800000,0.1799,0.1804,0.1768,0.1782,529525.8,1770512400000,94561.51403,715,2026-02-08 00:00:00+00:00
1770512400000,0.1786,0.1806,0.1784,0.1788,311693.4,1770516000000,55914.75216,445,2026-02-08 01:00:00+00:00
1770516000000,0.179,0.1794,0.1762,0.177,245480.3,1770519600000,43711.79964,427,2026-02-08 02:00:00+00:00
1770519600000,0.177,0.1772,0.1743,0.1746,385356.2,1770523200000,67677.9153,504,2026-02-08 03:00:00+00:00
1770523200000,0.1744,0.1756,0.1735,0.1745,138676.3,1770526800000,24210.92788,293,2026-02-08 04:00:00+00:00
1770526800000,0.1743,0.1754,0.1741,0.1748,121441.6,1770530400000,21217.29877,200,2026-02-08 05:00:00+00:00
1770530400000,0.1748,0.1748,0.1727,0.1732,310437.1,1770534000000,53964.076,649,2026-02-08 06:00:00+00:00
1770534000000,0.1732,0.1746,0.1719,0.1735,497149.5,1770537600000,86144.21556,1098,2026-02-08 07:00:00+00:00
1770537600000,0.1733,0.1752,0.1723,0.1739,391202.3,1770541200000,67934.80924,576,2026-02-08 08:00:00+00:00
1770541200000,0.1738,0.174,0.1705,0.1718,390390.5,1770544800000,67319.09815,498,2026-02-08 09:00:00+00:00
1770544800000,0.1718,0.1727,0.1706,0.171,244752.0,1770548400000,41995.90844,379,2026-02-08 10:00:00+00:00
1770548400000,0.171,0.174,0.1701,0.1731,601749.3,1770552000000,103673.3297,706,2026-02-08 11:00:00+00:00
1770552000000,0.1729,0.1734,0.171,0.1715,258102.5,1770555600000,44446.02209,300,2026-02-08 12:00:00+00:00
1770555600000,0.1715,0.1723,0.1706,0.1721,388126.1,1770559200000,66617.76508,388,2026-02-08 13:00:00+00:00
1770559200000,0.1722,0.1773,0.1722,0.1755,800463.7,1770562800000,140239.07828,1211,2026-02-08 14:00:00+00:00
1770562800000,0.1757,0.1758,0.1717,0.1725,608101.6,1770566400000,105464.58812,1027,2026-02-08 15:00:00+00:00
1770566400000,0.1725,0.1734,0.1679,0.1685,513008.1,1770570000000,87521.33627,762,2026-02-08 16:00:00+00:00
1770570000000,0.1686,0.172,0.1686,0.1717,295177.9,1770573600000,50377.49661,464,2026-02-08 17:00:00+00:00
1770573600000,0.1719,0.1751,0.1707,0.1746,439179.9,1770577200000,75838.77954,563,2026-02-08 18:00:00+00:00
1770577200000,0.1745,0.1755,0.1729,0.1733,128185.2,1770580800000,22356.35246,312,2026-02-08 19:00:00+00:00
1770580800000,0.1731,0.1733,0.1695,0.1697,266978.3,1770584400000,45654.54204,452,2026-02-08 20:00:00+00:00
1770584400000,0.1698,0.171,0.1689,0.1703,510892.4,1770588000000,86884.83546,1007,2026-02-08 21:00:00+00:00
1770588000000,0.1701,0.1724,0.1697,0.1712,207130.3,1770591600000,35424.21556,402,2026-02-08 22:00:00+00:00
1770591600000,0.1715,0.1754,0.1702,0.1724,290851.1,1770595200000,50118.44441,497,2026-02-08 23:00:00+00:00
1770595200000,0.1724,0.1933,0.1704,0.1728,5282710.1,1770598800000,961984.79774,9303,2026-02-09 00:00:00+00:00
1770598800000,0.1727,0.173,0.1699,0.1719,429127.7,1770602400000,73600.0812,801,2026-02-09 01:00:00+00:00
1770602400000,0.1719,0.1747,0.1716,0.173,141222.7,1770606000000,24385.37354,360,2026-02-09 02:00:00+00:00
1770606000000,0.1731,0.1738,0.1715,0.1729,350056.0,1770609600000,60468.80525,820,2026-02-09 03:00:00+00:00
1770609600000,0.1729,0.1739,0.1711,0.1727,224964.0,1770613200000,38777.9096,462,2026-02-09 04:00:00+00:00
1770613200000,0.1727,0.1754,0.1723,0.1753,311382.8,1770616800000,54138.92527,617,2026-02-09 05:00:00+00:00
1770616800000,0.1752,0.1777,0.174,0.1768,471166.5,1770620400000,83032.46718,851,2026-02-09 06:00:00+00:00
1770620400000,0.1765,0.1794,0.1754,0.1762,984489.2,1770624000000,174725.11548,1391,2026-02-09 07:00:00+00:00
1770624000000,0.1761,0.1764,0.1694,0.1719,1043984.7,1770627600000,180679.75694,1401,2026-02-09 08:00:00+00:00
1770627600000,0.172,0.1724,0.1686,0.1688,421182.4,1770631200000,71927.04202,643,2026-02-09 09:00:00+00:00
1770631200000,0.169,0.1702,0.1654,0.1665,604028.4,1770634800000,101068.06346,1102,2026-02-09 10:00:00+00:00
1770634800000,0.1667,0.1677,0.1656,0.1666,214708.0,1770638400000,35784.11357,649,2026-02-09 11:00:00+00:00
1770638400000,0.1667,0.1685,0.1664,0.1679,274011.7,1770642000000,45920.60638,634,2026-02-09 12:00:00+00:00
1770642000000,0.1678,0.1685,0.1645,0.1645,237007.1,1770645600000,39539.32811,516,2026-02-09 13:00:00+00:00
1770645600000,0.1648,0.1671,0.1631,0.1668,583142.6,1770649200000,96164.9878,1482,2026-02-09 14:00:00+00:00
1770649200000,0.1669,0.168,0.1639,0.1671,746177.2,1770652800000,123304.99638,1056,2026-02-09 15:00:00+00:00
1770652800000,0.167,0.1713,0.1669,0.1695,700798.5,1770656400000,118044.44729,1292,2026-02-09 16:00:00+00:00
1770656400000,0.1697,0.1738,0.1682,0.1729,367672.9,1770660000000,62921.63449,703,2026-02-09 17:00:00+00:00
1770660000000,0.173,0.1736,0.1706,0.1726,463903.5,1770663600000,79841.64375,668,2026-02-09 18:00:00+00:00
1770663600000,0.1727,0.174,0.1719,0.1731,321241.5,1770667200000,55593.95815,511,2026-02-09 19:00:00+00:00
1770667200000,0.1733,0.1733,0.1708,0.1712,300214.0,1770670800000,51573.31194,463,2026-02-09 20:00:00+00:00
1770670800000,0.1712,0.1713,0.1685,0.1703,146018.3,1770674400000,24841.59466,269,2026-02-09 21:00:00+00:00
1770674400000,0.1705,0.1723,0.1705,0.1722,292808.6,1770678000000,50196.58702,368,2026-02-09 22:00:00+00:00
1770678000000,0.1723,0.1753,0.1723,0.1752,390757.7,1770681600000,68094.86174,531,2026-02-09 23:00:00+00:00
1770681600000,0.1751,0.1752,0.1689,0.1697,498752.9,1770685200000,85331.44978,705,2026-02-10 00:00:00+00:00
1770685200000,0.1697,0.172,0.1695,0.1709,252910.2,1770688800000,43281.89977,415,2026-02-10 01:00:00+00:00
1770688800000,0.171,0.171,0.17,0.1701,112203.1,1770692400000,19116.64922,229,2026-02-10 02:00:00+00:00
1770692400000,0.1702,0.1706,0.168,0.1699,226683.2,1770696000000,38428.9341,410,2026-02-10 03:00:00+00:00
1770696000000,0.1701,0.1721,0.1693,0.1702,164903.9,1770699600000,28131.8593,408,2026-02-10 04:00:00+00:00
1770699600000,0.1701,0.1703,0.1685,0.169,140400.0,1770703200000,23783.36728,228,2026-02-10 05:00:00+00:00
1770703200000,0.1689,0.1695,0.1669,0.1671,295567.5,1770706800000,49646.60294,538,2026-02-10 06:00:00+00:00
1770706800000,0.167,0.1678,0.1664,0.1666,191700.4,1770710400000,32022.30829,298,2026-02-10 07:00:00+00:00
1770710400000,0.1666,0.1683,0.1666,0.1674,247873.7,1770714000000,41491.83547,480,2026-02-10 08:00:00+00:00
1770714000000,0.1676,0.1699,0.1676,0.1693,208717.4,1770717600000,35203.6972,283,2026-02-10 09:00:00+00:00
1770717600000,0.1693,0.1701,0.168,0.1683,181171.3,1770721200000,30656.92643,371,2026-02-10 10:00:00+00:00
1770721200000,0.1681,0.17,0.1674,0.168,411943.9,1770724800000,69423.49593,659,2026-02-10 11:00:00+00:00
1770724800000,0.168,0.1689,0.1662,0.1669,290037.9,1770728400000,48471.12317,479,2026-02-10 12:00:00+00:00
1770728400000,0.1666,0.169,0.1665,0.1686,229882.5,1770732000000,38555.49331,305,2026-02-10 13:00:00+00:00
1770732000000,0.1685,0.1706,0.1667,0.1679,217391.7,1770735600000,36722.19575,335,2026-02-10 14:00:00+00:00
1770735600000,0.1675,0.1702,0.1672,0.1697,176976.1,1770739200000,29897.34387,323,2026-02-10 15:00:00+00:00
1770739200000,0.1697,0.1713,0.1686,0.1689,357566.0,1770742800000,60818.8301,699,2026-02-10 16:00:00+00:00
1770742800000,0.1688,0.1702,0.1684,0.1691,94984.3,1770746400000,16069.26284,169,2026-02-10 17:00:00+00:00
1770746400000,0.1693,0.1693,0.166,0.167,124653.7,1770750000000,20875.6043,223,2026-02-10 18:00:00+00:00
1770750000000,0.167,0.1698,0.1666,0.169,205367.8,1770753600000,34567.34706,297,2026-02-10 19:00:00+00:00
1770753600000,0.1688,0.1692,0.168,0.1688,127082.6,1770757200000,21440.48052,189,2026-02-10 20:00:00+00:00
1770757200000,0.1688,0.1695,0.1674,0.168,57348.7,1770760800000,9652.49873,202,2026-02-10 21:00:00+00:00
1770760800000,0.1682,0.1696,0.168,0.169,43113.0,1770764400000,7284.85219,90,2026-02-10 22:00:00+00:00
1770764400000,0.1686,0.1704,0.1681,0.1703,310174.6,1770768000000,52534.57472,389,2026-02-10 23:00:00+00:00
1770768000000,0.17,0.1704,0.1682,0.17,211020.6,1770771600000,35688.21718,323,2026-02-11 00:00:00+00:00
1770771600000,0.1698,0.1724,0.1697,0.1724,284884.1,1770775200000,48712.00949,373,2026-02-11 01:00:00+00:00
1770775200000,0.1725,0.1739,0.17,0.1704,401667.8,1770778800000,69297.23211,442,2026-02-11 02:00:00+00:00
1770778800000,0.1703,0.1717,0.1686,0.1686,305335.8,1770782400000,52014.34719,420,2026-02-11 03:00:00+00:00
1770782400000,0.1684,0.1692,0.1664,0.1681,355199.9,1770786000000,59643.5724,432,2026-02-11 04:00:00+00:00
1770786000000,0.1681,0.1697,0.1676,0.1686,391294.1,1770789600000,65937.79158,379,2026-02-11 05:00:00+00:00
1770789600000,0.1687,0.1691,0.1656,0.1666,431844.3,1770793200000,72227.23241,545,2026-02-11 06:00:00+00:00
1770793200000,0.1667,0.1719,0.1653,0.1702,697339.7,1770796800000,116874.32507,963,2026-02-11 07:00:00+00:00
1770796800000,0.1701,0.1736,0.1685,0.1703,905302.4,1770800400000,154528.14829,1008,2026-02-11 08:00:00+00:00
1770800400000,0.1704,0.173,0.1682,0.1692,826949.2,1770804000000,140673.92174,807,2026-02-11 09:00:00+00:00
1770804000000,0.1691,0.1701,0.1676,0.1693,441173.7,1770807600000,74450.44623,488,2026-02-11 10:00:00+00:00
1770807600000,0.1695,0.1722,0.1692,0.1713,500107.0,1770811200000,85347.46824,520,2026-02-11 11:00:00+00:00
1770811200000,0.1721,0.1734,0.1712,0.1721,505069.3,1770814800000,87051.20391,560,2026-02-11 12:00:00+00:00
1770814800000,0.172,0.177,0.1719,0.1761,862707.6,1770818400000,150457.79813,1224,2026-02-11 13:00:00+00:00
1770818400000,0.1759,0.178,0.1728,0.1735,1088818.2,1770822000000,190019.84486,2045,2026-02-11 14:00:00+00:00
1770822000000,0.1737,0.1749,0.17,0.1743,1376155.8,1770825600000,237397.22227,2532,2026-02-11 15:00:00+00:00
1770825600000,0.1747,0.1811,0.1739,0.175,1029852.5,1770829200000,182755.98315,1813,2026-02-11 16:00:00+00:00
1770829200000,0.175,0.1806,0.1749,0.1797,794019.5,1770832800000,141357.85413,1558,2026-02-11 17:00:00+00:00
1770832800000,0.1797,0.1887,0.1783,0.183,3925356.4,1770836400000,725956.51618,6890,2026-02-11 18:00:00+00:00
1770836400000,0.183,0.1853,0.1805,0.1825,1076843.5,1770840000000,196193.7805,1953,2026-02-11 19:00:00+00:00
1770840000000,0.1825,0.1859,0.181,0.1846,1135214.1,1770843600000,208754.30501,1632,2026-02-11 20:00:00+00:00
1770843600000,0.1849,0.2022,0.1839,0.1921,7154814.8,1770847200000,1382937.70474,12421,2026-02-11 21:00:00+00:00
1770847200000,0.192,0.1932,0.186,0.1869,2627460.7,1770850800000,498210.3123,4360,2026-02-11 22:00:00+00:00
1770850800000,0.1869,0.1906,0.1845,0.1878,1742591.4,1770854400000,326583.40736,3004,2026-02-11 23:00:00+00:00
1770854400000,0.1878,0.197,0.1864,0.1912,2003140.5,1770858000000,386405.41857,3946,2026-02-12 00:00:00+00:00
1770858000000,0.1911,0.1924,0.1868,0.1877,1007390.4,1770861600000,190653.80376,1125,2026-02-12 01:00:00+00:00
1770861600000,0.1877,0.1916,0.1869,0.1902,303145.9,1770865200000,57397.40813,559,2026-02-12 02:00:00+00:00
1770865200000,0.19,0.1906,0.1869,0.1874,414212.8,1770868800000,78264.56424,625,2026-02-12 03:00:00+00:00
1770868800000,0.1874,0.1879,0.1823,0.1829,805680.3,1770872400000,148911.72933,1259,2026-02-12 04:00:00+00:00
1770872400000,0.1828,0.1843,0.1819,0.184,415922.5,1770876000000,76191.60794,561,2026-02-12 05:00:00+00:00
1770876000000,0.1845,0.1888,0.1829,0.1884,543438.5,1770879600000,101343.77192,591,2026-02-12 06:00:00+00:00
1770879600000,0.1883,0.1921,0.187,0.1921,702740.1,1770883200000,132947.06175,909,2026-02-12 07:00:00+00:00
1770883200000,0.1922,0.1942,0.1858,0.187,1411353.0,1770886800000,268234.19241,1682,2026-02-12 08:00:00+00:00
1770886800000,0.1871,0.191,0.1856,0.1895,752624.1,1770890400000,141247.02422,1025,2026-02-12 09:00:00+00:00
1770890400000,0.1892,0.1913,0.1874,0.189,627241.5,1770894000000,118624.67786,853,2026-02-12 10:00:00+00:00
1770894000000,0.1889,0.1927,0.1888,0.1891,1037575.2,1770897600000,197472.1414,1405,2026-02-12 11:00:00+00:00
1770897600000,0.189,0.1905,0.1868,0.1887,740493.2,1770901200000,139504.59842,1088,2026-02-12 12:00:00+00:00
1770901200000,0.1889,0.1904,0.1863,0.1881,784864.5,1770904800000,147437.7908,1321,2026-02-12 13:00:00+00:00
1770904800000,0.1882,0.1884,0.1841,0.1862,501269.4,1770908400000,93033.69914,764,2026-02-12 14:00:00+00:00
1770908400000,0.1862,0.1881,0.1841,0.1853,295780.1,1770912000000,55105.50691,488,2026-02-12 15:00:00+00:00
1770912000000,0.1853,0.186,0.1824,0.1844,770536.5,1770915600000,141845.71651,1088,2026-02-12 16:00:00+00:00
1770915600000,0.185,0.1866,0.1839,0.1844,298949.5,1770919200000,55319.08407,396,2026-02-12 17:00:00+00:00
1770919200000,0.1841,0.1875,0.1841,0.1859,274669.1,1770922800000,51212.21639,512,2026-02-12 18:00:00+00:00
1770922800000,0.186,0.1887,0.1859,0.1872,173949.7,1770926400000,32625.06764,376,2026-02-12 19:00:00+00:00
1770926400000,0.1872,0.1884,0.1852,0.1863,285756.5,1770930000000,53326.1665,431,2026-02-12 20:00:00+00:00
1770930000000,0.1863,0.1871,0.1854,0.1859,253322.4,1770933600000,47147.17492,329,2026-02-12 21:00:00+00:00
1770933600000,0.186,0.191,0.1854,0.1909,306713.5,1770937200000,57770.33902,593,2026-02-12 22:00:00+00:00
1770937200000,0.191,0.1924,0.1893,0.1915,466769.5,1770940800000,89159.98339,546,2026-02-12 23:00:00+00:00
1770940800000,0.1919,0.1926,0.1881,0.1885,599797.2,1770944400000,114209.38826,925,2026-02-13 00:00:00+00:00
1770944400000,0.1884,0.1918,0.1884,0.1897,576785.4,1770948000000,109936.15119,645,2026-02-13 01:00:00+00:00
1770948000000,0.1898,0.1913,0.1877,0.1903,707531.9,1770951600000,134418.51218,1034,2026-02-13 02:00:00+00:00
1770951600000,0.1903,0.1904,0.1881,0.1884,664452.6,1770955200000,125757.13317,765,2026-02-13 03:00:00+00:00
1770955200000,0.1885,0.1885,0.1864,0.1874,1015892.0,1770958800000,190392.02126,1239,2026-02-13 04:00:00+00:00
1770958800000,0.1877,0.1983,0.1877,0.1959,3639783.6,1770962400000,706835.32409,5775,2026-02-13 05:00:00+00:00
1770962400000,0.1956,0.2008,0.1947,0.2001,1938822.0,1770966000000,383747.59958,3499,2026-02-13 06:00:00+00:00
1770966000000,0.1997,0.2117,0.1898,0.1908,5383490.0,1770969600000,1079768.54164,9955,2026-02-13 07:00:00+00:00
1770969600000,0.1908,0.1959,0.1906,0.1919,1236640.0,1770973200000,238515.73943,2052,2026-02-13 08:00:00+00:00
1770973200000,0.1919,0.1947,0.1909,0.1927,878640.5,1770976800000,169426.351,1453,2026-02-13 09:00:00+00:00
1770976800000,0.1928,0.1928,0.1877,0.19,841002.4,1770980400000,159367.43061,1565,2026-02-13 10:00:00+00:00
1770980400000,0.19,0.1905,0.1883,0.189,420547.0,1770984000000,79651.00171,724,2026-02-13 11:00:00+00:00
1770984000000,0.1888,0.191,0.1885,0.1897,260378.7,1770987600000,49298.12717,516,2026-02-13 12:00:00+00:00
1770987600000,0.1901,0.1916,0.189,0.1904,291898.4,1770991200000,55500.93545,478,2026-02-13 13:00:00+00:00
1770991200000,0.1902,0.1932,0.189,0.1922,547744.9,1770994800000,104477.67327,1269,2026-02-13 14:00:00+00:00
1770994800000,0.1923,0.1973,0.1918,0.1963,725036.5,1770998400000,141507.48556,1067,2026-02-13 15:00:00+00:00
1770998400000,0.1963,0.2015,0.1959,0.1977,725274.8,1771002000000,144266.52832,1126,2026-02-13 16:00:00+00:00
1771002000000,0.1977,0.1997,0.1969,0.1986,239900.2,1771005600000,47657.23224,456,2026-02-13 17:00:00+00:00
1771005600000,0.1986,0.1992,0.1972,0.1988,300292.3,1771009200000,59517.36117,561,2026-02-13 18:00:00+00:00
1771009200000,0.1985,0.2008,0.1978,0.1991,414987.7,1771012800000,82606.69956,601,2026-02-13 19:00:00+00:00
1771012800000,0.1989,0.1994,0.1978,0.1983,264658.4,1771016400000,52503.78277,407,2026-02-13 20:00:00+00:00
1771016400000,0.1984,0.2012,0.1983,0.2004,347297.6,1771020000000,69371.177,599,2026-02-13 21:00:00+00:00
1771020000000,0.2002,0.201,0.1979,0.1992,246939.1,1771023600000,49188.11297,596,2026-02-13 22:00:00+00:00
1771023600000,0.1992,0.2037,0.1992,0.201,483236.7,1771027200000,97543.60084,774,2026-02-13 23:00:00+00:00
1771027200000,0.2009,0.2055,0.1968,0.1986,1888676.4,1771030800000,377438.52789,2242,2026-02-14 00:00:00+00:00
1771030800000,0.1983,0.1987,0.1948,0.197,688482.4,1771034400000,135062.12362,747,2026-02-14 01:00:00+00:00
1771034400000,0.197,0.199,0.1969,0.1977,181113.0,1771038000000,35836.98638,339,2026-02-14 02:00:00+00:00
1771038000000,0.1975,0.2,0.1972,0.1987,367532.5,1771041600000,73061.26487,488,2026-02-14 03:00:00+00:00
1771041600000,0.199,0.1996,0.1964,0.1981,316722.2,1771045200000,62783.10097,483,2026-02-14 04:00:00+00:00
1771045200000,0.198,0.1983,0.1957,0.1958,126872.5,1771048800000,24990.16115,226,2026-02-14 05:00:00+00:00
1771048800000,0.1959,0.1961,0.1934,0.1955,595130.4,1771052400000,115848.39408,798,2026-02-14 06:00:00+00:00
1771052400000,0.1954,0.1994,0.1954,0.1961,552910.8,1771056000000,109006.87675,660,2026-02-14 07:00:00+00:00
1771056000000,0.1963,0.1976,0.1951,0.1967,304259.0,1771059600000,59701.4942,413,2026-02-14 08:00:00+00:00
1771059600000,0.1967,0.1972,0.1954,0.1955,262817.7,1771063200000,51649.93663,274,2026-02-14 09:00:00+00:00
1771063200000,0.1953,0.1956,0.1944,0.1952,152413.6,1771066800000,29725.5368,200,2026-02-14 10:00:00+00:00
1771066800000,0.1953,0.1977,0.195,0.1976,320539.5,1771070400000,62942.5128,444,2026-02-14 11:00:00+00:00
1771070400000,0.1975,0.1975,0.195,0.1957,478192.7,1771074000000,93593.74403,826,2026-02-14 12:00:00+00:00
1771074000000,0.1959,0.1972,0.1952,0.1971,328083.4,1771077600000,64316.79648,394,2026-02-14 13:00:00+00:00
1771077600000,0.1971,0.1984,0.196,0.1968,264701.8,1771081200000,52240.62406,370,2026-02-14 14:00:00+00:00
1771081200000,0.1969,0.1981,0.1957,0.1973,344201.3,1771084800000,67763.87814,453,2026-02-14 15:00:00+00:00
1771084800000,0.1973,0.1986,0.1962,0.1986,223790.9,1771088400000,44175.5305,377,2026-02-14 16:00:00+00:00
1771088400000,0.1984,0.1994,0.1981,0.199,265196.9,1771092000000,52727.76837,291,2026-02-14 17:00:00+00:00
1771092000000,0.199,0.1998,0.1982,0.1983,308990.2,1771095600000,61484.95496,387,2026-02-14 18:00:00+00:00
1771095600000,0.1988,0.2005,0.1978,0.2,349292.5,1771099200000,69601.4083,471,2026-02-14 19:00:00+00:00
1771099200000,0.2001,0.2009,0.1994,0.2002,271648.9,1771102800000,54362.9519,367,2026-02-14 20:00:00+00:00
1771102800000,0.2005,0.2005,0.1981,0.1988,158524.1,1771106400000,31536.80532,269,2026-02-14 21:00:00+00:00
1771106400000,0.1988,0.2012,0.1988,0.1999,177013.4,1771110000000,35428.38838,252,2026-02-14 22:00:00+00:00
1771110000000,0.1998,0.2014,0.1993,0.2012,435341.2,1771113600000,87000.07089,431,2026-02-14 23:00:00+00:00
1771113600000,0.2009,0.2009,0.197,0.1975,738010.2,1771117200000,146464.07882,791,2026-02-15 00:00:00+00:00
1771117200000,0.1978,0.1979,0.1964,0.1974,318110.3,1771120800000,62774.36883,473,2026-02-15 01:00:00+00:00
1771120800000,0.1975,0.1987,0.1968,0.1981,159391.2,1771124400000,31490.39801,393,2026-02-15 02:00:00+00:00
1771124400000,0.1979,0.1987,0.1946,0.1975,324898.1,1771128000000,63926.90552,496,2026-02-15 03:00:00+00:00
1771128000000,0.1974,0.199,0.1966,0.1978,280066.5,1771131600000,55332.15001,373,2026-02-15 04:00:00+00:00
1771131600000,0.1977,0.1995,0.1974,0.1982,281766.3,1771135200000,55848.82118,322,2026-02-15 05:00:00+00:00
1771135200000,0.1981,0.1992,0.1979,0.1989,342443.8,1771138800000,67979.51571,495,2026-02-15 06:00:00+00:00
1771138800000,0.1989,0.201,0.1985,0.1992,292205.1,1771142400000,58374.28,330,2026-02-15 07:00:00+00:00
1771142400000,0.1993,0.1994,0.1948,0.1973,375667.0,1771146000000,73970.54909,495,2026-02-15 08:00:00+00:00
1771146000000,0.1972,0.1994,0.1969,0.1991,171112.8,1771149600000,33946.20901,245,2026-02-15 09:00:00+00:00
1771149600000,0.1992,0.2005,0.1979,0.1995,566316.5,1771153200000,112747.2597,778,2026-02-15 10:00:00+00:00
1771153200000,0.1997,0.2011,0.1991,0.2004,388538.0,1771156800000,77756.15326,585,2026-02-15 11:00:00+00:00
1771156800000,0.1998,0.1999,0.1949,0.1949,585911.1,1771160400000,116139.56607,694,2026-02-15 12:00:00+00:00
1771160400000,0.1954,0.1972,0.1926,0.1935,648015.2,1771164000000,126200.26953,845,2026-02-15 13:00:00+00:00
1771164000000,0.1939,0.1991,0.193,0.1989,350522.3,1771167600000,68652.78468,527,2026-02-15 14:00:00+00:00
1771167600000,0.1988,0.2012,0.1972,0.1986,934060.6,1771171200000,186088.43594,1316,2026-02-15 15:00:00+00:00
1771171200000,0.1986,0.1987,0.1962,0.1975,253624.3,1771174800000,49974.50665,376,2026-02-15 16:00:00+00:00
1771174800000,0.1976,0.2009,0.1961,0.1978,834275.9,1771178400000,166185.56916,1245,2026-02-15 17:00:00+00:00
1771178400000,0.1978,0.1978,0.194,0.1953,626890.2,1771182000000,122622.23588,695,2026-02-15 18:00:00+00:00
1771182000000,0.1953,0.1962,0.1921,0.1934,229063.1,1771185600000,44484.27157,361,2026-02-15 19:00:00+00:00
1771185600000,0.1931,0.1983,0.1927,0.1962,303892.4,1771189200000,59429.1706,429,2026-02-15 20:00:00+00:00
1771189200000,0.1963,0.1997,0.1963,0.1969,411760.7,1771192800000,81648.09764,529,2026-02-15 21:00:00+00:00
1771192800000,0.1965,0.1976,0.1958,0.1974,239275.9,1771196400000,47011.35561,392,2026-02-15 22:00:00+00:00
1771196400000,0.1974,0.201,0.1969,0.2008,438837.5,1771200000000,87397.07292,476,2026-02-15 23:00:00+00:00
1771200000000,0.2003,0.2078,0.1969,0.207,1597562.7,1771203600000,323881.28058,2386,2026-02-16 00:00:00+00:00
1771203600000,0.207,0.216,0.1987,0.202,4384652.0,1771207200000,915687.70154,7463,2026-02-16 01:00:00+00:00
1771207200000,0.2022,0.2049,0.2009,0.2013,683235.8,1771210800000,138488.90934,1268,2026-02-16 02:00:00+00:00
1771210800000,0.2013,0.2048,0.2001,0.2036,733913.1,1771214400000,148557.66495,1318,2026-02-16 03:00:00+00:00
1771214400000,0.2038,0.2065,0.2026,0.2054,392299.2,1771218000000,80088.41385,734,2026-02-16 04:00:00+00:00
1771218000000,0.2052,0.2052,0.2001,0.2023,282131.8,1771221600000,56991.62529,486,2026-02-16 05:00:00+00:00
1771221600000,0.2025,0.2051,0.2009,0.2011,323535.4,1771225200000,65519.21642,569,2026-02-16 06:00:00+00:00
1771225200000,0.201,0.2034,0.199,0.2,384432.0,1771228800000,77204.38538,589,2026-02-16 07:00:00+00:00
1771228800000,0.2,0.2035,0.1972,0.2019,895056.8,1771232400000,178634.0475,1123,2026-02-16 08:00:00+00:00
1771232400000,0.2016,0.2028,0.1994,0.2,243631.6,1771236000000,48910.59446,427,2026-02-16 09:00:00+00:00
1771236000000,0.1999,0.2004,0.1982,0.1986,392452.6,1771239600000,78129.49283,572,2026-02-16 10:00:00+00:00
1771239600000,0.1984,0.199,0.1955,0.1981,278536.1,1771243200000,54932.87437,400,2026-02-16 11:00:00+00:00
1771243200000,0.1982,0.2011,0.1976,0.2005,371059.2,1771246800000,74159.45263,735,2026-02-16 12:00:00+00:00
1771246800000,0.2006,0.2017,0.1968,0.1976,360407.5,1771250400000,71605.80377,604,2026-02-16 13:00:00+00:00
1771250400000,0.1978,0.2003,0.1966,0.1996,365304.7,1771254000000,72680.37571,559,2026-02-16 14:00:00+00:00
1771254000000,0.1997,0.2007,0.1955,0.196,495415.7,1771257600000,97704.58389,799,2026-02-16 15:00:00+00:00
1771257600000,0.1958,0.1999,0.1957,0.1967,902453.8,1771261200000,177694.68638,859,2026-02-16 16:00:00+00:00
1771261200000,0.1967,0.1982,0.1958,0.1979,196817.7,1771264800000,38755.77499,290,2026-02-16 17:00:00+00:00
1771264800000,0.1982,0.1997,0.1947,0.1949,399861.4,1771268400000,78473.852,694,2026-02-16 18:00:00+00:00
1771268400000,0.1951,0.1977,0.1944,0.197,227707.3,1771272000000,44680.16166,345,2026-02-16 19:00:00+00:00
1771272000000,0.197,0.1979,0.1959,0.1976,120190.6,1771275600000,23698.07352,222,2026-02-16 20:00:00+00:00
1771275600000,0.1977,0.199,0.1972,0.1989,86337.7,1771279200000,17093.47592,419,2026-02-16 21:00:00+00:00
1771279200000,0.1988,0.1988,0.1972,0.1977,119651.3,1771282800000,23701.47713,223,2026-02-16 22:00:00+00:00
1771282800000,0.1978,0.1978,0.1961,0.1964,94144.5,1771286400000,18548.92667,216,2026-02-16 23:00:00+00:00
1771286400000,0.1964,0.1965,0.1905,0.1909,450741.7,1771290000000,87000.83816,913,2026-02-17 00:00:00+00:00
1771290000000,0.1911,0.1924,0.1905,0.1907,157081.5,1771293600000,30055.47057,481,2026-02-17 01:00:00+00:00
1771293600000,0.1908,0.1935,0.1891,0.1931,388285.1,1771297200000,74452.76464,619,2026-02-17 02:00:00+00:00
1771297200000,0.1931,0.196,0.1924,0.1929,685833.1,1771300800000,133141.15967,939,2026-02-17 03:00:00+00:00
1771300800000,0.193,0.1934,0.1907,0.1926,317138.7,1771304400000,60936.1952,584,2026-02-17 04:00:00+00:00
1771304400000,0.1926,0.1937,0.1902,0.1916,171614.5,1771308000000,32953.83341,472,2026-02-17 05:00:00+00:00
1771308000000,0.1917,0.1929,0.1914,0.1922,158045.0,1771311600000,30370.26421,350,2026-02-17 06:00:00+00:00
1771311600000,0.1922,0.1945,0.1922,0.1926,197108.2,1771315200000,38141.15468,386,2026-02-17 07:00:00+00:00
1771315200000,0.1927,0.1948,0.1919,0.1925,179566.5,1771318800000,34694.65263,405,2026-02-17 08:00:00+00:00
1771318800000,0.1926,0.1927,0.191,0.1922,200648.5,1771322400000,38492.17417,369,2026-02-17 09:00:00+00:00
1771322400000,0.1922,0.1935,0.1905,0.1921,271155.4,1771326000000,52073.53244,458,2026-02-17 10:00:00+00:00
1771326000000,0.1921,0.1931,0.1903,0.1919,305849.5,1771329600000,58528.34842,540,2026-02-17 11:00:00+00:00
1771329600000,0.1918,0.1938,0.1913,0.1913,121842.0,1771333200000,23475.12623,342,2026-02-17 12:00:00+00:00
1771333200000,0.1914,0.1919,0.1897,0.191,169364.2,1771336800000,32290.57606,419,2026-02-17 13:00:00+00:00
1771336800000,0.191,0.1923,0.1885,0.1901,699646.1,1771340400000,132871.49944,1117,2026-02-17 14:00:00+00:00
1771340400000,0.19,0.1926,0.1899,0.1913,241252.8,1771344000000,46177.28853,533,2026-02-17 15:00:00+00:00
1771344000000,0.1913,0.1934,0.1899,0.1902,280744.4,1771347600000,53804.94794,664,2026-02-17 16:00:00+00:00
1771347600000,0.1901,0.1916,0.1895,0.1911,143266.8,1771351200000,27295.21229,382,2026-02-17 17:00:00+00:00
1771351200000,0.1912,0.1942,0.1903,0.1936,291556.7,1771354800000,56098.47739,685,2026-02-17 18:00:00+00:00
1771354800000,0.1937,0.1956,0.1936,0.1938,177124.2,1771358400000,34435.38366,353,2026-02-17 19:00:00+00:00
1771358400000,0.1937,0.1938,0.1907,0.1913,203014.6,1771362000000,38949.38606,318,2026-02-17 20:00:00+00:00
1771362000000,0.1912,0.1942,0.1906,0.1933,280988.1,1771365600000,54078.28344,454,2026-02-17 21:00:00+00:00
1771365600000,0.1932,0.1937,0.192,0.1924,117484.6,1771369200000,22657.07012,174,2026-02-17 22:00:00+00:00
1771369200000,0.1924,0.1929,0.1916,0.1919,127845.9,1771372800000,24574.18125,196,2026-02-17 23:00:00+00:00
1771372800000,0.1917,0.193,0.1904,0.1904,209949.7,1771376400000,40266.62607,456,2026-02-18 00:00:00+00:00
1771376400000,0.1904,0.192,0.1904,0.1913,112885.0,1771380000000,21576.73328,241,2026-02-18 01:00:00+00:00
1771380000000,0.1912,0.1926,0.1912,0.1919,81008.9,1771383600000,15565.20357,287,2026-02-18 02:00:00+00:00
1771383600000,0.192,0.1937,0.1919,0.1935,139489.2,1771387200000,26893.94941,350,2026-02-18 03:00:00+00:00
1771387200000,0.1935,0.1971,0.1923,0.1971,405659.5,1771390800000,78868.72195,689,2026-02-18 04:00:00+00:00
1771390800000,0.1969,0.1972,0.1943,0.1951,489292.0,1771394400000,95694.46539,886,2026-02-18 05:00:00+00:00
1771394400000,0.1951,0.1963,0.1951,0.1951,179463.5,1771398000000,35121.05652,314,2026-02-18 06:00:00+00:00
1771398000000,0.195,0.1976,0.1944,0.1971,245610.2,1771401600000,48086.98793,352,2026-02-18 07:00:00+00:00
1771401600000,0.197,0.197,0.1951,0.1955,299497.6,1771405200000,58703.93837,446,2026-02-18 08:00:00+00:00
1771405200000,0.1956,0.1957,0.1936,0.1943,202887.8,1771408800000,39509.96043,287,2026-02-18 09:00:00+00:00
1771408800000,0.1943,0.1952,0.1935,0.1938,165381.5,1771412400000,32114.14101,316,2026-02-18 10:00:00+00:00
1771412400000,0.1938,0.196,0.1919,0.1946,272928.5,1771416000000,52969.4549,471,2026-02-18 11:00:00+00:00
1771416000000,0.1948,0.1991,0.1946,0.1985,665675.2,1771419600000,131128.13263,889,2026-02-18 12:00:00+00:00
1771419600000,0.1992,0.1996,0.1965,0.1971,670003.1,1771423200000,132649.50004,828,2026-02-18 13:00:00+00:00
1771423200000,0.1975,0.202,0.1965,0.1997,1286536.8,1771426800000,256867.24291,1487,2026-02-18 14:00:00+00:00
1771426800000,0.1998,0.2024,0.1983,0.202,1218668.6,1771430400000,244681.92453,1288,2026-02-18 15:00:00+00:00
1771430400000,0.2019,0.2022,0.1986,0.2001,533886.6,1771434000000,106904.94552,785,2026-02-18 16:00:00+00:00
1771434000000,0.2003,0.2004,0.1978,0.1981,213091.2,1771437600000,42410.23978,291,2026-02-18 17:00:00+00:00
1771437600000,0.1979,0.2003,0.1966,0.1995,446640.6,1771441200000,88601.49397,573,2026-02-18 18:00:00+00:00
1771441200000,0.1995,0.2011,0.1954,0.1965,308291.1,1771444800000,61069.51235,554,2026-02-18 19:00:00+00:00
1771444800000,0.1965,0.1984,0.1956,0.1967,263615.1,1771448400000,51973.66084,423,2026-02-18 20:00:00+00:00
1771448400000,0.1968,0.197,0.1928,0.1934,535660.5,1771452000000,104482.30399,778,2026-02-18 21:00:00+00:00
1771452000000,0.1932,0.1949,0.1904,0.1913,363299.8,1771455600000,70060.42399,515,2026-02-18 22:00:00+00:00
1771455600000,0.1916,0.1984,0.1916,0.1981,337082.6,1771459200000,65529.456,362,2026-02-18 23:00:00+00:00
1771459200000,0.1985,0.2099,0.191,0.1968,3895375.1,1771462800000,771367.48377,7260,2026-02-19 00:00:00+00:00
1771462800000,0.197,0.1986,0.1917,0.1947,615217.7,1771466400000,120455.91455,1178,2026-02-19 01:00:00+00:00
1771466400000,0.195,0.1978,0.1947,0.1964,398784.9,1771470000000,78382.81549,581,2026-02-19 02:00:00+00:00
1771470000000,0.1966,0.1976,0.1946,0.1967,199341.2,1771473600000,39106.10178,301,2026-02-19 03:00:00+00:00
1771473600000,0.1969,0.198,0.1955,0.1972,312036.3,1771477200000,61394.1909,589,2026-02-19 04:00:00+00:00
1771477200000,0.1973,0.1973,0.1932,0.196,299022.6,1771480800000,58273.01315,465,2026-02-19 05:00:00+00:00
1771480800000,0.1962,0.1978,0.1952,0.1957,168132.1,1771484400000,33076.68262,295,2026-02-19 06:00:00+00:00
1771484400000,0.1956,0.1973,0.195,0.1963,132587.0,1771488000000,25992.53381,214,2026-02-19 07:00:00+00:00
1771488000000,0.1962,0.198,0.1945,0.1957,249401.2,1771491600000,48890.93702,324,2026-02-19 08:00:00+00:00
1771491600000,0.1958,0.1963,0.1946,0.1946,214768.9,1771495200000,42001.70038,289,2026-02-19 09:00:00+00:00
1771495200000,0.1948,0.197,0.1936,0.1954,304911.6,1771498800000,59645.28547,409,2026-02-19 10:00:00+00:00
1771498800000,0.1952,0.1996,0.1952,0.198,1156686.7,1771502400000,228403.45531,1563,2026-02-19 11:00:00+00:00
1771502400000,0.1979,0.1984,0.1947,0.1948,418872.6,1771506000000,82315.90162,698,2026-02-19 12:00:00+00:00
1771506000000,0.1948,0.1954,0.1917,0.1928,481333.8,1771509600000,93346.07943,724,2026-02-19 13:00:00+00:00
1771509600000,0.1932,0.1961,0.1932,0.1952,305843.0,1771513200000,59541.80415,429,2026-02-19 14:00:00+00:00
1771513200000,0.1953,0.1965,0.1932,0.1953,275099.7,1771516800000,53637.87177,511,2026-02-19 15:00:00+00:00
1771516800000,0.1952,0.1973,0.1924,0.1956,447238.1,1771520400000,87200.49135,648,2026-02-19 16:00:00+00:00
1771520400000,0.1952,0.1997,0.1952,0.1985,1306482.4,1771524000000,258440.24544,1266,2026-02-19 17:00:00+00:00
1771524000000,0.1986,0.2055,0.1978,0.202,2624908.0,1771527600000,532486.0836,4146,2026-02-19 18:00:00+00:00
1771527600000,0.2023,0.2032,0.199,0.202,625143.5,1771531200000,125584.54533,954,2026-02-19 19:00:00+00:00
1771531200000,0.2015,0.2066,0.2013,0.2035,1316145.3,1771534800000,268812.90379,2465,2026-02-19 20:00:00+00:00
1771534800000,0.2036,0.2076,0.2026,0.2062,873215.9,1771538400000,179826.5261,1749,2026-02-19 21:00:00+00:00
1771538400000,0.2062,0.2141,0.2053,0.2128,2099350.3,1771542000000,443321.74461,4394,2026-02-19 22:00:00+00:00
1771542000000,0.2128,0.2129,0.2057,0.2092,1158715.4,1771545600000,241984.00883,2092,2026-02-19 23:00:00+00:00
1771545600000,0.2092,0.2129,0.2038,0.2054,961905.8,1771549200000,200231.00817,2125,2026-02-20 00:00:00+00:00
1771549200000,0.2054,0.2098,0.2052,0.2079,607792.8,1771552800000,126468.7311,1198,2026-02-20 01:00:00+00:00
1771552800000,0.2077,0.2101,0.2074,0.2077,389564.4,1771556400000,81195.57467,749,2026-02-20 02:00:00+00:00
1771556400000,0.2077,0.2259,0.2077,0.2242,4192951.4,1771560000000,915743.0722,4951,2026-02-20 03:00:00+00:00
1771560000000,0.2239,0.2257,0.215,0.2176,1967608.6,1771563600000,434112.8619,3111,2026-02-20 04:00:00+00:00
1771563600000,0.2178,0.2201,0.2137,0.2143,1274033.9,1771567200000,275041.11628,1735,2026-02-20 05:00:00+00:00
1771567200000,0.2144,0.2208,0.2142,0.2174,980812.1,1771570800000,212584.57095,1333,2026-02-20 06:00:00+00:00
1771570800000,0.2174,0.2185,0.2062,0.2082,1097822.9,1771574400000,231167.40283,1670,2026-02-20 07:00:00+00:00
1771574400000,0.2082,0.2082,0.2017,0.2025,824832.0,1771578000000,168935.53162,1464,2026-02-20 08:00:00+00:00
1771578000000,0.2026,0.2055,0.2025,0.204,468269.1,1771581600000,95470.17288,751,2026-02-20 09:00:00+00:00
1771581600000,0.204,0.2089,0.204,0.2051,615380.0,1771585200000,126876.96093,724,2026-02-20 10:00:00+00:00
1771585200000,0.2051,0.2057,0.2033,0.2047,335125.8,1771588800000,68511.9989,491,2026-02-20 11:00:00+00:00
1771588800000,0.2047,0.2075,0.2034,0.2073,446619.9,1771592400000,91546.5907,669,2026-02-20 12:00:00+00:00
1771592400000,0.2074,0.2086,0.2023,0.2045,789277.3,1771596000000,162433.52882,898,2026-02-20 13:00:00+00:00
1771596000000,0.2049,0.2069,0.2048,0.2053,390171.3,1771599600000,80312.27353,456,2026-02-20 14:00:00+00:00
1771599600000,0.2053,0.2082,0.2036,0.2069,928827.1,1771603200000,191497.51505,1247,2026-02-20 15:00:00+00:00
1771603200000,0.2068,0.2085,0.2061,0.2082,552015.2,1771606800000,114434.61953,859,2026-02-20 16:00:00+00:00
1771606800000,0.2081,0.214,0.2058,0.2121,681041.0,1771610400000,142952.86081,986,2026-02-20 17:00:00+00:00
1771610400000,0.2119,0.2149,0.2107,0.2148,1100483.8,1771614000000,234484.38455,1459,2026-02-20 18:00:00+00:00
1771614000000,0.2143,0.2158,0.2118,0.2131,564914.7,1771617600000,120618.77785,810,2026-02-20 19:00:00+00:00
1771617600000,0.2134,0.2149,0.2122,0.2129,413253.0,1771621200000,88375.24474,576,2026-02-20 20:00:00+00:00
1771621200000,0.213,0.2146,0.2108,0.214,436289.4,1771624800000,92852.77881,808,2026-02-20 21:00:00+00:00
1771624800000,0.2136,0.2154,0.2109,0.2131,620004.3,1771628400000,131947.73598,1165,2026-02-20 22:00:00+00:00
1771628400000,0.213,0.2173,0.213,0.2144,478746.8,1771632000000,102880.4981,768,2026-02-20 23:00:00+00:00
1771632000000,0.2142,0.215,0.21,0.2111,604375.7,1771635600000,127620.85024,844,2026-02-21 00:00:00+00:00
1771635600000,0.2112,0.2119,0.2095,0.2096,296741.7,1771639200000,62472.43925,448,2026-02-21 01:00:00+00:00
1771639200000,0.2098,0.2104,0.2083,0.2093,283290.0,1771642800000,59238.96113,508,2026-02-21 02:00:00+00:00
1771642800000,0.2094,0.2097,0.2062,0.2064,431895.2,1771646400000,89544.61683,537,2026-02-21 03:00:00+00:00
1771646400000,0.2064,0.2064,0.2037,0.2044,432356.9,1771650000000,88482.48956,550,2026-02-21 04:00:00+00:00
1771650000000,0.2044,0.2069,0.2044,0.2059,273352.1,1771653600000,56294.4692,341,2026-02-21 05:00:00+00:00
1771653600000,0.2056,0.2063,0.2046,0.2058,100363.8,1771657200000,20619.43461,174,2026-02-21 06:00:00+00:00
1771657200000,0.2057,0.2067,0.2054,0.2064,173875.2,1771660800000,35828.89205,387,2026-02-21 07:00:00+00:00
1771660800000,0.2064,0.2099,0.2063,0.2084,298722.2,1771664400000,62188.32717,415,2026-02-21 08:00:00+00:00
1771664400000,0.2083,0.2154,0.2081,0.2116,1022351.6,1771668000000,216577.58044,1373,2026-02-21 09:00:00+00:00
1771668000000,0.2115,0.2122,0.2095,0.2106,271590.8,1771671600000,57182.66867,434,2026-02-21 10:00:00+00:00
1771671600000,0.2108,0.2127,0.2099,0.2111,195018.0,1771675200000,41155.99213,347,2026-02-21 11:00:00+00:00
1771675200000,0.2112,0.2112,0.2081,0.2084,307503.6,1771678800000,64459.22836,469,2026-02-21 12:00:00+00:00
1771678800000,0.2084,0.2095,0.2081,0.2089,115303.1,1771682400000,24073.73184,243,2026-02-21 13:00:00+00:00
1771682400000,0.2091,0.2102,0.2088,0.209,201117.8,1771686000000,42108.56591,344,2026-02-21 14:00:00+00:00
1771686000000,0.2098,0.2105,0.2065,0.2094,637899.9,1771689600000,132917.57061,709,2026-02-21 15:00:00+00:00
1771689600000,0.2092,0.2099,0.2071,0.2098,361073.9,1771693200000,75277.7423,554,2026-02-21 16:00:00+00:00
1771693200000,0.2098,0.2127,0.2089,0.2098,522272.1,1771696800000,109895.48492,632,2026-02-21 17:00:00+00:00
1771696800000,0.2098,0.21,0.2076,0.2081,439285.3,1771700400000,91601.62799,357,2026-02-21 18:00:00+00:00
1771700400000,0.2083,0.2089,0.2069,0.2077,215242.9,1771704000000,44760.42712,379,2026-02-21 19:00:00+00:00
1771704000000,0.2076,0.2083,0.2067,0.2069,223715.7,1771707600000,46435.60558,439,2026-02-21 20:00:00+00:00
1771707600000,0.2069,0.207,0.2055,0.2064,202194.9,1771711200000,41730.86427,438,2026-02-21 21:00:00+00:00
1771711200000,0.2064,0.2075,0.2053,0.2056,167847.0,1771714800000,34660.52176,330,2026-02-21 22:00:00+00:00
1771714800000,0.2057,0.2057,0.2047,0.2054,102141.6,1771718400000,20956.07318,204,2026-02-21 23:00:00+00:00
1771718400000,0.2052,0.2052,0.2017,0.2028,423647.4,1771722000000,85798.15828,512,2026-02-22 00:00:00+00:00
1771722000000,0.203,0.2051,0.2023,0.2045,364900.7,1771725600000,74387.71985,396,2026-02-22 01:00:00+00:00
1771725600000,0.2046,0.2059,0.2037,0.2053,302019.7,1771729200000,61930.70995,440,2026-02-22 02:00:00+00:00
1771729200000,0.2052,0.2061,0.2032,0.2032,118077.3,1771732800000,24139.79467,182,2026-02-22 03:00:00+00:00
1771732800000,0.2033,0.2036,0.2013,0.2023,157705.4,1771736400000,31876.94179,215,2026-02-22 04:00:00+00:00
1771736400000,0.2022,0.2075,0.202,0.2066,722251.8,1771740000000,148180.69758,1193,2026-02-22 05:00:00+00:00
1771740000000,0.2065,0.2112,0.2055,0.211,726765.1,1771743600000,151046.26561,1178,2026-02-22 06:00:00+00:00
1771743600000,0.2112,0.2154,0.2105,0.2144,1538296.4,1771747200000,327374.16451,2332,2026-02-22 07:00:00+00:00
1771747200000,0.2145,0.2148,0.2084,0.2112,1289972.8,1771750800000,272487.20628,1867,2026-02-22 08:00:00+00:00
1771750800000,0.2113,0.2185,0.2108,0.2178,1351888.7,1771754400000,290530.18606,2026,2026-02-22 09:00:00+00:00
1771754400000,0.2178,0.2234,0.2108,0.2145,3370901.3,1771758000000,732634.45453,5012,2026-02-22 10:00:00+00:00
1771758000000,0.2149,0.2226,0.2128,0.2183,2375707.5,1771761600000,517482.12462,3653,2026-02-22 11:00:00+00:00
1771761600000,0.2181,0.224,0.2149,0.2166,1947079.8,1771765200000,426160.71578,3302,2026-02-22 12:00:00+00:00
1771765200000,0.2165,0.2222,0.2161,0.2184,1044523.0,1771768800000,229071.66492,1827,2026-02-22 13:00:00+00:00
1771768800000,0.2186,0.2198,0.2146,0.2157,901034.4,1771772400000,196027.85344,1237,2026-02-22 14:00:00+00:00
1771772400000,0.216,0.2168,0.2123,0.2129,729949.5,1771776000000,156141.17666,1141,2026-02-22 15:00:00+00:00
1771776000000,0.2131,0.214,0.2113,0.2115,361290.6,1771779600000,76715.82735,630,2026-02-22 16:00:00+00:00
1771779600000,0.2115,0.212,0.2078,0.2111,918342.0,1771783200000,192561.38354,960,2026-02-22 17:00:00+00:00
1771783200000,0.2111,0.2141,0.2096,0.2133,289115.0,1771786800000,61286.94936,519,2026-02-22 18:00:00+00:00
1771786800000,0.2135,0.215,0.2124,0.2134,540745.9,1771790400000,115493.56098,818,2026-02-22 19:00:00+00:00
1771790400000,0.2134,0.2142,0.2103,0.2108,420728.7,1771794000000,89198.86091,530,2026-02-22 20:00:00+00:00
1771794000000,0.211,0.211,0.2078,0.2095,353570.1,1771797600000,73988.4152,434,2026-02-22 21:00:00+00:00
1771797600000,0.2096,0.2136,0.2096,0.2132,387796.7,1771801200000,81880.59052,527,2026-02-22 22:00:00+00:00
1771801200000,0.213,0.2148,0.2121,0.2148,314960.1,1771804800000,67161.39424,393,2026-02-22 23:00:00+00:00
1771804800000,0.2142,0.2187,0.2119,0.2134,1203173.9,1771808400000,260396.1207,2122,2026-02-23 00:00:00+00:00
1771808400000,0.2133,0.2138,0.1985,0.2013,2545581.8,1771812000000,518623.84936,3225,2026-02-23 01:00:00+00:00
1771812000000,0.2015,0.205,0.2,0.2027,760007.4,1771815600000,153732.67831,1331,2026-02-23 02:00:00+00:00
1771815600000,0.2033,0.2055,0.2013,0.202,429783.7,1771819200000,87302.32855,699,2026-02-23 03:00:00+00:00
1771819200000,0.2019,0.2033,0.1983,0.199,539039.6,1771822800000,108066.1626,588,2026-02-23 04:00:00+00:00
1771822800000,0.199,0.2026,0.1986,0.2009,459325.3,1771826400000,92410.99304,661,2026-02-23 05:00:00+00:00
1771826400000,0.2009,0.2044,0.2,0.2033,433226.8,1771830000000,87622.62059,514,2026-02-23 06:00:00+00:00
1771830000000,0.2033,0.204,0.2013,0.2024,455154.0,1771833600000,92321.90592,646,2026-02-23 07:00:00+00:00
1771833600000,0.2023,0.2027,0.1985,0.2005,543859.5,1771837200000,109144.71641,761,2026-02-23 08:00:00+00:00
1771837200000,0.2009,0.2026,0.1991,0.2016,336103.9,1771840800000,67621.12195,534,2026-02-23 09:00:00+00:00
1771840800000,0.2016,0.2034,0.2012,0.2014,389590.5,1771844400000,78844.05905,562,2026-02-23 10:00:00+00:00
1771844400000,0.2014,0.2022,0.1994,0.2005,310341.4,1771848000000,62291.8618,490,2026-02-23 11:00:00+00:00
1771848000000,0.2005,0.2028,0.1997,0.2016,348469.4,1771851600000,70214.61457,436,2026-02-23 12:00:00+00:00
1771851600000,0.2017,0.2018,0.1993,0.1995,403272.1,1771855200000,80704.59573,516,2026-02-23 13:00:00+00:00
1771855200000,0.1995,0.1999,0.196,0.1975,640346.0,1771858800000,126736.92689,894,2026-02-23 14:00:00+00:00
1771858800000,0.1976,0.1981,0.1957,0.1961,574933.8,1771862400000,113186.96942,583,2026-02-23 15:00:00+00:00
1771862400000,0.1961,0.1964,0.1931,0.1933,608645.3,1771866000000,118121.33911,778,2026-02-23 16:00:00+00:00
1771866000000,0.1936,0.1944,0.1901,0.1934,583484.1,1771869600000,111889.04268,780,2026-02-23 17:00:00+00:00
1771869600000,0.1939,0.1965,0.193,0.1947,194126.8,1771873200000,37851.00217,342,2026-02-23 18:00:00+00:00
1771873200000,0.1948,0.1951,0.193,0.1939,161027.9,1771876800000,31243.30083,247,2026-02-23 19:00:00+00:00
1771876800000,0.1937,0.1937,0.1908,0.1924,224967.6,1771880400000,43203.00353,355,2026-02-23 20:00:00+00:00
1771880400000,0.1925,0.1943,0.1925,0.1943,155586.9,1771884000000,30097.22074,293,2026-02-23 21:00:00+00:00
1771884000000,0.1944,0.1974,0.1941,0.195,299385.2,1771887600000,58675.89502,574,2026-02-23 22:00:00+00:00
1771887600000,0.195,0.1957,0.1942,0.195,137986.4,1771891200000,26852.74126,139,2026-02-23 23:00:00+00:00
1771891200000,0.1948,0.1983,0.1934,0.1967,281759.1,1771894800000,55234.67644,516,2026-02-24 00:00:00+00:00
1771894800000,0.1965,0.1968,0.1912,0.1938,517605.3,1771898400000,100721.69124,675,2026-02-24 01:00:00+00:00
1771898400000,0.1939,0.1947,0.1915,0.1922,295655.7,1771902000000,57009.35136,334,2026-02-24 02:00:00+00:00
1771902000000,0.192,0.1922,0.1886,0.189,722136.3,1771905600000,137132.29899,874,2026-02-24 03:00:00+00:00
1771905600000,0.189,0.1914,0.1878,0.1907,227732.2,1771909200000,43167.86956,406,2026-02-24 04:00:00+00:00
1771909200000,0.1907,0.1911,0.1877,0.1894,298852.1,1771912800000,56410.80469,434,2026-02-24 05:00:00+00:00
1771912800000,0.1892,0.1922,0.1891,0.1902,472028.8,1771916400000,90182.94535,600,2026-02-24 06:00:00+00:00
1771916400000,0.1901,0.1904,0.1886,0.1896,371327.2,1771920000000,70333.14365,457,2026-02-24 07:00:00+00:00
1771920000000,0.1897,0.1928,0.1879,0.1914,471028.8,1771923600000,89843.46768,526,2026-02-24 08:00:00+00:00
1771923600000,0.1914,0.1925,0.1901,0.1911,745492.4,1771927200000,142680.07734,815,2026-02-24 09:00:00+00:00
1771927200000,0.1912,0.1931,0.1905,0.1923,501600.5,1771930800000,96279.87409,604,2026-02-24 10:00:00+00:00
1771930800000,0.1923,0.1935,0.1921,0.1935,282125.7,1771934400000,54389.27809,451,2026-02-24 11:00:00+00:00
1771934400000,0.1935,0.202,0.1926,0.198,1371188.5,1771938000000,269593.13498,1565,2026-02-24 12:00:00+00:00
1771938000000,0.1982,0.2035,0.198,0.2,1914931.7,1771941600000,385132.02456,2569,2026-02-24 13:00:00+00:00
1771941600000,0.2,0.2093,0.1981,0.208,2063579.2,1771945200000,417779.90147,3555,2026-02-24 14:00:00+00:00
1771945200000,0.2081,0.2183,0.2072,0.2101,4759151.9,1771948800000,1013353.25624,6517,2026-02-24 15:00:00+00:00
1771948800000,0.2101,0.2212,0.21,0.2208,1459420.3,1771952400000,313877.89354,2501,2026-02-24 16:00:00+00:00
1771952400000,0.2208,0.2234,0.2153,0.2155,2472753.7,1771956000000,544439.60442,4624,2026-02-24 17:00:00+00:00
1771956000000,0.2156,0.2187,0.2139,0.2181,1135693.9,1771959600000,245185.06845,3830,2026-02-24 18:00:00+00:00
1771959600000,0.2182,0.2192,0.2146,0.2169,722393.7,1771963200000,156375.96139,1513,2026-02-24 19:00:00+00:00
1771963200000,0.2166,0.2173,0.214,0.2152,474838.1,1771966800000,102104.21781,952,2026-02-24 20:00:00+00:00
1771966800000,0.215,0.2318,0.215,0.2286,4049135.4,1771970400000,904282.50089,9481,2026-02-24 21:00:00+00:00
1771970400000,0.2284,0.2307,0.2205,0.2234,3181246.5,1771974000000,715048.05091,5430,2026-02-24 22:00:00+00:00
1771974000000,0.2235,0.2235,0.2178,0.2186,1080599.3,1771977600000,237704.11643,2886,2026-02-24 23:00:00+00:00
1771977600000,0.2185,0.2339,0.2173,0.2283,3013965.6,1771981200000,685098.39465,6191,2026-02-25 00:00:00+00:00
1771981200000,0.2283,0.2333,0.2211,0.2257,2263839.9,1771984800000,514824.76033,4924,2026-02-25 01:00:00+00:00
1771984800000,0.2253,0.2335,0.2239,0.2299,1545686.0,1771988400000,354521.10337,2158,2026-02-25 02:00:00+00:00
1771988400000,0.2298,0.2342,0.2271,0.23,1825876.7,1771992000000,421642.57682,3388,2026-02-25 03:00:00+00:00
1771992000000,0.23,0.2388,0.2285,0.2351,1807315.3,1771995600000,421124.0358,3468,2026-02-25 04:00:00+00:00
1771995600000,0.2351,0.24,0.2293,0.2315,2478787.0,1771999200000,583619.13316,4213,2026-02-25 05:00:00+00:00
1771999200000,0.2317,0.2393,0.2317,0.2347,944781.4,1772002800000,221847.7284,1789,2026-02-25 06:00:00+00:00
1772002800000,0.2345,0.2399,0.2323,0.2348,1700555.3,1772006400000,401369.72917,2891,2026-02-25 07:00:00+00:00
1772006400000,0.235,0.2371,0.2158,0.2207,2669523.3,1772010000000,598857.47221,4215,2026-02-25 08:00:00+00:00
1772010000000,0.2206,0.224,0.2166,0.2172,1263299.6,1772013600000,278444.5748,2470,2026-02-25 09:00:00+00:00
1772013600000,0.2173,0.2183,0.2146,0.2157,747727.1,1772017200000,161466.96681,2303,2026-02-25 10:00:00+00:00
1772017200000,0.2154,0.216,0.2127,0.2144,752130.0,1772020800000,160953.14836,1463,2026-02-25 11:00:00+00:00
1772020800000,0.2143,0.2153,0.2073,0.2081,1358356.4,1772024400000,286658.69181,2348,2026-02-25 12:00:00+00:00
1772024400000,0.2082,0.2117,0.2059,0.2107,555794.9,1772028000000,115904.24858,928,2026-02-25 13:00:00+00:00
1772028000000,0.2109,0.2135,0.21,0.212,591326.4,1772031600000,125096.96453,954,2026-02-25 14:00:00+00:00
1772031600000,0.2119,0.2168,0.2118,0.2155,388392.0,1772035200000,83103.68577,737,2026-02-25 15:00:00+00:00
1772035200000,0.2152,0.2177,0.2137,0.2176,647036.1,1772038800000,139405.9261,877,2026-02-25 16:00:00+00:00
1772038800000,0.2176,0.2201,0.2167,0.2185,365949.1,1772042400000,80048.14409,620,2026-02-25 17:00:00+00:00
1772042400000,0.2184,0.2204,0.2175,0.2189,255490.5,1772046000000,56013.86482,468,2026-02-25 18:00:00+00:00
1772046000000,0.2189,0.219,0.2158,0.2172,295521.2,1772049600000,64168.29309,593,2026-02-25 19:00:00+00:00
1772049600000,0.2173,0.2179,0.2146,0.2165,721793.4,1772053200000,156119.91397,1362,2026-02-25 20:00:00+00:00
1772053200000,0.2162,0.2188,0.2147,0.2175,412043.1,1772056800000,89101.0408,762,2026-02-25 21:00:00+00:00
1772056800000,0.2178,0.2189,0.216,0.2167,531185.0,1772060400000,115480.10189,707,2026-02-25 22:00:00+00:00
1772060400000,0.2168,0.2188,0.214,0.2163,582513.6,1772064000000,125909.3588,680,2026-02-25 23:00:00+00:00
1772064000000,0.216,0.2171,0.2101,0.2123,875176.4,1772067600000,186489.64633,1337,2026-02-26 00:00:00+00:00
1772067600000,0.2122,0.2141,0.2117,0.2124,408863.7,1772071200000,86962.93568,659,2026-02-26 01:00:00+00:00
1772071200000,0.2123,0.2147,0.2117,0.2147,391417.5,1772074800000,83391.35389,965,2026-02-26 02:00:00+00:00
1772074800000,0.2144,0.2189,0.214,0.2143,627431.8,1772078400000,135984.11991,950,2026-02-26 03:00:00+00:00
1772078400000,0.2142,0.2158,0.2122,0.2144,388081.0,1772082000000,82966.27123,647,2026-02-26 04:00:00+00:00
1772082000000,0.2144,0.2145,0.2101,0.212,201778.8,1772085600000,42823.83094,413,2026-02-26 05:00:00+00:00
1772085600000,0.212,0.2126,0.21,0.2117,255027.2,1772089200000,53783.5242,471,2026-02-26 06:00:00+00:00
1772089200000,0.2118,0.2142,0.2108,0.2141,182860.7,1772092800000,38857.66935,376,2026-02-26 07:00:00+00:00
1772092800000,0.2143,0.2209,0.2143,0.2176,931529.4,1772096400000,202938.60166,1477,2026-02-26 08:00:00+00:00
1772096400000,0.2175,0.2229,0.2152,0.2198,854168.6,1772100000000,186901.9087,1570,2026-02-26 09:00:00+00:00
1772100000000,0.2196,0.2218,0.2172,0.2208,659119.1,1772103600000,144908.71189,877,2026-02-26 10:00:00+00:00
1772103600000,0.2206,0.2217,0.217,0.2195,698913.4,1772107200000,153606.18112,1154,2026-02-26 11:00:00+00:00
1772107200000,0.2196,0.2223,0.2188,0.2205,610174.7,1772110800000,134593.45716,1043,2026-02-26 12:00:00+00:00
1772110800000,0.2208,0.2224,0.2192,0.2212,710965.8,1772114400000,156786.84217,1098,2026-02-26 13:00:00+00:00
1772114400000,0.2211,0.2213,0.2175,0.2205,504751.0,1772118000000,110857.98256,757,2026-02-26 14:00:00+00:00
1772118000000,0.2201,0.2258,0.2192,0.221,1921192.6,1772121600000,426913.27631,2240,2026-02-26 15:00:00+00:00
1772121600000,0.221,0.2252,0.2206,0.223,1287455.9,1772125200000,287058.4489,1757,2026-02-26 16:00:00+00:00
1772125200000,0.2229,0.2288,0.2225,0.2225,1434177.5,1772128800000,323225.25837,2148,2026-02-26 17:00:00+00:00
1772128800000,0.2225,0.2288,0.2202,0.2265,1556986.5,1772132400000,349546.35194,2502,2026-02-26 18:00:00+00:00
1772132400000,0.2265,0.2286,0.2255,0.2267,987514.2,1772136000000,224449.30989,1403,2026-02-26 19:00:00+00:00
1772136000000,0.2266,0.2273,0.2217,0.2246,978066.6,1772139600000,219239.30279,1200,2026-02-26 20:00:00+00:00
1772139600000,0.2246,0.2249,0.2216,0.222,184528.8,1772143200000,41163.82647,363,2026-02-26 21:00:00+00:00
1772143200000,0.2219,0.2228,0.2193,0.2225,530039.5,1772146800000,117173.11388,780,2026-02-26 22:00:00+00:00
1772146800000,0.2224,0.2227,0.219,0.2195,517129.6,1772150400000,114077.24887,701,2026-02-26 23:00:00+00:00
1772150400000,0.2197,0.2242,0.2192,0.2223,864863.0,1772154000000,191749.45796,1310,2026-02-27 00:00:00+00:00
1772154000000,0.2219,0.2219,0.2165,0.217,419182.3,1772157600000,91772.44072,733,2026-02-27 01:00:00+00:00
1772157600000,0.217,0.2205,0.2168,0.2184,469102.4,1772161200000,102489.70151,708,2026-02-27 02:00:00+00:00
1772161200000,0.2185,0.2197,0.2177,0.2192,131611.8,1772164800000,28776.67292,199,2026-02-27 03:00:00+00:00
1772164800000,0.2192,0.221,0.2176,0.218,479810.9,1772168400000,105629.47635,552,2026-02-27 04:00:00+00:00
1772168400000,0.2179,0.2181,0.2148,0.2158,276412.7,1772172000000,59713.60272,426,2026-02-27 05:00:00+00:00
1772172000000,0.2157,0.2165,0.2135,0.2144,213359.1,1772175600000,45949.68504,339,2026-02-27 06:00:00+00:00
1772175600000,0.2142,0.2142,0.2114,0.2134,350421.1,1772179200000,74542.62333,549,2026-02-27 07:00:00+00:00
1772179200000,0.2133,0.2162,0.2127,0.2132,463050.8,1772182800000,99217.42377,499,2026-02-27 08:00:00+00:00
1772182800000,0.2129,0.2151,0.2126,0.2141,320564.4,1772186400000,68537.51488,484,2026-02-27 09:00:00+00:00
1772186400000,0.2137,0.2141,0.2115,0.2126,387103.7,1772190000000,82364.71487,764,2026-02-27 10:00:00+00:00
1772190000000,0.2126,0.2133,0.2083,0.2088,1356595.1,1772193600000,285719.7195,1652,2026-02-27 11:00:00+00:00
1772193600000,0.2087,0.2097,0.207,0.2091,463986.8,1772197200000,96626.56222,721,2026-02-27 12:00:00+00:00
1772197200000,0.2093,0.2123,0.2078,0.2105,393612.9,1772200800000,82720.46148,575,2026-02-27 13:00:00+00:00
1772200800000,0.2104,0.2114,0.2098,0.2107,267597.2,1772204400000,56327.12489,564,2026-02-27 14:00:00+00:00
1772204400000,0.2108,0.2119,0.21,0.2107,306225.8,1772208000000,64504.16623,609,2026-02-27 15:00:00+00:00
1772208000000,0.2103,0.2113,0.2082,0.2087,315720.5,1772211600000,66197.06063,576,2026-02-27 16:00:00+00:00
1772211600000,0.2089,0.2092,0.2061,0.2092,319265.8,1772215200000,66269.02967,393,2026-02-27 17:00:00+00:00
1772215200000,0.209,0.209,0.2075,0.2078,164101.7,1772218800000,34172.27649,221,2026-02-27 18:00:00+00:00
1772218800000,0.2076,0.2087,0.2071,0.2085,136633.5,1772222400000,28409.74857,301,2026-02-27 19:00:00+00:00
1772222400000,0.2085,0.209,0.2071,0.2086,130077.0,1772226000000,27061.78464,249,2026-02-27 20:00:00+00:00
1772226000000,0.209,0.2092,0.2065,0.2066,185702.6,1772229600000,38538.26081,339,2026-02-27 21:00:00+00:00
1772229600000,0.2068,0.2091,0.2055,0.2081,338914.9,1772233200000,70362.61055,605,2026-02-27 22:00:00+00:00
1772233200000,0.208,0.2114,0.2077,0.2111,335891.0,1772236800000,70467.30412,703,2026-02-27 23:00:00+00:00
1772236800000,0.211,0.2113,0.2082,0.2094,388281.1,1772240400000,81351.6308,918,2026-02-28 00:00:00+00:00
1772240400000,0.2095,0.2109,0.2065,0.2078,830737.2,1772244000000,173560.75595,1507,2026-02-28 01:00:00+00:00
1772244000000,0.2077,0.2087,0.207,0.2077,287808.9,1772247600000,59764.17633,519,2026-02-28 02:00:00+00:00
1772247600000,0.2078,0.2084,0.2064,0.2076,242655.7,1772251200000,50276.64405,453,2026-02-28 03:00:00+00:00
1772251200000,0.2076,0.2079,0.2064,0.2076,138387.5,1772254800000,28697.10524,317,2026-02-28 04:00:00+00:00
1772254800000,0.2076,0.2098,0.2069,0.2074,230674.3,1772258400000,48030.4184,681,2026-02-28 05:00:00+00:00
1772258400000,0.2074,0.2083,0.2019,0.2023,1058073.6,1772262000000,216226.98941,2867,2026-02-28 06:00:00+00:00
1772262000000,0.2023,0.2047,0.1981,0.202,1457046.2,1772265600000,293676.06223,2953,2026-02-28 07:00:00+00:00
1772265600000,0.2018,0.2039,0.2002,0.2005,451493.9,1772269200000,91045.0214,1514,2026-02-28 08:00:00+00:00
1772269200000,0.2005,0.202,0.1984,0.199,357159.9,1772272800000,71595.66768,781,2026-02-28 09:00:00+00:00
1772272800000,0.1989,0.204,0.1961,0.2033,1046676.1,1772276400000,209390.25958,2761,2026-02-28 10:00:00+00:00
1772276400000,0.2033,0.2044,0.2017,0.2018,499645.8,1772280000000,101415.2447,1148,2026-02-28 11:00:00+00:00
1772280000000,0.2018,0.2023,0.2002,0.2009,292632.0,1772283600000,58904.28677,625,2026-02-28 12:00:00+00:00
1772283600000,0.2011,0.2058,0.2011,0.2039,448437.1,1772287200000,90896.68621,1051,2026-02-28 13:00:00+00:00
1772287200000,0.204,0.2057,0.2024,0.2031,475016.2,1772290800000,96942.14599,1040,2026-02-28 14:00:00+00:00
1772290800000,0.2033,0.2061,0.2033,0.2049,214921.2,1772294400000,44001.1446,609,2026-02-28 15:00:00+00:00
1772294400000,0.2048,0.2055,0.2043,0.2048,300378.4,1772298000000,61487.79985,522,2026-02-28 16:00:00+00:00
1772298000000,0.2045,0.205,0.2025,0.2046,294358.8,1772301600000,59900.41824,670,2026-02-28 17:00:00+00:00
1772301600000,0.2045,0.2076,0.2044,0.2064,470458.1,1772305200000,96957.75713,858,2026-02-28 18:00:00+00:00
1772305200000,0.2063,0.2082,0.2056,0.2074,267230.4,1772308800000,55271.03053,627,2026-02-28 19:00:00+00:00
1772308800000,0.2073,0.2088,0.2061,0.2083,228614.4,1772312400000,47388.45629,590,2026-02-28 20:00:00+00:00
1772312400000,0.2082,0.2092,0.2062,0.2088,215709.8,1772316000000,44847.73757,482,2026-02-28 21:00:00+00:00
1772316000000,0.2089,0.2104,0.2083,0.2097,225456.8,1772319600000,47239.22622,519,2026-02-28 22:00:00+00:00
1772319600000,0.2096,0.2105,0.2078,0.2083,151370.2,1772323200000,31666.0378,379,2026-02-28 23:00:00+00:00
1772323200000,0.2083,0.2086,0.2059,0.2062,258782.2,1772326799999,53657.77975,632,2026-03-01 00:00:00+00:00
1772326800000,0.2062,0.2096,0.2044,0.2089,437820.2,1772330399999,90333.79578,918,2026-03-01 01:00:00+00:00
1772330400000,0.2089,0.2125,0.2089,0.2097,489127.1,1772333999999,103162.45758,874,2026-03-01 02:00:00+00:00
1772334000000,0.2097,0.2097,0.2068,0.2076,363709.7,1772337599999,75630.71089,461,2026-03-01 03:00:00+00:00
1772337600000,0.2076,0.2079,0.2052,0.2077,327903.6,1772341199999,67758.29597,601,2026-03-01 04:00:00+00:00
1772341200000,0.2077,0.2094,0.2072,0.2089,335915.5,1772344799999,70048.76611,567,2026-03-01 05:00:00+00:00
1772344800000,0.2088,0.2093,0.2054,0.2064,442407.4,1772348399999,91832.66583,658,2026-03-01 06:00:00+00:00
1772348400000,0.2063,0.2067,0.2046,0.2065,192701.3,1772351999999,39600.66853,458,2026-03-01 07:00:00+00:00
1772352000000,0.2066,0.2072,0.2037,0.2039,121247.2,1772355599999,24936.58415,325,2026-03-01 08:00:00+00:00
1772355600000,0.204,0.2054,0.2016,0.2019,295374.2,1772359199999,60007.92868,571,2026-03-01 09:00:00+00:00
1772359200000,0.202,0.2036,0.2014,0.2034,137114.4,1772362799999,27754.75626,426,2026-03-01 10:00:00+00:00
1772362800000,0.2034,0.2039,0.202,0.2026,170049.8,1772366399999,34543.07672,327,2026-03-01 11:00:00+00:00
1772366400000,0.2024,0.2028,0.2005,0.2006,226437.3,1772369999999,45725.99189,425,2026-03-01 12:00:00+00:00
1772370000000,0.2006,0.2057,0.2003,0.2043,627645.2,1772373599999,127307.36593,1957,2026-03-01 13:00:00+00:00
1772373600000,0.2042,0.2045,0.2017,0.2026,215232.3,1772377199999,43701.152,478,2026-03-01 14:00:00+00:00
1772377200000,0.2026,0.2038,0.2021,0.2021,164090.5,1772380799999,33308.53649,227,2026-03-01 15:00:00+00:00
1772380800000,0.202,0.203,0.1995,0.2005,291392.2,1772384399999,58670.96235,435,2026-03-01 16:00:00+00:00
1772384400000,0.2004,0.2008,0.1965,0.1976,432681.8,1772387999999,85678.84716,624,2026-03-01 17:00:00+00:00
1772388000000,0.1981,0.2001,0.1975,0.1978,242268.3,1772391599999,48168.28018,324,2026-03-01 18:00:00+00:00
1772391600000,0.1978,0.1978,0.1948,0.1955,242826.8,1772395199999,47665.21741,435,2026-03-01 19:00:00+00:00
1772395200000,0.1952,0.1955,0.1906,0.1921,395640.6,1772398799999,76040.00037,764,2026-03-01 20:00:00+00:00
1772398800000,0.1918,0.1932,0.1873,0.193,744041.0,1772402399999,141654.43379,1372,2026-03-01 21:00:00+00:00
1772402400000,0.193,0.1952,0.1917,0.1927,392663.1,1772405999999,75931.4151,845,2026-03-01 22:00:00+00:00
1772406000000,0.1921,0.1948,0.1915,0.1934,262446.7,1772409599999,50668.96923,587,2026-03-01 23:00:00+00:00
1772409600000,0.1935,0.1948,0.1924,0.193,239715.6,1772413199999,46360.74007,381,2026-03-02 00:00:00+00:00
1772413200000,0.1931,0.1947,0.1926,0.1939,192167.7,1772416799999,37194.22907,364,2026-03-02 01:00:00+00:00
1772416800000,0.1941,0.1945,0.1921,0.1934,265070.0,1772420399999,51196.5747,445,2026-03-02 02:00:00+00:00
1772420400000,0.1931,0.1956,0.1926,0.1939,226855.2,1772423999999,44081.5213,471,2026-03-02 03:00:00+00:00
1772424000000,0.1937,0.1938,0.1901,0.1911,297889.4,1772427599999,57080.12736,546,2026-03-02 04:00:00+00:00
1772427600000,0.1913,0.1928,0.1906,0.1917,127112.2,1772431199999,24315.95036,219,2026-03-02 05:00:00+00:00
1772431200000,0.1919,0.1923,0.1895,0.1904,173069.2,1772434799999,33062.83129,327,2026-03-02 06:00:00+00:00
1772434800000,0.1903,0.1904,0.1864,0.1885,363777.9,1772438399999,68524.76224,592,2026-03-02 07:00:00+00:00
1772438400000,0.1884,0.1888,0.1857,0.1888,403795.6,1772441999999,75438.26226,557,2026-03-02 08:00:00+00:00
1772442000000,0.1885,0.1902,0.1884,0.1888,184355.7,1772445599999,34903.12292,299,2026-03-02 09:00:00+00:00
1772445600000,0.1886,0.1898,0.1883,0.1894,100637.4,1772449199999,19036.57032,177,2026-03-02 10:00:00+00:00
1772449200000,0.1893,0.1894,0.1877,0.188,142484.8,1772452799999,26835.33506,264,2026-03-02 11:00:00+00:00
1772452800000,0.1881,0.1917,0.188,0.1889,728233.0,1772456399999,138784.1447,2200,2026-03-02 12:00:00+00:00
1772456400000,0.1886,0.1897,0.187,0.1876,278933.7,1772459999999,52507.55469,504,2026-03-02 13:00:00+00:00
1772460000000,0.1875,0.1927,0.1866,0.192,358527.0,1772463599999,68109.20759,719,2026-03-02 14:00:00+00:00
1772463600000,0.192,0.1974,0.1917,0.1956,1281819.9,1772467199999,250677.24945,3661,2026-03-02 15:00:00+00:00
1772467200000,0.1957,0.1988,0.194,0.197,744510.3,1772470799999,146588.51617,2100,2026-03-02 16:00:00+00:00
1772470800000,0.197,0.1971,0.1936,0.1949,657101.8,1772474399999,128793.54841,913,2026-03-02 17:00:00+00:00
1772474400000,0.1945,0.1947,0.193,0.1935,210570.1,1772477999999,40848.5108,461,2026-03-02 18:00:00+00:00
1772478000000,0.1934,0.1934,0.19,0.1916,574892.8,1772481599999,110169.90736,684,2026-03-02 19:00:00+00:00
1772481600000,0.1916,0.1922,0.1891,0.1904,416572.4,1772485199999,79277.5164,496,2026-03-02 20:00:00+00:00
1772485200000,0.1904,0.1904,0.1885,0.1896,252761.2,1772488799999,47911.92844,315,2026-03-02 21:00:00+00:00
1772488800000,0.1896,0.1921,0.1891,0.1906,303771.0,1772492399999,57963.5804,492,2026-03-02 22:00:00+00:00
1772492400000,0.1906,0.1909,0.1881,0.1896,442341.6,1772495999999,83637.83038,1126,2026-03-02 23:00:00+00:00
1772496000000,0.1897,0.1899,0.1862,0.1896,368939.3,1772499599999,69333.9946,510,2026-03-03 00:00:00+00:00
1772499600000,0.1891,0.1898,0.1876,0.1878,157148.0,1772503199999,29709.57276,182,2026-03-03 01:00:00+00:00
1772503200000,0.1876,0.1881,0.1863,0.1875,118790.6,1772506799999,22250.17255,185,2026-03-03 02:00:00+00:00
1772506800000,0.1875,0.1877,0.1847,0.1872,246218.9,1772510399999,45776.2036,324,2026-03-03 03:00:00+00:00
1772510400000,0.1871,0.1872,0.1851,0.1854,166972.6,1772513999999,30999.24429,252,2026-03-03 04:00:00+00:00
1772514000000,0.1854,0.188,0.1852,0.1867,97324.3,1772517599999,18165.62064,200,2026-03-03 05:00:00+00:00
1772517600000,0.1868,0.1893,0.1868,0.1883,111615.5,1772521199999,20960.31594,175,2026-03-03 06:00:00+00:00
1772521200000,0.1882,0.1909,0.1877,0.1904,255486.9,1772524799999,48522.33843,359,2026-03-03 07:00:00+00:00
1772524800000,0.1903,0.1927,0.1896,0.1927,484924.2,1772528399999,92522.02209,645,2026-03-03 08:00:00+00:00
1772528400000,0.1926,0.1933,0.1885,0.1892,488928.4,1772531999999,93294.94819,610,2026-03-03 09:00:00+00:00
1772532000000,0.189,0.1926,0.1886,0.1925,423797.3,1772535599999,80894.85645,606,2026-03-03 10:00:00+00:00
1772535600000,0.1922,0.1938,0.1906,0.1935,313009.5,1772539199999,60136.48244,483,2026-03-03 11:00:00+00:00
1772539200000,0.1935,0.1961,0.1918,0.195,992648.6,1772542799999,192957.2383,1282,2026-03-03 12:00:00+00:00
1772542800000,0.1949,0.1969,0.189,0.1922,1538459.9,1772546399999,298826.71293,2254,2026-03-03 13:00:00+00:00
1772546400000,0.1921,0.1925,0.1885,0.1896,680167.6,1772549999999,129661.60408,928,2026-03-03 14:00:00+00:00
1772550000000,0.1896,0.1914,0.1885,0.19,386654.1,1772553599999,73634.19066,554,2026-03-03 15:00:00+00:00
1772553600000,0.19,0.1924,0.1889,0.191,266653.9,1772557199999,50928.26695,400,2026-03-03 16:00:00+00:00
1772557200000,0.1911,0.1918,0.1887,0.1914,267369.1,1772560799999,50938.44178,431,2026-03-03 17:00:00+00:00
1772560800000,0.1912,0.1926,0.1901,0.1912,195981.5,1772564399999,37527.72203,286,2026-03-03 18:00:00+00:00
1772564400000,0.1912,0.1912,0.1889,0.1896,217303.7,1772567999999,41237.00347,374,2026-03-03 19:00:00+00:00
1772568000000,0.1895,0.1903,0.1883,0.1899,110750.3,1772571599999,20958.20762,237,2026-03-03 20:00:00+00:00
1772571600000,0.1899,0.1934,0.1892,0.1932,347297.3,1772575199999,66494.08521,679,2026-03-03 21:00:00+00:00
1772575200000,0.193,0.1936,0.1917,0.1924,423242.2,1772578799999,81498.5448,559,2026-03-03 22:00:00+00:00
1772578800000,0.1924,0.1934,0.191,0.191,322310.8,1772582399999,61936.06221,526,2026-03-03 23:00:00+00:00
1772582400000,0.1909,0.1909,0.1887,0.1901,261583.7,1772585999999,49600.59214,519,2026-03-04 00:00:00+00:00
1772586000000,0.1902,0.1954,0.1902,0.1934,334815.3,1772589599999,64538.74485,854,2026-03-04 01:00:00+00:00
1772589600000,0.1934,0.1952,0.1916,0.1947,294537.9,1772593199999,56975.45273,723,2026-03-04 02:00:00+00:00
1772593200000,0.1946,0.1977,0.1934,0.196,819818.2,1772596799999,160391.33229,1623,2026-03-04 03:00:00+00:00
1772596800000,0.196,0.1974,0.1941,0.1954,510596.5,1772600399999,100048.03194,1070,2026-03-04 04:00:00+00:00
1772600400000,0.1956,0.201,0.1954,0.1995,1571754.6,1772603999999,311962.17571,2214,2026-03-04 05:00:00+00:00
1772604000000,0.1993,0.2003,0.1973,0.199,741325.3,1772607599999,147416.55673,1135,2026-03-04 06:00:00+00:00
1772607600000,0.199,0.201,0.1976,0.1995,512160.8,1772611199999,102217.67504,1166,2026-03-04 07:00:00+00:00
1772611200000,0.1994,0.2021,0.1982,0.2003,692169.9,1772614799999,138617.00526,1205,2026-03-04 08:00:00+00:00
1772614800000,0.2005,0.2029,0.1995,0.202,618740.0,1772618399999,124685.08331,1088,2026-03-04 09:00:00+00:00
1772618400000,0.2018,0.202,0.1966,0.198,566393.6,1772621999999,112773.04039,1022,2026-03-04 10:00:00+00:00
1772622000000,0.1981,0.1992,0.1967,0.1971,184374.8,1772625599999,36477.28823,474,2026-03-04 11:00:00+00:00
1772625600000,0.197,0.1973,0.1917,0.1953,781919.7,1772629199999,152058.48397,1483,2026-03-04 12:00:00+00:00
1772629200000,0.1953,0.1969,0.1945,0.1955,303012.7,1772632799999,59266.50042,523,2026-03-04 13:00:00+00:00
1772632800000,0.1955,0.1976,0.1947,0.1955,382109.0,1772636399999,74978.22428,850,2026-03-04 14:00:00+00:00
1772636400000,0.1958,0.1984,0.1953,0.1981,297434.3,1772639999999,58580.80565,734,2026-03-04 15:00:00+00:00
1772640000000,0.1982,0.1985,0.1957,0.1964,275712.6,1772643599999,54282.35405,535,2026-03-04 16:00:00+00:00
1772643600000,0.1964,0.1965,0.1946,0.196,263089.6,1772647199999,51502.8195,440,2026-03-04 17:00:00+00:00
1772647200000,0.1961,0.1962,0.1948,0.1956,74001.3,1772650799999,14463.32408,266,2026-03-04 18:00:00+00:00
1772650800000,0.1957,0.1984,0.1943,0.1973,559004.7,1772654399999,109807.55152,853,2026-03-04 19:00:00+00:00
1772654400000,0.1974,0.198,0.1951,0.1961,592896.5,1772657999999,116575.12964,824,2026-03-04 20:00:00+00:00
1772658000000,0.1961,0.1967,0.1952,0.1955,386332.6,1772661599999,75605.0893,475,2026-03-04 21:00:00+00:00
1772661600000,0.1954,0.1975,0.1953,0.1958,237705.1,1772665199999,46668.25857,327,2026-03-04 22:00:00+00:00
1772665200000,0.1957,0.1964,0.1934,0.1946,262406.8,1772668799999,51188.78764,609,2026-03-04 23:00:00+00:00
1772668800000,0.1946,0.1958,0.1937,0.1953,212070.3,1772672399999,41304.86599,440,2026-03-05 00:00:00+00:00
1772672400000,0.1952,0.1967,0.1931,0.1933,290880.1,1772675999999,56637.19103,530,2026-03-05 01:00:00+00:00
1772676000000,0.1935,0.1953,0.1935,0.1951,162266.7,1772679599999,31591.62011,315,2026-03-05 02:00:00+00:00
1772679600000,0.195,0.1955,0.1944,0.1949,227151.9,1772683199999,44308.86613,327,2026-03-05 03:00:00+00:00
1772683200000,0.1948,0.1969,0.1944,0.1965,131932.6,1772686799999,25789.73262,425,2026-03-05 04:00:00+00:00
1772686800000,0.1966,0.1979,0.1951,0.1962,192643.0,1772690399999,37822.58053,402,2026-03-05 05:00:00+00:00
1772690400000,0.1961,0.1981,0.1951,0.1976,227702.0,1772693999999,44815.24951,345,2026-03-05 06:00:00+00:00
1772694000000,0.1976,0.1987,0.1965,0.1973,211463.3,1772697599999,41814.63153,299,2026-03-05 07:00:00+00:00
1772697600000,0.1972,0.1995,0.1963,0.1983,286257.7,1772701199999,56630.90981,565,2026-03-05 08:00:00+00:00
1772701200000,0.1983,0.2021,0.198,0.2008,502129.8,1772704799999,100694.92038,737,2026-03-05 09:00:00+00:00
1772704800000,0.2007,0.2019,0.1995,0.1995,357846.5,1772708399999,71743.05814,490,2026-03-05 10:00:00+00:00
1772708400000,0.1995,0.2027,0.1985,0.2022,559368.5,1772711999999,112196.18813,765,2026-03-05 11:00:00+00:00
1772712000000,0.2022,0.2045,0.2007,0.2028,834947.3,1772715599999,169253.98043,1124,2026-03-05 12:00:00+00:00
1772715600000,0.2029,0.2032,0.1996,0.2008,349863.8,1772719199999,70359.54097,498,2026-03-05 13:00:00+00:00
1772719200000,0.2008,0.2018,0.1996,0.2016,285418.3,1772722799999,57299.94916,395,2026-03-05 14:00:00+00:00
1772722800000,0.2015,0.2015,0.1987,0.1996,427728.9,1772726399999,85442.1434,489,2026-03-05 15:00:00+00:00
1772726400000,0.1997,0.2003,0.1962,0.1998,604171.2,1772729999999,119559.82695,761,2026-03-05 16:00:00+00:00
1772730000000,0.1997,0.2008,0.1964,0.1966,245110.4,1772733599999,48745.07955,369,2026-03-05 17:00:00+00:00
1772733600000,0.1966,0.1994,0.1966,0.1994,108344.9,1772737199999,21454.62657,193,2026-03-05 18:00:00+00:00
1772737200000,0.1994,0.2004,0.1979,0.1981,488431.0,1772740799999,97350.57943,470,2026-03-05 19:00:00+00:00
1772740800000,0.1982,0.1994,0.1979,0.1985,225177.5,1772744399999,44693.31536,672,2026-03-05 20:00:00+00:00
1772744400000,0.1987,0.1995,0.198,0.1992,138075.3,1772747999999,27467.63192,197,2026-03-05 21:00:00+00:00
1772748000000,0.1992,0.2008,0.1991,0.2,277839.7,1772751599999,55562.71269,403,2026-03-05 22:00:00+00:00
1772751600000,0.1998,0.2016,0.1995,0.2002,427469.7,1772755199999,85760.58456,622,2026-03-05 23:00:00+00:00
1772755200000,0.2001,0.2064,0.1997,0.2051,1093022.2,1772758799999,221312.12885,1947,2026-03-06 00:00:00+00:00
1772758800000,0.205,0.205,0.2007,0.2008,782922.8,1772762399999,158227.15128,973,2026-03-06 01:00:00+00:00
1772762400000,0.2009,0.2021,0.2002,0.2015,231955.4,1772765999999,46684.62155,336,2026-03-06 02:00:00+00:00
1772766000000,0.2015,0.2015,0.1994,0.2005,242760.9,1772769599999,48638.20992,346,2026-03-06 03:00:00+00:00
1772769600000,0.2003,0.2004,0.1985,0.2001,231895.7,1772773199999,46253.31089,246,2026-03-06 04:00:00+00:00
1772773200000,0.2003,0.2014,0.1974,0.1992,353078.8,1772776799999,70258.44125,477,2026-03-06 05:00:00+00:00
1772776800000,0.1994,0.2003,0.1987,0.2003,233482.3,1772780399999,46639.14961,309,2026-03-06 06:00:00+00:00
1772780400000,0.2,0.2009,0.1994,0.2004,153963.3,1772783999999,30809.21407,239,2026-03-06 07:00:00+00:00
1772784000000,0.2002,0.2011,0.1996,0.2004,268398.3,1772787599999,53822.34705,504,2026-03-06 08:00:00+00:00
1772787600000,0.2005,0.2015,0.1972,0.1993,646659.6,1772791199999,128444.36813,821,2026-03-06 09:00:00+00:00
1772791200000,0.1993,0.2008,0.1986,0.1995,211590.3,1772794799999,42261.03552,307,2026-03-06 10:00:00+00:00
1772794800000,0.199,0.199,0.195,0.1958,598450.6,1772798399999,117569.69803,546,2026-03-06 11:00:00+00:00
1772798400000,0.1957,0.1962,0.1942,0.1958,275729.4,1772801999999,53840.05213,494,2026-03-06 12:00:00+00:00
1772802000000,0.1958,0.1978,0.1951,0.1955,537863.6,1772805599999,105617.34624,726,2026-03-06 13:00:00+00:00
1772805600000,0.1952,0.1959,0.1921,0.1932,716935.1,1772809199999,139065.31862,768,2026-03-06 14:00:00+00:00
1772809200000,0.1933,0.1954,0.1924,0.1931,347276.9,1772812799999,67385.85544,495,2026-03-06 15:00:00+00:00
1772812800000,0.193,0.1945,0.1922,0.1927,272108.2,1772816399999,52586.38001,394,2026-03-06 16:00:00+00:00
1772816400000,0.1928,0.1938,0.1908,0.1923,218052.2,1772819999999,41920.0248,302,2026-03-06 17:00:00+00:00
1772820000000,0.1921,0.1943,0.192,0.1937,157603.5,1772823599999,30465.42114,353,2026-03-06 18:00:00+00:00
1772823600000,0.1939,0.1951,0.1933,0.1935,134211.4,1772827199999,26085.57935,235,2026-03-06 19:00:00+00:00
1772827200000,0.1935,0.1939,0.1919,0.193,113979.7,1772830799999,21962.95757,193,2026-03-06 20:00:00+00:00
1772830800000,0.1931,0.1936,0.1924,0.1932,65261.1,1772834399999,12600.41827,187,2026-03-06 21:00:00+00:00
1772834400000,0.1934,0.1936,0.1928,0.1936,94157.9,1772837999999,18185.23192,288,2026-03-06 22:00:00+00:00
1772838000000,0.193,0.1937,0.1928,0.1928,54655.9,1772841599999,10567.86317,144,2026-03-06 23:00:00+00:00
1772841600000,0.1929,0.1929,0.1915,0.192,143753.9,1772845199999,27603.98901,181,2026-03-07 00:00:00+00:00
1772845200000,0.1919,0.1922,0.1905,0.1906,180176.5,1772848799999,34421.34819,259,2026-03-07 01:00:00+00:00
1772848800000,0.1907,0.1908,0.1889,0.1904,177073.7,1772852399999,33619.50008,260,2026-03-07 02:00:00+00:00
1772852400000,0.1904,0.192,0.1904,0.1905,244798.9,1772855999999,46812.49745,296,2026-03-07 03:00:00+00:00
1772856000000,0.1904,0.1917,0.1894,0.191,69568.3,1772859599999,13242.85253,134,2026-03-07 04:00:00+00:00
1772859600000,0.1908,0.1913,0.1903,0.1904,57944.8,1772863199999,11061.26175,135,2026-03-07 05:00:00+00:00
1772863200000,0.1903,0.1905,0.1885,0.1885,82137.2,1772866799999,15559.34129,156,2026-03-07 06:00:00+00:00
1772866800000,0.1884,0.1894,0.1874,0.1892,144131.2,1772870399999,27136.10091,246,2026-03-07 07:00:00+00:00
1772870400000,0.1891,0.1903,0.1889,0.189,36007.5,1772873999999,6828.46935,115,2026-03-07 08:00:00+00:00
1772874000000,0.189,0.1898,0.1887,0.1892,36921.4,1772877599999,6983.95159,115,2026-03-07 09:00:00+00:00
1772877600000,0.1893,0.1899,0.1887,0.1887,45929.7,1772881199999,8679.4287,97,2026-03-07 10:00:00+00:00
1772881200000,0.1887,0.1902,0.1887,0.1897,219449.4,1772884799999,41665.84111,222,2026-03-07 11:00:00+00:00
1772884800000,0.1897,0.1897,0.1883,0.1884,65145.8,1772888399999,12295.60316,128,2026-03-07 12:00:00+00:00
1772888400000,0.1884,0.1896,0.1884,0.1889,231709.3,1772891999999,43791.09141,360,2026-03-07 13:00:00+00:00
1772892000000,0.189,0.189,0.1875,0.1879,179844.4,1772895599999,33831.72149,249,2026-03-07 14:00:00+00:00
1772895600000,0.1878,0.188,0.1865,0.187,127512.8,1772899199999,23901.59706,168,2026-03-07 15:00:00+00:00
1772899200000,0.1869,0.1872,0.1858,0.1872,86592.7,1772902799999,16136.3891,143,2026-03-07 16:00:00+00:00
1772902800000,0.1872,0.1883,0.1872,0.1879,55938.7,1772906399999,10509.61644,116,2026-03-07 17:00:00+00:00
1772906400000,0.1874,0.1882,0.187,0.1879,74503.9,1772909999999,13961.13734,131,2026-03-07 18:00:00+00:00
1772910000000,0.1879,0.1891,0.1869,0.1873,157619.6,1772913599999,29642.29032,218,2026-03-07 19:00:00+00:00
1772913600000,0.1873,0.1882,0.187,0.1872,88712.2,1772917199999,16659.89942,121,2026-03-07 20:00:00+00:00
1772917200000,0.1872,0.1877,0.1858,0.1867,141128.5,1772920799999,26367.42374,248,2026-03-07 21:00:00+00:00
1772920800000,0.1867,0.1867,0.185,0.1854,147854.6,1772924399999,27481.63179,288,2026-03-07 22:00:00+00:00
1772924400000,0.1855,0.1863,0.1854,0.1861,57568.1,1772927999999,10700.97549,186,2026-03-07 23:00:00+00:00
1772928000000,0.1861,0.1862,0.183,0.1838,188535.7,1772931599999,34801.36744,533,2026-03-08 00:00:00+00:00
1772931600000,0.1836,0.1849,0.1831,0.1845,120287.7,1772935199999,22108.83117,239,2026-03-08 01:00:00+00:00
1772935200000,0.1844,0.1851,0.1831,0.1838,105996.2,1772938799999,19506.82777,263,2026-03-08 02:00:00+00:00
1772938800000,0.1838,0.1846,0.1835,0.1841,52191.2,1772942399999,9603.81341,143,2026-03-08 03:00:00+00:00
1772942400000,0.184,0.1848,0.1831,0.1837,84604.2,1772945999999,15581.84376,216,2026-03-08 04:00:00+00:00
1772946000000,0.1836,0.1853,0.1836,0.1842,118047.7,1772949599999,21789.76959,221,2026-03-08 05:00:00+00:00
1772949600000,0.1841,0.1853,0.1839,0.1853,37527.9,1772953199999,6918.7462,164,2026-03-08 06:00:00+00:00
1772953200000,0.1854,0.1859,0.184,0.1844,247110.2,1772956799999,45645.90282,547,2026-03-08 07:00:00+00:00
1772956800000,0.1843,0.1883,0.1842,0.1874,389992.6,1772960399999,72654.91132,643,2026-03-08 08:00:00+00:00
1772960400000,0.1872,0.1888,0.1863,0.1881,178538.2,1772963999999,33474.45447,382,2026-03-08 09:00:00+00:00
1772964000000,0.188,0.1885,0.1871,0.1874,139964.8,1772967599999,26257.10622,305,2026-03-08 10:00:00+00:00
1772967600000,0.1875,0.1875,0.186,0.1865,107920.1,1772971199999,20131.05902,276,2026-03-08 11:00:00+00:00
1772971200000,0.1864,0.1886,0.1851,0.1875,292017.3,1772974799999,54443.92661,459,2026-03-08 12:00:00+00:00
1772974800000,0.1876,0.1879,0.1855,0.1864,118728.1,1772978399999,22170.42746,311,2026-03-08 13:00:00+00:00
1772978400000,0.1863,0.1864,0.1851,0.186,64250.0,1772981999999,11942.67374,196,2026-03-08 14:00:00+00:00
1772982000000,0.1859,0.1862,0.1849,0.1862,70828.6,1772985599999,13143.15272,243,2026-03-08 15:00:00+00:00
1772985600000,0.1861,0.1861,0.1849,0.185,53899.7,1772989199999,9983.86978,180,2026-03-08 16:00:00+00:00
1772989200000,0.1852,0.1903,0.1852,0.1884,377928.7,1772992799999,71171.1908,885,2026-03-08 17:00:00+00:00
1772992800000,0.1885,0.189,0.187,0.1879,190032.8,1772996399999,35676.77847,676,2026-03-08 18:00:00+00:00
1772996400000,0.1879,0.192,0.1876,0.1906,373289.5,1772999999999,70895.94963,1056,2026-03-08 19:00:00+00:00
1773000000000,0.1906,0.191,0.1894,0.1895,153900.1,1773003599999,29247.65502,504,2026-03-08 20:00:00+00:00
1773003600000,0.1895,0.19,0.1888,0.1899,96456.7,1773007199999,18268.3021,302,2026-03-08 21:00:00+00:00
1773007200000,0.1898,0.1898,0.1854,0.1865,221243.7,1773010799999,41321.69983,417,2026-03-08 22:00:00+00:00
1773010800000,0.1866,0.1869,0.1841,0.1844,152647.9,1773014399999,28349.54534,223,2026-03-08 23:00:00+00:00
1773014400000,0.1842,0.1874,0.1839,0.186,126265.6,1773017999999,23409.21474,264,2026-03-09 00:00:00+00:00
1773018000000,0.1856,0.1866,0.1844,0.1853,87361.6,1773021599999,16214.51144,172,2026-03-09 01:00:00+00:00
1773021600000,0.185,0.1879,0.1847,0.1868,88743.2,1773025199999,16582.90282,154,2026-03-09 02:00:00+00:00
1773025200000,0.1867,0.189,0.1863,0.1866,211802.1,1773028799999,39714.75091,296,2026-03-09 03:00:00+00:00
1773028800000,0.187,0.1877,0.1864,0.1868,92906.6,1773032399999,17391.12711,149,2026-03-09 04:00:00+00:00
1773032400000,0.1868,0.1882,0.1861,0.188,129640.1,1773035999999,24218.14871,212,2026-03-09 05:00:00+00:00
1773036000000,0.1881,0.1881,0.1851,0.1852,198071.9,1773039599999,36929.59739,279,2026-03-09 06:00:00+00:00
1773039600000,0.1851,0.1876,0.184,0.1876,200943.2,1773043199999,37221.44254,197,2026-03-09 07:00:00+00:00
1773043200000,0.1876,0.1876,0.1852,0.1852,202897.7,1773046799999,37874.04623,353,2026-03-09 08:00:00+00:00
1773046800000,0.1853,0.1869,0.1851,0.1856,118412.0,1773050399999,22028.15705,222,2026-03-09 09:00:00+00:00
1773050400000,0.1856,0.1859,0.185,0.1853,58860.1,1773053999999,10906.24016,105,2026-03-09 10:00:00+00:00
1773054000000,0.1852,0.1863,0.1847,0.1863,36920.5,1773057599999,6855.67507,77,2026-03-09 11:00:00+00:00
1773057600000,0.1863,0.188,0.186,0.1866,102020.8,1773061199999,19086.54795,161,2026-03-09 12:00:00+00:00
1773061200000,0.1867,0.1886,0.1864,0.1872,206959.2,1773064799999,38806.10369,328,2026-03-09 13:00:00+00:00
1773064800000,0.1871,0.1893,0.186,0.188,269737.9,1773068399999,50672.81345,408,2026-03-09 14:00:00+00:00
1773068400000,0.1881,0.1883,0.1869,0.1876,129609.9,1773071999999,24309.77168,229,2026-03-09 15:00:00+00:00
1773072000000,0.1876,0.1878,0.1864,0.1866,169121.2,1773075599999,31596.4336,206,2026-03-09 16:00:00+00:00
1773075600000,0.1867,0.1875,0.1865,0.1873,107579.9,1773079199999,20141.36182,129,2026-03-09 17:00:00+00:00
1773079200000,0.1872,0.1874,0.1856,0.1866,270879.0,1773082799999,50556.12569,400,2026-03-09 18:00:00+00:00
1773082800000,0.1866,0.1892,0.186,0.1874,156572.8,1773086399999,29324.44937,252,2026-03-09 19:00:00+00:00
1773086400000,0.1875,0.1876,0.1864,0.1873,82696.4,1773089999999,15466.79116,132,2026-03-09 20:00:00+00:00
1773090000000,0.1871,0.1878,0.1868,0.1873,72620.3,1773093599999,13609.87587,119,2026-03-09 21:00:00+00:00
1773093600000,0.1873,0.1873,0.1852,0.1855,92685.4,1773097199999,17264.87006,215,2026-03-09 22:00:00+00:00
1773097200000,0.1855,0.1863,0.1852,0.186,78807.0,1773100799999,14634.53397,240,2026-03-09 23:00:00+00:00
1773100800000,0.186,0.1874,0.1848,0.1871,163341.2,1773104399999,30412.10728,262,2026-03-10 00:00:00+00:00
1773104400000,0.187,0.1873,0.1854,0.1867,180294.3,1773107999999,33650.34702,192,2026-03-10 01:00:00+00:00
1773108000000,0.1866,0.1882,0.1859,0.1872,184342.9,1773111599999,34533.33171,292,2026-03-10 02:00:00+00:00
1773111600000,0.1873,0.1874,0.1857,0.186,67032.6,1773115199999,12523.32024,141,2026-03-10 03:00:00+00:00
1773115200000,0.1861,0.188,0.1861,0.1878,59519.9,1773118799999,11155.4784,120,2026-03-10 04:00:00+00:00
1773118800000,0.1877,0.1881,0.1867,0.1871,120818.8,1773122399999,22643.66223,178,2026-03-10 05:00:00+00:00
1773122400000,0.1872,0.1873,0.186,0.1873,74029.7,1773125999999,13834.2977,100,2026-03-10 06:00:00+00:00
1773126000000,0.1873,0.1888,0.1871,0.1887,86683.4,1773129599999,16277.45128,151,2026-03-10 07:00:00+00:00
1773129600000,0.1888,0.1892,0.1881,0.1884,126778.9,1773133199999,23924.8359,175,2026-03-10 08:00:00+00:00
1773133200000,0.1884,0.1895,0.188,0.1888,138910.7,1773136799999,26232.42889,205,2026-03-10 09:00:00+00:00
1773136800000,0.1888,0.189,0.1879,0.1886,188802.3,1773140399999,35599.09308,245,2026-03-10 10:00:00+00:00
1773140400000,0.1884,0.1885,0.1871,0.1876,81105.3,1773143999999,15239.61716,165,2026-03-10 11:00:00+00:00
1773144000000,0.1876,0.1881,0.1867,0.187,113553.9,1773147599999,21289.31576,244,2026-03-10 12:00:00+00:00
1773147600000,0.1872,0.1877,0.185,0.1857,287613.3,1773151199999,53548.95171,368,2026-03-10 13:00:00+00:00
1773151200000,0.1855,0.1891,0.1849,0.1891,284009.8,1773154799999,53024.04922,537,2026-03-10 14:00:00+00:00
1773154800000,0.1891,0.1892,0.1873,0.1887,266700.0,1773158399999,50189.00774,544,2026-03-10 15:00:00+00:00
1773158400000,0.1888,0.189,0.1874,0.1879,167902.7,1773161999999,31624.31034,265,2026-03-10 16:00:00+00:00
1773162000000,0.188,0.1883,0.1871,0.1876,119840.0,1773165599999,22513.31656,144,2026-03-10 17:00:00+00:00
1773165600000,0.1876,0.1876,0.1843,0.1848,220020.5,1773169199999,40848.59414,355,2026-03-10 18:00:00+00:00
1773169200000,0.1848,0.1854,0.1837,0.1843,136654.5,1773172799999,25192.01325,183,2026-03-10 19:00:00+00:00
1773172800000,0.1844,0.185,0.1838,0.184,74126.1,1773176399999,13655.83831,204,2026-03-10 20:00:00+00:00
1773176400000,0.184,0.1843,0.1813,0.1823,478981.2,1773179999999,87524.53796,706,2026-03-10 21:00:00+00:00
1773180000000,0.1829,0.1829,0.1812,0.182,255185.7,1773183599999,46425.40086,379,2026-03-10 22:00:00+00:00
1773183600000,0.1821,0.1824,0.1815,0.1817,97350.9,1773187199999,17710.61555,209,2026-03-10 23:00:00+00:00
1773187200000,0.1818,0.1824,0.181,0.1814,101658.3,1773190799999,18476.01714,173,2026-03-11 00:00:00+00:00
1773190800000,0.1813,0.1819,0.181,0.1816,58639.6,1773194399999,10638.95447,103,2026-03-11 01:00:00+00:00
1773194400000,0.1816,0.1816,0.1804,0.1811,105574.0,1773197999999,19098.54818,186,2026-03-11 02:00:00+00:00
1773198000000,0.1812,0.1819,0.1807,0.181,64679.1,1773201599999,11718.48334,91,2026-03-11 03:00:00+00:00
1773201600000,0.1807,0.1814,0.1793,0.1813,206655.5,1773205199999,37234.42892,319,2026-03-11 04:00:00+00:00
1773205200000,0.1811,0.1811,0.1795,0.1805,56953.6,1773208799999,10264.19159,106,2026-03-11 05:00:00+00:00
1773208800000,0.1805,0.1818,0.18,0.1817,109181.8,1773212399999,19733.27919,139,2026-03-11 06:00:00+00:00
1773212400000,0.1816,0.1819,0.1812,0.1816,113407.8,1773215999999,20590.76892,198,2026-03-11 07:00:00+00:00
1773216000000,0.1816,0.1826,0.1815,0.1823,105242.7,1773219599999,19157.90476,180,2026-03-11 08:00:00+00:00
1773219600000,0.1821,0.1824,0.181,0.1816,84682.9,1773223199999,15386.40317,144,2026-03-11 09:00:00+00:00
1773223200000,0.1815,0.1818,0.1806,0.1807,86460.7,1773226799999,15684.98233,175,2026-03-11 10:00:00+00:00
1773226800000,0.1806,0.1807,0.1792,0.1793,129326.9,1773230399999,23280.21838,357,2026-03-11 11:00:00+00:00
1773230400000,0.1794,0.1826,0.1792,0.1819,168855.2,1773233999999,30619.49102,273,2026-03-11 12:00:00+00:00
1773234000000,0.182,0.1837,0.1818,0.1831,238565.8,1773237599999,43594.18309,351,2026-03-11 13:00:00+00:00
1773237600000,0.1832,0.1845,0.1828,0.1828,184257.1,1773241199999,33902.6032,365,2026-03-11 14:00:00+00:00
1773241200000,0.1829,0.184,0.1814,0.1838,163201.6,1773244799999,29862.01683,307,2026-03-11 15:00:00+00:00
1773244800000,0.1839,0.1852,0.1835,0.1841,119759.2,1773248399999,22099.67768,189,2026-03-11 16:00:00+00:00
1773248400000,0.1843,0.1858,0.1841,0.1849,128135.5,1773251999999,23711.45785,194,2026-03-11 17:00:00+00:00
1773252000000,0.185,0.1862,0.1849,0.1862,90491.8,1773255599999,16787.60948,113,2026-03-11 18:00:00+00:00
1773255600000,0.1864,0.1885,0.1862,0.1864,172442.4,1773259199999,32246.6304,261,2026-03-11 19:00:00+00:00
1773259200000,0.1862,0.187,0.1858,0.1863,55898.5,1773262799999,10420.52464,97,2026-03-11 20:00:00+00:00
1773262800000,0.1862,0.1872,0.186,0.1867,74879.9,1773266399999,13973.13623,187,2026-03-11 21:00:00+00:00
1773266400000,0.1871,0.1878,0.1854,0.186,182978.6,1773269999999,34110.05089,242,2026-03-11 22:00:00+00:00
1773270000000,0.186,0.1872,0.1859,0.1871,115477.2,1773273599999,21527.53939,159,2026-03-11 23:00:00+00:00
1773273600000,0.187,0.1889,0.187,0.1878,119701.6,1773277199999,22465.60163,228,2026-03-12 00:00:00+00:00
1773277200000,0.1879,0.1908,0.1875,0.1898,550295.9,1773280799999,104180.88267,897,2026-03-12 01:00:00+00:00
1773280800000,0.1896,0.1931,0.1896,0.1911,685398.2,1773284399999,131270.8568,976,2026-03-12 02:00:00+00:00
1773284400000,0.191,0.1926,0.1899,0.1901,408078.9,1773287999999,78071.37108,622,2026-03-12 03:00:00+00:00
1773288000000,0.1902,0.1911,0.1896,0.1909,69768.2,1773291599999,13281.84218,126,2026-03-12 04:00:00+00:00
1773291600000,0.1907,0.1917,0.1883,0.1888,185100.8,1773295199999,35106.81199,308,2026-03-12 05:00:00+00:00
1773295200000,0.1887,0.1893,0.1865,0.187,238229.5,1773298799999,44626.50766,244,2026-03-12 06:00:00+00:00
1773298800000,0.187,0.1889,0.1867,0.1878,117612.3,1773302399999,22062.76347,205,2026-03-12 07:00:00+00:00
1773302400000,0.1877,0.1911,0.1874,0.1895,382700.8,1773305999999,72635.20123,447,2026-03-12 08:00:00+00:00
1773306000000,0.1898,0.1907,0.189,0.1899,99439.2,1773309599999,18846.07677,186,2026-03-12 09:00:00+00:00
1773309600000,0.19,0.1917,0.1897,0.1916,116611.8,1773313199999,22243.56591,163,2026-03-12 10:00:00+00:00
1773313200000,0.1916,0.192,0.1888,0.1893,335003.0,1773316799999,63637.07302,332,2026-03-12 11:00:00+00:00
1773316800000,0.1893,0.19,0.1888,0.1894,256020.6,1773320399999,48434.96066,233,2026-03-12 12:00:00+00:00
1773320400000,0.1894,0.1908,0.1884,0.1889,159262.2,1773323999999,30229.77873,312,2026-03-12 13:00:00+00:00
1773324000000,0.1892,0.1895,0.1866,0.1874,202641.7,1773327599999,38012.71683,259,2026-03-12 14:00:00+00:00
1773327600000,0.188,0.1887,0.1875,0.188,60810.9,1773331199999,11442.46632,213,2026-03-12 15:00:00+00:00
1773331200000,0.1879,0.1891,0.1873,0.1884,98150.6,1773334799999,18459.37659,178,2026-03-12 16:00:00+00:00
1773334800000,0.1882,0.1892,0.1879,0.1885,170398.6,1773338399999,32097.37539,278,2026-03-12 17:00:00+00:00
1773338400000,0.1883,0.1897,0.188,0.1883,207322.8,1773341999999,39138.25683,432,2026-03-12 18:00:00+00:00
1773342000000,0.1885,0.1904,0.1885,0.1901,67141.7,1773345599999,12733.46437,110,2026-03-12 19:00:00+00:00
1773345600000,0.1899,0.1899,0.1878,0.1878,79353.1,1773349199999,14970.41373,226,2026-03-12 20:00:00+00:00
1773349200000,0.1879,0.1884,0.1874,0.1884,121472.7,1773352799999,22816.22427,464,2026-03-12 21:00:00+00:00
1773352800000,0.1884,0.1891,0.1882,0.189,82953.5,1773356399999,15647.98398,289,2026-03-12 22:00:00+00:00
1773356400000,0.189,0.19,0.1883,0.1887,80392.5,1773359999999,15212.41548,365,2026-03-12 23:00:00+00:00
1773360000000,0.1888,0.1913,0.1885,0.1891,320074.0,1773363599999,60815.37626,528,2026-03-13 00:00:00+00:00
1773363600000,0.1893,0.19,0.1887,0.1898,104555.7,1773367199999,19801.84293,458,2026-03-13 01:00:00+00:00
1773367200000,0.1899,0.1904,0.1894,0.1899,157870.3,1773370799999,29981.85042,386,2026-03-13 02:00:00+00:00
1773370800000,0.1901,0.1919,0.1899,0.1914,170336.7,1773374399999,32506.82043,447,2026-03-13 03:00:00+00:00
1773374400000,0.1914,0.1928,0.191,0.1914,213438.6,1773377999999,40958.94492,514,2026-03-13 04:00:00+00:00
1773378000000,0.1916,0.1916,0.1907,0.1908,74956.6,1773381599999,14330.05383,355,2026-03-13 05:00:00+00:00
1773381600000,0.1908,0.191,0.1894,0.1895,313886.7,1773385199999,59737.02997,545,2026-03-13 06:00:00+00:00
1773385200000,0.1895,0.1904,0.1892,0.1895,135833.4,1773388799999,25770.169,317,2026-03-13 07:00:00+00:00
1773388800000,0.1894,0.1899,0.1883,0.1891,211121.7,1773392399999,39895.34149,367,2026-03-13 08:00:00+00:00
1773392400000,0.1889,0.1899,0.1887,0.1894,69417.5,1773395999999,13143.70166,267,2026-03-13 09:00:00+00:00
1773396000000,0.1894,0.1903,0.1893,0.1896,76084.3,1773399599999,14443.94483,222,2026-03-13 10:00:00+00:00
1773399600000,0.1896,0.1897,0.1884,0.1895,224604.3,1773403199999,42431.47099,442,2026-03-13 11:00:00+00:00
1773403200000,0.1895,0.1906,0.1888,0.1898,362845.0,1773406799999,68789.21874,793,2026-03-13 12:00:00+00:00
1773406800000,0.1898,0.1913,0.1895,0.1906,193152.1,1773410399999,36785.73182,564,2026-03-13 13:00:00+00:00
1773410400000,0.1908,0.1913,0.1891,0.1891,297366.4,1773413999999,56576.53013,689,2026-03-13 14:00:00+00:00
1773414000000,0.1893,0.1911,0.189,0.1907,186861.3,1773417599999,35552.39566,310,2026-03-13 15:00:00+00:00
1773417600000,0.1906,0.1921,0.1899,0.1916,104896.1,1773421199999,20050.47351,256,2026-03-13 16:00:00+00:00
1773421200000,0.1916,0.1918,0.1894,0.1904,162186.4,1773424799999,30870.76496,405,2026-03-13 17:00:00+00:00
1773424800000,0.1904,0.191,0.1898,0.19,104707.4,1773428399999,19926.19773,206,2026-03-13 18:00:00+00:00
1773428400000,0.19,0.1905,0.1895,0.1897,115163.7,1773431999999,21868.44608,218,2026-03-13 19:00:00+00:00
1773432000000,0.1896,0.1903,0.1894,0.1903,168479.6,1773435599999,31982.99768,288,2026-03-13 20:00:00+00:00
1773435600000,0.1902,0.1912,0.1891,0.1897,108984.5,1773439199999,20732.81739,278,2026-03-13 21:00:00+00:00
1773439200000,0.1897,0.1897,0.1875,0.1879,234491.7,1773442799999,44128.31648,379,2026-03-13 22:00:00+00:00
1773442800000,0.1879,0.1891,0.1879,0.1891,151053.4,1773446399999,28469.00701,307,2026-03-13 23:00:00+00:00
1773446400000,0.1889,0.1899,0.1872,0.1877,249912.9,1773449999999,47171.48546,678,2026-03-14 00:00:00+00:00
1773450000000,0.1876,0.1886,0.1866,0.1881,224895.9,1773453599999,42266.39026,443,2026-03-14 01:00:00+00:00
1773453600000,0.1879,0.1889,0.1877,0.1887,64150.0,1773457199999,12074.89489,138,2026-03-14 02:00:00+00:00
1773457200000,0.1888,0.189,0.1883,0.1883,30212.9,1773460799999,5696.30168,113,2026-03-14 03:00:00+00:00
1773460800000,0.1884,0.189,0.1869,0.1871,216079.4,1773464399999,40607.98155,671,2026-03-14 04:00:00+00:00
1773464400000,0.1872,0.1874,0.1864,0.1868,93483.7,1773467999999,17451.77156,133,2026-03-14 05:00:00+00:00
1773468000000,0.1867,0.1867,0.1842,0.1853,189464.5,1773471599999,35125.21533,387,2026-03-14 06:00:00+00:00
1773471600000,0.1852,0.1853,0.1842,0.1848,100960.3,1773475199999,18657.61347,233,2026-03-14 07:00:00+00:00
1773475200000,0.1848,0.1853,0.1847,0.1851,52928.0,1773478799999,9791.87756,125,2026-03-14 08:00:00+00:00
1773478800000,0.1851,0.1853,0.1841,0.1843,33056.2,1773482399999,6103.00813,93,2026-03-14 09:00:00+00:00
1773482400000,0.1843,0.1846,0.1841,0.1845,52789.4,1773485999999,9729.49929,105,2026-03-14 10:00:00+00:00
1773486000000,0.1845,0.1849,0.1843,0.1846,34317.2,1773489599999,6335.83662,67,2026-03-14 11:00:00+00:00
1773489600000,0.1845,0.1846,0.184,0.1844,50749.8,1773493199999,9354.08257,85,2026-03-14 12:00:00+00:00
1773493200000,0.1843,0.1847,0.184,0.1846,56130.3,1773496799999,10346.48391,87,2026-03-14 13:00:00+00:00
1773496800000,0.1846,0.185,0.1839,0.184,45577.7,1773500399999,8400.94924,82,2026-03-14 14:00:00+00:00
1773500400000,0.184,0.1845,0.1833,0.1834,131054.7,1773503999999,24108.03379,188,2026-03-14 15:00:00+00:00
1773504000000,0.1834,0.1849,0.1833,0.1843,61509.6,1773507599999,11333.48947,112,2026-03-14 16:00:00+00:00
1773507600000,0.1843,0.1843,0.1831,0.1838,35791.7,1773511199999,6571.50174,93,2026-03-14 17:00:00+00:00
1773511200000,0.1836,0.1836,0.1831,0.1833,13956.7,1773514799999,2558.23309,61,2026-03-14 18:00:00+00:00
1773514800000,0.1831,0.1831,0.1823,0.1826,36308.7,1773518399999,6637.55424,85,2026-03-14 19:00:00+00:00
1773518400000,0.1825,0.1829,0.1818,0.1821,221518.2,1773521999999,40368.38671,212,2026-03-14 20:00:00+00:00
1773522000000,0.182,0.1821,0.1818,0.1821,60463.3,1773525599999,11001.69419,75,2026-03-14 21:00:00+00:00
1773525600000,0.1821,0.1825,0.1813,0.1824,86158.9,1773529199999,15678.04109,148,2026-03-14 22:00:00+00:00
1773529200000,0.1824,0.1836,0.1824,0.1833,86445.8,1773532799999,15836.87782,112,2026-03-14 23:00:00+00:00
1773532800000,0.1832,0.1841,0.1828,0.1833,108738.3,1773536399999,19942.106,229,2026-03-15 00:00:00+00:00
1773536400000,0.1834,0.1856,0.1834,0.1854,133135.2,1773539999999,24495.40468,193,2026-03-15 01:00:00+00:00
1773540000000,0.1857,0.1862,0.1851,0.186,91898.3,1773543599999,17081.92707,149,2026-03-15 02:00:00+00:00
1773543600000,0.1859,0.1859,0.1845,0.1849,160953.3,1773547199999,29732.56314,134,2026-03-15 03:00:00+00:00
1773547200000,0.1848,0.1851,0.1839,0.1844,30613.4,1773550799999,5649.15499,85,2026-03-15 04:00:00+00:00
1773550800000,0.1844,0.1851,0.1842,0.1846,46790.1,1773554399999,8636.01083,83,2026-03-15 05:00:00+00:00
1773554400000,0.1845,0.1867,0.1844,0.1857,269424.8,1773557999999,49971.20624,306,2026-03-15 06:00:00+00:00
1773558000000,0.1856,0.186,0.185,0.1856,60174.2,1773561599999,11161.70721,107,2026-03-15 07:00:00+00:00
1773561600000,0.1856,0.1866,0.1856,0.1859,78870.5,1773565199999,14668.03599,143,2026-03-15 08:00:00+00:00
1773565200000,0.186,0.1862,0.1847,0.185,78553.4,1773568799999,14552.30279,125,2026-03-15 09:00:00+00:00
1773568800000,0.185,0.1853,0.1845,0.1852,34752.3,1773572399999,6428.10834,59,2026-03-15 10:00:00+00:00
1773572400000,0.1852,0.1853,0.1848,0.1849,22722.1,1773575999999,4205.2539,67,2026-03-15 11:00:00+00:00
1773576000000,0.1848,0.1862,0.1846,0.1853,90094.2,1773579599999,16706.18465,225,2026-03-15 12:00:00+00:00
1773579600000,0.1852,0.1854,0.183,0.1843,167739.7,1773583199999,30849.49574,278,2026-03-15 13:00:00+00:00
1773583200000,0.1844,0.1851,0.1837,0.1841,107208.8,1773586799999,19738.1984,176,2026-03-15 14:00:00+00:00
1773586800000,0.1841,0.1841,0.1828,0.1833,108960.3,1773590399999,19954.08172,139,2026-03-15 15:00:00+00:00
1773590400000,0.1833,0.1839,0.1831,0.1833,66848.0,1773593999999,12272.94926,167,2026-03-15 16:00:00+00:00
1773594000000,0.1835,0.1847,0.1834,0.1844,25223.5,1773597599999,4640.15393,78,2026-03-15 17:00:00+00:00
1773597600000,0.1845,0.1845,0.1831,0.1834,37500.7,1773601199999,6895.36556,89,2026-03-15 18:00:00+00:00
1773601200000,0.1833,0.1852,0.1833,0.1851,44614.7,1773604799999,8227.97298,110,2026-03-15 19:00:00+00:00
1773604800000,0.185,0.1854,0.1844,0.1848,41503.1,1773608399999,7669.6246,76,2026-03-15 20:00:00+00:00
1773608400000,0.1848,0.186,0.1847,0.1853,73145.3,1773611999999,13556.68784,126,2026-03-15 21:00:00+00:00
1773612000000,0.1854,0.1873,0.184,0.1861,198279.0,1773615599999,36845.21814,365,2026-03-15 22:00:00+00:00
1773615600000,0.186,0.1865,0.1848,0.1859,150358.9,1773619199999,27934.07769,213,2026-03-15 23:00:00+00:00
1773619200000,0.1861,0.1865,0.1846,0.1856,106037.3,1773622799999,19658.74884,154,2026-03-16 00:00:00+00:00
1773622800000,0.1861,0.1873,0.1858,0.187,346552.2,1773626399999,64611.65673,354,2026-03-16 01:00:00+00:00
1773626400000,0.187,0.1874,0.186,0.1871,183323.0,1773629999999,34271.03191,207,2026-03-16 02:00:00+00:00
1773630000000,0.187,0.1884,0.1867,0.188,202751.2,1773633599999,38076.93978,300,2026-03-16 03:00:00+00:00
1773633600000,0.188,0.1894,0.1876,0.1887,154841.9,1773637199999,29185.44024,314,2026-03-16 04:00:00+00:00
1773637200000,0.1886,0.1891,0.1878,0.1886,60597.7,1773640799999,11423.95228,153,2026-03-16 05:00:00+00:00
1773640800000,0.1883,0.1883,0.1869,0.1878,140009.7,1773644399999,26274.0685,149,2026-03-16 06:00:00+00:00
1773644400000,0.1878,0.1881,0.1875,0.188,51470.5,1773647999999,9668.10059,138,2026-03-16 07:00:00+00:00
1773648000000,0.188,0.1889,0.1864,0.1868,301025.3,1773651599999,56374.71822,400,2026-03-16 08:00:00+00:00
1773651600000,0.1868,0.1884,0.1868,0.1882,237041.0,1773655199999,44417.9929,235,2026-03-16 09:00:00+00:00
1773655200000,0.1883,0.1893,0.1877,0.189,147168.2,1773658799999,27720.42374,267,2026-03-16 10:00:00+00:00
1773658800000,0.189,0.1896,0.1887,0.1894,81658.6,1773662399999,15449.86075,120,2026-03-16 11:00:00+00:00
1773662400000,0.1894,0.1899,0.1889,0.1894,140459.0,1773665999999,26595.04497,286,2026-03-16 12:00:00+00:00
1773666000000,0.1895,0.1906,0.1889,0.1899,304819.4,1773669599999,57874.47238,515,2026-03-16 13:00:00+00:00
1773669600000,0.1898,0.1906,0.188,0.1899,216392.8,1773673199999,40917.67942,289,2026-03-16 14:00:00+00:00
1773673200000,0.1898,0.1898,0.1875,0.1875,85447.5,1773676799999,16126.6367,147,2026-03-16 15:00:00+00:00
1773676800000,0.1877,0.1895,0.1876,0.1892,47619.2,1773680399999,8997.6015,206,2026-03-16 16:00:00+00:00
1773680400000,0.1893,0.1903,0.1893,0.1898,151431.9,1773683999999,28759.06781,180,2026-03-16 17:00:00+00:00
1773684000000,0.1898,0.1909,0.1894,0.1902,149064.0,1773687599999,28349.39145,249,2026-03-16 18:00:00+00:00
1773687600000,0.1899,0.1906,0.1894,0.19,145335.8,1773691199999,27621.2654,218,2026-03-16 19:00:00+00:00
1773691200000,0.19,0.1905,0.1893,0.1903,129133.8,1773694799999,24516.27089,175,2026-03-16 20:00:00+00:00
1773694800000,0.1903,0.192,0.1901,0.1919,130872.7,1773698399999,25003.20318,199,2026-03-16 21:00:00+00:00
1773698400000,0.1917,0.1926,0.1906,0.1916,317211.7,1773701999999,60858.73822,299,2026-03-16 22:00:00+00:00
1773702000000,0.1917,0.1924,0.1908,0.192,70601.0,1773705599999,13535.87831,126,2026-03-16 23:00:00+00:00
1773705600000,0.192,0.1942,0.1918,0.1932,520154.2,1773709199999,100441.24279,457,2026-03-17 00:00:00+00:00
1773709200000,0.1932,0.194,0.193,0.1933,252002.3,1773712799999,48746.8905,410,2026-03-17 01:00:00+00:00
1773712800000,0.1931,0.1942,0.193,0.1934,172260.1,1773716399999,33321.82148,297,2026-03-17 02:00:00+00:00
1773716400000,0.1934,0.1941,0.1905,0.1909,471628.1,1773719999999,90573.66647,634,2026-03-17 03:00:00+00:00
1773720000000,0.1909,0.1913,0.1885,0.1901,322008.7,1773723599999,61097.38203,386,2026-03-17 04:00:00+00:00
1773723600000,0.19,0.1904,0.1895,0.1901,174865.6,1773727199999,33212.40129,187,2026-03-17 05:00:00+00:00
1773727200000,0.1901,0.1911,0.1896,0.1907,86661.2,1773730799999,16493.7368,120,2026-03-17 06:00:00+00:00
1773730800000,0.1908,0.1925,0.1908,0.1924,100297.9,1773734399999,19215.60288,128,2026-03-17 07:00:00+00:00
1773734400000,0.1924,0.1944,0.1924,0.1937,262559.5,1773737999999,50884.42567,407,2026-03-17 08:00:00+00:00
1773738000000,0.1936,0.1942,0.1921,0.1925,215829.5,1773741599999,41618.47629,378,2026-03-17 09:00:00+00:00
1773741600000,0.1924,0.1938,0.192,0.1933,140735.8,1773745199999,27190.08556,212,2026-03-17 10:00:00+00:00
1773745200000,0.1933,0.1942,0.1932,0.1938,58953.2,1773748799999,11428.45198,131,2026-03-17 11:00:00+00:00
1773748800000,0.1938,0.1947,0.1914,0.1922,267402.4,1773752399999,51604.23847,312,2026-03-17 12:00:00+00:00
1773752400000,0.1922,0.1925,0.1905,0.1914,100430.7,1773755999999,19247.77803,189,2026-03-17 13:00:00+00:00
1773756000000,0.1912,0.1925,0.1906,0.1922,203358.1,1773759599999,38991.11371,228,2026-03-17 14:00:00+00:00
1773759600000,0.1924,0.1933,0.1915,0.1928,106050.7,1773763199999,20421.89684,169,2026-03-17 15:00:00+00:00
1773763200000,0.1929,0.1942,0.1927,0.1935,106334.0,1773766799999,20562.1657,199,2026-03-17 16:00:00+00:00
1773766800000,0.193,0.1936,0.1925,0.1929,59606.6,1773770399999,11519.22535,94,2026-03-17 17:00:00+00:00
1773770400000,0.1929,0.1933,0.1921,0.1928,47282.1,1773773999999,9107.72024,92,2026-03-17 18:00:00+00:00
1773774000000,0.1928,0.1931,0.1916,0.1918,231404.8,1773777599999,44500.18996,504,2026-03-17 19:00:00+00:00
1773777600000,0.1917,0.1926,0.1912,0.1926,70689.7,1773781199999,13546.41247,122,2026-03-17 20:00:00+00:00
1773781200000,0.1924,0.193,0.1923,0.1927,109941.4,1773784799999,21181.02524,231,2026-03-17 21:00:00+00:00
1773784800000,0.1928,0.1928,0.1911,0.1919,71484.2,1773788399999,13724.21424,99,2026-03-17 22:00:00+00:00
1773788400000,0.1916,0.1916,0.1902,0.1904,81362.9,1773791999999,15530.76568,120,2026-03-17 23:00:00+00:00
1773792000000,0.1905,0.1916,0.1895,0.1908,285017.1,1773795599999,54273.24455,306,2026-03-18 00:00:00+00:00
1773795600000,0.1907,0.192,0.1907,0.1916,109798.1,1773799199999,21017.25771,125,2026-03-18 01:00:00+00:00
1773799200000,0.1917,0.1924,0.1915,0.1919,54431.2,1773802799999,10442.66422,102,2026-03-18 02:00:00+00:00
1773802800000,0.1921,0.1925,0.1917,0.1921,196656.9,1773806399999,37758.85672,154,2026-03-18 03:00:00+00:00
1773806400000,0.192,0.192,0.191,0.1911,71210.2,1773809999999,13623.42895,113,2026-03-18 04:00:00+00:00
1773810000000,0.1913,0.1921,0.1902,0.1905,107150.6,1773813599999,20494.74752,144,2026-03-18 05:00:00+00:00
1773813600000,0.1905,0.1907,0.1902,0.1902,58527.2,1773817199999,11141.04133,69,2026-03-18 06:00:00+00:00
1773817200000,0.1901,0.1902,0.1887,0.1896,227664.6,1773820799999,43069.89552,216,2026-03-18 07:00:00+00:00
1773820800000,0.1896,0.1905,0.1896,0.19,81009.8,1773824399999,15407.43024,135,2026-03-18 08:00:00+00:00
1773824400000,0.1901,0.1903,0.1893,0.1895,25757.0,1773827999999,4891.64965,69,2026-03-18 09:00:00+00:00
1773828000000,0.1895,0.1895,0.1878,0.1882,116968.8,1773831599999,22067.38977,130,2026-03-18 10:00:00+00:00
1773831600000,0.1881,0.1881,0.1814,0.1838,499300.5,1773835199999,92142.06881,682,2026-03-18 11:00:00+00:00
1773835200000,0.1837,0.1838,0.1816,0.182,225919.1,1773838799999,41293.00441,488,2026-03-18 12:00:00+00:00
1773838800000,0.1819,0.1829,0.1811,0.1815,259341.5,1773842399999,47189.48241,452,2026-03-18 13:00:00+00:00
1773842400000,0.1816,0.1816,0.1782,0.1784,191333.3,1773845999999,34392.74619,602,2026-03-18 14:00:00+00:00
1773846000000,0.1784,0.1805,0.1773,0.1794,274627.8,1773849599999,49174.1738,488,2026-03-18 15:00:00+00:00
1773849600000,0.1794,0.18,0.1775,0.1788,240104.9,1773853199999,42914.23046,407,2026-03-18 16:00:00+00:00
1773853200000,0.1788,0.1811,0.1786,0.1802,128987.7,1773856799999,23178.60943,184,2026-03-18 17:00:00+00:00
1773856800000,0.1803,0.1817,0.1793,0.18,211947.7,1773860399999,38311.84203,260,2026-03-18 18:00:00+00:00
1773860400000,0.18,0.1811,0.1791,0.1794,159011.4,1773863999999,28651.95957,346,2026-03-18 19:00:00+00:00
1773864000000,0.1795,0.181,0.1785,0.1809,121675.8,1773867599999,21867.53556,158,2026-03-18 20:00:00+00:00
1773867600000,0.1808,0.182,0.1808,0.1814,104427.9,1773871199999,18955.87421,126,2026-03-18 21:00:00+00:00
1773871200000,0.1812,0.1812,0.1803,0.1808,50354.3,1773874799999,9093.56743,71,2026-03-18 22:00:00+00:00
1773874800000,0.1808,0.1812,0.1802,0.1811,41331.0,1773878399999,7464.28337,65,2026-03-18 23:00:00+00:00
1773878400000,0.1812,0.1814,0.1796,0.1797,71939.4,1773881999999,13007.11296,145,2026-03-19 00:00:00+00:00
1773882000000,0.1798,0.1804,0.1786,0.1798,105366.5,1773885599999,18909.59351,164,2026-03-19 01:00:00+00:00
1773885600000,0.1797,0.1812,0.1797,0.1807,60106.6,1773889199999,10848.5584,104,2026-03-19 02:00:00+00:00
1773889200000,0.1808,0.182,0.1804,0.181,57491.0,1773892799999,10430.58822,103,2026-03-19 03:00:00+00:00
1773892800000,0.181,0.181,0.1801,0.1804,53116.4,1773896399999,9589.36931,104,2026-03-19 04:00:00+00:00
1773896400000,0.1803,0.1806,0.1796,0.1799,88034.8,1773899999999,15855.39158,123,2026-03-19 05:00:00+00:00
1773900000000,0.1801,0.1802,0.1791,0.1793,77506.8,1773903599999,13931.91508,138,2026-03-19 06:00:00+00:00
1773903600000,0.1792,0.1802,0.1775,0.1779,361616.7,1773907199999,64492.80306,361,2026-03-19 07:00:00+00:00
1773907200000,0.1779,0.1781,0.1772,0.1777,173071.5,1773910799999,30746.62166,287,2026-03-19 08:00:00+00:00
1773910800000,0.1778,0.1795,0.1777,0.1795,80835.1,1773914399999,14421.03285,142,2026-03-19 09:00:00+00:00
1773914400000,0.1796,0.1796,0.1786,0.1788,52294.3,1773917999999,9365.69724,136,2026-03-19 10:00:00+00:00
1773918000000,0.1788,0.1794,0.1778,0.1781,80434.9,1773921599999,14368.04261,206,2026-03-19 11:00:00+00:00
1773921600000,0.1781,0.1781,0.1744,0.1748,265536.5,1773925199999,46681.30467,583,2026-03-19 12:00:00+00:00
1773925200000,0.1747,0.1768,0.1744,0.1763,242720.8,1773928799999,42563.30978,490,2026-03-19 13:00:00+00:00
1773928800000,0.1765,0.1771,0.1748,0.1762,161441.8,1773932399999,28364.92655,336,2026-03-19 14:00:00+00:00
1773932400000,0.1761,0.1769,0.1746,0.1762,149371.1,1773935999999,26259.59088,378,2026-03-19 15:00:00+00:00
1773936000000,0.176,0.1763,0.1754,0.176,65231.3,1773939599999,11466.82212,167,2026-03-19 16:00:00+00:00
1773939600000,0.1761,0.1775,0.1754,0.1773,99963.6,1773943199999,17669.82064,215,2026-03-19 17:00:00+00:00
1773943200000,0.1773,0.1773,0.1761,0.1765,52575.4,1773946799999,9291.24427,118,2026-03-19 18:00:00+00:00
1773946800000,0.1767,0.1778,0.1764,0.1769,76496.7,1773950399999,13547.93953,156,2026-03-19 19:00:00+00:00
1773950400000,0.1769,0.1775,0.1768,0.1771,70670.6,1773953999999,12515.50341,69,2026-03-19 20:00:00+00:00
1773954000000,0.1773,0.1778,0.1769,0.1773,64477.8,1773957599999,11441.28557,95,2026-03-19 21:00:00+00:00
1773957600000,0.1775,0.1777,0.1758,0.1765,81407.8,1773961199999,14399.2747,140,2026-03-19 22:00:00+00:00
1773961200000,0.1768,0.1771,0.1762,0.1768,35530.3,1773964799999,6273.48468,86,2026-03-19 23:00:00+00:00
1773964800000,0.1768,0.1778,0.1767,0.1778,56211.8,1773968399999,9964.53356,162,2026-03-20 00:00:00+00:00
1773968400000,0.1779,0.1784,0.1779,0.178,48035.5,1773971999999,8556.67744,77,2026-03-20 01:00:00+00:00
1773972000000,0.1777,0.1778,0.1763,0.1774,81336.4,1773975599999,14404.66446,140,2026-03-20 02:00:00+00:00
1773975600000,0.1773,0.1781,0.1771,0.178,62007.8,1773979199999,11020.59536,132,2026-03-20 03:00:00+00:00
1773979200000,0.1779,0.1783,0.1773,0.1782,44298.2,1773982799999,7866.24927,92,2026-03-20 04:00:00+00:00
1773982800000,0.1782,0.1782,0.1772,0.1775,64718.0,1773986399999,11499.86664,160,2026-03-20 05:00:00+00:00
1773986400000,0.1773,0.1775,0.1769,0.177,40876.8,1773989999999,7242.19828,45,2026-03-20 06:00:00+00:00
1773990000000,0.1768,0.1774,0.1759,0.1773,46867.2,1773993599999,8277.403,96,2026-03-20 07:00:00+00:00
1773993600000,0.1774,0.1783,0.1774,0.1779,80416.4,1773997199999,14296.58004,85,2026-03-20 08:00:00+00:00
1773997200000,0.1778,0.1778,0.1761,0.1768,96114.5,1774000799999,16987.98914,134,2026-03-20 09:00:00+00:00
1774000800000,0.1767,0.1771,0.1762,0.1769,44972.6,1774004399999,7949.25244,68,2026-03-20 10:00:00+00:00
1774004400000,0.1772,0.1776,0.1759,0.1771,29162.3,1774007999999,5154.22827,68,2026-03-20 11:00:00+00:00
1774008000000,0.1769,0.1772,0.1753,0.1756,44098.5,1774011599999,7763.57591,143,2026-03-20 12:00:00+00:00
1774011600000,0.1756,0.1757,0.1729,0.1729,177564.5,1774015199999,30959.76955,289,2026-03-20 13:00:00+00:00
1774015200000,0.1731,0.1749,0.1728,0.1743,174169.7,1774018799999,30271.25942,206,2026-03-20 14:00:00+00:00
1774018800000,0.1744,0.1749,0.1737,0.1745,112445.6,1774022399999,19606.34555,184,2026-03-20 15:00:00+00:00
1774022400000,0.1746,0.175,0.1742,0.1746,131804.5,1774025999999,23024.11572,81,2026-03-20 16:00:00+00:00
1774026000000,0.1747,0.1747,0.1732,0.1746,142359.2,1774029599999,24755.88682,222,2026-03-20 17:00:00+00:00
1774029600000,0.1745,0.1745,0.1731,0.1734,139081.5,1774033199999,24152.89701,211,2026-03-20 18:00:00+00:00
1774033200000,0.1737,0.174,0.1722,0.1735,232375.7,1774036799999,40133.92999,163,2026-03-20 19:00:00+00:00
1774036800000,0.1736,0.1736,0.1714,0.1728,101810.7,1774040399999,17526.17731,184,2026-03-20 20:00:00+00:00
1774040400000,0.1731,0.1746,0.1729,0.1745,41598.1,1774043999999,7222.21933,67,2026-03-20 21:00:00+00:00
1774044000000,0.1747,0.1753,0.1743,0.1746,51279.6,1774047599999,8961.93332,88,2026-03-20 22:00:00+00:00
1774047600000,0.1745,0.1746,0.1733,0.1746,45395.4,1774051199999,7895.3415,95,2026-03-20 23:00:00+00:00
1774051200000,0.1742,0.1745,0.1739,0.1742,57409.6,1774054799999,10004.05069,80,2026-03-21 00:00:00+00:00
1774054800000,0.1742,0.1751,0.1742,0.1742,35178.1,1774058399999,6142.31271,64,2026-03-21 01:00:00+00:00
1774058400000,0.1738,0.1754,0.1738,0.1751,12606.8,1774061999999,2202.69992,27,2026-03-21 02:00:00+00:00
1774062000000,0.1752,0.1756,0.1747,0.1748,38567.0,1774065599999,6755.89391,48,2026-03-21 03:00:00+00:00
1774065600000,0.1748,0.1756,0.1748,0.1753,23985.3,1774069199999,4198.77102,74,2026-03-21 04:00:00+00:00
1774069200000,0.1753,0.176,0.1753,0.1756,37856.2,1774072799999,6649.51248,136,2026-03-21 05:00:00+00:00
1774072800000,0.1755,0.176,0.1748,0.1748,68028.5,1774076399999,11943.66684,135,2026-03-21 06:00:00+00:00
1774076400000,0.1748,0.1755,0.1742,0.1743,115730.7,1774079999999,20246.332,166,2026-03-21 07:00:00+00:00
1774080000000,0.1743,0.1748,0.1743,0.1748,31785.5,1774083599999,5549.66356,47,2026-03-21 08:00:00+00:00
1774083600000,0.1747,0.175,0.1737,0.174,44520.6,1774087199999,7755.71238,65,2026-03-21 09:00:00+00:00
1774087200000,0.1739,0.174,0.1733,0.174,20057.0,1774090799999,3485.06346,49,2026-03-21 10:00:00+00:00
1774090800000,0.174,0.174,0.1736,0.1739,22631.3,1774094399999,3933.7788,50,2026-03-21 11:00:00+00:00
1774094400000,0.1739,0.1741,0.1737,0.1738,42709.1,1774097999999,7429.94489,53,2026-03-21 12:00:00+00:00
1774098000000,0.1738,0.1743,0.1738,0.1743,11046.7,1774101599999,1923.71004,28,2026-03-21 13:00:00+00:00
1774101600000,0.1746,0.1753,0.1736,0.1736,55943.1,1774105199999,9781.49053,101,2026-03-21 14:00:00+00:00
1774105200000,0.1741,0.1744,0.1734,0.1736,54673.2,1774108799999,9503.27235,122,2026-03-21 15:00:00+00:00
1774108800000,0.1736,0.1743,0.1732,0.1732,38807.5,1774112399999,6744.89046,96,2026-03-21 16:00:00+00:00
1774112400000,0.1732,0.1734,0.173,0.1733,19082.3,1774115999999,3305.16685,47,2026-03-21 17:00:00+00:00
1774116000000,0.1733,0.174,0.1733,0.1738,26584.9,1774119599999,4620.19078,51,2026-03-21 18:00:00+00:00
1774119600000,0.1736,0.1738,0.1731,0.1732,9766.5,1774123199999,1694.47745,35,2026-03-21 19:00:00+00:00
1774123200000,0.1736,0.1742,0.1736,0.1742,15729.3,1774126799999,2732.41417,21,2026-03-21 20:00:00+00:00
1774126800000,0.1742,0.1744,0.1733,0.1733,61029.4,1774130399999,10601.13951,85,2026-03-21 21:00:00+00:00
1774130400000,0.1732,0.1735,0.1732,0.1732,24552.5,1774133999999,4253.51098,31,2026-03-21 22:00:00+00:00
1774134000000,0.1731,0.1732,0.1674,0.1687,407684.3,1774137599999,69299.41956,744,2026-03-21 23:00:00+00:00
1774137600000,0.1687,0.1691,0.1654,0.1684,439936.1,1774141199999,73676.10571,784,2026-03-22 00:00:00+00:00
1774141200000,0.1685,0.169,0.1679,0.1688,112935.4,1774144799999,19021.97849,164,2026-03-22 01:00:00+00:00
1774144800000,0.169,0.1703,0.1687,0.1697,74572.7,1774148399999,12635.98477,144,2026-03-22 02:00:00+00:00
1774148400000,0.1695,0.1707,0.1692,0.1693,187808.9,1774151999999,31913.9479,113,2026-03-22 03:00:00+00:00
