open_time,open,high,low,close,volume,close_time,quote_asset_volume,num_trades,timestamp
1743109200000,0.01261,0.058,0.01261,0.04326,183278949.0,1743112800000,7738621.66316,31427,2025-03-27 21:00:00+00:00
1743112800000,0.04335,0.05419,0.042,0.0431,220438638.0,1743116400000,10663764.4267,47153,2025-03-27 22:00:00+00:00
1743116400000,0.0431,0.05155,0.04263,0.04777,133380704.0,1743120000000,6294384.4652,30078,2025-03-27 23:00:00+00:00
1743120000000,0.04777,0.05,0.04282,0.04833,133678955.0,1743123600000,6303476.38772,29284,2025-03-28 00:00:00+00:00
1743123600000,0.04833,0.0548,0.04657,0.04741,139351579.0,1743127200000,7039960.35549,32572,2025-03-28 01:00:00+00:00
1743127200000,0.04735,0.04759,0.0432,0.04343,108649988.0,1743130800000,4964678.66514,25296,2025-03-28 02:00:00+00:00
1743130800000,0.04352,0.0452,0.04325,0.04408,53724524.0,1743134400000,2372597.1669,12449,2025-03-28 03:00:00+00:00
1743134400000,0.04408,0.04409,0.03884,0.0395,110020979.0,1743138000000,4486456.87109,22143,2025-03-28 04:00:00+00:00
1743138000000,0.0395,0.04113,0.03838,0.03892,60550730.0,1743141600000,2419067.18445,14777,2025-03-28 05:00:00+00:00
1743141600000,0.03885,0.03948,0.0355,0.03718,125299447.0,1743145200000,4639153.47348,25404,2025-03-28 06:00:00+00:00
1743145200000,0.03722,0.03849,0.03645,0.03806,58941644.0,1743148800000,2204355.28705,12753,2025-03-28 07:00:00+00:00
1743148800000,0.03809,0.04,0.03695,0.03835,87962313.0,1743152400000,3369299.77756,15283,2025-03-28 08:00:00+00:00
1743152400000,0.03837,0.04,0.03739,0.03886,69166758.0,1743156000000,2670685.22434,11904,2025-03-28 09:00:00+00:00
1743156000000,0.03886,0.03975,0.03606,0.03662,71262527.0,1743159600000,2701836.74876,12271,2025-03-28 10:00:00+00:00
1743159600000,0.0366,0.03846,0.03656,0.03816,36033300.0,1743163200000,1350866.01105,7977,2025-03-28 11:00:00+00:00
1743163200000,0.03823,0.04278,0.03703,0.04081,70155629.0,1743166800000,2781476.52494,18518,2025-03-28 12:00:00+00:00
1743166800000,0.04081,0.041,0.0385,0.0399,92388543.0,1743170400000,3674996.06865,21913,2025-03-28 13:00:00+00:00
1743170400000,0.03989,0.04398,0.03934,0.04303,128559747.0,1743174000000,5333010.89113,27016,2025-03-28 14:00:00+00:00
1743174000000,0.043,0.0447,0.04119,0.04176,103607248.0,1743177600000,4428339.91722,23105,2025-03-28 15:00:00+00:00
1743177600000,0.04177,0.04331,0.03909,0.03985,115816737.0,1743181200000,4781524.49583,21394,2025-03-28 16:00:00+00:00
1743181200000,0.03981,0.041,0.03832,0.041,67237849.0,1743184800000,2642402.76516,18078,2025-03-28 17:00:00+00:00
1743184800000,0.04093,0.04258,0.04054,0.0407,63969524.0,1743188400000,2652475.95229,14836,2025-03-28 18:00:00+00:00
1743188400000,0.04073,0.04148,0.03954,0.0402,31464417.0,1743192000000,1268134.08739,8506,2025-03-28 19:00:00+00:00
1743192000000,0.04023,0.04107,0.03932,0.03937,35038415.0,1743195600000,1405756.42408,8480,2025-03-28 20:00:00+00:00
1743195600000,0.03935,0.04063,0.03908,0.03991,36353398.0,1743199200000,1451227.90672,8591,2025-03-28 21:00:00+00:00
1743199200000,0.03983,0.04198,0.0397,0.04184,39411646.0,1743202800000,1616326.82182,10935,2025-03-28 22:00:00+00:00
1743202800000,0.04186,0.0425,0.04083,0.04172,40086375.0,1743206400000,1673755.3854,11511,2025-03-28 23:00:00+00:00
1743206400000,0.0417,0.04185,0.0395,0.03981,38352355.0,1743210000000,1555574.31306,11654,2025-03-29 00:00:00+00:00
1743210000000,0.0398,0.0409,0.03941,0.04028,35337940.0,1743213600000,1418737.39012,11509,2025-03-29 01:00:00+00:00
1743213600000,0.04028,0.04175,0.0402,0.04113,35895203.0,1743217200000,1475318.37088,9853,2025-03-29 02:00:00+00:00
1743217200000,0.0411,0.0462,0.04086,0.04302,101932676.0,1743220800000,4445660.76991,27898,2025-03-29 03:00:00+00:00
1743220800000,0.043,0.045,0.04181,0.04254,63533122.0,1743224400000,2761984.78622,19432,2025-03-29 04:00:00+00:00
1743224400000,0.04254,0.04311,0.04115,0.04149,40506719.0,1743228000000,1700655.91663,9478,2025-03-29 05:00:00+00:00
1743228000000,0.04149,0.0452,0.04148,0.04492,105136348.0,1743231600000,4613624.2389,24907,2025-03-29 06:00:00+00:00
1743231600000,0.04491,0.04558,0.04308,0.04333,53766296.0,1743235200000,2384007.29823,13865,2025-03-29 07:00:00+00:00
1743235200000,0.04333,0.04528,0.0424,0.04487,53331812.0,1743238800000,2339639.39197,17579,2025-03-29 08:00:00+00:00
1743238800000,0.04487,0.04999,0.04394,0.04881,94931709.0,1743242400000,4393851.58252,25057,2025-03-29 09:00:00+00:00
1743242400000,0.04881,0.0555,0.04745,0.05243,197724173.0,1743246000000,10177584.80317,58430,2025-03-29 10:00:00+00:00
1743246000000,0.05242,0.05395,0.04821,0.04898,159408237.0,1743249600000,8210255.27134,47265,2025-03-29 11:00:00+00:00
1743249600000,0.04909,0.0503,0.04655,0.04706,101472693.0,1743253200000,4916765.45928,23883,2025-03-29 12:00:00+00:00
1743253200000,0.04701,0.04788,0.0457,0.04611,47435646.0,1743256800000,2225216.7844,11064,2025-03-29 13:00:00+00:00
1743256800000,0.04611,0.047,0.04467,0.04565,65199640.0,1743260400000,2980533.45992,17490,2025-03-29 14:00:00+00:00
1743260400000,0.04569,0.04749,0.04537,0.04568,52908747.0,1743264000000,2454620.28361,11930,2025-03-29 15:00:00+00:00
1743264000000,0.04566,0.04804,0.04372,0.04387,75820086.0,1743267600000,3487269.38246,17697,2025-03-29 16:00:00+00:00
1743267600000,0.04388,0.04564,0.04159,0.04252,83067435.0,1743271200000,3614949.00271,19864,2025-03-29 17:00:00+00:00
1743271200000,0.04255,0.04313,0.04083,0.04162,56736335.0,1743274800000,2372215.39636,15052,2025-03-29 18:00:00+00:00
1743274800000,0.04163,0.04191,0.03985,0.04004,76439050.0,1743278400000,3089421.84586,17600,2025-03-29 19:00:00+00:00
1743278400000,0.04006,0.04039,0.03857,0.03878,40979591.0,1743282000000,1612577.88958,10194,2025-03-29 20:00:00+00:00
1743282000000,0.03874,0.0397,0.03818,0.03914,32874096.0,1743285600000,1275684.93984,9375,2025-03-29 21:00:00+00:00
1743285600000,0.03914,0.03947,0.0382,0.03887,21519288.0,1743289200000,836388.67424,8059,2025-03-29 22:00:00+00:00
1743289200000,0.03885,0.0404,0.03728,0.03988,45989978.0,1743292800000,1755864.40658,12388,2025-03-29 23:00:00+00:00
1743292800000,0.03987,0.0399,0.03812,0.03906,44277206.0,1743296400000,1727087.71861,15200,2025-03-30 00:00:00+00:00
1743296400000,0.03904,0.0425,0.039,0.04023,69319250.0,1743300000000,2843397.98378,18524,2025-03-30 01:00:00+00:00
1743300000000,0.04022,0.04144,0.03962,0.0407,29937875.0,1743303600000,1213543.71874,8024,2025-03-30 02:00:00+00:00
1743303600000,0.04073,0.04075,0.03974,0.0402,31773239.0,1743307200000,1274969.41802,7283,2025-03-30 03:00:00+00:00
1743307200000,0.0402,0.04212,0.03919,0.04174,39097082.0,1743310800000,1594146.36495,12670,2025-03-30 04:00:00+00:00
1743310800000,0.04176,0.04481,0.0408,0.04401,60286411.0,1743314400000,2572241.93661,14520,2025-03-30 05:00:00+00:00
1743314400000,0.04402,0.04429,0.04079,0.0411,41388678.0,1743318000000,1750434.00664,9714,2025-03-30 06:00:00+00:00
1743318000000,0.0411,0.0414,0.03969,0.04024,30772840.0,1743321600000,1248987.29268,6818,2025-03-30 07:00:00+00:00
1743321600000,0.04023,0.04058,0.03925,0.03985,23302456.0,1743325200000,927642.34221,6762,2025-03-30 08:00:00+00:00
1743325200000,0.03986,0.04128,0.03964,0.04031,31957673.0,1743328800000,1292485.19517,8249,2025-03-30 09:00:00+00:00
1743328800000,0.04032,0.04066,0.03823,0.03829,28909442.0,1743332400000,1136087.71382,7214,2025-03-30 10:00:00+00:00
1743332400000,0.03827,0.03931,0.03723,0.03866,41722607.0,1743336000000,1597578.54941,10568,2025-03-30 11:00:00+00:00
1743336000000,0.03866,0.03866,0.0366,0.03763,48231969.0,1743339600000,1801559.66279,11126,2025-03-30 12:00:00+00:00
1743339600000,0.03763,0.04116,0.03644,0.03845,76566662.0,1743343200000,2928655.8643,18493,2025-03-30 13:00:00+00:00
1743343200000,0.03842,0.03956,0.03718,0.03726,44772806.0,1743346800000,1709298.5871,7991,2025-03-30 14:00:00+00:00
1743346800000,0.03723,0.0386,0.03698,0.03772,22236370.0,1743350400000,839803.78749,6013,2025-03-30 15:00:00+00:00
1743350400000,0.03772,0.03888,0.03626,0.0387,46844155.0,1743354000000,1752132.53948,11063,2025-03-30 16:00:00+00:00
1743354000000,0.03872,0.0394,0.03817,0.03852,18555576.0,1743357600000,716775.89772,5477,2025-03-30 17:00:00+00:00
1743357600000,0.03853,0.04009,0.03836,0.03939,32143679.0,1743361200000,1260148.08905,7907,2025-03-30 18:00:00+00:00
1743361200000,0.0394,0.04016,0.03903,0.03941,14159527.0,1743364800000,559895.78788,4178,2025-03-30 19:00:00+00:00
1743364800000,0.0394,0.03962,0.03872,0.03898,8111465.0,1743368400000,316570.86528,3285,2025-03-30 20:00:00+00:00
1743368400000,0.03899,0.04049,0.03854,0.03889,22366700.0,1743372000000,885028.61886,6533,2025-03-30 21:00:00+00:00
1743372000000,0.03889,0.04088,0.03864,0.03992,17222074.0,1743375600000,684563.72017,7796,2025-03-30 22:00:00+00:00
1743375600000,0.03996,0.04069,0.03911,0.03998,15669951.0,1743379200000,624386.42568,6060,2025-03-30 23:00:00+00:00
1743379200000,0.03998,0.04025,0.03836,0.03867,24420131.0,1743382800000,955233.63636,8989,2025-03-31 00:00:00+00:00
1743382800000,0.03868,0.04028,0.03788,0.03829,41229971.0,1743386400000,1617889.82334,11854,2025-03-31 01:00:00+00:00
1743386400000,0.03831,0.03905,0.03791,0.0384,14740690.0,1743390000000,565226.9231,5319,2025-03-31 02:00:00+00:00
1743390000000,0.03841,0.0394,0.03823,0.03925,16925575.0,1743393600000,657859.58601,5364,2025-03-31 03:00:00+00:00
1743393600000,0.03925,0.04013,0.03907,0.03963,20758907.0,1743397200000,821819.01359,6203,2025-03-31 04:00:00+00:00
1743397200000,0.03965,0.0407,0.0395,0.04034,24524864.0,1743400800000,984407.39197,8196,2025-03-31 05:00:00+00:00
1743400800000,0.04033,0.0417,0.04002,0.04154,28949270.0,1743404400000,1181832.7487,8548,2025-03-31 06:00:00+00:00
1743404400000,0.04154,0.04188,0.04052,0.04086,42602455.0,1743408000000,1753977.4276,10996,2025-03-31 07:00:00+00:00
1743408000000,0.04085,0.04336,0.04032,0.04157,66034994.0,1743411600000,2789004.33553,17202,2025-03-31 08:00:00+00:00
1743411600000,0.0416,0.04249,0.04084,0.04131,39172938.0,1743415200000,1633089.16144,9477,2025-03-31 09:00:00+00:00
1743415200000,0.04131,0.04194,0.04023,0.0419,51130838.0,1743418800000,2086219.75544,9125,2025-03-31 10:00:00+00:00
1743418800000,0.04191,0.04206,0.04108,0.0419,28955653.0,1743422400000,1201256.67255,7393,2025-03-31 11:00:00+00:00
1743422400000,0.04192,0.04241,0.04068,0.04221,34512309.0,1743426000000,1432773.92677,9325,2025-03-31 12:00:00+00:00
1743426000000,0.04222,0.04254,0.03947,0.04133,47488123.0,1743429600000,1936599.36713,14036,2025-03-31 13:00:00+00:00
1743429600000,0.04138,0.05,0.04138,0.0457,176027652.0,1743433200000,8054518.57402,44995,2025-03-31 14:00:00+00:00
1743433200000,0.04569,0.04569,0.042,0.04253,123352204.0,1743436800000,5443784.27542,24375,2025-03-31 15:00:00+00:00
1743436800000,0.0425,0.04323,0.04075,0.04141,50588508.0,1743440400000,2120912.62826,12420,2025-03-31 16:00:00+00:00
1743440400000,0.04144,0.04187,0.04069,0.04171,16327374.0,1743444000000,674920.653,6122,2025-03-31 17:00:00+00:00
1743444000000,0.04172,0.04262,0.04142,0.04159,16684893.0,1743447600000,703042.89806,5518,2025-03-31 18:00:00+00:00
1743447600000,0.04163,0.04175,0.04101,0.04128,7769202.0,1743451200000,321501.32213,3051,2025-03-31 19:00:00+00:00
1743451200000,0.0413,0.04145,0.04064,0.04075,14730525.0,1743454800000,603582.23805,3826,2025-03-31 20:00:00+00:00
1743454800000,0.04076,0.04127,0.0405,0.04066,7152750.0,1743458400000,292649.36464,2468,2025-03-31 21:00:00+00:00
1743458400000,0.04066,0.04119,0.04028,0.04046,10891181.0,1743462000000,443804.57525,3166,2025-03-31 22:00:00+00:00
1743462000000,0.04047,0.04082,0.04009,0.04032,15866956.0,1743465600000,642383.08182,5238,2025-03-31 23:00:00+00:00
1743465600000,0.04034,0.04043,0.03961,0.03985,10253295.0,1743469200000,410169.91882,3320,2025-04-01 00:00:00+00:00
1743469200000,0.03986,0.04046,0.03956,0.04018,11608918.0,1743472800000,465502.08612,3348,2025-04-01 01:00:00+00:00
1743472800000,0.04018,0.04074,0.03987,0.04051,12191013.0,1743476400000,491547.87082,3721,2025-04-01 02:00:00+00:00
1743476400000,0.04053,0.04071,0.03994,0.0402,6401176.0,1743480000000,257996.20741,2662,2025-04-01 03:00:00+00:00
1743480000000,0.04021,0.0405,0.03906,0.04,24812397.0,1743483600000,988301.40547,6656,2025-04-01 04:00:00+00:00
1743483600000,0.04001,0.04064,0.0395,0.03956,21627355.0,1743487200000,866809.89922,6043,2025-04-01 05:00:00+00:00
1743487200000,0.03954,0.04013,0.0392,0.03986,9394126.0,1743490800000,371504.09415,3424,2025-04-01 06:00:00+00:00
1743490800000,0.03987,0.03991,0.03866,0.03895,15857407.0,1743494400000,620192.69811,4433,2025-04-01 07:00:00+00:00
1743494400000,0.03895,0.03956,0.03866,0.03895,31771274.0,1743498000000,1240317.29585,5710,2025-04-01 08:00:00+00:00
1743498000000,0.03897,0.03947,0.03882,0.03907,12715307.0,1743501600000,498321.99799,3741,2025-04-01 09:00:00+00:00
1743501600000,0.03908,0.03983,0.03774,0.03815,42057733.0,1743505200000,1629108.20457,8837,2025-04-01 10:00:00+00:00
1743505200000,0.03816,0.03821,0.03647,0.03693,52464061.0,1743508800000,1952528.74334,12164,2025-04-01 11:00:00+00:00
1743508800000,0.03692,0.03778,0.03638,0.03688,40347825.0,1743512400000,1493287.3308,8245,2025-04-01 12:00:00+00:00
1743512400000,0.03693,0.037,0.03513,0.0355,44581051.0,1743516000000,1594351.06496,8690,2025-04-01 13:00:00+00:00
1743516000000,0.0355,0.0364,0.03466,0.03598,56495862.0,1743519600000,1989845.24295,10171,2025-04-01 14:00:00+00:00
1743519600000,0.03598,0.0396,0.0355,0.03722,43994272.0,1743523200000,1630972.06428,9420,2025-04-01 15:00:00+00:00
1743523200000,0.03724,0.03798,0.0368,0.03715,23152725.0,1743526800000,864326.86161,4794,2025-04-01 16:00:00+00:00
1743526800000,0.03715,0.03734,0.03656,0.03669,25248619.0,1743530400000,935472.70349,4787,2025-04-01 17:00:00+00:00
1743530400000,0.03671,0.03718,0.03655,0.03695,6864110.0,1743534000000,253379.6588,2243,2025-04-01 18:00:00+00:00
1743534000000,0.03696,0.03712,0.03643,0.03654,6776277.0,1743537600000,248407.73984,2006,2025-04-01 19:00:00+00:00
1743537600000,0.03656,0.0368,0.03599,0.03612,9630789.0,1743541200000,349564.53056,2936,2025-04-01 20:00:00+00:00
1743541200000,0.03614,0.03633,0.03563,0.03565,7740730.0,1743544800000,278245.95123,2471,2025-04-01 21:00:00+00:00
1743544800000,0.03567,0.036,0.03436,0.03524,14441144.0,1743548400000,513146.8355,3274,2025-04-01 22:00:00+00:00
1743548400000,0.03524,0.03533,0.03438,0.03442,14572459.0,1743552000000,506166.10545,3938,2025-04-01 23:00:00+00:00
1743552000000,0.03443,0.03449,0.0332,0.03332,33614307.0,1743555600000,1135934.36121,6606,2025-04-02 00:00:00+00:00
1743555600000,0.03332,0.03353,0.03119,0.03168,30592546.0,1743559200000,985148.14645,8274,2025-04-02 01:00:00+00:00
1743559200000,0.03169,0.03247,0.03086,0.03103,44262713.0,1743562800000,1395488.40086,10591,2025-04-02 02:00:00+00:00
1743562800000,0.03103,0.03189,0.03103,0.03129,22415979.0,1743566400000,704120.41242,5397,2025-04-02 03:00:00+00:00
1743566400000,0.03129,0.03143,0.03057,0.03089,31482455.0,1743570000000,972727.19475,6494,2025-04-02 04:00:00+00:00
1743570000000,0.03089,0.03098,0.02925,0.02951,46308190.0,1743573600000,1382637.27283,9156,2025-04-02 05:00:00+00:00
1743573600000,0.0295,0.02959,0.02803,0.02862,48928544.0,1743577200000,1410329.01199,7646,2025-04-02 06:00:00+00:00
1743577200000,0.02864,0.02967,0.02852,0.02897,31325116.0,1743580800000,909982.31372,5847,2025-04-02 07:00:00+00:00
1743580800000,0.02905,0.0304,0.02891,0.02939,33577890.0,1743584400000,988326.51472,6737,2025-04-02 08:00:00+00:00
1743584400000,0.02936,0.02983,0.02891,0.02895,25292787.0,1743588000000,741494.79661,4500,2025-04-02 09:00:00+00:00
1743588000000,0.02896,0.02916,0.02852,0.02893,17744152.0,1743591600000,511387.42894,4360,2025-04-02 10:00:00+00:00
1743591600000,0.02891,0.0292,0.02821,0.02832,27227788.0,1743595200000,776831.47286,4464,2025-04-02 11:00:00+00:00
1743595200000,0.02833,0.02878,0.02806,0.02825,32707528.0,1743598800000,928950.59521,4795,2025-04-02 12:00:00+00:00
1743598800000,0.02826,0.02872,0.02733,0.02838,40968673.0,1743602400000,1144178.20272,5552,2025-04-02 13:00:00+00:00
1743602400000,0.02836,0.02864,0.02763,0.0278,14674713.0,1743606000000,411030.04272,3372,2025-04-02 14:00:00+00:00
1743606000000,0.02781,0.02897,0.0277,0.02837,31605625.0,1743609600000,899162.51796,5723,2025-04-02 15:00:00+00:00
1743609600000,0.02837,0.02888,0.02808,0.02877,24877278.0,1743613200000,707270.17661,3918,2025-04-02 16:00:00+00:00
1743613200000,0.02878,0.02899,0.02812,0.02851,12536799.0,1743616800000,357422.24624,2479,2025-04-02 17:00:00+00:00
1743616800000,0.0285,0.02879,0.02817,0.02875,7592714.0,1743620400000,216675.04579,2147,2025-04-02 18:00:00+00:00
1743620400000,0.02874,0.02885,0.02782,0.02817,10284110.0,1743624000000,290154.30345,2745,2025-04-02 19:00:00+00:00
1743624000000,0.02816,0.03019,0.02747,0.02893,38640674.0,1743627600000,1113984.43816,8592,2025-04-02 20:00:00+00:00
1743627600000,0.02892,0.02993,0.02869,0.02926,18569740.0,1743631200000,542378.62503,3993,2025-04-02 21:00:00+00:00
1743631200000,0.02926,0.02951,0.0284,0.02856,24119609.0,1743634800000,698716.42502,4312,2025-04-02 22:00:00+00:00
1743634800000,0.02853,0.02897,0.02804,0.02848,14651872.0,1743638400000,416443.19643,3702,2025-04-02 23:00:00+00:00
1743638400000,0.02848,0.02911,0.02834,0.02891,13241926.0,1743642000000,380313.31085,3120,2025-04-03 00:00:00+00:00
1743642000000,0.02892,0.02938,0.02846,0.02923,9777894.0,1743645600000,282366.86191,2764,2025-04-03 01:00:00+00:00
1743645600000,0.02924,0.02977,0.02877,0.02888,11237176.0,1743649200000,330502.26388,2915,2025-04-03 02:00:00+00:00
1743649200000,0.02884,0.02947,0.02862,0.02924,13089875.0,1743652800000,380901.59954,2772,2025-04-03 03:00:00+00:00
1743652800000,0.02922,0.02944,0.02763,0.02843,13661544.0,1743656400000,387521.06247,3838,2025-04-03 04:00:00+00:00
1743656400000,0.02842,0.02875,0.02657,0.02666,25490775.0,1743660000000,698981.21919,5229,2025-04-03 05:00:00+00:00
1743660000000,0.02668,0.02694,0.02544,0.02569,34685936.0,1743663600000,912104.85894,5725,2025-04-03 06:00:00+00:00
1743663600000,0.02571,0.0262,0.02531,0.02591,26922706.0,1743667200000,693057.60419,4219,2025-04-03 07:00:00+00:00
1743667200000,0.02593,0.02615,0.02538,0.02564,23993435.0,1743670800000,615786.95537,5186,2025-04-03 08:00:00+00:00
1743670800000,0.02565,0.02573,0.02481,0.02493,32101024.0,1743674400000,808664.05738,4150,2025-04-03 09:00:00+00:00
1743674400000,0.0249,0.02508,0.02371,0.02373,33125801.0,1743678000000,815987.58057,4566,2025-04-03 10:00:00+00:00
1743678000000,0.02374,0.02412,0.02344,0.02347,50920162.0,1743681600000,1211215.13819,5674,2025-04-03 11:00:00+00:00
1743681600000,0.02347,0.0239,0.0231,0.02352,85798441.0,1743685200000,2016435.99938,8156,2025-04-03 12:00:00+00:00
1743685200000,0.02353,0.02394,0.02321,0.0239,30238711.0,1743688800000,710688.72982,3968,2025-04-03 13:00:00+00:00
1743688800000,0.02387,0.02387,0.02303,0.02311,18316491.0,1743692400000,427311.85204,3947,2025-04-03 14:00:00+00:00
1743692400000,0.02309,0.0237,0.0228,0.02338,21151532.0,1743696000000,493063.49046,3366,2025-04-03 15:00:00+00:00
1743696000000,0.02339,0.02353,0.02309,0.02327,12035057.0,1743699600000,280841.01443,2080,2025-04-03 16:00:00+00:00
1743699600000,0.02329,0.02384,0.02329,0.02337,8444711.0,1743703200000,199250.24073,1723,2025-04-03 17:00:00+00:00
1743703200000,0.02338,0.02377,0.02321,0.02347,6916831.0,1743706800000,161820.5111,1818,2025-04-03 18:00:00+00:00
1743706800000,0.02347,0.0237,0.02322,0.02342,6783883.0,1743710400000,159105.54691,1508,2025-04-03 19:00:00+00:00
1743710400000,0.02341,0.02344,0.02277,0.02301,19565755.0,1743714000000,451524.49955,3094,2025-04-03 20:00:00+00:00
1743714000000,0.02299,0.02311,0.02256,0.02294,16932318.0,1743717600000,387279.71239,2693,2025-04-03 21:00:00+00:00
1743717600000,0.02294,0.02296,0.02237,0.02253,15537440.0,1743721200000,352420.60945,2654,2025-04-03 22:00:00+00:00
1743721200000,0.02253,0.02261,0.02219,0.0222,16972612.0,1743724800000,379980.63716,2916,2025-04-03 23:00:00+00:00
1743724800000,0.0222,0.02257,0.02193,0.02194,32835404.0,1743728400000,730307.20259,3888,2025-04-04 00:00:00+00:00
1743728400000,0.02195,0.02256,0.02167,0.02216,13980861.0,1743732000000,309795.40648,3052,2025-04-04 01:00:00+00:00
1743732000000,0.02217,0.02321,0.02216,0.02266,19300488.0,1743735600000,439505.48072,3787,2025-04-04 02:00:00+00:00
1743735600000,0.02265,0.02289,0.02233,0.02257,23258757.0,1743739200000,526759.55783,4733,2025-04-04 03:00:00+00:00
1743739200000,0.02257,0.0235,0.02234,0.02305,27563136.0,1743742800000,633905.21958,4366,2025-04-04 04:00:00+00:00
1743742800000,0.02305,0.02325,0.02262,0.02273,14637747.0,1743746400000,334475.42975,2496,2025-04-04 05:00:00+00:00
1743746400000,0.02274,0.02285,0.02178,0.0219,17447020.0,1743750000000,388514.11432,3177,2025-04-04 06:00:00+00:00
1743750000000,0.0219,0.02242,0.02181,0.02228,18920083.0,1743753600000,417456.72886,2979,2025-04-04 07:00:00+00:00
1743753600000,0.02228,0.02262,0.02193,0.02219,18219267.0,1743757200000,405368.89288,2992,2025-04-04 08:00:00+00:00
1743757200000,0.02218,0.02221,0.02162,0.02173,25538423.0,1743760800000,558044.4346,3376,2025-04-04 09:00:00+00:00
1743760800000,0.02173,0.02174,0.02101,0.02133,46268229.0,1743764400000,988588.9638,5901,2025-04-04 10:00:00+00:00
1743764400000,0.02134,0.02184,0.02125,0.0218,16732984.0,1743768000000,361473.73763,2807,2025-04-04 11:00:00+00:00
1743768000000,0.02178,0.02247,0.02174,0.02212,30684143.0,1743771600000,675956.27312,6204,2025-04-04 12:00:00+00:00
1743771600000,0.02215,0.0222,0.02152,0.02218,22908166.0,1743775200000,501135.25446,4298,2025-04-04 13:00:00+00:00
1743775200000,0.02218,0.02224,0.0218,0.02188,14063265.0,1743778800000,309440.10645,2661,2025-04-04 14:00:00+00:00
1743778800000,0.02188,0.02275,0.02187,0.02198,26888401.0,1743782400000,599379.48071,4801,2025-04-04 15:00:00+00:00
1743782400000,0.02197,0.02228,0.02164,0.02214,11789532.0,1743786000000,259032.66385,2509,2025-04-04 16:00:00+00:00
1743786000000,0.02214,0.02276,0.02193,0.02275,8292721.0,1743789600000,185267.81263,2537,2025-04-04 17:00:00+00:00
1743789600000,0.02275,0.02297,0.02166,0.02214,20810228.0,1743793200000,468425.06531,7236,2025-04-04 18:00:00+00:00
1743793200000,0.02214,0.02266,0.02201,0.02226,6862227.0,1743796800000,153206.85547,2101,2025-04-04 19:00:00+00:00
1743796800000,0.02226,0.02264,0.02225,0.02244,5144994.0,1743800400000,115618.43516,1803,2025-04-04 20:00:00+00:00
1743800400000,0.02244,0.0226,0.02226,0.02237,5325597.0,1743804000000,119415.44661,1708,2025-04-04 21:00:00+00:00
1743804000000,0.02238,0.02339,0.02218,0.02287,12941726.0,1743807600000,295310.25164,2769,2025-04-04 22:00:00+00:00
1743807600000,0.02288,0.02316,0.02252,0.02257,10404551.0,1743811200000,236962.88632,2019,2025-04-04 23:00:00+00:00
1743811200000,0.02257,0.0227,0.02213,0.02268,7318669.0,1743814800000,163610.81934,1690,2025-04-05 00:00:00+00:00
1743814800000,0.02268,0.02315,0.02266,0.02293,12722074.0,1743818400000,291786.50093,1984,2025-04-05 01:00:00+00:00
1743818400000,0.02292,0.0234,0.0228,0.02303,9052971.0,1743822000000,208561.3734,2057,2025-04-05 02:00:00+00:00
1743822000000,0.02302,0.02364,0.0226,0.0228,11925601.0,1743825600000,275158.83649,2467,2025-04-05 03:00:00+00:00
1743825600000,0.0228,0.02364,0.02265,0.02338,8785646.0,1743829200000,204303.85149,2153,2025-04-05 04:00:00+00:00
1743829200000,0.02338,0.0234,0.02296,0.02315,8158077.0,1743832800000,189326.19638,1663,2025-04-05 05:00:00+00:00
1743832800000,0.02314,0.02352,0.02285,0.02321,14260844.0,1743836400000,331219.0783,2819,2025-04-05 06:00:00+00:00
1743836400000,0.02321,0.02572,0.02309,0.02439,105819010.0,1743840000000,2588376.30051,16641,2025-04-05 07:00:00+00:00
1743840000000,0.0244,0.02499,0.02309,0.02348,46913335.0,1743843600000,1118552.85205,7816,2025-04-05 08:00:00+00:00
1743843600000,0.02349,0.0241,0.02276,0.02368,30058671.0,1743847200000,706940.44829,5146,2025-04-05 09:00:00+00:00
1743847200000,0.02371,0.02388,0.02289,0.02295,20864064.0,1743850800000,488398.98724,3772,2025-04-05 10:00:00+00:00
1743850800000,0.02298,0.02315,0.02238,0.02258,21969183.0,1743854400000,498401.39545,3569,2025-04-05 11:00:00+00:00
1743854400000,0.02258,0.0248,0.02238,0.02455,58576861.0,1743858000000,1395901.21917,12214,2025-04-05 12:00:00+00:00
1743858000000,0.02455,0.02546,0.024,0.02418,63576506.0,1743861600000,1579009.93413,11507,2025-04-05 13:00:00+00:00
1743861600000,0.0242,0.02587,0.02389,0.02546,58822364.0,1743865200000,1477964.04558,10618,2025-04-05 14:00:00+00:00
1743865200000,0.02547,0.02619,0.0251,0.02546,39842102.0,1743868800000,1020749.08526,7022,2025-04-05 15:00:00+00:00
1743868800000,0.02545,0.02547,0.0244,0.02457,21389963.0,1743872400000,532324.53029,4412,2025-04-05 16:00:00+00:00
1743872400000,0.02457,0.02541,0.02415,0.02438,15551614.0,1743876000000,385591.88897,3946,2025-04-05 17:00:00+00:00
1743876000000,0.02435,0.02458,0.02402,0.02417,10284699.0,1743879600000,249002.47563,2849,2025-04-05 18:00:00+00:00
1743879600000,0.02417,0.02445,0.02373,0.02381,17355249.0,1743883200000,416689.8378,3380,2025-04-05 19:00:00+00:00
1743883200000,0.02382,0.0242,0.02366,0.0241,11663891.0,1743886800000,279047.08657,2779,2025-04-05 20:00:00+00:00
1743886800000,0.0241,0.02435,0.02372,0.02378,10266680.0,1743890400000,245604.08843,2434,2025-04-05 21:00:00+00:00
1743890400000,0.0238,0.02415,0.0236,0.02388,9260672.0,1743894000000,221286.20587,1535,2025-04-05 22:00:00+00:00
1743894000000,0.02388,0.02422,0.02371,0.02392,9865579.0,1743897600000,236578.8442,2285,2025-04-05 23:00:00+00:00
1743897600000,0.02393,0.0242,0.02348,0.0235,10026148.0,1743901200000,239161.87466,2567,2025-04-06 00:00:00+00:00
1743901200000,0.0235,0.02352,0.02303,0.02324,10368139.0,1743904800000,241239.34187,2740,2025-04-06 01:00:00+00:00
1743904800000,0.02323,0.02409,0.02316,0.02365,11073668.0,1743908400000,261387.72648,2864,2025-04-06 02:00:00+00:00
1743908400000,0.02363,0.02426,0.02348,0.02414,9694155.0,1743912000000,232299.89189,2949,2025-04-06 03:00:00+00:00
1743912000000,0.02414,0.02467,0.0238,0.02422,18187407.0,1743915600000,440339.22857,3969,2025-04-06 04:00:00+00:00
1743915600000,0.02422,0.02499,0.02394,0.02462,19767004.0,1743919200000,484751.53144,4096,2025-04-06 05:00:00+00:00
1743919200000,0.02462,0.02547,0.02418,0.02496,26077786.0,1743922800000,649547.16083,6320,2025-04-06 06:00:00+00:00
1743922800000,0.02496,0.02514,0.02443,0.02484,24131081.0,1743926400000,597154.54165,4538,2025-04-06 07:00:00+00:00
1743926400000,0.02482,0.02551,0.02459,0.02514,14854528.0,1743930000000,372868.97348,3935,2025-04-06 08:00:00+00:00
1743930000000,0.02515,0.0259,0.02455,0.0249,41114333.0,1743933600000,1044329.15693,8712,2025-04-06 09:00:00+00:00
1743933600000,0.02489,0.02499,0.02426,0.02447,30104124.0,1743937200000,739789.53038,4705,2025-04-06 10:00:00+00:00
1743937200000,0.02447,0.02507,0.0243,0.02506,18555482.0,1743940800000,457726.47402,3612,2025-04-06 11:00:00+00:00
1743940800000,0.02504,0.0255,0.02458,0.02469,20387499.0,1743944400000,511671.4071,4333,2025-04-06 12:00:00+00:00
1743944400000,0.02471,0.02492,0.02381,0.02405,20023493.0,1743948000000,485082.52808,4565,2025-04-06 13:00:00+00:00
1743948000000,0.02406,0.02507,0.02386,0.02501,22451970.0,1743951600000,547920.09152,4798,2025-04-06 14:00:00+00:00
1743951600000,0.02499,0.02518,0.0247,0.0249,17141337.0,1743955200000,426922.7833,3141,2025-04-06 15:00:00+00:00
1743955200000,0.02489,0.02491,0.02441,0.02473,7667255.0,1743958800000,189091.90997,2410,2025-04-06 16:00:00+00:00
1743958800000,0.02474,0.0249,0.02413,0.02417,15706731.0,1743962400000,386481.19654,4152,2025-04-06 17:00:00+00:00
1743962400000,0.02418,0.02472,0.02371,0.02437,25751720.0,1743966000000,621619.48232,6352,2025-04-06 18:00:00+00:00
1743966000000,0.02437,0.02499,0.0242,0.02482,12558136.0,1743969600000,309898.56728,3764,2025-04-06 19:00:00+00:00
1743969600000,0.02486,0.02539,0.02444,0.02496,14473493.0,1743973200000,361154.92758,4360,2025-04-06 20:00:00+00:00
1743973200000,0.02497,0.02556,0.02447,0.02447,14331988.0,1743976800000,358113.9368,3375,2025-04-06 21:00:00+00:00
1743976800000,0.02448,0.02544,0.02446,0.02482,20111557.0,1743980400000,501339.46852,4110,2025-04-06 22:00:00+00:00
1743980400000,0.02484,0.02546,0.02465,0.02479,21186422.0,1743984000000,528722.35741,4230,2025-04-06 23:00:00+00:00
1743984000000,0.02476,0.02493,0.02388,0.02442,24283505.0,1743987600000,590191.79615,5546,2025-04-07 00:00:00+00:00
1743987600000,0.02444,0.02554,0.02427,0.02541,20414360.0,1743991200000,511130.49087,4695,2025-04-07 01:00:00+00:00
1743991200000,0.02539,0.026,0.02511,0.02554,20513855.0,1743994800000,524434.07688,4363,2025-04-07 02:00:00+00:00
1743994800000,0.02555,0.02557,0.02417,0.02477,26775582.0,1743998400000,665380.5777,4854,2025-04-07 03:00:00+00:00
1743998400000,0.02477,0.02552,0.02459,0.02542,19640389.0,1744002000000,494605.53344,4011,2025-04-07 04:00:00+00:00
1744002000000,0.02542,0.02598,0.02527,0.02582,19802973.0,1744005600000,507703.82115,4243,2025-04-07 05:00:00+00:00
1744005600000,0.02586,0.02606,0.02486,0.02491,51251846.0,1744009200000,1306083.14075,10101,2025-04-07 06:00:00+00:00
1744009200000,0.02492,0.02548,0.02431,0.02449,66155864.0,1744012800000,1653156.39579,13323,2025-04-07 07:00:00+00:00
1744012800000,0.02449,0.02558,0.02384,0.02518,47725684.0,1744016400000,1168651.27137,10196,2025-04-07 08:00:00+00:00
1744016400000,0.02519,0.02605,0.02484,0.02557,18966888.0,1744020000000,483532.64825,4495,2025-04-07 09:00:00+00:00
1744020000000,0.02558,0.02627,0.02477,0.02493,16588178.0,1744023600000,421506.63797,5301,2025-04-07 10:00:00+00:00
1744023600000,0.02494,0.02512,0.02463,0.02466,7597241.0,1744027200000,189244.94301,2456,2025-04-07 11:00:00+00:00
1744027200000,0.02466,0.02588,0.02466,0.02576,13589433.0,1744030800000,345787.88251,4500,2025-04-07 12:00:00+00:00
1744030800000,0.02577,0.02804,0.02535,0.02769,57843880.0,1744034400000,1512958.1487,12981,2025-04-07 13:00:00+00:00
1744034400000,0.02769,0.02909,0.0272,0.02897,84884445.0,1744038000000,2384585.37399,27659,2025-04-07 14:00:00+00:00
1744038000000,0.02898,0.03064,0.02858,0.029,87224173.0,1744041600000,2579185.21414,20875,2025-04-07 15:00:00+00:00
1744041600000,0.02897,0.0296,0.02818,0.02871,42439280.0,1744045200000,1222591.32847,9620,2025-04-07 16:00:00+00:00
1744045200000,0.02872,0.02944,0.02837,0.02859,17939262.0,1744048800000,518307.34549,6206,2025-04-07 17:00:00+00:00
1744048800000,0.02857,0.02872,0.02769,0.02785,18271791.0,1744052400000,513068.3106,5148,2025-04-07 18:00:00+00:00
1744052400000,0.02784,0.02802,0.02758,0.0277,12060314.0,1744056000000,335330.03897,3333,2025-04-07 19:00:00+00:00
1744056000000,0.02771,0.02796,0.02732,0.02757,9195743.0,1744059600000,254420.07885,2703,2025-04-07 20:00:00+00:00
1744059600000,0.02757,0.02758,0.02682,0.02718,9510004.0,1744063200000,258034.24224,2602,2025-04-07 21:00:00+00:00
1744063200000,0.02716,0.02783,0.02716,0.02732,11631928.0,1744066800000,319904.57753,2476,2025-04-07 22:00:00+00:00
1744066800000,0.02732,0.02732,0.02649,0.02658,10996260.0,1744070400000,295210.32765,2619,2025-04-07 23:00:00+00:00
1744070400000,0.02659,0.02718,0.0263,0.02703,11128167.0,1744074000000,296912.60551,2934,2025-04-08 00:00:00+00:00
1744074000000,0.02702,0.02777,0.02683,0.02775,14998929.0,1744077600000,407988.23793,3484,2025-04-08 01:00:00+00:00
1744077600000,0.02777,0.02958,0.0277,0.02906,42614119.0,1744081200000,1229276.48013,8482,2025-04-08 02:00:00+00:00
1744081200000,0.02908,0.02959,0.02875,0.02942,20776121.0,1744084800000,606502.13693,4152,2025-04-08 03:00:00+00:00
1744084800000,0.02941,0.02967,0.02894,0.02907,19084417.0,1744088400000,558299.59748,4379,2025-04-08 04:00:00+00:00
1744088400000,0.02906,0.02931,0.02836,0.02903,14319407.0,1744092000000,412902.7865,4626,2025-04-08 05:00:00+00:00
1744092000000,0.02902,0.02918,0.02851,0.02896,18620682.0,1744095600000,536343.06233,4585,2025-04-08 06:00:00+00:00
1744095600000,0.02897,0.02926,0.02861,0.02876,15760690.0,1744099200000,456145.82813,4889,2025-04-08 07:00:00+00:00
1744099200000,0.02877,0.0295,0.02844,0.02946,21839395.0,1744102800000,631803.62059,5605,2025-04-08 08:00:00+00:00
1744102800000,0.02945,0.02959,0.02581,0.02707,79234446.0,1744106400000,2151882.0852,22641,2025-04-08 09:00:00+00:00
1744106400000,0.02708,0.02753,0.02674,0.02688,13046249.0,1744110000000,352889.46859,4756,2025-04-08 10:00:00+00:00
1744110000000,0.02689,0.02689,0.02605,0.02656,23321576.0,1744113600000,616771.70258,5721,2025-04-08 11:00:00+00:00
1744113600000,0.02657,0.0274,0.02657,0.02714,17039323.0,1744117200000,461618.68819,6117,2025-04-08 12:00:00+00:00
1744117200000,0.02717,0.02799,0.02703,0.02728,18076808.0,1744120800000,496068.39079,7766,2025-04-08 13:00:00+00:00
1744120800000,0.02726,0.02744,0.02656,0.02658,9695329.0,1744124400000,262107.4223,4565,2025-04-08 14:00:00+00:00
1744124400000,0.02657,0.02665,0.02567,0.02611,25696963.0,1744128000000,671495.36807,6123,2025-04-08 15:00:00+00:00
1744128000000,0.02612,0.02773,0.02574,0.0275,32588564.0,1744131600000,873603.21339,13462,2025-04-08 16:00:00+00:00
1744131600000,0.0275,0.02812,0.02724,0.02773,16532515.0,1744135200000,456959.44279,7122,2025-04-08 17:00:00+00:00
1744135200000,0.02771,0.02803,0.02735,0.02799,9510166.0,1744138800000,263189.46225,4917,2025-04-08 18:00:00+00:00
1744138800000,0.02798,0.02838,0.02789,0.02814,10557802.0,1744142400000,296776.8931,4162,2025-04-08 19:00:00+00:00
1744142400000,0.02814,0.02824,0.02752,0.0276,7080621.0,1744146000000,197146.77029,3297,2025-04-08 20:00:00+00:00
1744146000000,0.0276,0.02764,0.02698,0.02762,8445461.0,1744149600000,230515.14495,3054,2025-04-08 21:00:00+00:00
1744149600000,0.02762,0.02771,0.02715,0.02729,5360453.0,1744153200000,147226.63701,3221,2025-04-08 22:00:00+00:00
1744153200000,0.02729,0.02735,0.02686,0.02713,6429682.0,1744156800000,174135.40198,3165,2025-04-08 23:00:00+00:00
1744156800000,0.02713,0.0276,0.02681,0.02738,10104013.0,1744160400000,275848.26745,5638,2025-04-09 00:00:00+00:00
1744160400000,0.02739,0.02865,0.02721,0.02863,22335666.0,1744164000000,622836.44067,8626,2025-04-09 01:00:00+00:00
1744164000000,0.02864,0.02911,0.02842,0.02856,21914507.0,1744167600000,630337.23582,6467,2025-04-09 02:00:00+00:00
1744167600000,0.02857,0.02897,0.02837,0.02888,7342659.0,1744171200000,211097.93315,3614,2025-04-09 03:00:00+00:00
1744171200000,0.02887,0.02907,0.02848,0.02898,10105836.0,1744174800000,290771.45914,4253,2025-04-09 04:00:00+00:00
1744174800000,0.02897,0.02982,0.02843,0.02966,11705475.0,1744178400000,341567.69548,5712,2025-04-09 05:00:00+00:00
1744178400000,0.02966,0.03015,0.02931,0.03006,16394364.0,1744182000000,489071.25805,6723,2025-04-09 06:00:00+00:00
1744182000000,0.03007,0.03251,0.02923,0.03083,82165618.0,1744185600000,2529594.94273,28525,2025-04-09 07:00:00+00:00
1744185600000,0.03082,0.03127,0.03011,0.03016,19788031.0,1744189200000,608797.5224,7984,2025-04-09 08:00:00+00:00
1744189200000,0.03015,0.03039,0.02937,0.02966,10702691.0,1744192800000,319948.84972,5985,2025-04-09 09:00:00+00:00
1744192800000,0.02967,0.02989,0.02889,0.02898,15822424.0,1744196400000,464586.74749,5648,2025-04-09 10:00:00+00:00
1744196400000,0.02899,0.02917,0.02852,0.029,14635503.0,1744200000000,422026.11959,6595,2025-04-09 11:00:00+00:00
1744200000000,0.02899,0.02907,0.0285,0.02899,9441671.0,1744203600000,271495.57286,4137,2025-04-09 12:00:00+00:00
1744203600000,0.029,0.02963,0.02894,0.02928,12819207.0,1744207200000,375671.33555,7429,2025-04-09 13:00:00+00:00
1744207200000,0.02928,0.02957,0.0289,0.02947,13762469.0,1744210800000,401942.59067,5694,2025-04-09 14:00:00+00:00
1744210800000,0.02947,0.03042,0.02945,0.02999,16777511.0,1744214400000,503270.08502,7134,2025-04-09 15:00:00+00:00
1744214400000,0.02999,0.03074,0.02934,0.02943,16970540.0,1744218000000,509426.02307,7144,2025-04-09 16:00:00+00:00
1744218000000,0.02942,0.03196,0.02921,0.03166,38737141.0,1744221600000,1191397.333,17507,2025-04-09 17:00:00+00:00
1744221600000,0.03169,0.03265,0.03146,0.03243,24729274.0,1744225200000,792169.74391,10992,2025-04-09 18:00:00+00:00
1744225200000,0.03244,0.03275,0.03185,0.03201,12802264.0,1744228800000,413490.44934,5768,2025-04-09 19:00:00+00:00
1744228800000,0.03201,0.03202,0.03149,0.03169,5272078.0,1744232400000,167291.30004,3371,2025-04-09 20:00:00+00:00
1744232400000,0.03169,0.03246,0.03144,0.03175,8549558.0,1744236000000,272254.87861,4202,2025-04-09 21:00:00+00:00
1744236000000,0.03175,0.03225,0.03154,0.0318,14122063.0,1744239600000,450044.44162,5092,2025-04-09 22:00:00+00:00
1744239600000,0.03179,0.03204,0.03161,0.03185,8108499.0,1744243200000,257639.24231,3005,2025-04-09 23:00:00+00:00
1744243200000,0.03185,0.03225,0.03126,0.0315,11630320.0,1744246800000,368339.20469,6022,2025-04-10 00:00:00+00:00
1744246800000,0.03149,0.03246,0.03141,0.03241,7335312.0,1744250400000,235243.59564,3690,2025-04-10 01:00:00+00:00
1744250400000,0.03239,0.03342,0.03139,0.03159,27623428.0,1744254000000,899266.00446,9745,2025-04-10 02:00:00+00:00
1744254000000,0.03159,0.03166,0.02679,0.02788,112619105.0,1744257600000,3166347.94533,39265,2025-04-10 03:00:00+00:00
1744257600000,0.0279,0.02799,0.02573,0.02584,46525948.0,1744261200000,1237761.76361,11233,2025-04-10 04:00:00+00:00
1744261200000,0.02586,0.02695,0.02478,0.02656,76747528.0,1744264800000,1969639.11599,22133,2025-04-10 05:00:00+00:00
1744264800000,0.02658,0.02678,0.02606,0.02637,22314826.0,1744268400000,589817.45286,7440,2025-04-10 06:00:00+00:00
1744268400000,0.02638,0.02667,0.02575,0.02635,19848494.0,1744272000000,520293.79791,6876,2025-04-10 07:00:00+00:00
1744272000000,0.02636,0.02653,0.02589,0.02613,16932836.0,1744275600000,443536.46922,6463,2025-04-10 08:00:00+00:00
1744275600000,0.02613,0.02639,0.02552,0.02564,11423102.0,1744279200000,295399.90012,4510,2025-04-10 09:00:00+00:00
1744279200000,0.02565,0.02566,0.02488,0.02493,40325730.0,1744282800000,1014236.29992,7285,2025-04-10 10:00:00+00:00
1744282800000,0.02492,0.02511,0.02451,0.02469,30952241.0,1744286400000,767149.63209,6835,2025-04-10 11:00:00+00:00
1744286400000,0.02469,0.02578,0.02453,0.02526,26045270.0,1744290000000,658030.8066,7366,2025-04-10 12:00:00+00:00
1744290000000,0.02527,0.02607,0.0252,0.02586,24737472.0,1744293600000,631489.69256,6707,2025-04-10 13:00:00+00:00
1744293600000,0.02585,0.02675,0.02535,0.02649,27129374.0,1744297200000,705128.28681,7312,2025-04-10 14:00:00+00:00
1744297200000,0.02651,0.02682,0.02622,0.0263,25658518.0,1744300800000,679740.00629,8152,2025-04-10 15:00:00+00:00
1744300800000,0.0263,0.0271,0.025,0.02537,38332876.0,1744304400000,998726.36861,14141,2025-04-10 16:00:00+00:00
1744304400000,0.02537,0.02577,0.02519,0.02529,9968289.0,1744308000000,253297.79062,3745,2025-04-10 17:00:00+00:00
1744308000000,0.02529,0.02609,0.0252,0.02545,25515405.0,1744311600000,653240.86128,7711,2025-04-10 18:00:00+00:00
1744311600000,0.02545,0.02553,0.02465,0.02469,36715473.0,1744315200000,915096.46905,9912,2025-04-10 19:00:00+00:00
1744315200000,0.0247,0.02484,0.02381,0.02418,32918219.0,1744318800000,799912.88798,7386,2025-04-10 20:00:00+00:00
1744318800000,0.02418,0.02482,0.02385,0.02455,15458183.0,1744322400000,377762.22719,4325,2025-04-10 21:00:00+00:00
1744322400000,0.02456,0.02458,0.02389,0.02391,18631047.0,1744326000000,448848.18756,4250,2025-04-10 22:00:00+00:00
1744326000000,0.02392,0.02408,0.02357,0.02359,14959814.0,1744329600000,356199.50831,4320,2025-04-10 23:00:00+00:00
1744329600000,0.0236,0.02409,0.02341,0.02408,15952140.0,1744333200000,380302.85592,5169,2025-04-11 00:00:00+00:00
1744333200000,0.02407,0.02503,0.02391,0.02496,22758921.0,1744336800000,557020.51738,6363,2025-04-11 01:00:00+00:00
1744336800000,0.02497,0.02507,0.02439,0.02494,25392767.0,1744340400000,629043.23026,5560,2025-04-11 02:00:00+00:00
1744340400000,0.02494,0.02517,0.02472,0.02493,10817896.0,1744344000000,269661.37025,3357,2025-04-11 03:00:00+00:00
1744344000000,0.02494,0.02501,0.02433,0.02471,11339023.0,1744347600000,278305.31972,3132,2025-04-11 04:00:00+00:00
1744347600000,0.02471,0.02505,0.02447,0.02482,9932471.0,1744351200000,246011.51405,2934,2025-04-11 05:00:00+00:00
1744351200000,0.02481,0.02497,0.02468,0.02491,8452583.0,1744354800000,209912.45821,2212,2025-04-11 06:00:00+00:00
1744354800000,0.02492,0.02517,0.02474,0.02485,12099276.0,1744358400000,301709.12714,2441,2025-04-11 07:00:00+00:00
1744358400000,0.02486,0.02497,0.0245,0.02461,15688203.0,1744362000000,387184.01081,3050,2025-04-11 08:00:00+00:00
1744362000000,0.02459,0.02466,0.02409,0.02459,16263864.0,1744365600000,395990.52105,3283,2025-04-11 09:00:00+00:00
1744365600000,0.02458,0.02462,0.02398,0.02428,15001119.0,1744369200000,363819.21511,3843,2025-04-11 10:00:00+00:00
1744369200000,0.02427,0.02446,0.0242,0.02422,5462596.0,1744372800000,132726.96442,1877,2025-04-11 11:00:00+00:00
1744372800000,0.02423,0.02434,0.02379,0.02391,16562953.0,1744376400000,398753.48722,4102,2025-04-11 12:00:00+00:00
1744376400000,0.02391,0.02443,0.0239,0.024,19001967.0,1744380000000,458648.52856,4374,2025-04-11 13:00:00+00:00
1744380000000,0.024,0.024,0.02363,0.02385,22028318.0,1744383600000,524176.93018,4687,2025-04-11 14:00:00+00:00
1744383600000,0.02384,0.02496,0.02376,0.02461,40116882.0,1744387200000,978687.57073,7019,2025-04-11 15:00:00+00:00
1744387200000,0.02462,0.02689,0.02462,0.02652,78128633.0,1744390800000,2024449.49493,19353,2025-04-11 16:00:00+00:00
1744390800000,0.02653,0.02704,0.02586,0.02623,37873966.0,1744394400000,999806.87644,11881,2025-04-11 17:00:00+00:00
1744394400000,0.02625,0.02653,0.02558,0.02627,19545499.0,1744398000000,509807.66727,5889,2025-04-11 18:00:00+00:00
1744398000000,0.02628,0.0263,0.02559,0.02581,9434359.0,1744401600000,243533.48363,3711,2025-04-11 19:00:00+00:00
1744401600000,0.02582,0.02601,0.02474,0.02487,15246829.0,1744405200000,385129.67424,5732,2025-04-11 20:00:00+00:00
1744405200000,0.02488,0.02498,0.02434,0.02485,10965335.0,1744408800000,270594.423,3614,2025-04-11 21:00:00+00:00
1744408800000,0.02485,0.0253,0.02479,0.0252,14052878.0,1744412400000,352462.80828,3375,2025-04-11 22:00:00+00:00
1744412400000,0.0252,0.0252,0.02485,0.02506,7227986.0,1744416000000,180374.14053,2119,2025-04-11 23:00:00+00:00
1744416000000,0.02507,0.02509,0.02457,0.02462,7975675.0,1744419600000,197858.32709,3110,2025-04-12 00:00:00+00:00
1744419600000,0.02461,0.02589,0.0246,0.02574,14333419.0,1744423200000,360529.60239,5068,2025-04-12 01:00:00+00:00
1744423200000,0.02573,0.02638,0.02567,0.0259,20055397.0,1744426800000,522569.87949,7160,2025-04-12 02:00:00+00:00
1744426800000,0.02591,0.02623,0.02571,0.02583,8230620.0,1744430400000,213368.71504,3126,2025-04-12 03:00:00+00:00
1744430400000,0.02584,0.02658,0.02556,0.02584,20467476.0,1744434000000,533143.30858,8387,2025-04-12 04:00:00+00:00
1744434000000,0.02584,0.02585,0.02532,0.02544,9712280.0,1744437600000,247991.34563,3462,2025-04-12 05:00:00+00:00
1744437600000,0.02545,0.02549,0.02494,0.02507,10083650.0,1744441200000,254551.75167,3278,2025-04-12 06:00:00+00:00
1744441200000,0.02507,0.02634,0.02498,0.02618,39404712.0,1744444800000,1018985.68036,10524,2025-04-12 07:00:00+00:00
1744444800000,0.02618,0.0266,0.02584,0.02621,28338385.0,1744448400000,744235.91216,7090,2025-04-12 08:00:00+00:00
1744448400000,0.02621,0.02682,0.02545,0.02652,32864077.0,1744452000000,860247.85459,7891,2025-04-12 09:00:00+00:00
1744452000000,0.02651,0.02745,0.02563,0.02578,32276715.0,1744455600000,857450.01611,10058,2025-04-12 10:00:00+00:00
1744455600000,0.02578,0.02586,0.02549,0.02574,11598814.0,1744459200000,297781.13619,3789,2025-04-12 11:00:00+00:00
1744459200000,0.02573,0.02677,0.02563,0.0264,20443571.0,1744462800000,535799.95543,6084,2025-04-12 12:00:00+00:00
1744462800000,0.0264,0.02659,0.02583,0.02613,12569745.0,1744466400000,328026.43095,4535,2025-04-12 13:00:00+00:00
1744466400000,0.02614,0.02667,0.0259,0.02598,29427653.0,1744470000000,770486.24572,7889,2025-04-12 14:00:00+00:00
1744470000000,0.02597,0.02654,0.02574,0.0262,20218164.0,1744473600000,527842.8293,5190,2025-04-12 15:00:00+00:00
1744473600000,0.0262,0.02716,0.02618,0.02629,22139578.0,1744477200000,590994.03992,6488,2025-04-12 16:00:00+00:00
1744477200000,0.02628,0.02652,0.02603,0.02603,9398643.0,1744480800000,246004.95982,3056,2025-04-12 17:00:00+00:00
1744480800000,0.02605,0.02616,0.0258,0.02593,10544715.0,1744484400000,273582.08893,2307,2025-04-12 18:00:00+00:00
1744484400000,0.02592,0.02668,0.02576,0.0266,16154903.0,1744488000000,424794.13256,4160,2025-04-12 19:00:00+00:00
1744488000000,0.02659,0.02678,0.02638,0.02677,4647311.0,1744491600000,123730.89975,2233,2025-04-12 20:00:00+00:00
1744491600000,0.02677,0.02682,0.02631,0.02639,4871074.0,1744495200000,129545.20213,1951,2025-04-12 21:00:00+00:00
1744495200000,0.02638,0.0268,0.02624,0.02632,3345873.0,1744498800000,88783.08573,2006,2025-04-12 22:00:00+00:00
1744498800000,0.0263,0.02661,0.02629,0.02636,3733439.0,1744502400000,98756.04042,1578,2025-04-12 23:00:00+00:00
1744502400000,0.02637,0.02659,0.02604,0.02654,4404327.0,1744506000000,115837.3183,2005,2025-04-13 00:00:00+00:00
1744506000000,0.02653,0.02669,0.02621,0.02638,6499752.0,1744509600000,171975.53791,2842,2025-04-13 01:00:00+00:00
1744509600000,0.02637,0.02682,0.02618,0.02655,7325105.0,1744513200000,194561.39029,2871,2025-04-13 02:00:00+00:00
1744513200000,0.02654,0.0269,0.02637,0.02655,5340185.0,1744516800000,142655.95399,2399,2025-04-13 03:00:00+00:00
1744516800000,0.02654,0.02664,0.02547,0.02558,15930438.0,1744520400000,411515.26508,4210,2025-04-13 04:00:00+00:00
1744520400000,0.0256,0.02576,0.02508,0.02537,13130931.0,1744524000000,332567.31951,3638,2025-04-13 05:00:00+00:00
1744524000000,0.02539,0.0263,0.02526,0.02625,14508022.0,1744527600000,374283.61615,4935,2025-04-13 06:00:00+00:00
1744527600000,0.02624,0.02628,0.02564,0.02617,11633822.0,1744531200000,303686.82865,2922,2025-04-13 07:00:00+00:00
1744531200000,0.02616,0.02655,0.02592,0.02641,11092555.0,1744534800000,291596.44285,4055,2025-04-13 08:00:00+00:00
1744534800000,0.0264,0.02661,0.026,0.0262,6432952.0,1744538400000,168713.44363,2536,2025-04-13 09:00:00+00:00
1744538400000,0.0262,0.02625,0.02604,0.02608,2473188.0,1744542000000,64673.18461,1365,2025-04-13 10:00:00+00:00
1744542000000,0.02607,0.0261,0.0255,0.02564,7595624.0,1744545600000,195347.68745,2536,2025-04-13 11:00:00+00:00
1744545600000,0.02564,0.02571,0.02532,0.02543,6751888.0,1744549200000,172162.45674,1902,2025-04-13 12:00:00+00:00
1744549200000,0.02542,0.02544,0.02499,0.02529,6089522.0,1744552800000,153476.937,2370,2025-04-13 13:00:00+00:00
1744552800000,0.02528,0.02608,0.02503,0.02606,15212229.0,1744556400000,388388.76902,4100,2025-04-13 14:00:00+00:00
1744556400000,0.02607,0.02625,0.02581,0.02618,9852741.0,1744560000000,256870.01599,3206,2025-04-13 15:00:00+00:00
1744560000000,0.02616,0.02641,0.02596,0.02623,13750259.0,1744563600000,360227.43894,3086,2025-04-13 16:00:00+00:00
1744563600000,0.02623,0.02647,0.02611,0.02616,4136566.0,1744567200000,108475.21057,1779,2025-04-13 17:00:00+00:00
1744567200000,0.02617,0.02632,0.02587,0.02604,4778502.0,1744570800000,124415.38168,1930,2025-04-13 18:00:00+00:00
1744570800000,0.02602,0.02652,0.02512,0.02533,19024110.0,1744574400000,487258.94233,6173,2025-04-13 19:00:00+00:00
1744574400000,0.02533,0.02583,0.0252,0.02542,11164168.0,1744578000000,284863.28659,3232,2025-04-13 20:00:00+00:00
1744578000000,0.02542,0.02565,0.02536,0.02552,4012101.0,1744581600000,102146.65358,1387,2025-04-13 21:00:00+00:00
1744581600000,0.02553,0.02563,0.02246,0.02263,34189624.0,1744585200000,811490.74813,12949,2025-04-13 22:00:00+00:00
1744585200000,0.02262,0.023,0.0216,0.0229,43970020.0,1744588800000,980882.41752,14612,2025-04-13 23:00:00+00:00
1744588800000,0.02289,0.02503,0.02267,0.02441,48133265.0,1744592400000,1157725.44999,18965,2025-04-14 00:00:00+00:00
1744592400000,0.02442,0.02533,0.02427,0.02521,16901714.0,1744596000000,420280.50871,6859,2025-04-14 01:00:00+00:00
1744596000000,0.02522,0.02577,0.02475,0.02512,11147322.0,1744599600000,281779.75869,5226,2025-04-14 02:00:00+00:00
1744599600000,0.02513,0.02565,0.02471,0.02497,13864502.0,1744603200000,347079.98883,4445,2025-04-14 03:00:00+00:00
1744603200000,0.02497,0.02509,0.0246,0.02476,5920803.0,1744606800000,146832.47799,2280,2025-04-14 04:00:00+00:00
1744606800000,0.02477,0.02523,0.02463,0.02514,8317423.0,1744610400000,207484.41113,3006,2025-04-14 05:00:00+00:00
1744610400000,0.02515,0.02534,0.02464,0.02472,4550494.0,1744614000000,113725.46414,2444,2025-04-14 06:00:00+00:00
1744614000000,0.02471,0.02509,0.0247,0.02488,7451104.0,1744617600000,185431.52487,2743,2025-04-14 07:00:00+00:00
1744617600000,0.02489,0.02513,0.02471,0.02487,4165987.0,1744621200000,103701.40265,1856,2025-04-14 08:00:00+00:00
1744621200000,0.02488,0.025,0.0245,0.02463,3162075.0,1744624800000,78140.78553,1594,2025-04-14 09:00:00+00:00
1744624800000,0.02463,0.02486,0.02458,0.02473,5049306.0,1744628400000,124655.98343,1669,2025-04-14 10:00:00+00:00
1744628400000,0.02474,0.02494,0.02463,0.02467,4655574.0,1744632000000,115383.14451,1348,2025-04-14 11:00:00+00:00
1744632000000,0.02468,0.02484,0.02447,0.02459,9836754.0,1744635600000,242164.46569,2105,2025-04-14 12:00:00+00:00
1744635600000,0.0246,0.02476,0.02412,0.02422,15825079.0,1744639200000,385353.13385,3989,2025-04-14 13:00:00+00:00
1744639200000,0.0242,0.0244,0.02402,0.02409,11712435.0,1744642800000,283810.60084,2825,2025-04-14 14:00:00+00:00
1744642800000,0.02408,0.02482,0.02328,0.0244,52351276.0,1744646400000,1247785.84331,11532,2025-04-14 15:00:00+00:00
1744646400000,0.02439,0.0249,0.02398,0.02424,23344523.0,1744650000000,569668.03525,6385,2025-04-14 16:00:00+00:00
1744650000000,0.02424,0.02442,0.02391,0.02416,5290729.0,1744653600000,127688.71878,2252,2025-04-14 17:00:00+00:00
1744653600000,0.02417,0.02418,0.02321,0.02332,7131065.0,1744657200000,168076.12192,2546,2025-04-14 18:00:00+00:00
1744657200000,0.02333,0.02378,0.02318,0.02366,17904567.0,1744660800000,420595.26896,5057,2025-04-14 19:00:00+00:00
1744660800000,0.02365,0.02388,0.0235,0.02368,6090039.0,1744664400000,144217.94322,2048,2025-04-14 20:00:00+00:00
1744664400000,0.02366,0.02377,0.02346,0.02369,2799230.0,1744668000000,66156.61906,990,2025-04-14 21:00:00+00:00
1744668000000,0.02369,0.02387,0.02348,0.02374,5427874.0,1744671600000,128793.2335,1851,2025-04-14 22:00:00+00:00
1744671600000,0.02374,0.02374,0.02337,0.02347,2161011.0,1744675200000,50847.79639,932,2025-04-14 23:00:00+00:00
1744675200000,0.02346,0.02362,0.02326,0.02338,4206459.0,1744678800000,98722.58309,1537,2025-04-15 00:00:00+00:00
1744678800000,0.02339,0.02347,0.02318,0.02337,4481773.0,1744682400000,104414.13887,1720,2025-04-15 01:00:00+00:00
1744682400000,0.02336,0.0235,0.0229,0.02326,15869950.0,1744686000000,367453.9149,3089,2025-04-15 02:00:00+00:00
1744686000000,0.02327,0.02344,0.02309,0.02323,9710457.0,1744689600000,225646.02002,2341,2025-04-15 03:00:00+00:00
1744689600000,0.0232,0.02333,0.02279,0.02332,6516396.0,1744693200000,149945.56606,1715,2025-04-15 04:00:00+00:00
1744693200000,0.02332,0.02339,0.02301,0.02321,5393821.0,1744696800000,125021.64311,1258,2025-04-15 05:00:00+00:00
1744696800000,0.02321,0.0234,0.02303,0.02308,3339765.0,1744700400000,77453.04712,1024,2025-04-15 06:00:00+00:00
1744700400000,0.02307,0.02341,0.02302,0.02336,2810086.0,1744704000000,65315.90031,1011,2025-04-15 07:00:00+00:00
1744704000000,0.02335,0.0235,0.02314,0.02333,5040205.0,1744707600000,117470.20998,1693,2025-04-15 08:00:00+00:00
1744707600000,0.02335,0.02343,0.02317,0.02325,3175506.0,1744711200000,73855.33745,924,2025-04-15 09:00:00+00:00
1744711200000,0.02325,0.02328,0.02286,0.02288,6396887.0,1744714800000,147246.46743,1228,2025-04-15 10:00:00+00:00
1744714800000,0.02288,0.02305,0.02279,0.02298,6742624.0,1744718400000,154673.67304,1277,2025-04-15 11:00:00+00:00
1744718400000,0.02296,0.02297,0.02238,0.02264,16107475.0,1744722000000,365487.73568,2555,2025-04-15 12:00:00+00:00
1744722000000,0.02264,0.02309,0.02248,0.02265,10197301.0,1744725600000,231724.36522,2929,2025-04-15 13:00:00+00:00
1744725600000,0.02266,0.0228,0.02217,0.02234,10840089.0,1744729200000,242716.77733,2717,2025-04-15 14:00:00+00:00
1744729200000,0.02234,0.02267,0.02234,0.02242,6712620.0,1744732800000,151098.77158,1619,2025-04-15 15:00:00+00:00
1744732800000,0.02242,0.02251,0.02224,0.02233,3404374.0,1744736400000,76109.31188,1000,2025-04-15 16:00:00+00:00
1744736400000,0.02235,0.02239,0.02188,0.02199,8067169.0,1744740000000,178465.9319,1539,2025-04-15 17:00:00+00:00
1744740000000,0.022,0.02219,0.02189,0.02206,9930090.0,1744743600000,218787.30783,2111,2025-04-15 18:00:00+00:00
1744743600000,0.02207,0.02211,0.02173,0.02187,7276219.0,1744747200000,159430.28832,1293,2025-04-15 19:00:00+00:00
1744747200000,0.02189,0.02203,0.02138,0.02144,8681170.0,1744750800000,187875.8382,2281,2025-04-15 20:00:00+00:00
1744750800000,0.02143,0.02171,0.02129,0.02165,9422418.0,1744754400000,202569.80317,1525,2025-04-15 21:00:00+00:00
1744754400000,0.02164,0.02166,0.02138,0.02162,5405507.0,1744758000000,116377.98895,1224,2025-04-15 22:00:00+00:00
1744758000000,0.02161,0.02161,0.02113,0.02124,6166361.0,1744761600000,131393.11095,1370,2025-04-15 23:00:00+00:00
1744761600000,0.02125,0.02372,0.02108,0.02345,43196848.0,1744765200000,984026.02128,16795,2025-04-16 00:00:00+00:00
1744765200000,0.02347,0.02426,0.02323,0.02323,18065016.0,1744768800000,429873.80678,5617,2025-04-16 01:00:00+00:00
1744768800000,0.02323,0.0235,0.02315,0.02349,8227030.0,1744772400000,191607.17555,2312,2025-04-16 02:00:00+00:00
1744772400000,0.02351,0.02375,0.02323,0.02359,5264234.0,1744776000000,123627.58441,2284,2025-04-16 03:00:00+00:00
1744776000000,0.02359,0.02408,0.02316,0.02403,11845599.0,1744779600000,279658.99457,4285,2025-04-16 04:00:00+00:00
1744779600000,0.02403,0.02438,0.02384,0.02424,16236310.0,1744783200000,392443.74642,5406,2025-04-16 05:00:00+00:00
1744783200000,0.0242,0.02469,0.02386,0.02426,26140832.0,1744786800000,635745.02724,7639,2025-04-16 06:00:00+00:00
1744786800000,0.02427,0.0246,0.02406,0.02419,13433890.0,1744790400000,325728.00162,3685,2025-04-16 07:00:00+00:00
1744790400000,0.0242,0.02499,0.02408,0.0249,10692528.0,1744794000000,262983.24375,3740,2025-04-16 08:00:00+00:00
1744794000000,0.02493,0.02508,0.02455,0.02463,13937414.0,1744797600000,346096.38206,3787,2025-04-16 09:00:00+00:00
1744797600000,0.02465,0.02487,0.02432,0.02435,7465531.0,1744801200000,183869.16975,2108,2025-04-16 10:00:00+00:00
1744801200000,0.02434,0.02466,0.02419,0.02447,6810721.0,1744804800000,166575.07928,2003,2025-04-16 11:00:00+00:00
1744804800000,0.02447,0.02447,0.02401,0.02425,8791900.0,1744808400000,213293.12805,2161,2025-04-16 12:00:00+00:00
1744808400000,0.02426,0.02474,0.02423,0.02442,8942696.0,1744812000000,219379.15592,2464,2025-04-16 13:00:00+00:00
1744812000000,0.02441,0.02522,0.02436,0.02497,34042344.0,1744815600000,846301.93823,6590,2025-04-16 14:00:00+00:00
1744815600000,0.02498,0.02547,0.02467,0.02474,15979022.0,1744819200000,401284.56211,4519,2025-04-16 15:00:00+00:00
1744819200000,0.02476,0.02483,0.02429,0.02466,9772266.0,1744822800000,239824.53926,2401,2025-04-16 16:00:00+00:00
1744822800000,0.02467,0.02502,0.02444,0.0245,5119467.0,1744826400000,126271.30645,2198,2025-04-16 17:00:00+00:00
1744826400000,0.02451,0.02514,0.02451,0.02497,7633543.0,1744830000000,189994.69458,2348,2025-04-16 18:00:00+00:00
1744830000000,0.02497,0.02549,0.02476,0.02546,8021583.0,1744833600000,201639.98808,2040,2025-04-16 19:00:00+00:00
1744833600000,0.02546,0.02573,0.02501,0.02512,12773164.0,1744837200000,325031.76284,3257,2025-04-16 20:00:00+00:00
1744837200000,0.02513,0.02538,0.02494,0.02506,5612868.0,1744840800000,141011.50939,1640,2025-04-16 21:00:00+00:00
1744840800000,0.02507,0.02523,0.02485,0.02489,2845965.0,1744844400000,71281.08392,1111,2025-04-16 22:00:00+00:00
1744844400000,0.02489,0.02506,0.02465,0.02496,4214722.0,1744848000000,104848.13943,1410,2025-04-16 23:00:00+00:00
1744848000000,0.02493,0.02565,0.02486,0.02546,10051556.0,1744851600000,254564.86692,3146,2025-04-17 00:00:00+00:00
1744851600000,0.02545,0.02584,0.02507,0.02524,8482612.0,1744855200000,216399.63189,2295,2025-04-17 01:00:00+00:00
1744855200000,0.02524,0.02534,0.02485,0.02507,3300700.0,1744858800000,82607.55873,1351,2025-04-17 02:00:00+00:00
1744858800000,0.02508,0.02525,0.02474,0.02491,8985651.0,1744862400000,224286.13285,2116,2025-04-17 03:00:00+00:00
1744862400000,0.02492,0.02525,0.02484,0.02511,2761873.0,1744866000000,69107.57282,1049,2025-04-17 04:00:00+00:00
1744866000000,0.0251,0.02565,0.02498,0.0253,6299569.0,1744869600000,159785.50274,1964,2025-04-17 05:00:00+00:00
1744869600000,0.02531,0.02585,0.02515,0.02583,4321116.0,1744873200000,110379.02786,1462,2025-04-17 06:00:00+00:00
1744873200000,0.02583,0.02695,0.02568,0.02632,26474511.0,1744876800000,697750.16053,5933,2025-04-17 07:00:00+00:00
1744876800000,0.02635,0.02679,0.02605,0.02628,15263539.0,1744880400000,403495.72097,3952,2025-04-17 08:00:00+00:00
1744880400000,0.02631,0.02703,0.02631,0.0268,10820732.0,1744884000000,289113.39528,2451,2025-04-17 09:00:00+00:00
1744884000000,0.0268,0.0272,0.02649,0.02678,10785856.0,1744887600000,289944.7849,3196,2025-04-17 10:00:00+00:00
1744887600000,0.02675,0.02711,0.02642,0.02663,9681956.0,1744891200000,258901.0472,2777,2025-04-17 11:00:00+00:00
1744891200000,0.02663,0.02715,0.02646,0.02694,10681677.0,1744894800000,286860.31554,2610,2025-04-17 12:00:00+00:00
1744894800000,0.02695,0.02727,0.02669,0.02694,18152740.0,1744898400000,488785.60567,3532,2025-04-17 13:00:00+00:00
1744898400000,0.02692,0.02698,0.02622,0.02687,11684176.0,1744902000000,310967.56711,3638,2025-04-17 14:00:00+00:00
1744902000000,0.02686,0.02792,0.02686,0.02787,22321110.0,1744905600000,615756.60437,7209,2025-04-17 15:00:00+00:00
1744905600000,0.02787,0.02805,0.02719,0.02778,17138404.0,1744909200000,473506.13242,5045,2025-04-17 16:00:00+00:00
1744909200000,0.02779,0.02907,0.02773,0.02833,27918440.0,1744912800000,794301.56651,9860,2025-04-17 17:00:00+00:00
1744912800000,0.02833,0.02839,0.02706,0.02719,17242270.0,1744916400000,473699.55985,5190,2025-04-17 18:00:00+00:00
1744916400000,0.02717,0.02724,0.02685,0.02695,5035414.0,1744920000000,136070.78771,2034,2025-04-17 19:00:00+00:00
1744920000000,0.02695,0.02718,0.02663,0.0268,5087519.0,1744923600000,136715.61214,1865,2025-04-17 20:00:00+00:00
1744923600000,0.02679,0.02679,0.02626,0.02638,9964809.0,1744927200000,263208.23443,1961,2025-04-17 21:00:00+00:00
1744927200000,0.02638,0.02655,0.02627,0.02632,2442075.0,1744930800000,64500.99597,1241,2025-04-17 22:00:00+00:00
1744930800000,0.02631,0.02657,0.02607,0.02638,6989674.0,1744934400000,183973.68256,1737,2025-04-17 23:00:00+00:00
1744934400000,0.02638,0.02709,0.02635,0.02704,11768838.0,1744938000000,315228.26214,2976,2025-04-18 00:00:00+00:00
1744938000000,0.02704,0.02767,0.02692,0.02726,6879094.0,1744941600000,187472.00878,2574,2025-04-18 01:00:00+00:00
1744941600000,0.02726,0.02726,0.02693,0.02696,3895693.0,1744945200000,105543.68274,1274,2025-04-18 02:00:00+00:00
1744945200000,0.02695,0.0272,0.02678,0.0269,2728426.0,1744948800000,73623.08164,1225,2025-04-18 03:00:00+00:00
1744948800000,0.02688,0.02729,0.0268,0.0269,3154229.0,1744952400000,85355.87813,1230,2025-04-18 04:00:00+00:00
1744952400000,0.0269,0.02723,0.02601,0.02649,10974503.0,1744956000000,291328.52514,4121,2025-04-18 05:00:00+00:00
1744956000000,0.02646,0.02686,0.02625,0.02661,6951133.0,1744959600000,184285.81295,2136,2025-04-18 06:00:00+00:00
1744959600000,0.02662,0.02692,0.02654,0.02686,3642805.0,1744963200000,97359.90275,1238,2025-04-18 07:00:00+00:00
1744963200000,0.02688,0.02718,0.02657,0.02672,5051757.0,1744966800000,135624.55489,1571,2025-04-18 08:00:00+00:00
1744966800000,0.02672,0.02697,0.0267,0.02687,2123456.0,1744970400000,57026.36204,862,2025-04-18 09:00:00+00:00
1744970400000,0.02688,0.027,0.02676,0.02697,1947845.0,1744974000000,52371.07851,842,2025-04-18 10:00:00+00:00
1744974000000,0.02697,0.02697,0.02663,0.02673,4588628.0,1744977600000,122779.88389,1233,2025-04-18 11:00:00+00:00
1744977600000,0.0267,0.02682,0.02646,0.02657,3683132.0,1744981200000,98057.21746,1234,2025-04-18 12:00:00+00:00
1744981200000,0.02657,0.02709,0.02653,0.02704,4899976.0,1744984800000,131164.99327,1670,2025-04-18 13:00:00+00:00
1744984800000,0.02704,0.02738,0.02692,0.02705,4887102.0,1744988400000,132698.36303,1656,2025-04-18 14:00:00+00:00
1744988400000,0.02702,0.02714,0.02672,0.02689,5331054.0,1744992000000,143660.50283,1856,2025-04-18 15:00:00+00:00
1744992000000,0.0269,0.02693,0.02652,0.02663,4949631.0,1744995600000,132213.03069,1411,2025-04-18 16:00:00+00:00
1744995600000,0.02663,0.02682,0.02652,0.02677,1947050.0,1744999200000,51914.08867,766,2025-04-18 17:00:00+00:00
1744999200000,0.02679,0.02694,0.02656,0.0266,3720291.0,1745002800000,99423.70463,1148,2025-04-18 18:00:00+00:00
1745002800000,0.0266,0.02685,0.02658,0.02667,3626955.0,1745006400000,96880.78877,1342,2025-04-18 19:00:00+00:00
1745006400000,0.02666,0.02667,0.02654,0.02662,1619715.0,1745010000000,43080.98552,674,2025-04-18 20:00:00+00:00
1745010000000,0.02659,0.02659,0.02642,0.02645,2469237.0,1745013600000,65386.68167,827,2025-04-18 21:00:00+00:00
1745013600000,0.02644,0.02655,0.02635,0.02636,1869820.0,1745017200000,49427.87878,749,2025-04-18 22:00:00+00:00
1745017200000,0.02636,0.02636,0.02586,0.02589,4086142.0,1745020800000,106560.04006,1318,2025-04-18 23:00:00+00:00
1745020800000,0.0259,0.02596,0.02543,0.02559,6883333.0,1745024400000,176425.61071,2040,2025-04-19 00:00:00+00:00
1745024400000,0.02559,0.02587,0.02559,0.02586,1243238.0,1745028000000,32067.37937,562,2025-04-19 01:00:00+00:00
1745028000000,0.02586,0.02607,0.02578,0.02592,2517431.0,1745031600000,65280.24115,931,2025-04-19 02:00:00+00:00
1745031600000,0.02593,0.026,0.02571,0.02584,2668913.0,1745035200000,69026.97965,856,2025-04-19 03:00:00+00:00
1745035200000,0.02585,0.02591,0.02554,0.02557,2509741.0,1745038800000,64452.97537,890,2025-04-19 04:00:00+00:00
1745038800000,0.02558,0.02561,0.02521,0.02524,3552325.0,1745042400000,90177.28311,1096,2025-04-19 05:00:00+00:00
1745042400000,0.02523,0.02525,0.02472,0.02477,5549870.0,1745046000000,138360.24408,1755,2025-04-19 06:00:00+00:00
1745046000000,0.02478,0.02511,0.02463,0.02494,3868492.0,1745049600000,96040.99672,1136,2025-04-19 07:00:00+00:00
1745049600000,0.02493,0.0252,0.02486,0.0252,4081497.0,1745053200000,102224.26819,854,2025-04-19 08:00:00+00:00
1745053200000,0.02519,0.02521,0.02475,0.02484,4253246.0,1745056800000,106209.08031,887,2025-04-19 09:00:00+00:00
1745056800000,0.02481,0.02537,0.02479,0.02515,9455581.0,1745060400000,237097.41517,1788,2025-04-19 10:00:00+00:00
1745060400000,0.02514,0.02546,0.02504,0.02533,4520022.0,1745064000000,114403.87989,1147,2025-04-19 11:00:00+00:00
1745064000000,0.02533,0.02538,0.02493,0.02524,4813551.0,1745067600000,120869.55143,1069,2025-04-19 12:00:00+00:00
1745067600000,0.02523,0.02542,0.02511,0.0254,3226951.0,1745071200000,81641.23338,1263,2025-04-19 13:00:00+00:00
1745071200000,0.02539,0.02541,0.02493,0.02497,9737074.0,1745074800000,244845.98595,1649,2025-04-19 14:00:00+00:00
1745074800000,0.02498,0.02518,0.02492,0.02501,4077250.0,1745078400000,101928.16164,745,2025-04-19 15:00:00+00:00
1745078400000,0.025,0.02516,0.02495,0.02503,2447445.0,1745082000000,61311.71094,756,2025-04-19 16:00:00+00:00
1745082000000,0.02503,0.02509,0.0248,0.0249,3326355.0,1745085600000,82881.36329,973,2025-04-19 17:00:00+00:00
1745085600000,0.02491,0.02515,0.02487,0.02501,5674400.0,1745089200000,141811.53438,1328,2025-04-19 18:00:00+00:00
1745089200000,0.02499,0.02507,0.02487,0.025,2437694.0,1745092800000,60871.08905,922,2025-04-19 19:00:00+00:00
1745092800000,0.025,0.02511,0.02492,0.02494,1611081.0,1745096400000,40295.31969,662,2025-04-19 20:00:00+00:00
1745096400000,0.02495,0.02531,0.02494,0.02515,2669266.0,1745100000000,67235.57661,783,2025-04-19 21:00:00+00:00
1745100000000,0.02517,0.02543,0.02517,0.02521,4977863.0,1745103600000,126060.10227,818,2025-04-19 22:00:00+00:00
1745103600000,0.0252,0.02533,0.02507,0.02521,6967515.0,1745107200000,175577.98396,1024,2025-04-19 23:00:00+00:00
1745107200000,0.02521,0.0261,0.02481,0.02572,10833404.0,1745110800000,276577.28525,3026,2025-04-20 00:00:00+00:00
1745110800000,0.02571,0.02592,0.02533,0.02568,2927968.0,1745114400000,74965.67097,1155,2025-04-20 01:00:00+00:00
1745114400000,0.02563,0.02574,0.0254,0.02565,2869355.0,1745118000000,73271.5194,978,2025-04-20 02:00:00+00:00
1745118000000,0.02567,0.02601,0.0255,0.02585,5489799.0,1745121600000,141539.80546,1643,2025-04-20 03:00:00+00:00
1745121600000,0.02585,0.02855,0.02562,0.02776,33986299.0,1745125200000,932196.88055,12716,2025-04-20 04:00:00+00:00
1745125200000,0.02775,0.02824,0.02655,0.02714,21056752.0,1745128800000,579515.45858,6619,2025-04-20 05:00:00+00:00
1745128800000,0.02715,0.02737,0.02667,0.02672,10748848.0,1745132400000,290691.58209,3138,2025-04-20 06:00:00+00:00
1745132400000,0.02673,0.02732,0.02664,0.02688,9618476.0,1745136000000,259482.51526,3522,2025-04-20 07:00:00+00:00
1745136000000,0.02685,0.02758,0.02666,0.02688,10481709.0,1745139600000,283310.99913,3343,2025-04-20 08:00:00+00:00
1745139600000,0.02687,0.0279,0.02667,0.02753,18591043.0,1745143200000,508671.44937,4922,2025-04-20 09:00:00+00:00
1745143200000,0.02755,0.02794,0.02723,0.02751,13118391.0,1745146800000,361490.43016,4451,2025-04-20 10:00:00+00:00
1745146800000,0.0275,0.0276,0.02679,0.02743,11567586.0,1745150400000,314020.70538,3473,2025-04-20 11:00:00+00:00
1745150400000,0.02741,0.02777,0.02716,0.0276,4955194.0,1745154000000,136376.69265,2053,2025-04-20 12:00:00+00:00
1745154000000,0.02758,0.02799,0.02733,0.02756,12050764.0,1745157600000,333349.39527,3778,2025-04-20 13:00:00+00:00
1745157600000,0.02756,0.02764,0.02724,0.02736,4564308.0,1745161200000,124950.14749,1988,2025-04-20 14:00:00+00:00
1745161200000,0.02735,0.0276,0.0268,0.02684,6779060.0,1745164800000,184731.04021,2146,2025-04-20 15:00:00+00:00
1745164800000,0.02683,0.02736,0.02672,0.02704,10342538.0,1745168400000,278783.17949,3144,2025-04-20 16:00:00+00:00
1745168400000,0.02704,0.02727,0.02681,0.02713,5453480.0,1745172000000,147487.78723,1998,2025-04-20 17:00:00+00:00
1745172000000,0.02711,0.02749,0.02702,0.02733,4897270.0,1745175600000,133650.03571,1763,2025-04-20 18:00:00+00:00
1745175600000,0.02731,0.0275,0.02713,0.02737,4756274.0,1745179200000,129917.80479,1172,2025-04-20 19:00:00+00:00
1745179200000,0.02737,0.02745,0.02723,0.02744,942984.0,1745182800000,25779.64502,702,2025-04-20 20:00:00+00:00
1745182800000,0.02746,0.02751,0.02719,0.0272,1040161.0,1745186400000,28486.81021,507,2025-04-20 21:00:00+00:00
1745186400000,0.0272,0.02728,0.0267,0.02693,3724793.0,1745190000000,100363.83448,1055,2025-04-20 22:00:00+00:00
1745190000000,0.02693,0.02737,0.0269,0.02736,1456305.0,1745193600000,39599.06193,758,2025-04-20 23:00:00+00:00
1745193600000,0.02736,0.02796,0.02728,0.02768,5213030.0,1745197200000,144204.13518,1880,2025-04-21 00:00:00+00:00
1745197200000,0.02768,0.02833,0.02739,0.02796,13515031.0,1745200800000,376653.97308,2755,2025-04-21 01:00:00+00:00
1745200800000,0.02797,0.02862,0.02792,0.02832,8579009.0,1745204400000,242948.74163,2671,2025-04-21 02:00:00+00:00
1745204400000,0.02834,0.02889,0.02755,0.02779,18117345.0,1745208000000,509948.80002,5125,2025-04-21 03:00:00+00:00
1745208000000,0.02779,0.02856,0.02761,0.02805,16939074.0,1745211600000,478035.59893,4059,2025-04-21 04:00:00+00:00
1745211600000,0.02806,0.02885,0.02801,0.02871,8100530.0,1745215200000,230734.4892,2514,2025-04-21 05:00:00+00:00
1745215200000,0.02869,0.02882,0.0271,0.02731,12413195.0,1745218800000,345480.63792,3898,2025-04-21 06:00:00+00:00
1745218800000,0.02729,0.0274,0.02685,0.02689,13098256.0,1745222400000,355600.87784,2300,2025-04-21 07:00:00+00:00
1745222400000,0.02689,0.02716,0.02685,0.0271,5357999.0,1745226000000,144752.99671,1304,2025-04-21 08:00:00+00:00
1745226000000,0.02709,0.02712,0.02634,0.02639,7912577.0,1745229600000,210704.92975,1562,2025-04-21 09:00:00+00:00
1745229600000,0.02636,0.02648,0.02605,0.02609,5122364.0,1745233200000,134515.03065,1422,2025-04-21 10:00:00+00:00
1745233200000,0.02609,0.02689,0.02586,0.0266,11397169.0,1745236800000,301359.61404,3766,2025-04-21 11:00:00+00:00
1745236800000,0.02661,0.02683,0.02641,0.02659,5084621.0,1745240400000,135372.93712,1191,2025-04-21 12:00:00+00:00
1745240400000,0.02659,0.02704,0.02655,0.02685,3267626.0,1745244000000,87600.92551,1211,2025-04-21 13:00:00+00:00
1745244000000,0.02683,0.02713,0.02619,0.02652,13856940.0,1745247600000,369317.63741,3329,2025-04-21 14:00:00+00:00
1745247600000,0.02651,0.02715,0.02645,0.02713,6950127.0,1745251200000,185835.81299,1809,2025-04-21 15:00:00+00:00
1745251200000,0.02716,0.02743,0.02609,0.02614,8406450.0,1745254800000,224736.04421,2098,2025-04-21 16:00:00+00:00
1745254800000,0.02616,0.02617,0.02581,0.02609,8501044.0,1745258400000,220709.33239,2047,2025-04-21 17:00:00+00:00
1745258400000,0.02608,0.02608,0.02569,0.02574,2749673.0,1745262000000,71140.93297,1200,2025-04-21 18:00:00+00:00
1745262000000,0.02573,0.02594,0.02565,0.02585,2197147.0,1745265600000,56672.63737,875,2025-04-21 19:00:00+00:00
1745265600000,0.02586,0.02612,0.02578,0.02605,2843483.0,1745269200000,73912.34928,834,2025-04-21 20:00:00+00:00
1745269200000,0.02606,0.0262,0.0258,0.02581,1091023.0,1745272800000,28446.423,433,2025-04-21 21:00:00+00:00
1745272800000,0.02579,0.02625,0.02578,0.02617,4876564.0,1745276400000,127079.08978,841,2025-04-21 22:00:00+00:00
1745276400000,0.02616,0.02616,0.02555,0.02555,3225870.0,1745280000000,83042.66188,1242,2025-04-21 23:00:00+00:00
1745280000000,0.02557,0.02583,0.02522,0.02577,4105961.0,1745283600000,104728.05694,1652,2025-04-22 00:00:00+00:00
1745283600000,0.02577,0.02716,0.02563,0.02704,13304808.0,1745287200000,355246.09552,3524,2025-04-22 01:00:00+00:00
1745287200000,0.02705,0.02721,0.02679,0.02712,9601169.0,1745290800000,259995.15269,2307,2025-04-22 02:00:00+00:00
1745290800000,0.02711,0.02729,0.02644,0.02647,3878687.0,1745294400000,103953.44897,1679,2025-04-22 03:00:00+00:00
1745294400000,0.02648,0.02658,0.02619,0.02626,2592102.0,1745298000000,68283.41763,1187,2025-04-22 04:00:00+00:00
1745298000000,0.02626,0.02632,0.02538,0.02556,13675545.0,1745301600000,351872.74299,5102,2025-04-22 05:00:00+00:00
1745301600000,0.02558,0.02577,0.02438,0.02476,19742132.0,1745305200000,490290.03714,5603,2025-04-22 06:00:00+00:00
1745305200000,0.02475,0.02545,0.02473,0.02538,9055653.0,1745308800000,227826.17483,2896,2025-04-22 07:00:00+00:00
1745308800000,0.02539,0.0254,0.02485,0.02513,4872786.0,1745312400000,122283.78983,1413,2025-04-22 08:00:00+00:00
1745312400000,0.02513,0.02524,0.02496,0.02521,3954764.0,1745316000000,99337.03736,1381,2025-04-22 09:00:00+00:00
1745316000000,0.02521,0.02527,0.02499,0.02521,3907583.0,1745319600000,98160.19427,1285,2025-04-22 10:00:00+00:00
1745319600000,0.02519,0.02526,0.02505,0.02519,2121207.0,1745323200000,53379.39054,1021,2025-04-22 11:00:00+00:00
1745323200000,0.02518,0.02542,0.02492,0.02536,8522633.0,1745326800000,214703.93381,1775,2025-04-22 12:00:00+00:00
1745326800000,0.02539,0.02554,0.02508,0.02528,9708216.0,1745330400000,245207.08514,2559,2025-04-22 13:00:00+00:00
1745330400000,0.02531,0.02579,0.0253,0.02578,5224795.0,1745334000000,133658.15614,1915,2025-04-22 14:00:00+00:00
1745334000000,0.02579,0.02641,0.025,0.02586,23071544.0,1745337600000,595922.9817,6850,2025-04-22 15:00:00+00:00
1745337600000,0.02587,0.02646,0.02569,0.02612,19457596.0,1745341200000,506585.34505,5742,2025-04-22 16:00:00+00:00
1745341200000,0.02613,0.02618,0.02561,0.02567,2996536.0,1745344800000,77252.75783,1292,2025-04-22 17:00:00+00:00
1745344800000,0.02569,0.02586,0.0256,0.0258,2741390.0,1745348400000,70576.16259,982,2025-04-22 18:00:00+00:00
1745348400000,0.02582,0.02619,0.02573,0.02617,4841385.0,1745352000000,125574.61262,2089,2025-04-22 19:00:00+00:00
1745352000000,0.02617,0.02628,0.02601,0.0261,994181.0,1745355600000,26031.71069,588,2025-04-22 20:00:00+00:00
1745355600000,0.02609,0.02672,0.02601,0.02668,4853254.0,1745359200000,128005.17147,1971,2025-04-22 21:00:00+00:00
1745359200000,0.02667,0.0276,0.0266,0.02692,13804136.0,1745362800000,375371.6341,10893,2025-04-22 22:00:00+00:00
1745362800000,0.02693,0.0271,0.0266,0.02688,8463646.0,1745366400000,227284.55524,3767,2025-04-22 23:00:00+00:00
1745366400000,0.02689,0.02699,0.026,0.02675,20699543.0,1745370000000,547662.79214,11393,2025-04-23 00:00:00+00:00
1745370000000,0.02676,0.02743,0.02649,0.02681,22717179.0,1745373600000,612862.48893,8857,2025-04-23 01:00:00+00:00
1745373600000,0.02681,0.02869,0.02681,0.02808,30089321.0,1745377200000,838556.34303,15946,2025-04-23 02:00:00+00:00
1745377200000,0.02809,0.03032,0.02806,0.02984,44069109.0,1745380800000,1286222.93156,21896,2025-04-23 03:00:00+00:00
1745380800000,0.02985,0.031,0.02809,0.02917,41035087.0,1745384400000,1215387.29229,26841,2025-04-23 04:00:00+00:00
1745384400000,0.02918,0.02922,0.02779,0.02817,20705935.0,1745388000000,588875.28867,12734,2025-04-23 05:00:00+00:00
1745388000000,0.02817,0.02863,0.02766,0.02813,16439940.0,1745391600000,462515.86046,6646,2025-04-23 06:00:00+00:00
1745391600000,0.02815,0.03032,0.02805,0.02917,35348490.0,1745395200000,1029420.35131,22989,2025-04-23 07:00:00+00:00
1745395200000,0.02916,0.0294,0.02859,0.0292,9062485.0,1745398800000,263260.22515,4795,2025-04-23 08:00:00+00:00
1745398800000,0.02917,0.02935,0.02863,0.02867,17536888.0,1745402400000,509159.4845,4909,2025-04-23 09:00:00+00:00
1745402400000,0.02869,0.02937,0.02831,0.02897,14312533.0,1745406000000,412495.10743,4891,2025-04-23 10:00:00+00:00
1745406000000,0.02894,0.02985,0.02872,0.02945,11546028.0,1745409600000,336972.93162,5027,2025-04-23 11:00:00+00:00
1745409600000,0.02945,0.03174,0.02938,0.03155,45206616.0,1745413200000,1388476.84629,20951,2025-04-23 12:00:00+00:00
1745413200000,0.03154,0.03161,0.03018,0.03026,25487562.0,1745416800000,788485.79844,14578,2025-04-23 13:00:00+00:00
1745416800000,0.03026,0.03129,0.02935,0.02976,31262853.0,1745420400000,945338.24849,16066,2025-04-23 14:00:00+00:00
1745420400000,0.02977,0.03025,0.02717,0.02769,65070677.0,1745424000000,1852082.30654,48197,2025-04-23 15:00:00+00:00
1745424000000,0.0277,0.02816,0.02698,0.02788,24777299.0,1745427600000,682585.80134,12040,2025-04-23 16:00:00+00:00
1745427600000,0.02788,0.02857,0.02783,0.02831,9620108.0,1745431200000,271472.13982,5412,2025-04-23 17:00:00+00:00
1745431200000,0.02832,0.02909,0.02832,0.02848,9913782.0,1745434800000,284198.66032,5779,2025-04-23 18:00:00+00:00
1745434800000,0.02847,0.02872,0.02772,0.028,9075613.0,1745438400000,255762.08757,3210,2025-04-23 19:00:00+00:00
1745438400000,0.028,0.02832,0.02782,0.02806,4809926.0,1745442000000,135019.66169,2807,2025-04-23 20:00:00+00:00
1745442000000,0.02805,0.02807,0.02758,0.0279,2934472.0,1745445600000,81515.38386,1491,2025-04-23 21:00:00+00:00
1745445600000,0.02792,0.02854,0.02776,0.02817,6561028.0,1745449200000,185638.34473,2690,2025-04-23 22:00:00+00:00
1745449200000,0.02818,0.02853,0.02801,0.02816,6887512.0,1745452800000,194333.63359,2553,2025-04-23 23:00:00+00:00
1745452800000,0.02817,0.02837,0.02724,0.02784,18619168.0,1745456400000,515213.55568,7021,2025-04-24 00:00:00+00:00
1745456400000,0.02785,0.02863,0.02729,0.02735,15199979.0,1745460000000,423271.73472,6807,2025-04-24 01:00:00+00:00
1745460000000,0.02737,0.02834,0.02735,0.02736,10890784.0,1745463600000,303665.6406,6789,2025-04-24 02:00:00+00:00
1745463600000,0.02739,0.02765,0.02637,0.0265,19468699.0,1745467200000,524125.9416,6109,2025-04-24 03:00:00+00:00
1745467200000,0.0265,0.02694,0.02628,0.02685,8264703.0,1745470800000,220059.26467,2830,2025-04-24 04:00:00+00:00
1745470800000,0.02684,0.0274,0.02664,0.02736,5696231.0,1745474400000,154220.93161,2256,2025-04-24 05:00:00+00:00
1745474400000,0.02737,0.0277,0.02707,0.02737,6051551.0,1745478000000,165766.94262,2298,2025-04-24 06:00:00+00:00
1745478000000,0.02736,0.02758,0.02676,0.02708,5500447.0,1745481600000,149563.72935,2104,2025-04-24 07:00:00+00:00
1745481600000,0.02706,0.02728,0.02663,0.02686,7821263.0,1745485200000,210795.81929,2750,2025-04-24 08:00:00+00:00
1745485200000,0.02685,0.02704,0.02654,0.02662,6274032.0,1745488800000,168143.05325,2412,2025-04-24 09:00:00+00:00
1745488800000,0.02661,0.02689,0.02632,0.02668,4903158.0,1745492400000,130397.80255,1700,2025-04-24 10:00:00+00:00
1745492400000,0.02668,0.02673,0.02647,0.02668,3312282.0,1745496000000,88100.10799,1244,2025-04-24 11:00:00+00:00
1745496000000,0.02668,0.02668,0.02622,0.0263,4894443.0,1745499600000,129515.71735,1603,2025-04-24 12:00:00+00:00
1745499600000,0.02632,0.02635,0.0254,0.02571,16626061.0,1745503200000,430706.3731,5148,2025-04-24 13:00:00+00:00
1745503200000,0.02571,0.02632,0.02558,0.02609,14245106.0,1745506800000,370300.04663,4780,2025-04-24 14:00:00+00:00
1745506800000,0.0261,0.02681,0.02598,0.02646,15618157.0,1745510400000,412449.36911,4724,2025-04-24 15:00:00+00:00
1745510400000,0.02645,0.02696,0.02614,0.02683,10987815.0,1745514000000,292066.83247,4194,2025-04-24 16:00:00+00:00
1745514000000,0.02681,0.02684,0.02572,0.02631,8649387.0,1745517600000,226527.44931,3177,2025-04-24 17:00:00+00:00
1745517600000,0.0263,0.02645,0.02601,0.02618,3633510.0,1745521200000,95303.68916,1609,2025-04-24 18:00:00+00:00
1745521200000,0.02618,0.02709,0.02596,0.02651,5243712.0,1745524800000,138455.85047,3420,2025-04-24 19:00:00+00:00
1745524800000,0.0265,0.027,0.02639,0.0268,3384937.0,1745528400000,90560.89237,2128,2025-04-24 20:00:00+00:00
1745528400000,0.02679,0.02737,0.02672,0.02729,9823939.0,1745532000000,266015.7281,2566,2025-04-24 21:00:00+00:00
1745532000000,0.02728,0.0276,0.02715,0.0274,4430844.0,1745535600000,121125.2046,1931,2025-04-24 22:00:00+00:00
1745535600000,0.02738,0.02755,0.02721,0.02738,3528914.0,1745539200000,96699.82066,1008,2025-04-24 23:00:00+00:00
1745539200000,0.02736,0.0275,0.02705,0.02742,7451784.0,1745542800000,203191.26868,2371,2025-04-25 00:00:00+00:00
1745542800000,0.02742,0.02785,0.02711,0.02717,8300395.0,1745546400000,228049.73733,4858,2025-04-25 01:00:00+00:00
1745546400000,0.02719,0.02735,0.02663,0.02672,7174087.0,1745550000000,193080.15453,2651,2025-04-25 02:00:00+00:00
1745550000000,0.02671,0.02708,0.02667,0.02695,4845020.0,1745553600000,130061.3319,1927,2025-04-25 03:00:00+00:00
1745553600000,0.02694,0.02728,0.02674,0.02683,4949558.0,1745557200000,133576.52342,1968,2025-04-25 04:00:00+00:00
1745557200000,0.02685,0.02799,0.02681,0.0278,9525381.0,1745560800000,262353.31352,3200,2025-04-25 05:00:00+00:00
1745560800000,0.02778,0.0285,0.02766,0.02844,11698949.0,1745564400000,329275.19426,3887,2025-04-25 06:00:00+00:00
1745564400000,0.02847,0.03421,0.02604,0.02713,437559227.0,1745568000000,12996157.026,279184,2025-04-25 07:00:00+00:00
1745568000000,0.02709,0.02769,0.027,0.02734,38642753.0,1745571600000,1058424.62329,12568,2025-04-25 08:00:00+00:00
1745571600000,0.02735,0.02773,0.0271,0.02764,21920771.0,1745575200000,599739.53143,5859,2025-04-25 09:00:00+00:00
1745575200000,0.02765,0.02773,0.0271,0.02744,16258953.0,1745578800000,445535.77686,4384,2025-04-25 10:00:00+00:00
1745578800000,0.02742,0.02827,0.02732,0.02811,13959520.0,1745582400000,389176.16801,3800,2025-04-25 11:00:00+00:00
1745582400000,0.02812,0.02819,0.02742,0.02751,13624203.0,1745586000000,378218.2116,4513,2025-04-25 12:00:00+00:00
1745586000000,0.02752,0.02788,0.02706,0.02747,13074183.0,1745589600000,359060.15822,5064,2025-04-25 13:00:00+00:00
1745589600000,0.02748,0.02793,0.02688,0.02783,17299760.0,1745593200000,476052.30847,5548,2025-04-25 14:00:00+00:00
1745593200000,0.02785,0.02855,0.02708,0.02717,24396291.0,1745596800000,680272.00189,11141,2025-04-25 15:00:00+00:00
1745596800000,0.02717,0.02788,0.02674,0.02744,20102399.0,1745600400000,547921.29902,6067,2025-04-25 16:00:00+00:00
1745600400000,0.02744,0.02811,0.0269,0.02695,24223349.0,1745604000000,663825.86219,6812,2025-04-25 17:00:00+00:00
1745604000000,0.02695,0.02712,0.02672,0.02677,5147117.0,1745607600000,138718.92374,1966,2025-04-25 18:00:00+00:00
1745607600000,0.02676,0.02697,0.02639,0.02687,4324236.0,1745611200000,115565.2552,1699,2025-04-25 19:00:00+00:00
1745611200000,0.02686,0.02753,0.02683,0.02742,7160472.0,1745614800000,194838.24222,2840,2025-04-25 20:00:00+00:00
1745614800000,0.02742,0.02748,0.02677,0.02684,7486725.0,1745618400000,203375.86466,2583,2025-04-25 21:00:00+00:00
1745618400000,0.02685,0.0272,0.0266,0.02708,6854050.0,1745622000000,184148.45139,2291,2025-04-25 22:00:00+00:00
1745622000000,0.02707,0.02708,0.02675,0.02696,4355857.0,1745625600000,117204.89646,1863,2025-04-25 23:00:00+00:00
1745625600000,0.02694,0.02763,0.02683,0.02746,9286145.0,1745629200000,252808.83878,4232,2025-04-26 00:00:00+00:00
1745629200000,0.02744,0.02815,0.02743,0.02778,15436217.0,1745632800000,428311.39519,3938,2025-04-26 01:00:00+00:00
1745632800000,0.02778,0.02825,0.02765,0.02797,9678162.0,1745636400000,270901.40913,3112,2025-04-26 02:00:00+00:00
1745636400000,0.02797,0.02822,0.02762,0.02788,9320598.0,1745640000000,260818.19709,2425,2025-04-26 03:00:00+00:00
1745640000000,0.02786,0.02821,0.02751,0.02785,10958042.0,1745643600000,305356.29718,3196,2025-04-26 04:00:00+00:00
1745643600000,0.02786,0.02815,0.02757,0.02809,6910784.0,1745647200000,192290.81025,2757,2025-04-26 05:00:00+00:00
1745647200000,0.02807,0.02818,0.02771,0.02781,10986342.0,1745650800000,307081.13827,2609,2025-04-26 06:00:00+00:00
1745650800000,0.02781,0.02855,0.02781,0.02803,10886975.0,1745654400000,306444.83407,3127,2025-04-26 07:00:00+00:00
1745654400000,0.02804,0.02841,0.02761,0.02766,12712532.0,1745658000000,356638.18839,3851,2025-04-26 08:00:00+00:00
1745658000000,0.02767,0.02784,0.02686,0.02745,14640769.0,1745661600000,400081.6973,3987,2025-04-26 09:00:00+00:00
1745661600000,0.02744,0.02795,0.02734,0.02769,5633294.0,1745665200000,155938.35982,2800,2025-04-26 10:00:00+00:00
1745665200000,0.0277,0.02782,0.02711,0.02732,8846642.0,1745668800000,242524.77706,2298,2025-04-26 11:00:00+00:00
1745668800000,0.02733,0.02901,0.0273,0.0276,29827172.0,1745672400000,836390.80853,8936,2025-04-26 12:00:00+00:00
1745672400000,0.0276,0.02797,0.0263,0.02659,35017737.0,1745676000000,944291.53384,12699,2025-04-26 13:00:00+00:00
1745676000000,0.0266,0.02725,0.02653,0.02697,17336759.0,1745679600000,465813.11722,6111,2025-04-26 14:00:00+00:00
1745679600000,0.02697,0.02752,0.02693,0.02743,8129504.0,1745683200000,220700.94568,2424,2025-04-26 15:00:00+00:00
1745683200000,0.02742,0.02766,0.02703,0.02714,10300928.0,1745686800000,282129.7016,3262,2025-04-26 16:00:00+00:00
1745686800000,0.02714,0.02726,0.02699,0.02715,2785881.0,1745690400000,75553.60721,1635,2025-04-26 17:00:00+00:00
1745690400000,0.02714,0.02724,0.02692,0.02695,3057759.0,1745694000000,82774.39758,1720,2025-04-26 18:00:00+00:00
1745694000000,0.02694,0.0276,0.0268,0.02753,5484932.0,1745697600000,149284.16055,2101,2025-04-26 19:00:00+00:00
1745697600000,0.02753,0.02768,0.02721,0.02724,5184948.0,1745701200000,142592.74184,2325,2025-04-26 20:00:00+00:00
1745701200000,0.02723,0.02853,0.02718,0.02815,20546793.0,1745704800000,576810.86898,5786,2025-04-26 21:00:00+00:00
1745704800000,0.02814,0.02825,0.02766,0.0279,8378204.0,1745708400000,234260.41132,2760,2025-04-26 22:00:00+00:00
1745708400000,0.02787,0.02818,0.02777,0.02808,6652282.0,1745712000000,186225.91454,2344,2025-04-26 23:00:00+00:00
1745712000000,0.02808,0.02883,0.02789,0.02826,19358831.0,1745715600000,550475.58638,7272,2025-04-27 00:00:00+00:00
1745715600000,0.02826,0.02848,0.02713,0.02723,20517003.0,1745719200000,568527.22913,7409,2025-04-27 01:00:00+00:00
1745719200000,0.02725,0.02807,0.02718,0.02772,15948369.0,1745722800000,439788.0219,6240,2025-04-27 02:00:00+00:00
1745722800000,0.02771,0.02778,0.02726,0.02736,7395449.0,1745726400000,203069.25475,3140,2025-04-27 03:00:00+00:00
1745726400000,0.02735,0.02764,0.02681,0.02693,8645049.0,1745730000000,235465.44782,3399,2025-04-27 04:00:00+00:00
1745730000000,0.02693,0.02707,0.02665,0.02678,7213689.0,1745733600000,193689.56725,3221,2025-04-27 05:00:00+00:00
1745733600000,0.02678,0.02685,0.02651,0.02672,4074455.0,1745737200000,108813.44719,2412,2025-04-27 06:00:00+00:00
1745737200000,0.02673,0.02731,0.02659,0.02706,4867880.0,1745740800000,131473.51183,1921,2025-04-27 07:00:00+00:00
1745740800000,0.02707,0.02749,0.02707,0.02729,3654863.0,1745744400000,99606.44371,1591,2025-04-27 08:00:00+00:00
1745744400000,0.02728,0.02757,0.02691,0.02757,9955611.0,1745748000000,270836.65495,2928,2025-04-27 09:00:00+00:00
1745748000000,0.02757,0.02844,0.02751,0.02797,17601498.0,1745751600000,491281.8702,6160,2025-04-27 10:00:00+00:00
1745751600000,0.02798,0.02954,0.02787,0.02886,45259288.0,1745755200000,1303921.37147,12608,2025-04-27 11:00:00+00:00
1745755200000,0.02886,0.02926,0.02781,0.02789,29980618.0,1745758800000,854437.60888,9808,2025-04-27 12:00:00+00:00
1745758800000,0.02789,0.02887,0.02776,0.02851,18064638.0,1745762400000,513566.71458,6140,2025-04-27 13:00:00+00:00
1745762400000,0.02851,0.02887,0.02726,0.02744,25305146.0,1745766000000,700866.00026,13099,2025-04-27 14:00:00+00:00
1745766000000,0.02746,0.02756,0.02706,0.02734,6333824.0,1745769600000,172655.27113,2645,2025-04-27 15:00:00+00:00
1745769600000,0.02735,0.02779,0.02702,0.02729,8755638.0,1745773200000,239551.18893,3508,2025-04-27 16:00:00+00:00
1745773200000,0.02731,0.02781,0.02704,0.02764,9724480.0,1745776800000,266213.76122,3329,2025-04-27 17:00:00+00:00
1745776800000,0.02763,0.02825,0.02744,0.02775,18229390.0,1745780400000,509098.5158,5267,2025-04-27 18:00:00+00:00
1745780400000,0.02775,0.02781,0.02706,0.02738,8569443.0,1745784000000,233910.45367,3063,2025-04-27 19:00:00+00:00
1745784000000,0.02739,0.02755,0.0272,0.02734,4525327.0,1745787600000,123828.48464,2283,2025-04-27 20:00:00+00:00
1745787600000,0.02734,0.02738,0.02719,0.02728,1651597.0,1745791200000,45037.58277,886,2025-04-27 21:00:00+00:00
1745791200000,0.0273,0.0276,0.02711,0.02721,2330225.0,1745794800000,63585.12949,1259,2025-04-27 22:00:00+00:00
1745794800000,0.02721,0.02752,0.0271,0.0274,2224490.0,1745798400000,60692.75623,1191,2025-04-27 23:00:00+00:00
1745798400000,0.0274,0.02772,0.02712,0.02771,7575116.0,1745802000000,208093.10055,3129,2025-04-28 00:00:00+00:00
1745802000000,0.02772,0.02788,0.02668,0.02731,15391929.0,1745805600000,419655.07169,4625,2025-04-28 01:00:00+00:00
1745805600000,0.02731,0.02773,0.02719,0.02764,11699199.0,1745809200000,320727.44571,3702,2025-04-28 02:00:00+00:00
1745809200000,0.02763,0.02823,0.02748,0.02803,12279613.0,1745812800000,342324.45254,4237,2025-04-28 03:00:00+00:00
1745812800000,0.02805,0.0289,0.02792,0.0287,22733349.0,1745816400000,646592.13281,7554,2025-04-28 04:00:00+00:00
1745816400000,0.0287,0.02888,0.02793,0.02839,22479810.0,1745820000000,640396.31798,7365,2025-04-28 05:00:00+00:00
1745820000000,0.02839,0.02878,0.02836,0.02863,10845745.0,1745823600000,310127.37479,4172,2025-04-28 06:00:00+00:00
1745823600000,0.02862,0.02911,0.0285,0.02884,15090957.0,1745827200000,434754.93956,4451,2025-04-28 07:00:00+00:00
1745827200000,0.02885,0.02917,0.02833,0.02914,11593983.0,1745830800000,334700.11702,4518,2025-04-28 08:00:00+00:00
1745830800000,0.02913,0.02957,0.02835,0.0286,13929886.0,1745834400000,405363.66558,4556,2025-04-28 09:00:00+00:00
1745834400000,0.02861,0.02864,0.02779,0.02839,16165056.0,1745838000000,456381.14169,4884,2025-04-28 10:00:00+00:00
1745838000000,0.0284,0.0284,0.028,0.0283,5653116.0,1745841600000,159533.45288,2551,2025-04-28 11:00:00+00:00
1745841600000,0.02829,0.02839,0.02794,0.02805,10042349.0,1745845200000,282441.50901,2357,2025-04-28 12:00:00+00:00
1745845200000,0.02806,0.02833,0.02758,0.02771,10348196.0,1745848800000,289146.90299,3328,2025-04-28 13:00:00+00:00
1745848800000,0.0277,0.0284,0.02761,0.02788,10775764.0,1745852400000,302181.1445,3990,2025-04-28 14:00:00+00:00
1745852400000,0.02789,0.02824,0.02762,0.02801,11344673.0,1745856000000,316160.99298,3825,2025-04-28 15:00:00+00:00
1745856000000,0.02799,0.02879,0.0279,0.02862,15130972.0,1745859600000,430165.21597,4964,2025-04-28 16:00:00+00:00
1745859600000,0.02859,0.02912,0.02848,0.02857,6612569.0,1745863200000,189865.61508,2413,2025-04-28 17:00:00+00:00
1745863200000,0.02859,0.02885,0.02844,0.02861,9217428.0,1745866800000,264009.53512,2829,2025-04-28 18:00:00+00:00
1745866800000,0.02862,0.02889,0.02857,0.02878,4515004.0,1745870400000,129686.8252,2266,2025-04-28 19:00:00+00:00
1745870400000,0.02879,0.02898,0.02868,0.0288,3116455.0,1745874000000,89798.13115,1908,2025-04-28 20:00:00+00:00
1745874000000,0.0288,0.02897,0.02852,0.02878,3040526.0,1745877600000,87351.74163,1754,2025-04-28 21:00:00+00:00
1745877600000,0.02878,0.02908,0.02861,0.02889,3774878.0,1745881200000,108816.35474,2096,2025-04-28 22:00:00+00:00
1745881200000,0.02891,0.02898,0.0284,0.02862,4456405.0,1745884800000,127480.1791,2067,2025-04-28 23:00:00+00:00
1745884800000,0.02865,0.02944,0.02834,0.02844,9138625.0,1745888400000,264468.22349,3765,2025-04-29 00:00:00+00:00
1745888400000,0.02844,0.02864,0.02809,0.02847,8263012.0,1745892000000,235097.47973,3084,2025-04-29 01:00:00+00:00
1745892000000,0.02847,0.02876,0.02833,0.02873,2813468.0,1745895600000,80213.60086,1360,2025-04-29 02:00:00+00:00
1745895600000,0.02875,0.02902,0.02855,0.02871,4159884.0,1745899200000,119811.65519,2010,2025-04-29 03:00:00+00:00
1745899200000,0.02873,0.02882,0.02799,0.02817,7242607.0,1745902800000,204996.45987,2105,2025-04-29 04:00:00+00:00
1745902800000,0.02819,0.02838,0.02799,0.02802,4422717.0,1745906400000,124497.49885,1674,2025-04-29 05:00:00+00:00
1745906400000,0.02803,0.02808,0.0278,0.02803,7748159.0,1745910000000,216680.02541,1691,2025-04-29 06:00:00+00:00
1745910000000,0.02803,0.02817,0.02787,0.0281,5281513.0,1745913600000,147945.3098,1519,2025-04-29 07:00:00+00:00
1745913600000,0.02806,0.02812,0.02759,0.02779,7588388.0,1745917200000,211112.05453,2110,2025-04-29 08:00:00+00:00
1745917200000,0.0278,0.02782,0.0271,0.02746,15031568.0,1745920800000,412266.87431,3490,2025-04-29 09:00:00+00:00
1745920800000,0.02744,0.02753,0.027,0.02705,11497096.0,1745924400000,313166.36758,3110,2025-04-29 10:00:00+00:00
1745924400000,0.02704,0.02729,0.027,0.02715,11363117.0,1745928000000,308137.62474,3616,2025-04-29 11:00:00+00:00
1745928000000,0.02717,0.0272,0.02681,0.02717,10840960.0,1745931600000,292469.2908,3681,2025-04-29 12:00:00+00:00
1745931600000,0.02716,0.02723,0.02688,0.02723,5678938.0,1745935200000,153763.81804,2380,2025-04-29 13:00:00+00:00
1745935200000,0.02719,0.02784,0.02714,0.02752,8271361.0,1745938800000,227446.58227,3645,2025-04-29 14:00:00+00:00
1745938800000,0.02753,0.02763,0.02734,0.02737,3476776.0,1745942400000,95608.28468,1326,2025-04-29 15:00:00+00:00
1745942400000,0.02735,0.02762,0.02724,0.02734,4638817.0,1745946000000,127293.19018,1633,2025-04-29 16:00:00+00:00
1745946000000,0.02735,0.02768,0.02711,0.02747,5141874.0,1745949600000,141000.3135,2011,2025-04-29 17:00:00+00:00
1745949600000,0.02745,0.02777,0.02728,0.02747,4113828.0,1745953200000,113196.65772,1776,2025-04-29 18:00:00+00:00
1745953200000,0.02747,0.02751,0.0273,0.02741,2220457.0,1745956800000,60823.38525,875,2025-04-29 19:00:00+00:00
1745956800000,0.02742,0.02756,0.02733,0.02754,1413391.0,1745960400000,38745.41932,705,2025-04-29 20:00:00+00:00
1745960400000,0.02753,0.02767,0.02733,0.02759,3320148.0,1745964000000,91362.1117,1122,2025-04-29 21:00:00+00:00
1745964000000,0.02758,0.02772,0.02743,0.02747,2559896.0,1745967600000,70667.56003,1273,2025-04-29 22:00:00+00:00
1745967600000,0.02746,0.02751,0.02694,0.02717,4060853.0,1745971200000,110286.24436,2255,2025-04-29 23:00:00+00:00
1745971200000,0.02717,0.02772,0.02704,0.0275,6703068.0,1745974800000,184074.26668,2642,2025-04-30 00:00:00+00:00
1745974800000,0.02751,0.02768,0.02721,0.02756,3232997.0,1745978400000,88702.21361,1630,2025-04-30 01:00:00+00:00
1745978400000,0.02755,0.02787,0.02735,0.02772,7616796.0,1745982000000,210608.31195,3054,2025-04-30 02:00:00+00:00
1745982000000,0.02773,0.02781,0.02703,0.02742,7952650.0,1745985600000,217065.55314,2674,2025-04-30 03:00:00+00:00
1745985600000,0.02743,0.02772,0.02742,0.02762,4964692.0,1745989200000,136915.48105,1667,2025-04-30 04:00:00+00:00
1745989200000,0.02763,0.02763,0.02731,0.02759,4295708.0,1745992800000,117877.51193,1369,2025-04-30 05:00:00+00:00
1745992800000,0.02756,0.0277,0.02738,0.02762,4344753.0,1745996400000,119891.62472,2080,2025-04-30 06:00:00+00:00
1745996400000,0.0276,0.02773,0.02723,0.02741,4363959.0,1746000000000,119785.98439,1932,2025-04-30 07:00:00+00:00
1746000000000,0.02742,0.02767,0.0274,0.0276,5907719.0,1746003600000,162761.48584,1737,2025-04-30 08:00:00+00:00
1746003600000,0.02758,0.02869,0.02749,0.02851,20557123.0,1746007200000,579047.58595,7473,2025-04-30 09:00:00+00:00
1746007200000,0.02851,0.02865,0.02785,0.02815,8350083.0,1746010800000,234855.62659,2886,2025-04-30 10:00:00+00:00
1746010800000,0.02816,0.02829,0.02797,0.02815,3010755.0,1746014400000,84702.22418,1271,2025-04-30 11:00:00+00:00
1746014400000,0.02815,0.02817,0.02742,0.02769,5627579.0,1746018000000,156284.73296,2613,2025-04-30 12:00:00+00:00
1746018000000,0.02769,0.02776,0.02724,0.02739,17753076.0,1746021600000,486631.45741,6274,2025-04-30 13:00:00+00:00
1746021600000,0.02735,0.02814,0.02731,0.02808,14985086.0,1746025200000,415703.97221,4762,2025-04-30 14:00:00+00:00
1746025200000,0.02808,0.0284,0.02741,0.02785,11760724.0,1746028800000,328802.11337,7671,2025-04-30 15:00:00+00:00
1746028800000,0.02787,0.02804,0.0273,0.02761,17159941.0,1746032400000,473777.15294,5215,2025-04-30 16:00:00+00:00
1746032400000,0.02759,0.0279,0.02753,0.02778,2791043.0,1746036000000,77415.35845,1249,2025-04-30 17:00:00+00:00
1746036000000,0.02779,0.02806,0.02776,0.02778,2118960.0,1746039600000,59057.85899,1213,2025-04-30 18:00:00+00:00
1746039600000,0.0278,0.02784,0.02759,0.02777,817478.0,1746043200000,22654.74303,683,2025-04-30 19:00:00+00:00
1746043200000,0.02776,0.02807,0.02773,0.02786,3544268.0,1746046800000,99025.18382,1439,2025-04-30 20:00:00+00:00
1746046800000,0.02788,0.0281,0.02775,0.02795,2420091.0,1746050400000,67515.44257,1546,2025-04-30 21:00:00+00:00
1746050400000,0.02795,0.02833,0.02792,0.02826,3261556.0,1746054000000,91915.11435,2397,2025-04-30 22:00:00+00:00
1746054000000,0.02826,0.02843,0.02802,0.02816,3040029.0,1746057600000,85850.43578,2715,2025-04-30 23:00:00+00:00
1746057600000,0.02814,0.02831,0.02798,0.02826,3520439.0,1746061200000,99014.81522,3098,2025-05-01 00:00:00+00:00
1746061200000,0.02828,0.02876,0.02827,0.02847,4103831.0,1746064800000,116902.47474,3179,2025-05-01 01:00:00+00:00
1746064800000,0.02847,0.0288,0.02843,0.02854,4928867.0,1746068400000,140898.96482,2664,2025-05-01 02:00:00+00:00
1746068400000,0.02854,0.02869,0.02816,0.02826,2891176.0,1746072000000,82161.24984,2534,2025-05-01 03:00:00+00:00
1746072000000,0.02825,0.02855,0.02819,0.02847,2824924.0,1746075600000,80215.69488,2242,2025-05-01 04:00:00+00:00
1746075600000,0.02848,0.02913,0.02837,0.02851,8911310.0,1746079200000,256574.11938,4886,2025-05-01 05:00:00+00:00
1746079200000,0.02849,0.02909,0.02833,0.02885,7549473.0,1746082800000,217200.00076,3715,2025-05-01 06:00:00+00:00
1746082800000,0.02885,0.02894,0.02863,0.02877,5384629.0,1746086400000,154921.67714,2555,2025-05-01 07:00:00+00:00
1746086400000,0.02879,0.02923,0.02862,0.02905,10850562.0,1746090000000,314120.61431,3713,2025-05-01 08:00:00+00:00
1746090000000,0.02905,0.02946,0.02901,0.02919,5360486.0,1746093600000,156892.22189,2639,2025-05-01 09:00:00+00:00
1746093600000,0.02919,0.0295,0.029,0.02937,8041986.0,1746097200000,235396.92842,3195,2025-05-01 10:00:00+00:00
1746097200000,0.02935,0.02942,0.02898,0.02922,5266721.0,1746100800000,153460.88406,2019,2025-05-01 11:00:00+00:00
1746100800000,0.02922,0.03044,0.02914,0.02996,19429524.0,1746104400000,578253.73436,6942,2025-05-01 12:00:00+00:00
1746104400000,0.02996,0.03003,0.0289,0.02893,14403523.0,1746108000000,423991.43608,4422,2025-05-01 13:00:00+00:00
1746108000000,0.02895,0.0294,0.02885,0.0292,10361593.0,1746111600000,301925.25832,4002,2025-05-01 14:00:00+00:00
1746111600000,0.02921,0.02948,0.02903,0.02913,14037938.0,1746115200000,410979.07215,3438,2025-05-01 15:00:00+00:00
1746115200000,0.02915,0.02987,0.029,0.02907,9300394.0,1746118800000,273369.11699,2789,2025-05-01 16:00:00+00:00
1746118800000,0.02907,0.02932,0.02858,0.0291,9173520.0,1746122400000,265401.89798,3108,2025-05-01 17:00:00+00:00
1746122400000,0.02911,0.02925,0.02895,0.02902,1848589.0,1746126000000,53787.42207,1269,2025-05-01 18:00:00+00:00
1746126000000,0.02904,0.02926,0.02891,0.02906,3750994.0,1746129600000,109114.13824,1200,2025-05-01 19:00:00+00:00
1746129600000,0.02907,0.02935,0.02893,0.02923,4065194.0,1746133200000,118535.38675,2412,2025-05-01 20:00:00+00:00
1746133200000,0.02924,0.02938,0.02922,0.02927,2680891.0,1746136800000,78599.9499,1258,2025-05-01 21:00:00+00:00
1746136800000,0.02928,0.02936,0.02907,0.02928,1339719.0,1746140400000,39172.29368,1093,2025-05-01 22:00:00+00:00
1746140400000,0.02926,0.02952,0.02905,0.0295,5079322.0,1746144000000,148524.55596,1546,2025-05-01 23:00:00+00:00
1746144000000,0.02951,0.0296,0.02909,0.0296,4639134.0,1746147600000,136162.93688,1888,2025-05-02 00:00:00+00:00
1746147600000,0.02959,0.0297,0.02912,0.02926,3506273.0,1746151200000,103069.47246,1154,2025-05-02 01:00:00+00:00
1746151200000,0.02925,0.02944,0.0286,0.02921,7348831.0,1746154800000,213414.81385,2795,2025-05-02 02:00:00+00:00
1746154800000,0.02921,0.02942,0.02906,0.02937,2822346.0,1746158400000,82515.3669,1025,2025-05-02 03:00:00+00:00
1746158400000,0.02942,0.02945,0.02878,0.02892,3807532.0,1746162000000,110472.5176,1202,2025-05-02 04:00:00+00:00
1746162000000,0.02892,0.02911,0.0282,0.02837,9929569.0,1746165600000,283208.06338,2886,2025-05-02 05:00:00+00:00
1746165600000,0.02837,0.02856,0.02822,0.02839,2654260.0,1746169200000,75350.55292,1293,2025-05-02 06:00:00+00:00
1746169200000,0.02836,0.02857,0.02826,0.02841,2049457.0,1746172800000,58186.25829,1057,2025-05-02 07:00:00+00:00
1746172800000,0.0284,0.02871,0.02835,0.02864,2649578.0,1746176400000,75517.9209,998,2025-05-02 08:00:00+00:00
1746176400000,0.02862,0.02865,0.02844,0.02859,1600392.0,1746180000000,45713.19717,793,2025-05-02 09:00:00+00:00
1746180000000,0.02858,0.02872,0.02835,0.02853,3002446.0,1746183600000,85676.34024,1173,2025-05-02 10:00:00+00:00
1746183600000,0.0285,0.02895,0.0284,0.02882,4509641.0,1746187200000,129276.21434,2280,2025-05-02 11:00:00+00:00
1746187200000,0.0288,0.02896,0.02852,0.02896,2633391.0,1746190800000,75696.15914,1700,2025-05-02 12:00:00+00:00
1746190800000,0.02896,0.02903,0.0288,0.02888,3761948.0,1746194400000,108643.32676,1487,2025-05-02 13:00:00+00:00
1746194400000,0.02889,0.02899,0.0288,0.02889,3533623.0,1746198000000,102032.83396,1585,2025-05-02 14:00:00+00:00
1746198000000,0.0289,0.02895,0.0288,0.02888,3138054.0,1746201600000,90579.48881,849,2025-05-02 15:00:00+00:00
1746201600000,0.0289,0.0291,0.02881,0.02885,3588364.0,1746205200000,103850.86108,1226,2025-05-02 16:00:00+00:00
1746205200000,0.02884,0.02897,0.02878,0.02883,1448112.0,1746208800000,41760.89192,602,2025-05-02 17:00:00+00:00
1746208800000,0.02883,0.02904,0.02881,0.02896,939395.0,1746212400000,27209.90287,569,2025-05-02 18:00:00+00:00
1746212400000,0.02897,0.02927,0.02884,0.02916,4028559.0,1746216000000,117048.53021,2049,2025-05-02 19:00:00+00:00
1746216000000,0.02916,0.02974,0.02912,0.02974,3596419.0,1746219600000,106131.88003,1208,2025-05-02 20:00:00+00:00
1746219600000,0.02971,0.03013,0.02958,0.02982,4340834.0,1746223200000,129700.17842,1457,2025-05-02 21:00:00+00:00
1746223200000,0.02982,0.02982,0.0293,0.02959,3749841.0,1746226800000,110654.80695,1636,2025-05-02 22:00:00+00:00
1746226800000,0.02959,0.02961,0.0289,0.02911,3185601.0,1746230400000,93023.01246,1233,2025-05-02 23:00:00+00:00
1746230400000,0.0291,0.02911,0.02846,0.0287,3835985.0,1746234000000,110257.13921,1970,2025-05-03 00:00:00+00:00
1746234000000,0.02869,0.02878,0.0285,0.02865,3841708.0,1746237600000,110089.43923,1205,2025-05-03 01:00:00+00:00
1746237600000,0.02866,0.02916,0.02862,0.02912,3714833.0,1746241200000,107415.24778,1245,2025-05-03 02:00:00+00:00
1746241200000,0.02911,0.02947,0.02898,0.0294,5281664.0,1746244800000,153939.68081,1253,2025-05-03 03:00:00+00:00
1746244800000,0.0294,0.02958,0.02911,0.02949,5586427.0,1746248400000,164132.63812,1627,2025-05-03 04:00:00+00:00
1746248400000,0.02947,0.0296,0.02924,0.02956,1987914.0,1746252000000,58542.72768,814,2025-05-03 05:00:00+00:00
1746252000000,0.02956,0.03041,0.02948,0.02958,17342078.0,1746255600000,519033.27086,4439,2025-05-03 06:00:00+00:00
1746255600000,0.02961,0.03002,0.0296,0.02974,5521012.0,1746259200000,164801.58047,1765,2025-05-03 07:00:00+00:00
1746259200000,0.02976,0.02983,0.02907,0.02918,4983999.0,1746262800000,146008.55615,1377,2025-05-03 08:00:00+00:00
1746262800000,0.02919,0.02919,0.02862,0.02874,7118542.0,1746266400000,205831.81689,1374,2025-05-03 09:00:00+00:00
1746266400000,0.02877,0.02917,0.02845,0.02851,7831637.0,1746270000000,224732.20296,2175,2025-05-03 10:00:00+00:00
1746270000000,0.02851,0.02891,0.02847,0.0286,7261947.0,1746273600000,208224.3059,2281,2025-05-03 11:00:00+00:00
1746273600000,0.0286,0.02883,0.02854,0.0288,3767715.0,1746277200000,108170.96305,899,2025-05-03 12:00:00+00:00
1746277200000,0.0288,0.02887,0.02843,0.02861,3748143.0,1746280800000,107577.96778,905,2025-05-03 13:00:00+00:00
1746280800000,0.02859,0.02867,0.0283,0.02836,4915684.0,1746284400000,139704.09012,1084,2025-05-03 14:00:00+00:00
1746284400000,0.02836,0.02861,0.02834,0.02848,2556051.0,1746288000000,72754.41032,753,2025-05-03 15:00:00+00:00
1746288000000,0.02846,0.02868,0.02777,0.0279,8243853.0,1746291600000,232161.04498,2110,2025-05-03 16:00:00+00:00
1746291600000,0.02787,0.02788,0.02685,0.0272,18172833.0,1746295200000,493938.12976,5428,2025-05-03 17:00:00+00:00
1746295200000,0.02723,0.02737,0.02685,0.027,5336864.0,1746298800000,144729.85051,3159,2025-05-03 18:00:00+00:00
1746298800000,0.02701,0.02729,0.02685,0.02725,2606793.0,1746302400000,70473.9964,854,2025-05-03 19:00:00+00:00
1746302400000,0.02725,0.02725,0.02707,0.0271,1552879.0,1746306000000,42146.82124,326,2025-05-03 20:00:00+00:00
1746306000000,0.02711,0.02718,0.0269,0.02693,1745152.0,1746309600000,47100.70829,465,2025-05-03 21:00:00+00:00
1746309600000,0.02695,0.02697,0.02635,0.0264,16024028.0,1746313200000,425181.51907,2707,2025-05-03 22:00:00+00:00
1746313200000,0.0264,0.02849,0.02618,0.02732,14275810.0,1746316800000,387252.82056,5981,2025-05-03 23:00:00+00:00
1746316800000,0.02735,0.02805,0.02723,0.02724,13953466.0,1746320400000,385800.91818,5362,2025-05-04 00:00:00+00:00
1746320400000,0.02724,0.02731,0.02679,0.02712,2691466.0,1746324000000,72757.66026,1563,2025-05-04 01:00:00+00:00
1746324000000,0.02711,0.02743,0.02684,0.02706,4751965.0,1746327600000,128762.01531,1880,2025-05-04 02:00:00+00:00
1746327600000,0.02701,0.0271,0.02676,0.02679,3156565.0,1746331200000,84856.23248,1528,2025-05-04 03:00:00+00:00
1746331200000,0.02678,0.02702,0.02658,0.02672,5146361.0,1746334800000,137608.76996,1203,2025-05-04 04:00:00+00:00
1746334800000,0.02672,0.02682,0.02637,0.02662,5769399.0,1746338400000,153507.87372,1238,2025-05-04 05:00:00+00:00
1746338400000,0.02662,0.02668,0.02627,0.02661,4026354.0,1746342000000,106687.20643,1123,2025-05-04 06:00:00+00:00
1746342000000,0.02659,0.02661,0.0263,0.02651,2471878.0,1746345600000,65366.70944,768,2025-05-04 07:00:00+00:00
1746345600000,0.0265,0.02655,0.02611,0.02628,4282897.0,1746349200000,112612.32651,1164,2025-05-04 08:00:00+00:00
1746349200000,0.02631,0.02647,0.02607,0.02616,4389453.0,1746352800000,115223.60223,1420,2025-05-04 09:00:00+00:00
1746352800000,0.02617,0.0266,0.02612,0.02658,2466840.0,1746356400000,65119.88752,898,2025-05-04 10:00:00+00:00
1746356400000,0.02658,0.02716,0.0265,0.02682,4784390.0,1746360000000,128533.9789,1454,2025-05-04 11:00:00+00:00
1746360000000,0.02683,0.02691,0.02672,0.02676,1594012.0,1746363600000,42742.74008,609,2025-05-04 12:00:00+00:00
1746363600000,0.02675,0.02687,0.02651,0.02666,3037944.0,1746367200000,81079.83247,912,2025-05-04 13:00:00+00:00
1746367200000,0.02665,0.027,0.02664,0.02693,2860605.0,1746370800000,76870.39202,953,2025-05-04 14:00:00+00:00
1746370800000,0.02696,0.02706,0.02661,0.02671,2445846.0,1746374400000,65531.35531,647,2025-05-04 15:00:00+00:00
1746374400000,0.02671,0.02684,0.02636,0.02647,2224933.0,1746378000000,59091.30417,693,2025-05-04 16:00:00+00:00
1746378000000,0.02649,0.02649,0.02584,0.02608,5829875.0,1746381600000,152047.75468,1333,2025-05-04 17:00:00+00:00
1746381600000,0.0261,0.02624,0.026,0.02622,2108590.0,1746385200000,55161.97921,848,2025-05-04 18:00:00+00:00
1746385200000,0.02622,0.02634,0.026,0.02626,3036690.0,1746388800000,79469.40486,790,2025-05-04 19:00:00+00:00
1746388800000,0.02625,0.02647,0.02615,0.02633,2877431.0,1746392400000,75708.87021,818,2025-05-04 20:00:00+00:00
1746392400000,0.02632,0.02638,0.02619,0.02633,486040.0,1746396000000,12770.8637,223,2025-05-04 21:00:00+00:00
1746396000000,0.02633,0.02653,0.02609,0.02647,2773886.0,1746399600000,73092.64269,873,2025-05-04 22:00:00+00:00
1746399600000,0.02646,0.02671,0.02636,0.02649,2165014.0,1746403200000,57424.832,1036,2025-05-04 23:00:00+00:00
1746403200000,0.0265,0.02661,0.0262,0.02652,4910388.0,1746406800000,129731.09164,1437,2025-05-05 00:00:00+00:00
1746406800000,0.02653,0.02669,0.02637,0.02668,3128667.0,1746410400000,83011.6809,1426,2025-05-05 01:00:00+00:00
1746410400000,0.02669,0.02726,0.02667,0.02711,5626374.0,1746414000000,151590.63876,2078,2025-05-05 02:00:00+00:00
1746414000000,0.02711,0.02737,0.02695,0.02706,4532285.0,1746417600000,123258.85982,1863,2025-05-05 03:00:00+00:00
1746417600000,0.02707,0.02725,0.02707,0.02714,1632971.0,1746421200000,44313.30647,586,2025-05-05 04:00:00+00:00
1746421200000,0.02712,0.02738,0.0271,0.02719,1610545.0,1746424800000,43893.7432,639,2025-05-05 05:00:00+00:00
1746424800000,0.02719,0.02728,0.02707,0.02708,937642.0,1746428400000,25501.10135,332,2025-05-05 06:00:00+00:00
1746428400000,0.02709,0.0271,0.02695,0.0271,2228730.0,1746432000000,60229.29583,630,2025-05-05 07:00:00+00:00
1746432000000,0.02705,0.02711,0.0269,0.02695,2662202.0,1746435600000,71853.53099,1084,2025-05-05 08:00:00+00:00
1746435600000,0.02694,0.02694,0.02678,0.02687,1701780.0,1746439200000,45677.94303,595,2025-05-05 09:00:00+00:00
1746439200000,0.02685,0.02685,0.02616,0.0263,3391660.0,1746442800000,89558.87885,1157,2025-05-05 10:00:00+00:00
1746442800000,0.02632,0.02647,0.0263,0.02642,854395.0,1746446400000,22537.81816,498,2025-05-05 11:00:00+00:00
1746446400000,0.02643,0.02643,0.02612,0.02617,2942221.0,1746450000000,77133.35652,1191,2025-05-05 12:00:00+00:00
1746450000000,0.0262,0.02629,0.02608,0.02626,3753419.0,1746453600000,98161.27054,1025,2025-05-05 13:00:00+00:00
1746453600000,0.0263,0.02646,0.02623,0.02636,1691279.0,1746457200000,44537.2142,925,2025-05-05 14:00:00+00:00
1746457200000,0.02633,0.02679,0.02628,0.02635,8524329.0,1746460800000,226058.56586,2087,2025-05-05 15:00:00+00:00
1746460800000,0.02635,0.02677,0.02635,0.02663,1776075.0,1746464400000,47320.78132,611,2025-05-05 16:00:00+00:00
1746464400000,0.02663,0.02671,0.02651,0.02668,1352741.0,1746468000000,36006.93127,607,2025-05-05 17:00:00+00:00
1746468000000,0.02669,0.02704,0.02669,0.02695,2237254.0,1746471600000,60138.90122,871,2025-05-05 18:00:00+00:00
1746471600000,0.02695,0.02698,0.02663,0.02668,1529452.0,1746475200000,41032.07952,498,2025-05-05 19:00:00+00:00
1746475200000,0.0267,0.0267,0.02612,0.02632,2093895.0,1746478800000,55168.75467,850,2025-05-05 20:00:00+00:00
1746478800000,0.02634,0.02679,0.02623,0.02653,2221775.0,1746482400000,58736.73108,739,2025-05-05 21:00:00+00:00
1746482400000,0.02654,0.02665,0.02649,0.02656,560934.0,1746486000000,14906.09324,253,2025-05-05 22:00:00+00:00
1746486000000,0.02654,0.02654,0.02587,0.02589,6130580.0,1746489600000,159956.46,987,2025-05-05 23:00:00+00:00
1746489600000,0.0259,0.02595,0.02562,0.02582,4210651.0,1746493200000,108512.51451,933,2025-05-06 00:00:00+00:00
1746493200000,0.02583,0.02618,0.02569,0.026,3299779.0,1746496800000,85799.86819,1158,2025-05-06 01:00:00+00:00
1746496800000,0.02601,0.02608,0.02551,0.02585,12649172.0,1746500400000,325805.34354,2590,2025-05-06 02:00:00+00:00
1746500400000,0.02587,0.02603,0.02575,0.02599,1452148.0,1746504000000,37619.80263,511,2025-05-06 03:00:00+00:00
1746504000000,0.02601,0.02617,0.02596,0.02605,2036835.0,1746507600000,53122.73874,513,2025-05-06 04:00:00+00:00
1746507600000,0.02606,0.02638,0.026,0.02616,9242694.0,1746511200000,241824.33935,1425,2025-05-06 05:00:00+00:00
1746511200000,0.02615,0.02634,0.02586,0.026,6442397.0,1746514800000,167991.20843,1298,2025-05-06 06:00:00+00:00
1746514800000,0.02602,0.02612,0.02567,0.02575,5463570.0,1746518400000,141379.48298,886,2025-05-06 07:00:00+00:00
1746518400000,0.02574,0.02579,0.02522,0.02555,11705114.0,1746522000000,298223.91306,1752,2025-05-06 08:00:00+00:00
1746522000000,0.02554,0.02554,0.02507,0.02528,5549009.0,1746525600000,140123.38221,803,2025-05-06 09:00:00+00:00
1746525600000,0.02527,0.02527,0.02454,0.02467,8563590.0,1746529200000,213635.21212,1816,2025-05-06 10:00:00+00:00
1746529200000,0.02466,0.02478,0.02418,0.02441,6349527.0,1746532800000,155109.46177,1452,2025-05-06 11:00:00+00:00
1746532800000,0.02442,0.02442,0.0238,0.02384,9297869.0,1746536400000,223676.83976,1569,2025-05-06 12:00:00+00:00
1746536400000,0.02386,0.02388,0.02337,0.02375,16933794.0,1746540000000,399698.22769,2882,2025-05-06 13:00:00+00:00
1746540000000,0.02375,0.02485,0.02375,0.02434,22437323.0,1746543600000,546416.01522,3478,2025-05-06 14:00:00+00:00
1746543600000,0.02434,0.02444,0.02403,0.02409,4214752.0,1746547200000,102283.06117,1223,2025-05-06 15:00:00+00:00
1746547200000,0.0241,0.02428,0.02396,0.02399,3821855.0,1746550800000,92159.09618,1264,2025-05-06 16:00:00+00:00
1746550800000,0.02401,0.02442,0.02401,0.02417,1111193.0,1746554400000,26928.84128,546,2025-05-06 17:00:00+00:00
1746554400000,0.02418,0.02432,0.02404,0.02421,1149320.0,1746558000000,27807.95203,445,2025-05-06 18:00:00+00:00
1746558000000,0.02421,0.0243,0.02396,0.02401,2396930.0,1746561600000,57823.31267,490,2025-05-06 19:00:00+00:00
1746561600000,0.02401,0.02401,0.0237,0.0237,3664661.0,1746565200000,87237.64585,777,2025-05-06 20:00:00+00:00
1746565200000,0.0237,0.0238,0.02335,0.02367,5435070.0,1746568800000,128175.34025,899,2025-05-06 21:00:00+00:00
1746568800000,0.02365,0.02435,0.02365,0.02424,4491634.0,1746572400000,108021.48971,1515,2025-05-06 22:00:00+00:00
1746572400000,0.02425,0.02425,0.02395,0.02396,3832094.0,1746576000000,92222.08053,858,2025-05-06 23:00:00+00:00
1746576000000,0.02397,0.0244,0.02366,0.02423,4738582.0,1746579600000,114536.10581,1276,2025-05-07 00:00:00+00:00
1746579600000,0.02424,0.02467,0.02423,0.02459,3286490.0,1746583200000,80435.51299,943,2025-05-07 01:00:00+00:00
1746583200000,0.02462,0.02462,0.02424,0.02425,4156422.0,1746586800000,101406.85835,882,2025-05-07 02:00:00+00:00
1746586800000,0.02427,0.0244,0.02406,0.0243,1644788.0,1746590400000,39831.59633,560,2025-05-07 03:00:00+00:00
1746590400000,0.02428,0.02448,0.02425,0.02432,1750041.0,1746594000000,42676.16254,507,2025-05-07 04:00:00+00:00
1746594000000,0.0243,0.0245,0.02405,0.02413,2188072.0,1746597600000,53180.48767,716,2025-05-07 05:00:00+00:00
1746597600000,0.02412,0.02421,0.02379,0.02392,5912050.0,1746601200000,141624.10429,991,2025-05-07 06:00:00+00:00
1746601200000,0.02393,0.02439,0.02389,0.02425,3001059.0,1746604800000,72486.38941,552,2025-05-07 07:00:00+00:00
1746604800000,0.02426,0.02455,0.02404,0.02432,11240095.0,1746608400000,273171.1546,1595,2025-05-07 08:00:00+00:00
1746608400000,0.02433,0.02445,0.0241,0.02411,2847662.0,1746612000000,68983.52936,847,2025-05-07 09:00:00+00:00
1746612000000,0.0241,0.02411,0.02373,0.02377,4220377.0,1746615600000,100893.86507,737,2025-05-07 10:00:00+00:00
1746615600000,0.02378,0.02504,0.02322,0.02494,16165122.0,1746619200000,393311.01392,4320,2025-05-07 11:00:00+00:00
1746619200000,0.02491,0.02505,0.02452,0.02488,9615518.0,1746622800000,238272.27169,2738,2025-05-07 12:00:00+00:00
1746622800000,0.02486,0.02492,0.02462,0.02487,7638142.0,1746626400000,189426.16347,2077,2025-05-07 13:00:00+00:00
1746626400000,0.02487,0.02487,0.02448,0.02458,2618228.0,1746630000000,64594.03389,892,2025-05-07 14:00:00+00:00
1746630000000,0.02456,0.02485,0.02439,0.02457,6131596.0,1746633600000,150877.71697,1603,2025-05-07 15:00:00+00:00
1746633600000,0.02455,0.02512,0.0245,0.02495,12046857.0,1746637200000,299847.99886,3064,2025-05-07 16:00:00+00:00
1746637200000,0.02493,0.02559,0.02483,0.02552,7044741.0,1746640800000,177938.39845,2256,2025-05-07 17:00:00+00:00
1746640800000,0.02554,0.02598,0.0255,0.02574,9460093.0,1746644400000,243390.12013,2310,2025-05-07 18:00:00+00:00
1746644400000,0.02572,0.02594,0.0255,0.02593,3915459.0,1746648000000,100673.8267,1226,2025-05-07 19:00:00+00:00
1746648000000,0.02592,0.02627,0.02526,0.02567,7571822.0,1746651600000,195033.26709,2280,2025-05-07 20:00:00+00:00
1746651600000,0.02568,0.02585,0.02546,0.02549,2305608.0,1746655200000,59155.59283,789,2025-05-07 21:00:00+00:00
1746655200000,0.0255,0.026,0.0255,0.02598,1676243.0,1746658800000,43196.42488,872,2025-05-07 22:00:00+00:00
1746658800000,0.02595,0.02625,0.02581,0.02599,4618963.0,1746662400000,120147.70054,1535,2025-05-07 23:00:00+00:00
1746662400000,0.026,0.02651,0.02599,0.02643,6428364.0,1746666000000,169186.39319,2240,2025-05-08 00:00:00+00:00
1746666000000,0.02641,0.02674,0.02592,0.02608,5292919.0,1746669600000,139280.35931,1933,2025-05-08 01:00:00+00:00
1746669600000,0.02611,0.02647,0.02591,0.02599,6750576.0,1746673200000,176433.38104,1626,2025-05-08 02:00:00+00:00
1746673200000,0.026,0.02626,0.02585,0.02619,4509628.0,1746676800000,117208.92189,1455,2025-05-08 03:00:00+00:00
1746676800000,0.0262,0.02633,0.02612,0.02629,2183612.0,1746680400000,57241.88127,985,2025-05-08 04:00:00+00:00
1746680400000,0.02627,0.02638,0.02599,0.02611,3696684.0,1746684000000,96643.72536,1043,2025-05-08 05:00:00+00:00
1746684000000,0.0261,0.02663,0.0261,0.02661,4148475.0,1746687600000,109771.25987,1791,2025-05-08 06:00:00+00:00
1746687600000,0.0266,0.02682,0.02589,0.02604,11507132.0,1746691200000,302696.8271,2790,2025-05-08 07:00:00+00:00
1746691200000,0.02604,0.02646,0.026,0.02637,1972964.0,1746694800000,51849.52218,930,2025-05-08 08:00:00+00:00
1746694800000,0.02636,0.02638,0.02611,0.02613,2213773.0,1746698400000,57984.53347,654,2025-05-08 09:00:00+00:00
1746698400000,0.02615,0.0262,0.02599,0.0262,4225179.0,1746702000000,110081.8089,1064,2025-05-08 10:00:00+00:00
1746702000000,0.02617,0.02625,0.02602,0.0261,1923493.0,1746705600000,50299.88887,624,2025-05-08 11:00:00+00:00
1746705600000,0.02612,0.02629,0.02608,0.02615,2621310.0,1746709200000,68553.28262,733,2025-05-08 12:00:00+00:00
1746709200000,0.02612,0.02621,0.02603,0.02613,2319976.0,1746712800000,60563.57507,787,2025-05-08 13:00:00+00:00
1746712800000,0.02612,0.02645,0.0261,0.02623,1802049.0,1746716400000,47311.57766,845,2025-05-08 14:00:00+00:00
1746716400000,0.02622,0.02687,0.02622,0.02669,6781619.0,1746720000000,180778.86143,2024,2025-05-08 15:00:00+00:00
1746720000000,0.02671,0.02734,0.02667,0.02729,7480305.0,1746723600000,202597.37071,1947,2025-05-08 16:00:00+00:00
1746723600000,0.02732,0.02773,0.02709,0.02722,6810095.0,1746727200000,186944.70808,2178,2025-05-08 17:00:00+00:00
1746727200000,0.02724,0.02725,0.02665,0.02669,5844265.0,1746730800000,157339.61181,1282,2025-05-08 18:00:00+00:00
1746730800000,0.02669,0.02706,0.02663,0.02692,3989609.0,1746734400000,107218.96785,1097,2025-05-08 19:00:00+00:00
1746734400000,0.02693,0.0272,0.02692,0.02718,2316420.0,1746738000000,62676.46877,960,2025-05-08 20:00:00+00:00
1746738000000,0.02718,0.02754,0.02679,0.02705,7106915.0,1746741600000,193183.53689,2154,2025-05-08 21:00:00+00:00
1746741600000,0.02706,0.02712,0.02658,0.02689,5717490.0,1746745200000,153226.79152,1430,2025-05-08 22:00:00+00:00
1746745200000,0.02689,0.02702,0.02654,0.02687,5574084.0,1746748800000,149302.76104,1878,2025-05-08 23:00:00+00:00
1746748800000,0.02685,0.02741,0.02669,0.02724,7995257.0,1746752400000,216260.00471,1762,2025-05-09 00:00:00+00:00
1746752400000,0.02723,0.02798,0.02723,0.02767,11180378.0,1746756000000,309436.05598,2631,2025-05-09 01:00:00+00:00
1746756000000,0.02767,0.028,0.0276,0.02785,7021411.0,1746759600000,195086.3006,2527,2025-05-09 02:00:00+00:00
1746759600000,0.02786,0.02805,0.02741,0.02745,11594617.0,1746763200000,322123.47403,3052,2025-05-09 03:00:00+00:00
1746763200000,0.02747,0.02771,0.02563,0.02625,35238085.0,1746766800000,929048.25616,10865,2025-05-09 04:00:00+00:00
1746766800000,0.02625,0.02668,0.0262,0.02668,13236069.0,1746770400000,348841.31264,2066,2025-05-09 05:00:00+00:00
1746770400000,0.02669,0.02727,0.02659,0.02719,18675827.0,1746774000000,501936.83935,3148,2025-05-09 06:00:00+00:00
1746774000000,0.02718,0.02983,0.02718,0.02789,61917352.0,1746777600000,1754891.45443,15471,2025-05-09 07:00:00+00:00
1746777600000,0.02792,0.02856,0.0273,0.02792,28717307.0,1746781200000,802498.24001,8984,2025-05-09 08:00:00+00:00
1746781200000,0.02792,0.02816,0.02545,0.0265,37396123.0,1746784800000,992623.28086,14140,2025-05-09 09:00:00+00:00
1746784800000,0.02655,0.02725,0.02641,0.02704,11942991.0,1746788400000,320206.9658,4274,2025-05-09 10:00:00+00:00
1746788400000,0.02707,0.02725,0.02653,0.02664,16661683.0,1746792000000,447247.11604,5223,2025-05-09 11:00:00+00:00
1746792000000,0.02665,0.02724,0.02643,0.0272,13492675.0,1746795600000,361630.90935,5133,2025-05-09 12:00:00+00:00
1746795600000,0.02721,0.02816,0.02714,0.02764,20619969.0,1746799200000,568058.10725,7594,2025-05-09 13:00:00+00:00
1746799200000,0.02763,0.02819,0.02701,0.0273,19520728.0,1746802800000,538032.33691,8937,2025-05-09 14:00:00+00:00
1746802800000,0.0273,0.0277,0.02717,0.02755,11675475.0,1746806400000,320100.24372,4711,2025-05-09 15:00:00+00:00
1746806400000,0.02756,0.0282,0.02718,0.02723,17986025.0,1746810000000,498254.17149,7308,2025-05-09 16:00:00+00:00
1746810000000,0.02726,0.02791,0.02715,0.02788,6526388.0,1746813600000,179787.37147,2772,2025-05-09 17:00:00+00:00
1746813600000,0.02788,0.02839,0.02783,0.02786,16458589.0,1746817200000,461733.62671,4242,2025-05-09 18:00:00+00:00
1746817200000,0.02788,0.02848,0.02784,0.02813,14481505.0,1746820800000,409030.69019,3767,2025-05-09 19:00:00+00:00
1746820800000,0.02814,0.0287,0.02802,0.02858,6312956.0,1746824400000,178888.1732,1966,2025-05-09 20:00:00+00:00
1746824400000,0.02859,0.02937,0.02855,0.02922,26613597.0,1746828000000,770778.4503,4659,2025-05-09 21:00:00+00:00
1746828000000,0.02923,0.03039,0.02849,0.02993,78942368.0,1746831600000,2333260.15099,20629,2025-05-09 22:00:00+00:00
1746831600000,0.02993,0.0368,0.02977,0.03497,141957884.0,1746835200000,4754213.8282,44900,2025-05-09 23:00:00+00:00
1746835200000,0.03489,0.03628,0.03035,0.03127,131924738.0,1746838800000,4389253.37138,47442,2025-05-10 00:00:00+00:00
1746838800000,0.03126,0.03189,0.02875,0.02973,86965375.0,1746842400000,2597115.7843,30890,2025-05-10 01:00:00+00:00
1746842400000,0.02971,0.0299,0.02892,0.02952,23780406.0,1746846000000,699417.4767,7837,2025-05-10 02:00:00+00:00
1746846000000,0.02953,0.02986,0.02886,0.02964,20940124.0,1746849600000,614994.52324,7633,2025-05-10 03:00:00+00:00
1746849600000,0.02964,0.02996,0.02893,0.02966,21591199.0,1746853200000,637664.17585,6992,2025-05-10 04:00:00+00:00
1746853200000,0.02966,0.02997,0.02856,0.02925,22965791.0,1746856800000,669411.02962,7901,2025-05-10 05:00:00+00:00
1746856800000,0.02925,0.03099,0.02908,0.03056,33920631.0,1746860400000,1022856.34085,11021,2025-05-10 06:00:00+00:00
1746860400000,0.03058,0.03144,0.03001,0.03063,37703862.0,1746864000000,1157805.05413,11912,2025-05-10 07:00:00+00:00
1746864000000,0.03062,0.03083,0.02975,0.02995,28059991.0,1746867600000,849343.85672,8104,2025-05-10 08:00:00+00:00
1746867600000,0.02996,0.02996,0.02912,0.02974,23052813.0,1746871200000,680395.98494,7423,2025-05-10 09:00:00+00:00
1746871200000,0.02974,0.0302,0.02771,0.02815,41972731.0,1746874800000,1215594.26146,17667,2025-05-10 10:00:00+00:00
1746874800000,0.02815,0.02865,0.02791,0.02807,23165626.0,1746878400000,654876.3251,8047,2025-05-10 11:00:00+00:00
1746878400000,0.0281,0.02865,0.02783,0.02848,17139006.0,1746882000000,485940.87607,5637,2025-05-10 12:00:00+00:00
1746882000000,0.02849,0.02887,0.02842,0.02881,8498392.0,1746885600000,243652.12417,3533,2025-05-10 13:00:00+00:00
1746885600000,0.02878,0.02899,0.02856,0.0286,13020413.0,1746889200000,374131.80786,3678,2025-05-10 14:00:00+00:00
1746889200000,0.02861,0.02861,0.02796,0.02819,11229039.0,1746892800000,317292.33475,3705,2025-05-10 15:00:00+00:00
1746892800000,0.02819,0.02933,0.0281,0.02932,11131837.0,1746896400000,320956.15618,5078,2025-05-10 16:00:00+00:00
1746896400000,0.02932,0.02938,0.02884,0.02924,15270437.0,1746900000000,445068.06568,5079,2025-05-10 17:00:00+00:00
1746900000000,0.02923,0.02971,0.02909,0.02946,7825633.0,1746903600000,229983.42362,3063,2025-05-10 18:00:00+00:00
1746903600000,0.02946,0.02949,0.0291,0.02921,4667384.0,1746907200000,136840.04979,1580,2025-05-10 19:00:00+00:00
1746907200000,0.02921,0.02949,0.02904,0.02927,4055038.0,1746910800000,118845.12286,1572,2025-05-10 20:00:00+00:00
1746910800000,0.02928,0.02959,0.02911,0.02959,3726147.0,1746914400000,109299.02069,1369,2025-05-10 21:00:00+00:00
1746914400000,0.02961,0.02967,0.02928,0.02946,4538124.0,1746918000000,133781.79091,1673,2025-05-10 22:00:00+00:00
1746918000000,0.02947,0.03,0.02928,0.02978,17928638.0,1746921600000,530611.57105,5184,2025-05-10 23:00:00+00:00
1746921600000,0.02976,0.02999,0.02875,0.02952,25938264.0,1746925200000,760722.86576,8566,2025-05-11 00:00:00+00:00
1746925200000,0.02954,0.02974,0.02836,0.02872,15721326.0,1746928800000,456545.01078,5163,2025-05-11 01:00:00+00:00
1746928800000,0.02871,0.02882,0.02804,0.02839,10560463.0,1746932400000,300476.60869,3275,2025-05-11 02:00:00+00:00
1746932400000,0.02839,0.02931,0.02819,0.02894,11438551.0,1746936000000,330458.67403,3384,2025-05-11 03:00:00+00:00
1746936000000,0.02894,0.02909,0.02867,0.02883,9981541.0,1746939600000,288054.02095,2697,2025-05-11 04:00:00+00:00
1746939600000,0.02884,0.02906,0.0283,0.02865,8335697.0,1746943200000,240303.17161,2437,2025-05-11 05:00:00+00:00
1746943200000,0.02866,0.02913,0.02848,0.02863,8206641.0,1746946800000,235519.02884,2488,2025-05-11 06:00:00+00:00
1746946800000,0.02862,0.02862,0.02731,0.02771,26846914.0,1746950400000,749702.02287,7836,2025-05-11 07:00:00+00:00
1746950400000,0.0277,0.02829,0.02766,0.02781,10588432.0,1746954000000,296444.12392,3272,2025-05-11 08:00:00+00:00
1746954000000,0.02782,0.02834,0.02776,0.02817,4735151.0,1746957600000,133056.13424,2110,2025-05-11 09:00:00+00:00
1746957600000,0.02816,0.02842,0.02787,0.02832,12132264.0,1746961200000,341498.93643,3254,2025-05-11 10:00:00+00:00
1746961200000,0.02832,0.02935,0.02829,0.02918,31830233.0,1746964800000,917133.38906,7504,2025-05-11 11:00:00+00:00
1746964800000,0.02917,0.03062,0.02915,0.03009,49626818.0,1746968400000,1484737.7161,14394,2025-05-11 12:00:00+00:00
1746968400000,0.03008,0.03088,0.0293,0.03009,80572475.0,1746972000000,2428334.28966,20824,2025-05-11 13:00:00+00:00
1746972000000,0.03008,0.03079,0.02992,0.03035,35481673.0,1746975600000,1081812.68628,10203,2025-05-11 14:00:00+00:00
1746975600000,0.03036,0.03238,0.03035,0.03101,65447990.0,1746979200000,2061009.63718,17507,2025-05-11 15:00:00+00:00
1746979200000,0.031,0.03149,0.03004,0.03143,47704199.0,1746982800000,1462681.77587,13936,2025-05-11 16:00:00+00:00
1746982800000,0.03139,0.032,0.03069,0.03154,24115831.0,1746986400000,757581.46075,8111,2025-05-11 17:00:00+00:00
1746986400000,0.03153,0.03179,0.03082,0.03169,11180602.0,1746990000000,350279.06563,4578,2025-05-11 18:00:00+00:00
1746990000000,0.03169,0.03178,0.03113,0.03117,8005950.0,1746993600000,251730.12931,3115,2025-05-11 19:00:00+00:00
1746993600000,0.03116,0.03141,0.03074,0.03106,8095713.0,1746997200000,251517.52832,3239,2025-05-11 20:00:00+00:00
1746997200000,0.03107,0.03146,0.03105,0.03145,3673179.0,1747000800000,114722.89661,1680,2025-05-11 21:00:00+00:00
1747000800000,0.03145,0.03178,0.03127,0.03143,6547702.0,1747004400000,206118.78382,2332,2025-05-11 22:00:00+00:00
1747004400000,0.03143,0.03193,0.03105,0.03114,8855705.0,1747008000000,279107.3406,3137,2025-05-11 23:00:00+00:00
1747008000000,0.03115,0.03217,0.0311,0.03194,16020200.0,1747011600000,509835.63307,5392,2025-05-12 00:00:00+00:00
1747011600000,0.03195,0.03205,0.03023,0.03096,23436425.0,1747015200000,725236.88277,6467,2025-05-12 01:00:00+00:00
1747015200000,0.03093,0.03204,0.03093,0.03182,21728437.0,1747018800000,684453.59502,6943,2025-05-12 02:00:00+00:00
1747018800000,0.03178,0.03283,0.03104,0.03261,26953244.0,1747022400000,867044.18213,8248,2025-05-12 03:00:00+00:00
1747022400000,0.0326,0.03321,0.03197,0.03252,32783360.0,1747026000000,1069731.26206,10278,2025-05-12 04:00:00+00:00
1747026000000,0.03253,0.03265,0.03102,0.03149,23247489.0,1747029600000,738918.76775,8016,2025-05-12 05:00:00+00:00
1747029600000,0.03147,0.03266,0.03131,0.03236,15114259.0,1747033200000,486519.31706,5887,2025-05-12 06:00:00+00:00
1747033200000,0.03238,0.03334,0.0316,0.03216,43686905.0,1747036800000,1418724.10259,16567,2025-05-12 07:00:00+00:00
1747036800000,0.03216,0.03338,0.0318,0.03301,18905100.0,1747040400000,619430.42638,7362,2025-05-12 08:00:00+00:00
1747040400000,0.03301,0.03381,0.03265,0.03266,35030904.0,1747044000000,1165080.9561,12165,2025-05-12 09:00:00+00:00
1747044000000,0.03271,0.03348,0.03193,0.03337,25786545.0,1747047600000,847821.39244,8945,2025-05-12 10:00:00+00:00
1747047600000,0.03336,0.03451,0.03206,0.03224,42953621.0,1747051200000,1432816.71602,13345,2025-05-12 11:00:00+00:00
1747051200000,0.03223,0.03276,0.03169,0.03269,27131547.0,1747054800000,874225.70527,8921,2025-05-12 12:00:00+00:00
1747054800000,0.03266,0.03306,0.03185,0.03242,23113526.0,1747058400000,747861.30073,8224,2025-05-12 13:00:00+00:00
1747058400000,0.03243,0.03329,0.0307,0.0317,44824699.0,1747062000000,1428181.26773,20078,2025-05-12 14:00:00+00:00
1747062000000,0.03171,0.03225,0.03074,0.03169,33992210.0,1747065600000,1070887.96799,13726,2025-05-12 15:00:00+00:00
1747065600000,0.03168,0.03255,0.03145,0.03235,16212220.0,1747069200000,520958.96731,5855,2025-05-12 16:00:00+00:00
1747069200000,0.03235,0.03278,0.03151,0.03176,10347579.0,1747072800000,333449.01514,4248,2025-05-12 17:00:00+00:00
1747072800000,0.03177,0.03201,0.0307,0.03139,21030155.0,1747076400000,658863.86418,9729,2025-05-12 18:00:00+00:00
1747076400000,0.03138,0.03162,0.03106,0.03129,6994615.0,1747080000000,219292.25494,3694,2025-05-12 19:00:00+00:00
1747080000000,0.03128,0.03133,0.03074,0.03123,6269496.0,1747083600000,194944.31846,2703,2025-05-12 20:00:00+00:00
1747083600000,0.03122,0.03181,0.03118,0.03178,5345480.0,1747087200000,168813.6762,1420,2025-05-12 21:00:00+00:00
1747087200000,0.03178,0.03215,0.03165,0.03176,7699922.0,1747090800000,245357.6462,1842,2025-05-12 22:00:00+00:00
1747090800000,0.03178,0.03239,0.03173,0.03235,7867018.0,1747094400000,252322.4572,2003,2025-05-12 23:00:00+00:00
1747094400000,0.03233,0.0327,0.03189,0.03206,9388208.0,1747098000000,303122.15768,3956,2025-05-13 00:00:00+00:00
1747098000000,0.03207,0.03207,0.03102,0.0311,12178019.0,1747101600000,384138.07965,5855,2025-05-13 01:00:00+00:00
1747101600000,0.0311,0.03127,0.03014,0.03083,17558441.0,1747105200000,536573.71583,7287,2025-05-13 02:00:00+00:00
1747105200000,0.03085,0.03111,0.0303,0.03075,11338087.0,1747108800000,348614.84946,5061,2025-05-13 03:00:00+00:00
1747108800000,0.03073,0.03187,0.03053,0.03164,8938419.0,1747112400000,279844.98171,3903,2025-05-13 04:00:00+00:00
1747112400000,0.03164,0.03204,0.03156,0.03189,6867057.0,1747116000000,218758.07848,2907,2025-05-13 05:00:00+00:00
1747116000000,0.03188,0.03237,0.0315,0.03159,5754827.0,1747119600000,183885.40987,2491,2025-05-13 06:00:00+00:00
1747119600000,0.03158,0.03252,0.03149,0.03215,11515060.0,1747123200000,369321.78295,3790,2025-05-13 07:00:00+00:00
1747123200000,0.03216,0.03289,0.03156,0.03216,16723879.0,1747126800000,539381.80945,5849,2025-05-13 08:00:00+00:00
1747126800000,0.03216,0.03367,0.03203,0.03321,40199525.0,1747130400000,1330349.26184,11738,2025-05-13 09:00:00+00:00
1747130400000,0.03321,0.03393,0.03273,0.03305,27638701.0,1747134000000,919742.27063,10623,2025-05-13 10:00:00+00:00
1747134000000,0.03306,0.03416,0.03275,0.03338,35030389.0,1747137600000,1172464.91139,9103,2025-05-13 11:00:00+00:00
1747137600000,0.03341,0.03417,0.03278,0.03342,24054177.0,1747141200000,805351.55855,9889,2025-05-13 12:00:00+00:00
1747141200000,0.03341,0.0347,0.03337,0.03377,27382338.0,1747144800000,931785.92836,11232,2025-05-13 13:00:00+00:00
1747144800000,0.03374,0.0339,0.0318,0.0323,29541572.0,1747148400000,966394.51663,12305,2025-05-13 14:00:00+00:00
1747148400000,0.03232,0.0333,0.03221,0.03322,16830607.0,1747152000000,550514.88928,6755,2025-05-13 15:00:00+00:00
1747152000000,0.03323,0.03416,0.03322,0.03381,18091438.0,1747155600000,610615.94236,7672,2025-05-13 16:00:00+00:00
1747155600000,0.03382,0.03523,0.03353,0.03512,34706455.0,1747159200000,1191296.83338,11461,2025-05-13 17:00:00+00:00
1747159200000,0.03508,0.0355,0.0344,0.03482,37123679.0,1747162800000,1296761.59933,13723,2025-05-13 18:00:00+00:00
1747162800000,0.03483,0.0351,0.03417,0.03467,21035154.0,1747166400000,730969.36441,8586,2025-05-13 19:00:00+00:00
1747166400000,0.03466,0.035,0.03425,0.03446,10774638.0,1747170000000,372945.45955,4525,2025-05-13 20:00:00+00:00
1747170000000,0.03445,0.0346,0.03381,0.03429,11038159.0,1747173600000,377101.48971,3751,2025-05-13 21:00:00+00:00
1747173600000,0.03428,0.03433,0.03355,0.03377,9836883.0,1747177200000,332800.90917,3203,2025-05-13 22:00:00+00:00
1747177200000,0.03376,0.03492,0.03362,0.03436,15658189.0,1747180800000,537063.99347,5036,2025-05-13 23:00:00+00:00
1747180800000,0.03435,0.03495,0.03392,0.03472,12996997.0,1747184400000,449295.53585,5740,2025-05-14 00:00:00+00:00
1747184400000,0.03472,0.03499,0.03416,0.03437,14774610.0,1747188000000,510721.21264,5505,2025-05-14 01:00:00+00:00
1747188000000,0.03436,0.03491,0.03382,0.0346,10282628.0,1747191600000,354082.65638,4992,2025-05-14 02:00:00+00:00
1747191600000,0.03459,0.03468,0.03372,0.03405,11763166.0,1747195200000,401243.62738,4395,2025-05-14 03:00:00+00:00
1747195200000,0.03407,0.03427,0.03362,0.03379,10992104.0,1747198800000,372562.63434,3761,2025-05-14 04:00:00+00:00
1747198800000,0.03381,0.03492,0.03378,0.03488,12079804.0,1747202400000,416802.77644,4283,2025-05-14 05:00:00+00:00
1747202400000,0.03488,0.03524,0.03423,0.03451,10477669.0,1747206000000,363842.69766,3721,2025-05-14 06:00:00+00:00
1747206000000,0.0345,0.03466,0.03385,0.03389,9197258.0,1747209600000,315314.86062,4030,2025-05-14 07:00:00+00:00
1747209600000,0.03388,0.0341,0.03185,0.03223,25051356.0,1747213200000,826640.17772,9580,2025-05-14 08:00:00+00:00
1747213200000,0.03225,0.0332,0.03225,0.03298,17346072.0,1747216800000,568274.22601,5498,2025-05-14 09:00:00+00:00
1747216800000,0.03296,0.03421,0.03277,0.03376,14466735.0,1747220400000,485200.81567,5140,2025-05-14 10:00:00+00:00
1747220400000,0.03375,0.0347,0.03371,0.03427,16467125.0,1747224000000,565173.71311,5735,2025-05-14 11:00:00+00:00
1747224000000,0.03426,0.03443,0.03361,0.03387,12870750.0,1747227600000,438937.3948,4401,2025-05-14 12:00:00+00:00
1747227600000,0.03386,0.03387,0.03282,0.0333,22237553.0,1747231200000,742837.2824,8619,2025-05-14 13:00:00+00:00
1747231200000,0.03332,0.03335,0.03252,0.03262,8766753.0,1747234800000,287107.18294,4115,2025-05-14 14:00:00+00:00
1747234800000,0.03263,0.03289,0.03216,0.03287,8633435.0,1747238400000,281016.99774,3644,2025-05-14 15:00:00+00:00
1747238400000,0.03289,0.03327,0.03245,0.03264,4048391.0,1747242000000,132985.05327,2794,2025-05-14 16:00:00+00:00
1747242000000,0.03265,0.03276,0.03215,0.03266,4403430.0,1747245600000,142720.32707,2366,2025-05-14 17:00:00+00:00
1747245600000,0.03267,0.03289,0.03243,0.03252,2205551.0,1747249200000,72072.02333,1376,2025-05-14 18:00:00+00:00
1747249200000,0.03251,0.03264,0.03223,0.03254,2145049.0,1747252800000,69652.24308,1193,2025-05-14 19:00:00+00:00
1747252800000,0.03257,0.03264,0.03207,0.0321,1994442.0,1747256400000,64504.5658,1085,2025-05-14 20:00:00+00:00
1747256400000,0.03211,0.03228,0.03164,0.03228,4528220.0,1747260000000,144528.80498,1306,2025-05-14 21:00:00+00:00
1747260000000,0.03227,0.03236,0.03175,0.03193,4854074.0,1747263600000,155648.51186,1195,2025-05-14 22:00:00+00:00
1747263600000,0.03193,0.03208,0.03168,0.03195,1476000.0,1747267200000,47072.4604,935,2025-05-14 23:00:00+00:00
1747267200000,0.03197,0.03231,0.03195,0.03217,2385104.0,1747270800000,76634.72294,1129,2025-05-15 00:00:00+00:00
1747270800000,0.03217,0.0322,0.03041,0.0308,19854938.0,1747274400000,618440.02633,4816,2025-05-15 01:00:00+00:00
1747274400000,0.03079,0.03091,0.03021,0.0305,15036713.0,1747278000000,458173.19334,3953,2025-05-15 02:00:00+00:00
1747278000000,0.03051,0.03061,0.02952,0.02976,14824769.0,1747281600000,446177.61311,3645,2025-05-15 03:00:00+00:00
1747281600000,0.02975,0.03045,0.02971,0.03038,8790670.0,1747285200000,265199.77968,2616,2025-05-15 04:00:00+00:00
1747285200000,0.03038,0.03039,0.02952,0.02965,8568628.0,1747288800000,256223.97656,2658,2025-05-15 05:00:00+00:00
1747288800000,0.02966,0.02985,0.02891,0.02918,12910634.0,1747292400000,378948.12732,4314,2025-05-15 06:00:00+00:00
1747292400000,0.02917,0.02921,0.02826,0.02849,15697528.0,1747296000000,449198.20427,4675,2025-05-15 07:00:00+00:00
1747296000000,0.02848,0.02941,0.02847,0.02928,15063618.0,1747299600000,437811.42505,4781,2025-05-15 08:00:00+00:00
1747299600000,0.02931,0.02937,0.02866,0.02898,6591527.0,1747303200000,191412.40959,2525,2025-05-15 09:00:00+00:00
1747303200000,0.02897,0.02905,0.0284,0.02869,6594371.0,1747306800000,189191.14979,2527,2025-05-15 10:00:00+00:00
1747306800000,0.02869,0.02901,0.0286,0.02865,11241997.0,1747310400000,323551.95656,4898,2025-05-15 11:00:00+00:00
1747310400000,0.02863,0.02935,0.02843,0.02902,19729776.0,1747314000000,570428.80403,7272,2025-05-15 12:00:00+00:00
1747314000000,0.02899,0.02919,0.02788,0.02824,15050117.0,1747317600000,427958.15591,4952,2025-05-15 13:00:00+00:00
1747317600000,0.02825,0.02834,0.02769,0.02787,12469543.0,1747321200000,349033.21069,5010,2025-05-15 14:00:00+00:00
1747321200000,0.02784,0.0287,0.0278,0.02859,11009792.0,1747324800000,311728.69926,3952,2025-05-15 15:00:00+00:00
1747324800000,0.02859,0.02919,0.02853,0.02906,7836658.0,1747328400000,225734.53518,2829,2025-05-15 16:00:00+00:00
1747328400000,0.02905,0.0296,0.02897,0.02925,7079271.0,1747332000000,207351.97654,2255,2025-05-15 17:00:00+00:00
1747332000000,0.02925,0.02927,0.0282,0.02832,7224798.0,1747335600000,206468.8953,2770,2025-05-15 18:00:00+00:00
1747335600000,0.02832,0.02873,0.02819,0.02857,4561224.0,1747339200000,129986.4251,1917,2025-05-15 19:00:00+00:00
1747339200000,0.02856,0.0287,0.02797,0.02824,7449286.0,1747342800000,210779.36752,2770,2025-05-15 20:00:00+00:00
1747342800000,0.02825,0.02833,0.02769,0.02817,5022947.0,1747346400000,140759.25378,1679,2025-05-15 21:00:00+00:00
1747346400000,0.02815,0.02847,0.02777,0.02779,3549213.0,1747350000000,100158.57772,1447,2025-05-15 22:00:00+00:00
1747350000000,0.02777,0.02799,0.02705,0.02782,10926254.0,1747353600000,300649.39288,3809,2025-05-15 23:00:00+00:00
1747353600000,0.02784,0.0281,0.02773,0.02792,7046380.0,1747357200000,196503.15718,2643,2025-05-16 00:00:00+00:00
1747357200000,0.02791,0.02821,0.02767,0.02796,6624597.0,1747360800000,184812.6302,2521,2025-05-16 01:00:00+00:00
1747360800000,0.02797,0.02834,0.02795,0.02813,8375138.0,1747364400000,235916.47964,2757,2025-05-16 02:00:00+00:00
1747364400000,0.02813,0.02836,0.02804,0.02821,4403431.0,1747368000000,124167.56952,1761,2025-05-16 03:00:00+00:00
1747368000000,0.02822,0.02835,0.02779,0.02808,4660382.0,1747371600000,130700.52122,2102,2025-05-16 04:00:00+00:00
1747371600000,0.02808,0.02864,0.02808,0.02834,5287362.0,1747375200000,150106.98527,2541,2025-05-16 05:00:00+00:00
1747375200000,0.02832,0.02852,0.02797,0.02818,7602812.0,1747378800000,214372.10204,2665,2025-05-16 06:00:00+00:00
1747378800000,0.02817,0.02859,0.02805,0.02845,6266732.0,1747382400000,177738.87559,2005,2025-05-16 07:00:00+00:00
1747382400000,0.02846,0.0286,0.02792,0.02835,6244056.0,1747386000000,176898.97842,2115,2025-05-16 08:00:00+00:00
1747386000000,0.02839,0.02907,0.0283,0.02906,8302975.0,1747389600000,238773.23557,2064,2025-05-16 09:00:00+00:00
1747389600000,0.02907,0.02968,0.02884,0.02959,8762133.0,1747393200000,256426.80949,2132,2025-05-16 10:00:00+00:00
1747393200000,0.0296,0.03069,0.02953,0.03022,19094238.0,1747396800000,573016.54817,4721,2025-05-16 11:00:00+00:00
1747396800000,0.03024,0.03051,0.02954,0.02975,14190336.0,1747400400000,426296.51502,4299,2025-05-16 12:00:00+00:00
1747400400000,0.02973,0.03018,0.02959,0.03014,8341943.0,1747404000000,248762.26016,2544,2025-05-16 13:00:00+00:00
1747404000000,0.03014,0.03014,0.02902,0.02939,9765632.0,1747407600000,287275.78373,3095,2025-05-16 14:00:00+00:00
1747407600000,0.02938,0.02989,0.02936,0.02958,3767205.0,1747411200000,111525.77418,1711,2025-05-16 15:00:00+00:00
1747411200000,0.0296,0.02969,0.02881,0.02918,6973756.0,1747414800000,203389.61709,2327,2025-05-16 16:00:00+00:00
1747414800000,0.02917,0.02921,0.02854,0.02861,3291007.0,1747418400000,94807.06229,1275,2025-05-16 17:00:00+00:00
1747418400000,0.02863,0.02904,0.02859,0.02892,3355327.0,1747422000000,96710.01568,1488,2025-05-16 18:00:00+00:00
1747422000000,0.0289,0.02924,0.02881,0.02899,5495902.0,1747425600000,159311.84847,1925,2025-05-16 19:00:00+00:00
1747425600000,0.029,0.0291,0.02832,0.02863,3090753.0,1747429200000,88526.18681,1493,2025-05-16 20:00:00+00:00
1747429200000,0.02862,0.02895,0.02847,0.02859,3651723.0,1747432800000,104620.57502,1078,2025-05-16 21:00:00+00:00
1747432800000,0.02858,0.02859,0.02774,0.02806,8235278.0,1747436400000,231333.16765,2669,2025-05-16 22:00:00+00:00
1747436400000,0.02808,0.02843,0.02808,0.02828,2239496.0,1747440000000,63326.22879,1022,2025-05-16 23:00:00+00:00
1747440000000,0.02825,0.02841,0.02747,0.02758,11119176.0,1747443600000,309333.17262,3718,2025-05-17 00:00:00+00:00
1747443600000,0.02757,0.02763,0.02684,0.02726,9149625.0,1747447200000,249092.04941,3345,2025-05-17 01:00:00+00:00
1747447200000,0.02726,0.02773,0.027,0.02746,6606296.0,1747450800000,181097.73651,2404,2025-05-17 02:00:00+00:00
1747450800000,0.02748,0.02781,0.02705,0.02765,5534843.0,1747454400000,151977.54149,1637,2025-05-17 03:00:00+00:00
1747454400000,0.02768,0.0282,0.02768,0.02816,4537281.0,1747458000000,126846.55833,1609,2025-05-17 04:00:00+00:00
1747458000000,0.02815,0.02826,0.02768,0.02779,3509028.0,1747461600000,98104.54626,1199,2025-05-17 05:00:00+00:00
1747461600000,0.02778,0.02792,0.02754,0.02775,5238428.0,1747465200000,145033.55806,1212,2025-05-17 06:00:00+00:00
1747465200000,0.02774,0.02774,0.0268,0.02712,9206563.0,1747468800000,251037.71008,2293,2025-05-17 07:00:00+00:00
1747468800000,0.02711,0.02732,0.02697,0.02698,5240571.0,1747472400000,142218.14564,1667,2025-05-17 08:00:00+00:00
1747472400000,0.02697,0.02725,0.02681,0.02724,5682451.0,1747476000000,153421.83305,1809,2025-05-17 09:00:00+00:00
1747476000000,0.02722,0.02771,0.02715,0.02731,7369456.0,1747479600000,202228.4136,2108,2025-05-17 10:00:00+00:00
1747479600000,0.0273,0.02741,0.02702,0.02712,4370845.0,1747483200000,118975.91706,1296,2025-05-17 11:00:00+00:00
1747483200000,0.02713,0.0273,0.02708,0.02709,2357965.0,1747486800000,64106.7077,1053,2025-05-17 12:00:00+00:00
1747486800000,0.02711,0.02729,0.02659,0.02683,5170639.0,1747490400000,138844.26721,1660,2025-05-17 13:00:00+00:00
1747490400000,0.02684,0.02765,0.02684,0.0276,4518842.0,1747494000000,123584.53953,1660,2025-05-17 14:00:00+00:00
1747494000000,0.02761,0.02771,0.02733,0.02741,3184062.0,1747497600000,87627.74998,1115,2025-05-17 15:00:00+00:00
1747497600000,0.02738,0.02745,0.0268,0.02721,3019613.0,1747501200000,81930.69764,1490,2025-05-17 16:00:00+00:00
1747501200000,0.02722,0.02762,0.02715,0.02727,3467361.0,1747504800000,95137.63795,1343,2025-05-17 17:00:00+00:00
1747504800000,0.02727,0.02762,0.02709,0.02717,5162367.0,1747508400000,141287.25774,2605,2025-05-17 18:00:00+00:00
1747508400000,0.02714,0.02748,0.02708,0.02717,1710511.0,1747512000000,46625.66266,921,2025-05-17 19:00:00+00:00
1747512000000,0.02718,0.02776,0.02715,0.0277,4966637.0,1747515600000,136337.64021,2216,2025-05-17 20:00:00+00:00
1747515600000,0.02771,0.02772,0.02739,0.02754,1359120.0,1747519200000,37411.17612,731,2025-05-17 21:00:00+00:00
1747519200000,0.02754,0.02763,0.02709,0.02733,1420612.0,1747522800000,38821.81455,799,2025-05-17 22:00:00+00:00
1747522800000,0.02734,0.02762,0.02722,0.02747,2246931.0,1747526400000,61816.24839,937,2025-05-17 23:00:00+00:00
1747526400000,0.02745,0.02763,0.02728,0.02748,2840267.0,1747530000000,77952.0629,1073,2025-05-18 00:00:00+00:00
1747530000000,0.02749,0.02779,0.02732,0.02765,5240918.0,1747533600000,144211.80071,1276,2025-05-18 01:00:00+00:00
1747533600000,0.02766,0.02775,0.02747,0.02749,1284624.0,1747537200000,35419.543,658,2025-05-18 02:00:00+00:00
1747537200000,0.02749,0.02769,0.02736,0.02761,2562470.0,1747540800000,70436.12671,1122,2025-05-18 03:00:00+00:00
1747540800000,0.02757,0.02782,0.02749,0.02773,1838900.0,1747544400000,50921.15246,683,2025-05-18 04:00:00+00:00
1747544400000,0.02774,0.02831,0.02773,0.02829,6954251.0,1747548000000,195323.92229,1889,2025-05-18 05:00:00+00:00
1747548000000,0.0283,0.02851,0.02799,0.02808,5226578.0,1747551600000,147718.69501,1807,2025-05-18 06:00:00+00:00
1747551600000,0.02805,0.02843,0.02797,0.0284,3889247.0,1747555200000,109590.88517,1675,2025-05-18 07:00:00+00:00
1747555200000,0.02841,0.02945,0.02835,0.02924,13383105.0,1747558800000,387282.41708,4073,2025-05-18 08:00:00+00:00
1747558800000,0.02929,0.02959,0.02874,0.02909,14571247.0,1747562400000,427004.20402,3755,2025-05-18 09:00:00+00:00
1747562400000,0.02911,0.02932,0.02879,0.02914,4892527.0,1747566000000,142072.25548,1496,2025-05-18 10:00:00+00:00
1747566000000,0.02913,0.02942,0.0288,0.02895,6293627.0,1747569600000,183105.04967,1935,2025-05-18 11:00:00+00:00
1747569600000,0.02891,0.02917,0.02861,0.02913,6393708.0,1747573200000,184515.96863,1873,2025-05-18 12:00:00+00:00
1747573200000,0.02911,0.02946,0.02901,0.02944,2665208.0,1747576800000,77889.01372,1012,2025-05-18 13:00:00+00:00
1747576800000,0.02947,0.02952,0.02895,0.02909,6731883.0,1747580400000,196700.17238,2257,2025-05-18 14:00:00+00:00
1747580400000,0.02912,0.02961,0.02906,0.0294,5389344.0,1747584000000,158203.23012,1906,2025-05-18 15:00:00+00:00
1747584000000,0.02941,0.02955,0.02915,0.02917,4577504.0,1747587600000,134346.38139,1695,2025-05-18 16:00:00+00:00
1747587600000,0.02919,0.02925,0.02828,0.02836,10952114.0,1747591200000,314353.52998,2316,2025-05-18 17:00:00+00:00
1747591200000,0.02837,0.02839,0.02754,0.02786,11107344.0,1747594800000,309346.88707,4832,2025-05-18 18:00:00+00:00
1747594800000,0.02785,0.02797,0.02733,0.02736,4465771.0,1747598400000,123552.20476,2278,2025-05-18 19:00:00+00:00
1747598400000,0.02737,0.02753,0.02682,0.02747,8108901.0,1747602000000,219879.58965,3685,2025-05-18 20:00:00+00:00
1747602000000,0.02745,0.02791,0.02745,0.02763,1396450.0,1747605600000,38651.43645,841,2025-05-18 21:00:00+00:00
1747605600000,0.02763,0.02823,0.0274,0.02822,3273312.0,1747609200000,91481.52802,1402,2025-05-18 22:00:00+00:00
1747609200000,0.0282,0.02872,0.02795,0.02866,4605662.0,1747612800000,130430.18254,1338,2025-05-18 23:00:00+00:00
1747612800000,0.02868,0.02868,0.02776,0.02788,7833384.0,1747616400000,220350.69209,2451,2025-05-19 00:00:00+00:00
1747616400000,0.02789,0.02805,0.0276,0.02765,4815002.0,1747620000000,133682.19527,1645,2025-05-19 01:00:00+00:00
1747620000000,0.02765,0.02784,0.02735,0.02743,5268520.0,1747623600000,144731.76986,1602,2025-05-19 02:00:00+00:00
1747623600000,0.0274,0.02747,0.02706,0.02713,8491262.0,1747627200000,231538.12278,1491,2025-05-19 03:00:00+00:00
1747627200000,0.02713,0.02743,0.02635,0.02662,12327880.0,1747630800000,330765.61869,2755,2025-05-19 04:00:00+00:00
1747630800000,0.02661,0.0268,0.02645,0.02674,7890018.0,1747634400000,210138.70793,2422,2025-05-19 05:00:00+00:00
1747634400000,0.02674,0.02696,0.02622,0.02624,5288181.0,1747638000000,140159.12125,1677,2025-05-19 06:00:00+00:00
1747638000000,0.02624,0.02697,0.0262,0.02683,4961183.0,1747641600000,132232.78749,1565,2025-05-19 07:00:00+00:00
1747641600000,0.02683,0.02689,0.02646,0.02662,3410038.0,1747645200000,90865.6572,1159,2025-05-19 08:00:00+00:00
1747645200000,0.02659,0.0268,0.02638,0.02643,4448133.0,1747648800000,118284.41094,1745,2025-05-19 09:00:00+00:00
1747648800000,0.02641,0.0266,0.02619,0.02641,7156748.0,1747652400000,189210.98071,1768,2025-05-19 10:00:00+00:00
1747652400000,0.02641,0.02665,0.02635,0.02652,2259205.0,1747656000000,59812.91782,785,2025-05-19 11:00:00+00:00
1747656000000,0.02651,0.02658,0.02613,0.02627,3341237.0,1747659600000,87902.38165,1202,2025-05-19 12:00:00+00:00
1747659600000,0.02625,0.02718,0.02624,0.02693,8160450.0,1747663200000,218034.28872,3370,2025-05-19 13:00:00+00:00
1747663200000,0.02694,0.02733,0.0268,0.0272,7853225.0,1747666800000,212597.3216,2297,2025-05-19 14:00:00+00:00
1747666800000,0.0272,0.02742,0.027,0.02718,4107561.0,1747670400000,111871.65121,1296,2025-05-19 15:00:00+00:00
1747670400000,0.0272,0.02758,0.02694,0.02757,3107323.0,1747674000000,84760.93788,1086,2025-05-19 16:00:00+00:00
1747674000000,0.02758,0.02798,0.02755,0.02759,4687277.0,1747677600000,130146.33714,1736,2025-05-19 17:00:00+00:00
1747677600000,0.02759,0.02774,0.02727,0.02753,2886055.0,1747681200000,79453.53134,1086,2025-05-19 18:00:00+00:00
1747681200000,0.02754,0.02764,0.02722,0.02746,2964850.0,1747684800000,81296.22817,1123,2025-05-19 19:00:00+00:00
1747684800000,0.02748,0.02763,0.02741,0.02744,1524330.0,1747688400000,41936.761,746,2025-05-19 20:00:00+00:00
1747688400000,0.02745,0.02758,0.02718,0.02753,3564322.0,1747692000000,97654.05517,869,2025-05-19 21:00:00+00:00
1747692000000,0.02752,0.02756,0.02731,0.02746,2015091.0,1747695600000,55268.24189,599,2025-05-19 22:00:00+00:00
1747695600000,0.02744,0.02764,0.02736,0.02757,2004957.0,1747699200000,55180.88709,568,2025-05-19 23:00:00+00:00
1747699200000,0.02759,0.0279,0.02715,0.02719,7063231.0,1747702800000,194717.73743,2054,2025-05-20 00:00:00+00:00
1747702800000,0.02718,0.02784,0.02711,0.02771,4172676.0,1747706400000,115170.39588,1331,2025-05-20 01:00:00+00:00
1747706400000,0.02769,0.02817,0.02765,0.02789,6720312.0,1747710000000,188013.05768,2436,2025-05-20 02:00:00+00:00
1747710000000,0.02789,0.02798,0.02759,0.02771,3739599.0,1747713600000,103883.19574,1147,2025-05-20 03:00:00+00:00
1747713600000,0.02771,0.02772,0.02747,0.02762,3191765.0,1747717200000,88026.01976,1028,2025-05-20 04:00:00+00:00
1747717200000,0.02763,0.02797,0.02756,0.02769,2322575.0,1747720800000,64506.63379,856,2025-05-20 05:00:00+00:00
1747720800000,0.02771,0.02776,0.02732,0.02757,2754414.0,1747724400000,75747.21334,961,2025-05-20 06:00:00+00:00
1747724400000,0.02759,0.0276,0.02715,0.02725,5150317.0,1747728000000,140813.86728,1757,2025-05-20 07:00:00+00:00
1747728000000,0.02725,0.02745,0.02701,0.0273,6532046.0,1747731600000,177554.72122,1742,2025-05-20 08:00:00+00:00
1747731600000,0.0273,0.02792,0.02727,0.02756,5921905.0,1747735200000,163442.86866,1441,2025-05-20 09:00:00+00:00
1747735200000,0.0276,0.02766,0.02712,0.02729,3764998.0,1747738800000,103031.88657,1293,2025-05-20 10:00:00+00:00
1747738800000,0.0273,0.02755,0.02702,0.02737,3930763.0,1747742400000,107221.54435,1301,2025-05-20 11:00:00+00:00
1747742400000,0.02736,0.02753,0.02652,0.02696,8953059.0,1747746000000,241661.04229,2185,2025-05-20 12:00:00+00:00
1747746000000,0.02696,0.0271,0.02674,0.02695,4353563.0,1747749600000,117254.21777,1927,2025-05-20 13:00:00+00:00
1747749600000,0.02694,0.02724,0.02684,0.02705,5346293.0,1747753200000,144712.8596,1813,2025-05-20 14:00:00+00:00
1747753200000,0.02706,0.02738,0.02699,0.02718,3735408.0,1747756800000,101354.4617,1364,2025-05-20 15:00:00+00:00
1747756800000,0.02721,0.02737,0.02693,0.02693,4513748.0,1747760400000,122289.68851,1375,2025-05-20 16:00:00+00:00
1747760400000,0.02696,0.02742,0.02695,0.02728,4140357.0,1747764000000,112577.64001,1483,2025-05-20 17:00:00+00:00
1747764000000,0.02726,0.02731,0.02664,0.0267,4704966.0,1747767600000,126918.22918,1850,2025-05-20 18:00:00+00:00
1747767600000,0.02671,0.02772,0.02663,0.02757,4506171.0,1747771200000,122903.37648,1747,2025-05-20 19:00:00+00:00
1747771200000,0.02758,0.02806,0.02742,0.02791,6239539.0,1747774800000,173261.28765,2029,2025-05-20 20:00:00+00:00
1747774800000,0.02792,0.02814,0.02772,0.02797,4866156.0,1747778400000,136062.72013,1394,2025-05-20 21:00:00+00:00
1747778400000,0.02795,0.02809,0.02757,0.0278,4034573.0,1747782000000,112043.856,1384,2025-05-20 22:00:00+00:00
1747782000000,0.0278,0.02827,0.0277,0.02805,8453525.0,1747785600000,236983.84172,1834,2025-05-20 23:00:00+00:00
1747785600000,0.02807,0.02824,0.02773,0.02777,4561439.0,1747789200000,127605.9367,1467,2025-05-21 00:00:00+00:00
1747789200000,0.02778,0.02798,0.02763,0.02766,1358418.0,1747792800000,37744.06186,783,2025-05-21 01:00:00+00:00
1747792800000,0.02767,0.02776,0.02722,0.02769,5068780.0,1747796400000,139216.06534,1510,2025-05-21 02:00:00+00:00
1747796400000,0.02768,0.0282,0.02764,0.02811,4963476.0,1747800000000,139107.05142,1619,2025-05-21 03:00:00+00:00
1747800000000,0.02812,0.0283,0.02767,0.02787,3963858.0,1747803600000,110773.97606,1668,2025-05-21 04:00:00+00:00
1747803600000,0.02785,0.02825,0.02785,0.02805,2831447.0,1747807200000,79535.32684,1127,2025-05-21 05:00:00+00:00
1747807200000,0.02802,0.02814,0.02783,0.028,3175401.0,1747810800000,88948.94318,1084,2025-05-21 06:00:00+00:00
1747810800000,0.02799,0.02801,0.02728,0.02742,6297283.0,1747814400000,173191.40884,1876,2025-05-21 07:00:00+00:00
1747814400000,0.02743,0.02757,0.02725,0.02725,2486164.0,1747818000000,67952.85983,1013,2025-05-21 08:00:00+00:00
1747818000000,0.02728,0.02733,0.0271,0.02722,3179508.0,1747821600000,86551.65035,892,2025-05-21 09:00:00+00:00
1747821600000,0.02722,0.02773,0.02712,0.02741,4983788.0,1747825200000,136491.0082,1034,2025-05-21 10:00:00+00:00
1747825200000,0.02741,0.02801,0.0274,0.02784,4524815.0,1747828800000,125867.35619,1067,2025-05-21 11:00:00+00:00
1747828800000,0.02785,0.02811,0.02767,0.02805,5269411.0,1747832400000,147351.63449,1100,2025-05-21 12:00:00+00:00
1747832400000,0.02807,0.02822,0.0279,0.02793,5802493.0,1747836000000,162610.57713,1372,2025-05-21 13:00:00+00:00
1747836000000,0.02794,0.02815,0.02771,0.02811,3823466.0,1747839600000,106877.74078,1285,2025-05-21 14:00:00+00:00
1747839600000,0.0281,0.0281,0.02786,0.02795,7058870.0,1747843200000,197514.17726,2171,2025-05-21 15:00:00+00:00
1747843200000,0.02797,0.02866,0.02787,0.02823,5927044.0,1747846800000,167880.95554,1661,2025-05-21 16:00:00+00:00
1747846800000,0.02825,0.02835,0.02623,0.02637,34299797.0,1747850400000,925571.56831,10994,2025-05-21 17:00:00+00:00
1747850400000,0.02639,0.02711,0.02631,0.02688,7916679.0,1747854000000,211103.31444,2326,2025-05-21 18:00:00+00:00
1747854000000,0.02689,0.02716,0.02676,0.02704,4749333.0,1747857600000,128190.94695,1482,2025-05-21 19:00:00+00:00
1747857600000,0.02704,0.02707,0.02671,0.02681,2606499.0,1747861200000,70105.68694,961,2025-05-21 20:00:00+00:00
1747861200000,0.0268,0.02691,0.02655,0.02672,3037518.0,1747864800000,81174.05882,718,2025-05-21 21:00:00+00:00
1747864800000,0.02672,0.02695,0.02668,0.02691,3310346.0,1747868400000,88752.96691,871,2025-05-21 22:00:00+00:00
1747868400000,0.02691,0.02741,0.02688,0.02703,6426752.0,1747872000000,174477.59681,2161,2025-05-21 23:00:00+00:00
1747872000000,0.02704,0.02771,0.02696,0.02764,7404103.0,1747875600000,202861.1899,2289,2025-05-22 00:00:00+00:00
1747875600000,0.02768,0.02785,0.02746,0.02757,6818064.0,1747879200000,188221.81878,2028,2025-05-22 01:00:00+00:00
1747879200000,0.02757,0.02796,0.02755,0.02784,5584844.0,1747882800000,155080.54017,1793,2025-05-22 02:00:00+00:00
1747882800000,0.02783,0.02818,0.02756,0.02799,8593362.0,1747886400000,238769.58638,2126,2025-05-22 03:00:00+00:00
1747886400000,0.02802,0.0282,0.02788,0.02798,8385805.0,1747890000000,235281.89852,2081,2025-05-22 04:00:00+00:00
1747890000000,0.02799,0.02838,0.02791,0.02798,8961944.0,1747893600000,252594.40665,2066,2025-05-22 05:00:00+00:00
1747893600000,0.02799,0.02809,0.02759,0.02769,8971850.0,1747897200000,249530.42235,2210,2025-05-22 06:00:00+00:00
1747897200000,0.02768,0.0281,0.02766,0.02796,5216422.0,1747900800000,145731.20216,1247,2025-05-22 07:00:00+00:00
1747900800000,0.02798,0.02833,0.02794,0.02816,8472183.0,1747904400000,238780.49397,1995,2025-05-22 08:00:00+00:00
1747904400000,0.02818,0.02843,0.02801,0.02822,6963949.0,1747908000000,196749.81531,1559,2025-05-22 09:00:00+00:00
1747908000000,0.02823,0.0284,0.02797,0.02804,7840835.0,1747911600000,221089.76504,1631,2025-05-22 10:00:00+00:00
1747911600000,0.02804,0.02811,0.02768,0.028,10181068.0,1747915200000,284099.02844,2029,2025-05-22 11:00:00+00:00
1747915200000,0.02796,0.02824,0.02785,0.02806,6074455.0,1747918800000,170508.02027,1536,2025-05-22 12:00:00+00:00
1747918800000,0.02808,0.02808,0.02764,0.02792,9016405.0,1747922400000,251254.04902,2282,2025-05-22 13:00:00+00:00
1747922400000,0.02791,0.02842,0.02791,0.02828,7055320.0,1747926000000,199371.02644,1816,2025-05-22 14:00:00+00:00
1747926000000,0.02827,0.02855,0.02802,0.0282,10376102.0,1747929600000,294094.00682,2289,2025-05-22 15:00:00+00:00
1747929600000,0.0282,0.02831,0.02785,0.0281,5969599.0,1747933200000,167912.32555,1684,2025-05-22 16:00:00+00:00
1747933200000,0.02811,0.02846,0.02805,0.02842,5957000.0,1747936800000,168873.49729,1959,2025-05-22 17:00:00+00:00
1747936800000,0.02844,0.0285,0.02836,0.02845,6819626.0,1747940400000,193886.19512,2323,2025-05-22 18:00:00+00:00
1747940400000,0.02845,0.02851,0.02836,0.02845,5764327.0,1747944000000,163844.85765,2897,2025-05-22 19:00:00+00:00
1747944000000,0.02847,0.02865,0.02829,0.0284,4555529.0,1747947600000,129650.68719,1503,2025-05-22 20:00:00+00:00
1747947600000,0.0284,0.0284,0.02808,0.02818,4047551.0,1747951200000,114202.08543,758,2025-05-22 21:00:00+00:00
1747951200000,0.0282,0.02872,0.0282,0.02842,3968574.0,1747954800000,113178.79252,1433,2025-05-22 22:00:00+00:00
1747954800000,0.02843,0.02888,0.02841,0.02887,3503989.0,1747958400000,100435.66849,1088,2025-05-22 23:00:00+00:00
1747958400000,0.02886,0.02923,0.02868,0.02901,5698202.0,1747962000000,165186.9878,1971,2025-05-23 00:00:00+00:00
1747962000000,0.02905,0.0298,0.02905,0.02962,10432599.0,1747965600000,308128.55831,3287,2025-05-23 01:00:00+00:00
1747965600000,0.02962,0.03002,0.02946,0.02956,7785162.0,1747969200000,232262.06283,2642,2025-05-23 02:00:00+00:00
1747969200000,0.0296,0.02975,0.02947,0.02957,5337890.0,1747972800000,158044.59977,1643,2025-05-23 03:00:00+00:00
1747972800000,0.02955,0.02959,0.02882,0.02896,7949189.0,1747976400000,231143.52101,1923,2025-05-23 04:00:00+00:00
1747976400000,0.02895,0.02912,0.02864,0.0288,6112926.0,1747980000000,176248.15667,1766,2025-05-23 05:00:00+00:00
1747980000000,0.02879,0.02879,0.02814,0.02827,6641966.0,1747983600000,188379.87101,2065,2025-05-23 06:00:00+00:00
1747983600000,0.02828,0.02861,0.02825,0.02835,5085586.0,1747987200000,144780.54379,1359,2025-05-23 07:00:00+00:00
1747987200000,0.02837,0.02875,0.02832,0.02865,4901210.0,1747990800000,139990.46068,1064,2025-05-23 08:00:00+00:00
1747990800000,0.02863,0.02892,0.02857,0.02883,2919470.0,1747994400000,84026.81281,867,2025-05-23 09:00:00+00:00
1747994400000,0.02884,0.02887,0.02847,0.02862,5120531.0,1747998000000,146488.28128,1616,2025-05-23 10:00:00+00:00
1747998000000,0.02861,0.02861,0.02702,0.02715,22866401.0,1748001600000,630570.29289,8771,2025-05-23 11:00:00+00:00
1748001600000,0.02716,0.02718,0.02624,0.02707,24064809.0,1748005200000,644773.73777,8573,2025-05-23 12:00:00+00:00
1748005200000,0.02707,0.02756,0.02677,0.0275,13048819.0,1748008800000,353656.49279,3870,2025-05-23 13:00:00+00:00
1748008800000,0.02752,0.02766,0.02736,0.02749,3885222.0,1748012400000,106959.62746,1634,2025-05-23 14:00:00+00:00
1748012400000,0.02749,0.02757,0.02711,0.02712,3196959.0,1748016000000,87560.14065,1476,2025-05-23 15:00:00+00:00
1748016000000,0.02714,0.02726,0.02681,0.02716,6040999.0,1748019600000,163029.84005,1607,2025-05-23 16:00:00+00:00
1748019600000,0.02716,0.02732,0.02701,0.02704,2234376.0,1748023200000,60713.26527,861,2025-05-23 17:00:00+00:00
1748023200000,0.02704,0.02708,0.02667,0.02682,3403409.0,1748026800000,91565.1423,1130,2025-05-23 18:00:00+00:00
1748026800000,0.0268,0.02705,0.02678,0.02702,1835781.0,1748030400000,49520.5377,686,2025-05-23 19:00:00+00:00
1748030400000,0.02703,0.02721,0.02688,0.02706,1893899.0,1748034000000,51234.52549,887,2025-05-23 20:00:00+00:00
1748034000000,0.02699,0.02709,0.02683,0.02696,3092085.0,1748037600000,83283.29336,744,2025-05-23 21:00:00+00:00
1748037600000,0.02699,0.02715,0.02689,0.02696,1549530.0,1748041200000,41882.71536,523,2025-05-23 22:00:00+00:00
1748041200000,0.02694,0.02698,0.0265,0.02674,4597067.0,1748044800000,122888.74366,1207,2025-05-23 23:00:00+00:00
1748044800000,0.02672,0.02716,0.02649,0.02671,5263772.0,1748048400000,141090.80653,1529,2025-05-24 00:00:00+00:00
1748048400000,0.02672,0.02704,0.02669,0.02676,1096854.0,1748052000000,29496.68593,638,2025-05-24 01:00:00+00:00
1748052000000,0.02675,0.02701,0.0267,0.02701,1591293.0,1748055600000,42790.67797,575,2025-05-24 02:00:00+00:00
1748055600000,0.02702,0.02731,0.02697,0.02721,1698774.0,1748059200000,46180.10862,999,2025-05-24 03:00:00+00:00
1748059200000,0.02728,0.02759,0.02719,0.02738,4220424.0,1748062800000,115845.06833,994,2025-05-24 04:00:00+00:00
1748062800000,0.02742,0.02754,0.02726,0.02747,1361842.0,1748066400000,37329.46705,541,2025-05-24 05:00:00+00:00
1748066400000,0.02747,0.02753,0.02699,0.02725,7090209.0,1748070000000,192665.48446,1380,2025-05-24 06:00:00+00:00
1748070000000,0.02724,0.02741,0.02711,0.02723,2856976.0,1748073600000,77874.99611,819,2025-05-24 07:00:00+00:00
1748073600000,0.02722,0.02722,0.02698,0.02711,1842072.0,1748077200000,49922.98309,667,2025-05-24 08:00:00+00:00
1748077200000,0.0271,0.02729,0.02701,0.02714,1192419.0,1748080800000,32381.96797,475,2025-05-24 09:00:00+00:00
1748080800000,0.02714,0.02744,0.02708,0.02737,3809606.0,1748084400000,104226.82409,841,2025-05-24 10:00:00+00:00
1748084400000,0.02738,0.02752,0.02723,0.02732,3257955.0,1748088000000,89135.61185,958,2025-05-24 11:00:00+00:00
1748088000000,0.02731,0.02738,0.02712,0.02732,4365199.0,1748091600000,118941.7912,947,2025-05-24 12:00:00+00:00
1748091600000,0.02729,0.028,0.02723,0.02755,8063782.0,1748095200000,222101.63418,1667,2025-05-24 13:00:00+00:00
1748095200000,0.02756,0.02796,0.02748,0.02791,8095890.0,1748098800000,224750.14007,1587,2025-05-24 14:00:00+00:00
1748098800000,0.02794,0.02818,0.02781,0.02807,6847322.0,1748102400000,191754.17997,1344,2025-05-24 15:00:00+00:00
1748102400000,0.02808,0.02822,0.02779,0.02794,3191802.0,1748106000000,89266.84263,1069,2025-05-24 16:00:00+00:00
1748106000000,0.02795,0.02814,0.02794,0.02795,1807592.0,1748109600000,50667.36281,711,2025-05-24 17:00:00+00:00
1748109600000,0.02794,0.02847,0.02794,0.02824,4670938.0,1748113200000,132038.75823,1603,2025-05-24 18:00:00+00:00
1748113200000,0.02825,0.02849,0.02803,0.02809,5211237.0,1748116800000,147279.92275,1473,2025-05-24 19:00:00+00:00
1748116800000,0.02809,0.02814,0.0275,0.02763,7436485.0,1748120400000,206380.9746,1506,2025-05-24 20:00:00+00:00
1748120400000,0.02765,0.02772,0.0272,0.02754,3660115.0,1748124000000,100384.18799,689,2025-05-24 21:00:00+00:00
1748124000000,0.02754,0.0277,0.02732,0.02749,1773685.0,1748127600000,48809.9383,791,2025-05-24 22:00:00+00:00
1748127600000,0.02748,0.02777,0.0274,0.02756,1453079.0,1748131200000,40086.96181,667,2025-05-24 23:00:00+00:00
1748131200000,0.02756,0.02764,0.02698,0.02706,3721278.0,1748134800000,101170.76203,1163,2025-05-25 00:00:00+00:00
1748134800000,0.02704,0.02709,0.02675,0.0269,6104813.0,1748138400000,164308.2252,1484,2025-05-25 01:00:00+00:00
1748138400000,0.0269,0.02695,0.02658,0.02691,2259724.0,1748142000000,60511.06878,874,2025-05-25 02:00:00+00:00
1748142000000,0.0269,0.02697,0.02678,0.0268,2503178.0,1748145600000,67237.75525,659,2025-05-25 03:00:00+00:00
1748145600000,0.02678,0.02702,0.02673,0.027,1796329.0,1748149200000,48196.5509,611,2025-05-25 04:00:00+00:00
1748149200000,0.02699,0.0271,0.02691,0.02701,1953098.0,1748152800000,52788.04856,439,2025-05-25 05:00:00+00:00
1748152800000,0.027,0.027,0.02685,0.02697,1772215.0,1748156400000,47689.50275,376,2025-05-25 06:00:00+00:00
1748156400000,0.02696,0.02696,0.02657,0.0267,2753574.0,1748160000000,73549.86706,854,2025-05-25 07:00:00+00:00
1748160000000,0.02671,0.02671,0.0263,0.02643,2966579.0,1748163600000,78465.96164,974,2025-05-25 08:00:00+00:00
1748163600000,0.02642,0.02669,0.02622,0.02669,6075916.0,1748167200000,160602.16604,1205,2025-05-25 09:00:00+00:00
1748167200000,0.02669,0.0267,0.02634,0.02636,2346782.0,1748170800000,62028.54737,614,2025-05-25 10:00:00+00:00
1748170800000,0.02635,0.02646,0.02619,0.02626,1564353.0,1748174400000,41150.80095,549,2025-05-25 11:00:00+00:00
1748174400000,0.02624,0.02637,0.02596,0.02635,9444382.0,1748178000000,246560.04276,1423,2025-05-25 12:00:00+00:00
1748178000000,0.02635,0.02638,0.02609,0.02617,3633803.0,1748181600000,95373.19666,1067,2025-05-25 13:00:00+00:00
1748181600000,0.02616,0.02625,0.02593,0.02598,4603838.0,1748185200000,120107.04378,1046,2025-05-25 14:00:00+00:00
1748185200000,0.02599,0.02602,0.02563,0.02596,8116880.0,1748188800000,209856.61068,2144,2025-05-25 15:00:00+00:00
1748188800000,0.02596,0.02596,0.02542,0.02568,4008310.0,1748192400000,102692.84019,1219,2025-05-25 16:00:00+00:00
1748192400000,0.02569,0.0262,0.02564,0.02587,5533974.0,1748196000000,142726.17985,1255,2025-05-25 17:00:00+00:00
1748196000000,0.02589,0.0262,0.02583,0.02597,1280363.0,1748199600000,33373.58532,569,2025-05-25 18:00:00+00:00
1748199600000,0.02596,0.02615,0.02589,0.02601,1922737.0,1748203200000,49944.20973,528,2025-05-25 19:00:00+00:00
1748203200000,0.02601,0.02626,0.02594,0.02618,970166.0,1748206800000,25343.97336,396,2025-05-25 20:00:00+00:00
1748206800000,0.02614,0.02631,0.02604,0.0262,624392.0,1748210400000,16349.94299,303,2025-05-25 21:00:00+00:00
1748210400000,0.02623,0.02679,0.0262,0.0267,4379367.0,1748214000000,116324.13583,1574,2025-05-25 22:00:00+00:00
1748214000000,0.02672,0.02676,0.02653,0.02668,1847302.0,1748217600000,49200.10861,520,2025-05-25 23:00:00+00:00
1748217600000,0.02669,0.02688,0.02658,0.02688,2959154.0,1748221200000,79113.89371,949,2025-05-26 00:00:00+00:00
1748221200000,0.02688,0.02697,0.02672,0.02693,2469698.0,1748224800000,66304.78419,661,2025-05-26 01:00:00+00:00
1748224800000,0.02691,0.02704,0.02678,0.02692,2635552.0,1748228400000,70952.12512,566,2025-05-26 02:00:00+00:00
1748228400000,0.02691,0.02709,0.0268,0.02703,4865655.0,1748232000000,131040.24774,807,2025-05-26 03:00:00+00:00
1748232000000,0.02703,0.02711,0.02693,0.02693,2396728.0,1748235600000,64736.8738,459,2025-05-26 04:00:00+00:00
1748235600000,0.02695,0.02736,0.02691,0.02721,4127987.0,1748239200000,111890.22309,651,2025-05-26 05:00:00+00:00
1748239200000,0.0272,0.02759,0.02717,0.02733,4658876.0,1748242800000,127408.19281,1021,2025-05-26 06:00:00+00:00
1748242800000,0.02734,0.02754,0.02726,0.02754,2749897.0,1748246400000,75441.69683,831,2025-05-26 07:00:00+00:00
1748246400000,0.02753,0.02761,0.02729,0.02738,2410424.0,1748250000000,66160.65776,608,2025-05-26 08:00:00+00:00
1748250000000,0.02737,0.02753,0.02726,0.02742,1999571.0,1748253600000,54797.45163,613,2025-05-26 09:00:00+00:00
1748253600000,0.02742,0.02757,0.027,0.0273,5267140.0,1748257200000,143405.1481,1009,2025-05-26 10:00:00+00:00
1748257200000,0.02728,0.0273,0.02711,0.02717,3359329.0,1748260800000,91375.38357,752,2025-05-26 11:00:00+00:00
1748260800000,0.02717,0.0275,0.02706,0.02735,2536083.0,1748264400000,69218.65058,856,2025-05-26 12:00:00+00:00
1748264400000,0.02737,0.0276,0.02711,0.02716,9500758.0,1748268000000,259681.87318,1701,2025-05-26 13:00:00+00:00
1748268000000,0.02715,0.02731,0.02706,0.02724,5940361.0,1748271600000,161076.81514,1221,2025-05-26 14:00:00+00:00
1748271600000,0.02725,0.02796,0.02725,0.0279,12169940.0,1748275200000,337724.38491,2976,2025-05-26 15:00:00+00:00
1748275200000,0.02791,0.02797,0.02707,0.02736,9171217.0,1748278800000,251671.8819,1658,2025-05-26 16:00:00+00:00
1748278800000,0.02735,0.02737,0.02716,0.02735,2587393.0,1748282400000,70584.33932,780,2025-05-26 17:00:00+00:00
1748282400000,0.02734,0.0277,0.02725,0.02769,1195506.0,1748286000000,32920.18577,663,2025-05-26 18:00:00+00:00
1748286000000,0.02769,0.02791,0.02766,0.02785,3380474.0,1748289600000,93868.15907,960,2025-05-26 19:00:00+00:00
1748289600000,0.02786,0.02801,0.02769,0.0278,4465615.0,1748293200000,124586.366,997,2025-05-26 20:00:00+00:00
1748293200000,0.02778,0.02779,0.02761,0.02776,2070389.0,1748296800000,57352.3722,462,2025-05-26 21:00:00+00:00
1748296800000,0.02776,0.02834,0.02773,0.02806,5897522.0,1748300400000,165724.62024,1482,2025-05-26 22:00:00+00:00
1748300400000,0.02805,0.0285,0.02782,0.02813,5436340.0,1748304000000,152916.41563,1332,2025-05-26 23:00:00+00:00
1748304000000,0.02815,0.02851,0.0278,0.02781,4277772.0,1748307600000,120594.90393,1048,2025-05-27 00:00:00+00:00
1748307600000,0.02781,0.02781,0.0275,0.02768,4963385.0,1748311200000,137158.0497,1262,2025-05-27 01:00:00+00:00
1748311200000,0.02765,0.02818,0.02765,0.02805,1915733.0,1748314800000,53608.54955,732,2025-05-27 02:00:00+00:00
1748314800000,0.02807,0.02847,0.02807,0.02822,5056814.0,1748318400000,143060.69378,1394,2025-05-27 03:00:00+00:00
1748318400000,0.02823,0.02841,0.02807,0.02808,4268732.0,1748322000000,120228.37361,895,2025-05-27 04:00:00+00:00
1748322000000,0.02809,0.02824,0.02782,0.02815,4590847.0,1748325600000,128605.41815,1108,2025-05-27 05:00:00+00:00
1748325600000,0.02815,0.02861,0.02815,0.02832,6973857.0,1748329200000,198464.57299,1610,2025-05-27 06:00:00+00:00
1748329200000,0.02836,0.02852,0.0283,0.02839,2353321.0,1748332800000,66878.03036,891,2025-05-27 07:00:00+00:00
1748332800000,0.02839,0.02864,0.02827,0.02836,5431098.0,1748336400000,154454.26594,1511,2025-05-27 08:00:00+00:00
1748336400000,0.02837,0.02861,0.02833,0.02856,2193179.0,1748340000000,62447.10998,694,2025-05-27 09:00:00+00:00
1748340000000,0.02857,0.02872,0.02852,0.02866,3539085.0,1748343600000,101256.09982,560,2025-05-27 10:00:00+00:00
1748343600000,0.02864,0.0287,0.0284,0.02852,4221552.0,1748347200000,120425.60481,837,2025-05-27 11:00:00+00:00
1748347200000,0.02854,0.02861,0.02826,0.02838,26288868.0,1748350800000,747306.08116,1023,2025-05-27 12:00:00+00:00
1748350800000,0.02836,0.02867,0.02829,0.0284,6302645.0,1748354400000,179691.49379,1988,2025-05-27 13:00:00+00:00
1748354400000,0.02841,0.02913,0.02816,0.02908,12275119.0,1748358000000,351785.69474,3164,2025-05-27 14:00:00+00:00
1748358000000,0.02907,0.02963,0.02892,0.0294,10896044.0,1748361600000,319370.98427,3427,2025-05-27 15:00:00+00:00
1748361600000,0.0294,0.02967,0.02922,0.02936,10771605.0,1748365200000,317300.78118,2767,2025-05-27 16:00:00+00:00
1748365200000,0.02936,0.02936,0.0288,0.02895,7849765.0,1748368800000,228203.71664,1607,2025-05-27 17:00:00+00:00
1748368800000,0.02894,0.02911,0.02876,0.0289,2449879.0,1748372400000,70780.89157,843,2025-05-27 18:00:00+00:00
1748372400000,0.0289,0.02906,0.02873,0.02906,1798880.0,1748376000000,51978.53192,654,2025-05-27 19:00:00+00:00
1748376000000,0.02904,0.02931,0.02904,0.0291,3212610.0,1748379600000,93857.47621,684,2025-05-27 20:00:00+00:00
1748379600000,0.02913,0.02922,0.0289,0.02895,1392574.0,1748383200000,40453.69276,472,2025-05-27 21:00:00+00:00
1748383200000,0.02896,0.02905,0.02865,0.02871,2807972.0,1748386800000,80804.07175,888,2025-05-27 22:00:00+00:00
1748386800000,0.0287,0.02892,0.02862,0.02889,1064455.0,1748390400000,30635.35663,470,2025-05-27 23:00:00+00:00
1748390400000,0.02888,0.02918,0.02881,0.02916,1957467.0,1748394000000,56764.75413,744,2025-05-28 00:00:00+00:00
1748394000000,0.02916,0.02923,0.02889,0.02899,1684085.0,1748397600000,48935.1633,647,2025-05-28 01:00:00+00:00
1748397600000,0.02898,0.02918,0.02884,0.02915,899023.0,1748401200000,26091.07426,614,2025-05-28 02:00:00+00:00
1748401200000,0.02916,0.02936,0.02915,0.02916,2793060.0,1748404800000,81680.10582,648,2025-05-28 03:00:00+00:00
1748404800000,0.02915,0.02933,0.02903,0.02924,1831334.0,1748408400000,53443.54298,538,2025-05-28 04:00:00+00:00
1748408400000,0.02922,0.02927,0.02912,0.02913,1544025.0,1748412000000,45057.75472,478,2025-05-28 05:00:00+00:00
1748412000000,0.02912,0.02912,0.0284,0.02851,7812070.0,1748415600000,223407.04893,1318,2025-05-28 06:00:00+00:00
1748415600000,0.0285,0.02858,0.02838,0.02839,6254535.0,1748419200000,177790.30551,923,2025-05-28 07:00:00+00:00
1748419200000,0.0284,0.02858,0.0283,0.02845,3979615.0,1748422800000,113078.04657,929,2025-05-28 08:00:00+00:00
1748422800000,0.02845,0.02854,0.0283,0.02835,4600533.0,1748426400000,130367.37212,887,2025-05-28 09:00:00+00:00
1748426400000,0.02833,0.02864,0.0281,0.02863,3872781.0,1748430000000,109651.2241,944,2025-05-28 10:00:00+00:00
1748430000000,0.02863,0.02872,0.02853,0.0287,1662567.0,1748433600000,47627.31055,479,2025-05-28 11:00:00+00:00
1748433600000,0.02871,0.02898,0.02858,0.0287,1238765.0,1748437200000,35713.76988,590,2025-05-28 12:00:00+00:00
1748437200000,0.02871,0.02874,0.02828,0.02829,2855961.0,1748440800000,81393.22368,1200,2025-05-28 13:00:00+00:00
1748440800000,0.02828,0.02835,0.02792,0.02793,6104906.0,1748444400000,171804.35258,1674,2025-05-28 14:00:00+00:00
1748444400000,0.02793,0.02811,0.02769,0.02793,4619314.0,1748448000000,129078.35262,1259,2025-05-28 15:00:00+00:00
1748448000000,0.02796,0.0281,0.02787,0.0279,2369179.0,1748451600000,66261.80077,621,2025-05-28 16:00:00+00:00
1748451600000,0.02791,0.02815,0.0278,0.02783,1872584.0,1748455200000,52303.65726,680,2025-05-28 17:00:00+00:00
1748455200000,0.02782,0.02797,0.02757,0.02757,2256700.0,1748458800000,62517.85444,716,2025-05-28 18:00:00+00:00
1748458800000,0.02757,0.02792,0.02737,0.02741,2647984.0,1748462400000,73320.7917,902,2025-05-28 19:00:00+00:00
1748462400000,0.02738,0.02781,0.0273,0.02763,7577599.0,1748466000000,208694.84138,1762,2025-05-28 20:00:00+00:00
1748466000000,0.02766,0.02781,0.02748,0.02781,2011826.0,1748469600000,55670.79239,365,2025-05-28 21:00:00+00:00
1748469600000,0.0278,0.02783,0.0277,0.0278,331787.0,1748473200000,9207.61576,237,2025-05-28 22:00:00+00:00
1748473200000,0.02779,0.02833,0.02776,0.02831,2283196.0,1748476800000,64087.39018,963,2025-05-28 23:00:00+00:00
1748476800000,0.02831,0.02879,0.02816,0.02877,2386717.0,1748480400000,68067.43114,998,2025-05-29 00:00:00+00:00
1748480400000,0.02878,0.02892,0.02862,0.02885,1882124.0,1748484000000,54115.78035,950,2025-05-29 01:00:00+00:00
1748484000000,0.02886,0.02929,0.0287,0.02917,3184966.0,1748487600000,92614.87301,1139,2025-05-29 02:00:00+00:00
1748487600000,0.02922,0.02923,0.02881,0.0289,1620335.0,1748491200000,47049.12757,709,2025-05-29 03:00:00+00:00
1748491200000,0.02891,0.02894,0.0284,0.02867,1042001.0,1748494800000,29890.91068,651,2025-05-29 04:00:00+00:00
1748494800000,0.02868,0.02877,0.02853,0.02863,669584.0,1748498400000,19173.15875,395,2025-05-29 05:00:00+00:00
1748498400000,0.02865,0.02885,0.02865,0.02874,1048959.0,1748502000000,30186.47823,387,2025-05-29 06:00:00+00:00
1748502000000,0.02876,0.02891,0.0286,0.02884,1514929.0,1748505600000,43522.8896,521,2025-05-29 07:00:00+00:00
1748505600000,0.02885,0.02919,0.02878,0.02915,1692584.0,1748509200000,49173.98046,815,2025-05-29 08:00:00+00:00
1748509200000,0.02914,0.02965,0.0291,0.02937,7065936.0,1748512800000,207845.44217,2002,2025-05-29 09:00:00+00:00
1748512800000,0.02938,0.02945,0.02909,0.02923,3707731.0,1748516400000,108517.90576,1027,2025-05-29 10:00:00+00:00
1748516400000,0.02921,0.02938,0.02901,0.02932,1942775.0,1748520000000,56814.55449,855,2025-05-29 11:00:00+00:00
1748520000000,0.02931,0.02937,0.02901,0.02928,2923106.0,1748523600000,85441.86986,1085,2025-05-29 12:00:00+00:00
1748523600000,0.02927,0.02994,0.02925,0.02985,9122263.0,1748527200000,270928.77241,2796,2025-05-29 13:00:00+00:00
1748527200000,0.02984,0.03017,0.0294,0.02991,12406051.0,1748530800000,369060.76366,3324,2025-05-29 14:00:00+00:00
1748530800000,0.0299,0.02996,0.02949,0.02967,6075789.0,1748534400000,180540.35943,1815,2025-05-29 15:00:00+00:00
1748534400000,0.02968,0.03,0.02922,0.02943,6585314.0,1748538000000,194329.23549,2280,2025-05-29 16:00:00+00:00
1748538000000,0.02941,0.0298,0.02928,0.02968,2919835.0,1748541600000,86209.48122,1375,2025-05-29 17:00:00+00:00
1748541600000,0.0297,0.02985,0.02947,0.02956,3001408.0,1748545200000,88979.74717,1080,2025-05-29 18:00:00+00:00
1748545200000,0.02954,0.02979,0.02927,0.02965,6966721.0,1748548800000,205856.74808,1825,2025-05-29 19:00:00+00:00
1748548800000,0.02966,0.0299,0.02966,0.02982,2481253.0,1748552400000,73906.18891,1073,2025-05-29 20:00:00+00:00
1748552400000,0.02984,0.02986,0.02946,0.02961,2383854.0,1748556000000,70639.59505,588,2025-05-29 21:00:00+00:00
1748556000000,0.02957,0.02967,0.02927,0.02927,1196639.0,1748559600000,35220.81229,364,2025-05-29 22:00:00+00:00
1748559600000,0.02926,0.02929,0.02875,0.02886,3041961.0,1748563200000,88220.5533,1017,2025-05-29 23:00:00+00:00
1748563200000,0.02885,0.02926,0.02675,0.02736,22329308.0,1748566800000,618934.56527,7393,2025-05-30 00:00:00+00:00
1748566800000,0.02737,0.02801,0.0273,0.02756,7606747.0,1748570400000,210035.98346,2057,2025-05-30 01:00:00+00:00
1748570400000,0.02755,0.02794,0.02736,0.02753,5628999.0,1748574000000,155327.91369,1532,2025-05-30 02:00:00+00:00
1748574000000,0.02748,0.02765,0.02742,0.02753,1625679.0,1748577600000,44774.80344,368,2025-05-30 03:00:00+00:00
1748577600000,0.02753,0.02754,0.02701,0.02705,4056741.0,1748581200000,110280.14192,854,2025-05-30 04:00:00+00:00
1748581200000,0.02707,0.02723,0.02676,0.02698,6210490.0,1748584800000,167794.04627,1411,2025-05-30 05:00:00+00:00
1748584800000,0.027,0.027,0.02604,0.02619,8833131.0,1748588400000,232995.84048,1637,2025-05-30 06:00:00+00:00
1748588400000,0.02619,0.0267,0.02609,0.02634,4739921.0,1748592000000,125065.07159,1034,2025-05-30 07:00:00+00:00
1748592000000,0.02636,0.02731,0.02628,0.02724,7721832.0,1748595600000,206891.39598,2403,2025-05-30 08:00:00+00:00
1748595600000,0.02723,0.02737,0.02678,0.02727,5639610.0,1748599200000,152295.05193,1179,2025-05-30 09:00:00+00:00
1748599200000,0.02725,0.02733,0.02685,0.02705,4440844.0,1748602800000,120588.23409,943,2025-05-30 10:00:00+00:00
1748602800000,0.02703,0.02708,0.0268,0.02684,3562678.0,1748606400000,96049.43317,723,2025-05-30 11:00:00+00:00
1748606400000,0.02684,0.02686,0.02636,0.02652,7920696.0,1748610000000,210776.90486,1542,2025-05-30 12:00:00+00:00
1748610000000,0.02655,0.0267,0.02633,0.02638,2929671.0,1748613600000,77599.19131,830,2025-05-30 13:00:00+00:00
1748613600000,0.02641,0.02677,0.0263,0.02675,3195375.0,1748617200000,84584.00501,913,2025-05-30 14:00:00+00:00
1748617200000,0.02674,0.02716,0.02673,0.02679,4479719.0,1748620800000,120931.90247,913,2025-05-30 15:00:00+00:00
1748620800000,0.02678,0.02687,0.02618,0.02622,6190466.0,1748624400000,163442.11092,1611,2025-05-30 16:00:00+00:00
1748624400000,0.02619,0.02642,0.0251,0.02561,15879741.0,1748628000000,407245.28249,3049,2025-05-30 17:00:00+00:00
1748628000000,0.02562,0.02587,0.02548,0.0258,5638391.0,1748631600000,144692.52047,1229,2025-05-30 18:00:00+00:00
1748631600000,0.02579,0.02592,0.02554,0.02561,3930857.0,1748635200000,101258.68838,803,2025-05-30 19:00:00+00:00
1748635200000,0.02561,0.02576,0.02544,0.02554,1786927.0,1748638800000,45698.45418,388,2025-05-30 20:00:00+00:00
1748638800000,0.02553,0.02557,0.02512,0.02518,2809763.0,1748642400000,71293.03049,603,2025-05-30 21:00:00+00:00
1748642400000,0.02515,0.02522,0.02346,0.02346,17715803.0,1748646000000,430069.63905,4970,2025-05-30 22:00:00+00:00
1748646000000,0.02348,0.02384,0.02265,0.02291,30985116.0,1748649600000,715966.81839,7959,2025-05-30 23:00:00+00:00
1748649600000,0.02292,0.02301,0.02208,0.02244,19999707.0,1748653200000,452483.26174,5409,2025-05-31 00:00:00+00:00
1748653200000,0.02241,0.0229,0.0222,0.02278,8343816.0,1748656800000,187925.68066,2655,2025-05-31 01:00:00+00:00
1748656800000,0.02276,0.02318,0.02262,0.02299,9595895.0,1748660400000,219912.5038,1435,2025-05-31 02:00:00+00:00
1748660400000,0.023,0.023,0.02256,0.02281,6356853.0,1748664000000,144194.62138,1173,2025-05-31 03:00:00+00:00
1748664000000,0.02282,0.02323,0.02253,0.02314,4000576.0,1748667600000,91716.75496,935,2025-05-31 04:00:00+00:00
1748667600000,0.02313,0.02349,0.02291,0.02336,5505402.0,1748671200000,127352.84295,943,2025-05-31 05:00:00+00:00
1748671200000,0.02333,0.02355,0.02309,0.02334,3013368.0,1748674800000,70190.9181,591,2025-05-31 06:00:00+00:00
1748674800000,0.02335,0.0236,0.02328,0.02344,3143420.0,1748678400000,73708.35813,567,2025-05-31 07:00:00+00:00
1748678400000,0.02343,0.02355,0.02297,0.02318,3822149.0,1748682000000,88983.23194,659,2025-05-31 08:00:00+00:00
1748682000000,0.02315,0.02318,0.02276,0.02304,4857827.0,1748685600000,111755.42476,800,2025-05-31 09:00:00+00:00
1748685600000,0.02302,0.02311,0.0227,0.02285,3322913.0,1748689200000,76144.40795,684,2025-05-31 10:00:00+00:00
1748689200000,0.02286,0.02287,0.02251,0.02257,3406368.0,1748692800000,77021.78316,821,2025-05-31 11:00:00+00:00
1748692800000,0.02253,0.02302,0.02252,0.02302,4098783.0,1748696400000,93505.2964,958,2025-05-31 12:00:00+00:00
1748696400000,0.02301,0.02326,0.0223,0.0225,9110932.0,1748700000000,206793.61927,1304,2025-05-31 13:00:00+00:00
1748700000000,0.02252,0.02292,0.02251,0.02268,3974896.0,1748703600000,90372.8322,719,2025-05-31 14:00:00+00:00
1748703600000,0.02266,0.02287,0.02258,0.02268,3315551.0,1748707200000,75212.39452,605,2025-05-31 15:00:00+00:00
1748707200000,0.02268,0.02325,0.02258,0.02323,6280654.0,1748710800000,144210.73766,1043,2025-05-31 16:00:00+00:00
1748710800000,0.02322,0.02334,0.02313,0.02323,2709875.0,1748714400000,62972.65221,584,2025-05-31 17:00:00+00:00
1748714400000,0.02315,0.0236,0.02315,0.02347,2474430.0,1748718000000,58003.10098,592,2025-05-31 18:00:00+00:00
1748718000000,0.02349,0.02442,0.02345,0.02433,10618616.0,1748721600000,254560.19445,1831,2025-05-31 19:00:00+00:00
1748721600000,0.0243,0.02494,0.02426,0.02493,6429815.0,1748725200000,157864.38071,1741,2025-05-31 20:00:00+00:00
1748725200000,0.0249,0.02556,0.0249,0.02552,9569506.0,1748728800000,241622.04964,2468,2025-05-31 21:00:00+00:00
1748728800000,0.02556,0.02647,0.02544,0.02626,16485132.0,1748732400000,428773.54767,3605,2025-05-31 22:00:00+00:00
1748732400000,0.02627,0.0269,0.02543,0.02644,36049762.0,1748736000000,947018.02838,6484,2025-05-31 23:00:00+00:00
1748736000000,0.02641,0.02711,0.02616,0.02691,23103192.0,1748739600000,617903.87449,4893,2025-06-01 00:00:00+00:00
1748739600000,0.02689,0.02768,0.02673,0.0275,22964416.0,1748743200000,624105.22178,4739,2025-06-01 01:00:00+00:00
1748743200000,0.02745,0.02851,0.02716,0.02829,25970542.0,1748746800000,726364.28291,6449,2025-06-01 02:00:00+00:00
1748746800000,0.02829,0.02857,0.02769,0.02787,34371916.0,1748750400000,966222.46897,6847,2025-06-01 03:00:00+00:00
1748750400000,0.02788,0.02895,0.0278,0.02832,32595283.0,1748754000000,927412.9079,6709,2025-06-01 04:00:00+00:00
1748754000000,0.02835,0.02882,0.02792,0.02811,25172042.0,1748757600000,712943.12612,5272,2025-06-01 05:00:00+00:00
1748757600000,0.02814,0.0285,0.02794,0.02797,10904658.0,1748761200000,307606.62804,2669,2025-06-01 06:00:00+00:00
1748761200000,0.02797,0.02804,0.02669,0.02721,29927753.0,1748764800000,814596.40105,6691,2025-06-01 07:00:00+00:00
1748764800000,0.0272,0.02728,0.02639,0.02691,15205754.0,1748768400000,407757.30183,3293,2025-06-01 08:00:00+00:00
1748768400000,0.02691,0.02715,0.02661,0.02704,7900288.0,1748772000000,212800.65928,1930,2025-06-01 09:00:00+00:00
1748772000000,0.02707,0.02745,0.02691,0.02704,8722831.0,1748775600000,236826.37041,2005,2025-06-01 10:00:00+00:00
1748775600000,0.02708,0.02752,0.02676,0.02704,10132478.0,1748779200000,275590.43905,1931,2025-06-01 11:00:00+00:00
1748779200000,0.02701,0.0271,0.02661,0.02686,8741731.0,1748782800000,234432.14051,1842,2025-06-01 12:00:00+00:00
1748782800000,0.02685,0.02746,0.02685,0.02709,9673148.0,1748786400000,263060.87439,1949,2025-06-01 13:00:00+00:00
1748786400000,0.02712,0.02767,0.02704,0.02727,7416004.0,1748790000000,203115.12287,1477,2025-06-01 14:00:00+00:00
1748790000000,0.02725,0.02746,0.02693,0.02712,7784737.0,1748793600000,211721.3766,1574,2025-06-01 15:00:00+00:00
1748793600000,0.02711,0.02742,0.02697,0.0271,6268984.0,1748797200000,170453.24733,1552,2025-06-01 16:00:00+00:00
1748797200000,0.02711,0.02741,0.02698,0.02741,5674775.0,1748800800000,154194.25559,1318,2025-06-01 17:00:00+00:00
1748800800000,0.0274,0.02759,0.02716,0.02753,5027346.0,1748804400000,137498.59676,1063,2025-06-01 18:00:00+00:00
1748804400000,0.02754,0.02791,0.02746,0.0278,6883252.0,1748808000000,190900.83352,1431,2025-06-01 19:00:00+00:00
1748808000000,0.0278,0.02823,0.02768,0.02796,7351351.0,1748811600000,205402.79774,1384,2025-06-01 20:00:00+00:00
1748811600000,0.02803,0.02841,0.02793,0.02816,6702391.0,1748815200000,188657.00584,1528,2025-06-01 21:00:00+00:00
1748815200000,0.02815,0.02875,0.02815,0.02866,6561818.0,1748818800000,187515.44592,1942,2025-06-01 22:00:00+00:00
1748818800000,0.02868,0.0297,0.02868,0.02944,15511486.0,1748822400000,454555.23399,4120,2025-06-01 23:00:00+00:00
1748822400000,0.02945,0.02957,0.02822,0.02869,20605656.0,1748826000000,593269.82533,5622,2025-06-02 00:00:00+00:00
1748826000000,0.02869,0.0289,0.02829,0.02829,5458562.0,1748829600000,156047.81238,1933,2025-06-02 01:00:00+00:00
1748829600000,0.02831,0.0288,0.02831,0.02875,5572271.0,1748833200000,159124.62803,2166,2025-06-02 02:00:00+00:00
1748833200000,0.02876,0.02892,0.02853,0.02879,4376473.0,1748836800000,125548.62904,1673,2025-06-02 03:00:00+00:00
1748836800000,0.0288,0.0288,0.0283,0.02836,5654364.0,1748840400000,160989.93368,1600,2025-06-02 04:00:00+00:00
1748840400000,0.02837,0.02857,0.02831,0.02854,3614224.0,1748844000000,102635.59057,1032,2025-06-02 05:00:00+00:00
1748844000000,0.02855,0.02892,0.02849,0.02884,2645923.0,1748847600000,76019.4305,941,2025-06-02 06:00:00+00:00
1748847600000,0.02884,0.02894,0.02858,0.02871,1630964.0,1748851200000,46948.04558,639,2025-06-02 07:00:00+00:00
1748851200000,0.0287,0.02881,0.02836,0.02841,1345179.0,1748854800000,38369.38112,629,2025-06-02 08:00:00+00:00
1748854800000,0.0284,0.02877,0.02831,0.02843,3982602.0,1748858400000,113489.87488,1201,2025-06-02 09:00:00+00:00
1748858400000,0.02843,0.02875,0.02812,0.0287,5880014.0,1748862000000,166604.17345,1193,2025-06-02 10:00:00+00:00
1748862000000,0.0287,0.02876,0.02849,0.02856,2369549.0,1748865600000,67782.33489,802,2025-06-02 11:00:00+00:00
1748865600000,0.02857,0.02862,0.02835,0.02838,1855041.0,1748869200000,52862.0333,691,2025-06-02 12:00:00+00:00
1748869200000,0.0284,0.0285,0.02814,0.02833,4503540.0,1748872800000,127720.80247,1213,2025-06-02 13:00:00+00:00
1748872800000,0.02831,0.02835,0.02817,0.02829,2645804.0,1748876400000,74852.92841,1071,2025-06-02 14:00:00+00:00
1748876400000,0.0283,0.02862,0.02812,0.02816,6162056.0,1748880000000,174652.79566,1336,2025-06-02 15:00:00+00:00
1748880000000,0.02818,0.02838,0.02812,0.02835,1560057.0,1748883600000,44066.38122,678,2025-06-02 16:00:00+00:00
1748883600000,0.02835,0.0289,0.02835,0.02865,3251394.0,1748887200000,93119.6705,1297,2025-06-02 17:00:00+00:00
1748887200000,0.02864,0.02889,0.02858,0.0287,1650616.0,1748890800000,47379.26014,735,2025-06-02 18:00:00+00:00
1748890800000,0.02873,0.02879,0.02834,0.0287,1753837.0,1748894400000,50049.54337,831,2025-06-02 19:00:00+00:00
1748894400000,0.02873,0.02927,0.02867,0.02906,4758080.0,1748898000000,138376.3127,1439,2025-06-02 20:00:00+00:00
1748898000000,0.02905,0.02919,0.02882,0.02902,2338211.0,1748901600000,67817.73811,866,2025-06-02 21:00:00+00:00
1748901600000,0.02905,0.02918,0.0289,0.02907,1914256.0,1748905200000,55628.29622,731,2025-06-02 22:00:00+00:00
1748905200000,0.02906,0.02909,0.02879,0.02881,1175007.0,1748908800000,34019.12736,485,2025-06-02 23:00:00+00:00
1748908800000,0.02882,0.0295,0.02878,0.02941,4369422.0,1748912400000,127401.22588,1388,2025-06-03 00:00:00+00:00
1748912400000,0.02942,0.02987,0.02942,0.02966,2774350.0,1748916000000,82391.59631,1137,2025-06-03 01:00:00+00:00
1748916000000,0.02967,0.02975,0.02907,0.02924,2771316.0,1748919600000,81301.36391,982,2025-06-03 02:00:00+00:00
1748919600000,0.02921,0.02942,0.029,0.02936,3133044.0,1748923200000,91228.81712,606,2025-06-03 03:00:00+00:00
1748923200000,0.02937,0.0294,0.029,0.02923,1448055.0,1748926800000,42199.71241,831,2025-06-03 04:00:00+00:00
1748926800000,0.02924,0.02949,0.02919,0.02934,1192129.0,1748930400000,35021.45816,658,2025-06-03 05:00:00+00:00
1748930400000,0.02932,0.02941,0.029,0.02928,3223962.0,1748934000000,94011.81136,739,2025-06-03 06:00:00+00:00
1748934000000,0.02928,0.02945,0.02908,0.02923,2858082.0,1748937600000,83618.26192,1052,2025-06-03 07:00:00+00:00
1748937600000,0.02924,0.02931,0.029,0.02909,2794664.0,1748941200000,81312.35806,733,2025-06-03 08:00:00+00:00
1748941200000,0.0291,0.02926,0.029,0.02925,990982.0,1748944800000,28883.82237,394,2025-06-03 09:00:00+00:00
1748944800000,0.02923,0.02937,0.02912,0.02918,1424129.0,1748948400000,41650.53789,586,2025-06-03 10:00:00+00:00
1748948400000,0.02918,0.02925,0.029,0.0291,1426530.0,1748952000000,41471.62671,642,2025-06-03 11:00:00+00:00
1748952000000,0.0291,0.02924,0.02901,0.02908,2491042.0,1748955600000,72525.37811,779,2025-06-03 12:00:00+00:00
1748955600000,0.0291,0.02933,0.02906,0.02912,2057132.0,1748959200000,60065.43765,728,2025-06-03 13:00:00+00:00
1748959200000,0.02915,0.02945,0.02905,0.02943,1835992.0,1748962800000,53744.62454,715,2025-06-03 14:00:00+00:00
1748962800000,0.02943,0.02949,0.02919,0.02929,2161884.0,1748966400000,63355.958,805,2025-06-03 15:00:00+00:00
1748966400000,0.0293,0.02931,0.02883,0.02891,4840935.0,1748970000000,140516.375,866,2025-06-03 16:00:00+00:00
1748970000000,0.02885,0.02903,0.02875,0.02889,2893881.0,1748973600000,83502.56828,1074,2025-06-03 17:00:00+00:00
1748973600000,0.0289,0.02894,0.02872,0.02885,1780669.0,1748977200000,51277.85795,602,2025-06-03 18:00:00+00:00
1748977200000,0.02886,0.02893,0.02873,0.02885,733347.0,1748980800000,21138.35134,431,2025-06-03 19:00:00+00:00
1748980800000,0.02886,0.02889,0.0286,0.02871,3472611.0,1748984400000,99710.37137,1011,2025-06-03 20:00:00+00:00
1748984400000,0.02872,0.02877,0.0286,0.02867,1648200.0,1748988000000,47200.75595,386,2025-06-03 21:00:00+00:00
1748988000000,0.02868,0.02914,0.02864,0.029,1888796.0,1748991600000,54727.51655,866,2025-06-03 22:00:00+00:00
1748991600000,0.029,0.02914,0.02894,0.029,887985.0,1748995200000,25781.0773,342,2025-06-03 23:00:00+00:00
1748995200000,0.02899,0.02922,0.02881,0.02902,1005345.0,1748998800000,29192.20244,526,2025-06-04 00:00:00+00:00
1748998800000,0.02902,0.02908,0.02882,0.02882,841551.0,1749002400000,24371.69108,371,2025-06-04 01:00:00+00:00
1749002400000,0.02884,0.02896,0.02863,0.02869,1238318.0,1749006000000,35625.48559,604,2025-06-04 02:00:00+00:00
1749006000000,0.02867,0.02895,0.02867,0.02885,924061.0,1749009600000,26642.98376,432,2025-06-04 03:00:00+00:00
1749009600000,0.02884,0.02896,0.02881,0.02888,411560.0,1749013200000,11894.58779,269,2025-06-04 04:00:00+00:00
1749013200000,0.0289,0.02899,0.02865,0.0287,1343795.0,1749016800000,38690.90147,533,2025-06-04 05:00:00+00:00
1749016800000,0.02872,0.02877,0.0286,0.02868,2186778.0,1749020400000,62631.09126,499,2025-06-04 06:00:00+00:00
1749020400000,0.02867,0.02871,0.0286,0.02865,3463320.0,1749024000000,99089.35979,473,2025-06-04 07:00:00+00:00
1749024000000,0.02864,0.02904,0.02861,0.02874,1655345.0,1749027600000,47712.8589,477,2025-06-04 08:00:00+00:00
1749027600000,0.02875,0.02882,0.02851,0.02879,2586097.0,1749031200000,74033.87438,681,2025-06-04 09:00:00+00:00
1749031200000,0.02877,0.02888,0.02871,0.02871,579700.0,1749034800000,16700.68025,315,2025-06-04 10:00:00+00:00
1749034800000,0.02868,0.02878,0.02838,0.0284,1728531.0,1749038400000,49317.28656,579,2025-06-04 11:00:00+00:00
1749038400000,0.0284,0.02861,0.02836,0.02841,2304305.0,1749042000000,65498.22103,746,2025-06-04 12:00:00+00:00
1749042000000,0.02844,0.02861,0.02831,0.02853,1213651.0,1749045600000,34467.82555,539,2025-06-04 13:00:00+00:00
1749045600000,0.02853,0.0286,0.02831,0.0286,2085102.0,1749049200000,59266.84391,769,2025-06-04 14:00:00+00:00
1749049200000,0.02859,0.02919,0.02854,0.0289,3340397.0,1749052800000,96451.18022,1279,2025-06-04 15:00:00+00:00
1749052800000,0.0289,0.02905,0.02878,0.02882,1219432.0,1749056400000,35242.4847,604,2025-06-04 16:00:00+00:00
1749056400000,0.02882,0.02883,0.02835,0.0286,1931816.0,1749060000000,55209.54063,785,2025-06-04 17:00:00+00:00
1749060000000,0.0286,0.029,0.0286,0.02889,976260.0,1749063600000,28140.12082,567,2025-06-04 18:00:00+00:00
1749063600000,0.0289,0.02894,0.02877,0.02887,1512424.0,1749067200000,43652.03557,716,2025-06-04 19:00:00+00:00
1749067200000,0.02886,0.02893,0.02845,0.02857,1339724.0,1749070800000,38410.59785,741,2025-06-04 20:00:00+00:00
1749070800000,0.02855,0.02899,0.02848,0.02878,2234867.0,1749074400000,64462.06631,433,2025-06-04 21:00:00+00:00
1749074400000,0.02875,0.02887,0.02858,0.02861,887820.0,1749078000000,25504.20162,276,2025-06-04 22:00:00+00:00
1749078000000,0.02862,0.02864,0.02835,0.02838,1043262.0,1749081600000,29659.96607,360,2025-06-04 23:00:00+00:00
1749081600000,0.02836,0.02859,0.02833,0.02853,1602508.0,1749085200000,45480.16225,262,2025-06-05 00:00:00+00:00
1749085200000,0.02856,0.02872,0.02849,0.02856,359470.0,1749088800000,10289.13186,232,2025-06-05 01:00:00+00:00
1749088800000,0.02857,0.02915,0.02854,0.02882,1650894.0,1749092400000,47826.06359,682,2025-06-05 02:00:00+00:00
1749092400000,0.0288,0.02901,0.02867,0.02879,2062802.0,1749096000000,59445.39812,545,2025-06-05 03:00:00+00:00
1749096000000,0.02879,0.02883,0.02837,0.02848,968788.0,1749099600000,27704.21135,342,2025-06-05 04:00:00+00:00
1749099600000,0.02846,0.02861,0.02836,0.02851,3132126.0,1749103200000,89175.73952,764,2025-06-05 05:00:00+00:00
1749103200000,0.0285,0.02858,0.02832,0.02846,1887414.0,1749106800000,53739.20098,556,2025-06-05 06:00:00+00:00
1749106800000,0.02843,0.0286,0.02835,0.02844,1705084.0,1749110400000,48570.17868,410,2025-06-05 07:00:00+00:00
1749110400000,0.02844,0.02849,0.02834,0.02837,1328259.0,1749114000000,37740.71079,355,2025-06-05 08:00:00+00:00
1749114000000,0.02838,0.02856,0.02837,0.02855,1400178.0,1749117600000,39863.07793,296,2025-06-05 09:00:00+00:00
1749117600000,0.02853,0.02859,0.02835,0.0284,1408309.0,1749121200000,40114.9166,329,2025-06-05 10:00:00+00:00
1749121200000,0.0284,0.02853,0.02839,0.02847,1029939.0,1749124800000,29326.16762,290,2025-06-05 11:00:00+00:00
1749124800000,0.02845,0.02896,0.02844,0.02889,4006720.0,1749128400000,115256.65338,972,2025-06-05 12:00:00+00:00
1749128400000,0.02889,0.02899,0.02845,0.02848,3270664.0,1749132000000,94037.21837,622,2025-06-05 13:00:00+00:00
1749132000000,0.02848,0.02885,0.02839,0.02881,3394624.0,1749135600000,96899.57512,827,2025-06-05 14:00:00+00:00
1749135600000,0.0288,0.02898,0.02852,0.02853,4583250.0,1749139200000,131923.85843,926,2025-06-05 15:00:00+00:00
1749139200000,0.02853,0.02857,0.0283,0.02832,5534418.0,1749142800000,156871.64728,992,2025-06-05 16:00:00+00:00
1749142800000,0.02832,0.02839,0.0278,0.02795,7210325.0,1749146400000,203116.38059,1021,2025-06-05 17:00:00+00:00
1749146400000,0.02794,0.02799,0.02758,0.02765,3552413.0,1749150000000,98375.34404,842,2025-06-05 18:00:00+00:00
1749150000000,0.02763,0.02763,0.02703,0.02721,5337810.0,1749153600000,145773.81295,1269,2025-06-05 19:00:00+00:00
1749153600000,0.02727,0.02729,0.0266,0.02682,6667771.0,1749157200000,179064.37195,1364,2025-06-05 20:00:00+00:00
1749157200000,0.02682,0.02761,0.02678,0.02757,6143166.0,1749160800000,166615.41885,1108,2025-06-05 21:00:00+00:00
1749160800000,0.02756,0.02779,0.02724,0.02759,2255543.0,1749164400000,62068.30423,789,2025-06-05 22:00:00+00:00
1749164400000,0.0276,0.02762,0.02732,0.02733,922946.0,1749168000000,25369.99862,323,2025-06-05 23:00:00+00:00
1749168000000,0.02734,0.0277,0.0273,0.02759,3706240.0,1749171600000,102064.43951,648,2025-06-06 00:00:00+00:00
1749171600000,0.0276,0.0276,0.02737,0.02745,1220158.0,1749175200000,33528.02726,251,2025-06-06 01:00:00+00:00
1749175200000,0.02746,0.02746,0.02729,0.02736,1121543.0,1749178800000,30682.33979,355,2025-06-06 02:00:00+00:00
1749178800000,0.02738,0.02744,0.02714,0.02732,2119508.0,1749182400000,57852.45334,523,2025-06-06 03:00:00+00:00
1749182400000,0.02733,0.02752,0.02726,0.02736,2067773.0,1749186000000,56572.3487,379,2025-06-06 04:00:00+00:00
1749186000000,0.02735,0.02753,0.02734,0.02753,559797.0,1749189600000,15339.03287,173,2025-06-06 05:00:00+00:00
1749189600000,0.02751,0.02794,0.02746,0.02789,2089516.0,1749193200000,57889.30941,471,2025-06-06 06:00:00+00:00
1749193200000,0.0279,0.02791,0.0277,0.02775,833158.0,1749196800000,23176.14471,234,2025-06-06 07:00:00+00:00
1749196800000,0.02776,0.02793,0.02767,0.02767,1226252.0,1749200400000,34092.46975,288,2025-06-06 08:00:00+00:00
1749200400000,0.02767,0.02773,0.02758,0.02772,1094929.0,1749204000000,30284.4871,224,2025-06-06 09:00:00+00:00
1749204000000,0.02772,0.02783,0.0274,0.02749,1899044.0,1749207600000,52323.95444,507,2025-06-06 10:00:00+00:00
1749207600000,0.0275,0.02785,0.02749,0.02776,2185915.0,1749211200000,60572.10569,447,2025-06-06 11:00:00+00:00
1749211200000,0.02776,0.02829,0.02774,0.02807,4766975.0,1749214800000,133943.81844,1152,2025-06-06 12:00:00+00:00
1749214800000,0.02808,0.02856,0.02806,0.02851,5445231.0,1749218400000,154540.08663,1015,2025-06-06 13:00:00+00:00
1749218400000,0.02851,0.02858,0.02835,0.02842,3240377.0,1749222000000,92222.97296,687,2025-06-06 14:00:00+00:00
1749222000000,0.02843,0.02848,0.02795,0.02812,3365373.0,1749225600000,94843.56672,653,2025-06-06 15:00:00+00:00
1749225600000,0.02812,0.02823,0.02773,0.02777,1507726.0,1749229200000,42269.31973,393,2025-06-06 16:00:00+00:00
1749229200000,0.02775,0.02777,0.02747,0.02762,1479005.0,1749232800000,40832.442,441,2025-06-06 17:00:00+00:00
1749232800000,0.02759,0.0276,0.02738,0.02744,1596939.0,1749236400000,43818.45578,437,2025-06-06 18:00:00+00:00
1749236400000,0.02742,0.02756,0.02736,0.02753,986539.0,1749240000000,27086.7966,336,2025-06-06 19:00:00+00:00
1749240000000,0.02751,0.0276,0.02736,0.02744,1737051.0,1749243600000,47741.39708,401,2025-06-06 20:00:00+00:00
1749243600000,0.02743,0.02746,0.02732,0.02734,652437.0,1749247200000,17867.37523,172,2025-06-06 21:00:00+00:00
1749247200000,0.02732,0.02732,0.02713,0.02729,1241981.0,1749250800000,33814.40943,355,2025-06-06 22:00:00+00:00
1749250800000,0.02728,0.02735,0.02719,0.02727,492081.0,1749254400000,13424.74604,147,2025-06-06 23:00:00+00:00
1749254400000,0.02727,0.0275,0.02719,0.0275,877469.0,1749258000000,24023.1542,216,2025-06-07 00:00:00+00:00
1749258000000,0.0275,0.02775,0.02735,0.02764,2957022.0,1749261600000,81708.60506,704,2025-06-07 01:00:00+00:00
1749261600000,0.02761,0.0278,0.02759,0.0278,1058509.0,1749265200000,29346.93248,323,2025-06-07 02:00:00+00:00
1749265200000,0.02779,0.02789,0.02773,0.02778,996057.0,1749268800000,27693.04799,288,2025-06-07 03:00:00+00:00
1749268800000,0.02779,0.02782,0.02771,0.02779,279829.0,1749272400000,7769.98839,104,2025-06-07 04:00:00+00:00
1749272400000,0.02779,0.02783,0.02775,0.02781,571232.0,1749276000000,15868.60582,132,2025-06-07 05:00:00+00:00
1749276000000,0.02782,0.02788,0.02775,0.02788,989848.0,1749279600000,27520.53311,230,2025-06-07 06:00:00+00:00
1749279600000,0.02788,0.02808,0.02783,0.02807,935943.0,1749283200000,26161.33857,255,2025-06-07 07:00:00+00:00
1749283200000,0.02808,0.02811,0.02793,0.02795,2445484.0,1749286800000,68490.47279,553,2025-06-07 08:00:00+00:00
1749286800000,0.02794,0.028,0.0278,0.02783,1298702.0,1749290400000,36265.81936,258,2025-06-07 09:00:00+00:00
1749290400000,0.02785,0.02804,0.02784,0.02804,975553.0,1749294000000,27272.83707,273,2025-06-07 10:00:00+00:00
1749294000000,0.02803,0.02803,0.02792,0.02796,653424.0,1749297600000,18281.35527,198,2025-06-07 11:00:00+00:00
1749297600000,0.02796,0.02811,0.02794,0.02794,1148316.0,1749301200000,32191.223,323,2025-06-07 12:00:00+00:00
1749301200000,0.02794,0.02796,0.02785,0.02786,690063.0,1749304800000,19263.91732,199,2025-06-07 13:00:00+00:00
1749304800000,0.02786,0.02796,0.02783,0.02783,631265.0,1749308400000,17612.57535,232,2025-06-07 14:00:00+00:00
1749308400000,0.02783,0.02783,0.02753,0.0277,2197286.0,1749312000000,60762.77879,585,2025-06-07 15:00:00+00:00
1749312000000,0.02769,0.02795,0.02766,0.02784,1872188.0,1749315600000,52094.96215,650,2025-06-07 16:00:00+00:00
1749315600000,0.02784,0.02795,0.02767,0.02769,778627.0,1749319200000,21650.41175,204,2025-06-07 17:00:00+00:00
1749319200000,0.02769,0.02797,0.02769,0.02793,1969212.0,1749322800000,54848.07171,542,2025-06-07 18:00:00+00:00
1749322800000,0.02793,0.02797,0.02779,0.02781,589357.0,1749326400000,16431.37602,191,2025-06-07 19:00:00+00:00
1749326400000,0.0278,0.02788,0.02771,0.02774,550146.0,1749330000000,15289.55857,149,2025-06-07 20:00:00+00:00
1749330000000,0.02776,0.02781,0.02774,0.02776,324849.0,1749333600000,9021.94661,133,2025-06-07 21:00:00+00:00
1749333600000,0.0278,0.02814,0.02775,0.02813,1214956.0,1749337200000,34001.03279,375,2025-06-07 22:00:00+00:00
1749337200000,0.02814,0.02828,0.0281,0.02824,2151512.0,1749340800000,60676.27069,508,2025-06-07 23:00:00+00:00
1749340800000,0.02823,0.02835,0.0281,0.02834,1994625.0,1749344400000,56364.98918,504,2025-06-08 00:00:00+00:00
1749344400000,0.02834,0.02851,0.02823,0.02832,2276286.0,1749348000000,64567.90603,602,2025-06-08 01:00:00+00:00
1749348000000,0.02834,0.0285,0.02828,0.0284,1030680.0,1749351600000,29266.54928,277,2025-06-08 02:00:00+00:00
1749351600000,0.02839,0.02848,0.02836,0.02844,1880152.0,1749355200000,53448.05015,400,2025-06-08 03:00:00+00:00
1749355200000,0.02845,0.02908,0.0284,0.02908,2834448.0,1749358800000,81500.96291,798,2025-06-08 04:00:00+00:00
1749358800000,0.02908,0.02912,0.02876,0.02886,5960203.0,1749362400000,172539.76179,1494,2025-06-08 05:00:00+00:00
1749362400000,0.02887,0.02915,0.02881,0.02908,4777063.0,1749366000000,138440.48047,1335,2025-06-08 06:00:00+00:00
1749366000000,0.02908,0.02936,0.02903,0.02921,7112588.0,1749369600000,207766.72069,1625,2025-06-08 07:00:00+00:00
1749369600000,0.02923,0.02943,0.02898,0.02914,5004729.0,1749373200000,146241.19093,1225,2025-06-08 08:00:00+00:00
1749373200000,0.02914,0.02954,0.02911,0.02945,7152188.0,1749376800000,209600.76826,1921,2025-06-08 09:00:00+00:00
1749376800000,0.02945,0.02972,0.02936,0.02965,7215932.0,1749380400000,213309.67328,1839,2025-06-08 10:00:00+00:00
1749380400000,0.02964,0.03053,0.02964,0.03023,29490820.0,1749384000000,889924.9759,4793,2025-06-08 11:00:00+00:00
1749384000000,0.03025,0.03038,0.02996,0.03017,10328490.0,1749387600000,311196.80426,2139,2025-06-08 12:00:00+00:00
1749387600000,0.03017,0.03017,0.02968,0.03004,9705438.0,1749391200000,290484.6695,2221,2025-06-08 13:00:00+00:00
1749391200000,0.03003,0.03035,0.02996,0.02996,7503467.0,1749394800000,226366.06468,1884,2025-06-08 14:00:00+00:00
1749394800000,0.02997,0.03039,0.02997,0.03035,8727168.0,1749398400000,263881.6347,1956,2025-06-08 15:00:00+00:00
1749398400000,0.03036,0.03048,0.03014,0.03027,8265391.0,1749402000000,250584.95349,1757,2025-06-08 16:00:00+00:00
1749402000000,0.03026,0.03037,0.03015,0.0303,5093678.0,1749405600000,154232.14536,1271,2025-06-08 17:00:00+00:00
1749405600000,0.03029,0.03081,0.03019,0.03066,6000192.0,1749409200000,182692.6676,1770,2025-06-08 18:00:00+00:00
1749409200000,0.03066,0.03126,0.03057,0.03108,9900724.0,1749412800000,305699.93878,2408,2025-06-08 19:00:00+00:00
1749412800000,0.03108,0.03167,0.03108,0.03153,14458952.0,1749416400000,453852.82319,3341,2025-06-08 20:00:00+00:00
1749416400000,0.03153,0.0319,0.03127,0.03177,12228501.0,1749420000000,386138.37159,3307,2025-06-08 21:00:00+00:00
1749420000000,0.03177,0.0318,0.03128,0.03147,10182494.0,1749423600000,320540.29281,2797,2025-06-08 22:00:00+00:00
1749423600000,0.03148,0.03179,0.03143,0.03166,6314824.0,1749427200000,199583.16763,2078,2025-06-08 23:00:00+00:00
1749427200000,0.03166,0.03177,0.03127,0.0314,8280485.0,1749430800000,260790.273,2205,2025-06-09 00:00:00+00:00
1749430800000,0.03138,0.03141,0.03091,0.03111,6154709.0,1749434400000,191381.66455,1953,2025-06-09 01:00:00+00:00
1749434400000,0.03111,0.03134,0.03094,0.03099,4159459.0,1749438000000,129340.84836,1315,2025-06-09 02:00:00+00:00
1749438000000,0.031,0.03127,0.03082,0.03126,5025300.0,1749441600000,156010.92034,1633,2025-06-09 03:00:00+00:00
1749441600000,0.03126,0.03132,0.03098,0.03117,5204011.0,1749445200000,162084.25664,1451,2025-06-09 04:00:00+00:00
1749445200000,0.03118,0.03142,0.03087,0.03134,13639705.0,1749448800000,424205.19292,2226,2025-06-09 05:00:00+00:00
1749448800000,0.03134,0.03145,0.03092,0.03113,6473088.0,1749452400000,202007.65178,1684,2025-06-09 06:00:00+00:00
1749452400000,0.03112,0.03137,0.03104,0.03133,3880388.0,1749456000000,121048.96743,1295,2025-06-09 07:00:00+00:00
1749456000000,0.03131,0.03138,0.03101,0.03113,4074780.0,1749459600000,126889.31357,1084,2025-06-09 08:00:00+00:00
1749459600000,0.03111,0.03146,0.031,0.03117,11106661.0,1749463200000,345915.98333,2160,2025-06-09 09:00:00+00:00
1749463200000,0.03117,0.03145,0.03105,0.03139,4629758.0,1749466800000,144894.50978,1319,2025-06-09 10:00:00+00:00
1749466800000,0.03139,0.03185,0.03124,0.03134,8077784.0,1749470400000,254971.33129,1935,2025-06-09 11:00:00+00:00
1749470400000,0.03134,0.03155,0.03115,0.03148,6956818.0,1749474000000,218152.24151,1794,2025-06-09 12:00:00+00:00
1749474000000,0.03149,0.03266,0.02881,0.03002,59714563.0,1749477600000,1836815.18578,15602,2025-06-09 13:00:00+00:00
1749477600000,0.03001,0.03009,0.02885,0.02925,29200559.0,1749481200000,856466.73611,7962,2025-06-09 14:00:00+00:00
1749481200000,0.02925,0.02942,0.02887,0.02889,5248742.0,1749484800000,152903.82228,2049,2025-06-09 15:00:00+00:00
1749484800000,0.02889,0.02973,0.02872,0.02962,10944990.0,1749488400000,320077.29202,2906,2025-06-09 16:00:00+00:00
1749488400000,0.02964,0.03114,0.02964,0.03038,17169526.0,1749492000000,524772.54137,4586,2025-06-09 17:00:00+00:00
1749492000000,0.03037,0.03069,0.02995,0.03058,9316690.0,1749495600000,282512.77486,3203,2025-06-09 18:00:00+00:00
1749495600000,0.03059,0.03111,0.03047,0.03089,3755507.0,1749499200000,115958.84301,1433,2025-06-09 19:00:00+00:00
1749499200000,0.03089,0.03141,0.0306,0.03087,9988945.0,1749502800000,308965.47705,2882,2025-06-09 20:00:00+00:00
1749502800000,0.03086,0.03184,0.03083,0.03143,5557889.0,1749506400000,174223.57237,2013,2025-06-09 21:00:00+00:00
1749506400000,0.03145,0.03177,0.03138,0.03165,4850421.0,1749510000000,153102.63823,1815,2025-06-09 22:00:00+00:00
1749510000000,0.03165,0.03175,0.03141,0.03165,2901466.0,1749513600000,91551.36854,1090,2025-06-09 23:00:00+00:00
1749513600000,0.03164,0.03213,0.03163,0.03198,3480229.0,1749517200000,111094.51092,1726,2025-06-10 00:00:00+00:00
1749517200000,0.03198,0.03205,0.0315,0.03166,3538158.0,1749520800000,112123.57482,1184,2025-06-10 01:00:00+00:00
1749520800000,0.03165,0.03165,0.03134,0.03148,2819377.0,1749524400000,88716.69788,1270,2025-06-10 02:00:00+00:00
1749524400000,0.03148,0.03148,0.03112,0.03135,3036779.0,1749528000000,95004.55971,1178,2025-06-10 03:00:00+00:00
1749528000000,0.03136,0.03158,0.03123,0.03138,5242197.0,1749531600000,164429.02774,1696,2025-06-10 04:00:00+00:00
1749531600000,0.03139,0.0314,0.02999,0.03033,32626227.0,1749535200000,996366.49125,8433,2025-06-10 05:00:00+00:00
1749535200000,0.03032,0.03068,0.03016,0.03049,3894333.0,1749538800000,118561.06733,1828,2025-06-10 06:00:00+00:00
1749538800000,0.03047,0.03064,0.03032,0.03044,3454586.0,1749542400000,105343.66417,1598,2025-06-10 07:00:00+00:00
1749542400000,0.03044,0.0305,0.03007,0.03012,3864871.0,1749546000000,117202.10983,1490,2025-06-10 08:00:00+00:00
1749546000000,0.0301,0.03052,0.03009,0.03036,4081026.0,1749549600000,123748.3417,1586,2025-06-10 09:00:00+00:00
1749549600000,0.03036,0.0305,0.03,0.03026,5202230.0,1749553200000,157220.7836,1294,2025-06-10 10:00:00+00:00
1749553200000,0.03024,0.03087,0.03016,0.03075,4907503.0,1749556800000,150151.50681,1924,2025-06-10 11:00:00+00:00
1749556800000,0.03076,0.03102,0.03064,0.031,3483369.0,1749560400000,107329.37873,1136,2025-06-10 12:00:00+00:00
1749560400000,0.031,0.03119,0.03074,0.0309,5168720.0,1749564000000,159976.17892,2020,2025-06-10 13:00:00+00:00
1749564000000,0.03092,0.03107,0.03066,0.03075,3608829.0,1749567600000,111376.86972,1903,2025-06-10 14:00:00+00:00
1749567600000,0.03073,0.03102,0.03064,0.031,3206277.0,1749571200000,98969.86375,1799,2025-06-10 15:00:00+00:00
1749571200000,0.03101,0.03101,0.03077,0.03088,1180227.0,1749574800000,36463.88916,617,2025-06-10 16:00:00+00:00
1749574800000,0.03085,0.03091,0.03023,0.03039,4347957.0,1749578400000,132754.06517,1606,2025-06-10 17:00:00+00:00
1749578400000,0.03042,0.03113,0.03041,0.03112,3178947.0,1749582000000,97782.6475,2091,2025-06-10 18:00:00+00:00
1749582000000,0.03112,0.03179,0.03108,0.03169,7035406.0,1749585600000,221158.08867,2904,2025-06-10 19:00:00+00:00
1749585600000,0.03169,0.03187,0.03157,0.03181,3188831.0,1749589200000,101223.59641,1533,2025-06-10 20:00:00+00:00
1749589200000,0.03181,0.03186,0.03145,0.03148,1442613.0,1749592800000,45675.50005,675,2025-06-10 21:00:00+00:00
1749592800000,0.03148,0.0319,0.03148,0.03182,1043498.0,1749596400000,33122.92656,559,2025-06-10 22:00:00+00:00
1749596400000,0.03182,0.03182,0.03136,0.03145,2550098.0,1749600000000,80380.61965,937,2025-06-10 23:00:00+00:00
1749600000000,0.03143,0.03171,0.03141,0.03162,3008679.0,1749603600000,95078.95853,1012,2025-06-11 00:00:00+00:00
1749603600000,0.03162,0.03194,0.03146,0.03194,2518489.0,1749607200000,79962.2132,1109,2025-06-11 01:00:00+00:00
1749607200000,0.03194,0.03246,0.03194,0.03215,3790324.0,1749610800000,122084.67833,1944,2025-06-11 02:00:00+00:00
1749610800000,0.03215,0.03258,0.03214,0.03248,3342523.0,1749614400000,108351.59739,1403,2025-06-11 03:00:00+00:00
1749614400000,0.03248,0.03252,0.03168,0.03206,5483101.0,1749618000000,176015.53585,2024,2025-06-11 04:00:00+00:00
1749618000000,0.03209,0.03246,0.03209,0.03235,2211874.0,1749621600000,71567.11849,930,2025-06-11 05:00:00+00:00
1749621600000,0.03235,0.03312,0.03224,0.03293,6440281.0,1749625200000,211275.95858,2250,2025-06-11 06:00:00+00:00
1749625200000,0.03292,0.033,0.0327,0.03286,3481977.0,1749628800000,114338.25448,1524,2025-06-11 07:00:00+00:00
1749628800000,0.03285,0.0333,0.03275,0.03305,4809335.0,1749632400000,158731.64438,1740,2025-06-11 08:00:00+00:00
1749632400000,0.03304,0.03347,0.03184,0.03206,13400796.0,1749636000000,438003.88565,4475,2025-06-11 09:00:00+00:00
1749636000000,0.03203,0.03213,0.03156,0.03196,6466315.0,1749639600000,205922.86159,2381,2025-06-11 10:00:00+00:00
1749639600000,0.03196,0.03222,0.03186,0.03215,1711070.0,1749643200000,54806.37748,862,2025-06-11 11:00:00+00:00
1749643200000,0.03217,0.0327,0.03208,0.03255,4853315.0,1749646800000,157425.18815,2395,2025-06-11 12:00:00+00:00
1749646800000,0.03255,0.03272,0.03235,0.0326,2059066.0,1749650400000,67009.89128,1220,2025-06-11 13:00:00+00:00
1749650400000,0.03261,0.03292,0.03256,0.03258,4377055.0,1749654000000,143233.47022,1563,2025-06-11 14:00:00+00:00
1749654000000,0.03257,0.03285,0.03254,0.03261,2944387.0,1749657600000,96365.05147,916,2025-06-11 15:00:00+00:00
1749657600000,0.03259,0.0326,0.03218,0.03219,1418306.0,1749661200000,45952.08908,561,2025-06-11 16:00:00+00:00
1749661200000,0.0322,0.03222,0.03197,0.03198,1324640.0,1749664800000,42547.74596,445,2025-06-11 17:00:00+00:00
1749664800000,0.03198,0.03204,0.03171,0.03198,1750187.0,1749668400000,55871.26117,563,2025-06-11 18:00:00+00:00
1749668400000,0.03198,0.03218,0.03184,0.03217,2105463.0,1749672000000,67415.61142,714,2025-06-11 19:00:00+00:00
1749672000000,0.03216,0.03216,0.03185,0.03196,2197487.0,1749675600000,70236.30138,597,2025-06-11 20:00:00+00:00
1749675600000,0.032,0.03216,0.03125,0.03138,1566696.0,1749679200000,49604.84899,611,2025-06-11 21:00:00+00:00
1749679200000,0.03134,0.03141,0.03081,0.03098,2983245.0,1749682800000,92736.72054,1232,2025-06-11 22:00:00+00:00
1749682800000,0.03097,0.03159,0.03095,0.0315,2401013.0,1749686400000,75184.61305,861,2025-06-11 23:00:00+00:00
1749686400000,0.03149,0.03149,0.03115,0.03136,1464172.0,1749690000000,45838.01038,502,2025-06-12 00:00:00+00:00
1749690000000,0.03134,0.03147,0.03113,0.03143,926223.0,1749693600000,28970.77664,450,2025-06-12 01:00:00+00:00
1749693600000,0.03142,0.03146,0.03103,0.03105,2201260.0,1749697200000,68826.17781,747,2025-06-12 02:00:00+00:00
1749697200000,0.03104,0.03106,0.03059,0.03076,2497657.0,1749700800000,76917.90855,796,2025-06-12 03:00:00+00:00
1749700800000,0.03077,0.03114,0.0307,0.03111,1837579.0,1749704400000,56834.55869,678,2025-06-12 04:00:00+00:00
1749704400000,0.0311,0.03146,0.03095,0.0314,1408616.0,1749708000000,44040.57596,647,2025-06-12 05:00:00+00:00
1749708000000,0.03136,0.03141,0.03093,0.03125,4997734.0,1749711600000,155788.51587,3016,2025-06-12 06:00:00+00:00
1749711600000,0.03124,0.03137,0.031,0.03127,3492952.0,1749715200000,108885.5362,1980,2025-06-12 07:00:00+00:00
1749715200000,0.03127,0.03127,0.03093,0.03115,3374840.0,1749718800000,104772.11016,2569,2025-06-12 08:00:00+00:00
1749718800000,0.03114,0.03124,0.03102,0.03105,1237891.0,1749722400000,38520.2866,716,2025-06-12 09:00:00+00:00
1749722400000,0.03105,0.03118,0.03097,0.03105,827041.0,1749726000000,25698.53064,500,2025-06-12 10:00:00+00:00
1749726000000,0.03104,0.0311,0.03088,0.0309,1220399.0,1749729600000,37839.09842,479,2025-06-12 11:00:00+00:00
1749729600000,0.03091,0.03112,0.03062,0.0309,1583195.0,1749733200000,48900.59788,749,2025-06-12 12:00:00+00:00
1749733200000,0.0309,0.03129,0.0308,0.03106,2479583.0,1749736800000,77102.89822,839,2025-06-12 13:00:00+00:00
1749736800000,0.03107,0.03115,0.03068,0.03074,5076824.0,1749740400000,156903.25366,1287,2025-06-12 14:00:00+00:00
1749740400000,0.03075,0.03075,0.03036,0.03052,2633374.0,1749744000000,80397.15995,1097,2025-06-12 15:00:00+00:00
1749744000000,0.03051,0.0306,0.03036,0.03036,1313932.0,1749747600000,40023.61829,664,2025-06-12 16:00:00+00:00
1749747600000,0.03035,0.03054,0.03027,0.0303,975792.0,1749751200000,29657.86859,492,2025-06-12 17:00:00+00:00
1749751200000,0.03029,0.03037,0.02985,0.03012,2374138.0,1749754800000,71499.26051,1045,2025-06-12 18:00:00+00:00
1749754800000,0.03011,0.03014,0.02952,0.02964,3931973.0,1749758400000,116942.8453,1449,2025-06-12 19:00:00+00:00
1749758400000,0.02963,0.03,0.02952,0.02968,4210382.0,1749762000000,125412.8439,2859,2025-06-12 20:00:00+00:00
1749762000000,0.02967,0.03015,0.0294,0.03014,6334440.0,1749765600000,188438.28023,2630,2025-06-12 21:00:00+00:00
1749765600000,0.03014,0.03032,0.02983,0.03017,5698749.0,1749769200000,171743.70877,3134,2025-06-12 22:00:00+00:00
1749769200000,0.03016,0.03075,0.03009,0.03038,6887182.0,1749772800000,209390.93693,3337,2025-06-12 23:00:00+00:00
1749772800000,0.03037,0.03045,0.02929,0.02949,17276027.0,1749776400000,512307.82395,6364,2025-06-13 00:00:00+00:00
1749776400000,0.02949,0.02949,0.02829,0.02849,9655999.0,1749780000000,277802.96745,4173,2025-06-13 01:00:00+00:00
1749780000000,0.02848,0.02888,0.02825,0.02874,3138880.0,1749783600000,89648.03032,1503,2025-06-13 02:00:00+00:00
1749783600000,0.02872,0.02921,0.02866,0.02901,2985988.0,1749787200000,86575.14005,1554,2025-06-13 03:00:00+00:00
1749787200000,0.02901,0.02902,0.02857,0.02868,2241465.0,1749790800000,64398.58798,1232,2025-06-13 04:00:00+00:00
1749790800000,0.02867,0.02869,0.02842,0.02842,1498213.0,1749794400000,42783.41565,701,2025-06-13 05:00:00+00:00
1749794400000,0.02842,0.02859,0.02829,0.02859,2008303.0,1749798000000,57091.89063,847,2025-06-13 06:00:00+00:00
1749798000000,0.02859,0.02876,0.02841,0.02867,1793917.0,1749801600000,51320.065,673,2025-06-13 07:00:00+00:00
1749801600000,0.02868,0.02891,0.02851,0.02865,1550873.0,1749805200000,44598.1057,835,2025-06-13 08:00:00+00:00
1749805200000,0.02864,0.02868,0.02843,0.02845,1205645.0,1749808800000,34441.17249,654,2025-06-13 09:00:00+00:00
1749808800000,0.02845,0.02851,0.0283,0.02851,1437628.0,1749812400000,40835.37628,658,2025-06-13 10:00:00+00:00
1749812400000,0.02851,0.02866,0.02835,0.02858,1160613.0,1749816000000,33071.52179,589,2025-06-13 11:00:00+00:00
1749816000000,0.02857,0.02859,0.028,0.02808,4766893.0,1749819600000,134793.52332,1484,2025-06-13 12:00:00+00:00
1749819600000,0.02808,0.02843,0.02779,0.02816,5653137.0,1749823200000,158375.34117,1676,2025-06-13 13:00:00+00:00
1749823200000,0.02821,0.0286,0.02807,0.02858,4238786.0,1749826800000,120065.47684,1907,2025-06-13 14:00:00+00:00
1749826800000,0.02857,0.02886,0.02848,0.02873,3046893.0,1749830400000,87429.43176,962,2025-06-13 15:00:00+00:00
1749830400000,0.02873,0.029,0.02854,0.02883,1824258.0,1749834000000,52477.53796,856,2025-06-13 16:00:00+00:00
1749834000000,0.02883,0.02887,0.02852,0.02885,1426930.0,1749837600000,40899.09629,596,2025-06-13 17:00:00+00:00
1749837600000,0.02886,0.02892,0.02861,0.02872,738507.0,1749841200000,21252.7634,511,2025-06-13 18:00:00+00:00
1749841200000,0.02873,0.02878,0.0285,0.02864,1370726.0,1749844800000,39219.73856,791,2025-06-13 19:00:00+00:00
1749844800000,0.02863,0.0291,0.02859,0.02906,1431389.0,1749848400000,41371.2705,837,2025-06-13 20:00:00+00:00
1749848400000,0.02908,0.02925,0.02897,0.02914,2839436.0,1749852000000,82698.37895,741,2025-06-13 21:00:00+00:00
1749852000000,0.02914,0.02933,0.02914,0.02925,2631476.0,1749855600000,76969.83787,686,2025-06-13 22:00:00+00:00
1749855600000,0.02925,0.02932,0.02899,0.02903,2151434.0,1749859200000,62754.87311,451,2025-06-13 23:00:00+00:00
1749859200000,0.02906,0.02934,0.02894,0.02915,2215453.0,1749862800000,64584.24609,764,2025-06-14 00:00:00+00:00
1749862800000,0.02915,0.02937,0.02903,0.02931,1349715.0,1749866400000,39452.86243,372,2025-06-14 01:00:00+00:00
1749866400000,0.0293,0.02991,0.0293,0.02948,3689290.0,1749870000000,109116.86863,1117,2025-06-14 02:00:00+00:00
1749870000000,0.02949,0.02984,0.02949,0.02958,2912068.0,1749873600000,86363.71264,593,2025-06-14 03:00:00+00:00
1749873600000,0.02959,0.02978,0.02953,0.02956,3034224.0,1749877200000,90069.62755,620,2025-06-14 04:00:00+00:00
1749877200000,0.02954,0.02992,0.02954,0.02988,957117.0,1749880800000,28437.7681,311,2025-06-14 05:00:00+00:00
1749880800000,0.02987,0.0299,0.02967,0.02977,856379.0,1749884400000,25501.66757,297,2025-06-14 06:00:00+00:00
1749884400000,0.02975,0.02995,0.02961,0.02977,1369781.0,1749888000000,40803.76129,291,2025-06-14 07:00:00+00:00
1749888000000,0.02978,0.02978,0.02955,0.02974,963963.0,1749891600000,28603.49394,246,2025-06-14 08:00:00+00:00
1749891600000,0.02972,0.02986,0.02965,0.02976,1955810.0,1749895200000,58193.07676,412,2025-06-14 09:00:00+00:00
1749895200000,0.02973,0.02996,0.02969,0.02989,1264896.0,1749898800000,37756.7568,290,2025-06-14 10:00:00+00:00
1749898800000,0.0299,0.02997,0.02987,0.02991,374662.0,1749902400000,11207.52943,99,2025-06-14 11:00:00+00:00
1749902400000,0.02992,0.03009,0.02981,0.03005,1058702.0,1749906000000,31701.62505,375,2025-06-14 12:00:00+00:00
1749906000000,0.03005,0.0304,0.03003,0.03027,2506470.0,1749909600000,75819.53875,798,2025-06-14 13:00:00+00:00
1749909600000,0.03027,0.03036,0.02994,0.03006,1831750.0,1749913200000,55105.70631,448,2025-06-14 14:00:00+00:00
1749913200000,0.03007,0.03022,0.02962,0.02983,3610166.0,1749916800000,108323.62945,744,2025-06-14 15:00:00+00:00
1749916800000,0.02981,0.02992,0.0292,0.02921,2185030.0,1749920400000,64433.52111,580,2025-06-14 16:00:00+00:00
1749920400000,0.02922,0.02944,0.02903,0.02924,1128813.0,1749924000000,32999.64162,341,2025-06-14 17:00:00+00:00
1749924000000,0.02923,0.02935,0.02888,0.02911,1222001.0,1749927600000,35480.02177,460,2025-06-14 18:00:00+00:00
1749927600000,0.02909,0.02939,0.02907,0.02918,1645790.0,1749931200000,48131.78189,531,2025-06-14 19:00:00+00:00
1749931200000,0.02917,0.02931,0.02897,0.02922,499690.0,1749934800000,14557.73591,200,2025-06-14 20:00:00+00:00
1749934800000,0.02923,0.02967,0.02918,0.02964,674086.0,1749938400000,19894.39351,279,2025-06-14 21:00:00+00:00
1749938400000,0.02969,0.02985,0.02967,0.02983,1399399.0,1749942000000,41662.47585,323,2025-06-14 22:00:00+00:00
1749942000000,0.02985,0.0299,0.02962,0.02962,911223.0,1749945600000,27166.31925,251,2025-06-14 23:00:00+00:00
1749945600000,0.02961,0.02991,0.02926,0.02974,7042910.0,1749949200000,208084.99145,1010,2025-06-15 00:00:00+00:00
1749949200000,0.02973,0.02976,0.02905,0.02914,5058327.0,1749952800000,148263.58462,1388,2025-06-15 01:00:00+00:00
1749952800000,0.02912,0.02935,0.02908,0.02913,998939.0,1749956400000,29194.89543,508,2025-06-15 02:00:00+00:00
1749956400000,0.02912,0.02918,0.02899,0.0291,836035.0,1749960000000,24313.53019,254,2025-06-15 03:00:00+00:00
1749960000000,0.02909,0.02921,0.02896,0.02902,591546.0,1749963600000,17172.35209,419,2025-06-15 04:00:00+00:00
1749963600000,0.02902,0.02929,0.0289,0.02923,2416792.0,1749967200000,70227.09077,412,2025-06-15 05:00:00+00:00
1749967200000,0.02927,0.02934,0.02908,0.02908,1981337.0,1749970800000,57967.41803,406,2025-06-15 06:00:00+00:00
1749970800000,0.02908,0.02913,0.02895,0.02902,627945.0,1749974400000,18229.67111,246,2025-06-15 07:00:00+00:00
1749974400000,0.02902,0.02914,0.02894,0.02914,569578.0,1749978000000,16545.08167,161,2025-06-15 08:00:00+00:00
1749978000000,0.02918,0.02939,0.02878,0.02878,2594682.0,1749981600000,75503.24952,666,2025-06-15 09:00:00+00:00
1749981600000,0.0288,0.02912,0.0288,0.0291,991025.0,1749985200000,28710.36398,293,2025-06-15 10:00:00+00:00
1749985200000,0.02908,0.02908,0.02882,0.02885,969998.0,1749988800000,28067.27533,379,2025-06-15 11:00:00+00:00
1749988800000,0.02885,0.02901,0.02873,0.02899,812482.0,1749992400000,23466.1887,297,2025-06-15 12:00:00+00:00
1749992400000,0.02899,0.02899,0.0285,0.02853,3799343.0,1749996000000,108829.87047,684,2025-06-15 13:00:00+00:00
1749996000000,0.02854,0.02932,0.02845,0.02929,4722858.0,1749999600000,136360.67522,2101,2025-06-15 14:00:00+00:00
1749999600000,0.02928,0.02944,0.02917,0.02931,3586885.0,1750003200000,105177.60567,1738,2025-06-15 15:00:00+00:00
1750003200000,0.02932,0.02965,0.0293,0.02962,3076692.0,1750006800000,90610.03033,1427,2025-06-15 16:00:00+00:00
1750006800000,0.02964,0.02981,0.02952,0.02979,2814675.0,1750010400000,83481.88953,1589,2025-06-15 17:00:00+00:00
1750010400000,0.02979,0.03006,0.02972,0.03001,2890376.0,1750014000000,86386.70901,1533,2025-06-15 18:00:00+00:00
1750014000000,0.03001,0.03024,0.02987,0.0301,3429622.0,1750017600000,103131.27278,1521,2025-06-15 19:00:00+00:00
1750017600000,0.03009,0.03045,0.03002,0.03044,4523740.0,1750021200000,136565.40819,2654,2025-06-15 20:00:00+00:00
1750021200000,0.03044,0.03095,0.03022,0.03092,4410575.0,1750024800000,134635.82259,2823,2025-06-15 21:00:00+00:00
1750024800000,0.03092,0.03173,0.03082,0.03165,7211311.0,1750028400000,226226.40896,3734,2025-06-15 22:00:00+00:00
1750028400000,0.03168,0.03196,0.03135,0.03177,6379827.0,1750032000000,202219.16017,3209,2025-06-15 23:00:00+00:00
1750032000000,0.03178,0.03192,0.03133,0.03164,5990568.0,1750035600000,189496.05157,3162,2025-06-16 00:00:00+00:00
1750035600000,0.03164,0.03223,0.03124,0.03221,7541571.0,1750039200000,238749.65344,3877,2025-06-16 01:00:00+00:00
1750039200000,0.03222,0.03236,0.03133,0.03167,7220871.0,1750042800000,230258.48534,3792,2025-06-16 02:00:00+00:00
1750042800000,0.03165,0.0322,0.03149,0.03154,7950731.0,1750046400000,253042.76397,4178,2025-06-16 03:00:00+00:00
1750046400000,0.03156,0.03189,0.03148,0.03165,6016793.0,1750050000000,190530.37396,4449,2025-06-16 04:00:00+00:00
1750050000000,0.03165,0.03204,0.03137,0.03193,4286827.0,1750053600000,136176.7824,3476,2025-06-16 05:00:00+00:00
1750053600000,0.03193,0.03219,0.03189,0.03215,3714841.0,1750057200000,119116.61504,3381,2025-06-16 06:00:00+00:00
1750057200000,0.03215,0.03321,0.03184,0.03311,15027169.0,1750060800000,489973.74204,5893,2025-06-16 07:00:00+00:00
1750060800000,0.03312,0.03327,0.03251,0.03278,9705943.0,1750064400000,319346.51834,5235,2025-06-16 08:00:00+00:00
1750064400000,0.03278,0.03327,0.03278,0.03321,6131503.0,1750068000000,202738.57405,4004,2025-06-16 09:00:00+00:00
1750068000000,0.03321,0.0333,0.03191,0.03224,13757723.0,1750071600000,449219.02496,6867,2025-06-16 10:00:00+00:00
1750071600000,0.03225,0.03257,0.03193,0.03223,9436926.0,1750075200000,304347.92425,3313,2025-06-16 11:00:00+00:00
1750075200000,0.03223,0.03258,0.03198,0.03247,5100707.0,1750078800000,164662.3662,1877,2025-06-16 12:00:00+00:00
1750078800000,0.03247,0.03263,0.0324,0.03254,1867982.0,1750082400000,60720.53876,953,2025-06-16 13:00:00+00:00
1750082400000,0.03253,0.03316,0.03249,0.03269,5777872.0,1750086000000,189873.8928,2289,2025-06-16 14:00:00+00:00
1750086000000,0.0327,0.03309,0.0327,0.0328,4350332.0,1750089600000,143298.8949,1962,2025-06-16 15:00:00+00:00
1750089600000,0.0328,0.03336,0.03275,0.03312,9378394.0,1750093200000,310780.1874,2796,2025-06-16 16:00:00+00:00
1750093200000,0.03311,0.03311,0.03284,0.03293,3770877.0,1750096800000,124352.25179,1144,2025-06-16 17:00:00+00:00
1750096800000,0.03292,0.03328,0.03284,0.03324,3010074.0,1750100400000,99536.74172,987,2025-06-16 18:00:00+00:00
1750100400000,0.03323,0.03326,0.03301,0.03307,1986116.0,1750104000000,65822.58423,668,2025-06-16 19:00:00+00:00
1750104000000,0.03306,0.0343,0.03298,0.03398,8580066.0,1750107600000,290225.08177,3351,2025-06-16 20:00:00+00:00
1750107600000,0.03399,0.03462,0.03399,0.03424,7124608.0,1750111200000,244577.89674,2947,2025-06-16 21:00:00+00:00
1750111200000,0.03422,0.03474,0.03395,0.03442,11255518.0,1750114800000,386467.97963,3688,2025-06-16 22:00:00+00:00
1750114800000,0.0344,0.03461,0.03416,0.03425,5462626.0,1750118400000,187875.1028,2038,2025-06-16 23:00:00+00:00
1750118400000,0.03426,0.03443,0.03347,0.03435,11630290.0,1750122000000,393386.45256,4333,2025-06-17 00:00:00+00:00
1750122000000,0.03435,0.0344,0.0338,0.03388,2765754.0,1750125600000,94365.58276,1646,2025-06-17 01:00:00+00:00
1750125600000,0.03388,0.03433,0.03375,0.03424,4030374.0,1750129200000,136708.94808,1639,2025-06-17 02:00:00+00:00
1750129200000,0.03423,0.03425,0.0338,0.03395,3411820.0,1750132800000,115823.7865,1099,2025-06-17 03:00:00+00:00
1750132800000,0.03395,0.03396,0.03351,0.03351,3575773.0,1750136400000,120846.16486,1300,2025-06-17 04:00:00+00:00
1750136400000,0.03347,0.03389,0.03344,0.03377,3142544.0,1750140000000,105808.99545,1033,2025-06-17 05:00:00+00:00
1750140000000,0.03374,0.03377,0.03356,0.03376,1765588.0,1750143600000,59442.41048,751,2025-06-17 06:00:00+00:00
1750143600000,0.03376,0.03421,0.03356,0.03377,6823790.0,1750147200000,231803.77993,2238,2025-06-17 07:00:00+00:00
1750147200000,0.03379,0.03398,0.03322,0.03353,8523780.0,1750150800000,286347.93897,2589,2025-06-17 08:00:00+00:00
1750150800000,0.03353,0.03361,0.03322,0.0334,3510296.0,1750154400000,117267.36772,1328,2025-06-17 09:00:00+00:00
1750154400000,0.03338,0.03355,0.03324,0.03355,3437530.0,1750158000000,114970.46928,1593,2025-06-17 10:00:00+00:00
1750158000000,0.03355,0.0336,0.03322,0.03335,3338003.0,1750161600000,111344.3175,1478,2025-06-17 11:00:00+00:00
1750161600000,0.03335,0.03337,0.03274,0.03305,8650040.0,1750165200000,285994.68003,3392,2025-06-17 12:00:00+00:00
1750165200000,0.03306,0.03339,0.03306,0.03319,2456858.0,1750168800000,81577.46067,1313,2025-06-17 13:00:00+00:00
1750168800000,0.03321,0.03345,0.03312,0.03317,1554363.0,1750172400000,51758.93602,784,2025-06-17 14:00:00+00:00
1750172400000,0.03316,0.03317,0.03286,0.03303,4246704.0,1750176000000,140109.48379,1880,2025-06-17 15:00:00+00:00
1750176000000,0.03303,0.03334,0.03296,0.03314,2248270.0,1750179600000,74549.70336,871,2025-06-17 16:00:00+00:00
1750179600000,0.03314,0.0334,0.03301,0.03335,1321924.0,1750183200000,43921.36726,885,2025-06-17 17:00:00+00:00
1750183200000,0.03334,0.03395,0.03334,0.03382,7326925.0,1750186800000,246557.97409,3397,2025-06-17 18:00:00+00:00
1750186800000,0.03382,0.03421,0.03372,0.03395,2976059.0,1750190400000,101128.8459,1620,2025-06-17 19:00:00+00:00
1750190400000,0.03399,0.03448,0.03383,0.0344,4242618.0,1750194000000,145037.25398,1786,2025-06-17 20:00:00+00:00
1750194000000,0.0344,0.03472,0.03425,0.03446,4356595.0,1750197600000,150452.93423,1153,2025-06-17 21:00:00+00:00
1750197600000,0.03445,0.035,0.0344,0.03479,3972506.0,1750201200000,137797.8781,1681,2025-06-17 22:00:00+00:00
1750201200000,0.0348,0.03529,0.03473,0.03505,4426752.0,1750204800000,155156.40984,1253,2025-06-17 23:00:00+00:00
1750204800000,0.03504,0.03515,0.03431,0.03453,7876878.0,1750208400000,272591.58597,2833,2025-06-18 00:00:00+00:00
1750208400000,0.03455,0.03496,0.03442,0.03453,2095249.0,1750212000000,72752.16528,931,2025-06-18 01:00:00+00:00
1750212000000,0.03452,0.03471,0.03426,0.03429,1479249.0,1750215600000,51013.72462,1034,2025-06-18 02:00:00+00:00
1750215600000,0.0343,0.03434,0.03387,0.03387,2603579.0,1750219200000,88730.69144,958,2025-06-18 03:00:00+00:00
1750219200000,0.03387,0.03416,0.03383,0.03402,2012917.0,1750222800000,68409.09505,896,2025-06-18 04:00:00+00:00
1750222800000,0.03401,0.03444,0.03384,0.03395,2022780.0,1750226400000,69016.30191,891,2025-06-18 05:00:00+00:00
1750226400000,0.03395,0.03404,0.03364,0.03381,2762170.0,1750230000000,93435.28506,933,2025-06-18 06:00:00+00:00
1750230000000,0.03381,0.03381,0.03339,0.03372,4116055.0,1750233600000,138272.46045,1572,2025-06-18 07:00:00+00:00
1750233600000,0.03371,0.03412,0.03371,0.03383,2038611.0,1750237200000,69155.11956,905,2025-06-18 08:00:00+00:00
1750237200000,0.03381,0.03422,0.0338,0.03407,2772539.0,1750240800000,94387.42649,1109,2025-06-18 09:00:00+00:00
1750240800000,0.03406,0.03408,0.03377,0.03397,1721194.0,1750244400000,58403.67197,1078,2025-06-18 10:00:00+00:00
1750244400000,0.03397,0.0344,0.03397,0.03435,2786589.0,1750248000000,95407.45618,1135,2025-06-18 11:00:00+00:00
1750248000000,0.03436,0.03452,0.034,0.03411,3486105.0,1750251600000,119375.26807,1221,2025-06-18 12:00:00+00:00
1750251600000,0.03412,0.03413,0.03362,0.03396,10008306.0,1750255200000,339036.39672,3316,2025-06-18 13:00:00+00:00
1750255200000,0.03398,0.03476,0.03388,0.03457,5513013.0,1750258800000,190078.88088,2316,2025-06-18 14:00:00+00:00
1750258800000,0.03457,0.0351,0.03449,0.03487,5128604.0,1750262400000,178527.74555,2339,2025-06-18 15:00:00+00:00
1750262400000,0.03488,0.03494,0.03446,0.03455,4855585.0,1750266000000,168391.35468,1416,2025-06-18 16:00:00+00:00
1750266000000,0.03454,0.03499,0.0345,0.03498,2137875.0,1750269600000,74262.65037,913,2025-06-18 17:00:00+00:00
1750269600000,0.035,0.03513,0.03472,0.03472,2020998.0,1750273200000,70621.35738,908,2025-06-18 18:00:00+00:00
1750273200000,0.03471,0.03529,0.03468,0.0351,3642467.0,1750276800000,127771.27454,1445,2025-06-18 19:00:00+00:00
1750276800000,0.0351,0.03595,0.03495,0.03579,3628052.0,1750280400000,128564.03985,1617,2025-06-18 20:00:00+00:00
1750280400000,0.03576,0.03608,0.03544,0.03596,3794365.0,1750284000000,135697.73294,1046,2025-06-18 21:00:00+00:00
1750284000000,0.03595,0.03631,0.0358,0.03582,2019297.0,1750287600000,72814.15486,1077,2025-06-18 22:00:00+00:00
1750287600000,0.03581,0.03586,0.03558,0.03563,789362.0,1750291200000,28164.95613,505,2025-06-18 23:00:00+00:00
1750291200000,0.03564,0.03575,0.03484,0.0355,5665472.0,1750294800000,200343.46661,1952,2025-06-19 00:00:00+00:00
1750294800000,0.0355,0.03569,0.0351,0.03512,1807149.0,1750298400000,64040.60654,848,2025-06-19 01:00:00+00:00
1750298400000,0.03513,0.03557,0.03509,0.03537,1315379.0,1750302000000,46473.94277,611,2025-06-19 02:00:00+00:00
1750302000000,0.03535,0.03549,0.03526,0.03531,645498.0,1750305600000,22847.80411,355,2025-06-19 03:00:00+00:00
1750305600000,0.0353,0.03576,0.03514,0.0357,2593743.0,1750309200000,91969.6045,838,2025-06-19 04:00:00+00:00
1750309200000,0.03569,0.03569,0.03527,0.03551,948569.0,1750312800000,33662.31651,438,2025-06-19 05:00:00+00:00
1750312800000,0.03553,0.03562,0.03536,0.03543,1055001.0,1750316400000,37464.01319,411,2025-06-19 06:00:00+00:00
1750316400000,0.03544,0.03586,0.03538,0.03565,3253248.0,1750320000000,116074.99157,804,2025-06-19 07:00:00+00:00
1750320000000,0.03565,0.03588,0.03558,0.03563,1358290.0,1750323600000,48526.3732,673,2025-06-19 08:00:00+00:00
1750323600000,0.03564,0.0357,0.0355,0.03551,566226.0,1750327200000,20147.73995,330,2025-06-19 09:00:00+00:00
1750327200000,0.03549,0.03612,0.03546,0.0361,1849537.0,1750330800000,66331.58587,751,2025-06-19 10:00:00+00:00
1750330800000,0.03613,0.03613,0.03575,0.03576,1681666.0,1750334400000,60443.97998,738,2025-06-19 11:00:00+00:00
1750334400000,0.03577,0.03577,0.03508,0.03527,6293992.0,1750338000000,222551.4878,2000,2025-06-19 12:00:00+00:00
1750338000000,0.03528,0.03535,0.03508,0.03527,2010233.0,1750341600000,70825.9545,964,2025-06-19 13:00:00+00:00
1750341600000,0.03526,0.03576,0.0352,0.03553,4158244.0,1750345200000,147494.52254,1142,2025-06-19 14:00:00+00:00
1750345200000,0.03552,0.03591,0.03546,0.03569,2211391.0,1750348800000,79018.40638,766,2025-06-19 15:00:00+00:00
1750348800000,0.03568,0.03577,0.03538,0.03548,1219454.0,1750352400000,43399.20752,671,2025-06-19 16:00:00+00:00
1750352400000,0.03549,0.03603,0.03536,0.03598,2270930.0,1750356000000,81211.02546,878,2025-06-19 17:00:00+00:00
1750356000000,0.03599,0.03678,0.03594,0.03665,3273194.0,1750359600000,119211.54345,1514,2025-06-19 18:00:00+00:00
1750359600000,0.03665,0.03792,0.03655,0.0378,7660360.0,1750363200000,286032.79259,2710,2025-06-19 19:00:00+00:00
1750363200000,0.0378,0.03807,0.03615,0.03659,9294559.0,1750366800000,345129.70412,3622,2025-06-19 20:00:00+00:00
1750366800000,0.0366,0.03681,0.03626,0.03667,2084781.0,1750370400000,76234.83789,843,2025-06-19 21:00:00+00:00
1750370400000,0.03667,0.03698,0.03629,0.03673,2947842.0,1750374000000,108327.73834,1120,2025-06-19 22:00:00+00:00
1750374000000,0.03673,0.03713,0.0365,0.03706,2426815.0,1750377600000,89438.47784,1175,2025-06-19 23:00:00+00:00
1750377600000,0.03706,0.03747,0.03687,0.03733,2108750.0,1750381200000,78439.48254,1200,2025-06-20 00:00:00+00:00
1750381200000,0.0373,0.03742,0.03682,0.03735,2458441.0,1750384800000,91448.87351,1130,2025-06-20 01:00:00+00:00
1750384800000,0.03734,0.03752,0.03709,0.0372,1978236.0,1750388400000,73756.55695,815,2025-06-20 02:00:00+00:00
1750388400000,0.03718,0.03764,0.03714,0.03739,1934067.0,1750392000000,72343.59912,945,2025-06-20 03:00:00+00:00
1750392000000,0.03747,0.03785,0.0369,0.03694,5431119.0,1750395600000,203247.71437,1922,2025-06-20 04:00:00+00:00
1750395600000,0.03693,0.03767,0.03655,0.03755,8563835.0,1750399200000,317405.08781,3056,2025-06-20 05:00:00+00:00
1750399200000,0.03759,0.0379,0.0373,0.03784,2773454.0,1750402800000,104491.23553,1302,2025-06-20 06:00:00+00:00
1750402800000,0.03782,0.03889,0.03774,0.03856,5366020.0,1750406400000,206064.30035,3175,2025-06-20 07:00:00+00:00
1750406400000,0.03855,0.03903,0.03827,0.0387,4503456.0,1750410000000,174082.32904,2160,2025-06-20 08:00:00+00:00
1750410000000,0.0387,0.03878,0.03795,0.03847,3642875.0,1750413600000,139558.8438,1518,2025-06-20 09:00:00+00:00
1750413600000,0.03845,0.03864,0.03808,0.03849,1640790.0,1750417200000,62943.47655,813,2025-06-20 10:00:00+00:00
1750417200000,0.03851,0.03892,0.03822,0.03849,1811326.0,1750420800000,69831.48794,969,2025-06-20 11:00:00+00:00
1750420800000,0.03852,0.03873,0.0384,0.0387,1495491.0,1750424400000,57690.13908,865,2025-06-20 12:00:00+00:00
1750424400000,0.03871,0.03934,0.0383,0.03872,6636272.0,1750428000000,257603.89624,3115,2025-06-20 13:00:00+00:00
1750428000000,0.03869,0.03869,0.03781,0.03788,5706876.0,1750431600000,217528.9656,2876,2025-06-20 14:00:00+00:00
1750431600000,0.03791,0.03858,0.03781,0.03836,4673366.0,1750435200000,179049.76599,2399,2025-06-20 15:00:00+00:00
1750435200000,0.03835,0.0384,0.03778,0.03791,4491567.0,1750438800000,171233.75784,2662,2025-06-20 16:00:00+00:00
1750438800000,0.03792,0.0385,0.03764,0.03824,6121800.0,1750442400000,232460.94417,3844,2025-06-20 17:00:00+00:00
1750442400000,0.03825,0.03855,0.038,0.03845,4070287.0,1750446000000,155938.41635,1913,2025-06-20 18:00:00+00:00
1750446000000,0.03846,0.03891,0.0383,0.03878,2027267.0,1750449600000,78257.45231,1154,2025-06-20 19:00:00+00:00
1750449600000,0.03881,0.03904,0.03863,0.03877,2285281.0,1750453200000,88829.61423,1722,2025-06-20 20:00:00+00:00
1750453200000,0.03875,0.03902,0.03867,0.03886,2226007.0,1750456800000,86417.47185,1325,2025-06-20 21:00:00+00:00
1750456800000,0.03885,0.03885,0.03841,0.03866,2902375.0,1750460400000,112060.06577,1653,2025-06-20 22:00:00+00:00
1750460400000,0.03866,0.03913,0.03858,0.03894,2492466.0,1750464000000,96835.17304,1756,2025-06-20 23:00:00+00:00
1750464000000,0.03893,0.03923,0.03883,0.03911,2928952.0,1750467600000,114508.24309,1740,2025-06-21 00:00:00+00:00
1750467600000,0.03912,0.03995,0.03895,0.03978,4737068.0,1750471200000,187401.96725,2191,2025-06-21 01:00:00+00:00
1750471200000,0.0398,0.0399,0.03766,0.03823,13216542.0,1750474800000,508592.15792,5829,2025-06-21 02:00:00+00:00
1750474800000,0.03823,0.03867,0.03814,0.03819,2848127.0,1750478400000,109469.25353,2013,2025-06-21 03:00:00+00:00
1750478400000,0.03819,0.03858,0.03802,0.03803,2119822.0,1750482000000,81178.54087,1001,2025-06-21 04:00:00+00:00
1750482000000,0.03803,0.03843,0.03796,0.03824,1567932.0,1750485600000,59911.80126,803,2025-06-21 05:00:00+00:00
1750485600000,0.03823,0.03887,0.03813,0.03856,1258037.0,1750489200000,48546.50175,792,2025-06-21 06:00:00+00:00
1750489200000,0.03859,0.03939,0.03851,0.03918,2839653.0,1750492800000,110795.49562,1322,2025-06-21 07:00:00+00:00
1750492800000,0.03919,0.03939,0.039,0.03936,5024034.0,1750496400000,196977.8031,1312,2025-06-21 08:00:00+00:00
1750496400000,0.03936,0.03949,0.03821,0.03851,4272603.0,1750500000000,165350.65768,1796,2025-06-21 09:00:00+00:00
1750500000000,0.03852,0.03901,0.03831,0.03878,3687041.0,1750503600000,142402.95172,1182,2025-06-21 10:00:00+00:00
1750503600000,0.03878,0.03899,0.03841,0.0385,1578371.0,1750507200000,61018.90401,1077,2025-06-21 11:00:00+00:00
1750507200000,0.03848,0.03865,0.03828,0.03864,1504724.0,1750510800000,57844.47152,709,2025-06-21 12:00:00+00:00
1750510800000,0.03865,0.03876,0.03853,0.0387,1203910.0,1750514400000,46536.92282,745,2025-06-21 13:00:00+00:00
1750514400000,0.03872,0.03901,0.03828,0.03871,2752313.0,1750518000000,106332.33398,1224,2025-06-21 14:00:00+00:00
1750518000000,0.03868,0.03871,0.0378,0.03826,3975374.0,1750521600000,151813.35003,1249,2025-06-21 15:00:00+00:00
1750521600000,0.03824,0.03869,0.03824,0.03839,2110779.0,1750525200000,81094.87291,739,2025-06-21 16:00:00+00:00
1750525200000,0.03835,0.03836,0.03794,0.03817,2066432.0,1750528800000,78807.92313,895,2025-06-21 17:00:00+00:00
1750528800000,0.03818,0.03836,0.03793,0.03818,1049629.0,1750532400000,40032.22125,681,2025-06-21 18:00:00+00:00
1750532400000,0.03818,0.03821,0.03778,0.03791,1944017.0,1750536000000,73809.96425,1046,2025-06-21 19:00:00+00:00
1750536000000,0.0379,0.03834,0.03788,0.03807,1909888.0,1750539600000,72735.61464,971,2025-06-21 20:00:00+00:00
1750539600000,0.03806,0.03806,0.0373,0.03783,3432319.0,1750543200000,129188.76417,1298,2025-06-21 21:00:00+00:00
1750543200000,0.03784,0.03816,0.03779,0.03788,1781082.0,1750546800000,67646.76078,770,2025-06-21 22:00:00+00:00
1750546800000,0.03788,0.03839,0.03759,0.03825,2506189.0,1750550400000,94954.74822,1147,2025-06-21 23:00:00+00:00
1750550400000,0.03825,0.0389,0.03823,0.03875,3773818.0,1750554000000,145398.46259,1656,2025-06-22 00:00:00+00:00
1750554000000,0.03875,0.03884,0.03743,0.03772,4057476.0,1750557600000,154271.68844,992,2025-06-22 01:00:00+00:00
1750557600000,0.03772,0.03807,0.03753,0.03782,1769896.0,1750561200000,66861.59772,1120,2025-06-22 02:00:00+00:00
1750561200000,0.0378,0.03786,0.03695,0.03717,3290511.0,1750564800000,122660.63574,1084,2025-06-22 03:00:00+00:00
1750564800000,0.03714,0.0374,0.03636,0.03728,10407548.0,1750568400000,383695.7931,3675,2025-06-22 04:00:00+00:00
1750568400000,0.0373,0.03739,0.03689,0.03712,1284803.0,1750572000000,47671.96793,786,2025-06-22 05:00:00+00:00
1750572000000,0.03715,0.03717,0.03669,0.03678,900694.0,1750575600000,33221.76808,544,2025-06-22 06:00:00+00:00
1750575600000,0.03678,0.03698,0.0364,0.03668,3021260.0,1750579200000,110683.09637,1078,2025-06-22 07:00:00+00:00
1750579200000,0.03669,0.03726,0.03664,0.03723,3240132.0,1750582800000,119806.86698,1088,2025-06-22 08:00:00+00:00
1750582800000,0.03723,0.03738,0.03655,0.03676,2311988.0,1750586400000,85207.91234,1249,2025-06-22 09:00:00+00:00
1750586400000,0.03676,0.03696,0.03657,0.03695,1809724.0,1750590000000,66523.23201,882,2025-06-22 10:00:00+00:00
1750590000000,0.03695,0.037,0.03666,0.0367,1581062.0,1750593600000,58253.48284,867,2025-06-22 11:00:00+00:00
1750593600000,0.03669,0.03678,0.03632,0.03664,3644102.0,1750597200000,133209.78802,1369,2025-06-22 12:00:00+00:00
1750597200000,0.03663,0.03669,0.0351,0.0358,16550032.0,1750600800000,595008.22616,5214,2025-06-22 13:00:00+00:00
1750600800000,0.03578,0.03646,0.03571,0.03641,4111960.0,1750604400000,148087.08514,1608,2025-06-22 14:00:00+00:00
1750604400000,0.0364,0.03651,0.03606,0.03622,3460861.0,1750608000000,125494.29053,1502,2025-06-22 15:00:00+00:00
1750608000000,0.03623,0.03663,0.03622,0.0365,4213507.0,1750611600000,153616.50782,1534,2025-06-22 16:00:00+00:00
1750611600000,0.0365,0.03679,0.03624,0.03675,4475201.0,1750615200000,163751.16111,1251,2025-06-22 17:00:00+00:00
1750615200000,0.03676,0.03683,0.03597,0.03628,3734898.0,1750618800000,135814.81727,1196,2025-06-22 18:00:00+00:00
1750618800000,0.03626,0.03666,0.03625,0.03646,1878277.0,1750622400000,68411.37382,926,2025-06-22 19:00:00+00:00
1750622400000,0.03645,0.03691,0.03603,0.03687,3709626.0,1750626000000,135350.24113,1764,2025-06-22 20:00:00+00:00
1750626000000,0.03688,0.03798,0.03688,0.0377,3468235.0,1750629600000,130077.1008,1331,2025-06-22 21:00:00+00:00
1750629600000,0.0377,0.03906,0.0377,0.03901,4911467.0,1750633200000,188673.99519,2016,2025-06-22 22:00:00+00:00
1750633200000,0.03901,0.03938,0.03847,0.03932,3373650.0,1750636800000,131494.96023,1804,2025-06-22 23:00:00+00:00
1750636800000,0.03933,0.04131,0.03871,0.04106,16223793.0,1750640400000,650240.5792,6029,2025-06-23 00:00:00+00:00
1750640400000,0.04105,0.0437,0.04038,0.04323,18455052.0,1750644000000,776845.42018,9385,2025-06-23 01:00:00+00:00
1750644000000,0.04324,0.04333,0.04231,0.04268,11359782.0,1750647600000,486321.55813,5627,2025-06-23 02:00:00+00:00
1750647600000,0.04271,0.04396,0.04268,0.04368,8509477.0,1750651200000,367769.323,3219,2025-06-23 03:00:00+00:00
1750651200000,0.0437,0.04531,0.0366,0.04101,63984400.0,1750654800000,2562685.89207,32968,2025-06-23 04:00:00+00:00
1750654800000,0.04106,0.04236,0.04052,0.0417,23454106.0,1750658400000,976493.11455,13323,2025-06-23 05:00:00+00:00
1750658400000,0.04168,0.04359,0.04149,0.04221,15223456.0,1750662000000,647318.85893,7676,2025-06-23 06:00:00+00:00
1750662000000,0.04223,0.04263,0.04205,0.04222,3739845.0,1750665600000,158305.14447,2032,2025-06-23 07:00:00+00:00
1750665600000,0.04222,0.04297,0.0421,0.04252,5275686.0,1750669200000,224425.20654,2464,2025-06-23 08:00:00+00:00
1750669200000,0.04253,0.04293,0.04213,0.04272,5037506.0,1750672800000,214379.74621,2585,2025-06-23 09:00:00+00:00
1750672800000,0.04273,0.04316,0.04218,0.04251,5769827.0,1750676400000,246421.50168,3155,2025-06-23 10:00:00+00:00
1750676400000,0.04252,0.04273,0.04187,0.04261,6803478.0,1750680000000,287131.13062,2909,2025-06-23 11:00:00+00:00
1750680000000,0.04262,0.04388,0.04227,0.04382,9105489.0,1750683600000,392873.72193,4055,2025-06-23 12:00:00+00:00
1750683600000,0.04383,0.04385,0.04275,0.04329,12311996.0,1750687200000,533486.25868,6178,2025-06-23 13:00:00+00:00
1750687200000,0.04331,0.04387,0.04331,0.04363,7959858.0,1750690800000,347382.16492,4663,2025-06-23 14:00:00+00:00
1750690800000,0.0436,0.04442,0.04303,0.04324,10416689.0,1750694400000,456043.61284,4247,2025-06-23 15:00:00+00:00
1750694400000,0.04325,0.04328,0.04188,0.04228,7804934.0,1750698000000,332388.00958,4029,2025-06-23 16:00:00+00:00
1750698000000,0.04227,0.04428,0.04224,0.04372,8813618.0,1750701600000,383010.36633,5256,2025-06-23 17:00:00+00:00
1750701600000,0.04368,0.04513,0.04364,0.04501,6280823.0,1750705200000,280115.76179,3629,2025-06-23 18:00:00+00:00
1750705200000,0.04503,0.04529,0.04438,0.04451,5422764.0,1750708800000,243392.54342,3062,2025-06-23 19:00:00+00:00
1750708800000,0.04447,0.04589,0.04447,0.04506,5588237.0,1750712400000,253276.07765,2578,2025-06-23 20:00:00+00:00
1750712400000,0.04505,0.04692,0.04502,0.04592,5629277.0,1750716000000,257302.02086,3178,2025-06-23 21:00:00+00:00
1750716000000,0.04595,0.04947,0.04578,0.04839,23803364.0,1750719600000,1143744.90642,13467,2025-06-23 22:00:00+00:00
1750719600000,0.0484,0.04973,0.04802,0.04927,13491155.0,1750723200000,659547.56252,7508,2025-06-23 23:00:00+00:00
1750723200000,0.04925,0.05099,0.04874,0.04984,18682704.0,1750726800000,930437.62136,11776,2025-06-24 00:00:00+00:00
1750726800000,0.04981,0.0514,0.04943,0.05012,13189719.0,1750730400000,662744.07864,8732,2025-06-24 01:00:00+00:00
1750730400000,0.05012,0.05125,0.0498,0.0504,9335925.0,1750734000000,471023.55343,6812,2025-06-24 02:00:00+00:00
1750734000000,0.05038,0.05181,0.04995,0.05154,8748917.0,1750737600000,447243.31839,6155,2025-06-24 03:00:00+00:00
1750737600000,0.05152,0.05439,0.05064,0.052,16443818.0,1750741200000,851064.59836,9681,2025-06-24 04:00:00+00:00
1750741200000,0.05204,0.05221,0.04919,0.05144,15682360.0,1750744800000,794823.68596,10746,2025-06-24 05:00:00+00:00
1750744800000,0.05143,0.05245,0.05133,0.05222,9387975.0,1750748400000,487606.01307,6104,2025-06-24 06:00:00+00:00
1750748400000,0.05224,0.05227,0.05139,0.05153,7609843.0,1750752000000,394401.01518,5499,2025-06-24 07:00:00+00:00
1750752000000,0.05154,0.05262,0.05146,0.05187,7740761.0,1750755600000,402872.70888,5858,2025-06-24 08:00:00+00:00
1750755600000,0.05189,0.05238,0.05161,0.05176,9720175.0,1750759200000,505567.7986,5838,2025-06-24 09:00:00+00:00
1750759200000,0.05177,0.05274,0.05127,0.05207,13388290.0,1750762800000,695650.52604,6497,2025-06-24 10:00:00+00:00
1750762800000,0.05207,0.05277,0.05188,0.05265,5861776.0,1750766400000,306756.82625,4463,2025-06-24 11:00:00+00:00
1750766400000,0.05266,0.05446,0.05241,0.05434,17746315.0,1750770000000,948100.30497,10590,2025-06-24 12:00:00+00:00
1750770000000,0.05437,0.05477,0.05268,0.054,25942551.0,1750773600000,1394623.00931,14912,2025-06-24 13:00:00+00:00
1750773600000,0.05402,0.05478,0.05334,0.05369,13980172.0,1750777200000,753492.51631,9062,2025-06-24 14:00:00+00:00
1750777200000,0.0537,0.0547,0.05363,0.05439,7222675.0,1750780800000,391473.39998,6149,2025-06-24 15:00:00+00:00
1750780800000,0.05439,0.05573,0.05435,0.0553,12610674.0,1750784400000,695360.72484,10625,2025-06-24 16:00:00+00:00
1750784400000,0.05529,0.05582,0.05484,0.05562,9522521.0,1750788000000,526573.43462,8109,2025-06-24 17:00:00+00:00
1750788000000,0.05563,0.05563,0.05384,0.05418,8750984.0,1750791600000,476682.27162,5969,2025-06-24 18:00:00+00:00
1750791600000,0.05417,0.05443,0.05283,0.05319,8152095.0,1750795200000,435400.1522,5911,2025-06-24 19:00:00+00:00
1750795200000,0.0532,0.05372,0.05296,0.05331,3976001.0,1750798800000,211975.38779,2952,2025-06-24 20:00:00+00:00
1750798800000,0.05333,0.05336,0.05226,0.05279,3514060.0,1750802400000,184994.11676,2789,2025-06-24 21:00:00+00:00
1750802400000,0.05277,0.05282,0.05219,0.05221,3309561.0,1750806000000,173672.76081,2800,2025-06-24 22:00:00+00:00
1750806000000,0.0522,0.05315,0.05206,0.0527,4689386.0,1750809600000,246284.22574,3871,2025-06-24 23:00:00+00:00
1750809600000,0.05268,0.05383,0.05242,0.05303,9642810.0,1750813200000,513835.82283,8418,2025-06-25 00:00:00+00:00
1750813200000,0.05304,0.05882,0.05264,0.05727,37629797.0,1750816800000,2118160.99149,28328,2025-06-25 01:00:00+00:00
1750816800000,0.0573,0.05979,0.05492,0.05874,32390347.0,1750820400000,1865746.68061,21885,2025-06-25 02:00:00+00:00
1750820400000,0.05875,0.06054,0.05789,0.0598,36102174.0,1750824000000,2149259.96149,16991,2025-06-25 03:00:00+00:00
1750824000000,0.0598,0.06174,0.05591,0.05888,72726781.0,1750827600000,4283805.91239,36326,2025-06-25 04:00:00+00:00
1750827600000,0.05883,0.05972,0.05829,0.05931,7988907.0,1750831200000,472974.27512,6234,2025-06-25 05:00:00+00:00
1750831200000,0.05931,0.05996,0.05917,0.05958,9033260.0,1750834800000,537471.09561,6011,2025-06-25 06:00:00+00:00
1750834800000,0.05958,0.05996,0.05924,0.0598,9011182.0,1750838400000,537354.76032,4833,2025-06-25 07:00:00+00:00
1750838400000,0.05981,0.05992,0.05874,0.05921,10530126.0,1750842000000,623031.01396,5754,2025-06-25 08:00:00+00:00
1750842000000,0.05922,0.0593,0.05861,0.05881,7729375.0,1750845600000,456735.77546,4883,2025-06-25 09:00:00+00:00
1750845600000,0.0588,0.06,0.05858,0.05992,12051310.0,1750849200000,717354.89644,6316,2025-06-25 10:00:00+00:00
1750849200000,0.05992,0.05997,0.05955,0.05957,4440983.0,1750852800000,265452.24356,3066,2025-06-25 11:00:00+00:00
1750852800000,0.05957,0.05972,0.05886,0.05956,12799465.0,1750856400000,761179.08094,3010,2025-06-25 12:00:00+00:00
1750856400000,0.05955,0.0598,0.05886,0.05965,5110683.0,1750860000000,303824.97116,2719,2025-06-25 13:00:00+00:00
1750860000000,0.05966,0.05992,0.05927,0.05978,8124491.0,1750863600000,484612.93643,5723,2025-06-25 14:00:00+00:00
1750863600000,0.05978,0.0599,0.05908,0.05917,5037702.0,1750867200000,299990.96535,2591,2025-06-25 15:00:00+00:00
1750867200000,0.05917,0.05979,0.05894,0.0592,3478080.0,1750870800000,206439.17423,2073,2025-06-25 16:00:00+00:00
1750870800000,0.0592,0.05963,0.0588,0.05889,4586098.0,1750874400000,271529.32387,4631,2025-06-25 17:00:00+00:00
1750874400000,0.05887,0.05987,0.05864,0.05958,4884123.0,1750878000000,290161.0404,3789,2025-06-25 18:00:00+00:00
1750878000000,0.05956,0.05984,0.05934,0.05941,1608660.0,1750881600000,95840.09682,1537,2025-06-25 19:00:00+00:00
1750881600000,0.0594,0.06,0.05922,0.05964,12202145.0,1750885200000,729715.31395,5302,2025-06-25 20:00:00+00:00
1750885200000,0.05963,0.05998,0.0596,0.05968,2784954.0,1750888800000,166410.59047,1838,2025-06-25 21:00:00+00:00
1750888800000,0.05965,0.05999,0.05957,0.05983,3649486.0,1750892400000,218303.16272,2651,2025-06-25 22:00:00+00:00
1750892400000,0.0598,0.05995,0.0595,0.05993,4637710.0,1750896000000,276288.88532,2118,2025-06-25 23:00:00+00:00
1750896000000,0.05993,0.06,0.05951,0.05984,2249189.0,1750899600000,134419.51333,1479,2025-06-26 00:00:00+00:00
1750899600000,0.05984,0.06,0.0595,0.05972,3480892.0,1750903200000,207730.99023,2080,2025-06-26 01:00:00+00:00
1750903200000,0.05975,0.06,0.05956,0.05971,4704284.0,1750906800000,281692.9309,2353,2025-06-26 02:00:00+00:00
1750906800000,0.05968,0.05975,0.05358,0.05688,42954221.0,1750910400000,2421818.74398,30571,2025-06-26 03:00:00+00:00
1750910400000,0.05683,0.05701,0.0537,0.05519,15818907.0,1750914000000,867366.49158,11505,2025-06-26 04:00:00+00:00
1750914000000,0.05521,0.05559,0.05394,0.05417,5949612.0,1750917600000,326292.14189,5816,2025-06-26 05:00:00+00:00
1750917600000,0.05416,0.05492,0.05368,0.05435,6112869.0,1750921200000,332049.26487,5007,2025-06-26 06:00:00+00:00
1750921200000,0.05432,0.05599,0.05307,0.05578,11355894.0,1750924800000,619957.95807,6658,2025-06-26 07:00:00+00:00
1750924800000,0.0558,0.05691,0.05575,0.05683,9828248.0,1750928400000,554096.5998,7616,2025-06-26 08:00:00+00:00
1750928400000,0.05684,0.05772,0.05638,0.05657,9368663.0,1750932000000,534850.02101,7119,2025-06-26 09:00:00+00:00
1750932000000,0.05656,0.05971,0.05645,0.05881,13569490.0,1750935600000,796349.53861,9970,2025-06-26 10:00:00+00:00
1750935600000,0.05881,0.05938,0.05847,0.05871,6226587.0,1750939200000,366861.81753,5327,2025-06-26 11:00:00+00:00
1750939200000,0.05871,0.05938,0.05783,0.05829,5480881.0,1750942800000,321752.3395,5088,2025-06-26 12:00:00+00:00
1750942800000,0.0583,0.05888,0.05808,0.0581,3559729.0,1750946400000,207981.64637,3599,2025-06-26 13:00:00+00:00
1750946400000,0.05812,0.05835,0.05662,0.05717,9101749.0,1750950000000,522191.33744,6586,2025-06-26 14:00:00+00:00
1750950000000,0.0572,0.05772,0.05678,0.05722,5003656.0,1750953600000,286308.75203,5069,2025-06-26 15:00:00+00:00
1750953600000,0.05724,0.0586,0.05701,0.05784,4888076.0,1750957200000,283312.21554,4798,2025-06-26 16:00:00+00:00
1750957200000,0.0578,0.05808,0.0568,0.05682,3043565.0,1750960800000,175426.67738,2243,2025-06-26 17:00:00+00:00
1750960800000,0.05682,0.05759,0.05437,0.05549,11617217.0,1750964400000,646875.54145,7059,2025-06-26 18:00:00+00:00
1750964400000,0.05551,0.05594,0.05446,0.05535,6100588.0,1750968000000,336923.69855,6594,2025-06-26 19:00:00+00:00
1750968000000,0.05535,0.05594,0.05424,0.05465,5641916.0,1750971600000,311795.8584,5452,2025-06-26 20:00:00+00:00
1750971600000,0.05463,0.05501,0.05388,0.05484,4003593.0,1750975200000,217971.14537,2951,2025-06-26 21:00:00+00:00
1750975200000,0.05484,0.05616,0.05473,0.05507,4877792.0,1750978800000,269698.456,3928,2025-06-26 22:00:00+00:00
1750978800000,0.05507,0.05576,0.05494,0.05507,3654700.0,1750982400000,202100.3933,2445,2025-06-26 23:00:00+00:00
1750982400000,0.05509,0.05544,0.05402,0.05454,3991663.0,1750986000000,218248.39294,3260,2025-06-27 00:00:00+00:00
1750986000000,0.05453,0.05582,0.05418,0.05535,3972594.0,1750989600000,218590.96052,3427,2025-06-27 01:00:00+00:00
1750989600000,0.05537,0.05807,0.05532,0.05722,10394197.0,1750993200000,593853.86539,9359,2025-06-27 02:00:00+00:00
1750993200000,0.05722,0.05773,0.05708,0.05722,6560729.0,1750996800000,376506.67303,7118,2025-06-27 03:00:00+00:00
1750996800000,0.05721,0.05796,0.05599,0.05741,15660221.0,1751000400000,890789.02433,13375,2025-06-27 04:00:00+00:00
1751000400000,0.05741,0.0575,0.0568,0.0571,3314518.0,1751004000000,189178.11832,4179,2025-06-27 05:00:00+00:00
1751004000000,0.05709,0.05821,0.05693,0.05746,4458233.0,1751007600000,256967.11861,3922,2025-06-27 06:00:00+00:00
1751007600000,0.05745,0.05756,0.05698,0.05714,2171459.0,1751011200000,124288.42152,2461,2025-06-27 07:00:00+00:00
1751011200000,0.05713,0.05737,0.05675,0.05707,5683637.0,1751014800000,323952.49934,4471,2025-06-27 08:00:00+00:00
1751014800000,0.05707,0.05793,0.05667,0.05766,3660888.0,1751018400000,209890.07052,3792,2025-06-27 09:00:00+00:00
1751018400000,0.05767,0.05769,0.05674,0.05697,4190571.0,1751022000000,239173.0744,3164,2025-06-27 10:00:00+00:00
1751022000000,0.05696,0.05759,0.05684,0.05694,3039224.0,1751025600000,173708.57229,2229,2025-06-27 11:00:00+00:00
1751025600000,0.05694,0.05724,0.05648,0.05709,4269526.0,1751029200000,242768.39161,3154,2025-06-27 12:00:00+00:00
1751029200000,0.0571,0.05764,0.05668,0.05696,2731266.0,1751032800000,155992.44673,2072,2025-06-27 13:00:00+00:00
1751032800000,0.05696,0.05744,0.05691,0.05704,2891248.0,1751036400000,165153.56248,2110,2025-06-27 14:00:00+00:00
1751036400000,0.05705,0.0572,0.05664,0.05702,1832581.0,1751040000000,104352.4516,1424,2025-06-27 15:00:00+00:00
1751040000000,0.05703,0.05813,0.05666,0.05717,5627857.0,1751043600000,322273.76707,4093,2025-06-27 16:00:00+00:00
1751043600000,0.05717,0.05755,0.05711,0.05718,1688059.0,1751047200000,96753.15211,2035,2025-06-27 17:00:00+00:00
1751047200000,0.05719,0.05744,0.05694,0.05724,2505368.0,1751050800000,143167.42225,1928,2025-06-27 18:00:00+00:00
1751050800000,0.05723,0.05853,0.05696,0.05821,6313034.0,1751054400000,363766.78055,3423,2025-06-27 19:00:00+00:00
1751054400000,0.05824,0.05962,0.05723,0.05911,15879191.0,1751058000000,930480.38583,9542,2025-06-27 20:00:00+00:00
1751058000000,0.05911,0.05942,0.05787,0.05842,2516191.0,1751061600000,147318.82509,2532,2025-06-27 21:00:00+00:00
1751061600000,0.05842,0.0593,0.05818,0.05877,4372144.0,1751065200000,257441.46578,3873,2025-06-27 22:00:00+00:00
1751065200000,0.05882,0.05996,0.05874,0.05995,2823571.0,1751068800000,167834.10699,2534,2025-06-27 23:00:00+00:00
1751068800000,0.05996,0.062,0.05952,0.06152,10778555.0,1751072400000,659158.66193,9557,2025-06-28 00:00:00+00:00
1751072400000,0.0615,0.06311,0.06066,0.06194,31699861.0,1751076000000,1971584.95767,10763,2025-06-28 01:00:00+00:00
1751076000000,0.06193,0.06208,0.05914,0.05984,34880077.0,1751079600000,2086423.86985,16024,2025-06-28 02:00:00+00:00
1751079600000,0.05986,0.06006,0.0597,0.0599,4722614.0,1751083200000,283267.20459,4312,2025-06-28 03:00:00+00:00
1751083200000,0.05992,0.06,0.0595,0.05954,2442072.0,1751086800000,145849.4647,2501,2025-06-28 04:00:00+00:00
1751086800000,0.0595,0.06,0.0595,0.0597,3855040.0,1751090400000,229803.95455,2329,2025-06-28 05:00:00+00:00
1751090400000,0.05966,0.06006,0.05956,0.05959,7948964.0,1751094000000,476701.41816,3039,2025-06-28 06:00:00+00:00
1751094000000,0.05959,0.0596,0.05747,0.05849,15016017.0,1751097600000,879947.14063,9030,2025-06-28 07:00:00+00:00
1751097600000,0.05848,0.05851,0.05693,0.05732,7215867.0,1751101200000,415870.88014,4588,2025-06-28 08:00:00+00:00
1751101200000,0.05729,0.0582,0.05692,0.05761,1924057.0,1751104800000,111078.60888,2950,2025-06-28 09:00:00+00:00
1751104800000,0.05759,0.05835,0.05699,0.05801,3745893.0,1751108400000,215798.73238,3339,2025-06-28 10:00:00+00:00
1751108400000,0.05802,0.05844,0.05744,0.05785,2530174.0,1751112000000,146484.6401,2383,2025-06-28 11:00:00+00:00
1751112000000,0.05782,0.06006,0.05757,0.05972,11522235.0,1751115600000,682168.2129,6752,2025-06-28 12:00:00+00:00
1751115600000,0.05973,0.06004,0.05952,0.05955,1959384.0,1751119200000,117168.97096,3096,2025-06-28 13:00:00+00:00
1751119200000,0.05956,0.05993,0.05952,0.05971,951621.0,1751122800000,56902.34543,1699,2025-06-28 14:00:00+00:00
1751122800000,0.05972,0.06006,0.05942,0.05973,6706256.0,1751126400000,401732.50447,2261,2025-06-28 15:00:00+00:00
1751126400000,0.05973,0.06001,0.05916,0.05997,1662969.0,1751130000000,99223.18566,1972,2025-06-28 16:00:00+00:00
1751130000000,0.05998,0.06006,0.05964,0.05971,1675765.0,1751133600000,100390.57684,1223,2025-06-28 17:00:00+00:00
1751133600000,0.05971,0.05984,0.05925,0.0596,1678599.0,1751137200000,99965.58773,1626,2025-06-28 18:00:00+00:00
1751137200000,0.0596,0.05998,0.05919,0.05994,1410099.0,1751140800000,84010.95481,1471,2025-06-28 19:00:00+00:00
1751140800000,0.05995,0.06006,0.05954,0.05983,649794.0,1751144400000,38873.87402,859,2025-06-28 20:00:00+00:00
1751144400000,0.05985,0.05987,0.0595,0.05952,383605.0,1751148000000,22889.25409,658,2025-06-28 21:00:00+00:00
1751148000000,0.05952,0.05959,0.05918,0.05949,2860187.0,1751151600000,169941.06174,1501,2025-06-28 22:00:00+00:00
1751151600000,0.05949,0.05979,0.0593,0.05955,718692.0,1751155200000,42787.51902,698,2025-06-28 23:00:00+00:00
1751155200000,0.05955,0.05998,0.05927,0.05957,1411787.0,1751158800000,84235.94422,1689,2025-06-29 00:00:00+00:00
1751158800000,0.05956,0.05971,0.05923,0.05933,1141281.0,1751162400000,67807.16058,1257,2025-06-29 01:00:00+00:00
1751162400000,0.05932,0.05932,0.05861,0.05879,5151697.0,1751166000000,303949.10583,1757,2025-06-29 02:00:00+00:00
1751166000000,0.05881,0.05962,0.05839,0.0589,1481618.0,1751169600000,87261.36718,2121,2025-06-29 03:00:00+00:00
1751169600000,0.05889,0.05899,0.05835,0.05886,740555.0,1751173200000,43437.85358,1598,2025-06-29 04:00:00+00:00
1751173200000,0.05885,0.0596,0.05864,0.05883,2044701.0,1751176800000,120945.68505,2346,2025-06-29 05:00:00+00:00
1751176800000,0.05884,0.05941,0.0588,0.05903,1061789.0,1751180400000,62766.73917,1601,2025-06-29 06:00:00+00:00
1751180400000,0.05904,0.05925,0.05707,0.0584,7104201.0,1751184000000,412392.18678,5982,2025-06-29 07:00:00+00:00
1751184000000,0.05841,0.05866,0.05822,0.05862,1340598.0,1751187600000,78366.34354,2118,2025-06-29 08:00:00+00:00
1751187600000,0.05863,0.05981,0.05851,0.05963,2897478.0,1751191200000,171203.37732,3691,2025-06-29 09:00:00+00:00
1751191200000,0.05963,0.06006,0.05931,0.05947,3429488.0,1751194800000,205389.00475,2221,2025-06-29 10:00:00+00:00
1751194800000,0.05945,0.0595,0.05917,0.05919,360518.0,1751198400000,21393.65891,602,2025-06-29 11:00:00+00:00
1751198400000,0.05919,0.05996,0.05861,0.05954,2811185.0,1751202000000,166896.29331,2896,2025-06-29 12:00:00+00:00
1751202000000,0.05955,0.06168,0.05927,0.06008,9923330.0,1751205600000,598533.30516,8269,2025-06-29 13:00:00+00:00
1751205600000,0.06009,0.06038,0.0596,0.05985,2008866.0,1751209200000,120392.29081,1981,2025-06-29 14:00:00+00:00
1751209200000,0.05983,0.0605,0.05956,0.05977,2348512.0,1751212800000,141219.21836,2305,2025-06-29 15:00:00+00:00
1751212800000,0.05978,0.06015,0.05951,0.05956,1733024.0,1751216400000,103612.90862,1381,2025-06-29 16:00:00+00:00
1751216400000,0.05958,0.06039,0.0595,0.05969,2863124.0,1751220000000,171552.1212,2213,2025-06-29 17:00:00+00:00
1751220000000,0.05969,0.05985,0.05953,0.05971,862116.0,1751223600000,51444.28191,852,2025-06-29 18:00:00+00:00
1751223600000,0.05968,0.0625,0.05875,0.0622,23952610.0,1751227200000,1450787.71666,12179,2025-06-29 19:00:00+00:00
1751227200000,0.06222,0.06239,0.0611,0.06191,2278813.0,1751230800000,140946.04006,4046,2025-06-29 20:00:00+00:00
1751230800000,0.06191,0.0624,0.06088,0.06107,2484071.0,1751234400000,153562.12425,2182,2025-06-29 21:00:00+00:00
1751234400000,0.06107,0.06211,0.06062,0.06165,3429973.0,1751238000000,210602.7713,3573,2025-06-29 22:00:00+00:00
1751238000000,0.06164,0.06206,0.0612,0.06169,3102791.0,1751241600000,191275.42407,3145,2025-06-29 23:00:00+00:00
1751241600000,0.06167,0.0625,0.06159,0.06248,3506198.0,1751245200000,217974.60536,2871,2025-06-30 00:00:00+00:00
1751245200000,0.06247,0.0625,0.06194,0.06231,3156140.0,1751248800000,197034.0348,2504,2025-06-30 01:00:00+00:00
1751248800000,0.06231,0.0625,0.06217,0.06225,4511913.0,1751252400000,281829.43315,1854,2025-06-30 02:00:00+00:00
1751252400000,0.06221,0.06249,0.0622,0.06229,856588.0,1751256000000,53410.33128,869,2025-06-30 03:00:00+00:00
1751256000000,0.06229,0.06247,0.062,0.06237,1162727.0,1751259600000,72409.49309,1486,2025-06-30 04:00:00+00:00
1751259600000,0.06237,0.06243,0.062,0.06201,3185383.0,1751263200000,197703.75039,2799,2025-06-30 05:00:00+00:00
1751263200000,0.06201,0.0625,0.06183,0.06199,4263278.0,1751266800000,265339.00429,1789,2025-06-30 06:00:00+00:00
1751266800000,0.06198,0.06242,0.06171,0.06182,1194989.0,1751270400000,74119.83294,1065,2025-06-30 07:00:00+00:00
1751270400000,0.06182,0.0621,0.06136,0.06142,654523.0,1751274000000,40399.57523,885,2025-06-30 08:00:00+00:00
1751274000000,0.06143,0.06179,0.06129,0.06147,987533.0,1751277600000,60751.93993,1359,2025-06-30 09:00:00+00:00
1751277600000,0.06148,0.06163,0.06121,0.06137,953184.0,1751281200000,58482.7906,1286,2025-06-30 10:00:00+00:00
1751281200000,0.06137,0.06229,0.06134,0.06192,2676882.0,1751284800000,165374.74351,1697,2025-06-30 11:00:00+00:00
1751284800000,0.06191,0.06224,0.06184,0.06203,624772.0,1751288400000,38748.35974,1180,2025-06-30 12:00:00+00:00
1751288400000,0.06204,0.06221,0.0618,0.06195,2579371.0,1751292000000,160142.86201,1676,2025-06-30 13:00:00+00:00
1751292000000,0.06192,0.06214,0.06129,0.06142,1296416.0,1751295600000,79982.32311,1514,2025-06-30 14:00:00+00:00
1751295600000,0.0614,0.06171,0.06119,0.06128,1530736.0,1751299200000,94049.12003,2213,2025-06-30 15:00:00+00:00
1751299200000,0.06127,0.06208,0.06112,0.0615,1756904.0,1751302800000,108197.90112,1959,2025-06-30 16:00:00+00:00
1751302800000,0.0615,0.06165,0.06112,0.06119,1237782.0,1751306400000,75896.65649,1900,2025-06-30 17:00:00+00:00
1751306400000,0.06119,0.0616,0.06116,0.06122,1152212.0,1751310000000,70673.41253,1432,2025-06-30 18:00:00+00:00
1751310000000,0.06124,0.06134,0.06069,0.06111,1483335.0,1751313600000,90606.08589,1740,2025-06-30 19:00:00+00:00
1751313600000,0.06109,0.06236,0.06095,0.06226,4860776.0,1751317200000,299186.48504,3986,2025-06-30 20:00:00+00:00
1751317200000,0.06228,0.06233,0.06163,0.062,1624728.0,1751320800000,100696.77705,1965,2025-06-30 21:00:00+00:00
1751320800000,0.062,0.06229,0.06181,0.06203,933516.0,1751324400000,57965.7954,1140,2025-06-30 22:00:00+00:00
1751324400000,0.06205,0.06213,0.06173,0.06174,668674.0,1751328000000,41395.2004,955,2025-06-30 23:00:00+00:00
1751328000000,0.06174,0.06177,0.06071,0.06127,2867146.0,1751331600000,175705.1039,3297,2025-07-01 00:00:00+00:00
1751331600000,0.06128,0.06215,0.06117,0.06181,2100144.0,1751335200000,129470.12337,3796,2025-07-01 01:00:00+00:00
1751335200000,0.06183,0.06202,0.0615,0.06185,741474.0,1751338800000,45846.17624,1319,2025-07-01 02:00:00+00:00
1751338800000,0.06185,0.06197,0.06032,0.06032,1932340.0,1751342400000,117867.46376,2682,2025-07-01 03:00:00+00:00
1751342400000,0.06034,0.06086,0.05996,0.06009,1971959.0,1751346000000,118960.35907,2167,2025-07-01 04:00:00+00:00
1751346000000,0.0601,0.06055,0.0594,0.06016,2355486.0,1751349600000,141167.14882,2583,2025-07-01 05:00:00+00:00
1751349600000,0.06012,0.06055,0.05952,0.05965,3692785.0,1751353200000,221540.12905,3293,2025-07-01 06:00:00+00:00
1751353200000,0.05965,0.05999,0.05895,0.05971,1377878.0,1751356800000,81818.10582,2147,2025-07-01 07:00:00+00:00
1751356800000,0.05969,0.05978,0.05924,0.05941,488427.0,1751360400000,29039.35431,1015,2025-07-01 08:00:00+00:00
1751360400000,0.0594,0.0602,0.05928,0.06002,1588011.0,1751364000000,95011.25362,2084,2025-07-01 09:00:00+00:00
1751364000000,0.06,0.06015,0.0598,0.06002,725552.0,1751367600000,43531.18893,1033,2025-07-01 10:00:00+00:00
1751367600000,0.06002,0.06017,0.05834,0.05934,8547624.0,1751371200000,507849.66043,6980,2025-07-01 11:00:00+00:00
1751371200000,0.05927,0.06223,0.05888,0.06162,12749352.0,1751374800000,783296.37048,8190,2025-07-01 12:00:00+00:00
1751374800000,0.06162,0.06196,0.0611,0.06169,2400314.0,1751378400000,147695.82944,3257,2025-07-01 13:00:00+00:00
1751378400000,0.06166,0.0621,0.06137,0.06189,2561948.0,1751382000000,157981.63637,3153,2025-07-01 14:00:00+00:00
1751382000000,0.06189,0.06201,0.06095,0.06179,6851217.0,1751385600000,420175.90301,4002,2025-07-01 15:00:00+00:00
1751385600000,0.06185,0.06246,0.06166,0.06241,1483015.0,1751389200000,92151.08031,2127,2025-07-01 16:00:00+00:00
1751389200000,0.06241,0.0625,0.06106,0.06182,13996594.0,1751392800000,871684.1819,6134,2025-07-01 17:00:00+00:00
1751392800000,0.06177,0.0622,0.06125,0.06136,1405765.0,1751396400000,86762.0389,2834,2025-07-01 18:00:00+00:00
1751396400000,0.0614,0.072,0.061,0.06246,29695537.0,1751400000000,1934326.99807,31580,2025-07-01 19:00:00+00:00
1751400000000,0.06249,0.063,0.06179,0.06257,5013777.0,1751403600000,313454.74099,7068,2025-07-01 20:00:00+00:00
1751403600000,0.06258,0.06298,0.06146,0.0617,3168944.0,1751407200000,197036.26888,4201,2025-07-01 21:00:00+00:00
1751407200000,0.0617,0.06207,0.06136,0.06145,824277.0,1751410800000,50870.91374,1597,2025-07-01 22:00:00+00:00
1751410800000,0.06145,0.06178,0.06121,0.06154,834300.0,1751414400000,51302.06515,1378,2025-07-01 23:00:00+00:00
1751414400000,0.06154,0.06196,0.06069,0.06076,1555533.0,1751418000000,95200.63511,2316,2025-07-02 00:00:00+00:00
1751418000000,0.06075,0.06204,0.06061,0.06201,2051264.0,1751421600000,125940.73836,2684,2025-07-02 01:00:00+00:00
1751421600000,0.06202,0.06301,0.06201,0.0629,1751990.0,1751425200000,109928.13868,2808,2025-07-02 02:00:00+00:00
1751425200000,0.0629,0.06414,0.06238,0.06241,2686389.0,1751428800000,170251.49839,4045,2025-07-02 03:00:00+00:00
1751428800000,0.0624,0.0632,0.0617,0.06253,3099900.0,1751432400000,193700.71995,5152,2025-07-02 04:00:00+00:00
1751432400000,0.06253,0.06266,0.06097,0.06121,2069658.0,1751436000000,128080.05059,3538,2025-07-02 05:00:00+00:00
1751436000000,0.06121,0.06213,0.05982,0.06149,7596989.0,1751439600000,464942.87677,8351,2025-07-02 06:00:00+00:00
1751439600000,0.06148,0.06148,0.06027,0.06109,1694891.0,1751443200000,103066.35323,2842,2025-07-02 07:00:00+00:00
1751443200000,0.06108,0.06167,0.06072,0.06151,1752787.0,1751446800000,107161.26055,2595,2025-07-02 08:00:00+00:00
1751446800000,0.0615,0.06289,0.06123,0.06237,1848248.0,1751450400000,114739.33314,2737,2025-07-02 09:00:00+00:00
1751450400000,0.06238,0.0625,0.06147,0.06198,4015301.0,1751454000000,248508.72539,3041,2025-07-02 10:00:00+00:00
1751454000000,0.06201,0.06201,0.06121,0.06154,1548624.0,1751457600000,95263.30768,2026,2025-07-02 11:00:00+00:00
1751457600000,0.06154,0.06187,0.06087,0.06134,2122139.0,1751461200000,130440.83674,2103,2025-07-02 12:00:00+00:00
1751461200000,0.06134,0.06163,0.06104,0.06125,941301.0,1751464800000,57724.86937,1473,2025-07-02 13:00:00+00:00
1751464800000,0.06125,0.06268,0.06112,0.06203,2415034.0,1751468400000,149848.87744,3245,2025-07-02 14:00:00+00:00
1751468400000,0.06206,0.06279,0.06196,0.06247,1725823.0,1751472000000,107660.21928,2497,2025-07-02 15:00:00+00:00
1751472000000,0.06246,0.06354,0.06244,0.06265,5690049.0,1751475600000,358304.32652,8152,2025-07-02 16:00:00+00:00
1751475600000,0.06266,0.06284,0.06204,0.06234,6756757.0,1751479200000,422114.95206,6722,2025-07-02 17:00:00+00:00
1751479200000,0.06234,0.06247,0.06115,0.06138,1525940.0,1751482800000,94330.08072,2666,2025-07-02 18:00:00+00:00
1751482800000,0.06135,0.06148,0.06048,0.06074,2913784.0,1751486400000,177656.0122,2446,2025-07-02 19:00:00+00:00
1751486400000,0.06073,0.06109,0.06034,0.06039,2145382.0,1751490000000,130197.83328,2654,2025-07-02 20:00:00+00:00
1751490000000,0.0604,0.06067,0.06,0.06016,2702601.0,1751493600000,162875.72704,2882,2025-07-02 21:00:00+00:00
1751493600000,0.06016,0.06068,0.05993,0.06016,1975638.0,1751497200000,118919.44608,1830,2025-07-02 22:00:00+00:00
1751497200000,0.06017,0.06018,0.05937,0.05991,4566743.0,1751500800000,273469.55662,2562,2025-07-02 23:00:00+00:00
1751500800000,0.05993,0.06012,0.05867,0.05907,5455110.0,1751504400000,324642.86137,4135,2025-07-03 00:00:00+00:00
1751504400000,0.05908,0.05913,0.05821,0.05834,3123466.0,1751508000000,183307.30256,3181,2025-07-03 01:00:00+00:00
1751508000000,0.05832,0.05846,0.056,0.05616,5527734.0,1751511600000,315069.8681,5353,2025-07-03 02:00:00+00:00
1751511600000,0.05614,0.0569,0.05473,0.05507,9790750.0,1751515200000,544933.4692,9694,2025-07-03 03:00:00+00:00
1751515200000,0.05506,0.06126,0.05496,0.0597,16900038.0,1751518800000,985776.94373,19554,2025-07-03 04:00:00+00:00
1751518800000,0.05972,0.06023,0.05896,0.05973,4584962.0,1751522400000,273025.86565,7737,2025-07-03 05:00:00+00:00
1751522400000,0.05974,0.06089,0.05942,0.06014,2845549.0,1751526000000,171168.38198,5553,2025-07-03 06:00:00+00:00
1751526000000,0.06015,0.06135,0.06004,0.061,3012253.0,1751529600000,182876.67898,5795,2025-07-03 07:00:00+00:00
1751529600000,0.06098,0.06142,0.06042,0.06047,2163453.0,1751533200000,131983.83121,3797,2025-07-03 08:00:00+00:00
1751533200000,0.06047,0.06068,0.05965,0.05978,1940402.0,1751536800000,116464.41901,3299,2025-07-03 09:00:00+00:00
1751536800000,0.0597,0.06222,0.05931,0.06167,5884048.0,1751540400000,356774.29815,6934,2025-07-03 10:00:00+00:00
1751540400000,0.06168,0.06194,0.06091,0.06157,1741911.0,1751544000000,106932.56488,3687,2025-07-03 11:00:00+00:00
1751544000000,0.06158,0.06204,0.06103,0.06136,2778204.0,1751547600000,171303.09973,3851,2025-07-03 12:00:00+00:00
1751547600000,0.06136,0.0625,0.0613,0.0623,3555792.0,1751551200000,220245.86048,5720,2025-07-03 13:00:00+00:00
1751551200000,0.06232,0.06252,0.06157,0.06187,5054770.0,1751554800000,314378.93503,4475,2025-07-03 14:00:00+00:00
1751554800000,0.06189,0.06212,0.06106,0.06147,2899847.0,1751558400000,178364.54363,4180,2025-07-03 15:00:00+00:00
1751558400000,0.06149,0.06226,0.06149,0.06208,1666589.0,1751562000000,103071.15596,4381,2025-07-03 16:00:00+00:00
1751562000000,0.06211,0.0623,0.06196,0.06226,655405.0,1751565600000,40780.14094,965,2025-07-03 17:00:00+00:00
1751565600000,0.06228,0.06251,0.06202,0.06213,1628809.0,1751569200000,101528.30579,1747,2025-07-03 18:00:00+00:00
1751569200000,0.06211,0.06234,0.06182,0.06208,652273.0,1751572800000,40432.31453,1514,2025-07-03 19:00:00+00:00
1751572800000,0.06206,0.0621,0.06145,0.06159,437693.0,1751576400000,27016.99474,671,2025-07-03 20:00:00+00:00
1751576400000,0.06159,0.06198,0.06153,0.06164,435655.0,1751580000000,26896.63404,697,2025-07-03 21:00:00+00:00
1751580000000,0.06163,0.06197,0.06136,0.0618,700763.0,1751583600000,43212.05914,1007,2025-07-03 22:00:00+00:00
1751583600000,0.06179,0.06181,0.06147,0.06164,3072748.0,1751587200000,189508.67112,5957,2025-07-03 23:00:00+00:00
1751587200000,0.06163,0.06163,0.06065,0.06091,1835907.0,1751590800000,111955.56282,1713,2025-07-04 00:00:00+00:00
1751590800000,0.06091,0.06092,0.06058,0.06067,536991.0,1751594400000,32592.63448,924,2025-07-04 01:00:00+00:00
1751594400000,0.06068,0.0607,0.06025,0.06029,412361.0,1751598000000,24945.16783,749,2025-07-04 02:00:00+00:00
1751598000000,0.06025,0.06172,0.06021,0.06121,1886617.0,1751601600000,115092.2641,2291,2025-07-04 03:00:00+00:00
1751601600000,0.06116,0.06182,0.0611,0.06156,1189685.0,1751605200000,73255.94752,1296,2025-07-04 04:00:00+00:00
1751605200000,0.06157,0.0625,0.06157,0.06182,3326862.0,1751608800000,206654.65399,3424,2025-07-04 05:00:00+00:00
1751608800000,0.06184,0.06198,0.06069,0.06113,1976959.0,1751612400000,120894.71318,3183,2025-07-04 06:00:00+00:00
1751612400000,0.06112,0.06169,0.06099,0.06131,917413.0,1751616000000,56248.09131,1635,2025-07-04 07:00:00+00:00
1751616000000,0.0613,0.06147,0.06053,0.06139,1371131.0,1751619600000,83628.75653,2144,2025-07-04 08:00:00+00:00
1751619600000,0.06137,0.06211,0.06096,0.06197,1813132.0,1751623200000,111682.67986,2742,2025-07-04 09:00:00+00:00
1751623200000,0.06198,0.06216,0.06177,0.062,1637464.0,1751626800000,101490.95792,2657,2025-07-04 10:00:00+00:00
1751626800000,0.06201,0.0622,0.06143,0.062,1539314.0,1751630400000,95154.24528,2857,2025-07-04 11:00:00+00:00
1751630400000,0.06196,0.06213,0.06072,0.06082,3042752.0,1751634000000,186871.81693,3683,2025-07-04 12:00:00+00:00
1751634000000,0.06082,0.06101,0.06,0.06064,3379780.0,1751637600000,204392.2,3873,2025-07-04 13:00:00+00:00
1751637600000,0.06062,0.06087,0.06016,0.06078,1866243.0,1751641200000,113006.09803,3234,2025-07-04 14:00:00+00:00
1751641200000,0.06077,0.06119,0.0605,0.06111,896255.0,1751644800000,54494.19826,2238,2025-07-04 15:00:00+00:00
1751644800000,0.06109,0.06136,0.06055,0.06107,1593056.0,1751648400000,96919.80058,3684,2025-07-04 16:00:00+00:00
1751648400000,0.06102,0.06132,0.06058,0.06065,965708.0,1751652000000,58910.52905,2053,2025-07-04 17:00:00+00:00
1751652000000,0.06064,0.06066,0.06,0.06025,1083808.0,1751655600000,65346.98624,1293,2025-07-04 18:00:00+00:00
1751655600000,0.06025,0.06075,0.06003,0.06011,656963.0,1751659200000,39695.02687,1058,2025-07-04 19:00:00+00:00
1751659200000,0.06009,0.06038,0.05921,0.05926,2640956.0,1751662800000,158168.69177,1166,2025-07-04 20:00:00+00:00
1751662800000,0.05928,0.05961,0.05892,0.05895,722499.0,1751666400000,42839.96102,975,2025-07-04 21:00:00+00:00
1751666400000,0.05894,0.05912,0.0588,0.05883,397823.0,1751670000000,23454.24348,816,2025-07-04 22:00:00+00:00
1751670000000,0.05883,0.05883,0.05759,0.05781,1424768.0,1751673600000,82777.71722,2425,2025-07-04 23:00:00+00:00
1751673600000,0.0578,0.05858,0.05772,0.05853,995393.0,1751677200000,57931.96519,2127,2025-07-05 00:00:00+00:00
1751677200000,0.05853,0.05866,0.05717,0.05727,846603.0,1751680800000,48889.48764,1958,2025-07-05 01:00:00+00:00
1751680800000,0.05723,0.05836,0.05717,0.05794,1214062.0,1751684400000,70378.71446,1903,2025-07-05 02:00:00+00:00
1751684400000,0.05795,0.05981,0.05787,0.05945,5209610.0,1751688000000,307527.44636,4202,2025-07-05 03:00:00+00:00
1751688000000,0.05944,0.05956,0.05836,0.05847,2238419.0,1751691600000,131732.30115,2134,2025-07-05 04:00:00+00:00
1751691600000,0.05847,0.05943,0.05834,0.05935,1563760.0,1751695200000,92017.59124,2818,2025-07-05 05:00:00+00:00
1751695200000,0.05933,0.05948,0.05893,0.05933,1439645.0,1751698800000,85237.91337,2743,2025-07-05 06:00:00+00:00
1751698800000,0.0593,0.05971,0.05912,0.05944,1389263.0,1751702400000,82500.62762,2552,2025-07-05 07:00:00+00:00
1751702400000,0.05941,0.05956,0.05881,0.05895,1109282.0,1751706000000,65594.01269,1787,2025-07-05 08:00:00+00:00
1751706000000,0.05897,0.05969,0.0587,0.05934,831617.0,1751709600000,49263.21278,1615,2025-07-05 09:00:00+00:00
1751709600000,0.05935,0.0599,0.0591,0.05914,654523.0,1751713200000,38982.07116,1357,2025-07-05 10:00:00+00:00
1751713200000,0.05916,0.06036,0.0591,0.05974,1935415.0,1751716800000,115930.83998,4210,2025-07-05 11:00:00+00:00
1751716800000,0.05973,0.05995,0.05855,0.05856,2328046.0,1751720400000,138020.04001,4787,2025-07-05 12:00:00+00:00
1751720400000,0.05854,0.05938,0.05849,0.05915,1846006.0,1751724000000,108996.71782,3145,2025-07-05 13:00:00+00:00
1751724000000,0.05915,0.05918,0.05859,0.05876,1009481.0,1751727600000,59346.55466,1997,2025-07-05 14:00:00+00:00
1751727600000,0.05877,0.05917,0.05849,0.05866,1489671.0,1751731200000,87584.3793,2003,2025-07-05 15:00:00+00:00
1751731200000,0.05865,0.05896,0.0582,0.05871,1207565.0,1751734800000,70637.83378,2200,2025-07-05 16:00:00+00:00
1751734800000,0.05871,0.0589,0.05769,0.05867,2825194.0,1751738400000,164566.92823,4992,2025-07-05 17:00:00+00:00
1751738400000,0.05866,0.05893,0.05838,0.05889,1933628.0,1751742000000,113416.02463,3733,2025-07-05 18:00:00+00:00
1751742000000,0.05889,0.06027,0.05888,0.0601,2538006.0,1751745600000,150834.46256,4198,2025-07-05 19:00:00+00:00
1751745600000,0.06011,0.06077,0.05996,0.06048,2426233.0,1751749200000,146768.85088,4407,2025-07-05 20:00:00+00:00
1751749200000,0.06055,0.06089,0.0601,0.06021,2465493.0,1751752800000,149090.86579,4493,2025-07-05 21:00:00+00:00
1751752800000,0.06022,0.06138,0.06012,0.06088,2872022.0,1751756400000,175014.78364,4197,2025-07-05 22:00:00+00:00
1751756400000,0.06083,0.06098,0.0595,0.0596,1074375.0,1751760000000,64763.99451,1426,2025-07-05 23:00:00+00:00
1751760000000,0.05962,0.05998,0.05897,0.0598,1440656.0,1751763600000,85479.28408,1393,2025-07-06 00:00:00+00:00
1751763600000,0.05992,0.06009,0.05917,0.05951,1080665.0,1751767200000,64307.67811,1109,2025-07-06 01:00:00+00:00
1751767200000,0.05937,0.05972,0.05907,0.0591,950155.0,1751770800000,56439.2364,997,2025-07-06 02:00:00+00:00
1751770800000,0.05909,0.05969,0.05883,0.05917,1426752.0,1751774400000,84563.95009,927,2025-07-06 03:00:00+00:00
1751774400000,0.05909,0.05938,0.059,0.05924,221240.0,1751778000000,13079.01559,204,2025-07-06 04:00:00+00:00
1751778000000,0.05923,0.05923,0.05868,0.05886,488893.0,1751781600000,28790.40976,546,2025-07-06 05:00:00+00:00
1751781600000,0.05888,0.05957,0.05879,0.05957,2416854.0,1751785200000,142881.83842,1379,2025-07-06 06:00:00+00:00
1751785200000,0.05952,0.05977,0.05904,0.05915,416037.0,1751788800000,24708.61097,587,2025-07-06 07:00:00+00:00
1751788800000,0.05915,0.05957,0.05886,0.05949,903381.0,1751792400000,53518.88912,1998,2025-07-06 08:00:00+00:00
1751792400000,0.05949,0.06069,0.05945,0.06024,1885452.0,1751796000000,113381.96173,3992,2025-07-06 09:00:00+00:00
1751796000000,0.06021,0.06056,0.05986,0.06035,2248615.0,1751799600000,135402.6088,6068,2025-07-06 10:00:00+00:00
1751799600000,0.06038,0.06111,0.06032,0.061,2553468.0,1751803200000,155197.60627,6119,2025-07-06 11:00:00+00:00
1751803200000,0.06101,0.062,0.06093,0.06188,4329498.0,1751806800000,266916.63369,7115,2025-07-06 12:00:00+00:00
1751806800000,0.06189,0.06224,0.06119,0.06162,3407492.0,1751810400000,210911.86812,6151,2025-07-06 13:00:00+00:00
1751810400000,0.06163,0.06174,0.06019,0.06046,4217352.0,1751814000000,255642.59284,3786,2025-07-06 14:00:00+00:00
1751814000000,0.06046,0.06103,0.06029,0.06073,782570.0,1751817600000,47424.11983,1024,2025-07-06 15:00:00+00:00
1751817600000,0.06076,0.06109,0.06019,0.06106,688581.0,1751821200000,41753.15065,1000,2025-07-06 16:00:00+00:00
1751821200000,0.06107,0.06249,0.06081,0.06199,1957895.0,1751824800000,120751.56712,2410,2025-07-06 17:00:00+00:00
1751824800000,0.06199,0.06227,0.06179,0.06202,1178628.0,1751828400000,73161.80176,1282,2025-07-06 18:00:00+00:00
1751828400000,0.06202,0.06238,0.06139,0.06208,1491709.0,1751832000000,92359.06326,2070,2025-07-06 19:00:00+00:00
1751832000000,0.06209,0.06368,0.06171,0.06201,5971172.0,1751835600000,374047.63556,3856,2025-07-06 20:00:00+00:00
1751835600000,0.06201,0.06215,0.06167,0.06214,1008840.0,1751839200000,62487.55368,1190,2025-07-06 21:00:00+00:00
1751839200000,0.06215,0.06215,0.06169,0.062,453571.0,1751842800000,28077.74879,1208,2025-07-06 22:00:00+00:00
1751842800000,0.06203,0.06208,0.06167,0.06199,517262.0,1751846400000,32023.32128,1221,2025-07-06 23:00:00+00:00
1751846400000,0.062,0.06234,0.06174,0.06202,766807.0,1751850000000,47555.42088,994,2025-07-07 00:00:00+00:00
1751850000000,0.062,0.06215,0.0616,0.062,804863.0,1751853600000,49848.19429,1002,2025-07-07 01:00:00+00:00
1751853600000,0.062,0.06305,0.06197,0.06255,1003370.0,1751857200000,62763.57845,837,2025-07-07 02:00:00+00:00
1751857200000,0.06262,0.06309,0.06192,0.06199,939333.0,1751860800000,58708.44035,942,2025-07-07 03:00:00+00:00
1751860800000,0.06201,0.06245,0.06171,0.06205,649517.0,1751864400000,40319.84493,785,2025-07-07 04:00:00+00:00
1751864400000,0.06206,0.06232,0.06163,0.06207,888147.0,1751868000000,55029.77187,1048,2025-07-07 05:00:00+00:00
1751868000000,0.06205,0.06205,0.0617,0.06202,972930.0,1751871600000,60243.04049,682,2025-07-07 06:00:00+00:00
1751871600000,0.06201,0.06255,0.06193,0.0622,663800.0,1751875200000,41335.28053,522,2025-07-07 07:00:00+00:00
1751875200000,0.06224,0.06237,0.06192,0.06198,896422.0,1751878800000,55703.96433,718,2025-07-07 08:00:00+00:00
1751878800000,0.06198,0.06216,0.06166,0.06167,948809.0,1751882400000,58750.37364,878,2025-07-07 09:00:00+00:00
1751882400000,0.06167,0.06193,0.06123,0.06179,1084963.0,1751886000000,66803.54341,1030,2025-07-07 10:00:00+00:00
1751886000000,0.06182,0.06209,0.06166,0.06195,554955.0,1751889600000,34367.15969,828,2025-07-07 11:00:00+00:00
1751889600000,0.06197,0.06213,0.06172,0.062,590343.0,1751893200000,36574.98541,1003,2025-07-07 12:00:00+00:00
1751893200000,0.062,0.06206,0.06166,0.06194,860119.0,1751896800000,53211.61307,1360,2025-07-07 13:00:00+00:00
1751896800000,0.06196,0.06265,0.06177,0.06224,1212554.0,1751900400000,75536.61074,1284,2025-07-07 14:00:00+00:00
1751900400000,0.06225,0.06243,0.06192,0.06218,823256.0,1751904000000,51134.22815,929,2025-07-07 15:00:00+00:00
1751904000000,0.0622,0.06261,0.06211,0.06233,1183304.0,1751907600000,73835.02627,915,2025-07-07 16:00:00+00:00
1751907600000,0.06234,0.06278,0.06225,0.06238,828178.0,1751911200000,51726.3612,837,2025-07-07 17:00:00+00:00
1751911200000,0.0624,0.06271,0.0624,0.06258,908512.0,1751914800000,56847.36992,942,2025-07-07 18:00:00+00:00
1751914800000,0.06263,0.06263,0.06197,0.06218,644808.0,1751918400000,40157.89382,676,2025-07-07 19:00:00+00:00
1751918400000,0.06215,0.06217,0.06169,0.06182,345314.0,1751922000000,21382.31518,767,2025-07-07 20:00:00+00:00
1751922000000,0.06179,0.06231,0.06171,0.06214,435298.0,1751925600000,26983.54453,532,2025-07-07 21:00:00+00:00
1751925600000,0.06215,0.0622,0.06188,0.06205,741628.0,1751929200000,46011.88643,610,2025-07-07 22:00:00+00:00
1751929200000,0.06204,0.06212,0.0615,0.06175,334225.0,1751932800000,20641.71576,632,2025-07-07 23:00:00+00:00
1751932800000,0.06176,0.06231,0.0616,0.06199,1154565.0,1751936400000,71521.13133,1367,2025-07-08 00:00:00+00:00
1751936400000,0.06192,0.062,0.0615,0.06165,388597.0,1751940000000,23986.81982,978,2025-07-08 01:00:00+00:00
1751940000000,0.06165,0.06244,0.06151,0.06197,724406.0,1751943600000,44950.60859,1027,2025-07-08 02:00:00+00:00
1751943600000,0.06203,0.06222,0.06194,0.062,420787.0,1751947200000,26109.27609,529,2025-07-08 03:00:00+00:00
1751947200000,0.06201,0.06301,0.06201,0.06239,1364740.0,1751950800000,85442.853,1563,2025-07-08 04:00:00+00:00
1751950800000,0.06239,0.06304,0.06221,0.06274,1499178.0,1751954400000,93866.01488,1463,2025-07-08 05:00:00+00:00
1751954400000,0.06275,0.06329,0.06236,0.06254,1876828.0,1751958000000,117801.73599,1861,2025-07-08 06:00:00+00:00
1751958000000,0.06257,0.06359,0.06172,0.06212,2837409.0,1751961600000,177804.40027,1870,2025-07-08 07:00:00+00:00
1751961600000,0.0621,0.06227,0.06181,0.06199,534675.0,1751965200000,33163.2396,660,2025-07-08 08:00:00+00:00
1751965200000,0.06197,0.06215,0.06188,0.062,282768.0,1751968800000,17527.97655,595,2025-07-08 09:00:00+00:00
1751968800000,0.06201,0.06212,0.06191,0.06205,131447.0,1751972400000,8151.78643,330,2025-07-08 10:00:00+00:00
1751972400000,0.06207,0.06228,0.06191,0.062,339153.0,1751976000000,21069.22719,408,2025-07-08 11:00:00+00:00
1751976000000,0.06207,0.0623,0.06202,0.06205,343547.0,1751979600000,21337.27478,347,2025-07-08 12:00:00+00:00
1751979600000,0.06206,0.06232,0.062,0.06212,267581.0,1751983200000,16644.17817,267,2025-07-08 13:00:00+00:00
1751983200000,0.0621,0.0621,0.06067,0.06154,2125381.0,1751986800000,130451.04333,2613,2025-07-08 14:00:00+00:00
1751986800000,0.06153,0.06155,0.06029,0.06053,896337.0,1751990400000,54562.0078,1781,2025-07-08 15:00:00+00:00
1751990400000,0.06053,0.06102,0.06036,0.06059,781700.0,1751994000000,47436.80947,1488,2025-07-08 16:00:00+00:00
1751994000000,0.06059,0.06229,0.06056,0.06185,1561836.0,1751997600000,96174.35213,2250,2025-07-08 17:00:00+00:00
1751997600000,0.06184,0.06249,0.06161,0.06197,1541804.0,1752001200000,95527.60365,1889,2025-07-08 18:00:00+00:00
1752001200000,0.06198,0.06203,0.06177,0.06187,499882.0,1752004800000,30948.83786,1200,2025-07-08 19:00:00+00:00
1752004800000,0.06187,0.0621,0.06183,0.06204,373350.0,1752008400000,23141.20557,808,2025-07-08 20:00:00+00:00
1752008400000,0.06203,0.06229,0.06197,0.0621,207670.0,1752012000000,12902.00688,249,2025-07-08 21:00:00+00:00
1752012000000,0.06211,0.06212,0.06141,0.06182,654372.0,1752015600000,40421.07905,992,2025-07-08 22:00:00+00:00
1752015600000,0.06181,0.06207,0.0616,0.06199,405040.0,1752019200000,25053.21667,865,2025-07-08 23:00:00+00:00
1752019200000,0.06197,0.06256,0.06165,0.062,753263.0,1752022800000,46683.4346,949,2025-07-09 00:00:00+00:00
1752022800000,0.062,0.0623,0.06195,0.06202,254487.0,1752026400000,15811.52322,440,2025-07-09 01:00:00+00:00
1752026400000,0.06204,0.0622,0.0619,0.06201,393251.0,1752030000000,24385.0604,627,2025-07-09 02:00:00+00:00
1752030000000,0.062,0.0635,0.06196,0.06337,3477723.0,1752033600000,218604.88623,3481,2025-07-09 03:00:00+00:00
1752033600000,0.06335,0.06347,0.06211,0.06221,1063877.0,1752037200000,66793.84511,778,2025-07-09 04:00:00+00:00
1752037200000,0.06227,0.06265,0.0619,0.06206,1072673.0,1752040800000,66781.74473,930,2025-07-09 05:00:00+00:00
1752040800000,0.06205,0.06228,0.06184,0.06224,913190.0,1752044400000,56693.55346,556,2025-07-09 06:00:00+00:00
1752044400000,0.06223,0.06235,0.06164,0.06198,1237774.0,1752048000000,76568.65679,863,2025-07-09 07:00:00+00:00
1752048000000,0.06196,0.06196,0.06125,0.06156,1457635.0,1752051600000,89653.42958,1147,2025-07-09 08:00:00+00:00
1752051600000,0.06156,0.06244,0.06135,0.06244,874717.0,1752055200000,54068.96244,939,2025-07-09 09:00:00+00:00
1752055200000,0.06243,0.06243,0.06184,0.06207,762364.0,1752058800000,47373.30041,535,2025-07-09 10:00:00+00:00
1752058800000,0.06206,0.06215,0.06158,0.06204,1648139.0,1752062400000,101905.95892,1348,2025-07-09 11:00:00+00:00
1752062400000,0.06203,0.06277,0.06188,0.06244,1641792.0,1752066000000,102297.29952,1504,2025-07-09 12:00:00+00:00
1752066000000,0.06244,0.06251,0.06217,0.06235,371194.0,1752069600000,23148.56073,573,2025-07-09 13:00:00+00:00
1752069600000,0.06238,0.06269,0.06217,0.06227,748265.0,1752073200000,46694.14145,1120,2025-07-09 14:00:00+00:00
1752073200000,0.06228,0.06244,0.06216,0.06218,265640.0,1752076800000,16556.5692,361,2025-07-09 15:00:00+00:00
1752076800000,0.06215,0.06238,0.06204,0.06223,673209.0,1752080400000,41905.4735,600,2025-07-09 16:00:00+00:00
1752080400000,0.06226,0.06242,0.06207,0.06236,394390.0,1752084000000,24542.84003,473,2025-07-09 17:00:00+00:00
1752084000000,0.06239,0.06333,0.06237,0.06286,1447410.0,1752087600000,91086.9942,1352,2025-07-09 18:00:00+00:00
1752087600000,0.06287,0.06345,0.06265,0.06337,2812505.0,1752091200000,177714.63365,2682,2025-07-09 19:00:00+00:00
1752091200000,0.06337,0.06339,0.06238,0.06256,1682394.0,1752094800000,105673.25425,1354,2025-07-09 20:00:00+00:00
1752094800000,0.06255,0.06329,0.06247,0.06247,1194240.0,1752098400000,75126.47681,990,2025-07-09 21:00:00+00:00
1752098400000,0.06248,0.06277,0.06247,0.06247,2125938.0,1752102000000,133159.72132,799,2025-07-09 22:00:00+00:00
1752102000000,0.0625,0.06273,0.06227,0.06266,1149533.0,1752105600000,71735.5567,632,2025-07-09 23:00:00+00:00
1752105600000,0.06264,0.0652,0.06226,0.06481,7971788.0,1752109200000,508584.42898,4002,2025-07-10 00:00:00+00:00
1752109200000,0.06484,0.06602,0.06326,0.06387,13320480.0,1752112800000,859286.66907,9059,2025-07-10 01:00:00+00:00
1752112800000,0.06385,0.06422,0.0631,0.06419,2879377.0,1752116400000,183099.56602,2103,2025-07-10 02:00:00+00:00
1752116400000,0.06418,0.06459,0.06372,0.06411,1886615.0,1752120000000,121133.71954,1662,2025-07-10 03:00:00+00:00
1752120000000,0.06412,0.06441,0.06337,0.06396,3071872.0,1752123600000,196101.14876,2025,2025-07-10 04:00:00+00:00
1752123600000,0.06393,0.06423,0.06337,0.06339,1571658.0,1752127200000,100517.23011,939,2025-07-10 05:00:00+00:00
1752127200000,0.06338,0.06382,0.06305,0.06306,2754539.0,1752130800000,174685.25665,2544,2025-07-10 06:00:00+00:00
1752130800000,0.06306,0.06328,0.06287,0.06292,1504485.0,1752134400000,94893.18747,1588,2025-07-10 07:00:00+00:00
1752134400000,0.06292,0.06293,0.06236,0.06243,1684339.0,1752138000000,105439.94476,1065,2025-07-10 08:00:00+00:00
1752138000000,0.06242,0.06242,0.06041,0.06049,3430653.0,1752141600000,210440.4368,1754,2025-07-10 09:00:00+00:00
1752141600000,0.06045,0.06128,0.05953,0.06054,4480260.0,1752145200000,271529.08966,2693,2025-07-10 10:00:00+00:00
1752145200000,0.06053,0.06079,0.06025,0.06055,887784.0,1752148800000,53728.00155,941,2025-07-10 11:00:00+00:00
1752148800000,0.06055,0.06161,0.06019,0.06143,3367428.0,1752152400000,204688.50991,1440,2025-07-10 12:00:00+00:00
1752152400000,0.0614,0.0614,0.0606,0.06102,2670518.0,1752156000000,162593.36979,2112,2025-07-10 13:00:00+00:00
1752156000000,0.06101,0.06101,0.06035,0.06055,1916086.0,1752159600000,116036.39888,1691,2025-07-10 14:00:00+00:00
1752159600000,0.06054,0.06054,0.05855,0.05879,3345935.0,1752163200000,198829.62071,2056,2025-07-10 15:00:00+00:00
1752163200000,0.05871,0.06018,0.05841,0.05979,5566769.0,1752166800000,330197.64126,3833,2025-07-10 16:00:00+00:00
1752166800000,0.05975,0.0604,0.05955,0.06023,2918173.0,1752170400000,175349.08333,2975,2025-07-10 17:00:00+00:00
1752170400000,0.06018,0.06038,0.05935,0.0594,2214033.0,1752174000000,132326.32117,1356,2025-07-10 18:00:00+00:00
1752174000000,0.05941,0.05971,0.05851,0.05856,1429137.0,1752177600000,84485.03318,1082,2025-07-10 19:00:00+00:00
1752177600000,0.05858,0.05949,0.05858,0.05919,1913166.0,1752181200000,112994.04386,1362,2025-07-10 20:00:00+00:00
1752181200000,0.05918,0.06196,0.05918,0.06136,10395951.0,1752184800000,633684.52557,11194,2025-07-10 21:00:00+00:00
1752184800000,0.06136,0.06169,0.06081,0.06156,2377870.0,1752188400000,145552.33296,2343,2025-07-10 22:00:00+00:00
1752188400000,0.06157,0.06226,0.06119,0.06178,3180680.0,1752192000000,196118.02316,2902,2025-07-10 23:00:00+00:00
1752192000000,0.06175,0.06175,0.06015,0.0611,2983881.0,1752195600000,182167.01794,1658,2025-07-11 00:00:00+00:00
1752195600000,0.06115,0.0778,0.06115,0.06348,77929344.0,1752199200000,5141779.39353,87076,2025-07-11 01:00:00+00:00
1752199200000,0.0635,0.06445,0.06117,0.06213,31493624.0,1752202800000,1978407.18322,40553,2025-07-11 02:00:00+00:00
1752202800000,0.06218,0.06419,0.06211,0.0636,7623421.0,1752206400000,482132.05191,8874,2025-07-11 03:00:00+00:00
1752206400000,0.0636,0.06419,0.06299,0.06336,3995250.0,1752210000000,254124.4622,2924,2025-07-11 04:00:00+00:00
1752210000000,0.06337,0.06417,0.06269,0.06401,5385210.0,1752213600000,341354.9257,3597,2025-07-11 05:00:00+00:00
1752213600000,0.06398,0.06473,0.06275,0.06325,8609949.0,1752217200000,548602.52601,6408,2025-07-11 06:00:00+00:00
1752217200000,0.06323,0.06358,0.06265,0.06314,3345888.0,1752220800000,211709.56935,1711,2025-07-11 07:00:00+00:00
1752220800000,0.06317,0.06343,0.06265,0.06333,2056015.0,1752224400000,129701.41137,1521,2025-07-11 08:00:00+00:00
1752224400000,0.0633,0.06369,0.06285,0.06328,2999308.0,1752228000000,190069.6495,1465,2025-07-11 09:00:00+00:00
1752228000000,0.06329,0.06421,0.0624,0.06417,5083741.0,1752231600000,323201.29859,2470,2025-07-11 10:00:00+00:00
1752231600000,0.06418,0.06467,0.06348,0.06383,4668023.0,1752235200000,299421.27714,2754,2025-07-11 11:00:00+00:00
1752235200000,0.06382,0.06382,0.06277,0.06289,2162710.0,1752238800000,136621.93458,1492,2025-07-11 12:00:00+00:00
1752238800000,0.06293,0.06352,0.06274,0.06338,1855325.0,1752242400000,117288.99639,1382,2025-07-11 13:00:00+00:00
1752242400000,0.06338,0.0648,0.06316,0.06341,7174739.0,1752246000000,458900.04404,3296,2025-07-11 14:00:00+00:00
1752246000000,0.06347,0.06347,0.06189,0.06227,6179990.0,1752249600000,387529.24789,6383,2025-07-11 15:00:00+00:00
1752249600000,0.06226,0.06257,0.05992,0.06071,12862427.0,1752253200000,789576.75382,7429,2025-07-11 16:00:00+00:00
1752253200000,0.06067,0.06114,0.06035,0.06089,2125125.0,1752256800000,129012.46435,1388,2025-07-11 17:00:00+00:00
1752256800000,0.06088,0.06107,0.05953,0.05964,2213448.0,1752260400000,133471.56746,1541,2025-07-11 18:00:00+00:00
1752260400000,0.0596,0.05978,0.05874,0.05893,1372125.0,1752264000000,81308.64984,1107,2025-07-11 19:00:00+00:00
1752264000000,0.05888,0.05889,0.05685,0.05694,3591833.0,1752267600000,208259.52082,2298,2025-07-11 20:00:00+00:00
1752267600000,0.05689,0.05721,0.05615,0.05665,4247307.0,1752271200000,240360.06937,1952,2025-07-11 21:00:00+00:00
1752271200000,0.05663,0.05745,0.05436,0.05454,8399225.0,1752274800000,469054.36289,4709,2025-07-11 22:00:00+00:00
1752274800000,0.05453,0.05634,0.05443,0.05531,2964914.0,1752278400000,164601.28872,1996,2025-07-11 23:00:00+00:00
1752278400000,0.05529,0.05529,0.0533,0.05359,4411812.0,1752282000000,238902.24981,2728,2025-07-12 00:00:00+00:00
1752282000000,0.05355,0.05593,0.05342,0.05555,3454607.0,1752285600000,190872.64093,2250,2025-07-12 01:00:00+00:00
1752285600000,0.05553,0.05589,0.05514,0.05536,1378544.0,1752289200000,76560.87577,945,2025-07-12 02:00:00+00:00
1752289200000,0.05537,0.05573,0.05504,0.05547,946272.0,1752292800000,52423.67918,667,2025-07-12 03:00:00+00:00
1752292800000,0.05546,0.05553,0.05366,0.05383,1448728.0,1752296400000,78937.87662,1216,2025-07-12 04:00:00+00:00
1752296400000,0.05388,0.05541,0.05321,0.05489,3431420.0,1752300000000,187481.86861,3609,2025-07-12 05:00:00+00:00
1752300000000,0.05489,0.05532,0.054,0.05498,4326412.0,1752303600000,236728.53207,3784,2025-07-12 06:00:00+00:00
1752303600000,0.055,0.05553,0.0533,0.05396,5224630.0,1752307200000,283106.87878,6170,2025-07-12 07:00:00+00:00
1752307200000,0.054,0.05426,0.05359,0.05377,2515321.0,1752310800000,135832.6825,3551,2025-07-12 08:00:00+00:00
1752310800000,0.05377,0.05476,0.05357,0.05476,3575790.0,1752314400000,194207.31291,5676,2025-07-12 09:00:00+00:00
1752314400000,0.05477,0.05534,0.05451,0.05514,3451126.0,1752318000000,189474.77865,5450,2025-07-12 10:00:00+00:00
1752318000000,0.05513,0.05656,0.05454,0.05644,4018312.0,1752321600000,222980.55182,6140,2025-07-12 11:00:00+00:00
1752321600000,0.0564,0.05645,0.05561,0.05617,4663211.0,1752325200000,261507.64702,7447,2025-07-12 12:00:00+00:00
1752325200000,0.05618,0.05693,0.05604,0.05639,3595269.0,1752328800000,203165.74093,3593,2025-07-12 13:00:00+00:00
1752328800000,0.05643,0.05744,0.05525,0.05699,3428149.0,1752332400000,193772.61927,4058,2025-07-12 14:00:00+00:00
1752332400000,0.05696,0.05721,0.0547,0.05495,4569538.0,1752336000000,254685.7755,5297,2025-07-12 15:00:00+00:00
1752336000000,0.05495,0.05725,0.05468,0.05671,2798921.0,1752339600000,157098.78661,2625,2025-07-12 16:00:00+00:00
1752339600000,0.05671,0.0586,0.05671,0.05845,2593795.0,1752343200000,150341.5144,2240,2025-07-12 17:00:00+00:00
1752343200000,0.0584,0.05902,0.05786,0.05863,2411620.0,1752346800000,141328.90123,2474,2025-07-12 18:00:00+00:00
1752346800000,0.05864,0.05927,0.0585,0.05906,1647783.0,1752350400000,97171.77013,1542,2025-07-12 19:00:00+00:00
1752350400000,0.05912,0.06161,0.05897,0.06098,8744930.0,1752354000000,529157.34165,6020,2025-07-12 20:00:00+00:00
1752354000000,0.06097,0.06216,0.06034,0.0617,7568522.0,1752357600000,464666.8767,5701,2025-07-12 21:00:00+00:00
1752357600000,0.0617,0.06199,0.06086,0.06195,4423037.0,1752361200000,271324.2375,6449,2025-07-12 22:00:00+00:00
1752361200000,0.06195,0.06248,0.06092,0.06145,5147741.0,1752364800000,317285.46929,5811,2025-07-12 23:00:00+00:00
1752364800000,0.06145,0.06149,0.05925,0.05946,3695682.0,1752368400000,222765.42996,4737,2025-07-13 00:00:00+00:00
1752368400000,0.05947,0.06003,0.05908,0.0592,2497938.0,1752372000000,148485.61095,3140,2025-07-13 01:00:00+00:00
1752372000000,0.0592,0.05932,0.05853,0.05857,2473048.0,1752375600000,145715.58418,2468,2025-07-13 02:00:00+00:00
1752375600000,0.05858,0.05915,0.058,0.05809,1770684.0,1752379200000,103492.34551,1851,2025-07-13 03:00:00+00:00
1752379200000,0.05808,0.05863,0.05786,0.05859,1441528.0,1752382800000,83849.15198,2065,2025-07-13 04:00:00+00:00
1752382800000,0.05863,0.05987,0.05854,0.05943,2380049.0,1752386400000,141327.3301,3673,2025-07-13 05:00:00+00:00
1752386400000,0.05943,0.0598,0.05843,0.05876,2039628.0,1752390000000,120581.39494,3454,2025-07-13 06:00:00+00:00
1752390000000,0.05872,0.05896,0.05849,0.05869,1315501.0,1752393600000,77280.34662,2664,2025-07-13 07:00:00+00:00
1752393600000,0.05875,0.05899,0.05782,0.05807,1820770.0,1752397200000,106184.97767,3605,2025-07-13 08:00:00+00:00
1752397200000,0.05808,0.0588,0.05801,0.05858,2165239.0,1752400800000,126791.76478,3356,2025-07-13 09:00:00+00:00
1752400800000,0.05862,0.05915,0.05848,0.05871,1387415.0,1752404400000,81568.08795,2553,2025-07-13 10:00:00+00:00
1752404400000,0.05871,0.05945,0.05862,0.05894,1958877.0,1752408000000,115648.25468,3299,2025-07-13 11:00:00+00:00
1752408000000,0.05894,0.05967,0.05872,0.0592,2857689.0,1752411600000,169285.17045,3951,2025-07-13 12:00:00+00:00
1752411600000,0.05923,0.05926,0.05808,0.05843,1977658.0,1752415200000,115657.75376,3307,2025-07-13 13:00:00+00:00
1752415200000,0.05842,0.05866,0.05787,0.05807,1910041.0,1752418800000,111258.04652,4308,2025-07-13 14:00:00+00:00
1752418800000,0.05808,0.05834,0.05746,0.05748,2660159.0,1752422400000,153746.60135,4752,2025-07-13 15:00:00+00:00
1752422400000,0.05748,0.058,0.05742,0.05752,2065024.0,1752426000000,119223.14873,3792,2025-07-13 16:00:00+00:00
1752426000000,0.05754,0.05832,0.05752,0.05804,1326035.0,1752429600000,76840.81698,2660,2025-07-13 17:00:00+00:00
1752429600000,0.05806,0.05809,0.05708,0.05722,2519282.0,1752433200000,144913.58277,4646,2025-07-13 18:00:00+00:00
1752433200000,0.05723,0.05734,0.05673,0.05677,2273940.0,1752436800000,129712.01374,3653,2025-07-13 19:00:00+00:00
1752436800000,0.05676,0.05757,0.05657,0.05749,1381907.0,1752440400000,78924.76799,2230,2025-07-13 20:00:00+00:00
1752440400000,0.0575,0.05754,0.05605,0.05647,2073696.0,1752444000000,117622.85285,3314,2025-07-13 21:00:00+00:00
1752444000000,0.05646,0.05652,0.05557,0.05563,2893362.0,1752447600000,161922.51071,5764,2025-07-13 22:00:00+00:00
1752447600000,0.05562,0.05567,0.05454,0.055,6708309.0,1752451200000,369285.62737,8241,2025-07-13 23:00:00+00:00
1752451200000,0.05501,0.05599,0.05461,0.05559,3521559.0,1752454800000,194699.97822,5837,2025-07-14 00:00:00+00:00
1752454800000,0.05563,0.05614,0.05507,0.05594,4645375.0,1752458400000,258457.56327,7430,2025-07-14 01:00:00+00:00
1752458400000,0.05595,0.05668,0.05581,0.05635,2273086.0,1752462000000,127771.00813,4472,2025-07-14 02:00:00+00:00
1752462000000,0.05635,0.05693,0.05587,0.05653,2859928.0,1752465600000,161224.54867,4697,2025-07-14 03:00:00+00:00
1752465600000,0.05654,0.05754,0.05642,0.05736,1507591.0,1752469200000,86067.89165,2686,2025-07-14 04:00:00+00:00
1752469200000,0.05737,0.05737,0.05574,0.05641,3952935.0,1752472800000,223847.68884,4824,2025-07-14 05:00:00+00:00
1752472800000,0.05641,0.05641,0.05482,0.05511,9855137.0,1752476400000,547731.60148,17961,2025-07-14 06:00:00+00:00
1752476400000,0.05514,0.05585,0.05509,0.05567,2333369.0,1752480000000,129368.22556,3879,2025-07-14 07:00:00+00:00
1752480000000,0.05568,0.0564,0.05487,0.05623,2454598.0,1752483600000,136227.75229,3027,2025-07-14 08:00:00+00:00
1752483600000,0.05622,0.05649,0.05567,0.05571,3358139.0,1752487200000,188819.87392,2683,2025-07-14 09:00:00+00:00
1752487200000,0.0557,0.05586,0.05521,0.05568,1408120.0,1752490800000,78121.49107,2016,2025-07-14 10:00:00+00:00
1752490800000,0.05568,0.05599,0.05503,0.05524,1719745.0,1752494400000,95299.98588,2689,2025-07-14 11:00:00+00:00
1752494400000,0.05524,0.05544,0.05427,0.05456,3600097.0,1752498000000,197281.65074,4648,2025-07-14 12:00:00+00:00
1752498000000,0.05456,0.05564,0.05425,0.05537,5519216.0,1752501600000,303366.61785,8070,2025-07-14 13:00:00+00:00
1752501600000,0.05538,0.05559,0.05424,0.05503,4738013.0,1752505200000,259783.04309,8970,2025-07-14 14:00:00+00:00
1752505200000,0.05503,0.05601,0.05484,0.05561,3577959.0,1752508800000,198392.54638,6693,2025-07-14 15:00:00+00:00
1752508800000,0.0556,0.05649,0.05542,0.05644,3647231.0,1752512400000,203820.13009,6009,2025-07-14 16:00:00+00:00
1752512400000,0.05645,0.05787,0.05643,0.05768,4217349.0,1752516000000,241723.95134,7501,2025-07-14 17:00:00+00:00
1752516000000,0.05764,0.05818,0.05729,0.05764,4262945.0,1752519600000,246066.83047,8160,2025-07-14 18:00:00+00:00
1752519600000,0.05765,0.05859,0.05742,0.05841,3575211.0,1752523200000,207249.97512,7422,2025-07-14 19:00:00+00:00
1752523200000,0.05841,0.0596,0.05796,0.05897,4959160.0,1752526800000,291786.22037,7873,2025-07-14 20:00:00+00:00
1752526800000,0.05896,0.05945,0.05847,0.05897,3137144.0,1752530400000,185288.63985,2218,2025-07-14 21:00:00+00:00
1752530400000,0.05896,0.05896,0.05795,0.05802,3496637.0,1752534000000,203500.46753,3601,2025-07-14 22:00:00+00:00
1752534000000,0.05802,0.05855,0.05784,0.0584,1763134.0,1752537600000,102514.73437,2207,2025-07-14 23:00:00+00:00
1752537600000,0.05841,0.05909,0.0579,0.05836,3652914.0,1752541200000,213842.00935,5118,2025-07-15 00:00:00+00:00
1752541200000,0.05837,0.05977,0.05813,0.05918,5191248.0,1752544800000,305812.77667,7203,2025-07-15 01:00:00+00:00
1752544800000,0.05918,0.05944,0.05844,0.0587,4921883.0,1752548400000,290005.32608,9501,2025-07-15 02:00:00+00:00
1752548400000,0.05871,0.05963,0.05836,0.05944,6052691.0,1752552000000,357428.86332,8268,2025-07-15 03:00:00+00:00
1752552000000,0.05946,0.06111,0.05922,0.06054,4852409.0,1752555600000,291736.76317,4944,2025-07-15 04:00:00+00:00
1752555600000,0.06055,0.06242,0.06055,0.0613,9839270.0,1752559200000,605220.10043,8662,2025-07-15 05:00:00+00:00
1752559200000,0.06126,0.06172,0.05856,0.05938,10925353.0,1752562800000,650895.38565,11458,2025-07-15 06:00:00+00:00
1752562800000,0.05939,0.05987,0.05832,0.05931,5542362.0,1752566400000,328127.32512,5727,2025-07-15 07:00:00+00:00
1752566400000,0.05934,0.05953,0.05799,0.05803,5888723.0,1752570000000,345924.56759,5008,2025-07-15 08:00:00+00:00
1752570000000,0.058,0.05877,0.05799,0.05822,2281693.0,1752573600000,133163.99246,2620,2025-07-15 09:00:00+00:00
1752573600000,0.05824,0.0588,0.058,0.05813,5051399.0,1752577200000,294344.8339,3069,2025-07-15 10:00:00+00:00
1752577200000,0.0581,0.0582,0.05743,0.0579,3626776.0,1752580800000,209843.1329,2262,2025-07-15 11:00:00+00:00
1752580800000,0.05789,0.05856,0.05725,0.05812,2723932.0,1752584400000,157779.688,3465,2025-07-15 12:00:00+00:00
1752584400000,0.0581,0.0589,0.05778,0.0584,3740299.0,1752588000000,218361.57107,4668,2025-07-15 13:00:00+00:00
1752588000000,0.0584,0.059,0.05789,0.0582,2993053.0,1752591600000,174771.19413,4258,2025-07-15 14:00:00+00:00
1752591600000,0.05823,0.06023,0.05819,0.05977,4251436.0,1752595200000,252177.99939,4705,2025-07-15 15:00:00+00:00
1752595200000,0.05977,0.06065,0.05967,0.0597,2697549.0,1752598800000,162236.78879,2569,2025-07-15 16:00:00+00:00
1752598800000,0.05972,0.06043,0.05961,0.05988,2590645.0,1752602400000,155211.47852,2344,2025-07-15 17:00:00+00:00
1752602400000,0.05992,0.06023,0.0594,0.05945,1570267.0,1752606000000,93837.49131,2466,2025-07-15 18:00:00+00:00
1752606000000,0.05943,0.05972,0.05884,0.05899,1670502.0,1752609600000,99131.3503,2394,2025-07-15 19:00:00+00:00
1752609600000,0.05901,0.05968,0.05899,0.05943,1664002.0,1752613200000,98823.41438,1922,2025-07-15 20:00:00+00:00
1752613200000,0.05941,0.06008,0.05929,0.05937,2210219.0,1752616800000,131619.53866,1494,2025-07-15 21:00:00+00:00
1752616800000,0.0594,0.0597,0.05926,0.05935,687609.0,1752620400000,40932.56645,1093,2025-07-15 22:00:00+00:00
1752620400000,0.05935,0.06032,0.05935,0.05996,1056678.0,1752624000000,63360.31542,1270,2025-07-15 23:00:00+00:00
1752624000000,0.05998,0.06067,0.05983,0.05983,1068664.0,1752627600000,64352.45855,1226,2025-07-16 00:00:00+00:00
1752627600000,0.05984,0.05986,0.05944,0.05986,440767.0,1752631200000,26322.42903,559,2025-07-16 01:00:00+00:00
1752631200000,0.05986,0.06041,0.05984,0.06029,1132272.0,1752634800000,68040.59053,1216,2025-07-16 02:00:00+00:00
1752634800000,0.0603,0.06067,0.05959,0.06009,1031428.0,1752638400000,61858.5648,1428,2025-07-16 03:00:00+00:00
1752638400000,0.0601,0.06081,0.06005,0.06067,1263015.0,1752642000000,76466.48343,1889,2025-07-16 04:00:00+00:00
1752642000000,0.06067,0.06113,0.06027,0.0608,2990153.0,1752645600000,180928.53509,2513,2025-07-16 05:00:00+00:00
1752645600000,0.06079,0.06159,0.06062,0.06089,2235574.0,1752649200000,136670.49079,2579,2025-07-16 06:00:00+00:00
1752649200000,0.06091,0.06103,0.06012,0.0609,1494479.0,1752652800000,90421.91588,1959,2025-07-16 07:00:00+00:00
1752652800000,0.06092,0.0625,0.06067,0.06234,4021569.0,1752656400000,248727.43304,4702,2025-07-16 08:00:00+00:00
1752656400000,0.06234,0.063,0.06198,0.06254,6558059.0,1752660000000,409995.93938,4936,2025-07-16 09:00:00+00:00
1752660000000,0.06255,0.06272,0.06211,0.06225,1835714.0,1752663600000,114631.15346,1957,2025-07-16 10:00:00+00:00
1752663600000,0.06226,0.06243,0.06151,0.06159,2014816.0,1752667200000,124727.03495,1844,2025-07-16 11:00:00+00:00
1752667200000,0.0616,0.06211,0.0616,0.06196,1008049.0,1752670800000,62401.8759,1313,2025-07-16 12:00:00+00:00
1752670800000,0.06196,0.06237,0.06145,0.06226,1515462.0,1752674400000,93899.11999,1730,2025-07-16 13:00:00+00:00
1752674400000,0.06227,0.0626,0.06209,0.06237,3033260.0,1752678000000,189349.64406,1861,2025-07-16 14:00:00+00:00
1752678000000,0.06237,0.06255,0.06183,0.06202,1335754.0,1752681600000,83134.62388,1677,2025-07-16 15:00:00+00:00
1752681600000,0.06201,0.06255,0.06195,0.06221,1024737.0,1752685200000,63733.90004,1183,2025-07-16 16:00:00+00:00
1752685200000,0.06222,0.06226,0.06185,0.06206,819647.0,1752688800000,50855.43651,702,2025-07-16 17:00:00+00:00
1752688800000,0.06208,0.06253,0.06199,0.06231,767375.0,1752692400000,47792.04197,850,2025-07-16 18:00:00+00:00
1752692400000,0.06233,0.06236,0.06161,0.06212,1110062.0,1752696000000,68741.29277,1098,2025-07-16 19:00:00+00:00
1752696000000,0.06213,0.06259,0.06177,0.06213,3534721.0,1752699600000,220516.74365,1880,2025-07-16 20:00:00+00:00
1752699600000,0.06212,0.0623,0.06125,0.06207,915933.0,1752703200000,56706.11042,828,2025-07-16 21:00:00+00:00
1752703200000,0.06207,0.06231,0.06145,0.06181,886068.0,1752706800000,54670.18638,1117,2025-07-16 22:00:00+00:00
1752706800000,0.06183,0.06195,0.06137,0.06142,825093.0,1752710400000,50858.97462,933,2025-07-16 23:00:00+00:00
1752710400000,0.0614,0.06222,0.06135,0.06222,968578.0,1752714000000,59839.1592,1207,2025-07-17 00:00:00+00:00
1752714000000,0.06223,0.0626,0.06183,0.06234,1714741.0,1752717600000,106781.49049,1903,2025-07-17 01:00:00+00:00
1752717600000,0.06231,0.06262,0.06199,0.06256,1127745.0,1752721200000,70395.2557,1035,2025-07-17 02:00:00+00:00
1752721200000,0.06256,0.06268,0.06199,0.062,2293912.0,1752724800000,143145.67754,1782,2025-07-17 03:00:00+00:00
1752724800000,0.06199,0.06251,0.06199,0.06245,722834.0,1752728400000,45065.97371,712,2025-07-17 04:00:00+00:00
1752728400000,0.06245,0.06259,0.06212,0.06241,1591363.0,1752732000000,99316.54628,894,2025-07-17 05:00:00+00:00
1752732000000,0.0624,0.06242,0.06167,0.06237,1800469.0,1752735600000,111699.59899,1405,2025-07-17 06:00:00+00:00
1752735600000,0.06237,0.06243,0.06179,0.06179,1302945.0,1752739200000,80858.84555,1206,2025-07-17 07:00:00+00:00
1752739200000,0.06179,0.06186,0.0614,0.06144,1885078.0,1752742800000,116229.48399,1293,2025-07-17 08:00:00+00:00
1752742800000,0.06143,0.06155,0.0608,0.06115,3307844.0,1752746400000,202325.35736,2147,2025-07-17 09:00:00+00:00
1752746400000,0.06117,0.0612,0.06043,0.06069,2054735.0,1752750000000,124626.19293,1498,2025-07-17 10:00:00+00:00
1752750000000,0.06071,0.06094,0.0605,0.06087,347146.0,1752753600000,21058.71968,445,2025-07-17 11:00:00+00:00
1752753600000,0.06087,0.06154,0.06055,0.06133,542527.0,1752757200000,33167.55693,742,2025-07-17 12:00:00+00:00
1752757200000,0.06133,0.06151,0.06082,0.06128,740952.0,1752760800000,45311.16791,932,2025-07-17 13:00:00+00:00
1752760800000,0.0613,0.06143,0.06065,0.06109,674722.0,1752764400000,41162.80182,890,2025-07-17 14:00:00+00:00
1752764400000,0.06108,0.06209,0.06107,0.06165,2111531.0,1752768000000,130261.91456,2035,2025-07-17 15:00:00+00:00
1752768000000,0.06166,0.06187,0.061,0.06142,1323059.0,1752771600000,81332.07639,1628,2025-07-17 16:00:00+00:00
1752771600000,0.06143,0.0622,0.06141,0.062,1058933.0,1752775200000,65446.94016,1395,2025-07-17 17:00:00+00:00
1752775200000,0.06204,0.06211,0.06152,0.06152,281668.0,1752778800000,17403.41158,366,2025-07-17 18:00:00+00:00
1752778800000,0.06155,0.06158,0.06114,0.06119,309279.0,1752782400000,18979.99209,352,2025-07-17 19:00:00+00:00
1752782400000,0.06124,0.06198,0.06101,0.06185,624876.0,1752786000000,38446.96818,833,2025-07-17 20:00:00+00:00
1752786000000,0.06186,0.06239,0.0618,0.06195,695976.0,1752789600000,43251.40294,520,2025-07-17 21:00:00+00:00
1752789600000,0.06195,0.06228,0.06177,0.06201,378862.0,1752793200000,23500.47857,287,2025-07-17 22:00:00+00:00
1752793200000,0.06201,0.06204,0.06168,0.06175,459421.0,1752796800000,28429.08252,185,2025-07-17 23:00:00+00:00
1752796800000,0.06178,0.06223,0.06149,0.06176,273687.0,1752800400000,16919.8217,192,2025-07-18 00:00:00+00:00
1752800400000,0.06174,0.06211,0.06141,0.06183,2738867.0,1752804000000,169287.27176,896,2025-07-18 01:00:00+00:00
1752804000000,0.06183,0.06193,0.06145,0.06171,610206.0,1752807600000,37620.03066,387,2025-07-18 02:00:00+00:00
1752807600000,0.06176,0.06181,0.06125,0.06141,606031.0,1752811200000,37234.99341,407,2025-07-18 03:00:00+00:00
1752811200000,0.0614,0.06221,0.06123,0.06221,611078.0,1752814800000,37807.87131,365,2025-07-18 04:00:00+00:00
1752814800000,0.0622,0.06252,0.06195,0.06228,14210738.0,1752818400000,884821.76671,5446,2025-07-18 05:00:00+00:00
1752818400000,0.06226,0.06251,0.0621,0.06228,1219624.0,1752822000000,76007.4655,866,2025-07-18 06:00:00+00:00
1752822000000,0.0623,0.06252,0.06218,0.06236,1728958.0,1752825600000,107885.46949,761,2025-07-18 07:00:00+00:00
1752825600000,0.06234,0.06249,0.06157,0.06197,1642821.0,1752829200000,102007.94113,922,2025-07-18 08:00:00+00:00
1752829200000,0.06199,0.06247,0.06195,0.06241,2645274.0,1752832800000,164480.40915,1413,2025-07-18 09:00:00+00:00
1752832800000,0.0624,0.06265,0.06225,0.06259,7141442.0,1752836400000,446404.40102,2941,2025-07-18 10:00:00+00:00
1752836400000,0.06257,0.06272,0.06237,0.06265,5583750.0,1752840000000,349442.76785,2579,2025-07-18 11:00:00+00:00
1752840000000,0.06265,0.06276,0.0626,0.06266,2651181.0,1752843600000,166310.19176,533,2025-07-18 12:00:00+00:00
1752843600000,0.06266,0.06579,0.0625,0.06276,29284269.0,1752847200000,1865864.83607,10145,2025-07-18 13:00:00+00:00
1752847200000,0.06279,0.06311,0.05838,0.061,23707091.0,1752850800000,1421012.4813,11551,2025-07-18 14:00:00+00:00
1752850800000,0.06101,0.06153,0.06041,0.06153,1833316.0,1752854400000,111711.72073,1309,2025-07-18 15:00:00+00:00
1752854400000,0.06148,0.06179,0.06124,0.06144,1006634.0,1752858000000,61994.32742,747,2025-07-18 16:00:00+00:00
1752858000000,0.06146,0.06172,0.06078,0.06078,1251111.0,1752861600000,76632.09379,1041,2025-07-18 17:00:00+00:00
1752861600000,0.06079,0.06102,0.06045,0.0608,893018.0,1752865200000,54269.94139,699,2025-07-18 18:00:00+00:00
1752865200000,0.0608,0.06134,0.06057,0.06102,921326.0,1752868800000,56093.66771,688,2025-07-18 19:00:00+00:00
1752868800000,0.06097,0.06147,0.06047,0.06134,1918873.0,1752872400000,116534.8857,1253,2025-07-18 20:00:00+00:00
1752872400000,0.0613,0.06171,0.06104,0.06105,235303.0,1752876000000,14452.33761,273,2025-07-18 21:00:00+00:00
1752876000000,0.0611,0.06143,0.0608,0.06083,390502.0,1752879600000,23854.60687,433,2025-07-18 22:00:00+00:00
1752879600000,0.06086,0.06086,0.06024,0.06034,1046860.0,1752883200000,63283.76379,590,2025-07-18 23:00:00+00:00
1752883200000,0.06035,0.06055,0.06,0.06017,1889404.0,1752886800000,113565.32466,1079,2025-07-19 00:00:00+00:00
1752886800000,0.06018,0.06052,0.06004,0.06047,569589.0,1752890400000,34355.31464,478,2025-07-19 01:00:00+00:00
1752890400000,0.06046,0.06092,0.06039,0.06092,386068.0,1752894000000,23384.96206,227,2025-07-19 02:00:00+00:00
1752894000000,0.06092,0.06113,0.06059,0.06081,925298.0,1752897600000,56306.2908,480,2025-07-19 03:00:00+00:00
1752897600000,0.06081,0.06081,0.06022,0.06054,990597.0,1752901200000,59948.14256,489,2025-07-19 04:00:00+00:00
1752901200000,0.06052,0.06063,0.06027,0.06043,785809.0,1752904800000,47429.53877,332,2025-07-19 05:00:00+00:00
1752904800000,0.06045,0.06076,0.06015,0.06074,807165.0,1752908400000,48806.64354,473,2025-07-19 06:00:00+00:00
1752908400000,0.06075,0.06095,0.06061,0.06075,403330.0,1752912000000,24516.52719,348,2025-07-19 07:00:00+00:00
1752912000000,0.06071,0.06117,0.06062,0.06107,493793.0,1752915600000,30094.20891,334,2025-07-19 08:00:00+00:00
1752915600000,0.06107,0.06132,0.0608,0.06086,321919.0,1752919200000,19655.93689,261,2025-07-19 09:00:00+00:00
1752919200000,0.06084,0.0611,0.06075,0.0609,856560.0,1752922800000,52171.77393,606,2025-07-19 10:00:00+00:00
1752922800000,0.06092,0.06092,0.06052,0.06061,717241.0,1752926400000,43512.2666,429,2025-07-19 11:00:00+00:00
1752926400000,0.0606,0.06084,0.06044,0.06083,605581.0,1752930000000,36703.06504,434,2025-07-19 12:00:00+00:00
1752930000000,0.06083,0.06088,0.06069,0.06087,382951.0,1752933600000,23287.48982,326,2025-07-19 13:00:00+00:00
1752933600000,0.06086,0.0615,0.06075,0.06077,2073249.0,1752937200000,126615.9102,1270,2025-07-19 14:00:00+00:00
1752937200000,0.0608,0.06121,0.0608,0.06103,937666.0,1752940800000,57216.50395,648,2025-07-19 15:00:00+00:00
1752940800000,0.06098,0.06124,0.06064,0.06081,620005.0,1752944400000,37774.13297,418,2025-07-19 16:00:00+00:00
1752944400000,0.06081,0.06182,0.06079,0.06182,1049134.0,1752948000000,64352.64221,650,2025-07-19 17:00:00+00:00
1752948000000,0.06182,0.06256,0.06176,0.06202,1471498.0,1752951600000,91413.75284,826,2025-07-19 18:00:00+00:00
1752951600000,0.06205,0.06216,0.06179,0.06185,758263.0,1752955200000,47008.52749,436,2025-07-19 19:00:00+00:00
1752955200000,0.06186,0.06213,0.06172,0.062,415673.0,1752958800000,25716.19505,231,2025-07-19 20:00:00+00:00
1752958800000,0.0621,0.06217,0.06167,0.06214,437176.0,1752962400000,27093.31185,267,2025-07-19 21:00:00+00:00
1752962400000,0.06211,0.06215,0.06179,0.06206,446614.0,1752966000000,27654.59856,305,2025-07-19 22:00:00+00:00
1752966000000,0.06208,0.06239,0.062,0.06206,242066.0,1752969600000,15046.80309,272,2025-07-19 23:00:00+00:00
1752969600000,0.06207,0.06246,0.06189,0.06201,1355954.0,1752973200000,84251.32243,946,2025-07-20 00:00:00+00:00
1752973200000,0.06201,0.06226,0.06179,0.06186,632156.0,1752976800000,39152.06187,648,2025-07-20 01:00:00+00:00
1752976800000,0.06186,0.06191,0.06167,0.0619,255132.0,1752980400000,15772.63294,325,2025-07-20 02:00:00+00:00
1752980400000,0.06191,0.06204,0.06128,0.06128,5821924.0,1752984000000,359986.92328,3358,2025-07-20 03:00:00+00:00
1752984000000,0.06133,0.06138,0.06107,0.06133,464791.0,1752987600000,28456.48741,532,2025-07-20 04:00:00+00:00
1752987600000,0.06134,0.06172,0.06134,0.06159,358654.0,1752991200000,22075.03053,418,2025-07-20 05:00:00+00:00
1752991200000,0.06158,0.06176,0.06128,0.06169,658295.0,1752994800000,40506.63904,494,2025-07-20 06:00:00+00:00
1752994800000,0.06174,0.06216,0.06169,0.0621,331345.0,1752998400000,20530.83792,311,2025-07-20 07:00:00+00:00
1752998400000,0.06211,0.0622,0.06161,0.06173,385949.0,1753002000000,23908.55529,393,2025-07-20 08:00:00+00:00
1753002000000,0.06174,0.0624,0.06156,0.06175,1914091.0,1753005600000,118551.96359,1209,2025-07-20 09:00:00+00:00
1753005600000,0.06172,0.0621,0.06165,0.06189,945756.0,1753009200000,58514.89169,843,2025-07-20 10:00:00+00:00
1753009200000,0.0619,0.06198,0.06179,0.06194,607968.0,1753012800000,37631.80821,396,2025-07-20 11:00:00+00:00
1753012800000,0.06195,0.06198,0.0615,0.06177,1207034.0,1753016400000,74570.36579,674,2025-07-20 12:00:00+00:00
1753016400000,0.06179,0.06184,0.06127,0.06146,676517.0,1753020000000,41583.73306,454,2025-07-20 13:00:00+00:00
1753020000000,0.06144,0.0619,0.06134,0.06189,918618.0,1753023600000,56610.50882,656,2025-07-20 14:00:00+00:00
1753023600000,0.06189,0.0621,0.06179,0.06198,607797.0,1753027200000,37666.647,513,2025-07-20 15:00:00+00:00
1753027200000,0.06196,0.06198,0.06146,0.06154,1829207.0,1753030800000,112902.03814,1287,2025-07-20 16:00:00+00:00
1753030800000,0.06155,0.062,0.06126,0.06192,679536.0,1753034400000,41956.49778,811,2025-07-20 17:00:00+00:00
1753034400000,0.06191,0.06211,0.06178,0.06197,791124.0,1753038000000,49010.42816,715,2025-07-20 18:00:00+00:00
1753038000000,0.06197,0.06205,0.06146,0.06156,927763.0,1753041600000,57323.19917,682,2025-07-20 19:00:00+00:00
1753041600000,0.06155,0.06175,0.06121,0.06123,912271.0,1753045200000,56057.82429,889,2025-07-20 20:00:00+00:00
1753045200000,0.06122,0.06168,0.06112,0.06161,1182939.0,1753048800000,72658.66614,1139,2025-07-20 21:00:00+00:00
1753048800000,0.06166,0.06166,0.06071,0.0614,999538.0,1753052400000,61250.14413,870,2025-07-20 22:00:00+00:00
1753052400000,0.06137,0.06171,0.06106,0.06152,570216.0,1753056000000,35038.01112,599,2025-07-20 23:00:00+00:00
1753056000000,0.06152,0.06187,0.0612,0.06168,737292.0,1753059600000,45405.41157,637,2025-07-21 00:00:00+00:00
1753059600000,0.06168,0.06224,0.06155,0.06204,1607506.0,1753063200000,99589.6645,1147,2025-07-21 01:00:00+00:00
1753063200000,0.06203,0.06215,0.06162,0.06164,667332.0,1753066800000,41264.01972,443,2025-07-21 02:00:00+00:00
1753066800000,0.06165,0.06209,0.06165,0.06198,333694.0,1753070400000,20665.57627,358,2025-07-21 03:00:00+00:00
1753070400000,0.06197,0.06198,0.06077,0.06097,1513621.0,1753074000000,92645.63414,1000,2025-07-21 04:00:00+00:00
1753074000000,0.06097,0.06113,0.06054,0.06099,986352.0,1753077600000,59969.21201,545,2025-07-21 05:00:00+00:00
1753077600000,0.06098,0.06103,0.06074,0.06091,973271.0,1753081200000,59248.70704,457,2025-07-21 06:00:00+00:00
1753081200000,0.06093,0.06099,0.06049,0.06063,1457431.0,1753084800000,88442.90052,616,2025-07-21 07:00:00+00:00
1753084800000,0.0606,0.06076,0.06021,0.06064,1019054.0,1753088400000,61716.0073,466,2025-07-21 08:00:00+00:00
1753088400000,0.06061,0.06086,0.06038,0.06076,1266571.0,1753092000000,76858.64372,709,2025-07-21 09:00:00+00:00
1753092000000,0.06074,0.06075,0.06008,0.06022,990408.0,1753095600000,59727.22184,1085,2025-07-21 10:00:00+00:00
1753095600000,0.06024,0.06043,0.06003,0.06037,720920.0,1753099200000,43383.59591,745,2025-07-21 11:00:00+00:00
1753099200000,0.06036,0.06072,0.06013,0.06072,885840.0,1753102800000,53563.55657,1026,2025-07-21 12:00:00+00:00
1753102800000,0.06072,0.06124,0.06061,0.06111,1618957.0,1753106400000,98637.14394,1313,2025-07-21 13:00:00+00:00
1753106400000,0.06114,0.06127,0.06052,0.06124,1302566.0,1753110000000,79339.82591,1237,2025-07-21 14:00:00+00:00
1753110000000,0.06124,0.06148,0.06106,0.06141,1094529.0,1753113600000,67086.35477,1064,2025-07-21 15:00:00+00:00
1753113600000,0.06141,0.06171,0.06089,0.06143,2192158.0,1753117200000,134407.26623,1659,2025-07-21 16:00:00+00:00
1753117200000,0.06138,0.06207,0.06135,0.06199,1718037.0,1753120800000,106311.90109,1156,2025-07-21 17:00:00+00:00
1753120800000,0.062,0.06206,0.06175,0.06186,828438.0,1753124400000,51325.36241,783,2025-07-21 18:00:00+00:00
1753124400000,0.06188,0.06212,0.06167,0.0621,765135.0,1753128000000,47405.49396,590,2025-07-21 19:00:00+00:00
1753128000000,0.06209,0.06215,0.0618,0.062,568830.0,1753131600000,35252.3596,551,2025-07-21 20:00:00+00:00
1753131600000,0.06198,0.06243,0.06197,0.06221,925300.0,1753135200000,57604.46553,370,2025-07-21 21:00:00+00:00
1753135200000,0.0622,0.06223,0.06193,0.06216,433079.0,1753138800000,26893.1318,240,2025-07-21 22:00:00+00:00
1753138800000,0.06212,0.06278,0.06204,0.06237,952436.0,1753142400000,59526.57799,488,2025-07-21 23:00:00+00:00
1753142400000,0.06235,0.06254,0.06185,0.06211,1178539.0,1753146000000,73380.53336,441,2025-07-22 00:00:00+00:00
1753146000000,0.06205,0.06271,0.0616,0.06257,1999115.0,1753149600000,124531.3232,1360,2025-07-22 01:00:00+00:00
1753149600000,0.0626,0.06264,0.06235,0.06245,671336.0,1753153200000,41951.43078,416,2025-07-22 02:00:00+00:00
1753153200000,0.06248,0.0628,0.06232,0.06273,1190430.0,1753156800000,74651.1905,620,2025-07-22 03:00:00+00:00
1753156800000,0.06274,0.0629,0.06252,0.06277,1566637.0,1753160400000,98378.64839,775,2025-07-22 04:00:00+00:00
1753160400000,0.06278,0.06306,0.06243,0.06266,2735559.0,1753164000000,171945.59668,930,2025-07-22 05:00:00+00:00
1753164000000,0.06269,0.063,0.06247,0.06298,1454719.0,1753167600000,91320.57293,801,2025-07-22 06:00:00+00:00
1753167600000,0.06298,0.063,0.06269,0.06281,759103.0,1753171200000,47783.055,527,2025-07-22 07:00:00+00:00
1753171200000,0.06283,0.063,0.06211,0.06221,4163645.0,1753174800000,260570.53725,2405,2025-07-22 08:00:00+00:00
1753174800000,0.0622,0.06238,0.06167,0.06228,1356976.0,1753178400000,84067.10389,970,2025-07-22 09:00:00+00:00
1753178400000,0.06235,0.06293,0.06227,0.06278,1289505.0,1753182000000,80880.37568,622,2025-07-22 10:00:00+00:00
1753182000000,0.06279,0.06301,0.06252,0.06258,865758.0,1753185600000,54402.00788,551,2025-07-22 11:00:00+00:00
1753185600000,0.06261,0.0627,0.06175,0.06202,1459699.0,1753189200000,90855.7443,848,2025-07-22 12:00:00+00:00
1753189200000,0.0621,0.0621,0.06099,0.06115,2698927.0,1753192800000,165436.50162,1384,2025-07-22 13:00:00+00:00
1753192800000,0.06117,0.06134,0.0605,0.0607,1604867.0,1753196400000,97663.78275,1171,2025-07-22 14:00:00+00:00
1753196400000,0.06066,0.06096,0.06049,0.06064,663240.0,1753200000000,40296.49374,486,2025-07-22 15:00:00+00:00
1753200000000,0.06067,0.06078,0.0601,0.06045,1226785.0,1753203600000,74199.44582,739,2025-07-22 16:00:00+00:00
1753203600000,0.06041,0.06114,0.06023,0.06101,1166121.0,1753207200000,70620.90894,631,2025-07-22 17:00:00+00:00
1753207200000,0.061,0.06101,0.06027,0.06027,692832.0,1753210800000,41953.62437,438,2025-07-22 18:00:00+00:00
1753210800000,0.06032,0.06063,0.06019,0.06054,992470.0,1753214400000,59968.82101,559,2025-07-22 19:00:00+00:00
1753214400000,0.06055,0.0609,0.06028,0.06032,810183.0,1753218000000,49096.81209,529,2025-07-22 20:00:00+00:00
1753218000000,0.06033,0.06075,0.06016,0.06056,1311951.0,1753221600000,79253.25202,639,2025-07-22 21:00:00+00:00
1753221600000,0.06049,0.0606,0.06024,0.0604,818160.0,1753225200000,49421.14055,623,2025-07-22 22:00:00+00:00
1753225200000,0.06042,0.06052,0.06016,0.06026,527439.0,1753228800000,31827.6765,470,2025-07-22 23:00:00+00:00
1753228800000,0.06025,0.0607,0.05841,0.05898,6920704.0,1753232400000,412768.67122,2530,2025-07-23 00:00:00+00:00
1753232400000,0.05893,0.05915,0.05782,0.05879,3697141.0,1753236000000,216040.49735,1773,2025-07-23 01:00:00+00:00
1753236000000,0.05879,0.05888,0.05805,0.05876,1779688.0,1753239600000,104189.63941,986,2025-07-23 02:00:00+00:00
1753239600000,0.05877,0.0593,0.05857,0.05866,1567236.0,1753243200000,92315.71631,988,2025-07-23 03:00:00+00:00
1753243200000,0.05864,0.05912,0.05823,0.05892,1864343.0,1753246800000,109370.73724,1128,2025-07-23 04:00:00+00:00
1753246800000,0.05885,0.05905,0.05865,0.05886,802145.0,1753250400000,47232.43932,649,2025-07-23 05:00:00+00:00
1753250400000,0.05884,0.06017,0.05856,0.05977,1984687.0,1753254000000,117784.09356,1296,2025-07-23 06:00:00+00:00
1753254000000,0.05978,0.05999,0.05931,0.05989,1350082.0,1753257600000,80457.06431,892,2025-07-23 07:00:00+00:00
1753257600000,0.0599,0.05995,0.05937,0.0599,1142101.0,1753261200000,68217.69706,849,2025-07-23 08:00:00+00:00
1753261200000,0.05987,0.05991,0.05945,0.05965,853544.0,1753264800000,50951.68946,535,2025-07-23 09:00:00+00:00
1753264800000,0.05966,0.06011,0.05944,0.06005,1212382.0,1753268400000,72462.93523,822,2025-07-23 10:00:00+00:00
1753268400000,0.06008,0.06036,0.0598,0.06034,731851.0,1753272000000,44004.00431,583,2025-07-23 11:00:00+00:00
1753272000000,0.06032,0.06083,0.0601,0.06072,785075.0,1753275600000,47421.26102,718,2025-07-23 12:00:00+00:00
1753275600000,0.06073,0.06134,0.06047,0.06106,2760299.0,1753279200000,168382.18545,2280,2025-07-23 13:00:00+00:00
1753279200000,0.0611,0.06212,0.06105,0.06204,2842303.0,1753282800000,175280.21411,1749,2025-07-23 14:00:00+00:00
1753282800000,0.06207,0.06233,0.06127,0.06149,2260832.0,1753286400000,139753.19633,1463,2025-07-23 15:00:00+00:00
1753286400000,0.06146,0.06177,0.06101,0.06137,2570613.0,1753290000000,157707.40716,1556,2025-07-23 16:00:00+00:00
1753290000000,0.0614,0.06205,0.0613,0.0619,1852928.0,1753293600000,114170.43605,1464,2025-07-23 17:00:00+00:00
1753293600000,0.0619,0.06238,0.06161,0.06213,1867674.0,1753297200000,115967.99993,1016,2025-07-23 18:00:00+00:00
1753297200000,0.06211,0.06213,0.06149,0.0615,481415.0,1753300800000,29788.03305,390,2025-07-23 19:00:00+00:00
1753300800000,0.06149,0.06177,0.06108,0.06174,949193.0,1753304400000,58365.80819,895,2025-07-23 20:00:00+00:00
1753304400000,0.06167,0.06265,0.06071,0.06246,3167266.0,1753308000000,196136.13414,1692,2025-07-23 21:00:00+00:00
1753308000000,0.06248,0.06276,0.06175,0.0619,1511100.0,1753311600000,94012.92907,1166,2025-07-23 22:00:00+00:00
1753311600000,0.06191,0.06276,0.06188,0.0627,648227.0,1753315200000,40400.16966,635,2025-07-23 23:00:00+00:00
1753315200000,0.0627,0.06286,0.0613,0.06203,4266830.0,1753318800000,264742.68033,3407,2025-07-24 00:00:00+00:00
1753318800000,0.062,0.062,0.06138,0.06171,1009296.0,1753322400000,62183.64195,856,2025-07-24 01:00:00+00:00
1753322400000,0.0617,0.06199,0.06123,0.0613,1296655.0,1753326000000,80054.13059,1189,2025-07-24 02:00:00+00:00
1753326000000,0.0613,0.06144,0.06083,0.06133,1165977.0,1753329600000,71376.45742,1130,2025-07-24 03:00:00+00:00
1753329600000,0.06134,0.06182,0.06103,0.06144,1372135.0,1753333200000,84350.8224,1212,2025-07-24 04:00:00+00:00
1753333200000,0.06143,0.06179,0.06041,0.06112,2123022.0,1753336800000,129870.58384,2060,2025-07-24 05:00:00+00:00
1753336800000,0.06107,0.0614,0.05946,0.06008,5080664.0,1753340400000,304867.21401,4763,2025-07-24 06:00:00+00:00
1753340400000,0.06011,0.06111,0.05975,0.06106,2704448.0,1753344000000,163326.29084,3106,2025-07-24 07:00:00+00:00
1753344000000,0.06108,0.062,0.06036,0.062,2908288.0,1753347600000,177835.72503,2615,2025-07-24 08:00:00+00:00
1753347600000,0.062,0.06213,0.06145,0.06174,2070783.0,1753351200000,128048.78063,1735,2025-07-24 09:00:00+00:00
1753351200000,0.06175,0.06225,0.06053,0.06133,4676398.0,1753354800000,286873.80934,3856,2025-07-24 10:00:00+00:00
1753354800000,0.06132,0.06162,0.06082,0.06089,2329334.0,1753358400000,142572.14374,2088,2025-07-24 11:00:00+00:00
1753358400000,0.06086,0.06146,0.0607,0.06141,1756111.0,1753362000000,107254.05505,1985,2025-07-24 12:00:00+00:00
1753362000000,0.06141,0.06181,0.06071,0.06103,3708193.0,1753365600000,227136.93898,2509,2025-07-24 13:00:00+00:00
1753365600000,0.06106,0.06186,0.06093,0.06166,1522669.0,1753369200000,93433.01603,1637,2025-07-24 14:00:00+00:00
1753369200000,0.06168,0.06179,0.061,0.06129,1348763.0,1753372800000,82757.31054,1303,2025-07-24 15:00:00+00:00
1753372800000,0.0613,0.06182,0.06119,0.06154,1668002.0,1753376400000,102531.67884,1515,2025-07-24 16:00:00+00:00
1753376400000,0.06153,0.0627,0.06153,0.06192,2731774.0,1753380000000,169695.578,2309,2025-07-24 17:00:00+00:00
1753380000000,0.06188,0.06211,0.06153,0.06166,538515.0,1753383600000,33284.91847,644,2025-07-24 18:00:00+00:00
1753383600000,0.06167,0.06247,0.06154,0.06194,2318021.0,1753387200000,143630.6144,2241,2025-07-24 19:00:00+00:00
1753387200000,0.06194,0.06209,0.06162,0.06185,984732.0,1753390800000,60883.9811,929,2025-07-24 20:00:00+00:00
1753390800000,0.06186,0.06186,0.06069,0.06091,1764371.0,1753394400000,107806.09657,1234,2025-07-24 21:00:00+00:00
1753394400000,0.0609,0.0614,0.06077,0.06125,434549.0,1753398000000,26557.24841,456,2025-07-24 22:00:00+00:00
1753398000000,0.06118,0.06125,0.06085,0.06115,620558.0,1753401600000,37889.75674,654,2025-07-24 23:00:00+00:00
1753401600000,0.06113,0.06134,0.06014,0.06097,2058225.0,1753405200000,125226.56465,2561,2025-07-25 00:00:00+00:00
1753405200000,0.06097,0.06119,0.06079,0.06108,898105.0,1753408800000,54800.67314,1157,2025-07-25 01:00:00+00:00
1753408800000,0.06105,0.06133,0.06064,0.06078,1920384.0,1753412400000,117037.2843,1533,2025-07-25 02:00:00+00:00
1753412400000,0.06077,0.061,0.06016,0.06035,786336.0,1753416000000,47571.6643,1108,2025-07-25 03:00:00+00:00
1753416000000,0.06032,0.06088,0.05983,0.06077,1012856.0,1753419600000,61062.1314,1436,2025-07-25 04:00:00+00:00
1753419600000,0.06077,0.06115,0.06063,0.06104,568242.0,1753423200000,34623.08053,769,2025-07-25 05:00:00+00:00
1753423200000,0.061,0.06163,0.06088,0.06143,1104530.0,1753426800000,67654.98992,1146,2025-07-25 06:00:00+00:00
1753426800000,0.06141,0.06163,0.06078,0.06116,1210720.0,1753430400000,74177.02608,1513,2025-07-25 07:00:00+00:00
1753430400000,0.06117,0.0622,0.06117,0.06214,1454231.0,1753434000000,89908.67983,1351,2025-07-25 08:00:00+00:00
1753434000000,0.06215,0.06236,0.06165,0.06178,1153232.0,1753437600000,71497.83247,978,2025-07-25 09:00:00+00:00
1753437600000,0.06178,0.06196,0.06088,0.06091,756658.0,1753441200000,46405.53669,600,2025-07-25 10:00:00+00:00
1753441200000,0.06093,0.06122,0.06087,0.06099,385824.0,1753444800000,23555.91931,326,2025-07-25 11:00:00+00:00
1753444800000,0.061,0.06157,0.061,0.06157,467158.0,1753448400000,28645.56604,383,2025-07-25 12:00:00+00:00
1753448400000,0.0616,0.06228,0.06157,0.0621,845127.0,1753452000000,52337.46053,935,2025-07-25 13:00:00+00:00
1753452000000,0.0622,0.06227,0.06164,0.06201,1437447.0,1753455600000,89093.79256,1100,2025-07-25 14:00:00+00:00
1753455600000,0.06201,0.06281,0.06191,0.06279,3195463.0,1753459200000,199775.35656,2359,2025-07-25 15:00:00+00:00
1753459200000,0.06279,0.0637,0.06227,0.06286,9997371.0,1753462800000,630664.29403,4073,2025-07-25 16:00:00+00:00
1753462800000,0.06284,0.06331,0.06237,0.06282,1439856.0,1753466400000,90549.13698,1237,2025-07-25 17:00:00+00:00
1753466400000,0.06287,0.06314,0.06252,0.06299,1325451.0,1753470000000,83253.47678,1000,2025-07-25 18:00:00+00:00
1753470000000,0.06298,0.06311,0.06288,0.06296,482638.0,1753473600000,30412.46751,227,2025-07-25 19:00:00+00:00
1753473600000,0.06296,0.06306,0.06249,0.06267,624000.0,1753477200000,39180.729,599,2025-07-25 20:00:00+00:00
1753477200000,0.06273,0.06354,0.06273,0.06354,652383.0,1753480800000,41294.22136,431,2025-07-25 21:00:00+00:00
1753480800000,0.06357,0.0637,0.06277,0.06359,2732581.0,1753484400000,173578.52687,1414,2025-07-25 22:00:00+00:00
1753484400000,0.06359,0.06471,0.06357,0.06467,5380751.0,1753488000000,343639.93327,1548,2025-07-25 23:00:00+00:00
1753488000000,0.06469,0.06487,0.0643,0.06444,2058754.0,1753491600000,133001.14806,1410,2025-07-26 00:00:00+00:00
1753491600000,0.06446,0.06612,0.06444,0.06608,3714248.0,1753495200000,243953.75508,2311,2025-07-26 01:00:00+00:00
1753495200000,0.06608,0.06737,0.066,0.06646,3457585.0,1753498800000,230702.11458,2477,2025-07-26 02:00:00+00:00
1753498800000,0.06648,0.06866,0.06536,0.06763,9424105.0,1753502400000,637085.77365,6846,2025-07-26 03:00:00+00:00
1753502400000,0.06763,0.06766,0.06606,0.06679,4790525.0,1753506000000,319766.82488,3836,2025-07-26 04:00:00+00:00
1753506000000,0.06679,0.06781,0.06646,0.0676,4068860.0,1753509600000,272880.19755,2897,2025-07-26 05:00:00+00:00
1753509600000,0.06761,0.06894,0.06761,0.0688,3839875.0,1753513200000,262844.22492,4122,2025-07-26 06:00:00+00:00
1753513200000,0.06879,0.06998,0.06875,0.0696,5202838.0,1753516800000,360839.24813,5675,2025-07-26 07:00:00+00:00
1753516800000,0.0696,0.07195,0.06918,0.07128,11483252.0,1753520400000,815234.30285,11866,2025-07-26 08:00:00+00:00
1753520400000,0.07131,0.07336,0.07104,0.07289,7732622.0,1753524000000,559721.88055,8405,2025-07-26 09:00:00+00:00
1753524000000,0.07293,0.07364,0.0716,0.07236,8792912.0,1753527600000,637650.40851,10064,2025-07-26 10:00:00+00:00
1753527600000,0.07233,0.07301,0.07161,0.07229,6593290.0,1753531200000,476450.98796,5644,2025-07-26 11:00:00+00:00
1753531200000,0.07228,0.07403,0.0722,0.0735,7571965.0,1753534800000,552464.79499,5739,2025-07-26 12:00:00+00:00
1753534800000,0.07349,0.0745,0.07276,0.07405,8337293.0,1753538400000,613108.64419,6957,2025-07-26 13:00:00+00:00
1753538400000,0.07404,0.07511,0.07367,0.07408,7838472.0,1753542000000,583156.82768,9480,2025-07-26 14:00:00+00:00
1753542000000,0.07411,0.07501,0.07361,0.0745,6780636.0,1753545600000,504187.52606,5705,2025-07-26 15:00:00+00:00
1753545600000,0.07449,0.0749,0.0739,0.07445,6450777.0,1753549200000,479922.03637,5524,2025-07-26 16:00:00+00:00
1753549200000,0.07445,0.0751,0.07424,0.07472,7423495.0,1753552800000,554508.4142,4647,2025-07-26 17:00:00+00:00
1753552800000,0.07472,0.07505,0.07449,0.07491,4600476.0,1753556400000,344341.60106,3135,2025-07-26 18:00:00+00:00
1753556400000,0.07491,0.07502,0.07458,0.07494,2902516.0,1753560000000,217161.95647,2098,2025-07-26 19:00:00+00:00
1753560000000,0.07495,0.075,0.07456,0.07485,2405928.0,1753563600000,179935.63176,1763,2025-07-26 20:00:00+00:00
1753563600000,0.07485,0.07826,0.07484,0.07711,19000871.0,1753567200000,1455723.35615,21329,2025-07-26 21:00:00+00:00
1753567200000,0.07708,0.07826,0.07651,0.07746,11902485.0,1753570800000,922464.01847,9703,2025-07-26 22:00:00+00:00
1753570800000,0.07746,0.07776,0.07629,0.07736,5802479.0,1753574400000,447405.54338,4842,2025-07-26 23:00:00+00:00
1753574400000,0.07736,0.07795,0.07661,0.07782,6538960.0,1753578000000,506264.18915,5896,2025-07-27 00:00:00+00:00
1753578000000,0.07782,0.07817,0.07507,0.07664,14366836.0,1753581600000,1113417.64107,12569,2025-07-27 01:00:00+00:00
1753581600000,0.07672,0.08233,0.07623,0.07861,17140277.0,1753585200000,1359351.24038,18295,2025-07-27 02:00:00+00:00
1753585200000,0.07856,0.07943,0.0731,0.07531,12512221.0,1753588800000,950534.83536,14375,2025-07-27 03:00:00+00:00
1753588800000,0.07529,0.07668,0.07428,0.07538,8008377.0,1753592400000,605008.31763,6922,2025-07-27 04:00:00+00:00
1753592400000,0.07534,0.07666,0.07454,0.07628,5016267.0,1753596000000,377949.18594,5954,2025-07-27 05:00:00+00:00
1753596000000,0.07626,0.07783,0.07602,0.07762,4680551.0,1753599600000,360920.36949,5363,2025-07-27 06:00:00+00:00
1753599600000,0.07763,0.07775,0.07617,0.07731,5061351.0,1753603200000,389735.09043,6954,2025-07-27 07:00:00+00:00
1753603200000,0.07734,0.07801,0.07718,0.07792,4791222.0,1753606800000,372423.28715,6650,2025-07-27 08:00:00+00:00
1753606800000,0.07793,0.07803,0.07717,0.07797,4836542.0,1753610400000,376352.97091,5216,2025-07-27 09:00:00+00:00
1753610400000,0.07796,0.07979,0.0778,0.07977,8314752.0,1753614000000,657407.97409,7666,2025-07-27 10:00:00+00:00
1753614000000,0.07978,0.07992,0.07922,0.07966,3393492.0,1753617600000,270326.72298,3258,2025-07-27 11:00:00+00:00
1753617600000,0.07966,0.07988,0.07854,0.07862,4555787.0,1753621200000,361010.14718,4309,2025-07-27 12:00:00+00:00
1753621200000,0.07861,0.07983,0.07824,0.07965,2751934.0,1753624800000,218014.34527,2586,2025-07-27 13:00:00+00:00
1753624800000,0.07963,0.07994,0.07903,0.07979,2472726.0,1753628400000,196820.23384,2707,2025-07-27 14:00:00+00:00
1753628400000,0.07975,0.07983,0.07866,0.07928,2212862.0,1753632000000,175629.71249,2144,2025-07-27 15:00:00+00:00
1753632000000,0.07925,0.07972,0.07839,0.07956,3206246.0,1753635600000,253650.08271,2943,2025-07-27 16:00:00+00:00
1753635600000,0.07956,0.07988,0.07575,0.07713,9262265.0,1753639200000,723856.59929,10955,2025-07-27 17:00:00+00:00
1753639200000,0.07713,0.07895,0.07686,0.07878,4674321.0,1753642800000,366912.77646,6730,2025-07-27 18:00:00+00:00
1753642800000,0.07877,0.07879,0.07759,0.07815,2912089.0,1753646400000,227417.90339,4172,2025-07-27 19:00:00+00:00
1753646400000,0.07812,0.07888,0.07742,0.07873,2499083.0,1753650000000,195501.14693,3279,2025-07-27 20:00:00+00:00
1753650000000,0.07873,0.07905,0.0785,0.07883,1685259.0,1753653600000,132852.02289,2380,2025-07-27 21:00:00+00:00
1753653600000,0.07879,0.07904,0.07816,0.07879,3137479.0,1753657200000,246821.77733,3432,2025-07-27 22:00:00+00:00
1753657200000,0.07876,0.07905,0.07803,0.07831,1836343.0,1753660800000,144565.49357,2830,2025-07-27 23:00:00+00:00
1753660800000,0.07828,0.07895,0.0778,0.07873,2365724.0,1753664400000,185651.00247,3817,2025-07-28 00:00:00+00:00
1753664400000,0.0788,0.07907,0.07753,0.07789,3625822.0,1753668000000,284303.85101,4810,2025-07-28 01:00:00+00:00
1753668000000,0.07783,0.078,0.07622,0.07651,3207043.0,1753671600000,246887.73567,5004,2025-07-28 02:00:00+00:00
1753671600000,0.07652,0.07875,0.07644,0.07874,2964393.0,1753675200000,230911.45966,4831,2025-07-28 03:00:00+00:00
1753675200000,0.0787,0.0787,0.07766,0.07808,1916973.0,1753678800000,149705.30913,2984,2025-07-28 04:00:00+00:00
1753678800000,0.07805,0.07873,0.0775,0.07826,1772175.0,1753682400000,138442.29436,2481,2025-07-28 05:00:00+00:00
1753682400000,0.07826,0.0805,0.07779,0.07938,4605989.0,1753686000000,364194.9362,4370,2025-07-28 06:00:00+00:00
1753686000000,0.0794,0.07978,0.07867,0.07867,1398845.0,1753689600000,110947.75339,1856,2025-07-28 07:00:00+00:00
1753689600000,0.07872,0.08032,0.07855,0.08005,1770136.0,1753693200000,140892.90452,2121,2025-07-28 08:00:00+00:00
1753693200000,0.08009,0.08031,0.07919,0.0797,2158207.0,1753696800000,172068.00357,2360,2025-07-28 09:00:00+00:00
1753696800000,0.07969,0.0805,0.07969,0.08041,3477376.0,1753700400000,279117.10988,3839,2025-07-28 10:00:00+00:00
1753700400000,0.08042,0.08061,0.08016,0.0804,3321620.0,1753704000000,267061.92274,3294,2025-07-28 11:00:00+00:00
1753704000000,0.08039,0.0805,0.07891,0.08038,4146243.0,1753707600000,331174.38813,5070,2025-07-28 12:00:00+00:00
1753707600000,0.0804,0.08046,0.07992,0.08038,2693566.0,1753711200000,216210.96191,3617,2025-07-28 13:00:00+00:00
1753711200000,0.08039,0.08049,0.07967,0.08029,4338986.0,1753714800000,348013.12477,5679,2025-07-28 14:00:00+00:00
1753714800000,0.08027,0.08051,0.07937,0.08025,6618644.0,1753718400000,529357.48199,5535,2025-07-28 15:00:00+00:00
1753718400000,0.08027,0.08039,0.07952,0.08027,2337993.0,1753722000000,187331.09533,3334,2025-07-28 16:00:00+00:00
1753722000000,0.08023,0.08044,0.07991,0.08043,3086343.0,1753725600000,247773.30719,3461,2025-07-28 17:00:00+00:00
1753725600000,0.08041,0.0808,0.0768,0.0771,6778839.0,1753729200000,539885.21673,7003,2025-07-28 18:00:00+00:00
1753729200000,0.07716,0.07837,0.07112,0.07178,23115150.0,1753732800000,1719561.58784,33525,2025-07-28 19:00:00+00:00
1753732800000,0.07177,0.07207,0.06767,0.07042,11885425.0,1753736400000,829669.32621,16975,2025-07-28 20:00:00+00:00
1753736400000,0.07042,0.0728,0.06936,0.0698,6042711.0,1753740000000,430404.83155,8710,2025-07-28 21:00:00+00:00
1753740000000,0.06973,0.06976,0.06777,0.0682,2872911.0,1753743600000,197071.06243,6059,2025-07-28 22:00:00+00:00
1753743600000,0.06818,0.06868,0.06734,0.06755,3109500.0,1753747200000,211159.02754,6188,2025-07-28 23:00:00+00:00
1753747200000,0.06755,0.06789,0.06554,0.06596,5491152.0,1753750800000,365346.21816,8073,2025-07-29 00:00:00+00:00
1753750800000,0.06598,0.06714,0.0651,0.06528,4057158.0,1753754400000,267454.03612,6141,2025-07-29 01:00:00+00:00
1753754400000,0.06525,0.06573,0.0644,0.0651,3914308.0,1753758000000,254386.67896,5802,2025-07-29 02:00:00+00:00
1753758000000,0.06511,0.06545,0.06413,0.06448,4891152.0,1753761600000,316674.06817,6165,2025-07-29 03:00:00+00:00
1753761600000,0.06442,0.06558,0.06401,0.06424,2815064.0,1753765200000,182245.98281,4186,2025-07-29 04:00:00+00:00
1753765200000,0.06424,0.06428,0.06306,0.06319,3253316.0,1753768800000,207093.49723,4753,2025-07-29 05:00:00+00:00
1753768800000,0.06318,0.0656,0.06252,0.06519,7081349.0,1753772400000,453752.72074,7447,2025-07-29 06:00:00+00:00
1753772400000,0.06518,0.06626,0.0649,0.06513,5684976.0,1753776000000,373127.548,9903,2025-07-29 07:00:00+00:00
1753776000000,0.06514,0.0664,0.06345,0.06347,7879104.0,1753779600000,513564.23577,10801,2025-07-29 08:00:00+00:00
1753779600000,0.06347,0.06416,0.06278,0.06403,5940489.0,1753783200000,377148.73136,6543,2025-07-29 09:00:00+00:00
1753783200000,0.06403,0.0654,0.06377,0.06499,6107842.0,1753786800000,394130.15889,8002,2025-07-29 10:00:00+00:00
1753786800000,0.06499,0.06528,0.06298,0.06322,3780733.0,1753790400000,242629.07963,5165,2025-07-29 11:00:00+00:00
1753790400000,0.06324,0.06364,0.06219,0.06237,5520310.0,1753794000000,347131.00686,6850,2025-07-29 12:00:00+00:00
1753794000000,0.06241,0.06249,0.06037,0.06052,6244852.0,1753797600000,384023.43663,6754,2025-07-29 13:00:00+00:00
1753797600000,0.06043,0.06101,0.05876,0.06024,11940984.0,1753801200000,715346.39975,11884,2025-07-29 14:00:00+00:00
1753801200000,0.06024,0.06031,0.05773,0.05966,8405545.0,1753804800000,496285.74753,9187,2025-07-29 15:00:00+00:00
1753804800000,0.05964,0.0613,0.05854,0.05952,14735372.0,1753808400000,889138.00157,14335,2025-07-29 16:00:00+00:00
1753808400000,0.05957,0.05958,0.05828,0.0583,3895480.0,1753812000000,229490.68416,4360,2025-07-29 17:00:00+00:00
1753812000000,0.05833,0.06074,0.05789,0.05955,12574071.0,1753815600000,746707.20758,11328,2025-07-29 18:00:00+00:00
1753815600000,0.05957,0.05984,0.0587,0.05968,3424998.0,1753819200000,202602.51069,3436,2025-07-29 19:00:00+00:00
1753819200000,0.05965,0.05965,0.05841,0.05879,6307296.0,1753822800000,371622.35501,5075,2025-07-29 20:00:00+00:00
1753822800000,0.05883,0.0603,0.05851,0.06021,4616027.0,1753826400000,275824.98828,2796,2025-07-29 21:00:00+00:00
1753826400000,0.0602,0.0603,0.05979,0.05994,4699217.0,1753830000000,282690.33505,3992,2025-07-29 22:00:00+00:00
1753830000000,0.05992,0.0603,0.05968,0.05986,3239870.0,1753833600000,194865.07149,2822,2025-07-29 23:00:00+00:00
1753833600000,0.05988,0.06003,0.05728,0.05774,7654162.0,1753837200000,447329.23706,4773,2025-07-30 00:00:00+00:00
1753837200000,0.05774,0.05845,0.05772,0.0581,3157607.0,1753840800000,183473.86476,2689,2025-07-30 01:00:00+00:00
1753840800000,0.05811,0.05878,0.05798,0.05818,1945294.0,1753844400000,113753.74795,1861,2025-07-30 02:00:00+00:00
1753844400000,0.05818,0.05846,0.0579,0.0582,1352759.0,1753848000000,78644.71414,1273,2025-07-30 03:00:00+00:00
1753848000000,0.05816,0.05828,0.05705,0.05724,2011245.0,1753851600000,115612.02684,1408,2025-07-30 04:00:00+00:00
1753851600000,0.05725,0.05746,0.05685,0.05723,2302518.0,1753855200000,131608.11076,1971,2025-07-30 05:00:00+00:00
1753855200000,0.05723,0.05967,0.05718,0.05964,4993593.0,1753858800000,292520.64127,4020,2025-07-30 06:00:00+00:00
1753858800000,0.05968,0.06021,0.05942,0.0601,2520672.0,1753862400000,151053.18199,2760,2025-07-30 07:00:00+00:00
1753862400000,0.06009,0.0603,0.05976,0.06016,3490270.0,1753866000000,209974.22353,2569,2025-07-30 08:00:00+00:00
1753866000000,0.06008,0.0603,0.05976,0.06014,2399853.0,1753869600000,144370.63129,2195,2025-07-30 09:00:00+00:00
1753869600000,0.06016,0.06193,0.06014,0.06099,18700675.0,1753873200000,1137579.08219,8524,2025-07-30 10:00:00+00:00
1753873200000,0.06101,0.06137,0.06058,0.06101,4758774.0,1753876800000,290149.08478,4452,2025-07-30 11:00:00+00:00
1753876800000,0.061,0.06118,0.06047,0.061,2539060.0,1753880400000,154349.62216,2660,2025-07-30 12:00:00+00:00
1753880400000,0.061,0.0612,0.05995,0.0605,9624165.0,1753884000000,579900.00291,4939,2025-07-30 13:00:00+00:00
1753884000000,0.0605,0.06073,0.06016,0.06021,6108856.0,1753887600000,369371.03503,2626,2025-07-30 14:00:00+00:00
1753887600000,0.06019,0.06053,0.06008,0.06021,981096.0,1753891200000,59138.04308,791,2025-07-30 15:00:00+00:00
1753891200000,0.06022,0.06046,0.06001,0.0604,1214814.0,1753894800000,73140.00376,758,2025-07-30 16:00:00+00:00
1753894800000,0.0604,0.06052,0.06017,0.06041,1059121.0,1753898400000,63917.69113,894,2025-07-30 17:00:00+00:00
1753898400000,0.0604,0.06051,0.05999,0.06007,1054668.0,1753902000000,63497.2854,1139,2025-07-30 18:00:00+00:00
1753902000000,0.06005,0.06061,0.05956,0.05999,12827366.0,1753905600000,770850.98388,5843,2025-07-30 19:00:00+00:00
1753905600000,0.05999,0.0605,0.05985,0.06003,11294037.0,1753909200000,678393.03629,4189,2025-07-30 20:00:00+00:00
1753909200000,0.06003,0.06004,0.05994,0.06003,16562847.0,1753912800000,994209.10946,1814,2025-07-30 21:00:00+00:00
1753912800000,0.06003,0.06004,0.05996,0.06,1831459.0,1753916400000,109913.364,669,2025-07-30 22:00:00+00:00
1753916400000,0.06001,0.06004,0.05995,0.06,2432985.0,1753920000000,145986.69559,490,2025-07-30 23:00:00+00:00
1753920000000,0.05998,0.06004,0.05995,0.06,1722958.0,1753923600000,103381.90627,251,2025-07-31 00:00:00+00:00
1753923600000,0.06001,0.06003,0.05995,0.06,364985.0,1753927200000,21894.57031,161,2025-07-31 01:00:00+00:00
1753927200000,0.06,0.06003,0.05994,0.05998,373476.0,1753930800000,22407.44854,324,2025-07-31 02:00:00+00:00
1753930800000,0.05998,0.06001,0.05996,0.06001,132519.0,1753934400000,7949.67956,127,2025-07-31 03:00:00+00:00
1753934400000,0.06001,0.06006,0.05996,0.05999,1144285.0,1753938000000,68685.85579,275,2025-07-31 04:00:00+00:00
1753938000000,0.05998,0.06006,0.0599,0.06006,3340645.0,1753941600000,200380.27895,1107,2025-07-31 05:00:00+00:00
1753941600000,0.06004,0.06006,0.05994,0.05997,1940284.0,1753945200000,116447.9997,721,2025-07-31 06:00:00+00:00
1753945200000,0.05998,0.06073,0.05997,0.0601,3689121.0,1753948800000,222724.06385,2751,2025-07-31 07:00:00+00:00
1753948800000,0.06005,0.06025,0.05973,0.06001,2659475.0,1753952400000,159548.03552,2033,2025-07-31 08:00:00+00:00
1753952400000,0.05999,0.06012,0.05965,0.06,1789553.0,1753956000000,107315.49845,1598,2025-07-31 09:00:00+00:00
1753956000000,0.06,0.06018,0.05965,0.05966,1131389.0,1753959600000,67720.38902,710,2025-07-31 10:00:00+00:00
1753959600000,0.05966,0.06005,0.05962,0.06001,1533701.0,1753963200000,91925.98837,1070,2025-07-31 11:00:00+00:00
1753963200000,0.06001,0.06017,0.0599,0.06001,3016319.0,1753966800000,181029.90917,1608,2025-07-31 12:00:00+00:00
1753966800000,0.06001,0.06039,0.05983,0.06039,1213108.0,1753970400000,72836.25838,1191,2025-07-31 13:00:00+00:00
1753970400000,0.06036,0.06073,0.0601,0.06052,4103460.0,1753974000000,248448.32924,2312,2025-07-31 14:00:00+00:00
1753974000000,0.06052,0.06076,0.0599,0.0601,5655219.0,1753977600000,341567.91123,4078,2025-07-31 15:00:00+00:00
1753977600000,0.06009,0.0614,0.05982,0.05995,6951098.0,1753981200000,420822.31851,6061,2025-07-31 16:00:00+00:00
1753981200000,0.05996,0.061,0.05996,0.06024,8881108.0,1753984800000,537298.15805,5830,2025-07-31 17:00:00+00:00
1753984800000,0.06026,0.06026,0.05981,0.05994,6024520.0,1753988400000,361450.34817,3442,2025-07-31 18:00:00+00:00
1753988400000,0.05993,0.06,0.05973,0.0599,5507429.0,1753992000000,329827.86231,3478,2025-07-31 19:00:00+00:00
1753992000000,0.0599,0.06,0.05988,0.05996,2101542.0,1753995600000,126032.96956,1067,2025-07-31 20:00:00+00:00
1753995600000,0.05997,0.06,0.05986,0.05996,1241615.0,1753999200000,74371.78007,545,2025-07-31 21:00:00+00:00
1753999200000,0.05996,0.06,0.05901,0.05989,5495989.0,1754002800000,328967.35362,3219,2025-07-31 22:00:00+00:00
1754002800000,0.05989,0.05997,0.05977,0.05989,835213.0,1754006400000,49999.69409,572,2025-07-31 23:00:00+00:00
1754006400000,0.05989,0.05999,0.0596,0.05986,1552353.0,1754010000000,92835.59779,1210,2025-08-01 00:00:00+00:00
1754010000000,0.05987,0.05992,0.05951,0.05978,1538544.0,1754013600000,91795.15471,869,2025-08-01 01:00:00+00:00
1754013600000,0.0598,0.05993,0.05948,0.05968,580883.0,1754017200000,34692.40643,598,2025-08-01 02:00:00+00:00
1754017200000,0.05967,0.05967,0.05863,0.05896,1234320.0,1754020800000,72948.02315,1288,2025-08-01 03:00:00+00:00
1754020800000,0.05896,0.05903,0.0581,0.05814,1446496.0,1754024400000,84503.38781,1423,2025-08-01 04:00:00+00:00
1754024400000,0.05819,0.05823,0.05722,0.05746,1932171.0,1754028000000,111425.84414,2675,2025-08-01 05:00:00+00:00
1754028000000,0.05746,0.05839,0.05729,0.05833,1392517.0,1754031600000,80690.78631,1790,2025-08-01 06:00:00+00:00
1754031600000,0.05836,0.05889,0.05826,0.05849,1090866.0,1754035200000,63890.1141,1351,2025-08-01 07:00:00+00:00
1754035200000,0.05846,0.05887,0.0581,0.05861,1803212.0,1754038800000,105473.47642,2199,2025-08-01 08:00:00+00:00
1754038800000,0.0586,0.05899,0.05808,0.05834,2353095.0,1754042400000,137538.39914,2683,2025-08-01 09:00:00+00:00
1754042400000,0.05835,0.05868,0.05813,0.05844,1372580.0,1754046000000,80199.47772,1411,2025-08-01 10:00:00+00:00
1754046000000,0.05844,0.05849,0.05726,0.05827,3985525.0,1754049600000,230811.85295,3171,2025-08-01 11:00:00+00:00
1754049600000,0.05826,0.05844,0.05723,0.05725,3505520.0,1754053200000,203121.61735,3475,2025-08-01 12:00:00+00:00
1754053200000,0.05727,0.05795,0.0571,0.05728,2637283.0,1754056800000,151835.41749,2994,2025-08-01 13:00:00+00:00
1754056800000,0.05726,0.05891,0.05724,0.0586,3324143.0,1754060400000,193390.4381,3184,2025-08-01 14:00:00+00:00
1754060400000,0.05864,0.05868,0.05772,0.05807,1369195.0,1754064000000,79488.24449,1548,2025-08-01 15:00:00+00:00
1754064000000,0.05805,0.05866,0.05769,0.05778,2303979.0,1754067600000,134194.73108,1865,2025-08-01 16:00:00+00:00
1754067600000,0.05779,0.05813,0.05737,0.05753,2750831.0,1754071200000,158831.91488,2493,2025-08-01 17:00:00+00:00
1754071200000,0.05756,0.06122,0.05731,0.05992,20736311.0,1754074800000,1243080.15401,12816,2025-08-01 18:00:00+00:00
1754074800000,0.05994,0.06043,0.05961,0.05991,13053275.0,1754078400000,782968.98329,4364,2025-08-01 19:00:00+00:00
1754078400000,0.0599,0.06046,0.05989,0.06038,3429091.0,1754082000000,206118.79218,1858,2025-08-01 20:00:00+00:00
1754082000000,0.06036,0.06093,0.06001,0.06016,2430875.0,1754085600000,146921.36873,2424,2025-08-01 21:00:00+00:00
1754085600000,0.06016,0.06026,0.05991,0.06009,1201967.0,1754089200000,72202.1937,1278,2025-08-01 22:00:00+00:00
1754089200000,0.06009,0.06052,0.05994,0.06003,1480693.0,1754092800000,89252.04824,1821,2025-08-01 23:00:00+00:00
1754092800000,0.06006,0.06029,0.05987,0.06007,1620397.0,1754096400000,97341.43094,1539,2025-08-02 00:00:00+00:00
1754096400000,0.0601,0.06015,0.0599,0.06007,718281.0,1754100000000,43107.76263,734,2025-08-02 01:00:00+00:00
1754100000000,0.06007,0.06007,0.05989,0.06002,337110.0,1754103600000,20217.51674,397,2025-08-02 02:00:00+00:00
1754103600000,0.06004,0.06012,0.05994,0.06006,328835.0,1754107200000,19745.76198,314,2025-08-02 03:00:00+00:00
1754107200000,0.06007,0.06013,0.05999,0.05999,266469.0,1754110800000,16003.27627,356,2025-08-02 04:00:00+00:00
1754110800000,0.06,0.06016,0.05993,0.06006,382987.0,1754114400000,23003.53692,548,2025-08-02 05:00:00+00:00
1754114400000,0.06006,0.06065,0.05824,0.06047,3883160.0,1754118000000,232678.55152,3115,2025-08-02 06:00:00+00:00
1754118000000,0.06048,0.06064,0.0583,0.05888,4160217.0,1754121600000,246453.04736,4368,2025-08-02 07:00:00+00:00
1754121600000,0.05892,0.05949,0.05831,0.05846,2062075.0,1754125200000,121402.45371,2231,2025-08-02 08:00:00+00:00
1754125200000,0.05846,0.05889,0.05822,0.05857,1197750.0,1754128800000,70108.7757,1009,2025-08-02 09:00:00+00:00
1754128800000,0.05857,0.06032,0.05838,0.05997,4068651.0,1754132400000,242749.45864,3509,2025-08-02 10:00:00+00:00
1754132400000,0.06,0.06008,0.05988,0.05999,1117392.0,1754136000000,67032.54123,1000,2025-08-02 11:00:00+00:00
1754136000000,0.05998,0.0601,0.05984,0.05998,1272906.0,1754139600000,76334.51718,870,2025-08-02 12:00:00+00:00
1754139600000,0.05999,0.06024,0.05989,0.06001,2243558.0,1754143200000,134744.44873,1576,2025-08-02 13:00:00+00:00
1754143200000,0.06001,0.06024,0.0599,0.06011,1145297.0,1754146800000,68760.4488,1061,2025-08-02 14:00:00+00:00
1754146800000,0.06009,0.0603,0.05989,0.06002,1691469.0,1754150400000,101578.96297,1520,2025-08-02 15:00:00+00:00
1754150400000,0.06001,0.06026,0.05993,0.05999,1375548.0,1754154000000,82626.66946,1310,2025-08-02 16:00:00+00:00
1754154000000,0.05996,0.06009,0.05982,0.05998,788159.0,1754157600000,47269.09121,594,2025-08-02 17:00:00+00:00
1754157600000,0.05999,0.06007,0.05989,0.06006,726085.0,1754161200000,43553.40392,698,2025-08-02 18:00:00+00:00
1754161200000,0.06008,0.06014,0.05991,0.05995,719091.0,1754164800000,43168.32919,604,2025-08-02 19:00:00+00:00
1754164800000,0.05998,0.06013,0.05996,0.06001,249110.0,1754168400000,14958.43607,258,2025-08-02 20:00:00+00:00
1754168400000,0.06,0.06015,0.05982,0.05983,424337.0,1754172000000,25430.28743,237,2025-08-02 21:00:00+00:00
1754172000000,0.05991,0.05997,0.05897,0.05952,1687132.0,1754175600000,100461.87591,1316,2025-08-02 22:00:00+00:00
1754175600000,0.05955,0.05955,0.05825,0.05865,1580083.0,1754179200000,92841.82047,1820,2025-08-02 23:00:00+00:00
1754179200000,0.05862,0.05955,0.05825,0.05946,1260364.0,1754182800000,74064.52174,1476,2025-08-03 00:00:00+00:00
1754182800000,0.05951,0.06022,0.0595,0.0598,806765.0,1754186400000,48329.88935,1195,2025-08-03 01:00:00+00:00
1754186400000,0.05988,0.05999,0.05894,0.05964,855412.0,1754190000000,50732.46267,1032,2025-08-03 02:00:00+00:00
1754190000000,0.05964,0.06006,0.05923,0.05955,1053180.0,1754193600000,62815.88266,982,2025-08-03 03:00:00+00:00
1754193600000,0.05955,0.05963,0.05846,0.05868,3491006.0,1754197200000,205548.29357,2757,2025-08-03 04:00:00+00:00
1754197200000,0.0587,0.05898,0.0583,0.05867,1094554.0,1754200800000,64195.883,1130,2025-08-03 05:00:00+00:00
1754200800000,0.05868,0.06021,0.05863,0.06011,2815890.0,1754204400000,167698.66369,2258,2025-08-03 06:00:00+00:00
1754204400000,0.06013,0.06024,0.05969,0.0598,1009869.0,1754208000000,60574.95072,914,2025-08-03 07:00:00+00:00
1754208000000,0.05982,0.05998,0.05973,0.05986,260751.0,1754211600000,15608.10715,300,2025-08-03 08:00:00+00:00
1754211600000,0.05987,0.06005,0.05972,0.05979,330711.0,1754215200000,19799.38292,309,2025-08-03 09:00:00+00:00
1754215200000,0.05979,0.06015,0.05968,0.05986,336915.0,1754218800000,20166.99174,362,2025-08-03 10:00:00+00:00
1754218800000,0.0599,0.06028,0.0595,0.06008,1110210.0,1754222400000,66551.17533,785,2025-08-03 11:00:00+00:00
1754222400000,0.0601,0.06136,0.05995,0.06002,4177990.0,1754226000000,252703.69576,2900,2025-08-03 12:00:00+00:00
1754226000000,0.06004,0.0602,0.05997,0.06015,831243.0,1754229600000,49914.94467,914,2025-08-03 13:00:00+00:00
1754229600000,0.06015,0.06018,0.05992,0.06002,769223.0,1754233200000,46181.19345,817,2025-08-03 14:00:00+00:00
1754233200000,0.06001,0.06006,0.05992,0.05997,414973.0,1754236800000,24891.06177,392,2025-08-03 15:00:00+00:00
1754236800000,0.05996,0.06006,0.05969,0.05989,1265863.0,1754240400000,75790.72486,734,2025-08-03 16:00:00+00:00
1754240400000,0.05989,0.06005,0.05912,0.05916,1050939.0,1754244000000,62490.78998,768,2025-08-03 17:00:00+00:00
1754244000000,0.05918,0.05942,0.05892,0.05911,1066814.0,1754247600000,63139.70971,819,2025-08-03 18:00:00+00:00
1754247600000,0.05911,0.06033,0.05906,0.06005,2129056.0,1754251200000,127729.33002,1989,2025-08-03 19:00:00+00:00
1754251200000,0.06006,0.06056,0.0599,0.06,1185307.0,1754254800000,71238.41458,991,2025-08-03 20:00:00+00:00
1754254800000,0.06,0.06007,0.05984,0.06001,334093.0,1754258400000,20033.34439,265,2025-08-03 21:00:00+00:00
1754258400000,0.06,0.0601,0.05992,0.06,511605.0,1754262000000,30703.20123,561,2025-08-03 22:00:00+00:00
1754262000000,0.06002,0.06031,0.05926,0.05988,7494843.0,1754265600000,448791.96107,2866,2025-08-03 23:00:00+00:00
1754265600000,0.05988,0.0599,0.05982,0.05989,3319151.0,1754269200000,198792.14299,1006,2025-08-04 00:00:00+00:00
1754269200000,0.05989,0.0599,0.05983,0.05988,456073.0,1754272800000,27311.04657,233,2025-08-04 01:00:00+00:00
1754272800000,0.05989,0.0599,0.05983,0.0599,426425.0,1754276400000,25535.89882,287,2025-08-04 02:00:00+00:00
1754276400000,0.0599,0.0599,0.05983,0.05988,1342639.0,1754280000000,80411.83991,464,2025-08-04 03:00:00+00:00
1754280000000,0.05988,0.0599,0.05985,0.0599,491334.0,1754283600000,29426.99458,231,2025-08-04 04:00:00+00:00
1754283600000,0.0599,0.0599,0.05983,0.05989,797243.0,1754287200000,47740.33892,355,2025-08-04 05:00:00+00:00
1754287200000,0.05987,0.0599,0.05984,0.05986,567086.0,1754290800000,33951.92565,205,2025-08-04 06:00:00+00:00
1754290800000,0.05986,0.0599,0.05986,0.05989,2151043.0,1754294400000,128843.99506,308,2025-08-04 07:00:00+00:00
1754294400000,0.05987,0.0599,0.0595,0.05969,3356317.0,1754298000000,200474.83822,1170,2025-08-04 08:00:00+00:00
1754298000000,0.05969,0.05971,0.05915,0.05927,1667240.0,1754301600000,98967.20319,1051,2025-08-04 09:00:00+00:00
1754301600000,0.05928,0.05973,0.05891,0.05958,2035176.0,1754305200000,120602.02758,1813,2025-08-04 10:00:00+00:00
1754305200000,0.05959,0.05984,0.05959,0.0598,509055.0,1754308800000,30408.3891,424,2025-08-04 11:00:00+00:00
1754308800000,0.05979,0.0599,0.0597,0.0599,351590.0,1754312400000,21034.42719,253,2025-08-04 12:00:00+00:00
1754312400000,0.0599,0.0599,0.05977,0.0599,3686277.0,1754316000000,220784.85652,1108,2025-08-04 13:00:00+00:00
1754316000000,0.0599,0.0599,0.05986,0.0599,4672867.0,1754319600000,279894.94801,1230,2025-08-04 14:00:00+00:00
1754319600000,0.0599,0.06,0.05958,0.06,11267596.0,1754323200000,675408.9747,2210,2025-08-04 15:00:00+00:00
1754323200000,0.06,0.0608,0.05997,0.06063,5436003.0,1754326800000,327684.47904,2075,2025-08-04 16:00:00+00:00
1754326800000,0.06062,0.06062,0.05956,0.06,4285333.0,1754330400000,258091.71418,2401,2025-08-04 17:00:00+00:00
1754330400000,0.06002,0.06018,0.05983,0.06004,2780003.0,1754334000000,166898.5721,2190,2025-08-04 18:00:00+00:00
1754334000000,0.06006,0.0608,0.05973,0.05985,7154210.0,1754337600000,430011.69657,4560,2025-08-04 19:00:00+00:00
1754337600000,0.05984,0.06,0.0597,0.06,721509.0,1754341200000,43242.07879,555,2025-08-04 20:00:00+00:00
1754341200000,0.06,0.06076,0.05995,0.06053,2906128.0,1754344800000,174882.3123,1929,2025-08-04 21:00:00+00:00
1754344800000,0.0606,0.06124,0.06048,0.06116,2591675.0,1754348400000,157897.96916,2827,2025-08-04 22:00:00+00:00
1754348400000,0.06116,0.06122,0.06059,0.06108,2246726.0,1754352000000,136819.58904,1583,2025-08-04 23:00:00+00:00
1754352000000,0.06109,0.06134,0.0609,0.06118,907977.0,1754355600000,55550.14557,827,2025-08-05 00:00:00+00:00
1754355600000,0.06123,0.06143,0.06093,0.06122,1286261.0,1754359200000,78757.40969,951,2025-08-05 01:00:00+00:00
1754359200000,0.06121,0.06129,0.06098,0.06104,1290683.0,1754362800000,78906.0094,1323,2025-08-05 02:00:00+00:00
1754362800000,0.06102,0.06134,0.06019,0.06022,2781401.0,1754366400000,169272.98868,1926,2025-08-05 03:00:00+00:00
1754366400000,0.06022,0.06162,0.06007,0.06147,1940701.0,1754370000000,117858.70228,1359,2025-08-05 04:00:00+00:00
1754370000000,0.0615,0.06168,0.06086,0.06121,2372923.0,1754373600000,145415.54927,1644,2025-08-05 05:00:00+00:00
1754373600000,0.06122,0.06151,0.0607,0.06106,2855964.0,1754377200000,174586.65453,1276,2025-08-05 06:00:00+00:00
1754377200000,0.06106,0.06125,0.06006,0.06031,2419719.0,1754380800000,146275.77249,2216,2025-08-05 07:00:00+00:00
1754380800000,0.06033,0.06044,0.06003,0.06028,573817.0,1754384400000,34555.61462,528,2025-08-05 08:00:00+00:00
1754384400000,0.06028,0.0604,0.06009,0.06018,1274191.0,1754388000000,76738.38196,789,2025-08-05 09:00:00+00:00
1754388000000,0.06018,0.06052,0.06006,0.06052,853765.0,1754391600000,51412.89682,842,2025-08-05 10:00:00+00:00
1754391600000,0.06053,0.06065,0.06035,0.06049,922039.0,1754395200000,55798.91485,723,2025-08-05 11:00:00+00:00
1754395200000,0.06048,0.06048,0.05993,0.0601,2099549.0,1754398800000,126344.41276,1323,2025-08-05 12:00:00+00:00
1754398800000,0.06016,0.06029,0.05994,0.0601,1333780.0,1754402400000,80127.27124,676,2025-08-05 13:00:00+00:00
1754402400000,0.06009,0.0603,0.05969,0.06001,2857409.0,1754406000000,171523.76601,1499,2025-08-05 14:00:00+00:00
1754406000000,0.06002,0.06017,0.0595,0.06015,1857264.0,1754409600000,111096.50207,917,2025-08-05 15:00:00+00:00
1754409600000,0.06013,0.06013,0.0596,0.05965,574926.0,1754413200000,34419.95995,390,2025-08-05 16:00:00+00:00
1754413200000,0.05965,0.05979,0.05955,0.05975,519496.0,1754416800000,31003.21912,302,2025-08-05 17:00:00+00:00
1754416800000,0.05974,0.05977,0.05957,0.05966,276846.0,1754420400000,16518.65052,276,2025-08-05 18:00:00+00:00
1754420400000,0.05966,0.05966,0.0595,0.05957,1184667.0,1754424000000,70533.46375,472,2025-08-05 19:00:00+00:00
1754424000000,0.05957,0.05987,0.05955,0.05968,418759.0,1754427600000,25013.8645,275,2025-08-05 20:00:00+00:00
1754427600000,0.05967,0.06001,0.05959,0.05988,486117.0,1754431200000,29062.56221,299,2025-08-05 21:00:00+00:00
1754431200000,0.05989,0.06005,0.05984,0.05997,182252.0,1754434800000,10930.3023,192,2025-08-05 22:00:00+00:00
1754434800000,0.05997,0.06024,0.05986,0.05999,1838384.0,1754438400000,110466.16898,1172,2025-08-05 23:00:00+00:00
1754438400000,0.06,0.0602,0.05989,0.06003,2023039.0,1754442000000,121489.27234,1281,2025-08-06 00:00:00+00:00
1754442000000,0.06002,0.06013,0.05986,0.06005,675688.0,1754445600000,40537.83817,532,2025-08-06 01:00:00+00:00
1754445600000,0.06004,0.06007,0.05998,0.06007,289120.0,1754449200000,17356.43482,250,2025-08-06 02:00:00+00:00
1754449200000,0.06006,0.0601,0.05982,0.05982,574637.0,1754452800000,34462.40522,398,2025-08-06 03:00:00+00:00
1754452800000,0.05982,0.05996,0.05978,0.05988,681511.0,1754456400000,40802.24934,318,2025-08-06 04:00:00+00:00
1754456400000,0.05987,0.06008,0.0595,0.06,3124275.0,1754460000000,186756.8153,1150,2025-08-06 05:00:00+00:00
1754460000000,0.06,0.06026,0.05993,0.06013,1118333.0,1754463600000,67205.78737,552,2025-08-06 06:00:00+00:00
1754463600000,0.06012,0.06013,0.05962,0.05977,865645.0,1754467200000,51820.10325,331,2025-08-06 07:00:00+00:00
1754467200000,0.05978,0.05978,0.05957,0.05968,512637.0,1754470800000,30586.29912,265,2025-08-06 08:00:00+00:00
1754470800000,0.05969,0.06007,0.0595,0.05998,1990928.0,1754474400000,118785.4768,1043,2025-08-06 09:00:00+00:00
1754474400000,0.05998,0.06001,0.05985,0.05991,699014.0,1754478000000,41881.93735,568,2025-08-06 10:00:00+00:00
1754478000000,0.05991,0.06038,0.05986,0.06025,1598886.0,1754481600000,96202.61405,1134,2025-08-06 11:00:00+00:00
1754481600000,0.06025,0.06042,0.06018,0.06028,1159788.0,1754485200000,69955.51287,686,2025-08-06 12:00:00+00:00
1754485200000,0.06029,0.06042,0.05953,0.05977,1824660.0,1754488800000,109433.95911,1591,2025-08-06 13:00:00+00:00
1754488800000,0.05976,0.06044,0.05973,0.06,1989693.0,1754492400000,119508.95538,1427,2025-08-06 14:00:00+00:00
1754492400000,0.06001,0.06003,0.05976,0.05999,630471.0,1754496000000,37756.47904,574,2025-08-06 15:00:00+00:00
1754496000000,0.05998,0.05998,0.05961,0.05973,1063107.0,1754499600000,63583.76562,842,2025-08-06 16:00:00+00:00
1754499600000,0.05973,0.06019,0.05965,0.06007,1588314.0,1754503200000,95048.14173,886,2025-08-06 17:00:00+00:00
1754503200000,0.06002,0.06004,0.05964,0.05976,781373.0,1754506800000,46765.30747,429,2025-08-06 18:00:00+00:00
1754506800000,0.05977,0.0598,0.05955,0.05971,407712.0,1754510400000,24317.48635,342,2025-08-06 19:00:00+00:00
1754510400000,0.05974,0.06037,0.05973,0.06022,1312692.0,1754514000000,78849.70043,832,2025-08-06 20:00:00+00:00
1754514000000,0.06022,0.06068,0.06006,0.06014,845157.0,1754517600000,50923.8382,560,2025-08-06 21:00:00+00:00
1754517600000,0.06014,0.06062,0.06012,0.06046,469643.0,1754521200000,28368.3399,451,2025-08-06 22:00:00+00:00
1754521200000,0.06049,0.06051,0.05985,0.05985,1987274.0,1754524800000,119554.19486,882,2025-08-06 23:00:00+00:00
1754524800000,0.05985,0.06006,0.05979,0.05996,311393.0,1754528400000,18660.89637,366,2025-08-07 00:00:00+00:00
1754528400000,0.05995,0.06008,0.05966,0.05986,1402082.0,1754532000000,83958.01348,919,2025-08-07 01:00:00+00:00
1754532000000,0.05985,0.05987,0.0595,0.0597,7011957.0,1754535600000,417677.80725,2192,2025-08-07 02:00:00+00:00
1754535600000,0.0597,0.05985,0.05952,0.0596,1062856.0,1754539200000,63408.52188,575,2025-08-07 03:00:00+00:00
1754539200000,0.0596,0.05975,0.05952,0.05962,418258.0,1754542800000,24927.38297,329,2025-08-07 04:00:00+00:00
1754542800000,0.05961,0.05982,0.05952,0.05977,780320.0,1754546400000,46522.67965,437,2025-08-07 05:00:00+00:00
1754546400000,0.05976,0.05984,0.0595,0.05972,3986161.0,1754550000000,237417.78533,901,2025-08-07 06:00:00+00:00
1754550000000,0.05972,0.05994,0.05972,0.05992,258266.0,1754553600000,15451.72899,221,2025-08-07 07:00:00+00:00
1754553600000,0.05993,0.06003,0.05958,0.05989,1037580.0,1754557200000,62112.39639,520,2025-08-07 08:00:00+00:00
1754557200000,0.05988,0.05988,0.05974,0.05982,252615.0,1754560800000,15105.62448,145,2025-08-07 09:00:00+00:00
1754560800000,0.05982,0.05997,0.05968,0.0598,1105518.0,1754564400000,66136.29023,571,2025-08-07 10:00:00+00:00
1754564400000,0.05981,0.05989,0.0595,0.05951,1637167.0,1754568000000,97536.61132,649,2025-08-07 11:00:00+00:00
1754568000000,0.05951,0.05963,0.05944,0.05951,2429630.0,1754571600000,144586.55768,491,2025-08-07 12:00:00+00:00
1754571600000,0.05951,0.05958,0.05944,0.05947,678184.0,1754575200000,40344.29698,267,2025-08-07 13:00:00+00:00
1754575200000,0.05947,0.05952,0.0594,0.05945,1120882.0,1754578800000,66606.7785,270,2025-08-07 14:00:00+00:00
1754578800000,0.05944,0.05982,0.0594,0.05941,14016655.0,1754582400000,832961.57638,2472,2025-08-07 15:00:00+00:00
1754582400000,0.0594,0.05995,0.05921,0.05973,9892930.0,1754586000000,587913.97682,1758,2025-08-07 16:00:00+00:00
1754586000000,0.05971,0.064,0.05965,0.0611,11176206.0,1754589600000,691070.55604,13193,2025-08-07 17:00:00+00:00
1754589600000,0.0611,0.06238,0.0594,0.05948,11349386.0,1754593200000,688984.11636,8800,2025-08-07 18:00:00+00:00
1754593200000,0.05947,0.05957,0.0594,0.05947,4064282.0,1754596800000,241530.45535,2387,2025-08-07 19:00:00+00:00
1754596800000,0.05948,0.05977,0.0594,0.05945,1414371.0,1754600400000,84123.64883,1084,2025-08-07 20:00:00+00:00
1754600400000,0.05945,0.0595,0.0594,0.05945,3354728.0,1754604000000,199289.89223,1035,2025-08-07 21:00:00+00:00
1754604000000,0.05946,0.05956,0.0594,0.05944,795284.0,1754607600000,47294.97359,1040,2025-08-07 22:00:00+00:00
1754607600000,0.05944,0.05945,0.05823,0.0588,13248148.0,1754611200000,782357.91589,4266,2025-08-07 23:00:00+00:00
1754611200000,0.05874,0.05949,0.05845,0.05904,1244372.0,1754614800000,73372.13439,1875,2025-08-08 00:00:00+00:00
1754614800000,0.05903,0.05906,0.05715,0.05728,53670481.0,1754618400000,3102953.2866,58651,2025-08-08 01:00:00+00:00
1754618400000,0.05728,0.0586,0.05705,0.05727,37413976.0,1754622000000,2157063.14007,36951,2025-08-08 02:00:00+00:00
1754622000000,0.05727,0.05727,0.05631,0.0564,20970079.0,1754625600000,1190586.7721,23798,2025-08-08 03:00:00+00:00
1754625600000,0.05642,0.05975,0.05561,0.05926,17589390.0,1754629200000,1016066.86543,23209,2025-08-08 04:00:00+00:00
1754629200000,0.05925,0.05989,0.05895,0.05975,6782978.0,1754632800000,402921.71743,8066,2025-08-08 05:00:00+00:00
1754632800000,0.05975,0.05994,0.05956,0.05971,1772755.0,1754636400000,105908.30699,3287,2025-08-08 06:00:00+00:00
1754636400000,0.05975,0.05993,0.05956,0.05988,1523752.0,1754640000000,91059.73084,1695,2025-08-08 07:00:00+00:00
1754640000000,0.05988,0.05992,0.059,0.05973,8119751.0,1754643600000,481649.53615,3018,2025-08-08 08:00:00+00:00
1754643600000,0.05974,0.05985,0.05971,0.05981,816514.0,1754647200000,48809.26782,941,2025-08-08 09:00:00+00:00
1754647200000,0.05982,0.06,0.05979,0.06,2333742.0,1754650800000,139926.57998,717,2025-08-08 10:00:00+00:00
1754650800000,0.05999,0.05999,0.05934,0.05976,2600285.0,1754654400000,155254.87307,1495,2025-08-08 11:00:00+00:00
1754654400000,0.05976,0.05999,0.05956,0.05992,1994893.0,1754658000000,119387.37229,921,2025-08-08 12:00:00+00:00
1754658000000,0.05993,0.06,0.05974,0.06,15593717.0,1754661600000,935441.29853,4878,2025-08-08 13:00:00+00:00
1754661600000,0.06,0.06,0.05987,0.06,3690160.0,1754665200000,221318.13837,3435,2025-08-08 14:00:00+00:00
1754665200000,0.05998,0.06,0.05972,0.06,2726479.0,1754668800000,163487.21193,2709,2025-08-08 15:00:00+00:00
1754668800000,0.06,0.06,0.05976,0.05995,3098222.0,1754672400000,185776.85844,1641,2025-08-08 16:00:00+00:00
1754672400000,0.05994,0.06,0.05976,0.05999,1974480.0,1754676000000,118391.03211,1454,2025-08-08 17:00:00+00:00
1754676000000,0.05999,0.061,0.05999,0.06064,20597711.0,1754679600000,1247909.19887,4885,2025-08-08 18:00:00+00:00
1754679600000,0.06064,0.0608,0.06063,0.0608,816933.0,1754683200000,49614.77549,882,2025-08-08 19:00:00+00:00
1754683200000,0.0608,0.06081,0.05972,0.05975,3952951.0,1754686800000,237889.2718,3873,2025-08-08 20:00:00+00:00
1754686800000,0.05975,0.06071,0.05916,0.05944,3625525.0,1754690400000,216974.69847,3328,2025-08-08 21:00:00+00:00
1754690400000,0.05945,0.05976,0.05944,0.05971,385616.0,1754694000000,23001.37512,291,2025-08-08 22:00:00+00:00
1754694000000,0.05972,0.06013,0.05971,0.06012,795924.0,1754697600000,47722.55014,678,2025-08-08 23:00:00+00:00
1754697600000,0.06011,0.06011,0.05961,0.05999,611044.0,1754701200000,36629.30913,734,2025-08-09 00:00:00+00:00
1754701200000,0.05999,0.06026,0.05976,0.05996,680547.0,1754704800000,40838.98961,620,2025-08-09 01:00:00+00:00
1754704800000,0.05999,0.06053,0.05995,0.06052,1207401.0,1754708400000,72708.0349,1671,2025-08-09 02:00:00+00:00
1754708400000,0.06052,0.06052,0.05985,0.06009,1457622.0,1754712000000,87736.42285,1493,2025-08-09 03:00:00+00:00
1754712000000,0.06009,0.06034,0.05993,0.06011,870775.0,1754715600000,52371.035,754,2025-08-09 04:00:00+00:00
1754715600000,0.06011,0.06025,0.05972,0.06006,1975693.0,1754719200000,118613.27805,1213,2025-08-09 05:00:00+00:00
1754719200000,0.06005,0.06037,0.05988,0.06026,993123.0,1754722800000,59790.19413,527,2025-08-09 06:00:00+00:00
1754722800000,0.06025,0.06038,0.05999,0.06024,704915.0,1754726400000,42429.17429,449,2025-08-09 07:00:00+00:00
1754726400000,0.06025,0.06034,0.06008,0.0603,493117.0,1754730000000,29706.83428,413,2025-08-09 08:00:00+00:00
1754730000000,0.06029,0.06047,0.0599,0.06,2673550.0,1754733600000,160927.08869,1322,2025-08-09 09:00:00+00:00
1754733600000,0.06,0.06026,0.06,0.06023,581606.0,1754737200000,34981.59602,327,2025-08-09 10:00:00+00:00
1754737200000,0.06023,0.06029,0.06009,0.06026,861880.0,1754740800000,51905.75545,406,2025-08-09 11:00:00+00:00
1754740800000,0.06026,0.06065,0.0601,0.06041,1836769.0,1754744400000,110844.70321,943,2025-08-09 12:00:00+00:00
1754744400000,0.06041,0.06062,0.06021,0.06056,1556543.0,1754748000000,94027.66324,894,2025-08-09 13:00:00+00:00
1754748000000,0.06057,0.06076,0.06047,0.06067,2597763.0,1754751600000,157531.65799,1793,2025-08-09 14:00:00+00:00
1754751600000,0.06068,0.06068,0.05986,0.06016,1255864.0,1754755200000,75586.72129,1139,2025-08-09 15:00:00+00:00
1754755200000,0.06016,0.06027,0.06,0.06013,781698.0,1754758800000,47012.2388,409,2025-08-09 16:00:00+00:00
1754758800000,0.06013,0.06039,0.06006,0.06013,997527.0,1754762400000,60025.22345,618,2025-08-09 17:00:00+00:00
1754762400000,0.06013,0.06016,0.05962,0.0598,1143447.0,1754766000000,68417.65909,942,2025-08-09 18:00:00+00:00
1754766000000,0.0598,0.05999,0.05957,0.05971,613302.0,1754769600000,36632.66524,836,2025-08-09 19:00:00+00:00
1754769600000,0.05972,0.05983,0.0597,0.05973,504939.0,1754773200000,30174.62111,555,2025-08-09 20:00:00+00:00
1754773200000,0.05973,0.0602,0.05971,0.05998,667794.0,1754776800000,40009.82829,1071,2025-08-09 21:00:00+00:00
1754776800000,0.05997,0.0603,0.05995,0.06021,1043559.0,1754780400000,62705.94005,1269,2025-08-09 22:00:00+00:00
1754780400000,0.06022,0.06024,0.05995,0.05995,713425.0,1754784000000,42889.35492,527,2025-08-09 23:00:00+00:00
1754784000000,0.05995,0.06001,0.0597,0.05975,967656.0,1754787600000,57922.99067,693,2025-08-10 00:00:00+00:00
1754787600000,0.05976,0.06003,0.0597,0.05994,2072546.0,1754791200000,124156.61932,1440,2025-08-10 01:00:00+00:00
1754791200000,0.05994,0.06004,0.05978,0.05983,783793.0,1754794800000,46932.6651,617,2025-08-10 02:00:00+00:00
1754794800000,0.05982,0.05982,0.05958,0.05978,822997.0,1754798400000,49091.565,393,2025-08-10 03:00:00+00:00
1754798400000,0.05977,0.05988,0.05966,0.05984,399282.0,1754802000000,23870.05921,303,2025-08-10 04:00:00+00:00
1754802000000,0.05985,0.05985,0.05958,0.05979,1129988.0,1754805600000,67545.89555,940,2025-08-10 05:00:00+00:00
1754805600000,0.0598,0.05983,0.0596,0.05962,1288141.0,1754809200000,76901.51188,880,2025-08-10 06:00:00+00:00
1754809200000,0.05962,0.05974,0.05957,0.05966,583331.0,1754812800000,34779.22767,469,2025-08-10 07:00:00+00:00
1754812800000,0.05965,0.0597,0.0595,0.05966,524640.0,1754816400000,31244.24812,511,2025-08-10 08:00:00+00:00
1754816400000,0.05966,0.05966,0.0595,0.0595,178547.0,1754820000000,10633.16306,277,2025-08-10 09:00:00+00:00
1754820000000,0.05951,0.05959,0.0595,0.05954,735448.0,1754823600000,43771.91239,511,2025-08-10 10:00:00+00:00
1754823600000,0.05954,0.0596,0.0595,0.0595,702015.0,1754827200000,41786.15427,330,2025-08-10 11:00:00+00:00
1754827200000,0.0595,0.05968,0.0595,0.05967,807876.0,1754830800000,48098.17282,480,2025-08-10 12:00:00+00:00
1754830800000,0.05967,0.0597,0.0595,0.05951,388145.0,1754834400000,23112.74831,269,2025-08-10 13:00:00+00:00
1754834400000,0.05951,0.05969,0.0595,0.05958,1667747.0,1754838000000,99322.34158,835,2025-08-10 14:00:00+00:00
1754838000000,0.05959,0.05959,0.0595,0.05951,4396736.0,1754841600000,261634.78055,487,2025-08-10 15:00:00+00:00
1754841600000,0.05951,0.05959,0.0595,0.05954,1583706.0,1754845200000,94292.23225,941,2025-08-10 16:00:00+00:00
1754845200000,0.05953,0.05956,0.0595,0.05955,238078.0,1754848800000,14172.93328,168,2025-08-10 17:00:00+00:00
1754848800000,0.05953,0.05964,0.05953,0.05962,161828.0,1754852400000,9646.29571,101,2025-08-10 18:00:00+00:00
1754852400000,0.05963,0.05979,0.05963,0.05976,320373.0,1754856000000,19134.26513,157,2025-08-10 19:00:00+00:00
1754856000000,0.05975,0.05975,0.05951,0.0597,892070.0,1754859600000,53194.10004,322,2025-08-10 20:00:00+00:00
1754859600000,0.05969,0.06051,0.05958,0.06038,1232902.0,1754863200000,74038.79723,667,2025-08-10 21:00:00+00:00
1754863200000,0.06031,0.06105,0.0601,0.06062,12008963.0,1754866800000,729622.3446,2274,2025-08-10 22:00:00+00:00
1754866800000,0.06061,0.06061,0.06016,0.06022,1312876.0,1754870400000,79276.61359,808,2025-08-10 23:00:00+00:00
1754870400000,0.06022,0.06055,0.06018,0.06026,885176.0,1754874000000,53402.43766,684,2025-08-11 00:00:00+00:00
1754874000000,0.06027,0.06054,0.05996,0.06022,1293773.0,1754877600000,77911.90718,1067,2025-08-11 01:00:00+00:00
1754877600000,0.06021,0.06051,0.06009,0.06047,791083.0,1754881200000,47703.10368,641,2025-08-11 02:00:00+00:00
1754881200000,0.06047,0.06072,0.0603,0.0605,586464.0,1754884800000,35512.80645,610,2025-08-11 03:00:00+00:00
1754884800000,0.06051,0.06072,0.06038,0.06039,956988.0,1754888400000,57993.27986,605,2025-08-11 04:00:00+00:00
1754888400000,0.06041,0.06074,0.06037,0.06067,1351168.0,1754892000000,81909.57137,1122,2025-08-11 05:00:00+00:00
1754892000000,0.06068,0.06074,0.06048,0.06068,1789668.0,1754895600000,108478.07609,794,2025-08-11 06:00:00+00:00
1754895600000,0.06067,0.06075,0.0603,0.06056,2417969.0,1754899200000,146339.69455,1198,2025-08-11 07:00:00+00:00
1754899200000,0.06055,0.06071,0.06042,0.06049,434094.0,1754902800000,26278.83425,544,2025-08-11 08:00:00+00:00
1754902800000,0.06046,0.06071,0.06029,0.06063,549977.0,1754906400000,33243.17107,459,2025-08-11 09:00:00+00:00
1754906400000,0.06064,0.06086,0.06034,0.06048,2998467.0,1754910000000,181763.62211,1888,2025-08-11 10:00:00+00:00
1754910000000,0.06048,0.06058,0.05955,0.05962,3340747.0,1754913600000,200409.56262,2673,2025-08-11 11:00:00+00:00
1754913600000,0.05963,0.05985,0.0595,0.05968,1723464.0,1754917200000,102698.99452,1468,2025-08-11 12:00:00+00:00
1754917200000,0.05965,0.05988,0.05953,0.05978,880752.0,1754920800000,52582.86746,639,2025-08-11 13:00:00+00:00
1754920800000,0.05979,0.06001,0.05964,0.05971,486418.0,1754924400000,29095.4161,342,2025-08-11 14:00:00+00:00
1754924400000,0.05971,0.06001,0.05955,0.05974,1005803.0,1754928000000,60122.92068,489,2025-08-11 15:00:00+00:00
1754928000000,0.05976,0.05976,0.0595,0.0596,445194.0,1754931600000,26546.41775,318,2025-08-11 16:00:00+00:00
1754931600000,0.0596,0.05965,0.0595,0.05952,711852.0,1754935200000,42365.36015,401,2025-08-11 17:00:00+00:00
1754935200000,0.05951,0.06006,0.0591,0.05982,4801198.0,1754938800000,285630.27473,1666,2025-08-11 18:00:00+00:00
1754938800000,0.05983,0.05993,0.05959,0.05992,384988.0,1754942400000,22999.96515,347,2025-08-11 19:00:00+00:00
1754942400000,0.05992,0.06002,0.05973,0.06,317460.0,1754946000000,19004.58218,310,2025-08-11 20:00:00+00:00
1754946000000,0.05999,0.06044,0.05959,0.05998,671973.0,1754949600000,40313.33987,666,2025-08-11 21:00:00+00:00
1754949600000,0.05999,0.06009,0.05965,0.05996,1064085.0,1754953200000,63734.19914,1479,2025-08-11 22:00:00+00:00
1754953200000,0.05995,0.06008,0.05955,0.05971,1076365.0,1754956800000,64312.88791,1058,2025-08-11 23:00:00+00:00
1754956800000,0.05972,0.06007,0.0597,0.05986,464288.0,1754960400000,27800.4878,534,2025-08-12 00:00:00+00:00
1754960400000,0.05985,0.05999,0.05981,0.05986,292004.0,1754964000000,17485.57882,286,2025-08-12 01:00:00+00:00
1754964000000,0.05985,0.05992,0.05983,0.0599,371228.0,1754967600000,22231.5252,257,2025-08-12 02:00:00+00:00
1754967600000,0.05991,0.06002,0.05968,0.05983,639336.0,1754971200000,38254.03561,597,2025-08-12 03:00:00+00:00
1754971200000,0.05982,0.05985,0.0595,0.05961,1882881.0,1754974800000,112193.07954,563,2025-08-12 04:00:00+00:00
1754974800000,0.0596,0.05988,0.05959,0.05973,940510.0,1754978400000,56143.19172,586,2025-08-12 05:00:00+00:00
1754978400000,0.05973,0.05976,0.0596,0.05967,280053.0,1754982000000,16713.75607,276,2025-08-12 06:00:00+00:00
1754982000000,0.05969,0.05987,0.05969,0.05975,136652.0,1754985600000,8165.4128,150,2025-08-12 07:00:00+00:00
1754985600000,0.05975,0.05975,0.05963,0.05963,269282.0,1754989200000,16066.45057,199,2025-08-12 08:00:00+00:00
1754989200000,0.05963,0.05982,0.05962,0.05966,213020.0,1754992800000,12718.51313,199,2025-08-12 09:00:00+00:00
1754992800000,0.05966,0.05969,0.05961,0.05964,145748.0,1754996400000,8693.66733,161,2025-08-12 10:00:00+00:00
1754996400000,0.05964,0.05979,0.05958,0.05977,579591.0,1755000000000,34602.51759,606,2025-08-12 11:00:00+00:00
1755000000000,0.05976,0.05997,0.05969,0.05993,1195523.0,1755003600000,71524.41698,1039,2025-08-12 12:00:00+00:00
1755003600000,0.0599,0.06052,0.0599,0.06037,1438682.0,1755007200000,86614.52476,1171,2025-08-12 13:00:00+00:00
1755007200000,0.0604,0.06073,0.0604,0.06063,541364.0,1755010800000,32817.10705,486,2025-08-12 14:00:00+00:00
1755010800000,0.06066,0.06073,0.06057,0.06058,416494.0,1755014400000,25266.34562,294,2025-08-12 15:00:00+00:00
1755014400000,0.06058,0.06076,0.06034,0.06049,1517902.0,1755018000000,91880.24348,1326,2025-08-12 16:00:00+00:00
1755018000000,0.06048,0.0605,0.06003,0.06017,1336067.0,1755021600000,80486.97023,1797,2025-08-12 17:00:00+00:00
1755021600000,0.06017,0.0603,0.05919,0.05951,10737873.0,1755025200000,639709.81495,3282,2025-08-12 18:00:00+00:00
1755025200000,0.05951,0.05969,0.05941,0.05944,978652.0,1755028800000,58254.26105,1189,2025-08-12 19:00:00+00:00
1755028800000,0.05943,0.05969,0.05941,0.0595,936098.0,1755032400000,55715.87606,1076,2025-08-12 20:00:00+00:00
1755032400000,0.05949,0.05971,0.05931,0.0595,780221.0,1755036000000,46407.74469,556,2025-08-12 21:00:00+00:00
1755036000000,0.0595,0.05982,0.05894,0.05941,17366660.0,1755039600000,1027645.76108,4328,2025-08-12 22:00:00+00:00
1755039600000,0.05941,0.05953,0.05933,0.0594,1140108.0,1755043200000,67736.92851,871,2025-08-12 23:00:00+00:00
1755043200000,0.0594,0.05956,0.05937,0.05946,998344.0,1755046800000,59340.44153,1113,2025-08-13 00:00:00+00:00
1755046800000,0.05946,0.05963,0.05925,0.05943,1685754.0,1755050400000,100240.92345,959,2025-08-13 01:00:00+00:00
1755050400000,0.05942,0.05954,0.05939,0.05947,505192.0,1755054000000,30038.89329,393,2025-08-13 02:00:00+00:00
1755054000000,0.05947,0.05958,0.0594,0.05951,264168.0,1755057600000,15712.18124,214,2025-08-13 03:00:00+00:00
1755057600000,0.05952,0.05954,0.05936,0.05943,105669.0,1755061200000,6280.79391,143,2025-08-13 04:00:00+00:00
1755061200000,0.05944,0.05968,0.05938,0.05945,560945.0,1755064800000,33405.74577,274,2025-08-13 05:00:00+00:00
1755064800000,0.05944,0.05969,0.05935,0.05962,391287.0,1755068400000,23315.31336,335,2025-08-13 06:00:00+00:00
1755068400000,0.05962,0.05979,0.05959,0.05969,272389.0,1755072000000,16262.70137,195,2025-08-13 07:00:00+00:00
1755072000000,0.05965,0.05965,0.0594,0.05945,347164.0,1755075600000,20643.96745,273,2025-08-13 08:00:00+00:00
1755075600000,0.05944,0.05948,0.05936,0.0594,423596.0,1755079200000,25175.3195,342,2025-08-13 09:00:00+00:00
1755079200000,0.05941,0.0596,0.05939,0.05951,900389.0,1755082800000,53571.29749,335,2025-08-13 10:00:00+00:00
1755082800000,0.05952,0.05974,0.05938,0.05971,501841.0,1755086400000,29891.35965,451,2025-08-13 11:00:00+00:00
1755086400000,0.0597,0.05971,0.0594,0.05947,442076.0,1755090000000,26309.78177,339,2025-08-13 12:00:00+00:00
1755090000000,0.05947,0.05964,0.05935,0.05959,995199.0,1755093600000,59202.50393,528,2025-08-13 13:00:00+00:00
1755093600000,0.05959,0.05965,0.05938,0.05945,687762.0,1755097200000,40961.25414,439,2025-08-13 14:00:00+00:00
1755097200000,0.05946,0.05948,0.05936,0.05941,207352.0,1755100800000,12322.34217,252,2025-08-13 15:00:00+00:00
1755100800000,0.05939,0.05939,0.0585,0.05853,2265518.0,1755104400000,133247.8786,1710,2025-08-13 16:00:00+00:00
1755104400000,0.05853,0.05867,0.0585,0.0585,3908228.0,1755108000000,228710.6271,1424,2025-08-13 17:00:00+00:00
1755108000000,0.05851,0.05988,0.05814,0.05961,9995198.0,1755111600000,590123.30294,4391,2025-08-13 18:00:00+00:00
1755111600000,0.05961,0.05972,0.0595,0.05959,754506.0,1755115200000,44981.97214,909,2025-08-13 19:00:00+00:00
1755115200000,0.05961,0.05971,0.05956,0.05969,472904.0,1755118800000,28203.90949,521,2025-08-13 20:00:00+00:00
1755118800000,0.05968,0.05968,0.05924,0.05924,1926736.0,1755122400000,114611.46227,721,2025-08-13 21:00:00+00:00
1755122400000,0.05928,0.05937,0.05909,0.05923,589775.0,1755126000000,34925.33148,862,2025-08-13 22:00:00+00:00
1755126000000,0.05924,0.05936,0.05919,0.05928,263530.0,1755129600000,15619.9073,294,2025-08-13 23:00:00+00:00
1755129600000,0.05928,0.05987,0.05912,0.05965,1800655.0,1755133200000,107284.42581,1241,2025-08-14 00:00:00+00:00
1755133200000,0.05966,0.05984,0.0595,0.05984,4717791.0,1755136800000,281027.29309,1310,2025-08-14 01:00:00+00:00
1755136800000,0.05983,0.05998,0.05978,0.05992,971745.0,1755140400000,58183.59187,761,2025-08-14 02:00:00+00:00
1755140400000,0.05992,0.06,0.05955,0.05976,3616834.0,1755144000000,216697.89773,967,2025-08-14 03:00:00+00:00
1755144000000,0.05977,0.05989,0.05972,0.05989,227837.0,1755147600000,13625.64539,262,2025-08-14 04:00:00+00:00
1755147600000,0.05987,0.05994,0.0598,0.05986,289678.0,1755151200000,17345.59374,323,2025-08-14 05:00:00+00:00
1755151200000,0.05988,0.05996,0.05969,0.05973,195901.0,1755154800000,11724.17333,270,2025-08-14 06:00:00+00:00
1755154800000,0.05972,0.05979,0.05961,0.05979,640510.0,1755158400000,38250.33894,297,2025-08-14 07:00:00+00:00
1755158400000,0.05979,0.05991,0.05979,0.0599,249090.0,1755162000000,14912.03682,267,2025-08-14 08:00:00+00:00
1755162000000,0.05989,0.05994,0.05956,0.05986,602069.0,1755165600000,35995.08957,553,2025-08-14 09:00:00+00:00
1755165600000,0.05985,0.05993,0.0597,0.05992,738524.0,1755169200000,44162.92747,1207,2025-08-14 10:00:00+00:00
1755169200000,0.05991,0.05993,0.05977,0.05981,239719.0,1755172800000,14350.64803,243,2025-08-14 11:00:00+00:00
1755172800000,0.05979,0.05984,0.059,0.0593,10626760.0,1755176400000,631157.19608,5128,2025-08-14 12:00:00+00:00
1755176400000,0.05931,0.05969,0.059,0.05954,2335706.0,1755180000000,138766.51786,2522,2025-08-14 13:00:00+00:00
1755180000000,0.05955,0.05989,0.05953,0.05985,970156.0,1755183600000,57959.51834,634,2025-08-14 14:00:00+00:00
1755183600000,0.05986,0.05993,0.05929,0.05931,1429594.0,1755187200000,85187.01198,921,2025-08-14 15:00:00+00:00
1755187200000,0.05931,0.05959,0.05915,0.05926,1125824.0,1755190800000,66825.30114,1228,2025-08-14 16:00:00+00:00
1755190800000,0.05928,0.05979,0.05912,0.05964,1074252.0,1755194400000,63875.73189,1141,2025-08-14 17:00:00+00:00
1755194400000,0.05965,0.05974,0.05943,0.05943,1090982.0,1755198000000,65053.12444,1072,2025-08-14 18:00:00+00:00
1755198000000,0.05942,0.05942,0.05907,0.0593,796195.0,1755201600000,47152.38921,836,2025-08-14 19:00:00+00:00
1755201600000,0.05929,0.05946,0.05913,0.05928,303195.0,1755205200000,17981.53655,448,2025-08-14 20:00:00+00:00
1755205200000,0.05927,0.05947,0.059,0.0594,1034469.0,1755208800000,61135.97808,619,2025-08-14 21:00:00+00:00
1755208800000,0.05939,0.05978,0.05927,0.05951,1185362.0,1755212400000,70567.26368,999,2025-08-14 22:00:00+00:00
1755212400000,0.05948,0.05961,0.05941,0.05958,266295.0,1755216000000,15847.5128,374,2025-08-14 23:00:00+00:00
1755216000000,0.05959,0.05961,0.05934,0.05944,1367780.0,1755219600000,81340.96001,1375,2025-08-15 00:00:00+00:00
1755219600000,0.05943,0.05975,0.05941,0.05962,622437.0,1755223200000,37116.00101,884,2025-08-15 01:00:00+00:00
1755223200000,0.05962,0.05979,0.0591,0.05979,4417858.0,1755226800000,262578.0143,2304,2025-08-15 02:00:00+00:00
1755226800000,0.0598,0.05991,0.05974,0.05985,893355.0,1755230400000,53477.04652,452,2025-08-15 03:00:00+00:00
1755230400000,0.05983,0.06001,0.05979,0.05981,977639.0,1755234000000,58574.59188,688,2025-08-15 04:00:00+00:00
1755234000000,0.05982,0.06,0.05979,0.05988,370462.0,1755237600000,22200.1453,242,2025-08-15 05:00:00+00:00
1755237600000,0.05988,0.05993,0.05959,0.05976,453952.0,1755241200000,27117.23759,387,2025-08-15 06:00:00+00:00
1755241200000,0.05974,0.05996,0.05971,0.05988,415887.0,1755244800000,24880.89212,340,2025-08-15 07:00:00+00:00
1755244800000,0.05989,0.05992,0.05962,0.05984,583500.0,1755248400000,34885.63064,410,2025-08-15 08:00:00+00:00
1755248400000,0.05984,0.05998,0.05984,0.0599,436382.0,1755252000000,26144.68892,335,2025-08-15 09:00:00+00:00
1755252000000,0.05989,0.05997,0.05975,0.05978,798473.0,1755255600000,47802.94304,722,2025-08-15 10:00:00+00:00
1755255600000,0.05978,0.05995,0.05963,0.0597,1047907.0,1755259200000,62643.88858,651,2025-08-15 11:00:00+00:00
1755259200000,0.05971,0.05991,0.0597,0.0598,755349.0,1755262800000,45168.17952,590,2025-08-15 12:00:00+00:00
1755262800000,0.05981,0.05985,0.05958,0.05967,617762.0,1755266400000,36881.74434,820,2025-08-15 13:00:00+00:00
1755266400000,0.05966,0.05985,0.05952,0.05966,622992.0,1755270000000,37182.02099,670,2025-08-15 14:00:00+00:00
1755270000000,0.05967,0.0597,0.05917,0.0595,2513964.0,1755273600000,149551.55198,896,2025-08-15 15:00:00+00:00
1755273600000,0.05949,0.05971,0.05939,0.0596,696389.0,1755277200000,41458.65629,537,2025-08-15 16:00:00+00:00
1755277200000,0.05961,0.05998,0.05958,0.05996,749256.0,1755280800000,44794.49323,647,2025-08-15 17:00:00+00:00
1755280800000,0.05996,0.05999,0.05982,0.05986,392111.0,1755284400000,23486.07765,279,2025-08-15 18:00:00+00:00
1755284400000,0.05986,0.05987,0.05971,0.05974,221839.0,1755288000000,13265.87097,202,2025-08-15 19:00:00+00:00
1755288000000,0.05973,0.05977,0.0594,0.05942,209049.0,1755291600000,12441.60498,330,2025-08-15 20:00:00+00:00
1755291600000,0.05942,0.05984,0.05941,0.0598,172473.0,1755295200000,10279.12149,276,2025-08-15 21:00:00+00:00
1755295200000,0.05981,0.05993,0.05969,0.05993,178866.0,1755298800000,10702.60939,370,2025-08-15 22:00:00+00:00
1755298800000,0.05992,0.05992,0.05937,0.05942,520878.0,1755302400000,31004.42272,1316,2025-08-15 23:00:00+00:00
1755302400000,0.05942,0.05963,0.05931,0.05932,1655863.0,1755306000000,98411.67876,3028,2025-08-16 00:00:00+00:00
1755306000000,0.05939,0.05979,0.05931,0.05973,136141.0,1755309600000,8106.50345,451,2025-08-16 01:00:00+00:00
1755309600000,0.05973,0.05998,0.05956,0.05984,2155436.0,1755313200000,129014.72381,1137,2025-08-16 02:00:00+00:00
1755313200000,0.05986,0.06001,0.05971,0.05972,831005.0,1755316800000,49771.21507,478,2025-08-16 03:00:00+00:00
1755316800000,0.05972,0.05985,0.05961,0.05983,474722.0,1755320400000,28364.2447,507,2025-08-16 04:00:00+00:00
1755320400000,0.05982,0.05999,0.05978,0.0599,459938.0,1755324000000,27547.8437,635,2025-08-16 05:00:00+00:00
1755324000000,0.05991,0.05992,0.05957,0.05957,627180.0,1755327600000,37493.38497,1432,2025-08-16 06:00:00+00:00
1755327600000,0.05957,0.05976,0.05947,0.05969,1009199.0,1755331200000,60182.88135,1745,2025-08-16 07:00:00+00:00
1755331200000,0.05969,0.06,0.05969,0.05996,653153.0,1755334800000,39094.05955,792,2025-08-16 08:00:00+00:00
1755334800000,0.05992,0.06,0.05973,0.05975,1174571.0,1755338400000,70343.08647,1370,2025-08-16 09:00:00+00:00
1755338400000,0.05974,0.05999,0.05972,0.05995,1025203.0,1755342000000,61347.38891,1107,2025-08-16 10:00:00+00:00
1755342000000,0.05995,0.06,0.05988,0.05996,321839.0,1755345600000,19293.9993,580,2025-08-16 11:00:00+00:00
1755345600000,0.05991,0.05998,0.05934,0.05965,3479954.0,1755349200000,207395.96254,4852,2025-08-16 12:00:00+00:00
1755349200000,0.05968,0.0598,0.05955,0.05973,488848.0,1755352800000,29184.70178,659,2025-08-16 13:00:00+00:00
1755352800000,0.05973,0.05998,0.0597,0.05995,1384766.0,1755356400000,82857.80855,1275,2025-08-16 14:00:00+00:00
1755356400000,0.05995,0.06001,0.05986,0.05996,1016028.0,1755360000000,60898.76291,1902,2025-08-16 15:00:00+00:00
1755360000000,0.05996,0.06002,0.05987,0.05996,562870.0,1755363600000,33741.9533,1066,2025-08-16 16:00:00+00:00
1755363600000,0.05996,0.06,0.05987,0.05995,568787.0,1755367200000,34092.57351,1096,2025-08-16 17:00:00+00:00
1755367200000,0.05994,0.06,0.05987,0.05994,340781.0,1755370800000,20426.9224,769,2025-08-16 18:00:00+00:00
1755370800000,0.05994,0.06001,0.05988,0.05997,394432.0,1755374400000,23650.27695,974,2025-08-16 19:00:00+00:00
1755374400000,0.05995,0.06003,0.0599,0.05997,134318.0,1755378000000,8055.22003,400,2025-08-16 20:00:00+00:00
1755378000000,0.05996,0.06008,0.05987,0.05988,341082.0,1755381600000,20455.81542,183,2025-08-16 21:00:00+00:00
1755381600000,0.05987,0.06001,0.05982,0.05985,240536.0,1755385200000,14418.20897,227,2025-08-16 22:00:00+00:00
1755385200000,0.05986,0.05989,0.05979,0.05988,67107.0,1755388800000,4016.54029,66,2025-08-16 23:00:00+00:00
1755388800000,0.05988,0.05991,0.0598,0.0599,62969.0,1755392400000,3768.0996,100,2025-08-17 00:00:00+00:00
1755392400000,0.05989,0.05992,0.05983,0.05992,21998.0,1755396000000,1317.25533,56,2025-08-17 01:00:00+00:00
1755396000000,0.05991,0.05997,0.05981,0.05996,269281.0,1755399600000,16133.44548,363,2025-08-17 02:00:00+00:00
1755399600000,0.05997,0.06,0.05987,0.05995,236844.0,1755403200000,14197.801,259,2025-08-17 03:00:00+00:00
1755403200000,0.05997,0.05999,0.05987,0.05994,371417.0,1755406800000,22261.9562,295,2025-08-17 04:00:00+00:00
1755406800000,0.05994,0.05998,0.05993,0.05995,136086.0,1755410400000,8158.10348,113,2025-08-17 05:00:00+00:00
1755410400000,0.05996,0.05998,0.05985,0.05992,478876.0,1755414000000,28703.35506,478,2025-08-17 06:00:00+00:00
1755414000000,0.05994,0.05999,0.0599,0.05991,127705.0,1755417600000,7654.60085,81,2025-08-17 07:00:00+00:00
1755417600000,0.05991,0.06001,0.05981,0.05993,606639.0,1755421200000,36343.69718,452,2025-08-17 08:00:00+00:00
1755421200000,0.05992,0.05999,0.05983,0.05992,246188.0,1755424800000,14749.35517,390,2025-08-17 09:00:00+00:00
1755424800000,0.05993,0.06,0.05986,0.05994,429344.0,1755428400000,25739.45768,641,2025-08-17 10:00:00+00:00
1755428400000,0.05992,0.05995,0.05987,0.05994,60964.0,1755432000000,3653.501,122,2025-08-17 11:00:00+00:00
1755432000000,0.05995,0.05998,0.05991,0.05993,94829.0,1755435600000,5685.36609,131,2025-08-17 12:00:00+00:00
1755435600000,0.05993,0.06006,0.05983,0.05985,278345.0,1755439200000,16688.23965,368,2025-08-17 13:00:00+00:00
1755439200000,0.05986,0.05991,0.05982,0.05982,243097.0,1755442800000,14551.69905,279,2025-08-17 14:00:00+00:00
1755442800000,0.05984,0.05991,0.0598,0.05991,188054.0,1755446400000,11252.95589,219,2025-08-17 15:00:00+00:00
1755446400000,0.05991,0.05997,0.05982,0.05992,319221.0,1755450000000,19117.27539,546,2025-08-17 16:00:00+00:00
1755450000000,0.05993,0.06001,0.05987,0.0599,213560.0,1755453600000,12799.49307,247,2025-08-17 17:00:00+00:00
1755453600000,0.0599,0.05996,0.0598,0.05989,626758.0,1755457200000,37533.72747,1148,2025-08-17 18:00:00+00:00
1755457200000,0.05991,0.05992,0.05981,0.05985,142321.0,1755460800000,8521.89307,194,2025-08-17 19:00:00+00:00
1755460800000,0.05983,0.05997,0.05981,0.0599,434686.0,1755464400000,26041.7316,313,2025-08-17 20:00:00+00:00
1755464400000,0.0599,0.05992,0.05979,0.05985,106561.0,1755468000000,6378.36782,129,2025-08-17 21:00:00+00:00
1755468000000,0.05982,0.05994,0.05982,0.05986,102892.0,1755471600000,6162.12069,171,2025-08-17 22:00:00+00:00
1755471600000,0.05988,0.05991,0.05981,0.05991,191162.0,1755475200000,11443.07881,151,2025-08-17 23:00:00+00:00
1755475200000,0.05991,0.05999,0.05983,0.05984,202904.0,1755478800000,12159.16934,190,2025-08-18 00:00:00+00:00
1755478800000,0.05984,0.05991,0.05982,0.05985,141031.0,1755482400000,8444.34035,158,2025-08-18 01:00:00+00:00
1755482400000,0.05985,0.06,0.05976,0.0598,499158.0,1755486000000,29887.89769,304,2025-08-18 02:00:00+00:00
1755486000000,0.0598,0.05982,0.05879,0.05924,1528222.0,1755489600000,90580.34686,1301,2025-08-18 03:00:00+00:00
1755489600000,0.05923,0.05923,0.05853,0.05864,1208066.0,1755493200000,70953.73049,1118,2025-08-18 04:00:00+00:00
1755493200000,0.05864,0.05933,0.05864,0.05883,603734.0,1755496800000,35588.3487,739,2025-08-18 05:00:00+00:00
1755496800000,0.05882,0.05882,0.05851,0.05869,304439.0,1755500400000,17842.99831,567,2025-08-18 06:00:00+00:00
1755500400000,0.05868,0.05868,0.0585,0.05859,313792.0,1755504000000,18375.28265,257,2025-08-18 07:00:00+00:00
1755504000000,0.05858,0.0586,0.0585,0.05853,330333.0,1755507600000,19336.37184,325,2025-08-18 08:00:00+00:00
1755507600000,0.05854,0.05877,0.0585,0.0587,507600.0,1755511200000,29747.50335,652,2025-08-18 09:00:00+00:00
1755511200000,0.05866,0.05882,0.05857,0.05859,246666.0,1755514800000,14473.0253,400,2025-08-18 10:00:00+00:00
1755514800000,0.05859,0.05878,0.05855,0.05869,243987.0,1755518400000,14316.23062,410,2025-08-18 11:00:00+00:00
1755518400000,0.05869,0.05887,0.05864,0.05886,245980.0,1755522000000,14455.00116,319,2025-08-18 12:00:00+00:00
1755522000000,0.05885,0.05885,0.05853,0.05858,498314.0,1755525600000,29256.31845,472,2025-08-18 13:00:00+00:00
1755525600000,0.05857,0.05969,0.05856,0.05963,2354396.0,1755529200000,139459.90858,2235,2025-08-18 14:00:00+00:00
1755529200000,0.05962,0.05968,0.05911,0.0595,798922.0,1755532800000,47446.20956,838,2025-08-18 15:00:00+00:00
1755532800000,0.05957,0.05966,0.05914,0.05921,493042.0,1755536400000,29275.97526,702,2025-08-18 16:00:00+00:00
1755536400000,0.05919,0.05932,0.05901,0.05901,236108.0,1755540000000,13978.38082,357,2025-08-18 17:00:00+00:00
1755540000000,0.05901,0.06002,0.05889,0.05995,1932517.0,1755543600000,115148.47942,1554,2025-08-18 18:00:00+00:00
1755543600000,0.05994,0.06001,0.05991,0.05997,308403.0,1755547200000,18492.44213,209,2025-08-18 19:00:00+00:00
1755547200000,0.05996,0.05999,0.05992,0.05998,93399.0,1755550800000,5599.68046,116,2025-08-18 20:00:00+00:00
1755550800000,0.05998,0.06008,0.0599,0.05996,411161.0,1755554400000,24658.99993,194,2025-08-18 21:00:00+00:00
1755554400000,0.06,0.06003,0.05993,0.05995,115038.0,1755558000000,6899.01018,170,2025-08-18 22:00:00+00:00
1755558000000,0.05995,0.05999,0.0599,0.0599,52366.0,1755561600000,3138.72407,290,2025-08-18 23:00:00+00:00
1755561600000,0.0599,0.06002,0.0599,0.05997,2577826.0,1755565200000,154429.76575,826,2025-08-19 00:00:00+00:00
1755565200000,0.05998,0.06003,0.0599,0.05995,252735.0,1755568800000,15155.67655,177,2025-08-19 01:00:00+00:00
1755568800000,0.05997,0.05998,0.05991,0.05991,279211.0,1755572400000,16736.90036,643,2025-08-19 02:00:00+00:00
1755572400000,0.05991,0.06012,0.0599,0.05997,1019642.0,1755576000000,61175.61665,1317,2025-08-19 03:00:00+00:00
1755576000000,0.05997,0.06015,0.0599,0.05994,961059.0,1755579600000,57645.36107,1582,2025-08-19 04:00:00+00:00
1755579600000,0.05994,0.06001,0.0599,0.05993,945186.0,1755583200000,56648.97876,2057,2025-08-19 05:00:00+00:00
1755583200000,0.05993,0.0605,0.0599,0.06024,1249635.0,1755586800000,75236.16193,1548,2025-08-19 06:00:00+00:00
1755586800000,0.06025,0.06027,0.05954,0.05982,2002583.0,1755590400000,119873.96594,859,2025-08-19 07:00:00+00:00
1755590400000,0.0598,0.06006,0.0598,0.05999,436514.0,1755594000000,26181.02771,294,2025-08-19 08:00:00+00:00
1755594000000,0.05999,0.06003,0.05968,0.0597,267478.0,1755597600000,16012.74155,317,2025-08-19 09:00:00+00:00
1755597600000,0.05976,0.05976,0.05954,0.05956,167029.0,1755601200000,9956.29178,178,2025-08-19 10:00:00+00:00
1755601200000,0.05957,0.0596,0.0595,0.05954,243532.0,1755604800000,14495.02503,238,2025-08-19 11:00:00+00:00
1755604800000,0.05951,0.05964,0.0595,0.05958,632208.0,1755608400000,37624.25687,233,2025-08-19 12:00:00+00:00
1755608400000,0.05961,0.05977,0.05952,0.0596,665839.0,1755612000000,39707.91155,351,2025-08-19 13:00:00+00:00
1755612000000,0.0596,0.05968,0.0595,0.05953,337766.0,1755615600000,20109.14125,209,2025-08-19 14:00:00+00:00
1755615600000,0.05954,0.05966,0.0595,0.05956,239458.0,1755619200000,14266.48804,146,2025-08-19 15:00:00+00:00
1755619200000,0.05956,0.05966,0.05953,0.05961,154846.0,1755622800000,9227.82076,122,2025-08-19 16:00:00+00:00
1755622800000,0.05964,0.05988,0.05956,0.05985,335805.0,1755626400000,20060.97794,452,2025-08-19 17:00:00+00:00
1755626400000,0.05985,0.0603,0.0598,0.05986,611586.0,1755630000000,36717.91279,481,2025-08-19 18:00:00+00:00
1755630000000,0.05984,0.05993,0.0595,0.0598,1063452.0,1755633600000,63547.57182,2043,2025-08-19 19:00:00+00:00
1755633600000,0.05983,0.06009,0.05975,0.06002,1054811.0,1755637200000,63152.565,1274,2025-08-19 20:00:00+00:00
1755637200000,0.06001,0.06027,0.05995,0.05996,262902.0,1755640800000,15803.38839,338,2025-08-19 21:00:00+00:00
1755640800000,0.05993,0.06003,0.0597,0.05974,344896.0,1755644400000,20648.94237,267,2025-08-19 22:00:00+00:00
1755644400000,0.05963,0.05968,0.0595,0.05951,248629.0,1755648000000,14810.68138,363,2025-08-19 23:00:00+00:00
1755648000000,0.05955,0.05965,0.0595,0.05955,250832.0,1755651600000,14941.56771,142,2025-08-20 00:00:00+00:00
1755651600000,0.05951,0.05963,0.0595,0.05961,639431.0,1755655200000,38051.87403,345,2025-08-20 01:00:00+00:00
1755655200000,0.0596,0.05969,0.05958,0.05958,58447.0,1755658800000,3484.36035,46,2025-08-20 02:00:00+00:00
1755658800000,0.05962,0.05966,0.05952,0.05954,95341.0,1755662400000,5680.71257,216,2025-08-20 03:00:00+00:00
1755662400000,0.05954,0.05963,0.0595,0.05951,433619.0,1755666000000,25809.53975,392,2025-08-20 04:00:00+00:00
1755666000000,0.05951,0.05971,0.0595,0.05963,469301.0,1755669600000,27963.12984,437,2025-08-20 05:00:00+00:00
1755669600000,0.05961,0.05984,0.0595,0.05954,3772604.0,1755673200000,224649.19107,939,2025-08-20 06:00:00+00:00
1755673200000,0.05956,0.05971,0.05952,0.05969,406595.0,1755676800000,24242.32535,635,2025-08-20 07:00:00+00:00
1755676800000,0.05966,0.05974,0.05952,0.05952,232392.0,1755680400000,13863.3393,153,2025-08-20 08:00:00+00:00
1755680400000,0.05952,0.05955,0.05934,0.05952,1272777.0,1755684000000,75722.02917,176,2025-08-20 09:00:00+00:00
1755684000000,0.0595,0.0596,0.05947,0.05951,264085.0,1755687600000,15717.39207,154,2025-08-20 10:00:00+00:00
1755687600000,0.05951,0.0596,0.05937,0.0596,271001.0,1755691200000,16109.75985,167,2025-08-20 11:00:00+00:00
1755691200000,0.05963,0.06012,0.05945,0.06,1038178.0,1755694800000,61981.53569,578,2025-08-20 12:00:00+00:00
1755694800000,0.05999,0.06171,0.05983,0.06112,8137299.0,1755698400000,496779.83485,4356,2025-08-20 13:00:00+00:00
1755698400000,0.06109,0.06238,0.061,0.0623,4037052.0,1755702000000,248609.06749,2685,2025-08-20 14:00:00+00:00
1755702000000,0.06231,0.06255,0.0617,0.06174,1643921.0,1755705600000,102078.1826,1404,2025-08-20 15:00:00+00:00
1755705600000,0.06178,0.06383,0.06178,0.06335,3744796.0,1755709200000,235418.39665,2375,2025-08-20 16:00:00+00:00
1755709200000,0.06339,0.06418,0.06276,0.06392,2164108.0,1755712800000,137674.51034,1509,2025-08-20 17:00:00+00:00
1755712800000,0.06391,0.065,0.06364,0.06494,7501422.0,1755716400000,485457.25329,2205,2025-08-20 18:00:00+00:00
1755716400000,0.065,0.065,0.0649,0.06498,1360305.0,1755720000000,88356.78355,708,2025-08-20 19:00:00+00:00
1755720000000,0.06497,0.06499,0.0649,0.06491,1191007.0,1755723600000,77351.74895,482,2025-08-20 20:00:00+00:00
1755723600000,0.06492,0.065,0.0649,0.06493,2921877.0,1755727200000,189738.97011,756,2025-08-20 21:00:00+00:00
1755727200000,0.06492,0.065,0.06491,0.06499,463367.0,1755730800000,30098.38029,225,2025-08-20 22:00:00+00:00
1755730800000,0.06496,0.065,0.0649,0.06493,501735.0,1755734400000,32588.37555,250,2025-08-20 23:00:00+00:00
1755734400000,0.06495,0.065,0.0649,0.06492,2820723.0,1755738000000,183084.06992,1085,2025-08-21 00:00:00+00:00
1755738000000,0.06492,0.06499,0.0649,0.06499,327539.0,1755741600000,21276.55258,217,2025-08-21 01:00:00+00:00
1755741600000,0.06496,0.06499,0.05879,0.05939,26262039.0,1755745200000,1625914.43974,20721,2025-08-21 02:00:00+00:00
1755745200000,0.0594,0.05987,0.05727,0.05896,5331411.0,1755748800000,313530.85324,4646,2025-08-21 03:00:00+00:00
1755748800000,0.05892,0.05904,0.05537,0.05869,11325686.0,1755752400000,649692.256,8687,2025-08-21 04:00:00+00:00
1755752400000,0.05872,0.06,0.05872,0.05986,6357438.0,1755756000000,378350.58522,4531,2025-08-21 05:00:00+00:00
1755756000000,0.05985,0.05995,0.05939,0.05989,2205276.0,1755759600000,131717.0271,1058,2025-08-21 06:00:00+00:00
1755759600000,0.05986,0.06,0.05969,0.0597,1691074.0,1755763200000,101264.00359,844,2025-08-21 07:00:00+00:00
1755763200000,0.0597,0.06006,0.05948,0.05985,4678206.0,1755766800000,280140.57592,1342,2025-08-21 08:00:00+00:00
1755766800000,0.05985,0.06157,0.05982,0.06088,4847382.0,1755770400000,293446.63212,2179,2025-08-21 09:00:00+00:00
1755770400000,0.0609,0.06234,0.0609,0.06201,2537149.0,1755774000000,156147.04969,1262,2025-08-21 10:00:00+00:00
1755774000000,0.06193,0.06308,0.06157,0.06289,4766522.0,1755777600000,297212.58242,2044,2025-08-21 11:00:00+00:00
1755777600000,0.06285,0.06293,0.06078,0.06114,5382424.0,1755781200000,332808.13378,2979,2025-08-21 12:00:00+00:00
1755781200000,0.06112,0.06186,0.0607,0.061,1878989.0,1755784800000,115337.28289,1178,2025-08-21 13:00:00+00:00
1755784800000,0.061,0.06114,0.05944,0.05953,3026322.0,1755788400000,181849.30145,2125,2025-08-21 14:00:00+00:00
1755788400000,0.05953,0.05962,0.05941,0.05941,559134.0,1755792000000,33270.11878,359,2025-08-21 15:00:00+00:00
1755792000000,0.05946,0.05972,0.0594,0.05945,550383.0,1755795600000,32767.07613,333,2025-08-21 16:00:00+00:00
1755795600000,0.05945,0.05955,0.05939,0.05948,87769.0,1755799200000,5217.36374,97,2025-08-21 17:00:00+00:00
1755799200000,0.05951,0.05956,0.05942,0.0595,361410.0,1755802800000,21502.09694,266,2025-08-21 18:00:00+00:00
1755802800000,0.05942,0.0605,0.05909,0.05952,2024254.0,1755806400000,120838.96308,1153,2025-08-21 19:00:00+00:00
1755806400000,0.05957,0.05982,0.05937,0.05956,1188522.0,1755810000000,70754.84084,507,2025-08-21 20:00:00+00:00
1755810000000,0.05952,0.06009,0.05948,0.05989,178122.0,1755813600000,10655.06467,270,2025-08-21 21:00:00+00:00
1755813600000,0.05989,0.05989,0.05945,0.05967,206062.0,1755817200000,12299.86587,448,2025-08-21 22:00:00+00:00
1755817200000,0.05966,0.05973,0.0594,0.05945,347353.0,1755820800000,20664.94231,382,2025-08-21 23:00:00+00:00
1755820800000,0.05944,0.05963,0.05937,0.05943,534377.0,1755824400000,31757.16241,582,2025-08-22 00:00:00+00:00
1755824400000,0.05943,0.05969,0.05937,0.05949,315542.0,1755828000000,18771.47344,451,2025-08-22 01:00:00+00:00
1755828000000,0.05947,0.06015,0.05941,0.05993,1117078.0,1755831600000,66780.11816,1505,2025-08-22 02:00:00+00:00
1755831600000,0.05994,0.06018,0.05984,0.05993,563007.0,1755835200000,33778.98136,688,2025-08-22 03:00:00+00:00
1755835200000,0.05996,0.0603,0.0598,0.05996,1345219.0,1755838800000,80827.64255,1099,2025-08-22 04:00:00+00:00
1755838800000,0.05996,0.06007,0.05963,0.05993,717290.0,1755842400000,42935.09979,1101,2025-08-22 05:00:00+00:00
1755842400000,0.05992,0.06022,0.05976,0.05991,778058.0,1755846000000,46704.19559,782,2025-08-22 06:00:00+00:00
1755846000000,0.05991,0.06014,0.05989,0.06005,953799.0,1755849600000,57252.00478,1280,2025-08-22 07:00:00+00:00
1755849600000,0.06005,0.06014,0.05995,0.06003,177650.0,1755853200000,10664.66682,371,2025-08-22 08:00:00+00:00
1755853200000,0.06003,0.06022,0.05995,0.06018,555152.0,1755856800000,33375.37905,624,2025-08-22 09:00:00+00:00
1755856800000,0.06018,0.06021,0.05981,0.05982,173025.0,1755860400000,10388.44634,335,2025-08-22 10:00:00+00:00
1755860400000,0.05981,0.05988,0.05965,0.05969,254133.0,1755864000000,15182.28473,293,2025-08-22 11:00:00+00:00
1755864000000,0.0597,0.05996,0.05958,0.05987,949732.0,1755867600000,56676.78822,590,2025-08-22 12:00:00+00:00
1755867600000,0.05987,0.05992,0.05964,0.05964,260543.0,1755871200000,15587.89211,490,2025-08-22 13:00:00+00:00
1755871200000,0.05964,0.06002,0.05955,0.05982,3364291.0,1755874800000,201148.67876,2377,2025-08-22 14:00:00+00:00
1755874800000,0.05981,0.06025,0.0596,0.05986,5556280.0,1755878400000,332674.44444,2837,2025-08-22 15:00:00+00:00
1755878400000,0.05986,0.06008,0.05974,0.05979,707779.0,1755882000000,42389.08161,830,2025-08-22 16:00:00+00:00
1755882000000,0.05977,0.05994,0.05958,0.05975,1054370.0,1755885600000,63032.03949,706,2025-08-22 17:00:00+00:00
1755885600000,0.05974,0.05975,0.05951,0.05961,787544.0,1755889200000,46937.93726,535,2025-08-22 18:00:00+00:00
1755889200000,0.0596,0.05962,0.0595,0.05951,667618.0,1755892800000,39741.11775,427,2025-08-22 19:00:00+00:00
1755892800000,0.0595,0.05992,0.0593,0.05965,8500953.0,1755896400000,505878.9151,2213,2025-08-22 20:00:00+00:00
1755896400000,0.05966,0.05973,0.05945,0.05962,424979.0,1755900000000,25318.92122,450,2025-08-22 21:00:00+00:00
1755900000000,0.05958,0.05958,0.05798,0.05846,2246058.0,1755903600000,131991.8168,2473,2025-08-22 22:00:00+00:00
1755903600000,0.05847,0.05911,0.05792,0.05879,1993426.0,1755907200000,116631.68642,3013,2025-08-22 23:00:00+00:00
1755907200000,0.05878,0.05939,0.05851,0.05935,1130528.0,1755910800000,66579.27862,2503,2025-08-23 00:00:00+00:00
1755910800000,0.05935,0.05941,0.05853,0.05873,841307.0,1755914400000,49513.71525,1231,2025-08-23 01:00:00+00:00
1755914400000,0.05873,0.0606,0.0585,0.06052,10203513.0,1755918000000,608253.18398,7447,2025-08-23 02:00:00+00:00
1755918000000,0.06054,0.06182,0.06054,0.06097,7196486.0,1755921600000,440383.57296,8120,2025-08-23 03:00:00+00:00
1755921600000,0.06097,0.0614,0.06091,0.06093,1213198.0,1755925200000,74125.55905,2098,2025-08-23 04:00:00+00:00
1755925200000,0.06093,0.0615,0.06074,0.06097,1922294.0,1755928800000,117335.45234,2129,2025-08-23 05:00:00+00:00
1755928800000,0.06099,0.06123,0.06078,0.06117,1121002.0,1755932400000,68386.80226,973,2025-08-23 06:00:00+00:00
1755932400000,0.06117,0.06136,0.06107,0.06123,456461.0,1755936000000,27947.6504,653,2025-08-23 07:00:00+00:00
1755936000000,0.06123,0.06151,0.06119,0.06133,480092.0,1755939600000,29464.34671,651,2025-08-23 08:00:00+00:00
1755939600000,0.06134,0.06142,0.06075,0.06081,603667.0,1755943200000,36858.81412,800,2025-08-23 09:00:00+00:00
1755943200000,0.06081,0.0609,0.0607,0.0608,877072.0,1755946800000,53313.3317,573,2025-08-23 10:00:00+00:00
1755946800000,0.0608,0.06087,0.06074,0.06081,186014.0,1755950400000,11309.12479,236,2025-08-23 11:00:00+00:00
1755950400000,0.0608,0.06095,0.06072,0.06084,549772.0,1755954000000,33430.2223,486,2025-08-23 12:00:00+00:00
1755954000000,0.06084,0.06218,0.06077,0.06163,3909113.0,1755957600000,241315.32414,4092,2025-08-23 13:00:00+00:00
1755957600000,0.06165,0.06186,0.06161,0.06171,666228.0,1755961200000,41143.51755,493,2025-08-23 14:00:00+00:00
1755961200000,0.06172,0.06207,0.06172,0.06195,88999.0,1755964800000,5510.89491,265,2025-08-23 15:00:00+00:00
1755964800000,0.06195,0.06393,0.06193,0.06342,6971504.0,1755968400000,438267.94875,4709,2025-08-23 16:00:00+00:00
1755968400000,0.06343,0.06376,0.06263,0.06274,1240532.0,1755972000000,78542.27261,1359,2025-08-23 17:00:00+00:00
1755972000000,0.06275,0.06379,0.06253,0.06342,1442868.0,1755975600000,90911.95315,1390,2025-08-23 18:00:00+00:00
1755975600000,0.06337,0.0641,0.06316,0.06356,2175528.0,1755979200000,138234.59719,1996,2025-08-23 19:00:00+00:00
1755979200000,0.06362,0.06425,0.06358,0.0638,1435363.0,1755982800000,91770.36447,1650,2025-08-23 20:00:00+00:00
1755982800000,0.06379,0.06397,0.0635,0.06373,952200.0,1755986400000,60601.60907,616,2025-08-23 21:00:00+00:00
1755986400000,0.06376,0.06393,0.06361,0.06387,372329.0,1755990000000,23729.56582,277,2025-08-23 22:00:00+00:00
1755990000000,0.06386,0.06423,0.06386,0.06399,744840.0,1755993600000,47703.90571,461,2025-08-23 23:00:00+00:00
1755993600000,0.06399,0.0641,0.06365,0.06377,929153.0,1755997200000,59360.19519,1080,2025-08-24 00:00:00+00:00
1755997200000,0.06378,0.06401,0.06363,0.06383,683444.0,1756000800000,43611.80721,841,2025-08-24 01:00:00+00:00
1756000800000,0.06384,0.06633,0.06361,0.06615,9918508.0,1756004400000,649780.55609,6425,2025-08-24 02:00:00+00:00
1756004400000,0.06618,0.06633,0.06585,0.06632,2499322.0,1756008000000,165440.36058,1605,2025-08-24 03:00:00+00:00
1756008000000,0.06631,0.06633,0.06615,0.06623,5231032.0,1756011600000,346844.18414,2411,2025-08-24 04:00:00+00:00
1756011600000,0.06622,0.06633,0.06567,0.0663,7066370.0,1756015200000,468120.88459,3725,2025-08-24 05:00:00+00:00
1756015200000,0.0663,0.06897,0.06625,0.06729,24869346.0,1756018800000,1673880.53675,20536,2025-08-24 06:00:00+00:00
1756018800000,0.06729,0.06797,0.06687,0.06726,5138555.0,1756022400000,346191.76155,2514,2025-08-24 07:00:00+00:00
1756022400000,0.06732,0.06842,0.06692,0.06809,4329910.0,1756026000000,292983.50581,2391,2025-08-24 08:00:00+00:00
1756026000000,0.06809,0.06897,0.06685,0.06821,6651687.0,1756029600000,452836.37868,5020,2025-08-24 09:00:00+00:00
1756029600000,0.06822,0.06869,0.06769,0.06797,4654841.0,1756033200000,317967.63887,2631,2025-08-24 10:00:00+00:00
1756033200000,0.06802,0.069,0.06712,0.06752,8243222.0,1756036800000,563101.99851,4795,2025-08-24 11:00:00+00:00
1756036800000,0.06761,0.06897,0.06716,0.06818,6163962.0,1756040400000,420765.05623,4697,2025-08-24 12:00:00+00:00
1756040400000,0.06814,0.06868,0.06767,0.06833,3753433.0,1756044000000,255731.95805,2407,2025-08-24 13:00:00+00:00
1756044000000,0.06837,0.069,0.06785,0.06789,5995315.0,1756047600000,410879.35145,2683,2025-08-24 14:00:00+00:00
1756047600000,0.06787,0.06787,0.06056,0.06057,17141067.0,1756051200000,1093054.68029,12735,2025-08-24 15:00:00+00:00
1756051200000,0.06057,0.06071,0.05962,0.06002,6424887.0,1756054800000,385738.38631,4743,2025-08-24 16:00:00+00:00
1756054800000,0.06004,0.06027,0.0596,0.05987,3138146.0,1756058400000,187814.72258,2161,2025-08-24 17:00:00+00:00
1756058400000,0.05988,0.06017,0.05957,0.06,3610364.0,1756062000000,216218.8029,2647,2025-08-24 18:00:00+00:00
1756062000000,0.05999,0.06034,0.05959,0.0602,4445526.0,1756065600000,266444.9769,2910,2025-08-24 19:00:00+00:00
1756065600000,0.06013,0.0603,0.05957,0.05971,3128319.0,1756069200000,187348.82997,1362,2025-08-24 20:00:00+00:00
1756069200000,0.05974,0.05995,0.05962,0.05976,1194133.0,1756072800000,71353.26109,670,2025-08-24 21:00:00+00:00
1756072800000,0.05976,0.05998,0.0597,0.05974,1058132.0,1756076400000,63235.67935,946,2025-08-24 22:00:00+00:00
1756076400000,0.05972,0.05992,0.0597,0.05972,3733605.0,1756080000000,222965.77197,1679,2025-08-24 23:00:00+00:00
1756080000000,0.05972,0.05996,0.0597,0.0597,1936213.0,1756083600000,115677.94475,1151,2025-08-25 00:00:00+00:00
1756083600000,0.0597,0.0603,0.0597,0.06006,4006220.0,1756087200000,240314.72123,2391,2025-08-25 01:00:00+00:00
1756087200000,0.06007,0.06029,0.05993,0.06026,1954900.0,1756090800000,117518.51542,1798,2025-08-25 02:00:00+00:00
1756090800000,0.06026,0.06031,0.05983,0.06016,2503870.0,1756094400000,150602.60266,1373,2025-08-25 03:00:00+00:00
1756094400000,0.06017,0.06034,0.0598,0.06006,2026926.0,1756098000000,121748.87287,1144,2025-08-25 04:00:00+00:00
1756098000000,0.06002,0.06018,0.0598,0.05995,1476980.0,1756101600000,88636.68184,831,2025-08-25 05:00:00+00:00
1756101600000,0.05993,0.06017,0.05974,0.06013,1519198.0,1756105200000,91091.8124,979,2025-08-25 06:00:00+00:00
1756105200000,0.06011,0.06026,0.0597,0.06018,3886596.0,1756108800000,233234.25156,1603,2025-08-25 07:00:00+00:00
1756108800000,0.06018,0.06038,0.06004,0.06031,1552118.0,1756112400000,93520.86102,1394,2025-08-25 08:00:00+00:00
1756112400000,0.06031,0.06038,0.05976,0.05983,7234834.0,1756116000000,433919.58193,3237,2025-08-25 09:00:00+00:00
1756116000000,0.05983,0.06017,0.05978,0.0601,8725366.0,1756119600000,522772.68468,3867,2025-08-25 10:00:00+00:00
1756119600000,0.0601,0.06029,0.06003,0.0601,2435818.0,1756123200000,146446.9176,1382,2025-08-25 11:00:00+00:00
1756123200000,0.0601,0.06036,0.06005,0.06033,1824528.0,1756126800000,109887.7208,1523,2025-08-25 12:00:00+00:00
1756126800000,0.06032,0.06136,0.06015,0.06125,2422758.0,1756130400000,146938.81923,1716,2025-08-25 13:00:00+00:00
1756130400000,0.06124,0.06124,0.06001,0.0601,1539623.0,1756134000000,93205.12929,1517,2025-08-25 14:00:00+00:00
1756134000000,0.06009,0.06009,0.05972,0.05979,2077284.0,1756137600000,124322.88802,2602,2025-08-25 15:00:00+00:00
1756137600000,0.05979,0.05983,0.0597,0.05976,1201515.0,1756141200000,71797.96864,1010,2025-08-25 16:00:00+00:00
1756141200000,0.05976,0.05987,0.0597,0.0597,2575580.0,1756144800000,153857.18624,1421,2025-08-25 17:00:00+00:00
1756144800000,0.0597,0.05979,0.0597,0.05971,2797296.0,1756148400000,167035.79901,1322,2025-08-25 18:00:00+00:00
1756148400000,0.05972,0.06003,0.05946,0.0597,9814825.0,1756152000000,586044.79037,3256,2025-08-25 19:00:00+00:00
1756152000000,0.0597,0.05984,0.05951,0.05971,2178366.0,1756155600000,129976.28312,1554,2025-08-25 20:00:00+00:00
1756155600000,0.05972,0.06012,0.05964,0.06005,877443.0,1756159200000,52531.04157,993,2025-08-25 21:00:00+00:00
1756159200000,0.06004,0.06032,0.05901,0.05955,8935436.0,1756162800000,532351.46497,5599,2025-08-25 22:00:00+00:00
1756162800000,0.05956,0.05958,0.059,0.05906,2712439.0,1756166400000,160336.56202,1643,2025-08-25 23:00:00+00:00
1756166400000,0.05908,0.05921,0.059,0.05911,694800.0,1756170000000,41023.17781,650,2025-08-26 00:00:00+00:00
1756170000000,0.05911,0.05919,0.05903,0.05909,195216.0,1756173600000,11543.07893,313,2025-08-26 01:00:00+00:00
1756173600000,0.0591,0.06185,0.05907,0.06109,13849677.0,1756177200000,841076.50926,12802,2025-08-26 02:00:00+00:00
1756177200000,0.06108,0.0623,0.06093,0.06196,6083853.0,1756180800000,374921.13544,5659,2025-08-26 03:00:00+00:00
1756180800000,0.06196,0.06323,0.06089,0.06131,8866723.0,1756184400000,550313.49495,8166,2025-08-26 04:00:00+00:00
1756184400000,0.06132,0.06185,0.06099,0.06114,3601720.0,1756188000000,221110.79763,4281,2025-08-26 05:00:00+00:00
1756188000000,0.06117,0.06149,0.06092,0.06126,2630121.0,1756191600000,160814.9515,2792,2025-08-26 06:00:00+00:00
1756191600000,0.06125,0.06147,0.06096,0.06142,1485951.0,1756195200000,90867.91306,1264,2025-08-26 07:00:00+00:00
1756195200000,0.06143,0.06206,0.06143,0.06156,2267947.0,1756198800000,139898.00278,1876,2025-08-26 08:00:00+00:00
1756198800000,0.06156,0.06166,0.06132,0.0614,903083.0,1756202400000,55508.83578,803,2025-08-26 09:00:00+00:00
1756202400000,0.06139,0.06148,0.06089,0.06138,1471779.0,1756206000000,90040.72731,1204,2025-08-26 10:00:00+00:00
1756206000000,0.06139,0.06179,0.06139,0.06163,745189.0,1756209600000,45891.67892,518,2025-08-26 11:00:00+00:00
1756209600000,0.06166,0.06216,0.06148,0.0619,1756159.0,1756213200000,108699.59021,1444,2025-08-26 12:00:00+00:00
1756213200000,0.0619,0.06203,0.0616,0.06178,1092309.0,1756216800000,67489.62162,1047,2025-08-26 13:00:00+00:00
1756216800000,0.06177,0.06268,0.06153,0.06259,2874527.0,1756220400000,178241.72052,1805,2025-08-26 14:00:00+00:00
1756220400000,0.06259,0.06372,0.0615,0.06187,8294161.0,1756224000000,518748.44232,5572,2025-08-26 15:00:00+00:00
1756224000000,0.06192,0.06194,0.0615,0.06162,607252.0,1756227600000,37471.91312,724,2025-08-26 16:00:00+00:00
1756227600000,0.0616,0.06179,0.06147,0.06162,933778.0,1756231200000,57529.38598,616,2025-08-26 17:00:00+00:00
1756231200000,0.06161,0.06192,0.06152,0.06169,826921.0,1756234800000,51014.88875,717,2025-08-26 18:00:00+00:00
1756234800000,0.0617,0.06201,0.0611,0.06142,1777867.0,1756238400000,109520.33176,1401,2025-08-26 19:00:00+00:00
1756238400000,0.0614,0.06163,0.0613,0.06146,621067.0,1756242000000,38164.24729,543,2025-08-26 20:00:00+00:00
1756242000000,0.06145,0.06145,0.06104,0.06128,741298.0,1756245600000,45443.30912,656,2025-08-26 21:00:00+00:00
1756245600000,0.06128,0.06184,0.06127,0.06162,650653.0,1756249200000,40115.3929,804,2025-08-26 22:00:00+00:00
1756249200000,0.06163,0.06213,0.06163,0.06197,952178.0,1756252800000,58929.32507,1040,2025-08-26 23:00:00+00:00
1756252800000,0.06196,0.06196,0.06159,0.06179,1138969.0,1756256400000,70344.65576,1248,2025-08-27 00:00:00+00:00
1756256400000,0.0618,0.06206,0.06164,0.06185,1471687.0,1756260000000,91036.88523,1212,2025-08-27 01:00:00+00:00
1756260000000,0.06189,0.06438,0.0617,0.06435,10883473.0,1756263600000,687709.18326,7625,2025-08-27 02:00:00+00:00
1756263600000,0.06435,0.06471,0.06251,0.06451,9123044.0,1756267200000,581598.36649,7504,2025-08-27 03:00:00+00:00
1756267200000,0.06452,0.06482,0.06353,0.0637,2826764.0,1756270800000,181396.34338,2013,2025-08-27 04:00:00+00:00
1756270800000,0.06371,0.06402,0.0634,0.06399,1546123.0,1756274400000,98555.95629,1801,2025-08-27 05:00:00+00:00
1756274400000,0.06399,0.06471,0.06399,0.06443,1771029.0,1756278000000,114002.69178,1919,2025-08-27 06:00:00+00:00
1756278000000,0.06444,0.06495,0.06423,0.06441,1156423.0,1756281600000,74697.76785,1396,2025-08-27 07:00:00+00:00
1756281600000,0.06443,0.06493,0.06394,0.06409,2552561.0,1756285200000,164816.10181,1737,2025-08-27 08:00:00+00:00
1756285200000,0.06411,0.06422,0.06331,0.06389,2310807.0,1756288800000,147378.42126,2885,2025-08-27 09:00:00+00:00
1756288800000,0.06387,0.06518,0.06345,0.06484,9185067.0,1756292400000,594440.79677,4632,2025-08-27 10:00:00+00:00
1756292400000,0.06484,0.06669,0.0647,0.06659,2264343.0,1756296000000,148569.89035,2602,2025-08-27 11:00:00+00:00
1756296000000,0.06662,0.06901,0.06639,0.06892,20071852.0,1756299600000,1360352.76184,15429,2025-08-27 12:00:00+00:00
1756299600000,0.06893,0.07034,0.06797,0.07005,11433259.0,1756303200000,791648.44731,11099,2025-08-27 13:00:00+00:00
1756303200000,0.07006,0.0704,0.06968,0.07007,8218854.0,1756306800000,576489.40727,6783,2025-08-27 14:00:00+00:00
1756306800000,0.07008,0.07041,0.06967,0.0702,5331456.0,1756310400000,374395.84578,5218,2025-08-27 15:00:00+00:00
1756310400000,0.07019,0.07043,0.06983,0.07029,3340859.0,1756314000000,234595.28078,3636,2025-08-27 16:00:00+00:00
1756314000000,0.07028,0.07038,0.06993,0.07001,1900650.0,1756317600000,133409.88887,2035,2025-08-27 17:00:00+00:00
1756317600000,0.07004,0.07025,0.06947,0.06976,1929816.0,1756321200000,134844.70168,2402,2025-08-27 18:00:00+00:00
1756321200000,0.06978,0.07015,0.06939,0.07011,1687299.0,1756324800000,117765.77379,2096,2025-08-27 19:00:00+00:00
1756324800000,0.0701,0.07033,0.06948,0.07012,2414415.0,1756328400000,168895.28888,2576,2025-08-27 20:00:00+00:00
1756328400000,0.07014,0.07039,0.06996,0.07018,859782.0,1756332000000,60375.88707,908,2025-08-27 21:00:00+00:00
1756332000000,0.07017,0.07044,0.06997,0.0701,1871859.0,1756335600000,131449.32803,1485,2025-08-27 22:00:00+00:00
1756335600000,0.07009,0.07024,0.0665,0.06752,9959347.0,1756339200000,679153.05229,7361,2025-08-27 23:00:00+00:00
1756339200000,0.06753,0.07025,0.06387,0.0664,27120194.0,1756342800000,1808595.18517,37264,2025-08-28 00:00:00+00:00
1756342800000,0.06639,0.06723,0.06038,0.06105,25244077.0,1756346400000,1586408.18142,29138,2025-08-28 01:00:00+00:00
1756346400000,0.06106,0.062,0.06046,0.06103,7610151.0,1756350000000,464894.73179,9311,2025-08-28 02:00:00+00:00
1756350000000,0.06102,0.06117,0.06013,0.06049,14509905.0,1756353600000,876901.01944,9504,2025-08-28 03:00:00+00:00
1756353600000,0.06048,0.06067,0.06019,0.06038,2518249.0,1756357200000,152253.43301,2911,2025-08-28 04:00:00+00:00
1756357200000,0.06038,0.06074,0.06016,0.06058,2361089.0,1756360800000,142472.82485,1756,2025-08-28 05:00:00+00:00
1756360800000,0.06056,0.06072,0.06018,0.06065,2800151.0,1756364400000,169151.21783,2775,2025-08-28 06:00:00+00:00
1756364400000,0.06064,0.06086,0.0603,0.06037,4421142.0,1756368000000,268335.43133,2937,2025-08-28 07:00:00+00:00
1756368000000,0.06035,0.06086,0.0602,0.06078,2447508.0,1756371600000,148154.22099,2356,2025-08-28 08:00:00+00:00
1756371600000,0.06075,0.0613,0.06022,0.06054,11475385.0,1756375200000,697354.09776,4112,2025-08-28 09:00:00+00:00
1756375200000,0.06052,0.06071,0.06043,0.06068,1855135.0,1756378800000,112348.66807,1084,2025-08-28 10:00:00+00:00
1756378800000,0.06064,0.06066,0.06018,0.06044,4807234.0,1756382400000,290041.8361,1521,2025-08-28 11:00:00+00:00
1756382400000,0.06044,0.06044,0.06016,0.06033,2293480.0,1756386000000,138188.79221,1277,2025-08-28 12:00:00+00:00
1756386000000,0.06033,0.06081,0.06005,0.06016,9923883.0,1756389600000,599399.52457,2619,2025-08-28 13:00:00+00:00
1756389600000,0.06015,0.06051,0.05997,0.06034,2393830.0,1756393200000,144294.78895,1809,2025-08-28 14:00:00+00:00
1756393200000,0.06033,0.0604,0.06012,0.06031,1788876.0,1756396800000,107802.04974,1629,2025-08-28 15:00:00+00:00
1756396800000,0.06029,0.06038,0.06001,0.06005,1627268.0,1756400400000,97890.75017,1800,2025-08-28 16:00:00+00:00
1756400400000,0.06006,0.0603,0.06002,0.06002,2160467.0,1756404000000,129995.91781,2445,2025-08-28 17:00:00+00:00
1756404000000,0.06002,0.06022,0.05955,0.05963,3805024.0,1756407600000,227955.91008,2763,2025-08-28 18:00:00+00:00
1756407600000,0.05966,0.06017,0.0596,0.05969,2217629.0,1756411200000,132667.7338,1910,2025-08-28 19:00:00+00:00
1756411200000,0.0597,0.0598,0.05959,0.05966,1060049.0,1756414800000,63297.64655,1080,2025-08-28 20:00:00+00:00
1756414800000,0.05966,0.06012,0.05966,0.05977,871353.0,1756418400000,52111.0156,1137,2025-08-28 21:00:00+00:00
1756418400000,0.05976,0.05995,0.05965,0.05979,1509752.0,1756422000000,90268.51547,1187,2025-08-28 22:00:00+00:00
1756422000000,0.05978,0.05988,0.05934,0.05952,4690742.0,1756425600000,279493.15669,2544,2025-08-28 23:00:00+00:00
1756425600000,0.05954,0.06028,0.05918,0.06004,2384058.0,1756429200000,142435.69311,2276,2025-08-29 00:00:00+00:00
1756429200000,0.06004,0.06029,0.05972,0.06021,1416238.0,1756432800000,84956.8851,1229,2025-08-29 01:00:00+00:00
1756432800000,0.0602,0.0602,0.05945,0.05946,992665.0,1756436400000,59480.14364,1276,2025-08-29 02:00:00+00:00
1756436400000,0.05949,0.05965,0.05921,0.0593,1243783.0,1756440000000,73952.19584,1104,2025-08-29 03:00:00+00:00
1756440000000,0.05929,0.05931,0.05909,0.05923,586409.0,1756443600000,34699.22279,802,2025-08-29 04:00:00+00:00
1756443600000,0.05923,0.05927,0.05915,0.05922,403608.0,1756447200000,23891.70745,442,2025-08-29 05:00:00+00:00
1756447200000,0.05922,0.06054,0.05904,0.05973,6115672.0,1756450800000,365185.43064,5058,2025-08-29 06:00:00+00:00
1756450800000,0.05969,0.05969,0.05919,0.05949,2891198.0,1756454400000,171724.60893,1969,2025-08-29 07:00:00+00:00
1756454400000,0.0595,0.05986,0.05936,0.05961,1634717.0,1756458000000,97438.19568,1356,2025-08-29 08:00:00+00:00
1756458000000,0.0596,0.05989,0.05913,0.05976,8146902.0,1756461600000,484084.05529,5246,2025-08-29 09:00:00+00:00
1756461600000,0.05973,0.05991,0.05949,0.05983,1482426.0,1756465200000,88555.30495,1478,2025-08-29 10:00:00+00:00
1756465200000,0.05982,0.05983,0.0596,0.05971,233092.0,1756468800000,13918.89447,268,2025-08-29 11:00:00+00:00
1756468800000,0.05971,0.06001,0.05914,0.05921,3102169.0,1756472400000,184889.88021,2047,2025-08-29 12:00:00+00:00
1756472400000,0.05923,0.0602,0.05922,0.06015,3664481.0,1756476000000,219333.53638,2164,2025-08-29 13:00:00+00:00
1756476000000,0.06017,0.0602,0.0597,0.06017,1724104.0,1756479600000,103375.42084,1635,2025-08-29 14:00:00+00:00
1756479600000,0.06017,0.06031,0.06006,0.06018,1830741.0,1756483200000,110180.29153,1527,2025-08-29 15:00:00+00:00
1756483200000,0.06022,0.06035,0.05988,0.05989,2795641.0,1756486800000,168196.41749,1699,2025-08-29 16:00:00+00:00
1756486800000,0.0599,0.0601,0.05966,0.05996,763020.0,1756490400000,45707.80059,577,2025-08-29 17:00:00+00:00
1756490400000,0.05995,0.06004,0.0598,0.06,548980.0,1756494000000,32901.39787,428,2025-08-29 18:00:00+00:00
1756494000000,0.05999,0.06016,0.0597,0.05975,900760.0,1756497600000,54020.20987,553,2025-08-29 19:00:00+00:00
1756497600000,0.05976,0.05988,0.0597,0.05984,502350.0,1756501200000,30030.97099,363,2025-08-29 20:00:00+00:00
1756501200000,0.05983,0.06004,0.05945,0.05963,1126797.0,1756504800000,67365.72927,577,2025-08-29 21:00:00+00:00
1756504800000,0.05964,0.05995,0.05952,0.0597,2161047.0,1756508400000,128991.71022,1233,2025-08-29 22:00:00+00:00
1756508400000,0.05969,0.05984,0.05965,0.05971,613191.0,1756512000000,36640.56865,397,2025-08-29 23:00:00+00:00
1756512000000,0.05971,0.05979,0.05962,0.05977,295035.0,1756515600000,17625.60782,254,2025-08-30 00:00:00+00:00
1756515600000,0.05975,0.0598,0.05911,0.05916,2193692.0,1756519200000,130142.10212,1280,2025-08-30 01:00:00+00:00
1756519200000,0.05916,0.05954,0.05915,0.05948,368902.0,1756522800000,21887.67356,280,2025-08-30 02:00:00+00:00
1756522800000,0.05949,0.05983,0.05944,0.05976,1045148.0,1756526400000,62339.89721,651,2025-08-30 03:00:00+00:00
1756526400000,0.05978,0.05982,0.05952,0.05981,1693027.0,1756530000000,101035.7277,520,2025-08-30 04:00:00+00:00
1756530000000,0.0598,0.0598,0.05935,0.05935,508349.0,1756533600000,30308.40686,348,2025-08-30 05:00:00+00:00
1756533600000,0.05937,0.05943,0.05916,0.05919,682067.0,1756537200000,40443.47113,466,2025-08-30 06:00:00+00:00
1756537200000,0.05921,0.05932,0.05916,0.05927,583370.0,1756540800000,34558.08464,363,2025-08-30 07:00:00+00:00
1756540800000,0.05925,0.05925,0.05904,0.05923,699337.0,1756544400000,41351.01052,422,2025-08-30 08:00:00+00:00
1756544400000,0.05924,0.05942,0.05917,0.05933,647701.0,1756548000000,38384.63396,371,2025-08-30 09:00:00+00:00
1756548000000,0.05936,0.05939,0.05932,0.05936,223346.0,1756551600000,13258.01445,192,2025-08-30 10:00:00+00:00
1756551600000,0.05936,0.05936,0.05912,0.05917,278900.0,1756555200000,16505.63531,195,2025-08-30 11:00:00+00:00
1756555200000,0.05919,0.06001,0.05907,0.05974,1346561.0,1756558800000,80161.80141,1266,2025-08-30 12:00:00+00:00
1756558800000,0.05975,0.05982,0.05954,0.05957,920081.0,1756562400000,54871.42635,1108,2025-08-30 13:00:00+00:00
1756562400000,0.05956,0.05964,0.05917,0.05931,1054355.0,1756566000000,62601.93196,1123,2025-08-30 14:00:00+00:00
1756566000000,0.0593,0.05942,0.05914,0.05927,856082.0,1756569600000,50750.19684,620,2025-08-30 15:00:00+00:00
1756569600000,0.05927,0.05934,0.05916,0.05917,327393.0,1756573200000,19395.62721,316,2025-08-30 16:00:00+00:00
1756573200000,0.05917,0.05917,0.0589,0.05895,1084669.0,1756576800000,63996.65003,895,2025-08-30 17:00:00+00:00
1756576800000,0.05895,0.05903,0.05887,0.05897,468260.0,1756580400000,27597.91697,617,2025-08-30 18:00:00+00:00
1756580400000,0.05897,0.05904,0.05892,0.05894,191401.0,1756584000000,11286.69523,135,2025-08-30 19:00:00+00:00
1756584000000,0.05895,0.05917,0.05858,0.05917,1471237.0,1756587600000,86531.15525,820,2025-08-30 20:00:00+00:00
1756587600000,0.05916,0.05993,0.05904,0.05978,891231.0,1756591200000,53037.1212,563,2025-08-30 21:00:00+00:00
1756591200000,0.05979,0.05999,0.05975,0.05991,432072.0,1756594800000,25867.41877,564,2025-08-30 22:00:00+00:00
1756594800000,0.05991,0.0603,0.05973,0.05997,1537145.0,1756598400000,92350.0249,1514,2025-08-30 23:00:00+00:00
1756598400000,0.05998,0.06022,0.05993,0.06004,848703.0,1756602000000,50991.14662,881,2025-08-31 00:00:00+00:00
1756602000000,0.06003,0.06005,0.05991,0.05992,276160.0,1756605600000,16566.5307,241,2025-08-31 01:00:00+00:00
1756605600000,0.05993,0.06016,0.0598,0.06002,810869.0,1756609200000,48634.58692,410,2025-08-31 02:00:00+00:00
1756609200000,0.06,0.06014,0.05972,0.05993,409299.0,1756612800000,24546.08847,515,2025-08-31 03:00:00+00:00
1756612800000,0.05993,0.06025,0.05993,0.06009,707716.0,1756616400000,42552.07574,605,2025-08-31 04:00:00+00:00
1756616400000,0.06009,0.06026,0.06005,0.06022,247866.0,1756620000000,14916.5665,399,2025-08-31 05:00:00+00:00
1756620000000,0.06021,0.06026,0.06004,0.06018,289630.0,1756623600000,17426.04984,353,2025-08-31 06:00:00+00:00
1756623600000,0.06017,0.06039,0.06016,0.06038,316350.0,1756627200000,19061.47457,653,2025-08-31 07:00:00+00:00
1756627200000,0.06036,0.06043,0.05994,0.06001,645373.0,1756630800000,38808.94919,692,2025-08-31 08:00:00+00:00
1756630800000,0.06,0.06025,0.05989,0.06019,730734.0,1756634400000,43907.12009,544,2025-08-31 09:00:00+00:00
1756634400000,0.06018,0.06049,0.06013,0.06039,719751.0,1756638000000,43402.3356,455,2025-08-31 10:00:00+00:00
1756638000000,0.06039,0.06039,0.06023,0.06028,334697.0,1756641600000,20184.23467,252,2025-08-31 11:00:00+00:00
1756641600000,0.0603,0.06034,0.06001,0.06003,491174.0,1756645200000,29538.40974,365,2025-08-31 12:00:00+00:00
1756645200000,0.06004,0.06004,0.05975,0.05985,1064483.0,1756648800000,63722.13976,604,2025-08-31 13:00:00+00:00
1756648800000,0.05984,0.06004,0.05978,0.05982,401409.0,1756652400000,24053.207,373,2025-08-31 14:00:00+00:00
1756652400000,0.05981,0.05988,0.05977,0.05977,292987.0,1756656000000,17530.70699,335,2025-08-31 15:00:00+00:00
1756656000000,0.05977,0.05977,0.05925,0.05928,2757189.0,1756659600000,164292.88425,975,2025-08-31 16:00:00+00:00
1756659600000,0.05927,0.05998,0.05895,0.05993,2204610.0,1756663200000,131229.33244,1165,2025-08-31 17:00:00+00:00
1756663200000,0.05994,0.06023,0.05988,0.06023,515687.0,1756666800000,30979.82931,467,2025-08-31 18:00:00+00:00
1756666800000,0.06021,0.06022,0.05997,0.06006,280050.0,1756670400000,16821.58676,191,2025-08-31 19:00:00+00:00
1756670400000,0.06005,0.06039,0.06004,0.06032,428651.0,1756674000000,25818.85264,338,2025-08-31 20:00:00+00:00
1756674000000,0.06032,0.0605,0.0602,0.06029,194256.0,1756677600000,11725.34432,171,2025-08-31 21:00:00+00:00
1756677600000,0.0603,0.0603,0.05972,0.05978,338279.0,1756681200000,20289.91973,438,2025-08-31 22:00:00+00:00
1756681200000,0.05978,0.05987,0.05964,0.05977,272418.0,1756684800000,16273.31186,354,2025-08-31 23:00:00+00:00
1756684800000,0.05976,0.05993,0.05962,0.05966,314035.0,1756688400000,18763.1805,362,2025-09-01 00:00:00+00:00
1756688400000,0.05967,0.05967,0.05943,0.05951,488541.0,1756692000000,29082.53383,500,2025-09-01 01:00:00+00:00
1756692000000,0.05951,0.05976,0.05947,0.05961,504535.0,1756695600000,30081.82367,504,2025-09-01 02:00:00+00:00
1756695600000,0.0596,0.05971,0.05941,0.05965,400956.0,1756699200000,23887.49518,398,2025-09-01 03:00:00+00:00
1756699200000,0.05966,0.06003,0.05963,0.05971,924819.0,1756702800000,55284.83169,646,2025-09-01 04:00:00+00:00
1756702800000,0.05971,0.05987,0.05822,0.05886,7561417.0,1756706400000,446013.8184,3744,2025-09-01 05:00:00+00:00
1756706400000,0.05887,0.05902,0.05844,0.05847,1117666.0,1756710000000,65571.45707,839,2025-09-01 06:00:00+00:00
1756710000000,0.05848,0.05902,0.05848,0.059,558245.0,1756713600000,32825.56378,461,2025-09-01 07:00:00+00:00
1756713600000,0.05899,0.05904,0.05866,0.05904,913823.0,1756717200000,53802.43082,590,2025-09-01 08:00:00+00:00
1756717200000,0.05905,0.05907,0.05874,0.05884,199649.0,1756720800000,11757.93518,219,2025-09-01 09:00:00+00:00
1756720800000,0.05884,0.05886,0.0581,0.05837,1221988.0,1756724400000,71323.2009,667,2025-09-01 10:00:00+00:00
1756724400000,0.05838,0.05882,0.05837,0.05838,748944.0,1756728000000,43891.48642,537,2025-09-01 11:00:00+00:00
1756728000000,0.05837,0.05996,0.05826,0.05965,4516901.0,1756731600000,268531.46384,4163,2025-09-01 12:00:00+00:00
1756731600000,0.05965,0.0604,0.05954,0.06024,1876924.0,1756735200000,112532.16301,1833,2025-09-01 13:00:00+00:00
1756735200000,0.06024,0.06024,0.05963,0.05988,1008697.0,1756738800000,60435.71817,1061,2025-09-01 14:00:00+00:00
1756738800000,0.0599,0.06009,0.05979,0.05997,665398.0,1756742400000,39909.78459,717,2025-09-01 15:00:00+00:00
1756742400000,0.05996,0.06003,0.05957,0.05961,957549.0,1756746000000,57239.57256,1287,2025-09-01 16:00:00+00:00
1756746000000,0.05961,0.05997,0.05961,0.05976,404074.0,1756749600000,24174.76208,711,2025-09-01 17:00:00+00:00
1756749600000,0.05977,0.05988,0.05915,0.05919,2756851.0,1756753200000,164085.62813,4752,2025-09-01 18:00:00+00:00
1756753200000,0.0592,0.06002,0.05918,0.05975,4998900.0,1756756800000,298499.11922,2951,2025-09-01 19:00:00+00:00
1756756800000,0.05973,0.05987,0.05961,0.05977,784630.0,1756760400000,46870.97065,1042,2025-09-01 20:00:00+00:00
1756760400000,0.05977,0.05994,0.05879,0.05933,7469149.0,1756764000000,442114.89023,3066,2025-09-01 21:00:00+00:00
1756764000000,0.05929,0.06015,0.05925,0.05992,4608661.0,1756767600000,275620.74748,2175,2025-09-01 22:00:00+00:00
1756767600000,0.05994,0.06131,0.05986,0.06129,6617616.0,1756771200000,399917.69773,2168,2025-09-01 23:00:00+00:00
1756771200000,0.06127,0.06234,0.06063,0.06168,8651668.0,1756774800000,532356.93034,3554,2025-09-02 00:00:00+00:00
1756774800000,0.06169,0.06236,0.0615,0.06205,1802149.0,1756778400000,111796.82951,1598,2025-09-02 01:00:00+00:00
1756778400000,0.06204,0.06339,0.06186,0.0632,9394440.0,1756782000000,590543.77159,4940,2025-09-02 02:00:00+00:00
1756782000000,0.06321,0.0634,0.06247,0.06268,5636744.0,1756785600000,355750.57896,3168,2025-09-02 03:00:00+00:00
1756785600000,0.06268,0.06282,0.06067,0.06128,6270944.0,1756789200000,384717.89801,5082,2025-09-02 04:00:00+00:00
1756789200000,0.06128,0.06165,0.061,0.06121,1472116.0,1756792800000,90274.74977,1111,2025-09-02 05:00:00+00:00
1756792800000,0.06123,0.06188,0.06123,0.0616,997180.0,1756796400000,61339.46651,791,2025-09-02 06:00:00+00:00
1756796400000,0.06159,0.06163,0.06133,0.06158,809633.0,1756800000000,49788.48647,755,2025-09-02 07:00:00+00:00
1756800000000,0.06158,0.06174,0.06107,0.06129,1301234.0,1756803600000,79905.20289,978,2025-09-02 08:00:00+00:00
1756803600000,0.06127,0.06134,0.06105,0.06108,594097.0,1756807200000,36346.41089,440,2025-09-02 09:00:00+00:00
1756807200000,0.06105,0.06105,0.0604,0.06046,799532.0,1756810800000,48571.65309,676,2025-09-02 10:00:00+00:00
1756810800000,0.06045,0.06142,0.05994,0.0611,4904818.0,1756814400000,297733.16746,2999,2025-09-02 11:00:00+00:00
1756814400000,0.06109,0.06116,0.06057,0.06066,940773.0,1756818000000,57303.91267,992,2025-09-02 12:00:00+00:00
1756818000000,0.06067,0.06186,0.06067,0.0617,918894.0,1756821600000,56391.29135,1396,2025-09-02 13:00:00+00:00
1756821600000,0.06173,0.06183,0.06137,0.06156,626797.0,1756825200000,38584.20756,779,2025-09-02 14:00:00+00:00
1756825200000,0.06154,0.06188,0.06152,0.06164,1368982.0,1756828800000,84491.6273,1036,2025-09-02 15:00:00+00:00
1756828800000,0.06166,0.06187,0.06139,0.0616,1460941.0,1756832400000,90007.89679,989,2025-09-02 16:00:00+00:00
1756832400000,0.06164,0.06193,0.06164,0.06184,1223831.0,1756836000000,75680.75656,747,2025-09-02 17:00:00+00:00
1756836000000,0.06183,0.06316,0.05962,0.06287,22733403.0,1756839600000,1386992.32441,9619,2025-09-02 18:00:00+00:00
1756839600000,0.06286,0.06404,0.06207,0.06385,7049652.0,1756843200000,446805.15921,7479,2025-09-02 19:00:00+00:00
1756843200000,0.06385,0.06489,0.06366,0.06416,3651113.0,1756846800000,234154.49193,3131,2025-09-02 20:00:00+00:00
1756846800000,0.06416,0.06426,0.06336,0.06424,1428557.0,1756850400000,91152.67321,1388,2025-09-02 21:00:00+00:00
1756850400000,0.06425,0.06475,0.06382,0.06382,2714173.0,1756854000000,174642.29511,2558,2025-09-02 22:00:00+00:00
1756854000000,0.06382,0.06396,0.06349,0.06391,840807.0,1756857600000,53598.18432,721,2025-09-02 23:00:00+00:00
1756857600000,0.06391,0.06547,0.06373,0.06545,5853140.0,1756861200000,379829.60921,3865,2025-09-03 00:00:00+00:00
1756861200000,0.06545,0.06559,0.06481,0.06519,3266723.0,1756864800000,212941.3765,2649,2025-09-03 01:00:00+00:00
1756864800000,0.06516,0.06739,0.06514,0.06681,9986248.0,1756868400000,664162.62059,7579,2025-09-03 02:00:00+00:00
1756868400000,0.0668,0.06819,0.06631,0.06779,6851824.0,1756872000000,461941.28263,5977,2025-09-03 03:00:00+00:00
1756872000000,0.06778,0.06893,0.06735,0.06861,6031970.0,1756875600000,410604.95838,5000,2025-09-03 04:00:00+00:00
1756875600000,0.06861,0.06863,0.06752,0.06763,2209179.0,1756879200000,150133.97076,2844,2025-09-03 05:00:00+00:00
1756879200000,0.06764,0.0686,0.06759,0.06803,2554338.0,1756882800000,173971.43969,2513,2025-09-03 06:00:00+00:00
1756882800000,0.06802,0.06879,0.06753,0.06774,3121062.0,1756886400000,212515.65961,3089,2025-09-03 07:00:00+00:00
1756886400000,0.06779,0.06944,0.06779,0.0691,4898452.0,1756890000000,336672.27975,4429,2025-09-03 08:00:00+00:00
1756890000000,0.06911,0.06985,0.06863,0.06947,4639970.0,1756893600000,321635.74353,4665,2025-09-03 09:00:00+00:00
1756893600000,0.06946,0.06974,0.06875,0.06929,3978850.0,1756897200000,275364.6069,4651,2025-09-03 10:00:00+00:00
1756897200000,0.06928,0.075,0.0687,0.07361,59232477.0,1756900800000,4297465.49189,41041,2025-09-03 11:00:00+00:00
1756900800000,0.07365,0.07472,0.0735,0.07427,14523564.0,1756904400000,1076153.42141,17699,2025-09-03 12:00:00+00:00
1756904400000,0.0743,0.075,0.07418,0.07476,17725610.0,1756908000000,1326020.09531,9964,2025-09-03 13:00:00+00:00
1756908000000,0.07477,0.07508,0.07363,0.074,20507865.0,1756911600000,1530738.81912,15378,2025-09-03 14:00:00+00:00
1756911600000,0.07404,0.07442,0.07292,0.07422,14242753.0,1756915200000,1051675.90963,14911,2025-09-03 15:00:00+00:00
1756915200000,0.07421,0.07456,0.07372,0.07411,4953358.0,1756918800000,367965.83864,6865,2025-09-03 16:00:00+00:00
1756918800000,0.07412,0.07463,0.06722,0.07042,32196189.0,1756922400000,2290641.96033,31728,2025-09-03 17:00:00+00:00
1756922400000,0.07042,0.07087,0.06795,0.06944,10450793.0,1756926000000,727431.32627,12095,2025-09-03 18:00:00+00:00
1756926000000,0.06943,0.07149,0.06937,0.0714,5922794.0,1756929600000,416549.89063,8158,2025-09-03 19:00:00+00:00
1756929600000,0.07143,0.07277,0.07008,0.07092,7454847.0,1756933200000,532573.03639,9968,2025-09-03 20:00:00+00:00
1756933200000,0.07095,0.07259,0.06886,0.06929,6183887.0,1756936800000,435089.79811,7069,2025-09-03 21:00:00+00:00
1756936800000,0.0693,0.06983,0.0682,0.06869,6731541.0,1756940400000,463811.10099,5903,2025-09-03 22:00:00+00:00
1756940400000,0.06869,0.06905,0.0685,0.06886,1566926.0,1756944000000,107775.08901,2412,2025-09-03 23:00:00+00:00
1756944000000,0.06886,0.06912,0.06852,0.06894,3113842.0,1756947600000,214595.35231,2169,2025-09-04 00:00:00+00:00
1756947600000,0.06893,0.06901,0.06853,0.06871,1301943.0,1756951200000,89595.68747,2168,2025-09-04 01:00:00+00:00
1756951200000,0.06872,0.06907,0.06855,0.06882,1462108.0,1756954800000,100706.33326,1724,2025-09-04 02:00:00+00:00
1756954800000,0.06883,0.0732,0.06761,0.06795,15651552.0,1756958400000,1080636.64561,17408,2025-09-04 03:00:00+00:00
1756958400000,0.06796,0.06862,0.06796,0.0682,2120634.0,1756962000000,144862.98664,3018,2025-09-04 04:00:00+00:00
1756962000000,0.06821,0.06835,0.06744,0.06761,1958233.0,1756965600000,132716.80786,2472,2025-09-04 05:00:00+00:00
1756965600000,0.0676,0.06822,0.0674,0.06764,2769446.0,1756969200000,187575.25822,3030,2025-09-04 06:00:00+00:00
1756969200000,0.06764,0.06859,0.06755,0.0685,2903601.0,1756972800000,197934.4478,3181,2025-09-04 07:00:00+00:00
1756972800000,0.0685,0.06853,0.06773,0.06788,1031880.0,1756976400000,70178.0939,1097,2025-09-04 08:00:00+00:00
1756976400000,0.06789,0.06854,0.06777,0.06852,2319053.0,1756980000000,158284.62983,1787,2025-09-04 09:00:00+00:00
1756980000000,0.06851,0.06856,0.0681,0.06848,817284.0,1756983600000,55893.24392,1334,2025-09-04 10:00:00+00:00
1756983600000,0.06847,0.06847,0.06772,0.06796,2064514.0,1756987200000,140428.49021,1940,2025-09-04 11:00:00+00:00
1756987200000,0.06795,0.0682,0.06766,0.06811,2528767.0,1756990800000,171873.57928,2139,2025-09-04 12:00:00+00:00
1756990800000,0.06811,0.0684,0.06786,0.06804,1037795.0,1756994400000,70694.74416,1051,2025-09-04 13:00:00+00:00
1756994400000,0.06802,0.06806,0.06761,0.06792,1984829.0,1756998000000,134596.09453,1521,2025-09-04 14:00:00+00:00
1756998000000,0.06783,0.06803,0.06746,0.0676,1643041.0,1757001600000,111373.98543,1558,2025-09-04 15:00:00+00:00
1757001600000,0.0676,0.06807,0.06748,0.06803,1029992.0,1757005200000,69802.28666,1123,2025-09-04 16:00:00+00:00
1757005200000,0.06803,0.06803,0.06755,0.0676,642828.0,1757008800000,43565.2548,744,2025-09-04 17:00:00+00:00
1757008800000,0.06757,0.06791,0.06757,0.06768,493093.0,1757012400000,33377.52834,696,2025-09-04 18:00:00+00:00
1757012400000,0.06767,0.0677,0.06745,0.06756,547409.0,1757016000000,36985.14937,654,2025-09-04 19:00:00+00:00
1757016000000,0.06755,0.06764,0.06734,0.0675,1248444.0,1757019600000,84278.18118,962,2025-09-04 20:00:00+00:00
1757019600000,0.0675,0.06802,0.06749,0.06759,990499.0,1757023200000,67062.68442,869,2025-09-04 21:00:00+00:00
1757023200000,0.06758,0.06771,0.0675,0.06753,981945.0,1757026800000,66336.27555,1253,2025-09-04 22:00:00+00:00
1757026800000,0.06752,0.06774,0.0675,0.0675,3280102.0,1757030400000,221517.01331,1843,2025-09-04 23:00:00+00:00
1757030400000,0.0675,0.06797,0.06701,0.06797,3451967.0,1757034000000,232981.2427,3503,2025-09-05 00:00:00+00:00
1757034000000,0.06797,0.06798,0.0671,0.06715,2080060.0,1757037600000,140253.29623,3015,2025-09-05 01:00:00+00:00
1757037600000,0.06714,0.06837,0.06677,0.06827,3957944.0,1757041200000,267435.74165,5646,2025-09-05 02:00:00+00:00
1757041200000,0.06827,0.06879,0.06819,0.06828,1636798.0,1757044800000,112004.3987,2475,2025-09-05 03:00:00+00:00
1757044800000,0.06827,0.06865,0.068,0.06851,939005.0,1757048400000,64079.30504,1748,2025-09-05 04:00:00+00:00
1757048400000,0.06853,0.06882,0.06806,0.06811,1175663.0,1757052000000,80388.57696,1763,2025-09-05 05:00:00+00:00
1757052000000,0.0681,0.06867,0.06786,0.06839,2699846.0,1757055600000,184284.69381,2726,2025-09-05 06:00:00+00:00
1757055600000,0.06838,0.06856,0.06798,0.06837,1843238.0,1757059200000,125784.86574,4664,2025-09-05 07:00:00+00:00
1757059200000,0.06838,0.06887,0.06836,0.06879,1014985.0,1757062800000,69695.99859,1789,2025-09-05 08:00:00+00:00
1757062800000,0.06879,0.06891,0.06861,0.0688,597024.0,1757066400000,41062.98349,1433,2025-09-05 09:00:00+00:00
1757066400000,0.0688,0.06892,0.06863,0.06886,708480.0,1757070000000,48719.29361,970,2025-09-05 10:00:00+00:00
1757070000000,0.06885,0.069,0.06871,0.06896,1724400.0,1757073600000,118814.92968,1953,2025-09-05 11:00:00+00:00
1757073600000,0.06895,0.069,0.06754,0.0678,21790509.0,1757077200000,1496075.42668,10319,2025-09-05 12:00:00+00:00
1757077200000,0.06781,0.06804,0.06757,0.06769,1573798.0,1757080800000,106652.52105,2380,2025-09-05 13:00:00+00:00
1757080800000,0.06769,0.06781,0.0675,0.06763,1102994.0,1757084400000,74572.78885,1937,2025-09-05 14:00:00+00:00
1757084400000,0.06764,0.06788,0.06758,0.06761,749060.0,1757088000000,50735.98675,1018,2025-09-05 15:00:00+00:00
1757088000000,0.0676,0.06782,0.06758,0.06774,441283.0,1757091600000,29863.20551,874,2025-09-05 16:00:00+00:00
1757091600000,0.06773,0.06827,0.06768,0.06771,815234.0,1757095200000,55410.77347,1893,2025-09-05 17:00:00+00:00
1757095200000,0.06771,0.06778,0.06757,0.06764,522549.0,1757098800000,35351.47283,1248,2025-09-05 18:00:00+00:00
1757098800000,0.06765,0.06783,0.06757,0.06771,389420.0,1757102400000,26356.12342,1227,2025-09-05 19:00:00+00:00
1757102400000,0.06771,0.0678,0.06752,0.06754,548931.0,1757106000000,37144.13327,1200,2025-09-05 20:00:00+00:00
1757106000000,0.06755,0.06774,0.0675,0.06765,867659.0,1757109600000,58599.51348,1448,2025-09-05 21:00:00+00:00
1757109600000,0.06764,0.06779,0.0675,0.06753,2881914.0,1757113200000,194651.19255,2328,2025-09-05 22:00:00+00:00
1757113200000,0.0675,0.06761,0.0675,0.06756,1213657.0,1757116800000,81942.42026,1106,2025-09-05 23:00:00+00:00
1757116800000,0.06755,0.06764,0.0675,0.0675,1597325.0,1757120400000,107848.89561,1734,2025-09-06 00:00:00+00:00
1757120400000,0.0675,0.06761,0.0675,0.06757,764175.0,1757124000000,51606.12652,1135,2025-09-06 01:00:00+00:00
1757124000000,0.06757,0.06788,0.06757,0.06768,440900.0,1757127600000,29855.08469,862,2025-09-06 02:00:00+00:00
1757127600000,0.06767,0.06821,0.06601,0.06818,6524464.0,1757131200000,438227.3958,9820,2025-09-06 03:00:00+00:00
1757131200000,0.06818,0.0687,0.06807,0.0685,1640964.0,1757134800000,112248.22528,5097,2025-09-06 04:00:00+00:00
1757134800000,0.0685,0.069,0.0685,0.06898,1424526.0,1757138400000,98109.86542,3295,2025-09-06 05:00:00+00:00
1757138400000,0.06897,0.069,0.06878,0.06897,1939763.0,1757142000000,133661.28502,5313,2025-09-06 06:00:00+00:00
1757142000000,0.06897,0.069,0.06871,0.0688,2627194.0,1757145600000,181059.45692,4055,2025-09-06 07:00:00+00:00
1757145600000,0.0688,0.069,0.06834,0.06834,1483675.0,1757149200000,102049.73914,3163,2025-09-06 08:00:00+00:00
1757149200000,0.06834,0.06849,0.06804,0.06839,495238.0,1757152800000,33793.17893,1087,2025-09-06 09:00:00+00:00
1757152800000,0.06838,0.06866,0.06831,0.06857,548183.0,1757156400000,37551.85042,1341,2025-09-06 10:00:00+00:00
1757156400000,0.06858,0.069,0.06858,0.06889,1946661.0,1757160000000,134158.72999,1584,2025-09-06 11:00:00+00:00
1757160000000,0.06888,0.06888,0.06828,0.06837,876303.0,1757163600000,60092.41832,1259,2025-09-06 12:00:00+00:00
1757163600000,0.06837,0.06894,0.06829,0.06886,795392.0,1757167200000,54646.69071,1970,2025-09-06 13:00:00+00:00
1757167200000,0.06885,0.06885,0.06834,0.06865,571462.0,1757170800000,39185.67868,1438,2025-09-06 14:00:00+00:00
1757170800000,0.06865,0.06867,0.06832,0.0684,717015.0,1757174400000,49088.10714,1228,2025-09-06 15:00:00+00:00
1757174400000,0.06841,0.06845,0.06807,0.06841,719969.0,1757178000000,49120.73588,1295,2025-09-06 16:00:00+00:00
1757178000000,0.06842,0.06854,0.06831,0.06839,747592.0,1757181600000,51136.35091,1207,2025-09-06 17:00:00+00:00
1757181600000,0.06842,0.06861,0.06833,0.06838,314163.0,1757185200000,21506.14298,441,2025-09-06 18:00:00+00:00
1757185200000,0.06837,0.06837,0.06797,0.06805,1376569.0,1757188800000,93677.41248,825,2025-09-06 19:00:00+00:00
1757188800000,0.06805,0.06841,0.06805,0.06825,156962.0,1757192400000,10718.17681,477,2025-09-06 20:00:00+00:00
1757192400000,0.06824,0.06848,0.0682,0.06847,249795.0,1757196000000,17081.77564,410,2025-09-06 21:00:00+00:00
1757196000000,0.06846,0.06846,0.06818,0.06833,195748.0,1757199600000,13369.12705,547,2025-09-06 22:00:00+00:00
1757199600000,0.06833,0.06849,0.06833,0.06848,229647.0,1757203200000,15709.09473,552,2025-09-06 23:00:00+00:00
1757203200000,0.06845,0.06845,0.0682,0.06824,320707.0,1757206800000,21913.76355,699,2025-09-07 00:00:00+00:00
1757206800000,0.06823,0.06831,0.06817,0.06824,172606.0,1757210400000,11778.8612,373,2025-09-07 01:00:00+00:00
1757210400000,0.06823,0.06823,0.06799,0.068,217730.0,1757214000000,14827.75413,470,2025-09-07 02:00:00+00:00
1757214000000,0.068,0.06821,0.06799,0.06816,272868.0,1757217600000,18578.79774,512,2025-09-07 03:00:00+00:00
1757217600000,0.06815,0.0682,0.06801,0.06804,274083.0,1757221200000,18663.24385,344,2025-09-07 04:00:00+00:00
1757221200000,0.06803,0.06803,0.06735,0.06742,1270569.0,1757224800000,86138.82953,1731,2025-09-07 05:00:00+00:00
1757224800000,0.06741,0.06835,0.06728,0.06832,1065280.0,1757228400000,72312.50382,2414,2025-09-07 06:00:00+00:00
1757228400000,0.0683,0.06874,0.06819,0.06848,1070915.0,1757232000000,73313.31406,2153,2025-09-07 07:00:00+00:00
1757232000000,0.06848,0.06884,0.06827,0.0683,1123264.0,1757235600000,76949.48188,1872,2025-09-07 08:00:00+00:00
1757235600000,0.06832,0.06858,0.06814,0.06823,643006.0,1757239200000,43958.41023,957,2025-09-07 09:00:00+00:00
1757239200000,0.06824,0.06827,0.06803,0.0681,285825.0,1757242800000,19480.7019,566,2025-09-07 10:00:00+00:00
1757242800000,0.0681,0.06831,0.06767,0.0682,1556480.0,1757246400000,105843.30858,1657,2025-09-07 11:00:00+00:00
1757246400000,0.0682,0.06836,0.06818,0.06821,314128.0,1757250000000,21438.56984,719,2025-09-07 12:00:00+00:00
1757250000000,0.06821,0.06832,0.06815,0.06818,395080.0,1757253600000,26959.01747,501,2025-09-07 13:00:00+00:00
1757253600000,0.06818,0.06824,0.06785,0.0682,1782489.0,1757257200000,121395.75161,910,2025-09-07 14:00:00+00:00
1757257200000,0.06821,0.06879,0.06819,0.06876,545845.0,1757260800000,37410.16208,800,2025-09-07 15:00:00+00:00
1757260800000,0.06875,0.06875,0.06855,0.06871,416122.0,1757264400000,28563.33269,628,2025-09-07 16:00:00+00:00
1757264400000,0.06871,0.06885,0.06871,0.06885,368641.0,1757268000000,25353.56496,599,2025-09-07 17:00:00+00:00
1757268000000,0.06885,0.06885,0.06877,0.06884,335926.0,1757271600000,23125.89184,390,2025-09-07 18:00:00+00:00
1757271600000,0.06885,0.069,0.06883,0.06896,3105427.0,1757275200000,213866.57608,1509,2025-09-07 19:00:00+00:00
1757275200000,0.06896,0.069,0.06886,0.06894,2366488.0,1757278800000,163253.39129,752,2025-09-07 20:00:00+00:00
1757278800000,0.06894,0.07121,0.06865,0.06971,3969203.0,1757282400000,276582.02033,4415,2025-09-07 21:00:00+00:00
1757282400000,0.06966,0.06967,0.06776,0.06796,3593804.0,1757286000000,245952.74072,4564,2025-09-07 22:00:00+00:00
1757286000000,0.06796,0.06799,0.06737,0.06746,1280246.0,1757289600000,86587.75338,1375,2025-09-07 23:00:00+00:00
1757289600000,0.06745,0.0675,0.06696,0.06712,699965.0,1757293200000,47055.81801,1412,2025-09-08 00:00:00+00:00
1757293200000,0.06713,0.06738,0.067,0.06708,541276.0,1757296800000,36355.72307,970,2025-09-08 01:00:00+00:00
1757296800000,0.06707,0.06751,0.06693,0.06741,1057173.0,1757300400000,71018.90783,1658,2025-09-08 02:00:00+00:00
1757300400000,0.06742,0.06784,0.0671,0.06781,950542.0,1757304000000,64097.24783,1332,2025-09-08 03:00:00+00:00
1757304000000,0.0678,0.0678,0.06719,0.06725,499493.0,1757307600000,33683.62371,883,2025-09-08 04:00:00+00:00
1757307600000,0.06724,0.06724,0.06688,0.06692,485778.0,1757311200000,32571.90255,665,2025-09-08 05:00:00+00:00
1757311200000,0.06692,0.06692,0.06626,0.06665,1017612.0,1757314800000,67698.17451,1692,2025-09-08 06:00:00+00:00
1757314800000,0.06664,0.06704,0.06646,0.067,499078.0,1757318400000,33345.14078,1090,2025-09-08 07:00:00+00:00
1757318400000,0.06699,0.0675,0.06672,0.06716,1080912.0,1757322000000,72483.54513,1736,2025-09-08 08:00:00+00:00
1757322000000,0.06716,0.06716,0.06676,0.06691,523697.0,1757325600000,35021.15577,1594,2025-09-08 09:00:00+00:00
1757325600000,0.06691,0.06739,0.06681,0.06712,935402.0,1757329200000,62870.77686,2084,2025-09-08 10:00:00+00:00
1757329200000,0.06713,0.06813,0.06704,0.06778,2179725.0,1757332800000,147517.20332,3303,2025-09-08 11:00:00+00:00
1757332800000,0.06778,0.0679,0.06755,0.06776,616277.0,1757336400000,41739.6001,1394,2025-09-08 12:00:00+00:00
1757336400000,0.06778,0.06829,0.06775,0.06818,838099.0,1757340000000,57029.69803,2145,2025-09-08 13:00:00+00:00
1757340000000,0.06821,0.0684,0.068,0.06823,542669.0,1757343600000,37025.60733,1340,2025-09-08 14:00:00+00:00
1757343600000,0.06823,0.06848,0.06777,0.06805,1624161.0,1757347200000,110673.92074,1905,2025-09-08 15:00:00+00:00
1757347200000,0.06803,0.06824,0.06778,0.06824,1769444.0,1757350800000,120324.62577,1896,2025-09-08 16:00:00+00:00
1757350800000,0.06823,0.06824,0.06775,0.06795,551827.0,1757354400000,37510.60234,1171,2025-09-08 17:00:00+00:00
1757354400000,0.06795,0.06799,0.06773,0.06779,482798.0,1757358000000,32749.65021,894,2025-09-08 18:00:00+00:00
1757358000000,0.0678,0.06796,0.0677,0.06796,694149.0,1757361600000,47076.50075,639,2025-09-08 19:00:00+00:00
1757361600000,0.06797,0.06802,0.06771,0.06797,599411.0,1757365200000,40705.56964,633,2025-09-08 20:00:00+00:00
1757365200000,0.06798,0.06819,0.06769,0.06781,835226.0,1757368800000,56777.63223,547,2025-09-08 21:00:00+00:00
1757368800000,0.06784,0.06793,0.06776,0.0678,300555.0,1757372400000,20388.41603,411,2025-09-08 22:00:00+00:00
1757372400000,0.06781,0.06795,0.06774,0.06786,421117.0,1757376000000,28570.84346,299,2025-09-08 23:00:00+00:00
1757376000000,0.06785,0.06808,0.06773,0.06803,1522227.0,1757379600000,103363.70261,1264,2025-09-09 00:00:00+00:00
1757379600000,0.06803,0.06813,0.06787,0.06807,408610.0,1757383200000,27786.12723,367,2025-09-09 01:00:00+00:00
1757383200000,0.06808,0.06815,0.06666,0.06727,3359785.0,1757386800000,225936.46472,3785,2025-09-09 02:00:00+00:00
1757386800000,0.06727,0.06771,0.06719,0.06741,866892.0,1757390400000,58532.38307,1265,2025-09-09 03:00:00+00:00
1757390400000,0.06741,0.06741,0.06677,0.06694,669500.0,1757394000000,44884.53113,822,2025-09-09 04:00:00+00:00
1757394000000,0.06694,0.06694,0.06635,0.06649,588935.0,1757397600000,39227.44856,1229,2025-09-09 05:00:00+00:00
1757397600000,0.0665,0.06702,0.06636,0.06686,804297.0,1757401200000,53676.6549,1118,2025-09-09 06:00:00+00:00
1757401200000,0.06687,0.06696,0.06648,0.06667,1037331.0,1757404800000,69185.16805,1063,2025-09-09 07:00:00+00:00
1757404800000,0.06668,0.06674,0.06646,0.06653,354690.0,1757408400000,23629.62213,587,2025-09-09 08:00:00+00:00
1757408400000,0.06654,0.06679,0.06652,0.06676,275663.0,1757412000000,18370.90772,471,2025-09-09 09:00:00+00:00
1757412000000,0.06676,0.06694,0.06661,0.06682,472031.0,1757415600000,31513.12242,723,2025-09-09 10:00:00+00:00
1757415600000,0.06682,0.06774,0.06666,0.06678,3567111.0,1757419200000,239980.26598,2242,2025-09-09 11:00:00+00:00
1757419200000,0.06677,0.06732,0.06666,0.06729,885513.0,1757422800000,59353.29361,1045,2025-09-09 12:00:00+00:00
1757422800000,0.06729,0.06766,0.06708,0.06766,375485.0,1757426400000,25277.65695,683,2025-09-09 13:00:00+00:00
1757426400000,0.06767,0.06826,0.06755,0.06816,1099448.0,1757430000000,74632.83973,1815,2025-09-09 14:00:00+00:00
1757430000000,0.06816,0.06823,0.06737,0.068,2898569.0,1757433600000,196798.8179,3176,2025-09-09 15:00:00+00:00
1757433600000,0.06801,0.0682,0.06766,0.06785,767619.0,1757437200000,52110.56621,1163,2025-09-09 16:00:00+00:00
1757437200000,0.06792,0.06824,0.06792,0.06814,536914.0,1757440800000,36571.68371,943,2025-09-09 17:00:00+00:00
1757440800000,0.06813,0.06847,0.06809,0.06817,616057.0,1757444400000,42048.46033,724,2025-09-09 18:00:00+00:00
1757444400000,0.06816,0.06828,0.06781,0.06781,365834.0,1757448000000,24918.6496,534,2025-09-09 19:00:00+00:00
1757448000000,0.06783,0.06826,0.06692,0.06708,2020647.0,1757451600000,136397.44195,1751,2025-09-09 20:00:00+00:00
1757451600000,0.06708,0.06773,0.06701,0.06738,489613.0,1757455200000,33008.45286,486,2025-09-09 21:00:00+00:00
1757455200000,0.06738,0.06743,0.06715,0.06719,310555.0,1757458800000,20911.96493,315,2025-09-09 22:00:00+00:00
1757458800000,0.06716,0.06716,0.06679,0.06687,402414.0,1757462400000,26929.51426,702,2025-09-09 23:00:00+00:00
1757462400000,0.06685,0.06702,0.06673,0.06701,542735.0,1757466000000,36321.74104,756,2025-09-10 00:00:00+00:00
1757466000000,0.06702,0.06704,0.06669,0.06686,777930.0,1757469600000,52048.32935,507,2025-09-10 01:00:00+00:00
1757469600000,0.06686,0.06798,0.0667,0.06789,1901008.0,1757473200000,127882.61267,1332,2025-09-10 02:00:00+00:00
1757473200000,0.0679,0.06794,0.06723,0.0674,1003358.0,1757476800000,67828.75537,1200,2025-09-10 03:00:00+00:00
1757476800000,0.06739,0.06748,0.06718,0.06742,580224.0,1757480400000,39048.17068,831,2025-09-10 04:00:00+00:00
1757480400000,0.0674,0.06783,0.06695,0.06773,1434192.0,1757484000000,96406.03539,1442,2025-09-10 05:00:00+00:00
1757484000000,0.06775,0.06825,0.06765,0.06813,875076.0,1757487600000,59460.2747,1307,2025-09-10 06:00:00+00:00
1757487600000,0.06812,0.06838,0.06783,0.06799,1242672.0,1757491200000,84731.7969,1630,2025-09-10 07:00:00+00:00
1757491200000,0.06799,0.06839,0.06784,0.06831,645764.0,1757494800000,44021.56553,1035,2025-09-10 08:00:00+00:00
1757494800000,0.06831,0.06844,0.06815,0.06831,546196.0,1757498400000,37324.61478,743,2025-09-10 09:00:00+00:00
1757498400000,0.06828,0.06855,0.06789,0.06834,2049834.0,1757502000000,140050.80874,1948,2025-09-10 10:00:00+00:00
1757502000000,0.06837,0.06845,0.06781,0.06787,1055137.0,1757505600000,71993.2556,1178,2025-09-10 11:00:00+00:00
1757505600000,0.06785,0.06807,0.06762,0.06769,964377.0,1757509200000,65363.57608,1142,2025-09-10 12:00:00+00:00
1757509200000,0.06769,0.06772,0.06736,0.06746,401283.0,1757512800000,27096.91709,657,2025-09-10 13:00:00+00:00
1757512800000,0.06746,0.06756,0.06715,0.0672,876733.0,1757516400000,59009.73959,769,2025-09-10 14:00:00+00:00
1757516400000,0.06721,0.06721,0.0667,0.06693,2895365.0,1757520000000,193937.15833,991,2025-09-10 15:00:00+00:00
1757520000000,0.06693,0.06754,0.06685,0.06752,2405399.0,1757523600000,161356.38314,1513,2025-09-10 16:00:00+00:00
1757523600000,0.06752,0.06752,0.06709,0.0672,763143.0,1757527200000,51305.98444,1047,2025-09-10 17:00:00+00:00
1757527200000,0.0672,0.06723,0.06683,0.06691,459253.0,1757530800000,30762.82736,739,2025-09-10 18:00:00+00:00
1757530800000,0.0669,0.06713,0.0669,0.06707,347124.0,1757534400000,23266.14865,632,2025-09-10 19:00:00+00:00
1757534400000,0.06706,0.06707,0.06683,0.0669,81599.0,1757538000000,5463.41974,370,2025-09-10 20:00:00+00:00
1757538000000,0.0669,0.06698,0.06669,0.06676,317754.0,1757541600000,21237.88988,633,2025-09-10 21:00:00+00:00
1757541600000,0.06675,0.06706,0.06654,0.06695,295643.0,1757545200000,19741.60108,546,2025-09-10 22:00:00+00:00
1757545200000,0.06694,0.06704,0.06676,0.06681,111625.0,1757548800000,7465.18433,238,2025-09-10 23:00:00+00:00
1757548800000,0.0668,0.06683,0.06654,0.06656,257029.0,1757552400000,17149.0083,439,2025-09-11 00:00:00+00:00
1757552400000,0.06655,0.06659,0.0664,0.0665,731963.0,1757556000000,48662.0529,506,2025-09-11 01:00:00+00:00
1757556000000,0.06648,0.06658,0.06642,0.06644,98523.0,1757559600000,6548.67943,300,2025-09-11 02:00:00+00:00
1757559600000,0.06644,0.06644,0.06559,0.06615,1626736.0,1757563200000,107251.35632,1623,2025-09-11 03:00:00+00:00
1757563200000,0.06614,0.06618,0.06583,0.06604,354114.0,1757566800000,23384.76129,648,2025-09-11 04:00:00+00:00
1757566800000,0.06604,0.06689,0.06599,0.06626,2163833.0,1757570400000,143981.28173,2243,2025-09-11 05:00:00+00:00
1757570400000,0.06626,0.06669,0.06601,0.06662,1163348.0,1757574000000,77144.6562,2011,2025-09-11 06:00:00+00:00
1757574000000,0.06661,0.06675,0.06601,0.06621,627656.0,1757577600000,41653.85594,938,2025-09-11 07:00:00+00:00
1757577600000,0.06622,0.06629,0.06612,0.06618,251147.0,1757581200000,16630.55704,598,2025-09-11 08:00:00+00:00
1757581200000,0.06617,0.06622,0.066,0.06608,160469.0,1757584800000,10609.29959,313,2025-09-11 09:00:00+00:00
1757584800000,0.06608,0.0661,0.0658,0.066,336357.0,1757588400000,22185.5235,432,2025-09-11 10:00:00+00:00
1757588400000,0.066,0.06757,0.066,0.06737,2454238.0,1757592000000,164327.9241,2370,2025-09-11 11:00:00+00:00
1757592000000,0.06736,0.06769,0.06654,0.06751,1104634.0,1757595600000,74152.99512,2709,2025-09-11 12:00:00+00:00
1757595600000,0.06749,0.0684,0.06746,0.0684,1327149.0,1757599200000,90132.46063,2611,2025-09-11 13:00:00+00:00
1757599200000,0.06835,0.06835,0.06736,0.06784,1290359.0,1757602800000,87342.70892,1816,2025-09-11 14:00:00+00:00
1757602800000,0.06783,0.06803,0.06778,0.06786,208419.0,1757606400000,14154.70044,640,2025-09-11 15:00:00+00:00
1757606400000,0.06787,0.06788,0.06726,0.0675,401426.0,1757610000000,27097.28378,647,2025-09-11 16:00:00+00:00
1757610000000,0.06749,0.06749,0.06696,0.06699,192588.0,1757613600000,12934.97995,500,2025-09-11 17:00:00+00:00
1757613600000,0.06699,0.06699,0.06663,0.06663,139630.0,1757617200000,9323.944,329,2025-09-11 18:00:00+00:00
1757617200000,0.06663,0.06665,0.06619,0.06622,318879.0,1757620800000,21182.11745,605,2025-09-11 19:00:00+00:00
1757620800000,0.06623,0.06684,0.06623,0.06676,426611.0,1757624400000,28398.72525,687,2025-09-11 20:00:00+00:00
1757624400000,0.06675,0.0668,0.06612,0.06636,450815.0,1757628000000,29955.70562,299,2025-09-11 21:00:00+00:00
1757628000000,0.06636,0.06648,0.06629,0.06643,254602.0,1757631600000,16897.2319,483,2025-09-11 22:00:00+00:00
1757631600000,0.06645,0.06784,0.06621,0.06765,1681282.0,1757635200000,112623.19599,2036,2025-09-11 23:00:00+00:00
1757635200000,0.06763,0.06774,0.0668,0.06764,1091381.0,1757638800000,73349.82523,1316,2025-09-12 00:00:00+00:00
1757638800000,0.06765,0.06792,0.06725,0.06725,1517512.0,1757642400000,102507.242,1289,2025-09-12 01:00:00+00:00
1757642400000,0.06725,0.06787,0.06725,0.06787,538792.0,1757646000000,36462.08573,1194,2025-09-12 02:00:00+00:00
1757646000000,0.06786,0.06814,0.0675,0.0677,706575.0,1757649600000,47895.68113,1317,2025-09-12 03:00:00+00:00
1757649600000,0.06768,0.06803,0.06768,0.06782,200764.0,1757653200000,13622.45661,573,2025-09-12 04:00:00+00:00
1757653200000,0.06781,0.06811,0.06771,0.06775,200216.0,1757656800000,13598.68782,634,2025-09-12 05:00:00+00:00
1757656800000,0.06775,0.0678,0.06739,0.06776,502281.0,1757660400000,33942.28512,693,2025-09-12 06:00:00+00:00
1757660400000,0.06775,0.06782,0.06741,0.0677,393665.0,1757664000000,26598.26147,768,2025-09-12 07:00:00+00:00
1757664000000,0.0677,0.0677,0.0674,0.06757,254662.0,1757667600000,17193.50748,547,2025-09-12 08:00:00+00:00
1757667600000,0.06757,0.06778,0.06742,0.06771,513058.0,1757671200000,34687.75111,750,2025-09-12 09:00:00+00:00
1757671200000,0.0677,0.06782,0.06747,0.06768,289627.0,1757674800000,19580.08078,491,2025-09-12 10:00:00+00:00
1757674800000,0.06767,0.06783,0.06751,0.06753,344415.0,1757678400000,23294.41766,642,2025-09-12 11:00:00+00:00
1757678400000,0.06753,0.06763,0.0673,0.06747,682714.0,1757682000000,46053.75591,1015,2025-09-12 12:00:00+00:00
1757682000000,0.06746,0.06746,0.06728,0.06736,856909.0,1757685600000,57726.3012,755,2025-09-12 13:00:00+00:00
1757685600000,0.06734,0.06743,0.06725,0.06734,1178094.0,1757689200000,79284.35426,724,2025-09-12 14:00:00+00:00
1757689200000,0.06732,0.06732,0.06714,0.0672,1337614.0,1757692800000,89899.43802,644,2025-09-12 15:00:00+00:00
1757692800000,0.0672,0.0673,0.06714,0.06715,778827.0,1757696400000,52321.25202,491,2025-09-12 16:00:00+00:00
1757696400000,0.06716,0.0677,0.067,0.06769,1667583.0,1757700000000,112233.54729,1198,2025-09-12 17:00:00+00:00
1757700000000,0.06767,0.0677,0.06745,0.06745,460297.0,1757703600000,31078.37633,539,2025-09-12 18:00:00+00:00
1757703600000,0.06745,0.06814,0.06724,0.06786,3585817.0,1757707200000,242551.33988,1786,2025-09-12 19:00:00+00:00
1757707200000,0.06787,0.06791,0.06771,0.06771,1036828.0,1757710800000,70233.78481,453,2025-09-12 20:00:00+00:00
1757710800000,0.06773,0.06776,0.06757,0.0677,921878.0,1757714400000,62355.20577,260,2025-09-12 21:00:00+00:00
1757714400000,0.06771,0.06854,0.06771,0.0682,558988.0,1757718000000,38130.10501,1119,2025-09-12 22:00:00+00:00
1757718000000,0.0682,0.0682,0.06782,0.06812,401490.0,1757721600000,27314.01306,880,2025-09-12 23:00:00+00:00
1757721600000,0.06812,0.06812,0.06757,0.06774,768541.0,1757725200000,52058.81202,717,2025-09-13 00:00:00+00:00
1757725200000,0.06775,0.06784,0.06757,0.06765,887366.0,1757728800000,60002.84573,901,2025-09-13 01:00:00+00:00
1757728800000,0.06765,0.06772,0.06751,0.06761,459462.0,1757732400000,31054.62708,461,2025-09-13 02:00:00+00:00
1757732400000,0.0676,0.06831,0.06759,0.0682,900744.0,1757736000000,61215.11555,801,2025-09-13 03:00:00+00:00
1757736000000,0.0682,0.06827,0.06793,0.06799,285866.0,1757739600000,19455.09379,518,2025-09-13 04:00:00+00:00
1757739600000,0.068,0.06896,0.068,0.06878,1808735.0,1757743200000,124024.91323,3005,2025-09-13 05:00:00+00:00
1757743200000,0.06877,0.06877,0.06845,0.0685,224800.0,1757746800000,15416.35971,440,2025-09-13 06:00:00+00:00
1757746800000,0.0685,0.06856,0.06816,0.06844,906822.0,1757750400000,61961.38054,1215,2025-09-13 07:00:00+00:00
1757750400000,0.06841,0.06865,0.06806,0.06863,389263.0,1757754000000,26587.83516,461,2025-09-13 08:00:00+00:00
1757754000000,0.06864,0.06884,0.06852,0.06878,734319.0,1757757600000,50417.49991,731,2025-09-13 09:00:00+00:00
1757757600000,0.06877,0.06884,0.06848,0.06869,488427.0,1757761200000,33541.68774,886,2025-09-13 10:00:00+00:00
1757761200000,0.06867,0.06871,0.06832,0.06867,920699.0,1757764800000,63064.39389,1101,2025-09-13 11:00:00+00:00
1757764800000,0.06866,0.06881,0.0685,0.06878,542429.0,1757768400000,37251.83459,573,2025-09-13 12:00:00+00:00
1757768400000,0.06872,0.06878,0.06822,0.06856,724991.0,1757772000000,49657.64978,996,2025-09-13 13:00:00+00:00
1757772000000,0.06856,0.06861,0.06826,0.0684,275875.0,1757775600000,18875.82689,388,2025-09-13 14:00:00+00:00
1757775600000,0.0684,0.06843,0.06785,0.06797,757461.0,1757779200000,51504.29312,551,2025-09-13 15:00:00+00:00
1757779200000,0.06796,0.06821,0.06783,0.06793,797905.0,1757782800000,54164.35262,638,2025-09-13 16:00:00+00:00
1757782800000,0.06795,0.06804,0.06781,0.06796,276009.0,1757786400000,18737.38513,429,2025-09-13 17:00:00+00:00
1757786400000,0.06797,0.06813,0.06781,0.06811,155430.0,1757790000000,10561.87222,305,2025-09-13 18:00:00+00:00
1757790000000,0.06811,0.06829,0.06794,0.06821,181108.0,1757793600000,12333.16393,325,2025-09-13 19:00:00+00:00
1757793600000,0.0682,0.06832,0.06818,0.06826,96832.0,1757797200000,6608.24743,158,2025-09-13 20:00:00+00:00
1757797200000,0.06824,0.06824,0.06794,0.06802,208926.0,1757800800000,14218.53995,281,2025-09-13 21:00:00+00:00
1757800800000,0.06803,0.06833,0.06803,0.06812,373649.0,1757804400000,25469.62783,278,2025-09-13 22:00:00+00:00
1757804400000,0.06811,0.06874,0.06792,0.06844,1013937.0,1757808000000,69156.76838,711,2025-09-13 23:00:00+00:00
1757808000000,0.06843,0.06849,0.06835,0.06841,487592.0,1757811600000,33338.28299,403,2025-09-14 00:00:00+00:00
1757811600000,0.06845,0.06864,0.06835,0.06842,455215.0,1757815200000,31156.77288,570,2025-09-14 01:00:00+00:00
1757815200000,0.06842,0.06853,0.06835,0.06839,409753.0,1757818800000,28040.60532,308,2025-09-14 02:00:00+00:00
1757818800000,0.0684,0.0689,0.0684,0.06867,548199.0,1757822400000,37641.8523,740,2025-09-14 03:00:00+00:00
1757822400000,0.06868,0.06895,0.06837,0.06878,611484.0,1757826000000,41965.45909,830,2025-09-14 04:00:00+00:00
1757826000000,0.06879,0.06893,0.06864,0.06881,432877.0,1757829600000,29763.83006,654,2025-09-14 05:00:00+00:00
1757829600000,0.0688,0.0688,0.06852,0.06873,185284.0,1757833200000,12725.09287,281,2025-09-14 06:00:00+00:00
1757833200000,0.06875,0.06876,0.06835,0.06846,337413.0,1757836800000,23120.98184,463,2025-09-14 07:00:00+00:00
1757836800000,0.06847,0.06889,0.06835,0.0684,2549076.0,1757840400000,174354.42112,1421,2025-09-14 08:00:00+00:00
1757840400000,0.06839,0.06843,0.0679,0.0681,1952210.0,1757844000000,133358.66722,568,2025-09-14 09:00:00+00:00
1757844000000,0.0681,0.06817,0.06773,0.0679,1871497.0,1757847600000,127061.6958,1424,2025-09-14 10:00:00+00:00
1757847600000,0.06791,0.06826,0.06767,0.06823,1520542.0,1757851200000,103202.70733,1148,2025-09-14 11:00:00+00:00
1757851200000,0.06823,0.069,0.06821,0.06835,3451037.0,1757854800000,237151.37534,3070,2025-09-14 12:00:00+00:00
1757854800000,0.06834,0.06888,0.06831,0.06856,843134.0,1757858400000,57860.802,1341,2025-09-14 13:00:00+00:00
1757858400000,0.0686,0.0688,0.0685,0.06878,595213.0,1757862000000,40830.65663,1129,2025-09-14 14:00:00+00:00
1757862000000,0.06878,0.069,0.06873,0.06894,2952144.0,1757865600000,203508.01741,2490,2025-09-14 15:00:00+00:00
1757865600000,0.06895,0.069,0.06871,0.06885,1378678.0,1757869200000,94995.38829,1240,2025-09-14 16:00:00+00:00
1757869200000,0.06885,0.0689,0.06857,0.06878,334035.0,1757872800000,22968.32718,543,2025-09-14 17:00:00+00:00
1757872800000,0.06877,0.06889,0.06853,0.0688,246711.0,1757876400000,16946.19775,394,2025-09-14 18:00:00+00:00
1757876400000,0.0688,0.06899,0.06878,0.06885,331999.0,1757880000000,22882.24603,457,2025-09-14 19:00:00+00:00
1757880000000,0.06889,0.06899,0.06864,0.06875,618905.0,1757883600000,42591.11815,655,2025-09-14 20:00:00+00:00
1757883600000,0.06875,0.069,0.0685,0.06896,1132485.0,1757887200000,77928.49394,930,2025-09-14 21:00:00+00:00
1757887200000,0.06895,0.069,0.06886,0.06899,635507.0,1757890800000,43843.59974,550,2025-09-14 22:00:00+00:00
1757890800000,0.06899,0.069,0.06879,0.069,986531.0,1757894400000,68011.26889,748,2025-09-14 23:00:00+00:00
1757894400000,0.06898,0.06899,0.0687,0.06873,458657.0,1757898000000,31587.92425,476,2025-09-15 00:00:00+00:00
1757898000000,0.06871,0.069,0.06847,0.06866,808112.0,1757901600000,55583.09838,838,2025-09-15 01:00:00+00:00
1757901600000,0.06871,0.06882,0.06805,0.06823,757475.0,1757905200000,51807.83838,677,2025-09-15 02:00:00+00:00
1757905200000,0.06819,0.06841,0.06783,0.06802,847970.0,1757908800000,57714.8056,431,2025-09-15 03:00:00+00:00
1757908800000,0.068,0.06836,0.06784,0.06836,693241.0,1757912400000,47148.00314,433,2025-09-15 04:00:00+00:00
1757912400000,0.06829,0.06837,0.06809,0.06812,254619.0,1757916000000,17374.96066,215,2025-09-15 05:00:00+00:00
1757916000000,0.06813,0.06813,0.06771,0.06779,1781244.0,1757919600000,120864.70262,672,2025-09-15 06:00:00+00:00
1757919600000,0.06781,0.06826,0.06772,0.06808,792011.0,1757923200000,53842.78609,708,2025-09-15 07:00:00+00:00
1757923200000,0.06804,0.0686,0.06784,0.06842,770769.0,1757926800000,52605.65218,1210,2025-09-15 08:00:00+00:00
1757926800000,0.06838,0.06859,0.06779,0.06808,695836.0,1757930400000,47367.01918,817,2025-09-15 09:00:00+00:00
1757930400000,0.06802,0.06852,0.06792,0.06814,1000125.0,1757934000000,68291.56845,648,2025-09-15 10:00:00+00:00
1757934000000,0.06814,0.06838,0.0681,0.06826,459567.0,1757937600000,31352.6203,317,2025-09-15 11:00:00+00:00
1757937600000,0.06822,0.06856,0.06822,0.0685,311831.0,1757941200000,21326.30421,374,2025-09-15 12:00:00+00:00
1757941200000,0.06851,0.06865,0.06826,0.06854,306328.0,1757944800000,20964.54549,414,2025-09-15 13:00:00+00:00
1757944800000,0.06854,0.06887,0.06833,0.06875,529090.0,1757948400000,36301.44269,768,2025-09-15 14:00:00+00:00
1757948400000,0.06872,0.0688,0.06772,0.06808,995904.0,1757952000000,67973.99207,899,2025-09-15 15:00:00+00:00
1757952000000,0.06815,0.06839,0.06772,0.06776,738506.0,1757955600000,50278.42481,1135,2025-09-15 16:00:00+00:00
1757955600000,0.06785,0.06829,0.06784,0.06829,139528.0,1757959200000,9499.94004,330,2025-09-15 17:00:00+00:00
1757959200000,0.06829,0.06869,0.06829,0.06856,386800.0,1757962800000,26505.31531,341,2025-09-15 18:00:00+00:00
1757962800000,0.06852,0.06863,0.06809,0.06823,367923.0,1757966400000,25177.07069,256,2025-09-15 19:00:00+00:00
1757966400000,0.06825,0.06851,0.0682,0.06836,275847.0,1757970000000,18856.41909,263,2025-09-15 20:00:00+00:00
1757970000000,0.0683,0.0683,0.06782,0.06803,279114.0,1757973600000,18987.59691,238,2025-09-15 21:00:00+00:00
1757973600000,0.06802,0.0683,0.06789,0.0683,373508.0,1757977200000,25422.04945,530,2025-09-15 22:00:00+00:00
1757977200000,0.06831,0.06835,0.0681,0.06811,258343.0,1757980800000,17623.38099,400,2025-09-15 23:00:00+00:00
1757980800000,0.06815,0.06824,0.06789,0.06824,795086.0,1757984400000,54105.89001,1017,2025-09-16 00:00:00+00:00
1757984400000,0.06823,0.06839,0.06815,0.06826,319716.0,1757988000000,21818.36499,587,2025-09-16 01:00:00+00:00
1757988000000,0.06824,0.0686,0.06818,0.0686,349267.0,1757991600000,23865.58563,567,2025-09-16 02:00:00+00:00
1757991600000,0.06856,0.0686,0.06828,0.0683,276664.0,1757995200000,18926.35695,444,2025-09-16 03:00:00+00:00
1757995200000,0.0683,0.0683,0.06791,0.06811,507364.0,1757998800000,34539.85486,473,2025-09-16 04:00:00+00:00
1757998800000,0.06811,0.06878,0.0681,0.06867,293400.0,1758002400000,20074.52758,445,2025-09-16 05:00:00+00:00
1758002400000,0.06871,0.06892,0.0686,0.06861,299617.0,1758006000000,20616.62248,348,2025-09-16 06:00:00+00:00
1758006000000,0.06862,0.06879,0.06843,0.06855,399467.0,1758009600000,27408.55373,2263,2025-09-16 07:00:00+00:00
1758009600000,0.06856,0.06875,0.06845,0.06845,451409.0,1758013200000,30979.73421,1650,2025-09-16 08:00:00+00:00
1758013200000,0.06847,0.06847,0.06791,0.06797,707639.0,1758016800000,48241.81176,894,2025-09-16 09:00:00+00:00
1758016800000,0.06797,0.06818,0.06794,0.06802,219018.0,1758020400000,14901.64462,247,2025-09-16 10:00:00+00:00
1758020400000,0.068,0.06822,0.06787,0.06818,256936.0,1758024000000,17470.04271,275,2025-09-16 11:00:00+00:00
1758024000000,0.06817,0.06819,0.06802,0.06811,51494.0,1758027600000,3506.73736,241,2025-09-16 12:00:00+00:00
1758027600000,0.06811,0.06845,0.06797,0.06816,567964.0,1758031200000,38718.63404,630,2025-09-16 13:00:00+00:00
1758031200000,0.06815,0.06815,0.06778,0.068,105626.0,1758034800000,7177.92931,264,2025-09-16 14:00:00+00:00
1758034800000,0.068,0.06801,0.06778,0.06801,171187.0,1758038400000,11623.90925,270,2025-09-16 15:00:00+00:00
1758038400000,0.06799,0.06828,0.06799,0.06804,221908.0,1758042000000,15124.69301,369,2025-09-16 16:00:00+00:00
1758042000000,0.06804,0.06851,0.06784,0.06841,530155.0,1758045600000,36159.05055,642,2025-09-16 17:00:00+00:00
1758045600000,0.0684,0.069,0.06747,0.06826,5011759.0,1758049200000,342517.01854,2916,2025-09-16 18:00:00+00:00
1758049200000,0.06825,0.069,0.06823,0.06881,1374457.0,1758052800000,94467.73878,1394,2025-09-16 19:00:00+00:00
1758052800000,0.06882,0.069,0.06842,0.06848,3731336.0,1758056400000,257273.77152,1935,2025-09-16 20:00:00+00:00
1758056400000,0.06849,0.06854,0.06832,0.0684,135529.0,1758060000000,9279.44722,256,2025-09-16 21:00:00+00:00
1758060000000,0.06841,0.06849,0.06823,0.06841,189161.0,1758063600000,12936.65696,218,2025-09-16 22:00:00+00:00
1758063600000,0.06839,0.06839,0.06811,0.0682,70079.0,1758067200000,4778.98828,169,2025-09-16 23:00:00+00:00
1758067200000,0.0682,0.069,0.06819,0.06883,759747.0,1758070800000,52271.35332,1547,2025-09-17 00:00:00+00:00
1758070800000,0.06887,0.069,0.0687,0.06881,629931.0,1758074400000,43375.99898,543,2025-09-17 01:00:00+00:00
1758074400000,0.06887,0.07303,0.06783,0.06896,27615061.0,1758078000000,1920591.94213,22671,2025-09-17 02:00:00+00:00
1758078000000,0.06897,0.06917,0.06205,0.0674,28686257.0,1758081600000,1911880.28856,19766,2025-09-17 03:00:00+00:00
1758081600000,0.06746,0.0678,0.06727,0.06777,1310975.0,1758085200000,88437.76769,953,2025-09-17 04:00:00+00:00
1758085200000,0.06772,0.06822,0.0675,0.06822,846108.0,1758088800000,57367.46968,979,2025-09-17 05:00:00+00:00
1758088800000,0.0681,0.06811,0.06779,0.06787,409527.0,1758092400000,27840.22014,404,2025-09-17 06:00:00+00:00
1758092400000,0.06787,0.06793,0.06754,0.06754,532010.0,1758096000000,36054.8749,330,2025-09-17 07:00:00+00:00
1758096000000,0.06753,0.0679,0.06727,0.06781,693196.0,1758099600000,46737.20654,317,2025-09-17 08:00:00+00:00
1758099600000,0.06775,0.06782,0.0673,0.06736,305128.0,1758103200000,20606.80931,338,2025-09-17 09:00:00+00:00
1758103200000,0.06734,0.06746,0.06723,0.06737,831802.0,1758106800000,55982.03877,452,2025-09-17 10:00:00+00:00
1758106800000,0.06741,0.06794,0.06738,0.06783,636992.0,1758110400000,43156.64438,423,2025-09-17 11:00:00+00:00
1758110400000,0.06783,0.06806,0.06776,0.06783,197739.0,1758114000000,13410.94647,209,2025-09-17 12:00:00+00:00
1758114000000,0.06777,0.06796,0.06762,0.06776,343103.0,1758117600000,23249.85684,604,2025-09-17 13:00:00+00:00
1758117600000,0.06775,0.06796,0.06731,0.06751,868608.0,1758121200000,58778.12993,1873,2025-09-17 14:00:00+00:00
1758121200000,0.06754,0.06789,0.06715,0.06726,1789621.0,1758124800000,120818.54059,1789,2025-09-17 15:00:00+00:00
1758124800000,0.06722,0.06725,0.06662,0.0667,706232.0,1758128400000,47174.29597,603,2025-09-17 16:00:00+00:00
1758128400000,0.06669,0.06692,0.06626,0.06635,513264.0,1758132000000,34151.07173,547,2025-09-17 17:00:00+00:00
1758132000000,0.06625,0.06781,0.06619,0.0675,2661897.0,1758135600000,179257.12762,2765,2025-09-17 18:00:00+00:00
1758135600000,0.06746,0.06813,0.06739,0.06811,1464693.0,1758139200000,99357.28859,1109,2025-09-17 19:00:00+00:00
1758139200000,0.06809,0.06825,0.06793,0.06803,225869.0,1758142800000,15377.98658,419,2025-09-17 20:00:00+00:00
1758142800000,0.0681,0.06841,0.0678,0.06832,487208.0,1758146400000,33116.93743,366,2025-09-17 21:00:00+00:00
1758146400000,0.06825,0.06883,0.06807,0.0687,589993.0,1758150000000,40337.66251,711,2025-09-17 22:00:00+00:00
1758150000000,0.06868,0.06943,0.06868,0.06892,636804.0,1758153600000,44050.55486,719,2025-09-17 23:00:00+00:00
1758153600000,0.06898,0.06903,0.06818,0.06824,279365.0,1758157200000,19164.91125,268,2025-09-18 00:00:00+00:00
1758157200000,0.06827,0.06855,0.06813,0.06846,92624.0,1758160800000,6329.49683,184,2025-09-18 01:00:00+00:00
1758160800000,0.06843,0.06882,0.06822,0.06881,180597.0,1758164400000,12374.64589,202,2025-09-18 02:00:00+00:00
1758164400000,0.06877,0.06915,0.0686,0.0689,260457.0,1758168000000,17950.24543,295,2025-09-18 03:00:00+00:00
1758168000000,0.06891,0.06914,0.06849,0.06862,708066.0,1758171600000,48750.44205,483,2025-09-18 04:00:00+00:00
1758171600000,0.06865,0.06865,0.06804,0.06819,254411.0,1758175200000,17360.24313,328,2025-09-18 05:00:00+00:00
1758175200000,0.06812,0.06812,0.0673,0.0674,524561.0,1758178800000,35479.21808,458,2025-09-18 06:00:00+00:00
1758178800000,0.0674,0.06761,0.06731,0.06748,246206.0,1758182400000,16608.84851,277,2025-09-18 07:00:00+00:00
1758182400000,0.06744,0.06918,0.06743,0.06872,1161524.0,1758186000000,79802.97745,916,2025-09-18 08:00:00+00:00
1758186000000,0.06877,0.06944,0.06822,0.06888,1136043.0,1758189600000,78210.33778,1275,2025-09-18 09:00:00+00:00
1758189600000,0.06886,0.06896,0.06826,0.06853,638545.0,1758193200000,43765.37148,540,2025-09-18 10:00:00+00:00
1758193200000,0.06846,0.06847,0.06809,0.06814,173610.0,1758196800000,11844.27113,177,2025-09-18 11:00:00+00:00
1758196800000,0.06814,0.06829,0.06802,0.06805,302272.0,1758200400000,20583.76241,232,2025-09-18 12:00:00+00:00
1758200400000,0.06806,0.06806,0.06754,0.06784,300696.0,1758204000000,20389.71791,303,2025-09-18 13:00:00+00:00
1758204000000,0.06788,0.06823,0.06752,0.06772,513610.0,1758207600000,34833.25765,482,2025-09-18 14:00:00+00:00
1758207600000,0.06773,0.06773,0.06722,0.06748,502974.0,1758211200000,33903.92572,447,2025-09-18 15:00:00+00:00
1758211200000,0.06744,0.06764,0.06707,0.06728,594056.0,1758214800000,40013.63372,640,2025-09-18 16:00:00+00:00
1758214800000,0.06724,0.06782,0.06666,0.06744,1441368.0,1758218400000,96839.07076,1130,2025-09-18 17:00:00+00:00
1758218400000,0.06744,0.06748,0.067,0.06703,447707.0,1758222000000,30082.74755,565,2025-09-18 18:00:00+00:00
1758222000000,0.06703,0.06708,0.0667,0.06676,183025.0,1758225600000,12237.92187,220,2025-09-18 19:00:00+00:00
1758225600000,0.06673,0.06694,0.06663,0.06675,403740.0,1758229200000,26956.09177,195,2025-09-18 20:00:00+00:00
1758229200000,0.06677,0.06679,0.06625,0.06635,532521.0,1758232800000,35395.72316,715,2025-09-18 21:00:00+00:00
1758232800000,0.06636,0.06679,0.06627,0.06642,986203.0,1758236400000,65615.21701,1272,2025-09-18 22:00:00+00:00
1758236400000,0.06639,0.06814,0.0662,0.06779,1740610.0,1758240000000,117347.87666,1904,2025-09-18 23:00:00+00:00
1758240000000,0.06779,0.06821,0.06717,0.06789,1067978.0,1758243600000,72393.81472,1530,2025-09-19 00:00:00+00:00
1758243600000,0.06789,0.06807,0.0678,0.06801,508957.0,1758247200000,34590.66293,523,2025-09-19 01:00:00+00:00
1758247200000,0.06804,0.07062,0.06791,0.07028,9330488.0,1758250800000,651407.51078,7456,2025-09-19 02:00:00+00:00
1758250800000,0.07026,0.0717,0.07023,0.07068,1972306.0,1758254400000,140241.55979,4004,2025-09-19 03:00:00+00:00
1758254400000,0.07065,0.07073,0.06967,0.07042,6554978.0,1758258000000,458988.41334,6357,2025-09-19 04:00:00+00:00
1758258000000,0.07042,0.07053,0.0702,0.07047,461136.0,1758261600000,32424.94596,879,2025-09-19 05:00:00+00:00
1758261600000,0.07046,0.07113,0.07035,0.07056,787827.0,1758265200000,55699.90838,1308,2025-09-19 06:00:00+00:00
1758265200000,0.07067,0.07114,0.0704,0.07081,920315.0,1758268800000,65160.4175,838,2025-09-19 07:00:00+00:00
1758268800000,0.07077,0.07231,0.07077,0.07155,2553737.0,1758272400000,183227.27998,4345,2025-09-19 08:00:00+00:00
1758272400000,0.07162,0.07204,0.07106,0.07156,618955.0,1758276000000,44264.44984,1336,2025-09-19 09:00:00+00:00
1758276000000,0.07154,0.0721,0.07106,0.07128,863182.0,1758279600000,61816.37084,1593,2025-09-19 10:00:00+00:00
1758279600000,0.07127,0.07174,0.07078,0.07136,661100.0,1758283200000,47161.83861,1479,2025-09-19 11:00:00+00:00
1758283200000,0.07144,0.07332,0.07133,0.0729,2560388.0,1758286800000,185608.65423,4447,2025-09-19 12:00:00+00:00
1758286800000,0.07295,0.07489,0.07274,0.07388,7042875.0,1758290400000,521244.76693,10293,2025-09-19 13:00:00+00:00
1758290400000,0.07389,0.07473,0.07363,0.074,2686726.0,1758294000000,199474.92123,4084,2025-09-19 14:00:00+00:00
1758294000000,0.07401,0.07611,0.07368,0.0758,4134606.0,1758297600000,310364.29359,6914,2025-09-19 15:00:00+00:00
1758297600000,0.07581,0.0785,0.07579,0.07803,9427298.0,1758301200000,727661.1558,14343,2025-09-19 16:00:00+00:00
1758301200000,0.07803,0.089,0.07739,0.0876,49909153.0,1758304800000,4197548.70714,107140,2025-09-19 17:00:00+00:00
1758304800000,0.08747,0.08954,0.08296,0.08686,39112081.0,1758308400000,3370324.78448,82770,2025-09-19 18:00:00+00:00
1758308400000,0.08686,0.0915,0.08624,0.09004,43156874.0,1758312000000,3853410.79166,85494,2025-09-19 19:00:00+00:00
1758312000000,0.09006,0.09786,0.08913,0.09514,58150132.0,1758315600000,5478863.83015,146417,2025-09-19 20:00:00+00:00
1758315600000,0.09513,0.11352,0.09345,0.11306,55170001.0,1758319200000,5586543.10769,89373,2025-09-19 21:00:00+00:00
1758319200000,0.11279,0.11963,0.10403,0.11537,71420943.0,1758322800000,7953729.57701,120522,2025-09-19 22:00:00+00:00
1758322800000,0.11533,0.1242,0.11285,0.11967,73640729.0,1758326400000,8776262.82649,120183,2025-09-19 23:00:00+00:00
1758326400000,0.11963,0.12432,0.11167,0.11698,52626883.0,1758330000000,6161185.42843,79777,2025-09-20 00:00:00+00:00
1758330000000,0.1169,0.12137,0.11521,0.1197,24345855.0,1758333600000,2884860.86074,44564,2025-09-20 01:00:00+00:00
1758333600000,0.11968,0.13811,0.11962,0.12992,71591430.0,1758337200000,9120519.19762,133665,2025-09-20 02:00:00+00:00
1758337200000,0.12988,0.13347,0.1263,0.12817,33066456.0,1758340800000,4287428.54646,54726,2025-09-20 03:00:00+00:00
1758340800000,0.1282,0.18687,0.12716,0.16861,107406811.0,1758344400000,16618257.78706,173922,2025-09-20 04:00:00+00:00
1758344400000,0.1686,0.1751,0.1513,0.15754,99823359.0,1758348000000,16359461.41178,195364,2025-09-20 05:00:00+00:00
1758348000000,0.15739,0.16247,0.14326,0.14523,60972860.0,1758351600000,9239965.38144,92585,2025-09-20 06:00:00+00:00
1758351600000,0.14533,0.14543,0.1237,0.12907,89833385.0,1758355200000,12026444.11533,106704,2025-09-20 07:00:00+00:00
1758355200000,0.12892,0.13163,0.11039,0.11106,61064441.0,1758358800000,7310762.49495,87464,2025-09-20 08:00:00+00:00
1758358800000,0.11103,0.114,0.09989,0.1018,91585443.0,1758362400000,9840643.84602,100113,2025-09-20 09:00:00+00:00
1758362400000,0.1018,0.1125,0.0975,0.10457,86091633.0,1758366000000,9065555.76695,79260,2025-09-20 10:00:00+00:00
1758366000000,0.10468,0.10654,0.10013,0.10349,30503774.0,1758369600000,3153134.46954,31709,2025-09-20 11:00:00+00:00
1758369600000,0.10345,0.10388,0.09503,0.0974,39483900.0,1758373200000,3914922.92814,39190,2025-09-20 12:00:00+00:00
1758373200000,0.09735,0.09897,0.0934,0.09522,35001253.0,1758376800000,3353595.30155,40997,2025-09-20 13:00:00+00:00
1758376800000,0.09514,0.09567,0.09059,0.09185,44078293.0,1758380400000,4087755.64377,47916,2025-09-20 14:00:00+00:00
1758380400000,0.09187,0.096,0.08609,0.08946,58061737.0,1758384000000,5260994.09011,57013,2025-09-20 15:00:00+00:00
1758384000000,0.08944,0.09,0.08671,0.08724,41642307.0,1758387600000,3670521.99207,31636,2025-09-20 16:00:00+00:00
1758387600000,0.0872,0.08885,0.0854,0.08831,24094404.0,1758391200000,2096581.9839,22753,2025-09-20 17:00:00+00:00
1758391200000,0.08831,0.0911,0.08701,0.08836,39102447.0,1758394800000,3487118.65449,27442,2025-09-20 18:00:00+00:00
1758394800000,0.08838,0.0886,0.08375,0.08476,29629695.0,1758398400000,2557300.91193,22583,2025-09-20 19:00:00+00:00
1758398400000,0.08471,0.08784,0.08445,0.08751,10312146.0,1758402000000,883821.83639,11984,2025-09-20 20:00:00+00:00
1758402000000,0.08751,0.09332,0.08619,0.08721,36389442.0,1758405600000,3235694.66807,31405,2025-09-20 21:00:00+00:00
1758405600000,0.08721,0.08722,0.08038,0.08067,47121539.0,1758409200000,3937386.25723,67799,2025-09-20 22:00:00+00:00
1758409200000,0.08068,0.08136,0.07808,0.07824,25276179.0,1758412800000,2019249.02346,36204,2025-09-20 23:00:00+00:00
1758412800000,0.07826,0.08026,0.07749,0.07972,19988209.0,1758416400000,1576113.75374,20590,2025-09-21 00:00:00+00:00
1758416400000,0.07972,0.08203,0.07966,0.0814,22030481.0,1758420000000,1777892.87785,23151,2025-09-21 01:00:00+00:00
1758420000000,0.08142,0.08166,0.07962,0.08071,15861171.0,1758423600000,1278713.49055,15047,2025-09-21 02:00:00+00:00
1758423600000,0.0807,0.08117,0.07915,0.08092,13967402.0,1758427200000,1120325.61064,14243,2025-09-21 03:00:00+00:00
1758427200000,0.08092,0.08391,0.079,0.08006,28616297.0,1758430800000,2335347.35079,34670,2025-09-21 04:00:00+00:00
1758430800000,0.08005,0.08153,0.07938,0.08077,16246287.0,1758434400000,1311522.53348,20464,2025-09-21 05:00:00+00:00
1758434400000,0.08074,0.08126,0.07779,0.07807,20766655.0,1758438000000,1655113.71067,22324,2025-09-21 06:00:00+00:00
1758438000000,0.07806,0.07864,0.07591,0.07651,29660535.0,1758441600000,2286123.86389,27575,2025-09-21 07:00:00+00:00
1758441600000,0.0765,0.07744,0.0763,0.07696,11991998.0,1758445200000,920134.13575,14251,2025-09-21 08:00:00+00:00
1758445200000,0.07694,0.08049,0.07534,0.08046,51706976.0,1758448800000,4053607.90551,46751,2025-09-21 09:00:00+00:00
1758448800000,0.08037,0.08373,0.08015,0.08232,42420687.0,1758452400000,3468384.34096,45103,2025-09-21 10:00:00+00:00
1758452400000,0.08232,0.08232,0.07857,0.07881,21107475.0,1758456000000,1696487.4921,28816,2025-09-21 11:00:00+00:00
1758456000000,0.0788,0.0795,0.07803,0.07846,16613723.0,1758459600000,1311798.64944,14773,2025-09-21 12:00:00+00:00
1758459600000,0.07845,0.07948,0.0776,0.07842,11571423.0,1758463200000,909991.80428,11644,2025-09-21 13:00:00+00:00
1758463200000,0.07843,0.07971,0.07667,0.07938,14646431.0,1758466800000,1147719.08102,14239,2025-09-21 14:00:00+00:00
1758466800000,0.07939,0.07947,0.078,0.07823,9667074.0,1758470400000,760932.30964,10577,2025-09-21 15:00:00+00:00
1758470400000,0.07821,0.07911,0.07728,0.07844,10554857.0,1758474000000,823615.08586,10881,2025-09-21 16:00:00+00:00
1758474000000,0.07847,0.07984,0.07757,0.07896,8307428.0,1758477600000,652748.37035,9977,2025-09-21 17:00:00+00:00
1758477600000,0.07897,0.08046,0.07897,0.0802,8293590.0,1758481200000,661254.31553,8403,2025-09-21 18:00:00+00:00
1758481200000,0.08021,0.0805,0.0797,0.08018,8286469.0,1758484800000,665122.97679,6446,2025-09-21 19:00:00+00:00
1758484800000,0.08018,0.08025,0.07934,0.07946,3130239.0,1758488400000,250195.08348,6099,2025-09-21 20:00:00+00:00
1758488400000,0.07947,0.08101,0.07929,0.08007,5940386.0,1758492000000,477192.99116,6858,2025-09-21 21:00:00+00:00
1758492000000,0.08006,0.08055,0.07956,0.07997,3919675.0,1758495600000,313826.90052,6151,2025-09-21 22:00:00+00:00
1758495600000,0.07998,0.08076,0.07793,0.07935,10418447.0,1758499200000,825073.51812,11471,2025-09-21 23:00:00+00:00
1758499200000,0.07934,0.08309,0.07883,0.08272,58254188.0,1758502800000,4701352.82723,53823,2025-09-22 00:00:00+00:00
1758502800000,0.0827,0.08465,0.08082,0.08419,40138521.0,1758506400000,3334581.65576,59264,2025-09-22 01:00:00+00:00
1758506400000,0.0842,0.08805,0.08075,0.08313,53593465.0,1758510000000,4508844.69562,70452,2025-09-22 02:00:00+00:00
1758510000000,0.08317,0.08373,0.0815,0.08303,22827908.0,1758513600000,1890928.3072,32944,2025-09-22 03:00:00+00:00
1758513600000,0.08304,0.0889,0.08248,0.08871,42836918.0,1758517200000,3688716.85812,55480,2025-09-22 04:00:00+00:00
1758517200000,0.08871,0.09571,0.08607,0.08732,119191780.0,1758520800000,10850110.28995,162753,2025-09-22 05:00:00+00:00
1758520800000,0.08736,0.08784,0.07417,0.0828,79144504.0,1758524400000,6567651.98887,92412,2025-09-22 06:00:00+00:00
1758524400000,0.0828,0.08478,0.08049,0.08453,43242849.0,1758528000000,3559717.98889,53202,2025-09-22 07:00:00+00:00
1758528000000,0.08454,0.08811,0.08382,0.08604,58954464.0,1758531600000,5071375.47019,79191,2025-09-22 08:00:00+00:00
1758531600000,0.08605,0.091,0.08575,0.08855,45728363.0,1758535200000,4046846.68508,63641,2025-09-22 09:00:00+00:00
1758535200000,0.08856,0.09487,0.08769,0.09215,63733151.0,1758538800000,5839735.5254,87676,2025-09-22 10:00:00+00:00
1758538800000,0.09216,0.09253,0.07956,0.07997,95605898.0,1758542400000,8088094.84848,114586,2025-09-22 11:00:00+00:00
1758542400000,0.07999,0.08429,0.0775,0.08142,64994051.0,1758546000000,5249949.84918,71890,2025-09-22 12:00:00+00:00
1758546000000,0.08142,0.08658,0.08105,0.08647,46814725.0,1758549600000,3972871.86261,49243,2025-09-22 13:00:00+00:00
1758549600000,0.08648,0.08787,0.08356,0.08549,48632715.0,1758553200000,4184864.74094,51925,2025-09-22 14:00:00+00:00
1758553200000,0.08549,0.08829,0.08363,0.08443,57529723.0,1758556800000,4933855.62683,53147,2025-09-22 15:00:00+00:00
1758556800000,0.08444,0.08664,0.08342,0.08521,26365374.0,1758560400000,2232560.88639,25197,2025-09-22 16:00:00+00:00
1758560400000,0.0852,0.08656,0.08363,0.08407,23876074.0,1758564000000,2030732.51146,23156,2025-09-22 17:00:00+00:00
1758564000000,0.08406,0.08483,0.08179,0.08383,25902906.0,1758567600000,2169935.02968,25842,2025-09-22 18:00:00+00:00
1758567600000,0.08382,0.08424,0.0823,0.08282,11713742.0,1758571200000,973726.21237,19201,2025-09-22 19:00:00+00:00
1758571200000,0.08282,0.08519,0.0826,0.08467,10928918.0,1758574800000,920926.98819,14841,2025-09-22 20:00:00+00:00
1758574800000,0.08466,0.0855,0.0845,0.0847,6019504.0,1758578400000,511598.83302,6144,2025-09-22 21:00:00+00:00
1758578400000,0.08465,0.08519,0.08445,0.08488,2751137.0,1758582000000,233382.28653,3234,2025-09-22 22:00:00+00:00
1758582000000,0.08488,0.0855,0.08448,0.08542,4149631.0,1758585600000,352859.62436,3318,2025-09-22 23:00:00+00:00
1758585600000,0.08544,0.08547,0.08444,0.08449,4846421.0,1758589200000,410922.84594,4320,2025-09-23 00:00:00+00:00
1758589200000,0.0845,0.08606,0.0824,0.08606,14818390.0,1758592800000,1243674.92054,11123,2025-09-23 01:00:00+00:00
1758592800000,0.08604,0.087,0.08492,0.0853,24904500.0,1758596400000,2144339.63588,14153,2025-09-23 02:00:00+00:00
1758596400000,0.08529,0.08635,0.08441,0.08466,17732995.0,1758600000000,1514030.07078,20896,2025-09-23 03:00:00+00:00
1758600000000,0.08467,0.0853,0.08342,0.08364,9149085.0,1758603600000,771193.12381,17290,2025-09-23 04:00:00+00:00
1758603600000,0.08365,0.08528,0.08193,0.08202,12605888.0,1758607200000,1049104.95286,18927,2025-09-23 05:00:00+00:00
1758607200000,0.082,0.08355,0.08127,0.08245,13363173.0,1758610800000,1100760.02365,18020,2025-09-23 06:00:00+00:00
1758610800000,0.08246,0.08311,0.08146,0.08179,10434085.0,1758614400000,856611.37845,15176,2025-09-23 07:00:00+00:00
1758614400000,0.0818,0.08295,0.08174,0.08215,6552364.0,1758618000000,539046.53641,11112,2025-09-23 08:00:00+00:00
1758618000000,0.08215,0.08364,0.08215,0.08257,7142379.0,1758621600000,592685.0063,11657,2025-09-23 09:00:00+00:00
1758621600000,0.08257,0.08378,0.08257,0.08355,6770027.0,1758625200000,562996.92302,11161,2025-09-23 10:00:00+00:00
1758625200000,0.08355,0.08546,0.08126,0.08496,21529303.0,1758628800000,1800534.31638,23664,2025-09-23 11:00:00+00:00
1758628800000,0.08494,0.08631,0.08335,0.08516,20268424.0,1758632400000,1722592.34654,25791,2025-09-23 12:00:00+00:00
1758632400000,0.08516,0.08545,0.08382,0.08403,8691376.0,1758636000000,735428.52758,13546,2025-09-23 13:00:00+00:00
1758636000000,0.08404,0.08564,0.08393,0.08435,9771624.0,1758639600000,830215.16775,15946,2025-09-23 14:00:00+00:00
1758639600000,0.08437,0.08576,0.08434,0.08495,7623146.0,1758643200000,648697.84372,12475,2025-09-23 15:00:00+00:00
1758643200000,0.08496,0.08535,0.08423,0.08454,5742791.0,1758646800000,486343.57418,7963,2025-09-23 16:00:00+00:00
1758646800000,0.08454,0.08458,0.08152,0.08192,7811078.0,1758650400000,647387.37852,12602,2025-09-23 17:00:00+00:00
1758650400000,0.08191,0.08267,0.08062,0.08095,4861016.0,1758654000000,396460.64358,9042,2025-09-23 18:00:00+00:00
1758654000000,0.08094,0.08525,0.0803,0.08521,11973980.0,1758657600000,991204.3803,18568,2025-09-23 19:00:00+00:00
1758657600000,0.08522,0.08598,0.08385,0.08565,10916732.0,1758661200000,929529.56374,15934,2025-09-23 20:00:00+00:00
1758661200000,0.08564,0.08836,0.08454,0.08479,9706233.0,1758664800000,838219.4127,12841,2025-09-23 21:00:00+00:00
1758664800000,0.08479,0.085,0.08362,0.08406,5318129.0,1758668400000,447941.03903,7649,2025-09-23 22:00:00+00:00
1758668400000,0.08407,0.08461,0.08254,0.08333,5250786.0,1758672000000,438015.82058,7561,2025-09-23 23:00:00+00:00
1758672000000,0.08334,0.084,0.082,0.08219,4389138.0,1758675600000,362631.4602,6683,2025-09-24 00:00:00+00:00
1758675600000,0.08219,0.08362,0.08168,0.08223,5976945.0,1758679200000,493228.33181,8842,2025-09-24 01:00:00+00:00
1758679200000,0.08225,0.0829,0.08152,0.08267,5564149.0,1758682800000,455907.43646,6268,2025-09-24 02:00:00+00:00
1758682800000,0.08268,0.08708,0.08194,0.0852,21924663.0,1758686400000,1864607.50966,25225,2025-09-24 03:00:00+00:00
1758686400000,0.08523,0.08618,0.08422,0.08447,5875029.0,1758690000000,499377.19722,10955,2025-09-24 04:00:00+00:00
1758690000000,0.08446,0.08548,0.08415,0.0849,3557607.0,1758693600000,302131.0109,6387,2025-09-24 05:00:00+00:00
1758693600000,0.08496,0.0852,0.0842,0.085,3656973.0,1758697200000,309771.10299,5726,2025-09-24 06:00:00+00:00
1758697200000,0.085,0.08567,0.08407,0.08507,4787649.0,1758700800000,407083.02755,7091,2025-09-24 07:00:00+00:00
1758700800000,0.08507,0.08562,0.08415,0.08536,4773649.0,1758704400000,405866.69697,8086,2025-09-24 08:00:00+00:00
1758704400000,0.08537,0.08821,0.08368,0.08781,9890904.0,1758708000000,856377.78762,16431,2025-09-24 09:00:00+00:00
1758708000000,0.08782,0.09174,0.0863,0.08706,37928808.0,1758711600000,3359398.55226,53796,2025-09-24 10:00:00+00:00
1758711600000,0.08707,0.08803,0.0863,0.08737,9309756.0,1758715200000,812900.71832,19126,2025-09-24 11:00:00+00:00
1758715200000,0.08736,0.08787,0.08666,0.08703,2755575.0,1758718800000,240137.321,8055,2025-09-24 12:00:00+00:00
1758718800000,0.08702,0.08732,0.08613,0.08643,4343284.0,1758722400000,376144.07495,5380,2025-09-24 13:00:00+00:00
1758722400000,0.08643,0.08696,0.08635,0.0864,1713813.0,1758726000000,148392.35341,2418,2025-09-24 14:00:00+00:00
1758726000000,0.08642,0.08691,0.08642,0.08679,4858042.0,1758729600000,420948.44776,11238,2025-09-24 15:00:00+00:00
1758729600000,0.08678,0.0874,0.08649,0.0871,6090256.0,1758733200000,530231.90137,16713,2025-09-24 16:00:00+00:00
1758733200000,0.08709,0.08742,0.0869,0.08712,1788930.0,1758736800000,155925.27198,2950,2025-09-24 17:00:00+00:00
1758736800000,0.08717,0.08772,0.08696,0.087,2368852.0,1758740400000,206878.94974,3174,2025-09-24 18:00:00+00:00
1758740400000,0.08699,0.08788,0.08547,0.08578,7655331.0,1758744000000,662430.30896,7570,2025-09-24 19:00:00+00:00
1758744000000,0.08579,0.08615,0.08569,0.08586,1476052.0,1758747600000,126800.30925,2646,2025-09-24 20:00:00+00:00
1758747600000,0.08588,0.086,0.08562,0.08563,790342.0,1758751200000,67795.14192,1445,2025-09-24 21:00:00+00:00
1758751200000,0.08564,0.08681,0.08564,0.08675,2500977.0,1758754800000,215797.21897,2882,2025-09-24 22:00:00+00:00
1758754800000,0.08673,0.08692,0.08552,0.08618,2100654.0,1758758400000,181110.51463,3625,2025-09-24 23:00:00+00:00
1758758400000,0.08619,0.08627,0.08541,0.08548,1525380.0,1758762000000,130777.05852,3530,2025-09-25 00:00:00+00:00
1758762000000,0.08548,0.08744,0.08506,0.08689,4036054.0,1758765600000,347725.75421,7254,2025-09-25 01:00:00+00:00
1758765600000,0.08689,0.08776,0.08648,0.08672,3812164.0,1758769200000,332162.3453,5491,2025-09-25 02:00:00+00:00
1758769200000,0.08673,0.08718,0.08598,0.08709,2126497.0,1758772800000,183892.75457,4980,2025-09-25 03:00:00+00:00
1758772800000,0.08705,0.08768,0.0861,0.08758,8710222.0,1758776400000,757066.99479,12143,2025-09-25 04:00:00+00:00
1758776400000,0.08749,0.08945,0.0874,0.08924,11288480.0,1758780000000,997112.50454,12554,2025-09-25 05:00:00+00:00
1758780000000,0.08921,0.09941,0.08915,0.09555,55465374.0,1758783600000,5260994.06662,101503,2025-09-25 06:00:00+00:00
1758783600000,0.09554,0.1073,0.09467,0.10417,88449160.0,1758787200000,9047499.86884,161658,2025-09-25 07:00:00+00:00
1758787200000,0.10415,0.11305,0.08988,0.09017,106378033.0,1758790800000,10771709.15123,180538,2025-09-25 08:00:00+00:00
1758790800000,0.09017,0.09179,0.0845,0.08469,37479447.0,1758794400000,3302520.47165,78391,2025-09-25 09:00:00+00:00
1758794400000,0.08468,0.08642,0.08293,0.08365,24463460.0,1758798000000,2069323.17311,43283,2025-09-25 10:00:00+00:00
1758798000000,0.08366,0.0882,0.08281,0.08768,27375299.0,1758801600000,2350625.85362,46339,2025-09-25 11:00:00+00:00
1758801600000,0.08768,0.08906,0.08524,0.08587,22639982.0,1758805200000,1974262.83881,39829,2025-09-25 12:00:00+00:00
1758805200000,0.08589,0.09217,0.0851,0.09088,40255013.0,1758808800000,3610025.57748,76614,2025-09-25 13:00:00+00:00
1758808800000,0.09089,0.09105,0.08509,0.08515,26470030.0,1758812400000,2341574.6717,42606,2025-09-25 14:00:00+00:00
1758812400000,0.08517,0.0862,0.08061,0.08379,27516728.0,1758816000000,2280739.28898,48129,2025-09-25 15:00:00+00:00
1758816000000,0.08379,0.08611,0.08315,0.08547,13709544.0,1758819600000,1155379.85812,25621,2025-09-25 16:00:00+00:00
1758819600000,0.08546,0.08641,0.0846,0.08556,9474295.0,1758823200000,812289.15705,18350,2025-09-25 17:00:00+00:00
1758823200000,0.08556,0.08573,0.08331,0.08452,10172187.0,1758826800000,856704.96538,15625,2025-09-25 18:00:00+00:00
1758826800000,0.08452,0.08823,0.0831,0.08598,14896672.0,1758830400000,1279541.38774,23300,2025-09-25 19:00:00+00:00
1758830400000,0.08598,0.08901,0.08591,0.08892,13331355.0,1758834000000,1166939.47919,23010,2025-09-25 20:00:00+00:00
1758834000000,0.08896,0.08966,0.0875,0.08897,12526409.0,1758837600000,1107451.8178,11978,2025-09-25 21:00:00+00:00
1758837600000,0.08892,0.09015,0.08831,0.08842,6144048.0,1758841200000,548157.06682,7874,2025-09-25 22:00:00+00:00
1758841200000,0.08843,0.08853,0.08633,0.08711,9675556.0,1758844800000,844918.66633,11528,2025-09-25 23:00:00+00:00
1758844800000,0.08708,0.08881,0.086,0.08734,9280397.0,1758848400000,809267.79037,13444,2025-09-26 00:00:00+00:00
1758848400000,0.08734,0.08845,0.08619,0.08642,6529930.0,1758852000000,569088.75706,12663,2025-09-26 01:00:00+00:00
1758852000000,0.08643,0.0884,0.0861,0.08756,6235397.0,1758855600000,543166.6854,12153,2025-09-26 02:00:00+00:00
1758855600000,0.08757,0.08789,0.08507,0.08594,8416311.0,1758859200000,723503.65509,12806,2025-09-26 03:00:00+00:00
1758859200000,0.08595,0.08775,0.08548,0.08585,5881288.0,1758862800000,508406.77106,12531,2025-09-26 04:00:00+00:00
1758862800000,0.08586,0.09048,0.08581,0.08901,9113060.0,1758866400000,807913.39077,22182,2025-09-26 05:00:00+00:00
1758866400000,0.089,0.08941,0.08725,0.08865,7035093.0,1758870000000,621684.77634,15602,2025-09-26 06:00:00+00:00
1758870000000,0.08865,0.09,0.08716,0.089,9525200.0,1758873600000,847074.33877,14274,2025-09-26 07:00:00+00:00
1758873600000,0.08901,0.09244,0.08857,0.09197,16425653.0,1758877200000,1485916.68437,21616,2025-09-26 08:00:00+00:00
1758877200000,0.09192,0.09314,0.08927,0.09017,18349319.0,1758880800000,1677810.2229,28491,2025-09-26 09:00:00+00:00
1758880800000,0.09017,0.09053,0.08849,0.08983,7787350.0,1758884400000,696101.64788,15002,2025-09-26 10:00:00+00:00
1758884400000,0.08984,0.09034,0.0861,0.08702,9821143.0,1758888000000,862526.33543,20507,2025-09-26 11:00:00+00:00
1758888000000,0.08702,0.08775,0.08515,0.08541,8761449.0,1758891600000,756687.99539,20072,2025-09-26 12:00:00+00:00
1758891600000,0.08541,0.08868,0.08488,0.08793,9361562.0,1758895200000,810921.1525,19589,2025-09-26 13:00:00+00:00
1758895200000,0.08794,0.08881,0.08603,0.0866,6707583.0,1758898800000,584222.95819,12788,2025-09-26 14:00:00+00:00
1758898800000,0.08658,0.08832,0.08623,0.08672,7841419.0,1758902400000,684985.0115,13384,2025-09-26 15:00:00+00:00
1758902400000,0.08672,0.08757,0.08576,0.08702,8686903.0,1758906000000,754423.37192,12272,2025-09-26 16:00:00+00:00
1758906000000,0.08703,0.08881,0.08668,0.0876,10928812.0,1758909600000,958227.48247,15923,2025-09-26 17:00:00+00:00
1758909600000,0.08759,0.0878,0.08671,0.08712,4571685.0,1758913200000,398224.45977,9522,2025-09-26 18:00:00+00:00
1758913200000,0.08713,0.08748,0.08683,0.08719,1486784.0,1758916800000,129643.279,5632,2025-09-26 19:00:00+00:00
1758916800000,0.08721,0.08908,0.08721,0.08877,4175060.0,1758920400000,368799.6705,9257,2025-09-26 20:00:00+00:00
1758920400000,0.08878,0.08898,0.0865,0.08684,8301725.0,1758924000000,722769.379,7893,2025-09-26 21:00:00+00:00
1758924000000,0.08684,0.08717,0.0861,0.08611,2574948.0,1758927600000,223002.17006,4591,2025-09-26 22:00:00+00:00
1758927600000,0.08612,0.08638,0.08568,0.0859,3797450.0,1758931200000,326652.14229,7739,2025-09-26 23:00:00+00:00
1758931200000,0.0859,0.08651,0.08557,0.08591,1551799.0,1758934800000,133634.71056,4561,2025-09-27 00:00:00+00:00
1758934800000,0.08591,0.0877,0.08527,0.08625,6880102.0,1758938400000,592806.46828,10397,2025-09-27 01:00:00+00:00
1758938400000,0.08624,0.08819,0.08597,0.08773,2276998.0,1758942000000,198207.24083,6667,2025-09-27 02:00:00+00:00
1758942000000,0.08774,0.08899,0.08773,0.08882,5478655.0,1758945600000,484354.41273,5713,2025-09-27 03:00:00+00:00
1758945600000,0.08882,0.09034,0.08847,0.08986,7592852.0,1758949200000,680869.32569,9643,2025-09-27 04:00:00+00:00
1758949200000,0.08985,0.09366,0.08983,0.09054,13544096.0,1758952800000,1237766.10089,25869,2025-09-27 05:00:00+00:00
1758952800000,0.09053,0.09342,0.09023,0.09287,9406959.0,1758956400000,867569.28147,22338,2025-09-27 06:00:00+00:00
1758956400000,0.09285,0.09332,0.09118,0.09289,6218736.0,1758960000000,575979.03913,15668,2025-09-27 07:00:00+00:00
1758960000000,0.0929,0.09327,0.09208,0.09251,5671430.0,1758963600000,524935.46353,12130,2025-09-27 08:00:00+00:00
1758963600000,0.09252,0.09328,0.09109,0.09162,7784665.0,1758967200000,717937.38952,12554,2025-09-27 09:00:00+00:00
1758967200000,0.09162,0.09254,0.08963,0.08963,6600057.0,1758970800000,599087.42279,11585,2025-09-27 10:00:00+00:00
1758970800000,0.08965,0.09014,0.08856,0.08861,3371743.0,1758974400000,301395.63483,7212,2025-09-27 11:00:00+00:00
1758974400000,0.08862,0.08897,0.08763,0.08869,4491308.0,1758978000000,396221.83743,7323,2025-09-27 12:00:00+00:00
1758978000000,0.08869,0.09037,0.08839,0.08981,5663426.0,1758981600000,507344.19945,8421,2025-09-27 13:00:00+00:00
1758981600000,0.08982,0.09169,0.0895,0.09075,3786340.0,1758985200000,341828.58941,7058,2025-09-27 14:00:00+00:00
1758985200000,0.09076,0.09226,0.09024,0.09102,4727927.0,1758988800000,431557.74206,8037,2025-09-27 15:00:00+00:00
1758988800000,0.09103,0.09292,0.09095,0.09236,4372607.0,1758992400000,403319.92642,8503,2025-09-27 16:00:00+00:00
1758992400000,0.09233,0.09244,0.08985,0.0913,5857964.0,1758996000000,534969.04705,7604,2025-09-27 17:00:00+00:00
1758996000000,0.09131,0.09267,0.09018,0.09255,4138753.0,1758999600000,377996.37576,6766,2025-09-27 18:00:00+00:00
1758999600000,0.09255,0.09276,0.0907,0.09214,3703653.0,1759003200000,339379.89551,6860,2025-09-27 19:00:00+00:00
1759003200000,0.09213,0.09267,0.09021,0.09053,2646486.0,1759006800000,241557.77183,6531,2025-09-27 20:00:00+00:00
1759006800000,0.09053,0.09084,0.08986,0.09048,2708578.0,1759010400000,244918.66485,5441,2025-09-27 21:00:00+00:00
1759010400000,0.09047,0.09089,0.08998,0.0903,1929427.0,1759014000000,174516.22503,6310,2025-09-27 22:00:00+00:00
1759014000000,0.09029,0.091,0.09009,0.0905,2106076.0,1759017600000,190511.89293,4174,2025-09-27 23:00:00+00:00
1759017600000,0.09051,0.0908,0.08934,0.08969,3796032.0,1759021200000,341585.52937,5582,2025-09-28 00:00:00+00:00
1759021200000,0.08969,0.08994,0.0886,0.08864,2050977.0,1759024800000,183358.82075,3612,2025-09-28 01:00:00+00:00
1759024800000,0.08864,0.09031,0.0885,0.08976,6856656.0,1759028400000,613762.15291,8009,2025-09-28 02:00:00+00:00
1759028400000,0.08975,0.09007,0.08854,0.08932,3042832.0,1759032000000,271117.73363,5341,2025-09-28 03:00:00+00:00
1759032000000,0.0893,0.0896,0.0885,0.0888,2602071.0,1759035600000,231487.68108,8233,2025-09-28 04:00:00+00:00
1759035600000,0.08879,0.08924,0.08853,0.08922,1178539.0,1759039200000,104721.34061,2967,2025-09-28 05:00:00+00:00
1759039200000,0.0892,0.08969,0.08874,0.08925,1164460.0,1759042800000,103894.4182,5481,2025-09-28 06:00:00+00:00
1759042800000,0.08925,0.08925,0.0878,0.08805,2775656.0,1759046400000,244930.65527,8619,2025-09-28 07:00:00+00:00
1759046400000,0.08804,0.08843,0.0872,0.08818,2766203.0,1759050000000,242945.31973,7825,2025-09-28 08:00:00+00:00
1759050000000,0.0882,0.08831,0.08725,0.08731,2237512.0,1759053600000,196370.51884,11279,2025-09-28 09:00:00+00:00
1759053600000,0.08729,0.08836,0.08705,0.088,962262.0,1759057200000,84200.50612,3580,2025-09-28 10:00:00+00:00
1759057200000,0.08801,0.08803,0.08699,0.08719,1209568.0,1759060800000,105655.23523,5170,2025-09-28 11:00:00+00:00
1759060800000,0.08717,0.08792,0.08614,0.08728,2655782.0,1759064400000,230952.46575,7713,2025-09-28 12:00:00+00:00
1759064400000,0.08728,0.08783,0.08685,0.08745,2570938.0,1759068000000,224485.82797,5629,2025-09-28 13:00:00+00:00
1759068000000,0.08746,0.08753,0.08667,0.08706,1466435.0,1759071600000,127616.62049,5214,2025-09-28 14:00:00+00:00
1759071600000,0.08707,0.08723,0.0864,0.08642,1188296.0,1759075200000,103005.63064,4665,2025-09-28 15:00:00+00:00
1759075200000,0.08642,0.08746,0.08639,0.08731,2247416.0,1759078800000,195096.13532,7331,2025-09-28 16:00:00+00:00
1759078800000,0.08731,0.0886,0.08722,0.08851,2131771.0,1759082400000,187265.1909,6636,2025-09-28 17:00:00+00:00
1759082400000,0.08851,0.08851,0.08685,0.08696,1457847.0,1759086000000,127792.78893,5450,2025-09-28 18:00:00+00:00
1759086000000,0.08698,0.08727,0.08449,0.08495,5750631.0,1759089600000,490468.24093,13503,2025-09-28 19:00:00+00:00
1759089600000,0.08496,0.08518,0.08463,0.08481,1740198.0,1759093200000,147757.5845,4914,2025-09-28 20:00:00+00:00
1759093200000,0.0848,0.08522,0.0846,0.08493,1304108.0,1759096800000,110753.67993,3409,2025-09-28 21:00:00+00:00
1759096800000,0.08497,0.08612,0.08492,0.08596,2437145.0,1759100400000,208716.49275,4969,2025-09-28 22:00:00+00:00
1759100400000,0.08596,0.08605,0.08499,0.08528,1680611.0,1759104000000,143506.63372,4755,2025-09-28 23:00:00+00:00
1759104000000,0.08529,0.08629,0.0852,0.08623,977016.0,1759107600000,83803.56684,3314,2025-09-29 00:00:00+00:00
1759107600000,0.08623,0.08638,0.08519,0.08529,1437631.0,1759111200000,123341.61657,4640,2025-09-29 01:00:00+00:00
1759111200000,0.08527,0.08543,0.08384,0.08439,2758461.0,1759114800000,233523.65655,6794,2025-09-29 02:00:00+00:00
1759114800000,0.08438,0.08438,0.0835,0.08409,4044575.0,1759118400000,339287.7758,6679,2025-09-29 03:00:00+00:00
1759118400000,0.08411,0.08503,0.08411,0.08498,3826974.0,1759122000000,324081.20368,7842,2025-09-29 04:00:00+00:00
1759122000000,0.08498,0.08506,0.08448,0.08469,1558335.0,1759125600000,132055.11068,2669,2025-09-29 05:00:00+00:00
1759125600000,0.08469,0.08514,0.08444,0.0849,1405384.0,1759129200000,119173.07957,3126,2025-09-29 06:00:00+00:00
1759129200000,0.08489,0.08503,0.0846,0.08486,1344503.0,1759132800000,114081.22987,3139,2025-09-29 07:00:00+00:00
1759132800000,0.08486,0.08496,0.0838,0.08416,1668271.0,1759136400000,140630.11183,3280,2025-09-29 08:00:00+00:00
1759136400000,0.08414,0.08447,0.08378,0.08401,1797052.0,1759140000000,151003.36682,3303,2025-09-29 09:00:00+00:00
1759140000000,0.08401,0.08437,0.08391,0.08394,1070033.0,1759143600000,90065.25004,2522,2025-09-29 10:00:00+00:00
1759143600000,0.08395,0.0849,0.08356,0.08464,2845696.0,1759147200000,239706.56514,5082,2025-09-29 11:00:00+00:00
1759147200000,0.08463,0.08463,0.08369,0.08383,2011854.0,1759150800000,168983.98915,2359,2025-09-29 12:00:00+00:00
1759150800000,0.08386,0.08423,0.08245,0.08352,3501170.0,1759154400000,291849.31384,4778,2025-09-29 13:00:00+00:00
1759154400000,0.08352,0.084,0.08319,0.08378,2565319.0,1759158000000,214464.91165,3279,2025-09-29 14:00:00+00:00
1759158000000,0.08378,0.08386,0.08261,0.0829,1307448.0,1759161600000,108733.87936,1861,2025-09-29 15:00:00+00:00
1759161600000,0.08291,0.08431,0.08271,0.08377,3254908.0,1759165200000,272248.26053,4847,2025-09-29 16:00:00+00:00
1759165200000,0.08377,0.08502,0.08357,0.08499,2292301.0,1759168800000,193403.54488,4191,2025-09-29 17:00:00+00:00
1759168800000,0.08497,0.08843,0.08473,0.0884,4569682.0,1759172400000,397570.06397,8606,2025-09-29 18:00:00+00:00
1759172400000,0.08841,0.09128,0.08805,0.09037,9316085.0,1759176000000,836919.06354,13540,2025-09-29 19:00:00+00:00
1759176000000,0.09037,0.09136,0.08779,0.08839,8168464.0,1759179600000,734094.73748,12912,2025-09-29 20:00:00+00:00
1759179600000,0.0884,0.08843,0.08688,0.08725,1854334.0,1759183200000,162244.52761,2900,2025-09-29 21:00:00+00:00
1759183200000,0.08726,0.08808,0.08718,0.08729,2410158.0,1759186800000,211124.05088,3881,2025-09-29 22:00:00+00:00
1759186800000,0.08729,0.0879,0.08692,0.08719,1170159.0,1759190400000,102164.16284,2870,2025-09-29 23:00:00+00:00
1759190400000,0.08718,0.08791,0.08651,0.08712,2244117.0,1759194000000,195726.53955,4532,2025-09-30 00:00:00+00:00
1759194000000,0.08713,0.08727,0.08639,0.08698,1539139.0,1759197600000,133548.67475,3651,2025-09-30 01:00:00+00:00
1759197600000,0.08697,0.08712,0.08518,0.08547,2150186.0,1759201200000,184886.57423,4275,2025-09-30 02:00:00+00:00
1759201200000,0.08548,0.08614,0.08527,0.08551,1285827.0,1759204800000,110099.83726,2920,2025-09-30 03:00:00+00:00
1759204800000,0.08544,0.08591,0.08467,0.08499,2053783.0,1759208400000,175306.93258,4740,2025-09-30 04:00:00+00:00
1759208400000,0.08498,0.08561,0.08494,0.08497,851641.0,1759212000000,72600.51754,1829,2025-09-30 05:00:00+00:00
1759212000000,0.08496,0.08508,0.08427,0.0843,1096317.0,1759215600000,92752.96834,2265,2025-09-30 06:00:00+00:00
1759215600000,0.08429,0.08537,0.08425,0.08489,1214052.0,1759219200000,102986.33124,2617,2025-09-30 07:00:00+00:00
1759219200000,0.08486,0.0856,0.08446,0.0845,3602718.0,1759222800000,306416.34685,5005,2025-09-30 08:00:00+00:00
1759222800000,0.0845,0.08556,0.08442,0.08532,1765608.0,1759226400000,149829.96767,2445,2025-09-30 09:00:00+00:00
1759226400000,0.08532,0.08546,0.08297,0.08332,4171723.0,1759230000000,349747.33741,5554,2025-09-30 10:00:00+00:00
1759230000000,0.08331,0.08367,0.08296,0.08329,1526239.0,1759233600000,127143.00791,2763,2025-09-30 11:00:00+00:00
1759233600000,0.0833,0.0833,0.08131,0.08272,4138516.0,1759237200000,340069.86199,6757,2025-09-30 12:00:00+00:00
1759237200000,0.08273,0.08334,0.08237,0.08301,1334986.0,1759240800000,110661.31237,2553,2025-09-30 13:00:00+00:00
1759240800000,0.08302,0.08421,0.0829,0.08363,2229008.0,1759244400000,186509.64409,3485,2025-09-30 14:00:00+00:00
1759244400000,0.08358,0.08399,0.08278,0.08331,1826964.0,1759248000000,152149.66694,3281,2025-09-30 15:00:00+00:00
1759248000000,0.08332,0.08408,0.08316,0.08379,1263015.0,1759251600000,105548.75875,2175,2025-09-30 16:00:00+00:00
1759251600000,0.08379,0.09269,0.08379,0.08799,28514006.0,1759255200000,2529861.39707,74622,2025-09-30 17:00:00+00:00
1759255200000,0.08799,0.08874,0.08641,0.08762,5994789.0,1759258800000,525176.43228,20681,2025-09-30 18:00:00+00:00
1759258800000,0.08763,0.08829,0.08582,0.08587,3061878.0,1759262400000,266246.27935,8284,2025-09-30 19:00:00+00:00
1759262400000,0.08588,0.08694,0.08568,0.08628,1964906.0,1759266000000,169748.79904,4432,2025-09-30 20:00:00+00:00
1759266000000,0.08629,0.08673,0.08531,0.08546,1312265.0,1759269600000,112719.65291,2479,2025-09-30 21:00:00+00:00
1759269600000,0.08546,0.08558,0.0847,0.08479,2959511.0,1759273200000,251656.95242,3187,2025-09-30 22:00:00+00:00
1759273200000,0.08479,0.08479,0.08387,0.08449,1793222.0,1759276800000,151273.27826,2631,2025-09-30 23:00:00+00:00
1759276800000,0.08448,0.08463,0.08402,0.08445,2307032.0,1759280400000,194437.04169,6043,2025-10-01 00:00:00+00:00
1759280400000,0.08445,0.08492,0.0837,0.08371,2091661.0,1759284000000,176046.93187,3469,2025-10-01 01:00:00+00:00
1759284000000,0.08371,0.08373,0.08116,0.08174,7757606.0,1759287600000,636078.66162,16494,2025-10-01 02:00:00+00:00
1759287600000,0.08173,0.08291,0.08148,0.08273,2790160.0,1759291200000,229835.98809,7158,2025-10-01 03:00:00+00:00
1759291200000,0.08276,0.08351,0.08236,0.08297,2900453.0,1759294800000,240840.63943,6946,2025-10-01 04:00:00+00:00
1759294800000,0.08297,0.08375,0.08237,0.08359,2339153.0,1759298400000,194346.43828,5818,2025-10-01 05:00:00+00:00
1759298400000,0.08357,0.08431,0.08289,0.08339,4451447.0,1759302000000,371539.29732,6979,2025-10-01 06:00:00+00:00
1759302000000,0.08337,0.08337,0.08135,0.08288,5103716.0,1759305600000,419311.626,10020,2025-10-01 07:00:00+00:00
1759305600000,0.08288,0.08369,0.08251,0.08329,3792857.0,1759309200000,314940.39384,7639,2025-10-01 08:00:00+00:00
1759309200000,0.08325,0.0842,0.08289,0.08362,2328765.0,1759312800000,194714.2296,5065,2025-10-01 09:00:00+00:00
1759312800000,0.08362,0.08374,0.08281,0.08287,2311947.0,1759316400000,192269.53207,2641,2025-10-01 10:00:00+00:00
1759316400000,0.08287,0.0832,0.08249,0.08282,1049188.0,1759320000000,86959.51435,2366,2025-10-01 11:00:00+00:00
1759320000000,0.08282,0.087,0.08227,0.08567,9258628.0,1759323600000,788281.11564,21877,2025-10-01 12:00:00+00:00
1759323600000,0.08568,0.08792,0.08433,0.08602,5466568.0,1759327200000,471109.35215,15479,2025-10-01 13:00:00+00:00
1759327200000,0.08602,0.08605,0.08247,0.08331,8867331.0,1759330800000,746031.21712,16426,2025-10-01 14:00:00+00:00
1759330800000,0.08332,0.08415,0.08277,0.08363,2367853.0,1759334400000,197234.67166,5484,2025-10-01 15:00:00+00:00
1759334400000,0.08363,0.08412,0.0833,0.08383,1266979.0,1759338000000,106069.77248,3903,2025-10-01 16:00:00+00:00
1759338000000,0.08382,0.08441,0.08316,0.0839,2048292.0,1759341600000,171785.85505,5495,2025-10-01 17:00:00+00:00
1759341600000,0.08392,0.08417,0.08339,0.08357,1492485.0,1759345200000,125091.17481,3372,2025-10-01 18:00:00+00:00
1759345200000,0.08357,0.08403,0.0833,0.08359,1089363.0,1759348800000,91124.90848,2742,2025-10-01 19:00:00+00:00
1759348800000,0.08358,0.08375,0.08308,0.08323,1385248.0,1759352400000,115495.793,3620,2025-10-01 20:00:00+00:00
1759352400000,0.08322,0.08339,0.08255,0.08318,896368.0,1759356000000,74351.93432,1277,2025-10-01 21:00:00+00:00
1759356000000,0.08318,0.084,0.08318,0.08396,1148316.0,1759359600000,96013.42942,2573,2025-10-01 22:00:00+00:00
1759359600000,0.08392,0.08418,0.08353,0.08363,1266624.0,1759363200000,106194.46983,3378,2025-10-01 23:00:00+00:00
1759363200000,0.08364,0.08412,0.08359,0.08397,676094.0,1759366800000,56698.26469,2268,2025-10-02 00:00:00+00:00
1759366800000,0.08399,0.08436,0.08371,0.08411,667404.0,1759370400000,56053.03023,1979,2025-10-02 01:00:00+00:00
1759370400000,0.08412,0.08428,0.08372,0.084,908958.0,1759374000000,76389.33134,2506,2025-10-02 02:00:00+00:00
1759374000000,0.08404,0.08432,0.08375,0.08397,617650.0,1759377600000,51885.32254,1786,2025-10-02 03:00:00+00:00
1759377600000,0.08398,0.0841,0.08372,0.08406,908085.0,1759381200000,76200.55562,1776,2025-10-02 04:00:00+00:00
1759381200000,0.08404,0.0845,0.08367,0.08387,1686712.0,1759384800000,141592.10312,3098,2025-10-02 05:00:00+00:00
1759384800000,0.08388,0.08421,0.0837,0.08381,1351820.0,1759388400000,113472.52304,2595,2025-10-02 06:00:00+00:00
1759388400000,0.08381,0.08418,0.08381,0.084,901174.0,1759392000000,75698.02603,2105,2025-10-02 07:00:00+00:00
1759392000000,0.084,0.08418,0.08373,0.08397,686730.0,1759395600000,57653.20769,1384,2025-10-02 08:00:00+00:00
1759395600000,0.08396,0.08425,0.08374,0.08402,1618287.0,1759399200000,135927.72038,1838,2025-10-02 09:00:00+00:00
1759399200000,0.08401,0.08412,0.08371,0.08401,967553.0,1759402800000,81236.72829,2228,2025-10-02 10:00:00+00:00
1759402800000,0.08401,0.08411,0.08377,0.08393,1074349.0,1759406400000,90201.6558,2570,2025-10-02 11:00:00+00:00
1759406400000,0.08394,0.08423,0.08064,0.08281,7753618.0,1759410000000,639419.60656,13977,2025-10-02 12:00:00+00:00
1759410000000,0.08282,0.08407,0.08256,0.08382,3343924.0,1759413600000,279461.67119,6626,2025-10-02 13:00:00+00:00
1759413600000,0.08383,0.08421,0.08367,0.08401,2292131.0,1759417200000,192428.52772,3358,2025-10-02 14:00:00+00:00
1759417200000,0.084,0.08404,0.0837,0.08388,981107.0,1759420800000,82240.47452,1302,2025-10-02 15:00:00+00:00
1759420800000,0.08389,0.08474,0.0826,0.08294,2901056.0,1759424400000,242019.96411,5337,2025-10-02 16:00:00+00:00
1759424400000,0.08294,0.08309,0.08248,0.0828,1287899.0,1759428000000,106686.23857,2051,2025-10-02 17:00:00+00:00
1759428000000,0.08279,0.08312,0.0827,0.083,565979.0,1759431600000,46940.26647,1046,2025-10-02 18:00:00+00:00
1759431600000,0.08301,0.08334,0.08273,0.08283,1104936.0,1759435200000,91692.60801,1575,2025-10-02 19:00:00+00:00
1759435200000,0.08283,0.08306,0.08274,0.08292,386980.0,1759438800000,32078.9935,858,2025-10-02 20:00:00+00:00
1759438800000,0.08291,0.08365,0.08262,0.08278,2562515.0,1759442400000,212853.79076,1520,2025-10-02 21:00:00+00:00
1759442400000,0.08283,0.08319,0.08272,0.083,1005822.0,1759446000000,83367.235,1831,2025-10-02 22:00:00+00:00
1759446000000,0.083,0.08312,0.08268,0.08274,953729.0,1759449600000,79017.60148,1951,2025-10-02 23:00:00+00:00
1759449600000,0.08279,0.08322,0.08263,0.08282,1248083.0,1759453200000,103476.26769,1613,2025-10-03 00:00:00+00:00
1759453200000,0.08282,0.08302,0.08265,0.08286,414400.0,1759456800000,34326.19694,1112,2025-10-03 01:00:00+00:00
1759456800000,0.08286,0.08302,0.08244,0.08259,523792.0,1759460400000,43350.69554,1293,2025-10-03 02:00:00+00:00
1759460400000,0.08257,0.08431,0.08257,0.08381,2044737.0,1759464000000,171026.23071,3351,2025-10-03 03:00:00+00:00
1759464000000,0.08378,0.08417,0.08366,0.08391,593713.0,1759467600000,49779.78503,1311,2025-10-03 04:00:00+00:00
1759467600000,0.08392,0.08408,0.0837,0.084,981926.0,1759471200000,82396.44114,1451,2025-10-03 05:00:00+00:00
1759471200000,0.08402,0.08411,0.08282,0.08388,1768702.0,1759474800000,147751.30766,2832,2025-10-03 06:00:00+00:00
1759474800000,0.08384,0.08411,0.08375,0.08393,531262.0,1759478400000,44598.65268,910,2025-10-03 07:00:00+00:00
1759478400000,0.08393,0.08408,0.08369,0.08378,836806.0,1759482000000,70139.81703,1199,2025-10-03 08:00:00+00:00
1759482000000,0.08378,0.08412,0.08344,0.08379,1587669.0,1759485600000,133012.17537,1968,2025-10-03 09:00:00+00:00
1759485600000,0.08379,0.08399,0.08328,0.08375,1079246.0,1759489200000,90338.01365,1406,2025-10-03 10:00:00+00:00
1759489200000,0.08375,0.08388,0.08361,0.08374,735289.0,1759492800000,61581.79462,941,2025-10-03 11:00:00+00:00
1759492800000,0.08374,0.08406,0.08374,0.08384,333277.0,1759496400000,27968.02918,538,2025-10-03 12:00:00+00:00
1759496400000,0.08381,0.08414,0.083,0.08387,8337261.0,1759500000000,698640.3439,29531,2025-10-03 13:00:00+00:00
1759500000000,0.08388,0.08411,0.08377,0.08392,570213.0,1759503600000,47883.47859,1333,2025-10-03 14:00:00+00:00
1759503600000,0.08389,0.08409,0.08369,0.08408,747628.0,1759507200000,62705.87648,1644,2025-10-03 15:00:00+00:00
1759507200000,0.08403,0.08412,0.08369,0.08392,953274.0,1759510800000,80027.43746,1612,2025-10-03 16:00:00+00:00
1759510800000,0.08392,0.0841,0.08353,0.08394,1033122.0,1759514400000,86649.47562,2039,2025-10-03 17:00:00+00:00
1759514400000,0.08394,0.08457,0.08374,0.08394,3252604.0,1759518000000,273558.88052,2164,2025-10-03 18:00:00+00:00
1759518000000,0.08394,0.08403,0.0834,0.08385,941585.0,1759521600000,78829.65268,906,2025-10-03 19:00:00+00:00
1759521600000,0.08385,0.08408,0.08384,0.08401,209306.0,1759525200000,17572.34931,261,2025-10-03 20:00:00+00:00
1759525200000,0.08401,0.08424,0.08367,0.08377,696400.0,1759528800000,58455.44484,716,2025-10-03 21:00:00+00:00
1759528800000,0.08377,0.08399,0.08367,0.08388,298505.0,1759532400000,25030.72082,574,2025-10-03 22:00:00+00:00
1759532400000,0.08386,0.08398,0.0837,0.08378,491455.0,1759536000000,41202.11357,626,2025-10-03 23:00:00+00:00
1759536000000,0.08381,0.08438,0.08369,0.084,581411.0,1759539600000,48832.29778,844,2025-10-04 00:00:00+00:00
1759539600000,0.08398,0.08406,0.08369,0.08385,977150.0,1759543200000,81965.91814,1154,2025-10-04 01:00:00+00:00
1759543200000,0.08385,0.0839,0.08376,0.0838,393035.0,1759546800000,32948.42213,905,2025-10-04 02:00:00+00:00
1759546800000,0.0838,0.08392,0.08377,0.08387,1047120.0,1759550400000,87816.11593,1633,2025-10-04 03:00:00+00:00
1759550400000,0.08386,0.08392,0.08379,0.08382,901207.0,1759554000000,75583.98581,1368,2025-10-04 04:00:00+00:00
1759554000000,0.08382,0.08392,0.08342,0.08354,1503689.0,1759557600000,126076.43431,2255,2025-10-04 05:00:00+00:00
1759557600000,0.08354,0.08396,0.08349,0.08387,1236924.0,1759561200000,103696.88061,1557,2025-10-04 06:00:00+00:00
1759561200000,0.08387,0.08393,0.08372,0.08383,456646.0,1759564800000,38293.33059,717,2025-10-04 07:00:00+00:00
1759564800000,0.08384,0.08388,0.08266,0.08288,845422.0,1759568400000,70305.1223,1533,2025-10-04 08:00:00+00:00
1759568400000,0.08288,0.08321,0.08257,0.08265,809304.0,1759572000000,67078.49962,1056,2025-10-04 09:00:00+00:00
1759572000000,0.08265,0.08277,0.08148,0.08196,1248693.0,1759575600000,102572.46561,1847,2025-10-04 10:00:00+00:00
1759575600000,0.08192,0.08214,0.08085,0.081,1403759.0,1759579200000,114316.94292,1882,2025-10-04 11:00:00+00:00
1759579200000,0.08099,0.0812,0.07928,0.07989,3041972.0,1759582800000,243703.42077,4943,2025-10-04 12:00:00+00:00
1759582800000,0.07984,0.0841,0.07984,0.08386,6597464.0,1759586400000,545484.26603,10550,2025-10-04 13:00:00+00:00
1759586400000,0.08386,0.08646,0.08379,0.08582,9040916.0,1759590000000,772060.27213,17029,2025-10-04 14:00:00+00:00
1759590000000,0.08582,0.08665,0.08284,0.08572,9099029.0,1759593600000,777420.26576,11955,2025-10-04 15:00:00+00:00
1759593600000,0.08572,0.08656,0.08524,0.08605,4351665.0,1759597200000,373621.30906,6305,2025-10-04 16:00:00+00:00
1759597200000,0.08607,0.08703,0.08607,0.08664,4056577.0,1759600800000,351178.41241,4997,2025-10-04 17:00:00+00:00
1759600800000,0.08664,0.08768,0.08631,0.08761,5490597.0,1759604400000,478327.45922,6534,2025-10-04 18:00:00+00:00
1759604400000,0.08762,0.09191,0.08761,0.09154,17261958.0,1759608000000,1555822.7839,17346,2025-10-04 19:00:00+00:00
1759608000000,0.09155,0.09332,0.08907,0.09321,14426691.0,1759611600000,1315387.39243,13276,2025-10-04 20:00:00+00:00
1759611600000,0.09326,0.09648,0.0918,0.09533,16494084.0,1759615200000,1552652.70636,10934,2025-10-04 21:00:00+00:00
1759615200000,0.09534,0.10626,0.09481,0.10581,44269038.0,1759618800000,4442494.53678,63504,2025-10-04 22:00:00+00:00
1759618800000,0.1057,0.11195,0.07746,0.10191,61941121.0,1759622400000,6490245.67361,114700,2025-10-04 23:00:00+00:00
1759622400000,0.1019,0.10879,0.10038,0.10465,33046837.0,1759626000000,3430857.03012,66511,2025-10-05 00:00:00+00:00
1759626000000,0.10466,0.1053,0.10281,0.10415,13168870.0,1759629600000,1370571.45014,23992,2025-10-05 01:00:00+00:00
1759629600000,0.10415,0.10597,0.10234,0.10323,15204163.0,1759633200000,1582494.68539,25989,2025-10-05 02:00:00+00:00
1759633200000,0.10324,0.107,0.10315,0.10606,16219723.0,1759636800000,1702437.52983,26688,2025-10-05 03:00:00+00:00
1759636800000,0.10605,0.107,0.10508,0.1062,11994797.0,1759640400000,1273076.38551,21547,2025-10-05 04:00:00+00:00
1759640400000,0.10619,0.12899,0.10406,0.12691,73591430.0,1759644000000,8480116.04844,130617,2025-10-05 05:00:00+00:00
1759644000000,0.12691,0.13403,0.11856,0.13018,53772337.0,1759647600000,6880445.65041,160412,2025-10-05 06:00:00+00:00
1759647600000,0.13017,0.13695,0.10179,0.10585,103810954.0,1759651200000,11653951.3268,202931,2025-10-05 07:00:00+00:00
1759651200000,0.10584,0.10732,0.10261,0.10654,43144925.0,1759654800000,4538293.74156,90003,2025-10-05 08:00:00+00:00
1759654800000,0.10653,0.10896,0.1033,0.10402,20138761.0,1759658400000,2133606.16275,51148,2025-10-05 09:00:00+00:00
1759658400000,0.10407,0.10597,0.10044,0.10363,18214513.0,1759662000000,1884140.72063,57414,2025-10-05 10:00:00+00:00
1759662000000,0.10369,0.10557,0.10135,0.10149,14587409.0,1759665600000,1500196.98417,39695,2025-10-05 11:00:00+00:00
1759665600000,0.10153,0.10398,0.09713,0.09857,26295746.0,1759669200000,2641587.80319,49399,2025-10-05 12:00:00+00:00
1759669200000,0.09852,0.10429,0.09789,0.1032,25402664.0,1759672800000,2580578.6891,39963,2025-10-05 13:00:00+00:00
1759672800000,0.1032,0.10622,0.10283,0.10469,24714637.0,1759676400000,2584223.96672,40296,2025-10-05 14:00:00+00:00
1759676400000,0.10469,0.11172,0.1038,0.10956,27219136.0,1759680000000,2933341.16816,46100,2025-10-05 15:00:00+00:00
1759680000000,0.10957,0.11449,0.10594,0.10784,42799923.0,1759683600000,4744573.92349,83883,2025-10-05 16:00:00+00:00
1759683600000,0.10783,0.11391,0.10778,0.11321,24152217.0,1759687200000,2680110.05733,48877,2025-10-05 17:00:00+00:00
1759687200000,0.11326,0.11899,0.11196,0.11834,32421460.0,1759690800000,3739295.8999,55251,2025-10-05 18:00:00+00:00
1759690800000,0.11835,0.12173,0.11557,0.12019,32325770.0,1759694400000,3860207.14873,72760,2025-10-05 19:00:00+00:00
1759694400000,0.1202,0.12142,0.11899,0.12021,29067487.0,1759698000000,3499235.05335,44125,2025-10-05 20:00:00+00:00
1759698000000,0.1202,0.1215,0.11652,0.11739,20216225.0,1759701600000,2415885.3052,28606,2025-10-05 21:00:00+00:00
1759701600000,0.11738,0.11819,0.11288,0.11314,26549548.0,1759705200000,3059354.31391,47418,2025-10-05 22:00:00+00:00
1759705200000,0.11313,0.11435,0.09979,0.10345,50179920.0,1759708800000,5413708.69195,71479,2025-10-05 23:00:00+00:00
1759708800000,0.10345,0.10415,0.09713,0.09885,34756378.0,1759712400000,3479425.81006,59330,2025-10-06 00:00:00+00:00
1759712400000,0.09884,0.10249,0.09813,0.09898,8713185.0,1759716000000,873109.70929,21945,2025-10-06 01:00:00+00:00
1759716000000,0.09896,0.09998,0.08431,0.08607,56151377.0,1759719600000,5078299.44036,135593,2025-10-06 02:00:00+00:00
1759719600000,0.08609,0.08899,0.08526,0.08694,24971785.0,1759723200000,2164620.42256,66462,2025-10-06 03:00:00+00:00
1759723200000,0.08689,0.0873,0.08564,0.08669,26130376.0,1759726800000,2266511.12839,87397,2025-10-06 04:00:00+00:00
1759726800000,0.08669,0.08722,0.08598,0.08699,14725061.0,1759730400000,1276614.63696,22402,2025-10-06 05:00:00+00:00
1759730400000,0.08701,0.08737,0.08557,0.08589,11677814.0,1759734000000,1012855.42934,19136,2025-10-06 06:00:00+00:00
1759734000000,0.08588,0.08657,0.08485,0.08593,10124511.0,1759737600000,866977.15279,16729,2025-10-06 07:00:00+00:00
1759737600000,0.08589,0.08625,0.08436,0.08489,7685089.0,1759741200000,655072.67783,9965,2025-10-06 08:00:00+00:00
1759741200000,0.08489,0.08613,0.08388,0.08493,7552668.0,1759744800000,639823.95332,12453,2025-10-06 09:00:00+00:00
1759744800000,0.08495,0.08681,0.08486,0.08653,9366875.0,1759748400000,802497.84909,11554,2025-10-06 10:00:00+00:00
1759748400000,0.08653,0.08929,0.08593,0.08879,29093437.0,1759752000000,2574211.82269,33047,2025-10-06 11:00:00+00:00
1759752000000,0.0888,0.09798,0.0884,0.09585,31633382.0,1759755600000,2960365.98399,38887,2025-10-06 12:00:00+00:00
1759755600000,0.09577,0.09751,0.0947,0.09594,25617260.0,1759759200000,2459328.93843,25718,2025-10-06 13:00:00+00:00
1759759200000,0.09595,0.09998,0.09582,0.09954,11507285.0,1759762800000,1126881.21466,16347,2025-10-06 14:00:00+00:00
1759762800000,0.09956,0.1015,0.0983,0.10029,10276398.0,1759766400000,1026157.91739,18736,2025-10-06 15:00:00+00:00
1759766400000,0.10028,0.10078,0.09787,0.09903,9920480.0,1759770000000,984078.15551,14688,2025-10-06 16:00:00+00:00
1759770000000,0.09903,0.10086,0.08693,0.08792,33148238.0,1759773600000,3076236.52433,52517,2025-10-06 17:00:00+00:00
1759773600000,0.08784,0.08818,0.08574,0.08605,12992571.0,1759777200000,1129358.74675,26911,2025-10-06 18:00:00+00:00
1759777200000,0.08605,0.08634,0.08476,0.08508,14505183.0,1759780800000,1241956.37076,23728,2025-10-06 19:00:00+00:00
1759780800000,0.08509,0.08547,0.08484,0.08507,7928212.0,1759784400000,674605.87643,10632,2025-10-06 20:00:00+00:00
1759784400000,0.08506,0.08523,0.08434,0.08508,6727232.0,1759788000000,571241.71075,7274,2025-10-06 21:00:00+00:00
1759788000000,0.08505,0.08524,0.0847,0.08491,3938299.0,1759791600000,334783.77851,6559,2025-10-06 22:00:00+00:00
1759791600000,0.0849,0.08518,0.08457,0.08491,5089385.0,1759795200000,432375.79085,5617,2025-10-06 23:00:00+00:00
1759795200000,0.08491,0.08521,0.0843,0.08459,6637897.0,1759798800000,563170.7141,9628,2025-10-07 00:00:00+00:00
1759798800000,0.08459,0.08569,0.08304,0.085,15365633.0,1759802400000,1298198.34638,19672,2025-10-07 01:00:00+00:00
1759802400000,0.08506,0.08521,0.08244,0.08284,10147198.0,1759806000000,849313.86568,15224,2025-10-07 02:00:00+00:00
1759806000000,0.08283,0.0853,0.08259,0.08391,7364872.0,1759809600000,621926.24948,13669,2025-10-07 03:00:00+00:00
1759809600000,0.08392,0.08469,0.0838,0.08394,5970018.0,1759813200000,501679.03864,8576,2025-10-07 04:00:00+00:00
1759813200000,0.08393,0.08431,0.08366,0.08408,4080339.0,1759816800000,342553.90186,7754,2025-10-07 05:00:00+00:00
1759816800000,0.08407,0.08414,0.0835,0.08399,3694302.0,1759820400000,309915.03976,5937,2025-10-07 06:00:00+00:00
1759820400000,0.08399,0.08415,0.08367,0.0838,2747286.0,1759824000000,230388.31458,5749,2025-10-07 07:00:00+00:00
1759824000000,0.08378,0.0843,0.08374,0.08422,5051120.0,1759827600000,424389.31131,7372,2025-10-07 08:00:00+00:00
1759827600000,0.08422,0.08628,0.08373,0.08407,17682672.0,1759831200000,1501872.11701,23368,2025-10-07 09:00:00+00:00
1759831200000,0.08405,0.0849,0.08368,0.08389,8005710.0,1759834800000,673333.88327,13944,2025-10-07 10:00:00+00:00
1759834800000,0.08389,0.08435,0.08363,0.08409,7144709.0,1759838400000,599724.8382,7793,2025-10-07 11:00:00+00:00
1759838400000,0.08408,0.08448,0.08233,0.08301,10076271.0,1759842000000,838849.11805,11634,2025-10-07 12:00:00+00:00
1759842000000,0.083,0.08379,0.08252,0.08324,8757911.0,1759845600000,727934.83855,9469,2025-10-07 13:00:00+00:00
1759845600000,0.08325,0.08342,0.08202,0.08219,8622969.0,1759849200000,712845.92459,11116,2025-10-07 14:00:00+00:00
1759849200000,0.0822,0.08285,0.08208,0.08259,6795052.0,1759852800000,560236.48846,6978,2025-10-07 15:00:00+00:00
1759852800000,0.08259,0.08329,0.082,0.08237,8285579.0,1759856400000,683453.34142,8593,2025-10-07 16:00:00+00:00
1759856400000,0.08237,0.0855,0.07991,0.08474,22612585.0,1759860000000,1861740.63482,27069,2025-10-07 17:00:00+00:00
1759860000000,0.08475,0.08593,0.08393,0.08513,10999911.0,1759863600000,934529.46398,15120,2025-10-07 18:00:00+00:00
1759863600000,0.08513,0.08538,0.08445,0.08495,6091359.0,1759867200000,517562.1924,8235,2025-10-07 19:00:00+00:00
1759867200000,0.08495,0.08523,0.08462,0.08505,3558201.0,1759870800000,302175.4331,5336,2025-10-07 20:00:00+00:00
1759870800000,0.08503,0.08524,0.08466,0.08501,3267868.0,1759874400000,277706.13426,3612,2025-10-07 21:00:00+00:00
1759874400000,0.08503,0.08538,0.08477,0.08494,2282876.0,1759878000000,194119.27661,3212,2025-10-07 22:00:00+00:00
1759878000000,0.08493,0.08506,0.08472,0.0848,2752009.0,1759881600000,233566.26594,4114,2025-10-07 23:00:00+00:00
1759881600000,0.08481,0.08526,0.08457,0.08486,4287861.0,1759885200000,363939.17753,5664,2025-10-08 00:00:00+00:00
1759885200000,0.08484,0.08531,0.08471,0.08494,2634634.0,1759888800000,223738.75516,3701,2025-10-08 01:00:00+00:00
1759888800000,0.08493,0.08512,0.08472,0.08498,1916879.0,1759892400000,162672.92207,2917,2025-10-08 02:00:00+00:00
1759892400000,0.08499,0.08539,0.08469,0.08499,2760814.0,1759896000000,234845.94289,4078,2025-10-08 03:00:00+00:00
1759896000000,0.08499,0.08511,0.08455,0.08482,2491015.0,1759899600000,211318.52392,4385,2025-10-08 04:00:00+00:00
1759899600000,0.08482,0.08515,0.08456,0.08483,2241096.0,1759903200000,190299.95502,3422,2025-10-08 05:00:00+00:00
1759903200000,0.08483,0.08533,0.08476,0.08487,2681952.0,1759906800000,227922.76498,3875,2025-10-08 06:00:00+00:00
1759906800000,0.08487,0.08514,0.0847,0.08482,1953261.0,1759910400000,165842.11516,3024,2025-10-08 07:00:00+00:00
1759910400000,0.08483,0.08534,0.08474,0.08525,2559414.0,1759914000000,217507.43339,4116,2025-10-08 08:00:00+00:00
1759914000000,0.08523,0.08531,0.0845,0.08502,5996373.0,1759917600000,508649.80964,8196,2025-10-08 09:00:00+00:00
1759917600000,0.085,0.08695,0.08476,0.08686,5725090.0,1759921200000,488905.2788,8063,2025-10-08 10:00:00+00:00
1759921200000,0.08686,0.08948,0.08512,0.08622,37131397.0,1759924800000,3240286.39958,49958,2025-10-08 11:00:00+00:00
1759924800000,0.08621,0.08668,0.08438,0.0858,15624392.0,1759928400000,1340116.25856,16002,2025-10-08 12:00:00+00:00
1759928400000,0.0858,0.08605,0.08527,0.08584,5065410.0,1759932000000,434141.83727,6047,2025-10-08 13:00:00+00:00
1759932000000,0.08585,0.08603,0.08507,0.08566,4750538.0,1759935600000,406534.58889,5286,2025-10-08 14:00:00+00:00
1759935600000,0.08564,0.08712,0.08559,0.08626,6283110.0,1759939200000,544209.54175,8227,2025-10-08 15:00:00+00:00
1759939200000,0.08625,0.08673,0.08508,0.08633,4595917.0,1759942800000,394615.10287,6698,2025-10-08 16:00:00+00:00
1759942800000,0.08629,0.08816,0.086,0.08778,7127121.0,1759946400000,624065.68469,15080,2025-10-08 17:00:00+00:00
1759946400000,0.08778,0.08799,0.08727,0.08775,4970163.0,1759950000000,435732.17253,9426,2025-10-08 18:00:00+00:00
1759950000000,0.08776,0.08899,0.08688,0.08838,5363912.0,1759953600000,473181.47521,9351,2025-10-08 19:00:00+00:00
1759953600000,0.08837,0.089,0.08776,0.08798,2886677.0,1759957200000,255278.94879,4915,2025-10-08 20:00:00+00:00
1759957200000,0.088,0.08889,0.08769,0.08871,3492434.0,1759960800000,308002.64419,4819,2025-10-08 21:00:00+00:00
1759960800000,0.0887,0.08892,0.08795,0.08874,2370283.0,1759964400000,210076.15438,4017,2025-10-08 22:00:00+00:00
1759964400000,0.08874,0.08897,0.08826,0.08887,1557521.0,1759968000000,138258.36335,2172,2025-10-08 23:00:00+00:00
1759968000000,0.08888,0.08899,0.08873,0.08883,1205056.0,1759971600000,107093.90982,2045,2025-10-09 00:00:00+00:00
1759971600000,0.08882,0.08945,0.08866,0.08894,2067236.0,1759975200000,183933.20461,2999,2025-10-09 01:00:00+00:00
1759975200000,0.08894,0.08905,0.08737,0.08895,6435337.0,1759978800000,568543.0114,7975,2025-10-09 02:00:00+00:00
1759978800000,0.08894,0.08945,0.08867,0.08894,3845138.0,1759982400000,342124.17387,5151,2025-10-09 03:00:00+00:00
1759982400000,0.08894,0.08912,0.08868,0.08881,998104.0,1759986000000,88728.02528,3583,2025-10-09 04:00:00+00:00
1759986000000,0.08879,0.08903,0.08869,0.08876,1079710.0,1759989600000,95940.14079,2288,2025-10-09 05:00:00+00:00
1759989600000,0.08877,0.08902,0.08849,0.08882,1276464.0,1759993200000,113353.3387,3017,2025-10-09 06:00:00+00:00
1759993200000,0.08884,0.08919,0.08873,0.08881,2322607.0,1759996800000,206470.45983,3495,2025-10-09 07:00:00+00:00
1759996800000,0.0888,0.08919,0.08855,0.08904,3833621.0,1760000400000,340720.37301,4889,2025-10-09 08:00:00+00:00
1760000400000,0.08905,0.09165,0.08837,0.09143,8480628.0,1760004000000,762668.35534,11459,2025-10-09 09:00:00+00:00
1760004000000,0.09142,0.09316,0.08897,0.09008,21616695.0,1760007600000,1977607.48778,27445,2025-10-09 10:00:00+00:00
1760007600000,0.09008,0.09063,0.0875,0.08832,9536359.0,1760011200000,845947.78865,12676,2025-10-09 11:00:00+00:00
1760011200000,0.08835,0.08928,0.08804,0.08818,3118719.0,1760014800000,276472.74204,4590,2025-10-09 12:00:00+00:00
1760014800000,0.08818,0.08913,0.08617,0.0887,6704472.0,1760018400000,587561.21611,11172,2025-10-09 13:00:00+00:00
1760018400000,0.0887,0.08897,0.08696,0.08813,3824715.0,1760022000000,336779.09626,6553,2025-10-09 14:00:00+00:00
1760022000000,0.08815,0.08894,0.08806,0.08854,2006344.0,1760025600000,177607.35361,3777,2025-10-09 15:00:00+00:00
1760025600000,0.08854,0.08943,0.08811,0.08876,3189621.0,1760029200000,282928.70231,4694,2025-10-09 16:00:00+00:00
1760029200000,0.08877,0.08916,0.08841,0.08875,2948068.0,1760032800000,261865.70318,3125,2025-10-09 17:00:00+00:00
1760032800000,0.08876,0.08896,0.08858,0.08871,699886.0,1760036400000,62102.36734,1115,2025-10-09 18:00:00+00:00
1760036400000,0.08875,0.08893,0.08807,0.08863,1985311.0,1760040000000,175662.39739,2345,2025-10-09 19:00:00+00:00
1760040000000,0.08864,0.08886,0.08725,0.08765,2172687.0,1760043600000,191301.39184,3757,2025-10-09 20:00:00+00:00
1760043600000,0.08769,0.08827,0.08697,0.08732,1306877.0,1760047200000,114585.1059,2634,2025-10-09 21:00:00+00:00
1760047200000,0.08731,0.08753,0.0868,0.08712,1342548.0,1760050800000,116916.60912,1832,2025-10-09 22:00:00+00:00
1760050800000,0.08711,0.08815,0.08627,0.0873,3379375.0,1760054400000,294580.28874,5338,2025-10-09 23:00:00+00:00
1760054400000,0.0873,0.08804,0.08708,0.08804,920676.0,1760058000000,80540.41929,2051,2025-10-10 00:00:00+00:00
1760058000000,0.08803,0.089,0.08777,0.08899,2041962.0,1760061600000,180471.43019,3742,2025-10-10 01:00:00+00:00
1760061600000,0.08899,0.08908,0.08714,0.0881,3289503.0,1760065200000,291302.62658,9662,2025-10-10 02:00:00+00:00
1760065200000,0.0881,0.08907,0.08745,0.08759,2341895.0,1760068800000,206954.68448,5010,2025-10-10 03:00:00+00:00
1760068800000,0.08761,0.08904,0.08751,0.0887,2137845.0,1760072400000,189140.10544,4230,2025-10-10 04:00:00+00:00
1760072400000,0.0887,0.08906,0.08834,0.08884,1554552.0,1760076000000,137895.08947,2925,2025-10-10 05:00:00+00:00
1760076000000,0.08886,0.08899,0.08811,0.08874,1032515.0,1760079600000,91452.33715,2450,2025-10-10 06:00:00+00:00
1760079600000,0.08875,0.089,0.08828,0.0889,1085884.0,1760083200000,96279.00641,2366,2025-10-10 07:00:00+00:00
1760083200000,0.08891,0.08915,0.08865,0.08896,2275227.0,1760086800000,202417.90943,6494,2025-10-10 08:00:00+00:00
1760086800000,0.08896,0.08898,0.08696,0.08696,1547616.0,1760090400000,136093.65146,4068,2025-10-10 09:00:00+00:00
1760090400000,0.08697,0.08795,0.08696,0.08771,1467700.0,1760094000000,128569.19406,3220,2025-10-10 10:00:00+00:00
1760094000000,0.08772,0.09099,0.08772,0.08891,4547855.0,1760097600000,407516.30298,12268,2025-10-10 11:00:00+00:00
1760097600000,0.08895,0.09085,0.08895,0.09083,3483814.0,1760101200000,313848.24299,6330,2025-10-10 12:00:00+00:00
1760101200000,0.09083,0.09129,0.08938,0.09016,2605031.0,1760104800000,235464.01966,4604,2025-10-10 13:00:00+00:00
1760104800000,0.09016,0.09095,0.08951,0.09049,2260223.0,1760108400000,204068.81225,4482,2025-10-10 14:00:00+00:00
1760108400000,0.09046,0.09097,0.08759,0.08848,8356352.0,1760112000000,745616.74029,14973,2025-10-10 15:00:00+00:00
1760112000000,0.08847,0.08976,0.08814,0.08916,2713628.0,1760115600000,241984.31549,5808,2025-10-10 16:00:00+00:00
1760115600000,0.08916,0.08966,0.08855,0.0895,1893377.0,1760119200000,168642.42358,5266,2025-10-10 17:00:00+00:00
1760119200000,0.08949,0.09156,0.08938,0.0903,5506593.0,1760122800000,497899.37328,7548,2025-10-10 18:00:00+00:00
1760122800000,0.0903,0.09052,0.08848,0.08949,3744239.0,1760126400000,333950.5035,6203,2025-10-10 19:00:00+00:00
1760126400000,0.08949,0.08982,0.08517,0.08563,3880231.0,1760130000000,340416.43046,8928,2025-10-10 20:00:00+00:00
1760130000000,0.08571,0.08764,0.00053,0.03915,397684168.0,1760133600000,8201861.32217,98434,2025-10-10 21:00:00+00:00
1760133600000,0.03929,0.04171,0.02979,0.03739,277619142.0,1760137200000,9803661.9664,138072,2025-10-10 22:00:00+00:00
1760137200000,0.03747,0.04086,0.03555,0.03693,183555919.0,1760140800000,7035174.07654,85049,2025-10-10 23:00:00+00:00
1760140800000,0.03695,0.03828,0.03365,0.03575,107557450.0,1760144400000,3873393.84088,35369,2025-10-11 00:00:00+00:00
1760144400000,0.0357,0.03572,0.03186,0.03232,88920738.0,1760148000000,3006542.90521,18300,2025-10-11 01:00:00+00:00
1760148000000,0.0324,0.03537,0.03043,0.03169,100360396.0,1760151600000,3356249.061,28152,2025-10-11 02:00:00+00:00
1760151600000,0.03168,0.0333,0.02968,0.03314,112942894.0,1760155200000,3551006.93749,27322,2025-10-11 03:00:00+00:00
1760155200000,0.03313,0.03507,0.03256,0.03478,53590415.0,1760158800000,1798240.63823,11561,2025-10-11 04:00:00+00:00
1760158800000,0.03479,0.03479,0.03277,0.03405,40506709.0,1760162400000,1369049.68437,9879,2025-10-11 05:00:00+00:00
1760162400000,0.03405,0.03441,0.03324,0.03351,34358258.0,1760166000000,1164477.31533,8870,2025-10-11 06:00:00+00:00
1760166000000,0.03345,0.03397,0.03289,0.03397,23017140.0,1760169600000,770015.83372,6669,2025-10-11 07:00:00+00:00
1760169600000,0.03392,0.03542,0.03294,0.03538,51177968.0,1760173200000,1749165.15011,12614,2025-10-11 08:00:00+00:00
1760173200000,0.03537,0.03634,0.03447,0.03582,66052844.0,1760176800000,2343901.9788,18436,2025-10-11 09:00:00+00:00
1760176800000,0.03579,0.03792,0.0357,0.0376,52952888.0,1760180400000,1949617.00635,14999,2025-10-11 10:00:00+00:00
1760180400000,0.03761,0.03763,0.0355,0.03677,50356218.0,1760184000000,1837169.0689,13222,2025-10-11 11:00:00+00:00
1760184000000,0.03674,0.03741,0.03586,0.03717,39476772.0,1760187600000,1444749.20678,9021,2025-10-11 12:00:00+00:00
1760187600000,0.03715,0.04009,0.03605,0.03944,83612849.0,1760191200000,3169534.8577,18756,2025-10-11 13:00:00+00:00
1760191200000,0.03944,0.04176,0.03838,0.03985,100814846.0,1760194800000,4017458.88545,34240,2025-10-11 14:00:00+00:00
1760194800000,0.03984,0.04181,0.03925,0.04151,58940586.0,1760198400000,2384072.31078,19735,2025-10-11 15:00:00+00:00
1760198400000,0.04152,0.043,0.0395,0.04127,78022219.0,1760202000000,3218364.88266,27647,2025-10-11 16:00:00+00:00
1760202000000,0.04128,0.0425,0.04,0.04224,39963302.0,1760205600000,1658523.22715,15126,2025-10-11 17:00:00+00:00
1760205600000,0.04225,0.0425,0.0408,0.04163,38416484.0,1760209200000,1599583.43215,13007,2025-10-11 18:00:00+00:00
1760209200000,0.04163,0.04169,0.03676,0.03766,109159394.0,1760212800000,4196632.50952,26731,2025-10-11 19:00:00+00:00
1760212800000,0.03765,0.03797,0.03586,0.03727,73640730.0,1760216400000,2720085.7125,22332,2025-10-11 20:00:00+00:00
1760216400000,0.03727,0.03753,0.03481,0.03556,95824932.0,1760220000000,3488452.67058,20399,2025-10-11 21:00:00+00:00
1760220000000,0.03559,0.03575,0.03448,0.03519,66177361.0,1760223600000,2325785.92936,17623,2025-10-11 22:00:00+00:00
1760223600000,0.03518,0.03537,0.03347,0.03357,31595046.0,1760227200000,1085147.63518,10092,2025-10-11 23:00:00+00:00
1760227200000,0.03358,0.03388,0.03135,0.03215,58240825.0,1760230800000,1882771.03717,20672,2025-10-12 00:00:00+00:00
1760230800000,0.03216,0.03223,0.03079,0.03092,42995800.0,1760234400000,1352066.93352,15085,2025-10-12 01:00:00+00:00
1760234400000,0.03092,0.0311,0.03015,0.03076,32713109.0,1760238000000,1001538.80162,9561,2025-10-12 02:00:00+00:00
1760238000000,0.03078,0.03219,0.02628,0.02678,145876736.0,1760241600000,4176789.43588,30996,2025-10-12 03:00:00+00:00
1760241600000,0.02682,0.02762,0.0247,0.027,117499275.0,1760245200000,3095995.2847,31196,2025-10-12 04:00:00+00:00
1760245200000,0.027,0.02704,0.026,0.02641,50641478.0,1760248800000,1334993.58312,14365,2025-10-12 05:00:00+00:00
1760248800000,0.02639,0.02738,0.02627,0.02685,51072491.0,1760252400000,1376240.68476,10160,2025-10-12 06:00:00+00:00
1760252400000,0.02685,0.02711,0.02629,0.02653,53197761.0,1760256000000,1419409.77023,8991,2025-10-12 07:00:00+00:00
1760256000000,0.02653,0.02702,0.0264,0.0269,41457843.0,1760259600000,1107116.16546,6410,2025-10-12 08:00:00+00:00
1760259600000,0.02687,0.02708,0.02528,0.0267,65726701.0,1760263200000,1724351.13252,9750,2025-10-12 09:00:00+00:00
1760263200000,0.02669,0.02749,0.0265,0.0266,58181426.0,1760266800000,1563751.81802,10009,2025-10-12 10:00:00+00:00
1760266800000,0.0266,0.0272,0.02643,0.02712,35932554.0,1760270400000,964325.12219,7717,2025-10-12 11:00:00+00:00
1760270400000,0.02713,0.0289,0.02704,0.02815,97954838.0,1760274000000,2737924.26513,19158,2025-10-12 12:00:00+00:00
1760274000000,0.02812,0.02858,0.02673,0.02685,70772818.0,1760277600000,1947892.71919,12911,2025-10-12 13:00:00+00:00
1760277600000,0.02683,0.02852,0.0266,0.02784,54995070.0,1760281200000,1505999.53012,15662,2025-10-12 14:00:00+00:00
1760281200000,0.02787,0.03093,0.02784,0.03092,113808822.0,1760284800000,3316169.24287,20037,2025-10-12 15:00:00+00:00
1760284800000,0.03091,0.033,0.03063,0.03185,157478112.0,1760288400000,4990045.1659,33135,2025-10-12 16:00:00+00:00
1760288400000,0.03186,0.03388,0.03123,0.03197,145323444.0,1760292000000,4770115.82821,26486,2025-10-12 17:00:00+00:00
1760292000000,0.03198,0.03256,0.03086,0.03112,69116973.0,1760295600000,2193812.12237,16347,2025-10-12 18:00:00+00:00
1760295600000,0.0311,0.03328,0.03094,0.03303,47152987.0,1760299200000,1523744.2418,10728,2025-10-12 19:00:00+00:00
1760299200000,0.03306,0.03387,0.03223,0.03248,59861313.0,1760302800000,1980403.26804,15561,2025-10-12 20:00:00+00:00
1760302800000,0.0325,0.03306,0.0311,0.03263,53640580.0,1760306400000,1723795.87669,10130,2025-10-12 21:00:00+00:00
1760306400000,0.03263,0.03299,0.03183,0.03197,22689884.0,1760310000000,733841.91432,7476,2025-10-12 22:00:00+00:00
1760310000000,0.03195,0.03231,0.03156,0.03166,21678261.0,1760313600000,690998.79154,6998,2025-10-12 23:00:00+00:00
1760313600000,0.03167,0.03173,0.0292,0.03054,64237945.0,1760317200000,1947716.95198,16733,2025-10-13 00:00:00+00:00
1760317200000,0.03056,0.03149,0.03018,0.0304,26615207.0,1760320800000,821066.56761,8428,2025-10-13 01:00:00+00:00
1760320800000,0.03041,0.0317,0.03006,0.03153,23329768.0,1760324400000,719776.24208,7560,2025-10-13 02:00:00+00:00
1760324400000,0.03152,0.03385,0.0315,0.03172,65798866.0,1760328000000,2152265.1028,16580,2025-10-13 03:00:00+00:00
1760328000000,0.03174,0.03205,0.03104,0.0314,33350268.0,1760331600000,1052574.00139,9564,2025-10-13 04:00:00+00:00
1760331600000,0.03139,0.03178,0.03057,0.03123,38472567.0,1760335200000,1195037.69612,10490,2025-10-13 05:00:00+00:00
1760335200000,0.03123,0.03198,0.03091,0.03159,29001141.0,1760338800000,910387.75857,10622,2025-10-13 06:00:00+00:00
1760338800000,0.03157,0.03316,0.03153,0.03249,44919487.0,1760342400000,1450071.87306,11116,2025-10-13 07:00:00+00:00
1760342400000,0.03253,0.0333,0.03216,0.03296,36353804.0,1760346000000,1188196.02623,9263,2025-10-13 08:00:00+00:00
1760346000000,0.03297,0.03328,0.03208,0.03221,35323078.0,1760349600000,1149032.18603,9464,2025-10-13 09:00:00+00:00
1760349600000,0.03221,0.03255,0.03132,0.03181,33559348.0,1760353200000,1072341.98414,9080,2025-10-13 10:00:00+00:00
1760353200000,0.0318,0.03207,0.03057,0.03097,49189424.0,1760356800000,1539187.38984,10547,2025-10-13 11:00:00+00:00
1760356800000,0.03099,0.03121,0.03009,0.03069,41514447.0,1760360400000,1272493.71946,8734,2025-10-13 12:00:00+00:00
1760360400000,0.03069,0.03162,0.03032,0.03157,33805330.0,1760364000000,1049634.25995,10018,2025-10-13 13:00:00+00:00
1760364000000,0.03156,0.03169,0.0295,0.02986,48924299.0,1760367600000,1493438.9286,11377,2025-10-13 14:00:00+00:00
1760367600000,0.02985,0.03058,0.02971,0.03009,22342485.0,1760371200000,672422.02986,7087,2025-10-13 15:00:00+00:00
1760371200000,0.03008,0.03053,0.0298,0.0303,19138145.0,1760374800000,577487.11505,6358,2025-10-13 16:00:00+00:00
1760374800000,0.03029,0.03079,0.02976,0.0306,24395090.0,1760378400000,736698.67398,7753,2025-10-13 17:00:00+00:00
1760378400000,0.03059,0.03118,0.03024,0.031,21910813.0,1760382000000,674289.40462,6228,2025-10-13 18:00:00+00:00
1760382000000,0.03099,0.03138,0.03085,0.0313,17703150.0,1760385600000,550998.77763,4898,2025-10-13 19:00:00+00:00
1760385600000,0.0313,0.03166,0.03093,0.03136,19694713.0,1760389200000,616554.00706,5952,2025-10-13 20:00:00+00:00
1760389200000,0.03136,0.03154,0.03078,0.03101,15934612.0,1760392800000,496637.55886,4137,2025-10-13 21:00:00+00:00
1760392800000,0.03101,0.0315,0.031,0.03142,12998447.0,1760396400000,405861.95002,4316,2025-10-13 22:00:00+00:00
1760396400000,0.03142,0.03179,0.03132,0.03148,11969048.0,1760400000000,377217.79293,4561,2025-10-13 23:00:00+00:00
1760400000000,0.03149,0.03184,0.03124,0.0314,15797700.0,1760403600000,498298.37524,6842,2025-10-14 00:00:00+00:00
1760403600000,0.0314,0.03287,0.0313,0.0317,40163022.0,1760407200000,1292995.98722,14262,2025-10-14 01:00:00+00:00
1760407200000,0.0317,0.03173,0.0309,0.03162,27425747.0,1760410800000,857185.70782,9285,2025-10-14 02:00:00+00:00
1760410800000,0.03163,0.03175,0.03013,0.03035,29719516.0,1760414400000,914785.62145,9851,2025-10-14 03:00:00+00:00
1760414400000,0.03036,0.03056,0.02912,0.02932,32939725.0,1760418000000,982911.44837,8246,2025-10-14 04:00:00+00:00
1760418000000,0.02934,0.0294,0.02641,0.02821,80884425.0,1760421600000,2260572.56564,21323,2025-10-14 05:00:00+00:00
1760421600000,0.02819,0.02851,0.02694,0.02769,50909398.0,1760425200000,1412668.48204,13800,2025-10-14 06:00:00+00:00
1760425200000,0.02771,0.02802,0.02706,0.02726,30155406.0,1760428800000,829103.14168,9505,2025-10-14 07:00:00+00:00
1760428800000,0.02726,0.02773,0.02673,0.02727,22155663.0,1760432400000,604163.33276,7271,2025-10-14 08:00:00+00:00
1760432400000,0.02727,0.028,0.02696,0.02772,24920104.0,1760436000000,682020.10088,8688,2025-10-14 09:00:00+00:00
1760436000000,0.02772,0.02806,0.02701,0.02762,21012047.0,1760439600000,577395.80203,6661,2025-10-14 10:00:00+00:00
1760439600000,0.02763,0.028,0.02728,0.02744,15445360.0,1760443200000,425650.99859,4194,2025-10-14 11:00:00+00:00
1760443200000,0.02744,0.02761,0.0265,0.02667,27773072.0,1760446800000,748636.85025,5476,2025-10-14 12:00:00+00:00
1760446800000,0.02666,0.0274,0.02617,0.0271,38815178.0,1760450400000,1040129.86654,7923,2025-10-14 13:00:00+00:00
1760450400000,0.0271,0.02785,0.02632,0.02655,71720443.0,1760454000000,1929958.79704,11317,2025-10-14 14:00:00+00:00
1760454000000,0.02655,0.02743,0.02653,0.02741,28532331.0,1760457600000,768649.32145,6530,2025-10-14 15:00:00+00:00
1760457600000,0.02741,0.02818,0.02714,0.02814,33870561.0,1760461200000,938336.46593,9416,2025-10-14 16:00:00+00:00
1760461200000,0.02814,0.02857,0.0276,0.0277,34054964.0,1760464800000,956725.39346,7272,2025-10-14 17:00:00+00:00
1760464800000,0.02771,0.02854,0.02764,0.02777,28773123.0,1760468400000,807899.8635,6120,2025-10-14 18:00:00+00:00
1760468400000,0.02777,0.02844,0.02745,0.02787,19714655.0,1760472000000,550517.5611,5533,2025-10-14 19:00:00+00:00
1760472000000,0.02788,0.02831,0.02771,0.02815,15042324.0,1760475600000,421911.66358,3850,2025-10-14 20:00:00+00:00
1760475600000,0.02816,0.02837,0.0278,0.02804,17934747.0,1760479200000,503865.67628,3017,2025-10-14 21:00:00+00:00
1760479200000,0.02804,0.02831,0.02783,0.02811,16148175.0,1760482800000,452868.90192,3281,2025-10-14 22:00:00+00:00
1760482800000,0.02811,0.02849,0.0281,0.0284,10437444.0,1760486400000,295568.66172,2602,2025-10-14 23:00:00+00:00
1760486400000,0.02841,0.02874,0.02786,0.02812,13162571.0,1760490000000,372032.87232,3395,2025-10-15 00:00:00+00:00
1760490000000,0.02811,0.02822,0.0276,0.02811,9486750.0,1760493600000,265054.59587,3237,2025-10-15 01:00:00+00:00
1760493600000,0.02812,0.02863,0.02794,0.02835,13087366.0,1760497200000,370838.70392,4320,2025-10-15 02:00:00+00:00
1760497200000,0.02834,0.02848,0.02791,0.02807,14641561.0,1760500800000,412919.13055,4437,2025-10-15 03:00:00+00:00
1760500800000,0.02805,0.02843,0.02766,0.02832,14795274.0,1760504400000,413385.35776,4215,2025-10-15 04:00:00+00:00
1760504400000,0.02833,0.02936,0.02802,0.02897,44958734.0,1760508000000,1291859.09982,9509,2025-10-15 05:00:00+00:00
1760508000000,0.02899,0.03083,0.02893,0.03034,82533833.0,1760511600000,2484340.88305,21283,2025-10-15 06:00:00+00:00
1760511600000,0.03036,0.03072,0.02938,0.02944,46577978.0,1760515200000,1396112.52592,14452,2025-10-15 07:00:00+00:00
1760515200000,0.02945,0.03024,0.02918,0.02951,27933751.0,1760518800000,831759.61549,8052,2025-10-15 08:00:00+00:00
1760518800000,0.02949,0.03079,0.02918,0.02948,37075051.0,1760522400000,1107446.36457,9586,2025-10-15 09:00:00+00:00
1760522400000,0.02948,0.02948,0.02797,0.02818,32423260.0,1760526000000,932134.56522,6659,2025-10-15 10:00:00+00:00
1760526000000,0.02817,0.02826,0.02725,0.0277,48302221.0,1760529600000,1343911.05117,8235,2025-10-15 11:00:00+00:00
1760529600000,0.02769,0.0279,0.02655,0.02751,47013164.0,1760533200000,1279585.49547,8061,2025-10-15 12:00:00+00:00
1760533200000,0.02748,0.02783,0.02698,0.02751,25005544.0,1760536800000,684827.41314,5228,2025-10-15 13:00:00+00:00
1760536800000,0.02752,0.02872,0.02741,0.02755,28125363.0,1760540400000,784695.68416,6438,2025-10-15 14:00:00+00:00
1760540400000,0.02755,0.02805,0.02724,0.02763,24991670.0,1760544000000,690169.0067,5299,2025-10-15 15:00:00+00:00
1760544000000,0.02763,0.02803,0.02735,0.02776,18429096.0,1760547600000,509850.11788,4379,2025-10-15 16:00:00+00:00
1760547600000,0.02775,0.02825,0.02751,0.02789,14550698.0,1760551200000,405737.55549,3970,2025-10-15 17:00:00+00:00
1760551200000,0.02787,0.02808,0.0275,0.02798,8944327.0,1760554800000,248455.09771,2374,2025-10-15 18:00:00+00:00
1760554800000,0.02799,0.02946,0.02799,0.02873,44661939.0,1760558400000,1289674.44259,8845,2025-10-15 19:00:00+00:00
1760558400000,0.02873,0.02976,0.02789,0.02828,45656082.0,1760562000000,1315420.70051,10417,2025-10-15 20:00:00+00:00
1760562000000,0.02827,0.029,0.02805,0.02822,14411951.0,1760565600000,409609.12847,2882,2025-10-15 21:00:00+00:00
1760565600000,0.02822,0.0284,0.02788,0.02837,13614898.0,1760569200000,382605.48014,3173,2025-10-15 22:00:00+00:00
1760569200000,0.02838,0.02902,0.02823,0.02871,11377752.0,1760572800000,325467.78492,2763,2025-10-15 23:00:00+00:00
1760572800000,0.02873,0.0289,0.02789,0.028,10208879.0,1760576400000,288175.66954,4250,2025-10-16 00:00:00+00:00
1760576400000,0.02798,0.0283,0.02785,0.02797,9353939.0,1760580000000,262374.38022,3805,2025-10-16 01:00:00+00:00
1760580000000,0.02798,0.02834,0.02744,0.02777,18318058.0,1760583600000,511131.28788,5070,2025-10-16 02:00:00+00:00
1760583600000,0.02776,0.02778,0.02735,0.02771,8585642.0,1760587200000,236878.29071,2798,2025-10-16 03:00:00+00:00
1760587200000,0.02771,0.02852,0.0276,0.0277,14778628.0,1760590800000,414177.92898,4039,2025-10-16 04:00:00+00:00
1760590800000,0.02768,0.02794,0.02731,0.02776,13708614.0,1760594400000,379825.99718,4493,2025-10-16 05:00:00+00:00
1760594400000,0.02775,0.02806,0.02755,0.02793,15882100.0,1760598000000,441701.72062,4647,2025-10-16 06:00:00+00:00
1760598000000,0.02794,0.02799,0.02761,0.02768,8114989.0,1760601600000,225235.87838,2770,2025-10-16 07:00:00+00:00
1760601600000,0.02769,0.02797,0.02683,0.02711,21919288.0,1760605200000,598660.57422,5867,2025-10-16 08:00:00+00:00
1760605200000,0.0271,0.0275,0.02289,0.02659,65099435.0,1760608800000,1652703.42656,22248,2025-10-16 09:00:00+00:00
1760608800000,0.02658,0.02708,0.02637,0.02675,17000148.0,1760612400000,454916.35508,5295,2025-10-16 10:00:00+00:00
1760612400000,0.02674,0.02702,0.02623,0.02683,16916642.0,1760616000000,450755.11666,4097,2025-10-16 11:00:00+00:00
1760616000000,0.02684,0.02781,0.02667,0.02747,19261432.0,1760619600000,528742.89925,5219,2025-10-16 12:00:00+00:00
1760619600000,0.02746,0.02775,0.02713,0.02731,17680484.0,1760623200000,485869.98752,4218,2025-10-16 13:00:00+00:00
1760623200000,0.02732,0.0275,0.02646,0.02724,29269012.0,1760626800000,788193.96427,6672,2025-10-16 14:00:00+00:00
1760626800000,0.02722,0.0274,0.02585,0.02605,24935285.0,1760630400000,665290.24697,5980,2025-10-16 15:00:00+00:00
1760630400000,0.02603,0.02662,0.02526,0.02659,32126975.0,1760634000000,827981.71333,7182,2025-10-16 16:00:00+00:00
1760634000000,0.0266,0.02662,0.02573,0.02584,17782011.0,1760637600000,464004.94265,3672,2025-10-16 17:00:00+00:00
1760637600000,0.02584,0.02616,0.02561,0.02601,13247109.0,1760641200000,342742.64188,3819,2025-10-16 18:00:00+00:00
1760641200000,0.02602,0.02639,0.02558,0.02616,9598810.0,1760644800000,248633.95155,3226,2025-10-16 19:00:00+00:00
1760644800000,0.02617,0.02631,0.02576,0.02581,12214904.0,1760648400000,318187.30779,3303,2025-10-16 20:00:00+00:00
1760648400000,0.0258,0.02602,0.0256,0.02585,5341120.0,1760652000000,137843.06777,1393,2025-10-16 21:00:00+00:00
1760652000000,0.02584,0.02624,0.02575,0.02588,9095930.0,1760655600000,236759.84401,3257,2025-10-16 22:00:00+00:00
1760655600000,0.02585,0.02712,0.02583,0.02655,15822127.0,1760659200000,421325.45372,5785,2025-10-16 23:00:00+00:00
1760659200000,0.02654,0.02688,0.02631,0.02645,5525203.0,1760662800000,146872.16075,3147,2025-10-17 00:00:00+00:00
1760662800000,0.02644,0.02687,0.02638,0.02673,6104952.0,1760666400000,162832.54512,3004,2025-10-17 01:00:00+00:00
1760666400000,0.02671,0.02683,0.02628,0.02642,8535271.0,1760670000000,226225.5548,2586,2025-10-17 02:00:00+00:00
1760670000000,0.02642,0.02657,0.02623,0.02642,4232188.0,1760673600000,111623.74346,1686,2025-10-17 03:00:00+00:00
1760673600000,0.02645,0.02648,0.02606,0.02606,6591749.0,1760677200000,172971.03599,1778,2025-10-17 04:00:00+00:00
1760677200000,0.02609,0.02687,0.02605,0.0266,9716436.0,1760680800000,258036.21142,2919,2025-10-17 05:00:00+00:00
1760680800000,0.02658,0.0266,0.02454,0.02462,29498164.0,1760684400000,748384.02898,7893,2025-10-17 06:00:00+00:00
1760684400000,0.02464,0.02482,0.02355,0.0238,51451698.0,1760688000000,1240770.61968,11015,2025-10-17 07:00:00+00:00
1760688000000,0.02381,0.02404,0.02305,0.02353,35477216.0,1760691600000,836323.2969,6873,2025-10-17 08:00:00+00:00
1760691600000,0.02352,0.02462,0.02347,0.02395,22431610.0,1760695200000,540755.87504,5242,2025-10-17 09:00:00+00:00
1760695200000,0.02395,0.02418,0.02331,0.02373,29231593.0,1760698800000,692101.19432,3892,2025-10-17 10:00:00+00:00
1760698800000,0.02374,0.02475,0.02373,0.0243,24140813.0,1760702400000,587774.5227,7316,2025-10-17 11:00:00+00:00
1760702400000,0.02429,0.02447,0.02402,0.02403,10713202.0,1760706000000,260124.07065,3972,2025-10-17 12:00:00+00:00
1760706000000,0.02404,0.02443,0.02381,0.02426,13757714.0,1760709600000,331986.51302,6223,2025-10-17 13:00:00+00:00
1760709600000,0.02427,0.02455,0.02382,0.02421,11112216.0,1760713200000,268848.95015,4689,2025-10-17 14:00:00+00:00
1760713200000,0.02422,0.02511,0.0242,0.0251,18386997.0,1760716800000,452649.84779,5222,2025-10-17 15:00:00+00:00
1760716800000,0.02511,0.02611,0.02506,0.02519,31625334.0,1760720400000,806808.76238,7741,2025-10-17 16:00:00+00:00
1760720400000,0.02521,0.0253,0.02474,0.02509,9110448.0,1760724000000,227772.38613,2870,2025-10-17 17:00:00+00:00
1760724000000,0.02506,0.0253,0.02481,0.02489,3851015.0,1760727600000,96533.6466,1642,2025-10-17 18:00:00+00:00
1760727600000,0.02491,0.02519,0.0248,0.02502,3492414.0,1760731200000,87277.13,1503,2025-10-17 19:00:00+00:00
1760731200000,0.02503,0.02519,0.02486,0.02498,3704606.0,1760734800000,92696.9464,1371,2025-10-17 20:00:00+00:00
1760734800000,0.02497,0.02532,0.02495,0.02515,7689229.0,1760738400000,193281.49257,1567,2025-10-17 21:00:00+00:00
1760738400000,0.02514,0.02557,0.02514,0.02543,10701025.0,1760742000000,271504.40293,2259,2025-10-17 22:00:00+00:00
1760742000000,0.02542,0.02543,0.02495,0.02508,7929278.0,1760745600000,198959.24496,1763,2025-10-17 23:00:00+00:00
1760745600000,0.02506,0.0252,0.02493,0.02516,6655512.0,1760749200000,166865.19103,1670,2025-10-18 00:00:00+00:00
1760749200000,0.02517,0.0255,0.02517,0.02549,5185535.0,1760752800000,131364.72284,1073,2025-10-18 01:00:00+00:00
1760752800000,0.02548,0.02576,0.02529,0.02541,8272852.0,1760756400000,211456.39217,2266,2025-10-18 02:00:00+00:00
1760756400000,0.02541,0.0259,0.0254,0.02562,7845663.0,1760760000000,201445.51998,1940,2025-10-18 03:00:00+00:00
1760760000000,0.02562,0.02562,0.0251,0.02516,4733518.0,1760763600000,119926.34658,1388,2025-10-18 04:00:00+00:00
1760763600000,0.02518,0.02567,0.02514,0.02565,5563839.0,1760767200000,141485.1746,1435,2025-10-18 05:00:00+00:00
1760767200000,0.02564,0.026,0.02556,0.02579,7170140.0,1760770800000,184503.02871,1825,2025-10-18 06:00:00+00:00
1760770800000,0.02579,0.02767,0.02578,0.02649,44951646.0,1760774400000,1209104.96696,11835,2025-10-18 07:00:00+00:00
1760774400000,0.02647,0.02686,0.0259,0.02612,16754392.0,1760778000000,441599.80331,5404,2025-10-18 08:00:00+00:00
1760778000000,0.02612,0.0264,0.02595,0.02603,8683838.0,1760781600000,227223.79388,3121,2025-10-18 09:00:00+00:00
1760781600000,0.02603,0.02643,0.02596,0.02623,8960099.0,1760785200000,234960.25996,2404,2025-10-18 10:00:00+00:00
1760785200000,0.0262,0.0266,0.02616,0.02654,12902233.0,1760788800000,340516.97369,4082,2025-10-18 11:00:00+00:00
1760788800000,0.02653,0.02653,0.02587,0.02594,11495413.0,1760792400000,300667.82384,3281,2025-10-18 12:00:00+00:00
1760792400000,0.02593,0.02593,0.02522,0.0253,14518845.0,1760796000000,370568.41668,4434,2025-10-18 13:00:00+00:00
1760796000000,0.02531,0.02582,0.02512,0.02571,8295590.0,1760799600000,211103.60051,2434,2025-10-18 14:00:00+00:00
1760799600000,0.0257,0.02582,0.02512,0.0252,7051743.0,1760803200000,179735.51426,2535,2025-10-18 15:00:00+00:00
1760803200000,0.02519,0.02533,0.02461,0.02494,14140406.0,1760806800000,352405.20562,3813,2025-10-18 16:00:00+00:00
1760806800000,0.02496,0.02546,0.02486,0.02543,8070944.0,1760810400000,203856.14195,2080,2025-10-18 17:00:00+00:00
1760810400000,0.02543,0.02548,0.02511,0.02545,3494999.0,1760814000000,88336.33274,1291,2025-10-18 18:00:00+00:00
1760814000000,0.02545,0.02579,0.02533,0.02565,6937321.0,1760817600000,177291.03343,1569,2025-10-18 19:00:00+00:00
1760817600000,0.02566,0.02668,0.0255,0.02617,21493245.0,1760821200000,559986.61852,4294,2025-10-18 20:00:00+00:00
1760821200000,0.02613,0.02631,0.02575,0.02604,7707394.0,1760824800000,200276.40267,1634,2025-10-18 21:00:00+00:00
1760824800000,0.02602,0.02622,0.02575,0.02582,8452632.0,1760828400000,219861.79463,1885,2025-10-18 22:00:00+00:00
1760828400000,0.02581,0.0261,0.0258,0.02606,3522141.0,1760832000000,91304.39307,1225,2025-10-18 23:00:00+00:00
1760832000000,0.02605,0.02605,0.02548,0.02556,8140880.0,1760835600000,209421.6437,1973,2025-10-19 00:00:00+00:00
1760835600000,0.02556,0.02569,0.02543,0.02547,4960358.0,1760839200000,126707.20083,1466,2025-10-19 01:00:00+00:00
1760839200000,0.02547,0.0256,0.02535,0.02549,4319322.0,1760842800000,109972.78349,1287,2025-10-19 02:00:00+00:00
1760842800000,0.02549,0.02603,0.02548,0.02594,3608168.0,1760846400000,92874.22195,1346,2025-10-19 03:00:00+00:00
1760846400000,0.02594,0.02607,0.02569,0.02573,2842320.0,1760850000000,73467.83383,1156,2025-10-19 04:00:00+00:00
1760850000000,0.02574,0.02593,0.02542,0.02551,4157324.0,1760853600000,106733.43108,1413,2025-10-19 05:00:00+00:00
1760853600000,0.02552,0.02575,0.02534,0.0255,3226380.0,1760857200000,82203.55813,1214,2025-10-19 06:00:00+00:00
1760857200000,0.0255,0.02576,0.02543,0.02563,2289889.0,1760860800000,58659.8808,983,2025-10-19 07:00:00+00:00
1760860800000,0.02563,0.02599,0.02539,0.02542,9016959.0,1760864400000,231787.58749,3293,2025-10-19 08:00:00+00:00
1760864400000,0.02541,0.02615,0.02512,0.02581,15210009.0,1760868000000,388704.92673,4298,2025-10-19 09:00:00+00:00
1760868000000,0.02583,0.02597,0.02556,0.02576,10723179.0,1760871600000,276681.73872,3539,2025-10-19 10:00:00+00:00
1760871600000,0.02575,0.02612,0.02571,0.02584,7834924.0,1760875200000,202910.83514,2468,2025-10-19 11:00:00+00:00
1760875200000,0.02586,0.02594,0.02558,0.02577,6297405.0,1760878800000,161986.03046,2181,2025-10-19 12:00:00+00:00
1760878800000,0.02577,0.02668,0.02574,0.02661,24378438.0,1760882400000,640517.58711,6967,2025-10-19 13:00:00+00:00
1760882400000,0.02661,0.027,0.02634,0.0268,13118631.0,1760886000000,349570.22502,4437,2025-10-19 14:00:00+00:00
1760886000000,0.02681,0.02688,0.02633,0.0265,10156287.0,1760889600000,269738.46596,3297,2025-10-19 15:00:00+00:00
1760889600000,0.02649,0.02693,0.02626,0.02668,6490042.0,1760893200000,172386.45189,2148,2025-10-19 16:00:00+00:00
1760893200000,0.02669,0.02709,0.02667,0.02677,9537208.0,1760896800000,256141.11643,2938,2025-10-19 17:00:00+00:00
1760896800000,0.02678,0.02694,0.0266,0.02677,8759566.0,1760900400000,234552.99651,1922,2025-10-19 18:00:00+00:00
1760900400000,0.02677,0.02683,0.02648,0.02662,7430415.0,1760904000000,197691.95147,1866,2025-10-19 19:00:00+00:00
1760904000000,0.02663,0.02663,0.02637,0.0265,3328247.0,1760907600000,88208.33083,1202,2025-10-19 20:00:00+00:00
1760907600000,0.02647,0.0266,0.0262,0.02635,6214507.0,1760911200000,163785.73756,1419,2025-10-19 21:00:00+00:00
1760911200000,0.02634,0.02671,0.02634,0.02671,6195543.0,1760914800000,164423.82265,1916,2025-10-19 22:00:00+00:00
1760914800000,0.0267,0.0267,0.02599,0.02613,10612875.0,1760918400000,278543.32902,2016,2025-10-19 23:00:00+00:00
1760918400000,0.02614,0.02625,0.02555,0.0259,9704814.0,1760922000000,250434.2893,2394,2025-10-20 00:00:00+00:00
1760922000000,0.0259,0.02623,0.02584,0.02607,6071231.0,1760925600000,158200.36616,1606,2025-10-20 01:00:00+00:00
1760925600000,0.02606,0.02618,0.02586,0.02607,7204710.0,1760929200000,187543.56069,1508,2025-10-20 02:00:00+00:00
1760929200000,0.02605,0.02693,0.02594,0.02679,6689616.0,1760932800000,176689.94346,2127,2025-10-20 03:00:00+00:00
1760932800000,0.0268,0.02697,0.02657,0.02666,10327781.0,1760936400000,276409.38283,3080,2025-10-20 04:00:00+00:00
1760936400000,0.02665,0.02681,0.02651,0.02681,4362540.0,1760940000000,116146.79304,1527,2025-10-20 05:00:00+00:00
1760940000000,0.02681,0.02705,0.02673,0.02679,7226424.0,1760943600000,194068.67876,2054,2025-10-20 06:00:00+00:00
1760943600000,0.02678,0.02688,0.02649,0.02667,7674218.0,1760947200000,204841.71652,1910,2025-10-20 07:00:00+00:00
1760947200000,0.02666,0.02695,0.02647,0.02678,5224704.0,1760950800000,139463.89397,1907,2025-10-20 08:00:00+00:00
1760950800000,0.02679,0.02683,0.02654,0.02668,7203296.0,1760954400000,192304.22107,1808,2025-10-20 09:00:00+00:00
1760954400000,0.02668,0.02683,0.02639,0.02642,8256134.0,1760958000000,219664.46919,1531,2025-10-20 10:00:00+00:00
1760958000000,0.02643,0.02644,0.0261,0.02621,13710284.0,1760961600000,360163.01771,2204,2025-10-20 11:00:00+00:00
1760961600000,0.02622,0.02637,0.02607,0.02631,7447626.0,1760965200000,195283.23969,1491,2025-10-20 12:00:00+00:00
1760965200000,0.02632,0.02671,0.02612,0.02662,7302897.0,1760968800000,192933.88623,1646,2025-10-20 13:00:00+00:00
1760968800000,0.02662,0.02679,0.02624,0.02637,7487683.0,1760972400000,198318.4671,2113,2025-10-20 14:00:00+00:00
1760972400000,0.02637,0.02649,0.02599,0.02602,7575183.0,1760976000000,198439.6058,2026,2025-10-20 15:00:00+00:00
1760976000000,0.02601,0.02601,0.02528,0.02552,22165613.0,1760979600000,567609.58931,5261,2025-10-20 16:00:00+00:00
1760979600000,0.02551,0.02577,0.0253,0.02544,7063093.0,1760983200000,180401.17595,2247,2025-10-20 17:00:00+00:00
1760983200000,0.02544,0.02554,0.0253,0.02549,6303954.0,1760986800000,160244.47449,1638,2025-10-20 18:00:00+00:00
1760986800000,0.02547,0.02566,0.02542,0.02552,6321717.0,1760990400000,161374.17062,1587,2025-10-20 19:00:00+00:00
1760990400000,0.02552,0.02561,0.0253,0.02535,4704182.0,1760994000000,119595.08112,1554,2025-10-20 20:00:00+00:00
1760994000000,0.02537,0.02585,0.02535,0.02568,4613515.0,1760997600000,118110.20213,1073,2025-10-20 21:00:00+00:00
1760997600000,0.02566,0.02575,0.02547,0.02564,2418896.0,1761001200000,61994.62993,738,2025-10-20 22:00:00+00:00
1761001200000,0.02566,0.02581,0.02549,0.02556,4570540.0,1761004800000,117292.0069,1061,2025-10-20 23:00:00+00:00
1761004800000,0.02554,0.02562,0.02536,0.02552,3074363.0,1761008400000,78344.47676,749,2025-10-21 00:00:00+00:00
1761008400000,0.02553,0.02587,0.02532,0.02561,4682000.0,1761012000000,120047.63508,1128,2025-10-21 01:00:00+00:00
1761012000000,0.02561,0.02564,0.02504,0.02507,11182900.0,1761015600000,283230.77724,1599,2025-10-21 02:00:00+00:00
1761015600000,0.02507,0.0252,0.02489,0.02506,3914472.0,1761019200000,97974.35642,819,2025-10-21 03:00:00+00:00
1761019200000,0.02505,0.02512,0.02453,0.0246,12426459.0,1761022800000,307577.66465,2208,2025-10-21 04:00:00+00:00
1761022800000,0.02461,0.02488,0.02446,0.02447,9275448.0,1761026400000,228658.0263,1606,2025-10-21 05:00:00+00:00
1761026400000,0.02449,0.02469,0.02431,0.02462,11999109.0,1761030000000,294728.93893,1495,2025-10-21 06:00:00+00:00
1761030000000,0.02463,0.02469,0.02429,0.02449,6026590.0,1761033600000,147873.56101,899,2025-10-21 07:00:00+00:00
1761033600000,0.02449,0.02449,0.02403,0.02427,10344383.0,1761037200000,250493.92252,1331,2025-10-21 08:00:00+00:00
1761037200000,0.02425,0.02455,0.02401,0.02445,7233788.0,1761040800000,175686.23169,1228,2025-10-21 09:00:00+00:00
1761040800000,0.02443,0.02482,0.0243,0.02463,11165400.0,1761044400000,274253.76182,1796,2025-10-21 10:00:00+00:00
1761044400000,0.02461,0.02465,0.02439,0.02441,5848888.0,1761048000000,143483.82654,849,2025-10-21 11:00:00+00:00
1761048000000,0.02439,0.02469,0.02434,0.02435,10106773.0,1761051600000,247818.1329,1317,2025-10-21 12:00:00+00:00
1761051600000,0.02435,0.02462,0.0242,0.02439,10029366.0,1761055200000,244439.01115,1720,2025-10-21 13:00:00+00:00
1761055200000,0.02439,0.0256,0.02437,0.02552,21815588.0,1761058800000,545710.01962,3242,2025-10-21 14:00:00+00:00
1761058800000,0.02553,0.02576,0.02542,0.02559,14910657.0,1761062400000,381417.50855,2169,2025-10-21 15:00:00+00:00
1761062400000,0.02558,0.02579,0.02507,0.02518,12753746.0,1761066000000,325762.85507,2346,2025-10-21 16:00:00+00:00
1761066000000,0.02516,0.02528,0.02476,0.02509,11022474.0,1761069600000,275958.00412,2626,2025-10-21 17:00:00+00:00
1761069600000,0.0251,0.0253,0.02496,0.02516,6001957.0,1761073200000,150757.17917,1812,2025-10-21 18:00:00+00:00
1761073200000,0.02515,0.02515,0.02492,0.02496,3449810.0,1761076800000,86406.11977,963,2025-10-21 19:00:00+00:00
1761076800000,0.02497,0.02507,0.02443,0.02449,9975068.0,1761080400000,246106.90497,2552,2025-10-21 20:00:00+00:00
1761080400000,0.02448,0.02462,0.02415,0.0244,8722192.0,1761084000000,212405.79691,1387,2025-10-21 21:00:00+00:00
1761084000000,0.02437,0.02442,0.02348,0.0237,21483977.0,1761087600000,509872.49481,3510,2025-10-21 22:00:00+00:00
1761087600000,0.02368,0.0238,0.0233,0.02335,8221426.0,1761091200000,193725.64458,1365,2025-10-21 23:00:00+00:00
1761091200000,0.02335,0.02361,0.02322,0.02331,11165445.0,1761094800000,261581.43916,1738,2025-10-22 00:00:00+00:00
1761094800000,0.0233,0.02348,0.02305,0.02321,11564804.0,1761098400000,268594.28523,1382,2025-10-22 01:00:00+00:00
1761098400000,0.02322,0.02374,0.02315,0.0234,8251777.0,1761102000000,193587.49499,1417,2025-10-22 02:00:00+00:00
1761102000000,0.0234,0.0234,0.02315,0.0233,4746458.0,1761105600000,110345.80673,834,2025-10-22 03:00:00+00:00
1761105600000,0.02329,0.02383,0.02314,0.02382,7606089.0,1761109200000,178052.16867,1351,2025-10-22 04:00:00+00:00
1761109200000,0.0238,0.02389,0.02321,0.02346,9190153.0,1761112800000,216472.20193,2039,2025-10-22 05:00:00+00:00
1761112800000,0.02344,0.02346,0.02329,0.02335,4147562.0,1761116400000,96936.67539,601,2025-10-22 06:00:00+00:00
1761116400000,0.02334,0.02355,0.02322,0.02353,5467476.0,1761120000000,127613.10116,962,2025-10-22 07:00:00+00:00
1761120000000,0.02352,0.02352,0.02284,0.0232,9570753.0,1761123600000,221162.90652,1911,2025-10-22 08:00:00+00:00
1761123600000,0.02323,0.02347,0.02301,0.02345,9979645.0,1761127200000,232165.36662,1682,2025-10-22 09:00:00+00:00
1761127200000,0.02344,0.02349,0.02258,0.02271,17390473.0,1761130800000,399102.19897,2239,2025-10-22 10:00:00+00:00
1761130800000,0.0227,0.02334,0.02264,0.02312,13718441.0,1761134400000,316510.30168,2523,2025-10-22 11:00:00+00:00
1761134400000,0.02311,0.02325,0.02298,0.02314,6765575.0,1761138000000,156458.61656,1266,2025-10-22 12:00:00+00:00
1761138000000,0.02314,0.0238,0.02305,0.02376,11282533.0,1761141600000,264003.07972,2383,2025-10-22 13:00:00+00:00
1761141600000,0.02378,0.02378,0.02304,0.02337,15363365.0,1761145200000,357789.27813,2932,2025-10-22 14:00:00+00:00
1761145200000,0.02337,0.02367,0.023,0.02326,12675682.0,1761148800000,295366.34803,2687,2025-10-22 15:00:00+00:00
1761148800000,0.02323,0.02377,0.02319,0.02332,11933797.0,1761152400000,280263.84628,3015,2025-10-22 16:00:00+00:00
1761152400000,0.02334,0.02341,0.02308,0.02315,6878057.0,1761156000000,159550.54801,1258,2025-10-22 17:00:00+00:00
1761156000000,0.02315,0.02326,0.02288,0.02315,9269554.0,1761159600000,213984.81352,1544,2025-10-22 18:00:00+00:00
1761159600000,0.02313,0.02334,0.02285,0.02299,5492460.0,1761163200000,127014.26152,1241,2025-10-22 19:00:00+00:00
1761163200000,0.023,0.02302,0.02204,0.02207,16298568.0,1761166800000,365942.2301,2688,2025-10-22 20:00:00+00:00
1761166800000,0.02207,0.02233,0.02164,0.02199,20585585.0,1761170400000,452545.55633,3524,2025-10-22 21:00:00+00:00
1761170400000,0.022,0.02226,0.02192,0.02198,8527773.0,1761174000000,188256.03185,1193,2025-10-22 22:00:00+00:00
1761174000000,0.02199,0.02245,0.02199,0.02233,5622463.0,1761177600000,125058.45955,1025,2025-10-22 23:00:00+00:00
1761177600000,0.02235,0.02254,0.02227,0.02249,3714307.0,1761181200000,83276.17579,752,2025-10-23 00:00:00+00:00
1761181200000,0.02251,0.02261,0.02241,0.02254,4236375.0,1761184800000,95332.68905,712,2025-10-23 01:00:00+00:00
1761184800000,0.02252,0.02277,0.0225,0.02261,2869900.0,1761188400000,65005.16928,533,2025-10-23 02:00:00+00:00
1761188400000,0.02261,0.02288,0.02256,0.0227,3061898.0,1761192000000,69551.47371,680,2025-10-23 03:00:00+00:00
1761192000000,0.02269,0.02297,0.02262,0.02276,3614130.0,1761195600000,82508.86852,792,2025-10-23 04:00:00+00:00
1761195600000,0.02276,0.02281,0.02269,0.02277,4026685.0,1761199200000,91590.30282,521,2025-10-23 05:00:00+00:00
1761199200000,0.02277,0.02316,0.02276,0.02302,3654489.0,1761202800000,83953.00871,927,2025-10-23 06:00:00+00:00
1761202800000,0.02302,0.02302,0.02273,0.02283,3014309.0,1761206400000,68860.57404,736,2025-10-23 07:00:00+00:00
1761206400000,0.02283,0.02293,0.0227,0.02283,3363686.0,1761210000000,76742.93529,858,2025-10-23 08:00:00+00:00
1761210000000,0.02282,0.02293,0.0228,0.02283,2692930.0,1761213600000,61565.41028,529,2025-10-23 09:00:00+00:00
1761213600000,0.02283,0.02312,0.02283,0.0229,4032674.0,1761217200000,92682.04609,978,2025-10-23 10:00:00+00:00
1761217200000,0.02289,0.02289,0.02256,0.02266,5092270.0,1761220800000,115868.10015,834,2025-10-23 11:00:00+00:00
1761220800000,0.02265,0.02278,0.02239,0.02278,7770420.0,1761224400000,175333.42714,1339,2025-10-23 12:00:00+00:00
1761224400000,0.02277,0.02301,0.02259,0.02287,8894395.0,1761228000000,202659.32961,1234,2025-10-23 13:00:00+00:00
1761228000000,0.02288,0.02289,0.0225,0.02265,7199267.0,1761231600000,163018.57373,1155,2025-10-23 14:00:00+00:00
1761231600000,0.02266,0.02377,0.02254,0.02348,31800374.0,1761235200000,745606.28761,4473,2025-10-23 15:00:00+00:00
1761235200000,0.02348,0.0237,0.02319,0.02352,8238975.0,1761238800000,192790.63763,1637,2025-10-23 16:00:00+00:00
1761238800000,0.02352,0.02433,0.02342,0.02413,16463927.0,1761242400000,394719.79755,2502,2025-10-23 17:00:00+00:00
1761242400000,0.02413,0.02413,0.02375,0.02388,5343340.0,1761246000000,127955.40234,1202,2025-10-23 18:00:00+00:00
1761246000000,0.02388,0.02403,0.0237,0.02395,3278254.0,1761249600000,78339.06277,810,2025-10-23 19:00:00+00:00
1761249600000,0.02396,0.02396,0.02366,0.02369,5171444.0,1761253200000,123018.83531,942,2025-10-23 20:00:00+00:00
1761253200000,0.02368,0.0238,0.0235,0.02363,2206991.0,1761256800000,52153.70958,542,2025-10-23 21:00:00+00:00
1761256800000,0.02363,0.0239,0.02353,0.02378,3109478.0,1761260400000,73779.80413,623,2025-10-23 22:00:00+00:00
1761260400000,0.02381,0.02404,0.02373,0.02404,1439618.0,1761264000000,34381.36914,448,2025-10-23 23:00:00+00:00
1761264000000,0.02403,0.02404,0.02366,0.02388,3909044.0,1761267600000,93119.31691,795,2025-10-24 00:00:00+00:00
1761267600000,0.02388,0.02394,0.02368,0.0238,1168226.0,1761271200000,27813.46797,419,2025-10-24 01:00:00+00:00
1761271200000,0.02378,0.024,0.02373,0.02387,2182286.0,1761274800000,52075.6758,576,2025-10-24 02:00:00+00:00
1761274800000,0.02387,0.02398,0.02375,0.02396,2386180.0,1761278400000,56906.45425,578,2025-10-24 03:00:00+00:00
1761278400000,0.02396,0.02456,0.02394,0.0245,7115256.0,1761282000000,172656.95389,1740,2025-10-24 04:00:00+00:00
1761282000000,0.02448,0.02448,0.02424,0.02437,4690030.0,1761285600000,114276.36468,1005,2025-10-24 05:00:00+00:00
1761285600000,0.02435,0.02446,0.02422,0.02434,4165698.0,1761289200000,101283.93755,758,2025-10-24 06:00:00+00:00
1761289200000,0.02433,0.02443,0.02402,0.02411,6844837.0,1761292800000,165999.97856,860,2025-10-24 07:00:00+00:00
1761292800000,0.02412,0.02418,0.02382,0.02398,6095283.0,1761296400000,146441.21376,1067,2025-10-24 08:00:00+00:00
1761296400000,0.02397,0.02403,0.02386,0.02393,2043093.0,1761300000000,48960.45064,468,2025-10-24 09:00:00+00:00
1761300000000,0.02392,0.02394,0.0236,0.0237,5575078.0,1761303600000,132449.47662,730,2025-10-24 10:00:00+00:00
1761303600000,0.0237,0.02382,0.02359,0.02382,5215055.0,1761307200000,123816.85879,747,2025-10-24 11:00:00+00:00
1761307200000,0.0238,0.02427,0.02375,0.02403,7979914.0,1761310800000,191755.23177,1947,2025-10-24 12:00:00+00:00
1761310800000,0.02402,0.02408,0.02337,0.02361,10498530.0,1761314400000,249326.9743,1850,2025-10-24 13:00:00+00:00
1761314400000,0.02361,0.02367,0.02331,0.02351,7366650.0,1761318000000,173007.00448,1434,2025-10-24 14:00:00+00:00
1761318000000,0.02351,0.02364,0.02323,0.02336,4216387.0,1761321600000,98750.07681,1212,2025-10-24 15:00:00+00:00
1761321600000,0.02335,0.02335,0.02299,0.0232,4600763.0,1761325200000,106480.77131,1032,2025-10-24 16:00:00+00:00
1761325200000,0.02319,0.02341,0.02315,0.02317,2399270.0,1761328800000,55880.72896,634,2025-10-24 17:00:00+00:00
1761328800000,0.02318,0.02343,0.02315,0.02337,2627339.0,1761332400000,61395.51243,601,2025-10-24 18:00:00+00:00
1761332400000,0.02338,0.0236,0.02333,0.02347,4033647.0,1761336000000,94647.22945,774,2025-10-24 19:00:00+00:00
1761336000000,0.02346,0.02353,0.02334,0.0235,2179532.0,1761339600000,51104.02018,573,2025-10-24 20:00:00+00:00
1761339600000,0.02351,0.02364,0.0234,0.02361,2486823.0,1761343200000,58428.79214,465,2025-10-24 21:00:00+00:00
1761343200000,0.02361,0.02386,0.02359,0.02369,4041749.0,1761346800000,96085.37493,523,2025-10-24 22:00:00+00:00
1761346800000,0.02368,0.02383,0.02361,0.0237,2719603.0,1761350400000,64427.77859,515,2025-10-24 23:00:00+00:00
1761350400000,0.02371,0.02373,0.02348,0.02356,2850625.0,1761354000000,67213.09799,627,2025-10-25 00:00:00+00:00
1761354000000,0.02357,0.02387,0.02351,0.02371,2432380.0,1761357600000,57672.99313,489,2025-10-25 01:00:00+00:00
1761357600000,0.02369,0.02372,0.02337,0.02355,5884207.0,1761361200000,138495.71377,800,2025-10-25 02:00:00+00:00
1761361200000,0.02355,0.02358,0.02335,0.0234,3312676.0,1761364800000,77736.7618,684,2025-10-25 03:00:00+00:00
1761364800000,0.0234,0.02386,0.02338,0.02354,7744180.0,1761368400000,182929.28838,1520,2025-10-25 04:00:00+00:00
1761368400000,0.02353,0.0236,0.02345,0.02351,2015183.0,1761372000000,47385.5519,478,2025-10-25 05:00:00+00:00
1761372000000,0.02351,0.02353,0.02331,0.02333,3169388.0,1761375600000,74301.62743,740,2025-10-25 06:00:00+00:00
1761375600000,0.02333,0.02364,0.02328,0.02349,3331126.0,1761379200000,78217.74249,827,2025-10-25 07:00:00+00:00
1761379200000,0.02348,0.02356,0.02331,0.0235,3355502.0,1761382800000,78619.6316,643,2025-10-25 08:00:00+00:00
1761382800000,0.0235,0.02358,0.02329,0.02337,3920903.0,1761386400000,91833.75387,684,2025-10-25 09:00:00+00:00
1761386400000,0.02338,0.02341,0.02316,0.02331,2702361.0,1761390000000,62916.29269,462,2025-10-25 10:00:00+00:00
1761390000000,0.0233,0.02336,0.02316,0.02331,2817973.0,1761393600000,65621.97833,588,2025-10-25 11:00:00+00:00
1761393600000,0.02331,0.02352,0.02328,0.02336,2598762.0,1761397200000,60783.75156,577,2025-10-25 12:00:00+00:00
1761397200000,0.02335,0.02367,0.02328,0.02346,8215733.0,1761400800000,192931.78565,1213,2025-10-25 13:00:00+00:00
1761400800000,0.02345,0.02353,0.0233,0.02337,3122011.0,1761404400000,73029.35525,664,2025-10-25 14:00:00+00:00
1761404400000,0.02337,0.02347,0.02317,0.02344,5148071.0,1761408000000,119980.29818,964,2025-10-25 15:00:00+00:00
1761408000000,0.02345,0.02356,0.0233,0.02335,6102245.0,1761411600000,143236.78627,843,2025-10-25 16:00:00+00:00
1761411600000,0.02335,0.02349,0.02329,0.02336,4684699.0,1761415200000,109464.28068,612,2025-10-25 17:00:00+00:00
1761415200000,0.02335,0.02371,0.02332,0.02355,8116075.0,1761418800000,190719.6767,928,2025-10-25 18:00:00+00:00
1761418800000,0.02356,0.02383,0.02356,0.02375,5588901.0,1761422400000,132419.79571,1064,2025-10-25 19:00:00+00:00
1761422400000,0.02378,0.02387,0.02369,0.02369,2696704.0,1761426000000,64135.36011,657,2025-10-25 20:00:00+00:00
1761426000000,0.02369,0.02378,0.02356,0.0236,1798618.0,1761429600000,42592.11698,273,2025-10-25 21:00:00+00:00
1761429600000,0.0236,0.02396,0.02353,0.02392,3784346.0,1761433200000,89921.19618,766,2025-10-25 22:00:00+00:00
1761433200000,0.02391,0.02392,0.02376,0.02377,2190500.0,1761436800000,52257.10096,532,2025-10-25 23:00:00+00:00
1761436800000,0.02376,0.02396,0.02353,0.02382,6491338.0,1761440400000,154042.07393,1760,2025-10-26 00:00:00+00:00
1761440400000,0.02382,0.02408,0.02374,0.02386,6977875.0,1761444000000,166699.69215,1296,2025-10-26 01:00:00+00:00
1761444000000,0.02384,0.02385,0.02354,0.02361,4652926.0,1761447600000,110097.40531,870,2025-10-26 02:00:00+00:00
1761447600000,0.0236,0.02372,0.02347,0.02354,2965663.0,1761451200000,69862.36309,736,2025-10-26 03:00:00+00:00
1761451200000,0.02354,0.02365,0.02346,0.02362,2896024.0,1761454800000,68188.00043,621,2025-10-26 04:00:00+00:00
1761454800000,0.02362,0.02386,0.02356,0.02378,2565756.0,1761458400000,60918.79359,663,2025-10-26 05:00:00+00:00
1761458400000,0.02377,0.02377,0.02319,0.02335,12972079.0,1761462000000,303609.13889,1777,2025-10-26 06:00:00+00:00
1761462000000,0.02335,0.02371,0.02333,0.02365,3883362.0,1761465600000,91491.63069,1318,2025-10-26 07:00:00+00:00
1761465600000,0.02365,0.02376,0.02354,0.02356,4986822.0,1761469200000,118064.30791,975,2025-10-26 08:00:00+00:00
1761469200000,0.02355,0.02388,0.0234,0.02387,7001991.0,1761472800000,165879.6658,1478,2025-10-26 09:00:00+00:00
1761472800000,0.02386,0.02387,0.02367,0.02375,2952160.0,1761476400000,70183.07677,644,2025-10-26 10:00:00+00:00
1761476400000,0.02375,0.0245,0.02365,0.02437,11772403.0,1761480000000,284910.17052,2293,2025-10-26 11:00:00+00:00
1761480000000,0.02439,0.02448,0.02408,0.02431,9402369.0,1761483600000,228300.03006,1496,2025-10-26 12:00:00+00:00
1761483600000,0.0243,0.02435,0.0241,0.0242,4933539.0,1761487200000,119399.13829,1024,2025-10-26 13:00:00+00:00
1761487200000,0.02418,0.02425,0.02401,0.02418,5253735.0,1761490800000,126887.47066,792,2025-10-26 14:00:00+00:00
1761490800000,0.02418,0.02422,0.02397,0.02402,7308127.0,1761494400000,175944.86233,915,2025-10-26 15:00:00+00:00
1761494400000,0.02401,0.02404,0.02368,0.02369,5040410.0,1761498000000,120135.76183,1164,2025-10-26 16:00:00+00:00
1761498000000,0.02368,0.02376,0.02355,0.02375,3241316.0,1761501600000,76656.75959,684,2025-10-26 17:00:00+00:00
1761501600000,0.02376,0.02397,0.02376,0.02385,3917096.0,1761505200000,93568.32185,640,2025-10-26 18:00:00+00:00
1761505200000,0.02385,0.02385,0.02364,0.0237,1452708.0,1761508800000,34471.64288,430,2025-10-26 19:00:00+00:00
1761508800000,0.0237,0.02391,0.02358,0.02362,4526676.0,1761512400000,107440.55201,768,2025-10-26 20:00:00+00:00
1761512400000,0.02362,0.02388,0.02358,0.02372,3082871.0,1761516000000,73165.05313,665,2025-10-26 21:00:00+00:00
1761516000000,0.02374,0.02416,0.02374,0.02409,4206913.0,1761519600000,100967.80618,1145,2025-10-26 22:00:00+00:00
1761519600000,0.02411,0.02424,0.02396,0.02405,2770933.0,1761523200000,66760.62545,705,2025-10-26 23:00:00+00:00
1761523200000,0.02405,0.02409,0.02382,0.02391,2593067.0,1761526800000,62157.53215,711,2025-10-27 00:00:00+00:00
1761526800000,0.02389,0.0242,0.02383,0.02413,4835143.0,1761530400000,116325.34129,744,2025-10-27 01:00:00+00:00
1761530400000,0.02412,0.02428,0.02383,0.02387,5458217.0,1761534000000,131108.95345,1069,2025-10-27 02:00:00+00:00
1761534000000,0.02387,0.02414,0.02377,0.02407,3889599.0,1761537600000,93143.3917,1216,2025-10-27 03:00:00+00:00
1761537600000,0.02405,0.02415,0.02388,0.02392,5714982.0,1761541200000,137158.19086,1088,2025-10-27 04:00:00+00:00
1761541200000,0.02392,0.02449,0.02391,0.02409,8091063.0,1761544800000,195596.18383,1725,2025-10-27 05:00:00+00:00
1761544800000,0.0241,0.0241,0.0238,0.02395,6506847.0,1761548400000,155564.79932,1569,2025-10-27 06:00:00+00:00
1761548400000,0.02393,0.02402,0.02331,0.02348,9985411.0,1761552000000,236463.04452,2811,2025-10-27 07:00:00+00:00
1761552000000,0.02346,0.02364,0.02321,0.02333,9306880.0,1761555600000,218200.06417,2573,2025-10-27 08:00:00+00:00
1761555600000,0.02332,0.02332,0.02278,0.02292,11151068.0,1761559200000,256581.66236,3107,2025-10-27 09:00:00+00:00
1761559200000,0.02291,0.02299,0.02277,0.0229,7103874.0,1761562800000,162499.62824,1323,2025-10-27 10:00:00+00:00
1761562800000,0.0229,0.02318,0.02271,0.02318,4144456.0,1761566400000,95035.77193,1292,2025-10-27 11:00:00+00:00
1761566400000,0.02319,0.02331,0.02278,0.02282,8250248.0,1761570000000,189839.70623,1371,2025-10-27 12:00:00+00:00
1761570000000,0.02281,0.02299,0.02243,0.02276,9246049.0,1761573600000,209700.03393,1687,2025-10-27 13:00:00+00:00
1761573600000,0.02274,0.02283,0.02255,0.02275,5763403.0,1761577200000,130783.4941,1205,2025-10-27 14:00:00+00:00
1761577200000,0.02275,0.02298,0.02266,0.02274,2941194.0,1761580800000,67052.99582,827,2025-10-27 15:00:00+00:00
1761580800000,0.02274,0.02305,0.02272,0.02299,5105422.0,1761584400000,116773.33962,1027,2025-10-27 16:00:00+00:00
1761584400000,0.02297,0.02314,0.02292,0.02303,3394138.0,1761588000000,78183.84612,907,2025-10-27 17:00:00+00:00
1761588000000,0.02302,0.0231,0.02283,0.02287,4201798.0,1761591600000,96526.14157,714,2025-10-27 18:00:00+00:00
1761591600000,0.02284,0.02286,0.02259,0.02261,4393584.0,1761595200000,99790.02406,691,2025-10-27 19:00:00+00:00
1761595200000,0.02259,0.02259,0.02218,0.02237,11259262.0,1761598800000,251595.5324,1861,2025-10-27 20:00:00+00:00
1761598800000,0.02236,0.02262,0.02235,0.0224,3816054.0,1761602400000,85940.97497,550,2025-10-27 21:00:00+00:00
1761602400000,0.02237,0.02249,0.02219,0.02228,4457050.0,1761606000000,99552.688,692,2025-10-27 22:00:00+00:00
1761606000000,0.02228,0.02234,0.02207,0.02224,4405082.0,1761609600000,97754.38521,788,2025-10-27 23:00:00+00:00
1761609600000,0.02225,0.02238,0.02209,0.02221,3565582.0,1761613200000,79370.6833,760,2025-10-28 00:00:00+00:00
1761613200000,0.02222,0.02239,0.02212,0.02224,3220222.0,1761616800000,71696.79928,708,2025-10-28 01:00:00+00:00
1761616800000,0.02224,0.02228,0.02182,0.02211,9470010.0,1761620400000,208801.36572,1545,2025-10-28 02:00:00+00:00
1761620400000,0.0221,0.02221,0.02194,0.02204,3081287.0,1761624000000,68067.66097,712,2025-10-28 03:00:00+00:00
1761624000000,0.02203,0.02232,0.02192,0.02227,3051513.0,1761627600000,67537.61589,544,2025-10-28 04:00:00+00:00
1761627600000,0.02228,0.02236,0.02193,0.02204,3374033.0,1761631200000,74675.72428,761,2025-10-28 05:00:00+00:00
1761631200000,0.02205,0.02245,0.02205,0.02242,3319517.0,1761634800000,73735.12604,696,2025-10-28 06:00:00+00:00
1761634800000,0.02243,0.02251,0.02224,0.02232,5855887.0,1761638400000,131277.99632,721,2025-10-28 07:00:00+00:00
1761638400000,0.02233,0.02261,0.02231,0.02253,2362660.0,1761642000000,53168.0436,538,2025-10-28 08:00:00+00:00
1761642000000,0.02252,0.0226,0.02236,0.02249,2668532.0,1761645600000,59966.83031,603,2025-10-28 09:00:00+00:00
1761645600000,0.02249,0.02384,0.02247,0.02346,29811564.0,1761649200000,694860.05798,4940,2025-10-28 10:00:00+00:00
1761649200000,0.02343,0.02347,0.02282,0.02285,10112044.0,1761652800000,234155.64868,1995,2025-10-28 11:00:00+00:00
1761652800000,0.02284,0.02308,0.02279,0.02301,4017481.0,1761656400000,92169.65559,1294,2025-10-28 12:00:00+00:00
1761656400000,0.02302,0.02388,0.02302,0.02367,24813222.0,1761660000000,584593.53574,8214,2025-10-28 13:00:00+00:00
1761660000000,0.02366,0.02366,0.02271,0.02319,16982021.0,1761663600000,394457.22113,4764,2025-10-28 14:00:00+00:00
1761663600000,0.0232,0.02335,0.02293,0.02305,4909570.0,1761667200000,113494.42751,1479,2025-10-28 15:00:00+00:00
1761667200000,0.02304,0.02339,0.0229,0.02334,9032785.0,1761670800000,208583.85224,2166,2025-10-28 16:00:00+00:00
1761670800000,0.02335,0.02345,0.02301,0.02309,9854348.0,1761674400000,228439.4549,2031,2025-10-28 17:00:00+00:00
1761674400000,0.0231,0.0233,0.02292,0.02312,5436780.0,1761678000000,125483.37038,1299,2025-10-28 18:00:00+00:00
1761678000000,0.02313,0.02316,0.02256,0.02274,8623890.0,1761681600000,196976.48627,2012,2025-10-28 19:00:00+00:00
1761681600000,0.02274,0.02279,0.02203,0.02227,12333140.0,1761685200000,276289.63214,3759,2025-10-28 20:00:00+00:00
1761685200000,0.02224,0.02243,0.02196,0.02227,6662445.0,1761688800000,147912.62928,1639,2025-10-28 21:00:00+00:00
1761688800000,0.02227,0.02255,0.02216,0.02251,2962599.0,1761692400000,66402.25372,889,2025-10-28 22:00:00+00:00
1761692400000,0.0225,0.02253,0.0223,0.02249,2181434.0,1761696000000,48897.70503,622,2025-10-28 23:00:00+00:00
1761696000000,0.02249,0.02292,0.02241,0.02254,5641956.0,1761699600000,127827.37241,1307,2025-10-29 00:00:00+00:00
1761699600000,0.02253,0.02281,0.02245,0.02275,2695021.0,1761703200000,60973.78718,593,2025-10-29 01:00:00+00:00
1761703200000,0.02275,0.0231,0.02266,0.02281,6483256.0,1761706800000,148257.45118,1181,2025-10-29 02:00:00+00:00
1761706800000,0.02279,0.02279,0.02254,0.02257,4330770.0,1761710400000,98166.36688,938,2025-10-29 03:00:00+00:00
1761710400000,0.02257,0.02261,0.02244,0.02247,2115726.0,1761714000000,47680.5657,555,2025-10-29 04:00:00+00:00
1761714000000,0.02246,0.02257,0.02234,0.02236,3617371.0,1761717600000,81273.72715,868,2025-10-29 05:00:00+00:00
1761717600000,0.02235,0.02256,0.02232,0.02251,3028428.0,1761721200000,67964.73444,607,2025-10-29 06:00:00+00:00
1761721200000,0.0225,0.02257,0.02219,0.02245,7129197.0,1761724800000,159696.73003,1035,2025-10-29 07:00:00+00:00
1761724800000,0.02245,0.02255,0.02229,0.02234,5613247.0,1761728400000,125728.15633,969,2025-10-29 08:00:00+00:00
1761728400000,0.02233,0.02246,0.0223,0.0223,2144881.0,1761732000000,47989.02363,472,2025-10-29 09:00:00+00:00
1761732000000,0.0223,0.02252,0.02212,0.02218,4982697.0,1761735600000,111093.28427,848,2025-10-29 10:00:00+00:00
1761735600000,0.02218,0.02248,0.02218,0.02222,3359795.0,1761739200000,74978.49959,718,2025-10-29 11:00:00+00:00
1761739200000,0.02224,0.02233,0.02215,0.02215,1970448.0,1761742800000,43843.76759,455,2025-10-29 12:00:00+00:00
1761742800000,0.02218,0.02229,0.02194,0.02207,7569334.0,1761746400000,167553.63259,1590,2025-10-29 13:00:00+00:00
1761746400000,0.02208,0.02212,0.02177,0.02201,6924331.0,1761750000000,151809.90809,1467,2025-10-29 14:00:00+00:00
1761750000000,0.02202,0.02202,0.02078,0.02122,34013799.0,1761753600000,723180.04267,7408,2025-10-29 15:00:00+00:00
1761753600000,0.02121,0.0214,0.0211,0.02121,6028806.0,1761757200000,128092.7831,1784,2025-10-29 16:00:00+00:00
1761757200000,0.02121,0.02165,0.02118,0.02163,4732506.0,1761760800000,101536.0338,1688,2025-10-29 17:00:00+00:00
1761760800000,0.02163,0.02188,0.02051,0.02167,25602419.0,1761764400000,543618.85538,6947,2025-10-29 18:00:00+00:00
1761764400000,0.02167,0.02192,0.02149,0.02183,6340253.0,1761768000000,137526.051,1663,2025-10-29 19:00:00+00:00
1761768000000,0.02183,0.0223,0.02177,0.02224,5336514.0,1761771600000,117564.71355,1272,2025-10-29 20:00:00+00:00
1761771600000,0.02224,0.02233,0.02204,0.02217,4303890.0,1761775200000,95499.75313,749,2025-10-29 21:00:00+00:00
1761775200000,0.02216,0.02216,0.02178,0.02178,3194369.0,1761778800000,70128.24474,1074,2025-10-29 22:00:00+00:00
1761778800000,0.02178,0.02182,0.02143,0.02153,4864981.0,1761782400000,105014.08084,1170,2025-10-29 23:00:00+00:00
1761782400000,0.02153,0.02168,0.02139,0.02165,2073672.0,1761786000000,44701.75291,624,2025-10-30 00:00:00+00:00
1761786000000,0.02165,0.02171,0.02153,0.02157,1764311.0,1761789600000,38128.63788,476,2025-10-30 01:00:00+00:00
1761789600000,0.02156,0.02179,0.02152,0.02171,3691292.0,1761793200000,79955.23131,651,2025-10-30 02:00:00+00:00
1761793200000,0.02171,0.02171,0.02137,0.02143,4294287.0,1761796800000,92311.589,805,2025-10-30 03:00:00+00:00
1761796800000,0.02143,0.02143,0.0199,0.02042,35688536.0,1761800400000,732234.09711,4587,2025-10-30 04:00:00+00:00
1761800400000,0.02043,0.02092,0.02031,0.02085,6698504.0,1761804000000,137966.08068,1278,2025-10-30 05:00:00+00:00
1761804000000,0.02084,0.02097,0.02068,0.02076,4243850.0,1761807600000,88411.7577,845,2025-10-30 06:00:00+00:00
1761807600000,0.02075,0.02112,0.02064,0.02086,5896203.0,1761811200000,123314.53877,1055,2025-10-30 07:00:00+00:00
1761811200000,0.02085,0.02094,0.02044,0.02045,6027762.0,1761814800000,124415.51744,1013,2025-10-30 08:00:00+00:00
1761814800000,0.02046,0.02101,0.02028,0.02064,17401495.0,1761818400000,360647.01132,2075,2025-10-30 09:00:00+00:00
1761818400000,0.02063,0.02078,0.02047,0.02053,4510409.0,1761822000000,93063.08494,922,2025-10-30 10:00:00+00:00
1761822000000,0.02053,0.02061,0.0202,0.02024,6418507.0,1761825600000,130974.55455,1307,2025-10-30 11:00:00+00:00
1761825600000,0.02023,0.0204,0.01976,0.02003,11311095.0,1761829200000,227414.70589,2196,2025-10-30 12:00:00+00:00
1761829200000,0.02002,0.02028,0.01974,0.01998,7228204.0,1761832800000,144804.14351,1910,2025-10-30 13:00:00+00:00
1761832800000,0.01998,0.02015,0.01972,0.02003,11015877.0,1761836400000,219442.42639,1568,2025-10-30 14:00:00+00:00
1761836400000,0.02003,0.02013,0.01952,0.01958,10962312.0,1761840000000,217011.35124,1835,2025-10-30 15:00:00+00:00
1761840000000,0.01959,0.01988,0.01937,0.01954,7523596.0,1761843600000,147371.79146,1529,2025-10-30 16:00:00+00:00
1761843600000,0.01957,0.01957,0.01891,0.01932,21155723.0,1761847200000,407160.54192,2826,2025-10-30 17:00:00+00:00
1761847200000,0.01932,0.01934,0.01887,0.01899,5468890.0,1761850800000,104400.58575,1098,2025-10-30 18:00:00+00:00
1761850800000,0.01899,0.01928,0.01892,0.01919,6068705.0,1761854400000,115948.59436,1248,2025-10-30 19:00:00+00:00
1761854400000,0.01918,0.01938,0.01906,0.01926,5726717.0,1761858000000,110208.5807,1105,2025-10-30 20:00:00+00:00
1761858000000,0.01925,0.01946,0.01918,0.01936,2310004.0,1761861600000,44577.52144,398,2025-10-30 21:00:00+00:00
1761861600000,0.01935,0.01948,0.01931,0.01946,1063410.0,1761865200000,20601.53288,272,2025-10-30 22:00:00+00:00
1761865200000,0.01947,0.01955,0.01932,0.01953,2304678.0,1761868800000,44860.66957,511,2025-10-30 23:00:00+00:00
1761868800000,0.01952,0.01973,0.01951,0.0197,1179211.0,1761872400000,23138.8446,367,2025-10-31 00:00:00+00:00
1761872400000,0.01969,0.0198,0.01958,0.01969,2232211.0,1761876000000,43964.36067,544,2025-10-31 01:00:00+00:00
1761876000000,0.0197,0.01979,0.01952,0.01961,4572703.0,1761879600000,89947.14337,675,2025-10-31 02:00:00+00:00
1761879600000,0.01959,0.01965,0.01945,0.01956,2129432.0,1761883200000,41614.26354,379,2025-10-31 03:00:00+00:00
1761883200000,0.01955,0.0198,0.01954,0.01961,2806817.0,1761886800000,55300.14627,553,2025-10-31 04:00:00+00:00
1761886800000,0.01962,0.01964,0.01944,0.01948,9095271.0,1761890400000,177500.13857,651,2025-10-31 05:00:00+00:00
1761890400000,0.01949,0.01955,0.01935,0.01939,1316691.0,1761894000000,25591.40651,296,2025-10-31 06:00:00+00:00
1761894000000,0.01941,0.0195,0.01926,0.01938,2320306.0,1761897600000,44941.18601,391,2025-10-31 07:00:00+00:00
1761897600000,0.01936,0.01942,0.01924,0.0194,3820389.0,1761901200000,73817.73265,428,2025-10-31 08:00:00+00:00
1761901200000,0.01941,0.0195,0.01935,0.01946,1766908.0,1761904800000,34346.49826,284,2025-10-31 09:00:00+00:00
1761904800000,0.01946,0.01948,0.01926,0.01926,2865561.0,1761908400000,55593.72778,360,2025-10-31 10:00:00+00:00
1761908400000,0.01927,0.01959,0.01909,0.01959,6424604.0,1761912000000,124219.71382,786,2025-10-31 11:00:00+00:00
1761912000000,0.01957,0.01961,0.01927,0.01929,4279246.0,1761915600000,83402.88181,567,2025-10-31 12:00:00+00:00
1761915600000,0.01928,0.01945,0.01924,0.01943,5651582.0,1761919200000,109300.25528,595,2025-10-31 13:00:00+00:00
1761919200000,0.01944,0.01956,0.01931,0.01955,4421773.0,1761922800000,85887.31676,656,2025-10-31 14:00:00+00:00
1761922800000,0.01954,0.0198,0.01947,0.01955,8754867.0,1761926400000,172049.2333,1054,2025-10-31 15:00:00+00:00
1761926400000,0.01955,0.01959,0.0189,0.01892,6627109.0,1761930000000,127410.81573,1067,2025-10-31 16:00:00+00:00
1761930000000,0.01892,0.01903,0.0186,0.0188,11145206.0,1761933600000,210312.4722,1630,2025-10-31 17:00:00+00:00
1761933600000,0.01881,0.01943,0.01881,0.01923,8940399.0,1761937200000,170682.20838,1177,2025-10-31 18:00:00+00:00
1761937200000,0.01922,0.01953,0.01913,0.01939,4645815.0,1761940800000,90036.13556,703,2025-10-31 19:00:00+00:00
1761940800000,0.0194,0.01952,0.01923,0.01925,4775691.0,1761944400000,92626.98955,597,2025-10-31 20:00:00+00:00
1761944400000,0.01926,0.0193,0.01906,0.01913,2685660.0,1761948000000,51486.92254,380,2025-10-31 21:00:00+00:00
1761948000000,0.01914,0.01929,0.0191,0.01915,3358105.0,1761951600000,64577.61761,518,2025-10-31 22:00:00+00:00
1761951600000,0.01915,0.0193,0.01912,0.01927,2133723.0,1761955200000,41015.36966,358,2025-10-31 23:00:00+00:00
1761955200000,0.01925,0.0194,0.0191,0.01937,3240516.0,1761958800000,62244.10772,847,2025-11-01 00:00:00+00:00
1761958800000,0.01938,0.01948,0.01914,0.01919,4481744.0,1761962400000,86681.85133,619,2025-11-01 01:00:00+00:00
1761962400000,0.01918,0.0194,0.01904,0.01934,3321716.0,1761966000000,63940.83284,565,2025-11-01 02:00:00+00:00
1761966000000,0.01935,0.01961,0.01933,0.01957,3795221.0,1761969600000,74035.24657,582,2025-11-01 03:00:00+00:00
1761969600000,0.01958,0.0196,0.01939,0.01943,3059611.0,1761973200000,59565.67209,530,2025-11-01 04:00:00+00:00
1761973200000,0.01942,0.01949,0.01927,0.01946,3805880.0,1761976800000,73855.18839,793,2025-11-01 05:00:00+00:00
1761976800000,0.01947,0.01957,0.01936,0.01949,3336412.0,1761980400000,64937.77298,447,2025-11-01 06:00:00+00:00
1761980400000,0.01949,0.01974,0.01947,0.01971,6135114.0,1761984000000,120420.83204,825,2025-11-01 07:00:00+00:00
1761984000000,0.01971,0.01977,0.0196,0.01977,2108269.0,1761987600000,41529.08353,482,2025-11-01 08:00:00+00:00
1761987600000,0.01975,0.01978,0.01949,0.01954,3479381.0,1761991200000,68286.2233,545,2025-11-01 09:00:00+00:00
1761991200000,0.01955,0.01977,0.01955,0.01969,2233868.0,1761994800000,43873.00741,411,2025-11-01 10:00:00+00:00
1761994800000,0.0197,0.01978,0.01963,0.01968,1880048.0,1761998400000,37038.64219,359,2025-11-01 11:00:00+00:00
1761998400000,0.01969,0.01988,0.01963,0.01967,8993334.0,1762002000000,177859.34771,1020,2025-11-01 12:00:00+00:00
1762002000000,0.01968,0.01969,0.01931,0.01945,9386044.0,1762005600000,183527.48319,1155,2025-11-01 13:00:00+00:00
1762005600000,0.01944,0.01949,0.01911,0.01921,7723715.0,1762009200000,148762.11052,1087,2025-11-01 14:00:00+00:00
1762009200000,0.01919,0.01946,0.01919,0.01946,2045838.0,1762012800000,39635.88032,507,2025-11-01 15:00:00+00:00
1762012800000,0.01945,0.01953,0.01932,0.01941,2800778.0,1762016400000,54346.78737,649,2025-11-01 16:00:00+00:00
1762016400000,0.01941,0.01949,0.01934,0.01942,1475771.0,1762020000000,28646.79839,409,2025-11-01 17:00:00+00:00
1762020000000,0.01943,0.01958,0.0194,0.01943,4202801.0,1762023600000,81772.90258,521,2025-11-01 18:00:00+00:00
1762023600000,0.01944,0.01946,0.01934,0.01943,3907724.0,1762027200000,75818.90925,520,2025-11-01 19:00:00+00:00
1762027200000,0.01944,0.01972,0.01941,0.01956,7609286.0,1762030800000,149257.18158,919,2025-11-01 20:00:00+00:00
1762030800000,0.01956,0.01964,0.01935,0.01939,2472133.0,1762034400000,48175.56723,363,2025-11-01 21:00:00+00:00
1762034400000,0.01937,0.01956,0.01936,0.01954,831359.0,1762038000000,16158.2811,232,2025-11-01 22:00:00+00:00
1762038000000,0.01955,0.01974,0.01952,0.01973,2012948.0,1762041600000,39571.97293,382,2025-11-01 23:00:00+00:00
1762041600000,0.0197,0.0197,0.01946,0.01946,1084196.0,1762045200000,21182.53789,260,2025-11-02 00:00:00+00:00
1762045200000,0.01946,0.01956,0.0194,0.01953,793772.0,1762048800000,15450.37896,229,2025-11-02 01:00:00+00:00
1762048800000,0.01953,0.01953,0.01939,0.01941,870599.0,1762052400000,16947.66076,198,2025-11-02 02:00:00+00:00
1762052400000,0.01939,0.01943,0.01924,0.01928,1442431.0,1762056000000,27897.97517,344,2025-11-02 03:00:00+00:00
1762056000000,0.01927,0.01952,0.01925,0.01951,1672131.0,1762059600000,32480.18921,398,2025-11-02 04:00:00+00:00
1762059600000,0.0195,0.01955,0.01924,0.01947,4716657.0,1762063200000,91538.92043,751,2025-11-02 05:00:00+00:00
1762063200000,0.01945,0.01965,0.01938,0.0196,1534774.0,1762066800000,29893.61413,472,2025-11-02 06:00:00+00:00
1762066800000,0.0196,0.01976,0.01952,0.01976,5728327.0,1762070400000,112419.07714,775,2025-11-02 07:00:00+00:00
1762070400000,0.01975,0.01987,0.01943,0.01953,5145930.0,1762074000000,100896.89187,661,2025-11-02 08:00:00+00:00
1762074000000,0.01953,0.0196,0.01926,0.01932,3938435.0,1762077600000,76355.48911,829,2025-11-02 09:00:00+00:00
1762077600000,0.01933,0.01938,0.01909,0.01914,4038144.0,1762081200000,77530.90471,693,2025-11-02 10:00:00+00:00
1762081200000,0.01914,0.01934,0.01912,0.0193,4000524.0,1762084800000,77070.26184,576,2025-11-02 11:00:00+00:00
1762084800000,0.01931,0.01931,0.01895,0.01911,6444344.0,1762088400000,123091.84464,858,2025-11-02 12:00:00+00:00
1762088400000,0.01909,0.01911,0.01874,0.01887,7982924.0,1762092000000,150409.31317,970,2025-11-02 13:00:00+00:00
1762092000000,0.01888,0.0195,0.0185,0.01913,27849303.0,1762095600000,530760.7703,4462,2025-11-02 14:00:00+00:00
1762095600000,0.01913,0.01935,0.01888,0.01914,13332378.0,1762099200000,255224.29104,1901,2025-11-02 15:00:00+00:00
1762099200000,0.01914,0.0192,0.01881,0.019,10383861.0,1762102800000,197575.76592,1435,2025-11-02 16:00:00+00:00
1762102800000,0.01904,0.0192,0.01895,0.01912,3182540.0,1762106400000,60692.22763,672,2025-11-02 17:00:00+00:00
1762106400000,0.01911,0.01921,0.01902,0.01914,2846307.0,1762110000000,54382.89998,597,2025-11-02 18:00:00+00:00
1762110000000,0.01913,0.01913,0.01889,0.01895,2585991.0,1762113600000,49153.89434,637,2025-11-02 19:00:00+00:00
1762113600000,0.01895,0.01909,0.01888,0.01905,985621.0,1762117200000,18718.16053,322,2025-11-02 20:00:00+00:00
1762117200000,0.01906,0.01914,0.01899,0.01911,903070.0,1762120800000,17203.39329,273,2025-11-02 21:00:00+00:00
1762120800000,0.0191,0.01919,0.01891,0.0191,4191525.0,1762124400000,79835.29327,505,2025-11-02 22:00:00+00:00
1762124400000,0.0191,0.01945,0.0191,0.01936,5787311.0,1762128000000,111573.6068,1116,2025-11-02 23:00:00+00:00
1762128000000,0.01935,0.01951,0.01902,0.01903,1374455.0,1762131600000,26593.67046,516,2025-11-03 00:00:00+00:00
1762131600000,0.01901,0.0191,0.01877,0.01884,2032674.0,1762135200000,38480.05814,653,2025-11-03 01:00:00+00:00
1762135200000,0.01885,0.01886,0.01822,0.01852,14838311.0,1762138800000,274513.83631,1896,2025-11-03 02:00:00+00:00
1762138800000,0.01853,0.01861,0.01821,0.01828,9576151.0,1762142400000,176158.15579,1791,2025-11-03 03:00:00+00:00
1762142400000,0.01827,0.01846,0.01808,0.01834,8549591.0,1762146000000,156364.32757,1366,2025-11-03 04:00:00+00:00
1762146000000,0.01835,0.01846,0.01813,0.01817,2063986.0,1762149600000,37779.0601,493,2025-11-03 05:00:00+00:00
1762149600000,0.01815,0.01822,0.01764,0.01816,11789664.0,1762153200000,211976.95457,1712,2025-11-03 06:00:00+00:00
1762153200000,0.01813,0.01837,0.01801,0.01827,3856256.0,1762156800000,70374.32535,872,2025-11-03 07:00:00+00:00
1762156800000,0.01826,0.01828,0.01792,0.01808,3617521.0,1762160400000,65371.94994,648,2025-11-03 08:00:00+00:00
1762160400000,0.01808,0.01838,0.01808,0.01815,6414557.0,1762164000000,117094.27528,923,2025-11-03 09:00:00+00:00
1762164000000,0.01814,0.01823,0.0178,0.01783,15237459.0,1762167600000,274391.02503,2572,2025-11-03 10:00:00+00:00
1762167600000,0.01784,0.01826,0.01784,0.01794,3940847.0,1762171200000,71064.94727,823,2025-11-03 11:00:00+00:00
1762171200000,0.01795,0.01809,0.01779,0.0178,5358492.0,1762174800000,96080.45349,966,2025-11-03 12:00:00+00:00
1762174800000,0.01779,0.018,0.01763,0.01768,18857386.0,1762178400000,335047.36197,2789,2025-11-03 13:00:00+00:00
1762178400000,0.0177,0.01808,0.01759,0.0179,16105840.0,1762182000000,286782.7866,1929,2025-11-03 14:00:00+00:00
1762182000000,0.0179,0.01793,0.0141,0.01606,99559402.0,1762185600000,1611867.51542,14190,2025-11-03 15:00:00+00:00
1762185600000,0.01607,0.01649,0.01585,0.0161,19219712.0,1762189200000,311110.36649,2833,2025-11-03 16:00:00+00:00
1762189200000,0.0161,0.01654,0.01608,0.01645,12316236.0,1762192800000,200348.50495,1863,2025-11-03 17:00:00+00:00
1762192800000,0.01646,0.01698,0.0163,0.01668,21840591.0,1762196400000,363674.41229,2430,2025-11-03 18:00:00+00:00
1762196400000,0.01666,0.01694,0.0165,0.01672,9478098.0,1762200000000,158218.46163,1467,2025-11-03 19:00:00+00:00
1762200000000,0.01675,0.01693,0.01661,0.01672,8173186.0,1762203600000,136955.89247,1388,2025-11-03 20:00:00+00:00
1762203600000,0.01672,0.01707,0.01659,0.01706,4938365.0,1762207200000,83241.45042,1110,2025-11-03 21:00:00+00:00
1762207200000,0.01706,0.01709,0.01673,0.01678,4225131.0,1762210800000,71480.48185,542,2025-11-03 22:00:00+00:00
1762210800000,0.01679,0.01708,0.01661,0.01686,8874509.0,1762214400000,149915.44919,1222,2025-11-03 23:00:00+00:00
1762214400000,0.01688,0.01712,0.01663,0.017,7183938.0,1762218000000,120987.82521,1053,2025-11-04 00:00:00+00:00
1762218000000,0.01701,0.01704,0.01674,0.01683,2008927.0,1762221600000,34007.75561,524,2025-11-04 01:00:00+00:00
1762221600000,0.01682,0.01695,0.01668,0.01672,4257533.0,1762225200000,71392.39888,632,2025-11-04 02:00:00+00:00
1762225200000,0.01673,0.01708,0.01672,0.01704,3347639.0,1762228800000,56631.527,941,2025-11-04 03:00:00+00:00
1762228800000,0.01705,0.01738,0.01693,0.01694,9064399.0,1762232400000,156012.1177,2290,2025-11-04 04:00:00+00:00
1762232400000,0.01694,0.01701,0.01603,0.01608,17361326.0,1762236000000,284554.82469,2840,2025-11-04 05:00:00+00:00
1762236000000,0.01607,0.01701,0.01607,0.0169,9201380.0,1762239600000,153933.95778,2335,2025-11-04 06:00:00+00:00
1762239600000,0.01689,0.01689,0.01656,0.01672,10171684.0,1762243200000,169645.77906,1892,2025-11-04 07:00:00+00:00
1762243200000,0.01672,0.01727,0.01666,0.017,8558299.0,1762246800000,145611.64706,1709,2025-11-04 08:00:00+00:00
1762246800000,0.01699,0.01753,0.01699,0.01749,10500783.0,1762250400000,180736.09642,2603,2025-11-04 09:00:00+00:00
1762250400000,0.0175,0.01753,0.01719,0.01733,7967378.0,1762254000000,137996.28917,1419,2025-11-04 10:00:00+00:00
1762254000000,0.01732,0.01776,0.01728,0.01736,11464386.0,1762257600000,200408.04608,2159,2025-11-04 11:00:00+00:00
1762257600000,0.01735,0.01754,0.0171,0.01743,6449804.0,1762261200000,111799.21704,1666,2025-11-04 12:00:00+00:00
1762261200000,0.01744,0.01763,0.01727,0.0173,4134115.0,1762264800000,72189.13046,1189,2025-11-04 13:00:00+00:00
1762264800000,0.0173,0.01771,0.01698,0.01746,6630874.0,1762268400000,115166.80801,1842,2025-11-04 14:00:00+00:00
1762268400000,0.01746,0.01758,0.0171,0.01719,15126033.0,1762272000000,262354.25977,2521,2025-11-04 15:00:00+00:00
1762272000000,0.01718,0.01736,0.01693,0.01713,5725433.0,1762275600000,98153.11729,1433,2025-11-04 16:00:00+00:00
1762275600000,0.01713,0.01724,0.01665,0.01708,12108114.0,1762279200000,204978.70308,2547,2025-11-04 17:00:00+00:00
1762279200000,0.01709,0.01711,0.01646,0.01702,16302938.0,1762282800000,273295.42388,3369,2025-11-04 18:00:00+00:00
1762282800000,0.01698,0.01762,0.01683,0.01724,18097913.0,1762286400000,312551.03157,3993,2025-11-04 19:00:00+00:00
1762286400000,0.01725,0.01733,0.01641,0.01698,15679223.0,1762290000000,264057.28232,4413,2025-11-04 20:00:00+00:00
1762290000000,0.01697,0.01734,0.01641,0.01719,20040237.0,1762293600000,339093.31258,4089,2025-11-04 21:00:00+00:00
1762293600000,0.0172,0.01744,0.01709,0.0173,8401649.0,1762297200000,145511.81763,1381,2025-11-04 22:00:00+00:00
1762297200000,0.0173,0.01743,0.0172,0.01729,5368475.0,1762300800000,93062.96779,1104,2025-11-04 23:00:00+00:00
1762300800000,0.01729,0.01735,0.01685,0.01697,3881345.0,1762304400000,66249.5767,937,2025-11-05 00:00:00+00:00
1762304400000,0.01698,0.01702,0.01617,0.01692,7094171.0,1762308000000,117327.06449,1474,2025-11-05 01:00:00+00:00
1762308000000,0.01691,0.01737,0.01691,0.01732,5729137.0,1762311600000,98029.66879,1373,2025-11-05 02:00:00+00:00
1762311600000,0.01733,0.01795,0.01732,0.01753,14616213.0,1762315200000,258173.70541,2870,2025-11-05 03:00:00+00:00
1762315200000,0.01752,0.01755,0.01723,0.01728,5658589.0,1762318800000,98301.68601,1477,2025-11-05 04:00:00+00:00
1762318800000,0.0173,0.01735,0.01707,0.01715,3897701.0,1762322400000,67108.29244,966,2025-11-05 05:00:00+00:00
1762322400000,0.01716,0.01738,0.01695,0.01738,10350819.0,1762326000000,177118.10262,1645,2025-11-05 06:00:00+00:00
1762326000000,0.01736,0.01767,0.01726,0.01767,8178022.0,1762329600000,142503.65077,1648,2025-11-05 07:00:00+00:00
1762329600000,0.01766,0.0182,0.01738,0.01765,33118990.0,1762333200000,588582.07744,7106,2025-11-05 08:00:00+00:00
1762333200000,0.01764,0.0178,0.01729,0.01735,8630282.0,1762336800000,151079.40935,1686,2025-11-05 09:00:00+00:00
1762336800000,0.01738,0.0174,0.017,0.01701,7512603.0,1762340400000,129096.2673,1610,2025-11-05 10:00:00+00:00
1762340400000,0.01701,0.01738,0.01698,0.01733,3380857.0,1762344000000,58296.42403,906,2025-11-05 11:00:00+00:00
1762344000000,0.01732,0.01744,0.01724,0.01734,4649765.0,1762347600000,80721.64735,889,2025-11-05 12:00:00+00:00
1762347600000,0.01734,0.01745,0.01717,0.01738,4458485.0,1762351200000,77081.5779,1278,2025-11-05 13:00:00+00:00
1762351200000,0.01737,0.01766,0.01721,0.01757,4841382.0,1762354800000,84549.47828,1306,2025-11-05 14:00:00+00:00
1762354800000,0.01757,0.01776,0.01738,0.01774,4039319.0,1762358400000,71003.39857,1303,2025-11-05 15:00:00+00:00
1762358400000,0.01774,0.01801,0.01761,0.01797,9664773.0,1762362000000,172341.47561,1842,2025-11-05 16:00:00+00:00
1762362000000,0.01796,0.0182,0.01783,0.01807,5739013.0,1762365600000,103578.14216,1564,2025-11-05 17:00:00+00:00
1762365600000,0.01807,0.01819,0.01786,0.01808,4753902.0,1762369200000,85503.7689,1002,2025-11-05 18:00:00+00:00
1762369200000,0.01807,0.01835,0.01796,0.01813,9856782.0,1762372800000,178623.10696,2358,2025-11-05 19:00:00+00:00
1762372800000,0.01812,0.01844,0.01797,0.0181,10237706.0,1762376400000,186142.21791,1917,2025-11-05 20:00:00+00:00
1762376400000,0.0181,0.01837,0.01797,0.01814,6404901.0,1762380000000,116488.63442,1443,2025-11-05 21:00:00+00:00
1762380000000,0.01816,0.01834,0.0181,0.01834,2758991.0,1762383600000,50279.78336,593,2025-11-05 22:00:00+00:00
1762383600000,0.01832,0.01856,0.01814,0.01842,7608756.0,1762387200000,140058.03406,1350,2025-11-05 23:00:00+00:00
1762387200000,0.0184,0.01855,0.01821,0.01835,9318449.0,1762390800000,170869.21538,1339,2025-11-06 00:00:00+00:00
1762390800000,0.01834,0.01841,0.01798,0.01837,5474816.0,1762394400000,99317.47317,1062,2025-11-06 01:00:00+00:00
1762394400000,0.01837,0.01857,0.018,0.01809,8905992.0,1762398000000,162597.70128,1699,2025-11-06 02:00:00+00:00
1762398000000,0.01809,0.01856,0.01806,0.01836,6702803.0,1762401600000,123012.40631,1150,2025-11-06 03:00:00+00:00
1762401600000,0.01836,0.01842,0.01815,0.01817,5640376.0,1762405200000,103008.87361,1040,2025-11-06 04:00:00+00:00
1762405200000,0.01816,0.01821,0.01762,0.01768,6288799.0,1762408800000,112210.84079,1018,2025-11-06 05:00:00+00:00
1762408800000,0.01767,0.01805,0.01764,0.01791,4887638.0,1762412400000,87449.34968,1360,2025-11-06 06:00:00+00:00
1762412400000,0.01792,0.01794,0.01766,0.01766,5126294.0,1762416000000,91235.90706,1001,2025-11-06 07:00:00+00:00
1762416000000,0.01766,0.018,0.01765,0.01783,6477020.0,1762419600000,115658.19001,1400,2025-11-06 08:00:00+00:00
1762419600000,0.01784,0.01794,0.0176,0.01775,7095435.0,1762423200000,125943.86112,2074,2025-11-06 09:00:00+00:00
1762423200000,0.01776,0.01789,0.01763,0.01783,4743159.0,1762426800000,84254.71247,1221,2025-11-06 10:00:00+00:00
1762426800000,0.01782,0.01803,0.01768,0.01787,6115089.0,1762430400000,109391.03353,1787,2025-11-06 11:00:00+00:00
1762430400000,0.01786,0.01789,0.01761,0.01767,4648544.0,1762434000000,82365.82563,727,2025-11-06 12:00:00+00:00
1762434000000,0.01766,0.01847,0.01766,0.01829,10718607.0,1762437600000,195054.02128,2456,2025-11-06 13:00:00+00:00
1762437600000,0.01829,0.01843,0.01788,0.01794,12079300.0,1762441200000,219489.49297,2904,2025-11-06 14:00:00+00:00
1762441200000,0.01793,0.01821,0.01754,0.01761,25901412.0,1762444800000,463735.9064,4194,2025-11-06 15:00:00+00:00
1762444800000,0.01761,0.01763,0.01727,0.01745,9182200.0,1762448400000,160284.71856,2990,2025-11-06 16:00:00+00:00
1762448400000,0.01746,0.01785,0.01746,0.0178,4822415.0,1762452000000,84919.3128,1933,2025-11-06 17:00:00+00:00
1762452000000,0.01779,0.01799,0.01756,0.01779,3541750.0,1762455600000,62855.82256,865,2025-11-06 18:00:00+00:00
1762455600000,0.01778,0.01785,0.01756,0.01783,5749415.0,1762459200000,101746.83853,1522,2025-11-06 19:00:00+00:00
1762459200000,0.01782,0.01792,0.01751,0.01764,7087496.0,1762462800000,125468.08345,1231,2025-11-06 20:00:00+00:00
1762462800000,0.01763,0.018,0.01763,0.01793,4668211.0,1762466400000,83174.62605,914,2025-11-06 21:00:00+00:00
1762466400000,0.01792,0.01805,0.01776,0.01803,5815981.0,1762470000000,104308.51311,1141,2025-11-06 22:00:00+00:00
1762470000000,0.01802,0.01817,0.01784,0.01817,3068705.0,1762473600000,55295.54963,543,2025-11-06 23:00:00+00:00
1762473600000,0.01818,0.01844,0.01808,0.0184,4127784.0,1762477200000,75224.01898,988,2025-11-07 00:00:00+00:00
1762477200000,0.0184,0.01862,0.01809,0.0185,12580704.0,1762480800000,231057.22187,2341,2025-11-07 01:00:00+00:00
1762480800000,0.01853,0.0187,0.01832,0.01867,4738191.0,1762484400000,87859.32512,1044,2025-11-07 02:00:00+00:00
1762484400000,0.01867,0.01934,0.01859,0.01911,10812891.0,1762488000000,206028.18108,2393,2025-11-07 03:00:00+00:00
1762488000000,0.01912,0.01947,0.01888,0.01907,12565770.0,1762491600000,241076.73908,2752,2025-11-07 04:00:00+00:00
1762491600000,0.01907,0.01943,0.0189,0.01908,7136811.0,1762495200000,136611.0266,1503,2025-11-07 05:00:00+00:00
1762495200000,0.01908,0.01934,0.01885,0.01889,7736826.0,1762498800000,147788.39932,1472,2025-11-07 06:00:00+00:00
1762498800000,0.01889,0.01896,0.01863,0.01896,6161745.0,1762502400000,115871.03817,1322,2025-11-07 07:00:00+00:00
1762502400000,0.01895,0.01915,0.01875,0.01888,9587670.0,1762506000000,181603.16989,1582,2025-11-07 08:00:00+00:00
1762506000000,0.01888,0.01896,0.01831,0.01848,6533085.0,1762509600000,121642.47467,1679,2025-11-07 09:00:00+00:00
1762509600000,0.01848,0.01871,0.01837,0.01853,4609336.0,1762513200000,85460.55011,1292,2025-11-07 10:00:00+00:00
1762513200000,0.01853,0.01902,0.01813,0.0186,20383367.0,1762516800000,378610.89828,4612,2025-11-07 11:00:00+00:00
1762516800000,0.01858,0.01867,0.01798,0.01815,12039967.0,1762520400000,220816.2123,2089,2025-11-07 12:00:00+00:00
1762520400000,0.01813,0.01847,0.01806,0.01833,6907939.0,1762524000000,126283.05448,1661,2025-11-07 13:00:00+00:00
1762524000000,0.01832,0.01885,0.01809,0.0187,5734822.0,1762527600000,105885.95611,2051,2025-11-07 14:00:00+00:00
1762527600000,0.01871,0.01903,0.01856,0.01897,7246836.0,1762531200000,136851.54328,1982,2025-11-07 15:00:00+00:00
1762531200000,0.019,0.01979,0.01889,0.01975,10816822.0,1762534800000,209833.85762,2376,2025-11-07 16:00:00+00:00
1762534800000,0.01977,0.02231,0.01961,0.02089,81796865.0,1762538400000,1722799.73366,21905,2025-11-07 17:00:00+00:00
1762538400000,0.02091,0.02123,0.02046,0.02086,18476143.0,1762542000000,385722.91642,6363,2025-11-07 18:00:00+00:00
1762542000000,0.02085,0.02086,0.02062,0.02074,5537277.0,1762545600000,114818.35806,1944,2025-11-07 19:00:00+00:00
1762545600000,0.02075,0.02103,0.02058,0.02097,6760269.0,1762549200000,140815.27368,1564,2025-11-07 20:00:00+00:00
1762549200000,0.02098,0.02114,0.02058,0.02064,5998381.0,1762552800000,125278.02722,1492,2025-11-07 21:00:00+00:00
1762552800000,0.02064,0.02082,0.02046,0.02055,5710979.0,1762556400000,117868.94484,1050,2025-11-07 22:00:00+00:00
1762556400000,0.02055,0.02055,0.01983,0.01997,10633765.0,1762560000000,214260.94799,2020,2025-11-07 23:00:00+00:00
1762560000000,0.01997,0.02073,0.01986,0.01989,15796610.0,1762563600000,321423.10912,4049,2025-11-08 00:00:00+00:00
1762563600000,0.01988,0.02016,0.01957,0.02011,9791400.0,1762567200000,194060.94694,2330,2025-11-08 01:00:00+00:00
1762567200000,0.0201,0.02035,0.02,0.02026,5402614.0,1762570800000,109082.47698,1119,2025-11-08 02:00:00+00:00
1762570800000,0.02024,0.02045,0.01979,0.01981,9426640.0,1762574400000,190111.70652,3687,2025-11-08 03:00:00+00:00
1762574400000,0.0198,0.02019,0.01972,0.01988,4675572.0,1762578000000,93143.06283,1278,2025-11-08 04:00:00+00:00
1762578000000,0.01988,0.02002,0.01888,0.01905,14089182.0,1762581600000,271093.347,4041,2025-11-08 05:00:00+00:00
1762581600000,0.01906,0.01929,0.01871,0.01921,8816985.0,1762585200000,167897.58764,2166,2025-11-08 06:00:00+00:00
1762585200000,0.01922,0.0193,0.01893,0.01922,7294233.0,1762588800000,139148.42185,1603,2025-11-08 07:00:00+00:00
1762588800000,0.01922,0.0194,0.01902,0.01927,5706811.0,1762592400000,109730.13733,1258,2025-11-08 08:00:00+00:00
1762592400000,0.01926,0.01937,0.01896,0.01907,4842995.0,1762596000000,92971.66657,1285,2025-11-08 09:00:00+00:00
1762596000000,0.01907,0.01913,0.01896,0.01909,2073845.0,1762599600000,39467.06499,905,2025-11-08 10:00:00+00:00
1762599600000,0.01908,0.01933,0.01908,0.0193,3753013.0,1762603200000,72031.17836,1012,2025-11-08 11:00:00+00:00
1762603200000,0.0193,0.01951,0.01923,0.01934,2849476.0,1762606800000,55161.1242,2016,2025-11-08 12:00:00+00:00
1762606800000,0.01934,0.01938,0.01878,0.01881,4633665.0,1762610400000,88256.19421,1922,2025-11-08 13:00:00+00:00
1762610400000,0.01881,0.01894,0.01858,0.01894,4501710.0,1762614000000,84436.09025,1258,2025-11-08 14:00:00+00:00
1762614000000,0.01892,0.01919,0.01861,0.0187,10154202.0,1762617600000,191873.69621,3420,2025-11-08 15:00:00+00:00
1762617600000,0.01869,0.01883,0.0185,0.01873,7626184.0,1762621200000,142465.92833,2039,2025-11-08 16:00:00+00:00
1762621200000,0.01873,0.01893,0.01861,0.01888,2311315.0,1762624800000,43465.89576,774,2025-11-08 17:00:00+00:00
1762624800000,0.01887,0.01903,0.01883,0.01901,1514741.0,1762628400000,28673.0451,551,2025-11-08 18:00:00+00:00
1762628400000,0.019,0.01906,0.01872,0.01896,3602144.0,1762632000000,68103.42713,643,2025-11-08 19:00:00+00:00
1762632000000,0.01895,0.01904,0.01874,0.01882,2537732.0,1762635600000,48061.30801,806,2025-11-08 20:00:00+00:00
1762635600000,0.01882,0.01906,0.01877,0.01894,4445770.0,1762639200000,84229.00989,1037,2025-11-08 21:00:00+00:00
1762639200000,0.01893,0.01924,0.01888,0.01922,2720698.0,1762642800000,51870.2464,670,2025-11-08 22:00:00+00:00
1762642800000,0.01922,0.01927,0.01915,0.01918,1551406.0,1762646400000,29789.66902,795,2025-11-08 23:00:00+00:00
1762646400000,0.01917,0.01918,0.01883,0.01887,1914487.0,1762650000000,36386.42064,965,2025-11-09 00:00:00+00:00
1762650000000,0.01888,0.01901,0.01876,0.01884,915603.0,1762653600000,17267.39446,445,2025-11-09 01:00:00+00:00
1762653600000,0.01884,0.01885,0.01825,0.0183,4810181.0,1762657200000,88944.27977,1946,2025-11-09 02:00:00+00:00
1762657200000,0.0183,0.01837,0.01812,0.01821,1782918.0,1762660800000,32512.50545,1231,2025-11-09 03:00:00+00:00
1762660800000,0.01822,0.01842,0.01822,0.01839,1991940.0,1762664400000,36627.88705,705,2025-11-09 04:00:00+00:00
1762664400000,0.01838,0.01844,0.01829,0.01841,2106697.0,1762668000000,38705.97377,497,2025-11-09 05:00:00+00:00
1762668000000,0.01841,0.01866,0.0184,0.01856,2781964.0,1762671600000,51649.69296,1189,2025-11-09 06:00:00+00:00
1762671600000,0.01857,0.01918,0.01855,0.01917,4702805.0,1762675200000,88830.18069,1050,2025-11-09 07:00:00+00:00
1762675200000,0.01917,0.01978,0.01902,0.01955,23395996.0,1762678800000,457177.53809,5399,2025-11-09 08:00:00+00:00
1762678800000,0.01957,0.01974,0.01901,0.01903,12272234.0,1762682400000,238766.73996,2364,2025-11-09 09:00:00+00:00
1762682400000,0.01903,0.01949,0.01878,0.01943,5607943.0,1762686000000,107228.84802,1289,2025-11-09 10:00:00+00:00
1762686000000,0.01944,0.01969,0.01933,0.01937,4201803.0,1762689600000,81966.86813,1144,2025-11-09 11:00:00+00:00
1762689600000,0.01938,0.01943,0.01926,0.01931,3496559.0,1762693200000,67637.66964,637,2025-11-09 12:00:00+00:00
1762693200000,0.01932,0.01962,0.01927,0.01937,3201010.0,1762696800000,62326.68623,1228,2025-11-09 13:00:00+00:00
1762696800000,0.01937,0.01964,0.01915,0.01927,5471958.0,1762700400000,106119.17278,1468,2025-11-09 14:00:00+00:00
1762700400000,0.01928,0.01958,0.01928,0.01956,4241768.0,1762704000000,82443.96004,941,2025-11-09 15:00:00+00:00
1762704000000,0.01956,0.0205,0.01948,0.02002,21157783.0,1762707600000,423672.45093,5608,2025-11-09 16:00:00+00:00
1762707600000,0.02,0.02001,0.01955,0.01958,6147056.0,1762711200000,121240.80207,1439,2025-11-09 17:00:00+00:00
1762711200000,0.01958,0.01961,0.01932,0.01952,3627781.0,1762714800000,70556.79447,1240,2025-11-09 18:00:00+00:00
1762714800000,0.01953,0.01983,0.01952,0.01975,4271786.0,1762718400000,84059.28257,768,2025-11-09 19:00:00+00:00
1762718400000,0.01977,0.0198,0.01953,0.01959,3801166.0,1762722000000,74736.05972,665,2025-11-09 20:00:00+00:00
1762722000000,0.01958,0.01962,0.01943,0.01952,3200352.0,1762725600000,62440.17769,552,2025-11-09 21:00:00+00:00
1762725600000,0.01953,0.0197,0.0194,0.01954,2445112.0,1762729200000,47834.56943,631,2025-11-09 22:00:00+00:00
1762729200000,0.01953,0.01965,0.01948,0.01951,3570942.0,1762732800000,69713.20807,1043,2025-11-09 23:00:00+00:00
1762732800000,0.01949,0.01993,0.01932,0.01977,2787901.0,1762736400000,54705.82383,1103,2025-11-10 00:00:00+00:00
1762736400000,0.01978,0.01987,0.01964,0.01971,1449641.0,1762740000000,28650.08865,715,2025-11-10 01:00:00+00:00
1762740000000,0.01973,0.01986,0.01963,0.01986,1818235.0,1762743600000,35965.26959,613,2025-11-10 02:00:00+00:00
1762743600000,0.01987,0.0199,0.01967,0.01977,3125523.0,1762747200000,61836.15264,682,2025-11-10 03:00:00+00:00
1762747200000,0.01977,0.01978,0.0195,0.01955,2979975.0,1762750800000,58406.63847,680,2025-11-10 04:00:00+00:00
1762750800000,0.01957,0.01976,0.01948,0.01968,4161156.0,1762754400000,81650.46769,989,2025-11-10 05:00:00+00:00
1762754400000,0.01968,0.01975,0.01952,0.01966,1585096.0,1762758000000,31180.07226,638,2025-11-10 06:00:00+00:00
1762758000000,0.01967,0.01975,0.01931,0.01945,7074739.0,1762761600000,138030.30745,1000,2025-11-10 07:00:00+00:00
1762761600000,0.01948,0.01954,0.01925,0.01943,2255838.0,1762765200000,43677.36273,652,2025-11-10 08:00:00+00:00
1762765200000,0.01943,0.01992,0.01936,0.01985,4392853.0,1762768800000,86358.41434,842,2025-11-10 09:00:00+00:00
1762768800000,0.01986,0.01987,0.0196,0.01977,2425236.0,1762772400000,47897.17785,515,2025-11-10 10:00:00+00:00
1762772400000,0.01978,0.02116,0.01978,0.02094,38563189.0,1762776000000,796857.89056,8847,2025-11-10 11:00:00+00:00
1762776000000,0.02091,0.02099,0.02,0.02004,17680468.0,1762779600000,361799.3378,2604,2025-11-10 12:00:00+00:00
1762779600000,0.02004,0.0208,0.02002,0.02021,14373431.0,1762783200000,293248.29053,3897,2025-11-10 13:00:00+00:00
1762783200000,0.0202,0.0202,0.01957,0.01977,12085121.0,1762786800000,239735.94471,3072,2025-11-10 14:00:00+00:00
1762786800000,0.01979,0.02018,0.01966,0.01992,6445394.0,1762790400000,128471.90067,1640,2025-11-10 15:00:00+00:00
1762790400000,0.01994,0.02011,0.01967,0.01976,6421721.0,1762794000000,127358.30473,1283,2025-11-10 16:00:00+00:00
1762794000000,0.01975,0.02016,0.01974,0.01993,3089998.0,1762797600000,61668.78584,1209,2025-11-10 17:00:00+00:00
1762797600000,0.01993,0.02019,0.01983,0.01994,2859755.0,1762801200000,57265.43713,1224,2025-11-10 18:00:00+00:00
1762801200000,0.01993,0.02005,0.01974,0.01992,3327513.0,1762804800000,66231.99955,829,2025-11-10 19:00:00+00:00
1762804800000,0.01991,0.02019,0.01989,0.01996,4562311.0,1762808400000,91493.84765,1331,2025-11-10 20:00:00+00:00
1762808400000,0.01994,0.01996,0.01963,0.01972,4036899.0,1762812000000,79718.58802,867,2025-11-10 21:00:00+00:00
1762812000000,0.01974,0.02012,0.01959,0.02009,3506662.0,1762815600000,69642.6149,586,2025-11-10 22:00:00+00:00
1762815600000,0.02008,0.02008,0.01973,0.01983,1630648.0,1762819200000,32484.72621,507,2025-11-10 23:00:00+00:00
1762819200000,0.01985,0.01994,0.01944,0.01961,2439418.0,1762822800000,47932.76692,773,2025-11-11 00:00:00+00:00
1762822800000,0.01962,0.02016,0.01957,0.01962,4258078.0,1762826400000,84491.4026,1248,2025-11-11 01:00:00+00:00
1762826400000,0.01963,0.01996,0.01948,0.01992,1737451.0,1762830000000,34420.53594,592,2025-11-11 02:00:00+00:00
1762830000000,0.01991,0.02004,0.01985,0.01991,2321434.0,1762833600000,46305.14318,484,2025-11-11 03:00:00+00:00
1762833600000,0.01991,0.01995,0.01954,0.01957,4727947.0,1762837200000,92874.25878,810,2025-11-11 04:00:00+00:00
1762837200000,0.01958,0.01959,0.01913,0.01921,4941847.0,1762840800000,95203.73803,1172,2025-11-11 05:00:00+00:00
1762840800000,0.0192,0.01942,0.01918,0.01938,3421576.0,1762844400000,66033.80466,880,2025-11-11 06:00:00+00:00
1762844400000,0.01938,0.0194,0.01883,0.01887,3448509.0,1762848000000,65681.73992,1400,2025-11-11 07:00:00+00:00
1762848000000,0.01886,0.01912,0.01878,0.01904,5321872.0,1762851600000,100826.70229,1229,2025-11-11 08:00:00+00:00
1762851600000,0.01903,0.01921,0.01891,0.01894,1613492.0,1762855200000,30807.88011,544,2025-11-11 09:00:00+00:00
1762855200000,0.01893,0.01906,0.0189,0.01897,4013482.0,1762858800000,76180.24332,1033,2025-11-11 10:00:00+00:00
1762858800000,0.01898,0.0192,0.01898,0.01908,2976486.0,1762862400000,56758.25684,802,2025-11-11 11:00:00+00:00
1762862400000,0.01909,0.01915,0.0188,0.01899,6126256.0,1762866000000,116071.872,1185,2025-11-11 12:00:00+00:00
1762866000000,0.01899,0.01938,0.01899,0.01919,7856133.0,1762869600000,151346.51783,1307,2025-11-11 13:00:00+00:00
1762869600000,0.01919,0.01934,0.01892,0.01933,3812111.0,1762873200000,72874.78996,1092,2025-11-11 14:00:00+00:00
1762873200000,0.01932,0.01941,0.01908,0.01923,5061814.0,1762876800000,97309.60908,932,2025-11-11 15:00:00+00:00
1762876800000,0.01922,0.01944,0.01917,0.01931,4367760.0,1762880400000,84364.09563,1104,2025-11-11 16:00:00+00:00
1762880400000,0.01933,0.01951,0.01909,0.01919,2393414.0,1762884000000,46287.34901,736,2025-11-11 17:00:00+00:00
1762884000000,0.01921,0.01927,0.01894,0.01908,2951439.0,1762887600000,56282.61431,712,2025-11-11 18:00:00+00:00
1762887600000,0.01907,0.01909,0.01881,0.01883,2186956.0,1762891200000,41467.45321,975,2025-11-11 19:00:00+00:00
1762891200000,0.01883,0.01886,0.0184,0.01849,5960571.0,1762894800000,110923.48915,2029,2025-11-11 20:00:00+00:00
1762894800000,0.0185,0.01871,0.01846,0.01862,2355247.0,1762898400000,43792.09128,531,2025-11-11 21:00:00+00:00
1762898400000,0.01861,0.01891,0.01841,0.01876,3505443.0,1762902000000,65246.23043,1092,2025-11-11 22:00:00+00:00
1762902000000,0.01875,0.01875,0.01823,0.01826,3893072.0,1762905600000,71832.79512,830,2025-11-11 23:00:00+00:00
1762905600000,0.01827,0.0184,0.0181,0.01812,6713680.0,1762909200000,122582.96562,1637,2025-11-12 00:00:00+00:00
1762909200000,0.01812,0.01856,0.0181,0.0185,2578290.0,1762912800000,47462.95822,760,2025-11-12 01:00:00+00:00
1762912800000,0.01849,0.0186,0.01837,0.01857,3494458.0,1762916400000,64656.25338,911,2025-11-12 02:00:00+00:00
1762916400000,0.01855,0.01865,0.0185,0.01864,2687698.0,1762920000000,49924.4211,554,2025-11-12 03:00:00+00:00
1762920000000,0.01864,0.01935,0.01863,0.01915,23266121.0,1762923600000,443185.95471,4276,2025-11-12 04:00:00+00:00
1762923600000,0.01913,0.01934,0.01902,0.01932,5034879.0,1762927200000,96301.49703,946,2025-11-12 05:00:00+00:00
1762927200000,0.01932,0.01936,0.01901,0.01911,7229230.0,1762930800000,138336.19442,873,2025-11-12 06:00:00+00:00
1762930800000,0.01911,0.01936,0.019,0.01909,4519347.0,1762934400000,86781.60258,749,2025-11-12 07:00:00+00:00
1762934400000,0.01911,0.0193,0.01894,0.01918,6693008.0,1762938000000,127625.2967,1075,2025-11-12 08:00:00+00:00
1762938000000,0.01919,0.01923,0.01903,0.01905,5413625.0,1762941600000,103568.871,688,2025-11-12 09:00:00+00:00
1762941600000,0.01906,0.01934,0.01906,0.01921,3528661.0,1762945200000,67816.8102,960,2025-11-12 10:00:00+00:00
1762945200000,0.0192,0.01935,0.01911,0.01916,3394398.0,1762948800000,65307.91012,684,2025-11-12 11:00:00+00:00
1762948800000,0.01918,0.01919,0.01897,0.01901,1288742.0,1762952400000,24607.78971,465,2025-11-12 12:00:00+00:00
1762952400000,0.019,0.01927,0.01883,0.01917,4677210.0,1762956000000,89285.97338,1130,2025-11-12 13:00:00+00:00
1762956000000,0.01919,0.01923,0.01846,0.01879,7516785.0,1762959600000,141286.97451,1597,2025-11-12 14:00:00+00:00
1762959600000,0.01877,0.01895,0.01824,0.01834,4963255.0,1762963200000,92102.2311,1397,2025-11-12 15:00:00+00:00
1762963200000,0.01833,0.01837,0.01767,0.01779,14425207.0,1762966800000,258568.51261,3890,2025-11-12 16:00:00+00:00
1762966800000,0.01778,0.01801,0.01757,0.01791,6777885.0,1762970400000,120274.764,1823,2025-11-12 17:00:00+00:00
1762970400000,0.01788,0.01814,0.01785,0.01789,4507804.0,1762974000000,81087.86612,970,2025-11-12 18:00:00+00:00
1762974000000,0.01789,0.01799,0.01765,0.01789,2600811.0,1762977600000,46369.24593,952,2025-11-12 19:00:00+00:00
1762977600000,0.01788,0.01832,0.01784,0.01823,2488638.0,1762981200000,45283.64384,924,2025-11-12 20:00:00+00:00
1762981200000,0.01823,0.01831,0.01818,0.01827,1074939.0,1762984800000,19603.94999,277,2025-11-12 21:00:00+00:00
1762984800000,0.01824,0.01835,0.01811,0.01829,1596733.0,1762988400000,29103.45737,391,2025-11-12 22:00:00+00:00
1762988400000,0.0183,0.01832,0.01811,0.01818,1401841.0,1762992000000,25535.19485,268,2025-11-12 23:00:00+00:00
1762992000000,0.01818,0.01841,0.01815,0.01828,1541979.0,1762995600000,28184.2024,540,2025-11-13 00:00:00+00:00
1762995600000,0.01826,0.01852,0.01825,0.01832,2912639.0,1762999200000,53689.50434,867,2025-11-13 01:00:00+00:00
1762999200000,0.01832,0.01836,0.01822,0.01827,1146085.0,1763002800000,20971.67597,460,2025-11-13 02:00:00+00:00
1763002800000,0.01826,0.01853,0.018,0.01834,2033401.0,1763006400000,37149.74042,628,2025-11-13 03:00:00+00:00
1763006400000,0.01834,0.01839,0.0182,0.01836,3271175.0,1763010000000,59835.93409,646,2025-11-13 04:00:00+00:00
1763010000000,0.01834,0.01865,0.01819,0.01856,2575602.0,1763013600000,47386.68349,593,2025-11-13 05:00:00+00:00
1763013600000,0.01856,0.01868,0.0185,0.01854,1174194.0,1763017200000,21865.86385,376,2025-11-13 06:00:00+00:00
1763017200000,0.01853,0.0186,0.01831,0.01835,1503213.0,1763020800000,27734.66997,371,2025-11-13 07:00:00+00:00
1763020800000,0.01836,0.01854,0.01835,0.01849,1064914.0,1763024400000,19657.38758,346,2025-11-13 08:00:00+00:00
1763024400000,0.0185,0.01851,0.01829,0.01835,995462.0,1763028000000,18289.54083,455,2025-11-13 09:00:00+00:00
1763028000000,0.01836,0.01848,0.01826,0.0183,1586509.0,1763031600000,29095.56355,623,2025-11-13 10:00:00+00:00
1763031600000,0.01831,0.01837,0.01819,0.01821,2360795.0,1763035200000,43118.73912,658,2025-11-13 11:00:00+00:00
1763035200000,0.01821,0.01828,0.01814,0.01823,1694071.0,1763038800000,30814.92115,434,2025-11-13 12:00:00+00:00
1763038800000,0.01823,0.01831,0.01808,0.01814,3082275.0,1763042400000,56038.69842,914,2025-11-13 13:00:00+00:00
1763042400000,0.01813,0.0185,0.01787,0.0184,14127983.0,1763046000000,255857.92046,5053,2025-11-13 14:00:00+00:00
1763046000000,0.01838,0.01843,0.01777,0.01801,11395072.0,1763049600000,206581.06514,6802,2025-11-13 15:00:00+00:00
1763049600000,0.01802,0.01805,0.01753,0.01762,4944755.0,1763053200000,87932.18535,2802,2025-11-13 16:00:00+00:00
1763053200000,0.01763,0.01764,0.0171,0.01715,8728104.0,1763056800000,151555.50158,4736,2025-11-13 17:00:00+00:00
1763056800000,0.01716,0.01723,0.01665,0.01678,9660198.0,1763060400000,163261.25604,3152,2025-11-13 18:00:00+00:00
1763060400000,0.01678,0.01704,0.01664,0.01676,9171978.0,1763064000000,154546.55203,4375,2025-11-13 19:00:00+00:00
1763064000000,0.01675,0.01691,0.0166,0.01675,3631193.0,1763067600000,60836.39736,1675,2025-11-13 20:00:00+00:00
1763067600000,0.01675,0.01689,0.01659,0.01676,2109535.0,1763071200000,35299.02231,937,2025-11-13 21:00:00+00:00
1763071200000,0.01676,0.01728,0.01675,0.01725,6313535.0,1763074800000,107889.92983,895,2025-11-13 22:00:00+00:00
1763074800000,0.01723,0.01756,0.01713,0.01739,2477885.0,1763078400000,43022.79956,772,2025-11-13 23:00:00+00:00
1763078400000,0.01738,0.01749,0.01711,0.01725,6655245.0,1763082000000,115188.89206,1384,2025-11-14 00:00:00+00:00
1763082000000,0.01724,0.01734,0.01716,0.01717,2802514.0,1763085600000,48340.91419,655,2025-11-14 01:00:00+00:00
1763085600000,0.01719,0.01732,0.01702,0.01714,6509303.0,1763089200000,111687.26901,992,2025-11-14 02:00:00+00:00
1763089200000,0.01714,0.01715,0.01684,0.01691,4199456.0,1763092800000,71313.74397,931,2025-11-14 03:00:00+00:00
1763092800000,0.0169,0.0169,0.01609,0.01656,19051166.0,1763096400000,312756.38181,3612,2025-11-14 04:00:00+00:00
1763096400000,0.01654,0.0169,0.01654,0.01679,4919317.0,1763100000000,82428.94369,1387,2025-11-14 05:00:00+00:00
1763100000000,0.0168,0.01693,0.01635,0.01693,8479011.0,1763103600000,140906.80125,3824,2025-11-14 06:00:00+00:00
1763103600000,0.0169,0.0171,0.01684,0.01694,9204590.0,1763107200000,156031.73591,2051,2025-11-14 07:00:00+00:00
1763107200000,0.01693,0.01698,0.0168,0.01689,2906895.0,1763110800000,49121.77048,612,2025-11-14 08:00:00+00:00
1763110800000,0.01688,0.01702,0.01658,0.01667,6849876.0,1763114400000,114910.36228,936,2025-11-14 09:00:00+00:00
1763114400000,0.01666,0.01682,0.01665,0.01673,3105373.0,1763118000000,51933.39957,586,2025-11-14 10:00:00+00:00
1763118000000,0.01672,0.01673,0.01654,0.01671,3440674.0,1763121600000,57189.55186,632,2025-11-14 11:00:00+00:00
1763121600000,0.01668,0.01681,0.01631,0.01678,8169039.0,1763125200000,134778.26155,1730,2025-11-14 12:00:00+00:00
1763125200000,0.01678,0.01683,0.01647,0.01674,3373840.0,1763128800000,56192.67024,1135,2025-11-14 13:00:00+00:00
1763128800000,0.01675,0.01701,0.01644,0.01684,7301967.0,1763132400000,122518.75953,1704,2025-11-14 14:00:00+00:00
1763132400000,0.01683,0.01721,0.0166,0.01707,11083240.0,1763136000000,186822.06281,4585,2025-11-14 15:00:00+00:00
1763136000000,0.01708,0.01711,0.01687,0.01693,7032783.0,1763139600000,119525.73098,2926,2025-11-14 16:00:00+00:00
1763139600000,0.01696,0.01712,0.01665,0.01672,7498461.0,1763143200000,127192.52065,2584,2025-11-14 17:00:00+00:00
1763143200000,0.01672,0.01698,0.01663,0.01677,7026424.0,1763146800000,118179.65818,1935,2025-11-14 18:00:00+00:00
1763146800000,0.01676,0.01702,0.01669,0.0169,3997759.0,1763150400000,67365.36759,1796,2025-11-14 19:00:00+00:00
1763150400000,0.01692,0.017,0.01635,0.01647,5543742.0,1763154000000,92213.17845,2431,2025-11-14 20:00:00+00:00
1763154000000,0.01647,0.01674,0.01641,0.01665,4851708.0,1763157600000,80692.34106,2482,2025-11-14 21:00:00+00:00
1763157600000,0.01666,0.01677,0.01649,0.01655,4543351.0,1763161200000,75570.05589,1451,2025-11-14 22:00:00+00:00
1763161200000,0.01656,0.01659,0.01603,0.01642,8503020.0,1763164800000,138560.71686,3237,2025-11-14 23:00:00+00:00
1763164800000,0.01643,0.01662,0.01638,0.01662,3727988.0,1763168400000,61567.81212,1521,2025-11-15 00:00:00+00:00
1763168400000,0.01662,0.01684,0.01659,0.01682,1526122.0,1763172000000,25542.79858,965,2025-11-15 01:00:00+00:00
1763172000000,0.01681,0.01692,0.01676,0.01692,1459796.0,1763175600000,24552.08151,494,2025-11-15 02:00:00+00:00
1763175600000,0.01692,0.01699,0.0168,0.01694,2564457.0,1763179200000,43325.44562,824,2025-11-15 03:00:00+00:00
1763179200000,0.01693,0.01693,0.01677,0.01677,629938.0,1763182800000,10618.05552,357,2025-11-15 04:00:00+00:00
1763182800000,0.01679,0.01685,0.01674,0.01685,823854.0,1763186400000,13831.37541,265,2025-11-15 05:00:00+00:00
1763186400000,0.01686,0.01703,0.01686,0.01693,1208907.0,1763190000000,20494.22853,572,2025-11-15 06:00:00+00:00
1763190000000,0.01694,0.01697,0.01677,0.01677,1591762.0,1763193600000,26828.89259,487,2025-11-15 07:00:00+00:00
1763193600000,0.0168,0.01684,0.01651,0.01658,1855985.0,1763197200000,30929.95342,489,2025-11-15 08:00:00+00:00
1763197200000,0.01657,0.01675,0.01652,0.01652,2361538.0,1763200800000,39292.37182,633,2025-11-15 09:00:00+00:00
1763200800000,0.01653,0.01665,0.0165,0.0166,2492632.0,1763204400000,41327.35095,468,2025-11-15 10:00:00+00:00
1763204400000,0.0166,0.01664,0.01646,0.01654,5670523.0,1763208000000,93792.24615,934,2025-11-15 11:00:00+00:00
1763208000000,0.01654,0.01675,0.01651,0.0167,1522308.0,1763211600000,25328.77341,420,2025-11-15 12:00:00+00:00
1763211600000,0.01669,0.01684,0.01666,0.01676,3088730.0,1763215200000,51718.92024,853,2025-11-15 13:00:00+00:00
1763215200000,0.01676,0.01697,0.01674,0.01691,4879933.0,1763218800000,82195.05413,2182,2025-11-15 14:00:00+00:00
1763218800000,0.01691,0.017,0.01683,0.01685,4075692.0,1763222400000,68931.17092,2157,2025-11-15 15:00:00+00:00
1763222400000,0.01683,0.017,0.01667,0.017,6516517.0,1763226000000,109608.78419,3008,2025-11-15 16:00:00+00:00
1763226000000,0.017,0.01726,0.01696,0.01725,3453409.0,1763229600000,59088.60805,2410,2025-11-15 17:00:00+00:00
1763229600000,0.01725,0.01757,0.01719,0.01757,5901931.0,1763233200000,102729.64818,2879,2025-11-15 18:00:00+00:00
1763233200000,0.01758,0.01796,0.01755,0.01762,19768393.0,1763236800000,351175.03728,6510,2025-11-15 19:00:00+00:00
1763236800000,0.01761,0.01784,0.01748,0.01755,7430539.0,1763240400000,131196.14593,3277,2025-11-15 20:00:00+00:00
1763240400000,0.01754,0.01765,0.01725,0.0173,3074051.0,1763244000000,53605.14756,731,2025-11-15 21:00:00+00:00
1763244000000,0.01729,0.01765,0.01717,0.01762,2661788.0,1763247600000,46497.98424,748,2025-11-15 22:00:00+00:00
1763247600000,0.01763,0.01806,0.01762,0.01791,10973097.0,1763251200000,196055.32449,2997,2025-11-15 23:00:00+00:00
1763251200000,0.0179,0.0179,0.01733,0.01744,5824224.0,1763254800000,101673.65588,1233,2025-11-16 00:00:00+00:00
1763254800000,0.01743,0.01761,0.01697,0.01725,5802001.0,1763258400000,100201.26012,1496,2025-11-16 01:00:00+00:00
1763258400000,0.01724,0.0175,0.01718,0.01744,2425747.0,1763262000000,42109.20366,768,2025-11-16 02:00:00+00:00
1763262000000,0.01743,0.01761,0.01727,0.01734,4654468.0,1763265600000,80989.97706,1321,2025-11-16 03:00:00+00:00
1763265600000,0.01733,0.01738,0.01712,0.01728,1901271.0,1763269200000,32795.85996,737,2025-11-16 04:00:00+00:00
1763269200000,0.01727,0.01756,0.01727,0.01733,6407404.0,1763272800000,111828.00764,1320,2025-11-16 05:00:00+00:00
1763272800000,0.01732,0.01741,0.01723,0.01725,2106978.0,1763276400000,36521.57392,649,2025-11-16 06:00:00+00:00
1763276400000,0.01726,0.01739,0.01718,0.01737,1781710.0,1763280000000,30739.16808,543,2025-11-16 07:00:00+00:00
1763280000000,0.01737,0.01737,0.0172,0.01728,687246.0,1763283600000,11866.6701,348,2025-11-16 08:00:00+00:00
1763283600000,0.01727,0.01757,0.0172,0.01755,3571287.0,1763287200000,62105.63316,1082,2025-11-16 09:00:00+00:00
1763287200000,0.01753,0.01754,0.01733,0.01733,2709762.0,1763290800000,47244.05715,875,2025-11-16 10:00:00+00:00
1763290800000,0.01734,0.01737,0.01697,0.01701,4151477.0,1763294400000,71156.83442,1228,2025-11-16 11:00:00+00:00
1763294400000,0.017,0.01725,0.017,0.01719,4555757.0,1763298000000,78130.04351,655,2025-11-16 12:00:00+00:00
1763298000000,0.0172,0.01739,0.01685,0.01702,7178871.0,1763301600000,122604.11964,1344,2025-11-16 13:00:00+00:00
1763301600000,0.01703,0.0172,0.01696,0.01716,2343131.0,1763305200000,40016.90768,865,2025-11-16 14:00:00+00:00
1763305200000,0.01716,0.01719,0.01668,0.01672,4657891.0,1763308800000,79089.6593,1002,2025-11-16 15:00:00+00:00
1763308800000,0.01672,0.0169,0.01651,0.01662,6473723.0,1763312400000,108259.88805,1900,2025-11-16 16:00:00+00:00
1763312400000,0.01662,0.01668,0.01625,0.01656,7989837.0,1763316000000,131408.13154,2137,2025-11-16 17:00:00+00:00
1763316000000,0.01656,0.01688,0.0165,0.01655,9863622.0,1763319600000,164358.0691,1766,2025-11-16 18:00:00+00:00
1763319600000,0.01656,0.01693,0.01656,0.0168,2553105.0,1763323200000,42885.67327,701,2025-11-16 19:00:00+00:00
1763323200000,0.01681,0.01687,0.01664,0.01664,1532265.0,1763326800000,25673.48738,813,2025-11-16 20:00:00+00:00
1763326800000,0.01663,0.01672,0.01645,0.0167,1844089.0,1763330400000,30576.48683,710,2025-11-16 21:00:00+00:00
1763330400000,0.01671,0.01689,0.01649,0.01685,3777857.0,1763334000000,63137.67378,765,2025-11-16 22:00:00+00:00
1763334000000,0.01681,0.01773,0.01654,0.01735,13793506.0,1763337600000,238335.51454,2955,2025-11-16 23:00:00+00:00
1763337600000,0.01734,0.01815,0.01721,0.01801,15969351.0,1763341200000,285791.60808,4143,2025-11-17 00:00:00+00:00
1763341200000,0.01801,0.01805,0.01749,0.01752,5151425.0,1763344800000,91595.81808,2067,2025-11-17 01:00:00+00:00
1763344800000,0.01752,0.01762,0.01743,0.01759,2509787.0,1763348400000,44070.30962,1045,2025-11-17 02:00:00+00:00
1763348400000,0.0176,0.01915,0.0176,0.01886,22076035.0,1763352000000,411080.89984,5682,2025-11-17 03:00:00+00:00
1763352000000,0.01886,0.01908,0.01795,0.01801,19442538.0,1763355600000,359705.57432,4628,2025-11-17 04:00:00+00:00
1763355600000,0.01799,0.01881,0.01796,0.01852,14456530.0,1763359200000,266649.13677,3465,2025-11-17 05:00:00+00:00
1763359200000,0.01853,0.01864,0.01804,0.01857,20585832.0,1763362800000,378674.91778,4685,2025-11-17 06:00:00+00:00
1763362800000,0.01857,0.01912,0.01847,0.0187,28786118.0,1763366400000,541381.45251,10002,2025-11-17 07:00:00+00:00
1763366400000,0.0187,0.01894,0.01821,0.01828,11613330.0,1763370000000,215215.91073,3016,2025-11-17 08:00:00+00:00
1763370000000,0.01828,0.01877,0.01807,0.01866,30733450.0,1763373600000,566745.51806,6736,2025-11-17 09:00:00+00:00
1763373600000,0.01867,0.01873,0.01811,0.01839,10402018.0,1763377200000,190762.35009,2261,2025-11-17 10:00:00+00:00
1763377200000,0.01839,0.01846,0.01806,0.0181,7649618.0,1763380800000,139660.42423,1529,2025-11-17 11:00:00+00:00
1763380800000,0.0181,0.0182,0.01765,0.01775,11836345.0,1763384400000,211882.42061,2105,2025-11-17 12:00:00+00:00
1763384400000,0.01776,0.01788,0.01732,0.01755,13518287.0,1763388000000,237654.99394,2522,2025-11-17 13:00:00+00:00
1763388000000,0.01753,0.01865,0.01742,0.01795,45063921.0,1763391600000,816786.3946,7902,2025-11-17 14:00:00+00:00
1763391600000,0.01794,0.01801,0.01761,0.01779,8875430.0,1763395200000,157882.38117,2408,2025-11-17 15:00:00+00:00
1763395200000,0.01781,0.01806,0.0175,0.01799,7729895.0,1763398800000,137391.0845,2138,2025-11-17 16:00:00+00:00
1763398800000,0.01797,0.01798,0.01738,0.01742,6013104.0,1763402400000,105879.95576,1435,2025-11-17 17:00:00+00:00
1763402400000,0.01741,0.0176,0.01714,0.01719,10437502.0,1763406000000,180371.74303,1912,2025-11-17 18:00:00+00:00
1763406000000,0.01718,0.01745,0.01706,0.0172,7934120.0,1763409600000,136677.63627,1733,2025-11-17 19:00:00+00:00
1763409600000,0.0172,0.01732,0.01694,0.01713,6627530.0,1763413200000,113617.79125,1796,2025-11-17 20:00:00+00:00
1763413200000,0.01713,0.01725,0.01682,0.01697,3458187.0,1763416800000,58809.36663,999,2025-11-17 21:00:00+00:00
1763416800000,0.01698,0.01737,0.01694,0.01736,3435912.0,1763420400000,59153.30081,563,2025-11-17 22:00:00+00:00
1763420400000,0.01736,0.0174,0.01696,0.01705,5742158.0,1763424000000,98733.81708,742,2025-11-17 23:00:00+00:00
1763424000000,0.01706,0.01712,0.01652,0.01685,15390004.0,1763427600000,257744.1424,1760,2025-11-18 00:00:00+00:00
1763427600000,0.01684,0.01697,0.01673,0.01688,5520998.0,1763431200000,93039.43956,894,2025-11-18 01:00:00+00:00
1763431200000,0.01687,0.01723,0.01669,0.01685,4196188.0,1763434800000,70999.02617,1286,2025-11-18 02:00:00+00:00
1763434800000,0.01686,0.01726,0.01662,0.01716,3617222.0,1763438400000,61189.73915,1182,2025-11-18 03:00:00+00:00
1763438400000,0.01718,0.01732,0.01686,0.0173,6276529.0,1763442000000,106875.56557,1554,2025-11-18 04:00:00+00:00
1763442000000,0.01729,0.01748,0.01718,0.01724,4690394.0,1763445600000,81406.7699,1401,2025-11-18 05:00:00+00:00
1763445600000,0.01723,0.01723,0.01691,0.01692,4223347.0,1763449200000,72062.91713,973,2025-11-18 06:00:00+00:00
1763449200000,0.01692,0.01709,0.01684,0.01698,2535602.0,1763452800000,43041.03969,924,2025-11-18 07:00:00+00:00
1763452800000,0.01699,0.01738,0.01697,0.0172,6052379.0,1763456400000,104193.56996,1047,2025-11-18 08:00:00+00:00
1763456400000,0.0172,0.01721,0.01692,0.01706,2542831.0,1763460000000,43418.78853,713,2025-11-18 09:00:00+00:00
1763460000000,0.01707,0.01708,0.01687,0.01689,3482525.0,1763463600000,58981.4422,599,2025-11-18 10:00:00+00:00
1763463600000,0.01688,0.01697,0.01677,0.01683,3762536.0,1763467200000,63511.21555,554,2025-11-18 11:00:00+00:00
1763467200000,0.01682,0.01699,0.01675,0.01698,1757877.0,1763470800000,29676.50441,468,2025-11-18 12:00:00+00:00
1763470800000,0.01698,0.01699,0.01669,0.01682,4464620.0,1763474400000,75002.63487,745,2025-11-18 13:00:00+00:00
1763474400000,0.01683,0.01711,0.01668,0.01668,4939562.0,1763478000000,83445.94671,1223,2025-11-18 14:00:00+00:00
1763478000000,0.01667,0.01718,0.01654,0.01701,6628284.0,1763481600000,112018.59248,1838,2025-11-18 15:00:00+00:00
1763481600000,0.01702,0.01744,0.01697,0.01715,5544865.0,1763485200000,95286.88951,1130,2025-11-18 16:00:00+00:00
1763485200000,0.01716,0.01716,0.01694,0.01702,4581887.0,1763488800000,77999.54738,649,2025-11-18 17:00:00+00:00
1763488800000,0.01702,0.01722,0.01702,0.01713,1325593.0,1763492400000,22710.5289,424,2025-11-18 18:00:00+00:00
1763492400000,0.01713,0.01725,0.017,0.01704,5665237.0,1763496000000,97287.95266,746,2025-11-18 19:00:00+00:00
1763496000000,0.01705,0.01708,0.01695,0.01697,966259.0,1763499600000,16434.98128,240,2025-11-18 20:00:00+00:00
1763499600000,0.01697,0.01703,0.01665,0.01669,3686780.0,1763503200000,61969.50253,567,2025-11-18 21:00:00+00:00
1763503200000,0.01669,0.01707,0.01669,0.01694,6023894.0,1763506800000,101801.42288,756,2025-11-18 22:00:00+00:00
1763506800000,0.01693,0.01698,0.01674,0.01676,2354379.0,1763510400000,39708.33819,500,2025-11-18 23:00:00+00:00
1763510400000,0.01679,0.01684,0.01661,0.0168,4600159.0,1763514000000,77174.39399,811,2025-11-19 00:00:00+00:00
1763514000000,0.01681,0.01696,0.0167,0.01678,2642710.0,1763517600000,44443.6139,1276,2025-11-19 01:00:00+00:00
1763517600000,0.01679,0.01703,0.01674,0.01686,6722297.0,1763521200000,113663.32882,652,2025-11-19 02:00:00+00:00
1763521200000,0.01685,0.01687,0.01661,0.01663,1747632.0,1763524800000,29158.70466,557,2025-11-19 03:00:00+00:00
1763524800000,0.01661,0.01671,0.01657,0.01659,1730182.0,1763528400000,28741.4773,522,2025-11-19 04:00:00+00:00
1763528400000,0.01661,0.01662,0.01625,0.01634,2102125.0,1763532000000,34530.97285,623,2025-11-19 05:00:00+00:00
1763532000000,0.01633,0.01656,0.01632,0.01655,2795983.0,1763535600000,45984.68489,531,2025-11-19 06:00:00+00:00
1763535600000,0.01654,0.01677,0.01651,0.01674,2817156.0,1763539200000,46868.73424,538,2025-11-19 07:00:00+00:00
1763539200000,0.01674,0.0168,0.01664,0.01664,3930732.0,1763542800000,65627.55008,432,2025-11-19 08:00:00+00:00
1763542800000,0.01664,0.01665,0.01655,0.01665,668658.0,1763546400000,11104.05906,397,2025-11-19 09:00:00+00:00
1763546400000,0.01666,0.01674,0.01654,0.0166,2900951.0,1763550000000,48236.91131,598,2025-11-19 10:00:00+00:00
1763550000000,0.0166,0.01675,0.01658,0.01667,1864208.0,1763553600000,31089.98412,367,2025-11-19 11:00:00+00:00
1763553600000,0.01668,0.01715,0.01667,0.01711,16742864.0,1763557200000,283651.44689,1412,2025-11-19 12:00:00+00:00
1763557200000,0.01711,0.01743,0.017,0.01719,19064801.0,1763560800000,327871.1531,3837,2025-11-19 13:00:00+00:00
1763560800000,0.01719,0.01729,0.01688,0.01716,17512819.0,1763564400000,298921.44736,2904,2025-11-19 14:00:00+00:00
1763564400000,0.01714,0.01727,0.01679,0.0168,16920895.0,1763568000000,287799.61287,4513,2025-11-19 15:00:00+00:00
1763568000000,0.01679,0.01689,0.01604,0.01616,11477282.0,1763571600000,188463.04097,2792,2025-11-19 16:00:00+00:00
1763571600000,0.01617,0.01625,0.01559,0.01584,26091913.0,1763575200000,414426.49349,3533,2025-11-19 17:00:00+00:00
1763575200000,0.01586,0.01602,0.01555,0.01578,9129059.0,1763578800000,143836.38976,1805,2025-11-19 18:00:00+00:00
1763578800000,0.01578,0.01603,0.01573,0.0159,4116688.0,1763582400000,65361.05513,749,2025-11-19 19:00:00+00:00
1763582400000,0.01591,0.01661,0.01587,0.01646,16993466.0,1763586000000,275847.96956,3420,2025-11-19 20:00:00+00:00
1763586000000,0.01645,0.01672,0.01635,0.01663,5072779.0,1763589600000,83887.34631,2307,2025-11-19 21:00:00+00:00
1763589600000,0.01663,0.01663,0.01645,0.0166,2225406.0,1763593200000,36842.76146,717,2025-11-19 22:00:00+00:00
1763593200000,0.01658,0.01678,0.01656,0.01667,2557162.0,1763596800000,42652.11047,984,2025-11-19 23:00:00+00:00
1763596800000,0.01666,0.01672,0.01653,0.01656,3862401.0,1763600400000,64215.33059,657,2025-11-20 00:00:00+00:00
1763600400000,0.01656,0.01668,0.01656,0.01665,2036470.0,1763604000000,33831.59244,524,2025-11-20 01:00:00+00:00
1763604000000,0.01665,0.01678,0.01653,0.01663,2875996.0,1763607600000,47850.39715,812,2025-11-20 02:00:00+00:00
1763607600000,0.01662,0.01667,0.01652,0.01656,2735460.0,1763611200000,45352.88998,760,2025-11-20 03:00:00+00:00
1763611200000,0.01654,0.01669,0.01647,0.01669,2110802.0,1763614800000,35004.49017,594,2025-11-20 04:00:00+00:00
1763614800000,0.0167,0.01673,0.01661,0.01673,1563453.0,1763618400000,26040.74795,399,2025-11-20 05:00:00+00:00
1763618400000,0.01672,0.01681,0.01665,0.01675,1674345.0,1763622000000,28019.48485,344,2025-11-20 06:00:00+00:00
1763622000000,0.01676,0.01683,0.01668,0.01678,1686130.0,1763625600000,28290.89882,398,2025-11-20 07:00:00+00:00
1763625600000,0.0168,0.01682,0.01666,0.01671,3861279.0,1763629200000,64632.09771,566,2025-11-20 08:00:00+00:00
1763629200000,0.0167,0.0167,0.01658,0.01661,2264636.0,1763632800000,37663.32467,365,2025-11-20 09:00:00+00:00
1763632800000,0.0166,0.01667,0.01642,0.01653,5212814.0,1763636400000,86247.88913,760,2025-11-20 10:00:00+00:00
1763636400000,0.01654,0.01658,0.01643,0.01656,2011948.0,1763640000000,33176.79067,557,2025-11-20 11:00:00+00:00
1763640000000,0.01656,0.01696,0.01656,0.01695,6063447.0,1763643600000,101479.23522,1345,2025-11-20 12:00:00+00:00
1763643600000,0.01695,0.01702,0.01673,0.01678,10163565.0,1763647200000,171438.01847,2263,2025-11-20 13:00:00+00:00
1763647200000,0.01677,0.01703,0.01654,0.01696,12931097.0,1763650800000,216287.68816,2456,2025-11-20 14:00:00+00:00
1763650800000,0.01694,0.01694,0.01657,0.01661,7544955.0,1763654400000,126245.77816,2058,2025-11-20 15:00:00+00:00
1763654400000,0.0166,0.01663,0.0159,0.01603,10785203.0,1763658000000,174567.02613,2923,2025-11-20 16:00:00+00:00
1763658000000,0.01602,0.01616,0.01573,0.01593,7758714.0,1763661600000,123436.51864,2632,2025-11-20 17:00:00+00:00
1763661600000,0.01592,0.01608,0.0158,0.0159,3192469.0,1763665200000,50855.15491,888,2025-11-20 18:00:00+00:00
1763665200000,0.01589,0.01611,0.01569,0.01607,6261637.0,1763668800000,99398.47609,1240,2025-11-20 19:00:00+00:00
1763668800000,0.01606,0.01607,0.01591,0.01598,2539422.0,1763672400000,40611.22337,640,2025-11-20 20:00:00+00:00
1763672400000,0.01598,0.01629,0.01598,0.01619,3279407.0,1763676000000,52989.9708,604,2025-11-20 21:00:00+00:00
1763676000000,0.0162,0.01647,0.01615,0.01633,1554210.0,1763679600000,25466.93249,601,2025-11-20 22:00:00+00:00
1763679600000,0.01634,0.01634,0.01602,0.01604,1816937.0,1763683200000,29308.82368,527,2025-11-20 23:00:00+00:00
1763683200000,0.01604,0.01652,0.01603,0.01646,3087681.0,1763686800000,50430.06456,749,2025-11-21 00:00:00+00:00
1763686800000,0.01646,0.01655,0.01636,0.01645,2244763.0,1763690400000,36947.60114,838,2025-11-21 01:00:00+00:00
1763690400000,0.01646,0.01647,0.01587,0.01592,4432414.0,1763694000000,71594.46759,1475,2025-11-21 02:00:00+00:00
1763694000000,0.01592,0.01618,0.01588,0.01605,4920485.0,1763697600000,78738.62741,1073,2025-11-21 03:00:00+00:00
1763697600000,0.01604,0.0161,0.01575,0.01603,3197411.0,1763701200000,50914.02459,894,2025-11-21 04:00:00+00:00
1763701200000,0.01602,0.0161,0.01577,0.01582,2510105.0,1763704800000,39903.26713,638,2025-11-21 05:00:00+00:00
1763704800000,0.01582,0.01597,0.01575,0.01592,2510340.0,1763708400000,39847.37951,560,2025-11-21 06:00:00+00:00
1763708400000,0.01592,0.016,0.01376,0.01502,39504281.0,1763712000000,588235.30075,9017,2025-11-21 07:00:00+00:00
1763712000000,0.01503,0.01529,0.01492,0.01506,9924488.0,1763715600000,149983.60815,2207,2025-11-21 08:00:00+00:00
1763715600000,0.01507,0.01529,0.01468,0.0147,15368472.0,1763719200000,228733.95522,2762,2025-11-21 09:00:00+00:00
1763719200000,0.01471,0.01498,0.01444,0.0148,21973313.0,1763722800000,323589.20918,5589,2025-11-21 10:00:00+00:00
1763722800000,0.01479,0.01495,0.01454,0.01457,8309713.0,1763726400000,122553.71711,2514,2025-11-21 11:00:00+00:00
1763726400000,0.01456,0.01498,0.01426,0.01484,19345528.0,1763730000000,282234.31925,4028,2025-11-21 12:00:00+00:00
1763730000000,0.01483,0.01501,0.01474,0.01474,8439519.0,1763733600000,125283.146,3293,2025-11-21 13:00:00+00:00
1763733600000,0.01474,0.01504,0.01461,0.01493,16118788.0,1763737200000,239122.3663,3812,2025-11-21 14:00:00+00:00
1763737200000,0.01494,0.01497,0.01446,0.01452,13634198.0,1763740800000,199749.23255,3072,2025-11-21 15:00:00+00:00
1763740800000,0.01453,0.01463,0.01418,0.01463,18365754.0,1763744400000,263164.612,3384,2025-11-21 16:00:00+00:00
1763744400000,0.01464,0.01483,0.01459,0.0146,6097738.0,1763748000000,89919.15684,2026,2025-11-21 17:00:00+00:00
1763748000000,0.01461,0.01485,0.01437,0.01464,9189175.0,1763751600000,134358.71274,1681,2025-11-21 18:00:00+00:00
1763751600000,0.01464,0.01479,0.01456,0.01461,8257203.0,1763755200000,120963.33292,2163,2025-11-21 19:00:00+00:00
1763755200000,0.01461,0.01465,0.01432,0.01439,3968650.0,1763758800000,57273.84319,1123,2025-11-21 20:00:00+00:00
1763758800000,0.01438,0.01458,0.01422,0.01451,2394714.0,1763762400000,34493.4911,763,2025-11-21 21:00:00+00:00
1763762400000,0.01452,0.01453,0.01405,0.01407,1794624.0,1763766000000,25566.24628,504,2025-11-21 22:00:00+00:00
1763766000000,0.01406,0.01462,0.01392,0.01455,4746648.0,1763769600000,68188.12869,1239,2025-11-21 23:00:00+00:00
1763769600000,0.01454,0.01474,0.01451,0.01467,5276448.0,1763773200000,77216.20685,1568,2025-11-22 00:00:00+00:00
1763773200000,0.01468,0.01493,0.01468,0.0149,1142883.0,1763776800000,16913.87015,564,2025-11-22 01:00:00+00:00
1763776800000,0.0149,0.01498,0.01472,0.01491,5282408.0,1763780400000,78513.021,944,2025-11-22 02:00:00+00:00
1763780400000,0.01491,0.01498,0.01469,0.01473,1907440.0,1763784000000,28378.52219,663,2025-11-22 03:00:00+00:00
1763784000000,0.01472,0.01472,0.01423,0.01443,8076029.0,1763787600000,116042.04114,1156,2025-11-22 04:00:00+00:00
1763787600000,0.01444,0.01451,0.01424,0.01432,2973116.0,1763791200000,42731.61558,843,2025-11-22 05:00:00+00:00
1763791200000,0.01432,0.01457,0.01422,0.01445,2940827.0,1763794800000,42417.25034,824,2025-11-22 06:00:00+00:00
1763794800000,0.01446,0.01457,0.0144,0.01446,3501612.0,1763798400000,50758.25307,1188,2025-11-22 07:00:00+00:00
1763798400000,0.01445,0.01445,0.01409,0.01421,2469326.0,1763802000000,35103.83819,866,2025-11-22 08:00:00+00:00
1763802000000,0.01422,0.0145,0.01422,0.01439,3102114.0,1763805600000,44475.32016,574,2025-11-22 09:00:00+00:00
1763805600000,0.0144,0.01442,0.01422,0.01427,836356.0,1763809200000,11945.8886,320,2025-11-22 10:00:00+00:00
1763809200000,0.01425,0.01451,0.01425,0.01445,2035742.0,1763812800000,29378.74364,756,2025-11-22 11:00:00+00:00
1763812800000,0.01444,0.01445,0.01425,0.01432,1583796.0,1763816400000,22726.55975,721,2025-11-22 12:00:00+00:00
1763816400000,0.01431,0.01442,0.01421,0.01435,4155076.0,1763820000000,59503.248,822,2025-11-22 13:00:00+00:00
1763820000000,0.01436,0.01463,0.01436,0.01452,4388374.0,1763823600000,63788.70322,1593,2025-11-22 14:00:00+00:00
1763823600000,0.01451,0.01467,0.01445,0.01462,6998033.0,1763827200000,101988.82491,1497,2025-11-22 15:00:00+00:00
1763827200000,0.01461,0.01471,0.01457,0.01468,1996734.0,1763830800000,29192.2991,505,2025-11-22 16:00:00+00:00
1763830800000,0.01467,0.0147,0.0146,0.01463,750049.0,1763834400000,10989.09283,275,2025-11-22 17:00:00+00:00
1763834400000,0.01462,0.01466,0.01451,0.01462,1798896.0,1763838000000,26217.07108,420,2025-11-22 18:00:00+00:00
1763838000000,0.01462,0.0147,0.01457,0.01462,2831632.0,1763841600000,41461.75544,590,2025-11-22 19:00:00+00:00
1763841600000,0.01463,0.01477,0.01459,0.0146,2068662.0,1763845200000,30365.95639,875,2025-11-22 20:00:00+00:00
1763845200000,0.01461,0.01477,0.0146,0.01469,3263219.0,1763848800000,47918.74419,482,2025-11-22 21:00:00+00:00
1763848800000,0.01469,0.0151,0.01464,0.01493,4061308.0,1763852400000,60487.58982,731,2025-11-22 22:00:00+00:00
1763852400000,0.01492,0.01501,0.01474,0.01476,2094783.0,1763856000000,31149.01804,556,2025-11-22 23:00:00+00:00
1763856000000,0.01476,0.01483,0.01467,0.01473,857019.0,1763859600000,12635.54902,341,2025-11-23 00:00:00+00:00
1763859600000,0.01474,0.01506,0.01474,0.01502,3780543.0,1763863200000,56482.42548,676,2025-11-23 01:00:00+00:00
1763863200000,0.01503,0.01517,0.015,0.01503,5898407.0,1763866800000,89004.54086,1102,2025-11-23 02:00:00+00:00
1763866800000,0.01505,0.01505,0.01475,0.01487,4784325.0,1763870400000,71204.33171,963,2025-11-23 03:00:00+00:00
1763870400000,0.01489,0.01505,0.01478,0.01485,3846137.0,1763874000000,57320.22992,962,2025-11-23 04:00:00+00:00
1763874000000,0.01485,0.01494,0.01478,0.01488,5986518.0,1763877600000,88918.74418,835,2025-11-23 05:00:00+00:00
1763877600000,0.01488,0.01498,0.01475,0.01478,6597319.0,1763881200000,98077.25843,1112,2025-11-23 06:00:00+00:00
1763881200000,0.01478,0.01498,0.0147,0.01488,6876685.0,1763884800000,102022.8532,997,2025-11-23 07:00:00+00:00
1763884800000,0.01488,0.01496,0.01486,0.01496,3106223.0,1763888400000,46303.44707,400,2025-11-23 08:00:00+00:00
1763888400000,0.01496,0.01502,0.01479,0.01479,5157113.0,1763892000000,76839.62702,682,2025-11-23 09:00:00+00:00
1763892000000,0.01478,0.01481,0.01473,0.01478,3629710.0,1763895600000,53623.67967,546,2025-11-23 10:00:00+00:00
1763895600000,0.01478,0.01483,0.01467,0.01479,3658116.0,1763899200000,54005.79324,726,2025-11-23 11:00:00+00:00
1763899200000,0.01481,0.01502,0.01481,0.01483,16481579.0,1763902800000,245607.75503,1511,2025-11-23 12:00:00+00:00
1763902800000,0.01484,0.01486,0.01475,0.01485,2329438.0,1763906400000,34438.86515,635,2025-11-23 13:00:00+00:00
1763906400000,0.01485,0.01491,0.01446,0.01452,6792286.0,1763910000000,99636.97708,894,2025-11-23 14:00:00+00:00
1763910000000,0.01451,0.0147,0.01448,0.01465,4685386.0,1763913600000,68212.27396,977,2025-11-23 15:00:00+00:00
1763913600000,0.01464,0.01558,0.01461,0.01512,47213121.0,1763917200000,719453.7832,10023,2025-11-23 16:00:00+00:00
1763917200000,0.01512,0.01512,0.01477,0.01479,11194051.0,1763920800000,167319.76801,2007,2025-11-23 17:00:00+00:00
1763920800000,0.01479,0.01494,0.01476,0.01485,2587638.0,1763924400000,38429.87817,589,2025-11-23 18:00:00+00:00
1763924400000,0.01484,0.01506,0.01483,0.0149,3276315.0,1763928000000,49103.29125,955,2025-11-23 19:00:00+00:00
1763928000000,0.01489,0.01491,0.01478,0.01484,1972958.0,1763931600000,29262.9553,611,2025-11-23 20:00:00+00:00
1763931600000,0.01482,0.01486,0.01476,0.01483,1450262.0,1763935200000,21478.3352,386,2025-11-23 21:00:00+00:00
1763935200000,0.01482,0.01484,0.01474,0.01477,2982534.0,1763938800000,44058.43883,365,2025-11-23 22:00:00+00:00
1763938800000,0.0148,0.0148,0.01455,0.01462,2623172.0,1763942400000,38421.97519,465,2025-11-23 23:00:00+00:00
1763942400000,0.01462,0.01469,0.01444,0.0146,2931734.0,1763946000000,42670.30825,717,2025-11-24 00:00:00+00:00
1763946000000,0.01459,0.01463,0.01442,0.0146,3449656.0,1763949600000,50196.46238,1198,2025-11-24 01:00:00+00:00
1763949600000,0.0146,0.01488,0.01457,0.01478,2590777.0,1763953200000,38271.84952,944,2025-11-24 02:00:00+00:00
1763953200000,0.01479,0.01497,0.01477,0.01481,917499.0,1763956800000,13622.21743,488,2025-11-24 03:00:00+00:00
1763956800000,0.01481,0.01482,0.01454,0.01474,2455776.0,1763960400000,36101.7079,729,2025-11-24 04:00:00+00:00
1763960400000,0.01474,0.01503,0.01474,0.0149,3275818.0,1763964000000,48959.56614,825,2025-11-24 05:00:00+00:00
1763964000000,0.0149,0.01552,0.01475,0.01528,19562040.0,1763967600000,298307.91626,3952,2025-11-24 06:00:00+00:00
1763967600000,0.01526,0.01535,0.01511,0.01516,7276534.0,1763971200000,110626.50468,1749,2025-11-24 07:00:00+00:00
1763971200000,0.01513,0.01516,0.01502,0.01505,6558768.0,1763974800000,98855.96546,856,2025-11-24 08:00:00+00:00
1763974800000,0.01504,0.01506,0.01473,0.01478,4221619.0,1763978400000,62768.06772,855,2025-11-24 09:00:00+00:00
1763978400000,0.01479,0.01492,0.01478,0.01485,2906937.0,1763982000000,43169.79103,597,2025-11-24 10:00:00+00:00
1763982000000,0.01484,0.01495,0.01481,0.0149,2483109.0,1763985600000,36966.05389,616,2025-11-24 11:00:00+00:00
1763985600000,0.0149,0.0149,0.01473,0.01476,2582855.0,1763989200000,38206.27335,595,2025-11-24 12:00:00+00:00
1763989200000,0.01476,0.01518,0.01474,0.01495,4353104.0,1763992800000,65545.71132,989,2025-11-24 13:00:00+00:00
1763992800000,0.01495,0.01511,0.01478,0.01503,6113442.0,1763996400000,91472.19717,1434,2025-11-24 14:00:00+00:00
1763996400000,0.01504,0.01515,0.01492,0.01504,5191409.0,1764000000000,78066.1186,1235,2025-11-24 15:00:00+00:00
1764000000000,0.01505,0.01529,0.015,0.01524,3462558.0,1764003600000,52377.74458,855,2025-11-24 16:00:00+00:00
1764003600000,0.01525,0.01555,0.01517,0.01555,4220052.0,1764007200000,64998.54217,956,2025-11-24 17:00:00+00:00
1764007200000,0.01553,0.01561,0.01549,0.01561,2738534.0,1764010800000,42594.88259,1002,2025-11-24 18:00:00+00:00
1764010800000,0.01561,0.01567,0.01545,0.01551,5760711.0,1764014400000,89655.73832,1986,2025-11-24 19:00:00+00:00
1764014400000,0.01551,0.01576,0.0155,0.01571,2649726.0,1764018000000,41495.05206,1734,2025-11-24 20:00:00+00:00
1764018000000,0.01569,0.01578,0.01558,0.01561,2671632.0,1764021600000,41865.00074,1406,2025-11-24 21:00:00+00:00
1764021600000,0.01561,0.01572,0.01549,0.01562,2792600.0,1764025200000,43534.39051,1703,2025-11-24 22:00:00+00:00
1764025200000,0.0156,0.0157,0.01556,0.01557,2800275.0,1764028800000,43808.52409,1935,2025-11-24 23:00:00+00:00
1764028800000,0.01557,0.01565,0.01544,0.01563,4070754.0,1764032400000,63104.46337,1781,2025-11-25 00:00:00+00:00
1764032400000,0.01562,0.01566,0.01551,0.01552,1740982.0,1764036000000,27114.6326,1690,2025-11-25 01:00:00+00:00
1764036000000,0.01551,0.01554,0.01537,0.01548,1769997.0,1764039600000,27361.8427,1841,2025-11-25 02:00:00+00:00
1764039600000,0.01547,0.01562,0.01544,0.01547,2219194.0,1764043200000,34391.04596,1414,2025-11-25 03:00:00+00:00
1764043200000,0.01546,0.01547,0.01526,0.01534,2307336.0,1764046800000,35445.84332,848,2025-11-25 04:00:00+00:00
1764046800000,0.01534,0.01549,0.01533,0.01539,5086958.0,1764050400000,78421.41752,1166,2025-11-25 05:00:00+00:00
1764050400000,0.01539,0.01544,0.01522,0.01541,2050840.0,1764054000000,31496.35005,694,2025-11-25 06:00:00+00:00
1764054000000,0.01542,0.01555,0.01532,0.01545,8725511.0,1764057600000,134834.13134,1429,2025-11-25 07:00:00+00:00
1764057600000,0.01546,0.01565,0.01538,0.01544,9044555.0,1764061200000,140537.30477,1730,2025-11-25 08:00:00+00:00
1764061200000,0.01543,0.0157,0.01542,0.01568,3873331.0,1764064800000,60240.26838,2999,2025-11-25 09:00:00+00:00
1764064800000,0.01567,0.01575,0.01558,0.01564,4342163.0,1764068400000,67931.23107,1889,2025-11-25 10:00:00+00:00
1764068400000,0.01563,0.01563,0.01548,0.01549,6306185.0,1764072000000,98064.56839,2295,2025-11-25 11:00:00+00:00
1764072000000,0.01549,0.01559,0.01542,0.01546,1418275.0,1764075600000,21965.22454,754,2025-11-25 12:00:00+00:00
1764075600000,0.01547,0.01552,0.01524,0.01529,2712713.0,1764079200000,41637.41024,812,2025-11-25 13:00:00+00:00
1764079200000,0.01527,0.0154,0.01503,0.01514,7351350.0,1764082800000,111620.36904,1611,2025-11-25 14:00:00+00:00
1764082800000,0.01514,0.01531,0.01495,0.01529,5864549.0,1764086400000,88592.47724,1790,2025-11-25 15:00:00+00:00
1764086400000,0.01531,0.01544,0.01527,0.01536,3471950.0,1764090000000,53346.2899,809,2025-11-25 16:00:00+00:00
1764090000000,0.01536,0.01542,0.01527,0.01535,1264320.0,1764093600000,19411.67741,471,2025-11-25 17:00:00+00:00
1764093600000,0.01535,0.01539,0.01523,0.01523,1108119.0,1764097200000,16975.04931,305,2025-11-25 18:00:00+00:00
1764097200000,0.01524,0.01525,0.015,0.01515,2843330.0,1764100800000,42995.69617,935,2025-11-25 19:00:00+00:00
1764100800000,0.01517,0.01539,0.01517,0.01531,3022241.0,1764104400000,46179.87508,1258,2025-11-25 20:00:00+00:00
1764104400000,0.01532,0.01532,0.01523,0.01525,909571.0,1764108000000,13889.29979,445,2025-11-25 21:00:00+00:00
1764108000000,0.01522,0.0154,0.01507,0.01539,939229.0,1764111600000,14310.81843,435,2025-11-25 22:00:00+00:00
1764111600000,0.01539,0.01545,0.01531,0.01535,1978872.0,1764115200000,30474.24342,746,2025-11-25 23:00:00+00:00
1764115200000,0.01535,0.01537,0.01527,0.01531,592179.0,1764118800000,9072.32594,323,2025-11-26 00:00:00+00:00
1764118800000,0.0153,0.01542,0.01528,0.01533,504412.0,1764122400000,7733.46068,211,2025-11-26 01:00:00+00:00
1764122400000,0.01533,0.01538,0.01524,0.01526,1385865.0,1764126000000,21176.20808,239,2025-11-26 02:00:00+00:00
1764126000000,0.01525,0.01529,0.01515,0.01518,770631.0,1764129600000,11718.38681,297,2025-11-26 03:00:00+00:00
1764129600000,0.01518,0.0152,0.01514,0.01517,340507.0,1764133200000,5161.93467,305,2025-11-26 04:00:00+00:00
1764133200000,0.01517,0.0153,0.01515,0.0153,930934.0,1764136800000,14176.1777,261,2025-11-26 05:00:00+00:00
1764136800000,0.0153,0.01537,0.01526,0.01533,2944965.0,1764140400000,45128.18699,635,2025-11-26 06:00:00+00:00
1764140400000,0.01534,0.01543,0.0153,0.01535,3379593.0,1764144000000,51927.38495,622,2025-11-26 07:00:00+00:00
1764144000000,0.01537,0.01537,0.01514,0.01516,2644186.0,1764147600000,40313.81217,395,2025-11-26 08:00:00+00:00
1764147600000,0.01517,0.01522,0.01508,0.0151,2784015.0,1764151200000,42143.67289,592,2025-11-26 09:00:00+00:00
1764151200000,0.0151,0.01518,0.01507,0.01515,1704634.0,1764154800000,25783.79184,305,2025-11-26 10:00:00+00:00
1764154800000,0.01516,0.01521,0.01509,0.0151,2748640.0,1764158400000,41648.37388,441,2025-11-26 11:00:00+00:00
1764158400000,0.01512,0.01519,0.015,0.01516,3014672.0,1764162000000,45461.85532,545,2025-11-26 12:00:00+00:00
1764162000000,0.01516,0.01562,0.01516,0.01555,9957420.0,1764165600000,153323.97924,1636,2025-11-26 13:00:00+00:00
1764165600000,0.01555,0.01569,0.01527,0.0153,9038389.0,1764169200000,140254.93041,1910,2025-11-26 14:00:00+00:00
1764169200000,0.01529,0.01539,0.01514,0.01524,9316186.0,1764172800000,142326.69128,1421,2025-11-26 15:00:00+00:00
1764172800000,0.01525,0.01567,0.01524,0.01551,16879055.0,1764176400000,261754.91114,2252,2025-11-26 16:00:00+00:00
1764176400000,0.01551,0.01578,0.01549,0.01577,4837650.0,1764180000000,75801.25988,1095,2025-11-26 17:00:00+00:00
1764180000000,0.01577,0.01599,0.01568,0.01584,9397836.0,1764183600000,148667.34937,1331,2025-11-26 18:00:00+00:00
1764183600000,0.01584,0.01588,0.0157,0.01588,6219729.0,1764187200000,98009.5474,944,2025-11-26 19:00:00+00:00
1764187200000,0.01587,0.01587,0.01576,0.01582,1569443.0,1764190800000,24806.99119,474,2025-11-26 20:00:00+00:00
1764190800000,0.01582,0.01588,0.01569,0.01587,1292407.0,1764194400000,20397.97356,389,2025-11-26 21:00:00+00:00
1764194400000,0.01585,0.01603,0.01585,0.01593,2996946.0,1764198000000,47765.82025,718,2025-11-26 22:00:00+00:00
1764198000000,0.01593,0.01601,0.01582,0.01591,4272029.0,1764201600000,68014.16397,809,2025-11-26 23:00:00+00:00
1764201600000,0.0159,0.01609,0.01587,0.01601,6163219.0,1764205200000,98591.40489,902,2025-11-27 00:00:00+00:00
1764205200000,0.01601,0.01635,0.01601,0.01634,1815245.0,1764208800000,29333.92246,896,2025-11-27 01:00:00+00:00
1764208800000,0.01636,0.01644,0.01623,0.01627,3760084.0,1764212400000,61375.616,931,2025-11-27 02:00:00+00:00
1764212400000,0.01629,0.01648,0.01611,0.01616,5823840.0,1764216000000,94744.85765,1522,2025-11-27 03:00:00+00:00
1764216000000,0.01616,0.01627,0.01613,0.01615,2667693.0,1764219600000,43216.72703,803,2025-11-27 04:00:00+00:00
1764219600000,0.01615,0.01615,0.01595,0.01603,2807211.0,1764223200000,45079.29451,517,2025-11-27 05:00:00+00:00
1764223200000,0.01602,0.01608,0.0159,0.01591,3251909.0,1764226800000,51979.34722,576,2025-11-27 06:00:00+00:00
1764226800000,0.01591,0.01634,0.01587,0.01608,11506407.0,1764230400000,185894.98553,2381,2025-11-27 07:00:00+00:00
1764230400000,0.01606,0.01606,0.01593,0.016,2073376.0,1764234000000,33131.15651,458,2025-11-27 08:00:00+00:00
1764234000000,0.01599,0.01607,0.01591,0.01595,2900841.0,1764237600000,46332.93744,742,2025-11-27 09:00:00+00:00
1764237600000,0.01596,0.01606,0.01585,0.01595,1397516.0,1764241200000,22278.22181,392,2025-11-27 10:00:00+00:00
1764241200000,0.01594,0.01595,0.01583,0.01589,3201937.0,1764244800000,50878.08211,399,2025-11-27 11:00:00+00:00
1764244800000,0.01587,0.01588,0.0157,0.01572,1038435.0,1764248400000,16388.65428,332,2025-11-27 12:00:00+00:00
1764248400000,0.01572,0.01596,0.01572,0.01589,3347076.0,1764252000000,53086.37477,632,2025-11-27 13:00:00+00:00
1764252000000,0.01589,0.0159,0.01577,0.01586,2932616.0,1764255600000,46416.15685,393,2025-11-27 14:00:00+00:00
1764255600000,0.01586,0.01601,0.01582,0.01599,2997704.0,1764259200000,47674.87025,512,2025-11-27 15:00:00+00:00
1764259200000,0.01599,0.01612,0.01594,0.01606,1265244.0,1764262800000,20283.47474,482,2025-11-27 16:00:00+00:00
1764262800000,0.01606,0.01612,0.01601,0.01609,1027973.0,1764266400000,16512.01708,411,2025-11-27 17:00:00+00:00
1764266400000,0.01609,0.01618,0.01605,0.01612,1590600.0,1764270000000,25629.73091,400,2025-11-27 18:00:00+00:00
1764270000000,0.01612,0.01627,0.0161,0.01617,1055484.0,1764273600000,17095.34769,389,2025-11-27 19:00:00+00:00
1764273600000,0.01617,0.01618,0.01611,0.01613,753288.0,1764277200000,12162.31635,197,2025-11-27 20:00:00+00:00
1764277200000,0.01614,0.01617,0.01604,0.01609,920748.0,1764280800000,14843.21946,360,2025-11-27 21:00:00+00:00
1764280800000,0.01608,0.01613,0.01587,0.01596,1616460.0,1764284400000,25785.01195,321,2025-11-27 22:00:00+00:00
1764284400000,0.01596,0.01598,0.01584,0.0159,1053097.0,1764288000000,16759.54699,457,2025-11-27 23:00:00+00:00
1764288000000,0.01591,0.01624,0.01591,0.01613,5314877.0,1764291600000,85666.84865,1378,2025-11-28 00:00:00+00:00
1764291600000,0.01613,0.01618,0.01584,0.01584,1658640.0,1764295200000,26573.64397,783,2025-11-28 01:00:00+00:00
1764295200000,0.01584,0.01591,0.01569,0.01587,1578438.0,1764298800000,24942.53011,693,2025-11-28 02:00:00+00:00
1764298800000,0.01586,0.01588,0.01582,0.01585,919835.0,1764302400000,14570.59203,400,2025-11-28 03:00:00+00:00
1764302400000,0.01585,0.01589,0.01568,0.01572,3885968.0,1764306000000,61174.23104,553,2025-11-28 04:00:00+00:00
1764306000000,0.01571,0.01575,0.01565,0.01574,1360148.0,1764309600000,21341.796,441,2025-11-28 05:00:00+00:00
1764309600000,0.01573,0.01577,0.01564,0.01564,1441988.0,1764313200000,22641.64092,435,2025-11-28 06:00:00+00:00
1764313200000,0.01563,0.01581,0.01561,0.01572,2636124.0,1764316800000,41524.8663,581,2025-11-28 07:00:00+00:00
1764316800000,0.01571,0.01613,0.01571,0.01602,2375531.0,1764320400000,37916.34276,708,2025-11-28 08:00:00+00:00
1764320400000,0.01602,0.01606,0.01595,0.01597,1164013.0,1764324000000,18632.97057,421,2025-11-28 09:00:00+00:00
1764324000000,0.01598,0.01602,0.01595,0.01597,511271.0,1764327600000,8172.47582,337,2025-11-28 10:00:00+00:00
1764327600000,0.01597,0.01601,0.01574,0.01597,1939467.0,1764331200000,30843.53685,677,2025-11-28 11:00:00+00:00
1764331200000,0.01598,0.01628,0.01597,0.01601,5582113.0,1764334800000,90141.30947,999,2025-11-28 12:00:00+00:00
1764334800000,0.01599,0.01618,0.01588,0.01611,2489173.0,1764338400000,39969.83855,938,2025-11-28 13:00:00+00:00
1764338400000,0.0161,0.01627,0.01608,0.01617,4872101.0,1764342000000,78731.91648,937,2025-11-28 14:00:00+00:00
1764342000000,0.01618,0.01637,0.01611,0.01617,4688603.0,1764345600000,76150.31191,1292,2025-11-28 15:00:00+00:00
1764345600000,0.01617,0.01617,0.01582,0.01582,5291028.0,1764349200000,84592.8972,1368,2025-11-28 16:00:00+00:00
1764349200000,0.01581,0.01588,0.01569,0.01573,1372439.0,1764352800000,21641.67892,646,2025-11-28 17:00:00+00:00
1764352800000,0.01573,0.01619,0.01563,0.01602,6266294.0,1764356400000,100007.23645,2082,2025-11-28 18:00:00+00:00
1764356400000,0.01603,0.0165,0.01603,0.01642,6159870.0,1764360000000,100476.13913,2742,2025-11-28 19:00:00+00:00
1764360000000,0.01642,0.01662,0.01631,0.01653,8192844.0,1764363600000,134625.5688,3183,2025-11-28 20:00:00+00:00
1764363600000,0.01654,0.01681,0.01646,0.01649,10212802.0,1764367200000,169869.45059,3043,2025-11-28 21:00:00+00:00
1764367200000,0.01648,0.01656,0.01632,0.0164,4373705.0,1764370800000,71813.0179,1648,2025-11-28 22:00:00+00:00
1764370800000,0.01639,0.01641,0.01626,0.01629,2617621.0,1764374400000,42729.16438,1645,2025-11-28 23:00:00+00:00
1764374400000,0.01629,0.01635,0.01613,0.01618,3611235.0,1764378000000,58519.86212,912,2025-11-29 00:00:00+00:00
1764378000000,0.01619,0.01624,0.01608,0.01621,3087225.0,1764381600000,49811.91372,476,2025-11-29 01:00:00+00:00
1764381600000,0.0162,0.01621,0.01606,0.01613,2501838.0,1764385200000,40288.10225,326,2025-11-29 02:00:00+00:00
1764385200000,0.01613,0.01622,0.01601,0.01604,3811246.0,1764388800000,61496.95028,1022,2025-11-29 03:00:00+00:00
1764388800000,0.01603,0.01611,0.01597,0.01609,1798059.0,1764392400000,28804.21219,265,2025-11-29 04:00:00+00:00
1764392400000,0.01608,0.01614,0.01604,0.01606,1558343.0,1764396000000,25071.14008,330,2025-11-29 05:00:00+00:00
1764396000000,0.01607,0.01616,0.01583,0.01595,3501121.0,1764399600000,55874.97651,648,2025-11-29 06:00:00+00:00
1764399600000,0.01594,0.01598,0.01581,0.01588,1387491.0,1764403200000,22014.86297,328,2025-11-29 07:00:00+00:00
1764403200000,0.01588,0.01592,0.01581,0.01585,1747288.0,1764406800000,27731.40534,311,2025-11-29 08:00:00+00:00
1764406800000,0.01586,0.01592,0.01581,0.01587,2138177.0,1764410400000,33906.02054,332,2025-11-29 09:00:00+00:00
1764410400000,0.01587,0.01596,0.01579,0.01594,865753.0,1764414000000,13745.29475,242,2025-11-29 10:00:00+00:00
1764414000000,0.01592,0.01593,0.01582,0.01584,4180928.0,1764417600000,66352.20771,815,2025-11-29 11:00:00+00:00
1764417600000,0.01583,0.0159,0.01568,0.0157,2002654.0,1764421200000,31643.64684,416,2025-11-29 12:00:00+00:00
1764421200000,0.01569,0.0161,0.01567,0.01604,7221147.0,1764424800000,114663.99014,1102,2025-11-29 13:00:00+00:00
1764424800000,0.01605,0.01615,0.01587,0.01596,4679611.0,1764428400000,74820.3568,722,2025-11-29 14:00:00+00:00
1764428400000,0.01595,0.01606,0.01593,0.016,1399355.0,1764432000000,22368.19524,319,2025-11-29 15:00:00+00:00
1764432000000,0.01599,0.01609,0.01592,0.01599,1498422.0,1764435600000,24005.09309,288,2025-11-29 16:00:00+00:00
1764435600000,0.01599,0.01601,0.01576,0.01576,2797902.0,1764439200000,44358.42,520,2025-11-29 17:00:00+00:00
1764439200000,0.01578,0.01586,0.01569,0.01585,1848585.0,1764442800000,29164.25197,459,2025-11-29 18:00:00+00:00
1764442800000,0.01584,0.01644,0.01579,0.01579,33427706.0,1764446400000,536665.09735,3609,2025-11-29 19:00:00+00:00
1764446400000,0.01578,0.01588,0.01565,0.01585,3683484.0,1764450000000,58043.22031,545,2025-11-29 20:00:00+00:00
1764450000000,0.01584,0.01591,0.0158,0.01588,308977.0,1764453600000,4894.8786,125,2025-11-29 21:00:00+00:00
1764453600000,0.01587,0.0159,0.01583,0.01585,660136.0,1764457200000,10480.71613,225,2025-11-29 22:00:00+00:00
1764457200000,0.01584,0.01588,0.01575,0.01584,430721.0,1764460800000,6812.61381,243,2025-11-29 23:00:00+00:00
1764460800000,0.01584,0.01586,0.01574,0.01576,2980044.0,1764464400000,47049.96044,415,2025-11-30 00:00:00+00:00
1764464400000,0.01576,0.01584,0.01573,0.01582,277956.0,1764468000000,4386.02795,147,2025-11-30 01:00:00+00:00
1764468000000,0.01583,0.01586,0.01561,0.01564,1965336.0,1764471600000,30901.31713,232,2025-11-30 02:00:00+00:00
1764471600000,0.01564,0.01564,0.01545,0.0156,1823578.0,1764475200000,28338.41588,338,2025-11-30 03:00:00+00:00
1764475200000,0.01561,0.01585,0.01547,0.01549,7342220.0,1764478800000,114722.53298,1044,2025-11-30 04:00:00+00:00
1764478800000,0.01548,0.01548,0.01524,0.0153,3726336.0,1764482400000,57151.83178,735,2025-11-30 05:00:00+00:00
1764482400000,0.01528,0.01549,0.01527,0.01541,636770.0,1764486000000,9812.95052,282,2025-11-30 06:00:00+00:00
1764486000000,0.0154,0.01553,0.01537,0.01552,471059.0,1764489600000,7296.49295,208,2025-11-30 07:00:00+00:00
1764489600000,0.0155,0.0156,0.01539,0.01542,1334788.0,1764493200000,20651.12143,270,2025-11-30 08:00:00+00:00
1764493200000,0.01541,0.01547,0.01536,0.01544,622889.0,1764496800000,9603.04644,378,2025-11-30 09:00:00+00:00
1764496800000,0.01545,0.01559,0.0154,0.0155,3146951.0,1764500400000,48862.72943,830,2025-11-30 10:00:00+00:00
1764500400000,0.0155,0.01569,0.01548,0.01566,3330558.0,1764504000000,51982.5059,850,2025-11-30 11:00:00+00:00
1764504000000,0.01567,0.01594,0.01558,0.01567,7396016.0,1764507600000,116628.06628,1567,2025-11-30 12:00:00+00:00
1764507600000,0.01567,0.01599,0.01567,0.0159,5699931.0,1764511200000,90334.40674,1419,2025-11-30 13:00:00+00:00
1764511200000,0.0159,0.01593,0.01567,0.01585,4184059.0,1764514800000,66077.02979,870,2025-11-30 14:00:00+00:00
1764514800000,0.01584,0.01688,0.01542,0.01572,90368245.0,1764518400000,1443383.57912,12711,2025-11-30 15:00:00+00:00
1764518400000,0.01571,0.01584,0.01568,0.01577,3559425.0,1764522000000,56100.59858,770,2025-11-30 16:00:00+00:00
1764522000000,0.01578,0.01596,0.01576,0.01586,5844541.0,1764525600000,92666.06992,1087,2025-11-30 17:00:00+00:00
1764525600000,0.01586,0.0159,0.01577,0.01579,1474248.0,1764529200000,23323.19842,360,2025-11-30 18:00:00+00:00
1764529200000,0.01581,0.01582,0.01573,0.0158,1006938.0,1764532800000,15876.63703,270,2025-11-30 19:00:00+00:00
1764532800000,0.01581,0.0159,0.01575,0.01579,716934.0,1764536400000,11352.54936,237,2025-11-30 20:00:00+00:00
1764536400000,0.01581,0.01582,0.01573,0.01575,589380.0,1764540000000,9291.97616,147,2025-11-30 21:00:00+00:00
1764540000000,0.01575,0.01587,0.01573,0.01576,620157.0,1764543600000,9802.98334,185,2025-11-30 22:00:00+00:00
1764543600000,0.0158,0.01586,0.01554,0.01556,3309703.0,1764547200000,51829.85076,508,2025-11-30 23:00:00+00:00
1764547200000,0.01557,0.01561,0.01425,0.01427,26581546.0,1764550800000,395586.05546,4209,2025-12-01 00:00:00+00:00
1764550800000,0.01431,0.01454,0.01421,0.01448,5146979.0,1764554400000,74405.92143,1197,2025-12-01 01:00:00+00:00
1764554400000,0.01447,0.01466,0.01447,0.01449,6862371.0,1764558000000,99912.11261,1016,2025-12-01 02:00:00+00:00
1764558000000,0.01449,0.01453,0.01435,0.0144,6741752.0,1764561600000,97212.54548,1175,2025-12-01 03:00:00+00:00
1764561600000,0.0144,0.01473,0.01436,0.01465,10693228.0,1764565200000,155805.55925,1594,2025-12-01 04:00:00+00:00
1764565200000,0.01465,0.01474,0.01448,0.01452,7464678.0,1764568800000,108907.51718,851,2025-12-01 05:00:00+00:00
1764568800000,0.01453,0.01479,0.0145,0.01459,4636558.0,1764572400000,67894.48925,572,2025-12-01 06:00:00+00:00
1764572400000,0.01459,0.01461,0.01446,0.01461,2331794.0,1764576000000,33903.01076,519,2025-12-01 07:00:00+00:00
1764576000000,0.01458,0.01462,0.01445,0.01454,3411144.0,1764579600000,49556.0429,594,2025-12-01 08:00:00+00:00
1764579600000,0.01456,0.01477,0.01456,0.01467,2520871.0,1764583200000,37050.40775,575,2025-12-01 09:00:00+00:00
1764583200000,0.01467,0.01469,0.01452,0.01462,5246637.0,1764586800000,76755.20215,720,2025-12-01 10:00:00+00:00
1764586800000,0.01464,0.01477,0.01461,0.01461,2304438.0,1764590400000,33878.27195,470,2025-12-01 11:00:00+00:00
1764590400000,0.01461,0.01462,0.01435,0.01453,7993188.0,1764594000000,115970.95554,1066,2025-12-01 12:00:00+00:00
1764594000000,0.01453,0.01479,0.01427,0.01433,12197279.0,1764597600000,176839.88979,1430,2025-12-01 13:00:00+00:00
1764597600000,0.01434,0.01448,0.01425,0.01437,5338950.0,1764601200000,76640.63036,821,2025-12-01 14:00:00+00:00
1764601200000,0.01437,0.01459,0.01409,0.01447,10238767.0,1764604800000,147150.27585,1682,2025-12-01 15:00:00+00:00
1764604800000,0.01448,0.01458,0.01437,0.01437,4756235.0,1764608400000,68878.09868,814,2025-12-01 16:00:00+00:00
1764608400000,0.01439,0.01448,0.01425,0.01432,1203004.0,1764612000000,17257.83871,602,2025-12-01 17:00:00+00:00
1764612000000,0.01431,0.01447,0.01427,0.01444,797822.0,1764615600000,11476.26434,475,2025-12-01 18:00:00+00:00
1764615600000,0.01445,0.0145,0.01433,0.01441,1221886.0,1764619200000,17610.00072,376,2025-12-01 19:00:00+00:00
1764619200000,0.01442,0.01479,0.01442,0.01468,7749825.0,1764622800000,113466.94191,1023,2025-12-01 20:00:00+00:00
1764622800000,0.01468,0.01478,0.01464,0.0147,1093773.0,1764626400000,16093.46453,416,2025-12-01 21:00:00+00:00
1764626400000,0.01471,0.01504,0.01471,0.01498,2256407.0,1764630000000,33646.35618,456,2025-12-01 22:00:00+00:00
1764630000000,0.01497,0.01508,0.01496,0.01503,1562300.0,1764633600000,23481.45858,378,2025-12-01 23:00:00+00:00
1764633600000,0.01505,0.0151,0.01488,0.01497,3123208.0,1764637200000,46705.12694,436,2025-12-02 00:00:00+00:00
1764637200000,0.01497,0.01517,0.01489,0.01497,2098753.0,1764640800000,31428.60178,444,2025-12-02 01:00:00+00:00
1764640800000,0.01496,0.01509,0.01484,0.01487,3226526.0,1764644400000,48293.37604,483,2025-12-02 02:00:00+00:00
1764644400000,0.01486,0.01491,0.01472,0.01487,1091995.0,1764648000000,16190.39899,306,2025-12-02 03:00:00+00:00
1764648000000,0.01488,0.01495,0.0148,0.0148,1051399.0,1764651600000,15647.44876,300,2025-12-02 04:00:00+00:00
1764651600000,0.01479,0.01484,0.01472,0.01475,649545.0,1764655200000,9598.92421,190,2025-12-02 05:00:00+00:00
1764655200000,0.01475,0.01478,0.01467,0.01473,1597263.0,1764658800000,23471.85413,260,2025-12-02 06:00:00+00:00
1764658800000,0.01474,0.01479,0.01462,0.01464,4560963.0,1764662400000,67065.35673,467,2025-12-02 07:00:00+00:00
1764662400000,0.01463,0.01466,0.01454,0.01458,2048154.0,1764666000000,29925.90787,422,2025-12-02 08:00:00+00:00
1764666000000,0.01458,0.01472,0.01457,0.01471,1933045.0,1764669600000,28348.74438,329,2025-12-02 09:00:00+00:00
1764669600000,0.01469,0.01486,0.01467,0.0148,997478.0,1764673200000,14727.54247,304,2025-12-02 10:00:00+00:00
1764673200000,0.01481,0.01488,0.01475,0.01483,1298387.0,1764676800000,19280.2326,193,2025-12-02 11:00:00+00:00
1764676800000,0.01484,0.01488,0.01469,0.01475,2886133.0,1764680400000,42550.23459,376,2025-12-02 12:00:00+00:00
1764680400000,0.01476,0.01486,0.0147,0.01481,1769980.0,1764684000000,26202.97105,353,2025-12-02 13:00:00+00:00
1764684000000,0.01482,0.01502,0.01478,0.01499,3516461.0,1764687600000,52349.65572,783,2025-12-02 14:00:00+00:00
1764687600000,0.015,0.01547,0.015,0.01539,7801910.0,1764691200000,119017.51195,1718,2025-12-02 15:00:00+00:00
1764691200000,0.0154,0.0156,0.01529,0.0155,11508471.0,1764694800000,177758.66878,1679,2025-12-02 16:00:00+00:00
1764694800000,0.0155,0.01578,0.01534,0.01535,21518807.0,1764698400000,335230.32593,2550,2025-12-02 17:00:00+00:00
1764698400000,0.01535,0.01659,0.0153,0.01557,123668340.0,1764702000000,1939018.19498,15825,2025-12-02 18:00:00+00:00
1764702000000,0.01558,0.01566,0.01539,0.01543,7619976.0,1764705600000,118195.58946,1390,2025-12-02 19:00:00+00:00
1764705600000,0.0154,0.01545,0.01522,0.01531,4130268.0,1764709200000,63291.30152,776,2025-12-02 20:00:00+00:00
1764709200000,0.0153,0.01547,0.0153,0.01542,2138016.0,1764712800000,32929.26595,399,2025-12-02 21:00:00+00:00
1764712800000,0.01544,0.01558,0.01543,0.01553,2519985.0,1764716400000,39094.30977,375,2025-12-02 22:00:00+00:00
1764716400000,0.01554,0.01565,0.01554,0.0156,3527684.0,1764720000000,55024.83069,621,2025-12-02 23:00:00+00:00
1764720000000,0.0156,0.01563,0.01544,0.01554,1106998.0,1764723600000,17178.39534,376,2025-12-03 00:00:00+00:00
1764723600000,0.01553,0.01568,0.01547,0.01559,3109351.0,1764727200000,48372.83949,636,2025-12-03 01:00:00+00:00
1764727200000,0.0156,0.01583,0.0156,0.0157,3836412.0,1764730800000,60392.14894,429,2025-12-03 02:00:00+00:00
1764730800000,0.0157,0.0159,0.01569,0.01578,5592858.0,1764734400000,88357.01606,630,2025-12-03 03:00:00+00:00
1764734400000,0.01577,0.01598,0.01576,0.01592,6992607.0,1764738000000,111108.67495,771,2025-12-03 04:00:00+00:00
1764738000000,0.01592,0.01596,0.01587,0.01591,2975142.0,1764741600000,47347.10525,494,2025-12-03 05:00:00+00:00
1764741600000,0.01592,0.016,0.01579,0.01584,2314150.0,1764745200000,36785.63072,444,2025-12-03 06:00:00+00:00
1764745200000,0.01584,0.01584,0.01561,0.01566,4695884.0,1764748800000,73817.88802,653,2025-12-03 07:00:00+00:00
1764748800000,0.01567,0.01581,0.01566,0.01578,3205442.0,1764752400000,50480.77782,406,2025-12-03 08:00:00+00:00
1764752400000,0.01578,0.01584,0.01561,0.01573,1986967.0,1764756000000,31222.93626,367,2025-12-03 09:00:00+00:00
1764756000000,0.01573,0.01576,0.01558,0.01558,5366048.0,1764759600000,83957.34395,485,2025-12-03 10:00:00+00:00
1764759600000,0.01559,0.01567,0.01548,0.01564,1866309.0,1764763200000,29082.14439,345,2025-12-03 11:00:00+00:00
1764763200000,0.01565,0.01569,0.0155,0.01557,5559020.0,1764766800000,86647.66434,535,2025-12-03 12:00:00+00:00
1764766800000,0.01558,0.01565,0.01554,0.01561,3437980.0,1764770400000,53619.26511,397,2025-12-03 13:00:00+00:00
1764770400000,0.01562,0.01577,0.01526,0.01543,9275364.0,1764774000000,143490.13585,1939,2025-12-03 14:00:00+00:00
1764774000000,0.01544,0.0156,0.01542,0.01556,1550534.0,1764777600000,24088.42605,431,2025-12-03 15:00:00+00:00
1764777600000,0.01557,0.01568,0.0155,0.01552,2570470.0,1764781200000,40061.19161,401,2025-12-03 16:00:00+00:00
1764781200000,0.01553,0.01568,0.01542,0.01566,5172174.0,1764784800000,80449.40764,660,2025-12-03 17:00:00+00:00
1764784800000,0.01566,0.01577,0.0156,0.01563,2199424.0,1764788400000,34520.69188,542,2025-12-03 18:00:00+00:00
1764788400000,0.01562,0.01567,0.01556,0.01559,1761301.0,1764792000000,27469.71118,271,2025-12-03 19:00:00+00:00
1764792000000,0.01561,0.0157,0.01556,0.0156,1621042.0,1764795600000,25325.16851,340,2025-12-03 20:00:00+00:00
1764795600000,0.01559,0.01571,0.01554,0.01568,5945184.0,1764799200000,92839.61003,559,2025-12-03 21:00:00+00:00
1764799200000,0.01569,0.01575,0.01561,0.01572,2238012.0,1764802800000,35095.44739,357,2025-12-03 22:00:00+00:00
1764802800000,0.0157,0.01581,0.01556,0.01557,5171794.0,1764806400000,80862.58809,611,2025-12-03 23:00:00+00:00
1764806400000,0.01559,0.01569,0.01551,0.01557,1364295.0,1764810000000,21259.55514,451,2025-12-04 00:00:00+00:00
1764810000000,0.01556,0.01578,0.01554,0.01554,566359.0,1764813600000,8870.87687,256,2025-12-04 01:00:00+00:00
1764813600000,0.01553,0.01568,0.01553,0.0156,513288.0,1764817200000,8013.48841,204,2025-12-04 02:00:00+00:00
1764817200000,0.01559,0.01562,0.01548,0.0155,455802.0,1764820800000,7083.29399,173,2025-12-04 03:00:00+00:00
1764820800000,0.0155,0.0156,0.01549,0.01558,1268692.0,1764824400000,19726.05195,322,2025-12-04 04:00:00+00:00
1764824400000,0.01558,0.01563,0.01537,0.01545,5058889.0,1764828000000,78309.43453,723,2025-12-04 05:00:00+00:00
1764828000000,0.01545,0.01557,0.01544,0.01554,1324105.0,1764831600000,20531.58943,382,2025-12-04 06:00:00+00:00
1764831600000,0.01555,0.01557,0.01542,0.01549,1000431.0,1764835200000,15497.30936,423,2025-12-04 07:00:00+00:00
1764835200000,0.01548,0.01551,0.01532,0.01535,1159083.0,1764838800000,17843.87852,351,2025-12-04 08:00:00+00:00
1764838800000,0.01536,0.0156,0.01532,0.01553,2793083.0,1764842400000,43234.1508,413,2025-12-04 09:00:00+00:00
1764842400000,0.01552,0.01562,0.01548,0.01549,1158106.0,1764846000000,18036.11556,380,2025-12-04 10:00:00+00:00
1764846000000,0.01547,0.0155,0.01544,0.01547,744439.0,1764849600000,11511.47544,214,2025-12-04 11:00:00+00:00
1764849600000,0.01547,0.01552,0.01541,0.01542,971720.0,1764853200000,15019.9152,205,2025-12-04 12:00:00+00:00
1764853200000,0.01543,0.01546,0.01524,0.01529,1306231.0,1764856800000,20104.68691,358,2025-12-04 13:00:00+00:00
1764856800000,0.01528,0.0154,0.01515,0.01519,2836157.0,1764860400000,43406.39312,773,2025-12-04 14:00:00+00:00
1764860400000,0.01519,0.01561,0.01517,0.01545,4600188.0,1764864000000,70837.04878,1030,2025-12-04 15:00:00+00:00
1764864000000,0.01543,0.01552,0.01526,0.01527,2047989.0,1764867600000,31481.69343,611,2025-12-04 16:00:00+00:00
1764867600000,0.01528,0.01529,0.01517,0.01529,805050.0,1764871200000,12267.32036,286,2025-12-04 17:00:00+00:00
1764871200000,0.01529,0.0154,0.01525,0.01532,930659.0,1764874800000,14285.26201,378,2025-12-04 18:00:00+00:00
1764874800000,0.01533,0.01533,0.01486,0.01518,7359429.0,1764878400000,110733.22654,1100,2025-12-04 19:00:00+00:00
1764878400000,0.01518,0.01522,0.01507,0.01516,1932805.0,1764882000000,29263.62875,427,2025-12-04 20:00:00+00:00
1764882000000,0.01516,0.0152,0.01499,0.01499,1325461.0,1764885600000,20001.48605,300,2025-12-04 21:00:00+00:00
1764885600000,0.015,0.01509,0.01495,0.01505,953671.0,1764889200000,14296.19324,163,2025-12-04 22:00:00+00:00
1764889200000,0.01504,0.01504,0.01497,0.01499,220651.0,1764892800000,3312.10615,92,2025-12-04 23:00:00+00:00
1764892800000,0.01498,0.01509,0.01491,0.015,638614.0,1764896400000,9564.82398,232,2025-12-05 00:00:00+00:00
1764896400000,0.01499,0.01511,0.01498,0.01507,975301.0,1764900000000,14686.01791,255,2025-12-05 01:00:00+00:00
1764900000000,0.01506,0.01522,0.01505,0.01518,944826.0,1764903600000,14302.15147,199,2025-12-05 02:00:00+00:00
1764903600000,0.01518,0.01522,0.01504,0.01508,2182680.0,1764907200000,32958.15407,272,2025-12-05 03:00:00+00:00
1764907200000,0.01508,0.01514,0.01485,0.01497,1381061.0,1764910800000,20659.16826,390,2025-12-05 04:00:00+00:00
1764910800000,0.01496,0.01501,0.01488,0.0149,919921.0,1764914400000,13738.64285,273,2025-12-05 05:00:00+00:00
1764914400000,0.0149,0.01504,0.0149,0.01504,1422997.0,1764918000000,21345.00867,306,2025-12-05 06:00:00+00:00
1764918000000,0.01503,0.01518,0.01502,0.01508,2262297.0,1764921600000,34182.46951,432,2025-12-05 07:00:00+00:00
1764921600000,0.01508,0.01511,0.0149,0.01498,1717220.0,1764925200000,25733.97237,405,2025-12-05 08:00:00+00:00
1764925200000,0.01498,0.01499,0.01467,0.01471,3926425.0,1764928800000,57953.93705,870,2025-12-05 09:00:00+00:00
1764928800000,0.0147,0.01483,0.01467,0.01473,2062435.0,1764932400000,30457.04486,428,2025-12-05 10:00:00+00:00
1764932400000,0.01473,0.01476,0.01453,0.01459,2309351.0,1764936000000,33777.20054,580,2025-12-05 11:00:00+00:00
1764936000000,0.01459,0.01464,0.01455,0.01458,1805032.0,1764939600000,26316.82243,306,2025-12-05 12:00:00+00:00
1764939600000,0.01457,0.01461,0.0143,0.01438,4800340.0,1764943200000,69351.94883,590,2025-12-05 13:00:00+00:00
1764943200000,0.01437,0.01445,0.01429,0.01437,3129879.0,1764946800000,44953.71855,590,2025-12-05 14:00:00+00:00
1764946800000,0.01437,0.01469,0.01436,0.01441,2646707.0,1764950400000,38416.83473,663,2025-12-05 15:00:00+00:00
1764950400000,0.01441,0.01441,0.01399,0.01414,6527468.0,1764954000000,92665.86128,1190,2025-12-05 16:00:00+00:00
1764954000000,0.01413,0.0142,0.01403,0.01413,2139954.0,1764957600000,30242.35357,540,2025-12-05 17:00:00+00:00
1764957600000,0.01412,0.01423,0.01385,0.01387,7067765.0,1764961200000,99048.62844,786,2025-12-05 18:00:00+00:00
1764961200000,0.01386,0.01407,0.01378,0.01404,2436561.0,1764964800000,33962.90878,532,2025-12-05 19:00:00+00:00
1764964800000,0.01404,0.01407,0.01391,0.01394,2156022.0,1764968400000,30174.03739,331,2025-12-05 20:00:00+00:00
1764968400000,0.01393,0.01404,0.01393,0.01402,1128190.0,1764972000000,15789.5256,202,2025-12-05 21:00:00+00:00
1764972000000,0.01401,0.01425,0.01396,0.01422,1961099.0,1764975600000,27605.19059,279,2025-12-05 22:00:00+00:00
1764975600000,0.0142,0.0142,0.01404,0.0142,2246744.0,1764979200000,31752.50633,380,2025-12-05 23:00:00+00:00
1764979200000,0.01417,0.01422,0.01406,0.01418,1029295.0,1764982800000,14578.61194,225,2025-12-06 00:00:00+00:00
1764982800000,0.01419,0.0144,0.01419,0.01436,1780274.0,1764986400000,25447.67262,258,2025-12-06 01:00:00+00:00
1764986400000,0.0143,0.01453,0.01423,0.0145,1615286.0,1764990000000,23266.58713,265,2025-12-06 02:00:00+00:00
1764990000000,0.0145,0.01464,0.01449,0.0146,3514229.0,1764993600000,51270.58284,217,2025-12-06 03:00:00+00:00
1764993600000,0.01462,0.01464,0.01437,0.01445,2052092.0,1764997200000,29845.74597,308,2025-12-06 04:00:00+00:00
1764997200000,0.01448,0.01448,0.01439,0.0144,1195704.0,1765000800000,17240.4311,99,2025-12-06 05:00:00+00:00
1765000800000,0.01439,0.01445,0.01435,0.01443,604548.0,1765004400000,8709.69816,121,2025-12-06 06:00:00+00:00
1765004400000,0.01446,0.01455,0.01445,0.01451,896036.0,1765008000000,13000.32993,136,2025-12-06 07:00:00+00:00
1765008000000,0.0145,0.01455,0.01439,0.01439,1632357.0,1765011600000,23616.04223,200,2025-12-06 08:00:00+00:00
1765011600000,0.0144,0.0145,0.0144,0.01445,402641.0,1765015200000,5819.15037,106,2025-12-06 09:00:00+00:00
1765015200000,0.01446,0.01454,0.01439,0.01439,1167614.0,1765018800000,16875.75423,142,2025-12-06 10:00:00+00:00
1765018800000,0.01438,0.01448,0.01429,0.01445,2873889.0,1765022400000,41200.35373,199,2025-12-06 11:00:00+00:00
1765022400000,0.01446,0.01447,0.01439,0.01441,2559384.0,1765026000000,36902.23927,221,2025-12-06 12:00:00+00:00
1765026000000,0.01441,0.01451,0.01441,0.01446,570141.0,1765029600000,8245.60046,119,2025-12-06 13:00:00+00:00
1765029600000,0.01447,0.01464,0.01444,0.01459,3670809.0,1765033200000,53443.02745,367,2025-12-06 14:00:00+00:00
1765033200000,0.01459,0.01463,0.01445,0.01462,2183505.0,1765036800000,31803.69575,248,2025-12-06 15:00:00+00:00
1765036800000,0.01463,0.01487,0.01463,0.01479,7055209.0,1765040400000,104258.25397,1081,2025-12-06 16:00:00+00:00
1765040400000,0.0148,0.0149,0.01468,0.0148,2952434.0,1765044000000,43726.29155,538,2025-12-06 17:00:00+00:00
1765044000000,0.01482,0.01484,0.01474,0.01476,1399582.0,1765047600000,20700.27762,167,2025-12-06 18:00:00+00:00
1765047600000,0.01477,0.01482,0.01461,0.01468,3402394.0,1765051200000,50050.04316,389,2025-12-06 19:00:00+00:00
1765051200000,0.01469,0.01474,0.01466,0.01473,791702.0,1765054800000,11643.58495,268,2025-12-06 20:00:00+00:00
1765054800000,0.01474,0.01492,0.01473,0.01483,5153574.0,1765058400000,76241.75643,566,2025-12-06 21:00:00+00:00
1765058400000,0.01482,0.01509,0.01482,0.01493,2966710.0,1765062000000,44321.09554,518,2025-12-06 22:00:00+00:00
1765062000000,0.01496,0.01515,0.01493,0.01508,4052684.0,1765065600000,60929.42294,685,2025-12-06 23:00:00+00:00
1765065600000,0.01507,0.01529,0.01502,0.01514,5854602.0,1765069200000,88676.66941,839,2025-12-07 00:00:00+00:00
1765069200000,0.01513,0.01513,0.01495,0.01498,5528758.0,1765072800000,83043.11774,435,2025-12-07 01:00:00+00:00
1765072800000,0.01497,0.01498,0.01474,0.01487,4757852.0,1765076400000,70592.68063,393,2025-12-07 02:00:00+00:00
1765076400000,0.01485,0.01494,0.01484,0.01487,897954.0,1765080000000,13373.61839,142,2025-12-07 03:00:00+00:00
1765080000000,0.01487,0.0149,0.01477,0.01482,419235.0,1765083600000,6223.23086,127,2025-12-07 04:00:00+00:00
1765083600000,0.01483,0.01486,0.01478,0.01484,360837.0,1765087200000,5351.915,106,2025-12-07 05:00:00+00:00
1765087200000,0.01485,0.01489,0.01483,0.01486,1305498.0,1765090800000,19394.23995,138,2025-12-07 06:00:00+00:00
1765090800000,0.01487,0.0149,0.01465,0.01469,573911.0,1765094400000,8466.8775,195,2025-12-07 07:00:00+00:00
1765094400000,0.01469,0.01471,0.01461,0.01461,1219723.0,1765098000000,17886.54654,206,2025-12-07 08:00:00+00:00
1765098000000,0.01461,0.01463,0.0145,0.01453,1172212.0,1765101600000,17059.20935,152,2025-12-07 09:00:00+00:00
1765101600000,0.01454,0.01468,0.01452,0.01464,2155290.0,1765105200000,31452.14864,286,2025-12-07 10:00:00+00:00
1765105200000,0.01464,0.01477,0.01464,0.01471,1709494.0,1765108800000,25182.74743,194,2025-12-07 11:00:00+00:00
1765108800000,0.01471,0.01477,0.01461,0.01467,2671141.0,1765112400000,39241.82642,277,2025-12-07 12:00:00+00:00
1765112400000,0.01468,0.01469,0.0145,0.01463,1571038.0,1765116000000,22922.77413,265,2025-12-07 13:00:00+00:00
1765116000000,0.01463,0.01464,0.01408,0.01432,7052583.0,1765119600000,100763.37701,933,2025-12-07 14:00:00+00:00
1765119600000,0.01432,0.01482,0.01431,0.01476,7715139.0,1765123200000,112908.27623,947,2025-12-07 15:00:00+00:00
1765123200000,0.01476,0.01476,0.01455,0.01462,5763159.0,1765126800000,84355.55404,551,2025-12-07 16:00:00+00:00
1765126800000,0.01466,0.01495,0.01455,0.01483,4243103.0,1765130400000,62797.98904,659,2025-12-07 17:00:00+00:00
1765130400000,0.01484,0.01492,0.01483,0.01487,2315718.0,1765134000000,34432.53046,303,2025-12-07 18:00:00+00:00
1765134000000,0.01487,0.01488,0.01478,0.01484,285151.0,1765137600000,4225.51553,97,2025-12-07 19:00:00+00:00
1765137600000,0.01483,0.0149,0.01479,0.01488,683073.0,1765141200000,10147.25511,165,2025-12-07 20:00:00+00:00
1765141200000,0.01488,0.01489,0.01441,0.01452,4084555.0,1765144800000,59670.66956,497,2025-12-07 21:00:00+00:00
1765144800000,0.01451,0.01453,0.01411,0.01436,6297553.0,1765148400000,90078.51331,571,2025-12-07 22:00:00+00:00
1765148400000,0.01434,0.01441,0.01427,0.0144,924575.0,1765152000000,13257.87051,262,2025-12-07 23:00:00+00:00
1765152000000,0.01439,0.0146,0.01433,0.01445,1737056.0,1765155600000,25100.77097,235,2025-12-08 00:00:00+00:00
1765155600000,0.01446,0.0147,0.01443,0.01453,755722.0,1765159200000,11031.48631,179,2025-12-08 01:00:00+00:00
1765159200000,0.01451,0.01458,0.01449,0.01456,577374.0,1765162800000,8396.49421,136,2025-12-08 02:00:00+00:00
1765162800000,0.01456,0.01486,0.01452,0.01467,4174733.0,1765166400000,61539.33098,566,2025-12-08 03:00:00+00:00
1765166400000,0.01465,0.01479,0.01461,0.01476,3199598.0,1765170000000,46958.35336,339,2025-12-08 04:00:00+00:00
1765170000000,0.01475,0.01478,0.01471,0.01473,564190.0,1765173600000,8314.50061,173,2025-12-08 05:00:00+00:00
1765173600000,0.01474,0.0149,0.01468,0.01479,2142416.0,1765177200000,31692.71687,293,2025-12-08 06:00:00+00:00
1765177200000,0.01477,0.01484,0.01473,0.01479,1030029.0,1765180800000,15226.2665,231,2025-12-08 07:00:00+00:00
1765180800000,0.01479,0.01489,0.01475,0.01486,3766831.0,1765184400000,55955.27191,270,2025-12-08 08:00:00+00:00
1765184400000,0.01486,0.01498,0.01479,0.0148,4690603.0,1765188000000,69656.74414,526,2025-12-08 09:00:00+00:00
1765188000000,0.01485,0.01486,0.01477,0.01481,4382703.0,1765191600000,64881.07442,351,2025-12-08 10:00:00+00:00
1765191600000,0.01482,0.01482,0.0147,0.01476,878188.0,1765195200000,12951.2133,141,2025-12-08 11:00:00+00:00
1765195200000,0.01477,0.0148,0.01468,0.01475,1169931.0,1765198800000,17235.10178,186,2025-12-08 12:00:00+00:00
1765198800000,0.01475,0.01483,0.01467,0.01471,3051433.0,1765202400000,45018.37342,282,2025-12-08 13:00:00+00:00
1765202400000,0.01473,0.01478,0.01456,0.0146,2438825.0,1765206000000,35767.50768,329,2025-12-08 14:00:00+00:00
1765206000000,0.01462,0.01466,0.01447,0.01461,3839381.0,1765209600000,55862.76356,729,2025-12-08 15:00:00+00:00
1765209600000,0.01461,0.0147,0.01452,0.01459,6342545.0,1765213200000,92708.0276,889,2025-12-08 16:00:00+00:00
1765213200000,0.01459,0.01467,0.01442,0.01452,3725287.0,1765216800000,54225.01676,689,2025-12-08 17:00:00+00:00
1765216800000,0.01455,0.0146,0.01438,0.01441,746727.0,1765220400000,10828.72576,188,2025-12-08 18:00:00+00:00
1765220400000,0.01445,0.01451,0.01441,0.01447,1025556.0,1765224000000,14829.275,209,2025-12-08 19:00:00+00:00
1765224000000,0.01446,0.01459,0.01444,0.01457,789043.0,1765227600000,11453.72695,120,2025-12-08 20:00:00+00:00
1765227600000,0.01456,0.01463,0.01452,0.01462,770164.0,1765231200000,11231.85895,184,2025-12-08 21:00:00+00:00
1765231200000,0.0146,0.01467,0.01455,0.01459,1075074.0,1765234800000,15699.54326,212,2025-12-08 22:00:00+00:00
1765234800000,0.0146,0.01465,0.01453,0.01463,603426.0,1765238400000,8819.92127,177,2025-12-08 23:00:00+00:00
1765238400000,0.01462,0.01468,0.01457,0.01459,559814.0,1765242000000,8178.75885,236,2025-12-09 00:00:00+00:00
1765242000000,0.01458,0.0146,0.01449,0.01452,1298664.0,1765245600000,18914.58298,293,2025-12-09 01:00:00+00:00
1765245600000,0.01453,0.01462,0.01452,0.01452,724121.0,1765249200000,10543.84043,178,2025-12-09 02:00:00+00:00
1765249200000,0.01451,0.01463,0.01442,0.01462,460400.0,1765252800000,6679.0092,175,2025-12-09 03:00:00+00:00
1765252800000,0.01461,0.01461,0.0144,0.01441,399130.0,1765256400000,5778.53244,156,2025-12-09 04:00:00+00:00
1765256400000,0.01442,0.01447,0.01435,0.01441,804912.0,1765260000000,11592.75462,183,2025-12-09 05:00:00+00:00
1765260000000,0.01441,0.01443,0.0143,0.0144,376596.0,1765263600000,5408.8498,150,2025-12-09 06:00:00+00:00
1765263600000,0.01438,0.01452,0.01436,0.01452,693262.0,1765267200000,10031.39069,166,2025-12-09 07:00:00+00:00
1765267200000,0.01451,0.01454,0.01443,0.01448,1049127.0,1765270800000,15197.85659,195,2025-12-09 08:00:00+00:00
1765270800000,0.01447,0.01447,0.01436,0.0144,187310.0,1765274400000,2698.73281,132,2025-12-09 09:00:00+00:00
1765274400000,0.01439,0.0145,0.01434,0.01444,805189.0,1765278000000,11617.22164,263,2025-12-09 10:00:00+00:00
1765278000000,0.01444,0.01446,0.01435,0.01445,1100878.0,1765281600000,15852.36032,175,2025-12-09 11:00:00+00:00
1765281600000,0.01444,0.01458,0.0144,0.01454,3078533.0,1765285200000,44677.65741,309,2025-12-09 12:00:00+00:00
1765285200000,0.01454,0.01459,0.01443,0.01447,1102034.0,1765288800000,15957.83332,222,2025-12-09 13:00:00+00:00
1765288800000,0.01446,0.01451,0.01432,0.01438,1431550.0,1765292400000,20608.00213,431,2025-12-09 14:00:00+00:00
1765292400000,0.01439,0.01484,0.01437,0.01482,5274134.0,1765296000000,77353.58687,1065,2025-12-09 15:00:00+00:00
1765296000000,0.01483,0.01511,0.0148,0.01503,7706492.0,1765299600000,115223.61136,1290,2025-12-09 16:00:00+00:00
1765299600000,0.01504,0.01512,0.01492,0.01495,4366998.0,1765303200000,65462.71846,573,2025-12-09 17:00:00+00:00
1765303200000,0.01497,0.01503,0.0149,0.01495,1689385.0,1765306800000,25303.13887,246,2025-12-09 18:00:00+00:00
1765306800000,0.01495,0.01505,0.01491,0.01498,1087927.0,1765310400000,16293.51351,258,2025-12-09 19:00:00+00:00
1765310400000,0.01499,0.015,0.01473,0.01484,1650639.0,1765314000000,24489.45112,429,2025-12-09 20:00:00+00:00
1765314000000,0.01485,0.01491,0.01467,0.01477,861231.0,1765317600000,12755.78257,360,2025-12-09 21:00:00+00:00
1765317600000,0.01479,0.01496,0.01479,0.01491,582442.0,1765321200000,8662.04724,149,2025-12-09 22:00:00+00:00
1765321200000,0.01493,0.01494,0.01486,0.01489,1435893.0,1765324800000,21387.43932,229,2025-12-09 23:00:00+00:00
1765324800000,0.01489,0.01492,0.0147,0.01473,1402937.0,1765328400000,20754.15786,289,2025-12-10 00:00:00+00:00
1765328400000,0.01473,0.01478,0.01467,0.01475,1409665.0,1765332000000,20745.79213,263,2025-12-10 01:00:00+00:00
1765332000000,0.01475,0.01481,0.01471,0.01478,852309.0,1765335600000,12578.16315,133,2025-12-10 02:00:00+00:00
1765335600000,0.0148,0.0148,0.01475,0.01478,342718.0,1765339200000,5056.72984,59,2025-12-10 03:00:00+00:00
1765339200000,0.01477,0.01483,0.01475,0.0148,266316.0,1765342800000,3942.55972,79,2025-12-10 04:00:00+00:00
1765342800000,0.01478,0.01482,0.01476,0.01477,350346.0,1765346400000,5181.12259,67,2025-12-10 05:00:00+00:00
1765346400000,0.01478,0.01478,0.01469,0.0147,721954.0,1765350000000,10651.14325,88,2025-12-10 06:00:00+00:00
1765350000000,0.01468,0.01469,0.01459,0.01464,642878.0,1765353600000,9400.13866,156,2025-12-10 07:00:00+00:00
1765353600000,0.01463,0.01463,0.01453,0.01454,683772.0,1765357200000,9974.41282,138,2025-12-10 08:00:00+00:00
1765357200000,0.01454,0.01458,0.01442,0.01458,2439456.0,1765360800000,35307.29873,282,2025-12-10 09:00:00+00:00
1765360800000,0.01457,0.01463,0.01435,0.01441,1302516.0,1765364400000,18865.45103,221,2025-12-10 10:00:00+00:00
1765364400000,0.01438,0.01439,0.0143,0.01434,874333.0,1765368000000,12543.64994,350,2025-12-10 11:00:00+00:00
1765368000000,0.01434,0.01434,0.01425,0.01432,1379726.0,1765371600000,19703.69618,349,2025-12-10 12:00:00+00:00
1765371600000,0.01431,0.01444,0.0143,0.0144,902730.0,1765375200000,12974.92657,258,2025-12-10 13:00:00+00:00
1765375200000,0.0144,0.01442,0.01434,0.01436,900499.0,1765378800000,12925.71905,141,2025-12-10 14:00:00+00:00
1765378800000,0.01433,0.01444,0.01427,0.01434,845970.0,1765382400000,12142.36873,192,2025-12-10 15:00:00+00:00
1765382400000,0.01432,0.01443,0.01431,0.01438,1060491.0,1765386000000,15263.20815,192,2025-12-10 16:00:00+00:00
1765386000000,0.01438,0.01448,0.01435,0.0144,533730.0,1765389600000,7696.57342,130,2025-12-10 17:00:00+00:00
1765389600000,0.0144,0.01456,0.01434,0.01437,723251.0,1765393200000,10423.30729,223,2025-12-10 18:00:00+00:00
1765393200000,0.0144,0.01463,0.01421,0.01456,4160761.0,1765396800000,60204.84124,896,2025-12-10 19:00:00+00:00
1765396800000,0.01456,0.01474,0.01431,0.01438,5554165.0,1765400400000,80881.88714,700,2025-12-10 20:00:00+00:00
1765400400000,0.01436,0.01438,0.01403,0.01407,4179028.0,1765404000000,59385.01086,675,2025-12-10 21:00:00+00:00
1765404000000,0.01407,0.01414,0.01394,0.01414,2551821.0,1765407600000,35855.66511,390,2025-12-10 22:00:00+00:00
1765407600000,0.01408,0.01414,0.01405,0.01406,2457617.0,1765411200000,34617.12002,275,2025-12-10 23:00:00+00:00
1765411200000,0.01405,0.01411,0.01384,0.01392,3112832.0,1765414800000,43420.17332,335,2025-12-11 00:00:00+00:00
1765414800000,0.01387,0.01387,0.01365,0.01367,3204270.0,1765418400000,44091.92088,377,2025-12-11 01:00:00+00:00
1765418400000,0.01366,0.01368,0.01358,0.01361,698469.0,1765422000000,9526.06358,185,2025-12-11 02:00:00+00:00
1765422000000,0.01361,0.01361,0.01333,0.01342,2930042.0,1765425600000,39353.25447,341,2025-12-11 03:00:00+00:00
1765425600000,0.01341,0.01368,0.01332,0.01362,3900790.0,1765429200000,52823.82462,584,2025-12-11 04:00:00+00:00
1765429200000,0.01363,0.0137,0.01361,0.01365,1616190.0,1765432800000,22058.07616,204,2025-12-11 05:00:00+00:00
1765432800000,0.01365,0.01374,0.01365,0.01368,931975.0,1765436400000,12758.43077,177,2025-12-11 06:00:00+00:00
1765436400000,0.01368,0.0137,0.01362,0.01363,624467.0,1765440000000,8528.69233,150,2025-12-11 07:00:00+00:00
1765440000000,0.0136,0.01368,0.01357,0.01359,1173525.0,1765443600000,15974.04933,289,2025-12-11 08:00:00+00:00
1765443600000,0.01357,0.0136,0.01349,0.01351,954107.0,1765447200000,12929.0733,166,2025-12-11 09:00:00+00:00
1765447200000,0.0135,0.01355,0.01347,0.01354,859764.0,1765450800000,11615.33348,134,2025-12-11 10:00:00+00:00
1765450800000,0.01353,0.01369,0.01331,0.01341,6449896.0,1765454400000,87111.92296,755,2025-12-11 11:00:00+00:00
1765454400000,0.0134,0.01352,0.01334,0.01337,8324142.0,1765458000000,111596.78397,656,2025-12-11 12:00:00+00:00
1765458000000,0.01337,0.01341,0.0133,0.01337,3825165.0,1765461600000,51095.2844,428,2025-12-11 13:00:00+00:00
1765461600000,0.01338,0.01346,0.01314,0.01322,7076988.0,1765465200000,94342.38893,829,2025-12-11 14:00:00+00:00
1765465200000,0.01322,0.01336,0.01317,0.01322,5639287.0,1765468800000,74703.42708,703,2025-12-11 15:00:00+00:00
1765468800000,0.01322,0.01332,0.01314,0.01327,1204838.0,1765472400000,15968.05585,253,2025-12-11 16:00:00+00:00
1765472400000,0.01328,0.01343,0.01324,0.0134,3123225.0,1765476000000,41484.0821,249,2025-12-11 17:00:00+00:00
1765476000000,0.0134,0.01385,0.0134,0.01369,5523617.0,1765479600000,75485.58765,754,2025-12-11 18:00:00+00:00
1765479600000,0.0137,0.0138,0.01357,0.0136,8965182.0,1765483200000,122783.37894,808,2025-12-11 19:00:00+00:00
1765483200000,0.0136,0.01368,0.01352,0.01367,2781810.0,1765486800000,37803.98807,361,2025-12-11 20:00:00+00:00
1765486800000,0.01368,0.01394,0.01368,0.01391,4252912.0,1765490400000,58897.81595,732,2025-12-11 21:00:00+00:00
1765490400000,0.01393,0.01397,0.01373,0.01378,824057.0,1765494000000,11429.36649,270,2025-12-11 22:00:00+00:00
1765494000000,0.0138,0.01383,0.01373,0.01377,1177452.0,1765497600000,16219.3762,127,2025-12-11 23:00:00+00:00
1765497600000,0.01379,0.01384,0.01363,0.01363,1089925.0,1765501200000,14994.75596,176,2025-12-12 00:00:00+00:00
1765501200000,0.01365,0.01378,0.01364,0.01376,1128907.0,1765504800000,15472.26196,202,2025-12-12 01:00:00+00:00
1765504800000,0.01377,0.01394,0.01376,0.01391,666583.0,1765508400000,9256.53854,141,2025-12-12 02:00:00+00:00
1765508400000,0.01392,0.01397,0.01381,0.0139,515262.0,1765512000000,7142.3353,180,2025-12-12 03:00:00+00:00
1765512000000,0.0139,0.01392,0.0138,0.01383,2411659.0,1765515600000,33467.95985,191,2025-12-12 04:00:00+00:00
1765515600000,0.01385,0.01391,0.01379,0.01391,614509.0,1765519200000,8515.53566,141,2025-12-12 05:00:00+00:00
1765519200000,0.01392,0.014,0.01387,0.01389,3414388.0,1765522800000,47584.69452,375,2025-12-12 06:00:00+00:00
1765522800000,0.01388,0.01395,0.01388,0.01388,1462385.0,1765526400000,20347.85046,293,2025-12-12 07:00:00+00:00
1765526400000,0.01389,0.0139,0.01372,0.01375,2840596.0,1765530000000,39104.45098,418,2025-12-12 08:00:00+00:00
1765530000000,0.01375,0.01381,0.01368,0.0138,1828990.0,1765533600000,25146.49208,236,2025-12-12 09:00:00+00:00
1765533600000,0.01381,0.01386,0.01375,0.01376,1463417.0,1765537200000,20216.26228,433,2025-12-12 10:00:00+00:00
1765537200000,0.01377,0.01379,0.01366,0.01369,1599890.0,1765540800000,21943.65788,436,2025-12-12 11:00:00+00:00
1765540800000,0.01369,0.01371,0.01365,0.0137,801749.0,1765544400000,10968.04825,189,2025-12-12 12:00:00+00:00
1765544400000,0.01369,0.01372,0.01361,0.01365,699006.0,1765548000000,9557.40457,160,2025-12-12 13:00:00+00:00
1765548000000,0.01365,0.01372,0.01358,0.01371,2789315.0,1765551600000,38083.21381,403,2025-12-12 14:00:00+00:00
1765551600000,0.0137,0.0137,0.01338,0.01342,3905524.0,1765555200000,52872.37347,476,2025-12-12 15:00:00+00:00
1765555200000,0.01337,0.01356,0.0133,0.01355,2479135.0,1765558800000,33363.69682,337,2025-12-12 16:00:00+00:00
1765558800000,0.01355,0.01392,0.01354,0.01368,9483194.0,1765562400000,130708.45254,902,2025-12-12 17:00:00+00:00
1765562400000,0.01366,0.01374,0.01355,0.01365,2123369.0,1765566000000,28975.96966,338,2025-12-12 18:00:00+00:00
1765566000000,0.01363,0.01366,0.01357,0.01358,985823.0,1765569600000,13416.35284,167,2025-12-12 19:00:00+00:00
1765569600000,0.01357,0.01363,0.01356,0.01358,850405.0,1765573200000,11560.95196,148,2025-12-12 20:00:00+00:00
1765573200000,0.01357,0.01371,0.01355,0.01368,1163953.0,1765576800000,15865.39976,312,2025-12-12 21:00:00+00:00
1765576800000,0.01368,0.01386,0.01366,0.01377,932381.0,1765580400000,12830.33627,377,2025-12-12 22:00:00+00:00
1765580400000,0.01376,0.0138,0.0137,0.01371,534821.0,1765584000000,7353.03873,211,2025-12-12 23:00:00+00:00
1765584000000,0.01371,0.01373,0.01363,0.01363,825670.0,1765587600000,11302.92052,290,2025-12-13 00:00:00+00:00
1765587600000,0.01364,0.01365,0.01362,0.01362,212124.0,1765591200000,2892.55377,115,2025-12-13 01:00:00+00:00
1765591200000,0.01363,0.01368,0.01362,0.01367,100306.0,1765594800000,1369.43409,69,2025-12-13 02:00:00+00:00
1765594800000,0.01367,0.0138,0.01367,0.01372,844444.0,1765598400000,11584.44494,128,2025-12-13 03:00:00+00:00
1765598400000,0.01372,0.01375,0.01371,0.01372,390642.0,1765602000000,5364.50054,57,2025-12-13 04:00:00+00:00
1765602000000,0.01371,0.01373,0.01364,0.01368,487955.0,1765605600000,6668.11528,68,2025-12-13 05:00:00+00:00
1765605600000,0.01367,0.0137,0.01364,0.01368,91413.0,1765609200000,1249.27324,56,2025-12-13 06:00:00+00:00
1765609200000,0.01368,0.01379,0.01368,0.01377,405800.0,1765612800000,5576.24476,72,2025-12-13 07:00:00+00:00
1765612800000,0.01378,0.01382,0.01373,0.01375,466401.0,1765616400000,6418.87669,96,2025-12-13 08:00:00+00:00
1765616400000,0.01375,0.01377,0.01372,0.01373,150965.0,1765620000000,2073.61721,38,2025-12-13 09:00:00+00:00
1765620000000,0.01371,0.01374,0.01366,0.01369,3701987.0,1765623600000,50731.01761,304,2025-12-13 10:00:00+00:00
1765623600000,0.0137,0.01371,0.01365,0.01365,765089.0,1765627200000,10462.61704,99,2025-12-13 11:00:00+00:00
1765627200000,0.01365,0.01376,0.01364,0.01366,1858728.0,1765630800000,25461.79608,147,2025-12-13 12:00:00+00:00
1765630800000,0.01367,0.01372,0.01364,0.01366,758458.0,1765634400000,10389.69621,86,2025-12-13 13:00:00+00:00
1765634400000,0.01367,0.0137,0.01363,0.01367,316471.0,1765638000000,4322.64092,86,2025-12-13 14:00:00+00:00
1765638000000,0.01367,0.01382,0.01367,0.01377,1938172.0,1765641600000,26690.23887,258,2025-12-13 15:00:00+00:00
1765641600000,0.01381,0.01382,0.01375,0.0138,776150.0,1765645200000,10695.28862,141,2025-12-13 16:00:00+00:00
1765645200000,0.0138,0.01384,0.01378,0.0138,477748.0,1765648800000,6593.89523,45,2025-12-13 17:00:00+00:00
1765648800000,0.01381,0.01386,0.0138,0.01382,811397.0,1765652400000,11210.38383,115,2025-12-13 18:00:00+00:00
1765652400000,0.01383,0.01391,0.01382,0.01385,480387.0,1765656000000,6659.92377,97,2025-12-13 19:00:00+00:00
1765656000000,0.01387,0.01389,0.01385,0.01389,220621.0,1765659600000,3060.60477,58,2025-12-13 20:00:00+00:00
1765659600000,0.01387,0.01389,0.01378,0.01383,262874.0,1765663200000,3631.95039,94,2025-12-13 21:00:00+00:00
1765663200000,0.01383,0.01387,0.01382,0.01384,117142.0,1765666800000,1621.21267,42,2025-12-13 22:00:00+00:00
1765666800000,0.01383,0.01392,0.01383,0.01388,319553.0,1765670400000,4438.6975,132,2025-12-13 23:00:00+00:00
1765670400000,0.01388,0.01403,0.01387,0.01399,1997883.0,1765674000000,27865.70764,445,2025-12-14 00:00:00+00:00
1765674000000,0.01399,0.01405,0.01399,0.014,640933.0,1765677600000,8984.80025,167,2025-12-14 01:00:00+00:00
1765677600000,0.014,0.01405,0.014,0.01404,441082.0,1765681200000,6187.09088,89,2025-12-14 02:00:00+00:00
1765681200000,0.01405,0.01407,0.014,0.01401,394306.0,1765684800000,5535.365,111,2025-12-14 03:00:00+00:00
1765684800000,0.01401,0.01408,0.01388,0.01392,3404957.0,1765688400000,47530.00509,269,2025-12-14 04:00:00+00:00
1765688400000,0.01391,0.01392,0.01368,0.01368,3357875.0,1765692000000,46233.33871,294,2025-12-14 05:00:00+00:00
1765692000000,0.01369,0.01376,0.01363,0.01373,1007171.0,1765695600000,13776.74475,245,2025-12-14 06:00:00+00:00
1765695600000,0.01373,0.01373,0.01364,0.01369,804610.0,1765699200000,11000.76793,178,2025-12-14 07:00:00+00:00
1765699200000,0.0137,0.01373,0.01364,0.01365,851026.0,1765702800000,11653.67484,143,2025-12-14 08:00:00+00:00
1765702800000,0.01365,0.01371,0.01362,0.01366,1270894.0,1765706400000,17361.90801,157,2025-12-14 09:00:00+00:00
1765706400000,0.01365,0.01368,0.01353,0.01356,1908662.0,1765710000000,25918.2036,245,2025-12-14 10:00:00+00:00
1765710000000,0.01355,0.01356,0.0134,0.0135,2967939.0,1765713600000,40043.02893,378,2025-12-14 11:00:00+00:00
1765713600000,0.01349,0.0136,0.01346,0.01352,2442950.0,1765717200000,33082.86835,219,2025-12-14 12:00:00+00:00
1765717200000,0.01352,0.01352,0.01343,0.01347,452969.0,1765720800000,6105.19039,136,2025-12-14 13:00:00+00:00
1765720800000,0.01347,0.01349,0.01323,0.01328,5674212.0,1765724400000,75923.59059,406,2025-12-14 14:00:00+00:00
1765724400000,0.01327,0.0134,0.01318,0.01339,6180901.0,1765728000000,82176.78616,374,2025-12-14 15:00:00+00:00
1765728000000,0.01338,0.01346,0.01329,0.01337,2200048.0,1765731600000,29417.16974,304,2025-12-14 16:00:00+00:00
1765731600000,0.01337,0.01337,0.01315,0.0133,3923084.0,1765735200000,52078.9595,342,2025-12-14 17:00:00+00:00
1765735200000,0.01327,0.01335,0.01325,0.01332,881312.0,1765738800000,11716.59739,132,2025-12-14 18:00:00+00:00
1765738800000,0.0133,0.0133,0.01318,0.01326,1910618.0,1765742400000,25288.48498,216,2025-12-14 19:00:00+00:00
1765742400000,0.01324,0.01325,0.0131,0.01315,4088459.0,1765746000000,53815.27276,390,2025-12-14 20:00:00+00:00
1765746000000,0.01314,0.01314,0.01303,0.01306,439025.0,1765749600000,5746.27911,142,2025-12-14 21:00:00+00:00
1765749600000,0.01307,0.0131,0.01294,0.01302,1964566.0,1765753200000,25560.24516,163,2025-12-14 22:00:00+00:00
1765753200000,0.01304,0.01309,0.01292,0.01302,1839733.0,1765756800000,23964.80698,277,2025-12-14 23:00:00+00:00
1765756800000,0.01302,0.01308,0.01296,0.01303,1973114.0,1765760400000,25677.40906,284,2025-12-15 00:00:00+00:00
1765760400000,0.01303,0.01322,0.01302,0.01318,1134621.0,1765764000000,14848.79077,163,2025-12-15 01:00:00+00:00
1765764000000,0.0132,0.01328,0.01311,0.01317,3092250.0,1765767600000,40742.10932,299,2025-12-15 02:00:00+00:00
1765767600000,0.01317,0.01322,0.01312,0.01317,2300820.0,1765771200000,30333.12725,149,2025-12-15 03:00:00+00:00
1765771200000,0.01318,0.01328,0.01316,0.01326,347755.0,1765774800000,4604.74128,101,2025-12-15 04:00:00+00:00
1765774800000,0.01326,0.01331,0.01324,0.01328,719598.0,1765778400000,9558.87611,93,2025-12-15 05:00:00+00:00
1765778400000,0.01328,0.01328,0.0132,0.01324,432162.0,1765782000000,5722.35571,123,2025-12-15 06:00:00+00:00
1765782000000,0.01326,0.01326,0.01317,0.01321,2315056.0,1765785600000,30553.82443,172,2025-12-15 07:00:00+00:00
1765785600000,0.01322,0.01325,0.01318,0.01319,941827.0,1765789200000,12446.60564,127,2025-12-15 08:00:00+00:00
1765789200000,0.01318,0.01323,0.01317,0.01321,300694.0,1765792800000,3969.78339,83,2025-12-15 09:00:00+00:00
1765792800000,0.01322,0.01325,0.01318,0.01321,733819.0,1765796400000,9701.6248,101,2025-12-15 10:00:00+00:00
1765796400000,0.01321,0.01327,0.01321,0.01325,951256.0,1765800000000,12596.05758,135,2025-12-15 11:00:00+00:00
1765800000000,0.01324,0.01341,0.0132,0.01334,2059392.0,1765803600000,27440.86275,268,2025-12-15 12:00:00+00:00
1765803600000,0.01335,0.01342,0.01322,0.01339,1911029.0,1765807200000,25475.47345,275,2025-12-15 13:00:00+00:00
1765807200000,0.0134,0.01347,0.0131,0.01318,4710658.0,1765810800000,62597.66387,475,2025-12-15 14:00:00+00:00
1765810800000,0.01315,0.01315,0.01273,0.0129,10462544.0,1765814400000,135090.39657,870,2025-12-15 15:00:00+00:00
1765814400000,0.0129,0.01296,0.01257,0.01264,6301890.0,1765818000000,79968.18966,663,2025-12-15 16:00:00+00:00
1765818000000,0.01265,0.01272,0.01234,0.01241,10951733.0,1765821600000,137563.06032,717,2025-12-15 17:00:00+00:00
1765821600000,0.01239,0.01253,0.0123,0.01252,2466952.0,1765825200000,30580.87153,394,2025-12-15 18:00:00+00:00
1765825200000,0.01251,0.01264,0.0125,0.01258,3427689.0,1765828800000,43127.91755,465,2025-12-15 19:00:00+00:00
1765828800000,0.01256,0.01256,0.01243,0.01244,2075911.0,1765832400000,25942.91969,263,2025-12-15 20:00:00+00:00
1765832400000,0.01246,0.01264,0.01246,0.01263,2007704.0,1765836000000,25250.14096,302,2025-12-15 21:00:00+00:00
1765836000000,0.01264,0.0127,0.01258,0.01266,1905667.0,1765839600000,24117.32575,257,2025-12-15 22:00:00+00:00
1765839600000,0.01267,0.01273,0.01264,0.01265,624078.0,1765843200000,7911.23763,233,2025-12-15 23:00:00+00:00
1765843200000,0.01265,0.0127,0.01244,0.01244,1854785.0,1765846800000,23350.1104,167,2025-12-16 00:00:00+00:00
1765846800000,0.01244,0.01252,0.0124,0.01242,1334101.0,1765850400000,16620.85436,162,2025-12-16 01:00:00+00:00
1765850400000,0.01242,0.01258,0.0124,0.01255,1100516.0,1765854000000,13731.08382,129,2025-12-16 02:00:00+00:00
1765854000000,0.01256,0.01259,0.01247,0.01253,1725638.0,1765857600000,21618.62801,173,2025-12-16 03:00:00+00:00
1765857600000,0.01255,0.01256,0.01238,0.0125,970466.0,1765861200000,12102.91507,173,2025-12-16 04:00:00+00:00
1765861200000,0.0125,0.01266,0.01249,0.01259,4068666.0,1765864800000,51191.98564,204,2025-12-16 05:00:00+00:00
1765864800000,0.01259,0.01267,0.01259,0.01266,293526.0,1765868400000,3710.61912,71,2025-12-16 06:00:00+00:00
1765868400000,0.01268,0.01268,0.01246,0.01254,1590028.0,1765872000000,19954.94153,184,2025-12-16 07:00:00+00:00
1765872000000,0.01254,0.01262,0.01253,0.01257,1163278.0,1765875600000,14622.90824,158,2025-12-16 08:00:00+00:00
1765875600000,0.01256,0.01262,0.01256,0.0126,518540.0,1765879200000,6527.14486,75,2025-12-16 09:00:00+00:00
1765879200000,0.0126,0.0128,0.0126,0.01275,2179796.0,1765882800000,27743.02451,202,2025-12-16 10:00:00+00:00
1765882800000,0.01275,0.01278,0.01269,0.01275,2830455.0,1765886400000,36054.0544,295,2025-12-16 11:00:00+00:00
1765886400000,0.01278,0.01279,0.01272,0.01274,1359246.0,1765890000000,17348.44119,336,2025-12-16 12:00:00+00:00
1765890000000,0.01273,0.0129,0.01262,0.01264,4063897.0,1765893600000,51875.78477,617,2025-12-16 13:00:00+00:00
1765893600000,0.01263,0.01279,0.01256,0.01271,5193953.0,1765897200000,65824.11326,676,2025-12-16 14:00:00+00:00
1765897200000,0.01272,0.01294,0.01265,0.0129,5596818.0,1765900800000,71470.12183,498,2025-12-16 15:00:00+00:00
1765900800000,0.0129,0.01292,0.01279,0.01282,2758326.0,1765904400000,35447.25581,208,2025-12-16 16:00:00+00:00
1765904400000,0.01283,0.01285,0.01268,0.01272,1475778.0,1765908000000,18858.88532,270,2025-12-16 17:00:00+00:00
1765908000000,0.01273,0.01291,0.0127,0.01286,2116015.0,1765911600000,27110.92047,272,2025-12-16 18:00:00+00:00
1765911600000,0.01287,0.01289,0.01273,0.01286,3413582.0,1765915200000,43668.54666,384,2025-12-16 19:00:00+00:00
1765915200000,0.01288,0.01301,0.01288,0.01291,1539183.0,1765918800000,19935.34514,310,2025-12-16 20:00:00+00:00
1765918800000,0.01291,0.01291,0.01285,0.01287,1041523.0,1765922400000,13423.08215,189,2025-12-16 21:00:00+00:00
1765922400000,0.01289,0.01289,0.01282,0.01288,219454.0,1765926000000,2824.74839,86,2025-12-16 22:00:00+00:00
1765926000000,0.01286,0.01287,0.01277,0.01282,371936.0,1765929600000,4763.62729,94,2025-12-16 23:00:00+00:00
1765929600000,0.01279,0.01281,0.01273,0.01278,1332216.0,1765933200000,17015.65217,231,2025-12-17 00:00:00+00:00
1765933200000,0.01278,0.0129,0.01277,0.01279,1120716.0,1765936800000,14401.52044,173,2025-12-17 01:00:00+00:00
1765936800000,0.01279,0.0128,0.0127,0.01276,634181.0,1765940400000,8082.14924,179,2025-12-17 02:00:00+00:00
1765940400000,0.01276,0.01278,0.01265,0.01266,465196.0,1765944000000,5909.85616,247,2025-12-17 03:00:00+00:00
1765944000000,0.01266,0.01268,0.01258,0.01262,929439.0,1765947600000,11727.69554,172,2025-12-17 04:00:00+00:00
1765947600000,0.01261,0.01261,0.01251,0.01257,1503443.0,1765951200000,18868.42319,175,2025-12-17 05:00:00+00:00
1765951200000,0.01257,0.01261,0.01256,0.01256,891593.0,1765954800000,11210.60273,86,2025-12-17 06:00:00+00:00
1765954800000,0.01257,0.01263,0.01255,0.01261,1155940.0,1765958400000,14535.63532,127,2025-12-17 07:00:00+00:00
1765958400000,0.0126,0.0126,0.01249,0.01255,1550409.0,1765962000000,19453.03212,165,2025-12-17 08:00:00+00:00
1765962000000,0.01254,0.01255,0.0125,0.01255,475298.0,1765965600000,5958.89024,117,2025-12-17 09:00:00+00:00
1765965600000,0.01254,0.01257,0.01249,0.01252,443419.0,1765969200000,5557.33466,60,2025-12-17 10:00:00+00:00
1765969200000,0.01251,0.01256,0.0125,0.01256,2014500.0,1765972800000,25247.08229,128,2025-12-17 11:00:00+00:00
1765972800000,0.01256,0.0126,0.01251,0.01253,1373162.0,1765976400000,17227.87705,166,2025-12-17 12:00:00+00:00
1765976400000,0.01253,0.01263,0.01249,0.01262,1110457.0,1765980000000,13944.01637,164,2025-12-17 13:00:00+00:00
1765980000000,0.01261,0.01267,0.01231,0.01266,7026275.0,1765983600000,87950.78378,724,2025-12-17 14:00:00+00:00
1765983600000,0.01267,0.01279,0.01233,0.01237,9209801.0,1765987200000,115537.6254,941,2025-12-17 15:00:00+00:00
1765987200000,0.01237,0.01241,0.01198,0.01214,19009993.0,1765990800000,231603.33376,1377,2025-12-17 16:00:00+00:00
1765990800000,0.01213,0.01216,0.01181,0.01185,7487858.0,1765994400000,89472.66961,614,2025-12-17 17:00:00+00:00
1765994400000,0.01186,0.01188,0.01161,0.01167,11636147.0,1765998000000,136636.8636,753,2025-12-17 18:00:00+00:00
1765998000000,0.01166,0.01173,0.01157,0.0117,4402750.0,1766001600000,51272.6606,412,2025-12-17 19:00:00+00:00
1766001600000,0.01171,0.01178,0.01165,0.01165,1084541.0,1766005200000,12694.60878,214,2025-12-17 20:00:00+00:00
1766005200000,0.01165,0.01171,0.01161,0.01168,6021470.0,1766008800000,70323.23294,296,2025-12-17 21:00:00+00:00
1766008800000,0.01167,0.01174,0.01159,0.01172,1404354.0,1766012400000,16397.03188,197,2025-12-17 22:00:00+00:00
1766012400000,0.01172,0.01172,0.01158,0.01166,3222692.0,1766016000000,37500.51607,405,2025-12-17 23:00:00+00:00
1766016000000,0.01166,0.01176,0.01164,0.01173,2750780.0,1766019600000,32244.2281,297,2025-12-18 00:00:00+00:00
1766019600000,0.01172,0.01172,0.01148,0.01154,6558364.0,1766023200000,75826.83076,362,2025-12-18 01:00:00+00:00
1766023200000,0.01154,0.01163,0.01148,0.0116,2139279.0,1766026800000,24726.69527,218,2025-12-18 02:00:00+00:00
1766026800000,0.0116,0.0116,0.01147,0.0115,2492261.0,1766030400000,28697.4798,189,2025-12-18 03:00:00+00:00
1766030400000,0.0115,0.01158,0.0115,0.01157,781005.0,1766034000000,9005.80223,126,2025-12-18 04:00:00+00:00
1766034000000,0.01157,0.01157,0.01135,0.01136,1186384.0,1766037600000,13567.61291,203,2025-12-18 05:00:00+00:00
1766037600000,0.01135,0.01152,0.01132,0.0115,4218544.0,1766041200000,48325.5846,328,2025-12-18 06:00:00+00:00
1766041200000,0.01154,0.0116,0.01139,0.01147,13723700.0,1766044800000,157623.61474,788,2025-12-18 07:00:00+00:00
1766044800000,0.01147,0.01158,0.01145,0.01154,3472682.0,1766048400000,39990.21,243,2025-12-18 08:00:00+00:00
1766048400000,0.01154,0.01164,0.01149,0.01158,6547816.0,1766052000000,75553.67922,379,2025-12-18 09:00:00+00:00
1766052000000,0.01159,0.01169,0.01158,0.01168,3830341.0,1766055600000,44603.03554,279,2025-12-18 10:00:00+00:00
1766055600000,0.01169,0.01171,0.01163,0.0117,1434479.0,1766059200000,16729.30256,142,2025-12-18 11:00:00+00:00
1766059200000,0.0117,0.01172,0.01152,0.01161,9712195.0,1766062800000,112796.84481,677,2025-12-18 12:00:00+00:00
1766062800000,0.01161,0.01192,0.01161,0.0119,11026087.0,1766066400000,129733.99884,758,2025-12-18 13:00:00+00:00
1766066400000,0.01192,0.01198,0.01172,0.01179,7902668.0,1766070000000,93638.96832,484,2025-12-18 14:00:00+00:00
1766070000000,0.01181,0.01196,0.01173,0.01191,2071392.0,1766073600000,24560.98901,244,2025-12-18 15:00:00+00:00
1766073600000,0.0119,0.01195,0.01181,0.01184,1148344.0,1766077200000,13613.87904,159,2025-12-18 16:00:00+00:00
1766077200000,0.01184,0.01184,0.01129,0.01166,9507026.0,1766080800000,109598.91682,810,2025-12-18 17:00:00+00:00
1766080800000,0.01167,0.0117,0.0114,0.01146,3764660.0,1766084400000,43525.90792,368,2025-12-18 18:00:00+00:00
1766084400000,0.01146,0.01146,0.01115,0.01122,4900523.0,1766088000000,55373.37832,639,2025-12-18 19:00:00+00:00
1766088000000,0.01122,0.01134,0.01122,0.01129,3155027.0,1766091600000,35578.71855,252,2025-12-18 20:00:00+00:00
1766091600000,0.0113,0.01147,0.0113,0.01146,1550244.0,1766095200000,17657.99221,225,2025-12-18 21:00:00+00:00
1766095200000,0.01147,0.01149,0.01143,0.01147,688138.0,1766098800000,7897.56974,112,2025-12-18 22:00:00+00:00
1766098800000,0.01145,0.01147,0.01139,0.01139,561831.0,1766102400000,6408.93304,130,2025-12-18 23:00:00+00:00
1766102400000,0.0114,0.01144,0.01132,0.01138,706648.0,1766106000000,8041.79134,159,2025-12-19 00:00:00+00:00
1766106000000,0.01138,0.01139,0.01109,0.01117,7708186.0,1766109600000,86700.62969,599,2025-12-19 01:00:00+00:00
1766109600000,0.01116,0.0113,0.01115,0.01128,1055797.0,1766113200000,11843.58881,226,2025-12-19 02:00:00+00:00
1766113200000,0.01128,0.01163,0.01128,0.01149,2316244.0,1766116800000,26510.30321,461,2025-12-19 03:00:00+00:00
1766116800000,0.0115,0.01164,0.0115,0.01162,1597070.0,1766120400000,18521.18476,256,2025-12-19 04:00:00+00:00
1766120400000,0.01161,0.01175,0.01149,0.01167,11830001.0,1766124000000,137774.1207,1045,2025-12-19 05:00:00+00:00
1766124000000,0.01167,0.01167,0.01144,0.01161,13640842.0,1766127600000,157433.32623,1133,2025-12-19 06:00:00+00:00
1766127600000,0.01161,0.01181,0.01161,0.01172,1182494.0,1766131200000,13859.69846,290,2025-12-19 07:00:00+00:00
1766131200000,0.01173,0.01176,0.01169,0.01175,1181871.0,1766134800000,13864.52508,187,2025-12-19 08:00:00+00:00
1766134800000,0.01173,0.01174,0.01166,0.01166,826124.0,1766138400000,9659.97047,162,2025-12-19 09:00:00+00:00
1766138400000,0.01168,0.01169,0.01164,0.01168,782957.0,1766142000000,9140.50372,112,2025-12-19 10:00:00+00:00
1766142000000,0.01167,0.01171,0.01165,0.01169,734508.0,1766145600000,8582.57884,223,2025-12-19 11:00:00+00:00
1766145600000,0.0117,0.01173,0.01167,0.01168,1626275.0,1766149200000,19039.89624,163,2025-12-19 12:00:00+00:00
1766149200000,0.0117,0.01172,0.01165,0.0117,780461.0,1766152800000,9132.48926,139,2025-12-19 13:00:00+00:00
1766152800000,0.01171,0.01185,0.01164,0.01178,2595776.0,1766156400000,30521.44911,383,2025-12-19 14:00:00+00:00
1766156400000,0.01179,0.01196,0.01172,0.01182,5610322.0,1766160000000,66350.91142,667,2025-12-19 15:00:00+00:00
1766160000000,0.01183,0.01221,0.01183,0.01211,5619718.0,1766163600000,67881.22402,665,2025-12-19 16:00:00+00:00
1766163600000,0.01212,0.01262,0.01212,0.01228,32373158.0,1766167200000,402068.89091,2863,2025-12-19 17:00:00+00:00
1766167200000,0.0123,0.01294,0.01229,0.01282,18449360.0,1766170800000,233673.35257,2354,2025-12-19 18:00:00+00:00
1766170800000,0.01284,0.01304,0.01266,0.01271,15184554.0,1766174400000,194503.21799,1784,2025-12-19 19:00:00+00:00
1766174400000,0.01272,0.01277,0.0125,0.01254,5581778.0,1766178000000,70530.26142,543,2025-12-19 20:00:00+00:00
1766178000000,0.01254,0.01255,0.01232,0.01234,5612704.0,1766181600000,69762.02924,611,2025-12-19 21:00:00+00:00
1766181600000,0.01235,0.01244,0.01235,0.01239,1242676.0,1766185200000,15390.1676,302,2025-12-19 22:00:00+00:00
1766185200000,0.0124,0.01247,0.01237,0.01238,2080288.0,1766188800000,25792.66544,322,2025-12-19 23:00:00+00:00
1766188800000,0.0124,0.01249,0.01235,0.01243,3482626.0,1766192400000,43240.27478,409,2025-12-20 00:00:00+00:00
1766192400000,0.01244,0.01256,0.01239,0.0124,6225975.0,1766196000000,77697.5211,464,2025-12-20 01:00:00+00:00
1766196000000,0.01239,0.0125,0.01235,0.01244,2403099.0,1766199600000,29864.33036,405,2025-12-20 02:00:00+00:00
1766199600000,0.01245,0.01258,0.01245,0.01258,918195.0,1766203200000,11503.41014,254,2025-12-20 03:00:00+00:00
1766203200000,0.01257,0.01276,0.01252,0.01269,8360411.0,1766206800000,105723.5492,709,2025-12-20 04:00:00+00:00
1766206800000,0.0127,0.01283,0.01255,0.01277,7857544.0,1766210400000,99596.74905,885,2025-12-20 05:00:00+00:00
1766210400000,0.01277,0.01288,0.01264,0.01273,4754163.0,1766214000000,60665.71759,828,2025-12-20 06:00:00+00:00
1766214000000,0.01273,0.01285,0.01261,0.01278,7862655.0,1766217600000,100267.35777,676,2025-12-20 07:00:00+00:00
1766217600000,0.01277,0.01281,0.01266,0.01267,1500616.0,1766221200000,19142.06997,261,2025-12-20 08:00:00+00:00
1766221200000,0.01267,0.01273,0.01262,0.01263,2208868.0,1766224800000,28005.48114,298,2025-12-20 09:00:00+00:00
1766224800000,0.01264,0.01294,0.01262,0.01263,6550186.0,1766228400000,83785.78121,1122,2025-12-20 10:00:00+00:00
1766228400000,0.01264,0.01284,0.01258,0.01282,3557566.0,1766232000000,45373.29413,614,2025-12-20 11:00:00+00:00
1766232000000,0.01282,0.01282,0.01269,0.01279,3692362.0,1766235600000,47110.54504,574,2025-12-20 12:00:00+00:00
1766235600000,0.01277,0.01281,0.01262,0.0127,3263148.0,1766239200000,41368.66854,422,2025-12-20 13:00:00+00:00
1766239200000,0.0127,0.01288,0.0126,0.01281,3031854.0,1766242800000,38638.74185,452,2025-12-20 14:00:00+00:00
1766242800000,0.01281,0.01283,0.01269,0.01276,3345148.0,1766246400000,42663.59728,369,2025-12-20 15:00:00+00:00
1766246400000,0.01275,0.01275,0.01263,0.01263,1499525.0,1766250000000,18983.22494,249,2025-12-20 16:00:00+00:00
1766250000000,0.01265,0.013,0.01264,0.01298,11415026.0,1766253600000,146930.19674,1233,2025-12-20 17:00:00+00:00
1766253600000,0.01297,0.01317,0.01287,0.01296,6645693.0,1766257200000,86200.73619,822,2025-12-20 18:00:00+00:00
1766257200000,0.01297,0.01301,0.01292,0.01295,3846768.0,1766260800000,49819.55578,346,2025-12-20 19:00:00+00:00
1766260800000,0.01295,0.01299,0.01288,0.01293,2057776.0,1766264400000,26587.37019,301,2025-12-20 20:00:00+00:00
1766264400000,0.01293,0.01298,0.01291,0.01292,732037.0,1766268000000,9481.92303,136,2025-12-20 21:00:00+00:00
1766268000000,0.01292,0.01292,0.01284,0.01289,658411.0,1766271600000,8477.56133,191,2025-12-20 22:00:00+00:00
1766271600000,0.01289,0.0129,0.01283,0.01284,845065.0,1766275200000,10859.40785,173,2025-12-20 23:00:00+00:00
1766275200000,0.01283,0.01285,0.0127,0.01272,1500201.0,1766278800000,19141.25311,221,2025-12-21 00:00:00+00:00
1766278800000,0.01272,0.0128,0.01267,0.01267,1401554.0,1766282400000,17856.55141,376,2025-12-21 01:00:00+00:00
1766282400000,0.01266,0.01271,0.01255,0.01261,1938472.0,1766286000000,24448.00031,344,2025-12-21 02:00:00+00:00
1766286000000,0.01259,0.01271,0.01258,0.01267,590609.0,1766289600000,7474.12395,179,2025-12-21 03:00:00+00:00
1766289600000,0.01267,0.01273,0.01257,0.01261,3804172.0,1766293200000,48135.47271,328,2025-12-21 04:00:00+00:00
1766293200000,0.01261,0.01267,0.0126,0.01262,446038.0,1766296800000,5630.14121,147,2025-12-21 05:00:00+00:00
1766296800000,0.01264,0.01265,0.01261,0.01264,328053.0,1766300400000,4146.0438,104,2025-12-21 06:00:00+00:00
1766300400000,0.01263,0.01285,0.0126,0.01275,5613413.0,1766304000000,71506.7272,716,2025-12-21 07:00:00+00:00
1766304000000,0.01274,0.01278,0.01267,0.0127,854869.0,1766307600000,10865.2098,250,2025-12-21 08:00:00+00:00
1766307600000,0.0127,0.01273,0.01264,0.01272,1997433.0,1766311200000,25342.1828,406,2025-12-21 09:00:00+00:00
1766311200000,0.01272,0.01274,0.01256,0.01258,1097804.0,1766314800000,13859.63018,310,2025-12-21 10:00:00+00:00
1766314800000,0.01259,0.0126,0.01253,0.01257,1148779.0,1766318400000,14436.70662,242,2025-12-21 11:00:00+00:00
1766318400000,0.01256,0.0126,0.01246,0.0125,1327276.0,1766322000000,16634.2199,226,2025-12-21 12:00:00+00:00
1766322000000,0.0125,0.0125,0.01215,0.01218,5264675.0,1766325600000,64722.04486,767,2025-12-21 13:00:00+00:00
1766325600000,0.01218,0.01232,0.01215,0.01229,1559128.0,1766329200000,19119.50743,251,2025-12-21 14:00:00+00:00
1766329200000,0.01228,0.01234,0.01221,0.0123,3672105.0,1766332800000,45112.2588,399,2025-12-21 15:00:00+00:00
1766332800000,0.01229,0.01247,0.01226,0.01246,3960996.0,1766336400000,48935.19813,380,2025-12-21 16:00:00+00:00
1766336400000,0.01246,0.01253,0.01237,0.01237,2398967.0,1766340000000,29880.18706,201,2025-12-21 17:00:00+00:00
1766340000000,0.01236,0.01242,0.01228,0.01239,1529902.0,1766343600000,18866.00471,206,2025-12-21 18:00:00+00:00
1766343600000,0.0124,0.0124,0.01232,0.01237,2309790.0,1766347200000,28511.22968,219,2025-12-21 19:00:00+00:00
1766347200000,0.01237,0.01242,0.01226,0.01229,2168642.0,1766350800000,26716.04187,225,2025-12-21 20:00:00+00:00
1766350800000,0.01229,0.0123,0.01217,0.01219,609369.0,1766354400000,7449.78635,149,2025-12-21 21:00:00+00:00
1766354400000,0.01218,0.01238,0.01216,0.01236,1137007.0,1766358000000,13985.43449,121,2025-12-21 22:00:00+00:00
1766358000000,0.01238,0.01246,0.01233,0.01239,568881.0,1766361600000,7052.89119,123,2025-12-21 23:00:00+00:00
1766361600000,0.01239,0.0126,0.01239,0.01247,3097168.0,1766365200000,38710.29673,520,2025-12-22 00:00:00+00:00
1766365200000,0.01246,0.01269,0.01246,0.01256,2064331.0,1766368800000,26002.90828,365,2025-12-22 01:00:00+00:00
1766368800000,0.01255,0.01258,0.01237,0.01256,2320175.0,1766372400000,28965.24144,455,2025-12-22 02:00:00+00:00
1766372400000,0.01256,0.01269,0.01255,0.01263,814034.0,1766376000000,10283.45922,179,2025-12-22 03:00:00+00:00
1766376000000,0.01262,0.01266,0.0126,0.01261,297467.0,1766379600000,3754.0676,94,2025-12-22 04:00:00+00:00
1766379600000,0.01262,0.01266,0.01256,0.01262,852567.0,1766383200000,10750.48188,156,2025-12-22 05:00:00+00:00
1766383200000,0.01262,0.01267,0.01259,0.01263,492620.0,1766386800000,6221.16913,171,2025-12-22 06:00:00+00:00
1766386800000,0.01262,0.01278,0.01262,0.01273,1591811.0,1766390400000,20231.64909,221,2025-12-22 07:00:00+00:00
1766390400000,0.01272,0.01275,0.01262,0.01263,1583048.0,1766394000000,20062.00482,345,2025-12-22 08:00:00+00:00
1766394000000,0.01264,0.0128,0.01259,0.01262,1553533.0,1766397600000,19677.91039,349,2025-12-22 09:00:00+00:00
1766397600000,0.01261,0.01263,0.01255,0.0126,1690852.0,1766401200000,21299.10015,148,2025-12-22 10:00:00+00:00
1766401200000,0.01261,0.0127,0.01261,0.01268,1447119.0,1766404800000,18298.51393,199,2025-12-22 11:00:00+00:00
1766404800000,0.01269,0.01273,0.01262,0.01265,1731409.0,1766408400000,21934.41,341,2025-12-22 12:00:00+00:00
1766408400000,0.01264,0.01266,0.01254,0.01259,983050.0,1766412000000,12379.44344,231,2025-12-22 13:00:00+00:00
1766412000000,0.01258,0.0127,0.01254,0.01265,2163715.0,1766415600000,27322.01053,444,2025-12-22 14:00:00+00:00
1766415600000,0.01266,0.01271,0.0125,0.01264,1401975.0,1766419200000,17651.79476,357,2025-12-22 15:00:00+00:00
1766419200000,0.01265,0.01269,0.01262,0.01264,1998310.0,1766422800000,25277.10394,272,2025-12-22 16:00:00+00:00
1766422800000,0.01264,0.01266,0.01259,0.01263,2324219.0,1766426400000,29319.9464,335,2025-12-22 17:00:00+00:00
1766426400000,0.01264,0.01305,0.01264,0.01298,8592574.0,1766430000000,111100.20887,846,2025-12-22 18:00:00+00:00
1766430000000,0.01297,0.01298,0.01273,0.01273,7728197.0,1766433600000,99337.95654,750,2025-12-22 19:00:00+00:00
1766433600000,0.01273,0.01284,0.01259,0.01267,7621759.0,1766437200000,97021.83571,685,2025-12-22 20:00:00+00:00
1766437200000,0.01267,0.01283,0.01267,0.01278,2044169.0,1766440800000,26071.24892,217,2025-12-22 21:00:00+00:00
1766440800000,0.01277,0.01293,0.01276,0.01287,1569393.0,1766444400000,20226.90506,167,2025-12-22 22:00:00+00:00
1766444400000,0.01287,0.01298,0.01287,0.01289,561522.0,1766448000000,7265.56254,117,2025-12-22 23:00:00+00:00
1766448000000,0.01292,0.01298,0.01286,0.01293,1799873.0,1766451600000,23272.61505,212,2025-12-23 00:00:00+00:00
1766451600000,0.01293,0.01296,0.01279,0.01284,1998568.0,1766455200000,25666.47246,157,2025-12-23 01:00:00+00:00
1766455200000,0.01284,0.0129,0.01271,0.01272,2080200.0,1766458800000,26557.56781,249,2025-12-23 02:00:00+00:00
1766458800000,0.01271,0.01274,0.01262,0.01272,2650354.0,1766462400000,33606.23117,256,2025-12-23 03:00:00+00:00
1766462400000,0.01271,0.01275,0.01263,0.01263,764627.0,1766466000000,9704.52946,117,2025-12-23 04:00:00+00:00
1766466000000,0.01262,0.01262,0.01249,0.01251,1672331.0,1766469600000,20984.4882,172,2025-12-23 05:00:00+00:00
1766469600000,0.01251,0.01263,0.01242,0.01246,1794814.0,1766473200000,22460.23269,268,2025-12-23 06:00:00+00:00
1766473200000,0.01247,0.01261,0.01246,0.0126,1682977.0,1766476800000,21102.84263,225,2025-12-23 07:00:00+00:00
1766476800000,0.01261,0.01281,0.01253,0.01256,4956043.0,1766480400000,62721.49274,472,2025-12-23 08:00:00+00:00
1766480400000,0.01255,0.01264,0.01254,0.01262,2583985.0,1766484000000,32518.92982,202,2025-12-23 09:00:00+00:00
1766484000000,0.01262,0.01272,0.01262,0.01268,1757801.0,1766487600000,22280.42501,205,2025-12-23 10:00:00+00:00
1766487600000,0.01268,0.01276,0.01266,0.01269,1968652.0,1766491200000,25005.68574,162,2025-12-23 11:00:00+00:00
1766491200000,0.01268,0.01268,0.01258,0.01263,493223.0,1766494800000,6226.27783,190,2025-12-23 12:00:00+00:00
1766494800000,0.01262,0.01272,0.01251,0.01252,3425281.0,1766498400000,43159.59998,464,2025-12-23 13:00:00+00:00
1766498400000,0.01252,0.01258,0.01237,0.01245,4446695.0,1766502000000,55467.07487,372,2025-12-23 14:00:00+00:00
1766502000000,0.01245,0.01259,0.01242,0.01256,1054363.0,1766505600000,13195.34302,238,2025-12-23 15:00:00+00:00
1766505600000,0.01255,0.01273,0.01249,0.0127,3067794.0,1766509200000,38822.65488,346,2025-12-23 16:00:00+00:00
1766509200000,0.01268,0.01293,0.01266,0.01266,7400494.0,1766512800000,94746.61882,824,2025-12-23 17:00:00+00:00
1766512800000,0.01265,0.01302,0.01265,0.01297,3484851.0,1766516400000,45080.40441,409,2025-12-23 18:00:00+00:00
1766516400000,0.01296,0.01296,0.01283,0.01288,2237198.0,1766520000000,28815.28376,320,2025-12-23 19:00:00+00:00
1766520000000,0.01289,0.01297,0.01283,0.01288,809602.0,1766523600000,10439.2331,216,2025-12-23 20:00:00+00:00
1766523600000,0.01288,0.01289,0.01283,0.01284,773539.0,1766527200000,9941.70797,174,2025-12-23 21:00:00+00:00
1766527200000,0.01285,0.01287,0.01274,0.0128,763287.0,1766530800000,9759.87961,320,2025-12-23 22:00:00+00:00
1766530800000,0.01279,0.01285,0.01277,0.01284,717270.0,1766534400000,9192.00962,126,2025-12-23 23:00:00+00:00
1766534400000,0.01284,0.01287,0.01281,0.01285,883044.0,1766538000000,11340.58676,95,2025-12-24 00:00:00+00:00
1766538000000,0.01288,0.0129,0.01279,0.0128,212551.0,1766541600000,2729.19984,137,2025-12-24 01:00:00+00:00
1766541600000,0.0128,0.0128,0.01262,0.01266,804041.0,1766545200000,10222.38499,168,2025-12-24 02:00:00+00:00
1766545200000,0.01264,0.01293,0.01258,0.01287,2565473.0,1766548800000,32830.79398,452,2025-12-24 03:00:00+00:00
1766548800000,0.01288,0.01288,0.01266,0.01266,1766936.0,1766552400000,22623.39893,377,2025-12-24 04:00:00+00:00
1766552400000,0.01266,0.01274,0.01255,0.0126,2284989.0,1766556000000,28873.38854,403,2025-12-24 05:00:00+00:00
1766556000000,0.01261,0.01276,0.01256,0.01276,683015.0,1766559600000,8639.17706,144,2025-12-24 06:00:00+00:00
1766559600000,0.01276,0.0128,0.0127,0.0127,1853058.0,1766563200000,23620.25831,294,2025-12-24 07:00:00+00:00
1766563200000,0.01268,0.01295,0.01265,0.01289,6241861.0,1766566800000,80255.59925,762,2025-12-24 08:00:00+00:00
1766566800000,0.01289,0.01314,0.01265,0.01281,12617337.0,1766570400000,162747.6833,1595,2025-12-24 09:00:00+00:00
1766570400000,0.01281,0.01319,0.0128,0.01294,10380577.0,1766574000000,135266.70009,1135,2025-12-24 10:00:00+00:00
1766574000000,0.01296,0.01333,0.01291,0.01302,19451605.0,1766577600000,255079.41095,1897,2025-12-24 11:00:00+00:00
1766577600000,0.01304,0.0133,0.01297,0.01319,14565418.0,1766581200000,191671.87567,1414,2025-12-24 12:00:00+00:00
1766581200000,0.01319,0.01319,0.01301,0.01307,3991346.0,1766584800000,52291.62896,605,2025-12-24 13:00:00+00:00
1766584800000,0.01306,0.01308,0.01282,0.01286,5818975.0,1766588400000,75294.90198,859,2025-12-24 14:00:00+00:00
1766588400000,0.0129,0.0132,0.01289,0.01319,2615983.0,1766592000000,34267.62215,429,2025-12-24 15:00:00+00:00
1766592000000,0.01319,0.0133,0.01312,0.01313,5447464.0,1766595600000,71876.30733,827,2025-12-24 16:00:00+00:00
1766595600000,0.01315,0.01318,0.01305,0.01307,1714813.0,1766599200000,22484.33913,392,2025-12-24 17:00:00+00:00
1766599200000,0.01307,0.0131,0.01302,0.01306,1820098.0,1766602800000,23790.153,379,2025-12-24 18:00:00+00:00
1766602800000,0.01305,0.01312,0.01303,0.01311,313475.0,1766606400000,4097.41413,92,2025-12-24 19:00:00+00:00
1766606400000,0.01311,0.01319,0.01308,0.01313,1785604.0,1766610000000,23475.17134,177,2025-12-24 20:00:00+00:00
1766610000000,0.01314,0.01317,0.0131,0.01313,865930.0,1766613600000,11373.56609,110,2025-12-24 21:00:00+00:00
1766613600000,0.01313,0.01341,0.01306,0.01334,6276741.0,1766617200000,82797.57171,661,2025-12-24 22:00:00+00:00
1766617200000,0.01334,0.01337,0.01326,0.01329,402536.0,1766620800000,5355.6342,119,2025-12-24 23:00:00+00:00
1766620800000,0.0133,0.01331,0.01318,0.01318,3750043.0,1766624400000,49649.24568,401,2025-12-25 00:00:00+00:00
1766624400000,0.01318,0.01338,0.01318,0.01337,1350601.0,1766628000000,17930.54116,224,2025-12-25 01:00:00+00:00
1766628000000,0.01336,0.01337,0.01326,0.01332,1625900.0,1766631600000,21634.39425,199,2025-12-25 02:00:00+00:00
1766631600000,0.01332,0.01344,0.0133,0.01339,2055143.0,1766635200000,27475.84487,247,2025-12-25 03:00:00+00:00
1766635200000,0.0134,0.01352,0.01332,0.01337,2696709.0,1766638800000,36192.22552,298,2025-12-25 04:00:00+00:00
1766638800000,0.01336,0.01347,0.01328,0.01342,2543541.0,1766642400000,34066.74482,312,2025-12-25 05:00:00+00:00
1766642400000,0.01343,0.01349,0.01333,0.0134,2412810.0,1766646000000,32336.99343,286,2025-12-25 06:00:00+00:00
1766646000000,0.01339,0.01354,0.01335,0.0135,1514702.0,1766649600000,20328.7443,316,2025-12-25 07:00:00+00:00
1766649600000,0.01352,0.01357,0.01326,0.01336,4875204.0,1766653200000,65320.02172,757,2025-12-25 08:00:00+00:00
1766653200000,0.01336,0.01336,0.01324,0.01327,2527824.0,1766656800000,33558.42651,420,2025-12-25 09:00:00+00:00
1766656800000,0.01326,0.01326,0.01312,0.0132,1999052.0,1766660400000,26384.21476,300,2025-12-25 10:00:00+00:00
1766660400000,0.01319,0.0132,0.01309,0.01316,2170976.0,1766664000000,28567.4014,346,2025-12-25 11:00:00+00:00
1766664000000,0.01312,0.01328,0.01312,0.01326,3743499.0,1766667600000,49516.72025,601,2025-12-25 12:00:00+00:00
1766667600000,0.01327,0.01327,0.01317,0.01321,1305405.0,1766671200000,17255.47443,323,2025-12-25 13:00:00+00:00
1766671200000,0.0132,0.01323,0.01312,0.01322,1073679.0,1766674800000,14157.42033,349,2025-12-25 14:00:00+00:00
1766674800000,0.01322,0.01334,0.01319,0.0133,1433963.0,1766678400000,19040.709,347,2025-12-25 15:00:00+00:00
1766678400000,0.0133,0.01341,0.01327,0.01334,729694.0,1766682000000,9741.40808,228,2025-12-25 16:00:00+00:00
1766682000000,0.01334,0.01344,0.01333,0.01342,827202.0,1766685600000,11073.50331,246,2025-12-25 17:00:00+00:00
1766685600000,0.01343,0.01356,0.01341,0.01341,2976370.0,1766689200000,40106.58811,638,2025-12-25 18:00:00+00:00
1766689200000,0.01343,0.01347,0.01342,0.01347,759896.0,1766692800000,10211.41097,193,2025-12-25 19:00:00+00:00
1766692800000,0.01348,0.01351,0.01336,0.0134,857142.0,1766696400000,11503.15343,251,2025-12-25 20:00:00+00:00
1766696400000,0.01343,0.01349,0.01341,0.01346,426099.0,1766700000000,5734.09482,187,2025-12-25 21:00:00+00:00
1766700000000,0.01346,0.01346,0.01314,0.01322,2775899.0,1766703600000,36850.58642,529,2025-12-25 22:00:00+00:00
1766703600000,0.01321,0.01332,0.01305,0.01311,2979776.0,1766707200000,39255.2045,637,2025-12-25 23:00:00+00:00
1766707200000,0.01311,0.01315,0.01291,0.01307,12306520.0,1766710800000,160309.44323,1167,2025-12-26 00:00:00+00:00
1766710800000,0.01305,0.01324,0.01303,0.01313,2157858.0,1766714400000,28415.17914,448,2025-12-26 01:00:00+00:00
1766714400000,0.01313,0.01346,0.01312,0.01337,2816002.0,1766718000000,37659.97303,866,2025-12-26 02:00:00+00:00
1766718000000,0.01337,0.01339,0.01326,0.01335,906342.0,1766721600000,12071.67439,320,2025-12-26 03:00:00+00:00
1766721600000,0.01336,0.01343,0.01331,0.01343,623323.0,1766725200000,8337.61722,151,2025-12-26 04:00:00+00:00
1766725200000,0.01342,0.0135,0.01338,0.01346,5148295.0,1766728800000,69158.4865,391,2025-12-26 05:00:00+00:00
1766728800000,0.01346,0.01349,0.01339,0.01342,676462.0,1766732400000,9094.10786,167,2025-12-26 06:00:00+00:00
1766732400000,0.01343,0.0135,0.01333,0.01334,734186.0,1766736000000,9848.67935,230,2025-12-26 07:00:00+00:00
1766736000000,0.01333,0.0135,0.01333,0.01347,1591227.0,1766739600000,21352.64093,338,2025-12-26 08:00:00+00:00
1766739600000,0.01348,0.014,0.01348,0.0139,14616201.0,1766743200000,201308.31121,1912,2025-12-26 09:00:00+00:00
1766743200000,0.0139,0.01401,0.01375,0.01384,8371796.0,1766746800000,116146.68098,1257,2025-12-26 10:00:00+00:00
1766746800000,0.01383,0.01406,0.01379,0.01389,6713145.0,1766750400000,93248.10951,1099,2025-12-26 11:00:00+00:00
1766750400000,0.01389,0.01413,0.01379,0.01405,6122483.0,1766754000000,85374.12367,1075,2025-12-26 12:00:00+00:00
1766754000000,0.01406,0.01416,0.01395,0.01412,4112072.0,1766757600000,57672.32662,761,2025-12-26 13:00:00+00:00
1766757600000,0.01411,0.01448,0.01411,0.01427,15064749.0,1766761200000,215625.6262,2429,2025-12-26 14:00:00+00:00
1766761200000,0.01426,0.01435,0.01407,0.01419,11834012.0,1766764800000,167737.26085,1572,2025-12-26 15:00:00+00:00
1766764800000,0.01418,0.01438,0.01385,0.01385,8636882.0,1766768400000,121203.63657,1309,2025-12-26 16:00:00+00:00
1766768400000,0.01387,0.01404,0.01386,0.01397,2431138.0,1766772000000,33898.39598,480,2025-12-26 17:00:00+00:00
1766772000000,0.01398,0.01412,0.01388,0.01392,2009229.0,1766775600000,28178.27225,548,2025-12-26 18:00:00+00:00
1766775600000,0.01393,0.01429,0.01392,0.01423,6392396.0,1766779200000,90360.64484,1020,2025-12-26 19:00:00+00:00
1766779200000,0.01424,0.01438,0.01419,0.01425,3620646.0,1766782800000,51775.50759,537,2025-12-26 20:00:00+00:00
1766782800000,0.01426,0.01427,0.01404,0.01408,3703743.0,1766786400000,52326.51725,530,2025-12-26 21:00:00+00:00
1766786400000,0.0141,0.01414,0.01401,0.01411,1603411.0,1766790000000,22610.53069,218,2025-12-26 22:00:00+00:00
1766790000000,0.01409,0.01427,0.01409,0.01424,851357.0,1766793600000,12106.32454,223,2025-12-26 23:00:00+00:00
1766793600000,0.01424,0.01429,0.01417,0.01419,590696.0,1766797200000,8413.60319,192,2025-12-27 00:00:00+00:00
1766797200000,0.01419,0.01427,0.01413,0.01426,948379.0,1766800800000,13479.58428,232,2025-12-27 01:00:00+00:00
1766800800000,0.01427,0.01427,0.01415,0.01416,648392.0,1766804400000,9205.1557,126,2025-12-27 02:00:00+00:00
1766804400000,0.01417,0.01419,0.01406,0.01417,2315856.0,1766808000000,32673.05478,257,2025-12-27 03:00:00+00:00
1766808000000,0.01418,0.01422,0.0141,0.01419,1741039.0,1766811600000,24676.20638,382,2025-12-27 04:00:00+00:00
1766811600000,0.01418,0.01418,0.01407,0.01408,722838.0,1766815200000,10203.41262,209,2025-12-27 05:00:00+00:00
1766815200000,0.0141,0.0141,0.01392,0.014,3981782.0,1766818800000,55748.17479,520,2025-12-27 06:00:00+00:00
1766818800000,0.014,0.01405,0.01398,0.01401,824758.0,1766822400000,11564.19644,265,2025-12-27 07:00:00+00:00
1766822400000,0.014,0.01405,0.01392,0.01393,666718.0,1766826000000,9320.48485,174,2025-12-27 08:00:00+00:00
1766826000000,0.01392,0.01394,0.0138,0.01384,930678.0,1766829600000,12924.08512,267,2025-12-27 09:00:00+00:00
1766829600000,0.01384,0.0139,0.01371,0.01388,2636870.0,1766833200000,36417.23019,512,2025-12-27 10:00:00+00:00
1766833200000,0.01388,0.01397,0.01387,0.01394,2110212.0,1766836800000,29368.67868,702,2025-12-27 11:00:00+00:00
1766836800000,0.01393,0.01399,0.0139,0.01392,1377046.0,1766840400000,19200.16928,266,2025-12-27 12:00:00+00:00
1766840400000,0.01392,0.01397,0.01386,0.0139,821125.0,1766844000000,11424.81885,232,2025-12-27 13:00:00+00:00
1766844000000,0.01391,0.01394,0.01378,0.01388,2657227.0,1766847600000,36836.73195,431,2025-12-27 14:00:00+00:00
1766847600000,0.01388,0.01399,0.01387,0.01399,2558034.0,1766851200000,35688.20916,347,2025-12-27 15:00:00+00:00
1766851200000,0.01398,0.01415,0.01397,0.014,2139843.0,1766854800000,30077.25322,308,2025-12-27 16:00:00+00:00
1766854800000,0.014,0.01409,0.01399,0.01408,667418.0,1766858400000,9382.29955,244,2025-12-27 17:00:00+00:00
1766858400000,0.01408,0.01412,0.01405,0.01408,623682.0,1766862000000,8784.8211,208,2025-12-27 18:00:00+00:00
1766862000000,0.01409,0.01413,0.01408,0.01411,953632.0,1766865600000,13448.16763,195,2025-12-27 19:00:00+00:00
1766865600000,0.01412,0.01417,0.014,0.01405,2638211.0,1766869200000,37140.90444,611,2025-12-27 20:00:00+00:00
1766869200000,0.01404,0.01413,0.01404,0.01411,781635.0,1766872800000,11030.26666,341,2025-12-27 21:00:00+00:00
1766872800000,0.01412,0.01426,0.01409,0.01414,1876467.0,1766876400000,26634.81358,732,2025-12-27 22:00:00+00:00
1766876400000,0.01415,0.0143,0.01414,0.01424,3610549.0,1766880000000,51396.53679,1077,2025-12-27 23:00:00+00:00
1766880000000,0.01424,0.01429,0.01422,0.01422,1776289.0,1766883600000,25319.60368,697,2025-12-28 00:00:00+00:00
1766883600000,0.01422,0.01425,0.01397,0.01398,4959880.0,1766887200000,69639.18491,804,2025-12-28 01:00:00+00:00
1766887200000,0.01399,0.01412,0.01399,0.01409,1336711.0,1766890800000,18759.27214,262,2025-12-28 02:00:00+00:00
1766890800000,0.01409,0.01413,0.01404,0.01412,1075644.0,1766894400000,15162.92091,271,2025-12-28 03:00:00+00:00
1766894400000,0.01412,0.01415,0.01411,0.01413,261674.0,1766898000000,3696.32037,122,2025-12-28 04:00:00+00:00
1766898000000,0.01412,0.01413,0.01409,0.01409,658144.0,1766901600000,9281.5835,198,2025-12-28 05:00:00+00:00
1766901600000,0.01409,0.01416,0.01409,0.01411,289949.0,1766905200000,4097.65066,102,2025-12-28 06:00:00+00:00
1766905200000,0.01411,0.01411,0.01408,0.0141,383624.0,1766908800000,5407.52995,92,2025-12-28 07:00:00+00:00
1766908800000,0.0141,0.01411,0.01404,0.01405,330311.0,1766912400000,4649.43936,143,2025-12-28 08:00:00+00:00
1766912400000,0.01404,0.01407,0.01402,0.01403,404433.0,1766916000000,5680.23346,182,2025-12-28 09:00:00+00:00
1766916000000,0.01404,0.01414,0.01403,0.01412,778277.0,1766919600000,10983.63335,289,2025-12-28 10:00:00+00:00
1766919600000,0.01412,0.01412,0.014,0.01402,2794631.0,1766923200000,39324.73716,259,2025-12-28 11:00:00+00:00
1766923200000,0.01401,0.01404,0.01394,0.01398,951922.0,1766926800000,13319.57178,246,2025-12-28 12:00:00+00:00
1766926800000,0.01398,0.01398,0.01384,0.01396,2389928.0,1766930400000,33290.48331,653,2025-12-28 13:00:00+00:00
1766930400000,0.01393,0.01405,0.01393,0.01399,1561691.0,1766934000000,21858.64303,428,2025-12-28 14:00:00+00:00
1766934000000,0.01399,0.01406,0.01397,0.01402,492054.0,1766937600000,6903.69883,150,2025-12-28 15:00:00+00:00
1766937600000,0.01401,0.01403,0.01395,0.01398,545107.0,1766941200000,7622.42642,154,2025-12-28 16:00:00+00:00
1766941200000,0.01398,0.01405,0.01395,0.01395,455539.0,1766944800000,6376.08997,291,2025-12-28 17:00:00+00:00
1766944800000,0.01396,0.01396,0.01371,0.01372,3043407.0,1766948400000,42009.37365,632,2025-12-28 18:00:00+00:00
1766948400000,0.01373,0.01376,0.01363,0.01364,1979385.0,1766952000000,27083.40509,514,2025-12-28 19:00:00+00:00
1766952000000,0.01364,0.01373,0.0136,0.01368,947202.0,1766955600000,12931.72631,294,2025-12-28 20:00:00+00:00
1766955600000,0.01368,0.01368,0.01356,0.01364,2146652.0,1766959200000,29215.19584,542,2025-12-28 21:00:00+00:00
1766959200000,0.01364,0.01376,0.0136,0.01374,1679711.0,1766962800000,22997.77899,307,2025-12-28 22:00:00+00:00
1766962800000,0.01374,0.01378,0.01368,0.01377,501483.0,1766966400000,6884.21479,300,2025-12-28 23:00:00+00:00
1766966400000,0.01378,0.01387,0.01373,0.01385,440393.0,1766970000000,6084.58322,134,2025-12-29 00:00:00+00:00
1766970000000,0.01385,0.01401,0.01376,0.01397,1995345.0,1766973600000,27746.66724,967,2025-12-29 01:00:00+00:00
1766973600000,0.01397,0.01411,0.01394,0.01395,1815472.0,1766977200000,25464.59323,774,2025-12-29 02:00:00+00:00
1766977200000,0.01395,0.01404,0.01392,0.01402,1926465.0,1766980800000,26943.98526,876,2025-12-29 03:00:00+00:00
1766980800000,0.01401,0.01401,0.01392,0.01394,2718756.0,1766984400000,37938.29586,1420,2025-12-29 04:00:00+00:00
1766984400000,0.01392,0.01419,0.01388,0.01412,5676380.0,1766988000000,79956.74833,910,2025-12-29 05:00:00+00:00
1766988000000,0.0141,0.01412,0.01397,0.014,857783.0,1766991600000,12040.97932,428,2025-12-29 06:00:00+00:00
1766991600000,0.01401,0.01409,0.01393,0.01405,996073.0,1766995200000,13966.62445,237,2025-12-29 07:00:00+00:00
1766995200000,0.01404,0.01409,0.01399,0.01399,1289120.0,1766998800000,18088.86127,313,2025-12-29 08:00:00+00:00
1766998800000,0.014,0.01401,0.01371,0.0138,1375958.0,1767002400000,19003.40907,454,2025-12-29 09:00:00+00:00
1767002400000,0.0138,0.01391,0.0138,0.01386,337323.0,1767006000000,4675.78723,176,2025-12-29 10:00:00+00:00
1767006000000,0.01384,0.01384,0.01378,0.01379,169010.0,1767009600000,2333.74993,87,2025-12-29 11:00:00+00:00
1767009600000,0.01378,0.01379,0.0135,0.01365,5145072.0,1767013200000,69819.49364,532,2025-12-29 12:00:00+00:00
1767013200000,0.01364,0.01364,0.0135,0.01351,1359651.0,1767016800000,18448.03804,249,2025-12-29 13:00:00+00:00
1767016800000,0.01351,0.01352,0.01334,0.01336,4966046.0,1767020400000,66662.16803,671,2025-12-29 14:00:00+00:00
1767020400000,0.01336,0.01359,0.01333,0.01355,1868054.0,1767024000000,25154.6461,411,2025-12-29 15:00:00+00:00
1767024000000,0.01354,0.01354,0.01345,0.01349,770549.0,1767027600000,10403.69028,284,2025-12-29 16:00:00+00:00
1767027600000,0.01347,0.01359,0.01347,0.01354,829951.0,1767031200000,11237.02658,191,2025-12-29 17:00:00+00:00
1767031200000,0.01355,0.01356,0.01342,0.01343,1252317.0,1767034800000,16865.56228,271,2025-12-29 18:00:00+00:00
1767034800000,0.01342,0.01353,0.01337,0.01349,1596605.0,1767038400000,21515.32701,218,2025-12-29 19:00:00+00:00
1767038400000,0.01348,0.01353,0.01343,0.01344,375224.0,1767042000000,5051.96108,115,2025-12-29 20:00:00+00:00
1767042000000,0.01344,0.01353,0.01344,0.0135,480733.0,1767045600000,6487.61459,97,2025-12-29 21:00:00+00:00
1767045600000,0.01347,0.01354,0.01347,0.01354,638722.0,1767049200000,8633.08855,76,2025-12-29 22:00:00+00:00
1767049200000,0.01354,0.01358,0.01348,0.0135,1134421.0,1767052800000,15359.5118,134,2025-12-29 23:00:00+00:00
1767052800000,0.0135,0.01354,0.01343,0.01346,1324604.0,1767056400000,17850.04576,217,2025-12-30 00:00:00+00:00
1767056400000,0.01344,0.01354,0.01339,0.01349,976388.0,1767060000000,13151.15305,134,2025-12-30 01:00:00+00:00
1767060000000,0.01349,0.01351,0.01341,0.01344,571365.0,1767063600000,7690.8394,144,2025-12-30 02:00:00+00:00
1767063600000,0.01343,0.01348,0.01338,0.01345,1043099.0,1767067200000,13999.66672,211,2025-12-30 03:00:00+00:00
1767067200000,0.01345,0.01346,0.01338,0.01339,998731.0,1767070800000,13400.46341,134,2025-12-30 04:00:00+00:00
1767070800000,0.01339,0.01341,0.01325,0.01335,1569130.0,1767074400000,20905.02526,207,2025-12-30 05:00:00+00:00
1767074400000,0.01336,0.01344,0.01336,0.01339,1585669.0,1767078000000,21241.36738,174,2025-12-30 06:00:00+00:00
1767078000000,0.01339,0.01346,0.01334,0.01335,1937859.0,1767081600000,25901.80833,173,2025-12-30 07:00:00+00:00
1767081600000,0.01335,0.01353,0.01332,0.01346,3010539.0,1767085200000,40481.61606,389,2025-12-30 08:00:00+00:00
1767085200000,0.01345,0.01352,0.01343,0.0135,912720.0,1767088800000,12307.9633,158,2025-12-30 09:00:00+00:00
1767088800000,0.0135,0.01356,0.01347,0.01356,1633066.0,1767092400000,22074.27763,208,2025-12-30 10:00:00+00:00
1767092400000,0.01356,0.01358,0.01352,0.01356,2409253.0,1767096000000,32669.9511,391,2025-12-30 11:00:00+00:00
1767096000000,0.01357,0.01367,0.01352,0.01355,3593401.0,1767099600000,48854.9895,976,2025-12-30 12:00:00+00:00
1767099600000,0.01355,0.01361,0.01353,0.01358,1536843.0,1767103200000,20865.32329,349,2025-12-30 13:00:00+00:00
1767103200000,0.01357,0.01372,0.01346,0.01365,3776024.0,1767106800000,51276.04977,526,2025-12-30 14:00:00+00:00
1767106800000,0.01366,0.01375,0.01364,0.01374,2463589.0,1767110400000,33701.70418,384,2025-12-30 15:00:00+00:00
1767110400000,0.01377,0.01397,0.01376,0.01382,2634522.0,1767114000000,36472.58871,529,2025-12-30 16:00:00+00:00
1767114000000,0.01383,0.014,0.01382,0.01397,1757223.0,1767117600000,24452.48362,327,2025-12-30 17:00:00+00:00
1767117600000,0.01397,0.0146,0.01397,0.01448,16569169.0,1767121200000,238190.83222,1990,2025-12-30 18:00:00+00:00
1767121200000,0.01445,0.01464,0.01437,0.01444,13136311.0,1767124800000,190394.58683,2108,2025-12-30 19:00:00+00:00
1767124800000,0.01444,0.01455,0.01424,0.01443,6958484.0,1767128400000,100159.87036,986,2025-12-30 20:00:00+00:00
1767128400000,0.01443,0.01505,0.01442,0.01468,34260967.0,1767132000000,504712.1023,4670,2025-12-30 21:00:00+00:00
1767132000000,0.01467,0.01498,0.01447,0.01459,19681009.0,1767135600000,291206.40556,2382,2025-12-30 22:00:00+00:00
1767135600000,0.01459,0.01478,0.01459,0.01477,2468613.0,1767139200000,36213.43021,507,2025-12-30 23:00:00+00:00
1767139200000,0.01477,0.01483,0.01436,0.01442,8647766.0,1767142800000,125974.83337,880,2025-12-31 00:00:00+00:00
1767142800000,0.01444,0.01474,0.01444,0.01456,4743442.0,1767146400000,69290.29417,1371,2025-12-31 01:00:00+00:00
1767146400000,0.01457,0.01493,0.01457,0.01478,6912384.0,1767150000000,102049.39366,1514,2025-12-31 02:00:00+00:00
1767150000000,0.01479,0.01489,0.01471,0.01488,4248826.0,1767153600000,62904.31879,703,2025-12-31 03:00:00+00:00
1767153600000,0.01487,0.01492,0.01471,0.01471,2383803.0,1767157200000,35231.28343,500,2025-12-31 04:00:00+00:00
1767157200000,0.01472,0.0149,0.01468,0.01482,2275743.0,1767160800000,33679.41637,552,2025-12-31 05:00:00+00:00
1767160800000,0.01482,0.01489,0.01451,0.0147,8180649.0,1767164400000,119745.74476,1329,2025-12-31 06:00:00+00:00
1767164400000,0.01471,0.01476,0.01454,0.01464,3615988.0,1767168000000,52830.26969,423,2025-12-31 07:00:00+00:00
1767168000000,0.01465,0.01469,0.01442,0.01447,4307403.0,1767171600000,62630.4688,660,2025-12-31 08:00:00+00:00
1767171600000,0.01447,0.01468,0.01442,0.01463,5532353.0,1767175200000,80385.25677,694,2025-12-31 09:00:00+00:00
1767175200000,0.01465,0.01477,0.01453,0.01454,5249492.0,1767178800000,76891.39547,765,2025-12-31 10:00:00+00:00
1767178800000,0.01455,0.01463,0.01447,0.01452,4375147.0,1767182400000,63560.36296,519,2025-12-31 11:00:00+00:00
1767182400000,0.01452,0.01461,0.01445,0.01448,1675890.0,1767186000000,24343.10083,536,2025-12-31 12:00:00+00:00
1767186000000,0.01448,0.0145,0.01437,0.01444,2516981.0,1767189600000,36329.0157,577,2025-12-31 13:00:00+00:00
1767189600000,0.01445,0.01454,0.0143,0.01437,1663822.0,1767193200000,23972.56778,716,2025-12-31 14:00:00+00:00
1767193200000,0.01438,0.01439,0.01425,0.01435,2773635.0,1767196800000,39712.88206,707,2025-12-31 15:00:00+00:00
1767196800000,0.01435,0.01439,0.014,0.01428,4811472.0,1767200400000,68208.79193,903,2025-12-31 16:00:00+00:00
1767200400000,0.01427,0.01438,0.01422,0.01426,2859540.0,1767204000000,40809.00018,341,2025-12-31 17:00:00+00:00
1767204000000,0.01423,0.0144,0.01422,0.01434,1077779.0,1767207600000,15470.27771,188,2025-12-31 18:00:00+00:00
1767207600000,0.01435,0.01744,0.01435,0.01629,155815162.0,1767211200000,2526293.7495,25269,2025-12-31 19:00:00+00:00
1767211200000,0.01625,0.01755,0.01415,0.01457,155249682.0,1767214800000,2463660.23459,18069,2025-12-31 20:00:00+00:00
1767214800000,0.01456,0.01523,0.01443,0.01513,22231403.0,1767218400000,330816.54146,2482,2025-12-31 21:00:00+00:00
1767218400000,0.01514,0.0156,0.01507,0.01539,15884603.0,1767222000000,244113.08334,2165,2025-12-31 22:00:00+00:00
1767222000000,0.0154,0.0154,0.01494,0.01499,11457470.0,1767225600000,173411.82632,1807,2025-12-31 23:00:00+00:00
1767225600000,0.01499,0.01554,0.01489,0.01542,16966896.0,1767229200000,257923.85889,2544,2026-01-01 00:00:00+00:00
1767229200000,0.01542,0.01575,0.01531,0.01533,10991868.0,1767232800000,170398.13263,1852,2026-01-01 01:00:00+00:00
1767232800000,0.01533,0.01568,0.01533,0.01565,11803986.0,1767236400000,183077.3182,1557,2026-01-01 02:00:00+00:00
1767236400000,0.01564,0.01582,0.01525,0.0156,13751500.0,1767240000000,213928.01953,2309,2026-01-01 03:00:00+00:00
1767240000000,0.01561,0.01585,0.01532,0.01569,11915556.0,1767243600000,185629.16763,2083,2026-01-01 04:00:00+00:00
1767243600000,0.01569,0.01586,0.01541,0.01576,7944312.0,1767247200000,124228.88265,1539,2026-01-01 05:00:00+00:00
1767247200000,0.01573,0.01592,0.01563,0.01576,15073429.0,1767250800000,237752.6834,2039,2026-01-01 06:00:00+00:00
1767250800000,0.01578,0.01607,0.01565,0.01568,12379645.0,1767254400000,196511.45727,1922,2026-01-01 07:00:00+00:00
1767254400000,0.01569,0.01681,0.01547,0.01628,33613016.0,1767258000000,542181.86755,6652,2026-01-01 08:00:00+00:00
1767258000000,0.01627,0.01671,0.01609,0.01644,20551594.0,1767261600000,338252.14048,3203,2026-01-01 09:00:00+00:00
1767261600000,0.01645,0.017,0.01634,0.01692,19560609.0,1767265200000,325899.55115,2914,2026-01-01 10:00:00+00:00
1767265200000,0.01692,0.0171,0.01662,0.01671,15887670.0,1767268800000,266951.27675,2605,2026-01-01 11:00:00+00:00
1767268800000,0.0167,0.01672,0.01616,0.01644,17261078.0,1767272400000,283057.13328,2643,2026-01-01 12:00:00+00:00
1767272400000,0.01644,0.01705,0.01637,0.01647,20145960.0,1767276000000,337381.64496,3215,2026-01-01 13:00:00+00:00
1767276000000,0.01646,0.01658,0.01622,0.01638,18347284.0,1767279600000,300205.8133,2212,2026-01-01 14:00:00+00:00
1767279600000,0.01637,0.01656,0.01615,0.01616,10105771.0,1767283200000,165132.34989,1916,2026-01-01 15:00:00+00:00
1767283200000,0.01616,0.01624,0.01591,0.01607,14356697.0,1767286800000,230891.2644,1846,2026-01-01 16:00:00+00:00
1767286800000,0.01608,0.0163,0.016,0.01627,8821291.0,1767290400000,142640.83698,1130,2026-01-01 17:00:00+00:00
1767290400000,0.01626,0.0163,0.01608,0.01617,6324052.0,1767294000000,102466.3027,1044,2026-01-01 18:00:00+00:00
1767294000000,0.01616,0.01648,0.01615,0.01642,5304659.0,1767297600000,86761.65048,673,2026-01-01 19:00:00+00:00
1767297600000,0.01641,0.01776,0.01632,0.01704,52404749.0,1767301200000,902746.0688,8364,2026-01-01 20:00:00+00:00
1767301200000,0.01705,0.01728,0.01674,0.01706,21014859.0,1767304800000,356756.20263,4353,2026-01-01 21:00:00+00:00
1767304800000,0.01707,0.01722,0.01663,0.01689,7209660.0,1767308400000,122281.16554,2288,2026-01-01 22:00:00+00:00
1767308400000,0.01692,0.01694,0.01657,0.01661,4992126.0,1767312000000,83379.99174,1004,2026-01-01 23:00:00+00:00
1767312000000,0.01663,0.01672,0.01627,0.01631,5076341.0,1767315600000,83668.84936,1340,2026-01-02 00:00:00+00:00
1767315600000,0.01629,0.01643,0.01622,0.01635,2741772.0,1767319200000,44790.82851,793,2026-01-02 01:00:00+00:00
1767319200000,0.01634,0.01634,0.01604,0.01613,3010232.0,1767322800000,48622.53178,1076,2026-01-02 02:00:00+00:00
1767322800000,0.01614,0.01624,0.0161,0.01616,2830960.0,1767326400000,45773.19349,817,2026-01-02 03:00:00+00:00
1767326400000,0.01614,0.01622,0.01593,0.01622,2973493.0,1767330000000,47682.25028,614,2026-01-02 04:00:00+00:00
1767330000000,0.01621,0.01637,0.01612,0.01626,2664619.0,1767333600000,43272.82977,710,2026-01-02 05:00:00+00:00
1767333600000,0.01624,0.01652,0.01619,0.01635,5766339.0,1767337200000,94091.82469,905,2026-01-02 06:00:00+00:00
1767337200000,0.01636,0.01692,0.01635,0.01655,13735685.0,1767340800000,229489.15092,2781,2026-01-02 07:00:00+00:00
1767340800000,0.01655,0.01655,0.01626,0.01633,7048824.0,1767344400000,115520.6045,1188,2026-01-02 08:00:00+00:00
1767344400000,0.01633,0.01694,0.01632,0.01673,13990489.0,1767348000000,233135.45155,2884,2026-01-02 09:00:00+00:00
1767348000000,0.0167,0.0169,0.0166,0.01674,5093812.0,1767351600000,85344.67541,1282,2026-01-02 10:00:00+00:00
1767351600000,0.01674,0.01683,0.01656,0.01665,7218215.0,1767355200000,120550.64095,1764,2026-01-02 11:00:00+00:00
1767355200000,0.01664,0.01687,0.01655,0.01675,7084693.0,1767358800000,118300.21189,2332,2026-01-02 12:00:00+00:00
1767358800000,0.01674,0.01674,0.01625,0.01631,8394263.0,1767362400000,138193.78958,1502,2026-01-02 13:00:00+00:00
1767362400000,0.01631,0.01646,0.01621,0.01637,7153090.0,1767366000000,116657.36259,1861,2026-01-02 14:00:00+00:00
1767366000000,0.01638,0.0164,0.01623,0.01627,3244062.0,1767369600000,52910.69763,1237,2026-01-02 15:00:00+00:00
1767369600000,0.01628,0.01658,0.01628,0.01655,5025278.0,1767373200000,82674.3493,1815,2026-01-02 16:00:00+00:00
1767373200000,0.01654,0.01665,0.01641,0.01646,6172170.0,1767376800000,101974.85968,1138,2026-01-02 17:00:00+00:00
1767376800000,0.01647,0.01657,0.01638,0.01651,3471604.0,1767380400000,57192.14655,807,2026-01-02 18:00:00+00:00
1767380400000,0.01651,0.01664,0.01649,0.01664,1215586.0,1767384000000,20135.12265,386,2026-01-02 19:00:00+00:00
1767384000000,0.01663,0.0167,0.01657,0.01665,1981394.0,1767387600000,33000.4677,921,2026-01-02 20:00:00+00:00
1767387600000,0.01666,0.01688,0.01666,0.0168,5485928.0,1767391200000,92174.64914,1325,2026-01-02 21:00:00+00:00
1767391200000,0.01678,0.01682,0.01666,0.01672,2490404.0,1767394800000,41678.81467,1302,2026-01-02 22:00:00+00:00
1767394800000,0.01671,0.01671,0.01645,0.01653,5437601.0,1767398400000,90051.49482,1495,2026-01-02 23:00:00+00:00
1767398400000,0.01653,0.01668,0.01648,0.01667,2232997.0,1767402000000,37021.24041,521,2026-01-03 00:00:00+00:00
1767402000000,0.01666,0.01666,0.01651,0.01652,2208200.0,1767405600000,36627.80439,787,2026-01-03 01:00:00+00:00
1767405600000,0.0165,0.01666,0.01636,0.01658,2207159.0,1767409200000,36425.33867,620,2026-01-03 02:00:00+00:00
1767409200000,0.01658,0.01672,0.01656,0.01665,2348696.0,1767412800000,39107.4409,606,2026-01-03 03:00:00+00:00
1767412800000,0.01665,0.01672,0.01659,0.01661,2001126.0,1767416400000,33293.80484,605,2026-01-03 04:00:00+00:00
1767416400000,0.0166,0.01663,0.01649,0.01654,1498163.0,1767420000000,24820.58833,271,2026-01-03 05:00:00+00:00
1767420000000,0.01655,0.01694,0.01641,0.01669,8987098.0,1767423600000,149246.73275,1148,2026-01-03 06:00:00+00:00
1767423600000,0.01668,0.01668,0.01612,0.0162,6588609.0,1767427200000,107390.54486,1279,2026-01-03 07:00:00+00:00
1767427200000,0.01619,0.01631,0.0161,0.01614,5080058.0,1767430800000,82197.07495,913,2026-01-03 08:00:00+00:00
1767430800000,0.01613,0.01628,0.01597,0.016,11960070.0,1767434400000,192608.5204,1924,2026-01-03 09:00:00+00:00
1767434400000,0.01601,0.01606,0.01593,0.01593,2698618.0,1767438000000,43141.44189,1027,2026-01-03 10:00:00+00:00
1767438000000,0.01593,0.01595,0.01576,0.01595,5371516.0,1767441600000,85168.6752,1103,2026-01-03 11:00:00+00:00
1767441600000,0.01593,0.01622,0.01592,0.01611,4758808.0,1767445200000,76464.81842,753,2026-01-03 12:00:00+00:00
1767445200000,0.01611,0.01628,0.01604,0.01619,3596145.0,1767448800000,58160.731,630,2026-01-03 13:00:00+00:00
1767448800000,0.01618,0.01623,0.01609,0.01611,2916872.0,1767452400000,47131.25742,341,2026-01-03 14:00:00+00:00
1767452400000,0.01611,0.01615,0.01607,0.01609,1286816.0,1767456000000,20718.84951,336,2026-01-03 15:00:00+00:00
1767456000000,0.01608,0.01625,0.01607,0.01619,5009103.0,1767459600000,81192.75796,817,2026-01-03 16:00:00+00:00
1767459600000,0.01618,0.01625,0.01612,0.0162,1699181.0,1767463200000,27507.01844,352,2026-01-03 17:00:00+00:00
1767463200000,0.01619,0.0162,0.01607,0.01619,1855359.0,1767466800000,29989.17576,370,2026-01-03 18:00:00+00:00
1767466800000,0.01619,0.01623,0.01616,0.0162,336164.0,1767470400000,5447.60254,169,2026-01-03 19:00:00+00:00
1767470400000,0.01618,0.01621,0.01609,0.0162,796091.0,1767474000000,12850.50064,169,2026-01-03 20:00:00+00:00
1767474000000,0.01619,0.01638,0.01615,0.01631,1412952.0,1767477600000,22999.64796,335,2026-01-03 21:00:00+00:00
1767477600000,0.0163,0.01638,0.01624,0.01635,1048258.0,1767481200000,17089.30655,329,2026-01-03 22:00:00+00:00
1767481200000,0.01637,0.01642,0.01633,0.01638,559472.0,1767484800000,9162.7749,318,2026-01-03 23:00:00+00:00
1767484800000,0.01639,0.01659,0.01639,0.0165,2249705.0,1767488400000,37099.68947,815,2026-01-04 00:00:00+00:00
1767488400000,0.0165,0.01656,0.01635,0.01639,1312713.0,1767492000000,21551.51521,296,2026-01-04 01:00:00+00:00
1767492000000,0.01641,0.01643,0.01636,0.01643,843270.0,1767495600000,13822.73066,298,2026-01-04 02:00:00+00:00
1767495600000,0.01643,0.01659,0.01642,0.01659,1323369.0,1767499200000,21852.32945,518,2026-01-04 03:00:00+00:00
1767499200000,0.01657,0.0166,0.01649,0.01651,1457315.0,1767502800000,24111.81204,387,2026-01-04 04:00:00+00:00
1767502800000,0.0165,0.01655,0.01646,0.01649,510008.0,1767506400000,8417.39184,294,2026-01-04 05:00:00+00:00
1767506400000,0.01649,0.01654,0.01615,0.0162,3515973.0,1767510000000,57313.25459,1072,2026-01-04 06:00:00+00:00
1767510000000,0.0162,0.01631,0.01618,0.01624,2294530.0,1767513600000,37301.41746,771,2026-01-04 07:00:00+00:00
1767513600000,0.01623,0.01639,0.01614,0.01634,3413706.0,1767517200000,55596.95753,1332,2026-01-04 08:00:00+00:00
1767517200000,0.01634,0.01642,0.01626,0.0163,4010430.0,1767520800000,65562.69646,1081,2026-01-04 09:00:00+00:00
1767520800000,0.01631,0.01652,0.01626,0.0165,7949949.0,1767524400000,130429.8445,1404,2026-01-04 10:00:00+00:00
1767524400000,0.01649,0.01685,0.01639,0.01666,8461065.0,1767528000000,141231.68499,2196,2026-01-04 11:00:00+00:00
1767528000000,0.01666,0.01681,0.01657,0.0167,5384553.0,1767531600000,89772.28185,1362,2026-01-04 12:00:00+00:00
1767531600000,0.01671,0.01761,0.01671,0.01723,47808214.0,1767535200000,820996.81616,11246,2026-01-04 13:00:00+00:00
1767535200000,0.01723,0.01741,0.01685,0.01702,11459078.0,1767538800000,195704.52784,2527,2026-01-04 14:00:00+00:00
1767538800000,0.017,0.01747,0.01698,0.01735,11960586.0,1767542400000,206012.45722,3236,2026-01-04 15:00:00+00:00
1767542400000,0.01735,0.01842,0.01735,0.01798,40057336.0,1767546000000,721942.78229,12615,2026-01-04 16:00:00+00:00
1767546000000,0.01799,0.0188,0.01799,0.01874,27729675.0,1767549600000,509445.19362,9046,2026-01-04 17:00:00+00:00
1767549600000,0.01873,0.02045,0.01866,0.01993,93902147.0,1767553200000,1839731.01469,36195,2026-01-04 18:00:00+00:00
1767553200000,0.01993,0.02015,0.01864,0.01898,47401228.0,1767556800000,912734.51508,17330,2026-01-04 19:00:00+00:00
1767556800000,0.01898,0.01945,0.01892,0.01897,18756432.0,1767560400000,359198.76172,5218,2026-01-04 20:00:00+00:00
1767560400000,0.01897,0.01912,0.01869,0.01898,6584395.0,1767564000000,124702.2009,2645,2026-01-04 21:00:00+00:00
1767564000000,0.01898,0.01916,0.0187,0.01877,6939852.0,1767567600000,131723.337,2093,2026-01-04 22:00:00+00:00
1767567600000,0.01876,0.01888,0.01827,0.01833,11796908.0,1767571200000,218645.51927,3005,2026-01-04 23:00:00+00:00
1767571200000,0.01834,0.01848,0.01819,0.01834,9277704.0,1767574800000,169855.53776,2466,2026-01-05 00:00:00+00:00
1767574800000,0.01834,0.0186,0.01827,0.01848,8495248.0,1767578400000,156561.72228,1619,2026-01-05 01:00:00+00:00
1767578400000,0.01847,0.01878,0.01826,0.01854,9540626.0,1767582000000,176810.28788,2274,2026-01-05 02:00:00+00:00
1767582000000,0.0185,0.01856,0.01793,0.01816,7013882.0,1767585600000,127808.51372,1782,2026-01-05 03:00:00+00:00
1767585600000,0.01815,0.01826,0.01764,0.0178,12676820.0,1767589200000,226517.11048,1909,2026-01-05 04:00:00+00:00
1767589200000,0.01779,0.01812,0.01775,0.01794,6893912.0,1767592800000,123850.14511,1152,2026-01-05 05:00:00+00:00
1767592800000,0.01794,0.01844,0.01794,0.01808,10375124.0,1767596400000,189132.67641,2785,2026-01-05 06:00:00+00:00
1767596400000,0.01807,0.01831,0.01804,0.0182,9486549.0,1767600000000,172503.58566,1679,2026-01-05 07:00:00+00:00
1767600000000,0.0182,0.01852,0.01803,0.01809,6713177.0,1767603600000,122712.96897,1561,2026-01-05 08:00:00+00:00
1767603600000,0.01807,0.01826,0.01793,0.01806,6693379.0,1767607200000,121166.55362,1736,2026-01-05 09:00:00+00:00
1767607200000,0.01806,0.01816,0.01796,0.01803,6732769.0,1767610800000,121581.76111,1647,2026-01-05 10:00:00+00:00
1767610800000,0.01802,0.0181,0.01793,0.01807,2929926.0,1767614400000,52795.43522,946,2026-01-05 11:00:00+00:00
1767614400000,0.01808,0.01809,0.01774,0.01798,6273460.0,1767618000000,112197.60289,1379,2026-01-05 12:00:00+00:00
1767618000000,0.01797,0.01798,0.01771,0.01784,5136751.0,1767621600000,91451.34605,993,2026-01-05 13:00:00+00:00
1767621600000,0.01783,0.0181,0.01778,0.01805,3461356.0,1767625200000,62109.45022,951,2026-01-05 14:00:00+00:00
1767625200000,0.01804,0.01814,0.0179,0.01803,4910125.0,1767628800000,88558.92396,941,2026-01-05 15:00:00+00:00
1767628800000,0.01803,0.01811,0.01784,0.01788,5258677.0,1767632400000,94220.76127,1030,2026-01-05 16:00:00+00:00
1767632400000,0.01788,0.01811,0.0178,0.01806,2131802.0,1767636000000,38237.25331,855,2026-01-05 17:00:00+00:00
1767636000000,0.01805,0.01813,0.01796,0.01813,1727568.0,1767639600000,31130.78666,797,2026-01-05 18:00:00+00:00
1767639600000,0.01811,0.01819,0.01798,0.018,4111439.0,1767643200000,74284.63923,1032,2026-01-05 19:00:00+00:00
1767643200000,0.01799,0.01818,0.01788,0.01793,4103793.0,1767646800000,73848.05096,1174,2026-01-05 20:00:00+00:00
1767646800000,0.01792,0.01799,0.01789,0.01796,1263347.0,1767650400000,22682.87027,508,2026-01-05 21:00:00+00:00
1767650400000,0.01796,0.01811,0.01792,0.01806,3030479.0,1767654000000,54621.12967,733,2026-01-05 22:00:00+00:00
1767654000000,0.01805,0.01805,0.01785,0.01787,1124596.0,1767657600000,20145.42956,603,2026-01-05 23:00:00+00:00
1767657600000,0.01788,0.01791,0.01759,0.01777,4738429.0,1767661200000,83960.31552,911,2026-01-06 00:00:00+00:00
1767661200000,0.01776,0.01787,0.01768,0.01768,1838964.0,1767664800000,32671.94362,621,2026-01-06 01:00:00+00:00
1767664800000,0.01769,0.01773,0.01764,0.01769,712271.0,1767668400000,12590.20646,308,2026-01-06 02:00:00+00:00
1767668400000,0.01768,0.01783,0.01765,0.01779,733362.0,1767672000000,13008.66961,269,2026-01-06 03:00:00+00:00
1767672000000,0.0178,0.01787,0.01774,0.01775,2111725.0,1767675600000,37586.43955,443,2026-01-06 04:00:00+00:00
1767675600000,0.01774,0.01775,0.01741,0.01746,4443453.0,1767679200000,77990.02188,998,2026-01-06 05:00:00+00:00
1767679200000,0.01746,0.01766,0.01743,0.01753,2151935.0,1767682800000,37755.38254,592,2026-01-06 06:00:00+00:00
1767682800000,0.01752,0.01792,0.01747,0.01787,4958832.0,1767686400000,87804.26128,1071,2026-01-06 07:00:00+00:00
1767686400000,0.01788,0.01855,0.01775,0.01851,12742199.0,1767690000000,230789.78176,2489,2026-01-06 08:00:00+00:00
1767690000000,0.01852,0.01935,0.01832,0.01896,28080144.0,1767693600000,532697.92152,5870,2026-01-06 09:00:00+00:00
1767693600000,0.01896,0.01945,0.01869,0.01878,21092792.0,1767697200000,401748.43232,4112,2026-01-06 10:00:00+00:00
1767697200000,0.01878,0.01912,0.01846,0.01896,14708022.0,1767700800000,275871.06826,3304,2026-01-06 11:00:00+00:00
1767700800000,0.01894,0.01913,0.01875,0.01893,6881196.0,1767704400000,130126.27305,2350,2026-01-06 12:00:00+00:00
1767704400000,0.01892,0.01908,0.01812,0.0183,36848736.0,1767708000000,681944.87628,7017,2026-01-06 13:00:00+00:00
1767708000000,0.0183,0.01833,0.01786,0.01794,8583143.0,1767711600000,155420.26994,2946,2026-01-06 14:00:00+00:00
1767711600000,0.01794,0.01807,0.01779,0.01791,7335462.0,1767715200000,131616.49568,2569,2026-01-06 15:00:00+00:00
1767715200000,0.0179,0.01799,0.01752,0.01767,15380398.0,1767718800000,272455.17469,4893,2026-01-06 16:00:00+00:00
1767718800000,0.01766,0.01806,0.01748,0.01749,13696655.0,1767722400000,243873.01066,3018,2026-01-06 17:00:00+00:00
1767722400000,0.01749,0.01784,0.01741,0.01779,3520382.0,1767726000000,62281.71152,909,2026-01-06 18:00:00+00:00
1767726000000,0.01778,0.01792,0.01775,0.01787,1598359.0,1767729600000,28523.15413,636,2026-01-06 19:00:00+00:00
1767729600000,0.01786,0.01812,0.01782,0.01796,4523863.0,1767733200000,81401.47667,974,2026-01-06 20:00:00+00:00
1767733200000,0.01797,0.01817,0.01793,0.01808,3288032.0,1767736800000,59457.22695,855,2026-01-06 21:00:00+00:00
1767736800000,0.0181,0.01815,0.01795,0.018,1544691.0,1767740400000,27876.41122,453,2026-01-06 22:00:00+00:00
1767740400000,0.018,0.01821,0.018,0.01814,1258350.0,1767744000000,22805.64909,561,2026-01-06 23:00:00+00:00
1767744000000,0.01812,0.01817,0.01786,0.01789,1807743.0,1767747600000,32541.29974,497,2026-01-07 00:00:00+00:00
1767747600000,0.01788,0.01845,0.01782,0.01809,6443088.0,1767751200000,117305.32088,1933,2026-01-07 01:00:00+00:00
1767751200000,0.01808,0.01822,0.01802,0.01821,980967.0,1767754800000,17772.1409,656,2026-01-07 02:00:00+00:00
1767754800000,0.01822,0.01842,0.01799,0.018,7523233.0,1767758400000,137157.7544,1598,2026-01-07 03:00:00+00:00
1767758400000,0.01801,0.01802,0.01782,0.01789,3311627.0,1767762000000,59314.85555,687,2026-01-07 04:00:00+00:00
1767762000000,0.0179,0.01808,0.01788,0.01792,2281808.0,1767765600000,41012.85437,924,2026-01-07 05:00:00+00:00
1767765600000,0.01792,0.01805,0.01782,0.01795,4097987.0,1767769200000,73446.20187,877,2026-01-07 06:00:00+00:00
1767769200000,0.01795,0.01808,0.01793,0.01808,627324.0,1767772800000,11306.91401,351,2026-01-07 07:00:00+00:00
1767772800000,0.01808,0.01822,0.01799,0.01802,3826405.0,1767776400000,69275.67616,1233,2026-01-07 08:00:00+00:00
1767776400000,0.01801,0.01802,0.01767,0.01776,3402370.0,1767780000000,60752.97422,1319,2026-01-07 09:00:00+00:00
1767780000000,0.01775,0.01798,0.0177,0.0179,2299612.0,1767783600000,41091.17069,1133,2026-01-07 10:00:00+00:00
1767783600000,0.01789,0.01796,0.01784,0.0179,2100092.0,1767787200000,37561.18894,793,2026-01-07 11:00:00+00:00
1767787200000,0.01789,0.01793,0.01759,0.0176,3954228.0,1767790800000,70170.39592,946,2026-01-07 12:00:00+00:00
1767790800000,0.01761,0.01768,0.01744,0.01749,3558901.0,1767794400000,62476.90392,1170,2026-01-07 13:00:00+00:00
1767794400000,0.0175,0.0175,0.01712,0.01733,12212960.0,1767798000000,210615.91732,2261,2026-01-07 14:00:00+00:00
1767798000000,0.01734,0.01734,0.01686,0.0169,6703347.0,1767801600000,114163.45131,1766,2026-01-07 15:00:00+00:00
1767801600000,0.01688,0.01702,0.01681,0.01696,2950101.0,1767805200000,49853.06549,819,2026-01-07 16:00:00+00:00
1767805200000,0.01696,0.01706,0.01689,0.01699,2055327.0,1767808800000,34883.57261,545,2026-01-07 17:00:00+00:00
1767808800000,0.01699,0.01718,0.01697,0.01703,3465898.0,1767812400000,59174.78428,885,2026-01-07 18:00:00+00:00
1767812400000,0.01702,0.01706,0.01686,0.01699,1429956.0,1767816000000,24221.90844,601,2026-01-07 19:00:00+00:00
1767816000000,0.01698,0.01698,0.01682,0.01688,1726634.0,1767819600000,29133.70623,420,2026-01-07 20:00:00+00:00
1767819600000,0.01687,0.01696,0.01687,0.01688,476786.0,1767823200000,8069.56683,219,2026-01-07 21:00:00+00:00
1767823200000,0.01687,0.01697,0.01676,0.01681,1078430.0,1767826800000,18192.76214,201,2026-01-07 22:00:00+00:00
1767826800000,0.01681,0.0169,0.01669,0.01676,2432430.0,1767830400000,40803.3507,778,2026-01-07 23:00:00+00:00
1767830400000,0.01677,0.01685,0.01663,0.01685,2007957.0,1767834000000,33558.93619,734,2026-01-08 00:00:00+00:00
1767834000000,0.01683,0.01698,0.01683,0.01696,1649887.0,1767837600000,27926.64024,899,2026-01-08 01:00:00+00:00
1767837600000,0.01695,0.01697,0.0168,0.01681,2177154.0,1767841200000,36727.88303,752,2026-01-08 02:00:00+00:00
1767841200000,0.0168,0.01689,0.01656,0.01659,4042572.0,1767844800000,67556.89015,784,2026-01-08 03:00:00+00:00
1767844800000,0.0166,0.0167,0.01657,0.01663,2576492.0,1767848400000,42859.469,551,2026-01-08 04:00:00+00:00
1767848400000,0.01664,0.01673,0.0165,0.01657,4880862.0,1767852000000,81080.22018,1119,2026-01-08 05:00:00+00:00
1767852000000,0.01657,0.01659,0.01624,0.01625,3007690.0,1767855600000,49420.14834,808,2026-01-08 06:00:00+00:00
1767855600000,0.01625,0.01651,0.01613,0.01647,3364204.0,1767859200000,54954.87092,672,2026-01-08 07:00:00+00:00
1767859200000,0.01646,0.01648,0.01625,0.01632,4177622.0,1767862800000,68412.37283,628,2026-01-08 08:00:00+00:00
1767862800000,0.01633,0.01636,0.01612,0.01613,4302477.0,1767866400000,69937.76616,552,2026-01-08 09:00:00+00:00
1767866400000,0.01614,0.01632,0.01602,0.01627,5237446.0,1767870000000,84739.56237,657,2026-01-08 10:00:00+00:00
1767870000000,0.01626,0.0163,0.01609,0.01628,1903084.0,1767873600000,30860.93747,560,2026-01-08 11:00:00+00:00
1767873600000,0.01628,0.0163,0.01611,0.01616,1378749.0,1767877200000,22338.28368,464,2026-01-08 12:00:00+00:00
1767877200000,0.01615,0.01618,0.01597,0.01603,4067450.0,1767880800000,65393.51471,554,2026-01-08 13:00:00+00:00
1767880800000,0.01602,0.01617,0.01591,0.01611,7683300.0,1767884400000,123081.95412,951,2026-01-08 14:00:00+00:00
1767884400000,0.01609,0.01652,0.01604,0.01651,2943604.0,1767888000000,48234.23187,717,2026-01-08 15:00:00+00:00
1767888000000,0.01653,0.01686,0.01645,0.01675,4696473.0,1767891600000,78212.27157,1149,2026-01-08 16:00:00+00:00
1767891600000,0.01676,0.01693,0.01666,0.0167,6835900.0,1767895200000,114748.28807,1641,2026-01-08 17:00:00+00:00
1767895200000,0.0167,0.01676,0.01659,0.01672,3364246.0,1767898800000,56142.84591,910,2026-01-08 18:00:00+00:00
1767898800000,0.01673,0.01685,0.01665,0.01667,2293352.0,1767902400000,38384.85481,722,2026-01-08 19:00:00+00:00
1767902400000,0.01667,0.01667,0.01652,0.0166,1476020.0,1767906000000,24487.11009,704,2026-01-08 20:00:00+00:00
1767906000000,0.01662,0.01679,0.01661,0.01677,1207489.0,1767909600000,20199.11074,461,2026-01-08 21:00:00+00:00
1767909600000,0.01679,0.01679,0.01658,0.01668,780495.0,1767913200000,13041.96326,260,2026-01-08 22:00:00+00:00
1767913200000,0.01667,0.01671,0.01661,0.01664,3558931.0,1767916800000,59263.04921,375,2026-01-08 23:00:00+00:00
1767916800000,0.01665,0.0167,0.0166,0.01669,804775.0,1767920400000,13399.94537,273,2026-01-09 00:00:00+00:00
1767920400000,0.01669,0.01679,0.01646,0.01657,2094666.0,1767924000000,34869.81913,672,2026-01-09 01:00:00+00:00
1767924000000,0.01657,0.01671,0.01657,0.01661,592098.0,1767927600000,9857.43617,252,2026-01-09 02:00:00+00:00
1767927600000,0.01662,0.01683,0.01661,0.01682,694994.0,1767931200000,11629.24355,243,2026-01-09 03:00:00+00:00
1767931200000,0.01684,0.01695,0.01681,0.0169,725157.0,1767934800000,12249.16959,250,2026-01-09 04:00:00+00:00
1767934800000,0.01692,0.01696,0.0169,0.01693,756896.0,1767938400000,12806.06942,161,2026-01-09 05:00:00+00:00
1767938400000,0.01693,0.01693,0.01672,0.01685,2517375.0,1767942000000,42274.26484,432,2026-01-09 06:00:00+00:00
1767942000000,0.01684,0.01696,0.01682,0.01686,1446090.0,1767945600000,24451.98612,286,2026-01-09 07:00:00+00:00
1767945600000,0.01686,0.0169,0.0165,0.01671,2535986.0,1767949200000,42401.0574,530,2026-01-09 08:00:00+00:00
1767949200000,0.01673,0.01696,0.01673,0.01681,2356840.0,1767952800000,39742.42398,404,2026-01-09 09:00:00+00:00
1767952800000,0.01682,0.01703,0.01676,0.01694,2258969.0,1767956400000,38180.80156,636,2026-01-09 10:00:00+00:00
1767956400000,0.01695,0.01739,0.01695,0.01739,12970216.0,1767960000000,222208.40229,2129,2026-01-09 11:00:00+00:00
1767960000000,0.01739,0.0174,0.01706,0.01709,4190159.0,1767963600000,72039.17106,946,2026-01-09 12:00:00+00:00
1767963600000,0.01709,0.01734,0.01704,0.01715,5254389.0,1767967200000,90092.02468,1302,2026-01-09 13:00:00+00:00
1767967200000,0.01716,0.01717,0.01678,0.01687,2756929.0,1767970800000,46736.87633,951,2026-01-09 14:00:00+00:00
1767970800000,0.01688,0.01728,0.01684,0.01702,3015983.0,1767974400000,51451.36154,1058,2026-01-09 15:00:00+00:00
1767974400000,0.01703,0.01722,0.01691,0.01695,8423427.0,1767978000000,143560.73258,1323,2026-01-09 16:00:00+00:00
1767978000000,0.01695,0.01706,0.01682,0.01705,1638211.0,1767981600000,27778.60888,461,2026-01-09 17:00:00+00:00
1767981600000,0.01704,0.01705,0.01683,0.01702,1395612.0,1767985200000,23674.20546,440,2026-01-09 18:00:00+00:00
1767985200000,0.01701,0.01702,0.01666,0.01679,3031163.0,1767988800000,50979.48441,616,2026-01-09 19:00:00+00:00
1767988800000,0.01677,0.01685,0.01676,0.01677,844101.0,1767992400000,14174.54866,188,2026-01-09 20:00:00+00:00
1767992400000,0.01676,0.01691,0.01675,0.01685,1015298.0,1767996000000,17092.56064,303,2026-01-09 21:00:00+00:00
1767996000000,0.01685,0.01693,0.01684,0.01692,352194.0,1767999600000,5943.90377,306,2026-01-09 22:00:00+00:00
1767999600000,0.01692,0.01701,0.01686,0.01686,993839.0,1768003200000,16835.78781,440,2026-01-09 23:00:00+00:00
1768003200000,0.01686,0.0169,0.01678,0.0169,1454913.0,1768006800000,24512.35568,463,2026-01-10 00:00:00+00:00
1768006800000,0.0169,0.01692,0.01677,0.01682,1390793.0,1768010400000,23415.84719,402,2026-01-10 01:00:00+00:00
1768010400000,0.01684,0.01692,0.01681,0.01691,1425647.0,1768014000000,24043.14713,368,2026-01-10 02:00:00+00:00
1768014000000,0.01692,0.01699,0.01685,0.01699,604830.0,1768017600000,10227.81564,249,2026-01-10 03:00:00+00:00
1768017600000,0.01696,0.01704,0.01678,0.01682,1170633.0,1768021200000,19770.45504,533,2026-01-10 04:00:00+00:00
1768021200000,0.01682,0.01685,0.0168,0.01681,312134.0,1768024800000,5253.55671,156,2026-01-10 05:00:00+00:00
1768024800000,0.0168,0.01685,0.01673,0.01683,1354012.0,1768028400000,22722.05471,375,2026-01-10 06:00:00+00:00
1768028400000,0.01682,0.01696,0.01682,0.01693,745758.0,1768032000000,12609.93554,217,2026-01-10 07:00:00+00:00
1768032000000,0.01694,0.01695,0.01683,0.01695,1032622.0,1768035600000,17433.48249,223,2026-01-10 08:00:00+00:00
1768035600000,0.01693,0.01693,0.01685,0.01689,716953.0,1768039200000,12100.62121,202,2026-01-10 09:00:00+00:00
1768039200000,0.01689,0.01698,0.01689,0.01698,893043.0,1768042800000,15134.43844,297,2026-01-10 10:00:00+00:00
1768042800000,0.01698,0.01705,0.01686,0.01701,3537551.0,1768046400000,59950.83445,557,2026-01-10 11:00:00+00:00
1768046400000,0.01701,0.01706,0.01691,0.01703,1941820.0,1768050000000,32976.74013,348,2026-01-10 12:00:00+00:00
1768050000000,0.01703,0.01706,0.01697,0.01697,429485.0,1768053600000,7311.4152,122,2026-01-10 13:00:00+00:00
1768053600000,0.01698,0.01701,0.01686,0.01688,2013664.0,1768057200000,34074.67983,212,2026-01-10 14:00:00+00:00
1768057200000,0.01688,0.01689,0.01684,0.01689,814447.0,1768060800000,13738.0172,172,2026-01-10 15:00:00+00:00
1768060800000,0.0169,0.017,0.01678,0.01697,2747440.0,1768064400000,46399.16086,491,2026-01-10 16:00:00+00:00
1768064400000,0.01697,0.01749,0.01697,0.01718,6863623.0,1768068000000,118095.11813,1554,2026-01-10 17:00:00+00:00
1768068000000,0.0172,0.01741,0.01718,0.01728,4974809.0,1768071600000,86056.89176,966,2026-01-10 18:00:00+00:00
1768071600000,0.01728,0.01746,0.01728,0.01736,519610.0,1768075200000,9032.31784,333,2026-01-10 19:00:00+00:00
1768075200000,0.01738,0.01738,0.01723,0.01732,1051658.0,1768078800000,18209.98402,247,2026-01-10 20:00:00+00:00
1768078800000,0.01731,0.01738,0.0172,0.01726,2553229.0,1768082400000,44119.72123,399,2026-01-10 21:00:00+00:00
1768082400000,0.01725,0.0174,0.01707,0.01707,3206795.0,1768086000000,55331.15003,513,2026-01-10 22:00:00+00:00
1768086000000,0.01707,0.01716,0.01698,0.01708,2672932.0,1768089600000,45626.02848,546,2026-01-10 23:00:00+00:00
1768089600000,0.01709,0.01711,0.01691,0.01703,4526031.0,1768093200000,76925.87576,641,2026-01-11 00:00:00+00:00
1768093200000,0.01702,0.01712,0.01695,0.01708,939338.0,1768096800000,15985.17102,190,2026-01-11 01:00:00+00:00
1768096800000,0.01709,0.01749,0.01699,0.01742,12101346.0,1768100400000,208606.46328,2087,2026-01-11 02:00:00+00:00
1768100400000,0.0174,0.01749,0.01712,0.01725,4051924.0,1768104000000,69971.12341,842,2026-01-11 03:00:00+00:00
1768104000000,0.01726,0.01745,0.01723,0.01739,1067031.0,1768107600000,18509.29025,391,2026-01-11 04:00:00+00:00
1768107600000,0.0174,0.0176,0.01734,0.01742,2769156.0,1768111200000,48392.19681,889,2026-01-11 05:00:00+00:00
1768111200000,0.01743,0.01755,0.01718,0.01754,2238745.0,1768114800000,38718.79241,651,2026-01-11 06:00:00+00:00
1768114800000,0.01754,0.01783,0.01753,0.01754,6951296.0,1768118400000,122934.89854,2016,2026-01-11 07:00:00+00:00
1768118400000,0.01756,0.01764,0.01742,0.0176,1770294.0,1768122000000,31052.50508,698,2026-01-11 08:00:00+00:00
1768122000000,0.01759,0.01783,0.01757,0.01778,2464751.0,1768125600000,43626.05878,546,2026-01-11 09:00:00+00:00
1768125600000,0.01779,0.01785,0.01752,0.01755,4113164.0,1768129200000,72751.30024,935,2026-01-11 10:00:00+00:00
1768129200000,0.01755,0.01769,0.01735,0.01754,5265252.0,1768132800000,92217.16965,1175,2026-01-11 11:00:00+00:00
1768132800000,0.01754,0.0178,0.01748,0.01765,2643874.0,1768136400000,46639.81944,808,2026-01-11 12:00:00+00:00
1768136400000,0.01766,0.01777,0.01728,0.01745,4591365.0,1768140000000,80594.40068,1494,2026-01-11 13:00:00+00:00
1768140000000,0.01743,0.01748,0.01732,0.01738,1850543.0,1768143600000,32204.84617,611,2026-01-11 14:00:00+00:00
1768143600000,0.01737,0.01763,0.01722,0.01739,5343931.0,1768147200000,93163.63131,1328,2026-01-11 15:00:00+00:00
1768147200000,0.01739,0.01745,0.01723,0.01727,1728511.0,1768150800000,29979.45549,651,2026-01-11 16:00:00+00:00
1768150800000,0.01727,0.01734,0.01723,0.01731,757932.0,1768154400000,13101.81347,394,2026-01-11 17:00:00+00:00
1768154400000,0.01728,0.01735,0.01722,0.01733,1476363.0,1768158000000,25525.15197,358,2026-01-11 18:00:00+00:00
1768158000000,0.01731,0.01734,0.01713,0.01716,1200419.0,1768161600000,20684.51482,603,2026-01-11 19:00:00+00:00
1768161600000,0.01716,0.01721,0.01701,0.01716,1807753.0,1768165200000,30937.258,839,2026-01-11 20:00:00+00:00
1768165200000,0.01715,0.01747,0.01708,0.01741,1795908.0,1768168800000,31062.34797,602,2026-01-11 21:00:00+00:00
1768168800000,0.01739,0.01742,0.01714,0.01722,3759036.0,1768172400000,65075.682,825,2026-01-11 22:00:00+00:00
1768172400000,0.01722,0.01725,0.01704,0.0172,3188853.0,1768176000000,54695.36696,950,2026-01-11 23:00:00+00:00
1768176000000,0.0172,0.01721,0.01688,0.01705,5471189.0,1768179600000,93095.4407,1144,2026-01-12 00:00:00+00:00
1768179600000,0.01706,0.01752,0.01698,0.01737,4110290.0,1768183200000,71077.96886,1645,2026-01-12 01:00:00+00:00
1768183200000,0.01736,0.01745,0.01723,0.01733,3261015.0,1768186800000,56524.31836,1209,2026-01-12 02:00:00+00:00
1768186800000,0.01735,0.01739,0.01723,0.01723,1200895.0,1768190400000,20801.01177,352,2026-01-12 03:00:00+00:00
1768190400000,0.01724,0.01741,0.01722,0.0174,885378.0,1768194000000,15331.50659,441,2026-01-12 04:00:00+00:00
1768194000000,0.01739,0.01741,0.01731,0.0174,362229.0,1768197600000,6286.75155,396,2026-01-12 05:00:00+00:00
1768197600000,0.01739,0.01739,0.01721,0.01728,601348.0,1768201200000,10410.0119,248,2026-01-12 06:00:00+00:00
1768201200000,0.01728,0.0174,0.01717,0.01717,1988592.0,1768204800000,34370.97642,549,2026-01-12 07:00:00+00:00
1768204800000,0.01717,0.01728,0.01696,0.01711,3176434.0,1768208400000,54270.22181,924,2026-01-12 08:00:00+00:00
1768208400000,0.0171,0.0172,0.01703,0.01712,517252.0,1768212000000,8856.30993,257,2026-01-12 09:00:00+00:00
1768212000000,0.01712,0.0172,0.01708,0.01709,543440.0,1768215600000,9317.224,241,2026-01-12 10:00:00+00:00
1768215600000,0.0171,0.01725,0.01709,0.01719,783363.0,1768219200000,13447.19112,353,2026-01-12 11:00:00+00:00
1768219200000,0.01718,0.01722,0.01712,0.01716,570095.0,1768222800000,9781.58217,182,2026-01-12 12:00:00+00:00
1768222800000,0.01715,0.01715,0.01694,0.01695,1463602.0,1768226400000,24952.02431,365,2026-01-12 13:00:00+00:00
1768226400000,0.01694,0.01734,0.01691,0.01732,3384126.0,1768230000000,58213.50301,953,2026-01-12 14:00:00+00:00
1768230000000,0.01732,0.01734,0.01724,0.01734,936608.0,1768233600000,16206.54618,571,2026-01-12 15:00:00+00:00
1768233600000,0.01734,0.01736,0.01719,0.01722,1441635.0,1768237200000,24900.8708,394,2026-01-12 16:00:00+00:00
1768237200000,0.01723,0.01726,0.01681,0.01696,10263657.0,1768240800000,174511.77162,1460,2026-01-12 17:00:00+00:00
1768240800000,0.01696,0.01708,0.01696,0.01701,955337.0,1768244400000,16252.5267,382,2026-01-12 18:00:00+00:00
1768244400000,0.01701,0.01701,0.01689,0.01694,957140.0,1768248000000,16217.16206,309,2026-01-12 19:00:00+00:00
1768248000000,0.01694,0.01696,0.01679,0.01681,1627347.0,1768251600000,27449.56743,479,2026-01-12 20:00:00+00:00
1768251600000,0.0168,0.01687,0.01666,0.01674,1305277.0,1768255200000,21900.57968,322,2026-01-12 21:00:00+00:00
1768255200000,0.01674,0.01685,0.01673,0.01676,2015470.0,1768258800000,33819.05948,367,2026-01-12 22:00:00+00:00
1768258800000,0.01674,0.01677,0.01664,0.01673,935584.0,1768262400000,15618.43329,347,2026-01-12 23:00:00+00:00
1768262400000,0.01671,0.01671,0.01654,0.0166,2871433.0,1768266000000,47713.99766,448,2026-01-13 00:00:00+00:00
1768266000000,0.0166,0.01668,0.01648,0.01655,2221585.0,1768269600000,36741.42189,416,2026-01-13 01:00:00+00:00
1768269600000,0.01655,0.01666,0.01652,0.01652,555827.0,1768273200000,9223.38041,213,2026-01-13 02:00:00+00:00
1768273200000,0.01653,0.01666,0.01652,0.01664,1129841.0,1768276800000,18737.3041,511,2026-01-13 03:00:00+00:00
1768276800000,0.01664,0.01669,0.01657,0.01666,668020.0,1768280400000,11100.94283,236,2026-01-13 04:00:00+00:00
1768280400000,0.01666,0.01679,0.01666,0.01667,802789.0,1768284000000,13419.66431,324,2026-01-13 05:00:00+00:00
1768284000000,0.01667,0.0168,0.01666,0.01676,647337.0,1768287600000,10827.79385,216,2026-01-13 06:00:00+00:00
1768287600000,0.01675,0.01681,0.01662,0.01662,1993930.0,1768291200000,33279.72671,590,2026-01-13 07:00:00+00:00
1768291200000,0.01663,0.01666,0.01625,0.01626,10605555.0,1768294800000,174424.61339,2292,2026-01-13 08:00:00+00:00
1768294800000,0.01626,0.01656,0.01625,0.01653,6908757.0,1768298400000,113494.16286,1053,2026-01-13 09:00:00+00:00
1768298400000,0.01653,0.01662,0.01644,0.01653,2945027.0,1768302000000,48709.06403,488,2026-01-13 10:00:00+00:00
1768302000000,0.01653,0.01665,0.01649,0.01661,2068601.0,1768305600000,34259.78174,377,2026-01-13 11:00:00+00:00
1768305600000,0.0166,0.01662,0.01655,0.01659,2629265.0,1768309200000,43596.14998,304,2026-01-13 12:00:00+00:00
1768309200000,0.01658,0.01672,0.01653,0.01661,2316992.0,1768312800000,38557.08954,569,2026-01-13 13:00:00+00:00
1768312800000,0.01662,0.0168,0.01657,0.01667,3610284.0,1768316400000,60232.07438,744,2026-01-13 14:00:00+00:00
1768316400000,0.01665,0.01679,0.01656,0.01679,2135116.0,1768320000000,35554.3751,467,2026-01-13 15:00:00+00:00
1768320000000,0.0168,0.01683,0.01662,0.01674,2582576.0,1768323600000,43145.58671,649,2026-01-13 16:00:00+00:00
1768323600000,0.01674,0.01686,0.01669,0.01674,3591720.0,1768327200000,60282.04231,951,2026-01-13 17:00:00+00:00
1768327200000,0.01673,0.0168,0.01672,0.01676,1204419.0,1768330800000,20180.0771,450,2026-01-13 18:00:00+00:00
1768330800000,0.01676,0.01682,0.01675,0.01679,1182281.0,1768334400000,19845.74228,364,2026-01-13 19:00:00+00:00
1768334400000,0.01681,0.01687,0.01665,0.01679,3419168.0,1768338000000,57243.00882,613,2026-01-13 20:00:00+00:00
1768338000000,0.01678,0.01682,0.01677,0.01679,415384.0,1768341600000,6974.76114,140,2026-01-13 21:00:00+00:00
1768341600000,0.0168,0.01719,0.01678,0.01716,4954395.0,1768345200000,84225.33959,861,2026-01-13 22:00:00+00:00
1768345200000,0.01717,0.01726,0.01704,0.01712,1662318.0,1768348800000,28520.71104,395,2026-01-13 23:00:00+00:00
1768348800000,0.01713,0.01741,0.01713,0.01739,2574199.0,1768352400000,44390.912,762,2026-01-14 00:00:00+00:00
1768352400000,0.01738,0.01742,0.01729,0.01731,1068891.0,1768356000000,18533.53875,333,2026-01-14 01:00:00+00:00
1768356000000,0.0173,0.01771,0.01729,0.01756,8015573.0,1768359600000,140508.31269,947,2026-01-14 02:00:00+00:00
1768359600000,0.01758,0.01777,0.01758,0.01772,2371207.0,1768363200000,41968.24329,442,2026-01-14 03:00:00+00:00
1768363200000,0.01773,0.01788,0.01756,0.01763,5053558.0,1768366800000,89385.22899,841,2026-01-14 04:00:00+00:00
1768366800000,0.01763,0.01773,0.01748,0.01759,3652165.0,1768370400000,64280.60233,997,2026-01-14 05:00:00+00:00
1768370400000,0.01759,0.01759,0.01739,0.01758,2894344.0,1768374000000,50701.24299,665,2026-01-14 06:00:00+00:00
1768374000000,0.01758,0.01761,0.0174,0.01742,1494802.0,1768377600000,26172.0604,484,2026-01-14 07:00:00+00:00
1768377600000,0.01742,0.01766,0.01741,0.01758,2852099.0,1768381200000,50115.83646,531,2026-01-14 08:00:00+00:00
1768381200000,0.01758,0.01799,0.01758,0.01793,9473256.0,1768384800000,168331.22056,1749,2026-01-14 09:00:00+00:00
1768384800000,0.01792,0.018,0.01764,0.01768,9487430.0,1768388400000,169145.50034,2376,2026-01-14 10:00:00+00:00
1768388400000,0.01768,0.01792,0.01758,0.01781,5302897.0,1768392000000,94288.07929,1100,2026-01-14 11:00:00+00:00
1768392000000,0.01781,0.0181,0.01781,0.01784,4600382.0,1768395600000,82621.15821,869,2026-01-14 12:00:00+00:00
1768395600000,0.01784,0.01789,0.01749,0.01754,5497608.0,1768399200000,97221.68993,1147,2026-01-14 13:00:00+00:00
1768399200000,0.01755,0.01774,0.01754,0.01769,3076617.0,1768402800000,54267.33213,638,2026-01-14 14:00:00+00:00
1768402800000,0.01769,0.01794,0.01753,0.01786,6654033.0,1768406400000,117674.21809,1342,2026-01-14 15:00:00+00:00
1768406400000,0.01786,0.01796,0.01764,0.01773,4220883.0,1768410000000,74979.97919,661,2026-01-14 16:00:00+00:00
1768410000000,0.01774,0.01778,0.01753,0.01766,1279245.0,1768413600000,22567.26218,334,2026-01-14 17:00:00+00:00
1768413600000,0.01766,0.01766,0.01737,0.01751,4252235.0,1768417200000,74544.79944,1215,2026-01-14 18:00:00+00:00
1768417200000,0.0175,0.01763,0.01739,0.01755,1950906.0,1768420800000,34126.31665,671,2026-01-14 19:00:00+00:00
1768420800000,0.01754,0.01774,0.01753,0.01766,4889172.0,1768424400000,86293.75293,953,2026-01-14 20:00:00+00:00
1768424400000,0.01765,0.01778,0.01757,0.01768,1637376.0,1768428000000,28990.75279,424,2026-01-14 21:00:00+00:00
1768428000000,0.01768,0.01775,0.01738,0.01747,3053067.0,1768431600000,53636.59588,392,2026-01-14 22:00:00+00:00
1768431600000,0.01751,0.01754,0.01737,0.01743,1532103.0,1768435200000,26735.38312,272,2026-01-14 23:00:00+00:00
1768435200000,0.01744,0.01745,0.01734,0.01744,2298453.0,1768438800000,40004.84661,692,2026-01-15 00:00:00+00:00
1768438800000,0.01745,0.01749,0.01717,0.01722,4356241.0,1768442400000,75159.80182,812,2026-01-15 01:00:00+00:00
1768442400000,0.01722,0.01724,0.017,0.01707,1067424.0,1768446000000,18225.32121,284,2026-01-15 02:00:00+00:00
1768446000000,0.01705,0.01707,0.01666,0.01669,4890742.0,1768449600000,82112.89446,857,2026-01-15 03:00:00+00:00
1768449600000,0.01668,0.01678,0.0166,0.01677,1142283.0,1768453200000,19075.74322,320,2026-01-15 04:00:00+00:00
1768453200000,0.01676,0.01683,0.01674,0.01683,1558346.0,1768456800000,26139.13448,174,2026-01-15 05:00:00+00:00
1768456800000,0.01681,0.01685,0.01674,0.0168,722174.0,1768460400000,12132.26064,298,2026-01-15 06:00:00+00:00
1768460400000,0.01679,0.01701,0.01679,0.01693,894329.0,1768464000000,15122.09416,315,2026-01-15 07:00:00+00:00
1768464000000,0.01695,0.01697,0.01678,0.01683,2775989.0,1768467600000,46812.35815,343,2026-01-15 08:00:00+00:00
1768467600000,0.01683,0.01684,0.0167,0.01678,3151751.0,1768471200000,52822.18507,323,2026-01-15 09:00:00+00:00
1768471200000,0.01678,0.01684,0.01671,0.01677,1240302.0,1768474800000,20805.10282,189,2026-01-15 10:00:00+00:00
1768474800000,0.01676,0.01679,0.01664,0.01664,1185492.0,1768478400000,19813.81061,456,2026-01-15 11:00:00+00:00
1768478400000,0.01664,0.01684,0.0166,0.01681,4103428.0,1768482000000,68504.88158,726,2026-01-15 12:00:00+00:00
1768482000000,0.01678,0.01705,0.01673,0.01689,3986229.0,1768485600000,67451.23912,685,2026-01-15 13:00:00+00:00
1768485600000,0.01684,0.01688,0.01655,0.0167,2482910.0,1768489200000,41553.34286,510,2026-01-15 14:00:00+00:00
1768489200000,0.0167,0.01671,0.01625,0.01647,2936765.0,1768492800000,48357.14445,823,2026-01-15 15:00:00+00:00
1768492800000,0.01649,0.0165,0.01638,0.01642,2125335.0,1768496400000,34899.63791,462,2026-01-15 16:00:00+00:00
1768496400000,0.01642,0.01643,0.01615,0.01617,1746346.0,1768500000000,28498.41886,442,2026-01-15 17:00:00+00:00
1768500000000,0.01618,0.01621,0.01597,0.01608,2719846.0,1768503600000,43789.5302,847,2026-01-15 18:00:00+00:00
1768503600000,0.01606,0.01609,0.01592,0.01608,2236435.0,1768507200000,35767.34901,564,2026-01-15 19:00:00+00:00
1768507200000,0.01607,0.01609,0.01594,0.01595,704631.0,1768510800000,11297.04793,252,2026-01-15 20:00:00+00:00
1768510800000,0.01594,0.01612,0.01593,0.01609,737694.0,1768514400000,11855.6868,156,2026-01-15 21:00:00+00:00
1768514400000,0.01609,0.01624,0.01609,0.01623,1170862.0,1768518000000,18945.03599,384,2026-01-15 22:00:00+00:00
1768518000000,0.01623,0.0164,0.01619,0.01633,4983487.0,1768521600000,81186.60439,673,2026-01-15 23:00:00+00:00
1768521600000,0.01633,0.01634,0.01617,0.01617,2450237.0,1768525200000,39858.36121,613,2026-01-16 00:00:00+00:00
1768525200000,0.01619,0.0163,0.01619,0.01624,1347961.0,1768528800000,21897.17987,213,2026-01-16 01:00:00+00:00
1768528800000,0.01625,0.01634,0.01611,0.01634,881928.0,1768532400000,14306.39858,297,2026-01-16 02:00:00+00:00
1768532400000,0.01635,0.01641,0.01629,0.01631,464713.0,1768536000000,7596.30504,160,2026-01-16 03:00:00+00:00
1768536000000,0.0163,0.01641,0.01621,0.0163,3895330.0,1768539600000,63601.71428,425,2026-01-16 04:00:00+00:00
1768539600000,0.0163,0.01648,0.0163,0.01647,597260.0,1768543200000,9797.5349,287,2026-01-16 05:00:00+00:00
1768543200000,0.01646,0.01676,0.0164,0.01675,2521590.0,1768546800000,41882.28811,570,2026-01-16 06:00:00+00:00
1768546800000,0.01675,0.01715,0.01673,0.01681,10062542.0,1768550400000,170827.21744,1802,2026-01-16 07:00:00+00:00
1768550400000,0.01681,0.01696,0.01681,0.01691,1806784.0,1768554000000,30471.91721,332,2026-01-16 08:00:00+00:00
1768554000000,0.01692,0.01701,0.01687,0.01691,1399948.0,1768557600000,23718.11596,347,2026-01-16 09:00:00+00:00
1768557600000,0.01691,0.01695,0.01676,0.01677,2155849.0,1768561200000,36363.51383,288,2026-01-16 10:00:00+00:00
1768561200000,0.01679,0.01692,0.01671,0.01683,1237342.0,1768564800000,20797.64884,242,2026-01-16 11:00:00+00:00
1768564800000,0.01684,0.01688,0.01675,0.01677,683598.0,1768568400000,11502.72514,237,2026-01-16 12:00:00+00:00
1768568400000,0.01678,0.01683,0.01667,0.01668,719582.0,1768572000000,12058.43635,247,2026-01-16 13:00:00+00:00
1768572000000,0.01669,0.01677,0.01661,0.01667,4309161.0,1768575600000,71837.74452,558,2026-01-16 14:00:00+00:00
1768575600000,0.01666,0.01676,0.01619,0.01636,6239662.0,1768579200000,102217.8497,1126,2026-01-16 15:00:00+00:00
1768579200000,0.01636,0.01653,0.01631,0.01642,2792029.0,1768582800000,45898.16307,504,2026-01-16 16:00:00+00:00
1768582800000,0.01644,0.01659,0.01635,0.01656,2722792.0,1768586400000,44945.58122,354,2026-01-16 17:00:00+00:00
1768586400000,0.01658,0.01663,0.01652,0.01658,1385099.0,1768590000000,22973.76156,259,2026-01-16 18:00:00+00:00
1768590000000,0.01658,0.01662,0.01646,0.01661,388015.0,1768593600000,6418.31363,299,2026-01-16 19:00:00+00:00
1768593600000,0.01662,0.01676,0.01654,0.01675,1095802.0,1768597200000,18220.46859,297,2026-01-16 20:00:00+00:00
1768597200000,0.01676,0.01681,0.01673,0.01675,801832.0,1768600800000,13440.31913,323,2026-01-16 21:00:00+00:00
1768600800000,0.01675,0.01684,0.01671,0.01684,714227.0,1768604400000,11976.82848,222,2026-01-16 22:00:00+00:00
1768604400000,0.01684,0.01701,0.01684,0.01699,1755858.0,1768608000000,29706.85614,405,2026-01-16 23:00:00+00:00
1768608000000,0.01702,0.01712,0.01692,0.01698,1252705.0,1768611600000,21327.86114,331,2026-01-17 00:00:00+00:00
1768611600000,0.01697,0.01708,0.01686,0.01687,3411552.0,1768615200000,57922.74943,598,2026-01-17 01:00:00+00:00
1768615200000,0.01688,0.01691,0.01677,0.01684,2169590.0,1768618800000,36563.09562,337,2026-01-17 02:00:00+00:00
1768618800000,0.01684,0.01685,0.01675,0.01676,558595.0,1768622400000,9389.91779,174,2026-01-17 03:00:00+00:00
1768622400000,0.01675,0.01677,0.01668,0.01675,204324.0,1768626000000,3418.80009,81,2026-01-17 04:00:00+00:00
1768626000000,0.01677,0.01682,0.01669,0.01673,1024965.0,1768629600000,17155.69742,153,2026-01-17 05:00:00+00:00
1768629600000,0.01675,0.01676,0.01663,0.01664,848028.0,1768633200000,14142.62427,167,2026-01-17 06:00:00+00:00
1768633200000,0.01664,0.01674,0.01657,0.01673,1324551.0,1768636800000,22083.53472,323,2026-01-17 07:00:00+00:00
1768636800000,0.01674,0.01675,0.01668,0.0167,1005043.0,1768640400000,16802.37942,158,2026-01-17 08:00:00+00:00
1768640400000,0.01671,0.01673,0.01667,0.01671,463086.0,1768644000000,7733.86465,81,2026-01-17 09:00:00+00:00
1768644000000,0.0167,0.01675,0.01663,0.01667,1454730.0,1768647600000,24265.58061,139,2026-01-17 10:00:00+00:00
1768647600000,0.01667,0.01671,0.0166,0.01668,1695198.0,1768651200000,28221.93948,165,2026-01-17 11:00:00+00:00
1768651200000,0.01667,0.01678,0.01663,0.01671,1598421.0,1768654800000,26714.18898,221,2026-01-17 12:00:00+00:00
1768654800000,0.01672,0.01677,0.01666,0.0167,2533907.0,1768658400000,42339.8353,266,2026-01-17 13:00:00+00:00
1768658400000,0.0167,0.01712,0.01668,0.01697,8753117.0,1768662000000,147670.76005,669,2026-01-17 14:00:00+00:00
1768662000000,0.01696,0.01704,0.01688,0.01691,1919723.0,1768665600000,32575.53672,319,2026-01-17 15:00:00+00:00
1768665600000,0.01691,0.01696,0.01672,0.01679,981101.0,1768669200000,16483.53394,290,2026-01-17 16:00:00+00:00
1768669200000,0.01681,0.01687,0.01675,0.01677,628209.0,1768672800000,10566.1757,226,2026-01-17 17:00:00+00:00
1768672800000,0.01679,0.01684,0.01676,0.0168,760241.0,1768676400000,12788.72237,86,2026-01-17 18:00:00+00:00
1768676400000,0.01681,0.01683,0.01668,0.0168,1116400.0,1768680000000,18686.80488,241,2026-01-17 19:00:00+00:00
1768680000000,0.01681,0.01683,0.01672,0.01677,2357738.0,1768683600000,39526.20751,197,2026-01-17 20:00:00+00:00
1768683600000,0.01677,0.01683,0.01671,0.01676,1422655.0,1768687200000,23861.95934,168,2026-01-17 21:00:00+00:00
1768687200000,0.01675,0.01675,0.01656,0.01663,1617147.0,1768690800000,26975.26127,175,2026-01-17 22:00:00+00:00
1768690800000,0.01665,0.01667,0.01659,0.01662,460055.0,1768694400000,7649.99373,198,2026-01-17 23:00:00+00:00
1768694400000,0.01661,0.0167,0.01654,0.01661,1396678.0,1768698000000,23182.72287,394,2026-01-18 00:00:00+00:00
1768698000000,0.01663,0.01663,0.01639,0.01648,3910231.0,1768701600000,64424.96419,592,2026-01-18 01:00:00+00:00
1768701600000,0.01648,0.01655,0.01643,0.01652,1009858.0,1768705200000,16635.2299,180,2026-01-18 02:00:00+00:00
1768705200000,0.01651,0.01653,0.01645,0.01648,2257588.0,1768708800000,37244.3014,169,2026-01-18 03:00:00+00:00
1768708800000,0.01646,0.01649,0.01639,0.01648,311387.0,1768712400000,5123.07271,183,2026-01-18 04:00:00+00:00
1768712400000,0.01645,0.01648,0.01641,0.01648,1073147.0,1768716000000,17643.22081,178,2026-01-18 05:00:00+00:00
1768716000000,0.01644,0.01646,0.01641,0.01641,671906.0,1768719600000,11044.20472,63,2026-01-18 06:00:00+00:00
1768719600000,0.01638,0.01641,0.0162,0.01635,6928965.0,1768723200000,112978.03649,890,2026-01-18 07:00:00+00:00
1768723200000,0.01634,0.01642,0.01634,0.0164,2096524.0,1768726800000,34346.6346,174,2026-01-18 08:00:00+00:00
1768726800000,0.0164,0.01646,0.01627,0.01643,2949299.0,1768730400000,48338.81975,607,2026-01-18 09:00:00+00:00
1768730400000,0.01643,0.0168,0.01639,0.01676,11260545.0,1768734000000,187362.27136,1956,2026-01-18 10:00:00+00:00
1768734000000,0.01676,0.0169,0.01674,0.01688,1739951.0,1768737600000,29287.4595,510,2026-01-18 11:00:00+00:00
1768737600000,0.01689,0.01695,0.01681,0.01683,3120559.0,1768741200000,52658.22802,467,2026-01-18 12:00:00+00:00
1768741200000,0.01683,0.01702,0.0168,0.01688,5270178.0,1768744800000,89107.50298,978,2026-01-18 13:00:00+00:00
1768744800000,0.01687,0.01696,0.0168,0.01687,1469900.0,1768748400000,24803.00068,490,2026-01-18 14:00:00+00:00
1768748400000,0.01691,0.01694,0.01685,0.01687,817350.0,1768752000000,13809.68191,199,2026-01-18 15:00:00+00:00
1768752000000,0.01687,0.01709,0.01687,0.01699,1348493.0,1768755600000,22893.72457,366,2026-01-18 16:00:00+00:00
1768755600000,0.01703,0.01709,0.017,0.01703,1544352.0,1768759200000,26303.08518,321,2026-01-18 17:00:00+00:00
1768759200000,0.01706,0.01729,0.01706,0.01728,1035271.0,1768762800000,17801.86578,402,2026-01-18 18:00:00+00:00
1768762800000,0.01729,0.01749,0.01729,0.01737,3167228.0,1768766400000,55109.15651,762,2026-01-18 19:00:00+00:00
1768766400000,0.01737,0.0178,0.01737,0.01765,6733038.0,1768770000000,118740.96843,1001,2026-01-18 20:00:00+00:00
1768770000000,0.01764,0.01787,0.01764,0.01774,3825007.0,1768773600000,67870.27249,820,2026-01-18 21:00:00+00:00
1768773600000,0.01778,0.01794,0.0177,0.01789,3881907.0,1768777200000,69249.95267,511,2026-01-18 22:00:00+00:00
1768777200000,0.01789,0.01809,0.01721,0.01721,14912640.0,1768780800000,262858.35675,2628,2026-01-18 23:00:00+00:00
1768780800000,0.01721,0.01721,0.01458,0.0156,91472159.0,1768784400000,1432408.95287,12734,2026-01-19 00:00:00+00:00
1768784400000,0.01557,0.01584,0.01548,0.01579,8740705.0,1768788000000,136808.92214,1274,2026-01-19 01:00:00+00:00
1768788000000,0.01576,0.01598,0.01563,0.01589,4133982.0,1768791600000,65417.16219,1291,2026-01-19 02:00:00+00:00
1768791600000,0.01588,0.01609,0.01581,0.01606,2594157.0,1768795200000,41320.39777,599,2026-01-19 03:00:00+00:00
1768795200000,0.01603,0.0162,0.0159,0.01592,3159864.0,1768798800000,50635.01047,868,2026-01-19 04:00:00+00:00
1768798800000,0.0159,0.01594,0.01578,0.01587,1951126.0,1768802400000,30920.38569,548,2026-01-19 05:00:00+00:00
1768802400000,0.01588,0.01591,0.01581,0.01587,1080863.0,1768806000000,17141.32694,426,2026-01-19 06:00:00+00:00
1768806000000,0.01588,0.01612,0.01588,0.01606,1974732.0,1768809600000,31589.67463,515,2026-01-19 07:00:00+00:00
1768809600000,0.01604,0.01621,0.01597,0.01614,3354021.0,1768813200000,54082.38925,528,2026-01-19 08:00:00+00:00
1768813200000,0.01613,0.01625,0.01607,0.01617,1814119.0,1768816800000,29347.8544,507,2026-01-19 09:00:00+00:00
1768816800000,0.01615,0.01627,0.01607,0.01608,2019057.0,1768820400000,32581.01278,625,2026-01-19 10:00:00+00:00
1768820400000,0.01609,0.01618,0.01604,0.01611,1426639.0,1768824000000,22968.04406,341,2026-01-19 11:00:00+00:00
1768824000000,0.01609,0.01613,0.01597,0.01598,4658482.0,1768827600000,74711.85662,501,2026-01-19 12:00:00+00:00
1768827600000,0.01599,0.01615,0.01595,0.016,1204109.0,1768831200000,19290.97434,227,2026-01-19 13:00:00+00:00
1768831200000,0.01599,0.01607,0.01594,0.01599,1766018.0,1768834800000,28260.31593,392,2026-01-19 14:00:00+00:00
1768834800000,0.01599,0.01624,0.01592,0.0162,3932410.0,1768838400000,63239.054,588,2026-01-19 15:00:00+00:00
1768838400000,0.01615,0.01626,0.01613,0.01625,731858.0,1768842000000,11866.76811,227,2026-01-19 16:00:00+00:00
1768842000000,0.01626,0.01629,0.01596,0.016,4151203.0,1768845600000,66872.36126,625,2026-01-19 17:00:00+00:00
1768845600000,0.01601,0.01607,0.01594,0.01607,598415.0,1768849200000,9571.79782,139,2026-01-19 18:00:00+00:00
1768849200000,0.01608,0.01618,0.01605,0.01608,1168753.0,1768852800000,18828.7311,214,2026-01-19 19:00:00+00:00
1768852800000,0.01609,0.0161,0.01599,0.01609,1949176.0,1768856400000,31292.18521,262,2026-01-19 20:00:00+00:00
1768856400000,0.01609,0.01609,0.016,0.016,220146.0,1768860000000,3530.15399,85,2026-01-19 21:00:00+00:00
1768860000000,0.01599,0.01602,0.01588,0.01596,1062518.0,1768863600000,16945.32824,316,2026-01-19 22:00:00+00:00
1768863600000,0.01596,0.01616,0.01595,0.01609,645761.0,1768867200000,10366.36708,232,2026-01-19 23:00:00+00:00
1768867200000,0.01611,0.01613,0.01604,0.01608,573150.0,1768870800000,9215.38198,293,2026-01-20 00:00:00+00:00
1768870800000,0.01607,0.0162,0.01602,0.01619,551122.0,1768874400000,8879.68171,238,2026-01-20 01:00:00+00:00
1768874400000,0.01619,0.01624,0.01612,0.0162,1067505.0,1768878000000,17277.22096,397,2026-01-20 02:00:00+00:00
1768878000000,0.01621,0.01625,0.01614,0.01621,602179.0,1768881600000,9755.69054,294,2026-01-20 03:00:00+00:00
1768881600000,0.01621,0.01625,0.0161,0.01614,1872391.0,1768885200000,30278.34868,453,2026-01-20 04:00:00+00:00
1768885200000,0.01613,0.01624,0.01606,0.01622,1582188.0,1768888800000,25568.90783,488,2026-01-20 05:00:00+00:00
1768888800000,0.01621,0.01651,0.016,0.01627,11569714.0,1768892400000,187974.18848,1955,2026-01-20 06:00:00+00:00
1768892400000,0.01627,0.01637,0.01615,0.01617,3222177.0,1768896000000,52357.19407,721,2026-01-20 07:00:00+00:00
1768896000000,0.01618,0.01621,0.0159,0.01599,5290731.0,1768899600000,84749.94616,982,2026-01-20 08:00:00+00:00
1768899600000,0.01599,0.01602,0.01582,0.01588,1739014.0,1768903200000,27696.03632,383,2026-01-20 09:00:00+00:00
1768903200000,0.01588,0.01594,0.01572,0.0158,2427745.0,1768906800000,38429.4788,452,2026-01-20 10:00:00+00:00
1768906800000,0.01579,0.01584,0.01568,0.01569,1339464.0,1768910400000,21116.48968,352,2026-01-20 11:00:00+00:00
1768910400000,0.01568,0.01578,0.01565,0.01572,2450048.0,1768914000000,38469.02457,476,2026-01-20 12:00:00+00:00
1768914000000,0.01571,0.01571,0.01551,0.01552,1687149.0,1768917600000,26296.60297,436,2026-01-20 13:00:00+00:00
1768917600000,0.01551,0.01579,0.01548,0.01566,2164580.0,1768921200000,33806.53658,772,2026-01-20 14:00:00+00:00
1768921200000,0.01567,0.0157,0.01552,0.01563,1936479.0,1768924800000,30294.11098,503,2026-01-20 15:00:00+00:00
1768924800000,0.01562,0.01571,0.01533,0.01544,3115323.0,1768928400000,48501.59706,618,2026-01-20 16:00:00+00:00
1768928400000,0.01544,0.01553,0.01524,0.01535,1095894.0,1768932000000,16842.13087,377,2026-01-20 17:00:00+00:00
1768932000000,0.01535,0.01538,0.0152,0.01522,1050864.0,1768935600000,16068.34502,317,2026-01-20 18:00:00+00:00
1768935600000,0.01523,0.01533,0.0152,0.01531,1263595.0,1768939200000,19293.86208,379,2026-01-20 19:00:00+00:00
1768939200000,0.0153,0.01539,0.01525,0.01532,904447.0,1768942800000,13859.17691,276,2026-01-20 20:00:00+00:00
1768942800000,0.01532,0.01532,0.01517,0.01529,925486.0,1768946400000,14099.03162,258,2026-01-20 21:00:00+00:00
1768946400000,0.01528,0.0153,0.01503,0.0153,1055039.0,1768950000000,16034.17148,337,2026-01-20 22:00:00+00:00
1768950000000,0.01526,0.01527,0.0151,0.01518,1425668.0,1768953600000,21659.01054,431,2026-01-20 23:00:00+00:00
1768953600000,0.01518,0.01544,0.01516,0.01544,1459215.0,1768957200000,22373.25839,509,2026-01-21 00:00:00+00:00
1768957200000,0.01545,0.01554,0.01542,0.01549,1177125.0,1768960800000,18230.62526,392,2026-01-21 01:00:00+00:00
1768960800000,0.0155,0.01557,0.01548,0.01553,747944.0,1768964400000,11611.48915,317,2026-01-21 02:00:00+00:00
1768964400000,0.01551,0.01582,0.01548,0.01579,4059028.0,1768968000000,63551.52059,1018,2026-01-21 03:00:00+00:00
1768968000000,0.01578,0.01599,0.01577,0.01593,4378335.0,1768971600000,69590.98583,945,2026-01-21 04:00:00+00:00
1768971600000,0.01593,0.01608,0.01586,0.01595,2727610.0,1768975200000,43534.81443,540,2026-01-21 05:00:00+00:00
1768975200000,0.01596,0.01624,0.01596,0.01605,2558706.0,1768978800000,41105.76236,636,2026-01-21 06:00:00+00:00
1768978800000,0.01604,0.01614,0.01586,0.01593,3023913.0,1768982400000,48400.66784,658,2026-01-21 07:00:00+00:00
1768982400000,0.01593,0.0162,0.01593,0.0162,3296278.0,1768986000000,52921.2697,711,2026-01-21 08:00:00+00:00
1768986000000,0.0162,0.01625,0.01607,0.01615,3191867.0,1768989600000,51591.66971,772,2026-01-21 09:00:00+00:00
1768989600000,0.01616,0.01623,0.01606,0.01606,2421857.0,1768993200000,39119.58007,674,2026-01-21 10:00:00+00:00
1768993200000,0.01607,0.01623,0.01596,0.01599,2235773.0,1768996800000,36014.18267,583,2026-01-21 11:00:00+00:00
1768996800000,0.016,0.01609,0.01581,0.01606,2480142.0,1769000400000,39564.4923,934,2026-01-21 12:00:00+00:00
1769000400000,0.01606,0.01611,0.01588,0.01599,1385847.0,1769004000000,22205.79646,558,2026-01-21 13:00:00+00:00
1769004000000,0.01599,0.01638,0.01599,0.01632,5527755.0,1769007600000,89630.74512,1810,2026-01-21 14:00:00+00:00
1769007600000,0.01632,0.0164,0.0162,0.01634,1482257.0,1769011200000,24161.64406,502,2026-01-21 15:00:00+00:00
1769011200000,0.01635,0.01666,0.01628,0.01632,11161030.0,1769014800000,183745.32149,2706,2026-01-21 16:00:00+00:00
1769014800000,0.01633,0.01649,0.01601,0.01609,13092731.0,1769018400000,211892.53966,2880,2026-01-21 17:00:00+00:00
1769018400000,0.01608,0.01622,0.01594,0.01607,4447951.0,1769022000000,71500.22382,1403,2026-01-21 18:00:00+00:00
1769022000000,0.01607,0.01644,0.01599,0.01644,4983699.0,1769025600000,80853.09342,2077,2026-01-21 19:00:00+00:00
1769025600000,0.01644,0.01647,0.0162,0.01636,1914341.0,1769029200000,31240.59263,643,2026-01-21 20:00:00+00:00
1769029200000,0.01636,0.01643,0.01628,0.01639,1340336.0,1769032800000,21931.93656,438,2026-01-21 21:00:00+00:00
1769032800000,0.01638,0.0164,0.01617,0.01622,506251.0,1769036400000,8262.14793,187,2026-01-21 22:00:00+00:00
1769036400000,0.01622,0.01627,0.01604,0.01608,1874512.0,1769040000000,30313.11723,557,2026-01-21 23:00:00+00:00
1769040000000,0.01608,0.01629,0.01606,0.01625,2395534.0,1769043600000,38760.86087,322,2026-01-22 00:00:00+00:00
1769043600000,0.01626,0.01644,0.01625,0.01642,1437073.0,1769047200000,23522.78497,539,2026-01-22 01:00:00+00:00
1769047200000,0.01641,0.01642,0.01628,0.01628,520593.0,1769050800000,8511.49544,197,2026-01-22 02:00:00+00:00
1769050800000,0.01627,0.01629,0.01615,0.01619,811553.0,1769054400000,13176.84448,187,2026-01-22 03:00:00+00:00
1769054400000,0.0162,0.01623,0.01617,0.01621,357101.0,1769058000000,5788.53073,78,2026-01-22 04:00:00+00:00
1769058000000,0.01622,0.01624,0.01614,0.01617,945902.0,1769061600000,15310.71039,152,2026-01-22 05:00:00+00:00
1769061600000,0.0162,0.01624,0.0161,0.01622,567216.0,1769065200000,9181.37687,252,2026-01-22 06:00:00+00:00
1769065200000,0.01624,0.0163,0.01616,0.01616,939419.0,1769068800000,15247.14953,147,2026-01-22 07:00:00+00:00
1769068800000,0.01617,0.01619,0.01605,0.01615,1864451.0,1769072400000,30027.44686,259,2026-01-22 08:00:00+00:00
1769072400000,0.01615,0.01628,0.01613,0.01624,2764961.0,1769076000000,44820.05237,341,2026-01-22 09:00:00+00:00
1769076000000,0.01621,0.01623,0.01611,0.01618,940015.0,1769079600000,15179.76317,259,2026-01-22 10:00:00+00:00
1769079600000,0.01617,0.01617,0.01605,0.01608,1014585.0,1769083200000,16332.0132,196,2026-01-22 11:00:00+00:00
1769083200000,0.01604,0.0161,0.01599,0.01603,1482171.0,1769086800000,23781.32573,201,2026-01-22 12:00:00+00:00
1769086800000,0.01603,0.01624,0.01599,0.01604,3415690.0,1769090400000,54962.98133,384,2026-01-22 13:00:00+00:00
1769090400000,0.01604,0.01604,0.01579,0.01585,2242944.0,1769094000000,35647.64736,510,2026-01-22 14:00:00+00:00
1769094000000,0.01584,0.01605,0.01583,0.01596,2302114.0,1769097600000,36697.74167,472,2026-01-22 15:00:00+00:00
1769097600000,0.01599,0.01625,0.01595,0.01618,2033821.0,1769101200000,32875.21395,379,2026-01-22 16:00:00+00:00
1769101200000,0.01618,0.01623,0.01606,0.01619,2395767.0,1769104800000,38647.87174,298,2026-01-22 17:00:00+00:00
1769104800000,0.01618,0.01618,0.01606,0.01608,1372239.0,1769108400000,22101.80474,218,2026-01-22 18:00:00+00:00
1769108400000,0.01607,0.0161,0.01597,0.01605,929813.0,1769112000000,14904.31844,172,2026-01-22 19:00:00+00:00
1769112000000,0.01602,0.01604,0.0159,0.01594,1092473.0,1769115600000,17424.65434,201,2026-01-22 20:00:00+00:00
1769115600000,0.01595,0.01598,0.01588,0.0159,523363.0,1769119200000,8341.54134,210,2026-01-22 21:00:00+00:00
1769119200000,0.0159,0.01593,0.01579,0.01586,1348503.0,1769122800000,21384.47172,356,2026-01-22 22:00:00+00:00
1769122800000,0.01585,0.01585,0.01573,0.01583,683939.0,1769126400000,10801.63748,300,2026-01-22 23:00:00+00:00
1769126400000,0.01584,0.0159,0.01576,0.01588,755850.0,1769130000000,11970.86684,195,2026-01-23 00:00:00+00:00
1769130000000,0.01586,0.01593,0.01579,0.01593,2928966.0,1769133600000,46374.35171,261,2026-01-23 01:00:00+00:00
1769133600000,0.01593,0.01594,0.01585,0.01586,244091.0,1769137200000,3878.94473,119,2026-01-23 02:00:00+00:00
1769137200000,0.01585,0.01598,0.01584,0.01589,2035717.0,1769140800000,32366.64067,338,2026-01-23 03:00:00+00:00
1769140800000,0.01588,0.01599,0.01587,0.01593,423961.0,1769144400000,6755.52418,112,2026-01-23 04:00:00+00:00
1769144400000,0.01592,0.016,0.01586,0.01596,1721582.0,1769148000000,27416.63539,396,2026-01-23 05:00:00+00:00
1769148000000,0.01597,0.01602,0.01583,0.01583,1598299.0,1769151600000,25493.26694,435,2026-01-23 06:00:00+00:00
1769151600000,0.01585,0.0159,0.01583,0.01589,553660.0,1769155200000,8788.21674,234,2026-01-23 07:00:00+00:00
1769155200000,0.01588,0.01589,0.01569,0.01573,2294937.0,1769158800000,36184.22914,548,2026-01-23 08:00:00+00:00
1769158800000,0.01574,0.01578,0.01565,0.01573,917089.0,1769162400000,14424.48646,240,2026-01-23 09:00:00+00:00
1769162400000,0.01572,0.01575,0.01564,0.01567,673848.0,1769166000000,10571.30369,232,2026-01-23 10:00:00+00:00
1769166000000,0.01567,0.01575,0.01567,0.0157,294234.0,1769169600000,4619.76905,111,2026-01-23 11:00:00+00:00
1769169600000,0.0157,0.01571,0.01565,0.01568,488417.0,1769173200000,7656.53812,163,2026-01-23 12:00:00+00:00
1769173200000,0.01567,0.0157,0.01562,0.01563,179713.0,1769176800000,2814.39338,111,2026-01-23 13:00:00+00:00
1769176800000,0.01563,0.01573,0.01548,0.01557,2534042.0,1769180400000,39501.86641,790,2026-01-23 14:00:00+00:00
1769180400000,0.01556,0.01575,0.01551,0.01575,795919.0,1769184000000,12441.79934,496,2026-01-23 15:00:00+00:00
1769184000000,0.01575,0.01588,0.01565,0.01581,746142.0,1769187600000,11791.11865,261,2026-01-23 16:00:00+00:00
1769187600000,0.01579,0.01603,0.01571,0.01589,1560548.0,1769191200000,24876.29249,412,2026-01-23 17:00:00+00:00
1769191200000,0.01589,0.01594,0.0158,0.0158,614341.0,1769194800000,9746.39485,267,2026-01-23 18:00:00+00:00
1769194800000,0.01581,0.01581,0.01549,0.01551,2794301.0,1769198400000,43749.92934,819,2026-01-23 19:00:00+00:00
1769198400000,0.0155,0.01552,0.01528,0.01534,1317839.0,1769202000000,20291.648,552,2026-01-23 20:00:00+00:00
1769202000000,0.01533,0.0154,0.01533,0.01535,295262.0,1769205600000,4535.18481,200,2026-01-23 21:00:00+00:00
1769205600000,0.01536,0.01545,0.01534,0.01545,512706.0,1769209200000,7901.83412,206,2026-01-23 22:00:00+00:00
1769209200000,0.01543,0.01545,0.01531,0.01537,1772028.0,1769212800000,27244.83942,307,2026-01-23 23:00:00+00:00
1769212800000,0.01538,0.01538,0.01534,0.01535,142683.0,1769216400000,2190.47397,56,2026-01-24 00:00:00+00:00
1769216400000,0.01533,0.0154,0.01525,0.01536,826583.0,1769220000000,12657.81567,201,2026-01-24 01:00:00+00:00
1769220000000,0.01537,0.01546,0.01535,0.01546,556667.0,1769223600000,8579.09519,184,2026-01-24 02:00:00+00:00
1769223600000,0.01546,0.01563,0.01544,0.01559,1024591.0,1769227200000,15934.32396,238,2026-01-24 03:00:00+00:00
1769227200000,0.01558,0.01559,0.01542,0.01543,1631216.0,1769230800000,25206.58106,214,2026-01-24 04:00:00+00:00
1769230800000,0.01543,0.01546,0.0154,0.01541,514050.0,1769234400000,7937.85928,145,2026-01-24 05:00:00+00:00
1769234400000,0.01542,0.01547,0.01541,0.01546,219659.0,1769238000000,3392.69541,101,2026-01-24 06:00:00+00:00
1769238000000,0.01546,0.01549,0.01544,0.01544,246086.0,1769241600000,3805.27333,89,2026-01-24 07:00:00+00:00
1769241600000,0.01543,0.0155,0.01541,0.0155,369871.0,1769245200000,5715.7348,123,2026-01-24 08:00:00+00:00
1769245200000,0.0155,0.01553,0.01542,0.01542,900025.0,1769248800000,13904.64918,174,2026-01-24 09:00:00+00:00
1769248800000,0.01542,0.01543,0.01536,0.01541,1373779.0,1769252400000,21148.47951,462,2026-01-24 10:00:00+00:00
1769252400000,0.01544,0.01556,0.01544,0.01556,1189407.0,1769256000000,18457.01243,282,2026-01-24 11:00:00+00:00
1769256000000,0.01555,0.01559,0.01549,0.01552,1846207.0,1769259600000,28701.66946,288,2026-01-24 12:00:00+00:00
1769259600000,0.01551,0.01552,0.01545,0.01546,618013.0,1769263200000,9569.63025,107,2026-01-24 13:00:00+00:00
1769263200000,0.01545,0.01554,0.01542,0.01548,2003006.0,1769266800000,31041.43088,175,2026-01-24 14:00:00+00:00
1769266800000,0.01549,0.01551,0.01532,0.01534,631879.0,1769270400000,9738.64557,109,2026-01-24 15:00:00+00:00
1769270400000,0.01533,0.01535,0.0152,0.01527,1488498.0,1769274000000,22730.78736,353,2026-01-24 16:00:00+00:00
1769274000000,0.01526,0.01527,0.01517,0.0152,1026047.0,1769277600000,15598.529,258,2026-01-24 17:00:00+00:00
1769277600000,0.01521,0.01523,0.01516,0.01517,591658.0,1769281200000,8994.01868,150,2026-01-24 18:00:00+00:00
1769281200000,0.01516,0.01517,0.01511,0.01511,611933.0,1769284800000,9262.50146,199,2026-01-24 19:00:00+00:00
1769284800000,0.01512,0.01513,0.01508,0.0151,317038.0,1769288400000,4787.91941,122,2026-01-24 20:00:00+00:00
1769288400000,0.0151,0.0152,0.01507,0.01518,1926703.0,1769292000000,29165.18062,309,2026-01-24 21:00:00+00:00
1769292000000,0.01516,0.01524,0.01514,0.01523,511869.0,1769295600000,7780.72303,96,2026-01-24 22:00:00+00:00
1769295600000,0.01524,0.01532,0.01524,0.01526,1172251.0,1769299200000,17892.88372,219,2026-01-24 23:00:00+00:00
1769299200000,0.01525,0.01533,0.01525,0.01532,2358427.0,1769302800000,36066.55184,466,2026-01-25 00:00:00+00:00
1769302800000,0.01532,0.01536,0.01522,0.01527,608620.0,1769306400000,9304.34078,231,2026-01-25 01:00:00+00:00
1769306400000,0.01529,0.01537,0.0152,0.01524,1602196.0,1769310000000,24470.70112,308,2026-01-25 02:00:00+00:00
1769310000000,0.01527,0.01532,0.01518,0.01524,993418.0,1769313600000,15174.82076,224,2026-01-25 03:00:00+00:00
1769313600000,0.0152,0.01523,0.01514,0.01517,1020800.0,1769317200000,15504.39459,248,2026-01-25 04:00:00+00:00
1769317200000,0.01515,0.01517,0.0151,0.01515,519663.0,1769320800000,7872.52744,101,2026-01-25 05:00:00+00:00
1769320800000,0.01513,0.01517,0.0151,0.0151,460206.0,1769324400000,6959.47214,120,2026-01-25 06:00:00+00:00
1769324400000,0.01509,0.01515,0.01509,0.0151,468551.0,1769328000000,7075.82275,143,2026-01-25 07:00:00+00:00
1769328000000,0.0151,0.01511,0.01497,0.01503,2071439.0,1769331600000,31118.14298,261,2026-01-25 08:00:00+00:00
1769331600000,0.01501,0.01527,0.01501,0.01522,1679972.0,1769335200000,25476.26654,283,2026-01-25 09:00:00+00:00
1769335200000,0.01521,0.01532,0.01521,0.01521,845929.0,1769338800000,12907.86026,255,2026-01-25 10:00:00+00:00
1769338800000,0.0152,0.0152,0.01505,0.01505,749910.0,1769342400000,11353.23069,171,2026-01-25 11:00:00+00:00
1769342400000,0.01505,0.01511,0.01495,0.01511,901790.0,1769346000000,13541.19529,353,2026-01-25 12:00:00+00:00
1769346000000,0.01511,0.01514,0.01504,0.01512,563712.0,1769349600000,8500.65016,239,2026-01-25 13:00:00+00:00
1769349600000,0.01512,0.01513,0.0149,0.01498,1517536.0,1769353200000,22724.23536,511,2026-01-25 14:00:00+00:00
1769353200000,0.01498,0.01509,0.01496,0.01503,1021427.0,1769356800000,15354.97577,428,2026-01-25 15:00:00+00:00
1769356800000,0.01503,0.01503,0.01468,0.0148,4955505.0,1769360400000,73401.07379,1127,2026-01-25 16:00:00+00:00
1769360400000,0.0148,0.0148,0.01466,0.01466,1023689.0,1769364000000,15075.74431,320,2026-01-25 17:00:00+00:00
1769364000000,0.01467,0.01469,0.01449,0.01455,2444457.0,1769367600000,35587.80786,581,2026-01-25 18:00:00+00:00
1769367600000,0.01455,0.01457,0.01412,0.01423,4222125.0,1769371200000,60476.33702,634,2026-01-25 19:00:00+00:00
1769371200000,0.01425,0.01435,0.01415,0.01424,1396318.0,1769374800000,19918.66672,311,2026-01-25 20:00:00+00:00
1769374800000,0.01424,0.0144,0.01424,0.01434,918301.0,1769378400000,13145.49142,275,2026-01-25 21:00:00+00:00
1769378400000,0.01436,0.01436,0.01357,0.01369,30092369.0,1769382000000,418208.68611,2384,2026-01-25 22:00:00+00:00
1769382000000,0.01368,0.014,0.0136,0.01399,6254265.0,1769385600000,86183.20799,592,2026-01-25 23:00:00+00:00
1769385600000,0.014,0.01421,0.01397,0.01415,3757760.0,1769389200000,52883.74681,630,2026-01-26 00:00:00+00:00
1769389200000,0.01416,0.01437,0.01416,0.01429,4223886.0,1769392800000,60427.12719,730,2026-01-26 01:00:00+00:00
1769392800000,0.0143,0.01434,0.01426,0.0143,968792.0,1769396400000,13857.32498,227,2026-01-26 02:00:00+00:00
1769396400000,0.01431,0.01435,0.01419,0.01421,170408.0,1769400000000,2431.17607,94,2026-01-26 03:00:00+00:00
1769400000000,0.01423,0.01438,0.01423,0.0143,660113.0,1769403600000,9447.79147,148,2026-01-26 04:00:00+00:00
1769403600000,0.01432,0.01439,0.01432,0.01437,612986.0,1769407200000,8805.92681,139,2026-01-26 05:00:00+00:00
1769407200000,0.01436,0.01437,0.01427,0.01437,1341418.0,1769410800000,19204.93315,152,2026-01-26 06:00:00+00:00
1769410800000,0.01438,0.01446,0.01433,0.01436,1251247.0,1769414400000,18021.42014,259,2026-01-26 07:00:00+00:00
1769414400000,0.01439,0.01448,0.01435,0.01438,999967.0,1769418000000,14391.71256,209,2026-01-26 08:00:00+00:00
1769418000000,0.01438,0.0144,0.01424,0.01428,3096719.0,1769421600000,44231.70597,282,2026-01-26 09:00:00+00:00
1769421600000,0.01429,0.01436,0.01409,0.01422,23634162.0,1769425200000,334894.26127,1846,2026-01-26 10:00:00+00:00
1769425200000,0.01421,0.01432,0.01411,0.01426,12325106.0,1769428800000,175324.84761,1025,2026-01-26 11:00:00+00:00
1769428800000,0.01427,0.01435,0.01421,0.01424,4811480.0,1769432400000,68749.09347,562,2026-01-26 12:00:00+00:00
1769432400000,0.01425,0.01427,0.01421,0.01422,997864.0,1769436000000,14204.21216,121,2026-01-26 13:00:00+00:00
1769436000000,0.01422,0.0143,0.01413,0.01427,1604120.0,1769439600000,22811.85311,296,2026-01-26 14:00:00+00:00
1769439600000,0.01427,0.0144,0.01412,0.01421,2202108.0,1769443200000,31436.56628,304,2026-01-26 15:00:00+00:00
1769443200000,0.01421,0.01429,0.01417,0.01424,886459.0,1769446800000,12616.46556,173,2026-01-26 16:00:00+00:00
1769446800000,0.01423,0.0143,0.01415,0.01428,1224594.0,1769450400000,17409.46415,205,2026-01-26 17:00:00+00:00
1769450400000,0.01429,0.01443,0.01427,0.01437,2449164.0,1769454000000,35171.38591,361,2026-01-26 18:00:00+00:00
1769454000000,0.01437,0.01443,0.01431,0.01434,2258530.0,1769457600000,32431.06621,242,2026-01-26 19:00:00+00:00
1769457600000,0.01433,0.01439,0.0143,0.01432,1480769.0,1769461200000,21233.1883,290,2026-01-26 20:00:00+00:00
1769461200000,0.01432,0.01445,0.01431,0.01442,986474.0,1769464800000,14192.24172,139,2026-01-26 21:00:00+00:00
1769464800000,0.01443,0.01454,0.01438,0.01438,2381205.0,1769468400000,34387.85444,249,2026-01-26 22:00:00+00:00
1769468400000,0.0144,0.01443,0.01434,0.01438,996847.0,1769472000000,14331.10435,182,2026-01-26 23:00:00+00:00
1769472000000,0.01437,0.01442,0.01433,0.01442,594791.0,1769475600000,8549.84959,109,2026-01-27 00:00:00+00:00
1769475600000,0.01442,0.01446,0.01436,0.0144,1150221.0,1769479200000,16586.14309,132,2026-01-27 01:00:00+00:00
1769479200000,0.0144,0.01445,0.01435,0.01441,702919.0,1769482800000,10121.59532,139,2026-01-27 02:00:00+00:00
1769482800000,0.0144,0.01441,0.01431,0.01432,306925.0,1769486400000,4406.13036,69,2026-01-27 03:00:00+00:00
1769486400000,0.01432,0.01435,0.01423,0.01429,765667.0,1769490000000,10942.15403,120,2026-01-27 04:00:00+00:00
1769490000000,0.01429,0.01431,0.01423,0.01429,228949.0,1769493600000,3268.25235,65,2026-01-27 05:00:00+00:00
1769493600000,0.01428,0.01428,0.0142,0.01421,760406.0,1769497200000,10843.36198,112,2026-01-27 06:00:00+00:00
1769497200000,0.0142,0.01434,0.0142,0.01428,841229.0,1769500800000,12016.2252,127,2026-01-27 07:00:00+00:00
1769500800000,0.0143,0.01438,0.01425,0.01432,828480.0,1769504400000,11861.80923,83,2026-01-27 08:00:00+00:00
1769504400000,0.0143,0.0143,0.01415,0.01417,2326036.0,1769508000000,33055.1222,163,2026-01-27 09:00:00+00:00
1769508000000,0.01416,0.01425,0.01416,0.01424,426248.0,1769511600000,6064.35204,73,2026-01-27 10:00:00+00:00
1769511600000,0.01425,0.01427,0.01418,0.0142,533686.0,1769515200000,7589.46643,90,2026-01-27 11:00:00+00:00
1769515200000,0.0142,0.01422,0.01408,0.01417,2592228.0,1769518800000,36710.26515,238,2026-01-27 12:00:00+00:00
1769518800000,0.01418,0.0142,0.01405,0.01409,1058063.0,1769522400000,14941.03497,160,2026-01-27 13:00:00+00:00
1769522400000,0.01408,0.01416,0.01405,0.01406,643489.0,1769526000000,9079.22641,125,2026-01-27 14:00:00+00:00
1769526000000,0.01405,0.01418,0.01404,0.01417,515834.0,1769529600000,7268.98281,97,2026-01-27 15:00:00+00:00
1769529600000,0.01421,0.01437,0.01421,0.01435,1790704.0,1769533200000,25646.46954,289,2026-01-27 16:00:00+00:00
1769533200000,0.01434,0.01434,0.01411,0.01414,454559.0,1769536800000,6451.28299,155,2026-01-27 17:00:00+00:00
1769536800000,0.01413,0.01428,0.01411,0.01428,603508.0,1769540400000,8550.53436,111,2026-01-27 18:00:00+00:00
1769540400000,0.01426,0.01427,0.01417,0.01421,1083025.0,1769544000000,15399.14693,124,2026-01-27 19:00:00+00:00
1769544000000,0.0142,0.01435,0.0142,0.01433,1094354.0,1769547600000,15612.07727,145,2026-01-27 20:00:00+00:00
1769547600000,0.01434,0.01435,0.01426,0.01428,943485.0,1769551200000,13498.49289,139,2026-01-27 21:00:00+00:00
1769551200000,0.01429,0.01443,0.01429,0.01433,1955426.0,1769554800000,28088.76293,204,2026-01-27 22:00:00+00:00
1769554800000,0.01434,0.01438,0.01431,0.01431,1225376.0,1769558400000,17569.90344,187,2026-01-27 23:00:00+00:00
1769558400000,0.01432,0.01436,0.01425,0.01431,942057.0,1769562000000,13473.78929,193,2026-01-28 00:00:00+00:00
1769562000000,0.01431,0.01433,0.0142,0.01422,553319.0,1769565600000,7886.68286,155,2026-01-28 01:00:00+00:00
1769565600000,0.01421,0.01424,0.01417,0.01419,683473.0,1769569200000,9701.50248,165,2026-01-28 02:00:00+00:00
1769569200000,0.0142,0.0142,0.01414,0.01416,196356.0,1769572800000,2782.94326,82,2026-01-28 03:00:00+00:00
1769572800000,0.01416,0.01416,0.01408,0.01412,536766.0,1769576400000,7574.53813,166,2026-01-28 04:00:00+00:00
1769576400000,0.01412,0.01422,0.01412,0.01422,467458.0,1769580000000,6618.12942,161,2026-01-28 05:00:00+00:00
1769580000000,0.01423,0.01433,0.01423,0.0143,1040482.0,1769583600000,14884.77129,167,2026-01-28 06:00:00+00:00
1769583600000,0.01432,0.01442,0.01427,0.01427,1400769.0,1769587200000,20084.93337,230,2026-01-28 07:00:00+00:00
1769587200000,0.01428,0.01435,0.01426,0.0143,2663275.0,1769590800000,38125.28177,300,2026-01-28 08:00:00+00:00
1769590800000,0.0143,0.01443,0.01427,0.01443,511507.0,1769594400000,7345.65078,160,2026-01-28 09:00:00+00:00
1769594400000,0.01444,0.01452,0.01439,0.01439,2229863.0,1769598000000,32229.51352,387,2026-01-28 10:00:00+00:00
1769598000000,0.0144,0.01447,0.01437,0.01444,1276234.0,1769601600000,18417.56153,180,2026-01-28 11:00:00+00:00
1769601600000,0.01445,0.01445,0.01422,0.01427,2062528.0,1769605200000,29552.37308,348,2026-01-28 12:00:00+00:00
1769605200000,0.01426,0.01435,0.0142,0.01422,1711273.0,1769608800000,24411.03846,275,2026-01-28 13:00:00+00:00
1769608800000,0.01422,0.01428,0.01414,0.01416,2362667.0,1769612400000,33556.87302,515,2026-01-28 14:00:00+00:00
1769612400000,0.01415,0.01416,0.01403,0.01407,1609300.0,1769616000000,22669.10985,295,2026-01-28 15:00:00+00:00
1769616000000,0.01406,0.01414,0.01395,0.01395,3878388.0,1769619600000,54395.36697,374,2026-01-28 16:00:00+00:00
1769619600000,0.01395,0.01404,0.01386,0.014,885590.0,1769623200000,12343.36993,236,2026-01-28 17:00:00+00:00
1769623200000,0.01399,0.01399,0.01388,0.01393,757956.0,1769626800000,10551.61208,158,2026-01-28 18:00:00+00:00
1769626800000,0.01392,0.01396,0.01382,0.01394,864102.0,1769630400000,12013.14372,275,2026-01-28 19:00:00+00:00
1769630400000,0.01393,0.01402,0.01385,0.01388,785461.0,1769634000000,10942.30958,279,2026-01-28 20:00:00+00:00
1769634000000,0.01388,0.01395,0.0138,0.01389,1098817.0,1769637600000,15254.74424,284,2026-01-28 21:00:00+00:00
1769637600000,0.01388,0.01398,0.01384,0.01396,629861.0,1769641200000,8743.80751,135,2026-01-28 22:00:00+00:00
1769641200000,0.01395,0.01395,0.01381,0.01385,1193115.0,1769644800000,16540.18105,220,2026-01-28 23:00:00+00:00
1769644800000,0.01385,0.01385,0.01368,0.01371,791346.0,1769648400000,10883.83987,307,2026-01-29 00:00:00+00:00
1769648400000,0.0137,0.01371,0.01356,0.01356,1323426.0,1769652000000,18061.03346,231,2026-01-29 01:00:00+00:00
1769652000000,0.01358,0.01361,0.01338,0.01345,3630854.0,1769655600000,48932.27322,433,2026-01-29 02:00:00+00:00
1769655600000,0.01345,0.01355,0.01341,0.01352,1170330.0,1769659200000,15810.07027,148,2026-01-29 03:00:00+00:00
1769659200000,0.0135,0.01354,0.01344,0.01354,632315.0,1769662800000,8537.12713,101,2026-01-29 04:00:00+00:00
1769662800000,0.01353,0.01359,0.01351,0.01355,893310.0,1769666400000,12116.56697,84,2026-01-29 05:00:00+00:00
1769666400000,0.01355,0.01362,0.01355,0.0136,1222764.0,1769670000000,16609.5677,103,2026-01-29 06:00:00+00:00
1769670000000,0.01361,0.0138,0.0136,0.01364,6970843.0,1769673600000,95406.27336,438,2026-01-29 07:00:00+00:00
1769673600000,0.0136,0.01367,0.01355,0.01359,1653677.0,1769677200000,22468.51809,212,2026-01-29 08:00:00+00:00
1769677200000,0.01357,0.01361,0.01353,0.01356,1553580.0,1769680800000,21067.2447,160,2026-01-29 09:00:00+00:00
1769680800000,0.01354,0.01359,0.01352,0.01353,418437.0,1769684400000,5673.28189,144,2026-01-29 10:00:00+00:00
1769684400000,0.01351,0.01356,0.01342,0.01343,1662247.0,1769688000000,22389.97416,158,2026-01-29 11:00:00+00:00
1769688000000,0.01342,0.01347,0.01331,0.01339,3349907.0,1769691600000,44857.61089,283,2026-01-29 12:00:00+00:00
1769691600000,0.0134,0.01353,0.01339,0.01348,1269391.0,1769695200000,17100.26293,121,2026-01-29 13:00:00+00:00
1769695200000,0.0135,0.01352,0.01324,0.01326,3358829.0,1769698800000,44895.10881,467,2026-01-29 14:00:00+00:00
1769698800000,0.01324,0.01333,0.01291,0.01328,26943014.0,1769702400000,351972.07829,1373,2026-01-29 15:00:00+00:00
1769702400000,0.01328,0.01333,0.01314,0.01333,3224585.0,1769706000000,42691.9673,284,2026-01-29 16:00:00+00:00
1769706000000,0.01333,0.01342,0.01319,0.01321,1474351.0,1769709600000,19654.90051,202,2026-01-29 17:00:00+00:00
1769709600000,0.0132,0.01325,0.01307,0.0132,3961910.0,1769713200000,52142.80597,534,2026-01-29 18:00:00+00:00
1769713200000,0.0132,0.01334,0.01316,0.01329,4780941.0,1769716800000,63434.36669,623,2026-01-29 19:00:00+00:00
1769716800000,0.01326,0.01342,0.01324,0.01342,552706.0,1769720400000,7354.45874,106,2026-01-29 20:00:00+00:00
1769720400000,0.01343,0.01347,0.01337,0.0134,750061.0,1769724000000,10065.43617,166,2026-01-29 21:00:00+00:00
1769724000000,0.01342,0.01353,0.01337,0.01344,3524426.0,1769727600000,47485.1176,474,2026-01-29 22:00:00+00:00
1769727600000,0.01344,0.01344,0.01334,0.01339,672673.0,1769731200000,8989.04823,148,2026-01-29 23:00:00+00:00
1769731200000,0.01338,0.01343,0.01332,0.0134,1417333.0,1769734800000,18906.88278,143,2026-01-30 00:00:00+00:00
1769734800000,0.01339,0.0134,0.01291,0.0132,11861923.0,1769738400000,155674.71077,1406,2026-01-30 01:00:00+00:00
1769738400000,0.01319,0.0132,0.01293,0.01315,1893907.0,1769742000000,24713.69488,260,2026-01-30 02:00:00+00:00
1769742000000,0.01313,0.01318,0.01312,0.01316,749330.0,1769745600000,9855.53577,124,2026-01-30 03:00:00+00:00
1769745600000,0.01318,0.01326,0.01318,0.01324,351563.0,1769749200000,4643.99108,106,2026-01-30 04:00:00+00:00
1769749200000,0.01322,0.01326,0.01318,0.01319,1000579.0,1769752800000,13228.29689,117,2026-01-30 05:00:00+00:00
1769752800000,0.01318,0.01326,0.01306,0.01313,3312637.0,1769756400000,43686.95119,267,2026-01-30 06:00:00+00:00
1769756400000,0.01316,0.01329,0.01315,0.01325,1610830.0,1769760000000,21287.62429,283,2026-01-30 07:00:00+00:00
1769760000000,0.01326,0.01332,0.01319,0.0132,1101663.0,1769763600000,14625.77172,214,2026-01-30 08:00:00+00:00
1769763600000,0.01321,0.01328,0.01319,0.01322,2074892.0,1769767200000,27502.42939,250,2026-01-30 09:00:00+00:00
1769767200000,0.01322,0.0133,0.01319,0.01329,301085.0,1769770800000,3988.91323,124,2026-01-30 10:00:00+00:00
1769770800000,0.0133,0.01345,0.01329,0.01339,697104.0,1769774400000,9343.19949,118,2026-01-30 11:00:00+00:00
1769774400000,0.01344,0.01351,0.01333,0.01334,2221479.0,1769778000000,29740.9332,249,2026-01-30 12:00:00+00:00
1769778000000,0.01335,0.0134,0.0132,0.01328,4122167.0,1769781600000,54667.85405,444,2026-01-30 13:00:00+00:00
1769781600000,0.01329,0.01343,0.01327,0.01331,2322456.0,1769785200000,31024.04462,340,2026-01-30 14:00:00+00:00
1769785200000,0.01334,0.0135,0.01326,0.01339,2816050.0,1769788800000,37799.07523,442,2026-01-30 15:00:00+00:00
1769788800000,0.01341,0.01355,0.01338,0.01343,2818055.0,1769792400000,37955.2479,296,2026-01-30 16:00:00+00:00
1769792400000,0.01345,0.01356,0.01341,0.01342,2028864.0,1769796000000,27329.97392,197,2026-01-30 17:00:00+00:00
1769796000000,0.01343,0.01346,0.013,0.01343,20460332.0,1769799600000,270567.34193,1131,2026-01-30 18:00:00+00:00
1769799600000,0.01344,0.01347,0.0133,0.01333,3026152.0,1769803200000,40493.6068,316,2026-01-30 19:00:00+00:00
1769803200000,0.01331,0.01332,0.01318,0.01321,971210.0,1769806800000,12852.62654,228,2026-01-30 20:00:00+00:00
1769806800000,0.01325,0.01333,0.01321,0.01329,1680943.0,1769810400000,22342.55808,250,2026-01-30 21:00:00+00:00
1769810400000,0.01329,0.01332,0.01322,0.01331,1094327.0,1769814000000,14545.92686,201,2026-01-30 22:00:00+00:00
1769814000000,0.01332,0.01333,0.01322,0.0133,744805.0,1769817600000,9889.1453,144,2026-01-30 23:00:00+00:00
1769817600000,0.01331,0.01332,0.01322,0.01324,777470.0,1769821200000,10308.35142,101,2026-01-31 00:00:00+00:00
1769821200000,0.01323,0.01332,0.01321,0.01325,2352546.0,1769824800000,31256.07615,275,2026-01-31 01:00:00+00:00
1769824800000,0.01323,0.01329,0.01319,0.01324,516104.0,1769828400000,6830.78041,96,2026-01-31 02:00:00+00:00
1769828400000,0.01323,0.01323,0.01318,0.0132,176081.0,1769832000000,2325.98866,48,2026-01-31 03:00:00+00:00
1769832000000,0.01319,0.0132,0.01311,0.01314,2643190.0,1769835600000,34777.33338,228,2026-01-31 04:00:00+00:00
1769835600000,0.01315,0.01327,0.01314,0.01325,2045735.0,1769839200000,26990.37818,175,2026-01-31 05:00:00+00:00
1769839200000,0.01325,0.01326,0.01315,0.01319,896950.0,1769842800000,11873.24405,118,2026-01-31 06:00:00+00:00
1769842800000,0.0132,0.0132,0.01305,0.01316,1052295.0,1769846400000,13860.93967,120,2026-01-31 07:00:00+00:00
1769846400000,0.01315,0.01316,0.01285,0.01295,4583290.0,1769850000000,59380.60666,544,2026-01-31 08:00:00+00:00
1769850000000,0.01296,0.013,0.01292,0.01294,789974.0,1769853600000,10246.54291,91,2026-01-31 09:00:00+00:00
1769853600000,0.01294,0.01296,0.01285,0.01286,4194581.0,1769857200000,54145.48036,516,2026-01-31 10:00:00+00:00
1769857200000,0.01285,0.01287,0.01269,0.01272,3052014.0,1769860800000,38987.81851,536,2026-01-31 11:00:00+00:00
1769860800000,0.01271,0.01277,0.01267,0.01267,2542794.0,1769864400000,32346.09327,499,2026-01-31 12:00:00+00:00
1769864400000,0.01267,0.01275,0.01252,0.01274,4555786.0,1769868000000,57644.16977,1017,2026-01-31 13:00:00+00:00
1769868000000,0.01275,0.01278,0.01195,0.01215,14092559.0,1769871600000,172541.65032,2501,2026-01-31 14:00:00+00:00
1769871600000,0.01216,0.01243,0.01215,0.01236,14873639.0,1769875200000,183011.15525,3120,2026-01-31 15:00:00+00:00
1769875200000,0.01238,0.01239,0.01189,0.01192,17313391.0,1769878800000,210168.07767,2073,2026-01-31 16:00:00+00:00
1769878800000,0.01192,0.01195,0.01054,0.0113,48539358.0,1769882400000,549032.03113,6451,2026-01-31 17:00:00+00:00
1769882400000,0.01131,0.01136,0.01036,0.01112,12435979.0,1769886000000,135806.56818,2738,2026-01-31 18:00:00+00:00
1769886000000,0.01112,0.01149,0.0111,0.01131,4528988.0,1769889600000,51345.0173,687,2026-01-31 19:00:00+00:00
1769889600000,0.01129,0.01139,0.01107,0.01128,3407546.0,1769893200000,38102.13877,497,2026-01-31 20:00:00+00:00
1769893200000,0.01129,0.0115,0.01119,0.01145,2694408.0,1769896800000,30627.17642,374,2026-01-31 21:00:00+00:00
1769896800000,0.01146,0.01148,0.01136,0.01141,834871.0,1769900400000,9519.44222,240,2026-01-31 22:00:00+00:00
1769900400000,0.01143,0.01159,0.01131,0.01153,3526728.0,1769904000000,40179.63266,365,2026-01-31 23:00:00+00:00
1769904000000,0.01155,0.0116,0.01152,0.01157,858336.0,1769907600000,9928.00202,202,2026-02-01 00:00:00+00:00
1769907600000,0.01157,0.01162,0.01148,0.01161,1443415.0,1769911200000,16659.24888,172,2026-02-01 01:00:00+00:00
1769911200000,0.01161,0.01174,0.01159,0.01172,808359.0,1769914800000,9466.84186,200,2026-02-01 02:00:00+00:00
1769914800000,0.01172,0.01178,0.01169,0.01176,840906.0,1769918400000,9869.85135,220,2026-02-01 03:00:00+00:00
1769918400000,0.01176,0.0118,0.01172,0.01177,692441.0,1769922000000,8143.81678,145,2026-02-01 04:00:00+00:00
1769922000000,0.01177,0.01184,0.01176,0.01177,798223.0,1769925600000,9407.59102,287,2026-02-01 05:00:00+00:00
1769925600000,0.01178,0.01186,0.01178,0.01181,779412.0,1769929200000,9208.39471,246,2026-02-01 06:00:00+00:00
1769929200000,0.01181,0.0119,0.01176,0.01181,1350261.0,1769932800000,15966.66124,156,2026-02-01 07:00:00+00:00
1769932800000,0.01182,0.01189,0.01182,0.01185,981121.0,1769936400000,11627.32319,147,2026-02-01 08:00:00+00:00
1769936400000,0.01183,0.01188,0.01177,0.01187,619351.0,1769940000000,7328.56245,106,2026-02-01 09:00:00+00:00
1769940000000,0.01187,0.01189,0.01164,0.01164,1826174.0,1769943600000,21518.08529,523,2026-02-01 10:00:00+00:00
1769943600000,0.01164,0.01174,0.0116,0.01167,4036370.0,1769947200000,46978.85112,421,2026-02-01 11:00:00+00:00
1769947200000,0.01168,0.01168,0.0116,0.01162,1188499.0,1769950800000,13827.55019,265,2026-02-01 12:00:00+00:00
1769950800000,0.01163,0.01173,0.01163,0.01167,1275620.0,1769954400000,14912.1708,344,2026-02-01 13:00:00+00:00
1769954400000,0.01167,0.01173,0.01154,0.01168,2339786.0,1769958000000,27190.27767,308,2026-02-01 14:00:00+00:00
1769958000000,0.01167,0.01167,0.0113,0.01145,2127876.0,1769961600000,24307.97478,303,2026-02-01 15:00:00+00:00
1769961600000,0.01142,0.01156,0.01139,0.01144,761276.0,1769965200000,8735.30808,238,2026-02-01 16:00:00+00:00
1769965200000,0.01143,0.01149,0.0114,0.01146,497483.0,1769968800000,5693.3721,218,2026-02-01 17:00:00+00:00
1769968800000,0.01148,0.01169,0.01148,0.01157,955850.0,1769972400000,11091.86821,187,2026-02-01 18:00:00+00:00
1769972400000,0.01159,0.0116,0.01145,0.01147,324855.0,1769976000000,3739.2807,146,2026-02-01 19:00:00+00:00
1769976000000,0.01147,0.01162,0.01143,0.01152,1408870.0,1769979600000,16192.17933,107,2026-02-01 20:00:00+00:00
1769979600000,0.01152,0.01155,0.01141,0.01144,1119599.0,1769983200000,12852.42756,405,2026-02-01 21:00:00+00:00
1769983200000,0.01145,0.01169,0.01144,0.01154,1242189.0,1769986800000,14404.77593,279,2026-02-01 22:00:00+00:00
1769986800000,0.01153,0.01162,0.01124,0.01148,4644242.0,1769990400000,53276.69848,1333,2026-02-01 23:00:00+00:00
1769990400000,0.01144,0.01163,0.01136,0.01157,2023000.0,1769994000000,23399.48959,429,2026-02-02 00:00:00+00:00
1769994000000,0.01158,0.01175,0.01147,0.01167,2508487.0,1769997600000,29186.76105,507,2026-02-02 01:00:00+00:00
1769997600000,0.01167,0.01171,0.01158,0.01163,1689071.0,1770001200000,19664.37034,398,2026-02-02 02:00:00+00:00
1770001200000,0.01164,0.01165,0.01122,0.01159,11576027.0,1770004800000,132657.05063,2051,2026-02-02 03:00:00+00:00
1770004800000,0.0116,0.01168,0.01143,0.01149,3276393.0,1770008400000,37802.18443,609,2026-02-02 04:00:00+00:00
1770008400000,0.01148,0.01148,0.01122,0.01131,1985271.0,1770012000000,22446.66595,366,2026-02-02 05:00:00+00:00
1770012000000,0.0113,0.01161,0.01115,0.01144,7865950.0,1770015600000,89516.79334,1778,2026-02-02 06:00:00+00:00
1770015600000,0.01145,0.0115,0.01138,0.01143,1784063.0,1770019200000,20420.76183,428,2026-02-02 07:00:00+00:00
1770019200000,0.01144,0.01152,0.01142,0.01144,1896065.0,1770022800000,21734.12886,434,2026-02-02 08:00:00+00:00
1770022800000,0.01143,0.01156,0.01136,0.01149,4362144.0,1770026400000,50007.20954,667,2026-02-02 09:00:00+00:00
1770026400000,0.01151,0.01156,0.01147,0.0115,1325017.0,1770030000000,15245.92688,261,2026-02-02 10:00:00+00:00
1770030000000,0.01151,0.01154,0.01148,0.0115,2437039.0,1770033600000,28046.99385,310,2026-02-02 11:00:00+00:00
1770033600000,0.0115,0.0116,0.0115,0.01156,1072850.0,1770037200000,12392.95052,333,2026-02-02 12:00:00+00:00
1770037200000,0.01157,0.01161,0.01148,0.01159,4341168.0,1770040800000,50032.42345,374,2026-02-02 13:00:00+00:00
1770040800000,0.01159,0.01173,0.01149,0.0116,7005116.0,1770044400000,81502.91721,1157,2026-02-02 14:00:00+00:00
1770044400000,0.01162,0.01186,0.01159,0.01178,2772873.0,1770048000000,32519.61203,544,2026-02-02 15:00:00+00:00
1770048000000,0.0118,0.01184,0.0117,0.01171,1427223.0,1770051600000,16821.45456,339,2026-02-02 16:00:00+00:00
1770051600000,0.0117,0.01179,0.01165,0.01167,1213267.0,1770055200000,14244.7542,240,2026-02-02 17:00:00+00:00
1770055200000,0.01167,0.01172,0.01161,0.01165,4137072.0,1770058800000,48191.54153,285,2026-02-02 18:00:00+00:00
1770058800000,0.01164,0.01174,0.01156,0.01158,6957134.0,1770062400000,80886.01315,630,2026-02-02 19:00:00+00:00
1770062400000,0.01157,0.01164,0.01152,0.01153,690306.0,1770066000000,7983.54878,222,2026-02-02 20:00:00+00:00
1770066000000,0.01154,0.01159,0.01152,0.01156,1367829.0,1770069600000,15825.59052,178,2026-02-02 21:00:00+00:00
1770069600000,0.01157,0.01163,0.01157,0.01163,759668.0,1770073200000,8819.62708,100,2026-02-02 22:00:00+00:00
1770073200000,0.01161,0.01166,0.0116,0.01163,678513.0,1770076800000,7890.26789,210,2026-02-02 23:00:00+00:00
1770076800000,0.01162,0.01166,0.01157,0.01163,1842894.0,1770080400000,21429.34482,210,2026-02-03 00:00:00+00:00
1770080400000,0.01163,0.01163,0.01146,0.01149,804053.0,1770084000000,9252.73815,166,2026-02-03 01:00:00+00:00
1770084000000,0.0115,0.01151,0.01136,0.01144,4549924.0,1770087600000,52026.12336,476,2026-02-03 02:00:00+00:00
1770087600000,0.01144,0.01166,0.01143,0.01163,4425943.0,1770091200000,51031.78765,364,2026-02-03 03:00:00+00:00
1770091200000,0.01162,0.01165,0.01154,0.01163,1807823.0,1770094800000,20929.94215,294,2026-02-03 04:00:00+00:00
1770094800000,0.01163,0.01163,0.01156,0.01157,745530.0,1770098400000,8637.14009,110,2026-02-03 05:00:00+00:00
1770098400000,0.01157,0.01163,0.0115,0.01162,2891797.0,1770102000000,33348.09256,272,2026-02-03 06:00:00+00:00
1770102000000,0.01161,0.01166,0.0116,0.01163,412032.0,1770105600000,4791.83346,69,2026-02-03 07:00:00+00:00
1770105600000,0.01163,0.01171,0.01161,0.01162,999021.0,1770109200000,11661.86935,144,2026-02-03 08:00:00+00:00
1770109200000,0.01163,0.01168,0.01152,0.01163,2684808.0,1770112800000,31184.52905,299,2026-02-03 09:00:00+00:00
1770112800000,0.01163,0.01165,0.01157,0.01159,992900.0,1770116400000,11525.25151,105,2026-02-03 10:00:00+00:00
1770116400000,0.0116,0.01167,0.0116,0.01162,776518.0,1770120000000,9030.91808,169,2026-02-03 11:00:00+00:00
1770120000000,0.01162,0.01177,0.01162,0.01174,1459902.0,1770123600000,17073.15836,234,2026-02-03 12:00:00+00:00
1770123600000,0.01174,0.01177,0.01169,0.01173,3369628.0,1770127200000,39536.61687,201,2026-02-03 13:00:00+00:00
1770127200000,0.01174,0.01176,0.01154,0.01155,2660892.0,1770130800000,30942.95739,523,2026-02-03 14:00:00+00:00
1770130800000,0.01153,0.01176,0.01153,0.01175,6185532.0,1770134400000,72167.62124,602,2026-02-03 15:00:00+00:00
1770134400000,0.01175,0.01175,0.0115,0.01154,2773080.0,1770138000000,32124.58224,556,2026-02-03 16:00:00+00:00
1770138000000,0.01155,0.01155,0.01129,0.01129,1549263.0,1770141600000,17682.11218,187,2026-02-03 17:00:00+00:00
1770141600000,0.0113,0.01133,0.01102,0.01102,6332825.0,1770145200000,70435.30228,669,2026-02-03 18:00:00+00:00
1770145200000,0.01102,0.01152,0.01099,0.01146,6291714.0,1770148800000,71174.26023,795,2026-02-03 19:00:00+00:00
1770148800000,0.01146,0.01189,0.01138,0.0118,8065183.0,1770152400000,94686.45768,1077,2026-02-03 20:00:00+00:00
1770152400000,0.01181,0.01189,0.01166,0.01168,1722091.0,1770156000000,20332.33174,552,2026-02-03 21:00:00+00:00
1770156000000,0.01169,0.01169,0.01152,0.01153,748104.0,1770159600000,8660.85345,138,2026-02-03 22:00:00+00:00
1770159600000,0.01153,0.01156,0.01139,0.01145,2036378.0,1770163200000,23311.08685,451,2026-02-03 23:00:00+00:00
1770163200000,0.01145,0.01153,0.0114,0.01149,332901.0,1770166800000,3817.58832,139,2026-02-04 00:00:00+00:00
1770166800000,0.01151,0.01164,0.01151,0.01157,723991.0,1770170400000,8394.73546,251,2026-02-04 01:00:00+00:00
1770170400000,0.01157,0.01158,0.01147,0.01152,927472.0,1770174000000,10707.84004,180,2026-02-04 02:00:00+00:00
1770174000000,0.01151,0.01167,0.01151,0.01164,1527481.0,1770177600000,17748.94692,198,2026-02-04 03:00:00+00:00
1770177600000,0.01163,0.01166,0.01159,0.01159,415469.0,1770181200000,4828.11932,256,2026-02-04 04:00:00+00:00
1770181200000,0.0116,0.01161,0.0115,0.01152,409066.0,1770184800000,4725.73841,212,2026-02-04 05:00:00+00:00
1770184800000,0.01153,0.01162,0.01151,0.01158,1254872.0,1770188400000,14508.61475,525,2026-02-04 06:00:00+00:00
1770188400000,0.01159,0.01161,0.01153,0.01158,1978509.0,1770192000000,22921.38375,747,2026-02-04 07:00:00+00:00
1770192000000,0.01158,0.01161,0.01151,0.01159,1157294.0,1770195600000,13375.52944,459,2026-02-04 08:00:00+00:00
1770195600000,0.01159,0.0116,0.01148,0.0115,1570041.0,1770199200000,18095.84577,490,2026-02-04 09:00:00+00:00
1770199200000,0.01151,0.01152,0.01147,0.01152,1245385.0,1770202800000,14318.17627,411,2026-02-04 10:00:00+00:00
1770202800000,0.0115,0.01154,0.01136,0.01148,3037567.0,1770206400000,34716.19686,505,2026-02-04 11:00:00+00:00
1770206400000,0.01147,0.0115,0.01144,0.01149,729102.0,1770210000000,8367.13995,119,2026-02-04 12:00:00+00:00
1770210000000,0.0115,0.0115,0.01125,0.01127,3372987.0,1770213600000,38220.30101,215,2026-02-04 13:00:00+00:00
1770213600000,0.01128,0.01141,0.01119,0.01122,1903379.0,1770217200000,21528.87176,195,2026-02-04 14:00:00+00:00
1770217200000,0.01121,0.01137,0.01112,0.01117,2945895.0,1770220800000,33162.06083,617,2026-02-04 15:00:00+00:00
1770220800000,0.01118,0.01124,0.01108,0.01118,3095528.0,1770224400000,34472.2157,740,2026-02-04 16:00:00+00:00
1770224400000,0.01117,0.0112,0.01099,0.01114,2708554.0,1770228000000,30014.51177,595,2026-02-04 17:00:00+00:00
1770228000000,0.0111,0.0113,0.01102,0.01119,3503875.0,1770231600000,39082.22558,1079,2026-02-04 18:00:00+00:00
1770231600000,0.0112,0.01137,0.01115,0.01135,1389502.0,1770235200000,15631.4868,230,2026-02-04 19:00:00+00:00
1770235200000,0.01136,0.01139,0.0113,0.01131,277215.0,1770238800000,3143.39213,160,2026-02-04 20:00:00+00:00
1770238800000,0.01131,0.01132,0.01116,0.01121,446928.0,1770242400000,5034.0011,241,2026-02-04 21:00:00+00:00
1770242400000,0.01119,0.01131,0.01105,0.01112,821506.0,1770246000000,9187.00361,394,2026-02-04 22:00:00+00:00
1770246000000,0.01112,0.0113,0.01112,0.01121,2644516.0,1770249600000,29694.8663,619,2026-02-04 23:00:00+00:00
1770249600000,0.01121,0.01122,0.0112,0.0112,269479.0,1770253200000,3021.45262,41,2026-02-05 00:00:00+00:00
1770253200000,0.01119,0.01127,0.0111,0.01119,1185099.0,1770256800000,13249.44477,306,2026-02-05 01:00:00+00:00
1770256800000,0.01116,0.01126,0.01109,0.01109,1249371.0,1770260400000,13955.07734,239,2026-02-05 02:00:00+00:00
1770260400000,0.01112,0.01116,0.01105,0.01107,819159.0,1770264000000,9086.95218,210,2026-02-05 03:00:00+00:00
1770264000000,0.01106,0.01112,0.011,0.01107,1057596.0,1770267600000,11681.95647,170,2026-02-05 04:00:00+00:00
1770267600000,0.01106,0.01119,0.01101,0.0111,766252.0,1770271200000,8486.90525,214,2026-02-05 05:00:00+00:00
1770271200000,0.01107,0.01108,0.01094,0.01101,677257.0,1770274800000,7456.0381,233,2026-02-05 06:00:00+00:00
1770274800000,0.01101,0.01113,0.011,0.011,1172854.0,1770278400000,12984.56805,215,2026-02-05 07:00:00+00:00
1770278400000,0.01103,0.01116,0.01103,0.0111,1377230.0,1770282000000,15312.20717,167,2026-02-05 08:00:00+00:00
1770282000000,0.0111,0.01123,0.0111,0.0112,1911807.0,1770285600000,21393.29236,242,2026-02-05 09:00:00+00:00
1770285600000,0.0112,0.0112,0.011,0.01102,1847416.0,1770289200000,20462.00249,307,2026-02-05 10:00:00+00:00
1770289200000,0.01102,0.01106,0.01084,0.01103,2097651.0,1770292800000,22965.38475,318,2026-02-05 11:00:00+00:00
1770292800000,0.01103,0.01108,0.01093,0.01099,3232973.0,1770296400000,35537.29389,315,2026-02-05 12:00:00+00:00
1770296400000,0.01098,0.01104,0.01094,0.01101,1472839.0,1770300000000,16183.20233,146,2026-02-05 13:00:00+00:00
1770300000000,0.01101,0.01121,0.01099,0.01105,2416075.0,1770303600000,26928.95639,447,2026-02-05 14:00:00+00:00
1770303600000,0.01102,0.01102,0.01048,0.01072,19956231.0,1770307200000,214126.61561,2915,2026-02-05 15:00:00+00:00
1770307200000,0.01074,0.01089,0.01058,0.01071,4499351.0,1770310800000,48359.1835,1076,2026-02-05 16:00:00+00:00
1770310800000,0.01075,0.01077,0.01041,0.01049,5707697.0,1770314400000,60324.9283,1036,2026-02-05 17:00:00+00:00
1770314400000,0.01052,0.01057,0.01034,0.01047,1864443.0,1770318000000,19501.14636,748,2026-02-05 18:00:00+00:00
1770318000000,0.01047,0.01047,0.01024,0.01031,1899925.0,1770321600000,19636.54234,318,2026-02-05 19:00:00+00:00
1770321600000,0.01031,0.01039,0.00976,0.01,15116055.0,1770325200000,150561.42215,4381,2026-02-05 20:00:00+00:00
1770325200000,0.00999,0.01023,0.00987,0.00997,7105835.0,1770328800000,71462.69919,1308,2026-02-05 21:00:00+00:00
1770328800000,0.00997,0.01017,0.00982,0.01008,8834121.0,1770332400000,88060.0977,793,2026-02-05 22:00:00+00:00
1770332400000,0.01005,0.01019,0.00991,0.00993,4323878.0,1770336000000,43267.80804,530,2026-02-05 23:00:00+00:00
1770336000000,0.00995,0.01011,0.00904,0.00993,71372671.0,1770339600000,674181.55614,16325,2026-02-06 00:00:00+00:00
1770339600000,0.00991,0.01018,0.00986,0.01016,2345268.0,1770343200000,23522.82322,398,2026-02-06 01:00:00+00:00
1770343200000,0.01017,0.01022,0.00994,0.01,1428394.0,1770346800000,14390.17332,259,2026-02-06 02:00:00+00:00
1770346800000,0.00999,0.01007,0.00989,0.00995,1952274.0,1770350400000,19432.89837,350,2026-02-06 03:00:00+00:00
1770350400000,0.00995,0.01013,0.00994,0.01004,1536862.0,1770354000000,15450.33042,240,2026-02-06 04:00:00+00:00
1770354000000,0.01005,0.01034,0.01003,0.01033,961844.0,1770357600000,9825.17905,239,2026-02-06 05:00:00+00:00
1770357600000,0.01031,0.01037,0.01017,0.01018,1016820.0,1770361200000,10436.08917,219,2026-02-06 06:00:00+00:00
1770361200000,0.01018,0.01025,0.0101,0.01017,1227762.0,1770364800000,12476.53942,258,2026-02-06 07:00:00+00:00
1770364800000,0.01018,0.01024,0.01009,0.01016,1438329.0,1770368400000,14632.49632,310,2026-02-06 08:00:00+00:00
1770368400000,0.01015,0.01046,0.01015,0.01042,2125525.0,1770372000000,21890.32639,406,2026-02-06 09:00:00+00:00
1770372000000,0.0104,0.01053,0.01035,0.01048,1021758.0,1770375600000,10689.38946,245,2026-02-06 10:00:00+00:00
1770375600000,0.01048,0.01056,0.01048,0.0105,1088336.0,1770379200000,11444.6318,268,2026-02-06 11:00:00+00:00
1770379200000,0.0105,0.01054,0.01046,0.01053,670387.0,1770382800000,7044.25751,211,2026-02-06 12:00:00+00:00
1770382800000,0.01054,0.01072,0.01053,0.01068,4583659.0,1770386400000,48682.28846,980,2026-02-06 13:00:00+00:00
1770386400000,0.01067,0.01091,0.01062,0.01086,3817610.0,1770390000000,41051.94677,636,2026-02-06 14:00:00+00:00
1770390000000,0.01084,0.01087,0.01076,0.01084,2094569.0,1770393600000,22662.45696,216,2026-02-06 15:00:00+00:00
1770393600000,0.01085,0.01108,0.01082,0.01102,1672365.0,1770397200000,18338.72304,325,2026-02-06 16:00:00+00:00
1770397200000,0.01101,0.01124,0.01101,0.01116,1743264.0,1770400800000,19363.13048,297,2026-02-06 17:00:00+00:00
1770400800000,0.01113,0.01113,0.0109,0.01097,2736455.0,1770404400000,30017.70013,325,2026-02-06 18:00:00+00:00
1770404400000,0.01097,0.01105,0.01088,0.01104,1556413.0,1770408000000,17105.55429,231,2026-02-06 19:00:00+00:00
1770408000000,0.01105,0.01109,0.01092,0.01097,1844192.0,1770411600000,20288.19381,244,2026-02-06 20:00:00+00:00
1770411600000,0.01098,0.01103,0.0109,0.011,1841667.0,1770415200000,20158.68744,170,2026-02-06 21:00:00+00:00
1770415200000,0.01101,0.01113,0.01101,0.01113,508699.0,1770418800000,5642.83291,99,2026-02-06 22:00:00+00:00
1770418800000,0.01113,0.01115,0.01103,0.01107,852494.0,1770422400000,9440.35072,168,2026-02-06 23:00:00+00:00
1770422400000,0.01107,0.01111,0.01094,0.01095,1607382.0,1770426000000,17708.75917,276,2026-02-07 00:00:00+00:00
1770426000000,0.01094,0.01102,0.0109,0.01102,835299.0,1770429600000,9149.54783,115,2026-02-07 01:00:00+00:00
1770429600000,0.01101,0.01109,0.01098,0.01104,4759617.0,1770433200000,52487.05473,341,2026-02-07 02:00:00+00:00
1770433200000,0.01105,0.01117,0.01103,0.01108,3384822.0,1770436800000,37638.21343,342,2026-02-07 03:00:00+00:00
1770436800000,0.01107,0.01117,0.01102,0.01104,1620727.0,1770440400000,18012.8534,396,2026-02-07 04:00:00+00:00
1770440400000,0.01107,0.01114,0.01106,0.01109,938671.0,1770444000000,10417.10072,250,2026-02-07 05:00:00+00:00
1770444000000,0.0111,0.01114,0.01097,0.01097,2909228.0,1770447600000,32223.82599,340,2026-02-07 06:00:00+00:00
1770447600000,0.01097,0.011,0.01075,0.01084,4093303.0,1770451200000,44371.23923,701,2026-02-07 07:00:00+00:00
1770451200000,0.01084,0.01085,0.01074,0.01083,2016771.0,1770454800000,21772.18779,261,2026-02-07 08:00:00+00:00
1770454800000,0.01083,0.01086,0.01072,0.01077,647135.0,1770458400000,6992.2528,87,2026-02-07 09:00:00+00:00
1770458400000,0.01076,0.01079,0.01066,0.01073,834892.0,1770462000000,8922.84719,104,2026-02-07 10:00:00+00:00
1770462000000,0.01074,0.01074,0.01068,0.01073,452630.0,1770465600000,4849.53669,157,2026-02-07 11:00:00+00:00
1770465600000,0.01072,0.01103,0.01072,0.0109,4022217.0,1770469200000,43851.7508,721,2026-02-07 12:00:00+00:00
1770469200000,0.01093,0.01094,0.01082,0.01086,1239761.0,1770472800000,13464.80972,251,2026-02-07 13:00:00+00:00
1770472800000,0.01085,0.01086,0.0107,0.01071,2185204.0,1770476400000,23520.50297,460,2026-02-07 14:00:00+00:00
1770476400000,0.01069,0.01082,0.01067,0.01078,594558.0,1770480000000,6378.61977,94,2026-02-07 15:00:00+00:00
1770480000000,0.01079,0.01102,0.01072,0.0108,23761737.0,1770483600000,258602.75512,4578,2026-02-07 16:00:00+00:00
1770483600000,0.01082,0.01086,0.01076,0.01083,442669.0,1770487200000,4784.26891,113,2026-02-07 17:00:00+00:00
1770487200000,0.01083,0.01101,0.0108,0.01098,2009570.0,1770490800000,21877.28778,140,2026-02-07 18:00:00+00:00
1770490800000,0.01094,0.01107,0.01091,0.01104,2222683.0,1770494400000,24458.96133,182,2026-02-07 19:00:00+00:00
1770494400000,0.01104,0.01104,0.01091,0.01098,2849766.0,1770498000000,31294.80869,242,2026-02-07 20:00:00+00:00
1770498000000,0.01101,0.01101,0.01092,0.01096,967594.0,1770501600000,10600.46598,249,2026-02-07 21:00:00+00:00
1770501600000,0.01096,0.01102,0.01093,0.01102,961536.0,1770505200000,10554.31228,250,2026-02-07 22:00:00+00:00
1770505200000,0.01099,0.01104,0.01095,0.01101,743726.0,1770508800000,8176.76176,109,2026-02-07 23:00:00+00:00
1770508800000,0.01101,0.01108,0.01098,0.01104,974602.0,1770512400000,10749.19915,131,2026-02-08 00:00:00+00:00
1770512400000,0.01105,0.01116,0.01105,0.01116,593219.0,1770516000000,6595.74156,233,2026-02-08 01:00:00+00:00
1770516000000,0.01116,0.01118,0.01108,0.01111,469235.0,1770519600000,5228.63001,100,2026-02-08 02:00:00+00:00
1770519600000,0.01112,0.01114,0.01098,0.011,827948.0,1770523200000,9160.20927,226,2026-02-08 03:00:00+00:00
1770523200000,0.011,0.01108,0.01096,0.01097,2750422.0,1770526800000,30297.41857,404,2026-02-08 04:00:00+00:00
1770526800000,0.01098,0.01101,0.01094,0.01094,208344.0,1770530400000,2284.17833,86,2026-02-08 05:00:00+00:00
1770530400000,0.01095,0.01097,0.01086,0.01088,1250393.0,1770534000000,13648.8896,174,2026-02-08 06:00:00+00:00
1770534000000,0.01089,0.01089,0.0108,0.01085,700869.0,1770537600000,7601.6093,96,2026-02-08 07:00:00+00:00
1770537600000,0.01087,0.01099,0.01082,0.01098,1488251.0,1770541200000,16244.09751,262,2026-02-08 08:00:00+00:00
1770541200000,0.01099,0.01102,0.01086,0.0109,1196645.0,1770544800000,13110.48453,156,2026-02-08 09:00:00+00:00
1770544800000,0.01089,0.01095,0.01081,0.01088,865116.0,1770548400000,9416.80173,221,2026-02-08 10:00:00+00:00
1770548400000,0.01087,0.011,0.01087,0.01099,716562.0,1770552000000,7859.40061,108,2026-02-08 11:00:00+00:00
1770552000000,0.011,0.011,0.01092,0.01096,1077302.0,1770555600000,11821.49788,96,2026-02-08 12:00:00+00:00
1770555600000,0.01096,0.01097,0.01087,0.01091,1895051.0,1770559200000,20656.94852,319,2026-02-08 13:00:00+00:00
1770559200000,0.01091,0.011,0.01086,0.01096,2120263.0,1770562800000,23192.53005,239,2026-02-08 14:00:00+00:00
1770562800000,0.01097,0.01098,0.01077,0.01081,2212610.0,1770566400000,24078.78755,259,2026-02-08 15:00:00+00:00
1770566400000,0.01081,0.01083,0.01061,0.01064,1257843.0,1770570000000,13549.36724,202,2026-02-08 16:00:00+00:00
1770570000000,0.01065,0.01075,0.01065,0.01072,449481.0,1770573600000,4812.44183,99,2026-02-08 17:00:00+00:00
1770573600000,0.01074,0.01083,0.01072,0.0108,652186.0,1770577200000,7029.61957,151,2026-02-08 18:00:00+00:00
1770577200000,0.01079,0.01082,0.01076,0.01081,476980.0,1770580800000,5141.6582,70,2026-02-08 19:00:00+00:00
1770580800000,0.0108,0.0108,0.01072,0.01072,605814.0,1770584400000,6513.07774,93,2026-02-08 20:00:00+00:00
1770584400000,0.01071,0.01074,0.01064,0.01069,392977.0,1770588000000,4193.99453,100,2026-02-08 21:00:00+00:00
1770588000000,0.0107,0.01074,0.01066,0.01074,815092.0,1770591600000,8717.7143,200,2026-02-08 22:00:00+00:00
1770591600000,0.01077,0.01088,0.01062,0.01069,1965575.0,1770595200000,21052.34749,325,2026-02-08 23:00:00+00:00
1770595200000,0.0107,0.01073,0.01063,0.01069,466285.0,1770598800000,4984.71604,79,2026-02-09 00:00:00+00:00
1770598800000,0.01069,0.01082,0.01067,0.01075,2335661.0,1770602400000,25114.61738,270,2026-02-09 01:00:00+00:00
1770602400000,0.01074,0.01088,0.0107,0.0108,588726.0,1770606000000,6371.41373,120,2026-02-09 02:00:00+00:00
1770606000000,0.0108,0.01094,0.01079,0.01091,590322.0,1770609600000,6409.28337,70,2026-02-09 03:00:00+00:00
1770609600000,0.0109,0.0109,0.01084,0.01084,954815.0,1770613200000,10376.47951,170,2026-02-09 04:00:00+00:00
1770613200000,0.01084,0.01091,0.01081,0.01088,1452497.0,1770616800000,15778.72546,196,2026-02-09 05:00:00+00:00
1770616800000,0.01089,0.01089,0.01077,0.01083,470021.0,1770620400000,5094.18948,109,2026-02-09 06:00:00+00:00
1770620400000,0.01083,0.01084,0.0107,0.0107,1718705.0,1770624000000,18486.73563,316,2026-02-09 07:00:00+00:00
1770624000000,0.0107,0.01074,0.01055,0.01063,996076.0,1770627600000,10581.32024,99,2026-02-09 08:00:00+00:00
1770627600000,0.01063,0.01063,0.0105,0.01052,898836.0,1770631200000,9494.4986,191,2026-02-09 09:00:00+00:00
1770631200000,0.01053,0.01055,0.01037,0.01043,3229091.0,1770634800000,33629.39051,270,2026-02-09 10:00:00+00:00
1770634800000,0.01044,0.0105,0.01044,0.01049,711704.0,1770638400000,7463.36724,133,2026-02-09 11:00:00+00:00
1770638400000,0.0105,0.01054,0.01047,0.01051,579170.0,1770642000000,6091.14835,55,2026-02-09 12:00:00+00:00
1770642000000,0.01053,0.01056,0.01048,0.01048,834562.0,1770645600000,8780.38232,223,2026-02-09 13:00:00+00:00
1770645600000,0.01046,0.01061,0.01045,0.01057,993553.0,1770649200000,10477.64512,136,2026-02-09 14:00:00+00:00
1770649200000,0.0106,0.01064,0.01046,0.01063,1039133.0,1770652800000,10998.25141,242,2026-02-09 15:00:00+00:00
1770652800000,0.01062,0.01074,0.01054,0.01066,1417258.0,1770656400000,15097.19484,265,2026-02-09 16:00:00+00:00
1770656400000,0.01064,0.01081,0.01061,0.01078,2462257.0,1770660000000,26366.87444,309,2026-02-09 17:00:00+00:00
1770660000000,0.01079,0.01083,0.0107,0.01074,3755607.0,1770663600000,40489.143,226,2026-02-09 18:00:00+00:00
1770663600000,0.01073,0.01084,0.01073,0.01084,382526.0,1770667200000,4121.03594,116,2026-02-09 19:00:00+00:00
1770667200000,0.01083,0.01084,0.01072,0.01075,379085.0,1770670800000,4082.85934,97,2026-02-09 20:00:00+00:00
1770670800000,0.01074,0.01074,0.01058,0.01068,301913.0,1770674400000,3213.92067,66,2026-02-09 21:00:00+00:00
1770674400000,0.01067,0.01073,0.01066,0.01067,353249.0,1770678000000,3775.85166,71,2026-02-09 22:00:00+00:00
1770678000000,0.01069,0.01072,0.01064,0.01064,204146.0,1770681600000,2180.06393,50,2026-02-09 23:00:00+00:00
1770681600000,0.01065,0.01068,0.0106,0.01063,816979.0,1770685200000,8698.52366,90,2026-02-10 00:00:00+00:00
1770685200000,0.01061,0.01064,0.01061,0.01061,872234.0,1770688800000,9261.87864,68,2026-02-10 01:00:00+00:00
1770688800000,0.0106,0.01062,0.01051,0.01053,573907.0,1770692400000,6057.02522,97,2026-02-10 02:00:00+00:00
1770692400000,0.01053,0.01053,0.01029,0.01042,1639342.0,1770696000000,17025.83619,149,2026-02-10 03:00:00+00:00
1770696000000,0.01041,0.01051,0.01041,0.01051,1792597.0,1770699600000,18763.9644,282,2026-02-10 04:00:00+00:00
1770699600000,0.0105,0.01052,0.01036,0.0104,399072.0,1770703200000,4166.12431,145,2026-02-10 05:00:00+00:00
1770703200000,0.01038,0.01041,0.01021,0.01021,2538860.0,1770706800000,26159.04971,284,2026-02-10 06:00:00+00:00
1770706800000,0.01025,0.01029,0.01022,0.01023,1704211.0,1770710400000,17481.7196,150,2026-02-10 07:00:00+00:00
1770710400000,0.01023,0.01036,0.01023,0.01035,997602.0,1770714000000,10268.5366,168,2026-02-10 08:00:00+00:00
1770714000000,0.01034,0.01037,0.0103,0.01032,425276.0,1770717600000,4391.56735,56,2026-02-10 09:00:00+00:00
1770717600000,0.01032,0.01035,0.01027,0.01029,336422.0,1770721200000,3468.36204,34,2026-02-10 10:00:00+00:00
1770721200000,0.01028,0.01034,0.01027,0.01027,440430.0,1770724800000,4538.66939,66,2026-02-10 11:00:00+00:00
1770724800000,0.01027,0.01032,0.01025,0.0103,968431.0,1770728400000,9966.18238,152,2026-02-10 12:00:00+00:00
1770728400000,0.0103,0.01035,0.01028,0.01034,554565.0,1770732000000,5718.44584,107,2026-02-10 13:00:00+00:00
1770732000000,0.01033,0.01038,0.01016,0.01023,4461007.0,1770735600000,45834.90717,490,2026-02-10 14:00:00+00:00
1770735600000,0.01021,0.01035,0.01021,0.01033,1537763.0,1770739200000,15829.54634,114,2026-02-10 15:00:00+00:00
1770739200000,0.01032,0.01038,0.01028,0.01034,417391.0,1770742800000,4315.96673,49,2026-02-10 16:00:00+00:00
1770742800000,0.01033,0.01041,0.0103,0.01031,7311615.0,1770746400000,75691.92802,403,2026-02-10 17:00:00+00:00
1770746400000,0.0103,0.0103,0.01015,0.01021,2214853.0,1770750000000,22600.4946,172,2026-02-10 18:00:00+00:00
1770750000000,0.01018,0.0103,0.01017,0.01028,1345595.0,1770753600000,13803.35056,92,2026-02-10 19:00:00+00:00
1770753600000,0.01028,0.01029,0.01022,0.01027,611558.0,1770757200000,6276.05847,55,2026-02-10 20:00:00+00:00
1770757200000,0.01027,0.01029,0.01021,0.01027,107345.0,1770760800000,1099.52176,23,2026-02-10 21:00:00+00:00
1770760800000,0.01027,0.01031,0.01027,0.01028,99327.0,1770764400000,1021.3075,18,2026-02-10 22:00:00+00:00
1770764400000,0.01027,0.01029,0.01024,0.01027,407512.0,1770768000000,4182.63008,49,2026-02-10 23:00:00+00:00
1770768000000,0.01027,0.01029,0.01024,0.01026,754111.0,1770771600000,7731.4022,55,2026-02-11 00:00:00+00:00
1770771600000,0.01024,0.01025,0.01019,0.01024,1051223.0,1770775200000,10745.76186,73,2026-02-11 01:00:00+00:00
1770775200000,0.01024,0.01027,0.01021,0.01022,461941.0,1770778800000,4727.63154,121,2026-02-11 02:00:00+00:00
1770778800000,0.0102,0.01029,0.01012,0.01021,411100.0,1770782400000,4200.52678,36,2026-02-11 03:00:00+00:00
1770782400000,0.01022,0.01022,0.01008,0.01011,1968229.0,1770786000000,19983.00726,176,2026-02-11 04:00:00+00:00
1770786000000,0.01012,0.01016,0.01006,0.01007,350876.0,1770789600000,3544.75372,46,2026-02-11 05:00:00+00:00
1770789600000,0.01007,0.01007,0.00994,0.00995,1734607.0,1770793200000,17334.46087,165,2026-02-11 06:00:00+00:00
1770793200000,0.00994,0.00999,0.00991,0.00995,294336.0,1770796800000,2935.59145,95,2026-02-11 07:00:00+00:00
1770796800000,0.00991,0.01002,0.00991,0.01002,1173704.0,1770800400000,11720.86085,164,2026-02-11 08:00:00+00:00
1770800400000,0.01001,0.01004,0.00993,0.00995,530042.0,1770804000000,5284.09265,112,2026-02-11 09:00:00+00:00
1770804000000,0.00996,0.00997,0.00985,0.00987,1188200.0,1770807600000,11763.96751,214,2026-02-11 10:00:00+00:00
1770807600000,0.00989,0.00994,0.00986,0.00994,973392.0,1770811200000,9638.52833,191,2026-02-11 11:00:00+00:00
1770811200000,0.00992,0.00998,0.0099,0.00996,438834.0,1770814800000,4367.59894,97,2026-02-11 12:00:00+00:00
1770814800000,0.00996,0.01004,0.00989,0.01003,2964127.0,1770818400000,29529.26056,288,2026-02-11 13:00:00+00:00
1770818400000,0.01008,0.01032,0.01003,0.01005,2903935.0,1770822000000,29570.01027,553,2026-02-11 14:00:00+00:00
1770822000000,0.01005,0.0101,0.00991,0.01002,1598550.0,1770825600000,15937.8546,98,2026-02-11 15:00:00+00:00
1770825600000,0.01002,0.01013,0.00993,0.00998,765197.0,1770829200000,7665.32958,61,2026-02-11 16:00:00+00:00
1770829200000,0.00998,0.01022,0.00996,0.01019,2201626.0,1770832800000,22340.49787,431,2026-02-11 17:00:00+00:00
1770832800000,0.01014,0.01029,0.01009,0.01027,646572.0,1770836400000,6603.12764,108,2026-02-11 18:00:00+00:00
1770836400000,0.01026,0.01026,0.01014,0.01016,1430095.0,1770840000000,14576.36166,240,2026-02-11 19:00:00+00:00
1770840000000,0.01015,0.01024,0.0101,0.01024,581703.0,1770843600000,5915.60624,155,2026-02-11 20:00:00+00:00
1770843600000,0.01028,0.01044,0.01028,0.01041,2035339.0,1770847200000,21087.05516,206,2026-02-11 21:00:00+00:00
1770847200000,0.01042,0.01064,0.01036,0.01038,5594469.0,1770850800000,58846.00358,516,2026-02-11 22:00:00+00:00
1770850800000,0.01037,0.01048,0.01033,0.01043,4537518.0,1770854400000,47133.17581,472,2026-02-11 23:00:00+00:00
1770854400000,0.01044,0.01069,0.01044,0.01067,4194693.0,1770858000000,44408.39643,401,2026-02-12 00:00:00+00:00
1770858000000,0.01068,0.01082,0.01068,0.0107,5044069.0,1770861600000,54232.35115,505,2026-02-12 01:00:00+00:00
1770861600000,0.01072,0.0109,0.01069,0.01089,4054464.0,1770865200000,43894.50969,385,2026-02-12 02:00:00+00:00
1770865200000,0.01089,0.0109,0.01077,0.01082,4897615.0,1770868800000,53048.11171,527,2026-02-12 03:00:00+00:00
1770868800000,0.01083,0.01088,0.01076,0.01083,1678732.0,1770872400000,18154.02371,305,2026-02-12 04:00:00+00:00
1770872400000,0.01084,0.01091,0.01079,0.01079,3984105.0,1770876000000,43273.63498,338,2026-02-12 05:00:00+00:00
1770876000000,0.0108,0.01089,0.0108,0.01088,856781.0,1770879600000,9292.85563,179,2026-02-12 06:00:00+00:00
1770879600000,0.01089,0.01105,0.01086,0.01092,5629969.0,1770883200000,61708.77418,645,2026-02-12 07:00:00+00:00
1770883200000,0.01092,0.01093,0.01076,0.01084,2459825.0,1770886800000,26689.0269,285,2026-02-12 08:00:00+00:00
1770886800000,0.01083,0.01103,0.01081,0.01101,2185217.0,1770890400000,23934.118,385,2026-02-12 09:00:00+00:00
1770890400000,0.01103,0.01138,0.01101,0.01105,15420943.0,1770894000000,172534.93338,1992,2026-02-12 10:00:00+00:00
1770894000000,0.01109,0.01116,0.01093,0.01095,6885104.0,1770897600000,76027.73045,907,2026-02-12 11:00:00+00:00
1770897600000,0.01096,0.01097,0.0108,0.01084,3550664.0,1770901200000,38616.30757,300,2026-02-12 12:00:00+00:00
1770901200000,0.01083,0.01088,0.01073,0.01083,3258073.0,1770904800000,35265.2297,449,2026-02-12 13:00:00+00:00
1770904800000,0.01082,0.01082,0.01068,0.01071,1859704.0,1770908400000,19971.9403,198,2026-02-12 14:00:00+00:00
1770908400000,0.01071,0.01081,0.01062,0.01064,1906497.0,1770912000000,20409.12522,305,2026-02-12 15:00:00+00:00
1770912000000,0.01063,0.01067,0.01045,0.01055,2990786.0,1770915600000,31537.87287,368,2026-02-12 16:00:00+00:00
1770915600000,0.01055,0.01064,0.01054,0.01057,231396.0,1770919200000,2449.76319,45,2026-02-12 17:00:00+00:00
1770919200000,0.01056,0.01067,0.01054,0.01067,1109183.0,1770922800000,11786.64678,203,2026-02-12 18:00:00+00:00
1770922800000,0.01066,0.0109,0.01064,0.0108,1287374.0,1770926400000,13890.36834,217,2026-02-12 19:00:00+00:00
1770926400000,0.01079,0.01081,0.01073,0.01073,599547.0,1770930000000,6466.24388,115,2026-02-12 20:00:00+00:00
1770930000000,0.01074,0.01077,0.01069,0.01072,361325.0,1770933600000,3881.02785,54,2026-02-12 21:00:00+00:00
1770933600000,0.01072,0.01084,0.01066,0.01079,951554.0,1770937200000,10249.22831,145,2026-02-12 22:00:00+00:00
1770937200000,0.01084,0.01096,0.01082,0.01091,1470904.0,1770940800000,16082.83829,130,2026-02-12 23:00:00+00:00
1770940800000,0.01093,0.01094,0.01075,0.01081,1061217.0,1770944400000,11523.45876,71,2026-02-13 00:00:00+00:00
1770944400000,0.0108,0.01087,0.01079,0.01079,424944.0,1770948000000,4600.31631,45,2026-02-13 01:00:00+00:00
1770948000000,0.01081,0.01092,0.01078,0.0108,3908462.0,1770951600000,42362.45171,360,2026-02-13 02:00:00+00:00
1770951600000,0.01081,0.01081,0.01072,0.01072,540377.0,1770955200000,5820.78868,227,2026-02-13 03:00:00+00:00
1770955200000,0.01073,0.01076,0.01066,0.01072,2251658.0,1770958800000,24133.86993,267,2026-02-13 04:00:00+00:00
1770958800000,0.01072,0.01074,0.01069,0.01069,604973.0,1770962400000,6482.74663,116,2026-02-13 05:00:00+00:00
1770962400000,0.01068,0.0107,0.01063,0.01069,417133.0,1770966000000,4446.90278,178,2026-02-13 06:00:00+00:00
1770966000000,0.01072,0.01077,0.01064,0.01067,365512.0,1770969600000,3918.25208,128,2026-02-13 07:00:00+00:00
1770969600000,0.01067,0.01077,0.01066,0.01073,559893.0,1770973200000,6005.67142,189,2026-02-13 08:00:00+00:00
1770973200000,0.01073,0.01078,0.0107,0.01078,213937.0,1770976800000,2296.62247,64,2026-02-13 09:00:00+00:00
1770976800000,0.01078,0.01098,0.01078,0.0108,8849780.0,1770980400000,96183.60086,806,2026-02-13 10:00:00+00:00
1770980400000,0.0108,0.01081,0.01075,0.01077,234474.0,1770984000000,2528.02819,139,2026-02-13 11:00:00+00:00
1770984000000,0.01074,0.01075,0.01068,0.01068,297700.0,1770987600000,3189.69776,39,2026-02-13 12:00:00+00:00
1770987600000,0.01068,0.0108,0.01065,0.01071,959866.0,1770991200000,10301.29732,150,2026-02-13 13:00:00+00:00
1770991200000,0.0107,0.01079,0.01065,0.01072,2332785.0,1770994800000,25016.36023,250,2026-02-13 14:00:00+00:00
1770994800000,0.01076,0.01092,0.01073,0.01084,3388760.0,1770998400000,36703.6548,295,2026-02-13 15:00:00+00:00
1770998400000,0.01085,0.01109,0.01082,0.01099,4095787.0,1771002000000,44939.53219,629,2026-02-13 16:00:00+00:00
1771002000000,0.01099,0.01104,0.01094,0.01097,2455327.0,1771005600000,26995.57135,319,2026-02-13 17:00:00+00:00
1771005600000,0.01096,0.01102,0.01095,0.01102,412569.0,1771009200000,4529.37366,119,2026-02-13 18:00:00+00:00
1771009200000,0.01101,0.01107,0.01098,0.01104,827232.0,1771012800000,9124.32982,137,2026-02-13 19:00:00+00:00
1771012800000,0.01103,0.01106,0.011,0.01103,1770771.0,1771016400000,19523.45428,181,2026-02-13 20:00:00+00:00
1771016400000,0.01106,0.01126,0.01106,0.01126,2212332.0,1771020000000,24695.13045,352,2026-02-13 21:00:00+00:00
1771020000000,0.01128,0.01131,0.01114,0.01117,3177721.0,1771023600000,35623.05275,238,2026-02-13 22:00:00+00:00
1771023600000,0.0112,0.01137,0.01119,0.01136,4065978.0,1771027200000,46039.20715,518,2026-02-13 23:00:00+00:00
1771027200000,0.01137,0.0115,0.01131,0.01149,787302.0,1771030800000,8989.2383,187,2026-02-14 00:00:00+00:00
1771030800000,0.01148,0.01158,0.0114,0.01154,3889180.0,1771034400000,44719.9751,620,2026-02-14 01:00:00+00:00
1771034400000,0.01155,0.01164,0.01152,0.01163,3090870.0,1771038000000,35801.56582,548,2026-02-14 02:00:00+00:00
1771038000000,0.01164,0.01184,0.01153,0.01167,9944790.0,1771041600000,116466.20669,1156,2026-02-14 03:00:00+00:00
1771041600000,0.01169,0.01175,0.01158,0.0117,2526752.0,1771045200000,29497.20475,460,2026-02-14 04:00:00+00:00
1771045200000,0.01171,0.01176,0.01159,0.01159,1680123.0,1771048800000,19602.77484,291,2026-02-14 05:00:00+00:00
1771048800000,0.01161,0.01163,0.01153,0.01153,1534986.0,1771052400000,17790.91319,230,2026-02-14 06:00:00+00:00
1771052400000,0.01154,0.01158,0.0115,0.01153,788026.0,1771056000000,9092.59072,104,2026-02-14 07:00:00+00:00
1771056000000,0.01152,0.01174,0.01151,0.01173,1651417.0,1771059600000,19169.65187,280,2026-02-14 08:00:00+00:00
1771059600000,0.01174,0.01192,0.01163,0.01184,3656443.0,1771063200000,43037.21296,540,2026-02-14 09:00:00+00:00
1771063200000,0.01187,0.01202,0.0118,0.01194,7190579.0,1771066800000,85677.82136,1294,2026-02-14 10:00:00+00:00
1771066800000,0.01193,0.01196,0.01184,0.01192,4168278.0,1771070400000,49623.73659,803,2026-02-14 11:00:00+00:00
1771070400000,0.01192,0.0121,0.0119,0.01195,4090405.0,1771074000000,48992.65483,532,2026-02-14 12:00:00+00:00
1771074000000,0.01196,0.01215,0.01191,0.01197,5828444.0,1771077600000,69988.07626,909,2026-02-14 13:00:00+00:00
1771077600000,0.01197,0.01248,0.01197,0.01223,10222761.0,1771081200000,125471.97973,1538,2026-02-14 14:00:00+00:00
1771081200000,0.01223,0.01243,0.01217,0.01218,6520063.0,1771084800000,80060.60207,1150,2026-02-14 15:00:00+00:00
1771084800000,0.01221,0.01235,0.01218,0.01226,4469554.0,1771088400000,54732.75549,784,2026-02-14 16:00:00+00:00
1771088400000,0.01225,0.01253,0.0122,0.01253,9109327.0,1771092000000,112576.573,1296,2026-02-14 17:00:00+00:00
1771092000000,0.01249,0.0125,0.01231,0.01235,3749777.0,1771095600000,46505.19959,724,2026-02-14 18:00:00+00:00
1771095600000,0.01236,0.01244,0.01229,0.01232,3127976.0,1771099200000,38605.17485,621,2026-02-14 19:00:00+00:00
1771099200000,0.01231,0.01238,0.01223,0.01227,2257731.0,1771102800000,27753.99722,356,2026-02-14 20:00:00+00:00
1771102800000,0.01228,0.01232,0.01201,0.01207,3774367.0,1771106400000,45779.84198,596,2026-02-14 21:00:00+00:00
1771106400000,0.01209,0.01216,0.01208,0.0121,1028262.0,1771110000000,12443.95492,145,2026-02-14 22:00:00+00:00
1771110000000,0.01209,0.01209,0.01195,0.01195,1720134.0,1771113600000,20654.93055,155,2026-02-14 23:00:00+00:00
1771113600000,0.01194,0.01195,0.01172,0.01177,2125230.0,1771117200000,25073.29284,334,2026-02-15 00:00:00+00:00
1771117200000,0.01179,0.01193,0.01178,0.01186,1281598.0,1771120800000,15196.42231,249,2026-02-15 01:00:00+00:00
1771120800000,0.01187,0.01191,0.01177,0.01185,1425658.0,1771124400000,16894.90289,195,2026-02-15 02:00:00+00:00
1771124400000,0.01184,0.01189,0.01169,0.01189,3063670.0,1771128000000,36056.46577,348,2026-02-15 03:00:00+00:00
1771128000000,0.01187,0.01194,0.01179,0.01185,1020148.0,1771131600000,12109.33646,185,2026-02-15 04:00:00+00:00
1771131600000,0.01186,0.01196,0.01185,0.01194,693083.0,1771135200000,8259.12539,99,2026-02-15 05:00:00+00:00
1771135200000,0.01193,0.01196,0.01189,0.01196,1171635.0,1771138800000,13958.1577,137,2026-02-15 06:00:00+00:00
1771138800000,0.01194,0.01211,0.01194,0.01205,3713401.0,1771142400000,44593.29383,512,2026-02-15 07:00:00+00:00
1771142400000,0.01203,0.01205,0.01182,0.01193,608642.0,1771146000000,7252.97065,179,2026-02-15 08:00:00+00:00
1771146000000,0.01193,0.01204,0.01193,0.01195,615316.0,1771149600000,7378.06767,297,2026-02-15 09:00:00+00:00
1771149600000,0.01195,0.01195,0.01184,0.01189,717844.0,1771153200000,8536.64215,165,2026-02-15 10:00:00+00:00
1771153200000,0.01188,0.01192,0.01183,0.01184,209706.0,1771156800000,2491.98116,41,2026-02-15 11:00:00+00:00
1771156800000,0.01183,0.01184,0.01156,0.01158,2620285.0,1771160400000,30705.35318,497,2026-02-15 12:00:00+00:00
1771160400000,0.01156,0.01167,0.01146,0.01151,1567094.0,1771164000000,18128.53958,232,2026-02-15 13:00:00+00:00
1771164000000,0.01148,0.0116,0.01145,0.01159,1648206.0,1771167600000,18969.21903,103,2026-02-15 14:00:00+00:00
1771167600000,0.01158,0.01164,0.01156,0.01158,604228.0,1771171200000,7012.84914,150,2026-02-15 15:00:00+00:00
1771171200000,0.01156,0.0116,0.01148,0.01156,540050.0,1771174800000,6242.95775,69,2026-02-15 16:00:00+00:00
1771174800000,0.01154,0.01159,0.01133,0.01145,2699164.0,1771178400000,30871.98321,595,2026-02-15 17:00:00+00:00
1771178400000,0.01146,0.01171,0.01138,0.01152,5488475.0,1771182000000,63728.41794,581,2026-02-15 18:00:00+00:00
1771182000000,0.01151,0.01156,0.01143,0.01152,1496024.0,1771185600000,17208.77192,233,2026-02-15 19:00:00+00:00
1771185600000,0.01147,0.01156,0.01143,0.01155,422118.0,1771189200000,4861.36875,126,2026-02-15 20:00:00+00:00
1771189200000,0.01152,0.01167,0.01152,0.01163,1252212.0,1771192800000,14560.606,209,2026-02-15 21:00:00+00:00
1771192800000,0.01162,0.01172,0.0116,0.0117,1163394.0,1771196400000,13585.64371,333,2026-02-15 22:00:00+00:00
1771196400000,0.01167,0.01184,0.0116,0.01176,1811057.0,1771200000000,21252.4589,435,2026-02-15 23:00:00+00:00
1771200000000,0.01175,0.01189,0.01174,0.01184,604350.0,1771203600000,7142.02113,270,2026-02-16 00:00:00+00:00
1771203600000,0.01183,0.01189,0.01167,0.01173,1707992.0,1771207200000,20089.13468,397,2026-02-16 01:00:00+00:00
1771207200000,0.01173,0.01179,0.01167,0.01168,1476947.0,1771210800000,17337.91767,469,2026-02-16 02:00:00+00:00
1771210800000,0.01168,0.01181,0.01168,0.01181,2264455.0,1771214400000,26595.92559,541,2026-02-16 03:00:00+00:00
1771214400000,0.0118,0.01182,0.01173,0.01177,2127893.0,1771218000000,25049.47824,580,2026-02-16 04:00:00+00:00
1771218000000,0.01177,0.01183,0.01165,0.01167,1170416.0,1771221600000,13726.56267,275,2026-02-16 05:00:00+00:00
1771221600000,0.01167,0.01182,0.01167,0.01173,376364.0,1771225200000,4420.63696,248,2026-02-16 06:00:00+00:00
1771225200000,0.01172,0.01181,0.0117,0.01173,1560074.0,1771228800000,18334.14299,439,2026-02-16 07:00:00+00:00
1771228800000,0.01173,0.01179,0.01172,0.01174,280780.0,1771232400000,3300.07826,189,2026-02-16 08:00:00+00:00
1771232400000,0.01174,0.01186,0.01172,0.01185,1655541.0,1771236000000,19577.10506,335,2026-02-16 09:00:00+00:00
1771236000000,0.01185,0.012,0.01176,0.01178,6175070.0,1771239600000,73333.7177,1243,2026-02-16 10:00:00+00:00
1771239600000,0.01178,0.01217,0.0117,0.01201,8786049.0,1771243200000,105267.01515,1433,2026-02-16 11:00:00+00:00
1771243200000,0.01201,0.01226,0.01201,0.01216,6044781.0,1771246800000,73302.50349,1407,2026-02-16 12:00:00+00:00
1771246800000,0.01216,0.01219,0.01189,0.01194,3867352.0,1771250400000,46497.53301,944,2026-02-16 13:00:00+00:00
1771250400000,0.01195,0.01208,0.01193,0.01205,1679120.0,1771254000000,20161.16619,374,2026-02-16 14:00:00+00:00
1771254000000,0.01206,0.01215,0.0119,0.012,2682815.0,1771257600000,32213.78489,613,2026-02-16 15:00:00+00:00
1771257600000,0.012,0.01207,0.01193,0.01203,1940125.0,1771261200000,23323.91544,358,2026-02-16 16:00:00+00:00
1771261200000,0.01204,0.01207,0.01194,0.01202,1025169.0,1771264800000,12324.44378,265,2026-02-16 17:00:00+00:00
1771264800000,0.01203,0.01206,0.01198,0.012,541717.0,1771268400000,6511.7352,157,2026-02-16 18:00:00+00:00
1771268400000,0.01201,0.0121,0.01196,0.01201,1384995.0,1771272000000,16661.37863,298,2026-02-16 19:00:00+00:00
1771272000000,0.01202,0.01215,0.01197,0.01211,966253.0,1771275600000,11669.69441,251,2026-02-16 20:00:00+00:00
1771275600000,0.01211,0.01241,0.01211,0.01238,3099885.0,1771279200000,38023.38207,758,2026-02-16 21:00:00+00:00
1771279200000,0.0124,0.01248,0.01218,0.01218,3430088.0,1771282800000,42300.58574,484,2026-02-16 22:00:00+00:00
1771282800000,0.01221,0.01224,0.01219,0.01222,897929.0,1771286400000,10973.07249,108,2026-02-16 23:00:00+00:00
1771286400000,0.01223,0.01225,0.01216,0.01218,838413.0,1771290000000,10228.29853,273,2026-02-17 00:00:00+00:00
1771290000000,0.01218,0.01219,0.01214,0.01215,805563.0,1771293600000,9803.59557,175,2026-02-17 01:00:00+00:00
1771293600000,0.01215,0.01219,0.01209,0.0121,690199.0,1771297200000,8382.96633,261,2026-02-17 02:00:00+00:00
1771297200000,0.0121,0.0121,0.01205,0.01206,343578.0,1771300800000,4148.15055,63,2026-02-17 03:00:00+00:00
1771300800000,0.01205,0.0121,0.01204,0.01209,683284.0,1771304400000,8251.27755,158,2026-02-17 04:00:00+00:00
1771304400000,0.01208,0.0121,0.01195,0.01202,1354549.0,1771308000000,16299.41316,235,2026-02-17 05:00:00+00:00
1771308000000,0.01204,0.01206,0.01199,0.012,434820.0,1771311600000,5226.59661,62,2026-02-17 06:00:00+00:00
1771311600000,0.012,0.01201,0.01189,0.01192,1512544.0,1771315200000,18045.86556,193,2026-02-17 07:00:00+00:00
1771315200000,0.01193,0.01197,0.01187,0.0119,922336.0,1771318800000,10991.03045,80,2026-02-17 08:00:00+00:00
1771318800000,0.01189,0.0119,0.01181,0.01188,165321.0,1771322400000,1958.7849,37,2026-02-17 09:00:00+00:00
1771322400000,0.01187,0.01187,0.01175,0.01177,2161836.0,1771326000000,25447.49959,114,2026-02-17 10:00:00+00:00
1771326000000,0.01178,0.01198,0.01178,0.01187,1434217.0,1771329600000,17055.04504,161,2026-02-17 11:00:00+00:00
1771329600000,0.01186,0.01193,0.01182,0.01183,802368.0,1771333200000,9534.0234,112,2026-02-17 12:00:00+00:00
1771333200000,0.01181,0.0119,0.0118,0.01189,1238162.0,1771336800000,14685.07498,208,2026-02-17 13:00:00+00:00
1771336800000,0.01187,0.01189,0.0117,0.01172,1130399.0,1771340400000,13303.87404,169,2026-02-17 14:00:00+00:00
1771340400000,0.01171,0.01188,0.01171,0.01186,708576.0,1771344000000,8352.90161,69,2026-02-17 15:00:00+00:00
1771344000000,0.01187,0.01202,0.01183,0.01191,676166.0,1771347600000,8065.88641,91,2026-02-17 16:00:00+00:00
1771347600000,0.0119,0.01192,0.01181,0.01185,998620.0,1771351200000,11867.18471,90,2026-02-17 17:00:00+00:00
1771351200000,0.01185,0.01202,0.01185,0.01196,2885387.0,1771354800000,34489.07106,161,2026-02-17 18:00:00+00:00
1771354800000,0.01196,0.01196,0.01188,0.01188,861458.0,1771358400000,10271.01167,152,2026-02-17 19:00:00+00:00
1771358400000,0.01188,0.01188,0.01178,0.01186,718086.0,1771362000000,8504.13308,68,2026-02-17 20:00:00+00:00
1771362000000,0.01186,0.01193,0.01185,0.01193,364530.0,1771365600000,4330.74948,38,2026-02-17 21:00:00+00:00
1771365600000,0.01193,0.01199,0.01189,0.0119,741041.0,1771369200000,8849.97708,229,2026-02-17 22:00:00+00:00
1771369200000,0.01188,0.01192,0.01186,0.0119,138696.0,1771372800000,1650.13651,30,2026-02-17 23:00:00+00:00
1771372800000,0.01188,0.01189,0.01177,0.01179,811236.0,1771376400000,9577.72484,115,2026-02-18 00:00:00+00:00
1771376400000,0.01178,0.01178,0.01169,0.01175,2928154.0,1771380000000,34352.81888,227,2026-02-18 01:00:00+00:00
1771380000000,0.01175,0.01184,0.01175,0.01182,319822.0,1771383600000,3774.83101,45,2026-02-18 02:00:00+00:00
1771383600000,0.0118,0.01184,0.01179,0.01183,121915.0,1771387200000,1440.40399,19,2026-02-18 03:00:00+00:00
1771387200000,0.0118,0.0118,0.01175,0.01179,447111.0,1771390800000,5262.65012,39,2026-02-18 04:00:00+00:00
1771390800000,0.01177,0.01177,0.01172,0.01174,588622.0,1771394400000,6905.45276,110,2026-02-18 05:00:00+00:00
1771394400000,0.01173,0.01173,0.01168,0.01168,324119.0,1771398000000,3792.54062,32,2026-02-18 06:00:00+00:00
1771398000000,0.01168,0.01173,0.01165,0.01172,826514.0,1771401600000,9666.41122,144,2026-02-18 07:00:00+00:00
1771401600000,0.01172,0.01175,0.01164,0.01167,2063708.0,1771405200000,24072.40099,143,2026-02-18 08:00:00+00:00
1771405200000,0.01166,0.0117,0.01164,0.01166,229020.0,1771408800000,2671.99921,99,2026-02-18 09:00:00+00:00
1771408800000,0.01166,0.0117,0.01158,0.01158,149313.0,1771412400000,1737.078,34,2026-02-18 10:00:00+00:00
1771412400000,0.0116,0.01164,0.01148,0.01162,387456.0,1771416000000,4466.02521,101,2026-02-18 11:00:00+00:00
1771416000000,0.01159,0.01162,0.01156,0.01159,740780.0,1771419600000,8593.74785,133,2026-02-18 12:00:00+00:00
1771419600000,0.01157,0.01164,0.0114,0.01146,6046032.0,1771423200000,69435.7394,638,2026-02-18 13:00:00+00:00
1771423200000,0.01147,0.01149,0.01135,0.01146,2752936.0,1771426800000,31433.70421,187,2026-02-18 14:00:00+00:00
1771426800000,0.01146,0.01157,0.01143,0.01148,2348357.0,1771430400000,27006.84033,499,2026-02-18 15:00:00+00:00
1771430400000,0.01148,0.01148,0.01138,0.01142,650879.0,1771434000000,7435.89842,151,2026-02-18 16:00:00+00:00
1771434000000,0.01142,0.01149,0.01141,0.01144,982668.0,1771437600000,11250.75418,133,2026-02-18 17:00:00+00:00
1771437600000,0.01143,0.01146,0.01128,0.01132,2143300.0,1771441200000,24402.99573,477,2026-02-18 18:00:00+00:00
1771441200000,0.01129,0.01132,0.01105,0.01108,6744212.0,1771444800000,75017.48582,784,2026-02-18 19:00:00+00:00
1771444800000,0.01109,0.0112,0.01108,0.01112,1912639.0,1771448400000,21307.36331,336,2026-02-18 20:00:00+00:00
1771448400000,0.01111,0.01114,0.01104,0.01105,657395.0,1771452000000,7293.43666,141,2026-02-18 21:00:00+00:00
1771452000000,0.01105,0.01108,0.011,0.01106,843607.0,1771455600000,9323.28033,146,2026-02-18 22:00:00+00:00
1771455600000,0.01106,0.01113,0.01102,0.0111,2048673.0,1771459200000,22697.00081,113,2026-02-18 23:00:00+00:00
1771459200000,0.01109,0.01114,0.01096,0.01102,4910675.0,1771462800000,54236.94002,374,2026-02-19 00:00:00+00:00
1771462800000,0.01101,0.01115,0.01101,0.01113,3493923.0,1771466400000,38773.33912,422,2026-02-19 01:00:00+00:00
1771466400000,0.01112,0.01114,0.01107,0.01111,345558.0,1771470000000,3839.85129,70,2026-02-19 02:00:00+00:00
1771470000000,0.0111,0.01116,0.01109,0.01113,502601.0,1771473600000,5588.32035,123,2026-02-19 03:00:00+00:00
1771473600000,0.01112,0.01116,0.0111,0.01112,335634.0,1771477200000,3737.21427,125,2026-02-19 04:00:00+00:00
1771477200000,0.0111,0.01114,0.01102,0.01113,1548702.0,1771480800000,17152.43277,200,2026-02-19 05:00:00+00:00
1771480800000,0.01113,0.0112,0.01113,0.01118,389611.0,1771484400000,4354.84333,48,2026-02-19 06:00:00+00:00
1771484400000,0.01118,0.01118,0.01113,0.01114,483106.0,1771488000000,5385.90905,126,2026-02-19 07:00:00+00:00
1771488000000,0.01113,0.01114,0.01098,0.01106,840376.0,1771491600000,9304.09317,126,2026-02-19 08:00:00+00:00
1771491600000,0.01106,0.01112,0.01104,0.01105,645880.0,1771495200000,7146.40692,110,2026-02-19 09:00:00+00:00
1771495200000,0.01104,0.01111,0.01101,0.01109,698019.0,1771498800000,7707.62921,151,2026-02-19 10:00:00+00:00
1771498800000,0.0111,0.01112,0.0111,0.01112,298264.0,1771502400000,3314.00522,129,2026-02-19 11:00:00+00:00
1771502400000,0.01111,0.01116,0.0111,0.01113,197677.0,1771506000000,2199.89623,28,2026-02-19 12:00:00+00:00
1771506000000,0.01112,0.01112,0.0109,0.01099,1423519.0,1771509600000,15683.76065,109,2026-02-19 13:00:00+00:00
1771509600000,0.011,0.01118,0.01096,0.01117,553546.0,1771513200000,6118.35898,77,2026-02-19 14:00:00+00:00
1771513200000,0.01115,0.01123,0.011,0.01102,5225182.0,1771516800000,58168.40636,514,2026-02-19 15:00:00+00:00
1771516800000,0.01103,0.01108,0.01094,0.01097,1267318.0,1771520400000,13934.57393,206,2026-02-19 16:00:00+00:00
1771520400000,0.01097,0.01105,0.01086,0.01093,1587829.0,1771524000000,17364.69789,169,2026-02-19 17:00:00+00:00
1771524000000,0.01095,0.01105,0.01094,0.01101,805707.0,1771527600000,8861.38665,139,2026-02-19 18:00:00+00:00
1771527600000,0.011,0.01102,0.01091,0.011,2441669.0,1771531200000,26744.07008,121,2026-02-19 19:00:00+00:00
1771531200000,0.01101,0.01105,0.01099,0.01102,1191407.0,1771534800000,13135.89143,206,2026-02-19 20:00:00+00:00
1771534800000,0.01102,0.01107,0.01102,0.01105,283107.0,1771538400000,3129.83817,37,2026-02-19 21:00:00+00:00
1771538400000,0.01104,0.01106,0.011,0.01103,249816.0,1771542000000,2751.99765,37,2026-02-19 22:00:00+00:00
1771542000000,0.01103,0.01106,0.01101,0.01106,356862.0,1771545600000,3934.54566,27,2026-02-19 23:00:00+00:00
1771545600000,0.01107,0.01113,0.01107,0.0111,160511.0,1771549200000,1781.82376,30,2026-02-20 00:00:00+00:00
1771549200000,0.01109,0.0111,0.01107,0.0111,200877.0,1771552800000,2226.96648,20,2026-02-20 01:00:00+00:00
1771552800000,0.01109,0.01111,0.01106,0.01106,69152.0,1771556400000,767.01927,13,2026-02-20 02:00:00+00:00
1771556400000,0.01105,0.01111,0.01103,0.01104,452503.0,1771560000000,5008.81303,50,2026-02-20 03:00:00+00:00
1771560000000,0.01105,0.01107,0.01096,0.01104,545620.0,1771563600000,6006.00553,137,2026-02-20 04:00:00+00:00
1771563600000,0.01104,0.01114,0.01101,0.0111,470299.0,1771567200000,5200.3913,59,2026-02-20 05:00:00+00:00
1771567200000,0.01108,0.01113,0.01106,0.01113,295366.0,1771570800000,3276.45037,112,2026-02-20 06:00:00+00:00
1771570800000,0.01114,0.01114,0.01108,0.0111,149463.0,1771574400000,1659.63466,34,2026-02-20 07:00:00+00:00
1771574400000,0.01112,0.0112,0.01112,0.01117,754398.0,1771578000000,8421.1928,261,2026-02-20 08:00:00+00:00
1771578000000,0.01118,0.01123,0.01118,0.0112,885694.0,1771581600000,9935.8749,221,2026-02-20 09:00:00+00:00
1771581600000,0.0112,0.01127,0.01119,0.0112,641463.0,1771585200000,7207.54275,249,2026-02-20 10:00:00+00:00
1771585200000,0.0112,0.0112,0.01108,0.01109,420344.0,1771588800000,4681.38622,109,2026-02-20 11:00:00+00:00
1771588800000,0.01108,0.01108,0.01102,0.01102,859826.0,1771592400000,9502.85093,181,2026-02-20 12:00:00+00:00
1771592400000,0.01101,0.01101,0.01079,0.01087,3823094.0,1771596000000,41726.17483,468,2026-02-20 13:00:00+00:00
1771596000000,0.01087,0.011,0.01083,0.01092,1991702.0,1771599600000,21750.07609,351,2026-02-20 14:00:00+00:00
1771599600000,0.01093,0.01115,0.0109,0.01103,5605493.0,1771603200000,61981.24088,866,2026-02-20 15:00:00+00:00
1771603200000,0.01103,0.01112,0.01093,0.01102,2939330.0,1771606800000,32411.56303,441,2026-02-20 16:00:00+00:00
1771606800000,0.01103,0.01111,0.0109,0.01111,4686301.0,1771610400000,51603.16345,593,2026-02-20 17:00:00+00:00
1771610400000,0.01111,0.01116,0.01106,0.01113,1420635.0,1771614000000,15799.50845,332,2026-02-20 18:00:00+00:00
1771614000000,0.01115,0.01117,0.01105,0.01107,1233349.0,1771617600000,13689.80536,298,2026-02-20 19:00:00+00:00
1771617600000,0.01107,0.01112,0.01105,0.01108,581004.0,1771621200000,6437.86097,109,2026-02-20 20:00:00+00:00
1771621200000,0.01108,0.01113,0.01108,0.01113,364049.0,1771624800000,4043.3003,63,2026-02-20 21:00:00+00:00
1771624800000,0.01113,0.01114,0.01108,0.01114,125015.0,1771628400000,1389.98839,28,2026-02-20 22:00:00+00:00
1771628400000,0.01114,0.01118,0.01114,0.01118,170039.0,1771632000000,1896.71085,28,2026-02-20 23:00:00+00:00
1771632000000,0.01117,0.01125,0.01117,0.01117,569917.0,1771635600000,6385.87306,96,2026-02-21 00:00:00+00:00
1771635600000,0.01118,0.01123,0.01118,0.01123,221446.0,1771639200000,2480.21631,37,2026-02-21 01:00:00+00:00
1771639200000,0.01123,0.0113,0.01122,0.01129,396320.0,1771642800000,4464.2067,82,2026-02-21 02:00:00+00:00
1771642800000,0.01129,0.01129,0.01123,0.01125,318453.0,1771646400000,3587.57965,62,2026-02-21 03:00:00+00:00
1771646400000,0.01125,0.01125,0.01118,0.01119,557441.0,1771650000000,6257.58044,250,2026-02-21 04:00:00+00:00
1771650000000,0.01119,0.01125,0.01119,0.01122,786420.0,1771653600000,8834.4189,70,2026-02-21 05:00:00+00:00
1771653600000,0.01121,0.01123,0.01115,0.01115,176280.0,1771657200000,1973.36656,85,2026-02-21 06:00:00+00:00
1771657200000,0.01116,0.01119,0.01114,0.01115,442054.0,1771660800000,4933.07951,47,2026-02-21 07:00:00+00:00
1771660800000,0.01115,0.01127,0.01115,0.01127,237368.0,1771664400000,2658.56855,93,2026-02-21 08:00:00+00:00
1771664400000,0.01126,0.01136,0.01124,0.01128,407010.0,1771668000000,4598.1756,109,2026-02-21 09:00:00+00:00
1771668000000,0.01129,0.01133,0.01129,0.0113,216368.0,1771671600000,2450.05551,27,2026-02-21 10:00:00+00:00
1771671600000,0.0113,0.01135,0.01127,0.0113,815920.0,1771675200000,9239.23552,124,2026-02-21 11:00:00+00:00
1771675200000,0.0113,0.01132,0.01123,0.01128,619684.0,1771678800000,6989.44062,165,2026-02-21 12:00:00+00:00
1771678800000,0.01128,0.01131,0.01127,0.0113,318107.0,1771682400000,3591.99822,45,2026-02-21 13:00:00+00:00
1771682400000,0.01134,0.01135,0.01122,0.01122,2024624.0,1771686000000,22923.65815,244,2026-02-21 14:00:00+00:00
1771686000000,0.01124,0.01125,0.01119,0.01121,248709.0,1771689600000,2789.97575,121,2026-02-21 15:00:00+00:00
1771689600000,0.01119,0.01119,0.01107,0.01108,251217.0,1771693200000,2796.68163,143,2026-02-21 16:00:00+00:00
1771693200000,0.01108,0.01113,0.01104,0.01112,1124717.0,1771696800000,12442.0687,138,2026-02-21 17:00:00+00:00
1771696800000,0.01112,0.01114,0.0111,0.01113,521899.0,1771700400000,5805.5974,106,2026-02-21 18:00:00+00:00
1771700400000,0.01112,0.01117,0.01112,0.01114,644062.0,1771704000000,7182.49022,182,2026-02-21 19:00:00+00:00
1771704000000,0.01114,0.01115,0.01106,0.01106,551540.0,1771707600000,6127.69856,134,2026-02-21 20:00:00+00:00
1771707600000,0.01107,0.01111,0.01104,0.0111,907369.0,1771711200000,10045.48321,141,2026-02-21 21:00:00+00:00
1771711200000,0.01111,0.01112,0.01109,0.0111,364770.0,1771714800000,4051.57468,33,2026-02-21 22:00:00+00:00
1771714800000,0.0111,0.0111,0.01102,0.01103,2028087.0,1771718400000,22408.96553,258,2026-02-21 23:00:00+00:00
1771718400000,0.01103,0.01105,0.01089,0.01095,16578788.0,1771722000000,181786.82372,1680,2026-02-22 00:00:00+00:00
1771722000000,0.01095,0.01097,0.01091,0.01094,3333705.0,1771725600000,36469.39527,545,2026-02-22 01:00:00+00:00
1771725600000,0.01094,0.01095,0.01082,0.01088,7500204.0,1771729200000,81559.45257,1005,2026-02-22 02:00:00+00:00
1771729200000,0.01087,0.01089,0.0108,0.01086,3108099.0,1771732800000,33713.94005,473,2026-02-22 03:00:00+00:00
1771732800000,0.01086,0.01088,0.01084,0.01088,383382.0,1771736400000,4165.18145,41,2026-02-22 04:00:00+00:00
1771736400000,0.01087,0.01087,0.01082,0.01082,62596.0,1771740000000,678.66035,28,2026-02-22 05:00:00+00:00
1771740000000,0.0108,0.01086,0.01077,0.01086,1626740.0,1771743600000,17582.49626,97,2026-02-22 06:00:00+00:00
1771743600000,0.01086,0.01088,0.01084,0.01087,142235.0,1771747200000,1545.98878,16,2026-02-22 07:00:00+00:00
1771747200000,0.01085,0.01086,0.01076,0.01076,948514.0,1771750800000,10240.19084,152,2026-02-22 08:00:00+00:00
1771750800000,0.01074,0.01082,0.01074,0.01082,220262.0,1771754400000,2371.09529,93,2026-02-22 09:00:00+00:00
1771754400000,0.01084,0.0109,0.01084,0.01089,159686.0,1771758000000,1736.64046,24,2026-02-22 10:00:00+00:00
1771758000000,0.01089,0.0109,0.01085,0.01088,303729.0,1771761600000,3300.20814,47,2026-02-22 11:00:00+00:00
1771761600000,0.01086,0.01086,0.01077,0.0108,512754.0,1771765200000,5546.71852,67,2026-02-22 12:00:00+00:00
1771765200000,0.01079,0.01079,0.01068,0.01072,620726.0,1771768800000,6652.55655,101,2026-02-22 13:00:00+00:00
1771768800000,0.01073,0.01073,0.01058,0.0106,3178180.0,1771772400000,33796.83013,226,2026-02-22 14:00:00+00:00
1771772400000,0.0106,0.0107,0.01059,0.01069,952680.0,1771776000000,10135.42342,56,2026-02-22 15:00:00+00:00
1771776000000,0.01067,0.0107,0.01064,0.01069,118934.0,1771779600000,1270.88798,25,2026-02-22 16:00:00+00:00
1771779600000,0.0107,0.0107,0.0106,0.01069,603938.0,1771783200000,6440.68086,55,2026-02-22 17:00:00+00:00
1771783200000,0.01069,0.0107,0.01067,0.01068,123613.0,1771786800000,1320.15421,23,2026-02-22 18:00:00+00:00
1771786800000,0.01069,0.01069,0.01062,0.01067,723795.0,1771790400000,7705.87456,90,2026-02-22 19:00:00+00:00
1771790400000,0.01065,0.01065,0.01059,0.0106,84598.0,1771794000000,898.24786,20,2026-02-22 20:00:00+00:00
1771794000000,0.0106,0.0106,0.01055,0.01057,205330.0,1771797600000,2171.45419,58,2026-02-22 21:00:00+00:00
1771797600000,0.01057,0.01059,0.01056,0.01059,29198.0,1771801200000,308.55253,8,2026-02-22 22:00:00+00:00
1771801200000,0.01062,0.01063,0.01058,0.01061,393094.0,1771804800000,4166.74476,80,2026-02-22 23:00:00+00:00
1771804800000,0.01061,0.01061,0.01033,0.01034,1997159.0,1771808400000,20786.03279,218,2026-02-23 00:00:00+00:00
1771808400000,0.01035,0.01037,0.00989,0.00995,14019366.0,1771812000000,141552.07673,1464,2026-02-23 01:00:00+00:00
1771812000000,0.00993,0.01005,0.00992,0.01005,806770.0,1771815600000,8038.99638,73,2026-02-23 02:00:00+00:00
1771815600000,0.01006,0.01009,0.00998,0.01006,2355134.0,1771819200000,23604.05393,214,2026-02-23 03:00:00+00:00
1771819200000,0.01005,0.01005,0.00999,0.01002,449934.0,1771822800000,4510.31277,88,2026-02-23 04:00:00+00:00
1771822800000,0.01,0.01014,0.00999,0.01012,819045.0,1771826400000,8249.79794,128,2026-02-23 05:00:00+00:00
1771826400000,0.01013,0.01027,0.01013,0.01026,649599.0,1771830000000,6641.68318,79,2026-02-23 06:00:00+00:00
1771830000000,0.01025,0.01029,0.01024,0.01028,437988.0,1771833600000,4495.20243,50,2026-02-23 07:00:00+00:00
1771833600000,0.01027,0.01028,0.01023,0.01024,222924.0,1771837200000,2285.90511,32,2026-02-23 08:00:00+00:00
1771837200000,0.01026,0.0104,0.01024,0.0104,470935.0,1771840800000,4838.56428,65,2026-02-23 09:00:00+00:00
1771840800000,0.0104,0.01043,0.01033,0.01034,390461.0,1771844400000,4051.506,40,2026-02-23 10:00:00+00:00
1771844400000,0.01034,0.01039,0.01031,0.01032,153740.0,1771848000000,1588.06512,75,2026-02-23 11:00:00+00:00
1771848000000,0.01032,0.01038,0.01027,0.01032,729387.0,1771851600000,7528.32463,65,2026-02-23 12:00:00+00:00
1771851600000,0.01032,0.01032,0.0102,0.0102,1089758.0,1771855200000,11190.55638,202,2026-02-23 13:00:00+00:00
1771855200000,0.0102,0.01021,0.01008,0.01015,860920.0,1771858800000,8733.93646,101,2026-02-23 14:00:00+00:00
1771858800000,0.01017,0.0102,0.01009,0.0101,1333744.0,1771862400000,13513.76644,152,2026-02-23 15:00:00+00:00
1771862400000,0.01009,0.01015,0.01005,0.01005,1099527.0,1771866000000,11103.64886,85,2026-02-23 16:00:00+00:00
1771866000000,0.01007,0.01007,0.00991,0.00997,2214203.0,1771869600000,22123.74476,192,2026-02-23 17:00:00+00:00
1771869600000,0.00996,0.00999,0.00981,0.00984,2944780.0,1771873200000,29140.39209,549,2026-02-23 18:00:00+00:00
1771873200000,0.00984,0.00986,0.00968,0.0097,3324275.0,1771876800000,32395.69031,261,2026-02-23 19:00:00+00:00
1771876800000,0.00969,0.00969,0.00958,0.00965,8091597.0,1771880400000,77912.99496,443,2026-02-23 20:00:00+00:00
1771880400000,0.00968,0.00968,0.00962,0.00964,1084643.0,1771884000000,10448.74769,104,2026-02-23 21:00:00+00:00
1771884000000,0.00965,0.0097,0.00964,0.00965,938776.0,1771887600000,9086.93118,59,2026-02-23 22:00:00+00:00
1771887600000,0.00966,0.00972,0.00966,0.0097,1155296.0,1771891200000,11198.72888,79,2026-02-23 23:00:00+00:00
1771891200000,0.00972,0.00983,0.00971,0.00982,566086.0,1771894800000,5520.22293,122,2026-02-24 00:00:00+00:00
1771894800000,0.00982,0.00987,0.00965,0.00977,1424073.0,1771898400000,13943.4021,179,2026-02-24 01:00:00+00:00
1771898400000,0.00977,0.0098,0.00975,0.00975,166419.0,1771902000000,1625.86122,26,2026-02-24 02:00:00+00:00
1771902000000,0.00975,0.00978,0.00969,0.00977,1116755.0,1771905600000,10864.56366,130,2026-02-24 03:00:00+00:00
1771905600000,0.00976,0.00978,0.00968,0.00974,364291.0,1771909200000,3544.74626,48,2026-02-24 04:00:00+00:00
1771909200000,0.00973,0.00975,0.00963,0.00969,586253.0,1771912800000,5668.01173,136,2026-02-24 05:00:00+00:00
1771912800000,0.00969,0.0098,0.00968,0.00978,939802.0,1771916400000,9140.75678,193,2026-02-24 06:00:00+00:00
1771916400000,0.00976,0.00985,0.00975,0.00983,3695492.0,1771920000000,36191.22406,178,2026-02-24 07:00:00+00:00
1771920000000,0.00981,0.00992,0.00981,0.00992,3299633.0,1771923600000,32565.87815,536,2026-02-24 08:00:00+00:00
1771923600000,0.00992,0.00995,0.0098,0.00987,523715.0,1771927200000,5182.29369,124,2026-02-24 09:00:00+00:00
1771927200000,0.00989,0.00989,0.00974,0.00975,726293.0,1771930800000,7113.56832,182,2026-02-24 10:00:00+00:00
1771930800000,0.00975,0.00975,0.00966,0.00967,506130.0,1771934400000,4909.46755,191,2026-02-24 11:00:00+00:00
1771934400000,0.00967,0.00976,0.00966,0.00972,1002312.0,1771938000000,9732.95129,131,2026-02-24 12:00:00+00:00
1771938000000,0.00969,0.0097,0.00958,0.00967,2667668.0,1771941600000,25674.80489,322,2026-02-24 13:00:00+00:00
1771941600000,0.00965,0.00981,0.00959,0.00973,1272614.0,1771945200000,12352.44757,102,2026-02-24 14:00:00+00:00
1771945200000,0.00973,0.00984,0.00972,0.00979,330726.0,1771948800000,3228.48657,47,2026-02-24 15:00:00+00:00
1771948800000,0.00979,0.00984,0.00969,0.00977,1230933.0,1771952400000,12009.55003,93,2026-02-24 16:00:00+00:00
1771952400000,0.00978,0.00982,0.00972,0.00973,1258565.0,1771956000000,12299.42018,188,2026-02-24 17:00:00+00:00
1771956000000,0.00974,0.00979,0.00971,0.00974,543981.0,1771959600000,5302.4553,53,2026-02-24 18:00:00+00:00
1771959600000,0.00972,0.00975,0.0097,0.00972,143880.0,1771963200000,1399.62956,30,2026-02-24 19:00:00+00:00
1771963200000,0.00972,0.00974,0.00969,0.00969,393297.0,1771966800000,3821.97325,41,2026-02-24 20:00:00+00:00
1771966800000,0.00969,0.0097,0.00964,0.00969,802373.0,1771970400000,7766.02923,122,2026-02-24 21:00:00+00:00
1771970400000,0.0097,0.00974,0.00967,0.00967,257515.0,1771974000000,2498.04329,23,2026-02-24 22:00:00+00:00
1771974000000,0.00966,0.00969,0.00961,0.00961,585017.0,1771977600000,5648.40773,284,2026-02-24 23:00:00+00:00
1771977600000,0.00962,0.00972,0.00961,0.00972,866323.0,1771981200000,8370.92361,69,2026-02-25 00:00:00+00:00
1771981200000,0.0097,0.00991,0.0097,0.00985,979519.0,1771984800000,9632.27387,128,2026-02-25 01:00:00+00:00
1771984800000,0.00984,0.0099,0.00984,0.00985,2136855.0,1771988400000,21088.99835,338,2026-02-25 02:00:00+00:00
1771988400000,0.00985,0.00985,0.00974,0.00975,439120.0,1771992000000,4295.9283,66,2026-02-25 03:00:00+00:00
1771992000000,0.00974,0.00981,0.00968,0.0098,1458593.0,1771995600000,14238.70313,118,2026-02-25 04:00:00+00:00
1771995600000,0.00976,0.00976,0.00967,0.00973,599299.0,1771999200000,5819.81544,63,2026-02-25 05:00:00+00:00
1771999200000,0.00973,0.00974,0.0097,0.0097,384701.0,1772002800000,3742.68789,43,2026-02-25 06:00:00+00:00
1772002800000,0.00969,0.00975,0.00967,0.00975,579146.0,1772006400000,5618.87054,65,2026-02-25 07:00:00+00:00
1772006400000,0.00975,0.00976,0.00972,0.00975,658292.0,1772010000000,6416.78743,96,2026-02-25 08:00:00+00:00
1772010000000,0.00977,0.00993,0.00977,0.00987,2787166.0,1772013600000,27495.63934,327,2026-02-25 09:00:00+00:00
1772013600000,0.0099,0.00993,0.00988,0.00991,2047252.0,1772017200000,20290.22562,151,2026-02-25 10:00:00+00:00
1772017200000,0.00992,0.01003,0.00991,0.01,965580.0,1772020800000,9610.55171,70,2026-02-25 11:00:00+00:00
1772020800000,0.01,0.01008,0.00995,0.01007,1708543.0,1772024400000,17118.72282,234,2026-02-25 12:00:00+00:00
1772024400000,0.01008,0.01021,0.01006,0.01011,3229445.0,1772028000000,32643.04495,423,2026-02-25 13:00:00+00:00
1772028000000,0.01013,0.01024,0.01008,0.01023,4860253.0,1772031600000,49472.97781,815,2026-02-25 14:00:00+00:00
1772031600000,0.01027,0.01033,0.01016,0.01028,4188325.0,1772035200000,42886.0747,563,2026-02-25 15:00:00+00:00
1772035200000,0.01031,0.01044,0.01031,0.01043,1393907.0,1772038800000,14453.05082,214,2026-02-25 16:00:00+00:00
1772038800000,0.01043,0.01056,0.01043,0.01049,3397155.0,1772042400000,35645.6466,246,2026-02-25 17:00:00+00:00
1772042400000,0.01052,0.01062,0.01051,0.01061,965050.0,1772046000000,10209.96538,269,2026-02-25 18:00:00+00:00
1772046000000,0.01064,0.01069,0.01054,0.01067,2297763.0,1772049600000,24415.80729,565,2026-02-25 19:00:00+00:00
1772049600000,0.01071,0.01075,0.01065,0.01066,1728337.0,1772053200000,18511.34453,367,2026-02-25 20:00:00+00:00
1772053200000,0.01066,0.01076,0.01063,0.01073,3116371.0,1772056800000,33336.40186,611,2026-02-25 21:00:00+00:00
1772056800000,0.01075,0.01085,0.01061,0.01065,2749950.0,1772060400000,29525.27083,441,2026-02-25 22:00:00+00:00
1772060400000,0.01068,0.01072,0.01046,0.01069,3995142.0,1772064000000,42276.0436,590,2026-02-25 23:00:00+00:00
1772064000000,0.0107,0.01081,0.0105,0.01055,8285499.0,1772067600000,88696.97511,577,2026-02-26 00:00:00+00:00
1772067600000,0.01054,0.0106,0.01044,0.01046,2370895.0,1772071200000,24964.90084,205,2026-02-26 01:00:00+00:00
1772071200000,0.01047,0.01059,0.01044,0.01056,1858919.0,1772074800000,19570.92077,135,2026-02-26 02:00:00+00:00
1772074800000,0.01058,0.01063,0.01051,0.01052,1880822.0,1772078400000,19865.69362,167,2026-02-26 03:00:00+00:00
1772078400000,0.01053,0.01055,0.0105,0.01052,406584.0,1772082000000,4283.35042,45,2026-02-26 04:00:00+00:00
1772082000000,0.01051,0.01051,0.01035,0.01042,1493791.0,1772085600000,15534.36471,208,2026-02-26 05:00:00+00:00
1772085600000,0.01041,0.01044,0.01035,0.01036,155061.0,1772089200000,1613.11588,82,2026-02-26 06:00:00+00:00
1772089200000,0.01035,0.01037,0.01031,0.01031,564654.0,1772092800000,5837.3413,64,2026-02-26 07:00:00+00:00
1772092800000,0.01032,0.01035,0.01025,0.0103,2182336.0,1772096400000,22486.0716,300,2026-02-26 08:00:00+00:00
1772096400000,0.01027,0.01039,0.01025,0.01036,1659982.0,1772100000000,17163.62244,273,2026-02-26 09:00:00+00:00
1772100000000,0.01037,0.01037,0.01016,0.01017,1434237.0,1772103600000,14754.32489,221,2026-02-26 10:00:00+00:00
1772103600000,0.01017,0.01025,0.01016,0.01025,707538.0,1772107200000,7221.36094,143,2026-02-26 11:00:00+00:00
1772107200000,0.01024,0.01034,0.01023,0.01033,641748.0,1772110800000,6591.94103,101,2026-02-26 12:00:00+00:00
1772110800000,0.01033,0.01034,0.01024,0.01025,999860.0,1772114400000,10286.70731,61,2026-02-26 13:00:00+00:00
1772114400000,0.01024,0.01029,0.01018,0.01024,571747.0,1772118000000,5852.0658,64,2026-02-26 14:00:00+00:00
1772118000000,0.01022,0.01024,0.01013,0.01019,2202318.0,1772121600000,22408.62426,487,2026-02-26 15:00:00+00:00
1772121600000,0.01019,0.01019,0.00986,0.0099,3674405.0,1772125200000,36833.65096,558,2026-02-26 16:00:00+00:00
1772125200000,0.00989,0.01001,0.00986,0.00991,1917049.0,1772128800000,19039.19893,429,2026-02-26 17:00:00+00:00
1772128800000,0.00991,0.01001,0.00983,0.01001,636306.0,1772132400000,6287.73043,90,2026-02-26 18:00:00+00:00
1772132400000,0.01003,0.01017,0.01001,0.01014,3220184.0,1772136000000,32552.30165,464,2026-02-26 19:00:00+00:00
1772136000000,0.01015,0.01015,0.01006,0.01007,982364.0,1772139600000,9921.87108,233,2026-02-26 20:00:00+00:00
1772139600000,0.01007,0.01012,0.01003,0.01012,1191188.0,1772143200000,11985.44336,190,2026-02-26 21:00:00+00:00
1772143200000,0.01011,0.01013,0.01006,0.01012,671508.0,1772146800000,6777.45102,160,2026-02-26 22:00:00+00:00
1772146800000,0.01012,0.01018,0.01011,0.01013,879490.0,1772150400000,8920.93678,188,2026-02-26 23:00:00+00:00
1772150400000,0.01014,0.01014,0.01005,0.01011,2944095.0,1772154000000,29699.82466,463,2026-02-27 00:00:00+00:00
1772154000000,0.01009,0.01012,0.01004,0.01011,2022895.0,1772157600000,20389.70744,211,2026-02-27 01:00:00+00:00
1772157600000,0.01012,0.01032,0.01012,0.01024,1357720.0,1772161200000,13915.54111,118,2026-02-27 02:00:00+00:00
1772161200000,0.01024,0.01032,0.01021,0.01032,2701430.0,1772164800000,27648.48888,409,2026-02-27 03:00:00+00:00
1772164800000,0.01033,0.01045,0.01032,0.01043,1730098.0,1772168400000,17975.22001,242,2026-02-27 04:00:00+00:00
1772168400000,0.01043,0.01047,0.01042,0.01044,646375.0,1772172000000,6750.44918,63,2026-02-27 05:00:00+00:00
1772172000000,0.01044,0.01045,0.01036,0.0104,1880483.0,1772175600000,19542.86963,148,2026-02-27 06:00:00+00:00
1772175600000,0.01039,0.01041,0.0103,0.0104,2652198.0,1772179200000,27419.35704,333,2026-02-27 07:00:00+00:00
1772179200000,0.01041,0.01049,0.01039,0.01041,2600982.0,1772182800000,27163.90818,262,2026-02-27 08:00:00+00:00
1772182800000,0.0104,0.01043,0.01033,0.01034,995746.0,1772186400000,10328.70413,151,2026-02-27 09:00:00+00:00
1772186400000,0.01032,0.01035,0.0102,0.01028,3152360.0,1772190000000,32428.66935,369,2026-02-27 10:00:00+00:00
1772190000000,0.01029,0.01038,0.0102,0.01027,729782.0,1772193600000,7516.43751,103,2026-02-27 11:00:00+00:00
1772193600000,0.01022,0.01025,0.01015,0.01017,1156259.0,1772197200000,11777.76538,156,2026-02-27 12:00:00+00:00
1772197200000,0.01021,0.01021,0.01001,0.01017,3327960.0,1772200800000,33640.9607,260,2026-02-27 13:00:00+00:00
1772200800000,0.01016,0.01018,0.01008,0.01012,2162894.0,1772204400000,21900.89637,293,2026-02-27 14:00:00+00:00
1772204400000,0.01011,0.01018,0.01011,0.01017,1219727.0,1772208000000,12379.81696,169,2026-02-27 15:00:00+00:00
1772208000000,0.01017,0.01019,0.01004,0.01004,6796099.0,1772211600000,68819.56083,820,2026-02-27 16:00:00+00:00
1772211600000,0.01006,0.01014,0.00997,0.01013,4658488.0,1772215200000,46663.82257,365,2026-02-27 17:00:00+00:00
1772215200000,0.01015,0.0102,0.01011,0.01011,674855.0,1772218800000,6861.03038,102,2026-02-27 18:00:00+00:00
1772218800000,0.0101,0.01011,0.01003,0.01007,148625.0,1772222400000,1496.96615,25,2026-02-27 19:00:00+00:00
1772222400000,0.01006,0.01007,0.01003,0.01004,90026.0,1772226000000,904.94834,19,2026-02-27 20:00:00+00:00
1772226000000,0.01004,0.01005,0.00995,0.00995,505576.0,1772229600000,5059.07729,187,2026-02-27 21:00:00+00:00
1772229600000,0.00997,0.00999,0.00981,0.00999,2322902.0,1772233200000,23082.46667,258,2026-02-27 22:00:00+00:00
1772233200000,0.00998,0.01008,0.00997,0.01006,529099.0,1772236800000,5309.09169,85,2026-02-27 23:00:00+00:00
1772236800000,0.01006,0.01009,0.01002,0.01009,311640.0,1772240400000,3130.21627,81,2026-02-28 00:00:00+00:00
1772240400000,0.01009,0.0101,0.01002,0.01005,315379.0,1772244000000,3172.47951,56,2026-02-28 01:00:00+00:00
1772244000000,0.01004,0.01005,0.01001,0.01005,114753.0,1772247600000,1151.45769,46,2026-02-28 02:00:00+00:00
1772247600000,0.01004,0.01005,0.00999,0.01,360735.0,1772251200000,3614.81372,53,2026-02-28 03:00:00+00:00
1772251200000,0.00999,0.00999,0.00992,0.00995,1398290.0,1772254800000,13912.71966,167,2026-02-28 04:00:00+00:00
1772254800000,0.00993,0.00995,0.00984,0.00986,1109692.0,1772258400000,10944.77838,145,2026-02-28 05:00:00+00:00
1772258400000,0.00986,0.00987,0.00944,0.00945,3155882.0,1772262000000,30429.51557,637,2026-02-28 06:00:00+00:00
1772262000000,0.00943,0.00963,0.00934,0.00948,4921989.0,1772265600000,46586.01062,470,2026-02-28 07:00:00+00:00
1772265600000,0.00944,0.00944,0.00933,0.00936,2455640.0,1772269200000,23055.01031,262,2026-02-28 08:00:00+00:00
1772269200000,0.00935,0.00939,0.00927,0.00932,1361907.0,1772272800000,12730.42358,239,2026-02-28 09:00:00+00:00
1772272800000,0.00928,0.00942,0.00924,0.00934,2940192.0,1772276400000,27348.18043,525,2026-02-28 10:00:00+00:00
1772276400000,0.00934,0.0094,0.00929,0.00931,2682793.0,1772280000000,25109.66657,226,2026-02-28 11:00:00+00:00
1772280000000,0.00929,0.00933,0.00928,0.00932,2672728.0,1772283600000,24865.55238,375,2026-02-28 12:00:00+00:00
1772283600000,0.00932,0.00945,0.00916,0.00945,4612160.0,1772287200000,42962.10804,625,2026-02-28 13:00:00+00:00
1772287200000,0.00948,0.00955,0.00937,0.00937,3326420.0,1772290800000,31413.74459,412,2026-02-28 14:00:00+00:00
1772290800000,0.00939,0.00946,0.0093,0.00939,2069197.0,1772294400000,19429.65702,352,2026-02-28 15:00:00+00:00
1772294400000,0.00937,0.00944,0.00934,0.00944,839797.0,1772298000000,7893.31393,136,2026-02-28 16:00:00+00:00
1772298000000,0.00944,0.00953,0.00934,0.00952,3597960.0,1772301600000,33837.00338,429,2026-02-28 17:00:00+00:00
1772301600000,0.0095,0.00976,0.00949,0.00974,4086454.0,1772305200000,39447.81582,410,2026-02-28 18:00:00+00:00
1772305200000,0.00975,0.00995,0.00972,0.00988,1484368.0,1772308800000,14615.00296,291,2026-02-28 19:00:00+00:00
1772308800000,0.00989,0.00996,0.00986,0.00993,1327992.0,1772312400000,13174.01299,217,2026-02-28 20:00:00+00:00
1772312400000,0.00996,0.00998,0.0099,0.00993,935083.0,1772316000000,9278.64732,175,2026-02-28 21:00:00+00:00
1772316000000,0.00994,0.01007,0.00994,0.01004,2639889.0,1772319600000,26375.76688,172,2026-02-28 22:00:00+00:00
1772319600000,0.01005,0.0101,0.01,0.0101,1351960.0,1772323200000,13585.35813,241,2026-02-28 23:00:00+00:00
1772323200000,0.01011,0.01024,0.01008,0.01015,7965055.0,1772326799999,81092.97816,516,2026-03-01 00:00:00+00:00
1772326800000,0.01017,0.01038,0.01011,0.01033,1973428.0,1772330399999,20173.24504,266,2026-03-01 01:00:00+00:00
1772330400000,0.01035,0.01053,0.01035,0.01042,2731323.0,1772333999999,28506.5457,246,2026-03-01 02:00:00+00:00
1772334000000,0.01041,0.01043,0.01033,0.01034,1527612.0,1772337599999,15856.37035,283,2026-03-01 03:00:00+00:00
1772337600000,0.01038,0.01041,0.01026,0.01033,1500142.0,1772341199999,15478.12513,145,2026-03-01 04:00:00+00:00
1772341200000,0.01035,0.01038,0.01032,0.01032,2162769.0,1772344799999,22364.67949,220,2026-03-01 05:00:00+00:00
1772344800000,0.01032,0.01036,0.01023,0.01027,2292173.0,1772348399999,23595.55725,387,2026-03-01 06:00:00+00:00
1772348400000,0.01027,0.01029,0.01025,0.01029,197092.0,1772351999999,2024.38898,31,2026-03-01 07:00:00+00:00
1772352000000,0.01032,0.01034,0.01014,0.01014,595676.0,1772355599999,6087.98078,82,2026-03-01 08:00:00+00:00
1772355600000,0.01015,0.01023,0.0101,0.01011,1090347.0,1772359199999,11091.75359,210,2026-03-01 09:00:00+00:00
1772359200000,0.01013,0.01019,0.01009,0.01014,906869.0,1772362799999,9181.02712,76,2026-03-01 10:00:00+00:00
1772362800000,0.01014,0.01024,0.01013,0.01013,688081.0,1772366399999,6986.72582,78,2026-03-01 11:00:00+00:00
1772366400000,0.01013,0.01015,0.01001,0.01001,472034.0,1772369999999,4760.82477,68,2026-03-01 12:00:00+00:00
1772370000000,0.01002,0.0102,0.00995,0.0101,2542437.0,1772373599999,25690.15156,270,2026-03-01 13:00:00+00:00
1772373600000,0.0101,0.01014,0.00995,0.00995,1081008.0,1772377199999,10876.8289,78,2026-03-01 14:00:00+00:00
1772377200000,0.00995,0.01,0.00995,0.00995,543262.0,1772380799999,5419.3558,56,2026-03-01 15:00:00+00:00
1772380800000,0.00995,0.01001,0.0098,0.00986,694976.0,1772384399999,6881.01093,164,2026-03-01 16:00:00+00:00
1772384400000,0.00987,0.00987,0.00977,0.00978,393852.0,1772387999999,3868.34157,92,2026-03-01 17:00:00+00:00
1772388000000,0.00977,0.00989,0.00977,0.00982,395007.0,1772391599999,3878.78383,114,2026-03-01 18:00:00+00:00
1772391600000,0.00982,0.00982,0.00972,0.00972,656746.0,1772395199999,6415.0626,248,2026-03-01 19:00:00+00:00
1772395200000,0.00972,0.00973,0.00956,0.00957,1251170.0,1772398799999,12046.87361,387,2026-03-01 20:00:00+00:00
1772398800000,0.00956,0.00969,0.00956,0.00969,545026.0,1772402399999,5252.07094,270,2026-03-01 21:00:00+00:00
1772402400000,0.00966,0.00978,0.00963,0.00965,2252993.0,1772405999999,21920.67605,419,2026-03-01 22:00:00+00:00
1772406000000,0.00964,0.00972,0.00961,0.0097,847943.0,1772409599999,8209.0569,135,2026-03-01 23:00:00+00:00
1772409600000,0.0097,0.00986,0.00968,0.00986,1055398.0,1772413199999,10293.70626,86,2026-03-02 00:00:00+00:00
1772413200000,0.00986,0.00994,0.00983,0.00987,235800.0,1772416799999,2330.6503,38,2026-03-02 01:00:00+00:00
1772416800000,0.00988,0.00988,0.00978,0.00984,406074.0,1772420399999,3993.33534,48,2026-03-02 02:00:00+00:00
1772420400000,0.00985,0.0099,0.00979,0.00988,3791701.0,1772423999999,37362.31889,148,2026-03-02 03:00:00+00:00
1772424000000,0.00986,0.00987,0.00979,0.00981,753518.0,1772427599999,7405.00349,125,2026-03-02 04:00:00+00:00
1772427600000,0.0098,0.00987,0.00973,0.00977,532806.0,1772431199999,5222.07286,74,2026-03-02 05:00:00+00:00
1772431200000,0.00977,0.00977,0.00964,0.00967,642090.0,1772434799999,6238.6382,80,2026-03-02 06:00:00+00:00
1772434800000,0.00967,0.0097,0.00955,0.00966,1034611.0,1772438399999,9987.44985,137,2026-03-02 07:00:00+00:00
1772438400000,0.00966,0.00974,0.00958,0.00974,2715641.0,1772441999999,26160.21068,211,2026-03-02 08:00:00+00:00
1772442000000,0.00974,0.0098,0.00972,0.00972,814885.0,1772445599999,7964.30219,183,2026-03-02 09:00:00+00:00
1772445600000,0.00972,0.00976,0.00971,0.00976,360560.0,1772449199999,3512.77334,43,2026-03-02 10:00:00+00:00
1772449200000,0.00977,0.00979,0.00971,0.00977,2263438.0,1772452799999,22072.83786,455,2026-03-02 11:00:00+00:00
1772452800000,0.00978,0.00984,0.00974,0.00975,429414.0,1772456399999,4205.18692,85,2026-03-02 12:00:00+00:00
1772456400000,0.00975,0.00978,0.0097,0.00971,450869.0,1772459999999,4386.81968,63,2026-03-02 13:00:00+00:00
1772460000000,0.00971,0.01003,0.00971,0.00999,1291438.0,1772463599999,12711.17027,302,2026-03-02 14:00:00+00:00
1772463600000,0.01004,0.01028,0.01003,0.01023,3419509.0,1772467199999,34818.93753,501,2026-03-02 15:00:00+00:00
1772467200000,0.01023,0.01031,0.01016,0.01028,738497.0,1772470799999,7569.98454,152,2026-03-02 16:00:00+00:00
1772470800000,0.01026,0.01034,0.01017,0.01029,1617867.0,1772474399999,16563.35141,462,2026-03-02 17:00:00+00:00
1772474400000,0.0103,0.01039,0.01026,0.01032,2658960.0,1772477999999,27486.75826,426,2026-03-02 18:00:00+00:00
1772478000000,0.01035,0.01038,0.0103,0.01036,751400.0,1772481599999,7767.67763,128,2026-03-02 19:00:00+00:00
1772481600000,0.01037,0.01043,0.01027,0.01027,1299822.0,1772485199999,13416.89243,133,2026-03-02 20:00:00+00:00
1772485200000,0.01022,0.01031,0.0102,0.01028,318821.0,1772488799999,3274.0934,70,2026-03-02 21:00:00+00:00
1772488800000,0.01029,0.01039,0.01029,0.01037,681829.0,1772492399999,7053.06497,221,2026-03-02 22:00:00+00:00
1772492400000,0.01036,0.01039,0.01024,0.01029,2937140.0,1772495999999,30280.43609,386,2026-03-02 23:00:00+00:00
1772496000000,0.0103,0.01035,0.01023,0.0103,1056166.0,1772499599999,10892.52321,105,2026-03-03 00:00:00+00:00
1772499600000,0.01035,0.01059,0.01029,0.01032,6717858.0,1772503199999,70271.5337,564,2026-03-03 01:00:00+00:00
1772503200000,0.01034,0.01047,0.01029,0.01045,2344873.0,1772506799999,24371.351,414,2026-03-03 02:00:00+00:00
1772506800000,0.01045,0.01051,0.01041,0.01047,977383.0,1772510399999,10220.02505,318,2026-03-03 03:00:00+00:00
1772510400000,0.01049,0.01054,0.01043,0.01052,1201372.0,1772513999999,12606.5584,186,2026-03-03 04:00:00+00:00
1772514000000,0.01054,0.01062,0.01042,0.01048,782680.0,1772517599999,8239.02093,134,2026-03-03 05:00:00+00:00
1772517600000,0.01048,0.01057,0.01042,0.01047,2333035.0,1772521199999,24480.78689,393,2026-03-03 06:00:00+00:00
1772521200000,0.01048,0.01056,0.01047,0.01055,925681.0,1772524799999,9737.67873,132,2026-03-03 07:00:00+00:00
1772524800000,0.01055,0.01059,0.01029,0.01031,2131444.0,1772528399999,22249.49472,226,2026-03-03 08:00:00+00:00
1772528400000,0.01031,0.01036,0.01019,0.01019,2063154.0,1772531999999,21198.53619,414,2026-03-03 09:00:00+00:00
1772532000000,0.01019,0.01019,0.01011,0.01011,736230.0,1772535599999,7469.12828,210,2026-03-03 10:00:00+00:00
1772535600000,0.01014,0.01019,0.0101,0.01019,657165.0,1772539199999,6656.9833,39,2026-03-03 11:00:00+00:00
1772539200000,0.01018,0.01031,0.01016,0.01023,774914.0,1772542799999,7923.70998,208,2026-03-03 12:00:00+00:00
1772542800000,0.01024,0.01024,0.0101,0.01015,1074571.0,1772546399999,10932.08155,198,2026-03-03 13:00:00+00:00
1772546400000,0.01016,0.01023,0.01006,0.01021,2761502.0,1772549999999,28028.68197,180,2026-03-03 14:00:00+00:00
1772550000000,0.0102,0.0103,0.01011,0.01025,2590470.0,1772553599999,26357.71531,287,2026-03-03 15:00:00+00:00
1772553600000,0.01026,0.01057,0.01026,0.01049,1687979.0,1772557199999,17596.17446,356,2026-03-03 16:00:00+00:00
1772557200000,0.01046,0.01057,0.01034,0.01055,1851969.0,1772560799999,19333.99937,146,2026-03-03 17:00:00+00:00
1772560800000,0.01055,0.01067,0.0105,0.01061,3719226.0,1772564399999,39436.12116,295,2026-03-03 18:00:00+00:00
1772564400000,0.01063,0.01085,0.01057,0.01076,7242661.0,1772567999999,77662.83743,798,2026-03-03 19:00:00+00:00
1772568000000,0.01075,0.01101,0.0107,0.01073,6307159.0,1772571599999,68366.52055,817,2026-03-03 20:00:00+00:00
1772571600000,0.01076,0.01086,0.01072,0.01085,1820100.0,1772575199999,19639.25343,527,2026-03-03 21:00:00+00:00
1772575200000,0.01085,0.01093,0.01069,0.01079,4094927.0,1772578799999,44304.46047,394,2026-03-03 22:00:00+00:00
1772578800000,0.01085,0.01087,0.01079,0.01081,381069.0,1772582399999,4123.86109,168,2026-03-03 23:00:00+00:00
1772582400000,0.0108,0.01081,0.01058,0.01058,1483696.0,1772585999999,15795.021,136,2026-03-04 00:00:00+00:00
1772586000000,0.01062,0.01065,0.01052,0.01058,741171.0,1772589599999,7839.32317,114,2026-03-04 01:00:00+00:00
1772589600000,0.0106,0.01061,0.01046,0.0106,1250213.0,1772593199999,13141.89326,169,2026-03-04 02:00:00+00:00
1772593200000,0.01058,0.0108,0.01055,0.0107,13258945.0,1772596799999,142042.31329,1692,2026-03-04 03:00:00+00:00
1772596800000,0.01072,0.01074,0.0106,0.01069,2075496.0,1772600399999,22147.9999,515,2026-03-04 04:00:00+00:00
1772600400000,0.0107,0.01078,0.01063,0.01074,1125516.0,1772603999999,12041.38282,364,2026-03-04 05:00:00+00:00
1772604000000,0.01073,0.01094,0.01062,0.01081,12042226.0,1772607599999,129491.82073,1246,2026-03-04 06:00:00+00:00
1772607600000,0.01079,0.01091,0.01055,0.01067,12919321.0,1772611199999,138323.07857,1258,2026-03-04 07:00:00+00:00
1772611200000,0.01067,0.01088,0.01058,0.01086,6140558.0,1772614799999,65808.37415,710,2026-03-04 08:00:00+00:00
1772614800000,0.01087,0.01088,0.01072,0.01086,6610056.0,1772618399999,71312.91156,904,2026-03-04 09:00:00+00:00
1772618400000,0.01084,0.01084,0.0106,0.01067,2754099.0,1772621999999,29482.58181,402,2026-03-04 10:00:00+00:00
1772622000000,0.01065,0.01067,0.01056,0.01062,1586659.0,1772625599999,16854.72637,213,2026-03-04 11:00:00+00:00
1772625600000,0.01063,0.01064,0.01053,0.01063,608598.0,1772629199999,6450.20577,98,2026-03-04 12:00:00+00:00
1772629200000,0.01063,0.01071,0.01063,0.01071,412117.0,1772632799999,4401.78383,66,2026-03-04 13:00:00+00:00
1772632800000,0.0107,0.01081,0.01063,0.01064,4452295.0,1772636399999,47706.72008,495,2026-03-04 14:00:00+00:00
1772636400000,0.01064,0.01084,0.0106,0.01077,6789278.0,1772639999999,72969.44221,585,2026-03-04 15:00:00+00:00
1772640000000,0.01076,0.01076,0.01063,0.01068,4132763.0,1772643599999,44185.75364,404,2026-03-04 16:00:00+00:00
1772643600000,0.01066,0.01068,0.01055,0.01061,2557112.0,1772647199999,27088.7065,258,2026-03-04 17:00:00+00:00
1772647200000,0.01061,0.01078,0.0106,0.01077,2366650.0,1772650799999,25409.0206,297,2026-03-04 18:00:00+00:00
1772650800000,0.01078,0.01094,0.01076,0.01082,4109633.0,1772654399999,44595.71347,472,2026-03-04 19:00:00+00:00
1772654400000,0.01082,0.01088,0.01077,0.01077,1955050.0,1772657999999,21157.64331,276,2026-03-04 20:00:00+00:00
1772658000000,0.01077,0.0108,0.01073,0.01077,1534940.0,1772661599999,16534.01851,100,2026-03-04 21:00:00+00:00
1772661600000,0.01077,0.01083,0.01065,0.01065,556096.0,1772665199999,5986.6056,59,2026-03-04 22:00:00+00:00
1772665200000,0.01067,0.01069,0.01055,0.01067,3397847.0,1772668799999,36093.88462,186,2026-03-04 23:00:00+00:00
1772668800000,0.01067,0.01067,0.01062,0.01066,774335.0,1772672399999,8247.62011,72,2026-03-05 00:00:00+00:00
1772672400000,0.01064,0.01068,0.01046,0.01052,725572.0,1772675999999,7636.84375,94,2026-03-05 01:00:00+00:00
1772676000000,0.01052,0.0106,0.01052,0.01057,451921.0,1772679599999,4773.69905,100,2026-03-05 02:00:00+00:00
1772679600000,0.01056,0.01059,0.01054,0.01054,165718.0,1772683199999,1749.27616,41,2026-03-05 03:00:00+00:00
1772683200000,0.01054,0.0106,0.01048,0.01059,1914263.0,1772686799999,20226.54391,165,2026-03-05 04:00:00+00:00
1772686800000,0.01059,0.01059,0.01053,0.01056,147264.0,1772690399999,1552.9751,30,2026-03-05 05:00:00+00:00
1772690400000,0.01055,0.01057,0.01044,0.01055,1105236.0,1772693999999,11603.45238,136,2026-03-05 06:00:00+00:00
1772694000000,0.01054,0.01058,0.01027,0.01042,1938481.0,1772697599999,20107.6234,161,2026-03-05 07:00:00+00:00
1772697600000,0.01044,0.01049,0.01041,0.01048,681110.0,1772701199999,7109.53336,72,2026-03-05 08:00:00+00:00
1772701200000,0.01049,0.01055,0.01049,0.01055,827750.0,1772704799999,8702.9557,87,2026-03-05 09:00:00+00:00
1772704800000,0.01055,0.01062,0.01052,0.01062,308771.0,1772708399999,3258.77296,128,2026-03-05 10:00:00+00:00
1772708400000,0.01059,0.01064,0.01056,0.0106,1631298.0,1772711999999,17295.99235,107,2026-03-05 11:00:00+00:00
1772712000000,0.01059,0.01066,0.01057,0.01062,357750.0,1772715599999,3796.94448,52,2026-03-05 12:00:00+00:00
1772715600000,0.01062,0.01062,0.01045,0.01053,2936073.0,1772719199999,30911.4158,343,2026-03-05 13:00:00+00:00
1772719200000,0.01054,0.01062,0.0105,0.0106,767419.0,1772722799999,8100.80556,110,2026-03-05 14:00:00+00:00
1772722800000,0.0106,0.0106,0.01039,0.01044,820117.0,1772726399999,8577.25957,137,2026-03-05 15:00:00+00:00
1772726400000,0.01042,0.01042,0.01021,0.01039,2351588.0,1772729999999,24223.38549,207,2026-03-05 16:00:00+00:00
1772730000000,0.01039,0.0104,0.01016,0.01016,5706643.0,1772733599999,58391.33475,609,2026-03-05 17:00:00+00:00
1772733600000,0.01016,0.01027,0.01014,0.01027,794559.0,1772737199999,8083.60639,86,2026-03-05 18:00:00+00:00
1772737200000,0.01027,0.01037,0.01025,0.01025,1085856.0,1772740799999,11182.3598,154,2026-03-05 19:00:00+00:00
1772740800000,0.01025,0.01035,0.01024,0.01035,273227.0,1772744399999,2811.63071,42,2026-03-05 20:00:00+00:00
1772744400000,0.01034,0.01034,0.01026,0.01026,57947.0,1772747999999,597.8233,19,2026-03-05 21:00:00+00:00
1772748000000,0.01027,0.01033,0.01024,0.0103,325849.0,1772751599999,3350.12658,43,2026-03-05 22:00:00+00:00
1772751600000,0.01028,0.0103,0.01023,0.01023,91942.0,1772755199999,943.217,25,2026-03-05 23:00:00+00:00
1772755200000,0.01024,0.01025,0.0102,0.01021,564778.0,1772758799999,5770.04301,96,2026-03-06 00:00:00+00:00
1772758800000,0.01019,0.01023,0.01014,0.01021,667485.0,1772762399999,6798.05854,107,2026-03-06 01:00:00+00:00
1772762400000,0.01021,0.01022,0.01017,0.01017,483651.0,1772765999999,4932.34952,35,2026-03-06 02:00:00+00:00
1772766000000,0.01017,0.0102,0.01015,0.0102,1609305.0,1772769599999,16380.37093,91,2026-03-06 03:00:00+00:00
1772769600000,0.01019,0.01019,0.01004,0.01006,1440382.0,1772773199999,14591.10532,148,2026-03-06 04:00:00+00:00
1772773200000,0.01009,0.01012,0.01005,0.0101,677780.0,1772776799999,6828.05357,198,2026-03-06 05:00:00+00:00
1772776800000,0.01009,0.01014,0.01006,0.01012,574722.0,1772780399999,5801.77233,250,2026-03-06 06:00:00+00:00
1772780400000,0.01011,0.01023,0.0101,0.01021,998548.0,1772783999999,10129.49616,349,2026-03-06 07:00:00+00:00
1772784000000,0.0102,0.0102,0.01011,0.01012,1140409.0,1772787599999,11579.21813,108,2026-03-06 08:00:00+00:00
1772787600000,0.01012,0.01014,0.01003,0.01009,2382270.0,1772791199999,24017.60876,395,2026-03-06 09:00:00+00:00
1772791200000,0.01009,0.0102,0.01008,0.0102,521790.0,1772794799999,5291.2148,120,2026-03-06 10:00:00+00:00
1772794800000,0.01019,0.01025,0.01015,0.01017,1816434.0,1772798399999,18570.54783,160,2026-03-06 11:00:00+00:00
1772798400000,0.01015,0.01027,0.01014,0.01026,3091335.0,1772801999999,31559.66464,304,2026-03-06 12:00:00+00:00
1772802000000,0.01027,0.01038,0.01012,0.01014,7695787.0,1772805599999,79112.64571,1132,2026-03-06 13:00:00+00:00
1772805600000,0.01011,0.01023,0.01,0.01004,4199166.0,1772809199999,42366.43774,895,2026-03-06 14:00:00+00:00
1772809200000,0.01003,0.01008,0.00998,0.01001,2911223.0,1772812799999,29186.9318,1236,2026-03-06 15:00:00+00:00
1772812800000,0.01001,0.01009,0.00997,0.01005,1428762.0,1772816399999,14303.3837,709,2026-03-06 16:00:00+00:00
1772816400000,0.01002,0.01005,0.00994,0.01001,1112189.0,1772819999999,11121.72051,477,2026-03-06 17:00:00+00:00
1772820000000,0.00998,0.01011,0.00998,0.01009,794606.0,1772823599999,7997.36248,303,2026-03-06 18:00:00+00:00
1772823600000,0.01009,0.01017,0.01009,0.0101,1031874.0,1772827199999,10455.05656,215,2026-03-06 19:00:00+00:00
1772827200000,0.01009,0.01011,0.01004,0.01009,101215.0,1772830799999,1020.8683,30,2026-03-06 20:00:00+00:00
1772830800000,0.01007,0.01011,0.01006,0.01011,50397.0,1772834399999,508.50225,10,2026-03-06 21:00:00+00:00
1772834400000,0.01011,0.01011,0.01006,0.01008,308838.0,1772837999999,3112.82065,102,2026-03-06 22:00:00+00:00
1772838000000,0.0101,0.01011,0.01004,0.01004,110113.0,1772841599999,1110.45976,58,2026-03-06 23:00:00+00:00
1772841600000,0.01007,0.01007,0.01002,0.01002,182399.0,1772845199999,1833.38568,71,2026-03-07 00:00:00+00:00
1772845200000,0.00999,0.01004,0.00997,0.01003,390199.0,1772848799999,3898.82975,164,2026-03-07 01:00:00+00:00
1772848800000,0.01002,0.01004,0.00996,0.00996,2640392.0,1772852399999,26408.50621,244,2026-03-07 02:00:00+00:00
1772852400000,0.00998,0.01008,0.00998,0.01005,810485.0,1772855999999,8135.72028,272,2026-03-07 03:00:00+00:00
1772856000000,0.01004,0.0103,0.00996,0.01019,5496768.0,1772859599999,55909.4691,509,2026-03-07 04:00:00+00:00
1772859600000,0.01019,0.01046,0.01016,0.01038,8626520.0,1772863199999,89185.2937,1146,2026-03-07 05:00:00+00:00
1772863200000,0.01036,0.01043,0.01026,0.01026,3181637.0,1772866799999,32937.78517,635,2026-03-07 06:00:00+00:00
1772866800000,0.01022,0.01037,0.01014,0.01036,7529341.0,1772870399999,77062.51019,911,2026-03-07 07:00:00+00:00
1772870400000,0.01036,0.01046,0.01027,0.01038,3752053.0,1772873999999,38843.9619,582,2026-03-07 08:00:00+00:00
1772874000000,0.0104,0.0105,0.01037,0.01044,4232036.0,1772877599999,44241.72168,556,2026-03-07 09:00:00+00:00
1772877600000,0.01043,0.01047,0.01034,0.01034,3412588.0,1772881199999,35528.16048,556,2026-03-07 10:00:00+00:00
1772881200000,0.01035,0.01037,0.01027,0.01034,1705573.0,1772884799999,17595.77153,331,2026-03-07 11:00:00+00:00
1772884800000,0.01032,0.01035,0.01021,0.01022,1155049.0,1772888399999,11836.48004,130,2026-03-07 12:00:00+00:00
1772888400000,0.01022,0.01035,0.01022,0.01033,2300262.0,1772891999999,23623.27266,350,2026-03-07 13:00:00+00:00
1772892000000,0.01031,0.01036,0.01019,0.0103,1430603.0,1772895599999,14689.20845,259,2026-03-07 14:00:00+00:00
1772895600000,0.01031,0.01034,0.01016,0.01019,1461413.0,1772899199999,14882.83235,231,2026-03-07 15:00:00+00:00
1772899200000,0.01019,0.01027,0.01015,0.01027,818694.0,1772902799999,8341.75209,116,2026-03-07 16:00:00+00:00
1772902800000,0.01027,0.0103,0.01025,0.01029,230827.0,1772906399999,2373.54115,49,2026-03-07 17:00:00+00:00
1772906400000,0.01026,0.01026,0.01018,0.01022,883221.0,1772909999999,9023.47626,177,2026-03-07 18:00:00+00:00
1772910000000,0.01022,0.01029,0.01019,0.01023,3110284.0,1772913599999,31909.00773,343,2026-03-07 19:00:00+00:00
1772913600000,0.01024,0.01029,0.01017,0.0102,2034624.0,1772917199999,20828.24552,95,2026-03-07 20:00:00+00:00
1772917200000,0.01019,0.01023,0.01015,0.01019,891012.0,1772920799999,9086.7775,111,2026-03-07 21:00:00+00:00
1772920800000,0.01018,0.01018,0.01004,0.01006,783205.0,1772924399999,7903.80689,117,2026-03-07 22:00:00+00:00
1772924400000,0.01005,0.01011,0.01005,0.01006,744349.0,1772927999999,7499.86403,52,2026-03-07 23:00:00+00:00
1772928000000,0.01009,0.01009,0.00997,0.01001,639361.0,1772931599999,6423.96029,47,2026-03-08 00:00:00+00:00
1772931600000,0.00999,0.01001,0.00992,0.00999,649437.0,1772935199999,6462.28869,60,2026-03-08 01:00:00+00:00
1772935200000,0.01,0.01,0.00989,0.00991,928427.0,1772938799999,9209.49761,131,2026-03-08 02:00:00+00:00
1772938800000,0.00989,0.0099,0.00987,0.00987,539163.0,1772942399999,5328.0804,92,2026-03-08 03:00:00+00:00
1772942400000,0.00986,0.00987,0.00979,0.00979,625024.0,1772945999999,6140.32471,255,2026-03-08 04:00:00+00:00
1772946000000,0.0098,0.00987,0.00979,0.00985,387418.0,1772949599999,3812.19959,156,2026-03-08 05:00:00+00:00
1772949600000,0.00984,0.00988,0.00981,0.00982,2306951.0,1772953199999,22700.51639,363,2026-03-08 06:00:00+00:00
1772953200000,0.00985,0.00995,0.00984,0.00989,1552743.0,1772956799999,15354.89737,122,2026-03-08 07:00:00+00:00
1772956800000,0.00988,0.00988,0.00982,0.00985,565892.0,1772960399999,5570.96662,105,2026-03-08 08:00:00+00:00
1772960400000,0.00984,0.00988,0.00982,0.00985,922478.0,1772963999999,9085.64437,231,2026-03-08 09:00:00+00:00
1772964000000,0.00984,0.01,0.00984,0.00996,1294913.0,1772967599999,12824.94905,211,2026-03-08 10:00:00+00:00
1772967600000,0.00997,0.01007,0.00993,0.01003,2705350.0,1772971199999,27068.14991,284,2026-03-08 11:00:00+00:00
1772971200000,0.01002,0.01011,0.00993,0.01008,1884413.0,1772974799999,18894.96613,292,2026-03-08 12:00:00+00:00
1772974800000,0.0101,0.01014,0.01001,0.01007,2340011.0,1772978399999,23528.81503,228,2026-03-08 13:00:00+00:00
1772978400000,0.01009,0.0101,0.00996,0.01,1142514.0,1772981999999,11426.01297,112,2026-03-08 14:00:00+00:00
1772982000000,0.01002,0.01002,0.00987,0.00993,876010.0,1772985599999,8691.92119,116,2026-03-08 15:00:00+00:00
1772985600000,0.00991,0.00994,0.00983,0.00983,133893.0,1772989199999,1319.50442,39,2026-03-08 16:00:00+00:00
1772989200000,0.00984,0.00991,0.00984,0.00988,78145.0,1772992799999,773.01795,33,2026-03-08 17:00:00+00:00
1772992800000,0.00989,0.00989,0.00984,0.00987,332023.0,1772996399999,3279.2066,91,2026-03-08 18:00:00+00:00
1772996400000,0.00987,0.01003,0.00986,0.01002,184846.0,1772999999999,1840.92693,27,2026-03-08 19:00:00+00:00
1773000000000,0.01001,0.01003,0.00994,0.01002,143090.0,1773003599999,1425.84902,24,2026-03-08 20:00:00+00:00
1773003600000,0.00998,0.01002,0.00991,0.00999,213148.0,1773007199999,2122.82113,29,2026-03-08 21:00:00+00:00
1773007200000,0.00998,0.01,0.00978,0.00998,2387435.0,1773010799999,23630.42558,314,2026-03-08 22:00:00+00:00
1773010800000,0.00999,0.01,0.00988,0.00988,1341118.0,1773014399999,13329.03438,256,2026-03-08 23:00:00+00:00
1773014400000,0.00989,0.01,0.00988,0.00995,1300980.0,1773017999999,12921.27503,165,2026-03-09 00:00:00+00:00
1773018000000,0.00996,0.01001,0.00991,0.00991,333240.0,1773021599999,3313.83568,204,2026-03-09 01:00:00+00:00
1773021600000,0.0099,0.00998,0.00986,0.00995,873339.0,1773025199999,8670.47296,307,2026-03-09 02:00:00+00:00
1773025200000,0.00994,0.01008,0.00994,0.00999,890828.0,1773028799999,8898.55914,107,2026-03-09 03:00:00+00:00
1773028800000,0.01,0.01015,0.01,0.01011,2036202.0,1773032399999,20541.19428,393,2026-03-09 04:00:00+00:00
1773032400000,0.01013,0.01035,0.01012,0.01032,2084514.0,1773035999999,21369.62089,464,2026-03-09 05:00:00+00:00
1773036000000,0.01033,0.01035,0.01017,0.0102,703865.0,1773039599999,7260.13442,145,2026-03-09 06:00:00+00:00
1773039600000,0.01021,0.01024,0.01011,0.01018,986136.0,1773043199999,10050.05644,130,2026-03-09 07:00:00+00:00
1773043200000,0.01023,0.01023,0.01014,0.01016,1012626.0,1773046799999,10320.97529,172,2026-03-09 08:00:00+00:00
1773046800000,0.01018,0.01028,0.01018,0.01023,1407207.0,1773050399999,14386.63049,148,2026-03-09 09:00:00+00:00
1773050400000,0.01024,0.01028,0.01021,0.01022,696408.0,1773053999999,7134.84843,108,2026-03-09 10:00:00+00:00
1773054000000,0.01022,0.01025,0.01018,0.01019,512936.0,1773057599999,5236.31843,155,2026-03-09 11:00:00+00:00
1773057600000,0.01022,0.0103,0.01022,0.01028,483350.0,1773061199999,4959.7225,88,2026-03-09 12:00:00+00:00
1773061200000,0.01028,0.01064,0.01027,0.01054,6316929.0,1773064799999,66542.38974,560,2026-03-09 13:00:00+00:00
1773064800000,0.01054,0.01084,0.01054,0.01062,11444779.0,1773068399999,122248.0026,1496,2026-03-09 14:00:00+00:00
1773068400000,0.01064,0.01107,0.01064,0.01099,7719415.0,1773071999999,83949.26711,963,2026-03-09 15:00:00+00:00
1773072000000,0.011,0.01121,0.01093,0.01102,11595746.0,1773075599999,128097.02588,1465,2026-03-09 16:00:00+00:00
1773075600000,0.01105,0.01126,0.01097,0.01124,10335334.0,1773079199999,114943.81999,1819,2026-03-09 17:00:00+00:00
1773079200000,0.01123,0.01138,0.01103,0.01124,8825357.0,1773082799999,98935.22434,1464,2026-03-09 18:00:00+00:00
1773082800000,0.01125,0.01145,0.01114,0.01121,16575745.0,1773086399999,187492.5241,2330,2026-03-09 19:00:00+00:00
1773086400000,0.01125,0.01129,0.01092,0.01099,8704987.0,1773089999999,96172.20184,1712,2026-03-09 20:00:00+00:00
1773090000000,0.01098,0.01116,0.01098,0.01106,2766685.0,1773093599999,30564.40586,534,2026-03-09 21:00:00+00:00
1773093600000,0.0111,0.01117,0.01097,0.01101,2166992.0,1773097199999,23934.48334,419,2026-03-09 22:00:00+00:00
1773097200000,0.01102,0.01107,0.01086,0.01093,3480510.0,1773100799999,38096.38841,581,2026-03-09 23:00:00+00:00
1773100800000,0.01092,0.0111,0.01085,0.01107,1750238.0,1773104399999,19235.6675,203,2026-03-10 00:00:00+00:00
1773104400000,0.01106,0.01141,0.01098,0.01133,11732820.0,1773107999999,131410.40175,1503,2026-03-10 01:00:00+00:00
1773108000000,0.01133,0.01172,0.01114,0.01167,13471230.0,1773111599999,153620.89319,1442,2026-03-10 02:00:00+00:00
1773111600000,0.01166,0.012,0.01129,0.01138,32421686.0,1773115199999,381130.01065,4061,2026-03-10 03:00:00+00:00
1773115200000,0.01139,0.01172,0.01112,0.01119,19255912.0,1773118799999,218626.44979,3366,2026-03-10 04:00:00+00:00
1773118800000,0.01121,0.01133,0.01116,0.01126,6567339.0,1773122399999,73861.53111,1143,2026-03-10 05:00:00+00:00
1773122400000,0.01126,0.01151,0.01116,0.01142,8138244.0,1773125999999,92141.83159,977,2026-03-10 06:00:00+00:00
1773126000000,0.01142,0.0116,0.01133,0.01136,5679182.0,1773129599999,65174.24997,959,2026-03-10 07:00:00+00:00
1773129600000,0.01135,0.01153,0.01125,0.01136,10002306.0,1773133199999,114022.91529,1322,2026-03-10 08:00:00+00:00
1773133200000,0.01135,0.01142,0.01125,0.01128,7929161.0,1773136799999,89673.05401,841,2026-03-10 09:00:00+00:00
1773136800000,0.01129,0.01138,0.01127,0.01138,1163616.0,1773140399999,13162.90101,272,2026-03-10 10:00:00+00:00
1773140400000,0.01138,0.01153,0.01132,0.01143,4435952.0,1773143999999,50698.02842,491,2026-03-10 11:00:00+00:00
1773144000000,0.01143,0.0116,0.01138,0.01149,5136651.0,1773147599999,59065.9034,734,2026-03-10 12:00:00+00:00
1773147600000,0.01151,0.01157,0.0112,0.01132,5809034.0,1773151199999,66297.13527,824,2026-03-10 13:00:00+00:00
1773151200000,0.01134,0.01143,0.01123,0.0114,4241117.0,1773154799999,48098.4116,866,2026-03-10 14:00:00+00:00
1773154800000,0.0114,0.0114,0.0112,0.01134,3961971.0,1773158399999,44715.84585,606,2026-03-10 15:00:00+00:00
1773158400000,0.01135,0.01136,0.01119,0.01125,1692788.0,1773161999999,19081.81505,291,2026-03-10 16:00:00+00:00
1773162000000,0.01125,0.01144,0.01121,0.01134,7526722.0,1773165599999,85287.0925,599,2026-03-10 17:00:00+00:00
1773165600000,0.01133,0.01138,0.01119,0.01127,4141392.0,1773169199999,46739.0362,494,2026-03-10 18:00:00+00:00
1773169200000,0.01126,0.01131,0.01114,0.01118,3904262.0,1773172799999,43759.14295,466,2026-03-10 19:00:00+00:00
1773172800000,0.01117,0.01125,0.01116,0.01118,1387733.0,1773176399999,15560.2672,194,2026-03-10 20:00:00+00:00
1773176400000,0.01119,0.01129,0.01105,0.01108,7574468.0,1773179999999,84341.45485,492,2026-03-10 21:00:00+00:00
1773180000000,0.01107,0.01118,0.01097,0.01114,5078473.0,1773183599999,56220.94188,579,2026-03-10 22:00:00+00:00
1773183600000,0.01113,0.01113,0.01105,0.01105,456976.0,1773187199999,5071.76292,73,2026-03-10 23:00:00+00:00
1773187200000,0.01103,0.01105,0.01098,0.01098,1352628.0,1773190799999,14904.1069,107,2026-03-11 00:00:00+00:00
1773190800000,0.01098,0.01098,0.01081,0.01085,1006596.0,1773194399999,10979.04264,153,2026-03-11 01:00:00+00:00
1773194400000,0.01082,0.01087,0.01074,0.01076,2757456.0,1773197999999,29789.80657,260,2026-03-11 02:00:00+00:00
1773198000000,0.01075,0.01081,0.01068,0.01071,1891463.0,1773201599999,20281.64526,137,2026-03-11 03:00:00+00:00
1773201600000,0.01071,0.01093,0.01066,0.01088,4743776.0,1773205199999,51238.40595,466,2026-03-11 04:00:00+00:00
1773205200000,0.01087,0.01091,0.01073,0.01083,3147294.0,1773208799999,34049.59499,323,2026-03-11 05:00:00+00:00
1773208800000,0.01083,0.01092,0.01081,0.01087,1863300.0,1773212399999,20250.01619,337,2026-03-11 06:00:00+00:00
1773212400000,0.01086,0.01087,0.01073,0.01076,1068116.0,1773215999999,11515.8954,234,2026-03-11 07:00:00+00:00
1773216000000,0.01075,0.01097,0.01074,0.01081,4317399.0,1773219599999,46793.30346,565,2026-03-11 08:00:00+00:00
1773219600000,0.0108,0.01089,0.01079,0.01081,1346968.0,1773223199999,14597.00766,187,2026-03-11 09:00:00+00:00
1773223200000,0.0108,0.01085,0.01078,0.01081,1017008.0,1773226799999,10991.44677,138,2026-03-11 10:00:00+00:00
1773226800000,0.0108,0.0108,0.0107,0.01073,1306786.0,1773230399999,14048.61885,134,2026-03-11 11:00:00+00:00
1773230400000,0.01073,0.0109,0.01071,0.01087,2482243.0,1773233999999,26909.45314,354,2026-03-11 12:00:00+00:00
1773234000000,0.01084,0.01094,0.01078,0.01083,1925595.0,1773237599999,20889.6483,276,2026-03-11 13:00:00+00:00
1773237600000,0.01083,0.0109,0.01083,0.01085,828536.0,1773241199999,9003.8035,171,2026-03-11 14:00:00+00:00
1773241200000,0.01085,0.01099,0.01078,0.01097,4360619.0,1773244799999,47389.99282,491,2026-03-11 15:00:00+00:00
1773244800000,0.01094,0.01099,0.01089,0.01094,3550207.0,1773248399999,38840.00399,460,2026-03-11 16:00:00+00:00
1773248400000,0.01094,0.01103,0.0109,0.01099,1866830.0,1773251999999,20425.92163,192,2026-03-11 17:00:00+00:00
1773252000000,0.01099,0.01105,0.01098,0.01102,1174548.0,1773255599999,12942.25555,154,2026-03-11 18:00:00+00:00
1773255600000,0.01102,0.01116,0.011,0.01109,2146363.0,1773259199999,23776.57492,228,2026-03-11 19:00:00+00:00
1773259200000,0.01108,0.0112,0.01105,0.01108,4235368.0,1773262799999,47088.41622,478,2026-03-11 20:00:00+00:00
1773262800000,0.0111,0.01122,0.0111,0.01122,1012717.0,1773266399999,11315.41352,294,2026-03-11 21:00:00+00:00
1773266400000,0.01122,0.0113,0.01119,0.01123,2131820.0,1773269999999,23969.07672,425,2026-03-11 22:00:00+00:00
1773270000000,0.01124,0.01138,0.01124,0.01135,1896804.0,1773273599999,21470.48735,328,2026-03-11 23:00:00+00:00
1773273600000,0.01136,0.01147,0.01134,0.01144,2349127.0,1773277199999,26794.64756,398,2026-03-12 00:00:00+00:00
1773277200000,0.01145,0.01153,0.01128,0.0113,5116849.0,1773280799999,58376.41064,571,2026-03-12 01:00:00+00:00
1773280800000,0.0113,0.01147,0.0112,0.01125,5976041.0,1773284399999,67892.09558,717,2026-03-12 02:00:00+00:00
1773284400000,0.01125,0.01138,0.01122,0.01122,3439935.0,1773287999999,38804.98494,441,2026-03-12 03:00:00+00:00
1773288000000,0.01121,0.01136,0.0112,0.01136,3177429.0,1773291599999,35912.20661,470,2026-03-12 04:00:00+00:00
1773291600000,0.01136,0.01138,0.01124,0.01135,1718525.0,1773295199999,19450.77375,252,2026-03-12 05:00:00+00:00
1773295200000,0.01136,0.01136,0.01116,0.01118,2932955.0,1773298799999,32960.46683,355,2026-03-12 06:00:00+00:00
1773298800000,0.01118,0.01126,0.01115,0.01124,607819.0,1773302399999,6805.67941,205,2026-03-12 07:00:00+00:00
1773302400000,0.01124,0.01125,0.01114,0.01121,198257.0,1773305999999,2219.19063,64,2026-03-12 08:00:00+00:00
1773306000000,0.01122,0.01129,0.0111,0.0112,2336489.0,1773309599999,26137.54528,353,2026-03-12 09:00:00+00:00
1773309600000,0.01121,0.01123,0.01115,0.0112,439311.0,1773313199999,4910.80272,129,2026-03-12 10:00:00+00:00
1773313200000,0.01119,0.01121,0.01114,0.0112,660341.0,1773316799999,7379.40966,100,2026-03-12 11:00:00+00:00
1773316800000,0.01118,0.01133,0.01118,0.01133,525078.0,1773320399999,5910.00874,81,2026-03-12 12:00:00+00:00
1773320400000,0.01134,0.01136,0.01118,0.01121,2785954.0,1773323999999,31395.97647,337,2026-03-12 13:00:00+00:00
1773324000000,0.01122,0.01131,0.01115,0.01123,2399117.0,1773327599999,26916.52233,396,2026-03-12 14:00:00+00:00
1773327600000,0.01125,0.01138,0.01119,0.01131,4440447.0,1773331199999,50178.43461,533,2026-03-12 15:00:00+00:00
1773331200000,0.01131,0.01133,0.01123,0.01131,1533310.0,1773334799999,17312.50079,309,2026-03-12 16:00:00+00:00
1773334800000,0.0113,0.01148,0.01124,0.01146,2566864.0,1773338399999,29177.34605,322,2026-03-12 17:00:00+00:00
1773338400000,0.01145,0.01154,0.01141,0.01149,3461000.0,1773341999999,39698.60628,529,2026-03-12 18:00:00+00:00
1773342000000,0.0115,0.01156,0.01141,0.01142,2973989.0,1773345599999,34150.97374,414,2026-03-12 19:00:00+00:00
1773345600000,0.01144,0.01146,0.0113,0.01131,692953.0,1773349199999,7881.44709,279,2026-03-12 20:00:00+00:00
1773349200000,0.01131,0.01137,0.01128,0.01137,403000.0,1773352799999,4564.68436,58,2026-03-12 21:00:00+00:00
1773352800000,0.01134,0.01134,0.01123,0.01128,566133.0,1773356399999,6380.24237,88,2026-03-12 22:00:00+00:00
1773356400000,0.0113,0.01135,0.01127,0.01129,244422.0,1773359999999,2765.17009,42,2026-03-12 23:00:00+00:00
1773360000000,0.0113,0.0114,0.01127,0.01128,591567.0,1773363599999,6710.87481,252,2026-03-13 00:00:00+00:00
1773363600000,0.0113,0.01133,0.01129,0.01131,149368.0,1773367199999,1689.50866,27,2026-03-13 01:00:00+00:00
1773367200000,0.01131,0.01131,0.01125,0.01127,912722.0,1773370799999,10299.86165,136,2026-03-13 02:00:00+00:00
1773370800000,0.01127,0.01132,0.01127,0.01132,850407.0,1773374399999,9586.20947,31,2026-03-13 03:00:00+00:00
1773374400000,0.01131,0.01133,0.01127,0.01132,533250.0,1773377999999,6031.70305,28,2026-03-13 04:00:00+00:00
1773378000000,0.01132,0.0114,0.01131,0.01136,199012.0,1773381599999,2263.74645,27,2026-03-13 05:00:00+00:00
1773381600000,0.01136,0.01136,0.01125,0.01126,1143785.0,1773385199999,12903.91203,149,2026-03-13 06:00:00+00:00
1773385200000,0.01126,0.01133,0.01125,0.01126,348392.0,1773388799999,3935.98819,130,2026-03-13 07:00:00+00:00
1773388800000,0.01126,0.01132,0.01124,0.01127,190983.0,1773392399999,2153.8435,50,2026-03-13 08:00:00+00:00
1773392400000,0.01128,0.01131,0.01124,0.01129,263139.0,1773395999999,2968.12379,122,2026-03-13 09:00:00+00:00
1773396000000,0.01129,0.01131,0.0112,0.0112,5216993.0,1773399599999,58724.34546,354,2026-03-13 10:00:00+00:00
1773399600000,0.0112,0.01128,0.0112,0.01125,2101108.0,1773403199999,23632.21586,302,2026-03-13 11:00:00+00:00
1773403200000,0.01124,0.0113,0.01122,0.01129,328962.0,1773406799999,3699.8661,155,2026-03-13 12:00:00+00:00
1773406800000,0.01128,0.01144,0.01108,0.01134,16609135.0,1773410399999,187307.10071,1176,2026-03-13 13:00:00+00:00
1773410400000,0.01133,0.01135,0.01103,0.0111,16676233.0,1773413999999,186920.17904,1316,2026-03-13 14:00:00+00:00
1773414000000,0.0111,0.0114,0.01109,0.01127,9605009.0,1773417599999,108379.67209,721,2026-03-13 15:00:00+00:00
1773417600000,0.01127,0.01127,0.0111,0.01118,4708353.0,1773421199999,52763.8511,293,2026-03-13 16:00:00+00:00
1773421200000,0.01118,0.01123,0.01093,0.01097,5261793.0,1773424799999,58109.75512,436,2026-03-13 17:00:00+00:00
1773424800000,0.011,0.01104,0.01087,0.01093,4096725.0,1773428399999,44877.59514,279,2026-03-13 18:00:00+00:00
1773428400000,0.01092,0.01092,0.01081,0.0109,1334288.0,1773431999999,14493.15347,133,2026-03-13 19:00:00+00:00
1773432000000,0.01089,0.01092,0.01087,0.0109,283905.0,1773435599999,3091.15847,43,2026-03-13 20:00:00+00:00
1773435600000,0.01088,0.0109,0.01079,0.01081,1668561.0,1773439199999,18085.44231,195,2026-03-13 21:00:00+00:00
1773439200000,0.01081,0.01081,0.01055,0.01067,6940189.0,1773442799999,73791.6047,572,2026-03-13 22:00:00+00:00
1773442800000,0.01065,0.01065,0.01056,0.01058,1915611.0,1773446399999,20320.80673,187,2026-03-13 23:00:00+00:00
1773446400000,0.01058,0.01063,0.01047,0.01053,4914199.0,1773449999999,51813.18448,485,2026-03-14 00:00:00+00:00
1773450000000,0.01052,0.01057,0.01039,0.01054,3035283.0,1773453599999,31752.45395,339,2026-03-14 01:00:00+00:00
1773453600000,0.01054,0.01058,0.01052,0.01055,2324239.0,1773457199999,24525.95724,152,2026-03-14 02:00:00+00:00
1773457200000,0.01053,0.01058,0.01051,0.01052,1202981.0,1773460799999,12677.01025,211,2026-03-14 03:00:00+00:00
1773460800000,0.01052,0.01053,0.01045,0.01045,1754179.0,1773464399999,18415.74441,206,2026-03-14 04:00:00+00:00
1773464400000,0.01045,0.01045,0.01033,0.01038,1840168.0,1773467999999,19139.07063,140,2026-03-14 05:00:00+00:00
1773468000000,0.01038,0.01055,0.01034,0.0105,5033010.0,1773471599999,52449.59905,547,2026-03-14 06:00:00+00:00
1773471600000,0.01048,0.01056,0.01047,0.01048,1222944.0,1773475199999,12860.03975,238,2026-03-14 07:00:00+00:00
1773475200000,0.01047,0.01049,0.0104,0.01042,1641688.0,1773478799999,17141.19744,252,2026-03-14 08:00:00+00:00
1773478800000,0.01042,0.01048,0.01039,0.01041,869093.0,1773482399999,9042.79488,82,2026-03-14 09:00:00+00:00
1773482400000,0.0104,0.01045,0.01036,0.01042,3078349.0,1773485999999,32061.31127,226,2026-03-14 10:00:00+00:00
1773486000000,0.01042,0.01053,0.0104,0.0105,1031507.0,1773489599999,10819.7771,205,2026-03-14 11:00:00+00:00
1773489600000,0.01048,0.01051,0.01045,0.01048,1830974.0,1773493199999,19183.72662,306,2026-03-14 12:00:00+00:00
1773493200000,0.01048,0.01054,0.01045,0.01054,1744120.0,1773496799999,18294.77646,68,2026-03-14 13:00:00+00:00
1773496800000,0.01053,0.01058,0.01043,0.01048,3074879.0,1773500399999,32333.13232,222,2026-03-14 14:00:00+00:00
1773500400000,0.01046,0.01051,0.01044,0.01048,459017.0,1773503999999,4801.65971,138,2026-03-14 15:00:00+00:00
1773504000000,0.01047,0.01051,0.01045,0.01049,2527127.0,1773507599999,26456.81298,148,2026-03-14 16:00:00+00:00
1773507600000,0.01047,0.0105,0.01045,0.01048,338563.0,1773511199999,3546.50117,100,2026-03-14 17:00:00+00:00
1773511200000,0.01047,0.0105,0.01046,0.01048,1115917.0,1773514799999,11687.9729,92,2026-03-14 18:00:00+00:00
1773514800000,0.01046,0.01046,0.01036,0.01036,917742.0,1773518399999,9565.60653,148,2026-03-14 19:00:00+00:00
1773518400000,0.01035,0.01037,0.01027,0.01028,5216457.0,1773521999999,53861.33192,511,2026-03-14 20:00:00+00:00
1773522000000,0.01028,0.01028,0.01023,0.01026,592651.0,1773525599999,6081.15256,131,2026-03-14 21:00:00+00:00
1773525600000,0.01025,0.01028,0.01023,0.01023,2651926.0,1773529199999,27236.90405,164,2026-03-14 22:00:00+00:00
1773529200000,0.01025,0.01033,0.01019,0.01032,1322017.0,1773532799999,13566.88606,171,2026-03-14 23:00:00+00:00
1773532800000,0.0103,0.01042,0.01029,0.01035,1187019.0,1773536399999,12296.63735,164,2026-03-15 00:00:00+00:00
1773536400000,0.01035,0.01037,0.01031,0.01035,308664.0,1773539999999,3194.2208,62,2026-03-15 01:00:00+00:00
1773540000000,0.01037,0.01046,0.01037,0.01044,340387.0,1773543599999,3548.81444,66,2026-03-15 02:00:00+00:00
1773543600000,0.01044,0.01044,0.01032,0.01034,303610.0,1773547199999,3141.65035,54,2026-03-15 03:00:00+00:00
1773547200000,0.01034,0.01036,0.01028,0.0103,737809.0,1773550799999,7602.87588,199,2026-03-15 04:00:00+00:00
1773550800000,0.01031,0.01031,0.01021,0.01022,548093.0,1773554399999,5615.10151,186,2026-03-15 05:00:00+00:00
1773554400000,0.01022,0.01029,0.01019,0.01029,3280798.0,1773557999999,33524.3212,236,2026-03-15 06:00:00+00:00
1773558000000,0.01026,0.01029,0.01023,0.01027,1028280.0,1773561599999,10551.36999,133,2026-03-15 07:00:00+00:00
1773561600000,0.01025,0.01028,0.01023,0.01025,580622.0,1773565199999,5955.24709,116,2026-03-15 08:00:00+00:00
1773565200000,0.01027,0.01033,0.01025,0.01032,3496640.0,1773568799999,36005.69651,515,2026-03-15 09:00:00+00:00
1773568800000,0.01033,0.01048,0.01033,0.01036,3179641.0,1773572399999,33052.13808,333,2026-03-15 10:00:00+00:00
1773572400000,0.01038,0.01039,0.01036,0.01039,549281.0,1773575999999,5698.78821,100,2026-03-15 11:00:00+00:00
1773576000000,0.01038,0.01049,0.01036,0.01044,3556974.0,1773579599999,37059.07739,631,2026-03-15 12:00:00+00:00
1773579600000,0.01044,0.01045,0.01026,0.01035,3979109.0,1773583199999,41147.84801,253,2026-03-15 13:00:00+00:00
1773583200000,0.01036,0.01041,0.01031,0.01032,1492706.0,1773586799999,15464.01586,261,2026-03-15 14:00:00+00:00
1773586800000,0.01034,0.01036,0.01025,0.01026,378869.0,1773590399999,3900.49201,75,2026-03-15 15:00:00+00:00
1773590400000,0.01024,0.01032,0.01023,0.0103,654924.0,1773593999999,6733.23448,178,2026-03-15 16:00:00+00:00
1773594000000,0.0103,0.01044,0.0103,0.0104,1672043.0,1773597599999,17350.67204,222,2026-03-15 17:00:00+00:00
1773597600000,0.01041,0.01046,0.01037,0.01038,841982.0,1773601199999,8782.82264,107,2026-03-15 18:00:00+00:00
1773601200000,0.01037,0.01044,0.01037,0.01041,634798.0,1773604799999,6613.49088,104,2026-03-15 19:00:00+00:00
1773604800000,0.01041,0.01045,0.01039,0.01044,1270869.0,1773608399999,13238.62086,245,2026-03-15 20:00:00+00:00
1773608400000,0.01042,0.01046,0.01037,0.01045,2394545.0,1773611999999,24917.65261,243,2026-03-15 21:00:00+00:00
1773612000000,0.01047,0.01052,0.01039,0.0105,705153.0,1773615599999,7379.78602,207,2026-03-15 22:00:00+00:00
1773615600000,0.01053,0.01057,0.01043,0.0105,1533302.0,1773619199999,16117.84665,322,2026-03-15 23:00:00+00:00
1773619200000,0.01052,0.0106,0.0105,0.01057,4813417.0,1773622799999,50765.31067,313,2026-03-16 00:00:00+00:00
1773622800000,0.01056,0.01086,0.01056,0.01081,6539996.0,1773626399999,70315.89378,898,2026-03-16 01:00:00+00:00
1773626400000,0.01081,0.01137,0.01081,0.01102,26411610.0,1773629999999,293626.0279,3457,2026-03-16 02:00:00+00:00
1773630000000,0.01102,0.0115,0.01102,0.01103,29219839.0,1773633599999,330152.52871,3906,2026-03-16 03:00:00+00:00
1773633600000,0.01105,0.01122,0.01105,0.01114,5263481.0,1773637199999,58623.49632,1169,2026-03-16 04:00:00+00:00
1773637200000,0.01116,0.01237,0.01108,0.01124,76219800.0,1773640799999,894433.26476,11850,2026-03-16 05:00:00+00:00
1773640800000,0.01125,0.01136,0.01107,0.01123,13997114.0,1773644399999,157216.4174,1956,2026-03-16 06:00:00+00:00
1773644400000,0.01125,0.01136,0.01088,0.01099,10675195.0,1773647999999,117723.23973,1336,2026-03-16 07:00:00+00:00
1773648000000,0.01101,0.01113,0.01092,0.01113,8379466.0,1773651599999,92516.6688,1396,2026-03-16 08:00:00+00:00
1773651600000,0.01113,0.01132,0.01111,0.01122,5818844.0,1773655199999,65332.58169,977,2026-03-16 09:00:00+00:00
1773655200000,0.01123,0.01133,0.01115,0.01122,3555470.0,1773658799999,39924.37507,652,2026-03-16 10:00:00+00:00
1773658800000,0.01122,0.0114,0.01113,0.01135,5546419.0,1773662399999,62437.24202,943,2026-03-16 11:00:00+00:00
1773662400000,0.01135,0.01148,0.01117,0.01129,5098748.0,1773665999999,57650.05654,701,2026-03-16 12:00:00+00:00
1773666000000,0.01129,0.01134,0.011,0.01103,8795135.0,1773669599999,98008.26861,929,2026-03-16 13:00:00+00:00
1773669600000,0.01105,0.01109,0.01086,0.011,4433182.0,1773673199999,48633.7622,573,2026-03-16 14:00:00+00:00
1773673200000,0.01101,0.01101,0.01089,0.01094,1567557.0,1773676799999,17159.63638,208,2026-03-16 15:00:00+00:00
1773676800000,0.01093,0.01112,0.0109,0.01104,2531471.0,1773680399999,27933.00254,277,2026-03-16 16:00:00+00:00
1773680400000,0.01104,0.01108,0.01101,0.01106,1143844.0,1773683999999,12622.2834,161,2026-03-16 17:00:00+00:00
1773684000000,0.01107,0.01109,0.011,0.01108,3786231.0,1773687599999,41811.13689,215,2026-03-16 18:00:00+00:00
1773687600000,0.01107,0.01116,0.01104,0.01104,2532863.0,1773691199999,28109.21967,157,2026-03-16 19:00:00+00:00
1773691200000,0.01106,0.01112,0.01099,0.01107,6867740.0,1773694799999,75877.83119,333,2026-03-16 20:00:00+00:00
1773694800000,0.01108,0.01115,0.01104,0.01109,2607594.0,1773698399999,28938.9609,164,2026-03-16 21:00:00+00:00
1773698400000,0.0111,0.01112,0.01106,0.01109,280412.0,1773701999999,3111.807,94,2026-03-16 22:00:00+00:00
1773702000000,0.01108,0.0111,0.01097,0.011,1727094.0,1773705599999,19090.68784,287,2026-03-16 23:00:00+00:00
1773705600000,0.011,0.01112,0.01099,0.01112,3535448.0,1773709199999,39073.81358,495,2026-03-17 00:00:00+00:00
1773709200000,0.01113,0.01114,0.01105,0.01107,862752.0,1773712799999,9556.72071,112,2026-03-17 01:00:00+00:00
1773712800000,0.01107,0.01107,0.01095,0.011,1933119.0,1773716399999,21278.69976,255,2026-03-17 02:00:00+00:00
1773716400000,0.01102,0.01102,0.01088,0.01097,1330384.0,1773719999999,14542.92615,128,2026-03-17 03:00:00+00:00
1773720000000,0.01097,0.01098,0.01076,0.01086,1925868.0,1773723599999,20893.02492,202,2026-03-17 04:00:00+00:00
1773723600000,0.01085,0.01086,0.0108,0.01084,377475.0,1773727199999,4092.91832,184,2026-03-17 05:00:00+00:00
1773727200000,0.01084,0.01092,0.01078,0.01089,716766.0,1773730799999,7793.0581,248,2026-03-17 06:00:00+00:00
1773730800000,0.01089,0.01103,0.01089,0.01098,2005028.0,1773734399999,21995.7126,174,2026-03-17 07:00:00+00:00
1773734400000,0.01097,0.01099,0.01095,0.01098,348169.0,1773737999999,3819.28823,106,2026-03-17 08:00:00+00:00
1773738000000,0.01098,0.01109,0.01095,0.01101,2141328.0,1773741599999,23623.91714,296,2026-03-17 09:00:00+00:00
1773741600000,0.011,0.01105,0.01092,0.01105,2758268.0,1773745199999,30285.77045,266,2026-03-17 10:00:00+00:00
1773745200000,0.01104,0.01109,0.01104,0.01104,1064758.0,1773748799999,11783.68035,178,2026-03-17 11:00:00+00:00
1773748800000,0.01104,0.01108,0.01095,0.01103,2968100.0,1773752399999,32638.19232,249,2026-03-17 12:00:00+00:00
1773752400000,0.01102,0.0112,0.011,0.01107,4229748.0,1773755999999,46957.63155,628,2026-03-17 13:00:00+00:00
1773756000000,0.01105,0.01112,0.011,0.01106,3259190.0,1773759599999,36024.14023,494,2026-03-17 14:00:00+00:00
1773759600000,0.01109,0.01111,0.01095,0.011,1909221.0,1773763199999,21091.22726,187,2026-03-17 15:00:00+00:00
1773763200000,0.01102,0.01112,0.011,0.0111,1206270.0,1773766799999,13364.70441,129,2026-03-17 16:00:00+00:00
1773766800000,0.0111,0.01131,0.01108,0.01116,4533027.0,1773770399999,50845.97066,497,2026-03-17 17:00:00+00:00
1773770400000,0.01114,0.01121,0.01111,0.01117,2682231.0,1773773999999,29934.28526,233,2026-03-17 18:00:00+00:00
1773774000000,0.01118,0.01119,0.01112,0.01113,261890.0,1773777599999,2921.85186,41,2026-03-17 19:00:00+00:00
1773777600000,0.01113,0.01119,0.01113,0.01116,2406566.0,1773781199999,26840.18307,210,2026-03-17 20:00:00+00:00
1773781200000,0.01116,0.01121,0.01116,0.01118,616851.0,1773784799999,6907.02929,129,2026-03-17 21:00:00+00:00
1773784800000,0.01118,0.0112,0.01108,0.01114,1556605.0,1773788399999,17313.55682,345,2026-03-17 22:00:00+00:00
1773788400000,0.01114,0.01117,0.01108,0.01109,371395.0,1773791999999,4129.49416,146,2026-03-17 23:00:00+00:00
1773792000000,0.01109,0.01111,0.01101,0.01104,864075.0,1773795599999,9542.12323,270,2026-03-18 00:00:00+00:00
1773795600000,0.01104,0.01109,0.01099,0.01101,2081781.0,1773799199999,22949.62055,123,2026-03-18 01:00:00+00:00
1773799200000,0.01102,0.01103,0.01095,0.011,1695906.0,1773802799999,18645.0719,394,2026-03-18 02:00:00+00:00
1773802800000,0.011,0.01101,0.01093,0.011,1368726.0,1773806399999,15015.59709,239,2026-03-18 03:00:00+00:00
1773806400000,0.01101,0.01101,0.01095,0.01099,979040.0,1773809999999,10763.01374,260,2026-03-18 04:00:00+00:00
1773810000000,0.01099,0.01108,0.01097,0.01098,1777848.0,1773813599999,19584.25119,194,2026-03-18 05:00:00+00:00
1773813600000,0.01099,0.01125,0.01093,0.0112,5917248.0,1773817199999,65636.57049,745,2026-03-18 06:00:00+00:00
1773817200000,0.01119,0.0112,0.01106,0.01114,5696352.0,1773820799999,63356.97637,831,2026-03-18 07:00:00+00:00
1773820800000,0.01114,0.01117,0.01105,0.01114,2563958.0,1773824399999,28492.54977,271,2026-03-18 08:00:00+00:00
1773824400000,0.01113,0.0113,0.011,0.01113,6888361.0,1773827999999,76724.39187,1153,2026-03-18 09:00:00+00:00
1773828000000,0.01112,0.01117,0.01095,0.01099,5066305.0,1773831599999,55917.07705,495,2026-03-18 10:00:00+00:00
1773831600000,0.01099,0.01099,0.01051,0.0106,12126878.0,1773835199999,129542.13997,2469,2026-03-18 11:00:00+00:00
1773835200000,0.01059,0.01066,0.01039,0.01042,10578168.0,1773838799999,111402.14362,1721,2026-03-18 12:00:00+00:00
1773838800000,0.01041,0.01041,0.01023,0.01032,6439966.0,1773842399999,66324.53843,1024,2026-03-18 13:00:00+00:00
1773842400000,0.01033,0.01034,0.01003,0.01004,5087052.0,1773845999999,51630.47783,838,2026-03-18 14:00:00+00:00
1773846000000,0.01004,0.01012,0.00997,0.01009,10403778.0,1773849599999,104448.01963,930,2026-03-18 15:00:00+00:00
1773849600000,0.01008,0.01014,0.00999,0.0101,2355963.0,1773853199999,23666.57604,668,2026-03-18 16:00:00+00:00
1773853200000,0.01008,0.01008,0.00995,0.01006,1807482.0,1773856799999,18087.42062,480,2026-03-18 17:00:00+00:00
1773856800000,0.01004,0.01011,0.00999,0.01001,1342821.0,1773860399999,13529.99132,158,2026-03-18 18:00:00+00:00
1773860400000,0.01002,0.01004,0.00997,0.00997,843874.0,1773863999999,8425.36142,173,2026-03-18 19:00:00+00:00
1773864000000,0.00997,0.01006,0.00986,0.01004,2658454.0,1773867599999,26530.62512,892,2026-03-18 20:00:00+00:00
1773867600000,0.01004,0.01014,0.01004,0.01012,2188533.0,1773871199999,22056.82395,759,2026-03-18 21:00:00+00:00
1773871200000,0.01011,0.01013,0.01002,0.01008,2186099.0,1773874799999,22042.02521,989,2026-03-18 22:00:00+00:00
1773874800000,0.01008,0.01014,0.01004,0.01009,3561598.0,1773878399999,35979.05841,977,2026-03-18 23:00:00+00:00
1773878400000,0.01006,0.01007,0.01,0.01003,1975807.0,1773881999999,19833.77613,646,2026-03-19 00:00:00+00:00
1773882000000,0.01003,0.01003,0.00996,0.00998,1955638.0,1773885599999,19548.95337,504,2026-03-19 01:00:00+00:00
1773885600000,0.00997,0.00997,0.00985,0.00992,3922641.0,1773889199999,38834.79913,836,2026-03-19 02:00:00+00:00
1773889200000,0.0099,0.01001,0.00989,0.00992,1094976.0,1773892799999,10896.04751,566,2026-03-19 03:00:00+00:00
1773892800000,0.00992,0.00993,0.00983,0.00989,1863451.0,1773896399999,18405.22643,402,2026-03-19 04:00:00+00:00
1773896400000,0.00989,0.00989,0.00959,0.00964,11367231.0,1773899999999,110025.45745,821,2026-03-19 05:00:00+00:00
1773900000000,0.00961,0.00974,0.0096,0.00965,4597705.0,1773903599999,44468.02714,603,2026-03-19 06:00:00+00:00
1773903600000,0.00965,0.0097,0.00954,0.00963,2277097.0,1773907199999,21930.80878,277,2026-03-19 07:00:00+00:00
1773907200000,0.00964,0.00966,0.00957,0.00962,1469221.0,1773910799999,14143.1823,211,2026-03-19 08:00:00+00:00
1773910800000,0.00961,0.00979,0.0096,0.00976,2909695.0,1773914399999,28300.3881,543,2026-03-19 09:00:00+00:00
1773914400000,0.00977,0.0098,0.00968,0.0097,1472050.0,1773917999999,14334.03627,194,2026-03-19 10:00:00+00:00
1773918000000,0.0097,0.00971,0.00961,0.00961,2375889.0,1773921599999,22969.17572,466,2026-03-19 11:00:00+00:00
1773921600000,0.0096,0.00961,0.00953,0.00956,5910868.0,1773925199999,56564.62368,620,2026-03-19 12:00:00+00:00
1773925200000,0.00956,0.00967,0.0095,0.00964,2524169.0,1773928799999,24104.17027,632,2026-03-19 13:00:00+00:00
1773928800000,0.00964,0.00971,0.00953,0.00963,7562976.0,1773932399999,72692.93713,970,2026-03-19 14:00:00+00:00
1773932400000,0.00962,0.00965,0.00952,0.0096,417594.0,1773935999999,3995.17127,43,2026-03-19 15:00:00+00:00
1773936000000,0.00959,0.0096,0.00951,0.00956,1794769.0,1773939599999,17145.59466,149,2026-03-19 16:00:00+00:00
1773939600000,0.00954,0.00958,0.00951,0.00958,230609.0,1773943199999,2202.69864,86,2026-03-19 17:00:00+00:00
1773943200000,0.00958,0.00958,0.00948,0.00954,2938574.0,1773946799999,28005.28951,347,2026-03-19 18:00:00+00:00
1773946800000,0.00955,0.00959,0.00953,0.00955,256217.0,1773950399999,2451.82422,32,2026-03-19 19:00:00+00:00
1773950400000,0.00956,0.00956,0.00952,0.00955,956928.0,1773953999999,9127.09189,55,2026-03-19 20:00:00+00:00
1773954000000,0.00954,0.00959,0.00954,0.00955,512549.0,1773957599999,4906.86076,58,2026-03-19 21:00:00+00:00
1773957600000,0.00957,0.00961,0.00952,0.00959,2079644.0,1773961199999,19897.85671,214,2026-03-19 22:00:00+00:00
1773961200000,0.00962,0.00962,0.00957,0.00959,213797.0,1773964799999,2050.05732,64,2026-03-19 23:00:00+00:00
1773964800000,0.0096,0.00965,0.00957,0.00964,2110577.0,1773968399999,20289.88118,296,2026-03-20 00:00:00+00:00
1773968400000,0.00964,0.00966,0.0096,0.00962,298417.0,1773971999999,2873.40871,116,2026-03-20 01:00:00+00:00
1773972000000,0.0096,0.00962,0.00955,0.0096,698484.0,1773975599999,6682.81907,47,2026-03-20 02:00:00+00:00
1773975600000,0.0096,0.0096,0.00956,0.0096,1215672.0,1773979199999,11653.03267,192,2026-03-20 03:00:00+00:00
1773979200000,0.00957,0.00958,0.00953,0.00953,670265.0,1773982799999,6406.8513,101,2026-03-20 04:00:00+00:00
1773982800000,0.00954,0.00956,0.0095,0.0095,518640.0,1773986399999,4936.00863,206,2026-03-20 05:00:00+00:00
1773986400000,0.00949,0.00951,0.00943,0.00943,996777.0,1773989999999,9430.89455,174,2026-03-20 06:00:00+00:00
1773990000000,0.00942,0.00943,0.00932,0.0094,2510574.0,1773993599999,23534.87838,458,2026-03-20 07:00:00+00:00
1773993600000,0.00939,0.00952,0.00937,0.00941,1643876.0,1773997199999,15507.35458,310,2026-03-20 08:00:00+00:00
1773997200000,0.00939,0.00942,0.00931,0.00936,1497939.0,1774000799999,14015.77876,242,2026-03-20 09:00:00+00:00
1774000800000,0.00936,0.00942,0.00936,0.00936,1332810.0,1774004399999,12511.6864,48,2026-03-20 10:00:00+00:00
1774004400000,0.00936,0.0094,0.00934,0.00934,2486861.0,1774007999999,23305.28311,167,2026-03-20 11:00:00+00:00
1774008000000,0.00934,0.00936,0.00926,0.00931,2853707.0,1774011599999,26588.04203,345,2026-03-20 12:00:00+00:00
1774011600000,0.00931,0.00933,0.00926,0.00927,821883.0,1774015199999,7646.31271,148,2026-03-20 13:00:00+00:00
1774015200000,0.00926,0.00928,0.00919,0.00921,2077242.0,1774018799999,19183.24158,239,2026-03-20 14:00:00+00:00
1774018800000,0.00921,0.00924,0.00915,0.00924,1935197.0,1774022399999,17782.31606,522,2026-03-20 15:00:00+00:00
1774022400000,0.00924,0.00926,0.00917,0.00917,1287758.0,1774025999999,11859.5535,425,2026-03-20 16:00:00+00:00
1774026000000,0.00917,0.00918,0.00887,0.00899,8842511.0,1774029599999,79736.52833,770,2026-03-20 17:00:00+00:00
1774029600000,0.00898,0.00902,0.00877,0.00885,6450375.0,1774033199999,57302.93005,576,2026-03-20 18:00:00+00:00
1774033200000,0.00887,0.00891,0.00873,0.00889,5163472.0,1774036799999,45604.99885,505,2026-03-20 19:00:00+00:00
1774036800000,0.00889,0.00892,0.00882,0.00887,2707467.0,1774040399999,24022.95894,267,2026-03-20 20:00:00+00:00
1774040400000,0.00886,0.00903,0.00882,0.009,2863366.0,1774043999999,25599.02355,231,2026-03-20 21:00:00+00:00
1774044000000,0.00903,0.00907,0.00899,0.00905,1144158.0,1774047599999,10334.43302,168,2026-03-20 22:00:00+00:00
1774047600000,0.00906,0.00909,0.00903,0.00908,953796.0,1774051199999,8638.37541,84,2026-03-20 23:00:00+00:00
1774051200000,0.00908,0.0091,0.00898,0.00909,5502682.0,1774054799999,49684.78336,432,2026-03-21 00:00:00+00:00
1774054800000,0.0091,0.00923,0.00908,0.00915,6878281.0,1774058399999,62967.55853,406,2026-03-21 01:00:00+00:00
1774058400000,0.00915,0.00915,0.0091,0.00911,350518.0,1774061999999,3202.37439,75,2026-03-21 02:00:00+00:00
1774062000000,0.00911,0.00911,0.00901,0.0091,1390565.0,1774065599999,12582.0517,256,2026-03-21 03:00:00+00:00
1774065600000,0.00908,0.00909,0.00904,0.00906,850688.0,1774069199999,7717.59809,81,2026-03-21 04:00:00+00:00
1774069200000,0.00905,0.0091,0.00903,0.00909,1263558.0,1774072799999,11452.46432,111,2026-03-21 05:00:00+00:00
1774072800000,0.00909,0.00913,0.00909,0.00911,898211.0,1774076399999,8192.60808,91,2026-03-21 06:00:00+00:00
1774076400000,0.0091,0.00916,0.00906,0.00907,6405879.0,1774079999999,58338.76511,440,2026-03-21 07:00:00+00:00
