open_time,open,high,low,close,volume,close_time,quote_asset_volume,num_trades,timestamp
1744380000000,0.4199,0.6,0.4199,0.5307,7427067.4,1744383600000,4067237.26984,14704,2025-04-11 14:00:00+00:00
1744383600000,0.5308,0.535,0.5206,0.5245,2054899.3,1744387200000,1081916.10952,7381,2025-04-11 15:00:00+00:00
1744387200000,0.5243,0.5386,0.5121,0.5303,2644325.7,1744390800000,1397568.13879,10186,2025-04-11 16:00:00+00:00
1744390800000,0.5303,0.5353,0.5226,0.5308,1624974.4,1744394400000,860616.53666,3981,2025-04-11 17:00:00+00:00
1744394400000,0.531,0.5329,0.524,0.5261,763270.8,1744398000000,403526.43017,2307,2025-04-11 18:00:00+00:00
1744398000000,0.5261,0.533,0.5252,0.5297,639639.4,1744401600000,338434.56623,1534,2025-04-11 19:00:00+00:00
1744401600000,0.5304,0.54,0.5225,0.5383,852845.5,1744405200000,453173.55244,1823,2025-04-11 20:00:00+00:00
1744405200000,0.5381,0.542,0.5288,0.5316,618031.3,1744408800000,330722.72772,1292,2025-04-11 21:00:00+00:00
1744408800000,0.5315,0.5338,0.5254,0.5266,386370.5,1744412400000,204399.12644,787,2025-04-11 22:00:00+00:00
1744412400000,0.5265,0.5307,0.5206,0.528,588537.4,1744416000000,309049.60156,1427,2025-04-11 23:00:00+00:00
1744416000000,0.5283,0.5514,0.5195,0.5508,1221277.1,1744419600000,659877.45727,3816,2025-04-12 00:00:00+00:00
1744419600000,0.5506,0.5565,0.5423,0.5511,2297199.8,1744423200000,1264259.14625,4810,2025-04-12 01:00:00+00:00
1744423200000,0.551,0.5555,0.5426,0.5426,1136564.2,1744426800000,624808.91453,2878,2025-04-12 02:00:00+00:00
1744426800000,0.5423,0.5506,0.5356,0.5398,549131.5,1744430400000,298259.58619,1818,2025-04-12 03:00:00+00:00
1744430400000,0.5402,0.5513,0.5325,0.5503,750121.2,1744434000000,406778.07837,2080,2025-04-12 04:00:00+00:00
1744434000000,0.5503,0.5642,0.5474,0.5566,1761641.8,1744437600000,979572.11963,5042,2025-04-12 05:00:00+00:00
1744437600000,0.5568,0.5682,0.5506,0.5536,2020764.9,1744441200000,1134127.4322,5668,2025-04-12 06:00:00+00:00
1744441200000,0.5533,0.569,0.5424,0.567,1985326.1,1744444800000,1104612.11961,7261,2025-04-12 07:00:00+00:00
1744444800000,0.5669,0.5787,0.5567,0.5578,2020022.1,1744448400000,1150698.80261,7883,2025-04-12 08:00:00+00:00
1744448400000,0.5576,0.5718,0.5529,0.5665,1426331.5,1744452000000,804671.27242,6290,2025-04-12 09:00:00+00:00
1744452000000,0.5664,0.5665,0.5374,0.5397,1998797.5,1744455600000,1099299.90977,6802,2025-04-12 10:00:00+00:00
1744455600000,0.5397,0.548,0.5388,0.545,656696.7,1744459200000,357636.63343,3085,2025-04-12 11:00:00+00:00
1744459200000,0.5446,0.5618,0.5429,0.5522,830229.0,1744462800000,459420.20061,3835,2025-04-12 12:00:00+00:00
1744462800000,0.552,0.5699,0.5499,0.5636,1079496.2,1744466400000,605241.53744,6161,2025-04-12 13:00:00+00:00
1744466400000,0.5633,0.5894,0.5598,0.5723,2165539.2,1744470000000,1242914.50327,7157,2025-04-12 14:00:00+00:00
1744470000000,0.5724,0.598,0.5659,0.598,2185366.0,1744473600000,1272768.58766,3136,2025-04-12 15:00:00+00:00
1744473600000,0.5976,0.6,0.5861,0.5888,1134221.0,1744477200000,672581.5841,2262,2025-04-12 16:00:00+00:00
1744477200000,0.5884,0.6181,0.5849,0.6057,1250281.1,1744480800000,753346.68877,2558,2025-04-12 17:00:00+00:00
1744480800000,0.6059,0.6117,0.5996,0.6031,519263.5,1744484400000,314049.15715,1473,2025-04-12 18:00:00+00:00
1744484400000,0.6026,0.612,0.5984,0.6014,462393.0,1744488000000,279779.60104,1307,2025-04-12 19:00:00+00:00
1744488000000,0.6015,0.613,0.6003,0.6077,278587.3,1744491600000,168827.38723,776,2025-04-12 20:00:00+00:00
1744491600000,0.6069,0.6173,0.6037,0.6081,313682.0,1744495200000,191440.67037,959,2025-04-12 21:00:00+00:00
1744495200000,0.6087,0.6149,0.6028,0.6076,316549.3,1744498800000,192961.59039,932,2025-04-12 22:00:00+00:00
1744498800000,0.6075,0.6162,0.6029,0.6136,520909.3,1744502400000,317672.62961,1331,2025-04-12 23:00:00+00:00
1744502400000,0.6136,0.6373,0.6005,0.6022,1821882.1,1744506000000,1130279.27923,6887,2025-04-13 00:00:00+00:00
1744506000000,0.602,0.6064,0.5866,0.5882,604434.5,1744509600000,360249.49022,2328,2025-04-13 01:00:00+00:00
1744509600000,0.5883,0.594,0.5845,0.5927,463857.0,1744513200000,273240.63144,1744,2025-04-13 02:00:00+00:00
1744513200000,0.5924,0.5936,0.5873,0.5911,227369.4,1744516800000,134422.47729,1132,2025-04-13 03:00:00+00:00
1744516800000,0.591,0.5912,0.5827,0.5838,386713.6,1744520400000,226826.34832,1374,2025-04-13 04:00:00+00:00
1744520400000,0.5836,0.5902,0.5822,0.5848,506451.1,1744524000000,297252.00371,1556,2025-04-13 05:00:00+00:00
1744524000000,0.5848,0.5883,0.5844,0.5853,159937.4,1744527600000,93707.32525,935,2025-04-13 06:00:00+00:00
1744527600000,0.5852,0.5898,0.58,0.5809,198909.4,1744531200000,116222.70288,894,2025-04-13 07:00:00+00:00
1744531200000,0.5803,0.5819,0.5759,0.5788,353660.5,1744534800000,204882.26782,1030,2025-04-13 08:00:00+00:00
1744534800000,0.5787,0.5872,0.5771,0.5857,240781.4,1744538400000,140509.78629,1061,2025-04-13 09:00:00+00:00
1744538400000,0.5855,0.5896,0.5851,0.5883,363663.4,1744542000000,213725.87014,1111,2025-04-13 10:00:00+00:00
1744542000000,0.5884,0.5908,0.5772,0.5813,227941.5,1744545600000,132759.41284,1015,2025-04-13 11:00:00+00:00
1744545600000,0.5811,0.583,0.5756,0.5778,203204.3,1744549200000,117634.19649,1183,2025-04-13 12:00:00+00:00
1744549200000,0.5781,0.5815,0.5625,0.5666,365417.8,1744552800000,208795.69041,1816,2025-04-13 13:00:00+00:00
1744552800000,0.5664,0.5675,0.5501,0.5544,635806.0,1744556400000,354345.30639,3203,2025-04-13 14:00:00+00:00
1744556400000,0.554,0.5549,0.5471,0.5531,498820.5,1744560000000,274461.39544,1892,2025-04-13 15:00:00+00:00
1744560000000,0.5529,0.5648,0.5527,0.5639,289865.9,1744563600000,161943.48353,1539,2025-04-13 16:00:00+00:00
1744563600000,0.5637,0.591,0.5627,0.5865,1016230.0,1744567200000,590320.30637,4129,2025-04-13 17:00:00+00:00
1744567200000,0.5865,0.5956,0.5859,0.5869,451155.6,1744570800000,266353.94321,2602,2025-04-13 18:00:00+00:00
1744570800000,0.5862,0.5882,0.5601,0.5662,869946.1,1744574400000,497780.47355,3431,2025-04-13 19:00:00+00:00
1744574400000,0.5669,0.5714,0.5519,0.5542,251695.4,1744578000000,141520.483,1858,2025-04-13 20:00:00+00:00
1744578000000,0.5546,0.5549,0.5361,0.5408,638357.2,1744581600000,347194.09765,2280,2025-04-13 21:00:00+00:00
1744581600000,0.5407,0.5469,0.5247,0.5248,672372.3,1744585200000,358864.75053,2137,2025-04-13 22:00:00+00:00
1744585200000,0.5247,0.5419,0.5227,0.5408,309318.1,1744588800000,164545.53755,1916,2025-04-13 23:00:00+00:00
1744588800000,0.5404,0.554,0.5342,0.5419,457772.9,1744592400000,249781.96501,2263,2025-04-14 00:00:00+00:00
1744592400000,0.542,0.5465,0.5406,0.5451,274135.4,1744596000000,149032.82749,1373,2025-04-14 01:00:00+00:00
1744596000000,0.5449,0.5697,0.5433,0.5564,554548.6,1744599600000,310172.27491,2738,2025-04-14 02:00:00+00:00
1744599600000,0.5564,0.5597,0.5459,0.5481,357970.5,1744603200000,197782.02954,1775,2025-04-14 03:00:00+00:00
1744603200000,0.5483,0.557,0.5441,0.5561,387039.2,1744606800000,212671.07846,1707,2025-04-14 04:00:00+00:00
1744606800000,0.5561,0.5568,0.5483,0.554,245531.2,1744610400000,135965.16066,1082,2025-04-14 05:00:00+00:00
1744610400000,0.5541,0.5541,0.5459,0.5492,211273.9,1744614000000,116172.51183,1112,2025-04-14 06:00:00+00:00
1744614000000,0.5493,0.5536,0.5447,0.5499,245946.2,1744617600000,135093.60112,1293,2025-04-14 07:00:00+00:00
1744617600000,0.55,0.5561,0.5459,0.55,210700.5,1744621200000,116029.54096,1116,2025-04-14 08:00:00+00:00
1744621200000,0.5498,0.5522,0.5412,0.5469,258385.6,1744624800000,140860.32636,1159,2025-04-14 09:00:00+00:00
1744624800000,0.547,0.5647,0.5469,0.5621,339636.7,1744628400000,189338.00686,1636,2025-04-14 10:00:00+00:00
1744628400000,0.5625,0.5923,0.5619,0.5916,1005478.0,1744632000000,581680.20619,4267,2025-04-14 11:00:00+00:00
1744632000000,0.5916,0.5924,0.5718,0.5769,472944.6,1744635600000,273607.97795,3059,2025-04-14 12:00:00+00:00
1744635600000,0.577,0.5793,0.5601,0.5621,526775.9,1744639200000,299483.96259,2918,2025-04-14 13:00:00+00:00
1744639200000,0.5623,0.5903,0.5617,0.5841,701346.4,1744642800000,403637.81459,3042,2025-04-14 14:00:00+00:00
1744642800000,0.5838,0.5841,0.554,0.5558,857063.8,1744646400000,482873.35542,4396,2025-04-14 15:00:00+00:00
1744646400000,0.5558,0.5669,0.5548,0.5592,418056.4,1744650000000,234257.27705,3350,2025-04-14 16:00:00+00:00
1744650000000,0.5592,0.5746,0.5592,0.5729,389682.9,1744653600000,220706.80085,2627,2025-04-14 17:00:00+00:00
1744653600000,0.5731,0.5768,0.5683,0.5705,148403.2,1744657200000,85079.78813,1878,2025-04-14 18:00:00+00:00
1744657200000,0.5706,0.5791,0.5703,0.5761,159331.2,1744660800000,91568.17363,2048,2025-04-14 19:00:00+00:00
1744660800000,0.576,0.5839,0.5722,0.5826,199659.4,1744664400000,115243.48663,2096,2025-04-14 20:00:00+00:00
1744664400000,0.5826,0.5829,0.5677,0.5745,203954.4,1744668000000,117057.83036,1376,2025-04-14 21:00:00+00:00
1744668000000,0.5747,0.575,0.5679,0.5719,174531.8,1744671600000,99763.61337,2084,2025-04-14 22:00:00+00:00
1744671600000,0.5721,0.5787,0.5708,0.5777,345529.3,1744675200000,198565.00169,2797,2025-04-14 23:00:00+00:00
1744675200000,0.5779,0.6,0.5641,0.5726,1533667.5,1744678800000,895621.96247,9384,2025-04-15 00:00:00+00:00
1744678800000,0.5726,0.582,0.5664,0.5808,435023.5,1744682400000,250586.75798,3664,2025-04-15 01:00:00+00:00
1744682400000,0.5808,0.5837,0.5698,0.5741,336457.1,1744686000000,194210.47643,2725,2025-04-15 02:00:00+00:00
1744686000000,0.5742,0.588,0.5742,0.5822,315905.6,1744689600000,183913.67413,2567,2025-04-15 03:00:00+00:00
1744689600000,0.5823,0.585,0.5703,0.5779,252996.0,1744693200000,145956.3517,2167,2025-04-15 04:00:00+00:00
1744693200000,0.5781,0.5897,0.5781,0.5886,299583.2,1744696800000,175336.99318,2320,2025-04-15 05:00:00+00:00
1744696800000,0.5886,0.5939,0.5835,0.5916,312942.1,1744700400000,184513.43517,2611,2025-04-15 06:00:00+00:00
1744700400000,0.5916,0.6109,0.5916,0.6066,804641.9,1744704000000,485147.71622,4469,2025-04-15 07:00:00+00:00
1744704000000,0.6068,0.6128,0.601,0.6089,635680.6,1744707600000,385774.47365,2687,2025-04-15 08:00:00+00:00
1744707600000,0.6089,0.624,0.6069,0.619,1029127.9,1744711200000,635066.83683,3817,2025-04-15 09:00:00+00:00
1744711200000,0.6189,0.63,0.6017,0.6088,850458.0,1744714800000,523225.45708,4070,2025-04-15 10:00:00+00:00
1744714800000,0.609,0.6094,0.5944,0.5991,448650.2,1744718400000,269269.08451,2901,2025-04-15 11:00:00+00:00
1744718400000,0.5989,0.6045,0.5906,0.601,542152.8,1744722000000,323785.16219,3881,2025-04-15 12:00:00+00:00
1744722000000,0.6011,0.6166,0.5989,0.6013,662938.6,1744725600000,402175.71422,6091,2025-04-15 13:00:00+00:00
1744725600000,0.6014,0.6047,0.5852,0.5878,845674.2,1744729200000,500570.69969,7819,2025-04-15 14:00:00+00:00
1744729200000,0.5878,0.5935,0.5797,0.583,501922.4,1744732800000,294541.47345,3982,2025-04-15 15:00:00+00:00
1744732800000,0.5831,0.5871,0.5785,0.5802,278048.0,1744736400000,161932.9675,3094,2025-04-15 16:00:00+00:00
1744736400000,0.5802,0.5835,0.5701,0.575,387490.2,1744740000000,223550.06613,3111,2025-04-15 17:00:00+00:00
1744740000000,0.5747,0.5762,0.565,0.5661,396631.9,1744743600000,225916.64488,2875,2025-04-15 18:00:00+00:00
1744743600000,0.5662,0.5708,0.5632,0.5661,222309.9,1744747200000,126071.03464,2158,2025-04-15 19:00:00+00:00
1744747200000,0.566,0.5709,0.561,0.5639,195222.5,1744750800000,110686.9605,1982,2025-04-15 20:00:00+00:00
1744750800000,0.564,0.5747,0.5624,0.5726,222162.4,1744754400000,126283.50396,1286,2025-04-15 21:00:00+00:00
1744754400000,0.5725,0.5725,0.5602,0.5633,258726.4,1744758000000,146374.11814,1907,2025-04-15 22:00:00+00:00
1744758000000,0.5632,0.5644,0.5556,0.5585,200971.8,1744761600000,112619.03221,1852,2025-04-15 23:00:00+00:00
1744761600000,0.5584,0.5602,0.548,0.5488,308922.8,1744765200000,171413.54666,2726,2025-04-16 00:00:00+00:00
1744765200000,0.5486,0.5571,0.5484,0.5534,313753.1,1744768800000,173600.18912,2095,2025-04-16 01:00:00+00:00
1744768800000,0.5537,0.5566,0.5496,0.5548,148225.6,1744772400000,81986.82465,1736,2025-04-16 02:00:00+00:00
1744772400000,0.5549,0.5646,0.5533,0.5562,413573.8,1744776000000,231093.61234,2565,2025-04-16 03:00:00+00:00
1744776000000,0.5561,0.5574,0.5468,0.5512,289215.9,1744779600000,159076.99705,1845,2025-04-16 04:00:00+00:00
1744779600000,0.5511,0.5563,0.5433,0.5502,418244.8,1744783200000,229886.15172,2530,2025-04-16 05:00:00+00:00
1744783200000,0.5502,0.552,0.547,0.5489,134957.9,1744786800000,74129.69717,1457,2025-04-16 06:00:00+00:00
1744786800000,0.5492,0.5505,0.5337,0.5353,406063.9,1744790400000,219564.73498,3084,2025-04-16 07:00:00+00:00
1744790400000,0.5354,0.545,0.5286,0.5385,533143.7,1744794000000,286037.9978,4029,2025-04-16 08:00:00+00:00
1744794000000,0.5387,0.5474,0.5377,0.538,302090.5,1744797600000,164234.90244,2185,2025-04-16 09:00:00+00:00
1744797600000,0.5379,0.5479,0.5353,0.5441,314038.2,1744801200000,169884.1383,2184,2025-04-16 10:00:00+00:00
1744801200000,0.5441,0.5476,0.5395,0.5459,399857.5,1744804800000,217434.12083,1846,2025-04-16 11:00:00+00:00
1744804800000,0.5458,0.5468,0.5352,0.5356,419800.3,1744808400000,227623.14137,1911,2025-04-16 12:00:00+00:00
1744808400000,0.5353,0.541,0.5312,0.5315,342825.6,1744812000000,183532.57852,2836,2025-04-16 13:00:00+00:00
1744812000000,0.5314,0.5549,0.5314,0.5489,408011.0,1744815600000,222265.59692,3370,2025-04-16 14:00:00+00:00
1744815600000,0.5489,0.5612,0.5483,0.5489,477104.8,1744819200000,264474.70674,4015,2025-04-16 15:00:00+00:00
1744819200000,0.549,0.5512,0.5358,0.5453,401095.2,1744822800000,218129.06401,3169,2025-04-16 16:00:00+00:00
1744822800000,0.5453,0.5625,0.5319,0.5338,993383.4,1744826400000,546066.7603,7124,2025-04-16 17:00:00+00:00
1744826400000,0.5339,0.5544,0.5339,0.5456,562259.5,1744830000000,306049.3074,6252,2025-04-16 18:00:00+00:00
1744830000000,0.5457,0.5595,0.5382,0.5556,318365.7,1744833600000,174192.16869,3847,2025-04-16 19:00:00+00:00
1744833600000,0.5554,0.5583,0.5416,0.543,335969.0,1744837200000,185687.17474,3532,2025-04-16 20:00:00+00:00
1744837200000,0.5431,0.5507,0.5407,0.5458,220339.9,1744840800000,120198.02201,1636,2025-04-16 21:00:00+00:00
1744840800000,0.5459,0.5496,0.5414,0.5459,161856.9,1744844400000,88128.49966,1672,2025-04-16 22:00:00+00:00
1744844400000,0.5459,0.546,0.5358,0.5368,185807.6,1744848000000,100366.9707,1399,2025-04-16 23:00:00+00:00
1744848000000,0.5367,0.5381,0.5321,0.538,125325.5,1744851600000,67032.89954,1583,2025-04-17 00:00:00+00:00
1744851600000,0.5382,0.543,0.5316,0.5342,392422.6,1744855200000,211012.58968,2392,2025-04-17 01:00:00+00:00
1744855200000,0.5341,0.5342,0.5291,0.5321,134705.0,1744858800000,71565.11539,1525,2025-04-17 02:00:00+00:00
1744858800000,0.5321,0.5356,0.5274,0.5311,148433.7,1744862400000,78876.43111,1588,2025-04-17 03:00:00+00:00
1744862400000,0.531,0.5368,0.5288,0.5355,61229.4,1744866000000,32555.68598,866,2025-04-17 04:00:00+00:00
1744866000000,0.5355,0.5415,0.5355,0.5377,109655.6,1744869600000,59024.6383,1245,2025-04-17 05:00:00+00:00
1744869600000,0.5378,0.5459,0.5376,0.5436,138747.8,1744873200000,75270.85114,1645,2025-04-17 06:00:00+00:00
1744873200000,0.5439,0.549,0.5409,0.5444,109678.2,1744876800000,59801.49113,1494,2025-04-17 07:00:00+00:00
1744876800000,0.5446,0.547,0.5366,0.537,131345.1,1744880400000,71001.91835,972,2025-04-17 08:00:00+00:00
1744880400000,0.5369,0.5399,0.5336,0.5374,115565.3,1744884000000,61898.84423,811,2025-04-17 09:00:00+00:00
1744884000000,0.5373,0.5383,0.533,0.5359,150923.7,1744887600000,80929.96311,1177,2025-04-17 10:00:00+00:00
1744887600000,0.5359,0.5414,0.5357,0.538,104265.4,1744891200000,56186.86108,1348,2025-04-17 11:00:00+00:00
1744891200000,0.5378,0.5474,0.5372,0.5455,223826.9,1744894800000,121406.30668,2482,2025-04-17 12:00:00+00:00
1744894800000,0.5454,0.5557,0.5412,0.543,556412.8,1744898400000,304849.42982,4068,2025-04-17 13:00:00+00:00
1744898400000,0.5429,0.5443,0.5253,0.5317,563848.8,1744902000000,300337.16061,3769,2025-04-17 14:00:00+00:00
1744902000000,0.5318,0.5482,0.5313,0.5453,332348.4,1744905600000,180240.52913,3131,2025-04-17 15:00:00+00:00
1744905600000,0.5454,0.5617,0.5412,0.5583,508606.7,1744909200000,281341.3145,4738,2025-04-17 16:00:00+00:00
1744909200000,0.5585,0.568,0.5551,0.565,516463.2,1744912800000,290242.61297,3884,2025-04-17 17:00:00+00:00
1744912800000,0.5652,0.5723,0.5618,0.5649,411676.3,1744916400000,234316.74695,3579,2025-04-17 18:00:00+00:00
1744916400000,0.5648,0.5677,0.5527,0.5555,311211.0,1744920000000,173599.66366,3342,2025-04-17 19:00:00+00:00
1744920000000,0.5556,0.5675,0.5556,0.5655,272028.7,1744923600000,153357.62223,2774,2025-04-17 20:00:00+00:00
1744923600000,0.5652,0.5662,0.5606,0.5635,199755.4,1744927200000,112519.27758,1122,2025-04-17 21:00:00+00:00
1744927200000,0.5633,0.5651,0.5548,0.5548,346806.1,1744930800000,194625.6073,1442,2025-04-17 22:00:00+00:00
1744930800000,0.555,0.5593,0.5532,0.5565,120920.4,1744934400000,67177.36705,957,2025-04-17 23:00:00+00:00
1744934400000,0.5565,0.5705,0.5565,0.56,602790.2,1744938000000,340727.202,5541,2025-04-18 00:00:00+00:00
1744938000000,0.5599,0.5652,0.5556,0.556,180817.7,1744941600000,101250.70561,2330,2025-04-18 01:00:00+00:00
1744941600000,0.556,0.5598,0.554,0.5556,157373.6,1744945200000,87604.0813,1622,2025-04-18 02:00:00+00:00
1744945200000,0.5555,0.5557,0.5454,0.5466,224712.6,1744948800000,123114.23595,2010,2025-04-18 03:00:00+00:00
1744948800000,0.5468,0.5517,0.5424,0.5484,158833.9,1744952400000,86894.94315,1613,2025-04-18 04:00:00+00:00
1744952400000,0.5483,0.5498,0.5424,0.5495,205515.0,1744956000000,112034.81682,2011,2025-04-18 05:00:00+00:00
1744956000000,0.5498,0.5576,0.547,0.5567,172259.3,1744959600000,95193.48548,2193,2025-04-18 06:00:00+00:00
1744959600000,0.5569,0.5647,0.5515,0.5646,412456.2,1744963200000,230448.7212,3175,2025-04-18 07:00:00+00:00
1744963200000,0.5646,0.5751,0.5602,0.5744,269390.1,1744966800000,153306.60662,2376,2025-04-18 08:00:00+00:00
1744966800000,0.5743,0.5743,0.5631,0.5672,629072.9,1744970400000,356539.24962,2860,2025-04-18 09:00:00+00:00
1744970400000,0.5672,0.5717,0.5655,0.5675,236889.0,1744974000000,134599.43226,2101,2025-04-18 10:00:00+00:00
1744974000000,0.5675,0.572,0.5646,0.5693,266721.7,1744977600000,151493.01826,1857,2025-04-18 11:00:00+00:00
1744977600000,0.5693,0.5761,0.5662,0.5759,202840.8,1744981200000,115733.81326,2116,2025-04-18 12:00:00+00:00
1744981200000,0.5759,0.582,0.5687,0.5811,984213.2,1744984800000,564136.31587,4753,2025-04-18 13:00:00+00:00
1744984800000,0.5808,0.5856,0.5693,0.5713,593158.2,1744988400000,341728.2614,3846,2025-04-18 14:00:00+00:00
1744988400000,0.5714,0.5739,0.5597,0.5657,367122.4,1744992000000,207202.79048,2960,2025-04-18 15:00:00+00:00
1744992000000,0.5655,0.5692,0.5634,0.5673,288731.1,1744995600000,163403.79441,2451,2025-04-18 16:00:00+00:00
1744995600000,0.5674,0.5767,0.5657,0.5761,191382.9,1744999200000,109494.20674,2096,2025-04-18 17:00:00+00:00
1744999200000,0.576,0.5768,0.5706,0.5724,141410.3,1745002800000,81067.54545,1657,2025-04-18 18:00:00+00:00
1745002800000,0.5724,0.6,0.5697,0.5783,1144314.6,1745006400000,668901.54645,5595,2025-04-18 19:00:00+00:00
1745006400000,0.5781,0.5863,0.5779,0.5841,352880.9,1745010000000,205483.61033,3151,2025-04-18 20:00:00+00:00
1745010000000,0.5841,0.5874,0.5791,0.5863,98612.8,1745013600000,57596.17134,982,2025-04-18 21:00:00+00:00
1745013600000,0.5864,0.5898,0.5834,0.5855,151340.0,1745017200000,88782.71453,1792,2025-04-18 22:00:00+00:00
1745017200000,0.5853,0.5883,0.5802,0.5869,241254.0,1745020800000,140730.60483,2043,2025-04-18 23:00:00+00:00
1745020800000,0.5867,0.5901,0.5742,0.5751,239736.7,1745024400000,139211.98808,3465,2025-04-19 00:00:00+00:00
1745024400000,0.5753,0.5807,0.5753,0.5779,85767.1,1745028000000,49527.39311,1501,2025-04-19 01:00:00+00:00
1745028000000,0.578,0.5826,0.5753,0.5804,133971.7,1745031600000,77554.55388,1642,2025-04-19 02:00:00+00:00
1745031600000,0.5803,0.5924,0.5797,0.5829,455107.6,1745035200000,266929.98568,3338,2025-04-19 03:00:00+00:00
1745035200000,0.583,0.5876,0.5787,0.5803,246729.2,1745038800000,143794.18929,2532,2025-04-19 04:00:00+00:00
1745038800000,0.5803,0.5809,0.5749,0.5752,232163.7,1745042400000,133976.45992,1698,2025-04-19 05:00:00+00:00
1745042400000,0.5751,0.5769,0.5713,0.5713,106744.4,1745046000000,61193.67214,1079,2025-04-19 06:00:00+00:00
1745046000000,0.5713,0.5782,0.5708,0.577,110482.5,1745049600000,63497.12392,1240,2025-04-19 07:00:00+00:00
1745049600000,0.577,0.5811,0.5757,0.5784,168533.8,1745053200000,97391.81338,1587,2025-04-19 08:00:00+00:00
1745053200000,0.5787,0.5814,0.5722,0.5723,121033.9,1745056800000,69712.97641,1278,2025-04-19 09:00:00+00:00
1745056800000,0.5724,0.5724,0.567,0.5694,260363.1,1745060400000,148291.26796,1428,2025-04-19 10:00:00+00:00
1745060400000,0.5693,0.57,0.5669,0.568,142489.4,1745064000000,80961.50195,1078,2025-04-19 11:00:00+00:00
1745064000000,0.5681,0.5715,0.5658,0.5661,136863.1,1745067600000,77816.66147,977,2025-04-19 12:00:00+00:00
1745067600000,0.5661,0.5709,0.5642,0.5705,142090.3,1745071200000,80550.37931,1042,2025-04-19 13:00:00+00:00
1745071200000,0.5704,0.5724,0.5681,0.5724,86998.4,1745074800000,49638.72051,1069,2025-04-19 14:00:00+00:00
1745074800000,0.5724,0.5798,0.5718,0.5764,158761.6,1745078400000,91497.53587,1595,2025-04-19 15:00:00+00:00
1745078400000,0.5766,0.5805,0.57,0.5708,281536.5,1745082000000,161983.73453,2082,2025-04-19 16:00:00+00:00
1745082000000,0.5708,0.5829,0.5691,0.5813,195336.0,1745085600000,112663.99811,1940,2025-04-19 17:00:00+00:00
1745085600000,0.581,0.586,0.5789,0.5803,141410.8,1745089200000,82467.12423,1610,2025-04-19 18:00:00+00:00
1745089200000,0.5801,0.5827,0.5775,0.578,80334.8,1745092800000,46550.8095,928,2025-04-19 19:00:00+00:00
1745092800000,0.5781,0.5851,0.576,0.585,90359.4,1745096400000,52432.68299,1218,2025-04-19 20:00:00+00:00
1745096400000,0.5846,0.5891,0.5838,0.5871,158449.8,1745100000000,92929.73533,906,2025-04-19 21:00:00+00:00
1745100000000,0.5871,0.5889,0.5812,0.5841,324586.8,1745103600000,189273.41677,1239,2025-04-19 22:00:00+00:00
1745103600000,0.584,0.5862,0.5798,0.5827,145277.7,1745107200000,84745.6528,1206,2025-04-19 23:00:00+00:00
1745107200000,0.5826,0.5826,0.5729,0.5729,130988.1,1745110800000,75764.74747,1624,2025-04-20 00:00:00+00:00
1745110800000,0.5729,0.5794,0.5727,0.5787,177240.1,1745114400000,102245.4325,1512,2025-04-20 01:00:00+00:00
1745114400000,0.5787,0.5814,0.5731,0.5773,746741.0,1745118000000,431349.15272,2318,2025-04-20 02:00:00+00:00
1745118000000,0.5773,0.5775,0.5675,0.5708,532466.6,1745121600000,304460.39469,2140,2025-04-20 03:00:00+00:00
1745121600000,0.5709,0.5887,0.5706,0.5843,326202.0,1745125200000,189101.99399,2616,2025-04-20 04:00:00+00:00
1745125200000,0.5842,0.5894,0.5805,0.5805,165107.1,1745128800000,96611.55473,1782,2025-04-20 05:00:00+00:00
1745128800000,0.5804,0.5825,0.5744,0.5752,182753.0,1745132400000,105670.09912,1969,2025-04-20 06:00:00+00:00
1745132400000,0.5751,0.5751,0.5679,0.571,179875.5,1745136000000,102619.03579,1788,2025-04-20 07:00:00+00:00
1745136000000,0.571,0.572,0.5624,0.564,168849.7,1745139600000,95689.50571,1393,2025-04-20 08:00:00+00:00
1745139600000,0.5639,0.5664,0.5612,0.5634,154788.6,1745143200000,87254.37129,1366,2025-04-20 09:00:00+00:00
1745143200000,0.5634,0.5653,0.552,0.5545,197782.7,1745146800000,110645.11556,1783,2025-04-20 10:00:00+00:00
1745146800000,0.5544,0.5586,0.5482,0.5535,487857.6,1745150400000,269130.7496,2472,2025-04-20 11:00:00+00:00
1745150400000,0.5534,0.5593,0.5518,0.5562,98659.2,1745154000000,54919.08495,1139,2025-04-20 12:00:00+00:00
1745154000000,0.5561,0.559,0.5525,0.5576,303921.8,1745157600000,168610.57517,1472,2025-04-20 13:00:00+00:00
1745157600000,0.5577,0.5631,0.5568,0.5602,119613.2,1745161200000,67046.67726,1569,2025-04-20 14:00:00+00:00
1745161200000,0.5601,0.5602,0.5495,0.552,168273.1,1745164800000,93302.97981,1469,2025-04-20 15:00:00+00:00
1745164800000,0.552,0.5611,0.55,0.5604,121139.7,1745168400000,67528.52189,1508,2025-04-20 16:00:00+00:00
1745168400000,0.5603,0.5605,0.5537,0.5568,53653.9,1745172000000,29869.60035,943,2025-04-20 17:00:00+00:00
1745172000000,0.5567,0.558,0.5539,0.5579,73719.9,1745175600000,40993.45944,982,2025-04-20 18:00:00+00:00
1745175600000,0.5579,0.5627,0.5572,0.5627,148271.0,1745179200000,82839.36579,1032,2025-04-20 19:00:00+00:00
1745179200000,0.5626,0.5769,0.562,0.5753,234047.8,1745182800000,133635.2868,2525,2025-04-20 20:00:00+00:00
1745182800000,0.5753,0.5764,0.5715,0.5718,184496.5,1745186400000,105847.25547,1505,2025-04-20 21:00:00+00:00
1745186400000,0.5719,0.5723,0.563,0.5664,85223.1,1745190000000,48344.11736,1149,2025-04-20 22:00:00+00:00
1745190000000,0.5664,0.5736,0.5664,0.5734,102879.2,1745193600000,58757.00843,1157,2025-04-20 23:00:00+00:00
1745193600000,0.5736,0.6011,0.5712,0.591,753147.9,1745197200000,444955.57863,6692,2025-04-21 00:00:00+00:00
1745197200000,0.5911,0.6013,0.5907,0.5967,661129.9,1745200800000,395055.00756,4968,2025-04-21 01:00:00+00:00
1745200800000,0.597,0.5979,0.5845,0.5867,216886.4,1745204400000,128250.53521,2822,2025-04-21 02:00:00+00:00
1745204400000,0.5868,0.5929,0.5859,0.5888,238756.1,1745208000000,140455.02747,1958,2025-04-21 03:00:00+00:00
1745208000000,0.5888,0.5924,0.586,0.5923,140814.9,1745211600000,83030.7398,1702,2025-04-21 04:00:00+00:00
1745211600000,0.5922,0.5981,0.5893,0.5916,213654.6,1745215200000,126613.42828,1566,2025-04-21 05:00:00+00:00
1745215200000,0.5915,0.5951,0.5872,0.5873,230567.5,1745218800000,136347.41446,2112,2025-04-21 06:00:00+00:00
1745218800000,0.5873,0.5903,0.585,0.5884,190859.2,1745222400000,112048.2284,1431,2025-04-21 07:00:00+00:00
1745222400000,0.5885,0.5961,0.5885,0.594,147560.3,1745226000000,87484.69725,1420,2025-04-21 08:00:00+00:00
1745226000000,0.5939,0.5978,0.5858,0.5872,174880.6,1745229600000,103054.10531,1763,2025-04-21 09:00:00+00:00
1745229600000,0.5873,0.5878,0.5805,0.5858,171133.5,1745233200000,99750.39893,1316,2025-04-21 10:00:00+00:00
1745233200000,0.5858,0.5865,0.5754,0.5801,238063.9,1745236800000,137896.2343,1966,2025-04-21 11:00:00+00:00
1745236800000,0.58,0.5864,0.5797,0.5853,129836.6,1745240400000,75808.73975,1473,2025-04-21 12:00:00+00:00
1745240400000,0.5853,0.5913,0.5808,0.5831,402402.8,1745244000000,236560.19211,3161,2025-04-21 13:00:00+00:00
1745244000000,0.583,0.5982,0.5811,0.5933,494883.7,1745247600000,292569.25598,5571,2025-04-21 14:00:00+00:00
1745247600000,0.5932,0.5942,0.5833,0.5864,318685.7,1745251200000,187202.5037,3343,2025-04-21 15:00:00+00:00
1745251200000,0.5865,0.5891,0.569,0.5707,447987.1,1745254800000,260003.75377,3870,2025-04-21 16:00:00+00:00
1745254800000,0.5708,0.5728,0.5609,0.5685,401172.1,1745258400000,227393.55309,4763,2025-04-21 17:00:00+00:00
1745258400000,0.5685,0.5691,0.5639,0.5642,185070.4,1745262000000,104858.32007,2495,2025-04-21 18:00:00+00:00
1745262000000,0.5641,0.5743,0.5635,0.573,137307.1,1745265600000,78394.86353,1987,2025-04-21 19:00:00+00:00
1745265600000,0.5729,0.5736,0.5705,0.5716,49309.3,1745269200000,28197.30177,1045,2025-04-21 20:00:00+00:00
1745269200000,0.5715,0.572,0.5663,0.5713,75956.9,1745272800000,43226.64682,846,2025-04-21 21:00:00+00:00
1745272800000,0.5711,0.5718,0.5667,0.5708,125706.4,1745276400000,71583.62851,755,2025-04-21 22:00:00+00:00
1745276400000,0.5705,0.5706,0.5634,0.5677,134192.6,1745280000000,76168.09068,1142,2025-04-21 23:00:00+00:00
1745280000000,0.5676,0.5676,0.5505,0.5605,328356.1,1745283600000,183265.89405,2355,2025-04-22 00:00:00+00:00
1745283600000,0.5604,0.5873,0.5582,0.5864,555078.4,1745287200000,317974.2963,3090,2025-04-22 01:00:00+00:00
1745287200000,0.5862,0.5903,0.576,0.5789,346981.1,1745290800000,202660.13311,2580,2025-04-22 02:00:00+00:00
1745290800000,0.5788,0.5805,0.5688,0.5712,315377.0,1745294400000,180648.8717,1840,2025-04-22 03:00:00+00:00
1745294400000,0.5713,0.5776,0.5695,0.5707,129004.8,1745298000000,73976.25285,1153,2025-04-22 04:00:00+00:00
1745298000000,0.5709,0.5731,0.5665,0.571,78717.3,1745301600000,44824.19685,986,2025-04-22 05:00:00+00:00
1745301600000,0.5711,0.5712,0.5584,0.5635,218950.7,1745305200000,123182.82075,1601,2025-04-22 06:00:00+00:00
1745305200000,0.5636,0.582,0.5634,0.5817,170558.8,1745308800000,97950.37153,1296,2025-04-22 07:00:00+00:00
1745308800000,0.5817,0.5903,0.5768,0.5812,388882.4,1745312400000,226717.39735,2612,2025-04-22 08:00:00+00:00
1745312400000,0.5813,0.584,0.5753,0.5771,220275.2,1745316000000,127318.88154,1653,2025-04-22 09:00:00+00:00
1745316000000,0.577,0.5866,0.5734,0.5849,374663.6,1745319600000,217273.97943,2588,2025-04-22 10:00:00+00:00
1745319600000,0.585,0.5974,0.5838,0.5962,263742.1,1745323200000,155304.0359,2223,2025-04-22 11:00:00+00:00
1745323200000,0.5961,0.6011,0.5888,0.597,296994.1,1745326800000,177237.17816,2633,2025-04-22 12:00:00+00:00
1745326800000,0.5972,0.6096,0.5916,0.6092,481784.4,1745330400000,289086.6947,3484,2025-04-22 13:00:00+00:00
1745330400000,0.6088,0.6256,0.6054,0.6205,1115296.9,1745334000000,687998.34809,7351,2025-04-22 14:00:00+00:00
1745334000000,0.6199,0.6497,0.6194,0.6398,2278499.0,1745337600000,1452058.19185,10632,2025-04-22 15:00:00+00:00
1745337600000,0.6399,0.6449,0.6293,0.6326,484241.2,1745341200000,308878.94643,3389,2025-04-22 16:00:00+00:00
1745341200000,0.6324,0.638,0.6285,0.6344,273508.7,1745344800000,173101.83136,2108,2025-04-22 17:00:00+00:00
1745344800000,0.6344,0.6429,0.6314,0.6417,188784.7,1745348400000,120432.67124,1763,2025-04-22 18:00:00+00:00
1745348400000,0.6417,0.6452,0.6347,0.6394,196465.7,1745352000000,125854.05787,1792,2025-04-22 19:00:00+00:00
1745352000000,0.6393,0.642,0.6362,0.6384,177766.8,1745355600000,113519.36956,1461,2025-04-22 20:00:00+00:00
1745355600000,0.6376,0.668,0.6366,0.6588,801733.2,1745359200000,523179.23897,2889,2025-04-22 21:00:00+00:00
1745359200000,0.659,0.6808,0.6579,0.6794,983740.8,1745362800000,656285.83289,5638,2025-04-22 22:00:00+00:00
1745362800000,0.6799,0.6999,0.6773,0.6898,1771949.1,1745366400000,1222552.62233,10111,2025-04-22 23:00:00+00:00
1745366400000,0.6898,0.719,0.6898,0.7008,1486984.2,1745370000000,1047447.57424,8325,2025-04-23 00:00:00+00:00
1745370000000,0.7012,0.7369,0.7001,0.7098,1599016.8,1745373600000,1151007.74604,9372,2025-04-23 01:00:00+00:00
1745373600000,0.7102,0.7491,0.7087,0.7427,752863.8,1745377200000,551672.23485,5605,2025-04-23 02:00:00+00:00
1745377200000,0.7428,0.7812,0.7366,0.7701,2253385.3,1745380800000,1712267.92096,13153,2025-04-23 03:00:00+00:00
1745380800000,0.77,0.7871,0.7573,0.7796,1728387.1,1745384400000,1332397.81191,11174,2025-04-23 04:00:00+00:00
1745384400000,0.7793,0.7975,0.7692,0.7882,1484279.6,1745388000000,1164826.58539,8634,2025-04-23 05:00:00+00:00
1745388000000,0.788,0.8074,0.7657,0.7733,1824834.5,1745391600000,1435695.46696,11410,2025-04-23 06:00:00+00:00
1745391600000,0.773,0.7778,0.7596,0.7669,983604.4,1745395200000,753671.39777,5894,2025-04-23 07:00:00+00:00
1745395200000,0.767,0.767,0.7519,0.7649,1011179.4,1745398800000,766772.98061,7957,2025-04-23 08:00:00+00:00
1745398800000,0.765,0.7825,0.7576,0.7765,681930.4,1745402400000,525989.29816,5906,2025-04-23 09:00:00+00:00
1745402400000,0.7765,0.783,0.7605,0.7826,700232.8,1745406000000,541792.75271,6068,2025-04-23 10:00:00+00:00
1745406000000,0.7821,0.7901,0.7728,0.7809,930911.3,1745409600000,727235.6164,6285,2025-04-23 11:00:00+00:00
1745409600000,0.7807,0.8045,0.7775,0.8025,1037583.4,1745413200000,822332.00748,8371,2025-04-23 12:00:00+00:00
1745413200000,0.8024,0.8518,0.7938,0.8015,4171134.8,1745416800000,3453138.66581,34180,2025-04-23 13:00:00+00:00
1745416800000,0.802,0.8166,0.7733,0.7773,2063291.2,1745420400000,1627671.60758,13617,2025-04-23 14:00:00+00:00
1745420400000,0.7771,0.781,0.7513,0.7798,2809806.2,1745424000000,2155035.37262,17691,2025-04-23 15:00:00+00:00
1745424000000,0.7804,0.7834,0.7494,0.7735,2588108.4,1745427600000,1982504.06613,17320,2025-04-23 16:00:00+00:00
1745427600000,0.7732,0.7857,0.7669,0.7773,783894.1,1745431200000,608714.41129,6321,2025-04-23 17:00:00+00:00
1745431200000,0.7774,0.7893,0.7689,0.7694,375479.0,1745434800000,293363.01567,3917,2025-04-23 18:00:00+00:00
1745434800000,0.7694,0.7702,0.7558,0.7622,715290.3,1745438400000,545482.70465,5566,2025-04-23 19:00:00+00:00
1745438400000,0.762,0.7647,0.747,0.7484,706251.8,1745442000000,534192.11965,7965,2025-04-23 20:00:00+00:00
1745442000000,0.7485,0.753,0.7327,0.7358,1006109.0,1745445600000,746184.62935,6752,2025-04-23 21:00:00+00:00
1745445600000,0.7359,0.7375,0.7251,0.7339,441039.5,1745449200000,322765.32801,4853,2025-04-23 22:00:00+00:00
1745449200000,0.7339,0.7377,0.722,0.7264,730213.0,1745452800000,532378.44894,7004,2025-04-23 23:00:00+00:00
1745452800000,0.7263,0.7384,0.7053,0.7117,957097.9,1745456400000,687457.10754,10064,2025-04-24 00:00:00+00:00
1745456400000,0.7117,0.7167,0.6945,0.7037,1294751.5,1745460000000,910417.25762,9478,2025-04-24 01:00:00+00:00
1745460000000,0.7035,0.7183,0.7001,0.7029,781722.9,1745463600000,554686.45481,7298,2025-04-24 02:00:00+00:00
1745463600000,0.7029,0.7085,0.6826,0.684,699073.6,1745467200000,487345.94308,6974,2025-04-24 03:00:00+00:00
1745467200000,0.6841,0.6882,0.674,0.6837,1444352.5,1745470800000,985417.76782,9072,2025-04-24 04:00:00+00:00
1745470800000,0.6838,0.6987,0.682,0.6982,521381.2,1745474400000,359647.66492,5240,2025-04-24 05:00:00+00:00
1745474400000,0.6981,0.7088,0.6917,0.6936,1532153.7,1745478000000,1075114.92401,7579,2025-04-24 06:00:00+00:00
1745478000000,0.6936,0.7008,0.6805,0.6835,635275.2,1745481600000,440097.07899,5677,2025-04-24 07:00:00+00:00
1745481600000,0.6837,0.6898,0.6732,0.6791,873343.4,1745485200000,593574.50532,7557,2025-04-24 08:00:00+00:00
1745485200000,0.6792,0.6881,0.6782,0.6871,490118.0,1745488800000,335132.77994,4555,2025-04-24 09:00:00+00:00
1745488800000,0.6869,0.6968,0.6843,0.6927,517921.6,1745492400000,358338.6226,4600,2025-04-24 10:00:00+00:00
1745492400000,0.6927,0.6976,0.6893,0.6948,376766.3,1745496000000,261434.637,4047,2025-04-24 11:00:00+00:00
1745496000000,0.6947,0.6961,0.6883,0.6956,301025.2,1745499600000,208139.17912,3436,2025-04-24 12:00:00+00:00
1745499600000,0.6956,0.7067,0.6916,0.7008,698252.4,1745503200000,488817.8904,7560,2025-04-24 13:00:00+00:00
1745503200000,0.7006,0.7338,0.6994,0.7296,1891788.8,1745506800000,1357382.5576,17712,2025-04-24 14:00:00+00:00
1745506800000,0.7297,0.7459,0.7237,0.7311,1255145.1,1745510400000,925476.13212,13254,2025-04-24 15:00:00+00:00
1745510400000,0.7311,0.7678,0.7234,0.7627,1372160.5,1745514000000,1026280.424,12418,2025-04-24 16:00:00+00:00
1745514000000,0.7626,0.7626,0.7283,0.7384,1369021.9,1745517600000,1012951.69653,11569,2025-04-24 17:00:00+00:00
1745517600000,0.7381,0.7485,0.737,0.7446,559803.7,1745521200000,415341.54094,6989,2025-04-24 18:00:00+00:00
1745521200000,0.7447,0.7472,0.7337,0.7378,278411.9,1745524800000,206062.73833,4005,2025-04-24 19:00:00+00:00
1745524800000,0.7378,0.7426,0.732,0.7362,398287.0,1745528400000,293647.59593,5446,2025-04-24 20:00:00+00:00
1745528400000,0.7363,0.7414,0.7311,0.7369,255844.0,1745532000000,188288.1851,2948,2025-04-24 21:00:00+00:00
1745532000000,0.7369,0.7453,0.7302,0.7358,348109.3,1745535600000,257107.56311,3949,2025-04-24 22:00:00+00:00
1745535600000,0.7357,0.7751,0.7329,0.7751,702268.7,1745539200000,529486.02939,7882,2025-04-24 23:00:00+00:00
1745539200000,0.7749,0.7766,0.7454,0.7502,1151801.3,1745542800000,875516.1805,10505,2025-04-25 00:00:00+00:00
1745542800000,0.7504,0.7769,0.7484,0.7632,1040218.8,1745546400000,796273.11142,10991,2025-04-25 01:00:00+00:00
1745546400000,0.7634,0.7691,0.7389,0.7417,791569.0,1745550000000,595569.10821,9298,2025-04-25 02:00:00+00:00
1745550000000,0.7419,0.7542,0.7371,0.7528,546055.4,1745553600000,406877.47894,6153,2025-04-25 03:00:00+00:00
1745553600000,0.7527,0.7651,0.7413,0.7417,423135.4,1745557200000,317921.33142,5404,2025-04-25 04:00:00+00:00
1745557200000,0.7419,0.7614,0.7412,0.752,442102.8,1745560800000,332560.32729,4901,2025-04-25 05:00:00+00:00
1745560800000,0.7522,0.7934,0.7496,0.7923,1346300.5,1745564400000,1045614.48113,10771,2025-04-25 06:00:00+00:00
1745564400000,0.7922,0.8258,0.7917,0.8232,2090613.1,1745568000000,1689363.74864,19858,2025-04-25 07:00:00+00:00
1745568000000,0.823,0.8396,0.8137,0.8382,1826359.4,1745571600000,1512256.24188,20520,2025-04-25 08:00:00+00:00
1745571600000,0.8382,0.8912,0.8245,0.8754,2709687.0,1745575200000,2316391.81116,27145,2025-04-25 09:00:00+00:00
1745575200000,0.8753,0.8879,0.8463,0.8706,2487487.3,1745578800000,2154864.03856,24220,2025-04-25 10:00:00+00:00
1745578800000,0.8707,0.9055,0.8707,0.892,2555176.4,1745582400000,2274878.29434,22108,2025-04-25 11:00:00+00:00
1745582400000,0.8922,0.9317,0.8782,0.8858,3263639.4,1745586000000,2941262.45391,30033,2025-04-25 12:00:00+00:00
1745586000000,0.8859,0.9067,0.8705,0.8946,2496563.3,1745589600000,2215609.78712,25783,2025-04-25 13:00:00+00:00
1745589600000,0.8945,0.9394,0.8858,0.9285,3120098.9,1745593200000,2852228.29512,36527,2025-04-25 14:00:00+00:00
1745593200000,0.9282,0.9632,0.9229,0.9299,3538452.9,1745596800000,3325034.5066,38936,2025-04-25 15:00:00+00:00
1745596800000,0.9298,0.9451,0.9087,0.9197,2620187.9,1745600400000,2420767.70244,21299,2025-04-25 16:00:00+00:00
1745600400000,0.9196,0.9485,0.899,0.9002,2279832.3,1745604000000,2101478.33227,19018,2025-04-25 17:00:00+00:00
1745604000000,0.9003,0.9486,0.9003,0.9264,1582816.2,1745607600000,1463470.19727,17435,2025-04-25 18:00:00+00:00
1745607600000,0.9262,0.9311,0.9085,0.9237,1126220.1,1745611200000,1035375.37122,15042,2025-04-25 19:00:00+00:00
1745611200000,0.9239,0.9636,0.923,0.9555,1646797.0,1745614800000,1559748.50998,21479,2025-04-25 20:00:00+00:00
1745614800000,0.9552,0.9855,0.9265,0.9342,2073904.1,1745618400000,1996846.39017,16787,2025-04-25 21:00:00+00:00
1745618400000,0.9341,0.9568,0.9334,0.9412,644298.3,1745622000000,609203.03551,9022,2025-04-25 22:00:00+00:00
1745622000000,0.9412,0.9432,0.9199,0.9239,775290.8,1745625600000,720686.51068,9294,2025-04-25 23:00:00+00:00
1745625600000,0.9241,0.945,0.9188,0.9358,859082.6,1745629200000,800042.04128,12580,2025-04-26 00:00:00+00:00
1745629200000,0.9356,0.9765,0.9238,0.9729,1457999.5,1745632800000,1398155.63381,18933,2025-04-26 01:00:00+00:00
1745632800000,0.9723,1.1021,0.9655,1.0679,5471106.6,1745636400000,5741955.55146,67420,2025-04-26 02:00:00+00:00
1745636400000,1.068,1.11,1.067,1.0794,3912728.6,1745640000000,4267577.5086,46613,2025-04-26 03:00:00+00:00
1745640000000,1.0793,1.0842,1.0284,1.0369,2298413.9,1745643600000,2421915.12421,28092,2025-04-26 04:00:00+00:00
1745643600000,1.0369,1.0666,1.0227,1.0547,2375996.4,1745647200000,2477703.95712,27595,2025-04-26 05:00:00+00:00
1745647200000,1.0548,1.0998,1.0531,1.0831,2236901.0,1745650800000,2417820.20823,24733,2025-04-26 06:00:00+00:00
1745650800000,1.0835,1.1805,1.0748,1.1057,5419442.4,1745654400000,6131940.07282,63120,2025-04-26 07:00:00+00:00
1745654400000,1.1057,1.1171,1.0731,1.0837,2676474.8,1745658000000,2935142.42594,31936,2025-04-26 08:00:00+00:00
1745658000000,1.0836,1.1006,1.0616,1.0712,2024946.3,1745661600000,2181249.61587,22249,2025-04-26 09:00:00+00:00
1745661600000,1.0715,1.101,1.0628,1.0817,2259258.5,1745665200000,2440113.40041,20976,2025-04-26 10:00:00+00:00
1745665200000,1.0818,1.0833,1.02,1.0305,2830131.8,1745668800000,2960294.07655,23419,2025-04-26 11:00:00+00:00
1745668800000,1.0304,1.0546,1.0301,1.0341,1477053.1,1745672400000,1540537.52275,18542,2025-04-26 12:00:00+00:00
1745672400000,1.0341,1.045,1.0087,1.0291,1706300.8,1745676000000,1751534.24578,24321,2025-04-26 13:00:00+00:00
1745676000000,1.0289,1.0336,1.0117,1.0224,1831533.1,1745679600000,1869182.89637,22596,2025-04-26 14:00:00+00:00
1745679600000,1.0225,1.088,1.0168,1.0802,2349706.5,1745683200000,2483430.94129,28948,2025-04-26 15:00:00+00:00
1745683200000,1.0803,1.0859,1.0441,1.0622,1486353.6,1745686800000,1579182.8494,19871,2025-04-26 16:00:00+00:00
1745686800000,1.0617,1.0796,1.0587,1.0668,631759.9,1745690400000,675735.40404,11508,2025-04-26 17:00:00+00:00
1745690400000,1.0667,1.0764,1.0595,1.0663,703802.8,1745694000000,751722.22041,11726,2025-04-26 18:00:00+00:00
1745694000000,1.0662,1.0755,1.0516,1.0728,814775.3,1745697600000,867575.04669,11242,2025-04-26 19:00:00+00:00
1745697600000,1.0727,1.0917,1.0717,1.0848,672528.2,1745701200000,728609.43991,11706,2025-04-26 20:00:00+00:00
1745701200000,1.085,1.0968,1.064,1.0761,711611.8,1745704800000,768077.70212,7661,2025-04-26 21:00:00+00:00
1745704800000,1.076,1.131,1.0754,1.1128,1344128.5,1745708400000,1493183.54268,18582,2025-04-26 22:00:00+00:00
1745708400000,1.1127,1.1465,1.1004,1.1062,1538949.1,1745712000000,1725798.87627,20106,2025-04-26 23:00:00+00:00
1745712000000,1.1062,1.1266,1.069,1.0861,1796540.8,1745715600000,1966183.91518,29991,2025-04-27 00:00:00+00:00
1745715600000,1.0859,1.0892,1.0466,1.0522,1994093.4,1745719200000,2116801.41619,25019,2025-04-27 01:00:00+00:00
1745719200000,1.0523,1.1109,1.05,1.1038,1296559.1,1745722800000,1400444.31702,15392,2025-04-27 02:00:00+00:00
1745722800000,1.1032,1.1397,1.0864,1.1374,1716474.8,1745726400000,1908275.3881,20024,2025-04-27 03:00:00+00:00
1745726400000,1.1372,1.1391,1.0821,1.0847,1233762.7,1745730000000,1365817.46044,17024,2025-04-27 04:00:00+00:00
1745730000000,1.0847,1.0962,1.068,1.0932,794451.1,1745733600000,859683.81353,13617,2025-04-27 05:00:00+00:00
1745733600000,1.0933,1.116,1.0857,1.0913,868674.7,1745737200000,958622.75831,15651,2025-04-27 06:00:00+00:00
1745737200000,1.0912,1.1211,1.084,1.1089,768102.5,1745740800000,848119.54469,13436,2025-04-27 07:00:00+00:00
1745740800000,1.1092,1.1284,1.098,1.1136,656891.1,1745744400000,731698.71396,11535,2025-04-27 08:00:00+00:00
1745744400000,1.1136,1.1435,1.0927,1.1263,1330285.8,1745748000000,1489408.01075,18919,2025-04-27 09:00:00+00:00
1745748000000,1.1264,1.1329,1.1049,1.1196,733967.3,1745751600000,819190.87569,13118,2025-04-27 10:00:00+00:00
1745751600000,1.1194,1.1681,1.1134,1.1645,1753826.5,1745755200000,1996808.08773,26243,2025-04-27 11:00:00+00:00
1745755200000,1.1642,1.1651,1.0801,1.0855,2413450.9,1745758800000,2692376.10262,36462,2025-04-27 12:00:00+00:00
1745758800000,1.0855,1.1,1.05,1.0956,2233138.2,1745762400000,2401656.85926,23923,2025-04-27 13:00:00+00:00
1745762400000,1.0955,1.0969,1.0646,1.0749,1010397.7,1745766000000,1091007.66748,13333,2025-04-27 14:00:00+00:00
1745766000000,1.0748,1.0748,1.055,1.0627,1092587.0,1745769600000,1163184.89381,12560,2025-04-27 15:00:00+00:00
1745769600000,1.0629,1.0736,1.053,1.0596,919931.4,1745773200000,977336.3428,13469,2025-04-27 16:00:00+00:00
1745773200000,1.06,1.0775,1.0565,1.0598,727981.7,1745776800000,777447.68203,12339,2025-04-27 17:00:00+00:00
1745776800000,1.0598,1.0933,1.057,1.0893,754559.8,1745780400000,814395.48997,11057,2025-04-27 18:00:00+00:00
1745780400000,1.0894,1.0995,1.0812,1.0928,633756.6,1745784000000,691455.37948,11675,2025-04-27 19:00:00+00:00
1745784000000,1.093,1.095,1.0747,1.0833,451308.3,1745787600000,489256.3238,9069,2025-04-27 20:00:00+00:00
1745787600000,1.0832,1.1164,1.077,1.1089,435346.1,1745791200000,478467.11013,6322,2025-04-27 21:00:00+00:00
1745791200000,1.109,1.11,1.0824,1.0895,791903.1,1745794800000,866634.97202,11604,2025-04-27 22:00:00+00:00
1745794800000,1.0896,1.0896,1.0645,1.0685,781007.1,1745798400000,837847.20438,10772,2025-04-27 23:00:00+00:00
1745798400000,1.0691,1.0757,1.0324,1.035,1708179.4,1745802000000,1791836.23198,21666,2025-04-28 00:00:00+00:00
1745802000000,1.0345,1.0562,1.0275,1.0391,1460749.9,1745805600000,1517328.72737,20049,2025-04-28 01:00:00+00:00
1745805600000,1.0391,1.0821,1.0358,1.0813,1310659.2,1745809200000,1393096.00876,16944,2025-04-28 02:00:00+00:00
1745809200000,1.0811,1.1085,1.07,1.0923,1223805.6,1745812800000,1334625.07751,14841,2025-04-28 03:00:00+00:00
1745812800000,1.0923,1.1088,1.0855,1.1072,652121.1,1745816400000,714788.10047,12536,2025-04-28 04:00:00+00:00
1745816400000,1.1071,1.1626,1.0981,1.146,2201683.9,1745820000000,2496336.52412,24510,2025-04-28 05:00:00+00:00
1745820000000,1.1462,1.2712,1.1462,1.2481,5897337.6,1745823600000,7200192.25132,75804,2025-04-28 06:00:00+00:00
1745823600000,1.2477,1.2973,1.2255,1.2769,3534178.5,1745827200000,4438201.38056,39701,2025-04-28 07:00:00+00:00
1745827200000,1.2768,1.2924,1.2508,1.2723,1943195.4,1745830800000,2470018.30909,27354,2025-04-28 08:00:00+00:00
1745830800000,1.2722,1.3071,1.26,1.2939,1710775.5,1745834400000,2194595.72759,23954,2025-04-28 09:00:00+00:00
1745834400000,1.2926,1.3131,1.2635,1.2837,2930151.5,1745838000000,3762908.77943,32294,2025-04-28 10:00:00+00:00
1745838000000,1.2832,1.2947,1.25,1.2553,1871691.1,1745841600000,2381615.83254,22437,2025-04-28 11:00:00+00:00
1745841600000,1.2553,1.2698,1.2341,1.2427,1918734.4,1745845200000,2400529.55923,22729,2025-04-28 12:00:00+00:00
1745845200000,1.2428,1.2566,1.2318,1.2389,1789403.3,1745848800000,2225802.00839,22420,2025-04-28 13:00:00+00:00
1745848800000,1.2389,1.2938,1.2119,1.2249,3760436.9,1745852400000,4717650.19113,41688,2025-04-28 14:00:00+00:00
1745852400000,1.2254,1.248,1.2161,1.2334,2365452.8,1745856000000,2912330.7194,26876,2025-04-28 15:00:00+00:00
1745856000000,1.2333,1.2811,1.2221,1.2734,2484022.3,1745859600000,3120146.63353,25915,2025-04-28 16:00:00+00:00
1745859600000,1.2729,1.3149,1.2724,1.3114,1678623.6,1745863200000,2168384.64994,24225,2025-04-28 17:00:00+00:00
1745863200000,1.3117,1.39,1.3023,1.3676,3176743.8,1745866800000,4252840.1267,44472,2025-04-28 18:00:00+00:00
1745866800000,1.3674,1.4299,1.3626,1.4109,3924258.2,1745870400000,5489006.80777,60405,2025-04-28 19:00:00+00:00
1745870400000,1.4106,1.4207,1.3915,1.4036,1789162.3,1745874000000,2510484.92269,23044,2025-04-28 20:00:00+00:00
1745874000000,1.4042,1.4353,1.3681,1.3811,2002637.5,1745877600000,2798585.15045,17309,2025-04-28 21:00:00+00:00
1745877600000,1.3818,1.4372,1.3694,1.4086,1964585.1,1745881200000,2763903.10571,21631,2025-04-28 22:00:00+00:00
1745881200000,1.4093,1.4231,1.3794,1.4029,1378189.2,1745884800000,1928589.16598,17041,2025-04-28 23:00:00+00:00
1745884800000,1.4027,1.5352,1.3905,1.4643,5499664.5,1745888400000,8101658.96243,73121,2025-04-29 00:00:00+00:00
1745888400000,1.4642,1.519,1.4448,1.484,2912881.9,1745892000000,4323838.18044,43688,2025-04-29 01:00:00+00:00
1745892000000,1.4837,1.5062,1.4655,1.4832,1923836.8,1745895600000,2859812.45282,31923,2025-04-29 02:00:00+00:00
1745895600000,1.4833,1.4978,1.4605,1.4848,1417884.1,1745899200000,2094607.39138,20586,2025-04-29 03:00:00+00:00
1745899200000,1.4848,1.502,1.416,1.4266,2650632.0,1745902800000,3833613.01352,30370,2025-04-29 04:00:00+00:00
1745902800000,1.4275,1.4801,1.4114,1.467,1608221.9,1745906400000,2317396.23282,21305,2025-04-29 05:00:00+00:00
1745906400000,1.467,1.4925,1.4416,1.4562,1671884.4,1745910000000,2459188.58007,20848,2025-04-29 06:00:00+00:00
1745910000000,1.4562,1.4734,1.4408,1.4556,884398.6,1745913600000,1288524.97512,13262,2025-04-29 07:00:00+00:00
1745913600000,1.4557,1.4872,1.4527,1.4768,863575.1,1745917200000,1271307.14908,13828,2025-04-29 08:00:00+00:00
1745917200000,1.4766,1.4836,1.4223,1.45,1691241.9,1745920800000,2446748.96958,18045,2025-04-29 09:00:00+00:00
1745920800000,1.4502,1.4666,1.4107,1.4241,1162720.9,1745924400000,1666257.42501,16026,2025-04-29 10:00:00+00:00
1745924400000,1.4241,1.481,1.4205,1.4781,1046007.7,1745928000000,1520798.35825,15957,2025-04-29 11:00:00+00:00
1745928000000,1.4779,1.5232,1.4557,1.468,1915415.4,1745931600000,2832849.17287,32551,2025-04-29 12:00:00+00:00
1745931600000,1.4677,1.475,1.4213,1.4506,2038367.1,1745935200000,2943137.36939,23879,2025-04-29 13:00:00+00:00
1745935200000,1.4506,1.4747,1.4418,1.4652,1398459.4,1745938800000,2039742.40072,24080,2025-04-29 14:00:00+00:00
1745938800000,1.4654,1.4716,1.4384,1.4449,970911.9,1745942400000,1411660.92077,13648,2025-04-29 15:00:00+00:00
1745942400000,1.445,1.4982,1.4434,1.4549,1459526.3,1745946000000,2154230.34641,20009,2025-04-29 16:00:00+00:00
1745946000000,1.4548,1.4832,1.4391,1.4512,1115812.1,1745949600000,1629711.5975,19144,2025-04-29 17:00:00+00:00
1745949600000,1.4504,1.4739,1.4457,1.4539,787352.7,1745953200000,1149874.95836,12284,2025-04-29 18:00:00+00:00
1745953200000,1.4539,1.471,1.4443,1.4572,713693.0,1745956800000,1037671.70814,10556,2025-04-29 19:00:00+00:00
1745956800000,1.4574,1.465,1.42,1.4328,775571.8,1745960400000,1112536.44832,11790,2025-04-29 20:00:00+00:00
1745960400000,1.4329,1.4423,1.3401,1.3826,2886228.0,1745964000000,4009145.89662,33278,2025-04-29 21:00:00+00:00
1745964000000,1.3817,1.3855,1.3526,1.3645,1242164.2,1745967600000,1699328.51057,19667,2025-04-29 22:00:00+00:00
1745967600000,1.3646,1.384,1.3437,1.3789,1086069.3,1745971200000,1479725.15544,16421,2025-04-29 23:00:00+00:00
1745971200000,1.3789,1.4069,1.3251,1.404,2075653.3,1745974800000,2829140.62484,28399,2025-04-30 00:00:00+00:00
1745974800000,1.4046,1.4153,1.3396,1.3618,1594930.9,1745978400000,2183752.79694,19624,2025-04-30 01:00:00+00:00
1745978400000,1.3618,1.363,1.3293,1.3307,710313.6,1745982000000,954450.37992,11799,2025-04-30 02:00:00+00:00
1745982000000,1.3308,1.3388,1.3083,1.3345,1490216.6,1745985600000,1967442.0288,14829,2025-04-30 03:00:00+00:00
1745985600000,1.3345,1.3568,1.3254,1.3391,754831.0,1745989200000,1011521.41963,12467,2025-04-30 04:00:00+00:00
1745989200000,1.3389,1.3545,1.3227,1.3545,793676.5,1745992800000,1060128.00761,11290,2025-04-30 05:00:00+00:00
1745992800000,1.3541,1.36,1.3335,1.335,1778770.9,1745996400000,2401154.43321,18103,2025-04-30 06:00:00+00:00
1745996400000,1.335,1.338,1.3087,1.3193,1065139.1,1746000000000,1407276.60366,15866,2025-04-30 07:00:00+00:00
1746000000000,1.3187,1.3363,1.2935,1.3049,1062955.1,1746003600000,1398859.34866,8304,2025-04-30 08:00:00+00:00
1746003600000,1.3051,1.3153,1.2953,1.3041,842109.8,1746007200000,1099108.16917,10426,2025-04-30 09:00:00+00:00
1746007200000,1.3041,1.3089,1.2716,1.2862,1195200.5,1746010800000,1536598.22594,13402,2025-04-30 10:00:00+00:00
1746010800000,1.2863,1.3107,1.2807,1.3078,1068464.2,1746014400000,1385647.07562,10871,2025-04-30 11:00:00+00:00
1746014400000,1.3078,1.331,1.234,1.2453,2694933.8,1746018000000,3429616.30092,27781,2025-04-30 12:00:00+00:00
1746018000000,1.2454,1.2534,1.1967,1.2022,2485842.4,1746021600000,3030131.30896,30878,2025-04-30 13:00:00+00:00
1746021600000,1.202,1.329,1.202,1.3176,4353510.6,1746025200000,5575834.63877,47574,2025-04-30 14:00:00+00:00
1746025200000,1.3176,1.3692,1.3175,1.3489,3803447.8,1746028800000,5122338.82221,46244,2025-04-30 15:00:00+00:00
1746028800000,1.3489,1.3678,1.3161,1.3383,2127537.4,1746032400000,2848785.09893,28778,2025-04-30 16:00:00+00:00
1746032400000,1.3378,1.3462,1.3058,1.3319,1408638.6,1746036000000,1860335.68062,19512,2025-04-30 17:00:00+00:00
1746036000000,1.3318,1.3405,1.3175,1.3276,802945.2,1746039600000,1067069.77632,14062,2025-04-30 18:00:00+00:00
1746039600000,1.328,1.345,1.3211,1.3338,609995.3,1746043200000,813205.89547,10778,2025-04-30 19:00:00+00:00
1746043200000,1.3339,1.3773,1.3308,1.3625,1093352.8,1746046800000,1480176.75408,17641,2025-04-30 20:00:00+00:00
1746046800000,1.3624,1.4009,1.335,1.3438,1527467.9,1746050400000,2105287.68059,20142,2025-04-30 21:00:00+00:00
1746050400000,1.3437,1.3997,1.3423,1.3961,1430360.7,1746054000000,1972627.80246,21295,2025-04-30 22:00:00+00:00
1746054000000,1.3959,1.5496,1.3959,1.5391,3703561.2,1746057600000,5500856.83429,70843,2025-04-30 23:00:00+00:00
1746057600000,1.539,1.6077,1.4944,1.603,4162297.6,1746061200000,6443738.04036,94662,2025-05-01 00:00:00+00:00
1746061200000,1.6034,1.686,1.596,1.6741,4146727.7,1746064800000,6831207.82541,76365,2025-05-01 01:00:00+00:00
1746064800000,1.6742,1.68,1.6069,1.6277,2697421.0,1746068400000,4450499.6749,41430,2025-05-01 02:00:00+00:00
1746068400000,1.628,1.6617,1.6132,1.6229,1495943.9,1746072000000,2443402.23264,21680,2025-05-01 03:00:00+00:00
1746072000000,1.6227,1.6306,1.5847,1.6228,1636242.4,1746075600000,2627833.54385,23404,2025-05-01 04:00:00+00:00
1746075600000,1.6224,1.6749,1.6149,1.6439,2354707.3,1746079200000,3878073.81359,41963,2025-05-01 05:00:00+00:00
1746079200000,1.6441,1.6548,1.617,1.6229,892795.1,1746082800000,1459538.93784,16265,2025-05-01 06:00:00+00:00
1746082800000,1.6228,1.6582,1.6212,1.6406,1072316.4,1746086400000,1762793.21574,16935,2025-05-01 07:00:00+00:00
1746086400000,1.6403,1.6403,1.5979,1.6205,1250855.2,1746090000000,2025055.73155,20758,2025-05-01 08:00:00+00:00
1746090000000,1.6205,1.6546,1.5959,1.6457,1126982.1,1746093600000,1836218.48255,18265,2025-05-01 09:00:00+00:00
1746093600000,1.6456,1.75,1.6456,1.7322,4041209.7,1746097200000,6896607.52006,71583,2025-05-01 10:00:00+00:00
1746097200000,1.7321,1.785,1.7243,1.7714,2926829.2,1746100800000,5130113.00166,48675,2025-05-01 11:00:00+00:00
1746100800000,1.7722,1.7774,1.7147,1.7437,2293847.7,1746104400000,4005778.99788,35029,2025-05-01 12:00:00+00:00
1746104400000,1.744,1.795,1.7365,1.7373,2853710.4,1746108000000,5042010.07679,38343,2025-05-01 13:00:00+00:00
1746108000000,1.7384,1.7698,1.7256,1.7479,2757476.6,1746111600000,4817042.71611,30291,2025-05-01 14:00:00+00:00
1746111600000,1.7474,1.7578,1.6692,1.682,4605562.9,1746115200000,7892243.01727,79207,2025-05-01 15:00:00+00:00
1746115200000,1.6817,1.7367,1.6815,1.7328,1731120.6,1746118800000,2969081.37145,27274,2025-05-01 16:00:00+00:00
1746118800000,1.7324,1.7555,1.708,1.72,1386343.1,1746122400000,2402715.04829,20517,2025-05-01 17:00:00+00:00
1746122400000,1.7198,1.7203,1.684,1.694,1345039.3,1746126000000,2284553.04936,16666,2025-05-01 18:00:00+00:00
1746126000000,1.694,1.6947,1.6099,1.638,1751130.8,1746129600000,2887085.51875,24958,2025-05-01 19:00:00+00:00
1746129600000,1.638,1.6579,1.6307,1.6437,997276.8,1746133200000,1639705.02235,14505,2025-05-01 20:00:00+00:00
1746133200000,1.6442,1.6762,1.6347,1.6431,1068406.4,1746136800000,1765493.42986,10869,2025-05-01 21:00:00+00:00
1746136800000,1.6432,1.6469,1.6193,1.642,720562.2,1746140400000,1176440.16733,13458,2025-05-01 22:00:00+00:00
1746140400000,1.6419,1.6467,1.6162,1.6394,709183.9,1746144000000,1158115.01249,11949,2025-05-01 23:00:00+00:00
1746144000000,1.6394,1.6596,1.6051,1.6209,1406284.6,1746147600000,2287119.12016,20494,2025-05-02 00:00:00+00:00
1746147600000,1.6207,1.733,1.5871,1.647,2553750.3,1746151200000,4178178.63777,37498,2025-05-02 01:00:00+00:00
1746151200000,1.6469,1.6836,1.6357,1.652,1290482.4,1746154800000,2136629.48041,23959,2025-05-02 02:00:00+00:00
1746154800000,1.652,1.6523,1.6178,1.6381,1126215.2,1746158400000,1839146.63596,16089,2025-05-02 03:00:00+00:00
1746158400000,1.6382,1.6575,1.5968,1.6195,1097278.1,1746162000000,1780311.42499,14841,2025-05-02 04:00:00+00:00
1746162000000,1.6194,1.6339,1.5988,1.6308,1051055.3,1746165600000,1698508.37106,14319,2025-05-02 05:00:00+00:00
1746165600000,1.6308,1.6594,1.6159,1.6179,865567.6,1746169200000,1416811.51413,15803,2025-05-02 06:00:00+00:00
1746169200000,1.6178,1.6457,1.6118,1.6323,749381.5,1746172800000,1223275.78937,11823,2025-05-02 07:00:00+00:00
1746172800000,1.6317,1.7043,1.63,1.682,2051055.9,1746176400000,3416498.76458,24757,2025-05-02 08:00:00+00:00
1746176400000,1.6818,1.7295,1.6705,1.7002,3171076.2,1746180000000,5402848.9905,52333,2025-05-02 09:00:00+00:00
1746180000000,1.7002,1.7653,1.6956,1.7219,2338287.1,1746183600000,4067910.83648,34004,2025-05-02 10:00:00+00:00
1746183600000,1.7219,1.8351,1.7054,1.7938,4061421.3,1746187200000,7244109.73959,54093,2025-05-02 11:00:00+00:00
1746187200000,1.7932,1.8307,1.7639,1.8183,2615886.1,1746190800000,4699776.76203,36876,2025-05-02 12:00:00+00:00
1746190800000,1.8185,1.8938,1.8138,1.8604,2865502.6,1746194400000,5329200.48889,45181,2025-05-02 13:00:00+00:00
1746194400000,1.8604,1.8886,1.8266,1.8594,2377924.3,1746198000000,4413637.65225,34666,2025-05-02 14:00:00+00:00
1746198000000,1.8603,1.894,1.7914,1.8239,3157207.3,1746201600000,5779792.65381,33697,2025-05-02 15:00:00+00:00
1746201600000,1.825,1.8722,1.8152,1.8581,2160102.1,1746205200000,3993125.0133,29721,2025-05-02 16:00:00+00:00
1746205200000,1.8588,1.8697,1.8218,1.8423,955677.0,1746208800000,1761680.77562,18764,2025-05-02 17:00:00+00:00
1746208800000,1.8422,1.8643,1.8273,1.83,903845.4,1746212400000,1670500.0666,19864,2025-05-02 18:00:00+00:00
1746212400000,1.8296,1.8524,1.8118,1.8195,1101654.7,1746216000000,2013206.84606,19774,2025-05-02 19:00:00+00:00
1746216000000,1.82,1.8285,1.8045,1.8173,771785.9,1746219600000,1401044.95737,14421,2025-05-02 20:00:00+00:00
1746219600000,1.8174,1.8287,1.7411,1.7492,2149792.7,1746223200000,3816619.96779,19780,2025-05-02 21:00:00+00:00
1746223200000,1.7492,1.778,1.7373,1.7716,1059520.0,1746226800000,1860316.67496,17090,2025-05-02 22:00:00+00:00
1746226800000,1.771,1.7766,1.7512,1.7599,727136.7,1746230400000,1281580.65218,15337,2025-05-02 23:00:00+00:00
1746230400000,1.7608,1.7697,1.7216,1.7319,1162858.6,1746234000000,2026087.91624,16721,2025-05-03 00:00:00+00:00
1746234000000,1.7325,1.7425,1.7095,1.7254,1431103.2,1746237600000,2468379.83913,14824,2025-05-03 01:00:00+00:00
1746237600000,1.7251,1.7681,1.7124,1.7515,1400229.5,1746241200000,2434208.15541,16111,2025-05-03 02:00:00+00:00
1746241200000,1.7515,1.8079,1.7496,1.7894,1714951.0,1746244800000,3055393.59142,26095,2025-05-03 03:00:00+00:00
1746244800000,1.7894,1.8011,1.7538,1.7655,785731.7,1746248400000,1393661.7867,17770,2025-05-03 04:00:00+00:00
1746248400000,1.7652,1.7652,1.7325,1.7383,889167.5,1746252000000,1552915.26674,14528,2025-05-03 05:00:00+00:00
1746252000000,1.738,1.7554,1.731,1.7409,475556.9,1746255600000,829049.93929,8974,2025-05-03 06:00:00+00:00
1746255600000,1.7409,1.7607,1.7222,1.7536,684409.3,1746259200000,1194105.34047,8674,2025-05-03 07:00:00+00:00
1746259200000,1.7544,1.7608,1.7403,1.7575,530347.3,1746262800000,928886.99568,10149,2025-05-03 08:00:00+00:00
1746262800000,1.7574,1.7967,1.7507,1.7741,1033983.8,1746266400000,1835659.44564,20928,2025-05-03 09:00:00+00:00
1746266400000,1.7738,1.774,1.7236,1.7413,1287421.2,1746270000000,2246358.94555,18016,2025-05-03 10:00:00+00:00
1746270000000,1.7409,1.7467,1.66,1.6776,1883447.2,1746273600000,3206356.34943,21271,2025-05-03 11:00:00+00:00
1746273600000,1.678,1.7507,1.6777,1.7494,1630686.8,1746277200000,2803995.29548,23603,2025-05-03 12:00:00+00:00
1746277200000,1.7494,1.8069,1.7351,1.8004,1581092.8,1746280800000,2809306.22629,21258,2025-05-03 13:00:00+00:00
1746280800000,1.8,1.8489,1.7411,1.7749,2363894.1,1746284400000,4249029.24285,33104,2025-05-03 14:00:00+00:00
1746284400000,1.7751,1.8175,1.7682,1.7971,2005816.7,1746288000000,3600825.48578,29338,2025-05-03 15:00:00+00:00
1746288000000,1.7972,1.8081,1.7624,1.77,1492310.2,1746291600000,2657325.93835,22267,2025-05-03 16:00:00+00:00
1746291600000,1.7701,1.794,1.75,1.7696,1253249.0,1746295200000,2213012.62453,21425,2025-05-03 17:00:00+00:00
1746295200000,1.7699,1.7746,1.7146,1.7458,855260.2,1746298800000,1491385.97019,14640,2025-05-03 18:00:00+00:00
1746298800000,1.7458,1.7607,1.7329,1.7443,556259.1,1746302400000,970704.79981,11930,2025-05-03 19:00:00+00:00
1746302400000,1.7444,1.7603,1.7178,1.7278,415789.0,1746306000000,721219.10452,12233,2025-05-03 20:00:00+00:00
1746306000000,1.728,1.7596,1.709,1.732,626364.4,1746309600000,1087709.19148,7914,2025-05-03 21:00:00+00:00
1746309600000,1.7321,1.7367,1.6928,1.7029,632765.4,1746313200000,1081401.85157,12099,2025-05-03 22:00:00+00:00
1746313200000,1.7028,1.7182,1.6927,1.6927,651341.3,1746316800000,1108973.10349,11738,2025-05-03 23:00:00+00:00
1746316800000,1.6937,1.7485,1.6614,1.6839,2183493.3,1746320400000,3728933.28164,23964,2025-05-04 00:00:00+00:00
1746320400000,1.6838,1.7037,1.6627,1.681,1219282.2,1746324000000,2050455.96731,18862,2025-05-04 01:00:00+00:00
1746324000000,1.6811,1.7336,1.67,1.7061,1858505.4,1746327600000,3175301.9272,24121,2025-05-04 02:00:00+00:00
1746327600000,1.7061,1.7068,1.6397,1.6443,2251449.1,1746331200000,3749716.98832,21090,2025-05-04 03:00:00+00:00
1746331200000,1.6446,1.6629,1.6287,1.6369,1232504.0,1746334800000,2024916.84397,16078,2025-05-04 04:00:00+00:00
1746334800000,1.6376,1.6579,1.6183,1.6333,977297.4,1746338400000,1600963.88707,14205,2025-05-04 05:00:00+00:00
1746338400000,1.6329,1.6415,1.6041,1.6191,1207010.0,1746342000000,1954652.68696,15989,2025-05-04 06:00:00+00:00
1746342000000,1.6196,1.6467,1.5784,1.6452,1670384.3,1746345600000,2682453.30611,17301,2025-05-04 07:00:00+00:00
1746345600000,1.6453,1.6618,1.6023,1.6049,1777781.9,1746349200000,2905877.04559,19146,2025-05-04 08:00:00+00:00
1746349200000,1.6047,1.616,1.5825,1.5945,1456350.5,1746352800000,2327976.76831,17342,2025-05-04 09:00:00+00:00
1746352800000,1.5944,1.6001,1.5812,1.5859,956310.8,1746356400000,1520077.43139,10663,2025-05-04 10:00:00+00:00
1746356400000,1.5867,1.6355,1.5861,1.6171,1333586.4,1746360000000,2161514.52761,15674,2025-05-04 11:00:00+00:00
1746360000000,1.6172,1.6516,1.6151,1.627,1020187.0,1746363600000,1669218.8101,15167,2025-05-04 12:00:00+00:00
1746363600000,1.6271,1.6667,1.6174,1.6586,1032789.9,1746367200000,1693012.48834,16163,2025-05-04 13:00:00+00:00
1746367200000,1.6586,1.7567,1.6581,1.7225,2665090.3,1746370800000,4572237.68538,42716,2025-05-04 14:00:00+00:00
1746370800000,1.7218,1.7481,1.6556,1.6707,1753441.4,1746374400000,2977834.60715,24888,2025-05-04 15:00:00+00:00
1746374400000,1.6705,1.7321,1.6702,1.7024,1748338.2,1746378000000,2973892.6166,21834,2025-05-04 16:00:00+00:00
1746378000000,1.7024,1.7087,1.6529,1.6796,998339.4,1746381600000,1671101.14265,15397,2025-05-04 17:00:00+00:00
1746381600000,1.6797,1.6964,1.6424,1.6457,864183.3,1746385200000,1438778.02627,16051,2025-05-04 18:00:00+00:00
1746385200000,1.6457,1.6594,1.6253,1.648,540700.6,1746388800000,888310.58677,15143,2025-05-04 19:00:00+00:00
1746388800000,1.6482,1.6854,1.6371,1.6818,648828.9,1746392400000,1079448.99289,13542,2025-05-04 20:00:00+00:00
1746392400000,1.6819,1.7037,1.6616,1.6813,650058.6,1746396000000,1091285.4723,9607,2025-05-04 21:00:00+00:00
1746396000000,1.6813,1.6821,1.6164,1.6306,1046534.9,1746399600000,1719784.68594,17610,2025-05-04 22:00:00+00:00
1746399600000,1.6307,1.65,1.6186,1.638,660898.0,1746403200000,1080373.77641,14399,2025-05-04 23:00:00+00:00
1746403200000,1.638,1.6863,1.6347,1.6494,1597399.6,1746406800000,2651691.81962,21307,2025-05-05 00:00:00+00:00
1746406800000,1.6498,1.6517,1.5891,1.5985,1512101.8,1746410400000,2433969.11828,19564,2025-05-05 01:00:00+00:00
1746410400000,1.5985,1.6526,1.5786,1.6507,1376343.2,1746414000000,2231154.59095,21192,2025-05-05 02:00:00+00:00
1746414000000,1.6508,1.6584,1.612,1.6141,593958.2,1746417600000,968462.4296,11918,2025-05-05 03:00:00+00:00
1746417600000,1.6141,1.6699,1.6129,1.6641,1637151.1,1746421200000,2687492.59791,17036,2025-05-05 04:00:00+00:00
1746421200000,1.6642,1.6841,1.6385,1.6788,1207887.5,1746424800000,2008694.19081,15741,2025-05-05 05:00:00+00:00
1746424800000,1.6788,1.7311,1.6591,1.7193,2109583.4,1746428400000,3594102.43816,31005,2025-05-05 06:00:00+00:00
1746428400000,1.7188,1.7709,1.7078,1.7556,2169004.7,1746432000000,3782264.70511,30805,2025-05-05 07:00:00+00:00
1746432000000,1.7553,1.849,1.7518,1.817,3874405.2,1746435600000,7012247.03942,62758,2025-05-05 08:00:00+00:00
1746435600000,1.817,1.8223,1.78,1.7837,1766757.8,1746439200000,3181504.57472,28145,2025-05-05 09:00:00+00:00
1746439200000,1.784,1.7857,1.7228,1.7317,1560840.9,1746442800000,2735979.6429,32411,2025-05-05 10:00:00+00:00
1746442800000,1.7317,1.7624,1.7068,1.7147,1747058.6,1746446400000,3025518.94867,19895,2025-05-05 11:00:00+00:00
1746446400000,1.7148,1.7383,1.698,1.7091,1314510.9,1746450000000,2254363.44048,18311,2025-05-05 12:00:00+00:00
1746450000000,1.7091,1.7181,1.6786,1.7071,1818885.6,1746453600000,3090612.62697,20989,2025-05-05 13:00:00+00:00
1746453600000,1.7073,1.7357,1.6823,1.7011,1342249.0,1746457200000,2296308.54602,19898,2025-05-05 14:00:00+00:00
1746457200000,1.701,1.7067,1.648,1.6635,2302497.7,1746460800000,3854018.39022,21777,2025-05-05 15:00:00+00:00
1746460800000,1.6632,1.6797,1.6402,1.651,862972.6,1746464400000,1431937.71307,13860,2025-05-05 16:00:00+00:00
1746464400000,1.651,1.6721,1.6403,1.6591,781615.3,1746468000000,1296080.14946,12059,2025-05-05 17:00:00+00:00
1746468000000,1.6593,1.6847,1.645,1.6676,1163982.9,1746471600000,1939964.41116,13506,2025-05-05 18:00:00+00:00
1746471600000,1.6675,1.69,1.6389,1.6445,1161554.1,1746475200000,1936461.3641,13018,2025-05-05 19:00:00+00:00
1746475200000,1.644,1.6443,1.6153,1.6272,708118.0,1746478800000,1152848.13892,10646,2025-05-05 20:00:00+00:00
1746478800000,1.6275,1.6662,1.6271,1.6576,652172.6,1746482400000,1075255.19882,6513,2025-05-05 21:00:00+00:00
1746482400000,1.6573,1.7103,1.6571,1.7047,1338855.3,1746486000000,2258343.15272,20764,2025-05-05 22:00:00+00:00
1746486000000,1.7055,1.7216,1.6511,1.6538,1524842.2,1746489600000,2572238.07809,23240,2025-05-05 23:00:00+00:00
1746489600000,1.6538,1.665,1.6352,1.6591,755260.6,1746493200000,1245840.99432,15936,2025-05-06 00:00:00+00:00
1746493200000,1.659,1.6959,1.6336,1.637,1184897.4,1746496800000,1976453.04944,20446,2025-05-06 01:00:00+00:00
1746496800000,1.6368,1.6646,1.5975,1.639,2142914.0,1746500400000,3485439.02075,20603,2025-05-06 02:00:00+00:00
1746500400000,1.6392,1.6619,1.6257,1.6545,1108988.3,1746504000000,1825491.60529,13746,2025-05-06 03:00:00+00:00
1746504000000,1.6545,1.6704,1.643,1.6589,733649.1,1746507600000,1215475.65008,14213,2025-05-06 04:00:00+00:00
1746507600000,1.6591,1.6646,1.6206,1.6397,957672.7,1746511200000,1570094.03614,14325,2025-05-06 05:00:00+00:00
1746511200000,1.6394,1.6912,1.6383,1.6901,1096082.5,1746514800000,1827946.90127,16601,2025-05-06 06:00:00+00:00
1746514800000,1.6903,1.7029,1.625,1.6296,1470913.1,1746518400000,2436145.11053,19603,2025-05-06 07:00:00+00:00
1746518400000,1.6295,1.667,1.603,1.6562,2569200.3,1746522000000,4213426.37262,37128,2025-05-06 08:00:00+00:00
1746522000000,1.656,1.6645,1.6332,1.6497,1430426.6,1746525600000,2362375.22124,23906,2025-05-06 09:00:00+00:00
1746525600000,1.6497,1.6885,1.605,1.6251,2752770.2,1746529200000,4541100.84699,37290,2025-05-06 10:00:00+00:00
1746529200000,1.6254,1.6458,1.5057,1.5268,4245022.5,1746532800000,6662032.2713,38448,2025-05-06 11:00:00+00:00
1746532800000,1.5255,1.5283,1.4014,1.4481,7077104.7,1746536400000,10269570.81343,78018,2025-05-06 12:00:00+00:00
1746536400000,1.4482,1.4564,1.4087,1.4269,3462674.1,1746540000000,4954842.66146,36310,2025-05-06 13:00:00+00:00
1746540000000,1.427,1.5135,1.4257,1.4678,4480464.3,1746543600000,6630697.41479,48385,2025-05-06 14:00:00+00:00
1746543600000,1.4678,1.53,1.4596,1.4913,2658074.5,1746547200000,3987619.06672,35586,2025-05-06 15:00:00+00:00
1746547200000,1.4917,1.5163,1.4648,1.4767,2083875.5,1746550800000,3100489.84084,31093,2025-05-06 16:00:00+00:00
1746550800000,1.477,1.489,1.4538,1.4626,1433478.6,1746554400000,2111673.20077,18998,2025-05-06 17:00:00+00:00
1746554400000,1.4627,1.4924,1.4523,1.4923,1482879.6,1746558000000,2180481.22907,18094,2025-05-06 18:00:00+00:00
1746558000000,1.4924,1.4957,1.4583,1.4679,853340.8,1746561600000,1259541.33066,12718,2025-05-06 19:00:00+00:00
1746561600000,1.4678,1.4697,1.414,1.4213,1353910.4,1746565200000,1944066.81592,20223,2025-05-06 20:00:00+00:00
1746565200000,1.4214,1.4412,1.3827,1.4237,1342392.3,1746568800000,1894282.82436,13627,2025-05-06 21:00:00+00:00
1746568800000,1.4234,1.5277,1.4227,1.5192,2613743.9,1746572400000,3866827.89333,34375,2025-05-06 22:00:00+00:00
1746572400000,1.5193,1.5265,1.4802,1.4898,2278491.5,1746576000000,3414978.9851,26534,2025-05-06 23:00:00+00:00
1746576000000,1.4896,1.5244,1.4689,1.4873,1834699.1,1746579600000,2735082.88607,26394,2025-05-07 00:00:00+00:00
1746579600000,1.4871,1.5266,1.4867,1.5072,1883888.1,1746583200000,2845440.59082,22715,2025-05-07 01:00:00+00:00
1746583200000,1.507,1.51,1.4421,1.4543,1383153.4,1746586800000,2036389.73989,16771,2025-05-07 02:00:00+00:00
1746586800000,1.4542,1.4762,1.4266,1.4657,1311563.0,1746590400000,1903661.06793,17743,2025-05-07 03:00:00+00:00
1746590400000,1.4656,1.4676,1.4472,1.4528,814615.2,1746594000000,1187015.92719,12179,2025-05-07 04:00:00+00:00
1746594000000,1.4528,1.4556,1.4276,1.4355,617602.4,1746597600000,890343.21671,9947,2025-05-07 05:00:00+00:00
1746597600000,1.4355,1.4502,1.3927,1.4215,1034156.5,1746601200000,1466795.28276,14622,2025-05-07 06:00:00+00:00
1746601200000,1.4215,1.4536,1.4158,1.4481,716635.8,1746604800000,1030807.21414,12758,2025-05-07 07:00:00+00:00
1746604800000,1.4481,1.4699,1.4229,1.4273,1550664.9,1746608400000,2236335.35825,19181,2025-05-07 08:00:00+00:00
1746608400000,1.4274,1.4391,1.4054,1.4054,761369.3,1746612000000,1080819.1505,12138,2025-05-07 09:00:00+00:00
1746612000000,1.4055,1.4088,1.3291,1.3603,5097158.5,1746615600000,6925575.25873,44454,2025-05-07 10:00:00+00:00
1746615600000,1.3605,1.4008,1.3263,1.3836,2363209.2,1746619200000,3219508.2045,26517,2025-05-07 11:00:00+00:00
1746619200000,1.3837,1.3914,1.3585,1.3655,1320406.2,1746622800000,1810433.1876,17434,2025-05-07 12:00:00+00:00
1746622800000,1.3652,1.3934,1.3407,1.3621,1970055.2,1746626400000,2686009.49371,25314,2025-05-07 13:00:00+00:00
1746626400000,1.362,1.3886,1.3472,1.3554,1103582.3,1746630000000,1510520.69418,16936,2025-05-07 14:00:00+00:00
1746630000000,1.3551,1.3596,1.3205,1.3219,1379118.2,1746633600000,1853077.66162,18410,2025-05-07 15:00:00+00:00
1746633600000,1.3217,1.3295,1.2841,1.3044,2421977.6,1746637200000,3168979.31879,28293,2025-05-07 16:00:00+00:00
1746637200000,1.3045,1.3137,1.2703,1.3095,1962844.5,1746640800000,2529086.71746,25644,2025-05-07 17:00:00+00:00
1746640800000,1.309,1.3732,1.2962,1.3576,4286470.1,1746644400000,5746387.17533,51402,2025-05-07 18:00:00+00:00
1746644400000,1.3577,1.3671,1.32,1.3318,1474959.6,1746648000000,1981900.36815,23292,2025-05-07 19:00:00+00:00
1746648000000,1.3319,1.3501,1.316,1.3474,1021990.3,1746651600000,1364829.46462,16277,2025-05-07 20:00:00+00:00
1746651600000,1.3475,1.3847,1.3346,1.3752,1327462.9,1746655200000,1806849.11239,11381,2025-05-07 21:00:00+00:00
1746655200000,1.375,1.4301,1.361,1.4128,1957439.7,1746658800000,2737711.1056,21931,2025-05-07 22:00:00+00:00
1746658800000,1.4128,1.4307,1.3809,1.3919,1138466.6,1746662400000,1598646.13602,20184,2025-05-07 23:00:00+00:00
1746662400000,1.3922,1.4554,1.3653,1.4088,2787124.3,1746666000000,3921491.81591,36102,2025-05-08 00:00:00+00:00
1746666000000,1.4089,1.4322,1.37,1.3737,1852151.3,1746669600000,2600646.23859,23611,2025-05-08 01:00:00+00:00
1746669600000,1.3738,1.4499,1.3692,1.4193,2669904.6,1746673200000,3774696.39687,28798,2025-05-08 02:00:00+00:00
1746673200000,1.4193,1.4808,1.4022,1.4452,3231224.0,1746676800000,4681561.07312,45300,2025-05-08 03:00:00+00:00
1746676800000,1.4454,1.5219,1.4368,1.4856,2893964.4,1746680400000,4304591.29193,54254,2025-05-08 04:00:00+00:00
1746680400000,1.4857,1.5087,1.4686,1.4746,1155896.2,1746684000000,1717198.60109,19522,2025-05-08 05:00:00+00:00
1746684000000,1.4747,1.506,1.4598,1.5035,1284494.9,1746687600000,1897876.93334,16382,2025-05-08 06:00:00+00:00
1746687600000,1.5034,1.6094,1.4921,1.5874,4750577.8,1746691200000,7438925.86276,60381,2025-05-08 07:00:00+00:00
1746691200000,1.5877,1.6901,1.5773,1.6391,5901907.9,1746694800000,9709308.73162,65857,2025-05-08 08:00:00+00:00
1746694800000,1.6396,1.6577,1.6012,1.6184,2178103.3,1746698400000,3546681.93471,33485,2025-05-08 09:00:00+00:00
1746698400000,1.6184,1.6505,1.5975,1.6216,1484394.2,1746702000000,2409862.16455,26105,2025-05-08 10:00:00+00:00
1746702000000,1.6215,1.6446,1.5965,1.6079,1828330.9,1746705600000,2952125.68533,22589,2025-05-08 11:00:00+00:00
1746705600000,1.6083,1.6158,1.5784,1.6131,1435210.0,1746709200000,2293502.08203,26839,2025-05-08 12:00:00+00:00
1746709200000,1.6127,1.6836,1.6077,1.6421,3090175.1,1746712800000,5073509.27626,34236,2025-05-08 13:00:00+00:00
1746712800000,1.6422,1.6656,1.6198,1.6449,1598890.9,1746716400000,2624033.5319,24473,2025-05-08 14:00:00+00:00
1746716400000,1.6445,1.8111,1.6387,1.7613,5475907.7,1746720000000,9567148.70296,65546,2025-05-08 15:00:00+00:00
1746720000000,1.7604,1.8295,1.7435,1.7608,2881409.9,1746723600000,5123269.90808,49508,2025-05-08 16:00:00+00:00
1746723600000,1.7608,1.812,1.7482,1.7723,1464523.7,1746727200000,2602078.46857,24592,2025-05-08 17:00:00+00:00
1746727200000,1.7722,1.815,1.7574,1.8099,1326365.8,1746730800000,2370109.66586,33518,2025-05-08 18:00:00+00:00
1746730800000,1.8095,1.888,1.7826,1.87,3157634.0,1746734400000,5829012.41936,49241,2025-05-08 19:00:00+00:00
1746734400000,1.869,2.0874,1.869,2.0771,7043030.9,1746738000000,13839423.49923,99173,2025-05-08 20:00:00+00:00
1746738000000,2.077,2.128,1.9919,2.0367,6291336.8,1746741600000,12903618.31228,86193,2025-05-08 21:00:00+00:00
1746741600000,2.0375,2.093,2.0069,2.0303,4468397.2,1746745200000,9167179.61018,64446,2025-05-08 22:00:00+00:00
1746745200000,2.0307,2.1416,2.0154,2.0871,3613121.7,1746748800000,7541559.15531,64709,2025-05-08 23:00:00+00:00
1746748800000,2.0877,2.0953,2.0219,2.0581,3510405.6,1746752400000,7220444.72978,56929,2025-05-09 00:00:00+00:00
1746752400000,2.0578,2.091,2.0106,2.0709,2951475.3,1746756000000,6065729.38192,53050,2025-05-09 01:00:00+00:00
1746756000000,2.0709,2.0823,1.9858,2.0329,2181637.1,1746759600000,4423067.73452,36293,2025-05-09 02:00:00+00:00
1746759600000,2.0321,2.043,1.9332,1.9451,2907492.5,1746763200000,5779290.09655,43393,2025-05-09 03:00:00+00:00
1746763200000,1.9451,2.04,1.944,2.027,2029588.5,1746766800000,4056778.49358,33096,2025-05-09 04:00:00+00:00
1746766800000,2.0263,2.0861,2.0121,2.0732,2479681.1,1746770400000,5097071.88946,36163,2025-05-09 05:00:00+00:00
1746770400000,2.073,2.1852,2.0535,2.1402,5045389.5,1746774000000,10730030.37475,69203,2025-05-09 06:00:00+00:00
1746774000000,2.1401,2.1841,2.0145,2.0437,5529799.8,1746777600000,11713893.70778,83408,2025-05-09 07:00:00+00:00
1746777600000,2.0439,2.1405,2.024,2.0703,4491423.0,1746781200000,9321633.47619,74126,2025-05-09 08:00:00+00:00
1746781200000,2.0702,2.079,1.9793,2.0008,4516779.6,1746784800000,9113789.95108,72640,2025-05-09 09:00:00+00:00
1746784800000,2.0014,2.0498,1.999,2.0365,1695923.0,1746788400000,3433479.25779,26377,2025-05-09 10:00:00+00:00
1746788400000,2.0367,2.0642,1.9945,2.014,2045946.9,1746792000000,4139140.19329,33830,2025-05-09 11:00:00+00:00
1746792000000,2.0137,2.037,1.9654,2.0164,1902861.3,1746795600000,3807265.61607,29272,2025-05-09 12:00:00+00:00
1746795600000,2.0159,2.064,2.011,2.0355,1957032.8,1746799200000,3986447.94238,30607,2025-05-09 13:00:00+00:00
1746799200000,2.0353,2.0401,1.9109,1.9527,4528875.6,1746802800000,8968258.14043,75700,2025-05-09 14:00:00+00:00
1746802800000,1.9528,1.9752,1.9223,1.9238,2419844.0,1746806400000,4703887.56164,41476,2025-05-09 15:00:00+00:00
1746806400000,1.9239,1.9277,1.8767,1.8905,3648118.4,1746810000000,6937535.19905,58708,2025-05-09 16:00:00+00:00
1746810000000,1.8906,1.9692,1.881,1.9656,2579509.6,1746813600000,4983802.584,41716,2025-05-09 17:00:00+00:00
1746813600000,1.965,1.9757,1.9426,1.967,989130.2,1746817200000,1937922.15472,21055,2025-05-09 18:00:00+00:00
1746817200000,1.9669,1.9806,1.9455,1.9534,1287597.8,1746820800000,2526523.40027,18475,2025-05-09 19:00:00+00:00
1746820800000,1.9534,1.9764,1.9435,1.96,879088.5,1746824400000,1722224.74198,12319,2025-05-09 20:00:00+00:00
1746824400000,1.9599,1.9795,1.9453,1.9756,961407.4,1746828000000,1890135.55727,10988,2025-05-09 21:00:00+00:00
1746828000000,1.9757,2.0057,1.9636,1.9655,1530766.9,1746831600000,3038222.0399,21638,2025-05-09 22:00:00+00:00
1746831600000,1.9656,1.9857,1.9436,1.9484,1014251.0,1746835200000,1988792.35803,14299,2025-05-09 23:00:00+00:00
1746835200000,1.9484,1.9867,1.888,1.9049,2622941.2,1746838800000,5092125.65415,37591,2025-05-10 00:00:00+00:00
1746838800000,1.905,1.9604,1.904,1.9253,1287102.8,1746842400000,2494224.80168,25842,2025-05-10 01:00:00+00:00
1746842400000,1.9254,1.9532,1.9106,1.9267,1211100.0,1746846000000,2341266.87414,22860,2025-05-10 02:00:00+00:00
1746846000000,1.9264,1.9362,1.9026,1.9329,651159.9,1746849600000,1248591.82149,15219,2025-05-10 03:00:00+00:00
1746849600000,1.9328,1.9489,1.9,1.9361,827783.4,1746853200000,1590800.62867,16165,2025-05-10 04:00:00+00:00
1746853200000,1.936,2.0096,1.9219,2.0056,1681088.6,1746856800000,3302276.37084,26170,2025-05-10 05:00:00+00:00
1746856800000,2.005,2.0274,1.9318,1.9442,2409416.8,1746860400000,4768370.48546,33456,2025-05-10 06:00:00+00:00
1746860400000,1.9445,1.9683,1.9254,1.9638,1183399.5,1746864000000,2303651.50458,19745,2025-05-10 07:00:00+00:00
1746864000000,1.964,2.0047,1.9312,1.9648,1684185.9,1746867600000,3319973.1629,30682,2025-05-10 08:00:00+00:00
1746867600000,1.9649,1.9712,1.9068,1.9505,1355641.1,1746871200000,2628018.80578,25489,2025-05-10 09:00:00+00:00
1746871200000,1.9507,1.9569,1.9032,1.9039,921610.1,1746874800000,1782227.24662,19248,2025-05-10 10:00:00+00:00
1746874800000,1.9039,1.9387,1.8735,1.9222,1982353.5,1746878400000,3777132.58834,28187,2025-05-10 11:00:00+00:00
1746878400000,1.9223,1.9659,1.9223,1.9591,1398952.0,1746882000000,2725748.0521,22724,2025-05-10 12:00:00+00:00
1746882000000,1.959,1.9774,1.9462,1.9593,1067505.4,1746885600000,2096038.57602,21976,2025-05-10 13:00:00+00:00
1746885600000,1.9592,1.9604,1.9325,1.9409,810764.3,1746889200000,1575661.15775,14668,2025-05-10 14:00:00+00:00
1746889200000,1.9409,1.9416,1.8938,1.9019,1253114.8,1746892800000,2399341.26701,17608,2025-05-10 15:00:00+00:00
1746892800000,1.9021,1.9462,1.898,1.9266,882165.5,1746896400000,1698388.06619,17590,2025-05-10 16:00:00+00:00
1746896400000,1.9266,1.9598,1.9154,1.9272,1691242.3,1746900000000,3276451.02475,24664,2025-05-10 17:00:00+00:00
1746900000000,1.9272,1.999,1.9212,1.9855,1844057.4,1746903600000,3633271.88712,25158,2025-05-10 18:00:00+00:00
1746903600000,1.9851,1.9911,1.9573,1.9601,957532.9,1746907200000,1893067.92205,14900,2025-05-10 19:00:00+00:00
1746907200000,1.9603,1.9795,1.9484,1.963,767497.3,1746910800000,1507677.46681,11848,2025-05-10 20:00:00+00:00
1746910800000,1.9632,2.0439,1.9613,2.0014,1594148.7,1746914400000,3202183.04325,16711,2025-05-10 21:00:00+00:00
1746914400000,2.0013,2.0463,1.9631,2.0187,2635657.4,1746918000000,5269265.02963,30786,2025-05-10 22:00:00+00:00
1746918000000,2.0186,2.0608,2.0075,2.0124,2753819.7,1746921600000,5591493.66559,38670,2025-05-10 23:00:00+00:00
1746921600000,2.0122,2.0142,1.9238,1.9775,2333955.1,1746925200000,4591703.71613,41102,2025-05-11 00:00:00+00:00
1746925200000,1.9774,2.06,1.9489,1.959,2874605.0,1746928800000,5750558.66476,43085,2025-05-11 01:00:00+00:00
1746928800000,1.9592,1.979,1.9267,1.9419,1408189.2,1746932400000,2750960.99218,22148,2025-05-11 02:00:00+00:00
1746932400000,1.9418,1.9739,1.9194,1.9438,1043781.1,1746936000000,2030676.67924,15343,2025-05-11 03:00:00+00:00
1746936000000,1.9435,1.9744,1.9255,1.9446,785337.3,1746939600000,1528914.67043,12818,2025-05-11 04:00:00+00:00
1746939600000,1.9446,1.9526,1.912,1.9211,696748.3,1746943200000,1342609.80581,11784,2025-05-11 05:00:00+00:00
1746943200000,1.9212,1.9541,1.9136,1.9302,856291.0,1746946800000,1656107.03373,15579,2025-05-11 06:00:00+00:00
1746946800000,1.9302,1.9305,1.8835,1.9058,1410903.1,1746950400000,2691549.5962,23608,2025-05-11 07:00:00+00:00
1746950400000,1.9056,1.9265,1.8872,1.9078,748735.3,1746954000000,1428348.09045,14192,2025-05-11 08:00:00+00:00
1746954000000,1.908,1.9502,1.8906,1.9403,1199533.4,1746957600000,2313360.87235,18901,2025-05-11 09:00:00+00:00
1746957600000,1.9402,1.9436,1.9107,1.9425,782238.8,1746961200000,1507409.59912,12931,2025-05-11 10:00:00+00:00
1746961200000,1.9426,1.9572,1.9226,1.9561,759258.8,1746964800000,1472039.493,14288,2025-05-11 11:00:00+00:00
1746964800000,1.9556,1.9626,1.9157,1.9322,792215.0,1746968400000,1535705.17191,15820,2025-05-11 12:00:00+00:00
1746968400000,1.9322,1.9587,1.8929,1.8948,1347877.9,1746972000000,2598138.10033,23374,2025-05-11 13:00:00+00:00
1746972000000,1.8951,1.9492,1.8951,1.9446,1210645.0,1746975600000,2334535.71526,19652,2025-05-11 14:00:00+00:00
1746975600000,1.9442,1.988,1.9126,1.9201,2549311.3,1746979200000,4983188.66672,31187,2025-05-11 15:00:00+00:00
1746979200000,1.9206,1.927,1.8604,1.9005,2418993.7,1746982800000,4578800.45898,37701,2025-05-11 16:00:00+00:00
1746982800000,1.9004,1.9268,1.8784,1.9247,926662.4,1746986400000,1761256.92009,17230,2025-05-11 17:00:00+00:00
1746986400000,1.9246,1.9284,1.8829,1.9147,732995.6,1746990000000,1399374.65406,15939,2025-05-11 18:00:00+00:00
1746990000000,1.9146,1.9565,1.9042,1.9411,876896.3,1746993600000,1696295.04989,16544,2025-05-11 19:00:00+00:00
1746993600000,1.9411,1.9505,1.9176,1.9314,505656.4,1746997200000,978014.40232,12612,2025-05-11 20:00:00+00:00
1746997200000,1.9314,1.9562,1.914,1.9537,309296.4,1747000800000,598191.96712,6168,2025-05-11 21:00:00+00:00
1747000800000,1.9537,1.9651,1.9096,1.9286,694544.3,1747004400000,1340626.21282,15997,2025-05-11 22:00:00+00:00
1747004400000,1.9289,1.975,1.9279,1.9472,1123500.0,1747008000000,2192646.53142,19012,2025-05-11 23:00:00+00:00
1747008000000,1.9473,2.128,1.9427,2.1269,3379723.9,1747011600000,6846854.07719,40948,2025-05-12 00:00:00+00:00
1747011600000,2.1267,2.2213,2.0657,2.1394,7767332.8,1747015200000,16707333.44547,93642,2025-05-12 01:00:00+00:00
1747015200000,2.1396,2.1767,2.0701,2.0929,3680176.0,1747018800000,7815920.54503,44806,2025-05-12 02:00:00+00:00
1747018800000,2.0928,2.1066,2.0426,2.0599,1782215.8,1747022400000,3698459.56347,21977,2025-05-12 03:00:00+00:00
1747022400000,2.0596,2.0828,2.0208,2.05,1344126.8,1747026000000,2757636.77207,19162,2025-05-12 04:00:00+00:00
1747026000000,2.05,2.0672,1.9886,1.9917,1658206.5,1747029600000,3361345.25716,21119,2025-05-12 05:00:00+00:00
1747029600000,1.9916,2.0255,1.9569,2.0122,1683759.9,1747033200000,3357980.55565,25086,2025-05-12 06:00:00+00:00
1747033200000,2.0124,2.1732,2.0124,2.0701,8181973.4,1747036800000,17282154.03209,92085,2025-05-12 07:00:00+00:00
1747036800000,2.07,2.1327,2.0434,2.1054,1995277.7,1747040400000,4148656.59951,29559,2025-05-12 08:00:00+00:00
1747040400000,2.1058,2.1315,2.0696,2.0798,1141625.7,1747044000000,2393167.72785,18145,2025-05-12 09:00:00+00:00
1747044000000,2.0798,2.0975,2.0418,2.0492,1295956.4,1747047600000,2675128.3081,21255,2025-05-12 10:00:00+00:00
1747047600000,2.0488,2.0549,2.0072,2.0201,1521149.9,1747051200000,3087584.74129,20394,2025-05-12 11:00:00+00:00
1747051200000,2.0198,2.0376,1.9947,2.0159,1678486.1,1747054800000,3379728.35143,19935,2025-05-12 12:00:00+00:00
1747054800000,2.0166,2.0833,1.9994,2.0753,2876996.6,1747058400000,5884115.3517,38820,2025-05-12 13:00:00+00:00
1747058400000,2.0757,2.1112,1.991,1.9983,3756520.0,1747062000000,7677116.77781,47765,2025-05-12 14:00:00+00:00
1747062000000,1.9984,2.0231,1.9645,1.9848,3393656.2,1747065600000,6746491.35875,43194,2025-05-12 15:00:00+00:00
1747065600000,1.9848,2.007,1.9656,1.9976,1192553.4,1747069200000,2372301.51615,21770,2025-05-12 16:00:00+00:00
1747069200000,1.9978,2.0022,1.9398,1.9524,965619.3,1747072800000,1900356.13624,15761,2025-05-12 17:00:00+00:00
1747072800000,1.9529,1.9593,1.8314,1.8737,4097606.5,1747076400000,7750669.83478,50347,2025-05-12 18:00:00+00:00
1747076400000,1.8737,1.93,1.8706,1.9095,1809502.9,1747080000000,3452254.11348,26546,2025-05-12 19:00:00+00:00
1747080000000,1.9095,1.9637,1.8992,1.9569,1157065.5,1747083600000,2235587.14416,17075,2025-05-12 20:00:00+00:00
1747083600000,1.9569,1.9635,1.9384,1.9519,720038.0,1747087200000,1404331.34376,8510,2025-05-12 21:00:00+00:00
1747087200000,1.9517,2.0016,1.9444,1.984,856614.5,1747090800000,1694928.19568,12469,2025-05-12 22:00:00+00:00
1747090800000,1.9841,2.05,1.9795,1.9963,1125791.2,1747094400000,2271987.64693,14669,2025-05-12 23:00:00+00:00
1747094400000,1.9963,1.9966,1.9486,1.9507,745720.0,1747098000000,1466082.11791,15435,2025-05-13 00:00:00+00:00
1747098000000,1.9506,1.9773,1.9359,1.9507,1288855.8,1747101600000,2521551.87239,19294,2025-05-13 01:00:00+00:00
1747101600000,1.9501,1.9568,1.9044,1.9161,1152752.7,1747105200000,2215805.62306,19653,2025-05-13 02:00:00+00:00
1747105200000,1.9158,1.9274,1.8806,1.8941,941946.8,1747108800000,1787853.32825,12139,2025-05-13 03:00:00+00:00
1747108800000,1.8942,1.9561,1.8889,1.945,709773.3,1747112400000,1364198.02034,11732,2025-05-13 04:00:00+00:00
1747112400000,1.9447,1.9447,1.9126,1.9299,389956.3,1747116000000,751332.39674,7085,2025-05-13 05:00:00+00:00
1747116000000,1.9299,2.0,1.9263,1.9692,957885.1,1747119600000,1884046.33816,13529,2025-05-13 06:00:00+00:00
1747119600000,1.9693,2.0349,1.9683,1.9902,1239341.8,1747123200000,2479925.91099,17461,2025-05-13 07:00:00+00:00
1747123200000,1.9905,2.0061,1.973,2.0003,636389.6,1747126800000,1267591.49845,13756,2025-05-13 08:00:00+00:00
1747126800000,2.0004,2.0457,1.9986,2.0313,896808.0,1747130400000,1816844.88934,13776,2025-05-13 09:00:00+00:00
1747130400000,2.0314,2.0449,2.0033,2.0376,1545233.4,1747134000000,3129542.07277,18798,2025-05-13 10:00:00+00:00
1747134000000,2.0375,2.0847,2.0341,2.0517,1701489.9,1747137600000,3505679.35301,25121,2025-05-13 11:00:00+00:00
1747137600000,2.052,2.1287,2.0188,2.1227,3521775.3,1747141200000,7298445.84599,41748,2025-05-13 12:00:00+00:00
1747141200000,2.1214,2.1382,2.0518,2.0739,1910355.8,1747144800000,4003200.9937,30017,2025-05-13 13:00:00+00:00
1747144800000,2.074,2.0924,2.0075,2.0214,2194465.8,1747148400000,4476915.05244,27812,2025-05-13 14:00:00+00:00
1747148400000,2.0212,2.0692,2.0106,2.0622,1102992.7,1747152000000,2254353.49202,15991,2025-05-13 15:00:00+00:00
1747152000000,2.0624,2.135,2.0497,2.0565,2560393.7,1747155600000,5340351.65199,30725,2025-05-13 16:00:00+00:00
1747155600000,2.0565,2.0868,2.0503,2.0701,962616.4,1747159200000,1989899.79177,12751,2025-05-13 17:00:00+00:00
1747159200000,2.0705,2.093,2.0624,2.0917,596237.5,1747162800000,1239713.60772,10269,2025-05-13 18:00:00+00:00
1747162800000,2.0916,2.1563,2.0785,2.1023,1507536.6,1747166400000,3195141.31946,20225,2025-05-13 19:00:00+00:00
1747166400000,2.1022,2.1067,2.0651,2.1015,882666.2,1747170000000,1840717.40585,14812,2025-05-13 20:00:00+00:00
1747170000000,2.1008,2.1073,2.0741,2.0868,663693.6,1747173600000,1386106.77121,6085,2025-05-13 21:00:00+00:00
1747173600000,2.0866,2.0942,2.0424,2.0527,976031.5,1747177200000,2017105.28778,12925,2025-05-13 22:00:00+00:00
1747177200000,2.0528,2.0652,2.0308,2.0465,767720.9,1747180800000,1572436.03679,11961,2025-05-13 23:00:00+00:00
1747180800000,2.0465,2.0478,2.0127,2.0283,1156253.6,1747184400000,2347312.58246,14702,2025-05-14 00:00:00+00:00
1747184400000,2.0282,2.0403,1.9951,1.9993,1198113.7,1747188000000,2419440.54755,18908,2025-05-14 01:00:00+00:00
1747188000000,1.9995,2.0094,1.9637,1.9938,878940.8,1747191600000,1748260.88871,15090,2025-05-14 02:00:00+00:00
1747191600000,1.9939,1.9992,1.978,1.9986,572648.9,1747195200000,1137890.61076,10193,2025-05-14 03:00:00+00:00
1747195200000,1.9987,2.0191,1.9915,2.0179,1281368.5,1747198800000,2566756.61428,13054,2025-05-14 04:00:00+00:00
1747198800000,2.0191,2.055,2.0058,2.0455,967366.7,1747202400000,1967669.34442,13013,2025-05-14 05:00:00+00:00
1747202400000,2.0453,2.0567,2.0104,2.0279,1173745.8,1747206000000,2382011.44388,16280,2025-05-14 06:00:00+00:00
1747206000000,2.0279,2.0312,1.9885,1.998,727603.7,1747209600000,1459532.72979,12502,2025-05-14 07:00:00+00:00
1747209600000,1.9979,2.0107,1.9506,1.9521,1833220.6,1747213200000,3630183.10989,26408,2025-05-14 08:00:00+00:00
1747213200000,1.9522,1.981,1.95,1.9761,1047214.9,1747216800000,2056331.17744,18778,2025-05-14 09:00:00+00:00
1747216800000,1.9762,1.999,1.963,1.9817,678645.9,1747220400000,1344304.1633,11520,2025-05-14 10:00:00+00:00
1747220400000,1.9819,2.0239,1.9819,2.0191,599645.5,1747224000000,1202408.45106,12589,2025-05-14 11:00:00+00:00
1747224000000,2.0192,2.0346,1.9699,1.9783,989890.5,1747227600000,1985335.43704,13421,2025-05-14 12:00:00+00:00
1747227600000,1.9782,2.0021,1.9461,1.9724,1555427.5,1747231200000,3063071.70004,27879,2025-05-14 13:00:00+00:00
1747231200000,1.9722,1.9728,1.9287,1.9526,1210407.0,1747234800000,2360884.79521,23322,2025-05-14 14:00:00+00:00
1747234800000,1.9529,1.9781,1.9195,1.9732,936586.2,1747238400000,1828230.0203,16115,2025-05-14 15:00:00+00:00
1747238400000,1.9733,1.9825,1.939,1.9513,789389.5,1747242000000,1547593.61955,16881,2025-05-14 16:00:00+00:00
1747242000000,1.9514,1.9703,1.9201,1.9691,839956.4,1747245600000,1631756.12809,15488,2025-05-14 17:00:00+00:00
1747245600000,1.9691,2.0037,1.9691,1.9914,674351.2,1747249200000,1339152.15382,13732,2025-05-14 18:00:00+00:00
1747249200000,1.9913,2.0055,1.9785,2.0046,458219.6,1747252800000,911951.4577,11454,2025-05-14 19:00:00+00:00
1747252800000,2.0046,2.02,1.9959,2.0022,628161.5,1747256400000,1260935.459,10622,2025-05-14 20:00:00+00:00
1747256400000,2.0024,2.0324,1.9858,2.0286,764938.2,1747260000000,1531900.2229,11880,2025-05-14 21:00:00+00:00
1747260000000,2.0287,2.0451,1.9935,2.0118,767114.8,1747263600000,1550474.65215,11326,2025-05-14 22:00:00+00:00
1747263600000,2.0122,2.015,1.9808,1.9888,559975.2,1747267200000,1118246.50338,10516,2025-05-14 23:00:00+00:00
1747267200000,1.989,2.0366,1.989,1.996,811593.5,1747270800000,1633762.90052,12374,2025-05-15 00:00:00+00:00
1747270800000,1.996,2.0004,1.9279,1.9394,923489.8,1747274400000,1807066.04054,15988,2025-05-15 01:00:00+00:00
1747274400000,1.9391,1.9818,1.935,1.9732,611294.7,1747278000000,1195240.68467,10597,2025-05-15 02:00:00+00:00
1747278000000,1.9733,1.9841,1.9355,1.9405,637961.9,1747281600000,1251958.01082,10500,2025-05-15 03:00:00+00:00
1747281600000,1.9405,1.9848,1.9336,1.9772,699194.4,1747285200000,1373567.26133,12563,2025-05-15 04:00:00+00:00
1747285200000,1.9769,1.9877,1.9118,1.9243,900242.2,1747288800000,1752107.49729,14017,2025-05-15 05:00:00+00:00
1747288800000,1.9244,1.9512,1.9088,1.9197,1256157.8,1747292400000,2418106.08646,15876,2025-05-15 06:00:00+00:00
1747292400000,1.9197,1.934,1.8729,1.8824,913649.6,1747296000000,1732200.52867,15156,2025-05-15 07:00:00+00:00
1747296000000,1.8823,1.9338,1.8786,1.9285,790013.9,1747299600000,1510697.78576,14067,2025-05-15 08:00:00+00:00
1747299600000,1.9284,1.9408,1.8622,1.8894,1118873.4,1747303200000,2121336.5434,14705,2025-05-15 09:00:00+00:00
1747303200000,1.8894,1.894,1.855,1.8815,936948.5,1747306800000,1760256.65133,11768,2025-05-15 10:00:00+00:00
1747306800000,1.8816,1.9411,1.878,1.916,1652803.9,1747310400000,3169253.29731,16171,2025-05-15 11:00:00+00:00
1747310400000,1.916,1.937,1.8812,1.9036,1748888.5,1747314000000,3338482.14667,21962,2025-05-15 12:00:00+00:00
1747314000000,1.9037,1.9218,1.7,1.858,2309167.2,1747317600000,4273012.9899,33746,2025-05-15 13:00:00+00:00
1747317600000,1.8587,1.8606,1.7816,1.8312,2869983.9,1747321200000,5197301.55452,40421,2025-05-15 14:00:00+00:00
1747321200000,1.8314,1.8991,1.8127,1.8935,1634312.6,1747324800000,3023665.99377,26860,2025-05-15 15:00:00+00:00
1747324800000,1.8935,1.9213,1.8647,1.9148,1091501.7,1747328400000,2059955.04155,18675,2025-05-15 16:00:00+00:00
1747328400000,1.9149,1.9383,1.8915,1.8994,1077404.1,1747332000000,2056699.30667,19596,2025-05-15 17:00:00+00:00
1747332000000,1.8993,1.9091,1.8269,1.8358,1187674.2,1747335600000,2221064.89609,16823,2025-05-15 18:00:00+00:00
1747335600000,1.8359,1.8661,1.8295,1.8538,730846.9,1747339200000,1352132.34254,12426,2025-05-15 19:00:00+00:00
1747339200000,1.8539,1.8665,1.8261,1.8547,721113.4,1747342800000,1334147.34099,15469,2025-05-15 20:00:00+00:00
1747342800000,1.8546,1.8546,1.812,1.8466,387011.8,1747346400000,709614.24519,4890,2025-05-15 21:00:00+00:00
1747346400000,1.8466,1.8642,1.8178,1.818,653963.3,1747350000000,1206002.24894,8307,2025-05-15 22:00:00+00:00
1747350000000,1.818,1.8362,1.7695,1.8256,1216228.5,1747353600000,2189373.67221,17027,2025-05-15 23:00:00+00:00
1747353600000,1.8255,1.875,1.8101,1.8541,1174572.3,1747357200000,2160022.58021,19513,2025-05-16 00:00:00+00:00
1747357200000,1.8542,1.8653,1.8227,1.8459,672707.6,1747360800000,1240197.27416,14684,2025-05-16 01:00:00+00:00
1747360800000,1.8463,1.8716,1.8356,1.8585,753518.1,1747364400000,1396727.17522,13591,2025-05-16 02:00:00+00:00
1747364400000,1.8586,1.8729,1.8464,1.869,622295.8,1747368000000,1157450.53451,8110,2025-05-16 03:00:00+00:00
1747368000000,1.869,1.8896,1.8338,1.8451,628387.2,1747371600000,1169241.86684,9927,2025-05-16 04:00:00+00:00
1747371600000,1.8457,1.8692,1.8447,1.8476,336402.9,1747375200000,624356.90289,7341,2025-05-16 05:00:00+00:00
1747375200000,1.8475,1.8752,1.8429,1.8597,506167.4,1747378800000,940583.6854,9992,2025-05-16 06:00:00+00:00
1747378800000,1.8598,1.8631,1.8316,1.8514,673274.6,1747382400000,1242372.52721,10543,2025-05-16 07:00:00+00:00
1747382400000,1.8522,1.8665,1.7971,1.8241,910981.3,1747386000000,1668536.66976,13592,2025-05-16 08:00:00+00:00
1747386000000,1.8242,1.8653,1.8242,1.8643,595777.8,1747389600000,1101463.94489,10990,2025-05-16 09:00:00+00:00
1747389600000,1.8639,1.8815,1.8426,1.8703,741717.7,1747393200000,1382252.64145,7592,2025-05-16 10:00:00+00:00
1747393200000,1.8713,1.9033,1.8591,1.8912,898788.8,1747396800000,1689551.82424,12417,2025-05-16 11:00:00+00:00
1747396800000,1.8913,1.9088,1.8789,1.8868,785406.3,1747400400000,1488842.40855,12024,2025-05-16 12:00:00+00:00
1747400400000,1.887,1.9396,1.8793,1.9349,1446474.7,1747404000000,2774649.92311,20215,2025-05-16 13:00:00+00:00
1747404000000,1.9344,1.9344,1.8732,1.8866,936469.1,1747407600000,1783144.72722,15548,2025-05-16 14:00:00+00:00
1747407600000,1.8866,1.9201,1.8757,1.8845,780198.9,1747411200000,1479155.25312,13788,2025-05-16 15:00:00+00:00
1747411200000,1.8846,1.9042,1.813,1.8554,1154788.0,1747414800000,2143675.88368,14879,2025-05-16 16:00:00+00:00
1747414800000,1.8554,1.8714,1.8292,1.8384,698016.1,1747418400000,1290647.55748,11886,2025-05-16 17:00:00+00:00
1747418400000,1.8382,1.8609,1.8372,1.8474,593410.1,1747422000000,1098747.37573,11198,2025-05-16 18:00:00+00:00
1747422000000,1.8473,1.8605,1.8355,1.8538,514213.0,1747425600000,952140.02839,9643,2025-05-16 19:00:00+00:00
1747425600000,1.8538,1.8543,1.812,1.8317,731441.5,1747429200000,1339368.97307,9921,2025-05-16 20:00:00+00:00
1747429200000,1.8317,1.8386,1.815,1.8352,194667.7,1747432800000,356120.51717,3538,2025-05-16 21:00:00+00:00
1747432800000,1.8346,1.8352,1.7666,1.7931,1628977.1,1747436400000,2909571.17178,18868,2025-05-16 22:00:00+00:00
1747436400000,1.7927,1.8151,1.7862,1.7953,804349.5,1747440000000,1448106.08138,11709,2025-05-16 23:00:00+00:00
1747440000000,1.7953,1.8065,1.7368,1.7588,1680273.7,1747443600000,2964406.13177,23468,2025-05-17 00:00:00+00:00
1747443600000,1.7587,1.7598,1.7039,1.7235,1453734.0,1747447200000,2512983.7203,23054,2025-05-17 01:00:00+00:00
1747447200000,1.7235,1.7424,1.7068,1.7269,876407.9,1747450800000,1512278.19544,12400,2025-05-17 02:00:00+00:00
1747450800000,1.7269,1.7379,1.6972,1.733,830916.0,1747454400000,1424550.11284,10304,2025-05-17 03:00:00+00:00
1747454400000,1.7333,1.7408,1.7209,1.7259,459487.3,1747458000000,795451.72839,8442,2025-05-17 04:00:00+00:00
1747458000000,1.7264,1.7296,1.6709,1.677,987573.9,1747461600000,1672276.96246,11465,2025-05-17 05:00:00+00:00
1747461600000,1.6773,1.7069,1.677,1.7014,506398.9,1747465200000,858229.2365,7847,2025-05-17 06:00:00+00:00
1747465200000,1.7013,1.7156,1.6762,1.6939,602639.9,1747468800000,1022699.83293,9873,2025-05-17 07:00:00+00:00
1747468800000,1.6942,1.7088,1.6812,1.6817,751909.8,1747472400000,1275701.26638,12605,2025-05-17 08:00:00+00:00
1747472400000,1.6817,1.7028,1.667,1.6963,989086.4,1747476000000,1666851.29641,12732,2025-05-17 09:00:00+00:00
1747476000000,1.6961,1.7114,1.6919,1.7015,609759.3,1747479600000,1039208.2349,7334,2025-05-17 10:00:00+00:00
1747479600000,1.7015,1.7204,1.6847,1.7037,574533.7,1747483200000,978848.30358,6871,2025-05-17 11:00:00+00:00
1747483200000,1.7038,1.7128,1.6951,1.6987,484624.5,1747486800000,826535.16156,8672,2025-05-17 12:00:00+00:00
1747486800000,1.6987,1.7048,1.6551,1.6777,987452.4,1747490400000,1653087.13261,10126,2025-05-17 13:00:00+00:00
1747490400000,1.6775,1.71,1.6709,1.7071,935935.5,1747494000000,1583882.17126,9589,2025-05-17 14:00:00+00:00
1747494000000,1.7072,1.714,1.6899,1.6899,495294.9,1747497600000,843120.66128,7560,2025-05-17 15:00:00+00:00
1747497600000,1.6896,1.6916,1.6463,1.6784,704315.6,1747501200000,1175347.58429,10693,2025-05-17 16:00:00+00:00
1747501200000,1.6782,1.6963,1.6701,1.6706,509302.2,1747504800000,857013.0688,8804,2025-05-17 17:00:00+00:00
1747504800000,1.6709,1.6955,1.6585,1.6628,769353.7,1747508400000,1288715.25284,12523,2025-05-17 18:00:00+00:00
1747508400000,1.6627,1.6891,1.6583,1.6705,356123.8,1747512000000,596440.43684,7210,2025-05-17 19:00:00+00:00
1747512000000,1.6704,1.7058,1.6674,1.6997,649893.5,1747515600000,1094483.91919,12008,2025-05-17 20:00:00+00:00
1747515600000,1.6996,1.7017,1.6729,1.6871,307964.3,1747519200000,519711.8849,4333,2025-05-17 21:00:00+00:00
1747519200000,1.6872,1.6903,1.649,1.6662,739496.6,1747522800000,1232203.05557,8740,2025-05-17 22:00:00+00:00
1747522800000,1.6663,1.6949,1.6563,1.6861,404164.1,1747526400000,679678.69086,7389,2025-05-17 23:00:00+00:00
1747526400000,1.6862,1.6955,1.669,1.6796,406262.4,1747530000000,683327.54693,8585,2025-05-18 00:00:00+00:00
1747530000000,1.6797,1.6967,1.6679,1.6887,460145.3,1747533600000,772455.50509,7477,2025-05-18 01:00:00+00:00
1747533600000,1.6886,1.7011,1.68,1.6889,400921.8,1747537200000,678015.28413,6813,2025-05-18 02:00:00+00:00
1747537200000,1.6889,1.698,1.6708,1.6809,360150.2,1747540800000,606613.33986,7939,2025-05-18 03:00:00+00:00
1747540800000,1.681,1.7027,1.6792,1.7021,347429.5,1747544400000,587008.12122,5281,2025-05-18 04:00:00+00:00
1747544400000,1.7022,1.7492,1.7022,1.7449,947734.9,1747548000000,1641664.56649,12727,2025-05-18 05:00:00+00:00
1747548000000,1.7449,1.7468,1.7044,1.7133,734131.3,1747551600000,1269269.79287,12698,2025-05-18 06:00:00+00:00
1747551600000,1.7134,1.75,1.7079,1.7469,541126.5,1747555200000,935885.79658,9800,2025-05-18 07:00:00+00:00
1747555200000,1.7468,1.831,1.7454,1.8195,1926414.4,1747558800000,3449861.13733,24711,2025-05-18 08:00:00+00:00
1747558800000,1.8197,1.8424,1.7774,1.7839,1387191.4,1747562400000,2509323.50753,19825,2025-05-18 09:00:00+00:00
1747562400000,1.784,1.8437,1.7816,1.8437,1063190.5,1747566000000,1925696.52957,14812,2025-05-18 10:00:00+00:00
1747566000000,1.8435,1.8689,1.8153,1.8201,1121536.6,1747569600000,2066284.5416,17842,2025-05-18 11:00:00+00:00
1747569600000,1.8202,1.8638,1.7994,1.8628,1256212.5,1747573200000,2303959.02607,15045,2025-05-18 12:00:00+00:00
1747573200000,1.8623,1.9036,1.8532,1.9005,1216175.3,1747576800000,2282232.04107,18044,2025-05-18 13:00:00+00:00
1747576800000,1.9004,1.9784,1.9004,1.9731,2580297.2,1747580400000,4993213.241,32601,2025-05-18 14:00:00+00:00
1747580400000,1.9726,2.08,1.9327,2.0561,4224577.8,1747584000000,8458600.22591,47979,2025-05-18 15:00:00+00:00
1747584000000,2.0553,2.0947,2.0298,2.072,3211109.5,1747587600000,6620449.99127,39071,2025-05-18 16:00:00+00:00
1747587600000,2.0721,2.1034,1.9935,1.9978,3217343.7,1747591200000,6590886.72556,39416,2025-05-18 17:00:00+00:00
1747591200000,1.998,2.0056,1.9442,1.9629,3554321.6,1747594800000,7030755.96375,51697,2025-05-18 18:00:00+00:00
1747594800000,1.9628,1.9857,1.9095,1.9109,2043108.1,1747598400000,3966702.02674,33027,2025-05-18 19:00:00+00:00
1747598400000,1.9108,1.935,1.8727,1.9254,3162762.8,1747602000000,6011882.16517,39827,2025-05-18 20:00:00+00:00
1747602000000,1.9254,1.9638,1.905,1.9126,1219273.1,1747605600000,2353305.04436,11654,2025-05-18 21:00:00+00:00
1747605600000,1.9127,1.981,1.8932,1.9777,1738431.6,1747609200000,3365967.39877,23332,2025-05-18 22:00:00+00:00
1747609200000,1.9776,2.0481,1.9502,2.0322,2231208.9,1747612800000,4457135.70969,25822,2025-05-18 23:00:00+00:00
1747612800000,2.0319,2.0645,1.9388,1.9538,3935731.5,1747616400000,7884153.47087,38425,2025-05-19 00:00:00+00:00
1747616400000,1.9541,1.9644,1.9295,1.9497,1410404.5,1747620000000,2746748.66784,20906,2025-05-19 01:00:00+00:00
1747620000000,1.9497,1.9708,1.9119,1.9209,1896592.0,1747623600000,3672352.65615,19796,2025-05-19 02:00:00+00:00
1747623600000,1.9208,1.9217,1.8671,1.8853,1734843.3,1747627200000,3285084.83226,18624,2025-05-19 03:00:00+00:00
1747627200000,1.8853,1.9066,1.8143,1.8399,2751729.3,1747630800000,5124622.12711,35439,2025-05-19 04:00:00+00:00
1747630800000,1.8399,1.8399,1.805,1.8244,1446490.6,1747634400000,2634698.14703,21618,2025-05-19 05:00:00+00:00
1747634400000,1.8242,1.8341,1.7723,1.7753,1285525.9,1747638000000,2314843.09019,19605,2025-05-19 06:00:00+00:00
1747638000000,1.7755,1.8586,1.7736,1.8522,2026370.9,1747641600000,3715345.76915,23544,2025-05-19 07:00:00+00:00
1747641600000,1.852,1.8524,1.7987,1.8143,1737053.5,1747645200000,3164788.5243,21652,2025-05-19 08:00:00+00:00
1747645200000,1.8141,1.8263,1.7947,1.8037,1042618.7,1747648800000,1887736.16286,17168,2025-05-19 09:00:00+00:00
1747648800000,1.8034,1.8256,1.7814,1.8094,824733.4,1747652400000,1485886.04046,14478,2025-05-19 10:00:00+00:00
1747652400000,1.8095,1.8447,1.8083,1.8408,798560.2,1747656000000,1457560.29695,12615,2025-05-19 11:00:00+00:00
1747656000000,1.8406,1.8479,1.8049,1.8197,941529.0,1747659600000,1709279.57357,15778,2025-05-19 12:00:00+00:00
1747659600000,1.8198,1.9347,1.8198,1.8959,3561990.9,1747663200000,6700836.65003,52051,2025-05-19 13:00:00+00:00
1747663200000,1.8958,1.9229,1.8643,1.9101,1623303.1,1747666800000,3075051.77681,28049,2025-05-19 14:00:00+00:00
1747666800000,1.9102,1.9248,1.8775,1.9015,1656580.2,1747670400000,3150335.68341,23078,2025-05-19 15:00:00+00:00
1747670400000,1.9016,1.9457,1.8761,1.9408,1348087.8,1747674000000,2557333.14553,16521,2025-05-19 16:00:00+00:00
1747674000000,1.9403,2.0,1.9386,1.9592,3181765.5,1747677600000,6257653.40334,30947,2025-05-19 17:00:00+00:00
1747677600000,1.9593,1.9742,1.9083,1.9238,1616427.5,1747681200000,3125073.83617,23113,2025-05-19 18:00:00+00:00
1747681200000,1.9239,1.9735,1.9128,1.9725,977435.0,1747684800000,1900174.97472,16893,2025-05-19 19:00:00+00:00
1747684800000,1.9726,1.9899,1.9438,1.9552,1201006.2,1747688400000,2358206.91097,18182,2025-05-19 20:00:00+00:00
1747688400000,1.9553,1.9607,1.93,1.9564,666712.3,1747692000000,1298740.57574,7126,2025-05-19 21:00:00+00:00
1747692000000,1.956,1.959,1.9296,1.9377,356850.0,1747695600000,692834.32188,8842,2025-05-19 22:00:00+00:00
1747695600000,1.9378,1.9651,1.935,1.9482,374241.1,1747699200000,730234.11159,7569,2025-05-19 23:00:00+00:00
1747699200000,1.9485,1.9982,1.9113,1.9188,1119604.8,1747702800000,2189498.12661,23199,2025-05-20 00:00:00+00:00
1747702800000,1.9187,1.9916,1.9107,1.9698,1227195.5,1747706400000,2385845.98959,18628,2025-05-20 01:00:00+00:00
1747706400000,1.9697,2.0446,1.9662,1.9722,2123024.3,1747710000000,4247930.46256,25689,2025-05-20 02:00:00+00:00
1747710000000,1.9723,1.9846,1.9411,1.9536,986743.8,1747713600000,1936771.69573,15584,2025-05-20 03:00:00+00:00
1747713600000,1.9537,1.9949,1.939,1.982,663267.2,1747717200000,1305676.98589,11430,2025-05-20 04:00:00+00:00
1747717200000,1.9822,2.0207,1.9756,1.9876,721632.8,1747720800000,1444671.86244,13521,2025-05-20 05:00:00+00:00
1747720800000,1.9874,1.9875,1.9396,1.9704,605841.5,1747724400000,1187342.6983,13549,2025-05-20 06:00:00+00:00
1747724400000,1.9711,1.9766,1.9423,1.9513,809142.2,1747728000000,1585093.26415,15086,2025-05-20 07:00:00+00:00
1747728000000,1.9507,1.9662,1.9264,1.9429,735193.9,1747731600000,1427475.26034,13300,2025-05-20 08:00:00+00:00
1747731600000,1.9428,1.9609,1.9364,1.9572,540116.2,1747735200000,1053589.71933,12127,2025-05-20 09:00:00+00:00
1747735200000,1.9574,1.9598,1.9021,1.9133,2383854.7,1747738800000,4591286.00259,19102,2025-05-20 10:00:00+00:00
1747738800000,1.9134,1.9545,1.881,1.9204,1733863.3,1747742400000,3313504.24931,16205,2025-05-20 11:00:00+00:00
1747742400000,1.9203,1.9203,1.8916,1.9164,632510.1,1747746000000,1206597.00515,9746,2025-05-20 12:00:00+00:00
1747746000000,1.9162,1.9383,1.8987,1.9225,920370.9,1747749600000,1764727.80664,16534,2025-05-20 13:00:00+00:00
1747749600000,1.9226,1.9696,1.8977,1.9081,1962980.7,1747753200000,3787938.39609,22847,2025-05-20 14:00:00+00:00
1747753200000,1.9077,1.9448,1.9016,1.9271,1170138.4,1747756800000,2246582.80765,17175,2025-05-20 15:00:00+00:00
1747756800000,1.9271,1.937,1.8866,1.889,700756.8,1747760400000,1337531.67568,15497,2025-05-20 16:00:00+00:00
1747760400000,1.8894,1.9314,1.8863,1.9137,599004.7,1747764000000,1145749.55761,16975,2025-05-20 17:00:00+00:00
1747764000000,1.9137,1.9242,1.8655,1.875,731396.7,1747767600000,1383250.06853,18210,2025-05-20 18:00:00+00:00
1747767600000,1.8749,1.955,1.8683,1.9395,1515969.0,1747771200000,2921221.58998,23562,2025-05-20 19:00:00+00:00
1747771200000,1.9394,1.9431,1.9153,1.928,516744.4,1747774800000,997360.27259,13536,2025-05-20 20:00:00+00:00
1747774800000,1.928,1.948,1.9146,1.9297,518024.6,1747778400000,1000845.53041,6466,2025-05-20 21:00:00+00:00
1747778400000,1.9295,1.9447,1.895,1.9364,1139772.5,1747782000000,2194840.59214,19405,2025-05-20 22:00:00+00:00
1747782000000,1.9363,1.9594,1.928,1.9398,716814.0,1747785600000,1393036.32541,14847,2025-05-20 23:00:00+00:00
1747785600000,1.9399,1.9766,1.9292,1.9525,955963.8,1747789200000,1863374.86205,20982,2025-05-21 00:00:00+00:00
1747789200000,1.9524,1.9526,1.9134,1.9155,860587.8,1747792800000,1661123.44093,18755,2025-05-21 01:00:00+00:00
1747792800000,1.9158,1.9346,1.8908,1.93,587201.2,1747796400000,1121490.00836,15295,2025-05-21 02:00:00+00:00
1747796400000,1.9308,1.9589,1.9291,1.9375,459413.5,1747800000000,893474.44661,12567,2025-05-21 03:00:00+00:00
1747800000000,1.9378,1.9615,1.9238,1.9478,518340.3,1747803600000,1007662.80436,15322,2025-05-21 04:00:00+00:00
1747803600000,1.9477,1.9978,1.9457,1.9718,1340556.0,1747807200000,2650293.51444,24910,2025-05-21 05:00:00+00:00
1747807200000,1.9718,1.9938,1.9402,1.9783,950518.0,1747810800000,1872988.23969,19434,2025-05-21 06:00:00+00:00
1747810800000,1.9783,1.9851,1.9097,1.9187,1097111.8,1747814400000,2120966.40748,22911,2025-05-21 07:00:00+00:00
1747814400000,1.9187,1.9325,1.902,1.9044,602298.6,1747818000000,1152877.79095,15750,2025-05-21 08:00:00+00:00
1747818000000,1.9042,1.9151,1.8901,1.8961,728348.1,1747821600000,1385413.71693,13639,2025-05-21 09:00:00+00:00
1747821600000,1.8954,1.9173,1.8893,1.9088,381545.8,1747825200000,727829.1908,8659,2025-05-21 10:00:00+00:00
1747825200000,1.9092,1.9463,1.908,1.9394,608204.2,1747828800000,1176025.83556,11622,2025-05-21 11:00:00+00:00
1747828800000,1.9394,1.9652,1.9236,1.9566,811304.3,1747832400000,1580818.99925,13482,2025-05-21 12:00:00+00:00
1747832400000,1.9567,1.9783,1.9365,1.9626,1313001.2,1747836000000,2566530.82365,24769,2025-05-21 13:00:00+00:00
1747836000000,1.9628,1.9955,1.9401,1.9908,1228453.5,1747839600000,2422719.17559,27833,2025-05-21 14:00:00+00:00
1747839600000,1.9907,2.05,1.9674,2.0226,4356195.3,1747843200000,8813230.18457,49133,2025-05-21 15:00:00+00:00
1747843200000,2.0227,2.1433,2.021,2.0816,3821693.5,1747846800000,7895986.43311,46288,2025-05-21 16:00:00+00:00
1747846800000,2.0813,2.1049,1.931,1.9481,5030269.8,1747850400000,10075821.50432,103034,2025-05-21 17:00:00+00:00
1747850400000,1.9482,1.9668,1.9142,1.9171,1546784.4,1747854000000,2999636.87349,27989,2025-05-21 18:00:00+00:00
1747854000000,1.9173,1.9677,1.888,1.959,1593382.1,1747857600000,3064305.045,24032,2025-05-21 19:00:00+00:00
1747857600000,1.9589,1.9638,1.9183,1.9389,602667.7,1747861200000,1170688.78134,14477,2025-05-21 20:00:00+00:00
1747861200000,1.9389,1.9566,1.9309,1.9407,370131.5,1747864800000,718751.56529,6027,2025-05-21 21:00:00+00:00
1747864800000,1.9405,1.9857,1.9379,1.9777,533260.8,1747868400000,1048879.62481,12202,2025-05-21 22:00:00+00:00
1747868400000,1.9776,2.04,1.9714,1.985,1599648.2,1747872000000,3210308.3787,32551,2025-05-21 23:00:00+00:00
1747872000000,1.9851,2.0399,1.9795,2.0127,1487102.9,1747875600000,2985586.92448,27330,2025-05-22 00:00:00+00:00
1747875600000,2.0129,2.025,1.9725,1.9895,1333962.2,1747879200000,2668637.91705,22717,2025-05-22 01:00:00+00:00
1747879200000,1.9891,2.0076,1.9775,1.9952,943443.9,1747882800000,1876964.50271,18584,2025-05-22 02:00:00+00:00
1747882800000,1.9952,2.0337,1.9833,2.014,893107.3,1747886400000,1797134.14726,16886,2025-05-22 03:00:00+00:00
1747886400000,2.0139,2.0213,1.9908,2.0079,826277.4,1747890000000,1654667.54789,15660,2025-05-22 04:00:00+00:00
1747890000000,2.0074,2.0092,1.9666,1.9684,766625.4,1747893600000,1529474.79697,13103,2025-05-22 05:00:00+00:00
1747893600000,1.9685,1.9911,1.9467,1.989,901764.8,1747897200000,1773639.36237,15635,2025-05-22 06:00:00+00:00
1747897200000,1.9892,2.0316,1.9766,2.0267,918232.3,1747900800000,1843409.60456,16515,2025-05-22 07:00:00+00:00
1747900800000,2.0267,2.0607,2.0147,2.0395,1423568.4,1747904400000,2898168.5278,20581,2025-05-22 08:00:00+00:00
1747904400000,2.0399,2.0728,2.0193,2.0425,1352636.5,1747908000000,2777005.38922,18423,2025-05-22 09:00:00+00:00
1747908000000,2.0428,2.0563,2.0209,2.0285,722819.2,1747911600000,1471736.40104,12320,2025-05-22 10:00:00+00:00
1747911600000,2.0282,2.0355,1.9941,2.009,1528675.1,1747915200000,3069899.3589,15035,2025-05-22 11:00:00+00:00
1747915200000,2.0092,2.0249,1.9958,2.0062,726690.4,1747918800000,1459079.09465,14089,2025-05-22 12:00:00+00:00
1747918800000,2.0061,2.0062,1.964,1.9822,1154142.8,1747922400000,2288428.38672,22673,2025-05-22 13:00:00+00:00
1747922400000,1.9823,2.0349,1.9783,2.015,1081963.8,1747926000000,2172395.86201,19237,2025-05-22 14:00:00+00:00
1747926000000,2.0152,2.0317,1.9998,2.0104,905136.1,1747929600000,1823516.13709,14562,2025-05-22 15:00:00+00:00
1747929600000,2.0104,2.0195,1.9796,1.985,792285.9,1747933200000,1584256.63677,13047,2025-05-22 16:00:00+00:00
1747933200000,1.9852,2.031,1.979,2.0127,982574.9,1747936800000,1975429.74047,12764,2025-05-22 17:00:00+00:00
1747936800000,2.0128,2.0168,1.997,2.0092,426685.1,1747940400000,856425.72953,8578,2025-05-22 18:00:00+00:00
1747940400000,2.0092,2.0114,1.9722,1.9828,626792.6,1747944000000,1246135.88382,11614,2025-05-22 19:00:00+00:00
1747944000000,1.9829,2.0072,1.9801,1.9929,435730.4,1747947600000,869076.36014,9897,2025-05-22 20:00:00+00:00
1747947600000,1.9929,1.9929,1.9641,1.9768,489589.9,1747951200000,967636.48505,6560,2025-05-22 21:00:00+00:00
1747951200000,1.9769,2.0052,1.9753,1.9839,414951.8,1747954800000,826565.02492,10029,2025-05-22 22:00:00+00:00
1747954800000,1.9844,2.0558,1.9844,2.0506,1120746.1,1747958400000,2274646.54957,13676,2025-05-22 23:00:00+00:00
1747958400000,2.0504,2.075,2.0245,2.0418,1598945.1,1747962000000,3279965.90619,24706,2025-05-23 00:00:00+00:00
1747962000000,2.0419,2.1123,2.0417,2.0888,2345337.1,1747965600000,4876617.99575,22765,2025-05-23 01:00:00+00:00
1747965600000,2.0891,2.1513,2.0842,2.1226,1713323.2,1747969200000,3651491.36029,25077,2025-05-23 02:00:00+00:00
1747969200000,2.1227,2.2027,2.1222,2.1859,2643981.1,1747972800000,5755374.53436,32019,2025-05-23 03:00:00+00:00
1747972800000,2.1865,2.2663,2.1291,2.1842,3344667.7,1747976400000,7298822.9268,40466,2025-05-23 04:00:00+00:00
1747976400000,2.1838,2.2041,2.1603,2.1857,1873265.2,1747980000000,4087605.6158,28926,2025-05-23 05:00:00+00:00
1747980000000,2.1851,2.2119,2.1262,2.1416,2924720.9,1747983600000,6355568.64869,33207,2025-05-23 06:00:00+00:00
1747983600000,2.1417,2.1853,2.1014,2.1098,1000197.7,1747987200000,2142072.89514,17288,2025-05-23 07:00:00+00:00
1747987200000,2.1098,2.1353,2.0932,2.1294,872261.5,1747990800000,1844486.20389,16203,2025-05-23 08:00:00+00:00
1747990800000,2.1291,2.2169,2.1205,2.2114,1260841.4,1747994400000,2743679.17194,18834,2025-05-23 09:00:00+00:00
1747994400000,2.2113,2.2259,2.1813,2.2064,1624550.5,1747998000000,3578579.51676,26874,2025-05-23 10:00:00+00:00
1747998000000,2.2064,2.2177,2.0401,2.0511,4179696.1,1748001600000,8803973.8872,65479,2025-05-23 11:00:00+00:00
1748001600000,2.0515,2.0798,1.9615,2.054,6722349.0,1748005200000,13588004.28166,92866,2025-05-23 12:00:00+00:00
1748005200000,2.0539,2.149,2.036,2.1338,2536430.0,1748008800000,5321632.6686,41487,2025-05-23 13:00:00+00:00
1748008800000,2.1341,2.1779,2.1133,2.1399,2217838.8,1748012400000,4757515.64691,33427,2025-05-23 14:00:00+00:00
1748012400000,2.1399,2.1537,2.096,2.099,1316844.5,1748016000000,2804605.44415,23521,2025-05-23 15:00:00+00:00
1748016000000,2.0987,2.1217,2.0724,2.1202,1591360.9,1748019600000,3338453.06358,25483,2025-05-23 16:00:00+00:00
1748019600000,2.1197,2.1376,2.0909,2.0946,721531.0,1748023200000,1527542.49407,15568,2025-05-23 17:00:00+00:00
1748023200000,2.095,2.1056,2.0611,2.0693,674166.8,1748026800000,1404663.68993,14382,2025-05-23 18:00:00+00:00
1748026800000,2.0694,2.1034,2.0646,2.0736,765088.7,1748030400000,1597822.88822,11363,2025-05-23 19:00:00+00:00
1748030400000,2.0735,2.0742,1.8985,1.998,5029127.5,1748034000000,10085175.21941,52191,2025-05-23 20:00:00+00:00
1748034000000,1.9974,2.0111,1.9594,1.9822,2715393.5,1748037600000,5374868.74007,32874,2025-05-23 21:00:00+00:00
1748037600000,1.9824,2.0038,1.9538,1.9637,947571.2,1748041200000,1871500.00251,17845,2025-05-23 22:00:00+00:00
1748041200000,1.9636,1.9706,1.9179,1.9393,1077283.1,1748044800000,2091981.38817,26048,2025-05-23 23:00:00+00:00
1748044800000,1.9395,1.9728,1.9339,1.9417,1571484.3,1748048400000,3074627.80727,35217,2025-05-24 00:00:00+00:00
1748048400000,1.9416,1.9646,1.9325,1.935,719446.6,1748052000000,1401336.87272,17704,2025-05-24 01:00:00+00:00
1748052000000,1.9349,1.9539,1.9239,1.9453,585564.7,1748055600000,1137524.0926,13787,2025-05-24 02:00:00+00:00
1748055600000,1.9452,2.0143,1.9382,1.9853,1652278.4,1748059200000,3283267.85021,21401,2025-05-24 03:00:00+00:00
1748059200000,1.9854,2.0255,1.9745,2.0043,745419.4,1748062800000,1492427.31183,13125,2025-05-24 04:00:00+00:00
1748062800000,2.0038,2.0102,1.9683,1.9822,594820.1,1748066400000,1181235.07311,10276,2025-05-24 05:00:00+00:00
1748066400000,1.9821,1.987,1.9513,1.9739,584864.3,1748070000000,1148227.61347,9725,2025-05-24 06:00:00+00:00
1748070000000,1.974,1.9946,1.9591,1.9645,457908.5,1748073600000,907803.58979,9878,2025-05-24 07:00:00+00:00
1748073600000,1.965,1.969,1.94,1.9644,518643.9,1748077200000,1013248.6989,12247,2025-05-24 08:00:00+00:00
1748077200000,1.9643,1.9781,1.9523,1.9582,504472.6,1748080800000,991824.44031,11838,2025-05-24 09:00:00+00:00
1748080800000,1.9584,2.0018,1.9507,1.9872,892668.3,1748084400000,1767512.75947,14515,2025-05-24 10:00:00+00:00
1748084400000,1.9873,2.0051,1.9857,1.9886,691389.0,1748088000000,1379790.01071,15570,2025-05-24 11:00:00+00:00
1748088000000,1.9885,1.9922,1.9623,1.9819,580394.5,1748091600000,1148281.19064,12290,2025-05-24 12:00:00+00:00
1748091600000,1.9819,1.9888,1.9646,1.9686,593042.7,1748095200000,1172146.71895,12940,2025-05-24 13:00:00+00:00
1748095200000,1.9684,2.037,1.964,2.0296,1154778.5,1748098800000,2322003.63592,14538,2025-05-24 14:00:00+00:00
1748098800000,2.0297,2.0338,1.9942,2.0047,757496.9,1748102400000,1524865.32512,15562,2025-05-24 15:00:00+00:00
1748102400000,2.0047,2.0146,1.9791,2.0112,598184.4,1748106000000,1193704.82042,15384,2025-05-24 16:00:00+00:00
1748106000000,2.0113,2.0599,2.0101,2.051,1137437.2,1748109600000,2322669.58866,15737,2025-05-24 17:00:00+00:00
1748109600000,2.0509,2.0747,2.0261,2.0316,808579.4,1748113200000,1661249.49456,13712,2025-05-24 18:00:00+00:00
1748113200000,2.0316,2.0397,2.0186,2.0292,417685.9,1748116800000,847092.03505,9352,2025-05-24 19:00:00+00:00
1748116800000,2.0294,2.0456,2.0153,2.0224,273526.2,1748120400000,555257.19164,7924,2025-05-24 20:00:00+00:00
1748120400000,2.0226,2.024,2.001,2.0147,240737.6,1748124000000,484386.95055,5265,2025-05-24 21:00:00+00:00
1748124000000,2.0148,2.0149,1.9924,1.9997,345052.4,1748127600000,690968.27492,9127,2025-05-24 22:00:00+00:00
1748127600000,1.9995,2.0304,1.9889,2.006,913725.3,1748131200000,1838741.19514,15373,2025-05-24 23:00:00+00:00
1748131200000,2.0062,2.0225,1.9523,1.9618,1392866.2,1748134800000,2762244.58603,21542,2025-05-25 00:00:00+00:00
1748134800000,1.9619,1.9948,1.9448,1.9684,949520.6,1748138400000,1864235.42585,20354,2025-05-25 01:00:00+00:00
1748138400000,1.9686,1.9808,1.94,1.977,749344.3,1748142000000,1466570.45539,14257,2025-05-25 02:00:00+00:00
1748142000000,1.9766,2.0,1.9755,1.9888,691826.3,1748145600000,1376134.30407,12473,2025-05-25 03:00:00+00:00
1748145600000,1.9888,1.9899,1.9607,1.9798,486512.2,1748149200000,960944.8477,10575,2025-05-25 04:00:00+00:00
1748149200000,1.9798,1.9829,1.958,1.9715,583458.0,1748152800000,1147976.73685,8504,2025-05-25 05:00:00+00:00
1748152800000,1.9712,1.9716,1.9491,1.9562,355156.0,1748156400000,694966.72058,8145,2025-05-25 06:00:00+00:00
1748156400000,1.9561,1.9561,1.9316,1.943,507948.3,1748160000000,986365.0936,11637,2025-05-25 07:00:00+00:00
1748160000000,1.9432,1.9437,1.8874,1.8988,1292513.4,1748163600000,2467117.47172,20291,2025-05-25 08:00:00+00:00
1748163600000,1.899,1.9211,1.8788,1.9123,1000745.9,1748167200000,1899913.73613,16675,2025-05-25 09:00:00+00:00
1748167200000,1.9123,1.9198,1.8972,1.8989,790982.5,1748170800000,1510754.78077,12604,2025-05-25 10:00:00+00:00
1748170800000,1.8987,1.9232,1.8906,1.9168,722317.8,1748174400000,1378936.83963,12000,2025-05-25 11:00:00+00:00
1748174400000,1.9169,1.9417,1.8986,1.9269,603131.8,1748178000000,1159866.63263,13569,2025-05-25 12:00:00+00:00
1748178000000,1.9269,1.9315,1.899,1.9053,669134.7,1748181600000,1280386.60702,12082,2025-05-25 13:00:00+00:00
1748181600000,1.9056,1.9076,1.874,1.88,607279.0,1748185200000,1148082.81602,12361,2025-05-25 14:00:00+00:00
1748185200000,1.8802,1.8889,1.8214,1.8801,2359913.2,1748188800000,4380560.57201,25971,2025-05-25 15:00:00+00:00
1748188800000,1.8801,1.8814,1.8524,1.8678,839632.2,1748192400000,1566895.3019,14803,2025-05-25 16:00:00+00:00
1748192400000,1.868,1.8853,1.8654,1.8849,480912.6,1748196000000,901937.20461,9139,2025-05-25 17:00:00+00:00
1748196000000,1.8849,1.8854,1.866,1.8689,514508.5,1748199600000,963808.51727,9420,2025-05-25 18:00:00+00:00
1748199600000,1.8685,1.9097,1.8665,1.8995,397034.2,1748203200000,750600.96354,9009,2025-05-25 19:00:00+00:00
1748203200000,1.8992,1.9238,1.8877,1.9109,631354.8,1748206800000,1204956.07348,9293,2025-05-25 20:00:00+00:00
1748206800000,1.911,1.9218,1.8958,1.9037,612906.4,1748210400000,1168443.97254,5565,2025-05-25 21:00:00+00:00
1748210400000,1.9037,2.0503,1.9002,2.0426,3639946.7,1748214000000,7202891.01452,36855,2025-05-25 22:00:00+00:00
1748214000000,2.042,2.0462,1.9945,2.0315,1279340.8,1748217600000,2592066.36823,21100,2025-05-25 23:00:00+00:00
1748217600000,2.0315,2.1091,2.0178,2.1039,2165923.8,1748221200000,4460545.82453,25542,2025-05-26 00:00:00+00:00
1748221200000,2.1044,2.1643,2.0877,2.16,1761108.5,1748224800000,3741377.67457,29985,2025-05-26 01:00:00+00:00
1748224800000,2.1602,2.1734,2.123,2.1491,1740260.1,1748228400000,3739235.14361,25072,2025-05-26 02:00:00+00:00
1748228400000,2.149,2.1933,2.1387,2.1513,1819306.4,1748232000000,3933094.84964,24404,2025-05-26 03:00:00+00:00
1748232000000,2.1514,2.1893,2.1495,2.1781,1122012.4,1748235600000,2432089.42485,15353,2025-05-26 04:00:00+00:00
1748235600000,2.1783,2.203,2.1576,2.1905,820577.2,1748239200000,1790573.74734,13876,2025-05-26 05:00:00+00:00
1748239200000,2.1899,2.2235,2.1869,2.2222,1504135.6,1748242800000,3318858.11158,19214,2025-05-26 06:00:00+00:00
1748242800000,2.2219,2.29,2.1882,2.2154,3867487.4,1748246400000,8592794.20404,34524,2025-05-26 07:00:00+00:00
1748246400000,2.2155,2.2376,2.1721,2.1911,2466551.1,1748250000000,5430230.51294,37627,2025-05-26 08:00:00+00:00
1748250000000,2.1912,2.2203,2.1827,2.2001,1009441.8,1748253600000,2221306.9721,19318,2025-05-26 09:00:00+00:00
1748253600000,2.2,2.2659,2.1958,2.2439,1606371.7,1748257200000,3593415.69067,23304,2025-05-26 10:00:00+00:00
1748257200000,2.2438,2.2518,2.2133,2.2316,1477473.9,1748260800000,3296785.69806,19380,2025-05-26 11:00:00+00:00
1748260800000,2.2314,2.234,2.1962,2.2274,1176276.5,1748264400000,2603227.18111,17400,2025-05-26 12:00:00+00:00
1748264400000,2.2267,2.241,2.1752,2.1856,1354339.1,1748268000000,2987031.85823,21706,2025-05-26 13:00:00+00:00
1748268000000,2.1856,2.1879,2.1447,2.1688,1626966.3,1748271600000,3520995.80684,28920,2025-05-26 14:00:00+00:00
1748271600000,2.1689,2.225,2.1538,2.2047,1577728.8,1748275200000,3458895.89504,24706,2025-05-26 15:00:00+00:00
1748275200000,2.2048,2.2144,2.1002,2.1393,3618627.2,1748278800000,7752864.32109,36229,2025-05-26 16:00:00+00:00
1748278800000,2.1392,2.1574,2.1149,2.1252,730171.5,1748282400000,1560033.49486,16529,2025-05-26 17:00:00+00:00
1748282400000,2.1248,2.1417,2.1081,2.114,592931.3,1748286000000,1261006.4639,11861,2025-05-26 18:00:00+00:00
1748286000000,2.1139,2.1258,2.0986,2.1038,445957.8,1748289600000,940393.70619,8480,2025-05-26 19:00:00+00:00
1748289600000,2.1039,2.1423,2.0936,2.1411,652376.4,1748293200000,1380619.68577,11999,2025-05-26 20:00:00+00:00
1748293200000,2.141,2.1435,2.1033,2.1114,318502.3,1748296800000,674320.29098,5995,2025-05-26 21:00:00+00:00
1748296800000,2.1115,2.1419,2.1088,2.116,498511.0,1748300400000,1058825.7501,9141,2025-05-26 22:00:00+00:00
1748300400000,2.1161,2.1352,2.1017,2.1323,690719.2,1748304000000,1461290.28063,9845,2025-05-26 23:00:00+00:00
1748304000000,2.1324,2.16,2.0807,2.0892,1368697.7,1748307600000,2898761.62434,17257,2025-05-27 00:00:00+00:00
1748307600000,2.0891,2.0891,2.0523,2.0782,2398726.5,1748311200000,4972296.98506,24978,2025-05-27 01:00:00+00:00
1748311200000,2.0778,2.1389,2.0757,2.1106,1232541.6,1748314800000,2602187.93636,15332,2025-05-27 02:00:00+00:00
1748314800000,2.1104,2.158,2.109,2.1355,1198507.1,1748318400000,2563716.61935,15986,2025-05-27 03:00:00+00:00
1748318400000,2.1358,2.1538,2.1172,2.1258,777451.6,1748322000000,1659716.55897,11093,2025-05-27 04:00:00+00:00
1748322000000,2.1257,2.1864,2.1075,2.1644,2183130.9,1748325600000,4685709.3845,20122,2025-05-27 05:00:00+00:00
1748325600000,2.1646,2.2598,2.164,2.1908,2910002.8,1748329200000,6420965.58859,41058,2025-05-27 06:00:00+00:00
1748329200000,2.1907,2.3255,2.1864,2.321,2118947.7,1748332800000,4798700.23033,27050,2025-05-27 07:00:00+00:00
1748332800000,2.3211,2.373,2.3199,2.3535,4367395.0,1748336400000,10256817.83488,44960,2025-05-27 08:00:00+00:00
1748336400000,2.3542,2.4209,2.3385,2.4156,1923581.6,1748340000000,4570059.28386,29207,2025-05-27 09:00:00+00:00
1748340000000,2.4157,2.4597,2.3918,2.4234,2685015.1,1748343600000,6526509.89889,36893,2025-05-27 10:00:00+00:00
1748343600000,2.4233,2.4593,2.403,2.4509,2426909.5,1748347200000,5897081.19703,27005,2025-05-27 11:00:00+00:00
1748347200000,2.4502,2.487,2.4363,2.4641,1901779.7,1748350800000,4678864.47713,26873,2025-05-27 12:00:00+00:00
1748350800000,2.464,2.4794,2.409,2.4139,1846542.4,1748354400000,4498902.75541,30303,2025-05-27 13:00:00+00:00
1748354400000,2.4137,2.442,2.3764,2.3883,2381605.4,1748358000000,5736590.38175,31586,2025-05-27 14:00:00+00:00
1748358000000,2.3889,2.4803,2.3684,2.4732,1563656.2,1748361600000,3792373.62091,22069,2025-05-27 15:00:00+00:00
1748361600000,2.4733,2.5232,2.4607,2.4887,1951857.5,1748365200000,4863288.48866,27735,2025-05-27 16:00:00+00:00
1748365200000,2.4887,2.589,2.4874,2.5041,2289941.1,1748368800000,5802284.46303,33282,2025-05-27 17:00:00+00:00
1748368800000,2.5041,2.5299,2.4921,2.5246,774047.5,1748372400000,1943223.50545,16655,2025-05-27 18:00:00+00:00
1748372400000,2.5247,2.5284,2.4999,2.5155,855767.3,1748376000000,2151330.84467,16471,2025-05-27 19:00:00+00:00
1748376000000,2.5158,2.5203,2.4659,2.4909,1315434.8,1748379600000,3275045.82479,17328,2025-05-27 20:00:00+00:00
1748379600000,2.4911,2.4981,2.4549,2.4629,1061197.9,1748383200000,2627688.15608,10751,2025-05-27 21:00:00+00:00
1748383200000,2.463,2.471,2.4083,2.4368,2493082.1,1748386800000,6082772.93625,27559,2025-05-27 22:00:00+00:00
1748386800000,2.4364,2.4598,2.429,2.4455,845715.4,1748390400000,2067264.40732,13607,2025-05-27 23:00:00+00:00
1748390400000,2.4454,2.473,2.4066,2.4698,1081041.7,1748394000000,2633328.17397,18614,2025-05-28 00:00:00+00:00
1748394000000,2.4699,2.47,2.4254,2.4305,1010335.8,1748397600000,2477365.55676,17633,2025-05-28 01:00:00+00:00
1748397600000,2.4302,2.4505,2.3957,2.432,1344470.0,1748401200000,3253559.70897,17130,2025-05-28 02:00:00+00:00
1748401200000,2.4325,2.4465,2.4168,2.4221,1260835.4,1748404800000,3066437.20993,15944,2025-05-28 03:00:00+00:00
1748404800000,2.4216,2.4502,2.408,2.4499,525490.0,1748408400000,1274980.6079,10018,2025-05-28 04:00:00+00:00
1748408400000,2.4494,2.4612,2.4314,2.4586,1356177.4,1748412000000,3317475.56689,12745,2025-05-28 05:00:00+00:00
1748412000000,2.4586,2.465,2.42,2.4587,1120335.9,1748415600000,2742977.75116,15867,2025-05-28 06:00:00+00:00
1748415600000,2.4587,2.48,2.4414,2.4488,550633.4,1748419200000,1354746.75761,11915,2025-05-28 07:00:00+00:00
1748419200000,2.449,2.462,2.4241,2.4464,496598.4,1748422800000,1212772.46844,11278,2025-05-28 08:00:00+00:00
1748422800000,2.4472,2.48,2.4118,2.4284,959302.1,1748426400000,2334076.99495,13974,2025-05-28 09:00:00+00:00
1748426400000,2.4285,2.4287,2.4016,2.4052,541531.6,1748430000000,1306471.73867,13450,2025-05-28 10:00:00+00:00
1748430000000,2.4054,2.4227,2.3568,2.3768,2085342.6,1748433600000,4959326.57032,18762,2025-05-28 11:00:00+00:00
1748433600000,2.3767,2.4286,2.3657,2.4026,1446890.6,1748437200000,3468554.19499,20358,2025-05-28 12:00:00+00:00
1748437200000,2.4027,2.4082,2.3632,2.3664,1066734.2,1748440800000,2543403.49537,19322,2025-05-28 13:00:00+00:00
1748440800000,2.3662,2.3719,2.3193,2.329,2054483.7,1748444400000,4811074.01787,26346,2025-05-28 14:00:00+00:00
1748444400000,2.3289,2.3366,2.2973,2.3149,1599852.2,1748448000000,3704844.60373,22756,2025-05-28 15:00:00+00:00
1748448000000,2.3149,2.3249,2.29,2.3042,1443187.0,1748451600000,3331300.35672,18071,2025-05-28 16:00:00+00:00
1748451600000,2.3038,2.3473,2.2923,2.3158,1418806.9,1748455200000,3293170.37651,15031,2025-05-28 17:00:00+00:00
1748455200000,2.3156,2.3374,2.3046,2.3077,1101477.1,1748458800000,2553384.07605,12100,2025-05-28 18:00:00+00:00
1748458800000,2.3073,2.3179,2.276,2.28,702302.7,1748462400000,1611202.85914,13084,2025-05-28 19:00:00+00:00
1748462400000,2.2801,2.3293,2.2801,2.3291,695975.4,1748466000000,1606568.1455,12820,2025-05-28 20:00:00+00:00
1748466000000,2.3292,2.3565,2.3198,2.332,578610.9,1748469600000,1352712.57556,7469,2025-05-28 21:00:00+00:00
1748469600000,2.3318,2.3378,2.3058,2.3132,344467.8,1748473200000,798408.97164,6848,2025-05-28 22:00:00+00:00
1748473200000,2.313,2.3537,2.3116,2.3299,893827.4,1748476800000,2085846.58766,15014,2025-05-28 23:00:00+00:00
1748476800000,2.3299,2.4364,2.3196,2.4335,2003596.8,1748480400000,4759933.4402,30084,2025-05-29 00:00:00+00:00
1748480400000,2.4334,2.45,2.3707,2.3908,1629835.9,1748484000000,3924005.22567,28495,2025-05-29 01:00:00+00:00
1748484000000,2.3909,2.4542,2.3528,2.4243,2455909.5,1748487600000,5890447.60257,31577,2025-05-29 02:00:00+00:00
1748487600000,2.4246,2.4285,2.3617,2.3743,1612286.6,1748491200000,3843271.68527,23461,2025-05-29 03:00:00+00:00
1748491200000,2.3743,2.3938,2.3035,2.3353,1396806.1,1748494800000,3269489.44456,25053,2025-05-29 04:00:00+00:00
1748494800000,2.3354,2.3928,2.3279,2.3784,1217872.8,1748498400000,2877879.8864,15375,2025-05-29 05:00:00+00:00
1748498400000,2.3782,2.3922,2.3646,2.3681,420898.9,1748502000000,1000703.62537,10455,2025-05-29 06:00:00+00:00
1748502000000,2.368,2.3809,2.3535,2.3542,488747.3,1748505600000,1156826.52648,9622,2025-05-29 07:00:00+00:00
1748505600000,2.3544,2.3728,2.3221,2.3712,1173990.5,1748509200000,2749637.19629,14068,2025-05-29 08:00:00+00:00
1748509200000,2.3713,2.3796,2.3548,2.3593,490345.3,1748512800000,1160305.62794,10472,2025-05-29 09:00:00+00:00
1748512800000,2.3597,2.363,2.3202,2.3463,763882.7,1748516400000,1785114.16332,11989,2025-05-29 10:00:00+00:00
1748516400000,2.3464,2.3476,2.3029,2.3143,756747.1,1748520000000,1755680.1853,11638,2025-05-29 11:00:00+00:00
1748520000000,2.3141,2.3272,2.2881,2.3029,998945.8,1748523600000,2303493.30049,14917,2025-05-29 12:00:00+00:00
1748523600000,2.3031,2.3228,2.2832,2.3067,765812.6,1748527200000,1766196.09822,15160,2025-05-29 13:00:00+00:00
1748527200000,2.306,2.3118,2.2,2.2873,3513420.5,1748530800000,7888119.2587,35858,2025-05-29 14:00:00+00:00
1748530800000,2.2873,2.2952,2.2291,2.241,1007471.8,1748534400000,2276288.08077,17032,2025-05-29 15:00:00+00:00
1748534400000,2.2413,2.2588,2.22,2.2306,1011941.6,1748538000000,2268796.89185,17406,2025-05-29 16:00:00+00:00
1748538000000,2.2305,2.2577,2.2196,2.2419,1070044.9,1748541600000,2396614.18765,16412,2025-05-29 17:00:00+00:00
1748541600000,2.242,2.2694,2.2244,2.2283,570837.7,1748545200000,1283355.07885,11320,2025-05-29 18:00:00+00:00
1748545200000,2.2283,2.2322,2.2047,2.2203,705277.7,1748548800000,1563967.66717,13897,2025-05-29 19:00:00+00:00
1748548800000,2.2201,2.2393,2.2185,2.2298,547775.6,1748552400000,1220933.54712,10149,2025-05-29 20:00:00+00:00
1748552400000,2.2294,2.2727,2.2285,2.2685,474817.9,1748556000000,1070045.18341,7103,2025-05-29 21:00:00+00:00
1748556000000,2.2686,2.2814,2.2531,2.2586,390274.8,1748559600000,884367.08577,8982,2025-05-29 22:00:00+00:00
1748559600000,2.2587,2.2645,2.2303,2.2547,615861.4,1748563200000,1383977.33027,11153,2025-05-29 23:00:00+00:00
1748563200000,2.2543,2.272,2.0911,2.1202,2888694.2,1748566800000,6244634.38657,40438,2025-05-30 00:00:00+00:00
1748566800000,2.1206,2.1748,2.1206,2.1507,2862055.8,1748570400000,6150339.92359,27853,2025-05-30 01:00:00+00:00
1748570400000,2.1504,2.2707,2.1484,2.2509,1389575.1,1748574000000,3078528.74829,14103,2025-05-30 02:00:00+00:00
1748574000000,2.2512,2.285,2.2426,2.2577,891911.0,1748577600000,2020127.0549,16309,2025-05-30 03:00:00+00:00
1748577600000,2.2575,2.2803,2.2351,2.2669,637945.4,1748581200000,1437999.23633,14058,2025-05-30 04:00:00+00:00
1748581200000,2.2669,2.3176,2.2643,2.2785,1554261.9,1748584800000,3564864.45581,19968,2025-05-30 05:00:00+00:00
1748584800000,2.2786,2.287,2.1814,2.213,1605996.5,1748588400000,3579363.97515,23119,2025-05-30 06:00:00+00:00
1748588400000,2.2131,2.2372,2.1882,2.1952,2213849.2,1748592000000,4899179.60181,24399,2025-05-30 07:00:00+00:00
1748592000000,2.1954,2.2193,2.1392,2.1529,2039745.7,1748595600000,4434510.44958,24584,2025-05-30 08:00:00+00:00
1748595600000,2.1529,2.1983,2.1139,2.188,1537601.7,1748599200000,3302282.50728,22966,2025-05-30 09:00:00+00:00
1748599200000,2.188,2.2013,2.1625,2.1901,901916.3,1748602800000,1967305.66886,18232,2025-05-30 10:00:00+00:00
1748602800000,2.1902,2.198,2.1405,2.1534,749522.1,1748606400000,1623843.48034,13029,2025-05-30 11:00:00+00:00
1748606400000,2.1535,2.1655,2.104,2.1226,1356392.6,1748610000000,2890010.56832,22354,2025-05-30 12:00:00+00:00
1748610000000,2.1231,2.1265,2.0718,2.086,1656905.9,1748613600000,3473104.16414,25563,2025-05-30 13:00:00+00:00
1748613600000,2.0859,2.1079,2.0436,2.0716,2602499.4,1748617200000,5390367.47892,36554,2025-05-30 14:00:00+00:00
1748617200000,2.0715,2.1001,2.0539,2.0555,1128894.1,1748620800000,2348026.93507,19507,2025-05-30 15:00:00+00:00
1748620800000,2.0555,2.0753,1.9962,2.0011,3451922.0,1748624400000,6980790.25511,41381,2025-05-30 16:00:00+00:00
1748624400000,2.0012,2.0328,1.9988,2.0322,996135.1,1748628000000,2008474.21213,20212,2025-05-30 17:00:00+00:00
1748628000000,2.0322,2.0994,2.0255,2.0944,1432898.8,1748631600000,2956816.96248,20452,2025-05-30 18:00:00+00:00
1748631600000,2.0942,2.0942,2.0646,2.0747,847751.6,1748635200000,1762791.40106,13973,2025-05-30 19:00:00+00:00
1748635200000,2.0745,2.0782,2.0565,2.0579,379976.4,1748638800000,785194.35371,9443,2025-05-30 20:00:00+00:00
1748638800000,2.0579,2.0668,2.0368,2.0425,243042.3,1748642400000,498648.84658,5451,2025-05-30 21:00:00+00:00
1748642400000,2.0426,2.0484,1.9428,1.9439,2116779.7,1748646000000,4217919.82637,26267,2025-05-30 22:00:00+00:00
1748646000000,1.9442,1.975,1.9286,1.9341,2528871.7,1748649600000,4934297.82446,41448,2025-05-30 23:00:00+00:00
1748649600000,1.9342,1.9423,1.8623,1.8774,3374075.6,1748653200000,6411607.44709,59771,2025-05-31 00:00:00+00:00
1748653200000,1.8774,1.8985,1.8219,1.8296,2756170.5,1748656800000,5102564.34371,56637,2025-05-31 01:00:00+00:00
1748656800000,1.8296,1.8653,1.8135,1.818,1580442.4,1748660400000,2907160.90723,30735,2025-05-31 02:00:00+00:00
1748660400000,1.8182,1.8762,1.8048,1.8501,1653569.7,1748664000000,3044197.12534,30571,2025-05-31 03:00:00+00:00
1748664000000,1.8501,1.9502,1.8389,1.9411,2086362.1,1748667600000,3955729.81161,33805,2025-05-31 04:00:00+00:00
1748667600000,1.9411,1.9973,1.9302,1.9518,2173399.8,1748671200000,4263903.86066,38487,2025-05-31 05:00:00+00:00
1748671200000,1.9519,1.9825,1.9431,1.9576,967124.6,1748674800000,1896089.75078,22564,2025-05-31 06:00:00+00:00
1748674800000,1.9575,2.054,1.9513,2.008,2588769.2,1748678400000,5211687.91519,31099,2025-05-31 07:00:00+00:00
1748678400000,2.008,2.0277,1.9616,1.9969,1852129.2,1748682000000,3688753.93558,28166,2025-05-31 08:00:00+00:00
1748682000000,1.9968,2.0234,1.9516,1.9763,1993749.0,1748685600000,3947663.31822,26445,2025-05-31 09:00:00+00:00
1748685600000,1.9764,2.01,1.9395,1.9851,2061487.6,1748689200000,4071708.8433,27938,2025-05-31 10:00:00+00:00
1748689200000,1.985,1.992,1.9457,1.9601,974533.1,1748692800000,1917191.28131,14474,2025-05-31 11:00:00+00:00
1748692800000,1.9601,2.0812,1.9554,2.0686,2670986.5,1748696400000,5384324.76412,32305,2025-05-31 12:00:00+00:00
1748696400000,2.0686,2.1021,2.0348,2.048,2743096.9,1748700000000,5687043.48494,42164,2025-05-31 13:00:00+00:00
1748700000000,2.0481,2.1055,2.0421,2.0665,2561978.6,1748703600000,5313656.62875,36334,2025-05-31 14:00:00+00:00
1748703600000,2.0664,2.0985,2.0387,2.0521,1570294.4,1748707200000,3249026.35061,25768,2025-05-31 15:00:00+00:00
1748707200000,2.0521,2.1437,2.0402,2.1222,2276080.4,1748710800000,4789364.77479,32449,2025-05-31 16:00:00+00:00
1748710800000,2.1222,2.1291,2.0643,2.0761,1643729.2,1748714400000,3446548.67481,24376,2025-05-31 17:00:00+00:00
1748714400000,2.0758,2.1076,2.0754,2.0879,907300.1,1748718000000,1898162.86622,13877,2025-05-31 18:00:00+00:00
1748718000000,2.088,2.1007,2.0735,2.0845,531508.6,1748721600000,1108204.39697,11595,2025-05-31 19:00:00+00:00
1748721600000,2.0844,2.0845,2.0511,2.0693,480616.3,1748725200000,993920.29644,9960,2025-05-31 20:00:00+00:00
1748725200000,2.0691,2.0832,2.0535,2.0574,535317.6,1748728800000,1106726.34342,8189,2025-05-31 21:00:00+00:00
1748728800000,2.0576,2.0612,2.0273,2.0273,487339.6,1748732400000,993663.39416,9548,2025-05-31 22:00:00+00:00
1748732400000,2.0278,2.0489,2.0101,2.0152,857965.2,1748736000000,1736196.28412,11458,2025-05-31 23:00:00+00:00
1748736000000,2.0152,2.0161,1.9729,1.9996,1595566.7,1748739600000,3175569.15946,18248,2025-06-01 00:00:00+00:00
1748739600000,1.9995,2.0147,1.9694,1.9837,1027321.8,1748743200000,2040863.14995,14705,2025-06-01 01:00:00+00:00
1748743200000,1.9836,2.0008,1.9482,1.9881,1214851.7,1748746800000,2394246.53926,20565,2025-06-01 02:00:00+00:00
1748746800000,1.9882,1.9947,1.9604,1.9769,589112.0,1748750400000,1164317.47213,11759,2025-06-01 03:00:00+00:00
1748750400000,1.9768,2.0103,1.968,1.99,777150.2,1748754000000,1545860.96155,13240,2025-06-01 04:00:00+00:00
1748754000000,1.9898,2.0065,1.9754,1.9851,454128.8,1748757600000,903331.09869,10339,2025-06-01 05:00:00+00:00
1748757600000,1.9845,1.9949,1.967,1.9713,475499.9,1748761200000,940367.50084,9639,2025-06-01 06:00:00+00:00
1748761200000,1.9711,1.9809,1.9539,1.9767,399207.7,1748764800000,784615.60548,9826,2025-06-01 07:00:00+00:00
1748764800000,1.9767,1.9834,1.9417,1.9469,694738.7,1748768400000,1357640.47645,13406,2025-06-01 08:00:00+00:00
1748768400000,1.9474,1.9592,1.892,1.9169,1599614.5,1748772000000,3072686.05537,24464,2025-06-01 09:00:00+00:00
1748772000000,1.917,1.9343,1.9075,1.9111,542208.5,1748775600000,1041346.35482,14387,2025-06-01 10:00:00+00:00
1748775600000,1.9112,1.9665,1.9006,1.9477,1048209.8,1748779200000,2035188.29384,15243,2025-06-01 11:00:00+00:00
1748779200000,1.9474,1.9645,1.9255,1.9335,709834.8,1748782800000,1379529.39314,14593,2025-06-01 12:00:00+00:00
1748782800000,1.9334,1.9721,1.9285,1.961,1320822.2,1748786400000,2587227.71991,18191,2025-06-01 13:00:00+00:00
1748786400000,1.961,2.0776,1.9607,2.029,4699966.0,1748790000000,9513091.03882,35103,2025-06-01 14:00:00+00:00
1748790000000,2.0288,2.0699,2.0276,2.0546,1055293.1,1748793600000,2161680.11308,17658,2025-06-01 15:00:00+00:00
1748793600000,2.0544,2.0887,2.0354,2.0506,1736425.5,1748797200000,3574123.13326,26042,2025-06-01 16:00:00+00:00
1748797200000,2.0503,2.0832,2.0397,2.077,658363.8,1748800800000,1353170.55617,13740,2025-06-01 17:00:00+00:00
1748800800000,2.0768,2.0778,1.9964,2.0238,998738.6,1748804400000,2022285.01836,18789,2025-06-01 18:00:00+00:00
1748804400000,2.0239,2.0673,2.0193,2.0642,526313.5,1748808000000,1074015.53255,10667,2025-06-01 19:00:00+00:00
1748808000000,2.0646,2.0792,2.039,2.0582,465758.0,1748811600000,958217.46137,10635,2025-06-01 20:00:00+00:00
1748811600000,2.0585,2.0858,2.0562,2.0826,361001.6,1748815200000,746604.97139,6786,2025-06-01 21:00:00+00:00
1748815200000,2.0824,2.1156,2.0553,2.0658,1075110.9,1748818800000,2246833.63551,17118,2025-06-01 22:00:00+00:00
1748818800000,2.0658,2.0861,2.0577,2.0644,494051.4,1748822400000,1022808.44369,9372,2025-06-01 23:00:00+00:00
1748822400000,2.0641,2.0698,2.0357,2.0401,607322.3,1748826000000,1244228.16395,13687,2025-06-02 00:00:00+00:00
1748826000000,2.0406,2.069,2.0244,2.0245,731077.1,1748829600000,1497623.48815,14173,2025-06-02 01:00:00+00:00
1748829600000,2.0245,2.029,2.0028,2.0087,566669.3,1748833200000,1141736.20289,10024,2025-06-02 02:00:00+00:00
1748833200000,2.0087,2.0147,1.9867,2.0026,744675.9,1748836800000,1489545.45999,10565,2025-06-02 03:00:00+00:00
1748836800000,2.0024,2.0037,1.9693,1.9749,609016.6,1748840400000,1209822.70402,10396,2025-06-02 04:00:00+00:00
1748840400000,1.9747,1.988,1.9597,1.9739,410826.9,1748844000000,809574.10997,8126,2025-06-02 05:00:00+00:00
1748844000000,1.9741,2.0152,1.9601,1.981,828877.5,1748847600000,1650658.42093,13311,2025-06-02 06:00:00+00:00
1748847600000,1.981,2.0124,1.9787,1.9981,756980.5,1748851200000,1511475.58117,15707,2025-06-02 07:00:00+00:00
1748851200000,1.998,2.0172,1.965,1.9746,728228.0,1748854800000,1449853.99222,17569,2025-06-02 08:00:00+00:00
1748854800000,1.9747,1.9755,1.9341,1.945,1171810.5,1748858400000,2285940.87688,20831,2025-06-02 09:00:00+00:00
1748858400000,1.945,1.9536,1.9315,1.9469,894119.5,1748862000000,1735305.96684,15357,2025-06-02 10:00:00+00:00
1748862000000,1.947,1.9624,1.9382,1.9486,601056.4,1748865600000,1172492.22591,12478,2025-06-02 11:00:00+00:00
1748865600000,1.9485,1.975,1.9341,1.971,729463.9,1748869200000,1426570.12081,13288,2025-06-02 12:00:00+00:00
1748869200000,1.9711,2.0073,1.9538,1.9556,1056600.9,1748872800000,2088298.53275,22669,2025-06-02 13:00:00+00:00
1748872800000,1.9554,1.9875,1.943,1.9601,1849352.7,1748876400000,3628307.46624,29565,2025-06-02 14:00:00+00:00
1748876400000,1.96,1.9809,1.9388,1.9513,887074.5,1748880000000,1733104.01376,17052,2025-06-02 15:00:00+00:00
1748880000000,1.9514,1.9593,1.9275,1.9534,1133900.1,1748883600000,2198787.90842,16567,2025-06-02 16:00:00+00:00
1748883600000,1.9531,1.9539,1.8856,1.9239,2729596.9,1748887200000,5249128.39468,21891,2025-06-02 17:00:00+00:00
1748887200000,1.9241,1.947,1.8971,1.9037,998915.1,1748890800000,1920490.0298,16808,2025-06-02 18:00:00+00:00
1748890800000,1.9038,1.9192,1.863,1.8707,1812813.4,1748894400000,3411364.91079,22013,2025-06-02 19:00:00+00:00
1748894400000,1.8711,1.9239,1.8711,1.9176,3003344.1,1748898000000,5731264.78231,22794,2025-06-02 20:00:00+00:00
1748898000000,1.9177,1.9543,1.914,1.9428,817983.8,1748901600000,1583466.41581,11426,2025-06-02 21:00:00+00:00
1748901600000,1.9425,1.9759,1.9418,1.9621,1175187.1,1748905200000,2303251.73146,23762,2025-06-02 22:00:00+00:00
1748905200000,1.9622,1.9984,1.9573,1.9741,1892131.0,1748908800000,3741029.16446,26921,2025-06-02 23:00:00+00:00
1748908800000,1.9742,2.0138,1.9454,1.9988,1913678.5,1748912400000,3798829.06101,34633,2025-06-03 00:00:00+00:00
1748912400000,1.9989,2.0827,1.9956,2.0722,1945954.8,1748916000000,3975575.61675,29629,2025-06-03 01:00:00+00:00
1748916000000,2.0723,2.08,1.9681,1.976,1603016.8,1748919600000,3236717.02316,23133,2025-06-03 02:00:00+00:00
1748919600000,1.976,1.9822,1.9495,1.9682,861289.2,1748923200000,1693671.87329,17152,2025-06-03 03:00:00+00:00
1748923200000,1.9683,1.9712,1.919,1.9284,1286408.4,1748926800000,2491200.18,19217,2025-06-03 04:00:00+00:00
1748926800000,1.9285,1.9613,1.9213,1.954,775384.7,1748930400000,1505765.71106,15296,2025-06-03 05:00:00+00:00
1748930400000,1.954,1.9776,1.9392,1.9762,499661.1,1748934000000,977080.45006,10812,2025-06-03 06:00:00+00:00
1748934000000,1.976,1.9778,1.9436,1.9512,490414.0,1748937600000,960376.90743,10935,2025-06-03 07:00:00+00:00
1748937600000,1.9513,1.9605,1.9189,1.9478,596108.1,1748941200000,1153926.18923,13087,2025-06-03 08:00:00+00:00
1748941200000,1.948,2.0336,1.947,2.0076,1674590.7,1748944800000,3329548.22864,22013,2025-06-03 09:00:00+00:00
1748944800000,2.0075,2.0175,1.9893,1.9953,932992.7,1748948400000,1869343.61476,16861,2025-06-03 10:00:00+00:00
1748948400000,1.9954,1.9986,1.9529,1.9806,1550279.8,1748952000000,3063111.64211,19780,2025-06-03 11:00:00+00:00
1748952000000,1.9807,2.0054,1.9697,1.9953,751288.8,1748955600000,1495555.96114,14682,2025-06-03 12:00:00+00:00
1748955600000,1.9954,2.0286,1.9796,1.9938,1536138.7,1748959200000,3078150.83791,25839,2025-06-03 13:00:00+00:00
1748959200000,1.9938,2.0514,1.9813,2.0465,1596172.9,1748962800000,3228563.98952,30146,2025-06-03 14:00:00+00:00
1748962800000,2.0465,2.0581,2.0051,2.011,1116249.9,1748966400000,2259709.41607,19033,2025-06-03 15:00:00+00:00
1748966400000,2.011,2.0149,1.9692,1.9711,787604.2,1748970000000,1566558.63401,19466,2025-06-03 16:00:00+00:00
1748970000000,1.971,2.0058,1.9687,1.9875,546153.1,1748973600000,1085345.51223,12335,2025-06-03 17:00:00+00:00
1748973600000,1.9874,1.9896,1.9666,1.9751,393844.4,1748977200000,777938.23504,10586,2025-06-03 18:00:00+00:00
1748977200000,1.9751,2.008,1.972,1.9821,514383.8,1748980800000,1022731.4315,10858,2025-06-03 19:00:00+00:00
1748980800000,1.9825,2.0202,1.9394,1.9627,1617873.7,1748984400000,3210744.41775,22719,2025-06-03 20:00:00+00:00
1748984400000,1.9625,1.9787,1.9219,1.9301,733475.7,1748988000000,1426058.75428,12040,2025-06-03 21:00:00+00:00
1748988000000,1.9302,1.9633,1.9239,1.948,724729.8,1748991600000,1409591.88312,12269,2025-06-03 22:00:00+00:00
1748991600000,1.9479,1.9605,1.9264,1.9408,1594248.5,1748995200000,3098322.62043,17673,2025-06-03 23:00:00+00:00
1748995200000,1.9408,1.9713,1.9185,1.9699,1249846.9,1748998800000,2419283.06265,18221,2025-06-04 00:00:00+00:00
1748998800000,1.97,1.9836,1.9523,1.9569,632197.0,1749002400000,1245494.59344,14428,2025-06-04 01:00:00+00:00
1749002400000,1.9571,1.9761,1.9463,1.9485,409342.5,1749006000000,803419.07524,10224,2025-06-04 02:00:00+00:00
1749006000000,1.9484,1.9763,1.9446,1.9654,1258387.5,1749009600000,2469004.86446,14937,2025-06-04 03:00:00+00:00
1749009600000,1.9654,1.9681,1.9255,1.9344,2584848.6,1749013200000,5038888.40011,20826,2025-06-04 04:00:00+00:00
1749013200000,1.9345,1.9494,1.9271,1.9304,785350.8,1749016800000,1520219.51079,13814,2025-06-04 05:00:00+00:00
1749016800000,1.9307,1.9402,1.9169,1.923,357618.3,1749020400000,688925.0212,8024,2025-06-04 06:00:00+00:00
1749020400000,1.9231,1.9305,1.9019,1.9213,429250.0,1749024000000,821916.4149,9403,2025-06-04 07:00:00+00:00
1749024000000,1.9218,1.9465,1.9209,1.9254,843739.6,1749027600000,1632383.77195,13231,2025-06-04 08:00:00+00:00
1749027600000,1.9253,1.9437,1.9063,1.9381,699185.7,1749031200000,1344088.94647,11343,2025-06-04 09:00:00+00:00
1749031200000,1.938,1.95,1.918,1.9239,453955.6,1749034800000,876588.6934,9875,2025-06-04 10:00:00+00:00
1749034800000,1.9238,1.931,1.8677,1.8779,2019841.7,1749038400000,3820877.89112,18041,2025-06-04 11:00:00+00:00
1749038400000,1.878,1.8833,1.8453,1.8649,1466832.1,1749042000000,2730365.51092,19579,2025-06-04 12:00:00+00:00
1749042000000,1.8649,1.8956,1.8574,1.8723,1039312.5,1749045600000,1949069.03145,15529,2025-06-04 13:00:00+00:00
1749045600000,1.8722,1.8901,1.854,1.8884,1145783.6,1749049200000,2141041.33596,17562,2025-06-04 14:00:00+00:00
1749049200000,1.8884,1.9012,1.8735,1.88,940487.8,1749052800000,1774870.00187,16774,2025-06-04 15:00:00+00:00
1749052800000,1.8802,1.8842,1.8322,1.8451,991180.8,1749056400000,1833644.97939,15380,2025-06-04 16:00:00+00:00
1749056400000,1.845,1.845,1.8072,1.8249,1289383.7,1749060000000,2347810.19585,15531,2025-06-04 17:00:00+00:00
1749060000000,1.8249,1.8553,1.8143,1.8191,1439937.5,1749063600000,2644890.36169,14308,2025-06-04 18:00:00+00:00
1749063600000,1.8188,1.8245,1.773,1.773,930819.0,1749067200000,1670331.61575,13080,2025-06-04 19:00:00+00:00
1749067200000,1.773,1.7802,1.6911,1.7147,3567360.6,1749070800000,6146781.06684,26601,2025-06-04 20:00:00+00:00
1749070800000,1.7145,1.7683,1.6954,1.7546,2680918.1,1749074400000,4664373.04362,21161,2025-06-04 21:00:00+00:00
1749074400000,1.755,1.781,1.7531,1.7706,1646103.9,1749078000000,2911754.01076,23573,2025-06-04 22:00:00+00:00
1749078000000,1.7705,1.7935,1.7531,1.7854,660276.4,1749081600000,1169512.05507,15637,2025-06-04 23:00:00+00:00
1749081600000,1.7849,1.7921,1.7662,1.7714,1301864.1,1749085200000,2318863.51479,19301,2025-06-05 00:00:00+00:00
1749085200000,1.7714,1.8204,1.7705,1.7991,1925295.1,1749088800000,3458958.75883,22242,2025-06-05 01:00:00+00:00
1749088800000,1.7991,1.8487,1.7985,1.8147,1225746.3,1749092400000,2241291.09214,23912,2025-06-05 02:00:00+00:00
1749092400000,1.8146,1.8313,1.8058,1.8236,592939.9,1749096000000,1076060.02557,13738,2025-06-05 03:00:00+00:00
1749096000000,1.8237,1.8472,1.8045,1.8415,760160.2,1749099600000,1390508.49208,13769,2025-06-05 04:00:00+00:00
1749099600000,1.8416,1.8429,1.8068,1.8169,1110604.8,1749103200000,2025113.77661,17011,2025-06-05 05:00:00+00:00
1749103200000,1.8169,1.8234,1.7771,1.7771,765256.3,1749106800000,1378124.01051,13881,2025-06-05 06:00:00+00:00
1749106800000,1.7771,1.7848,1.7556,1.7691,1333751.4,1749110400000,2361287.06174,18765,2025-06-05 07:00:00+00:00
1749110400000,1.7692,1.7818,1.7603,1.7809,604472.5,1749114000000,1070200.26353,16390,2025-06-05 08:00:00+00:00
1749114000000,1.7808,1.7884,1.7439,1.7593,729376.5,1749117600000,1283313.27583,13182,2025-06-05 09:00:00+00:00
1749117600000,1.7592,1.7689,1.7249,1.7352,719343.8,1749121200000,1250911.72244,11994,2025-06-05 10:00:00+00:00
1749121200000,1.7353,1.7425,1.7171,1.7403,946922.0,1749124800000,1637239.23519,14222,2025-06-05 11:00:00+00:00
1749124800000,1.7403,1.8103,1.7236,1.7943,2752192.0,1749128400000,4868362.59611,37305,2025-06-05 12:00:00+00:00
1749128400000,1.7942,1.8156,1.7209,1.7337,2097372.4,1749132000000,3719305.77067,34504,2025-06-05 13:00:00+00:00
1749132000000,1.7339,1.7624,1.7025,1.7511,2931418.8,1749135600000,5071446.77547,35996,2025-06-05 14:00:00+00:00
1749135600000,1.7509,1.7573,1.7313,1.7363,1001225.4,1749139200000,1749119.85599,18431,2025-06-05 15:00:00+00:00
1749139200000,1.7363,1.7435,1.698,1.7151,1106402.7,1749142800000,1895608.56764,22099,2025-06-05 16:00:00+00:00
1749142800000,1.7152,1.7308,1.7048,1.7244,990424.8,1749146400000,1702899.13137,18320,2025-06-05 17:00:00+00:00
1749146400000,1.7243,1.7274,1.677,1.6855,1959894.4,1749150000000,3318479.73358,32962,2025-06-05 18:00:00+00:00
1749150000000,1.6856,1.6982,1.6339,1.681,2441304.1,1749153600000,4062235.7165,43693,2025-06-05 19:00:00+00:00
1749153600000,1.6812,1.6921,1.6071,1.6178,3105575.5,1749157200000,5090197.96221,61279,2025-06-05 20:00:00+00:00
1749157200000,1.618,1.6833,1.6158,1.676,1666667.6,1749160800000,2751751.6457,24045,2025-06-05 21:00:00+00:00
1749160800000,1.6758,1.6883,1.6573,1.6738,1166157.8,1749164400000,1946910.64042,22030,2025-06-05 22:00:00+00:00
1749164400000,1.6738,1.6814,1.6475,1.6539,807186.7,1749168000000,1341904.67307,15851,2025-06-05 23:00:00+00:00
1749168000000,1.654,1.6718,1.6415,1.6579,1028289.1,1749171600000,1703785.90739,19452,2025-06-06 00:00:00+00:00
1749171600000,1.6578,1.6601,1.6192,1.6272,2111933.1,1749175200000,3454289.97014,22043,2025-06-06 01:00:00+00:00
1749175200000,1.6272,1.671,1.6236,1.6589,1136059.1,1749178800000,1866124.99427,19148,2025-06-06 02:00:00+00:00
1749178800000,1.659,1.6989,1.6467,1.6854,1141322.0,1749182400000,1910779.26728,18677,2025-06-06 03:00:00+00:00
1749182400000,1.6851,1.6981,1.6688,1.687,671091.0,1749186000000,1129243.7937,14442,2025-06-06 04:00:00+00:00
1749186000000,1.6869,1.7009,1.6748,1.6867,374011.8,1749189600000,630850.33399,9630,2025-06-06 05:00:00+00:00
1749189600000,1.6863,1.7098,1.6823,1.6866,974794.6,1749193200000,1651273.80297,14920,2025-06-06 06:00:00+00:00
1749193200000,1.6867,1.6936,1.6665,1.6772,1836768.6,1749196800000,3084345.35959,20144,2025-06-06 07:00:00+00:00
1749196800000,1.6772,1.7218,1.675,1.7181,1034102.1,1749200400000,1757108.40889,14101,2025-06-06 08:00:00+00:00
1749200400000,1.7182,1.723,1.7002,1.703,1547647.8,1749204000000,2651691.06052,22465,2025-06-06 09:00:00+00:00
1749204000000,1.7028,1.7297,1.7011,1.7251,1348905.6,1749207600000,2317270.69976,17728,2025-06-06 10:00:00+00:00
1749207600000,1.7251,1.7721,1.7222,1.7251,3900840.9,1749211200000,6797671.26926,46139,2025-06-06 11:00:00+00:00
1749211200000,1.7252,1.7845,1.7245,1.7562,3830094.3,1749214800000,6725767.71998,51175,2025-06-06 12:00:00+00:00
1749214800000,1.7564,1.8078,1.7564,1.7911,2360014.8,1749218400000,4206040.31579,38246,2025-06-06 13:00:00+00:00
1749218400000,1.7909,1.8318,1.7741,1.8295,1462971.9,1749222000000,2624239.31437,28553,2025-06-06 14:00:00+00:00
1749222000000,1.8291,1.8698,1.8009,1.8356,3318717.6,1749225600000,6096405.57964,42923,2025-06-06 15:00:00+00:00
1749225600000,1.8359,1.9,1.8316,1.8581,4098387.6,1749229200000,7617972.57555,54098,2025-06-06 16:00:00+00:00
1749229200000,1.8581,1.86,1.785,1.8139,2961499.7,1749232800000,5365648.51359,34307,2025-06-06 17:00:00+00:00
1749232800000,1.8142,1.8181,1.7837,1.7841,1285379.2,1749236400000,2314572.42199,21726,2025-06-06 18:00:00+00:00
1749236400000,1.7837,1.8159,1.7823,1.8037,903635.0,1749240000000,1624571.60988,15842,2025-06-06 19:00:00+00:00
1749240000000,1.8038,1.8351,1.7972,1.8183,800293.2,1749243600000,1457288.57759,14603,2025-06-06 20:00:00+00:00
1749243600000,1.8186,1.8253,1.7946,1.8199,493337.7,1749247200000,893873.06057,5923,2025-06-06 21:00:00+00:00
1749247200000,1.8199,1.8411,1.7964,1.839,819129.6,1749250800000,1487094.18795,10482,2025-06-06 22:00:00+00:00
1749250800000,1.8391,1.8592,1.8202,1.8569,1289040.0,1749254400000,2371983.16069,19149,2025-06-06 23:00:00+00:00
1749254400000,1.8569,1.8827,1.8171,1.8817,4383989.4,1749258000000,8108717.44979,52863,2025-06-07 00:00:00+00:00
1749258000000,1.8817,1.887,1.8286,1.8288,1868882.5,1749261600000,3481497.56639,24449,2025-06-07 01:00:00+00:00
1749261600000,1.8288,1.8806,1.825,1.8649,640910.3,1749265200000,1187590.73898,13105,2025-06-07 02:00:00+00:00
1749265200000,1.8648,1.887,1.8447,1.8743,862707.1,1749268800000,1613401.67844,16853,2025-06-07 03:00:00+00:00
1749268800000,1.8744,1.8832,1.8496,1.8744,770273.7,1749272400000,1438136.37122,14451,2025-06-07 04:00:00+00:00
1749272400000,1.8747,1.8876,1.8598,1.8741,703031.7,1749276000000,1318200.49656,11747,2025-06-07 05:00:00+00:00
1749276000000,1.8741,1.8786,1.8528,1.8659,1771013.7,1749279600000,3310534.16541,20108,2025-06-07 06:00:00+00:00
1749279600000,1.866,1.9192,1.8515,1.917,2722464.3,1749283200000,5110818.44708,29672,2025-06-07 07:00:00+00:00
1749283200000,1.917,1.9192,1.8446,1.8484,1058993.0,1749286800000,1987836.47585,19799,2025-06-07 08:00:00+00:00
1749286800000,1.8485,1.862,1.8377,1.8407,519161.3,1749290400000,960843.10203,9897,2025-06-07 09:00:00+00:00
1749290400000,1.8407,1.8588,1.8381,1.8492,1261035.4,1749294000000,2329015.05894,17906,2025-06-07 10:00:00+00:00
1749294000000,1.8492,1.854,1.8389,1.8436,352601.9,1749297600000,651794.46739,7058,2025-06-07 11:00:00+00:00
1749297600000,1.844,1.8621,1.833,1.8342,417417.2,1749301200000,770936.66609,9354,2025-06-07 12:00:00+00:00
1749301200000,1.834,1.858,1.8297,1.8396,594144.9,1749304800000,1095777.1938,9315,2025-06-07 13:00:00+00:00
1749304800000,1.8397,1.8526,1.8323,1.8462,385865.3,1749308400000,710662.06468,7690,2025-06-07 14:00:00+00:00
1749308400000,1.8461,1.8478,1.8295,1.8374,1135324.1,1749312000000,2089418.91477,16545,2025-06-07 15:00:00+00:00
1749312000000,1.8375,1.8425,1.8056,1.8159,786925.4,1749315600000,1432877.45359,11322,2025-06-07 16:00:00+00:00
1749315600000,1.8158,1.8276,1.8038,1.8101,396511.9,1749319200000,719431.3569,8180,2025-06-07 17:00:00+00:00
1749319200000,1.81,1.8296,1.8093,1.8249,236946.5,1749322800000,431350.93559,6452,2025-06-07 18:00:00+00:00
1749322800000,1.8249,1.8448,1.8246,1.8318,346823.8,1749326400000,636444.56143,5785,2025-06-07 19:00:00+00:00
1749326400000,1.8318,1.835,1.8225,1.8252,142391.3,1749330000000,260339.27808,3878,2025-06-07 20:00:00+00:00
1749330000000,1.8252,1.8342,1.8232,1.831,126922.4,1749333600000,232072.33681,2720,2025-06-07 21:00:00+00:00
1749333600000,1.8309,1.8413,1.8268,1.8329,190068.4,1749337200000,348596.52245,5133,2025-06-07 22:00:00+00:00
1749337200000,1.833,1.8334,1.8175,1.8278,309985.1,1749340800000,565245.31858,6762,2025-06-07 23:00:00+00:00
1749340800000,1.8281,1.8298,1.8005,1.8106,910999.9,1749344400000,1651818.97214,12077,2025-06-08 00:00:00+00:00
1749344400000,1.8105,1.8386,1.8049,1.8351,423914.7,1749348000000,773173.22348,8473,2025-06-08 01:00:00+00:00
1749348000000,1.8351,1.8355,1.8138,1.8143,334742.8,1749351600000,610237.82953,6344,2025-06-08 02:00:00+00:00
1749351600000,1.8143,1.8159,1.8014,1.8079,283705.7,1749355200000,513140.47119,6180,2025-06-08 03:00:00+00:00
1749355200000,1.808,1.8212,1.8019,1.8079,290748.1,1749358800000,526793.37325,5393,2025-06-08 04:00:00+00:00
1749358800000,1.8079,1.8084,1.7768,1.7832,634824.8,1749362400000,1136940.1996,7230,2025-06-08 05:00:00+00:00
1749362400000,1.7832,1.7944,1.7773,1.7848,242522.4,1749366000000,433093.19586,5516,2025-06-08 06:00:00+00:00
1749366000000,1.7847,1.7867,1.7581,1.7634,417056.0,1749369600000,738384.4651,7173,2025-06-08 07:00:00+00:00
1749369600000,1.7635,1.783,1.7627,1.778,308008.2,1749373200000,546671.94566,5920,2025-06-08 08:00:00+00:00
1749373200000,1.7779,1.7804,1.7533,1.7599,499890.1,1749376800000,881770.42337,8066,2025-06-08 09:00:00+00:00
1749376800000,1.76,1.7772,1.7484,1.77,474407.9,1749380400000,836171.90783,8384,2025-06-08 10:00:00+00:00
1749380400000,1.7701,1.8005,1.7695,1.7959,392667.7,1749384000000,701802.53507,8646,2025-06-08 11:00:00+00:00
1749384000000,1.7959,1.8018,1.7737,1.7864,405538.2,1749387600000,725072.13664,7961,2025-06-08 12:00:00+00:00
1749387600000,1.7863,1.8025,1.7715,1.7735,474319.4,1749391200000,848056.52396,9002,2025-06-08 13:00:00+00:00
1749391200000,1.7734,1.7916,1.771,1.7893,322749.5,1749394800000,574806.68956,7536,2025-06-08 14:00:00+00:00
1749394800000,1.7894,1.8061,1.7875,1.7997,460136.3,1749398400000,827597.54092,10268,2025-06-08 15:00:00+00:00
1749398400000,1.7996,1.8415,1.7977,1.8347,761805.0,1749402000000,1388106.01292,14335,2025-06-08 16:00:00+00:00
1749402000000,1.8351,1.858,1.8301,1.8307,548385.3,1749405600000,1011867.70281,11383,2025-06-08 17:00:00+00:00
1749405600000,1.8307,1.8744,1.8238,1.8641,427291.6,1749409200000,790809.49129,9461,2025-06-08 18:00:00+00:00
1749409200000,1.8642,1.8705,1.8468,1.8641,447812.6,1749412800000,833022.6094,7924,2025-06-08 19:00:00+00:00
1749412800000,1.864,1.8838,1.8591,1.8752,2352377.2,1749416400000,4409126.00874,16577,2025-06-08 20:00:00+00:00
1749416400000,1.8752,1.89,1.8604,1.8676,435741.2,1749420000000,815829.03708,5767,2025-06-08 21:00:00+00:00
1749420000000,1.8675,1.8696,1.8225,1.8259,622281.8,1749423600000,1146869.27996,9457,2025-06-08 22:00:00+00:00
1749423600000,1.826,1.8333,1.8145,1.8253,521603.6,1749427200000,950882.18839,8712,2025-06-08 23:00:00+00:00
1749427200000,1.8254,1.8371,1.8073,1.826,885473.2,1749430800000,1614533.80783,11600,2025-06-09 00:00:00+00:00
1749430800000,1.8261,1.8289,1.7986,1.8031,665172.8,1749434400000,1204478.6871,7469,2025-06-09 01:00:00+00:00
1749434400000,1.803,1.8172,1.793,1.7962,309641.4,1749438000000,558513.99415,6316,2025-06-09 02:00:00+00:00
1749438000000,1.7962,1.8002,1.7815,1.7986,468204.9,1749441600000,837581.7939,6473,2025-06-09 03:00:00+00:00
1749441600000,1.7985,1.8084,1.7835,1.7855,344225.5,1749445200000,618747.97956,6243,2025-06-09 04:00:00+00:00
1749445200000,1.7856,1.7881,1.7704,1.7752,287812.2,1749448800000,511918.98142,5838,2025-06-09 05:00:00+00:00
1749448800000,1.7753,1.8017,1.7641,1.798,536388.0,1749452400000,954187.86727,7390,2025-06-09 06:00:00+00:00
1749452400000,1.7981,1.7988,1.7703,1.794,384005.9,1749456000000,684242.81736,6127,2025-06-09 07:00:00+00:00
1749456000000,1.794,1.8252,1.7744,1.8241,693297.0,1749459600000,1244390.32573,8571,2025-06-09 08:00:00+00:00
1749459600000,1.8239,1.8849,1.8099,1.8503,1673154.2,1749463200000,3106421.72034,23294,2025-06-09 09:00:00+00:00
1749463200000,1.8507,1.8909,1.85,1.8726,1658363.8,1749466800000,3101829.50517,21175,2025-06-09 10:00:00+00:00
1749466800000,1.8727,1.9576,1.8587,1.9188,3313436.2,1749470400000,6331721.50489,47755,2025-06-09 11:00:00+00:00
1749470400000,1.9191,1.93,1.8901,1.9094,1223511.2,1749474000000,2333197.27444,19102,2025-06-09 12:00:00+00:00
1749474000000,1.9092,1.9114,1.8601,1.8643,3460165.3,1749477600000,6526522.6132,36540,2025-06-09 13:00:00+00:00
1749477600000,1.8643,1.9083,1.8547,1.892,2217662.7,1749481200000,4162504.36287,32931,2025-06-09 14:00:00+00:00
1749481200000,1.892,1.9182,1.8885,1.9082,1007091.4,1749484800000,1920719.11204,15376,2025-06-09 15:00:00+00:00
1749484800000,1.9081,1.9551,1.9079,1.9243,1884936.4,1749488400000,3641756.8264,24522,2025-06-09 16:00:00+00:00
1749488400000,1.9242,1.94,1.9196,1.9257,1678252.9,1749492000000,3233495.21323,14788,2025-06-09 17:00:00+00:00
1749492000000,1.926,1.9363,1.921,1.9346,361272.2,1749495600000,697046.81139,8671,2025-06-09 18:00:00+00:00
1749495600000,1.9345,1.9357,1.9033,1.9062,782168.3,1749499200000,1501710.02249,12012,2025-06-09 19:00:00+00:00
1749499200000,1.9064,1.9192,1.9059,1.9146,291703.3,1749502800000,557856.13871,5287,2025-06-09 20:00:00+00:00
1749502800000,1.9146,1.9854,1.9146,1.9561,2381325.9,1749506400000,4632268.46898,20706,2025-06-09 21:00:00+00:00
1749506400000,1.9563,2.04,1.9563,2.0117,2432953.3,1749510000000,4861778.15463,40879,2025-06-09 22:00:00+00:00
1749510000000,2.0116,2.019,1.9854,2.0123,939714.9,1749513600000,1880416.62812,15303,2025-06-09 23:00:00+00:00
1749513600000,2.0122,2.05,1.9968,1.9996,2102000.2,1749517200000,4249877.19006,24541,2025-06-10 00:00:00+00:00
1749517200000,1.9994,2.0073,1.9878,1.9961,613363.9,1749520800000,1224881.55127,9830,2025-06-10 01:00:00+00:00
1749520800000,1.996,1.996,1.965,1.9781,704513.1,1749524400000,1394867.33267,12063,2025-06-10 02:00:00+00:00
1749524400000,1.9783,1.9812,1.9593,1.9717,435879.9,1749528000000,858379.16107,7349,2025-06-10 03:00:00+00:00
1749528000000,1.9718,1.9854,1.9574,1.9657,294629.9,1749531600000,579857.99028,6105,2025-06-10 04:00:00+00:00
1749531600000,1.9656,1.9774,1.9387,1.9473,556271.0,1749535200000,1087558.73672,9833,2025-06-10 05:00:00+00:00
1749535200000,1.9475,1.9738,1.9311,1.9684,717410.5,1749538800000,1399709.30817,9321,2025-06-10 06:00:00+00:00
1749538800000,1.9685,1.9824,1.9554,1.9713,732403.2,1749542400000,1440718.29863,10435,2025-06-10 07:00:00+00:00
1749542400000,1.9716,1.9754,1.9521,1.9652,425814.4,1749546000000,837235.07695,8752,2025-06-10 08:00:00+00:00
1749546000000,1.9652,1.9976,1.9562,1.9956,670239.2,1749549600000,1325170.07502,12210,2025-06-10 09:00:00+00:00
1749549600000,1.9957,2.0065,1.9662,1.9875,620554.1,1749553200000,1233690.48953,10715,2025-06-10 10:00:00+00:00
1749553200000,1.9877,2.0936,1.9672,2.0782,2159418.3,1749556800000,4419386.50953,28098,2025-06-10 11:00:00+00:00
1749556800000,2.078,2.1361,2.0572,2.1199,1877106.8,1749560400000,3943141.07584,27731,2025-06-10 12:00:00+00:00
1749560400000,2.1199,2.1337,2.0484,2.0808,1753281.6,1749564000000,3664768.31724,27273,2025-06-10 13:00:00+00:00
1749564000000,2.0806,2.085,2.0155,2.0262,1342346.5,1749567600000,2744143.20561,26490,2025-06-10 14:00:00+00:00
1749567600000,2.026,2.05,2.0025,2.0374,1151967.8,1749571200000,2337314.05,21064,2025-06-10 15:00:00+00:00
1749571200000,2.0381,2.0493,2.0189,2.0204,388403.2,1749574800000,790430.0628,8642,2025-06-10 16:00:00+00:00
1749574800000,2.0203,2.0471,2.0186,2.0409,273858.3,1749578400000,556844.79095,7422,2025-06-10 17:00:00+00:00
1749578400000,2.0411,2.0763,2.0307,2.0696,422022.2,1749582000000,867200.96319,9554,2025-06-10 18:00:00+00:00
1749582000000,2.0699,2.0969,2.0396,2.0527,819758.5,1749585600000,1695212.66614,17191,2025-06-10 19:00:00+00:00
1749585600000,2.0526,2.0908,2.0324,2.0879,552706.4,1749589200000,1138172.81834,11824,2025-06-10 20:00:00+00:00
1749589200000,2.088,2.0913,2.0449,2.0718,497008.1,1749592800000,1026709.73578,8586,2025-06-10 21:00:00+00:00
1749592800000,2.0719,2.1095,2.0698,2.0911,633999.4,1749596400000,1327210.55735,15148,2025-06-10 22:00:00+00:00
1749596400000,2.0912,2.1092,2.0742,2.1071,448777.3,1749600000000,938477.99882,10787,2025-06-10 23:00:00+00:00
1749600000000,2.1071,2.1204,2.0596,2.0625,814556.5,1749603600000,1701254.53757,14861,2025-06-11 00:00:00+00:00
1749603600000,2.0628,2.0679,2.0469,2.0606,450667.3,1749607200000,926073.28048,9129,2025-06-11 01:00:00+00:00
1749607200000,2.0613,2.0847,2.0554,2.0702,376716.5,1749610800000,779288.07889,7751,2025-06-11 02:00:00+00:00
1749610800000,2.0699,2.145,2.0688,2.1345,1555081.3,1749614400000,3307164.55427,16957,2025-06-11 03:00:00+00:00
1749614400000,2.1348,2.1348,2.0902,2.0946,508834.6,1749618000000,1070921.56011,10755,2025-06-11 04:00:00+00:00
1749618000000,2.0951,2.125,2.0928,2.1022,280524.0,1749621600000,591709.3916,7506,2025-06-11 05:00:00+00:00
1749621600000,2.1027,2.1125,2.0921,2.1015,369979.5,1749625200000,777878.59702,8828,2025-06-11 06:00:00+00:00
1749625200000,2.1018,2.125,2.0915,2.1055,325110.9,1749628800000,685626.65765,8747,2025-06-11 07:00:00+00:00
1749628800000,2.1056,2.1236,2.07,2.0729,603598.4,1749632400000,1261398.18143,11048,2025-06-11 08:00:00+00:00
1749632400000,2.0731,2.0863,2.0551,2.0588,401204.8,1749636000000,830798.35834,10143,2025-06-11 09:00:00+00:00
1749636000000,2.0587,2.0823,2.0471,2.0823,409701.1,1749639600000,845698.46267,7910,2025-06-11 10:00:00+00:00
1749639600000,2.0824,2.0855,2.061,2.0834,393038.2,1749643200000,813480.02415,6741,2025-06-11 11:00:00+00:00
1749643200000,2.0835,2.15,2.0526,2.147,2182862.9,1749646800000,4593879.60383,37023,2025-06-11 12:00:00+00:00
1749646800000,2.1467,2.1814,2.132,2.1669,1485702.0,1749650400000,3208839.47559,29685,2025-06-11 13:00:00+00:00
1749650400000,2.1671,2.2576,2.1551,2.2357,2315605.6,1749654000000,5128071.6178,38697,2025-06-11 14:00:00+00:00
1749654000000,2.2356,2.2511,2.2134,2.2336,1005535.1,1749657600000,2245988.64841,22188,2025-06-11 15:00:00+00:00
1749657600000,2.2335,2.2473,2.2045,2.2272,1043736.0,1749661200000,2320073.41671,20345,2025-06-11 16:00:00+00:00
1749661200000,2.2268,2.3227,2.2198,2.2723,2834458.7,1749664800000,6477504.04978,39501,2025-06-11 17:00:00+00:00
1749664800000,2.2724,2.2929,2.2098,2.2144,1619900.7,1749668400000,3644312.59518,32588,2025-06-11 18:00:00+00:00
1749668400000,2.2146,2.2182,2.1538,2.166,2138032.5,1749672000000,4669989.44881,30981,2025-06-11 19:00:00+00:00
1749672000000,2.1656,2.2012,2.148,2.1716,1075201.7,1749675600000,2339695.08622,19077,2025-06-11 20:00:00+00:00
1749675600000,2.1718,2.2002,2.1122,2.1149,856984.5,1749679200000,1843259.57169,12394,2025-06-11 21:00:00+00:00
1749679200000,2.1148,2.1253,2.0739,2.0921,1521047.1,1749682800000,3186545.0442,25916,2025-06-11 22:00:00+00:00
1749682800000,2.092,2.1168,2.0854,2.111,820458.1,1749686400000,1723651.49194,11961,2025-06-11 23:00:00+00:00
1749686400000,2.1112,2.1136,2.0652,2.0987,812535.0,1749690000000,1699754.9429,15658,2025-06-12 00:00:00+00:00
1749690000000,2.0987,2.1044,2.0581,2.0837,729581.3,1749693600000,1515620.60872,14368,2025-06-12 01:00:00+00:00
1749693600000,2.0836,2.0938,2.0612,2.0729,556236.6,1749697200000,1153112.75354,10912,2025-06-12 02:00:00+00:00
1749697200000,2.0732,2.0755,2.0434,2.0541,660791.0,1749700800000,1360656.9028,11836,2025-06-12 03:00:00+00:00
1749700800000,2.0543,2.0657,2.0254,2.0512,1074675.2,1749704400000,2194580.21599,15048,2025-06-12 04:00:00+00:00
1749704400000,2.0512,2.0723,2.0305,2.0655,576747.5,1749708000000,1187223.94097,10857,2025-06-12 05:00:00+00:00
1749708000000,2.0656,2.068,2.0346,2.0596,447217.8,1749711600000,919106.91727,9346,2025-06-12 06:00:00+00:00
1749711600000,2.0596,2.0686,2.0307,2.0464,471049.1,1749715200000,964880.08854,10481,2025-06-12 07:00:00+00:00
1749715200000,2.0462,2.0871,2.0282,2.0836,837701.3,1749718800000,1728893.50865,19339,2025-06-12 08:00:00+00:00
1749718800000,2.0838,2.1,2.0689,2.0915,1689150.2,1749722400000,3528267.37097,34986,2025-06-12 09:00:00+00:00
1749722400000,2.0913,2.0999,2.0671,2.096,1609151.7,1749726000000,3360260.5762,32950,2025-06-12 10:00:00+00:00
1749726000000,2.096,2.0963,2.0417,2.0643,1534905.8,1749729600000,3158819.95375,23033,2025-06-12 11:00:00+00:00
1749729600000,2.0643,2.1565,2.0276,2.058,3898618.8,1749733200000,8146799.71464,52389,2025-06-12 12:00:00+00:00
1749733200000,2.058,2.0872,2.0233,2.0667,2624761.7,1749736800000,5394938.25653,34556,2025-06-12 13:00:00+00:00
1749736800000,2.0666,2.1124,2.0513,2.0963,1736441.7,1749740400000,3613989.79219,23601,2025-06-12 14:00:00+00:00
1749740400000,2.0967,2.1051,1.9961,2.0089,2321993.7,1749744000000,4738749.55091,29606,2025-06-12 15:00:00+00:00
1749744000000,2.009,2.04,2.0039,2.0262,2625637.7,1749747600000,5323961.6036,28712,2025-06-12 16:00:00+00:00
1749747600000,2.0262,2.0531,2.0212,2.0326,835374.6,1749751200000,1704408.78828,14877,2025-06-12 17:00:00+00:00
1749751200000,2.0328,2.0343,1.9382,1.9596,1994168.1,1749754800000,3929262.32471,30023,2025-06-12 18:00:00+00:00
1749754800000,1.9596,1.9684,1.884,1.9119,2088439.2,1749758400000,4010120.1478,30199,2025-06-12 19:00:00+00:00
1749758400000,1.9118,1.9226,1.8584,1.875,1356112.4,1749762000000,2563303.9465,27481,2025-06-12 20:00:00+00:00
1749762000000,1.875,1.9014,1.8696,1.8764,795115.2,1749765600000,1497640.76638,13438,2025-06-12 21:00:00+00:00
1749765600000,1.8765,1.8911,1.854,1.869,952186.0,1749769200000,1779597.12357,14808,2025-06-12 22:00:00+00:00
1749769200000,1.8688,1.8883,1.8593,1.8599,546739.7,1749772800000,1025100.04604,15061,2025-06-12 23:00:00+00:00
1749772800000,1.8607,1.8627,1.7422,1.7783,4184600.6,1749776400000,7498354.29934,61486,2025-06-13 00:00:00+00:00
1749776400000,1.7782,1.779,1.7061,1.7389,2265125.1,1749780000000,3933899.97296,48313,2025-06-13 01:00:00+00:00
1749780000000,1.739,1.7447,1.7149,1.7413,1441318.1,1749783600000,2494108.6585,24382,2025-06-13 02:00:00+00:00
1749783600000,1.7408,1.8197,1.7229,1.8029,2823440.0,1749787200000,5005174.07481,36470,2025-06-13 03:00:00+00:00
1749787200000,1.8032,1.8466,1.7909,1.8414,1921215.2,1749790800000,3492671.06248,33196,2025-06-13 04:00:00+00:00
1749790800000,1.8412,1.8492,1.8136,1.826,1595235.1,1749794400000,2916453.36971,24127,2025-06-13 05:00:00+00:00
1749794400000,1.826,1.8633,1.7962,1.8562,1504289.8,1749798000000,2738634.57229,28751,2025-06-13 06:00:00+00:00
1749798000000,1.8563,1.88,1.8325,1.865,1277950.0,1749801600000,2375336.42002,23025,2025-06-13 07:00:00+00:00
1749801600000,1.8651,1.8892,1.8383,1.8416,1344989.9,1749805200000,2511767.54109,24958,2025-06-13 08:00:00+00:00
1749805200000,1.8417,1.846,1.8104,1.8238,1167856.9,1749808800000,2132442.52606,22101,2025-06-13 09:00:00+00:00
1749808800000,1.8239,1.8396,1.8072,1.828,699181.6,1749812400000,1275774.03293,14607,2025-06-13 10:00:00+00:00
1749812400000,1.8281,1.8321,1.7938,1.8168,901617.2,1749816000000,1629635.19489,14924,2025-06-13 11:00:00+00:00
1749816000000,1.8169,1.86,1.8026,1.82,1383263.1,1749819600000,2537191.478,33944,2025-06-13 12:00:00+00:00
1749819600000,1.8199,1.8552,1.8024,1.8193,884091.6,1749823200000,1614494.70972,22295,2025-06-13 13:00:00+00:00
1749823200000,1.8196,1.8335,1.7673,1.8242,1589435.6,1749826800000,2855406.6579,26845,2025-06-13 14:00:00+00:00
1749826800000,1.8243,1.8799,1.8142,1.8465,1596594.5,1749830400000,2957462.84662,29681,2025-06-13 15:00:00+00:00
1749830400000,1.8466,1.8999,1.8368,1.8669,1417400.7,1749834000000,2645767.39965,28673,2025-06-13 16:00:00+00:00
1749834000000,1.8668,1.8675,1.8141,1.8351,902413.3,1749837600000,1657493.63393,18518,2025-06-13 17:00:00+00:00
1749837600000,1.835,1.8408,1.8033,1.8275,704629.9,1749841200000,1281043.75636,17462,2025-06-13 18:00:00+00:00
1749841200000,1.8274,1.8494,1.8202,1.8377,558967.2,1749844800000,1026456.55847,12975,2025-06-13 19:00:00+00:00
1749844800000,1.8378,1.8685,1.8283,1.8555,481429.4,1749848400000,890496.16992,12591,2025-06-13 20:00:00+00:00
1749848400000,1.8556,1.8656,1.8378,1.8554,309860.5,1749852000000,573654.55553,5264,2025-06-13 21:00:00+00:00
1749852000000,1.8556,1.8791,1.8532,1.8713,364980.7,1749855600000,681954.69853,9356,2025-06-13 22:00:00+00:00
1749855600000,1.8712,1.911,1.8621,1.9099,684271.2,1749859200000,1289697.98529,13056,2025-06-13 23:00:00+00:00
1749859200000,1.9098,1.9359,1.8926,1.913,1948661.3,1749862800000,3729093.48179,31008,2025-06-14 00:00:00+00:00
1749862800000,1.9131,1.9155,1.8732,1.8765,567439.1,1749866400000,1073417.8861,14015,2025-06-14 01:00:00+00:00
1749866400000,1.8764,1.8804,1.8591,1.8633,624280.3,1749870000000,1166751.15167,11128,2025-06-14 02:00:00+00:00
1749870000000,1.8634,1.8826,1.8591,1.8645,252902.3,1749873600000,472747.96371,7394,2025-06-14 03:00:00+00:00
1749873600000,1.8644,1.8774,1.8571,1.8587,364339.9,1749877200000,679913.4835,7285,2025-06-14 04:00:00+00:00
1749877200000,1.8588,1.8685,1.8473,1.8613,240221.2,1749880800000,446018.2971,7274,2025-06-14 05:00:00+00:00
1749880800000,1.8612,1.8654,1.8472,1.8497,269626.5,1749884400000,500415.95529,6989,2025-06-14 06:00:00+00:00
1749884400000,1.8498,1.8669,1.8363,1.8565,410350.8,1749888000000,757673.03825,7697,2025-06-14 07:00:00+00:00
1749888000000,1.8564,1.8581,1.8264,1.8441,543452.0,1749891600000,999425.99621,9168,2025-06-14 08:00:00+00:00
1749891600000,1.8441,1.8481,1.8231,1.828,304200.5,1749895200000,558031.59769,7540,2025-06-14 09:00:00+00:00
1749895200000,1.828,1.8434,1.8223,1.8307,225810.9,1749898800000,413834.07968,6251,2025-06-14 10:00:00+00:00
1749898800000,1.8306,1.8412,1.8207,1.8319,175831.7,1749902400000,321854.80864,6171,2025-06-14 11:00:00+00:00
1749902400000,1.8318,1.8407,1.823,1.8351,319385.2,1749906000000,585095.45387,7797,2025-06-14 12:00:00+00:00
1749906000000,1.8352,1.8434,1.8216,1.8374,251812.1,1749909600000,461604.3112,10267,2025-06-14 13:00:00+00:00
1749909600000,1.8374,1.8507,1.8282,1.8304,464187.0,1749913200000,853135.21131,12111,2025-06-14 14:00:00+00:00
1749913200000,1.8305,1.8372,1.7955,1.8154,687129.3,1749916800000,1244872.86747,14886,2025-06-14 15:00:00+00:00
1749916800000,1.8155,1.8263,1.77,1.7786,3590875.9,1749920400000,6490793.52706,27590,2025-06-14 16:00:00+00:00
1749920400000,1.7786,1.84,1.7724,1.8151,1194423.8,1749924000000,2166697.33693,18703,2025-06-14 17:00:00+00:00
1749924000000,1.8151,1.8306,1.7856,1.8105,670647.5,1749927600000,1210673.37516,16296,2025-06-14 18:00:00+00:00
1749927600000,1.8105,1.8167,1.7974,1.7997,515826.2,1749931200000,932663.3975,14562,2025-06-14 19:00:00+00:00
1749931200000,1.8,1.8057,1.7801,1.7952,522063.1,1749934800000,935707.70111,11719,2025-06-14 20:00:00+00:00
1749934800000,1.7953,1.81,1.7718,1.806,702132.2,1749938400000,1257254.01395,9037,2025-06-14 21:00:00+00:00
1749938400000,1.8061,1.8249,1.8045,1.8148,617706.8,1749942000000,1120539.3051,9033,2025-06-14 22:00:00+00:00
1749942000000,1.815,1.8267,1.8083,1.8086,331106.0,1749945600000,602269.60341,6046,2025-06-14 23:00:00+00:00
1749945600000,1.8086,1.8352,1.8052,1.8301,412493.6,1749949200000,749640.3634,9619,2025-06-15 00:00:00+00:00
1749949200000,1.8299,1.8336,1.7972,1.8024,602762.1,1749952800000,1092025.06256,8613,2025-06-15 01:00:00+00:00
1749952800000,1.8022,1.8141,1.7926,1.803,392698.1,1749956400000,708372.8492,5801,2025-06-15 02:00:00+00:00
1749956400000,1.8031,1.8136,1.8023,1.8089,158444.4,1749960000000,286425.89656,4524,2025-06-15 03:00:00+00:00
1749960000000,1.8089,1.8223,1.8081,1.8181,324126.5,1749963600000,588536.66448,5115,2025-06-15 04:00:00+00:00
1749963600000,1.8179,1.8439,1.8019,1.841,308624.8,1749967200000,563807.18389,7187,2025-06-15 05:00:00+00:00
1749967200000,1.8411,1.8457,1.8128,1.8131,340553.0,1749970800000,621901.57855,7574,2025-06-15 06:00:00+00:00
1749970800000,1.8129,1.8139,1.7883,1.7932,557029.3,1749974400000,1002107.09627,9219,2025-06-15 07:00:00+00:00
1749974400000,1.7931,1.8035,1.7861,1.7994,216781.4,1749978000000,388979.53103,5641,2025-06-15 08:00:00+00:00
1749978000000,1.7994,1.7995,1.7781,1.7841,488440.5,1749981600000,873462.48104,8303,2025-06-15 09:00:00+00:00
1749981600000,1.7842,1.8088,1.7824,1.806,388490.4,1749985200000,698885.7268,7318,2025-06-15 10:00:00+00:00
1749985200000,1.8058,1.8176,1.7904,1.8126,340828.0,1749988800000,615347.47853,8233,2025-06-15 11:00:00+00:00
1749988800000,1.8127,1.8354,1.8054,1.8332,559361.1,1749992400000,1018912.34108,11349,2025-06-15 12:00:00+00:00
1749992400000,1.8331,1.846,1.8183,1.8382,647656.0,1749996000000,1185810.82902,16007,2025-06-15 13:00:00+00:00
1749996000000,1.8383,1.868,1.823,1.8567,1061064.0,1749999600000,1958047.08386,16641,2025-06-15 14:00:00+00:00
1749999600000,1.8567,1.8638,1.8385,1.8431,524183.6,1750003200000,969685.05404,12585,2025-06-15 15:00:00+00:00
1750003200000,1.8432,1.8584,1.8333,1.8452,482312.7,1750006800000,888974.56914,11374,2025-06-15 16:00:00+00:00
1750006800000,1.8451,1.848,1.8333,1.8385,391243.2,1750010400000,719326.25426,10512,2025-06-15 17:00:00+00:00
1750010400000,1.8386,1.849,1.8257,1.8481,295911.3,1750014000000,543561.22428,8224,2025-06-15 18:00:00+00:00
1750014000000,1.848,1.8564,1.8294,1.8397,255209.5,1750017600000,470130.49961,8562,2025-06-15 19:00:00+00:00
1750017600000,1.84,1.8407,1.8001,1.8113,523248.3,1750021200000,947876.93693,11227,2025-06-15 20:00:00+00:00
1750021200000,1.8111,1.8173,1.8004,1.8154,311175.2,1750024800000,562611.00015,5070,2025-06-15 21:00:00+00:00
1750024800000,1.8152,1.8625,1.8136,1.8476,715177.3,1750028400000,1322640.995,13137,2025-06-15 22:00:00+00:00
1750028400000,1.8477,1.8508,1.8375,1.8422,268512.8,1750032000000,495125.46425,7467,2025-06-15 23:00:00+00:00
1750032000000,1.8423,1.843,1.8148,1.8218,539588.7,1750035600000,986679.65177,10463,2025-06-16 00:00:00+00:00
1750035600000,1.8219,1.85,1.7902,1.8489,693011.6,1750039200000,1260297.68989,14578,2025-06-16 01:00:00+00:00
1750039200000,1.8488,1.87,1.8471,1.8495,647747.2,1750042800000,1201681.46141,12619,2025-06-16 02:00:00+00:00
1750042800000,1.8496,1.8716,1.8454,1.8595,364119.2,1750046400000,677043.47662,8018,2025-06-16 03:00:00+00:00
1750046400000,1.8596,1.904,1.8553,1.8929,989686.3,1750050000000,1871047.91452,14320,2025-06-16 04:00:00+00:00
1750050000000,1.893,1.9241,1.8731,1.9019,815971.3,1750053600000,1551983.98187,15342,2025-06-16 05:00:00+00:00
1750053600000,1.902,1.9474,1.8991,1.9314,1334319.2,1750057200000,2573866.04115,16614,2025-06-16 06:00:00+00:00
1750057200000,1.9315,1.9579,1.9315,1.9424,637893.8,1750060800000,1240896.16731,10902,2025-06-16 07:00:00+00:00
1750060800000,1.9424,1.9498,1.922,1.9461,695545.9,1750064400000,1346116.32237,9711,2025-06-16 08:00:00+00:00
1750064400000,1.9464,1.9467,1.9206,1.9258,370648.3,1750068000000,715352.47195,8697,2025-06-16 09:00:00+00:00
1750068000000,1.9259,1.9335,1.9135,1.9201,437051.5,1750071600000,840670.57923,7535,2025-06-16 10:00:00+00:00
1750071600000,1.9202,1.9209,1.8903,1.9064,601024.9,1750075200000,1145638.53113,9735,2025-06-16 11:00:00+00:00
1750075200000,1.9065,1.9118,1.8918,1.9032,452450.2,1750078800000,860487.63892,8534,2025-06-16 12:00:00+00:00
1750078800000,1.9031,1.9558,1.8957,1.9523,891292.0,1750082400000,1714955.03961,16838,2025-06-16 13:00:00+00:00
1750082400000,1.9522,2.0,1.9428,1.9665,2484482.9,1750086000000,4913008.3505,32522,2025-06-16 14:00:00+00:00
1750086000000,1.9667,1.9884,1.9477,1.9488,953373.0,1750089600000,1875789.48572,18558,2025-06-16 15:00:00+00:00
1750089600000,1.9488,1.9733,1.942,1.9587,657133.6,1750093200000,1286779.70775,11674,2025-06-16 16:00:00+00:00
1750093200000,1.9587,1.9749,1.9505,1.9566,828240.5,1750096800000,1625908.35087,12266,2025-06-16 17:00:00+00:00
1750096800000,1.9567,1.9921,1.9539,1.9898,454458.2,1750100400000,898813.52213,11662,2025-06-16 18:00:00+00:00
1750100400000,1.9899,2.0146,1.9789,1.9866,938227.7,1750104000000,1876692.22109,14764,2025-06-16 19:00:00+00:00
1750104000000,1.9866,2.0051,1.9728,1.9923,483104.9,1750107600000,961073.53631,11763,2025-06-16 20:00:00+00:00
1750107600000,1.9922,1.9978,1.9732,1.9795,224052.8,1750111200000,444156.26804,6218,2025-06-16 21:00:00+00:00
1750111200000,1.9796,1.9961,1.7,1.8715,6978460.3,1750114800000,13128870.55659,101545,2025-06-16 22:00:00+00:00
1750114800000,1.8714,1.8912,1.8159,1.825,2260453.1,1750118400000,4186418.49326,35871,2025-06-16 23:00:00+00:00
1750118400000,1.8247,1.8539,1.7739,1.8538,2803666.9,1750122000000,5079822.08413,48658,2025-06-17 00:00:00+00:00
1750122000000,1.8539,1.8611,1.8328,1.8342,890575.8,1750125600000,1644478.18827,17659,2025-06-17 01:00:00+00:00
1750125600000,1.8344,2.0,1.8207,1.8829,1364866.8,1750129200000,2548870.55333,21158,2025-06-17 02:00:00+00:00
1750129200000,1.8831,1.8973,1.8499,1.865,978068.3,1750132800000,1831611.91011,21980,2025-06-17 03:00:00+00:00
1750132800000,1.8651,1.8671,1.8416,1.8495,425889.2,1750136400000,789842.65964,9839,2025-06-17 04:00:00+00:00
1750136400000,1.8494,1.8578,1.8359,1.8416,457431.5,1750140000000,845154.18845,9377,2025-06-17 05:00:00+00:00
1750140000000,1.8415,1.8467,1.8272,1.8349,410417.7,1750143600000,753259.71775,9856,2025-06-17 06:00:00+00:00
1750143600000,1.8349,1.8422,1.8244,1.8289,471555.3,1750147200000,864415.3941,9446,2025-06-17 07:00:00+00:00
1750147200000,1.8288,1.8324,1.7978,1.8013,680292.5,1750150800000,1232370.38335,11368,2025-06-17 08:00:00+00:00
1750150800000,1.8013,1.8117,1.7794,1.794,1127364.2,1750154400000,2024111.87142,14660,2025-06-17 09:00:00+00:00
1750154400000,1.7939,1.7951,1.7736,1.7939,790454.4,1750158000000,1410319.42364,12528,2025-06-17 10:00:00+00:00
1750158000000,1.7938,1.7971,1.7587,1.7842,775670.9,1750161600000,1378001.87959,10480,2025-06-17 11:00:00+00:00
1750161600000,1.7841,1.801,1.775,1.7781,1048559.8,1750165200000,1876156.99449,14478,2025-06-17 12:00:00+00:00
1750165200000,1.7781,1.7978,1.775,1.7816,630578.6,1750168800000,1125426.25309,14265,2025-06-17 13:00:00+00:00
1750168800000,1.7817,1.8103,1.7626,1.7652,1023520.1,1750172400000,1827879.5925,15958,2025-06-17 14:00:00+00:00
1750172400000,1.7654,1.769,1.71,1.7356,3422071.2,1750176000000,5952584.32348,37017,2025-06-17 15:00:00+00:00
1750176000000,1.7354,1.7373,1.667,1.6688,2508664.7,1750179600000,4261316.51982,38421,2025-06-17 16:00:00+00:00
1750179600000,1.669,1.6963,1.6544,1.6753,1806273.0,1750183200000,3025341.27538,31063,2025-06-17 17:00:00+00:00
1750183200000,1.6748,1.7207,1.6567,1.7167,1010052.6,1750186800000,1697483.36511,19664,2025-06-17 18:00:00+00:00
1750186800000,1.7166,1.7547,1.714,1.7234,1600889.0,1750190400000,2780489.97558,27378,2025-06-17 19:00:00+00:00
1750190400000,1.7232,1.734,1.6995,1.7019,840649.1,1750194000000,1444165.3149,13574,2025-06-17 20:00:00+00:00
1750194000000,1.7018,1.7166,1.6895,1.6957,1183810.5,1750197600000,2011608.27767,9254,2025-06-17 21:00:00+00:00
1750197600000,1.6957,1.7,1.6777,1.6815,1230795.6,1750201200000,2078238.07944,13778,2025-06-17 22:00:00+00:00
1750201200000,1.6816,1.713,1.681,1.6994,738213.9,1750204800000,1254889.79227,11746,2025-06-17 23:00:00+00:00
1750204800000,1.6995,1.718,1.6811,1.7045,891799.1,1750208400000,1518344.61325,15528,2025-06-18 00:00:00+00:00
1750208400000,1.7045,1.7214,1.692,1.6933,518125.3,1750212000000,884801.9912,10593,2025-06-18 01:00:00+00:00
1750212000000,1.6934,1.7006,1.6787,1.683,961761.1,1750215600000,1625131.93512,12421,2025-06-18 02:00:00+00:00
1750215600000,1.683,1.7057,1.6826,1.691,964448.5,1750219200000,1632002.76375,9293,2025-06-18 03:00:00+00:00
1750219200000,1.691,1.72,1.6885,1.719,669906.8,1750222800000,1143219.19893,9801,2025-06-18 04:00:00+00:00
1750222800000,1.719,1.7226,1.7012,1.7045,392667.9,1750226400000,671801.75494,8800,2025-06-18 05:00:00+00:00
1750226400000,1.7044,1.7052,1.6778,1.6851,585526.8,1750230000000,990108.95071,10763,2025-06-18 06:00:00+00:00
1750230000000,1.685,1.7006,1.6803,1.6935,378820.1,1750233600000,639781.24477,8330,2025-06-18 07:00:00+00:00
1750233600000,1.6934,1.7109,1.6673,1.6822,799519.1,1750237200000,1349430.17693,16216,2025-06-18 08:00:00+00:00
1750237200000,1.6821,1.6926,1.66,1.6721,547075.7,1750240800000,915306.04803,10441,2025-06-18 09:00:00+00:00
1750240800000,1.6722,1.6741,1.6251,1.6314,1674198.8,1750244400000,2757750.58607,19119,2025-06-18 10:00:00+00:00
1750244400000,1.6314,1.6575,1.6208,1.654,774438.1,1750248000000,1270270.97087,14625,2025-06-18 11:00:00+00:00
1750248000000,1.6537,1.6554,1.613,1.6176,788579.2,1750251600000,1288645.22778,12049,2025-06-18 12:00:00+00:00
1750251600000,1.6177,1.6238,1.5685,1.6174,2461195.6,1750255200000,3927781.47552,32915,2025-06-18 13:00:00+00:00
1750255200000,1.6173,1.6657,1.6077,1.636,2523178.4,1750258800000,4156864.58137,37764,2025-06-18 14:00:00+00:00
1750258800000,1.6358,1.651,1.6181,1.6321,969583.8,1750262400000,1586694.82859,15917,2025-06-18 15:00:00+00:00
1750262400000,1.632,1.6361,1.6152,1.6279,481083.9,1750266000000,781364.62741,9329,2025-06-18 16:00:00+00:00
1750266000000,1.6279,1.6643,1.6139,1.6531,1171147.5,1750269600000,1924128.4438,16870,2025-06-18 17:00:00+00:00
1750269600000,1.6536,1.6757,1.6257,1.6266,1386528.5,1750273200000,2283739.34539,25866,2025-06-18 18:00:00+00:00
1750273200000,1.6264,1.6643,1.6228,1.6352,820936.1,1750276800000,1349829.98733,19201,2025-06-18 19:00:00+00:00
1750276800000,1.6354,1.7056,1.6297,1.6951,706589.8,1750280400000,1181567.86533,11830,2025-06-18 20:00:00+00:00
1750280400000,1.695,1.7094,1.6735,1.7027,880622.6,1750284000000,1489183.32391,12333,2025-06-18 21:00:00+00:00
1750284000000,1.7025,1.7083,1.6854,1.6886,442953.4,1750287600000,751486.15453,10136,2025-06-18 22:00:00+00:00
1750287600000,1.6886,1.7016,1.6812,1.6953,287036.0,1750291200000,485472.61808,7239,2025-06-18 23:00:00+00:00
1750291200000,1.6953,1.7227,1.6862,1.701,593429.8,1750294800000,1012071.74392,10871,2025-06-19 00:00:00+00:00
1750294800000,1.7015,1.7035,1.6813,1.6909,438407.1,1750298400000,740625.05519,8534,2025-06-19 01:00:00+00:00
1750298400000,1.691,1.7037,1.6751,1.6756,518993.2,1750302000000,876813.38783,6795,2025-06-19 02:00:00+00:00
1750302000000,1.6757,1.7022,1.6757,1.686,478297.3,1750305600000,807284.84021,8286,2025-06-19 03:00:00+00:00
1750305600000,1.6856,1.7027,1.6725,1.7014,919031.8,1750309200000,1548278.17643,10335,2025-06-19 04:00:00+00:00
1750309200000,1.7015,1.7247,1.6997,1.7005,729924.8,1750312800000,1250390.60973,8669,2025-06-19 05:00:00+00:00
1750312800000,1.7004,1.7103,1.6872,1.6934,4658404.5,1750316400000,7913028.85693,26344,2025-06-19 06:00:00+00:00
1750316400000,1.6936,1.7062,1.6778,1.6807,1313858.5,1750320000000,2221124.09,12313,2025-06-19 07:00:00+00:00
1750320000000,1.6808,1.7046,1.6804,1.6966,417787.8,1750323600000,707890.31606,8912,2025-06-19 08:00:00+00:00
1750323600000,1.6963,1.7379,1.6924,1.7337,621693.3,1750327200000,1068026.2966,11505,2025-06-19 09:00:00+00:00
1750327200000,1.7337,1.7396,1.7173,1.726,494814.3,1750330800000,854809.80871,9788,2025-06-19 10:00:00+00:00
1750330800000,1.7259,1.7269,1.6935,1.7006,405069.7,1750334400000,690966.79807,7653,2025-06-19 11:00:00+00:00
1750334400000,1.7007,1.709,1.6879,1.697,374748.4,1750338000000,636329.71621,6311,2025-06-19 12:00:00+00:00
1750338000000,1.6969,1.7014,1.6638,1.6708,873043.3,1750341600000,1465860.33368,11653,2025-06-19 13:00:00+00:00
1750341600000,1.6708,1.6884,1.6574,1.6633,795894.2,1750345200000,1331218.02227,10956,2025-06-19 14:00:00+00:00
1750345200000,1.6634,1.6813,1.6613,1.6656,386874.1,1750348800000,645829.47587,8343,2025-06-19 15:00:00+00:00
1750348800000,1.6654,1.6803,1.6476,1.6488,470704.0,1750352400000,782407.3233,9853,2025-06-19 16:00:00+00:00
1750352400000,1.6488,1.6913,1.6361,1.6807,1177881.0,1750356000000,1966695.26104,15624,2025-06-19 17:00:00+00:00
1750356000000,1.6804,1.6953,1.6662,1.6773,390378.7,1750359600000,656449.11162,8693,2025-06-19 18:00:00+00:00
1750359600000,1.6773,1.6884,1.6702,1.6741,212615.9,1750363200000,357096.95926,6348,2025-06-19 19:00:00+00:00
1750363200000,1.6742,1.6888,1.664,1.6712,195686.0,1750366800000,328316.61291,5509,2025-06-19 20:00:00+00:00
1750366800000,1.671,1.682,1.6654,1.6716,235821.3,1750370400000,394992.08576,4080,2025-06-19 21:00:00+00:00
1750370400000,1.6716,1.6951,1.6716,1.6825,320921.7,1750374000000,540924.61333,8921,2025-06-19 22:00:00+00:00
1750374000000,1.6824,1.6865,1.6691,1.6702,206027.2,1750377600000,345280.27326,6179,2025-06-19 23:00:00+00:00
1750377600000,1.6702,1.6814,1.6654,1.669,306431.3,1750381200000,512414.8581,8153,2025-06-20 00:00:00+00:00
1750381200000,1.6689,1.6759,1.6508,1.6711,422525.7,1750384800000,702802.84344,7787,2025-06-20 01:00:00+00:00
1750384800000,1.6711,1.6729,1.6504,1.6574,344805.8,1750388400000,572002.56535,6310,2025-06-20 02:00:00+00:00
1750388400000,1.6573,1.6686,1.651,1.6534,216831.2,1750392000000,359485.81466,5373,2025-06-20 03:00:00+00:00
1750392000000,1.6533,1.6573,1.6351,1.6386,369531.8,1750395600000,607976.89406,7369,2025-06-20 04:00:00+00:00
1750395600000,1.6385,1.657,1.6369,1.6542,344357.8,1750399200000,566256.16824,7950,2025-06-20 05:00:00+00:00
1750399200000,1.6542,1.6666,1.6534,1.6586,227167.7,1750402800000,377118.94414,5906,2025-06-20 06:00:00+00:00
1750402800000,1.6585,1.7438,1.6578,1.7337,2621691.4,1750406400000,4500133.32975,29371,2025-06-20 07:00:00+00:00
1750406400000,1.7338,1.7699,1.7323,1.7551,1482577.1,1750410000000,2600058.49489,24750,2025-06-20 08:00:00+00:00
1750410000000,1.7551,1.7622,1.7299,1.7419,848876.2,1750413600000,1478207.01486,12910,2025-06-20 09:00:00+00:00
1750413600000,1.7417,1.7506,1.7318,1.7392,416457.2,1750417200000,724926.70602,8273,2025-06-20 10:00:00+00:00
1750417200000,1.7392,1.7428,1.7185,1.7301,549945.5,1750420800000,950352.31907,9253,2025-06-20 11:00:00+00:00
1750420800000,1.7302,1.7429,1.7222,1.729,380982.1,1750424400000,659519.20129,5810,2025-06-20 12:00:00+00:00
1750424400000,1.7291,1.7415,1.701,1.7074,630843.4,1750428000000,1085532.82434,10292,2025-06-20 13:00:00+00:00
1750428000000,1.7074,1.7154,1.6239,1.6242,2495253.6,1750431600000,4145070.32451,25530,2025-06-20 14:00:00+00:00
1750431600000,1.6244,1.6422,1.6152,1.6262,1437900.6,1750435200000,2346976.86219,18767,2025-06-20 15:00:00+00:00
1750435200000,1.6266,1.6307,1.588,1.5889,1254921.3,1750438800000,2011506.15695,16083,2025-06-20 16:00:00+00:00
1750438800000,1.5885,1.596,1.5195,1.5656,3354831.5,1750442400000,5199129.14147,40286,2025-06-20 17:00:00+00:00
1750442400000,1.5653,1.5815,1.5564,1.5581,1089145.9,1750446000000,1707368.07914,12178,2025-06-20 18:00:00+00:00
1750446000000,1.5579,1.5579,1.5339,1.5488,971650.2,1750449600000,1502777.90797,8362,2025-06-20 19:00:00+00:00
1750449600000,1.5484,1.58,1.5474,1.5625,651998.4,1750453200000,1020830.07621,8138,2025-06-20 20:00:00+00:00
1750453200000,1.5626,1.5633,1.5446,1.548,348615.3,1750456800000,541114.28095,3765,2025-06-20 21:00:00+00:00
1750456800000,1.5481,1.5487,1.52,1.526,563766.4,1750460400000,863000.81378,8296,2025-06-20 22:00:00+00:00
1750460400000,1.5259,1.5542,1.5203,1.5462,513443.2,1750464000000,789485.82249,6812,2025-06-20 23:00:00+00:00
1750464000000,1.5463,1.5572,1.5346,1.5501,479800.9,1750467600000,742265.93398,6836,2025-06-21 00:00:00+00:00
1750467600000,1.55,1.5683,1.5458,1.5588,587974.9,1750471200000,915404.19477,7377,2025-06-21 01:00:00+00:00
1750471200000,1.5589,1.5646,1.5498,1.562,271207.7,1750474800000,422523.5721,4607,2025-06-21 02:00:00+00:00
1750474800000,1.5618,1.5774,1.5581,1.5645,302218.7,1750478400000,473450.6233,4504,2025-06-21 03:00:00+00:00
1750478400000,1.5646,1.5691,1.5491,1.5553,218293.3,1750482000000,340540.19566,3529,2025-06-21 04:00:00+00:00
1750482000000,1.5553,1.5704,1.5553,1.5664,122664.9,1750485600000,191782.33736,2768,2025-06-21 05:00:00+00:00
1750485600000,1.5665,1.5673,1.5563,1.5574,221417.9,1750489200000,345817.98257,3082,2025-06-21 06:00:00+00:00
1750489200000,1.5572,1.5652,1.5469,1.5594,158553.1,1750492800000,246751.8876,3226,2025-06-21 07:00:00+00:00
1750492800000,1.5595,1.5713,1.5524,1.5703,182034.3,1750496400000,284240.55359,3624,2025-06-21 08:00:00+00:00
1750496400000,1.5707,1.5708,1.5513,1.5548,210609.5,1750500000000,328133.70356,3865,2025-06-21 09:00:00+00:00
1750500000000,1.5548,1.5623,1.542,1.5483,241896.6,1750503600000,375859.88436,4612,2025-06-21 10:00:00+00:00
1750503600000,1.5483,1.5655,1.5479,1.5558,281676.5,1750507200000,439014.68691,4590,2025-06-21 11:00:00+00:00
1750507200000,1.5557,1.5598,1.523,1.526,512005.8,1750510800000,785795.30944,6343,2025-06-21 12:00:00+00:00
1750510800000,1.5259,1.5346,1.4673,1.4738,2174193.5,1750514400000,3258659.05017,16688,2025-06-21 13:00:00+00:00
1750514400000,1.4737,1.4784,1.4192,1.4434,5843500.8,1750518000000,8439858.17895,45561,2025-06-21 14:00:00+00:00
1750518000000,1.4433,1.4515,1.4235,1.4441,2812623.1,1750521600000,4048160.90923,23108,2025-06-21 15:00:00+00:00
1750521600000,1.4442,1.4505,1.4195,1.4266,1667130.9,1750525200000,2391284.79329,17366,2025-06-21 16:00:00+00:00
1750525200000,1.4264,1.4356,1.3951,1.4044,997021.9,1750528800000,1408029.77791,13650,2025-06-21 17:00:00+00:00
1750528800000,1.4045,1.4204,1.3922,1.3968,768595.0,1750532400000,1080254.8571,11482,2025-06-21 18:00:00+00:00
1750532400000,1.3968,1.4044,1.3769,1.3782,1043766.6,1750536000000,1451051.35027,14773,2025-06-21 19:00:00+00:00
1750536000000,1.3783,1.4145,1.3783,1.4055,957366.7,1750539600000,1340252.31304,12425,2025-06-21 20:00:00+00:00
1750539600000,1.4056,1.4111,1.3469,1.3891,1714992.6,1750543200000,2362655.64515,15956,2025-06-21 21:00:00+00:00
1750543200000,1.3892,1.3978,1.3774,1.3886,698943.1,1750546800000,970878.17339,8977,2025-06-21 22:00:00+00:00
1750546800000,1.3887,1.4069,1.3577,1.4051,1504238.8,1750550400000,2072182.35645,21409,2025-06-21 23:00:00+00:00
1750550400000,1.4054,1.4503,1.3796,1.4382,2286446.7,1750554000000,3245924.33733,31943,2025-06-22 00:00:00+00:00
1750554000000,1.4383,1.4445,1.4124,1.4201,1030884.4,1750557600000,1470980.39944,12454,2025-06-22 01:00:00+00:00
1750557600000,1.4202,1.4378,1.4014,1.4105,1127198.6,1750561200000,1594123.73348,17253,2025-06-22 02:00:00+00:00
1750561200000,1.4103,1.4146,1.3834,1.3975,720553.9,1750564800000,1006839.84882,11267,2025-06-22 03:00:00+00:00
1750564800000,1.3974,1.4093,1.3842,1.3923,721401.3,1750568400000,1008080.67378,8252,2025-06-22 04:00:00+00:00
1750568400000,1.3921,1.4016,1.3726,1.3916,564899.5,1750572000000,782144.16664,7839,2025-06-22 05:00:00+00:00
1750572000000,1.3917,1.4087,1.3846,1.3951,481494.6,1750575600000,672429.41343,6837,2025-06-22 06:00:00+00:00
1750575600000,1.3949,1.3982,1.3743,1.3848,415645.2,1750579200000,576032.09607,6643,2025-06-22 07:00:00+00:00
1750579200000,1.3849,1.3872,1.3718,1.3738,349447.4,1750582800000,481744.36463,6651,2025-06-22 08:00:00+00:00
1750582800000,1.3738,1.376,1.3428,1.346,901572.9,1750586400000,1222721.14622,12363,2025-06-22 09:00:00+00:00
1750586400000,1.3461,1.3624,1.3458,1.3513,632887.3,1750590000000,856025.71642,9529,2025-06-22 10:00:00+00:00
1750590000000,1.351,1.3582,1.3202,1.3347,941088.5,1750593600000,1258789.2377,11505,2025-06-22 11:00:00+00:00
1750593600000,1.3349,1.3418,1.2864,1.3258,2158113.9,1750597200000,2823847.9436,22064,2025-06-22 12:00:00+00:00
1750597200000,1.3261,1.3349,1.2608,1.3151,8791379.7,1750600800000,11375334.96309,85451,2025-06-22 13:00:00+00:00
1750600800000,1.3148,1.3724,1.2788,1.3601,6040350.7,1750604400000,7984639.82086,74338,2025-06-22 14:00:00+00:00
1750604400000,1.3602,1.3616,1.3202,1.324,2326066.0,1750608000000,3110919.5621,27172,2025-06-22 15:00:00+00:00
1750608000000,1.3239,1.3327,1.3078,1.3236,1721377.3,1750611600000,2275194.84845,25565,2025-06-22 16:00:00+00:00
1750611600000,1.3233,1.3358,1.2987,1.3124,1100123.5,1750615200000,1448947.14028,16295,2025-06-22 17:00:00+00:00
1750615200000,1.3123,1.3224,1.297,1.3004,625543.9,1750618800000,818487.77132,9972,2025-06-22 18:00:00+00:00
1750618800000,1.3003,1.3083,1.2879,1.2987,514877.9,1750622400000,667755.48152,8403,2025-06-22 19:00:00+00:00
1750622400000,1.2985,1.3323,1.2693,1.326,1845236.5,1750626000000,2393179.63381,27908,2025-06-22 20:00:00+00:00
1750626000000,1.3261,1.3322,1.2958,1.3034,843146.8,1750629600000,1105946.33594,6794,2025-06-22 21:00:00+00:00
1750629600000,1.3035,1.3638,1.3023,1.3636,1896361.1,1750633200000,2532569.09436,21545,2025-06-22 22:00:00+00:00
1750633200000,1.3633,1.3793,1.3502,1.3732,1268697.0,1750636800000,1730255.87243,13411,2025-06-22 23:00:00+00:00
1750636800000,1.3733,1.393,1.3561,1.382,1542445.6,1750640400000,2119956.24931,14701,2025-06-23 00:00:00+00:00
1750640400000,1.3822,1.3993,1.3627,1.3969,881747.8,1750644000000,1217762.91846,9950,2025-06-23 01:00:00+00:00
1750644000000,1.397,1.3995,1.3776,1.3812,570177.9,1750647600000,790605.8039,7245,2025-06-23 02:00:00+00:00
1750647600000,1.3811,1.3995,1.3737,1.3812,732242.6,1750651200000,1015888.30611,7813,2025-06-23 03:00:00+00:00
1750651200000,1.3814,1.3924,1.3708,1.3799,443406.6,1750654800000,611706.08777,5429,2025-06-23 04:00:00+00:00
1750654800000,1.3802,1.3993,1.3767,1.3944,639550.0,1750658400000,886472.74974,7850,2025-06-23 05:00:00+00:00
1750658400000,1.3945,1.4052,1.3824,1.3872,654324.3,1750662000000,911776.3214,7714,2025-06-23 06:00:00+00:00
1750662000000,1.3872,1.4014,1.3826,1.3978,495464.9,1750665600000,689351.2716,6168,2025-06-23 07:00:00+00:00
1750665600000,1.3977,1.4017,1.3813,1.3877,562325.2,1750669200000,782039.43461,6213,2025-06-23 08:00:00+00:00
1750669200000,1.3875,1.4021,1.376,1.3992,561101.4,1750672800000,779768.11636,6160,2025-06-23 09:00:00+00:00
1750672800000,1.3994,1.4009,1.38,1.3848,496498.4,1750676400000,690268.45009,5171,2025-06-23 10:00:00+00:00
1750676400000,1.385,1.3935,1.3721,1.3785,514013.8,1750680000000,709085.79758,5583,2025-06-23 11:00:00+00:00
1750680000000,1.3786,1.3998,1.3546,1.3988,1132142.1,1750683600000,1555726.5751,11105,2025-06-23 12:00:00+00:00
1750683600000,1.399,1.437,1.3615,1.4304,2551316.7,1750687200000,3579441.26124,29119,2025-06-23 13:00:00+00:00
1750687200000,1.4305,1.442,1.3879,1.3899,2705296.5,1750690800000,3837612.93996,29155,2025-06-23 14:00:00+00:00
1750690800000,1.3899,1.4227,1.3845,1.3881,975591.2,1750694400000,1365385.31601,11241,2025-06-23 15:00:00+00:00
1750694400000,1.3881,1.3918,1.335,1.3706,2511176.4,1750698000000,3416184.56339,27545,2025-06-23 16:00:00+00:00
1750698000000,1.3709,1.49,1.362,1.4628,5918888.5,1750701600000,8505118.76176,66851,2025-06-23 17:00:00+00:00
1750701600000,1.4626,1.5191,1.4608,1.4986,3164681.7,1750705200000,4745222.76866,33889,2025-06-23 18:00:00+00:00
1750705200000,1.4985,1.5194,1.4814,1.5188,1320865.9,1750708800000,1977447.54954,16057,2025-06-23 19:00:00+00:00
1750708800000,1.5189,1.6372,1.5083,1.6171,3835628.7,1750712400000,6067354.21946,38479,2025-06-23 20:00:00+00:00
1750712400000,1.6171,1.6261,1.5857,1.5867,1696788.2,1750716000000,2723590.19703,16685,2025-06-23 21:00:00+00:00
1750716000000,1.5871,1.763,1.5868,1.6993,6590524.7,1750719600000,11147764.5112,97730,2025-06-23 22:00:00+00:00
1750719600000,1.7001,1.7113,1.6832,1.6934,1724331.9,1750723200000,2925101.54348,22927,2025-06-23 23:00:00+00:00
1750723200000,1.6935,1.712,1.662,1.6824,2015945.4,1750726800000,3384647.2368,26514,2025-06-24 00:00:00+00:00
1750726800000,1.6817,1.683,1.6456,1.6591,1380409.5,1750730400000,2291880.72667,18964,2025-06-24 01:00:00+00:00
1750730400000,1.6589,1.6589,1.6079,1.6238,1518537.5,1750734000000,2469405.10746,20031,2025-06-24 02:00:00+00:00
1750734000000,1.6239,1.662,1.6201,1.6494,977068.3,1750737600000,1608926.19718,13925,2025-06-24 03:00:00+00:00
1750737600000,1.6494,1.6708,1.6431,1.6691,816591.8,1750741200000,1353702.57801,11793,2025-06-24 04:00:00+00:00
1750741200000,1.6691,1.7282,1.6662,1.7183,1304158.5,1750744800000,2211153.76041,18012,2025-06-24 05:00:00+00:00
1750744800000,1.7183,1.7318,1.6918,1.7078,1148490.8,1750748400000,1964478.0163,17875,2025-06-24 06:00:00+00:00
1750748400000,1.7076,1.7148,1.6612,1.6626,1357189.3,1750752000000,2291397.38426,20022,2025-06-24 07:00:00+00:00
1750752000000,1.6627,1.6698,1.6345,1.6497,1567368.1,1750755600000,2587554.09214,20621,2025-06-24 08:00:00+00:00
1750755600000,1.6496,1.6938,1.6443,1.6574,1034739.1,1750759200000,1726803.6215,14404,2025-06-24 09:00:00+00:00
1750759200000,1.6574,1.6714,1.652,1.6606,584593.4,1750762800000,971300.78011,9158,2025-06-24 10:00:00+00:00
1750762800000,1.6606,1.6696,1.6452,1.664,711329.0,1750766400000,1179450.51387,10157,2025-06-24 11:00:00+00:00
1750766400000,1.6639,1.6722,1.6441,1.6511,765688.9,1750770000000,1267472.9939,10105,2025-06-24 12:00:00+00:00
1750770000000,1.6511,1.6687,1.632,1.6512,1249364.8,1750773600000,2060308.894,17079,2025-06-24 13:00:00+00:00
1750773600000,1.6508,1.6742,1.6444,1.6474,1250780.7,1750777200000,2073128.32302,16271,2025-06-24 14:00:00+00:00
1750777200000,1.6476,1.6639,1.6219,1.6354,1182594.5,1750780800000,1937869.21051,13656,2025-06-24 15:00:00+00:00
1750780800000,1.6356,1.6717,1.6303,1.6697,1169045.9,1750784400000,1927619.71849,14138,2025-06-24 16:00:00+00:00
1750784400000,1.6695,1.6717,1.6187,1.6262,1339950.7,1750788000000,2196138.2747,16704,2025-06-24 17:00:00+00:00
1750788000000,1.6263,1.6317,1.601,1.6044,883442.4,1750791600000,1426232.28814,12707,2025-06-24 18:00:00+00:00
1750791600000,1.6046,1.609,1.5799,1.5964,922778.4,1750795200000,1473218.55506,10970,2025-06-24 19:00:00+00:00
1750795200000,1.5963,1.6073,1.5832,1.6009,782370.7,1750798800000,1247426.08314,11438,2025-06-24 20:00:00+00:00
1750798800000,1.6006,1.6006,1.5737,1.5869,790118.1,1750802400000,1250223.75622,8528,2025-06-24 21:00:00+00:00
1750802400000,1.5868,1.5868,1.565,1.5777,930997.5,1750806000000,1465919.22619,9409,2025-06-24 22:00:00+00:00
1750806000000,1.5777,1.598,1.5655,1.5977,675465.4,1750809600000,1068686.81323,9411,2025-06-24 23:00:00+00:00
1750809600000,1.5977,1.6135,1.5819,1.6031,1301253.2,1750813200000,2080154.23488,16396,2025-06-25 00:00:00+00:00
1750813200000,1.6031,1.6129,1.5811,1.6022,952229.1,1750816800000,1519600.72851,13562,2025-06-25 01:00:00+00:00
1750816800000,1.6023,1.6474,1.5983,1.6146,1442438.7,1750820400000,2342519.26826,19109,2025-06-25 02:00:00+00:00
1750820400000,1.6147,1.6282,1.5933,1.5943,735092.0,1750824000000,1183543.69595,9940,2025-06-25 03:00:00+00:00
1750824000000,1.5945,1.5986,1.5674,1.5733,900579.7,1750827600000,1425336.03608,10747,2025-06-25 04:00:00+00:00
1750827600000,1.5732,1.5799,1.5616,1.5616,683755.8,1750831200000,1072889.13698,8782,2025-06-25 05:00:00+00:00
1750831200000,1.5617,1.5747,1.553,1.5669,769273.1,1750834800000,1202504.56164,10652,2025-06-25 06:00:00+00:00
1750834800000,1.567,1.585,1.56,1.5721,526693.3,1750838400000,827739.70474,9282,2025-06-25 07:00:00+00:00
1750838400000,1.572,1.5748,1.5366,1.5556,907128.3,1750842000000,1406664.1764,11237,2025-06-25 08:00:00+00:00
1750842000000,1.5558,1.5687,1.5394,1.5499,1220275.7,1750845600000,1897878.14406,15144,2025-06-25 09:00:00+00:00
1750845600000,1.5496,1.5613,1.5447,1.5498,786905.7,1750849200000,1221645.4969,10440,2025-06-25 10:00:00+00:00
1750849200000,1.5497,1.5535,1.5315,1.5463,726901.4,1750852800000,1121627.1276,9563,2025-06-25 11:00:00+00:00
1750852800000,1.5464,1.5469,1.5297,1.5414,618464.1,1750856400000,951085.12076,7728,2025-06-25 12:00:00+00:00
1750856400000,1.5415,1.5828,1.5375,1.5775,1855851.8,1750860000000,2907138.88967,22742,2025-06-25 13:00:00+00:00
1750860000000,1.578,1.5799,1.5096,1.5313,2189937.7,1750863600000,3360514.28996,27669,2025-06-25 14:00:00+00:00
1750863600000,1.5312,1.532,1.4654,1.4726,4539775.5,1750867200000,6745856.28336,27742,2025-06-25 15:00:00+00:00
1750867200000,1.4725,1.4972,1.4454,1.4554,1879344.6,1750870800000,2761862.61806,16690,2025-06-25 16:00:00+00:00
1750870800000,1.4554,1.487,1.4523,1.4779,948814.1,1750874400000,1394656.09892,11153,2025-06-25 17:00:00+00:00
1750874400000,1.4778,1.4791,1.461,1.4656,571166.9,1750878000000,839047.01762,7160,2025-06-25 18:00:00+00:00
1750878000000,1.4655,1.4823,1.4624,1.4699,719200.7,1750881600000,1057720.08446,9062,2025-06-25 19:00:00+00:00
1750881600000,1.4698,1.4818,1.4643,1.4805,552045.0,1750885200000,812615.35386,6841,2025-06-25 20:00:00+00:00
1750885200000,1.4802,1.4895,1.4556,1.4618,922950.9,1750888800000,1356157.03347,6688,2025-06-25 21:00:00+00:00
1750888800000,1.4618,1.4621,1.4325,1.4437,875242.3,1750892400000,1266682.87234,10831,2025-06-25 22:00:00+00:00
1750892400000,1.4439,1.4503,1.4281,1.4335,1392404.9,1750896000000,2000678.14278,10505,2025-06-25 23:00:00+00:00
1750896000000,1.4335,1.4605,1.4283,1.4489,951538.2,1750899600000,1376332.99092,12417,2025-06-26 00:00:00+00:00
1750899600000,1.4488,1.4914,1.4374,1.4788,1652839.1,1750903200000,2426252.0737,20156,2025-06-26 01:00:00+00:00
1750903200000,1.4791,1.527,1.4791,1.5196,2202816.8,1750906800000,3317891.20497,26648,2025-06-26 02:00:00+00:00
1750906800000,1.5196,1.5765,1.5028,1.5113,2100828.5,1750910400000,3213923.82413,22967,2025-06-26 03:00:00+00:00
1750910400000,1.5114,1.5121,1.4928,1.5065,647359.9,1750914000000,972490.08695,8867,2025-06-26 04:00:00+00:00
1750914000000,1.5065,1.5066,1.4818,1.4949,1165152.5,1750917600000,1736150.17505,8862,2025-06-26 05:00:00+00:00
1750917600000,1.4948,1.5075,1.489,1.4937,591239.4,1750921200000,884594.39708,7502,2025-06-26 06:00:00+00:00
1750921200000,1.4936,1.5146,1.4871,1.4893,1047303.1,1750924800000,1569598.62524,11817,2025-06-26 07:00:00+00:00
1750924800000,1.489,1.497,1.4675,1.4737,720702.0,1750928400000,1067901.78342,8782,2025-06-26 08:00:00+00:00
1750928400000,1.4738,1.4754,1.4423,1.4515,930903.6,1750932000000,1354815.54409,10674,2025-06-26 09:00:00+00:00
1750932000000,1.4516,1.458,1.4431,1.4512,649457.0,1750935600000,942642.76037,7757,2025-06-26 10:00:00+00:00
1750935600000,1.4511,1.455,1.443,1.4482,444962.8,1750939200000,644787.29514,5615,2025-06-26 11:00:00+00:00
1750939200000,1.448,1.4551,1.4177,1.4217,1189293.7,1750942800000,1707500.76884,11006,2025-06-26 12:00:00+00:00
1750942800000,1.4217,1.4227,1.3856,1.3924,3489178.8,1750946400000,4878858.10185,26296,2025-06-26 13:00:00+00:00
1750946400000,1.3925,1.4306,1.3832,1.4068,1740485.3,1750950000000,2451868.19269,17262,2025-06-26 14:00:00+00:00
1750950000000,1.4069,1.4196,1.3867,1.4103,1411924.8,1750953600000,1981836.98459,13706,2025-06-26 15:00:00+00:00
1750953600000,1.4103,1.4142,1.3882,1.393,702810.8,1750957200000,982939.38187,6892,2025-06-26 16:00:00+00:00
1750957200000,1.3931,1.4077,1.3867,1.3882,428644.0,1750960800000,597457.44945,5528,2025-06-26 17:00:00+00:00
1750960800000,1.3883,1.4046,1.3845,1.3971,677371.2,1750964400000,944483.53673,6472,2025-06-26 18:00:00+00:00
1750964400000,1.3973,1.4444,1.3906,1.4296,1702306.1,1750968000000,2426940.97053,15702,2025-06-26 19:00:00+00:00
1750968000000,1.4294,1.4994,1.4227,1.469,1739427.4,1750971600000,2550720.74951,15728,2025-06-26 20:00:00+00:00
1750971600000,1.4688,1.471,1.4275,1.4468,1012772.1,1750975200000,1463460.85162,9062,2025-06-26 21:00:00+00:00
1750975200000,1.4466,1.4644,1.4427,1.4465,599442.0,1750978800000,869578.02387,7810,2025-06-26 22:00:00+00:00
1750978800000,1.4466,1.4504,1.4364,1.443,369874.5,1750982400000,533480.09824,5403,2025-06-26 23:00:00+00:00
1750982400000,1.4428,1.4437,1.4111,1.4131,610848.5,1750986000000,871518.21244,7137,2025-06-27 00:00:00+00:00
1750986000000,1.4133,1.4441,1.406,1.437,965071.9,1750989600000,1378158.61123,11412,2025-06-27 01:00:00+00:00
1750989600000,1.4371,1.4464,1.4327,1.435,327042.7,1750993200000,470595.77327,5094,2025-06-27 02:00:00+00:00
1750993200000,1.4352,1.4395,1.4222,1.4325,337819.5,1750996800000,483545.9477,5121,2025-06-27 03:00:00+00:00
1750996800000,1.4325,1.4365,1.4232,1.424,353089.2,1751000400000,504237.60588,4439,2025-06-27 04:00:00+00:00
1751000400000,1.4241,1.4455,1.4195,1.4303,413788.6,1751004000000,591350.29691,5565,2025-06-27 05:00:00+00:00
1751004000000,1.4304,1.4648,1.4261,1.4427,898272.0,1751007600000,1300754.94446,9440,2025-06-27 06:00:00+00:00
1751007600000,1.4426,1.461,1.4236,1.4309,591944.5,1751011200000,852433.47257,6706,2025-06-27 07:00:00+00:00
1751011200000,1.431,1.5292,1.4294,1.485,2764290.6,1751014800000,4079776.5797,27579,2025-06-27 08:00:00+00:00
1751014800000,1.4847,1.4908,1.4496,1.4697,1613871.2,1751018400000,2373237.10855,14301,2025-06-27 09:00:00+00:00
1751018400000,1.4699,1.4804,1.4635,1.4689,887296.4,1751022000000,1306366.54391,8857,2025-06-27 10:00:00+00:00
1751022000000,1.4689,1.4755,1.4595,1.4658,586382.5,1751025600000,860220.29928,6803,2025-06-27 11:00:00+00:00
1751025600000,1.4658,1.4801,1.4426,1.447,1051916.2,1751029200000,1536120.90193,12852,2025-06-27 12:00:00+00:00
1751029200000,1.4469,1.4612,1.4378,1.4611,1029572.8,1751032800000,1493051.56495,12081,2025-06-27 13:00:00+00:00
1751032800000,1.4612,1.4815,1.4453,1.4508,879596.3,1751036400000,1287324.27967,12047,2025-06-27 14:00:00+00:00
1751036400000,1.4507,1.482,1.4425,1.4743,772226.7,1751040000000,1129211.75711,10704,2025-06-27 15:00:00+00:00
1751040000000,1.4745,1.4997,1.4645,1.471,1172720.2,1751043600000,1737340.31944,15185,2025-06-27 16:00:00+00:00
1751043600000,1.4711,1.4741,1.4273,1.4461,1155477.8,1751047200000,1671186.07183,13631,2025-06-27 17:00:00+00:00
1751047200000,1.446,1.4503,1.4143,1.4253,1045740.6,1751050800000,1490442.00759,11252,2025-06-27 18:00:00+00:00
1751050800000,1.4252,1.4426,1.4229,1.4379,515347.9,1751054400000,738076.47742,7392,2025-06-27 19:00:00+00:00
1751054400000,1.438,1.4586,1.4324,1.4557,668332.0,1751058000000,967717.86667,8864,2025-06-27 20:00:00+00:00
1751058000000,1.4554,1.4636,1.4467,1.4543,572300.9,1751061600000,832835.87614,5418,2025-06-27 21:00:00+00:00
1751061600000,1.4543,1.4698,1.4535,1.4656,412899.5,1751065200000,604376.49177,6243,2025-06-27 22:00:00+00:00
1751065200000,1.4655,1.4655,1.4546,1.4591,347939.2,1751068800000,507386.18232,4571,2025-06-27 23:00:00+00:00
1751068800000,1.4592,1.4734,1.4557,1.4644,426591.6,1751072400000,625945.75597,5355,2025-06-28 00:00:00+00:00
1751072400000,1.4645,1.4683,1.4494,1.4564,388293.8,1751076000000,566201.33372,5694,2025-06-28 01:00:00+00:00
1751076000000,1.4565,1.4605,1.4507,1.4545,218083.3,1751079600000,317334.07968,4329,2025-06-28 02:00:00+00:00
1751079600000,1.4545,1.457,1.4477,1.4492,208214.9,1751083200000,302396.00997,2757,2025-06-28 03:00:00+00:00
1751083200000,1.4493,1.4499,1.4379,1.4442,367083.0,1751086800000,529776.29561,3104,2025-06-28 04:00:00+00:00
1751086800000,1.4443,1.4688,1.4413,1.4584,365991.4,1751090400000,533481.98133,5803,2025-06-28 05:00:00+00:00
1751090400000,1.4584,1.466,1.4514,1.4581,279544.3,1751094000000,407649.52478,4833,2025-06-28 06:00:00+00:00
1751094000000,1.458,1.4726,1.4526,1.4717,317133.9,1751097600000,463641.90394,4907,2025-06-28 07:00:00+00:00
1751097600000,1.4717,1.4726,1.4525,1.4546,178045.7,1751101200000,259804.50039,4153,2025-06-28 08:00:00+00:00
1751101200000,1.4545,1.4707,1.4484,1.4642,303795.5,1751104800000,443213.61709,4526,2025-06-28 09:00:00+00:00
1751104800000,1.4642,1.469,1.4588,1.4608,298668.6,1751108400000,437171.45853,4053,2025-06-28 10:00:00+00:00
1751108400000,1.4608,1.4717,1.4555,1.4595,338709.5,1751112000000,495976.78691,5159,2025-06-28 11:00:00+00:00
1751112000000,1.4596,1.4619,1.454,1.456,250878.3,1751115600000,365861.89992,3469,2025-06-28 12:00:00+00:00
1751115600000,1.456,1.4655,1.4429,1.4453,280209.4,1751119200000,406498.96838,4437,2025-06-28 13:00:00+00:00
1751119200000,1.4452,1.4543,1.4444,1.4496,171491.6,1751122800000,248616.17691,3137,2025-06-28 14:00:00+00:00
1751122800000,1.4497,1.4837,1.4479,1.4837,841398.3,1751126400000,1237569.5455,6413,2025-06-28 15:00:00+00:00
1751126400000,1.4836,1.4971,1.457,1.4601,821880.1,1751130000000,1215139.43766,10802,2025-06-28 16:00:00+00:00
1751130000000,1.4601,1.4875,1.4566,1.4862,459865.2,1751133600000,676039.27849,6629,2025-06-28 17:00:00+00:00
1751133600000,1.4864,1.5124,1.477,1.506,1192188.3,1751137200000,1784638.75234,13649,2025-06-28 18:00:00+00:00
1751137200000,1.5061,1.53,1.4937,1.5007,946490.1,1751140800000,1430174.71301,10716,2025-06-28 19:00:00+00:00
1751140800000,1.5007,1.5264,1.499,1.4998,645821.3,1751144400000,975776.02931,8707,2025-06-28 20:00:00+00:00
1751144400000,1.4999,1.5253,1.4991,1.5222,559351.4,1751148000000,845860.54386,6228,2025-06-28 21:00:00+00:00
1751148000000,1.523,1.5457,1.5182,1.5325,711996.5,1751151600000,1093311.61918,11648,2025-06-28 22:00:00+00:00
1751151600000,1.5327,1.5388,1.5125,1.52,345466.1,1751155200000,526168.64586,6275,2025-06-28 23:00:00+00:00
1751155200000,1.52,1.5256,1.5044,1.5132,613192.5,1751158800000,928746.18735,8605,2025-06-29 00:00:00+00:00
1751158800000,1.5131,1.5132,1.4869,1.4894,516904.5,1751162400000,774359.609,5983,2025-06-29 01:00:00+00:00
1751162400000,1.4893,1.5021,1.4833,1.4951,484272.6,1751166000000,722165.75686,6369,2025-06-29 02:00:00+00:00
1751166000000,1.4948,1.4974,1.483,1.4861,214583.7,1751169600000,319578.33025,3289,2025-06-29 03:00:00+00:00
1751169600000,1.486,1.4929,1.4777,1.483,149363.8,1751173200000,221876.98507,2872,2025-06-29 04:00:00+00:00
1751173200000,1.4831,1.485,1.4776,1.485,184124.9,1751176800000,272804.67344,2618,2025-06-29 05:00:00+00:00
1751176800000,1.4851,1.5212,1.4851,1.5189,370076.0,1751180400000,555758.23664,5350,2025-06-29 06:00:00+00:00
1751180400000,1.5192,1.5524,1.5136,1.5483,1202080.0,1751184000000,1850107.80776,13974,2025-06-29 07:00:00+00:00
1751184000000,1.5478,1.597,1.5441,1.5919,1262950.8,1751187600000,1983357.55145,18218,2025-06-29 08:00:00+00:00
1751187600000,1.5918,1.609,1.5831,1.5912,1207188.1,1751191200000,1928394.22921,17272,2025-06-29 09:00:00+00:00
1751191200000,1.591,1.5971,1.5578,1.573,1117158.0,1751194800000,1761003.11932,12149,2025-06-29 10:00:00+00:00
1751194800000,1.5731,1.5805,1.5599,1.5611,407416.6,1751198400000,638506.35173,6777,2025-06-29 11:00:00+00:00
1751198400000,1.5611,1.6034,1.5508,1.5735,1152930.7,1751202000000,1818793.69816,13936,2025-06-29 12:00:00+00:00
1751202000000,1.5732,1.5906,1.5616,1.5629,779982.4,1751205600000,1229675.41768,9984,2025-06-29 13:00:00+00:00
1751205600000,1.5631,1.5835,1.5483,1.5519,723829.4,1751209200000,1131328.33273,8911,2025-06-29 14:00:00+00:00
1751209200000,1.5516,1.5603,1.5419,1.545,579245.9,1751212800000,897788.27579,7355,2025-06-29 15:00:00+00:00
1751212800000,1.5451,1.5579,1.5398,1.5532,482423.1,1751216400000,746939.19256,7160,2025-06-29 16:00:00+00:00
1751216400000,1.5533,1.5579,1.5384,1.5487,300371.3,1751220000000,464120.63519,4542,2025-06-29 17:00:00+00:00
1751220000000,1.5486,1.5854,1.5426,1.5824,441625.1,1751223600000,690639.67788,6672,2025-06-29 18:00:00+00:00
1751223600000,1.5828,1.5886,1.5613,1.5775,319830.0,1751227200000,503091.75308,5879,2025-06-29 19:00:00+00:00
1751227200000,1.5776,1.5806,1.5649,1.5662,194131.9,1751230800000,305519.01679,3971,2025-06-29 20:00:00+00:00
1751230800000,1.5662,1.5941,1.5574,1.5802,493331.2,1751234400000,779648.45665,5344,2025-06-29 21:00:00+00:00
1751234400000,1.5803,1.6707,1.5798,1.6539,2100449.4,1751238000000,3447593.32819,25765,2025-06-29 22:00:00+00:00
1751238000000,1.654,1.6648,1.6217,1.6241,1061999.9,1751241600000,1747759.91284,14069,2025-06-29 23:00:00+00:00
1751241600000,1.6241,1.6372,1.6079,1.6123,1108602.0,1751245200000,1797544.00068,13364,2025-06-30 00:00:00+00:00
1751245200000,1.6122,1.6122,1.5846,1.5902,880033.3,1751248800000,1406055.52311,10910,2025-06-30 01:00:00+00:00
1751248800000,1.5903,1.5932,1.571,1.5719,696979.2,1751252400000,1102056.55934,8824,2025-06-30 02:00:00+00:00
1751252400000,1.5719,1.5812,1.5677,1.5739,559895.4,1751256000000,880609.64851,7371,2025-06-30 03:00:00+00:00
1751256000000,1.5739,1.5813,1.5703,1.5771,376213.9,1751259600000,592660.20529,5876,2025-06-30 04:00:00+00:00
1751259600000,1.577,1.6163,1.5755,1.6098,663239.4,1751263200000,1057860.60592,8785,2025-06-30 05:00:00+00:00
1751263200000,1.6099,1.6116,1.5625,1.5765,996075.1,1751266800000,1580995.79531,12672,2025-06-30 06:00:00+00:00
1751266800000,1.5764,1.5943,1.5714,1.5732,707033.0,1751270400000,1118397.86045,11172,2025-06-30 07:00:00+00:00
1751270400000,1.5732,1.5751,1.55,1.5538,940131.0,1751274000000,1465429.115,10597,2025-06-30 08:00:00+00:00
1751274000000,1.5538,1.5608,1.5352,1.5364,807787.1,1751277600000,1249755.10542,7586,2025-06-30 09:00:00+00:00
1751277600000,1.5364,1.5577,1.5356,1.5448,754233.4,1751281200000,1164602.17645,9052,2025-06-30 10:00:00+00:00
1751281200000,1.5447,1.5566,1.5366,1.5379,819777.7,1751284800000,1267874.50887,9300,2025-06-30 11:00:00+00:00
1751284800000,1.5379,1.5452,1.5217,1.5247,799575.4,1751288400000,1225746.15173,8942,2025-06-30 12:00:00+00:00
1751288400000,1.5247,1.5439,1.5169,1.5202,758297.0,1751292000000,1159550.16948,11748,2025-06-30 13:00:00+00:00
1751292000000,1.5203,1.531,1.4675,1.498,3146487.2,1751295600000,4741058.24938,28435,2025-06-30 14:00:00+00:00
1751295600000,1.4981,1.5367,1.4856,1.5031,2466571.4,1751299200000,3715371.01396,31157,2025-06-30 15:00:00+00:00
1751299200000,1.5031,1.5277,1.4967,1.5219,1127189.5,1751302800000,1703874.87716,16366,2025-06-30 16:00:00+00:00
1751302800000,1.5218,1.5316,1.5046,1.5099,759624.9,1751306400000,1153858.689,11698,2025-06-30 17:00:00+00:00
1751306400000,1.51,1.5141,1.4929,1.4981,583595.2,1751310000000,876492.84355,8723,2025-06-30 18:00:00+00:00
1751310000000,1.4981,1.5312,1.4959,1.5258,627799.5,1751313600000,953627.10225,9112,2025-06-30 19:00:00+00:00
1751313600000,1.526,1.5319,1.5108,1.5131,552853.9,1751317200000,842180.07652,7911,2025-06-30 20:00:00+00:00
1751317200000,1.5128,1.524,1.5026,1.508,448892.3,1751320800000,678977.79297,4183,2025-06-30 21:00:00+00:00
1751320800000,1.5081,1.5145,1.4966,1.4992,323618.9,1751324400000,486724.55214,5133,2025-06-30 22:00:00+00:00
1751324400000,1.4993,1.5159,1.4988,1.5044,334366.3,1751328000000,503530.40972,4708,2025-06-30 23:00:00+00:00
1751328000000,1.5045,1.5179,1.4889,1.5026,613496.1,1751331600000,921869.31917,7440,2025-07-01 00:00:00+00:00
1751331600000,1.5026,1.518,1.4953,1.4964,582489.9,1751335200000,878215.94087,7583,2025-07-01 01:00:00+00:00
1751335200000,1.4966,1.5028,1.4677,1.4752,1010496.3,1751338800000,1498235.90061,10713,2025-07-01 02:00:00+00:00
1751338800000,1.4751,1.488,1.4691,1.4809,354054.9,1751342400000,523419.31626,5800,2025-07-01 03:00:00+00:00
1751342400000,1.4809,1.4817,1.4639,1.4641,526395.1,1751346000000,774505.6701,6622,2025-07-01 04:00:00+00:00
1751346000000,1.4643,1.4689,1.4523,1.4667,458036.9,1751349600000,669048.28592,6692,2025-07-01 05:00:00+00:00
1751349600000,1.4666,1.4684,1.4571,1.4593,217760.3,1751353200000,318654.64527,4578,2025-07-01 06:00:00+00:00
1751353200000,1.4595,1.4766,1.454,1.4763,337369.7,1751356800000,494219.9133,6475,2025-07-01 07:00:00+00:00
1751356800000,1.4762,1.4762,1.4561,1.4646,232575.9,1751360400000,340638.96291,4138,2025-07-01 08:00:00+00:00
1751360400000,1.4645,1.4721,1.4582,1.4676,308625.8,1751364000000,452399.05626,4826,2025-07-01 09:00:00+00:00
1751364000000,1.4674,1.4691,1.4538,1.46,289203.9,1751367600000,422721.87204,4281,2025-07-01 10:00:00+00:00
1751367600000,1.4599,1.4625,1.4467,1.4542,418501.7,1751371200000,607440.52583,5950,2025-07-01 11:00:00+00:00
1751371200000,1.4541,1.4658,1.4491,1.4506,464328.4,1751374800000,676803.07894,6609,2025-07-01 12:00:00+00:00
1751374800000,1.4507,1.4635,1.44,1.4564,695824.3,1751378400000,1010225.0633,9337,2025-07-01 13:00:00+00:00
1751378400000,1.4563,1.4755,1.4428,1.4582,1052494.3,1751382000000,1533678.48428,13770,2025-07-01 14:00:00+00:00
1751382000000,1.4581,1.4706,1.4478,1.4549,416835.5,1751385600000,607086.65142,8101,2025-07-01 15:00:00+00:00
1751385600000,1.455,1.4646,1.4481,1.4521,260378.0,1751389200000,378930.48018,5782,2025-07-01 16:00:00+00:00
1751389200000,1.4521,1.4548,1.4421,1.449,290338.3,1751392800000,420252.74344,5927,2025-07-01 17:00:00+00:00
1751392800000,1.4491,1.4492,1.4303,1.4342,349631.9,1751396400000,502350.87428,6104,2025-07-01 18:00:00+00:00
1751396400000,1.4342,1.4479,1.43,1.4304,309084.0,1751400000000,444669.79912,6424,2025-07-01 19:00:00+00:00
1751400000000,1.4305,1.4432,1.427,1.4376,371618.7,1751403600000,533862.11309,5565,2025-07-01 20:00:00+00:00
1751403600000,1.4377,1.4477,1.4297,1.4378,205539.4,1751407200000,295353.68492,2992,2025-07-01 21:00:00+00:00
1751407200000,1.4377,1.44,1.4272,1.4277,308062.6,1751410800000,442185.90081,3939,2025-07-01 22:00:00+00:00
1751410800000,1.4277,1.4323,1.4198,1.4317,307675.6,1751414400000,438706.27016,4611,2025-07-01 23:00:00+00:00
1751414400000,1.4315,1.4334,1.4151,1.4179,271131.8,1751418000000,386273.74766,5168,2025-07-02 00:00:00+00:00
1751418000000,1.418,1.4346,1.4025,1.4333,596034.2,1751421600000,847358.28703,7935,2025-07-02 01:00:00+00:00
1751421600000,1.4331,1.444,1.4296,1.444,360486.5,1751425200000,517644.20222,4518,2025-07-02 02:00:00+00:00
1751425200000,1.4441,1.4595,1.4429,1.4502,587846.8,1751428800000,852400.91803,8082,2025-07-02 03:00:00+00:00
1751428800000,1.45,1.4719,1.443,1.4703,468772.7,1751432400000,684072.87739,6147,2025-07-02 04:00:00+00:00
1751432400000,1.4704,1.4826,1.4648,1.4808,540857.3,1751436000000,796240.20027,6105,2025-07-02 05:00:00+00:00
1751436000000,1.4807,1.51,1.4772,1.49,957222.5,1751439600000,1426177.51261,10056,2025-07-02 06:00:00+00:00
1751439600000,1.49,1.4937,1.473,1.4821,1221259.7,1751443200000,1810716.29917,9818,2025-07-02 07:00:00+00:00
1751443200000,1.4822,1.4936,1.478,1.4812,661256.2,1751446800000,981531.68306,7908,2025-07-02 08:00:00+00:00
1751446800000,1.4812,1.4836,1.4692,1.4716,338198.5,1751450400000,499595.23459,5009,2025-07-02 09:00:00+00:00
1751450400000,1.4717,1.4887,1.4631,1.481,365537.3,1751454000000,538772.56755,4397,2025-07-02 10:00:00+00:00
1751454000000,1.4811,1.4896,1.47,1.471,293925.2,1751457600000,434654.2637,4654,2025-07-02 11:00:00+00:00
1751457600000,1.471,1.4868,1.4601,1.4868,581373.0,1751461200000,856566.54997,7173,2025-07-02 12:00:00+00:00
1751461200000,1.4868,1.5406,1.4842,1.5345,1306807.9,1751464800000,1977193.12039,15759,2025-07-02 13:00:00+00:00
1751464800000,1.5343,1.5745,1.5258,1.5621,2012151.6,1751468400000,3113297.87482,21216,2025-07-02 14:00:00+00:00
1751468400000,1.5621,1.585,1.5476,1.5788,1223835.5,1751472000000,1913522.21932,16453,2025-07-02 15:00:00+00:00
1751472000000,1.5788,1.6449,1.5752,1.6335,3364037.2,1751475600000,5438452.00141,39725,2025-07-02 16:00:00+00:00
1751475600000,1.6336,1.6504,1.5875,1.6043,2170898.2,1751479200000,3512592.88229,27471,2025-07-02 17:00:00+00:00
1751479200000,1.6044,1.6326,1.6037,1.6282,858042.4,1751482800000,1390246.12724,13469,2025-07-02 18:00:00+00:00
1751482800000,1.6282,1.6323,1.6127,1.6314,788835.5,1751486400000,1278690.70697,12002,2025-07-02 19:00:00+00:00
1751486400000,1.6313,1.6384,1.6124,1.6273,1108590.6,1751490000000,1803447.48698,15500,2025-07-02 20:00:00+00:00
1751490000000,1.6272,1.648,1.6245,1.64,669724.9,1751493600000,1096340.17805,9567,2025-07-02 21:00:00+00:00
1751493600000,1.6396,1.66,1.6313,1.6318,943292.9,1751497200000,1551718.25873,12570,2025-07-02 22:00:00+00:00
1751497200000,1.6321,1.6356,1.6032,1.606,1028269.7,1751500800000,1661077.56253,13191,2025-07-02 23:00:00+00:00
1751500800000,1.606,1.6284,1.5909,1.6193,1206140.1,1751504400000,1940711.93255,14501,2025-07-03 00:00:00+00:00
1751504400000,1.6193,1.6436,1.6098,1.637,605561.8,1751508000000,986507.3213,9894,2025-07-03 01:00:00+00:00
1751508000000,1.6371,1.6378,1.6129,1.628,527045.4,1751511600000,854873.65251,9470,2025-07-03 02:00:00+00:00
1751511600000,1.6279,1.6391,1.6218,1.6236,435693.9,1751515200000,709830.83165,7340,2025-07-03 03:00:00+00:00
1751515200000,1.6235,1.6474,1.6204,1.6428,468644.2,1751518800000,766161.85593,8447,2025-07-03 04:00:00+00:00
1751518800000,1.6429,1.6767,1.6412,1.6655,1290884.4,1751522400000,2139351.54611,14562,2025-07-03 05:00:00+00:00
1751522400000,1.6651,1.7,1.6502,1.6886,1101711.8,1751526000000,1845580.8849,14332,2025-07-03 06:00:00+00:00
1751526000000,1.6885,1.7134,1.671,1.6851,1283645.6,1751529600000,2169191.11162,15072,2025-07-03 07:00:00+00:00
1751529600000,1.6852,1.7008,1.6688,1.6692,810656.6,1751533200000,1366405.55314,11469,2025-07-03 08:00:00+00:00
1751533200000,1.6695,1.715,1.6651,1.7005,1153284.8,1751536800000,1950692.60931,15279,2025-07-03 09:00:00+00:00
1751536800000,1.7008,1.7037,1.6652,1.6824,838567.7,1751540400000,1409142.95253,11120,2025-07-03 10:00:00+00:00
1751540400000,1.6823,1.6841,1.6505,1.6534,662114.9,1751544000000,1100977.49835,9231,2025-07-03 11:00:00+00:00
1751544000000,1.6533,1.6854,1.6203,1.6475,1822830.5,1751547600000,2999435.95847,24094,2025-07-03 12:00:00+00:00
1751547600000,1.6474,1.6826,1.6369,1.6681,1573109.6,1751551200000,2618351.91545,20798,2025-07-03 13:00:00+00:00
1751551200000,1.6679,1.6772,1.6237,1.6313,1434651.0,1751554800000,2361443.37401,18644,2025-07-03 14:00:00+00:00
1751554800000,1.6312,1.635,1.5872,1.6002,1650742.7,1751558400000,2654813.00147,16944,2025-07-03 15:00:00+00:00
1751558400000,1.6001,1.6279,1.5991,1.6186,835659.1,1751562000000,1349439.01469,10195,2025-07-03 16:00:00+00:00
1751562000000,1.6187,1.6376,1.6177,1.6354,259551.6,1751565600000,422188.33465,4483,2025-07-03 17:00:00+00:00
1751565600000,1.6351,1.6443,1.6223,1.6338,308032.2,1751569200000,502716.44575,5330,2025-07-03 18:00:00+00:00
1751569200000,1.6336,1.6464,1.6324,1.6393,274071.0,1751572800000,449283.47815,4962,2025-07-03 19:00:00+00:00
1751572800000,1.6393,1.6587,1.6375,1.6541,314574.8,1751576400000,518821.07866,5483,2025-07-03 20:00:00+00:00
1751576400000,1.6542,1.6592,1.6452,1.6568,311837.4,1751580000000,515214.45581,3357,2025-07-03 21:00:00+00:00
1751580000000,1.6567,1.6698,1.6495,1.6677,390668.0,1751583600000,648717.19099,4734,2025-07-03 22:00:00+00:00
1751583600000,1.6677,1.687,1.6501,1.658,975177.7,1751587200000,1629395.8832,9029,2025-07-03 23:00:00+00:00
1751587200000,1.6579,1.6761,1.6505,1.6592,717554.8,1751590800000,1194875.75973,8804,2025-07-04 00:00:00+00:00
1751590800000,1.6593,1.6729,1.6458,1.648,486299.7,1751594400000,807291.25178,6932,2025-07-04 01:00:00+00:00
1751594400000,1.6483,1.6491,1.6239,1.6302,707108.4,1751598000000,1158554.72758,7965,2025-07-04 02:00:00+00:00
1751598000000,1.6303,1.6422,1.6266,1.641,554620.3,1751601600000,907335.90718,5659,2025-07-04 03:00:00+00:00
1751601600000,1.6409,1.6493,1.6239,1.6255,297692.8,1751605200000,487061.52491,4933,2025-07-04 04:00:00+00:00
1751605200000,1.6255,1.65,1.625,1.6362,560682.0,1751608800000,919862.03932,6181,2025-07-04 05:00:00+00:00
1751608800000,1.6361,1.6366,1.6032,1.6136,1131936.8,1751612400000,1827994.22706,9938,2025-07-04 06:00:00+00:00
1751612400000,1.6135,1.6197,1.5836,1.589,827863.6,1751616000000,1320750.73365,8971,2025-07-04 07:00:00+00:00
1751616000000,1.5891,1.6098,1.51,1.6036,1735844.2,1751619600000,2729990.14658,13633,2025-07-04 08:00:00+00:00
1751619600000,1.6037,1.6224,1.6031,1.6094,812034.8,1751623200000,1312372.47457,6079,2025-07-04 09:00:00+00:00
1751623200000,1.6092,1.6159,1.5953,1.5975,347484.9,1751626800000,557612.58202,4861,2025-07-04 10:00:00+00:00
1751626800000,1.5973,1.6079,1.5915,1.595,381026.0,1751630400000,609655.58544,4727,2025-07-04 11:00:00+00:00
1751630400000,1.595,1.6016,1.5727,1.5844,482960.6,1751634000000,766154.18268,6214,2025-07-04 12:00:00+00:00
1751634000000,1.5843,1.5949,1.5651,1.5702,1211182.9,1751637600000,1909293.88726,12057,2025-07-04 13:00:00+00:00
1751637600000,1.5703,1.5786,1.5526,1.5654,1186559.2,1751641200000,1857793.94262,13221,2025-07-04 14:00:00+00:00
1751641200000,1.5653,1.5688,1.5357,1.5367,1366034.5,1751644800000,2113521.63531,14276,2025-07-04 15:00:00+00:00
1751644800000,1.5365,1.5406,1.5138,1.5348,1000495.5,1751648400000,1527155.88594,13426,2025-07-04 16:00:00+00:00
1751648400000,1.5347,1.5436,1.5223,1.5372,666419.2,1751652000000,1021427.69921,9437,2025-07-04 17:00:00+00:00
1751652000000,1.5372,1.5375,1.5222,1.5315,407391.6,1751655600000,624087.74411,5544,2025-07-04 18:00:00+00:00
1751655600000,1.5316,1.5368,1.5224,1.5263,222495.4,1751659200000,340490.5819,4133,2025-07-04 19:00:00+00:00
1751659200000,1.5263,1.5439,1.5224,1.5355,370045.9,1751662800000,568331.3715,5202,2025-07-04 20:00:00+00:00
1751662800000,1.5354,1.5502,1.5334,1.5473,568016.1,1751666400000,876000.36705,4248,2025-07-04 21:00:00+00:00
1751666400000,1.5472,1.5764,1.544,1.5728,976505.4,1751670000000,1525152.48489,8186,2025-07-04 22:00:00+00:00
1751670000000,1.5727,1.5727,1.5439,1.5492,844599.9,1751673600000,1312043.53198,6521,2025-07-04 23:00:00+00:00
1751673600000,1.5492,1.5759,1.5451,1.5678,898007.7,1751677200000,1402534.2882,7556,2025-07-05 00:00:00+00:00
1751677200000,1.5677,1.5677,1.5524,1.558,303988.1,1751680800000,473604.65564,4686,2025-07-05 01:00:00+00:00
1751680800000,1.558,1.558,1.5425,1.5569,235506.3,1751684400000,365183.46694,4221,2025-07-05 02:00:00+00:00
1751684400000,1.5569,1.5798,1.556,1.5768,552711.9,1751688000000,868411.20205,6184,2025-07-05 03:00:00+00:00
1751688000000,1.5768,1.5771,1.5579,1.5589,327096.0,1751691600000,513082.14555,4088,2025-07-05 04:00:00+00:00
1751691600000,1.5586,1.5927,1.5547,1.5897,484862.0,1751695200000,764067.43002,6475,2025-07-05 05:00:00+00:00
1751695200000,1.5898,1.6173,1.5824,1.6162,831239.5,1751698800000,1325998.74976,8127,2025-07-05 06:00:00+00:00
1751698800000,1.6164,1.6222,1.595,1.5999,600860.8,1751702400000,965219.84498,7671,2025-07-05 07:00:00+00:00
1751702400000,1.6,1.6106,1.5779,1.5831,1101778.2,1751706000000,1752054.84993,10813,2025-07-05 08:00:00+00:00
1751706000000,1.5831,1.5869,1.5668,1.5828,558366.5,1751709600000,879124.75541,7381,2025-07-05 09:00:00+00:00
1751709600000,1.5826,1.5833,1.5683,1.5701,254207.8,1751713200000,399950.3166,4781,2025-07-05 10:00:00+00:00
1751713200000,1.5702,1.5732,1.558,1.5596,294390.8,1751716800000,461433.77165,3889,2025-07-05 11:00:00+00:00
1751716800000,1.5595,1.563,1.5455,1.5521,380068.1,1751720400000,590577.50672,5837,2025-07-05 12:00:00+00:00
1751720400000,1.5522,1.5619,1.5398,1.543,445348.8,1751724000000,691144.69548,5373,2025-07-05 13:00:00+00:00
1751724000000,1.543,1.5526,1.5354,1.5504,635626.7,1751727600000,981814.57472,6740,2025-07-05 14:00:00+00:00
1751727600000,1.5502,1.5551,1.5425,1.5445,321505.0,1751731200000,498488.94495,5109,2025-07-05 15:00:00+00:00
1751731200000,1.5444,1.5559,1.5354,1.5496,297500.6,1751734800000,460307.72465,5596,2025-07-05 16:00:00+00:00
1751734800000,1.5497,1.5542,1.5326,1.5384,335673.0,1751738400000,517203.43661,5798,2025-07-05 17:00:00+00:00
1751738400000,1.5385,1.5387,1.5148,1.52,969100.7,1751742000000,1474789.26043,6503,2025-07-05 18:00:00+00:00
1751742000000,1.52,1.5371,1.5161,1.5346,212719.3,1751745600000,324626.89329,4093,2025-07-05 19:00:00+00:00
1751745600000,1.5347,1.5368,1.5259,1.5349,321170.9,1751749200000,491342.1063,3689,2025-07-05 20:00:00+00:00
1751749200000,1.5349,1.544,1.5314,1.5403,173662.4,1751752800000,267027.01172,3113,2025-07-05 21:00:00+00:00
1751752800000,1.5399,1.5466,1.5355,1.5414,252973.8,1751756400000,389602.57949,2888,2025-07-05 22:00:00+00:00
1751756400000,1.5413,1.5508,1.5385,1.5414,193966.8,1751760000000,299651.42748,3027,2025-07-05 23:00:00+00:00
1751760000000,1.5415,1.5481,1.5386,1.5469,206113.3,1751763600000,318022.30039,3705,2025-07-06 00:00:00+00:00
1751763600000,1.5468,1.5481,1.5359,1.5408,181497.4,1751767200000,279379.35794,3205,2025-07-06 01:00:00+00:00
1751767200000,1.5409,1.5567,1.536,1.536,445146.8,1751770800000,688916.79188,5124,2025-07-06 02:00:00+00:00
1751770800000,1.5359,1.5382,1.5292,1.5305,315586.9,1751774400000,483732.22714,4273,2025-07-06 03:00:00+00:00
1751774400000,1.5305,1.5414,1.528,1.5323,214472.5,1751778000000,329100.70145,3304,2025-07-06 04:00:00+00:00
1751778000000,1.5322,1.5336,1.5264,1.5276,265595.6,1751781600000,406249.05784,2547,2025-07-06 05:00:00+00:00
1751781600000,1.5277,1.5383,1.5235,1.5353,304095.6,1751785200000,465340.77777,3843,2025-07-06 06:00:00+00:00
1751785200000,1.5354,1.5508,1.5286,1.5289,429663.6,1751788800000,662259.69305,6243,2025-07-06 07:00:00+00:00
1751788800000,1.529,1.5348,1.5173,1.5296,572104.8,1751792400000,873196.38422,6869,2025-07-06 08:00:00+00:00
1751792400000,1.5298,1.537,1.5196,1.5207,288810.0,1751796000000,442018.08825,4909,2025-07-06 09:00:00+00:00
1751796000000,1.5208,1.5347,1.5173,1.5278,802984.2,1751799600000,1226595.44586,6840,2025-07-06 10:00:00+00:00
1751799600000,1.5278,1.5481,1.5238,1.5454,296499.9,1751803200000,455574.50066,5064,2025-07-06 11:00:00+00:00
1751803200000,1.5458,1.5552,1.5358,1.5518,362447.5,1751806800000,560368.81488,7113,2025-07-06 12:00:00+00:00
1751806800000,1.5517,1.5937,1.5362,1.574,2074051.0,1751810400000,3242488.28068,17486,2025-07-06 13:00:00+00:00
1751810400000,1.5741,1.5838,1.5548,1.563,1001177.1,1751814000000,1572043.98373,11634,2025-07-06 14:00:00+00:00
1751814000000,1.5631,1.5673,1.5383,1.5493,534904.6,1751817600000,829540.51583,8178,2025-07-06 15:00:00+00:00
1751817600000,1.5495,1.5578,1.5444,1.5569,313588.9,1751821200000,486602.14093,6224,2025-07-06 16:00:00+00:00
1751821200000,1.5572,1.5602,1.5455,1.5536,304940.6,1751824800000,473818.54806,5103,2025-07-06 17:00:00+00:00
1751824800000,1.5537,1.5551,1.5326,1.5426,320972.4,1751828400000,495238.55584,5976,2025-07-06 18:00:00+00:00
1751828400000,1.5426,1.5496,1.5388,1.5467,165298.0,1751832000000,255472.55696,4057,2025-07-06 19:00:00+00:00
1751832000000,1.5466,1.5644,1.5463,1.5558,207489.0,1751835600000,323168.92568,4128,2025-07-06 20:00:00+00:00
1751835600000,1.556,1.5914,1.556,1.577,649219.4,1751839200000,1025741.91817,6405,2025-07-06 21:00:00+00:00
1751839200000,1.5771,1.5949,1.5713,1.572,759790.7,1751842800000,1204188.01057,8740,2025-07-06 22:00:00+00:00
1751842800000,1.5721,1.5732,1.5442,1.5528,596576.4,1751846400000,928673.3349,8093,2025-07-06 23:00:00+00:00
1751846400000,1.5528,1.5565,1.539,1.5462,498031.6,1751850000000,769994.34318,7729,2025-07-07 00:00:00+00:00
1751850000000,1.5463,1.5625,1.5396,1.5597,500854.1,1751853600000,778428.13649,6832,2025-07-07 01:00:00+00:00
1751853600000,1.5597,1.5941,1.5597,1.5749,515172.9,1751857200000,813731.467,7724,2025-07-07 02:00:00+00:00
1751857200000,1.5749,1.5973,1.5685,1.5719,433568.2,1751860800000,685463.67443,6272,2025-07-07 03:00:00+00:00
1751860800000,1.572,1.581,1.5652,1.5656,241177.5,1751864400000,379657.06845,4473,2025-07-07 04:00:00+00:00
1751864400000,1.5655,1.5718,1.5565,1.5604,236286.4,1751868000000,369922.27608,4560,2025-07-07 05:00:00+00:00
1751868000000,1.5603,1.5637,1.5434,1.5468,361711.5,1751871600000,561453.13384,4523,2025-07-07 06:00:00+00:00
1751871600000,1.5469,1.5618,1.54,1.5618,304549.8,1751875200000,472052.43025,4808,2025-07-07 07:00:00+00:00
1751875200000,1.5618,1.5673,1.5514,1.5585,299310.9,1751878800000,466384.97615,4980,2025-07-07 08:00:00+00:00
1751878800000,1.5584,1.5687,1.5403,1.5432,592592.0,1751882400000,918953.04269,6021,2025-07-07 09:00:00+00:00
1751882400000,1.5431,1.5451,1.5323,1.5364,866942.8,1751886000000,1333116.65398,7557,2025-07-07 10:00:00+00:00
1751886000000,1.5366,1.5518,1.5321,1.5406,362226.3,1751889600000,558797.72835,5132,2025-07-07 11:00:00+00:00
1751889600000,1.5406,1.5415,1.5248,1.5289,253459.1,1751893200000,388055.48714,4861,2025-07-07 12:00:00+00:00
1751893200000,1.529,1.5394,1.5074,1.5337,950917.9,1751896800000,1447930.26967,9954,2025-07-07 13:00:00+00:00
1751896800000,1.5337,1.5371,1.4913,1.498,1439582.7,1751900400000,2168649.78874,12801,2025-07-07 14:00:00+00:00
1751900400000,1.498,1.5085,1.494,1.5,397535.8,1751904000000,597314.46579,7034,2025-07-07 15:00:00+00:00
1751904000000,1.4999,1.5022,1.4758,1.4815,875907.8,1751907600000,1303435.84543,12174,2025-07-07 16:00:00+00:00
1751907600000,1.4816,1.494,1.47,1.4845,543354.5,1751911200000,805357.61269,7257,2025-07-07 17:00:00+00:00
1751911200000,1.4842,1.492,1.4729,1.491,380491.5,1751914800000,563754.29711,5815,2025-07-07 18:00:00+00:00
1751914800000,1.491,1.5066,1.4854,1.4884,439437.2,1751918400000,657715.25422,6128,2025-07-07 19:00:00+00:00
1751918400000,1.4883,1.4883,1.4642,1.478,441319.5,1751922000000,651135.25069,6931,2025-07-07 20:00:00+00:00
1751922000000,1.4781,1.4887,1.4752,1.483,260898.4,1751925600000,386781.1932,3010,2025-07-07 21:00:00+00:00
1751925600000,1.4829,1.4876,1.4749,1.4831,212905.4,1751929200000,315498.71395,4027,2025-07-07 22:00:00+00:00
1751929200000,1.4832,1.5004,1.4832,1.4976,257166.1,1751932800000,383999.80155,3482,2025-07-07 23:00:00+00:00
1751932800000,1.4976,1.5208,1.4938,1.5086,511452.9,1751936400000,770737.92317,7796,2025-07-08 00:00:00+00:00
1751936400000,1.5086,1.5088,1.4903,1.4906,354435.0,1751940000000,531877.16852,6115,2025-07-08 01:00:00+00:00
1751940000000,1.4904,1.4928,1.4743,1.4795,614378.5,1751943600000,910991.36302,8661,2025-07-08 02:00:00+00:00
1751943600000,1.4795,1.4824,1.4661,1.468,333489.9,1751947200000,491545.68647,5041,2025-07-08 03:00:00+00:00
1751947200000,1.468,1.4782,1.4617,1.4749,329073.4,1751950800000,483764.76401,5387,2025-07-08 04:00:00+00:00
1751950800000,1.4747,1.4761,1.4618,1.4645,413514.3,1751954400000,606209.60864,7405,2025-07-08 05:00:00+00:00
1751954400000,1.4645,1.4764,1.4622,1.4643,483681.0,1751958000000,709688.9838,7331,2025-07-08 06:00:00+00:00
1751958000000,1.4642,1.4771,1.458,1.4748,564165.5,1751961600000,827130.71742,6757,2025-07-08 07:00:00+00:00
1751961600000,1.4749,1.4842,1.4621,1.4637,402712.0,1751965200000,592639.62287,7138,2025-07-08 08:00:00+00:00
1751965200000,1.4638,1.4751,1.4609,1.472,512638.4,1751968800000,752678.18944,8271,2025-07-08 09:00:00+00:00
1751968800000,1.4719,1.4834,1.4708,1.4803,509503.5,1751972400000,753070.01249,8372,2025-07-08 10:00:00+00:00
1751972400000,1.4805,1.49,1.4652,1.4691,836829.4,1751976000000,1234574.77736,10729,2025-07-08 11:00:00+00:00
1751976000000,1.4692,1.4773,1.4621,1.4736,688331.2,1751979600000,1010881.63291,9635,2025-07-08 12:00:00+00:00
1751979600000,1.4735,1.4815,1.4521,1.4722,881870.9,1751983200000,1294105.49426,13058,2025-07-08 13:00:00+00:00
1751983200000,1.4723,1.4747,1.449,1.4557,944015.6,1751986800000,1375122.03165,15054,2025-07-08 14:00:00+00:00
1751986800000,1.4556,1.4592,1.435,1.4399,1164865.3,1751990400000,1683374.37114,11414,2025-07-08 15:00:00+00:00
1751990400000,1.44,1.4579,1.43,1.4496,727779.7,1751994000000,1051835.56031,9971,2025-07-08 16:00:00+00:00
1751994000000,1.4497,1.4822,1.4461,1.4722,839418.6,1751997600000,1233248.13275,11297,2025-07-08 17:00:00+00:00
1751997600000,1.4721,1.4881,1.4712,1.4872,558516.8,1752001200000,826617.47144,8172,2025-07-08 18:00:00+00:00
1752001200000,1.4871,1.4871,1.4596,1.4684,534564.3,1752004800000,786605.17323,6829,2025-07-08 19:00:00+00:00
1752004800000,1.4683,1.4756,1.4622,1.4626,157807.4,1752008400000,231755.89843,3444,2025-07-08 20:00:00+00:00
1752008400000,1.4625,1.475,1.4616,1.473,164425.8,1752012000000,241432.56802,2547,2025-07-08 21:00:00+00:00
1752012000000,1.4731,1.4815,1.4674,1.4773,217462.9,1752015600000,320470.8106,3789,2025-07-08 22:00:00+00:00
1752015600000,1.4772,1.4789,1.4706,1.4732,162641.3,1752019200000,239823.85784,3467,2025-07-08 23:00:00+00:00
1752019200000,1.4733,1.475,1.4583,1.463,223813.0,1752022800000,327975.45362,4091,2025-07-09 00:00:00+00:00
1752022800000,1.4629,1.4733,1.45,1.4548,391638.4,1752026400000,570777.21402,6870,2025-07-09 01:00:00+00:00
1752026400000,1.4549,1.4564,1.4426,1.4448,433871.0,1752030000000,628384.35395,6799,2025-07-09 02:00:00+00:00
1752030000000,1.4449,1.4538,1.4422,1.4495,243623.3,1752033600000,352395.00286,4203,2025-07-09 03:00:00+00:00
1752033600000,1.4494,1.4632,1.4464,1.4604,192312.0,1752037200000,279582.5669,3524,2025-07-09 04:00:00+00:00
1752037200000,1.4605,1.4809,1.4535,1.4687,470769.8,1752040800000,690865.74598,7033,2025-07-09 05:00:00+00:00
1752040800000,1.4688,1.4723,1.4557,1.4643,385818.1,1752044400000,563914.63264,6447,2025-07-09 06:00:00+00:00
1752044400000,1.4643,1.4723,1.455,1.4689,316038.1,1752048000000,461992.33763,6413,2025-07-09 07:00:00+00:00
1752048000000,1.4689,1.48,1.466,1.4701,396351.5,1752051600000,584069.15485,5111,2025-07-09 08:00:00+00:00
1752051600000,1.4702,1.476,1.4578,1.4676,291123.8,1752055200000,426632.64958,4157,2025-07-09 09:00:00+00:00
1752055200000,1.4674,1.4761,1.4612,1.4674,260899.6,1752058800000,382995.513,3681,2025-07-09 10:00:00+00:00
1752058800000,1.4676,1.4781,1.4645,1.4738,692910.4,1752062400000,1021820.66533,6508,2025-07-09 11:00:00+00:00
1752062400000,1.4739,1.5085,1.4684,1.4887,1310777.7,1752066000000,1957643.63344,14886,2025-07-09 12:00:00+00:00
1752066000000,1.4887,1.5032,1.4786,1.4806,748732.5,1752069600000,1118316.83809,11963,2025-07-09 13:00:00+00:00
1752069600000,1.4807,1.4983,1.4569,1.4701,1103669.3,1752073200000,1626504.42792,15881,2025-07-09 14:00:00+00:00
1752073200000,1.47,1.479,1.4587,1.4667,542830.5,1752076800000,796418.48262,9113,2025-07-09 15:00:00+00:00
1752076800000,1.4668,1.4882,1.4666,1.4786,470425.2,1752080400000,695097.63749,7614,2025-07-09 16:00:00+00:00
1752080400000,1.4789,1.4797,1.4581,1.4652,472657.2,1752084000000,692912.9719,7686,2025-07-09 17:00:00+00:00
1752084000000,1.465,1.5019,1.4634,1.4859,909093.0,1752087600000,1353697.01917,10542,2025-07-09 18:00:00+00:00
1752087600000,1.4859,1.5679,1.4845,1.5575,3640543.8,1752091200000,5610849.72302,35969,2025-07-09 19:00:00+00:00
1752091200000,1.5574,1.5632,1.5081,1.5384,3444631.4,1752094800000,5267147.87009,31803,2025-07-09 20:00:00+00:00
1752094800000,1.5382,1.5698,1.5373,1.5553,1106484.4,1752098400000,1721534.79219,13834,2025-07-09 21:00:00+00:00
1752098400000,1.5554,1.5718,1.5499,1.5589,880929.8,1752102000000,1374506.15288,10810,2025-07-09 22:00:00+00:00
1752102000000,1.5588,1.5791,1.5516,1.5599,705710.9,1752105600000,1102798.03883,8818,2025-07-09 23:00:00+00:00
1752105600000,1.56,1.5951,1.5541,1.5612,2293509.6,1752109200000,3614387.15527,22433,2025-07-10 00:00:00+00:00
1752109200000,1.5613,1.5998,1.5613,1.5804,940494.9,1752112800000,1488420.22811,10970,2025-07-10 01:00:00+00:00
1752112800000,1.5807,1.6051,1.5769,1.592,918358.9,1752116400000,1461318.70093,12366,2025-07-10 02:00:00+00:00
1752116400000,1.592,1.5984,1.57,1.589,732126.6,1752120000000,1158470.10061,7281,2025-07-10 03:00:00+00:00
1752120000000,1.5889,1.6066,1.5736,1.6064,597759.8,1752123600000,952090.79946,8904,2025-07-10 04:00:00+00:00
1752123600000,1.6065,1.6343,1.6005,1.6206,990115.4,1752127200000,1600983.25496,11062,2025-07-10 05:00:00+00:00
1752127200000,1.6207,1.6336,1.5965,1.6242,801501.2,1752130800000,1294134.73677,9769,2025-07-10 06:00:00+00:00
1752130800000,1.6241,1.6709,1.6236,1.638,1809002.1,1752134400000,2983981.76396,16846,2025-07-10 07:00:00+00:00
1752134400000,1.6379,1.65,1.6278,1.65,674960.0,1752138000000,1105608.31751,8668,2025-07-10 08:00:00+00:00
1752138000000,1.6501,1.6526,1.6114,1.6127,685484.1,1752141600000,1117576.79845,9172,2025-07-10 09:00:00+00:00
1752141600000,1.6128,1.6334,1.5985,1.6287,892424.2,1752145200000,1439733.93488,10345,2025-07-10 10:00:00+00:00
1752145200000,1.6285,1.6337,1.6192,1.629,517211.0,1752148800000,841156.20997,7875,2025-07-10 11:00:00+00:00
1752148800000,1.6291,1.6292,1.5991,1.6112,538082.9,1752152400000,867323.17106,7981,2025-07-10 12:00:00+00:00
1752152400000,1.6111,1.6312,1.587,1.6015,1056765.1,1752156000000,1696036.55744,12373,2025-07-10 13:00:00+00:00
1752156000000,1.6014,1.6143,1.592,1.6055,751277.6,1752159600000,1203129.53435,9408,2025-07-10 14:00:00+00:00
1752159600000,1.6056,1.6076,1.5842,1.5959,429849.0,1752163200000,686065.67157,7116,2025-07-10 15:00:00+00:00
1752163200000,1.5961,1.6704,1.5938,1.6648,1842213.9,1752166800000,3030778.35552,20120,2025-07-10 16:00:00+00:00
1752166800000,1.6647,1.72,1.652,1.711,3051862.6,1752170400000,5156469.9513,28530,2025-07-10 17:00:00+00:00
1752170400000,1.7111,1.7122,1.6689,1.6828,1621997.0,1752174000000,2747218.93925,16780,2025-07-10 18:00:00+00:00
1752174000000,1.6827,1.6945,1.6587,1.6661,1064711.3,1752177600000,1782148.35307,10547,2025-07-10 19:00:00+00:00
1752177600000,1.6658,1.6908,1.6655,1.6848,517809.6,1752181200000,869995.31171,8026,2025-07-10 20:00:00+00:00
1752181200000,1.6846,1.7834,1.6825,1.7679,3567049.7,1752184800000,6233113.78666,32851,2025-07-10 21:00:00+00:00
1752184800000,1.7681,1.7891,1.7534,1.7867,1360901.1,1752188400000,2408792.15285,20830,2025-07-10 22:00:00+00:00
1752188400000,1.7867,1.7922,1.7494,1.7616,1209237.9,1752192000000,2138318.86763,17805,2025-07-10 23:00:00+00:00
1752192000000,1.7614,1.7716,1.7287,1.7458,1209040.3,1752195600000,2114439.02991,18970,2025-07-11 00:00:00+00:00
1752195600000,1.7457,1.7888,1.7446,1.7874,675085.3,1752199200000,1196096.97733,11578,2025-07-11 01:00:00+00:00
1752199200000,1.7873,1.815,1.7804,1.8023,789534.3,1752202800000,1419173.85034,11453,2025-07-11 02:00:00+00:00
1752202800000,1.8022,1.8178,1.7932,1.8131,767538.8,1752206400000,1384763.19795,11268,2025-07-11 03:00:00+00:00
1752206400000,1.8132,1.8282,1.791,1.8251,672368.2,1752210000000,1214170.64443,9479,2025-07-11 04:00:00+00:00
1752210000000,1.8248,1.861,1.8225,1.8416,1856768.4,1752213600000,3426120.39442,22672,2025-07-11 05:00:00+00:00
1752213600000,1.8415,1.8605,1.7914,1.795,1543349.2,1752217200000,2830586.37139,18280,2025-07-11 06:00:00+00:00
1752217200000,1.7951,1.8096,1.7741,1.7818,1144070.1,1752220800000,2048305.35749,14263,2025-07-11 07:00:00+00:00
1752220800000,1.7819,1.83,1.7818,1.8299,773331.8,1752224400000,1396027.54647,10784,2025-07-11 08:00:00+00:00
1752224400000,1.83,1.8518,1.8159,1.8466,1037006.3,1752228000000,1904930.47494,14078,2025-07-11 09:00:00+00:00
1752228000000,1.8468,1.8516,1.8275,1.8303,726904.2,1752231600000,1338062.46671,11965,2025-07-11 10:00:00+00:00
1752231600000,1.8306,1.8397,1.8145,1.8368,1043803.5,1752235200000,1907247.18011,13141,2025-07-11 11:00:00+00:00
1752235200000,1.8369,1.8535,1.8186,1.8465,672214.3,1752238800000,1236348.4107,10504,2025-07-11 12:00:00+00:00
1752238800000,1.8465,1.8809,1.8221,1.855,1466774.7,1752242400000,2712616.85673,23534,2025-07-11 13:00:00+00:00
1752242400000,1.8552,1.8734,1.8343,1.8484,1358116.9,1752246000000,2525436.65711,23261,2025-07-11 14:00:00+00:00
1752246000000,1.8483,1.8493,1.4628,1.7626,3534507.5,1752249600000,6251978.82851,36817,2025-07-11 15:00:00+00:00
1752249600000,1.7627,1.803,1.7596,1.7896,1637099.9,1752253200000,2918345.91614,21500,2025-07-11 16:00:00+00:00
1752253200000,1.7899,1.807,1.7813,1.7966,1098814.7,1752256800000,1969591.84792,16307,2025-07-11 17:00:00+00:00
1752256800000,1.7966,1.8035,1.7727,1.7816,560047.0,1752260400000,999870.31637,10795,2025-07-11 18:00:00+00:00
1752260400000,1.7816,1.7991,1.7724,1.7958,635321.5,1752264000000,1134667.66262,9500,2025-07-11 19:00:00+00:00
1752264000000,1.7957,1.7957,1.7526,1.7526,692050.6,1752267600000,1228431.12623,12559,2025-07-11 20:00:00+00:00
1752267600000,1.7526,1.7629,1.7179,1.7274,1424771.8,1752271200000,2481173.96014,12661,2025-07-11 21:00:00+00:00
1752271200000,1.7275,1.733,1.6669,1.7028,1748310.1,1752274800000,2962436.1312,23447,2025-07-11 22:00:00+00:00
1752274800000,1.7028,1.7215,1.6983,1.7134,673793.7,1752278400000,1153599.71973,12770,2025-07-11 23:00:00+00:00
1752278400000,1.7136,1.7273,1.6876,1.7075,653338.3,1752282000000,1114048.31485,11686,2025-07-12 00:00:00+00:00
1752282000000,1.7076,1.7563,1.7076,1.7446,607762.0,1752285600000,1056069.95304,10769,2025-07-12 01:00:00+00:00
1752285600000,1.7444,1.7619,1.7358,1.7466,669364.9,1752289200000,1171880.66574,7821,2025-07-12 02:00:00+00:00
1752289200000,1.7465,1.7621,1.7445,1.7621,356784.7,1752292800000,626003.0207,5488,2025-07-12 03:00:00+00:00
1752292800000,1.762,1.7657,1.7204,1.7277,461515.3,1752296400000,801475.73737,7038,2025-07-12 04:00:00+00:00
1752296400000,1.7277,1.7383,1.7046,1.7261,450118.6,1752300000000,774276.3358,8036,2025-07-12 05:00:00+00:00
1752300000000,1.726,1.7458,1.7094,1.7422,515526.9,1752303600000,890046.85939,8863,2025-07-12 06:00:00+00:00
1752303600000,1.7421,1.7604,1.7382,1.7458,558540.9,1752307200000,976345.7413,8915,2025-07-12 07:00:00+00:00
1752307200000,1.7457,1.7629,1.744,1.7623,321414.8,1752310800000,563690.12101,6730,2025-07-12 08:00:00+00:00
1752310800000,1.7622,1.7797,1.752,1.7762,535733.0,1752314400000,946895.35622,8987,2025-07-12 09:00:00+00:00
1752314400000,1.7761,1.7761,1.756,1.7612,381825.2,1752318000000,673010.62255,6266,2025-07-12 10:00:00+00:00
1752318000000,1.7611,1.767,1.7464,1.7524,362616.7,1752321600000,635926.94799,7509,2025-07-12 11:00:00+00:00
1752321600000,1.7523,1.7615,1.685,1.7054,1010805.6,1752325200000,1733076.36772,16499,2025-07-12 12:00:00+00:00
1752325200000,1.7054,1.7054,1.6619,1.6942,1258273.7,1752328800000,2116364.57437,17481,2025-07-12 13:00:00+00:00
1752328800000,1.6942,1.7168,1.6825,1.6862,670252.5,1752332400000,1140222.57171,10857,2025-07-12 14:00:00+00:00
1752332400000,1.686,1.6889,1.6372,1.6586,2343859.7,1752336000000,3882940.21913,24285,2025-07-12 15:00:00+00:00
1752336000000,1.6587,1.6825,1.6462,1.6679,714016.6,1752339600000,1193169.5817,13000,2025-07-12 16:00:00+00:00
1752339600000,1.668,1.71,1.6647,1.7066,407124.9,1752343200000,690218.23967,9102,2025-07-12 17:00:00+00:00
1752343200000,1.7066,1.7204,1.695,1.7139,270627.1,1752346800000,462061.45679,6924,2025-07-12 18:00:00+00:00
1752346800000,1.7139,1.7328,1.7081,1.7238,226884.8,1752350400000,390331.50177,5819,2025-07-12 19:00:00+00:00
1752350400000,1.7239,1.727,1.6945,1.6966,399797.3,1752354000000,684225.05851,5992,2025-07-12 20:00:00+00:00
1752354000000,1.6965,1.713,1.6939,1.7108,271382.0,1752357600000,462898.44104,3571,2025-07-12 21:00:00+00:00
1752357600000,1.7109,1.7126,1.6893,1.707,209245.5,1752361200000,356383.78159,4959,2025-07-12 22:00:00+00:00
1752361200000,1.7068,1.7175,1.6944,1.7078,215761.3,1752364800000,368152.02643,4666,2025-07-12 23:00:00+00:00
1752364800000,1.7078,1.721,1.6992,1.7052,403509.4,1752368400000,690277.43653,8627,2025-07-13 00:00:00+00:00
1752368400000,1.7052,1.7326,1.7021,1.7197,554035.4,1752372000000,950595.55455,9206,2025-07-13 01:00:00+00:00
1752372000000,1.7196,1.7336,1.7033,1.7282,255364.2,1752375600000,438489.87852,6486,2025-07-13 02:00:00+00:00
1752375600000,1.7284,1.7309,1.7124,1.7148,300471.3,1752379200000,516705.10599,5702,2025-07-13 03:00:00+00:00
1752379200000,1.715,1.7223,1.699,1.7196,207715.2,1752382800000,355001.9098,5808,2025-07-13 04:00:00+00:00
1752382800000,1.7197,1.7248,1.702,1.7042,390309.6,1752386400000,667894.22405,7206,2025-07-13 05:00:00+00:00
1752386400000,1.7041,1.7186,1.7017,1.7072,305729.6,1752390000000,523276.74388,6243,2025-07-13 06:00:00+00:00
1752390000000,1.7072,1.732,1.7008,1.7238,420896.2,1752393600000,723281.37509,6386,2025-07-13 07:00:00+00:00
1752393600000,1.724,1.7279,1.6945,1.7039,435347.4,1752397200000,742752.86157,7220,2025-07-13 08:00:00+00:00
1752397200000,1.7041,1.7129,1.6916,1.6998,306379.7,1752400800000,520948.04653,6915,2025-07-13 09:00:00+00:00
1752400800000,1.6998,1.7151,1.6961,1.7034,380421.0,1752404400000,648739.48833,6238,2025-07-13 10:00:00+00:00
1752404400000,1.7036,1.7544,1.7016,1.7534,759970.3,1752408000000,1317258.51868,12355,2025-07-13 11:00:00+00:00
1752408000000,1.7536,1.7743,1.7324,1.7647,777342.2,1752411600000,1364794.84825,13371,2025-07-13 12:00:00+00:00
1752411600000,1.7649,1.768,1.7432,1.7559,828033.6,1752415200000,1454421.4033,14561,2025-07-13 13:00:00+00:00
1752415200000,1.7559,1.7903,1.7318,1.7389,1306423.4,1752418800000,2303664.53229,24417,2025-07-13 14:00:00+00:00
1752418800000,1.7391,1.7572,1.7113,1.7262,862470.0,1752422400000,1497644.74531,16032,2025-07-13 15:00:00+00:00
1752422400000,1.7263,1.7496,1.7111,1.7143,671931.6,1752426000000,1164201.37404,13961,2025-07-13 16:00:00+00:00
1752426000000,1.7144,1.7371,1.7043,1.7276,429587.4,1752429600000,739747.77514,8860,2025-07-13 17:00:00+00:00
1752429600000,1.7277,1.7577,1.7229,1.74,327579.9,1752433200000,571054.15234,10399,2025-07-13 18:00:00+00:00
1752433200000,1.74,1.759,1.7315,1.734,393310.1,1752436800000,686144.5883,9974,2025-07-13 19:00:00+00:00
1752436800000,1.7339,1.7533,1.7242,1.7393,312103.5,1752440400000,542843.08371,8554,2025-07-13 20:00:00+00:00
1752440400000,1.7392,1.74,1.6809,1.7076,732056.5,1752444000000,1246079.38887,8037,2025-07-13 21:00:00+00:00
1752444000000,1.7076,1.7159,1.6871,1.702,1155603.4,1752447600000,1969091.86118,13102,2025-07-13 22:00:00+00:00
1752447600000,1.7019,1.7152,1.6941,1.709,552065.9,1752451200000,941134.19426,10314,2025-07-13 23:00:00+00:00
1752451200000,1.7091,1.7296,1.6923,1.7139,1249747.8,1752454800000,2132178.39728,13901,2025-07-14 00:00:00+00:00
1752454800000,1.714,1.7398,1.6988,1.7389,583795.1,1752458400000,1001074.36212,12601,2025-07-14 01:00:00+00:00
1752458400000,1.7388,1.85,1.7328,1.7752,3147281.0,1752462000000,5643308.76602,35034,2025-07-14 02:00:00+00:00
1752462000000,1.775,1.8288,1.7636,1.8111,1607373.4,1752465600000,2893146.98442,24600,2025-07-14 03:00:00+00:00
1752465600000,1.8112,1.8388,1.788,1.8369,1342226.2,1752469200000,2435357.93649,18999,2025-07-14 04:00:00+00:00
1752469200000,1.837,1.8382,1.7556,1.7916,1664194.3,1752472800000,3002606.22006,23912,2025-07-14 05:00:00+00:00
1752472800000,1.7917,1.7921,1.7622,1.7763,1003214.8,1752476400000,1781275.97187,15622,2025-07-14 06:00:00+00:00
1752476400000,1.7762,1.805,1.775,1.7973,764897.6,1752480000000,1371800.49361,13314,2025-07-14 07:00:00+00:00
1752480000000,1.7975,1.7996,1.7563,1.7891,944202.8,1752483600000,1676427.8403,14128,2025-07-14 08:00:00+00:00
1752483600000,1.7891,1.8114,1.7826,1.7952,790727.0,1752487200000,1419760.12935,13960,2025-07-14 09:00:00+00:00
1752487200000,1.7951,1.8249,1.7703,1.8031,829460.0,1752490800000,1496524.44701,13819,2025-07-14 10:00:00+00:00
1752490800000,1.8029,1.8174,1.7842,1.7987,941041.8,1752494400000,1696500.12602,12649,2025-07-14 11:00:00+00:00
1752494400000,1.7986,1.8119,1.7812,1.7972,715624.3,1752498000000,1284269.64574,12185,2025-07-14 12:00:00+00:00
1752498000000,1.7971,1.8056,1.7663,1.7894,878152.3,1752501600000,1569029.1707,15606,2025-07-14 13:00:00+00:00
1752501600000,1.7894,1.7999,1.626,1.748,2488078.1,1752505200000,4318700.7921,27090,2025-07-14 14:00:00+00:00
1752505200000,1.7482,1.7484,1.699,1.7145,1267341.1,1752508800000,2183006.70608,19599,2025-07-14 15:00:00+00:00
1752508800000,1.7146,1.7248,1.6895,1.7217,1317631.3,1752512400000,2250363.93119,17825,2025-07-14 16:00:00+00:00
1752512400000,1.7219,1.723,1.6987,1.7093,540677.1,1752516000000,924326.78775,10305,2025-07-14 17:00:00+00:00
1752516000000,1.7094,1.7095,1.6759,1.6767,706866.2,1752519600000,1195762.49373,12433,2025-07-14 18:00:00+00:00
1752519600000,1.6767,1.6907,1.6715,1.6811,596522.8,1752523200000,1002396.98916,10651,2025-07-14 19:00:00+00:00
1752523200000,1.6812,1.6922,1.6542,1.6824,703017.4,1752526800000,1176101.10832,12954,2025-07-14 20:00:00+00:00
1752526800000,1.6823,1.7054,1.6721,1.6967,427299.2,1752530400000,721386.81938,5623,2025-07-14 21:00:00+00:00
1752530400000,1.6966,1.7057,1.6877,1.6942,546860.4,1752534000000,928634.12297,9229,2025-07-14 22:00:00+00:00
1752534000000,1.6943,1.7028,1.6803,1.6898,624563.6,1752537600000,1055682.65869,8271,2025-07-14 23:00:00+00:00
1752537600000,1.69,1.7009,1.6607,1.6636,602482.4,1752541200000,1011239.87796,10647,2025-07-15 00:00:00+00:00
1752541200000,1.6642,1.6754,1.6412,1.6529,1007626.5,1752544800000,1670161.5767,14568,2025-07-15 01:00:00+00:00
1752544800000,1.6526,1.6633,1.635,1.642,1029763.8,1752548400000,1695846.93459,17751,2025-07-15 02:00:00+00:00
1752548400000,1.6418,1.6418,1.5941,1.6135,2218614.3,1752552000000,3572717.85895,22786,2025-07-15 03:00:00+00:00
1752552000000,1.6135,1.6292,1.5967,1.6204,922798.8,1752555600000,1492148.09775,11974,2025-07-15 04:00:00+00:00
1752555600000,1.6203,1.6326,1.6194,1.6283,616196.9,1752559200000,1002283.10074,8260,2025-07-15 05:00:00+00:00
1752559200000,1.6282,1.638,1.6205,1.6326,479981.8,1752562800000,781904.15838,7974,2025-07-15 06:00:00+00:00
1752562800000,1.6323,1.647,1.6106,1.614,470864.2,1752566400000,767019.97417,8299,2025-07-15 07:00:00+00:00
1752566400000,1.6141,1.6146,1.5981,1.6024,602380.1,1752570000000,966896.91839,8378,2025-07-15 08:00:00+00:00
1752570000000,1.6021,1.6169,1.6014,1.6061,484155.5,1752573600000,779694.70465,6775,2025-07-15 09:00:00+00:00
1752573600000,1.6061,1.6163,1.6038,1.6084,429925.2,1752577200000,691832.44079,7229,2025-07-15 10:00:00+00:00
1752577200000,1.6084,1.6216,1.588,1.6192,890317.2,1752580800000,1426280.86529,10960,2025-07-15 11:00:00+00:00
1752580800000,1.6193,1.6468,1.5908,1.625,1759226.2,1752584400000,2852462.39912,20897,2025-07-15 12:00:00+00:00
1752584400000,1.6251,1.6622,1.6222,1.6504,2216202.5,1752588000000,3654579.54698,26321,2025-07-15 13:00:00+00:00
1752588000000,1.6505,1.6616,1.5715,1.585,2099597.0,1752591600000,3395162.68294,24987,2025-07-15 14:00:00+00:00
1752591600000,1.5853,1.6365,1.5813,1.6262,1460472.6,1752595200000,2345000.39098,19367,2025-07-15 15:00:00+00:00
1752595200000,1.6262,1.6568,1.6215,1.6384,1335955.6,1752598800000,2195737.05602,15537,2025-07-15 16:00:00+00:00
1752598800000,1.6384,1.6788,1.629,1.6656,1124425.0,1752602400000,1859506.4248,13330,2025-07-15 17:00:00+00:00
1752602400000,1.6656,1.6739,1.6134,1.6334,1531309.8,1752606000000,2522214.38228,20090,2025-07-15 18:00:00+00:00
1752606000000,1.6334,1.648,1.595,1.6032,1063362.5,1752609600000,1721646.17607,15258,2025-07-15 19:00:00+00:00
1752609600000,1.6031,1.6226,1.5964,1.6106,673147.2,1752613200000,1084337.04435,11543,2025-07-15 20:00:00+00:00
1752613200000,1.6104,1.6397,1.6056,1.6327,708423.8,1752616800000,1152198.44563,6499,2025-07-15 21:00:00+00:00
1752616800000,1.6326,1.6463,1.6236,1.6448,521474.0,1752620400000,852827.34027,8253,2025-07-15 22:00:00+00:00
1752620400000,1.6449,1.6909,1.6449,1.6858,1076851.7,1752624000000,1801773.52553,14388,2025-07-15 23:00:00+00:00
1752624000000,1.6859,1.7067,1.6579,1.6976,1228160.6,1752627600000,2069783.21467,15646,2025-07-16 00:00:00+00:00
1752627600000,1.6972,1.6988,1.6767,1.6828,762372.5,1752631200000,1288474.67055,10632,2025-07-16 01:00:00+00:00
1752631200000,1.6828,1.6869,1.632,1.6443,810198.2,1752634800000,1339034.34639,12042,2025-07-16 02:00:00+00:00
1752634800000,1.6448,1.6519,1.6357,1.6435,500812.0,1752638400000,824138.17177,6396,2025-07-16 03:00:00+00:00
1752638400000,1.6435,1.6469,1.626,1.645,433266.1,1752642000000,709943.27375,7817,2025-07-16 04:00:00+00:00
1752642000000,1.6452,1.6591,1.64,1.6438,321383.2,1752645600000,530110.02976,7681,2025-07-16 05:00:00+00:00
1752645600000,1.6438,1.6716,1.6312,1.6694,565096.2,1752649200000,933133.60283,8161,2025-07-16 06:00:00+00:00
1752649200000,1.6693,1.7,1.6562,1.6894,709171.7,1752652800000,1191162.78038,9894,2025-07-16 07:00:00+00:00
1752652800000,1.6894,1.6925,1.6712,1.682,514130.7,1752656400000,864469.36945,10138,2025-07-16 08:00:00+00:00
1752656400000,1.682,1.7018,1.6655,1.6807,546011.3,1752660000000,919531.14908,9427,2025-07-16 09:00:00+00:00
1752660000000,1.6807,1.6865,1.6685,1.6698,308063.4,1752663600000,516923.42763,7038,2025-07-16 10:00:00+00:00
1752663600000,1.6699,1.693,1.6699,1.6834,503904.9,1752667200000,846976.32134,8007,2025-07-16 11:00:00+00:00
1752667200000,1.6835,1.716,1.6776,1.6946,876714.3,1752670800000,1491883.02519,14100,2025-07-16 12:00:00+00:00
1752670800000,1.6946,1.7085,1.675,1.6928,648171.9,1752674400000,1096197.02394,13936,2025-07-16 13:00:00+00:00
1752674400000,1.6928,1.7336,1.6804,1.7234,1401274.6,1752678000000,2394969.0811,19441,2025-07-16 14:00:00+00:00
1752678000000,1.7235,1.7366,1.6717,1.6993,1786394.4,1752681600000,3041125.86777,25625,2025-07-16 15:00:00+00:00
1752681600000,1.6993,1.7449,1.69,1.7436,1367775.9,1752685200000,2354448.02819,19785,2025-07-16 16:00:00+00:00
1752685200000,1.7436,1.7889,1.743,1.788,1595043.0,1752688800000,2818582.43157,20371,2025-07-16 17:00:00+00:00
1752688800000,1.7883,1.8391,1.7883,1.8131,1797246.3,1752692400000,3255966.9984,24387,2025-07-16 18:00:00+00:00
1752692400000,1.8133,1.8209,1.7714,1.7904,1414720.2,1752696000000,2538098.40724,19068,2025-07-16 19:00:00+00:00
1752696000000,1.7903,1.8362,1.7902,1.8042,1112211.1,1752699600000,2018406.35019,18550,2025-07-16 20:00:00+00:00
1752699600000,1.8043,1.8355,1.7947,1.8259,1021831.0,1752703200000,1857037.09443,11295,2025-07-16 21:00:00+00:00
1752703200000,1.826,1.8536,1.7935,1.7982,1194747.6,1752706800000,2179421.73237,19645,2025-07-16 22:00:00+00:00
1752706800000,1.7984,1.8014,1.7588,1.7792,989695.8,1752710400000,1758001.31516,15349,2025-07-16 23:00:00+00:00
1752710400000,1.7793,1.8377,1.7774,1.7916,1176862.6,1752714000000,2126792.29294,18357,2025-07-17 00:00:00+00:00
1752714000000,1.7916,1.8062,1.7276,1.7424,1533971.7,1752717600000,2704469.13596,20692,2025-07-17 01:00:00+00:00
1752717600000,1.7423,1.7693,1.7342,1.7501,615405.3,1752721200000,1076345.89607,11235,2025-07-17 02:00:00+00:00
1752721200000,1.7501,1.7524,1.7055,1.7198,922925.4,1752724800000,1589080.45217,14551,2025-07-17 03:00:00+00:00
1752724800000,1.7197,1.7429,1.715,1.7425,1057052.3,1752728400000,1829421.04498,15434,2025-07-17 04:00:00+00:00
1752728400000,1.7422,1.7524,1.7235,1.7524,418698.6,1752732000000,727774.66209,8777,2025-07-17 05:00:00+00:00
1752732000000,1.7521,1.7765,1.7278,1.769,911662.2,1752735600000,1599501.06341,13903,2025-07-17 06:00:00+00:00
1752735600000,1.7692,1.8295,1.7533,1.8275,1568069.8,1752739200000,2810069.60883,24387,2025-07-17 07:00:00+00:00
1752739200000,1.8279,1.9211,1.8275,1.8881,5305882.2,1752742800000,9948894.86561,61941,2025-07-17 08:00:00+00:00
1752742800000,1.8881,1.9254,1.8659,1.8857,4597606.3,1752746400000,8695421.41448,44827,2025-07-17 09:00:00+00:00
1752746400000,1.8857,1.8894,1.8444,1.8637,1460196.7,1752750000000,2723699.82671,21934,2025-07-17 10:00:00+00:00
1752750000000,1.8637,1.8846,1.8354,1.8363,1885564.6,1752753600000,3513370.91977,21205,2025-07-17 11:00:00+00:00
1752753600000,1.8364,1.8564,1.813,1.8448,1645652.1,1752757200000,3016170.57439,19795,2025-07-17 12:00:00+00:00
1752757200000,1.8447,1.8528,1.7997,1.842,1507950.5,1752760800000,2762142.7957,22754,2025-07-17 13:00:00+00:00
1752760800000,1.8418,1.8684,1.8318,1.8485,1114959.8,1752764400000,2060700.91166,16874,2025-07-17 14:00:00+00:00
1752764400000,1.8487,1.8556,1.8084,1.8332,953555.6,1752768000000,1744181.20994,15949,2025-07-17 15:00:00+00:00
1752768000000,1.8331,1.8399,1.7756,1.7968,1631827.0,1752771600000,2930811.35902,22234,2025-07-17 16:00:00+00:00
1752771600000,1.7969,1.8227,1.7837,1.8094,2286845.3,1752775200000,4117535.45756,21731,2025-07-17 17:00:00+00:00
1752775200000,1.8093,1.8224,1.8,1.805,1180360.0,1752778800000,2135098.9141,14433,2025-07-17 18:00:00+00:00
1752778800000,1.8051,1.8204,1.7674,1.7693,796829.8,1752782400000,1432603.49941,13080,2025-07-17 19:00:00+00:00
1752782400000,1.7694,1.7884,1.7456,1.7844,1113430.0,1752786000000,1966327.8061,21254,2025-07-17 20:00:00+00:00
1752786000000,1.7843,1.8619,1.7827,1.8171,2117389.7,1752789600000,3865797.09598,17147,2025-07-17 21:00:00+00:00
1752789600000,1.817,1.842,1.8031,1.8155,1716855.2,1752793200000,3128112.06483,23401,2025-07-17 22:00:00+00:00
1752793200000,1.8156,1.8408,1.804,1.8071,866463.9,1752796800000,1579348.86972,15993,2025-07-17 23:00:00+00:00
1752796800000,1.8072,1.8331,1.7851,1.8262,1581752.2,1752800400000,2856160.71282,20620,2025-07-18 00:00:00+00:00
1752800400000,1.8263,1.875,1.8153,1.8652,2080911.5,1752804000000,3857190.73456,25126,2025-07-18 01:00:00+00:00
1752804000000,1.8649,1.8716,1.8373,1.8681,972428.3,1752807600000,1803650.76107,15574,2025-07-18 02:00:00+00:00
1752807600000,1.8685,1.8924,1.8454,1.8567,1472251.8,1752811200000,2746397.50151,16303,2025-07-18 03:00:00+00:00
1752811200000,1.8567,1.8801,1.8471,1.8792,667875.4,1752814800000,1246203.84006,10520,2025-07-18 04:00:00+00:00
1752814800000,1.8793,1.9199,1.8782,1.9174,1697742.7,1752818400000,3232239.91279,18807,2025-07-18 05:00:00+00:00
1752818400000,1.9173,1.9227,1.8853,1.9195,1715206.0,1752822000000,3264628.00317,15193,2025-07-18 06:00:00+00:00
1752822000000,1.9196,1.9282,1.8594,1.8605,1635754.8,1752825600000,3094921.65631,20480,2025-07-18 07:00:00+00:00
1752825600000,1.8608,1.895,1.838,1.8478,1393916.0,1752829200000,2595334.52545,19026,2025-07-18 08:00:00+00:00
1752829200000,1.8477,1.8688,1.8316,1.8683,1124099.4,1752832800000,2081033.51318,14749,2025-07-18 09:00:00+00:00
1752832800000,1.8684,1.8696,1.8356,1.8626,890656.9,1752836400000,1648932.61436,11813,2025-07-18 10:00:00+00:00
1752836400000,1.8625,1.8682,1.8251,1.8419,854546.5,1752840000000,1573605.26625,12977,2025-07-18 11:00:00+00:00
1752840000000,1.8419,1.8988,1.8419,1.8982,766045.2,1752843600000,1432122.16239,12345,2025-07-18 12:00:00+00:00
1752843600000,1.8982,1.9014,1.8666,1.8846,1029314.7,1752847200000,1942175.21317,22583,2025-07-18 13:00:00+00:00
1752847200000,1.8846,1.899,1.7,1.7912,4399762.4,1752850800000,7934643.80377,44373,2025-07-18 14:00:00+00:00
1752850800000,1.7912,1.8077,1.74,1.7614,2265371.2,1752854400000,4007025.32797,28602,2025-07-18 15:00:00+00:00
1752854400000,1.7615,1.7859,1.7442,1.7734,1113194.6,1752858000000,1964518.71275,19486,2025-07-18 16:00:00+00:00
1752858000000,1.7735,1.7888,1.7566,1.7741,764138.7,1752861600000,1355995.5489,12936,2025-07-18 17:00:00+00:00
1752861600000,1.7742,1.7768,1.7418,1.7452,700264.4,1752865200000,1231899.6288,12051,2025-07-18 18:00:00+00:00
1752865200000,1.7452,1.7524,1.7233,1.7376,957332.0,1752868800000,1662462.56306,15278,2025-07-18 19:00:00+00:00
1752868800000,1.7376,1.7376,1.676,1.7111,1778609.4,1752872400000,3031491.8517,25815,2025-07-18 20:00:00+00:00
1752872400000,1.7111,1.7495,1.7086,1.7318,751699.1,1752876000000,1301842.12154,7857,2025-07-18 21:00:00+00:00
1752876000000,1.7317,1.7535,1.7192,1.7346,707661.3,1752879600000,1228988.51837,10787,2025-07-18 22:00:00+00:00
1752879600000,1.7346,1.7469,1.7143,1.7426,419359.9,1752883200000,727140.78584,8567,2025-07-18 23:00:00+00:00
1752883200000,1.7426,1.7548,1.7124,1.7146,492433.6,1752886800000,856176.71111,9677,2025-07-19 00:00:00+00:00
1752886800000,1.7147,1.7366,1.6972,1.7275,400761.9,1752890400000,687815.58373,9190,2025-07-19 01:00:00+00:00
1752890400000,1.7276,1.747,1.7164,1.7413,341058.4,1752894000000,590894.95096,7829,2025-07-19 02:00:00+00:00
1752894000000,1.7417,1.7583,1.7404,1.7572,339266.4,1752897600000,594052.99574,5856,2025-07-19 03:00:00+00:00
1752897600000,1.7573,1.7678,1.7496,1.7615,380536.7,1752901200000,668602.72712,6134,2025-07-19 04:00:00+00:00
1752901200000,1.7616,1.7691,1.7522,1.7578,430682.1,1752904800000,758368.54318,5422,2025-07-19 05:00:00+00:00
1752904800000,1.7577,1.7579,1.7373,1.7463,223205.9,1752908400000,389689.59541,4723,2025-07-19 06:00:00+00:00
1752908400000,1.7461,1.7562,1.7361,1.7412,204688.4,1752912000000,357330.12077,4879,2025-07-19 07:00:00+00:00
1752912000000,1.741,1.745,1.723,1.735,775729.1,1752915600000,1341596.39032,8694,2025-07-19 08:00:00+00:00
1752915600000,1.7351,1.7499,1.7247,1.7394,310474.7,1752919200000,539032.50732,6638,2025-07-19 09:00:00+00:00
1752919200000,1.7394,1.7607,1.7322,1.7492,172377.1,1752922800000,301165.13211,5110,2025-07-19 10:00:00+00:00
1752922800000,1.7492,1.794,1.743,1.766,849529.5,1752926400000,1504583.31452,13265,2025-07-19 11:00:00+00:00
1752926400000,1.766,1.7678,1.745,1.7591,409825.4,1752930000000,720695.0799,8688,2025-07-19 12:00:00+00:00
1752930000000,1.759,1.7605,1.7367,1.7463,269172.1,1752933600000,470918.21924,7767,2025-07-19 13:00:00+00:00
1752933600000,1.7464,1.748,1.7108,1.7145,501591.8,1752937200000,865447.04056,11250,2025-07-19 14:00:00+00:00
1752937200000,1.7144,1.7512,1.7128,1.7389,355322.4,1752940800000,615781.54577,7763,2025-07-19 15:00:00+00:00
1752940800000,1.7388,1.7589,1.727,1.753,343302.8,1752944400000,598984.2333,8476,2025-07-19 16:00:00+00:00
1752944400000,1.7532,1.7536,1.732,1.7384,179963.8,1752948000000,313660.02222,5472,2025-07-19 17:00:00+00:00
1752948000000,1.7382,1.7566,1.7358,1.749,166795.9,1752951600000,291750.32613,5500,2025-07-19 18:00:00+00:00
1752951600000,1.7491,1.7756,1.7407,1.768,237759.1,1752955200000,418539.35896,5969,2025-07-19 19:00:00+00:00
1752955200000,1.7681,1.7941,1.7652,1.779,376742.2,1752958800000,671611.10362,7856,2025-07-19 20:00:00+00:00
1752958800000,1.7789,1.7846,1.7486,1.7625,383571.1,1752962400000,676562.90865,4830,2025-07-19 21:00:00+00:00
1752962400000,1.7625,1.7791,1.7548,1.7697,230944.9,1752966000000,408603.1343,5187,2025-07-19 22:00:00+00:00
1752966000000,1.7694,1.7772,1.7622,1.7731,216747.8,1752969600000,384239.04001,4933,2025-07-19 23:00:00+00:00
1752969600000,1.7732,1.7773,1.7566,1.771,278990.5,1752973200000,492596.11495,7286,2025-07-20 00:00:00+00:00
1752973200000,1.771,1.7958,1.7644,1.7672,519920.7,1752976800000,927544.91417,10716,2025-07-20 01:00:00+00:00
1752976800000,1.7671,1.7754,1.761,1.7659,203799.7,1752980400000,360063.48881,6286,2025-07-20 02:00:00+00:00
1752980400000,1.7657,1.7984,1.7605,1.7794,509342.2,1752984000000,907355.18911,8468,2025-07-20 03:00:00+00:00
1752984000000,1.7794,1.7819,1.7613,1.7646,280781.5,1752987600000,497033.35742,6067,2025-07-20 04:00:00+00:00
1752987600000,1.7647,1.7787,1.7592,1.7772,223938.7,1752991200000,395364.03611,4730,2025-07-20 05:00:00+00:00
1752991200000,1.777,1.777,1.7637,1.7653,170225.0,1752994800000,301319.00504,5168,2025-07-20 06:00:00+00:00
1752994800000,1.7652,1.7938,1.7637,1.7798,374031.3,1752998400000,666496.65081,6139,2025-07-20 07:00:00+00:00
1752998400000,1.78,1.8055,1.7786,1.8039,376820.4,1753002000000,676311.49584,8130,2025-07-20 08:00:00+00:00
1753002000000,1.8041,1.8136,1.7919,1.7994,541716.1,1753005600000,977139.38328,9683,2025-07-20 09:00:00+00:00
1753005600000,1.7994,1.8052,1.7842,1.7864,472700.3,1753009200000,848671.29312,7778,2025-07-20 10:00:00+00:00
1753009200000,1.7864,1.8306,1.7857,1.8118,987734.8,1753012800000,1791153.83519,10317,2025-07-20 11:00:00+00:00
1753012800000,1.8116,1.8226,1.8014,1.8176,990787.6,1753016400000,1792656.55485,11456,2025-07-20 12:00:00+00:00
1753016400000,1.8176,1.8455,1.8116,1.8447,727361.5,1753020000000,1330161.08469,12886,2025-07-20 13:00:00+00:00
1753020000000,1.8447,1.8454,1.8157,1.8324,600806.7,1753023600000,1100296.81696,11930,2025-07-20 14:00:00+00:00
1753023600000,1.8327,1.8587,1.8244,1.8584,664081.8,1753027200000,1224547.02223,10460,2025-07-20 15:00:00+00:00
1753027200000,1.8585,1.8876,1.8508,1.8698,1643601.0,1753030800000,3071246.80988,21908,2025-07-20 16:00:00+00:00
1753030800000,1.8698,1.8702,1.8114,1.8182,2245604.4,1753034400000,4119489.66988,31115,2025-07-20 17:00:00+00:00
1753034400000,1.8183,1.8406,1.8174,1.8361,661183.0,1753038000000,1208071.10649,12046,2025-07-20 18:00:00+00:00
1753038000000,1.8362,1.8551,1.8337,1.84,435414.6,1753041600000,803410.32084,9753,2025-07-20 19:00:00+00:00
1753041600000,1.8405,1.862,1.8183,1.8426,584846.4,1753045200000,1075130.36102,11266,2025-07-20 20:00:00+00:00
1753045200000,1.8427,1.8603,1.8113,1.8601,607213.2,1753048800000,1112430.93808,7389,2025-07-20 21:00:00+00:00
1753048800000,1.86,1.8622,1.7693,1.8254,2399828.5,1753052400000,4343077.28909,30576,2025-07-20 22:00:00+00:00
1753052400000,1.8253,1.8472,1.8029,1.8256,1076081.0,1753056000000,1960193.35488,18004,2025-07-20 23:00:00+00:00
1753056000000,1.8256,1.8322,1.7785,1.8043,1340368.5,1753059600000,2411336.29159,20927,2025-07-21 00:00:00+00:00
1753059600000,1.8044,1.8178,1.7,1.7946,2236655.6,1753063200000,3956504.06373,20454,2025-07-21 01:00:00+00:00
1753063200000,1.7947,1.842,1.7938,1.8412,985401.2,1753066800000,1796879.94149,16408,2025-07-21 02:00:00+00:00
1753066800000,1.8413,1.887,1.8395,1.8788,1991869.1,1753070400000,3707824.54755,21921,2025-07-21 03:00:00+00:00
1753070400000,1.8789,1.9207,1.8689,1.9066,2202403.5,1753074000000,4179416.65207,26361,2025-07-21 04:00:00+00:00
1753074000000,1.9066,1.9364,1.8917,1.9233,1238688.6,1753077600000,2369778.27713,20483,2025-07-21 05:00:00+00:00
1753077600000,1.9231,1.9381,1.9075,1.9144,1055889.6,1753081200000,2028591.44477,18845,2025-07-21 06:00:00+00:00
1753081200000,1.9144,1.9344,1.9042,1.9091,1044814.5,1753084800000,2004331.27495,13390,2025-07-21 07:00:00+00:00
1753084800000,1.9091,1.9247,1.8985,1.9126,786915.8,1753088400000,1504308.99018,15861,2025-07-21 08:00:00+00:00
1753088400000,1.9128,1.9178,1.8838,1.8982,894039.3,1753092000000,1697516.10614,15233,2025-07-21 09:00:00+00:00
1753092000000,1.8983,1.9075,1.8728,1.9052,727460.1,1753095600000,1373551.34323,10358,2025-07-21 10:00:00+00:00
1753095600000,1.9052,1.9174,1.8914,1.8992,641396.6,1753099200000,1221073.3882,12124,2025-07-21 11:00:00+00:00
1753099200000,1.8994,1.9055,1.8801,1.8944,675740.1,1753102800000,1278361.30925,13121,2025-07-21 12:00:00+00:00
1753102800000,1.8945,1.9439,1.8756,1.9428,1544873.2,1753106400000,2959857.52118,21442,2025-07-21 13:00:00+00:00
1753106400000,1.9428,1.9588,1.9167,1.9265,1893908.1,1753110000000,3667536.12794,27131,2025-07-21 14:00:00+00:00
1753110000000,1.9264,1.9497,1.8906,1.9047,1274720.0,1753113600000,2451979.39597,24653,2025-07-21 15:00:00+00:00
1753113600000,1.9048,1.911,1.8435,1.8701,1812418.5,1753117200000,3385054.884,28287,2025-07-21 16:00:00+00:00
1753117200000,1.8702,1.8817,1.8542,1.8766,828607.0,1753120800000,1547704.64238,13899,2025-07-21 17:00:00+00:00
1753120800000,1.8765,1.8961,1.8534,1.858,849955.3,1753124400000,1594225.3597,13141,2025-07-21 18:00:00+00:00
1753124400000,1.858,1.8816,1.8292,1.8484,1041119.5,1753128000000,1924165.49031,17173,2025-07-21 19:00:00+00:00
1753128000000,1.8484,1.8889,1.8393,1.8738,1023665.9,1753131600000,1915942.93047,16860,2025-07-21 20:00:00+00:00
1753131600000,1.8737,1.8905,1.8671,1.875,401439.8,1753135200000,755045.7524,5667,2025-07-21 21:00:00+00:00
1753135200000,1.8748,1.9277,1.8708,1.9134,784934.7,1753138800000,1493947.29544,10901,2025-07-21 22:00:00+00:00
1753138800000,1.9136,1.9405,1.8996,1.9184,835385.4,1753142400000,1605425.48541,13666,2025-07-21 23:00:00+00:00
1753142400000,1.9185,1.9394,1.8894,1.8923,1025547.5,1753146000000,1964716.03126,17276,2025-07-22 00:00:00+00:00
1753146000000,1.8924,1.9675,1.8308,1.9414,3394709.3,1753149600000,6455933.95653,38272,2025-07-22 01:00:00+00:00
1753149600000,1.9412,1.9542,1.8993,1.9066,1485152.0,1753153200000,2866427.14895,21446,2025-07-22 02:00:00+00:00
1753153200000,1.9066,1.9113,1.8568,1.8846,1600366.3,1753156800000,3011922.95394,25382,2025-07-22 03:00:00+00:00
1753156800000,1.8845,1.896,1.8337,1.8354,1726255.8,1753160400000,3219253.11038,29895,2025-07-22 04:00:00+00:00
1753160400000,1.8355,1.8683,1.8147,1.8413,1437713.1,1753164000000,2649464.71923,23521,2025-07-22 05:00:00+00:00
1753164000000,1.841,1.8707,1.8312,1.8526,1122374.3,1753167600000,2081214.02496,17988,2025-07-22 06:00:00+00:00
1753167600000,1.8527,1.866,1.8211,1.8296,1067059.0,1753171200000,1969341.38453,17646,2025-07-22 07:00:00+00:00
1753171200000,1.8294,1.8303,1.7788,1.8128,1713808.3,1753174800000,3086258.09082,21992,2025-07-22 08:00:00+00:00
1753174800000,1.8128,1.8254,1.7826,1.8099,855600.9,1753178400000,1544320.07794,15116,2025-07-22 09:00:00+00:00
1753178400000,1.8098,1.8416,1.8051,1.84,684967.7,1753182000000,1247754.8597,12501,2025-07-22 10:00:00+00:00
1753182000000,1.8399,1.8568,1.8226,1.8454,616409.6,1753185600000,1134064.95027,12405,2025-07-22 11:00:00+00:00
1753185600000,1.8453,1.8724,1.8376,1.8579,790586.2,1753189200000,1466321.15573,15875,2025-07-22 12:00:00+00:00
1753189200000,1.8579,1.8845,1.8262,1.8608,2229882.6,1753192800000,4126516.70168,34213,2025-07-22 13:00:00+00:00
1753192800000,1.8609,1.864,1.7776,1.8636,2273405.4,1753196400000,4169332.06164,32892,2025-07-22 14:00:00+00:00
1753196400000,1.8636,1.9044,1.8605,1.8663,1945974.7,1753200000000,3666101.95761,32516,2025-07-22 15:00:00+00:00
1753200000000,1.8661,1.8907,1.8518,1.869,1022007.5,1753203600000,1911521.26866,18054,2025-07-22 16:00:00+00:00
1753203600000,1.869,1.8698,1.816,1.8452,1101477.4,1753207200000,2024981.0099,20155,2025-07-22 17:00:00+00:00
1753207200000,1.845,1.9072,1.8364,1.8892,1141447.5,1753210800000,2133862.81653,20603,2025-07-22 18:00:00+00:00
1753210800000,1.889,1.895,1.8399,1.8471,905321.5,1753214400000,1698317.81879,17265,2025-07-22 19:00:00+00:00
1753214400000,1.8472,1.8982,1.836,1.8885,883834.3,1753218000000,1653470.54861,16022,2025-07-22 20:00:00+00:00
1753218000000,1.8888,1.9117,1.8742,1.9069,511551.6,1753221600000,967723.31232,7661,2025-07-22 21:00:00+00:00
1753221600000,1.9069,1.9381,1.9068,1.933,1148463.9,1753225200000,2214075.47161,13687,2025-07-22 22:00:00+00:00
1753225200000,1.9331,1.9499,1.9276,1.9385,653183.3,1753228800000,1265552.00935,12221,2025-07-22 23:00:00+00:00
1753228800000,1.9386,1.9398,1.8892,1.8936,867285.3,1753232400000,1661075.54054,15487,2025-07-23 00:00:00+00:00
1753232400000,1.8938,1.9042,1.87,1.9029,1055616.1,1753236000000,1994534.60001,14078,2025-07-23 01:00:00+00:00
1753236000000,1.903,1.9113,1.8766,1.8906,579211.0,1753239600000,1096530.80838,12973,2025-07-23 02:00:00+00:00
1753239600000,1.8907,1.9054,1.8796,1.8834,373149.2,1753243200000,704946.08305,8496,2025-07-23 03:00:00+00:00
1753243200000,1.8836,1.9198,1.8785,1.9188,428922.3,1753246800000,817226.39498,9165,2025-07-23 04:00:00+00:00
1753246800000,1.9185,1.92,1.8988,1.9128,474158.9,1753250400000,905922.84013,9181,2025-07-23 05:00:00+00:00
1753250400000,1.9127,1.9145,1.8718,1.8984,590240.9,1753254000000,1113173.34037,11061,2025-07-23 06:00:00+00:00
1753254000000,1.8983,1.9143,1.8633,1.8721,722295.8,1753257600000,1363062.41591,12863,2025-07-23 07:00:00+00:00
1753257600000,1.8721,1.8815,1.8607,1.8814,831975.9,1753261200000,1556589.6342,11389,2025-07-23 08:00:00+00:00
1753261200000,1.8811,1.8838,1.8326,1.833,840260.2,1753264800000,1551455.80604,12598,2025-07-23 09:00:00+00:00
1753264800000,1.8328,1.8351,1.7912,1.8334,1514389.0,1753268400000,2760201.85791,15869,2025-07-23 10:00:00+00:00
1753268400000,1.8336,1.8382,1.8165,1.8339,537157.3,1753272000000,981869.8672,9362,2025-07-23 11:00:00+00:00
1753272000000,1.8338,1.843,1.786,1.7933,1041118.8,1753275600000,1887862.60333,16924,2025-07-23 12:00:00+00:00
1753275600000,1.7934,1.8083,1.709,1.7351,3977129.8,1753279200000,6981973.05024,49773,2025-07-23 13:00:00+00:00
1753279200000,1.7351,1.765,1.7285,1.7552,1785415.9,1753282800000,3127237.65182,28778,2025-07-23 14:00:00+00:00
1753282800000,1.7551,1.7695,1.7286,1.7635,1335467.4,1753286400000,2331821.58871,22833,2025-07-23 15:00:00+00:00
1753286400000,1.763,1.7631,1.71,1.7159,1276286.7,1753290000000,2208387.30195,24648,2025-07-23 16:00:00+00:00
1753290000000,1.716,1.727,1.6824,1.7114,1762335.4,1753293600000,2999130.1358,29426,2025-07-23 17:00:00+00:00
1753293600000,1.7119,1.7446,1.7059,1.7437,962740.0,1753297200000,1656112.80763,16868,2025-07-23 18:00:00+00:00
1753297200000,1.7436,1.7436,1.7128,1.7171,589227.2,1753300800000,1017567.45075,12811,2025-07-23 19:00:00+00:00
1753300800000,1.7169,1.7268,1.6516,1.6819,1903358.7,1753304400000,3194285.36491,29630,2025-07-23 20:00:00+00:00
1753304400000,1.6822,1.6895,1.6232,1.6834,2532779.4,1753308000000,4177786.75329,20239,2025-07-23 21:00:00+00:00
1753308000000,1.6834,1.7382,1.6648,1.7211,883265.5,1753311600000,1509850.86191,14777,2025-07-23 22:00:00+00:00
1753311600000,1.7207,1.7271,1.7036,1.7098,696316.1,1753315200000,1194024.04382,11116,2025-07-23 23:00:00+00:00
1753315200000,1.7099,1.7214,1.6936,1.712,583640.0,1753318800000,996696.93927,11935,2025-07-24 00:00:00+00:00
1753318800000,1.7119,1.712,1.6826,1.7072,524387.6,1753322400000,890042.87021,9956,2025-07-24 01:00:00+00:00
1753322400000,1.7071,1.7085,1.6846,1.6896,407032.0,1753326000000,690437.12537,8105,2025-07-24 02:00:00+00:00
1753326000000,1.6897,1.7088,1.6782,1.6806,544024.3,1753329600000,919654.24297,8872,2025-07-24 03:00:00+00:00
1753329600000,1.6807,1.6885,1.6381,1.6436,680031.1,1753333200000,1130256.38331,11852,2025-07-24 04:00:00+00:00
1753333200000,1.6436,1.6436,1.5787,1.586,1871725.1,1753336800000,3019313.6161,26960,2025-07-24 05:00:00+00:00
1753336800000,1.586,1.6129,1.5122,1.541,2514355.1,1753340400000,3910620.85959,35485,2025-07-24 06:00:00+00:00
1753340400000,1.541,1.5794,1.5184,1.5768,1693436.6,1753344000000,2631616.68177,26198,2025-07-24 07:00:00+00:00
1753344000000,1.5767,1.5999,1.5674,1.593,1638202.2,1753347600000,2600714.9603,24989,2025-07-24 08:00:00+00:00
1753347600000,1.5932,1.6025,1.5704,1.5747,1091718.9,1753351200000,1732258.71769,14349,2025-07-24 09:00:00+00:00
1753351200000,1.5749,1.5856,1.5443,1.5698,851677.3,1753354800000,1332685.50185,13696,2025-07-24 10:00:00+00:00
1753354800000,1.5697,1.61,1.5667,1.6014,1048569.6,1753358400000,1667877.27625,15966,2025-07-24 11:00:00+00:00
1753358400000,1.6012,1.6116,1.5759,1.5895,1055041.3,1753362000000,1679282.34653,16170,2025-07-24 12:00:00+00:00
1753362000000,1.5896,1.6043,1.567,1.5688,2124740.4,1753365600000,3362940.21946,26619,2025-07-24 13:00:00+00:00
1753365600000,1.5688,1.6377,1.5504,1.6352,1895696.8,1753369200000,3021726.25937,23707,2025-07-24 14:00:00+00:00
1753369200000,1.6348,1.6512,1.594,1.6026,1654853.5,1753372800000,2686944.88104,23540,2025-07-24 15:00:00+00:00
1753372800000,1.6027,1.6083,1.5452,1.5544,1400049.7,1753376400000,2199974.67745,23912,2025-07-24 16:00:00+00:00
1753376400000,1.5548,1.6026,1.5512,1.588,907830.9,1753380000000,1432538.28114,16642,2025-07-24 17:00:00+00:00
1753380000000,1.5879,1.602,1.5698,1.5899,876980.2,1753383600000,1391069.01026,15737,2025-07-24 18:00:00+00:00
1753383600000,1.5897,1.6006,1.5693,1.5738,664579.8,1753387200000,1052731.98847,12159,2025-07-24 19:00:00+00:00
1753387200000,1.5736,1.5937,1.5646,1.5869,443595.4,1753390800000,700275.60861,9789,2025-07-24 20:00:00+00:00
1753390800000,1.587,1.5882,1.5542,1.5688,529060.6,1753394400000,829641.51307,8111,2025-07-24 21:00:00+00:00
1753394400000,1.5688,1.5817,1.5493,1.567,740310.3,1753398000000,1157522.13611,11656,2025-07-24 22:00:00+00:00
1753398000000,1.5668,1.5668,1.528,1.5423,1221563.4,1753401600000,1883484.64325,13912,2025-07-24 23:00:00+00:00
1753401600000,1.5423,1.5425,1.5034,1.5174,1717742.0,1753405200000,2612589.08466,22025,2025-07-25 00:00:00+00:00
1753405200000,1.5174,1.5619,1.5084,1.5454,1296658.1,1753408800000,1988725.53151,18324,2025-07-25 01:00:00+00:00
1753408800000,1.5449,1.5533,1.5102,1.5141,966285.0,1753412400000,1477668.1191,14609,2025-07-25 02:00:00+00:00
1753412400000,1.5142,1.5354,1.4921,1.5198,1543825.8,1753416000000,2338433.7018,21303,2025-07-25 03:00:00+00:00
1753416000000,1.5197,1.5332,1.495,1.5292,1742632.2,1753419600000,2631525.39255,21317,2025-07-25 04:00:00+00:00
1753419600000,1.5292,1.5403,1.5034,1.5094,635170.6,1753423200000,964639.49465,10676,2025-07-25 05:00:00+00:00
1753423200000,1.5094,1.5257,1.4938,1.5132,552286.7,1753426800000,834035.33954,10339,2025-07-25 06:00:00+00:00
1753426800000,1.5132,1.5313,1.4961,1.5159,891357.6,1753430400000,1348211.39858,14024,2025-07-25 07:00:00+00:00
1753430400000,1.5157,1.5436,1.5108,1.5238,877411.7,1753434000000,1338752.8947,13936,2025-07-25 08:00:00+00:00
1753434000000,1.5239,1.5585,1.5158,1.5573,744053.5,1753437600000,1144815.85746,13638,2025-07-25 09:00:00+00:00
1753437600000,1.5572,1.579,1.5479,1.5565,1167731.0,1753441200000,1823116.94182,16402,2025-07-25 10:00:00+00:00
1753441200000,1.5565,1.573,1.5543,1.56,647434.4,1753444800000,1011731.08747,10804,2025-07-25 11:00:00+00:00
1753444800000,1.56,1.5655,1.5404,1.5496,586579.0,1753448400000,911403.17062,10177,2025-07-25 12:00:00+00:00
1753448400000,1.5497,1.5591,1.5291,1.549,753160.2,1753452000000,1162225.56594,12167,2025-07-25 13:00:00+00:00
1753452000000,1.5491,1.5511,1.4856,1.4883,1858528.4,1753455600000,2802603.43887,23318,2025-07-25 14:00:00+00:00
1753455600000,1.4886,1.5088,1.4739,1.4979,1130654.9,1753459200000,1686049.49283,19027,2025-07-25 15:00:00+00:00
1753459200000,1.4978,1.5161,1.4842,1.5122,832778.0,1753462800000,1249659.42966,15506,2025-07-25 16:00:00+00:00
1753462800000,1.5121,1.5208,1.4992,1.5042,510130.1,1753466400000,770394.61236,10608,2025-07-25 17:00:00+00:00
1753466400000,1.5041,1.5137,1.502,1.5094,281134.0,1753470000000,423991.3042,5775,2025-07-25 18:00:00+00:00
1753470000000,1.5093,1.5259,1.5054,1.5162,356649.1,1753473600000,540707.65095,6428,2025-07-25 19:00:00+00:00
1753473600000,1.5161,1.5563,1.5157,1.5506,509279.6,1753477200000,783907.514,7712,2025-07-25 20:00:00+00:00
1753477200000,1.5506,1.566,1.5506,1.5632,514183.2,1753480800000,802093.93314,4738,2025-07-25 21:00:00+00:00
1753480800000,1.5634,1.5685,1.5564,1.5651,295086.5,1753484400000,461202.97916,5911,2025-07-25 22:00:00+00:00
1753484400000,1.565,1.5699,1.5567,1.5686,346692.5,1753488000000,541988.77822,5720,2025-07-25 23:00:00+00:00
1753488000000,1.5686,1.573,1.5566,1.5681,471403.4,1753491600000,739014.88613,6198,2025-07-26 00:00:00+00:00
1753491600000,1.5681,1.5713,1.5556,1.5573,287280.5,1753495200000,449253.10817,5253,2025-07-26 01:00:00+00:00
1753495200000,1.5573,1.5856,1.5573,1.5781,557503.7,1753498800000,878270.10781,7284,2025-07-26 02:00:00+00:00
1753498800000,1.578,1.5828,1.5726,1.5798,266872.0,1753502400000,421275.83174,4143,2025-07-26 03:00:00+00:00
1753502400000,1.5797,1.5857,1.5775,1.5812,194879.0,1753506000000,308205.85445,3499,2025-07-26 04:00:00+00:00
1753506000000,1.5811,1.587,1.5763,1.586,152383.3,1753509600000,241085.78845,2754,2025-07-26 05:00:00+00:00
1753509600000,1.5861,1.5876,1.5742,1.5753,208511.7,1753513200000,329219.02762,4030,2025-07-26 06:00:00+00:00
1753513200000,1.5752,1.5841,1.5695,1.5799,166261.7,1753516800000,262235.67184,3458,2025-07-26 07:00:00+00:00
1753516800000,1.5801,1.5962,1.5769,1.5862,487789.4,1753520400000,774293.90663,5333,2025-07-26 08:00:00+00:00
1753520400000,1.5863,1.609,1.5795,1.5942,977875.9,1753524000000,1559714.44688,9522,2025-07-26 09:00:00+00:00
1753524000000,1.5941,1.6018,1.5904,1.5965,344694.5,1753527600000,549940.84498,4903,2025-07-26 10:00:00+00:00
1753527600000,1.5967,1.6021,1.5871,1.5891,247107.1,1753531200000,393749.69966,4015,2025-07-26 11:00:00+00:00
1753531200000,1.5891,1.5891,1.5765,1.5836,1258521.1,1753534800000,1989294.19236,6905,2025-07-26 12:00:00+00:00
1753534800000,1.5837,1.5993,1.5813,1.5904,238109.6,1753538400000,378682.28916,4745,2025-07-26 13:00:00+00:00
1753538400000,1.5904,1.5952,1.579,1.5793,243424.4,1753542000000,386224.8832,5460,2025-07-26 14:00:00+00:00
1753542000000,1.5792,1.588,1.5688,1.588,270495.6,1753545600000,426739.19114,5938,2025-07-26 15:00:00+00:00
1753545600000,1.5879,1.5954,1.5786,1.5832,208772.8,1753549200000,331348.108,6171,2025-07-26 16:00:00+00:00
1753549200000,1.5831,1.5831,1.5692,1.573,181059.2,1753552800000,285161.11607,4252,2025-07-26 17:00:00+00:00
1753552800000,1.5732,1.5895,1.5655,1.584,204564.8,1753556400000,322853.08611,5335,2025-07-26 18:00:00+00:00
1753556400000,1.584,1.5928,1.5826,1.5906,114506.1,1753560000000,181871.86044,3319,2025-07-26 19:00:00+00:00
1753560000000,1.5907,1.5911,1.5815,1.5838,95210.7,1753563600000,150978.03841,2769,2025-07-26 20:00:00+00:00
1753563600000,1.5837,1.5933,1.5793,1.591,208152.4,1753567200000,330078.50646,3690,2025-07-26 21:00:00+00:00
1753567200000,1.591,1.599,1.5766,1.5784,358844.2,1753570800000,570413.58216,5893,2025-07-26 22:00:00+00:00
1753570800000,1.5786,1.5804,1.5674,1.5698,139006.6,1753574400000,218660.09154,3313,2025-07-26 23:00:00+00:00
1753574400000,1.5698,1.5776,1.5658,1.577,130141.1,1753578000000,204589.70731,3627,2025-07-27 00:00:00+00:00
1753578000000,1.5771,1.5925,1.573,1.5804,190534.8,1753581600000,302120.60671,4786,2025-07-27 01:00:00+00:00
1753581600000,1.5805,1.5918,1.5725,1.5894,269447.4,1753585200000,426316.34926,4671,2025-07-27 02:00:00+00:00
1753585200000,1.5895,1.5915,1.5788,1.5808,265993.7,1753588800000,421549.85074,5161,2025-07-27 03:00:00+00:00
1753588800000,1.581,1.5892,1.5784,1.585,303926.6,1753592400000,481513.44698,3987,2025-07-27 04:00:00+00:00
1753592400000,1.5851,1.5963,1.5811,1.5864,355873.4,1753596000000,565017.06476,4926,2025-07-27 05:00:00+00:00
1753596000000,1.5866,1.5884,1.5765,1.583,190238.0,1753599600000,300830.74711,3673,2025-07-27 06:00:00+00:00
1753599600000,1.583,1.5914,1.5756,1.5791,244927.4,1753603200000,388098.87053,3748,2025-07-27 07:00:00+00:00
1753603200000,1.5792,1.5827,1.5674,1.5764,244739.2,1753606800000,385052.53114,3642,2025-07-27 08:00:00+00:00
1753606800000,1.5763,1.5793,1.5672,1.5718,148703.5,1753610400000,233936.13509,3142,2025-07-27 09:00:00+00:00
1753610400000,1.5717,1.6048,1.5706,1.5988,379329.2,1753614000000,604083.50464,5198,2025-07-27 10:00:00+00:00
1753614000000,1.599,1.6128,1.5856,1.5887,380913.4,1753617600000,609120.50718,5307,2025-07-27 11:00:00+00:00
1753617600000,1.5887,1.5934,1.5717,1.592,272420.0,1753621200000,431364.19563,5103,2025-07-27 12:00:00+00:00
1753621200000,1.5919,1.5981,1.579,1.5822,440832.6,1753624800000,699558.78109,5007,2025-07-27 13:00:00+00:00
1753624800000,1.5821,1.5932,1.5739,1.5823,293247.8,1753628400000,464315.1946,5095,2025-07-27 14:00:00+00:00
1753628400000,1.5823,1.5888,1.5705,1.5884,302695.7,1753632000000,478449.61817,5714,2025-07-27 15:00:00+00:00
1753632000000,1.5885,1.624,1.5885,1.596,905640.6,1753635600000,1454951.29486,12938,2025-07-27 16:00:00+00:00
1753635600000,1.5961,1.5997,1.5826,1.5938,361914.0,1753639200000,576175.91855,6770,2025-07-27 17:00:00+00:00
1753639200000,1.5937,1.6011,1.5865,1.593,407171.3,1753642800000,649045.54502,6677,2025-07-27 18:00:00+00:00
1753642800000,1.5928,1.5953,1.5774,1.5809,231270.0,1753646400000,366313.41086,4040,2025-07-27 19:00:00+00:00
1753646400000,1.581,1.5922,1.5754,1.5792,368722.2,1753650000000,583819.39188,5263,2025-07-27 20:00:00+00:00
1753650000000,1.5793,1.5898,1.5723,1.5898,180046.7,1753653600000,284069.11195,3170,2025-07-27 21:00:00+00:00
1753653600000,1.59,1.6224,1.5889,1.607,667673.4,1753657200000,1074844.40999,8647,2025-07-27 22:00:00+00:00
1753657200000,1.6069,1.6069,1.5903,1.6003,354851.7,1753660800000,567329.868,6280,2025-07-27 23:00:00+00:00
1753660800000,1.6004,1.619,1.5886,1.5902,750552.7,1753664400000,1203782.2732,11394,2025-07-28 00:00:00+00:00
1753664400000,1.5902,1.5914,1.5561,1.5692,692542.0,1753668000000,1091020.73125,9292,2025-07-28 01:00:00+00:00
1753668000000,1.5692,1.607,1.5611,1.5909,1054242.7,1753671600000,1668020.96996,11975,2025-07-28 02:00:00+00:00
1753671600000,1.591,1.5967,1.5811,1.5926,297319.7,1753675200000,472377.45014,6460,2025-07-28 03:00:00+00:00
1753675200000,1.5927,1.6067,1.5823,1.5968,540976.9,1753678800000,862956.01335,8511,2025-07-28 04:00:00+00:00
1753678800000,1.5969,1.6194,1.5933,1.6103,934544.9,1753682400000,1501540.23499,12012,2025-07-28 05:00:00+00:00
1753682400000,1.6101,1.6146,1.5997,1.6039,500681.4,1753686000000,804550.6881,7692,2025-07-28 06:00:00+00:00
1753686000000,1.6039,1.6041,1.5743,1.5948,583670.1,1753689600000,924644.6141,8309,2025-07-28 07:00:00+00:00
1753689600000,1.5948,1.6026,1.5807,1.5984,495001.4,1753693200000,787769.15878,8043,2025-07-28 08:00:00+00:00
1753693200000,1.5983,1.6032,1.5814,1.5956,455245.7,1753696800000,725221.41854,8037,2025-07-28 09:00:00+00:00
1753696800000,1.5957,1.5971,1.581,1.585,292879.6,1753700400000,464698.53063,5495,2025-07-28 10:00:00+00:00
1753700400000,1.585,1.5867,1.5677,1.58,330599.0,1753704000000,520959.80672,5136,2025-07-28 11:00:00+00:00
1753704000000,1.5801,1.5874,1.567,1.5706,451800.0,1753707600000,712239.37611,7920,2025-07-28 12:00:00+00:00
1753707600000,1.5706,1.5706,1.5238,1.5311,1429604.9,1753711200000,2207861.73615,17231,2025-07-28 13:00:00+00:00
1753711200000,1.531,1.5373,1.4888,1.4982,1724708.1,1753714800000,2598087.68361,20665,2025-07-28 14:00:00+00:00
1753714800000,1.4981,1.5157,1.485,1.4951,1027175.0,1753718400000,1540334.92866,11749,2025-07-28 15:00:00+00:00
1753718400000,1.4951,1.5012,1.4778,1.4886,795797.7,1753722000000,1185072.03632,12415,2025-07-28 16:00:00+00:00
1753722000000,1.4884,1.4938,1.4745,1.4788,620340.3,1753725600000,920511.48262,9326,2025-07-28 17:00:00+00:00
1753725600000,1.4788,1.4794,1.4526,1.4628,1168975.2,1753729200000,1708626.21905,12976,2025-07-28 18:00:00+00:00
1753729200000,1.463,1.4749,1.4509,1.4655,726588.4,1753732800000,1064995.976,9397,2025-07-28 19:00:00+00:00
1753732800000,1.4656,1.468,1.4352,1.4441,904887.6,1753736400000,1310327.50637,13306,2025-07-28 20:00:00+00:00
1753736400000,1.4441,1.4612,1.4363,1.4494,500371.8,1753740000000,726070.07367,7239,2025-07-28 21:00:00+00:00
1753740000000,1.4494,1.4563,1.4241,1.4404,695097.4,1753743600000,1001101.77577,11154,2025-07-28 22:00:00+00:00
1753743600000,1.4406,1.4526,1.4364,1.452,685110.1,1753747200000,988941.22693,8581,2025-07-28 23:00:00+00:00
1753747200000,1.452,1.4726,1.435,1.465,1088742.7,1753750800000,1584845.70205,13644,2025-07-29 00:00:00+00:00
1753750800000,1.4649,1.4754,1.4554,1.4557,374542.3,1753754400000,548949.07456,6120,2025-07-29 01:00:00+00:00
1753754400000,1.4559,1.4606,1.4385,1.4452,431813.4,1753758000000,625672.28757,8282,2025-07-29 02:00:00+00:00
1753758000000,1.4452,1.4661,1.4452,1.4625,384625.0,1753761600000,559846.6113,7539,2025-07-29 03:00:00+00:00
1753761600000,1.4626,1.4656,1.4503,1.4532,278831.6,1753765200000,406204.60156,6016,2025-07-29 04:00:00+00:00
1753765200000,1.4527,1.4659,1.4508,1.4658,254135.2,1753768800000,371005.09277,5643,2025-07-29 05:00:00+00:00
1753768800000,1.4659,1.4754,1.4625,1.4698,458145.1,1753772400000,673231.70153,7550,2025-07-29 06:00:00+00:00
1753772400000,1.4699,1.4913,1.469,1.4885,649075.5,1753776000000,959381.87634,8096,2025-07-29 07:00:00+00:00
1753776000000,1.4889,1.4947,1.4835,1.4893,533456.9,1753779600000,794373.99447,6777,2025-07-29 08:00:00+00:00
1753779600000,1.4893,1.4917,1.4765,1.4835,377785.1,1753783200000,560491.68126,5512,2025-07-29 09:00:00+00:00
1753783200000,1.4834,1.4842,1.4424,1.447,637206.8,1753786800000,930858.95707,7935,2025-07-29 10:00:00+00:00
1753786800000,1.4469,1.466,1.4449,1.4542,386319.3,1753790400000,561892.23003,6952,2025-07-29 11:00:00+00:00
1753790400000,1.4543,1.4712,1.4467,1.4607,483384.0,1753794000000,704829.60737,8123,2025-07-29 12:00:00+00:00
1753794000000,1.4605,1.4726,1.4,1.4164,3158113.2,1753797600000,4500311.23905,26241,2025-07-29 13:00:00+00:00
1753797600000,1.4166,1.4188,1.3701,1.389,2133878.2,1753801200000,2982686.29224,24409,2025-07-29 14:00:00+00:00
1753801200000,1.3889,1.3956,1.3722,1.391,1330266.5,1753804800000,1841741.55328,16208,2025-07-29 15:00:00+00:00
1753804800000,1.3911,1.3983,1.3608,1.3862,2234705.8,1753808400000,3084794.83174,23812,2025-07-29 16:00:00+00:00
1753808400000,1.3862,1.3968,1.3758,1.3806,660028.8,1753812000000,914828.76268,9531,2025-07-29 17:00:00+00:00
1753812000000,1.3805,1.3823,1.3704,1.3728,308671.9,1753815600000,424804.13163,6139,2025-07-29 18:00:00+00:00
1753815600000,1.3729,1.3817,1.3588,1.3634,707467.1,1753819200000,968114.3677,8394,2025-07-29 19:00:00+00:00
1753819200000,1.3635,1.3662,1.3318,1.3482,1471754.4,1753822800000,1981395.66513,15035,2025-07-29 20:00:00+00:00
1753822800000,1.3483,1.3841,1.3376,1.376,1136659.1,1753826400000,1541953.34677,8285,2025-07-29 21:00:00+00:00
1753826400000,1.3761,1.3828,1.3664,1.3732,669780.2,1753830000000,919901.72118,9103,2025-07-29 22:00:00+00:00
1753830000000,1.3733,1.3797,1.3664,1.3771,355283.6,1753833600000,487411.1695,6381,2025-07-29 23:00:00+00:00
1753833600000,1.377,1.3805,1.3564,1.3667,422262.3,1753837200000,577055.15927,7954,2025-07-30 00:00:00+00:00
1753837200000,1.3666,1.3838,1.3512,1.3731,665723.1,1753840800000,912410.34868,10017,2025-07-30 01:00:00+00:00
1753840800000,1.3731,1.3834,1.3659,1.367,461322.2,1753844400000,633286.85834,7545,2025-07-30 02:00:00+00:00
1753844400000,1.3669,1.3724,1.36,1.3654,282309.7,1753848000000,385507.11377,5395,2025-07-30 03:00:00+00:00
1753848000000,1.3654,1.3721,1.3577,1.3634,268464.2,1753851600000,366424.37774,5692,2025-07-30 04:00:00+00:00
1753851600000,1.3633,1.3809,1.3541,1.3781,444120.0,1753855200000,608045.13293,8674,2025-07-30 05:00:00+00:00
1753855200000,1.378,1.3899,1.3754,1.3831,497037.6,1753858800000,687033.98194,9013,2025-07-30 06:00:00+00:00
1753858800000,1.3832,1.388,1.3643,1.3684,313271.3,1753862400000,430638.09519,6068,2025-07-30 07:00:00+00:00
1753862400000,1.3682,1.3855,1.3586,1.3767,473452.4,1753866000000,649190.01639,7075,2025-07-30 08:00:00+00:00
1753866000000,1.3763,1.3801,1.3609,1.3634,418617.1,1753869600000,573076.15147,7181,2025-07-30 09:00:00+00:00
1753869600000,1.3634,1.3731,1.3506,1.3542,338966.9,1753873200000,461912.90098,6559,2025-07-30 10:00:00+00:00
1753873200000,1.3543,1.3606,1.3089,1.3235,1455684.5,1753876800000,1934553.32611,14554,2025-07-30 11:00:00+00:00
1753876800000,1.3235,1.3428,1.3034,1.3281,1201946.6,1753880400000,1593581.01937,15269,2025-07-30 12:00:00+00:00
1753880400000,1.3281,1.3349,1.3156,1.3239,1349878.5,1753884000000,1786871.54659,19594,2025-07-30 13:00:00+00:00
1753884000000,1.324,1.3566,1.3174,1.3511,952951.2,1753887600000,1273520.67434,16085,2025-07-30 14:00:00+00:00
1753887600000,1.3516,1.355,1.3247,1.3268,790938.8,1753891200000,1056656.60401,13284,2025-07-30 15:00:00+00:00
1753891200000,1.3269,1.3446,1.3198,1.3342,897232.2,1753894800000,1194624.75968,12192,2025-07-30 16:00:00+00:00
1753894800000,1.3343,1.3478,1.3281,1.3439,601160.6,1753898400000,803831.3275,9085,2025-07-30 17:00:00+00:00
1753898400000,1.3437,1.3562,1.3123,1.315,1957975.0,1753902000000,2613932.82558,22418,2025-07-30 18:00:00+00:00
1753902000000,1.3151,1.3371,1.255,1.3314,4931802.6,1753905600000,6356260.11827,45036,2025-07-30 19:00:00+00:00
1753905600000,1.3313,1.345,1.3179,1.3239,1687038.8,1753909200000,2249960.30044,12643,2025-07-30 20:00:00+00:00
1753909200000,1.3238,1.3336,1.3066,1.32,585326.4,1753912800000,774677.30274,4279,2025-07-30 21:00:00+00:00
1753912800000,1.3199,1.3272,1.3095,1.3208,397538.5,1753916400000,523260.85608,5093,2025-07-30 22:00:00+00:00
1753916400000,1.3207,1.3451,1.3203,1.343,445557.6,1753920000000,594827.20108,5293,2025-07-30 23:00:00+00:00
1753920000000,1.3431,1.36,1.3363,1.3583,444024.9,1753923600000,599869.76485,5979,2025-07-31 00:00:00+00:00
1753923600000,1.3584,1.3684,1.3531,1.3654,338867.7,1753927200000,461344.55128,5308,2025-07-31 01:00:00+00:00
1753927200000,1.3655,1.3699,1.3575,1.3654,293650.9,1753930800000,400460.00789,4457,2025-07-31 02:00:00+00:00
1753930800000,1.3654,1.3779,1.3622,1.373,542718.3,1753934400000,744283.80918,6651,2025-07-31 03:00:00+00:00
1753934400000,1.3731,1.383,1.3705,1.3801,333900.6,1753938000000,459936.1295,4251,2025-07-31 04:00:00+00:00
1753938000000,1.3801,1.3814,1.3742,1.3791,249761.8,1753941600000,344173.2808,3241,2025-07-31 05:00:00+00:00
1753941600000,1.379,1.3806,1.3698,1.3771,288797.8,1753945200000,397268.2899,3596,2025-07-31 06:00:00+00:00
1753945200000,1.3772,1.3791,1.3702,1.3761,293775.0,1753948800000,403920.29108,3841,2025-07-31 07:00:00+00:00
1753948800000,1.3761,1.3801,1.3717,1.3734,283098.8,1753952400000,389566.85122,3321,2025-07-31 08:00:00+00:00
1753952400000,1.3734,1.3816,1.3663,1.3796,247799.0,1753956000000,340059.91399,3255,2025-07-31 09:00:00+00:00
1753956000000,1.3794,1.3804,1.3716,1.3726,300802.4,1753959600000,413564.03125,3329,2025-07-31 10:00:00+00:00
1753959600000,1.3727,1.3766,1.3638,1.3658,352892.3,1753963200000,483373.53349,4364,2025-07-31 11:00:00+00:00
1753963200000,1.3659,1.3674,1.3471,1.353,600935.4,1753966800000,815334.73278,7993,2025-07-31 12:00:00+00:00
1753966800000,1.3529,1.3532,1.3206,1.3335,887963.7,1753970400000,1182381.40776,11981,2025-07-31 13:00:00+00:00
1753970400000,1.3338,1.3374,1.3063,1.3133,1417763.8,1753974000000,1868673.88352,15390,2025-07-31 14:00:00+00:00
1753974000000,1.3133,1.3331,1.3074,1.3241,732803.1,1753977600000,968655.45843,13151,2025-07-31 15:00:00+00:00
1753977600000,1.3241,1.3564,1.318,1.3457,746123.7,1753981200000,999469.72456,10283,2025-07-31 16:00:00+00:00
1753981200000,1.3458,1.3459,1.3141,1.3184,730642.7,1753984800000,969312.25012,11587,2025-07-31 17:00:00+00:00
1753984800000,1.3183,1.323,1.3015,1.3103,651836.2,1753988400000,855002.4296,8489,2025-07-31 18:00:00+00:00
1753988400000,1.3104,1.3127,1.289,1.2952,560766.0,1753992000000,728866.38418,8340,2025-07-31 19:00:00+00:00
1753992000000,1.2951,1.2992,1.2813,1.293,797033.0,1753995600000,1030050.97113,9642,2025-07-31 20:00:00+00:00
1753995600000,1.2929,1.3019,1.2726,1.2869,485024.5,1753999200000,624803.84815,5206,2025-07-31 21:00:00+00:00
1753999200000,1.287,1.287,1.2687,1.2755,658290.1,1754002800000,840305.83458,9186,2025-07-31 22:00:00+00:00
1754002800000,1.2755,1.2859,1.2496,1.253,953025.3,1754006400000,1202799.35719,12921,2025-07-31 23:00:00+00:00
1754006400000,1.2531,1.2574,1.201,1.2386,3667769.0,1754010000000,4494888.83407,36533,2025-08-01 00:00:00+00:00
1754010000000,1.2385,1.248,1.2233,1.236,1208758.9,1754013600000,1490778.2012,13664,2025-08-01 01:00:00+00:00
1754013600000,1.2359,1.2558,1.2327,1.2479,893560.9,1754017200000,1114846.53129,13024,2025-08-01 02:00:00+00:00
1754017200000,1.2478,1.2529,1.2401,1.2431,470834.9,1754020800000,587330.58728,7221,2025-08-01 03:00:00+00:00
1754020800000,1.243,1.2436,1.2311,1.2366,392718.6,1754024400000,485935.28145,7306,2025-08-01 04:00:00+00:00
1754024400000,1.2365,1.2424,1.2213,1.2266,461754.0,1754028000000,568536.86564,7797,2025-08-01 05:00:00+00:00
1754028000000,1.2265,1.23,1.2134,1.2279,731711.5,1754031600000,893981.6277,10123,2025-08-01 06:00:00+00:00
1754031600000,1.2279,1.2338,1.2172,1.2238,698223.9,1754035200000,856260.78271,10254,2025-08-01 07:00:00+00:00
1754035200000,1.2236,1.2236,1.1884,1.208,3258663.9,1754038800000,3936074.74075,22476,2025-08-01 08:00:00+00:00
1754038800000,1.2079,1.2224,1.2054,1.2059,860629.4,1754042400000,1045845.82035,11569,2025-08-01 09:00:00+00:00
1754042400000,1.2059,1.2162,1.2026,1.2093,626876.7,1754046000000,757818.48394,7332,2025-08-01 10:00:00+00:00
1754046000000,1.2093,1.2259,1.2039,1.2227,411134.5,1754049600000,498930.25148,6097,2025-08-01 11:00:00+00:00
1754049600000,1.2225,1.2337,1.2086,1.2222,1101110.1,1754053200000,1345916.84018,11706,2025-08-01 12:00:00+00:00
1754053200000,1.2223,1.2322,1.1837,1.1945,1527416.9,1754056800000,1845997.85594,16927,2025-08-01 13:00:00+00:00
1754056800000,1.1939,1.2443,1.1845,1.2356,2003632.6,1754060400000,2447789.16496,18398,2025-08-01 14:00:00+00:00
1754060400000,1.2357,1.2375,1.2156,1.2308,1034001.1,1754064000000,1268689.93276,13128,2025-08-01 15:00:00+00:00
1754064000000,1.2307,1.2396,1.2065,1.2101,780254.9,1754067600000,956501.75155,11024,2025-08-01 16:00:00+00:00
1754067600000,1.21,1.2217,1.1991,1.2056,894146.3,1754071200000,1080211.90047,11338,2025-08-01 17:00:00+00:00
1754071200000,1.2055,1.2245,1.1968,1.2137,1139400.0,1754074800000,1380007.35179,13046,2025-08-01 18:00:00+00:00
1754074800000,1.2136,1.2364,1.2114,1.234,1055034.5,1754078400000,1291136.15611,12891,2025-08-01 19:00:00+00:00
1754078400000,1.2341,1.2386,1.2024,1.2272,1056595.6,1754082000000,1288899.59558,12634,2025-08-01 20:00:00+00:00
1754082000000,1.2272,1.2376,1.2233,1.2298,435162.8,1754085600000,536041.07089,4593,2025-08-01 21:00:00+00:00
1754085600000,1.23,1.2313,1.1652,1.1974,3420216.4,1754089200000,4064589.40532,33104,2025-08-01 22:00:00+00:00
1754089200000,1.1973,1.2207,1.1931,1.2154,680567.4,1754092800000,821690.66905,8783,2025-08-01 23:00:00+00:00
1754092800000,1.2155,1.2256,1.2114,1.2188,959316.4,1754096400000,1167870.00292,11860,2025-08-02 00:00:00+00:00
1754096400000,1.2189,1.2197,1.2063,1.2165,180511.6,1754100000000,218853.34491,3002,2025-08-02 01:00:00+00:00
1754100000000,1.2164,1.2197,1.2122,1.2187,127927.5,1754103600000,155636.45546,2422,2025-08-02 02:00:00+00:00
1754103600000,1.2188,1.2234,1.2139,1.2155,162012.4,1754107200000,197469.37273,2838,2025-08-02 03:00:00+00:00
1754107200000,1.2154,1.2235,1.2101,1.2227,248281.8,1754110800000,301897.4983,3031,2025-08-02 04:00:00+00:00
1754110800000,1.2227,1.223,1.212,1.2124,281834.0,1754114400000,342776.77805,2952,2025-08-02 05:00:00+00:00
1754114400000,1.2125,1.2133,1.176,1.1872,718884.5,1754118000000,857245.43251,7611,2025-08-02 06:00:00+00:00
1754118000000,1.1869,1.2108,1.1736,1.2078,776095.9,1754121600000,923543.69993,8241,2025-08-02 07:00:00+00:00
1754121600000,1.2079,1.212,1.1906,1.1912,394868.4,1754125200000,474932.74276,5602,2025-08-02 08:00:00+00:00
1754125200000,1.1911,1.1973,1.1863,1.191,342521.6,1754128800000,408362.54681,5507,2025-08-02 09:00:00+00:00
1754128800000,1.1911,1.1935,1.1793,1.1882,490528.0,1754132400000,580929.20337,6149,2025-08-02 10:00:00+00:00
1754132400000,1.1881,1.2012,1.1781,1.1907,345814.8,1754136000000,411276.13236,5285,2025-08-02 11:00:00+00:00
1754136000000,1.1907,1.1921,1.1771,1.1867,367492.3,1754139600000,435291.29602,4899,2025-08-02 12:00:00+00:00
1754139600000,1.1868,1.1958,1.1753,1.1916,349482.8,1754143200000,414109.0673,5882,2025-08-02 13:00:00+00:00
1754143200000,1.1919,1.1946,1.1674,1.1743,745484.3,1754146800000,876144.28188,7629,2025-08-02 14:00:00+00:00
1754146800000,1.1741,1.1898,1.1615,1.167,708936.8,1754150400000,833157.14221,8246,2025-08-02 15:00:00+00:00
1754150400000,1.167,1.1818,1.1513,1.173,929181.6,1754154000000,1083121.04468,11024,2025-08-02 16:00:00+00:00
1754154000000,1.1728,1.1838,1.1434,1.1508,1251730.4,1754157600000,1451953.00012,10519,2025-08-02 17:00:00+00:00
1754157600000,1.1509,1.1569,1.1217,1.1419,2198566.1,1754161200000,2508110.68786,18734,2025-08-02 18:00:00+00:00
1754161200000,1.142,1.168,1.1346,1.1499,977568.5,1754164800000,1126728.64139,10512,2025-08-02 19:00:00+00:00
1754164800000,1.15,1.1632,1.1495,1.163,588533.8,1754168400000,680173.57927,7345,2025-08-02 20:00:00+00:00
1754168400000,1.1629,1.171,1.1525,1.1568,360229.5,1754172000000,417958.77402,4152,2025-08-02 21:00:00+00:00
1754172000000,1.1568,1.1635,1.1438,1.1597,529688.3,1754175600000,610276.54889,4983,2025-08-02 22:00:00+00:00
1754175600000,1.1598,1.161,1.1382,1.1531,562747.4,1754179200000,646536.79139,7092,2025-08-02 23:00:00+00:00
1754179200000,1.1533,1.1708,1.1343,1.1708,1224379.3,1754182800000,1411223.32341,11193,2025-08-03 00:00:00+00:00
1754182800000,1.1706,1.1799,1.1651,1.1798,527678.9,1754186400000,619431.04243,6490,2025-08-03 01:00:00+00:00
1754186400000,1.1798,1.2073,1.1796,1.2041,1783560.3,1754190000000,2131582.77722,10381,2025-08-03 02:00:00+00:00
1754190000000,1.204,1.2177,1.1992,1.2094,1270859.8,1754193600000,1535045.4794,14047,2025-08-03 03:00:00+00:00
1754193600000,1.2094,1.2334,1.2069,1.2323,1341222.8,1754197200000,1643221.7468,14554,2025-08-03 04:00:00+00:00
1754197200000,1.2323,1.2459,1.2266,1.242,1284211.3,1754200800000,1589701.11018,11034,2025-08-03 05:00:00+00:00
1754200800000,1.2421,1.2442,1.2229,1.2266,1156884.9,1754204400000,1423009.65047,6319,2025-08-03 06:00:00+00:00
1754204400000,1.2268,1.228,1.1992,1.2152,1946583.8,1754208000000,2355829.06804,9181,2025-08-03 07:00:00+00:00
1754208000000,1.2151,1.2171,1.2024,1.2059,347641.1,1754211600000,420049.57634,4626,2025-08-03 08:00:00+00:00
1754211600000,1.2059,1.2148,1.1975,1.2138,354500.5,1754215200000,426857.04336,4097,2025-08-03 09:00:00+00:00
1754215200000,1.2138,1.2172,1.209,1.2104,255906.4,1754218800000,310337.97286,3185,2025-08-03 10:00:00+00:00
1754218800000,1.2103,1.2218,1.2027,1.204,490339.6,1754222400000,593778.91949,4742,2025-08-03 11:00:00+00:00
1754222400000,1.204,1.218,1.2001,1.2143,687377.1,1754226000000,830244.4075,4995,2025-08-03 12:00:00+00:00
1754226000000,1.2142,1.2185,1.2093,1.2138,280951.1,1754229600000,340799.76871,3594,2025-08-03 13:00:00+00:00
1754229600000,1.2138,1.2145,1.1998,1.2091,880958.6,1754233200000,1061068.54434,5830,2025-08-03 14:00:00+00:00
1754233200000,1.209,1.2137,1.2028,1.2123,300243.6,1754236800000,362643.61196,4084,2025-08-03 15:00:00+00:00
1754236800000,1.2123,1.2188,1.2087,1.2163,276277.6,1754240400000,335251.05879,3865,2025-08-03 16:00:00+00:00
1754240400000,1.2161,1.2169,1.2085,1.2149,139142.8,1754244000000,168770.20253,2987,2025-08-03 17:00:00+00:00
1754244000000,1.215,1.2186,1.2104,1.218,200127.4,1754247600000,243185.40092,2904,2025-08-03 18:00:00+00:00
1754247600000,1.2181,1.2277,1.2159,1.2178,575859.2,1754251200000,703284.94657,4702,2025-08-03 19:00:00+00:00
1754251200000,1.2177,1.2204,1.2103,1.2193,179471.1,1754254800000,218003.76454,2923,2025-08-03 20:00:00+00:00
1754254800000,1.2192,1.2227,1.2171,1.2214,158490.3,1754258400000,193408.49527,2041,2025-08-03 21:00:00+00:00
1754258400000,1.2214,1.2256,1.213,1.2222,283017.8,1754262000000,345031.7462,3702,2025-08-03 22:00:00+00:00
1754262000000,1.2223,1.23,1.2156,1.2191,364026.4,1754265600000,444867.31755,4233,2025-08-03 23:00:00+00:00
1754265600000,1.2191,1.2435,1.2182,1.2434,505968.2,1754269200000,623114.19292,6384,2025-08-04 00:00:00+00:00
1754269200000,1.243,1.2469,1.2242,1.2262,446229.2,1754272800000,551268.29297,5884,2025-08-04 01:00:00+00:00
1754272800000,1.2264,1.2358,1.2173,1.2331,261221.6,1754276400000,320353.87649,3583,2025-08-04 02:00:00+00:00
1754276400000,1.2332,1.2357,1.2193,1.2234,328634.6,1754280000000,402466.04399,3253,2025-08-04 03:00:00+00:00
1754280000000,1.2236,1.2288,1.2189,1.2221,201249.8,1754283600000,246285.33859,2343,2025-08-04 04:00:00+00:00
1754283600000,1.2223,1.2233,1.2096,1.2179,253237.8,1754287200000,307876.9388,3141,2025-08-04 05:00:00+00:00
1754287200000,1.2178,1.2222,1.2078,1.2192,316074.3,1754290800000,384098.18274,5243,2025-08-04 06:00:00+00:00
1754290800000,1.2191,1.2297,1.2154,1.2247,283370.5,1754294400000,346462.33893,3299,2025-08-04 07:00:00+00:00
1754294400000,1.2249,1.2311,1.2133,1.217,306057.4,1754298000000,374061.61855,4149,2025-08-04 08:00:00+00:00
1754298000000,1.2171,1.2219,1.2102,1.2109,217886.6,1754301600000,264892.98223,2605,2025-08-04 09:00:00+00:00
1754301600000,1.211,1.2173,1.2078,1.2105,294077.0,1754305200000,356215.38791,3144,2025-08-04 10:00:00+00:00
1754305200000,1.2104,1.2117,1.199,1.2101,538219.2,1754308800000,648651.60229,4127,2025-08-04 11:00:00+00:00
1754308800000,1.2103,1.2191,1.2071,1.2181,178374.9,1754312400000,216302.62261,2908,2025-08-04 12:00:00+00:00
1754312400000,1.2181,1.2421,1.2109,1.2416,692068.6,1754316000000,849989.42045,8346,2025-08-04 13:00:00+00:00
1754316000000,1.2416,1.2567,1.2284,1.2314,1397603.8,1754319600000,1741078.93007,12556,2025-08-04 14:00:00+00:00
1754319600000,1.2315,1.2408,1.2251,1.2351,418055.1,1754323200000,515412.22233,6647,2025-08-04 15:00:00+00:00
1754323200000,1.2354,1.2542,1.2354,1.251,457116.4,1754326800000,568793.81627,6832,2025-08-04 16:00:00+00:00
1754326800000,1.2511,1.2672,1.2388,1.2421,558412.4,1754330400000,699401.19303,7457,2025-08-04 17:00:00+00:00
1754330400000,1.242,1.2459,1.2268,1.2305,351754.4,1754334000000,435083.73212,5517,2025-08-04 18:00:00+00:00
1754334000000,1.2306,1.2324,1.2192,1.2289,216654.2,1754337600000,265678.64241,4390,2025-08-04 19:00:00+00:00
1754337600000,1.2288,1.2429,1.2277,1.239,566661.0,1754341200000,700920.45486,6008,2025-08-04 20:00:00+00:00
1754341200000,1.2389,1.2525,1.2387,1.2453,275265.7,1754344800000,343403.62065,3423,2025-08-04 21:00:00+00:00
1754344800000,1.2454,1.2635,1.2435,1.2619,372782.0,1754348400000,466735.30322,5451,2025-08-04 22:00:00+00:00
1754348400000,1.2618,1.2627,1.2524,1.2576,233955.5,1754352000000,294166.80503,3760,2025-08-04 23:00:00+00:00
1754352000000,1.2577,1.2685,1.2515,1.2645,371323.5,1754355600000,467778.92757,5199,2025-08-05 00:00:00+00:00
1754355600000,1.2646,1.2666,1.2426,1.2444,331562.7,1754359200000,416254.13523,4274,2025-08-05 01:00:00+00:00
1754359200000,1.2445,1.2503,1.2409,1.2465,192855.4,1754362800000,240292.82721,2845,2025-08-05 02:00:00+00:00
1754362800000,1.2463,1.2463,1.219,1.2211,471255.2,1754366400000,577658.38706,5542,2025-08-05 03:00:00+00:00
1754366400000,1.221,1.2284,1.2132,1.2173,313455.8,1754370000000,382166.9076,3732,2025-08-05 04:00:00+00:00
1754370000000,1.2173,1.2278,1.217,1.2227,341066.9,1754373600000,416862.99077,3206,2025-08-05 05:00:00+00:00
1754373600000,1.2226,1.2344,1.2109,1.214,292244.4,1754377200000,356957.35209,4159,2025-08-05 06:00:00+00:00
1754377200000,1.2141,1.216,1.1932,1.198,598698.0,1754380800000,719993.08614,7006,2025-08-05 07:00:00+00:00
1754380800000,1.1979,1.2088,1.1948,1.2073,329431.8,1754384400000,396279.41653,4502,2025-08-05 08:00:00+00:00
1754384400000,1.2072,1.2228,1.207,1.2207,218649.5,1754388000000,265908.43328,3571,2025-08-05 09:00:00+00:00
1754388000000,1.2206,1.252,1.2154,1.2385,1953269.3,1754391600000,2414826.56468,10373,2025-08-05 10:00:00+00:00
1754391600000,1.2386,1.2436,1.2348,1.2422,263614.8,1754395200000,326740.96661,4298,2025-08-05 11:00:00+00:00
1754395200000,1.2423,1.2443,1.2141,1.2206,584659.1,1754398800000,717662.66026,8111,2025-08-05 12:00:00+00:00
1754398800000,1.2204,1.2318,1.2159,1.2249,498956.2,1754402400000,609697.94811,7732,2025-08-05 13:00:00+00:00
1754402400000,1.2246,1.2256,1.1854,1.1926,1404252.6,1754406000000,1680084.22413,17576,2025-08-05 14:00:00+00:00
1754406000000,1.1925,1.2042,1.171,1.1792,845896.8,1754409600000,1002180.82336,11129,2025-08-05 15:00:00+00:00
1754409600000,1.1792,1.1897,1.173,1.1842,586597.4,1754413200000,693965.86792,7991,2025-08-05 16:00:00+00:00
1754413200000,1.1845,1.1913,1.1791,1.1893,285268.5,1754416800000,338145.46956,5521,2025-08-05 17:00:00+00:00
1754416800000,1.1892,1.1897,1.1733,1.1841,312980.8,1754420400000,369626.60959,6352,2025-08-05 18:00:00+00:00
1754420400000,1.1841,1.1882,1.1712,1.1756,296524.9,1754424000000,349759.01245,4990,2025-08-05 19:00:00+00:00
1754424000000,1.1759,1.1911,1.1753,1.1784,211731.9,1754427600000,250140.70359,3873,2025-08-05 20:00:00+00:00
1754427600000,1.1784,1.183,1.1682,1.1687,229015.3,1754431200000,269412.85406,3030,2025-08-05 21:00:00+00:00
1754431200000,1.1687,1.1781,1.158,1.1774,504668.1,1754434800000,589353.12198,5659,2025-08-05 22:00:00+00:00
1754434800000,1.1773,1.1868,1.1755,1.1842,227406.7,1754438400000,268748.33535,3878,2025-08-05 23:00:00+00:00
1754438400000,1.1844,1.1848,1.1665,1.1675,272122.5,1754442000000,320268.96539,4833,2025-08-06 00:00:00+00:00
1754442000000,1.1675,1.1729,1.1621,1.1722,281706.0,1754445600000,329048.94133,5262,2025-08-06 01:00:00+00:00
1754445600000,1.172,1.1737,1.1611,1.1644,286712.6,1754449200000,335138.30046,3792,2025-08-06 02:00:00+00:00
1754449200000,1.1645,1.1649,1.1526,1.1567,281887.0,1754452800000,326480.95255,3605,2025-08-06 03:00:00+00:00
1754452800000,1.1566,1.1575,1.1495,1.1542,202325.4,1754456400000,233348.79632,3203,2025-08-06 04:00:00+00:00
1754456400000,1.1542,1.1966,1.151,1.1857,768059.3,1754460000000,908527.88005,8259,2025-08-06 05:00:00+00:00
1754460000000,1.1859,1.2143,1.1783,1.2058,428314.7,1754463600000,511268.47869,6344,2025-08-06 06:00:00+00:00
1754463600000,1.2059,1.2139,1.2025,1.2076,418538.8,1754467200000,505876.48086,4974,2025-08-06 07:00:00+00:00
1754467200000,1.2076,1.2161,1.1865,1.1933,616687.3,1754470800000,741238.46744,5747,2025-08-06 08:00:00+00:00
1754470800000,1.1933,1.2076,1.1889,1.195,349354.0,1754474400000,418236.72568,4756,2025-08-06 09:00:00+00:00
1754474400000,1.1949,1.1978,1.1847,1.1868,416923.4,1754478000000,496054.84248,4229,2025-08-06 10:00:00+00:00
1754478000000,1.1869,1.2002,1.1857,1.1897,136667.6,1754481600000,162790.25226,2852,2025-08-06 11:00:00+00:00
1754481600000,1.1898,1.1953,1.1749,1.1828,366395.4,1754485200000,434093.29764,5917,2025-08-06 12:00:00+00:00
1754485200000,1.1829,1.1973,1.1782,1.1929,849407.6,1754488800000,1009945.7906,10970,2025-08-06 13:00:00+00:00
1754488800000,1.193,1.2131,1.1843,1.2129,776793.4,1754492400000,930444.6186,11096,2025-08-06 14:00:00+00:00
1754492400000,1.2132,1.2299,1.2031,1.2267,990778.7,1754496000000,1203553.48744,10118,2025-08-06 15:00:00+00:00
1754496000000,1.2269,1.2356,1.212,1.2149,577392.2,1754499600000,705595.85285,8018,2025-08-06 16:00:00+00:00
1754499600000,1.2147,1.2296,1.2099,1.2274,337729.8,1754503200000,412416.46496,4852,2025-08-06 17:00:00+00:00
1754503200000,1.2275,1.24,1.2243,1.225,479774.3,1754506800000,591620.70955,6036,2025-08-06 18:00:00+00:00
1754506800000,1.2249,1.231,1.2248,1.2309,221699.4,1754510400000,272255.81421,4080,2025-08-06 19:00:00+00:00
1754510400000,1.231,1.2351,1.2271,1.2311,248675.5,1754514000000,306122.28324,3539,2025-08-06 20:00:00+00:00
1754514000000,1.2312,1.2364,1.2223,1.2291,226100.5,1754517600000,278078.7118,2459,2025-08-06 21:00:00+00:00
1754517600000,1.2296,1.2341,1.2269,1.2286,281567.1,1754521200000,346316.35859,2946,2025-08-06 22:00:00+00:00
1754521200000,1.2285,1.2342,1.2267,1.2321,143332.2,1754524800000,176294.75455,2331,2025-08-06 23:00:00+00:00
1754524800000,1.2319,1.2345,1.2213,1.2238,295671.0,1754528400000,362892.52112,4189,2025-08-07 00:00:00+00:00
1754528400000,1.2238,1.24,1.2182,1.2192,636809.2,1754532000000,781982.42799,6748,2025-08-07 01:00:00+00:00
1754532000000,1.2191,1.2234,1.2154,1.2184,305910.6,1754535600000,373167.20105,4166,2025-08-07 02:00:00+00:00
1754535600000,1.2184,1.2201,1.2115,1.2119,150263.2,1754539200000,182708.26717,2459,2025-08-07 03:00:00+00:00
1754539200000,1.2119,1.2214,1.2112,1.215,155618.1,1754542800000,189198.44103,2568,2025-08-07 04:00:00+00:00
1754542800000,1.2149,1.2317,1.2132,1.231,402282.4,1754546400000,492896.86469,4666,2025-08-07 05:00:00+00:00
1754546400000,1.2309,1.2381,1.2262,1.2328,754097.5,1754550000000,928214.69621,8189,2025-08-07 06:00:00+00:00
1754550000000,1.2326,1.2388,1.2304,1.2336,308942.5,1754553600000,381559.46597,4675,2025-08-07 07:00:00+00:00
1754553600000,1.2337,1.2428,1.2316,1.2331,351390.8,1754557200000,435212.70358,4470,2025-08-07 08:00:00+00:00
1754557200000,1.233,1.2444,1.2281,1.2422,267204.1,1754560800000,330385.78783,3528,2025-08-07 09:00:00+00:00
1754560800000,1.2421,1.2882,1.2412,1.2854,1386452.0,1754564400000,1756731.46988,14664,2025-08-07 10:00:00+00:00
1754564400000,1.2856,1.3309,1.2848,1.328,1695024.9,1754568000000,2221678.86876,17597,2025-08-07 11:00:00+00:00
1754568000000,1.3281,1.3381,1.315,1.3323,1781403.7,1754571600000,2363973.10047,19124,2025-08-07 12:00:00+00:00
1754571600000,1.3324,1.3561,1.3186,1.3556,1686074.0,1754575200000,2257284.81156,18845,2025-08-07 13:00:00+00:00
1754575200000,1.3556,1.3572,1.311,1.3177,2026813.3,1754578800000,2703780.95111,20660,2025-08-07 14:00:00+00:00
1754578800000,1.3175,1.3275,1.3004,1.3103,928184.1,1754582400000,1216730.76744,10595,2025-08-07 15:00:00+00:00
1754582400000,1.3102,1.3118,1.2714,1.2858,1011697.2,1754586000000,1305803.55945,12785,2025-08-07 16:00:00+00:00
1754586000000,1.2854,1.2907,1.2787,1.285,593632.7,1754589600000,762475.39764,8922,2025-08-07 17:00:00+00:00
1754589600000,1.2849,1.2899,1.2791,1.2876,377552.2,1754593200000,484652.87229,5770,2025-08-07 18:00:00+00:00
1754593200000,1.2875,1.3346,1.2864,1.323,1546274.9,1754596800000,2023722.97988,13679,2025-08-07 19:00:00+00:00
1754596800000,1.3229,1.3316,1.3121,1.3269,771172.3,1754600400000,1021242.17991,10614,2025-08-07 20:00:00+00:00
1754600400000,1.327,1.3349,1.3172,1.3229,604073.6,1754604000000,800683.17485,5658,2025-08-07 21:00:00+00:00
1754604000000,1.323,1.3405,1.3215,1.3368,477156.1,1754607600000,634887.86145,7745,2025-08-07 22:00:00+00:00
1754607600000,1.3369,1.3405,1.326,1.3338,434812.0,1754611200000,579105.65381,5762,2025-08-07 23:00:00+00:00
1754611200000,1.3337,1.3479,1.317,1.3331,1517192.5,1754614800000,2019056.29237,21677,2025-08-08 00:00:00+00:00
1754614800000,1.3331,1.3403,1.3207,1.3297,1456324.3,1754618400000,1936783.50607,21985,2025-08-08 01:00:00+00:00
1754618400000,1.3296,1.3446,1.3213,1.3343,876462.8,1754622000000,1167781.81879,8511,2025-08-08 02:00:00+00:00
1754622000000,1.3342,1.3487,1.3303,1.3429,485952.6,1754625600000,651854.93301,6867,2025-08-08 03:00:00+00:00
1754625600000,1.3429,1.3452,1.3336,1.3417,354516.7,1754629200000,474914.82137,4637,2025-08-08 04:00:00+00:00
1754629200000,1.3418,1.3446,1.3341,1.3411,291811.2,1754632800000,390878.17345,4262,2025-08-08 05:00:00+00:00
1754632800000,1.341,1.3595,1.3403,1.3525,625650.8,1754636400000,844803.70068,8118,2025-08-08 06:00:00+00:00
1754636400000,1.3523,1.3544,1.3354,1.3525,594309.6,1754640000000,798900.76839,9496,2025-08-08 07:00:00+00:00
1754640000000,1.3525,1.3619,1.3349,1.3423,782784.5,1754643600000,1053465.03796,10973,2025-08-08 08:00:00+00:00
1754643600000,1.3422,1.3471,1.3326,1.343,411153.8,1754647200000,550897.18252,6237,2025-08-08 09:00:00+00:00
1754647200000,1.3429,1.3444,1.3347,1.3364,388141.3,1754650800000,519724.24168,5079,2025-08-08 10:00:00+00:00
1754650800000,1.3364,1.3473,1.3356,1.3446,526582.2,1754654400000,706323.38935,5208,2025-08-08 11:00:00+00:00
1754654400000,1.3448,1.3465,1.3239,1.3277,602959.6,1754658000000,804941.31553,6724,2025-08-08 12:00:00+00:00
1754658000000,1.3278,1.3668,1.3278,1.3633,839732.8,1754661600000,1130907.3453,11904,2025-08-08 13:00:00+00:00
1754661600000,1.3635,1.3745,1.3318,1.3432,1345286.1,1754665200000,1818405.19737,19750,2025-08-08 14:00:00+00:00
1754665200000,1.3433,1.345,1.313,1.3269,951209.1,1754668800000,1260697.70754,11600,2025-08-08 15:00:00+00:00
1754668800000,1.3268,1.3351,1.3234,1.3347,424884.7,1754672400000,564730.78785,6449,2025-08-08 16:00:00+00:00
1754672400000,1.3348,1.3751,1.3337,1.3732,723453.3,1754676000000,980581.12129,10989,2025-08-08 17:00:00+00:00
1754676000000,1.373,1.3785,1.3575,1.3639,675363.6,1754679600000,924225.8686,10876,2025-08-08 18:00:00+00:00
1754679600000,1.364,1.3758,1.3599,1.3756,697795.2,1754683200000,954160.02136,8731,2025-08-08 19:00:00+00:00
1754683200000,1.3756,1.3785,1.3676,1.3733,355405.0,1754686800000,487646.17874,5584,2025-08-08 20:00:00+00:00
1754686800000,1.3731,1.3761,1.3613,1.3712,202497.1,1754690400000,276971.83991,2482,2025-08-08 21:00:00+00:00
1754690400000,1.3711,1.3751,1.365,1.3709,330224.1,1754694000000,452702.35622,5306,2025-08-08 22:00:00+00:00
1754694000000,1.371,1.3784,1.3658,1.3715,251554.2,1754697600000,345199.67491,3738,2025-08-08 23:00:00+00:00
1754697600000,1.3714,1.3714,1.3621,1.3673,218102.8,1754701200000,297959.51954,4543,2025-08-09 00:00:00+00:00
1754701200000,1.3672,1.3777,1.3636,1.3739,319772.4,1754704800000,438918.08267,4212,2025-08-09 01:00:00+00:00
1754704800000,1.3739,1.3791,1.3727,1.3734,241275.8,1754708400000,331655.96592,2709,2025-08-09 02:00:00+00:00
1754708400000,1.3733,1.3733,1.3659,1.3678,339261.9,1754712000000,464349.68674,3521,2025-08-09 03:00:00+00:00
1754712000000,1.3679,1.3825,1.364,1.3812,514345.8,1754715600000,707097.64518,7228,2025-08-09 04:00:00+00:00
1754715600000,1.3809,1.4255,1.378,1.4139,3408270.0,1754719200000,4773094.03869,26270,2025-08-09 05:00:00+00:00
1754719200000,1.4139,1.4154,1.3854,1.3905,1008505.2,1754722800000,1410190.72233,11572,2025-08-09 06:00:00+00:00
1754722800000,1.3904,1.4056,1.387,1.4054,355899.3,1754726400000,497236.98263,5850,2025-08-09 07:00:00+00:00
1754726400000,1.4053,1.4301,1.4033,1.4221,781744.1,1754730000000,1107703.42398,8255,2025-08-09 08:00:00+00:00
1754730000000,1.4222,1.4269,1.413,1.4217,605690.9,1754733600000,860099.08088,8346,2025-08-09 09:00:00+00:00
1754733600000,1.4215,1.427,1.4129,1.4133,606552.9,1754737200000,861407.24363,8334,2025-08-09 10:00:00+00:00
1754737200000,1.4133,1.4168,1.4037,1.407,362108.3,1754740800000,510657.79342,5988,2025-08-09 11:00:00+00:00
1754740800000,1.4069,1.4228,1.403,1.4168,590984.5,1754744400000,835452.43009,6522,2025-08-09 12:00:00+00:00
1754744400000,1.4166,1.4215,1.3912,1.3917,851608.5,1754748000000,1197783.3201,9592,2025-08-09 13:00:00+00:00
1754748000000,1.3918,1.4103,1.3822,1.4089,589440.0,1754751600000,823022.19444,7996,2025-08-09 14:00:00+00:00
1754751600000,1.4089,1.4172,1.3991,1.4131,365048.3,1754755200000,514366.32941,8179,2025-08-09 15:00:00+00:00
1754755200000,1.413,1.42,1.4038,1.409,365073.7,1754758800000,515509.53802,5661,2025-08-09 16:00:00+00:00
1754758800000,1.4089,1.4257,1.4061,1.4222,483563.8,1754762400000,685712.34997,5711,2025-08-09 17:00:00+00:00
1754762400000,1.4221,1.4301,1.4162,1.4252,354263.3,1754766000000,504040.34084,5046,2025-08-09 18:00:00+00:00
1754766000000,1.4251,1.4407,1.4239,1.4348,415790.3,1754769600000,596809.87117,6659,2025-08-09 19:00:00+00:00
1754769600000,1.4349,1.459,1.4349,1.458,967236.6,1754773200000,1399590.70979,11264,2025-08-09 20:00:00+00:00
1754773200000,1.458,1.459,1.4326,1.4413,510770.5,1754776800000,738359.75825,5879,2025-08-09 21:00:00+00:00
1754776800000,1.4412,1.4532,1.4252,1.4281,600913.8,1754780400000,864457.02149,7889,2025-08-09 22:00:00+00:00
1754780400000,1.4281,1.4296,1.4159,1.4204,478145.7,1754784000000,679412.79372,5527,2025-08-09 23:00:00+00:00
1754784000000,1.4203,1.4434,1.4181,1.436,606297.5,1754787600000,867698.22765,7586,2025-08-10 00:00:00+00:00
1754787600000,1.4359,1.4399,1.4165,1.418,554460.3,1754791200000,790670.56038,9751,2025-08-10 01:00:00+00:00
1754791200000,1.4181,1.4295,1.4054,1.407,596324.8,1754794800000,845273.02865,9514,2025-08-10 02:00:00+00:00
1754794800000,1.4069,1.4283,1.4011,1.4212,913662.9,1754798400000,1295068.89399,14696,2025-08-10 03:00:00+00:00
1754798400000,1.4213,1.4438,1.4142,1.4302,845180.6,1754802000000,1210165.10709,9113,2025-08-10 04:00:00+00:00
1754802000000,1.4302,1.4302,1.4057,1.4072,506295.4,1754805600000,717305.11698,6643,2025-08-10 05:00:00+00:00
1754805600000,1.4072,1.4089,1.3866,1.3955,538995.9,1754809200000,752798.34583,8173,2025-08-10 06:00:00+00:00
1754809200000,1.3955,1.4071,1.3647,1.3698,1183689.2,1754812800000,1633694.01336,17283,2025-08-10 07:00:00+00:00
1754812800000,1.3697,1.3781,1.35,1.3748,1901970.1,1754816400000,2580714.11756,12703,2025-08-10 08:00:00+00:00
1754816400000,1.3749,1.3859,1.3715,1.378,293002.3,1754820000000,403515.52997,4706,2025-08-10 09:00:00+00:00
1754820000000,1.3779,1.3785,1.3608,1.364,1686495.5,1754823600000,2305295.2156,9045,2025-08-10 10:00:00+00:00
1754823600000,1.3642,1.3716,1.3578,1.3614,475310.7,1754827200000,648391.37995,6063,2025-08-10 11:00:00+00:00
1754827200000,1.3614,1.37,1.3573,1.369,308835.3,1754830800000,420873.15484,4549,2025-08-10 12:00:00+00:00
1754830800000,1.3689,1.3759,1.356,1.3574,627541.8,1754834400000,856188.89472,6747,2025-08-10 13:00:00+00:00
1754834400000,1.3573,1.3932,1.3534,1.3892,408835.3,1754838000000,562696.64125,7163,2025-08-10 14:00:00+00:00
1754838000000,1.3893,1.406,1.3831,1.3953,1092680.4,1754841600000,1528518.62288,10016,2025-08-10 15:00:00+00:00
1754841600000,1.3952,1.4331,1.3925,1.4327,1680353.7,1754845200000,2368258.49915,9175,2025-08-10 16:00:00+00:00
1754845200000,1.4326,1.4518,1.4282,1.437,891186.8,1754848800000,1282956.63194,18177,2025-08-10 17:00:00+00:00
1754848800000,1.4371,1.459,1.4371,1.4554,618128.1,1754852400000,895913.26622,14041,2025-08-10 18:00:00+00:00
1754852400000,1.4555,1.475,1.4471,1.4671,762860.2,1754856000000,1115893.48207,12074,2025-08-10 19:00:00+00:00
1754856000000,1.4671,1.4704,1.4491,1.4546,750757.4,1754859600000,1094657.45908,10876,2025-08-10 20:00:00+00:00
1754859600000,1.4546,1.4554,1.4278,1.4378,591852.1,1754863200000,852191.89413,7782,2025-08-10 21:00:00+00:00
1754863200000,1.4379,1.4483,1.4275,1.4468,613774.6,1754866800000,883830.13965,7856,2025-08-10 22:00:00+00:00
1754866800000,1.4469,1.4659,1.4453,1.4526,634746.4,1754870400000,923636.19527,9152,2025-08-10 23:00:00+00:00
1754870400000,1.4527,1.4531,1.4216,1.4219,878895.2,1754874000000,1264165.24191,13956,2025-08-11 00:00:00+00:00
1754874000000,1.4219,1.4751,1.4174,1.469,1540504.5,1754877600000,2239009.26704,23549,2025-08-11 01:00:00+00:00
1754877600000,1.4689,1.4897,1.4671,1.4711,1919128.3,1754881200000,2838744.52896,24629,2025-08-11 02:00:00+00:00
1754881200000,1.4712,1.4715,1.4554,1.4659,670624.3,1754884800000,980955.03891,10478,2025-08-11 03:00:00+00:00
1754884800000,1.466,1.4795,1.459,1.4608,632545.0,1754888400000,928421.8937,8404,2025-08-11 04:00:00+00:00
1754888400000,1.4607,1.4655,1.4485,1.4567,614151.0,1754892000000,894939.80401,6931,2025-08-11 05:00:00+00:00
1754892000000,1.4569,1.4588,1.4435,1.4526,359889.3,1754895600000,522187.40229,5958,2025-08-11 06:00:00+00:00
1754895600000,1.4526,1.4641,1.4279,1.4315,745366.0,1754899200000,1074266.20248,10046,2025-08-11 07:00:00+00:00
1754899200000,1.4315,1.4375,1.4218,1.434,664572.2,1754902800000,950306.72686,8326,2025-08-11 08:00:00+00:00
1754902800000,1.434,1.442,1.4225,1.4286,395860.5,1754906400000,566584.53319,5564,2025-08-11 09:00:00+00:00
1754906400000,1.4287,1.4291,1.4092,1.4128,643330.2,1754910000000,912406.80876,10113,2025-08-11 10:00:00+00:00
1754910000000,1.413,1.4152,1.3691,1.3744,1230893.3,1754913600000,1711046.09498,17204,2025-08-11 11:00:00+00:00
1754913600000,1.3743,1.3824,1.3664,1.3744,928026.2,1754917200000,1275937.06167,16103,2025-08-11 12:00:00+00:00
1754917200000,1.3745,1.3938,1.3476,1.3867,2870738.1,1754920800000,3931687.61408,27077,2025-08-11 13:00:00+00:00
1754920800000,1.3868,1.4085,1.3796,1.3847,876799.6,1754924400000,1221275.54401,17593,2025-08-11 14:00:00+00:00
1754924400000,1.3847,1.3899,1.3703,1.388,583366.1,1754928000000,804624.02179,11380,2025-08-11 15:00:00+00:00
1754928000000,1.3881,1.4127,1.3682,1.3754,955316.9,1754931600000,1328327.87134,18815,2025-08-11 16:00:00+00:00
1754931600000,1.3753,1.3825,1.3594,1.3614,525817.4,1754935200000,719335.93848,10344,2025-08-11 17:00:00+00:00
1754935200000,1.3615,1.3668,1.3426,1.3626,1033538.6,1754938800000,1400810.53598,11739,2025-08-11 18:00:00+00:00
1754938800000,1.3625,1.3633,1.3435,1.3544,2112177.7,1754942400000,2861596.87852,11542,2025-08-11 19:00:00+00:00
1754942400000,1.3543,1.3544,1.34,1.3448,468918.2,1754946000000,631241.67203,7077,2025-08-11 20:00:00+00:00
1754946000000,1.3447,1.3532,1.3104,1.3161,1698166.2,1754949600000,2253825.40191,11229,2025-08-11 21:00:00+00:00
1754949600000,1.316,1.3167,1.2948,1.3099,1362464.2,1754953200000,1780943.62325,12324,2025-08-11 22:00:00+00:00
1754953200000,1.3099,1.3186,1.3071,1.3128,582210.3,1754956800000,765306.71974,8030,2025-08-11 23:00:00+00:00
1754956800000,1.3127,1.33,1.3113,1.3277,469077.8,1754960400000,619315.09136,7625,2025-08-12 00:00:00+00:00
1754960400000,1.3276,1.3351,1.3227,1.3277,387004.1,1754964000000,514692.65605,6656,2025-08-12 01:00:00+00:00
1754964000000,1.3276,1.339,1.3209,1.3272,560980.7,1754967600000,745553.87256,5939,2025-08-12 02:00:00+00:00
1754967600000,1.3273,1.3297,1.3148,1.3194,282649.5,1754971200000,373165.09402,4051,2025-08-12 03:00:00+00:00
1754971200000,1.3193,1.3301,1.3161,1.3224,226175.6,1754974800000,299404.36605,3386,2025-08-12 04:00:00+00:00
1754974800000,1.3224,1.3228,1.3052,1.3144,382349.4,1754978400000,501565.1354,6154,2025-08-12 05:00:00+00:00
1754978400000,1.3143,1.321,1.2992,1.3107,422194.0,1754982000000,554412.93739,7147,2025-08-12 06:00:00+00:00
1754982000000,1.3108,1.327,1.3105,1.3249,220709.2,1754985600000,292039.44124,4016,2025-08-12 07:00:00+00:00
1754985600000,1.325,1.3253,1.3058,1.3058,543588.1,1754989200000,714305.67746,6507,2025-08-12 08:00:00+00:00
1754989200000,1.3057,1.3102,1.2964,1.2991,582728.8,1754992800000,759286.88671,6097,2025-08-12 09:00:00+00:00
1754992800000,1.299,1.3041,1.2925,1.2948,379418.5,1754996400000,492097.7993,6254,2025-08-12 10:00:00+00:00
1754996400000,1.2949,1.3067,1.2834,1.2973,589754.3,1755000000000,764056.74851,6407,2025-08-12 11:00:00+00:00
1755000000000,1.2973,1.3484,1.2839,1.3305,3356798.4,1755003600000,4427358.24623,34632,2025-08-12 12:00:00+00:00
1755003600000,1.3306,1.3427,1.3035,1.3176,1550563.8,1755007200000,2051415.66159,21290,2025-08-12 13:00:00+00:00
1755007200000,1.3175,1.3436,1.3143,1.3436,663362.4,1755010800000,883618.11871,11178,2025-08-12 14:00:00+00:00
1755010800000,1.3435,1.3685,1.3414,1.3669,1423334.7,1755014400000,1932535.62348,15653,2025-08-12 15:00:00+00:00
1755014400000,1.367,1.3721,1.3523,1.3632,1053188.4,1755018000000,1434288.33558,12033,2025-08-12 16:00:00+00:00
1755018000000,1.3633,1.3742,1.3571,1.3606,710503.0,1755021600000,969542.31876,9477,2025-08-12 17:00:00+00:00
1755021600000,1.3607,1.3831,1.3577,1.3683,544619.6,1755025200000,747562.80531,8783,2025-08-12 18:00:00+00:00
1755025200000,1.3684,1.3824,1.3649,1.3801,446974.9,1755028800000,614811.29661,6525,2025-08-12 19:00:00+00:00
1755028800000,1.3802,1.3942,1.3714,1.387,684294.2,1755032400000,947821.97982,12419,2025-08-12 20:00:00+00:00
1755032400000,1.387,1.3872,1.3582,1.3596,955247.4,1755036000000,1311714.57288,7315,2025-08-12 21:00:00+00:00
1755036000000,1.3597,1.3621,1.3396,1.3452,1163376.1,1755039600000,1569812.92141,13091,2025-08-12 22:00:00+00:00
1755039600000,1.3452,1.3531,1.3375,1.3392,535004.0,1755043200000,719554.86711,7089,2025-08-12 23:00:00+00:00
1755043200000,1.3392,1.3604,1.3359,1.3493,526365.1,1755046800000,710125.14186,8400,2025-08-13 00:00:00+00:00
1755046800000,1.3492,1.35,1.3264,1.3384,639738.7,1755050400000,854311.42466,9804,2025-08-13 01:00:00+00:00
1755050400000,1.3384,1.355,1.3263,1.355,450932.7,1755054000000,603015.12486,8105,2025-08-13 02:00:00+00:00
1755054000000,1.355,1.3717,1.3454,1.3575,890651.6,1755057600000,1210475.02576,13614,2025-08-13 03:00:00+00:00
1755057600000,1.3575,1.373,1.3493,1.3636,739653.5,1755061200000,1007255.29539,12158,2025-08-13 04:00:00+00:00
1755061200000,1.3636,1.3646,1.3433,1.3473,416840.2,1755064800000,564798.49631,7778,2025-08-13 05:00:00+00:00
1755064800000,1.3472,1.3564,1.3392,1.3489,400535.0,1755068400000,539486.43862,6836,2025-08-13 06:00:00+00:00
1755068400000,1.349,1.364,1.3448,1.3628,281608.2,1755072000000,380677.15189,5994,2025-08-13 07:00:00+00:00
1755072000000,1.3627,1.3775,1.3608,1.375,453455.8,1755075600000,621349.03308,8552,2025-08-13 08:00:00+00:00
1755075600000,1.3751,1.3906,1.3708,1.3891,594926.9,1755079200000,821582.03192,8589,2025-08-13 09:00:00+00:00
1755079200000,1.3892,1.4056,1.3818,1.3967,734428.5,1755082800000,1025266.05182,9256,2025-08-13 10:00:00+00:00
1755082800000,1.3966,1.3994,1.3852,1.3893,451108.0,1755086400000,627731.95394,6525,2025-08-13 11:00:00+00:00
1755086400000,1.3894,1.3961,1.3727,1.375,818873.5,1755090000000,1134235.37275,11559,2025-08-13 12:00:00+00:00
1755090000000,1.375,1.4117,1.3692,1.3867,1782028.6,1755093600000,2473241.76133,25436,2025-08-13 13:00:00+00:00
1755093600000,1.3868,1.3909,1.3475,1.3512,1950515.6,1755097200000,2663495.53558,28503,2025-08-13 14:00:00+00:00
1755097200000,1.3513,1.3694,1.3402,1.3587,1253801.4,1755100800000,1696025.49618,20389,2025-08-13 15:00:00+00:00
1755100800000,1.3587,1.3772,1.3512,1.3569,809707.8,1755104400000,1105478.55842,13499,2025-08-13 16:00:00+00:00
1755104400000,1.3568,1.3682,1.3533,1.3615,871949.3,1755108000000,1186196.07559,10283,2025-08-13 17:00:00+00:00
1755108000000,1.3614,1.3677,1.3388,1.3526,529664.0,1755111600000,716741.6397,9313,2025-08-13 18:00:00+00:00
1755111600000,1.3525,1.3769,1.3513,1.3758,581508.0,1755115200000,794191.57747,8275,2025-08-13 19:00:00+00:00
1755115200000,1.3757,1.3781,1.3583,1.3655,536329.3,1755118800000,734897.76861,6410,2025-08-13 20:00:00+00:00
1755118800000,1.3656,1.3868,1.3628,1.3692,703710.9,1755122400000,967912.76579,6200,2025-08-13 21:00:00+00:00
1755122400000,1.3693,1.3975,1.3621,1.3776,1193071.2,1755126000000,1649110.4918,14453,2025-08-13 22:00:00+00:00
1755126000000,1.3775,1.3889,1.3742,1.3758,728572.2,1755129600000,1006957.9094,10160,2025-08-13 23:00:00+00:00
1755129600000,1.3758,1.3873,1.3549,1.3571,813311.1,1755133200000,1116251.87063,13316,2025-08-14 00:00:00+00:00
1755133200000,1.357,1.3816,1.3494,1.3735,545357.3,1755136800000,744177.24522,10009,2025-08-14 01:00:00+00:00
1755136800000,1.3734,1.3962,1.3679,1.3948,713390.9,1755140400000,989135.70722,9970,2025-08-14 02:00:00+00:00
1755140400000,1.3948,1.3964,1.3843,1.3892,1203115.9,1755144000000,1675956.09038,10051,2025-08-14 03:00:00+00:00
1755144000000,1.3892,1.3986,1.3805,1.3808,1701531.3,1755147600000,2358911.18682,9542,2025-08-14 04:00:00+00:00
1755147600000,1.381,1.3899,1.3544,1.3581,852844.1,1755151200000,1165226.00348,8890,2025-08-14 05:00:00+00:00
1755151200000,1.3581,1.3583,1.3286,1.3406,1186598.5,1755154800000,1589795.10381,13555,2025-08-14 06:00:00+00:00
1755154800000,1.3405,1.3416,1.3167,1.325,2696757.5,1755158400000,3589446.49202,13299,2025-08-14 07:00:00+00:00
1755158400000,1.325,1.3265,1.2912,1.2946,1401190.9,1755162000000,1827823.09358,19537,2025-08-14 08:00:00+00:00
1755162000000,1.2946,1.3123,1.2863,1.3099,1136394.4,1755165600000,1478358.0484,15266,2025-08-14 09:00:00+00:00
1755165600000,1.3099,1.312,1.2855,1.3019,942024.9,1755169200000,1224278.53568,11154,2025-08-14 10:00:00+00:00
1755169200000,1.3018,1.3087,1.2965,1.3027,468761.0,1755172800000,611079.22231,6390,2025-08-14 11:00:00+00:00
1755172800000,1.3026,1.3085,1.1849,1.2279,5710759.5,1755176400000,7123477.58213,52549,2025-08-14 12:00:00+00:00
1755176400000,1.2278,1.2481,1.1967,1.2357,4090878.5,1755180000000,5014416.19006,48095,2025-08-14 13:00:00+00:00
1755180000000,1.2359,1.2539,1.2263,1.2412,1807938.8,1755183600000,2240459.85976,24580,2025-08-14 14:00:00+00:00
1755183600000,1.2414,1.2474,1.225,1.2289,1007045.5,1755187200000,1243885.16199,15223,2025-08-14 15:00:00+00:00
1755187200000,1.229,1.229,1.2039,1.2083,1362999.8,1755190800000,1654680.12435,18900,2025-08-14 16:00:00+00:00
1755190800000,1.2085,1.2107,1.1943,1.2047,1158378.4,1755194400000,1392509.58646,13710,2025-08-14 17:00:00+00:00
1755194400000,1.2047,1.207,1.183,1.2025,1180510.6,1755198000000,1413452.22084,12691,2025-08-14 18:00:00+00:00
1755198000000,1.2026,1.2095,1.1971,1.198,374838.7,1755201600000,451520.72653,5306,2025-08-14 19:00:00+00:00
1755201600000,1.198,1.1994,1.184,1.1965,769737.0,1755205200000,917289.53826,7302,2025-08-14 20:00:00+00:00
1755205200000,1.1964,1.1964,1.1655,1.1837,1188962.2,1755208800000,1402930.69438,7256,2025-08-14 21:00:00+00:00
1755208800000,1.1836,1.1882,1.1765,1.1868,469965.7,1755212400000,556057.49236,7108,2025-08-14 22:00:00+00:00
1755212400000,1.1869,1.1984,1.1863,1.188,552156.0,1755216000000,658832.81741,9097,2025-08-14 23:00:00+00:00
1755216000000,1.1879,1.203,1.1849,1.194,593760.3,1755219600000,708412.13429,11182,2025-08-15 00:00:00+00:00
1755219600000,1.194,1.2107,1.1875,1.2069,447814.6,1755223200000,538055.10859,6868,2025-08-15 01:00:00+00:00
1755223200000,1.2068,1.2166,1.2044,1.2069,504862.3,1755226800000,611994.59752,5595,2025-08-15 02:00:00+00:00
1755226800000,1.207,1.2246,1.204,1.2171,303637.7,1755230400000,368924.3778,5782,2025-08-15 03:00:00+00:00
1755230400000,1.217,1.2188,1.2071,1.2101,278691.2,1755234000000,338180.79621,5967,2025-08-15 04:00:00+00:00
1755234000000,1.2101,1.2171,1.2044,1.2171,145596.4,1755237600000,176049.54385,3394,2025-08-15 05:00:00+00:00
1755237600000,1.2169,1.2366,1.2146,1.2331,552354.6,1755241200000,677011.80214,8619,2025-08-15 06:00:00+00:00
1755241200000,1.2329,1.2441,1.2303,1.2404,612561.0,1755244800000,756992.48806,8001,2025-08-15 07:00:00+00:00
1755244800000,1.2404,1.242,1.2233,1.2233,718935.1,1755248400000,886022.43715,6159,2025-08-15 08:00:00+00:00
1755248400000,1.2232,1.2282,1.2085,1.2159,1681582.5,1755252000000,2049191.76549,9090,2025-08-15 09:00:00+00:00
1755252000000,1.2161,1.2291,1.2154,1.221,299735.5,1755255600000,366497.78387,4652,2025-08-15 10:00:00+00:00
1755255600000,1.221,1.2286,1.2157,1.2175,268336.3,1755259200000,327335.59258,3388,2025-08-15 11:00:00+00:00
1755259200000,1.2174,1.2415,1.2076,1.2265,1549797.2,1755262800000,1902514.39658,10965,2025-08-15 12:00:00+00:00
1755262800000,1.2264,1.2322,1.2155,1.2174,1889994.9,1755266400000,2310144.31132,8815,2025-08-15 13:00:00+00:00
1755266400000,1.2172,1.2255,1.1884,1.1936,961334.3,1755270000000,1158603.28207,11468,2025-08-15 14:00:00+00:00
1755270000000,1.1937,1.1961,1.1589,1.1692,1446498.8,1755273600000,1702224.22976,13891,2025-08-15 15:00:00+00:00
1755273600000,1.1693,1.1804,1.1517,1.1767,668726.5,1755277200000,779177.74673,7802,2025-08-15 16:00:00+00:00
1755277200000,1.1767,1.189,1.1634,1.179,494016.5,1755280800000,582071.14991,5391,2025-08-15 17:00:00+00:00
1755280800000,1.1789,1.1813,1.1616,1.1676,413346.9,1755284400000,483684.25331,4925,2025-08-15 18:00:00+00:00
1755284400000,1.1677,1.1773,1.1617,1.1691,274621.0,1755288000000,321049.32627,5361,2025-08-15 19:00:00+00:00
1755288000000,1.1691,1.1873,1.1628,1.1863,261662.7,1755291600000,307939.45121,6279,2025-08-15 20:00:00+00:00
1755291600000,1.1863,1.1966,1.1777,1.1966,350567.3,1755295200000,416851.73468,3581,2025-08-15 21:00:00+00:00
1755295200000,1.1966,1.2098,1.1941,1.209,523240.2,1755298800000,629943.63848,6208,2025-08-15 22:00:00+00:00
1755298800000,1.2089,1.2123,1.1838,1.1947,521150.5,1755302400000,622989.41155,5869,2025-08-15 23:00:00+00:00
1755302400000,1.1946,1.2022,1.19,1.1976,288727.0,1755306000000,345338.15033,4817,2025-08-16 00:00:00+00:00
1755306000000,1.1976,1.1987,1.1883,1.1934,231942.4,1755309600000,276888.0132,3280,2025-08-16 01:00:00+00:00
1755309600000,1.1935,1.199,1.1902,1.1959,199237.6,1755313200000,238154.16805,3709,2025-08-16 02:00:00+00:00
1755313200000,1.1959,1.203,1.1927,1.1963,164563.6,1755316800000,197186.48466,3020,2025-08-16 03:00:00+00:00
1755316800000,1.1964,1.208,1.1935,1.2077,123852.1,1755320400000,148680.26794,2678,2025-08-16 04:00:00+00:00
1755320400000,1.2075,1.208,1.194,1.1949,197772.9,1755324000000,237237.40415,2550,2025-08-16 05:00:00+00:00
1755324000000,1.195,1.1989,1.1912,1.1956,346008.2,1755327600000,413781.38097,2137,2025-08-16 06:00:00+00:00
1755327600000,1.1956,1.2114,1.1947,1.2051,398340.4,1755331200000,480753.14382,2825,2025-08-16 07:00:00+00:00
1755331200000,1.2052,1.2054,1.1957,1.1959,291768.5,1755334800000,349797.04444,3026,2025-08-16 08:00:00+00:00
1755334800000,1.1959,1.1996,1.1849,1.1853,304637.6,1755338400000,363362.72948,3622,2025-08-16 09:00:00+00:00
1755338400000,1.1854,1.1925,1.1801,1.1864,569565.3,1755342000000,675429.56862,4087,2025-08-16 10:00:00+00:00
1755342000000,1.1864,1.1965,1.1808,1.1817,255910.1,1755345600000,304492.81989,2372,2025-08-16 11:00:00+00:00
1755345600000,1.1818,1.1886,1.1759,1.1873,271033.6,1755349200000,320192.30556,3446,2025-08-16 12:00:00+00:00
1755349200000,1.1877,1.1983,1.1828,1.1847,272694.9,1755352800000,324400.97119,2570,2025-08-16 13:00:00+00:00
1755352800000,1.1848,1.1964,1.181,1.1956,268620.8,1755356400000,319159.98602,3382,2025-08-16 14:00:00+00:00
1755356400000,1.1957,1.1994,1.1902,1.1915,288764.2,1755360000000,344981.27738,3101,2025-08-16 15:00:00+00:00
1755360000000,1.1914,1.2003,1.1894,1.1927,141575.4,1755363600000,169101.74587,2216,2025-08-16 16:00:00+00:00
1755363600000,1.1927,1.1937,1.1857,1.1893,87197.8,1755367200000,103764.50242,1536,2025-08-16 17:00:00+00:00
1755367200000,1.1894,1.1992,1.1885,1.1948,157048.4,1755370800000,187669.63274,1783,2025-08-16 18:00:00+00:00
1755370800000,1.1949,1.2046,1.1945,1.1963,119217.4,1755374400000,143022.63943,1433,2025-08-16 19:00:00+00:00
1755374400000,1.1962,1.2065,1.1954,1.2027,181078.2,1755378000000,217739.72542,1492,2025-08-16 20:00:00+00:00
1755378000000,1.2026,1.2032,1.1957,1.1961,71149.8,1755381600000,85314.54389,849,2025-08-16 21:00:00+00:00
1755381600000,1.1964,1.2178,1.194,1.205,632055.2,1755385200000,762729.37917,5130,2025-08-16 22:00:00+00:00
1755385200000,1.2051,1.2117,1.201,1.2093,178220.9,1755388800000,215028.39127,2325,2025-08-16 23:00:00+00:00
1755388800000,1.2095,1.2117,1.2046,1.2076,133350.2,1755392400000,161189.04381,2744,2025-08-17 00:00:00+00:00
1755392400000,1.2077,1.2092,1.1996,1.2085,262404.4,1755396000000,316132.81984,3886,2025-08-17 01:00:00+00:00
1755396000000,1.2085,1.2205,1.2052,1.22,303352.4,1755399600000,368538.69932,4943,2025-08-17 02:00:00+00:00
1755399600000,1.2201,1.2296,1.2172,1.226,250498.9,1755403200000,306523.38734,3194,2025-08-17 03:00:00+00:00
1755403200000,1.2261,1.2319,1.2192,1.2317,260169.6,1755406800000,318657.50391,3711,2025-08-17 04:00:00+00:00
1755406800000,1.2317,1.236,1.2262,1.2287,164536.9,1755410400000,202676.44925,2825,2025-08-17 05:00:00+00:00
1755410400000,1.2288,1.2335,1.2272,1.2309,160274.0,1755414000000,197273.16133,2677,2025-08-17 06:00:00+00:00
1755414000000,1.2308,1.2432,1.2266,1.2384,445422.0,1755417600000,551615.1637,4091,2025-08-17 07:00:00+00:00
1755417600000,1.2385,1.262,1.2344,1.2599,398511.1,1755421200000,498260.88687,5558,2025-08-17 08:00:00+00:00
1755421200000,1.2598,1.2629,1.2493,1.2554,403561.3,1755424800000,507049.72791,5795,2025-08-17 09:00:00+00:00
1755424800000,1.2553,1.2622,1.2464,1.2601,233493.9,1755428400000,292655.27042,3885,2025-08-17 10:00:00+00:00
1755428400000,1.26,1.2696,1.2557,1.2696,352860.9,1755432000000,445341.01775,4659,2025-08-17 11:00:00+00:00
1755432000000,1.2697,1.288,1.269,1.2756,952757.8,1755435600000,1216883.13108,10562,2025-08-17 12:00:00+00:00
1755435600000,1.2757,1.2804,1.2636,1.2745,601995.4,1755439200000,764475.11356,6664,2025-08-17 13:00:00+00:00
1755439200000,1.2746,1.289,1.2729,1.2889,654616.9,1755442800000,837575.20867,8882,2025-08-17 14:00:00+00:00
1755442800000,1.2889,1.3241,1.2815,1.3239,1019340.4,1755446400000,1325539.46848,13111,2025-08-17 15:00:00+00:00
1755446400000,1.3239,1.3591,1.3175,1.3386,2857211.8,1755450000000,3819583.56651,34898,2025-08-17 16:00:00+00:00
1755450000000,1.3386,1.3502,1.3289,1.3339,1465500.4,1755453600000,1961464.49421,18802,2025-08-17 17:00:00+00:00
1755453600000,1.334,1.3463,1.3026,1.3147,1286058.8,1755457200000,1701776.34228,16910,2025-08-17 18:00:00+00:00
1755457200000,1.3148,1.3187,1.2888,1.2925,779598.2,1755460800000,1016033.88018,9103,2025-08-17 19:00:00+00:00
1755460800000,1.2925,1.3107,1.2887,1.302,785112.3,1755464400000,1019715.50722,7036,2025-08-17 20:00:00+00:00
1755464400000,1.302,1.3025,1.2869,1.2911,533514.6,1755468000000,690302.59458,4509,2025-08-17 21:00:00+00:00
1755468000000,1.291,1.3292,1.2907,1.32,849707.8,1755471600000,1115254.72031,8828,2025-08-17 22:00:00+00:00
1755471600000,1.3202,1.3238,1.3027,1.305,1037668.7,1755475200000,1361852.47903,9365,2025-08-17 23:00:00+00:00
1755475200000,1.305,1.3122,1.2908,1.2925,1565706.2,1755478800000,2040524.38285,14657,2025-08-18 00:00:00+00:00
1755478800000,1.2924,1.2942,1.259,1.2634,1402940.0,1755482400000,1785915.09457,17627,2025-08-18 01:00:00+00:00
1755482400000,1.2634,1.2675,1.2253,1.2284,2354714.4,1755486000000,2947462.1005,20262,2025-08-18 02:00:00+00:00
1755486000000,1.2283,1.2367,1.216,1.235,1023978.4,1755489600000,1255545.60011,12936,2025-08-18 03:00:00+00:00
1755489600000,1.2348,1.2513,1.2249,1.2448,783867.7,1755493200000,973221.52591,8424,2025-08-18 04:00:00+00:00
1755493200000,1.2449,1.2539,1.2224,1.2416,923710.4,1755496800000,1140709.80781,8849,2025-08-18 05:00:00+00:00
1755496800000,1.2415,1.2429,1.2036,1.2119,901541.2,1755500400000,1096515.47878,11628,2025-08-18 06:00:00+00:00
1755500400000,1.2117,1.2184,1.2029,1.2179,428200.8,1755504000000,518849.39101,7063,2025-08-18 07:00:00+00:00
1755504000000,1.2179,1.2249,1.2106,1.2151,499397.6,1755507600000,608590.00353,7763,2025-08-18 08:00:00+00:00
1755507600000,1.215,1.2453,1.202,1.2376,1183459.4,1755511200000,1445068.85998,13614,2025-08-18 09:00:00+00:00
1755511200000,1.2375,1.2517,1.2284,1.2299,1209305.0,1755514800000,1502226.9299,12188,2025-08-18 10:00:00+00:00
1755514800000,1.2299,1.2331,1.2136,1.2257,663934.2,1755518400000,811261.35768,6451,2025-08-18 11:00:00+00:00
1755518400000,1.2256,1.2524,1.2214,1.2503,961752.8,1755522000000,1191972.7116,11574,2025-08-18 12:00:00+00:00
1755522000000,1.2504,1.2527,1.2161,1.2165,1291433.3,1755525600000,1597817.19459,17647,2025-08-18 13:00:00+00:00
1755525600000,1.2165,1.2332,1.2112,1.2332,1430665.0,1755529200000,1750130.59951,15869,2025-08-18 14:00:00+00:00
1755529200000,1.2331,1.235,1.2156,1.2336,789163.8,1755532800000,966372.51157,11187,2025-08-18 15:00:00+00:00
1755532800000,1.2336,1.2436,1.2164,1.2191,769651.7,1755536400000,944787.1276,10675,2025-08-18 16:00:00+00:00
1755536400000,1.219,1.2478,1.2173,1.2225,859752.0,1755540000000,1059110.61859,11725,2025-08-18 17:00:00+00:00
1755540000000,1.2225,1.2304,1.2156,1.2304,769778.1,1755543600000,940426.74833,9355,2025-08-18 18:00:00+00:00
1755543600000,1.2305,1.2342,1.2161,1.2207,726280.3,1755547200000,888974.09624,6457,2025-08-18 19:00:00+00:00
1755547200000,1.2207,1.2259,1.2071,1.2169,715475.3,1755550800000,870149.03118,6289,2025-08-18 20:00:00+00:00
1755550800000,1.2167,1.2332,1.212,1.2313,475650.3,1755554400000,581436.62633,3876,2025-08-18 21:00:00+00:00
1755554400000,1.2311,1.2454,1.223,1.2237,550354.2,1755558000000,680611.4117,3986,2025-08-18 22:00:00+00:00
1755558000000,1.2238,1.2294,1.2077,1.2137,573372.3,1755561600000,697959.15843,6773,2025-08-18 23:00:00+00:00
1755561600000,1.2138,1.2349,1.1987,1.2345,989213.6,1755565200000,1202929.39699,13001,2025-08-19 00:00:00+00:00
1755565200000,1.2345,1.2397,1.2,1.2105,1420641.9,1755568800000,1727409.0099,10018,2025-08-19 01:00:00+00:00
1755568800000,1.2105,1.223,1.2069,1.209,572729.5,1755572400000,694569.75898,7658,2025-08-19 02:00:00+00:00
1755572400000,1.2091,1.2105,1.1849,1.1878,960853.1,1755576000000,1149148.29041,10429,2025-08-19 03:00:00+00:00
1755576000000,1.1877,1.2014,1.1759,1.201,720187.2,1755579600000,854133.24018,9124,2025-08-19 04:00:00+00:00
1755579600000,1.2013,1.2076,1.1926,1.1973,393246.9,1755583200000,471327.87701,5257,2025-08-19 05:00:00+00:00
1755583200000,1.1972,1.2021,1.1878,1.1945,211478.1,1755586800000,252560.80788,4264,2025-08-19 06:00:00+00:00
1755586800000,1.1946,1.1958,1.1853,1.1909,340061.2,1755590400000,404580.17884,5475,2025-08-19 07:00:00+00:00
1755590400000,1.1908,1.2074,1.1814,1.204,545703.5,1755594000000,651681.00096,6347,2025-08-19 08:00:00+00:00
1755594000000,1.2041,1.236,1.2041,1.2332,1088445.6,1755597600000,1334762.41178,11726,2025-08-19 09:00:00+00:00
1755597600000,1.2333,1.2402,1.2272,1.2301,761258.5,1755601200000,938478.44684,6931,2025-08-19 10:00:00+00:00
1755601200000,1.2302,1.2371,1.2245,1.2369,391649.9,1755604800000,481976.43179,5792,2025-08-19 11:00:00+00:00
1755604800000,1.2369,1.2419,1.2217,1.2271,497512.4,1755608400000,612395.68384,6265,2025-08-19 12:00:00+00:00
1755608400000,1.2271,1.232,1.2012,1.2149,1108119.0,1755612000000,1346967.00483,13537,2025-08-19 13:00:00+00:00
1755612000000,1.215,1.221,1.1751,1.187,1225651.3,1755615600000,1462107.05486,15181,2025-08-19 14:00:00+00:00
1755615600000,1.1871,1.2094,1.1798,1.1838,971662.1,1755619200000,1159564.77544,12217,2025-08-19 15:00:00+00:00
1755619200000,1.1838,1.1891,1.1685,1.176,966079.1,1755622800000,1138611.60782,11915,2025-08-19 16:00:00+00:00
1755622800000,1.176,1.1842,1.1648,1.1821,574449.1,1755626400000,674836.40781,9075,2025-08-19 17:00:00+00:00
1755626400000,1.182,1.1822,1.1542,1.1594,681765.6,1755630000000,795159.05469,8419,2025-08-19 18:00:00+00:00
1755630000000,1.1594,1.1744,1.1494,1.1603,635527.0,1755633600000,737457.17621,9773,2025-08-19 19:00:00+00:00
1755633600000,1.1604,1.1891,1.1558,1.1864,416552.4,1755637200000,489325.73494,5992,2025-08-19 20:00:00+00:00
1755637200000,1.1865,1.1875,1.1753,1.1859,199714.7,1755640800000,235977.97002,2465,2025-08-19 21:00:00+00:00
1755640800000,1.1858,1.1888,1.1767,1.1818,282835.7,1755644400000,334496.01573,4616,2025-08-19 22:00:00+00:00
1755644400000,1.1818,1.1822,1.1634,1.1676,556552.0,1755648000000,652454.02379,7436,2025-08-19 23:00:00+00:00
1755648000000,1.1677,1.1823,1.1653,1.172,371572.2,1755651600000,436233.21047,6245,2025-08-20 00:00:00+00:00
1755651600000,1.1719,1.1827,1.1609,1.1797,728019.5,1755655200000,851911.80591,8605,2025-08-20 01:00:00+00:00
1755655200000,1.1798,1.1818,1.1715,1.175,517427.2,1755658800000,608849.38688,6170,2025-08-20 02:00:00+00:00
1755658800000,1.175,1.1912,1.1687,1.1799,435036.4,1755662400000,513352.26478,5902,2025-08-20 03:00:00+00:00
1755662400000,1.18,1.2022,1.18,1.198,567240.1,1755666000000,678175.22593,6432,2025-08-20 04:00:00+00:00
1755666000000,1.1979,1.1988,1.1873,1.1954,180345.2,1755669600000,215077.29755,3188,2025-08-20 05:00:00+00:00
1755669600000,1.1952,1.1955,1.1824,1.1857,249478.8,1755673200000,295915.68082,3809,2025-08-20 06:00:00+00:00
1755673200000,1.1858,1.1983,1.1858,1.1895,412663.0,1755676800000,492328.4725,5256,2025-08-20 07:00:00+00:00
1755676800000,1.1896,1.2051,1.1873,1.204,542656.3,1755680400000,650551.72949,5264,2025-08-20 08:00:00+00:00
1755680400000,1.2039,1.2039,1.1926,1.1978,295166.5,1755684000000,353327.85197,4048,2025-08-20 09:00:00+00:00
1755684000000,1.1979,1.2065,1.1924,1.1995,304194.9,1755687600000,365178.80337,4254,2025-08-20 10:00:00+00:00
1755687600000,1.1996,1.2013,1.1708,1.1877,490614.3,1755691200000,580611.04087,6567,2025-08-20 11:00:00+00:00
1755691200000,1.1878,1.2016,1.1816,1.1886,460279.4,1755694800000,548241.35083,7667,2025-08-20 12:00:00+00:00
1755694800000,1.1885,1.1908,1.16,1.1664,1170569.3,1755698400000,1374685.05891,13949,2025-08-20 13:00:00+00:00
1755698400000,1.1663,1.2013,1.1534,1.1898,1307593.5,1755702000000,1539471.23225,16950,2025-08-20 14:00:00+00:00
1755702000000,1.1897,1.2395,1.188,1.2323,1996276.6,1755705600000,2444365.00051,18303,2025-08-20 15:00:00+00:00
1755705600000,1.2322,1.2946,1.232,1.2907,2776086.5,1755709200000,3524104.55335,29290,2025-08-20 16:00:00+00:00
1755709200000,1.2906,1.3059,1.2788,1.2921,1634425.7,1755712800000,2109918.85577,20592,2025-08-20 17:00:00+00:00
1755712800000,1.2923,1.2934,1.251,1.2624,1841690.5,1755716400000,2329376.92847,17719,2025-08-20 18:00:00+00:00
1755716400000,1.2625,1.2862,1.2594,1.279,835681.7,1755720000000,1066371.99396,10240,2025-08-20 19:00:00+00:00
1755720000000,1.279,1.2841,1.2714,1.2744,381237.7,1755723600000,487027.74011,5924,2025-08-20 20:00:00+00:00
1755723600000,1.2745,1.2768,1.2593,1.2668,292531.5,1755727200000,370941.35152,3681,2025-08-20 21:00:00+00:00
1755727200000,1.2669,1.2746,1.2595,1.27,328622.5,1755730800000,416307.69842,5087,2025-08-20 22:00:00+00:00
1755730800000,1.2699,1.2702,1.2576,1.2606,166917.5,1755734400000,210609.54604,3122,2025-08-20 23:00:00+00:00
1755734400000,1.2605,1.271,1.2548,1.2574,457096.2,1755738000000,576679.80378,9111,2025-08-21 00:00:00+00:00
1755738000000,1.2577,1.2648,1.2483,1.2645,359705.0,1755741600000,451670.10682,5322,2025-08-21 01:00:00+00:00
1755741600000,1.2644,1.2683,1.2334,1.2379,784091.0,1755745200000,974334.62498,6501,2025-08-21 02:00:00+00:00
1755745200000,1.2377,1.253,1.2374,1.2412,632919.7,1755748800000,787540.47747,6818,2025-08-21 03:00:00+00:00
1755748800000,1.241,1.2471,1.2358,1.2439,440840.4,1755752400000,547310.8887,5791,2025-08-21 04:00:00+00:00
1755752400000,1.244,1.2482,1.2349,1.2481,275600.9,1755756000000,341916.85705,5389,2025-08-21 05:00:00+00:00
1755756000000,1.2481,1.2485,1.2293,1.2343,413113.6,1755759600000,509749.716,4509,2025-08-21 06:00:00+00:00
1755759600000,1.2342,1.2358,1.2223,1.233,1126363.3,1755763200000,1382046.22079,6598,2025-08-21 07:00:00+00:00
1755763200000,1.2331,1.2382,1.2206,1.2215,316863.5,1755766800000,389564.11888,4917,2025-08-21 08:00:00+00:00
1755766800000,1.2211,1.2221,1.2115,1.2135,535544.0,1755770400000,650968.28886,5293,2025-08-21 09:00:00+00:00
1755770400000,1.2135,1.2148,1.2062,1.2076,335958.6,1755774000000,406547.26029,4581,2025-08-21 10:00:00+00:00
1755774000000,1.2075,1.2215,1.207,1.2146,425460.6,1755777600000,516133.76795,5321,2025-08-21 11:00:00+00:00
1755777600000,1.2145,1.2172,1.1977,1.2038,355743.2,1755781200000,429632.27214,6063,2025-08-21 12:00:00+00:00
1755781200000,1.2039,1.2168,1.2,1.2058,514283.2,1755784800000,621526.90157,8501,2025-08-21 13:00:00+00:00
1755784800000,1.2059,1.236,1.2013,1.2078,795105.4,1755788400000,969116.39379,11798,2025-08-21 14:00:00+00:00
1755788400000,1.2075,1.2094,1.194,1.1948,553365.1,1755792000000,665312.04298,8075,2025-08-21 15:00:00+00:00
1755792000000,1.1948,1.1988,1.1788,1.1823,805362.3,1755795600000,956574.73775,8216,2025-08-21 16:00:00+00:00
1755795600000,1.1823,1.1912,1.1769,1.1891,465452.4,1755799200000,550333.14987,5933,2025-08-21 17:00:00+00:00
1755799200000,1.1891,1.1984,1.1837,1.1973,218959.8,1755802800000,260827.91276,5021,2025-08-21 18:00:00+00:00
1755802800000,1.1972,1.2032,1.179,1.1825,163728.1,1755806400000,194743.45113,4564,2025-08-21 19:00:00+00:00
1755806400000,1.1826,1.1989,1.1788,1.1897,269545.8,1755810000000,320098.58083,4643,2025-08-21 20:00:00+00:00
1755810000000,1.1898,1.1981,1.1836,1.1936,193974.4,1755813600000,231178.04475,2912,2025-08-21 21:00:00+00:00
1755813600000,1.1935,1.2006,1.1912,1.1939,120205.8,1755817200000,143634.04705,1904,2025-08-21 22:00:00+00:00
1755817200000,1.1941,1.1941,1.1783,1.1845,274383.6,1755820800000,325226.64978,2826,2025-08-21 23:00:00+00:00
1755820800000,1.1846,1.1945,1.1801,1.1841,203045.2,1755824400000,241250.20315,4015,2025-08-22 00:00:00+00:00
1755824400000,1.1842,1.1922,1.1744,1.1864,333655.1,1755828000000,395100.05862,5317,2025-08-22 01:00:00+00:00
1755828000000,1.1865,1.2128,1.1848,1.1973,540894.9,1755831600000,651447.82756,7173,2025-08-22 02:00:00+00:00
1755831600000,1.1974,1.2107,1.1877,1.1917,583080.7,1755835200000,698414.71562,4666,2025-08-22 03:00:00+00:00
1755835200000,1.1916,1.206,1.1864,1.1913,384697.9,1755838800000,460497.59786,5586,2025-08-22 04:00:00+00:00
1755838800000,1.1913,1.2016,1.1856,1.1981,220255.2,1755842400000,262804.42728,4849,2025-08-22 05:00:00+00:00
1755842400000,1.198,1.2043,1.1864,1.19,616679.0,1755846000000,737491.68884,9089,2025-08-22 06:00:00+00:00
1755846000000,1.1901,1.2019,1.188,1.1994,292084.1,1755849600000,349592.02443,6696,2025-08-22 07:00:00+00:00
1755849600000,1.1995,1.2035,1.1927,1.1928,405137.7,1755853200000,485488.73597,5124,2025-08-22 08:00:00+00:00
1755853200000,1.1929,1.1996,1.1874,1.1944,196367.3,1755856800000,234125.97916,4041,2025-08-22 09:00:00+00:00
1755856800000,1.1945,1.1947,1.1783,1.1824,377417.3,1755860400000,447936.26297,4453,2025-08-22 10:00:00+00:00
1755860400000,1.1825,1.1838,1.1695,1.171,351473.3,1755864000000,413112.92541,5446,2025-08-22 11:00:00+00:00
1755864000000,1.1711,1.1721,1.133,1.1463,1753514.7,1755867600000,2017761.89078,19385,2025-08-22 12:00:00+00:00
1755867600000,1.1464,1.1778,1.1434,1.1611,1703103.5,1755871200000,1974295.0601,18901,2025-08-22 13:00:00+00:00
1755871200000,1.1608,1.2923,1.1608,1.2885,7680228.8,1755874800000,9548890.21042,84127,2025-08-22 14:00:00+00:00
1755874800000,1.2883,1.3101,1.2745,1.2751,2124964.8,1755878400000,2757012.40083,25402,2025-08-22 15:00:00+00:00
1755878400000,1.2752,1.3263,1.2748,1.3167,2311381.7,1755882000000,3024165.08595,28339,2025-08-22 16:00:00+00:00
1755882000000,1.3168,1.36,1.3168,1.3437,2745645.9,1755885600000,3680278.49136,26123,2025-08-22 17:00:00+00:00
1755885600000,1.3435,1.3533,1.3294,1.335,1210506.7,1755889200000,1623332.01097,16821,2025-08-22 18:00:00+00:00
1755889200000,1.3351,1.3411,1.3295,1.3345,540388.7,1755892800000,720952.22569,8428,2025-08-22 19:00:00+00:00
1755892800000,1.3346,1.3378,1.3271,1.3363,928729.5,1755896400000,1236919.92678,7072,2025-08-22 20:00:00+00:00
1755896400000,1.3364,1.3446,1.3191,1.3276,1041986.1,1755900000000,1388781.3203,6947,2025-08-22 21:00:00+00:00
1755900000000,1.328,1.3332,1.3072,1.3143,787383.9,1755903600000,1039315.58371,8602,2025-08-22 22:00:00+00:00
1755903600000,1.3144,1.3325,1.3112,1.3267,1257200.7,1755907200000,1662415.72126,7572,2025-08-22 23:00:00+00:00
1755907200000,1.3268,1.3324,1.3183,1.3239,579927.5,1755910800000,768015.90425,6454,2025-08-23 00:00:00+00:00
1755910800000,1.324,1.3251,1.2857,1.3017,1112338.0,1755914400000,1446803.01745,10523,2025-08-23 01:00:00+00:00
1755914400000,1.3018,1.3065,1.19,1.2799,2489099.3,1755918000000,3150203.36113,17784,2025-08-23 02:00:00+00:00
1755918000000,1.2798,1.2798,1.2635,1.2682,473588.4,1755921600000,602125.81568,6043,2025-08-23 03:00:00+00:00
1755921600000,1.2682,1.2899,1.2678,1.2898,331101.4,1755925200000,423845.53138,5732,2025-08-23 04:00:00+00:00
1755925200000,1.2897,1.3077,1.2862,1.3056,590097.9,1755928800000,764705.45823,7144,2025-08-23 05:00:00+00:00
1755928800000,1.3056,1.3074,1.294,1.2962,368119.2,1755932400000,478698.12277,5913,2025-08-23 06:00:00+00:00
1755932400000,1.2961,1.2976,1.27,1.2707,800701.8,1755936000000,1023331.87956,6523,2025-08-23 07:00:00+00:00
1755936000000,1.2709,1.2828,1.2706,1.2787,585554.9,1755939600000,747166.82891,5305,2025-08-23 08:00:00+00:00
1755939600000,1.2786,1.2846,1.2727,1.2824,421714.4,1755943200000,539396.24795,3581,2025-08-23 09:00:00+00:00
1755943200000,1.2824,1.2841,1.2691,1.2727,261877.1,1755946800000,333518.0624,3667,2025-08-23 10:00:00+00:00
1755946800000,1.2728,1.2814,1.2711,1.2761,261830.1,1755950400000,334072.57562,3842,2025-08-23 11:00:00+00:00
1755950400000,1.2761,1.2842,1.2702,1.2739,269786.3,1755954000000,344199.05672,3844,2025-08-23 12:00:00+00:00
1755954000000,1.2738,1.2779,1.27,1.2731,276013.6,1755957600000,351427.29709,4285,2025-08-23 13:00:00+00:00
1755957600000,1.2731,1.279,1.2649,1.2719,723923.1,1755961200000,920702.89934,5771,2025-08-23 14:00:00+00:00
1755961200000,1.2719,1.2825,1.2673,1.2735,375605.0,1755964800000,478324.85639,4977,2025-08-23 15:00:00+00:00
1755964800000,1.2736,1.2781,1.2688,1.2738,169034.8,1755968400000,215186.08092,2974,2025-08-23 16:00:00+00:00
1755968400000,1.2739,1.2779,1.2687,1.2741,386634.5,1755972000000,491526.1611,2802,2025-08-23 17:00:00+00:00
1755972000000,1.2741,1.2798,1.2725,1.2786,89794.5,1755975600000,114612.2266,2058,2025-08-23 18:00:00+00:00
1755975600000,1.2787,1.2817,1.2775,1.2803,156506.5,1755979200000,200324.59033,2081,2025-08-23 19:00:00+00:00
1755979200000,1.2804,1.2813,1.2727,1.279,107167.0,1755982800000,136817.13241,2292,2025-08-23 20:00:00+00:00
1755982800000,1.2789,1.2804,1.2725,1.275,112658.5,1755986400000,143846.56478,1948,2025-08-23 21:00:00+00:00
1755986400000,1.2752,1.2882,1.2746,1.287,77464.5,1755990000000,99221.58526,1513,2025-08-23 22:00:00+00:00
1755990000000,1.2873,1.2909,1.2815,1.2838,103706.2,1755993600000,133472.27096,1961,2025-08-23 23:00:00+00:00
1755993600000,1.284,1.2884,1.2815,1.2826,178716.6,1755997200000,229573.30197,3196,2025-08-24 00:00:00+00:00
1755997200000,1.2825,1.2825,1.2692,1.2746,181656.9,1756000800000,231818.99074,3131,2025-08-24 01:00:00+00:00
1756000800000,1.2747,1.2832,1.2644,1.2677,389908.4,1756004400000,496036.78651,4582,2025-08-24 02:00:00+00:00
1756004400000,1.2677,1.2694,1.2582,1.268,389649.3,1756008000000,492001.5933,3853,2025-08-24 03:00:00+00:00
1756008000000,1.268,1.2727,1.2627,1.2674,138421.4,1756011600000,175371.07715,2632,2025-08-24 04:00:00+00:00
1756011600000,1.2675,1.2676,1.2534,1.2548,193773.5,1756015200000,244053.38773,2623,2025-08-24 05:00:00+00:00
1756015200000,1.2549,1.2549,1.2265,1.2272,634436.3,1756018800000,785646.54661,6655,2025-08-24 06:00:00+00:00
1756018800000,1.2272,1.2391,1.224,1.2283,180781.5,1756022400000,222483.01576,4209,2025-08-24 07:00:00+00:00
1756022400000,1.2283,1.2362,1.2247,1.231,267463.0,1756026000000,329284.08389,3297,2025-08-24 08:00:00+00:00
1756026000000,1.2309,1.2342,1.2272,1.2302,202300.8,1756029600000,248909.40146,3619,2025-08-24 09:00:00+00:00
1756029600000,1.2301,1.2301,1.2058,1.206,865394.4,1756033200000,1050922.12957,9003,2025-08-24 10:00:00+00:00
1756033200000,1.206,1.2112,1.1958,1.2096,725020.3,1756036800000,873233.85719,9846,2025-08-24 11:00:00+00:00
1756036800000,1.2095,1.2203,1.2033,1.219,553233.8,1756040400000,669560.7673,5218,2025-08-24 12:00:00+00:00
1756040400000,1.2189,1.225,1.2169,1.218,276311.2,1756044000000,337462.02472,4064,2025-08-24 13:00:00+00:00
1756044000000,1.2181,1.2239,1.2117,1.2217,273548.3,1756047600000,333135.21906,4432,2025-08-24 14:00:00+00:00
1756047600000,1.2216,1.2335,1.2164,1.2186,467702.9,1756051200000,573654.94142,6559,2025-08-24 15:00:00+00:00
1756051200000,1.2186,1.2235,1.2137,1.22,249414.4,1756054800000,303933.34025,4283,2025-08-24 16:00:00+00:00
1756054800000,1.2199,1.2584,1.219,1.2495,685191.3,1756058400000,851516.86586,8320,2025-08-24 17:00:00+00:00
1756058400000,1.2494,1.2989,1.2457,1.2931,1419768.7,1756062000000,1820228.98855,13488,2025-08-24 18:00:00+00:00
1756062000000,1.293,1.3072,1.2189,1.2536,3929656.9,1756065600000,4935839.74582,45652,2025-08-24 19:00:00+00:00
1756065600000,1.2537,1.2542,1.2177,1.2422,1722217.4,1756069200000,2132509.76448,24204,2025-08-24 20:00:00+00:00
1756069200000,1.2423,1.2625,1.2315,1.2426,887501.5,1756072800000,1105608.97761,6472,2025-08-24 21:00:00+00:00
1756072800000,1.2427,1.2438,1.2168,1.2387,588256.6,1756076400000,723023.31471,7227,2025-08-24 22:00:00+00:00
1756076400000,1.2388,1.2487,1.2312,1.2335,249513.0,1756080000000,309430.60261,4789,2025-08-24 23:00:00+00:00
1756080000000,1.2338,1.2423,1.2025,1.2132,1061822.7,1756083600000,1298464.02843,9692,2025-08-25 00:00:00+00:00
1756083600000,1.2133,1.2326,1.2107,1.2216,437461.3,1756087200000,535135.33099,5731,2025-08-25 01:00:00+00:00
1756087200000,1.2215,1.2604,1.2211,1.2542,994911.6,1756090800000,1235430.06072,10392,2025-08-25 02:00:00+00:00
1756090800000,1.2541,1.2658,1.2478,1.2503,1256934.0,1756094400000,1579180.63122,11908,2025-08-25 03:00:00+00:00
1756094400000,1.2504,1.2825,1.2456,1.2818,1504839.6,1756098000000,1897932.64992,16373,2025-08-25 04:00:00+00:00
1756098000000,1.2819,1.2893,1.2521,1.2604,2139990.1,1756101600000,2712789.89162,19697,2025-08-25 05:00:00+00:00
1756101600000,1.2605,1.267,1.2423,1.2484,1329349.2,1756105200000,1665995.13313,15662,2025-08-25 06:00:00+00:00
1756105200000,1.2485,1.2586,1.2188,1.2233,1478995.6,1756108800000,1831071.95882,16911,2025-08-25 07:00:00+00:00
1756108800000,1.2235,1.235,1.2081,1.2127,1074402.6,1756112400000,1308099.07724,13493,2025-08-25 08:00:00+00:00
1756112400000,1.2126,1.2131,1.192,1.2051,1360970.4,1756116000000,1632823.98307,14755,2025-08-25 09:00:00+00:00
1756116000000,1.205,1.205,1.1769,1.1813,1000001.6,1756119600000,1186321.58853,12989,2025-08-25 10:00:00+00:00
1756119600000,1.1815,1.1938,1.174,1.1938,1555161.7,1756123200000,1841314.2702,9840,2025-08-25 11:00:00+00:00
1756123200000,1.1936,1.2133,1.1825,1.1968,911749.4,1756126800000,1091831.71711,11821,2025-08-25 12:00:00+00:00
1756126800000,1.1967,1.1968,1.1733,1.1812,1149812.9,1756130400000,1360922.26428,16932,2025-08-25 13:00:00+00:00
1756130400000,1.1813,1.1968,1.178,1.1834,1080522.8,1756134000000,1281882.74892,13253,2025-08-25 14:00:00+00:00
1756134000000,1.1833,1.1888,1.1652,1.1681,924490.2,1756137600000,1087546.4798,11680,2025-08-25 15:00:00+00:00
1756137600000,1.1683,1.1838,1.1617,1.1688,845985.0,1756141200000,992713.33442,11105,2025-08-25 16:00:00+00:00
1756141200000,1.1687,1.1696,1.1566,1.163,696007.4,1756144800000,808690.42803,10722,2025-08-25 17:00:00+00:00
1756144800000,1.163,1.1657,1.1554,1.1563,480277.8,1756148400000,557373.04999,7632,2025-08-25 18:00:00+00:00
1756148400000,1.1565,1.1635,1.129,1.1317,1113393.8,1756152000000,1274769.78571,13308,2025-08-25 19:00:00+00:00
1756152000000,1.1318,1.1355,1.0916,1.0937,2482469.9,1756155600000,2759071.7105,30617,2025-08-25 20:00:00+00:00
1756155600000,1.0936,1.1021,1.0823,1.0872,1700854.0,1756159200000,1858329.6411,12877,2025-08-25 21:00:00+00:00
1756159200000,1.0873,1.1283,1.0873,1.1225,1296230.5,1756162800000,1443910.91152,15479,2025-08-25 22:00:00+00:00
1756162800000,1.1224,1.128,1.114,1.1178,785484.2,1756166400000,878630.35681,11673,2025-08-25 23:00:00+00:00
1756166400000,1.1179,1.1353,1.1107,1.1257,1286312.3,1756170000000,1446465.41104,19162,2025-08-26 00:00:00+00:00
1756170000000,1.1257,1.139,1.1204,1.1352,749012.7,1756173600000,846863.13168,11487,2025-08-26 01:00:00+00:00
1756173600000,1.1352,1.1439,1.1306,1.1367,419939.5,1756177200000,477652.88386,6450,2025-08-26 02:00:00+00:00
1756177200000,1.1367,1.1453,1.1295,1.1359,336709.8,1756180800000,383119.58406,5054,2025-08-26 03:00:00+00:00
1756180800000,1.1359,1.1424,1.1327,1.1351,406296.9,1756184400000,462307.89126,5566,2025-08-26 04:00:00+00:00
1756184400000,1.1352,1.1453,1.1348,1.1391,295269.6,1756188000000,336467.50132,5376,2025-08-26 05:00:00+00:00
1756188000000,1.139,1.1593,1.1341,1.143,834223.1,1756191600000,956202.18792,10174,2025-08-26 06:00:00+00:00
1756191600000,1.1429,1.1557,1.1356,1.1481,501373.6,1756195200000,574409.56195,7525,2025-08-26 07:00:00+00:00
1756195200000,1.1482,1.1509,1.1373,1.1483,336327.6,1756198800000,385102.89572,5330,2025-08-26 08:00:00+00:00
1756198800000,1.1482,1.1554,1.1439,1.1481,371152.7,1756202400000,426665.51537,2190,2025-08-26 09:00:00+00:00
1756202400000,1.1482,1.1634,1.1478,1.154,315576.8,1756206000000,364345.93311,2732,2025-08-26 10:00:00+00:00
1756206000000,1.1539,1.1563,1.133,1.1392,337284.9,1756209600000,386099.71615,3097,2025-08-26 11:00:00+00:00
1756209600000,1.1392,1.1752,1.1316,1.1618,953837.7,1756213200000,1105444.92051,7967,2025-08-26 12:00:00+00:00
1756213200000,1.1619,1.1696,1.1409,1.157,1221412.3,1756216800000,1412588.06032,8272,2025-08-26 13:00:00+00:00
1756216800000,1.1571,1.1738,1.1427,1.1708,900750.0,1756220400000,1042248.59847,6174,2025-08-26 14:00:00+00:00
1756220400000,1.1707,1.1761,1.1536,1.1552,658463.0,1756224000000,766616.64285,3897,2025-08-26 15:00:00+00:00
1756224000000,1.1553,1.1722,1.1523,1.1718,303132.2,1756227600000,352018.17503,2356,2025-08-26 16:00:00+00:00
1756227600000,1.1716,1.1728,1.1551,1.1615,334519.7,1756231200000,388909.56372,2910,2025-08-26 17:00:00+00:00
1756231200000,1.1618,1.1756,1.1614,1.1726,205120.4,1756234800000,239951.62189,2066,2025-08-26 18:00:00+00:00
1756234800000,1.1725,1.1885,1.1657,1.1856,323745.4,1756238400000,381399.7348,2982,2025-08-26 19:00:00+00:00
1756238400000,1.1853,1.1945,1.1785,1.1837,327336.3,1756242000000,388562.87152,2510,2025-08-26 20:00:00+00:00
1756242000000,1.1838,1.1878,1.1765,1.1874,172471.1,1756245600000,203820.59073,1624,2025-08-26 21:00:00+00:00
1756245600000,1.1878,1.1892,1.1758,1.1838,215991.1,1756249200000,255473.74589,1749,2025-08-26 22:00:00+00:00
1756249200000,1.183,1.1923,1.1768,1.1803,496698.5,1756252800000,588651.68134,4043,2025-08-26 23:00:00+00:00
1756252800000,1.1802,1.1822,1.1685,1.17,296660.9,1756256400000,348672.65222,3735,2025-08-27 00:00:00+00:00
1756256400000,1.17,1.1701,1.1605,1.1667,294190.4,1756260000000,342513.52201,5017,2025-08-27 01:00:00+00:00
1756260000000,1.1668,1.186,1.156,1.1809,1140802.6,1756263600000,1341786.43456,5418,2025-08-27 02:00:00+00:00
1756263600000,1.181,1.1929,1.1617,1.1851,665483.5,1756267200000,782525.85922,6616,2025-08-27 03:00:00+00:00
1756267200000,1.1851,1.1989,1.1829,1.1958,423777.7,1756270800000,505472.94655,3540,2025-08-27 04:00:00+00:00
1756270800000,1.1958,1.196,1.1785,1.1852,226048.5,1756274400000,268200.20997,2760,2025-08-27 05:00:00+00:00
1756274400000,1.1852,1.1954,1.1823,1.1854,202449.5,1756278000000,240452.0986,2930,2025-08-27 06:00:00+00:00
1756278000000,1.1855,1.1875,1.1741,1.1802,248117.8,1756281600000,292763.46113,2965,2025-08-27 07:00:00+00:00
1756281600000,1.1803,1.1871,1.174,1.1867,242410.4,1756285200000,285852.99629,2808,2025-08-27 08:00:00+00:00
1756285200000,1.1863,1.1927,1.1809,1.1828,338430.6,1756288800000,401888.11976,2419,2025-08-27 09:00:00+00:00
1756288800000,1.1828,1.1866,1.1743,1.1796,169689.0,1756292400000,200381.63917,1823,2025-08-27 10:00:00+00:00
1756292400000,1.1793,1.1848,1.1788,1.1825,83728.3,1756296000000,98943.23027,1546,2025-08-27 11:00:00+00:00
1756296000000,1.1823,1.1855,1.1682,1.1752,248721.6,1756299600000,292130.35608,2890,2025-08-27 12:00:00+00:00
1756299600000,1.1752,1.1911,1.1655,1.1757,650832.8,1756303200000,766539.9311,5059,2025-08-27 13:00:00+00:00
1756303200000,1.1759,1.1979,1.1708,1.184,666200.0,1756306800000,790348.65547,5015,2025-08-27 14:00:00+00:00
1756306800000,1.1839,1.1958,1.1751,1.1842,1757783.8,1756310400000,2081588.00931,6229,2025-08-27 15:00:00+00:00
1756310400000,1.1844,1.1845,1.1665,1.1771,383180.0,1756314000000,450227.3877,3527,2025-08-27 16:00:00+00:00
1756314000000,1.177,1.1837,1.1705,1.1809,319741.9,1756317600000,376714.40436,2941,2025-08-27 17:00:00+00:00
1756317600000,1.1809,1.1863,1.1743,1.1747,202145.0,1756321200000,238717.7711,2391,2025-08-27 18:00:00+00:00
1756321200000,1.1749,1.1761,1.1601,1.1676,377932.0,1756324800000,441409.23784,4173,2025-08-27 19:00:00+00:00
1756324800000,1.1673,1.188,1.1527,1.183,2195153.2,1756328400000,2573931.03198,14619,2025-08-27 20:00:00+00:00
1756328400000,1.1832,1.1904,1.1662,1.1687,405411.0,1756332000000,477435.57948,3699,2025-08-27 21:00:00+00:00
1756332000000,1.1688,1.171,1.1532,1.1649,376955.5,1756335600000,438111.23291,5687,2025-08-27 22:00:00+00:00
1756335600000,1.1648,1.1674,1.1557,1.1584,230210.6,1756339200000,267093.00139,3998,2025-08-27 23:00:00+00:00
1756339200000,1.1584,1.1661,1.145,1.1582,511014.2,1756342800000,590247.91988,7996,2025-08-28 00:00:00+00:00
1756342800000,1.1583,1.1697,1.1569,1.1681,307713.4,1756346400000,358040.50849,6279,2025-08-28 01:00:00+00:00
1756346400000,1.1682,1.1753,1.1611,1.1632,377114.5,1756350000000,440710.192,6109,2025-08-28 02:00:00+00:00
1756350000000,1.1633,1.1731,1.1597,1.1713,298412.3,1756353600000,348872.90774,4643,2025-08-28 03:00:00+00:00
1756353600000,1.1712,1.185,1.1693,1.1823,382676.8,1756357200000,449791.93491,5353,2025-08-28 04:00:00+00:00
1756357200000,1.1824,1.1854,1.1723,1.1771,263613.4,1756360800000,310931.84265,4957,2025-08-28 05:00:00+00:00
1756360800000,1.1771,1.1831,1.1754,1.1809,157869.2,1756364400000,186212.72099,2938,2025-08-28 06:00:00+00:00
1756364400000,1.1808,1.1897,1.1764,1.1888,342213.1,1756368000000,404782.91147,4631,2025-08-28 07:00:00+00:00
1756368000000,1.1889,1.2069,1.1882,1.204,709472.9,1756371600000,851374.27865,10983,2025-08-28 08:00:00+00:00
1756371600000,1.204,1.2052,1.1864,1.1884,368617.0,1756375200000,440912.26227,6043,2025-08-28 09:00:00+00:00
1756375200000,1.1885,1.2042,1.1857,1.2042,332440.6,1756378800000,397418.15103,5338,2025-08-28 10:00:00+00:00
1756378800000,1.2041,1.2041,1.1906,1.1966,298715.1,1756382400000,357254.76402,3570,2025-08-28 11:00:00+00:00
1756382400000,1.1966,1.1995,1.1865,1.1956,358049.3,1756386000000,427643.19505,5753,2025-08-28 12:00:00+00:00
1756386000000,1.1957,1.2113,1.1947,1.2059,866502.6,1756389600000,1043217.68265,11860,2025-08-28 13:00:00+00:00
1756389600000,1.206,1.22,1.1981,1.2154,846657.3,1756393200000,1023297.0984,12793,2025-08-28 14:00:00+00:00
1756393200000,1.2154,1.2208,1.1867,1.1912,772728.0,1756396800000,929263.94892,10767,2025-08-28 15:00:00+00:00
1756396800000,1.1913,1.2004,1.174,1.1741,537255.9,1756400400000,639764.19644,8375,2025-08-28 16:00:00+00:00
1756400400000,1.1743,1.1933,1.1711,1.192,440774.8,1756404000000,521908.05214,6490,2025-08-28 17:00:00+00:00
1756404000000,1.1919,1.2031,1.1859,1.1992,378404.3,1756407600000,452921.43615,6491,2025-08-28 18:00:00+00:00
1756407600000,1.1991,1.2072,1.1832,1.1836,481587.2,1756411200000,576336.55993,7812,2025-08-28 19:00:00+00:00
1756411200000,1.1837,1.1958,1.1799,1.1902,368851.5,1756414800000,438227.0565,5787,2025-08-28 20:00:00+00:00
1756414800000,1.1903,1.206,1.1895,1.2051,291305.4,1756418400000,349242.64308,3542,2025-08-28 21:00:00+00:00
1756418400000,1.2051,1.2161,1.2048,1.215,476075.2,1756422000000,576729.07951,5448,2025-08-28 22:00:00+00:00
1756422000000,1.2151,1.2175,1.2103,1.2114,475003.8,1756425600000,576608.87781,8646,2025-08-28 23:00:00+00:00
1756425600000,1.2115,1.2146,1.1949,1.1978,518038.8,1756429200000,623958.88713,8247,2025-08-29 00:00:00+00:00
1756429200000,1.1978,1.1989,1.1802,1.1884,982363.4,1756432800000,1166715.75701,12145,2025-08-29 01:00:00+00:00
1756432800000,1.1883,1.2059,1.1861,1.194,350026.5,1756436400000,419003.53029,6254,2025-08-29 02:00:00+00:00
1756436400000,1.1939,1.2014,1.1871,1.1961,251525.9,1756440000000,300079.69234,4684,2025-08-29 03:00:00+00:00
1756440000000,1.1961,1.2028,1.1899,1.196,235927.6,1756443600000,282564.82531,4796,2025-08-29 04:00:00+00:00
1756443600000,1.1961,1.1998,1.188,1.1924,168937.7,1756447200000,201619.80305,4143,2025-08-29 05:00:00+00:00
1756447200000,1.1925,1.1952,1.1761,1.1867,456126.1,1756450800000,540416.7399,4399,2025-08-29 06:00:00+00:00
1756450800000,1.187,1.187,1.1439,1.1461,940466.4,1756454400000,1088404.23041,10264,2025-08-29 07:00:00+00:00
1756454400000,1.146,1.1531,1.1326,1.1349,736120.6,1756458000000,840477.78322,9752,2025-08-29 08:00:00+00:00
1756458000000,1.1347,1.1447,1.1235,1.1415,666412.7,1756461600000,755988.02328,8431,2025-08-29 09:00:00+00:00
1756461600000,1.1415,1.1533,1.1405,1.1449,338111.1,1756465200000,387839.94204,4502,2025-08-29 10:00:00+00:00
1756465200000,1.1448,1.1588,1.1424,1.1442,261556.0,1756468800000,300829.98305,4165,2025-08-29 11:00:00+00:00
1756468800000,1.1441,1.1912,1.1427,1.1664,1752344.8,1756472400000,2051167.49068,21477,2025-08-29 12:00:00+00:00
1756472400000,1.1664,1.1675,1.137,1.1465,1179168.0,1756476000000,1358826.26573,14927,2025-08-29 13:00:00+00:00
1756476000000,1.1466,1.1568,1.1281,1.1411,1441004.8,1756479600000,1648021.06657,18043,2025-08-29 14:00:00+00:00
1756479600000,1.1411,1.1548,1.1312,1.1344,689036.0,1756483200000,788285.76449,8487,2025-08-29 15:00:00+00:00
1756483200000,1.1344,1.1421,1.125,1.1342,614531.4,1756486800000,696757.38608,9353,2025-08-29 16:00:00+00:00
1756486800000,1.1341,1.1345,1.1194,1.1214,453852.9,1756490400000,511015.50997,8152,2025-08-29 17:00:00+00:00
1756490400000,1.1216,1.1255,1.1117,1.1132,453416.2,1756494000000,506473.70356,6937,2025-08-29 18:00:00+00:00
1756494000000,1.1131,1.1349,1.1103,1.1276,490553.7,1756497600000,551034.10716,8224,2025-08-29 19:00:00+00:00
1756497600000,1.1277,1.1294,1.1182,1.1198,475713.5,1756501200000,534339.40518,6971,2025-08-29 20:00:00+00:00
1756501200000,1.1199,1.1399,1.1129,1.1368,408813.1,1756504800000,461759.00492,4487,2025-08-29 21:00:00+00:00
1756504800000,1.1368,1.1433,1.1302,1.1433,299355.6,1756508400000,340369.50057,3529,2025-08-29 22:00:00+00:00
1756508400000,1.1433,1.144,1.1337,1.1342,247933.7,1756512000000,282447.3812,2864,2025-08-29 23:00:00+00:00
1756512000000,1.1343,1.1471,1.1317,1.1388,317183.2,1756515600000,360903.92171,4552,2025-08-30 00:00:00+00:00
1756515600000,1.1387,1.142,1.1164,1.1181,422947.4,1756519200000,476835.29504,4815,2025-08-30 01:00:00+00:00
1756519200000,1.1181,1.1379,1.1155,1.1379,229609.5,1756522800000,258714.39974,3807,2025-08-30 02:00:00+00:00
1756522800000,1.138,1.1623,1.1377,1.1546,387868.4,1756526400000,447809.72666,5716,2025-08-30 03:00:00+00:00
1756526400000,1.1547,1.1563,1.1464,1.149,159016.8,1756530000000,182974.58653,2893,2025-08-30 04:00:00+00:00
1756530000000,1.1491,1.1571,1.1479,1.151,347361.1,1756533600000,400474.98902,3231,2025-08-30 05:00:00+00:00
1756533600000,1.1511,1.1607,1.1486,1.154,207136.1,1756537200000,239383.12301,2917,2025-08-30 06:00:00+00:00
1756537200000,1.1541,1.1621,1.1529,1.1605,116487.1,1756540800000,134970.7044,2337,2025-08-30 07:00:00+00:00
1756540800000,1.1606,1.1648,1.1543,1.1547,288767.3,1756544400000,334762.60622,3388,2025-08-30 08:00:00+00:00
1756544400000,1.1548,1.1602,1.1505,1.1519,212416.5,1756548000000,245467.64453,2656,2025-08-30 09:00:00+00:00
1756548000000,1.1519,1.1592,1.1503,1.1555,153998.8,1756551600000,177618.93695,2487,2025-08-30 10:00:00+00:00
1756551600000,1.1555,1.158,1.1496,1.154,79160.3,1756555200000,91338.50013,1662,2025-08-30 11:00:00+00:00
1756555200000,1.154,1.1548,1.1349,1.1369,274524.6,1756558800000,313480.65966,4121,2025-08-30 12:00:00+00:00
1756558800000,1.137,1.137,1.1237,1.1368,349603.7,1756562400000,395187.74706,5562,2025-08-30 13:00:00+00:00
1756562400000,1.1367,1.1433,1.129,1.1419,158091.5,1756566000000,179671.44913,3299,2025-08-30 14:00:00+00:00
1756566000000,1.1418,1.1597,1.1396,1.159,305719.8,1756569600000,351711.85269,4724,2025-08-30 15:00:00+00:00
1756569600000,1.1589,1.1593,1.1431,1.1442,204437.1,1756573200000,235434.6036,3418,2025-08-30 16:00:00+00:00
1756573200000,1.1443,1.1467,1.1395,1.1433,220657.3,1756576800000,252260.762,3143,2025-08-30 17:00:00+00:00
1756576800000,1.1432,1.1502,1.1394,1.1445,145107.7,1756580400000,166297.29827,2083,2025-08-30 18:00:00+00:00
1756580400000,1.1444,1.149,1.1411,1.1489,59837.3,1756584000000,68468.63813,1759,2025-08-30 19:00:00+00:00
1756584000000,1.1489,1.149,1.1405,1.1445,50912.0,1756587600000,58232.58865,1484,2025-08-30 20:00:00+00:00
1756587600000,1.1446,1.1474,1.1426,1.1444,65850.6,1756591200000,75381.90998,1187,2025-08-30 21:00:00+00:00
1756591200000,1.1444,1.1493,1.1413,1.1481,38364.1,1756594800000,43922.15514,1193,2025-08-30 22:00:00+00:00
1756594800000,1.148,1.1529,1.1474,1.1509,180107.3,1756598400000,207058.14582,2252,2025-08-30 23:00:00+00:00
1756598400000,1.1511,1.1636,1.1502,1.1615,282417.0,1756602000000,326515.81486,4947,2025-08-31 00:00:00+00:00
1756602000000,1.1615,1.1693,1.1573,1.1675,204482.7,1756605600000,237696.30193,3314,2025-08-31 01:00:00+00:00
1756605600000,1.1674,1.17,1.1642,1.1657,229944.3,1756609200000,268456.33308,3204,2025-08-31 02:00:00+00:00
1756609200000,1.1658,1.1675,1.1604,1.1671,147983.6,1756612800000,172348.92548,2843,2025-08-31 03:00:00+00:00
1756612800000,1.1672,1.1691,1.155,1.1585,161290.6,1756616400000,187503.42488,2284,2025-08-31 04:00:00+00:00
1756616400000,1.1585,1.1585,1.1537,1.156,89694.4,1756620000000,103670.40802,1807,2025-08-31 05:00:00+00:00
1756620000000,1.1561,1.1567,1.1457,1.1467,278194.9,1756623600000,319784.707,2756,2025-08-31 06:00:00+00:00
1756623600000,1.1466,1.1544,1.1456,1.1493,138669.9,1756627200000,159436.25388,2070,2025-08-31 07:00:00+00:00
1756627200000,1.1492,1.1564,1.149,1.1556,150435.6,1756630800000,173378.71581,2415,2025-08-31 08:00:00+00:00
1756630800000,1.1554,1.1561,1.1456,1.1462,248425.0,1756634400000,286286.66681,2703,2025-08-31 09:00:00+00:00
1756634400000,1.1462,1.1468,1.1327,1.1378,417438.3,1756638000000,474899.13702,3738,2025-08-31 10:00:00+00:00
1756638000000,1.1378,1.1445,1.1345,1.1444,257184.6,1756641600000,292488.86225,2824,2025-08-31 11:00:00+00:00
1756641600000,1.1443,1.1453,1.1353,1.1425,113612.8,1756645200000,129488.32478,2501,2025-08-31 12:00:00+00:00
1756645200000,1.1424,1.1451,1.1313,1.1342,192043.1,1756648800000,218120.73088,3307,2025-08-31 13:00:00+00:00
1756648800000,1.1342,1.1359,1.1278,1.1292,143985.3,1756652400000,162865.96355,2631,2025-08-31 14:00:00+00:00
1756652400000,1.1297,1.1415,1.1291,1.1404,154979.7,1756656000000,176110.83481,2859,2025-08-31 15:00:00+00:00
1756656000000,1.1404,1.1404,1.1316,1.1345,177604.5,1756659600000,201566.42589,2371,2025-08-31 16:00:00+00:00
1756659600000,1.1344,1.1363,1.1309,1.1317,112703.9,1756663200000,127747.92867,2152,2025-08-31 17:00:00+00:00
1756663200000,1.1318,1.1438,1.1312,1.1431,85084.8,1756666800000,96801.93882,2201,2025-08-31 18:00:00+00:00
1756666800000,1.1431,1.1441,1.1314,1.1321,125976.5,1756670400000,143273.24937,2092,2025-08-31 19:00:00+00:00
1756670400000,1.1322,1.1369,1.129,1.1319,65595.4,1756674000000,74292.09249,2002,2025-08-31 20:00:00+00:00
1756674000000,1.1318,1.1371,1.1297,1.135,186031.0,1756677600000,210920.10991,1813,2025-08-31 21:00:00+00:00
1756677600000,1.1351,1.1381,1.1236,1.1254,218429.2,1756681200000,246557.39403,3086,2025-08-31 22:00:00+00:00
1756681200000,1.1252,1.1254,1.1087,1.1094,462188.7,1756684800000,515528.80913,5173,2025-08-31 23:00:00+00:00
1756684800000,1.1094,1.1106,1.0943,1.1042,462556.7,1756688400000,510333.24435,8069,2025-09-01 00:00:00+00:00
1756688400000,1.1042,1.1101,1.0976,1.102,404860.1,1756692000000,446769.56266,6292,2025-09-01 01:00:00+00:00
1756692000000,1.102,1.102,1.0768,1.0831,911048.6,1756695600000,992321.93331,7960,2025-09-01 02:00:00+00:00
1756695600000,1.0832,1.0879,1.0786,1.0857,585767.8,1756699200000,634729.24905,6199,2025-09-01 03:00:00+00:00
1756699200000,1.0856,1.088,1.0669,1.0685,469315.9,1756702800000,504659.46907,5694,2025-09-01 04:00:00+00:00
1756702800000,1.0686,1.0739,1.0627,1.0715,408666.4,1756706400000,437091.92087,5082,2025-09-01 05:00:00+00:00
1756706400000,1.0714,1.0791,1.0649,1.0738,290300.7,1756710000000,311555.1237,4699,2025-09-01 06:00:00+00:00
1756710000000,1.0739,1.113,1.0668,1.113,768087.6,1756713600000,838226.97884,10069,2025-09-01 07:00:00+00:00
1756713600000,1.1131,1.1238,1.1099,1.1199,794707.0,1756717200000,887285.47791,11105,2025-09-01 08:00:00+00:00
1756717200000,1.1197,1.1265,1.1086,1.1088,394058.4,1756720800000,440954.30759,6779,2025-09-01 09:00:00+00:00
1756720800000,1.1087,1.1088,1.0804,1.0877,515554.7,1756724400000,564668.77499,6873,2025-09-01 10:00:00+00:00
1756724400000,1.0878,1.0898,1.0773,1.0814,406699.9,1756728000000,441401.11022,5302,2025-09-01 11:00:00+00:00
1756728000000,1.0814,1.0877,1.0736,1.0743,251485.4,1756731600000,271966.05128,5286,2025-09-01 12:00:00+00:00
1756731600000,1.0743,1.0843,1.0634,1.0679,733402.1,1756735200000,787507.20288,8680,2025-09-01 13:00:00+00:00
1756735200000,1.0679,1.0749,1.0553,1.0626,565916.9,1756738800000,602187.06721,7824,2025-09-01 14:00:00+00:00
1756738800000,1.0625,1.0659,1.0525,1.0555,337513.6,1756742400000,357422.36695,5961,2025-09-01 15:00:00+00:00
1756742400000,1.0555,1.0608,1.0488,1.055,399403.3,1756746000000,420657.12779,6416,2025-09-01 16:00:00+00:00
1756746000000,1.0549,1.0568,1.0411,1.0484,822591.9,1756749600000,862082.70235,7660,2025-09-01 17:00:00+00:00
1756749600000,1.0484,1.059,1.046,1.0544,197104.3,1756753200000,207495.22772,4544,2025-09-01 18:00:00+00:00
1756753200000,1.0544,1.0615,1.052,1.0589,244178.7,1756756800000,258046.14063,3809,2025-09-01 19:00:00+00:00
1756756800000,1.059,1.0599,1.02,1.0336,1789702.6,1756760400000,1849818.31309,15285,2025-09-01 20:00:00+00:00
1756760400000,1.0335,1.0349,1.005,1.0192,1100139.4,1756764000000,1124262.08107,8173,2025-09-01 21:00:00+00:00
1756764000000,1.0191,1.0254,1.0035,1.0139,907069.9,1756767600000,919245.59025,7673,2025-09-01 22:00:00+00:00
1756767600000,1.0138,1.0297,1.0133,1.0267,706746.4,1756771200000,722740.03423,4622,2025-09-01 23:00:00+00:00
1756771200000,1.0268,1.0293,1.0187,1.0214,386664.1,1756774800000,395823.69475,4044,2025-09-02 00:00:00+00:00
1756774800000,1.0214,1.0274,1.0126,1.0182,1320826.1,1756778400000,1346260.48996,8771,2025-09-02 01:00:00+00:00
1756778400000,1.0181,1.04,1.0125,1.0383,605834.5,1756782000000,620496.44873,7854,2025-09-02 02:00:00+00:00
1756782000000,1.0382,1.0461,1.0286,1.0339,870878.5,1756785600000,903341.38303,7371,2025-09-02 03:00:00+00:00
1756785600000,1.0339,1.0449,1.0298,1.0448,495002.6,1756789200000,512123.13339,5159,2025-09-02 04:00:00+00:00
1756789200000,1.0447,1.0471,1.0371,1.0445,177574.5,1756792800000,185103.27076,3554,2025-09-02 05:00:00+00:00
1756792800000,1.0445,1.0517,1.0424,1.049,267959.9,1756796400000,280800.98211,4185,2025-09-02 06:00:00+00:00
1756796400000,1.049,1.0494,1.033,1.0353,251948.8,1756800000000,262120.18222,3649,2025-09-02 07:00:00+00:00
1756800000000,1.0352,1.0414,1.0317,1.0374,309266.0,1756803600000,320430.62135,4029,2025-09-02 08:00:00+00:00
1756803600000,1.0374,1.0474,1.0352,1.0456,267135.7,1756807200000,278535.15841,4463,2025-09-02 09:00:00+00:00
1756807200000,1.0457,1.0467,1.0341,1.0413,234631.1,1756810800000,243930.82513,3494,2025-09-02 10:00:00+00:00
1756810800000,1.0414,1.0417,1.0295,1.0322,482239.3,1756814400000,499309.7,3350,2025-09-02 11:00:00+00:00
1756814400000,1.0319,1.0349,1.004,1.0066,945513.6,1756818000000,960474.80583,11271,2025-09-02 12:00:00+00:00
1756818000000,1.0066,1.0494,1.0058,1.0465,1586219.2,1756821600000,1633506.44758,18903,2025-09-02 13:00:00+00:00
1756821600000,1.0466,1.0552,1.0348,1.0427,1221179.1,1756825200000,1277210.17199,13902,2025-09-02 14:00:00+00:00
1756825200000,1.0426,1.0445,1.0182,1.0202,545373.8,1756828800000,561464.99413,7706,2025-09-02 15:00:00+00:00
1756828800000,1.0201,1.0362,1.02,1.0322,481651.0,1756832400000,495909.09057,6797,2025-09-02 16:00:00+00:00
1756832400000,1.0323,1.0417,1.0294,1.0349,603734.3,1756836000000,625394.7311,5641,2025-09-02 17:00:00+00:00
1756836000000,1.035,1.0373,1.0176,1.0314,691247.6,1756839600000,710939.72889,6316,2025-09-02 18:00:00+00:00
1756839600000,1.0315,1.0366,1.0197,1.026,472804.8,1756843200000,485387.28251,5337,2025-09-02 19:00:00+00:00
1756843200000,1.026,1.0501,1.0241,1.0498,464168.5,1756846800000,483286.09241,6378,2025-09-02 20:00:00+00:00
1756846800000,1.0498,1.056,1.0473,1.0527,383221.7,1756850400000,403239.31662,3390,2025-09-02 21:00:00+00:00
1756850400000,1.0527,1.0611,1.0442,1.0609,392325.8,1756854000000,412302.39319,5355,2025-09-02 22:00:00+00:00
1756854000000,1.061,1.0631,1.0558,1.0626,260285.9,1756857600000,275978.84462,4564,2025-09-02 23:00:00+00:00
1756857600000,1.0627,1.0648,1.0542,1.0562,275874.6,1756861200000,292415.07865,4581,2025-09-03 00:00:00+00:00
1756861200000,1.0562,1.0694,1.05,1.0687,243097.8,1756864800000,256954.6599,3613,2025-09-03 01:00:00+00:00
1756864800000,1.0687,1.0744,1.0593,1.065,442451.1,1756868400000,472862.28607,5768,2025-09-03 02:00:00+00:00
1756868400000,1.065,1.0689,1.0588,1.0666,221650.6,1756872000000,235722.63779,3654,2025-09-03 03:00:00+00:00
1756872000000,1.0665,1.0677,1.0582,1.0618,474089.8,1756875600000,504298.41182,3385,2025-09-03 04:00:00+00:00
1756875600000,1.0619,1.0624,1.0537,1.0554,312887.1,1756879200000,330566.93987,2964,2025-09-03 05:00:00+00:00
1756879200000,1.0555,1.064,1.0507,1.0544,261197.0,1756882800000,276043.09533,3505,2025-09-03 06:00:00+00:00
1756882800000,1.0545,1.0622,1.0517,1.0612,210150.6,1756886400000,221832.51815,3808,2025-09-03 07:00:00+00:00
1756886400000,1.0611,1.0725,1.0591,1.0611,550185.5,1756890000000,587159.46011,5056,2025-09-03 08:00:00+00:00
1756890000000,1.0612,1.0683,1.0546,1.0681,192200.8,1756893600000,204092.45946,3723,2025-09-03 09:00:00+00:00
1756893600000,1.0682,1.0775,1.0639,1.0741,321798.9,1756897200000,344936.68157,4476,2025-09-03 10:00:00+00:00
1756897200000,1.0739,1.0832,1.0716,1.0719,349479.0,1756900800000,376612.50914,5255,2025-09-03 11:00:00+00:00
1756900800000,1.072,1.0782,1.0648,1.0674,228160.1,1756904400000,244415.46891,3979,2025-09-03 12:00:00+00:00
1756904400000,1.0675,1.0879,1.0656,1.0805,375350.6,1756908000000,404801.47912,7048,2025-09-03 13:00:00+00:00
1756908000000,1.0805,1.1199,1.0804,1.1155,1381330.9,1756911600000,1520865.87986,13845,2025-09-03 14:00:00+00:00
1756911600000,1.1155,1.1426,1.1123,1.1413,2021541.0,1756915200000,2279291.86499,22670,2025-09-03 15:00:00+00:00
1756915200000,1.1413,1.1625,1.1267,1.1315,3092543.5,1756918800000,3554763.34362,25416,2025-09-03 16:00:00+00:00
1756918800000,1.1317,1.1553,1.1313,1.1461,771733.0,1756922400000,881658.91368,11456,2025-09-03 17:00:00+00:00
1756922400000,1.1462,1.16,1.1447,1.1474,834783.0,1756926000000,961875.47336,11983,2025-09-03 18:00:00+00:00
1756926000000,1.1474,1.1546,1.1366,1.1537,693775.4,1756929600000,793743.24402,8420,2025-09-03 19:00:00+00:00
1756929600000,1.1537,1.1545,1.1405,1.1423,658773.0,1756933200000,754979.70088,7476,2025-09-03 20:00:00+00:00
1756933200000,1.1424,1.1424,1.1309,1.1401,398013.7,1756936800000,452079.42601,4836,2025-09-03 21:00:00+00:00
1756936800000,1.14,1.1498,1.1356,1.1377,408719.0,1756940400000,467266.80919,5424,2025-09-03 22:00:00+00:00
1756940400000,1.1377,1.1387,1.1308,1.1336,229901.2,1756944000000,260743.90658,4021,2025-09-03 23:00:00+00:00
1756944000000,1.1337,1.1387,1.1274,1.1326,392735.2,1756947600000,444752.65029,6004,2025-09-04 00:00:00+00:00
1756947600000,1.1326,1.1334,1.1232,1.13,202148.1,1756951200000,228017.85847,4251,2025-09-04 01:00:00+00:00
1756951200000,1.1301,1.1324,1.1187,1.1189,330523.9,1756954800000,371519.89287,4503,2025-09-04 02:00:00+00:00
1756954800000,1.1188,1.1189,1.1,1.1002,567420.5,1756958400000,628358.113,5451,2025-09-04 03:00:00+00:00
1756958400000,1.1002,1.1019,1.0887,1.0888,648443.5,1756962000000,711749.43763,4540,2025-09-04 04:00:00+00:00
1756962000000,1.0888,1.0888,1.0742,1.078,441415.2,1756965600000,476864.56828,5332,2025-09-04 05:00:00+00:00
1756965600000,1.078,1.0794,1.065,1.0683,392263.8,1756969200000,419958.27768,5144,2025-09-04 06:00:00+00:00
1756969200000,1.0682,1.0824,1.0675,1.0797,301432.0,1756972800000,324203.85238,3939,2025-09-04 07:00:00+00:00
1756972800000,1.0797,1.0904,1.0791,1.0796,368214.0,1756976400000,399641.67979,3971,2025-09-04 08:00:00+00:00
1756976400000,1.0797,1.0909,1.0728,1.0776,1830929.0,1756980000000,1979306.90355,11383,2025-09-04 09:00:00+00:00
1756980000000,1.0775,1.085,1.0758,1.0777,337646.7,1756983600000,364868.67532,3692,2025-09-04 10:00:00+00:00
1756983600000,1.0777,1.0818,1.0719,1.0719,176564.4,1756987200000,190356.14113,2830,2025-09-04 11:00:00+00:00
1756987200000,1.072,1.0843,1.0692,1.0814,318677.6,1756990800000,343292.43178,4531,2025-09-04 12:00:00+00:00
1756990800000,1.0814,1.0817,1.0697,1.0715,386202.7,1756994400000,415310.25655,5557,2025-09-04 13:00:00+00:00
1756994400000,1.0715,1.0726,1.0576,1.059,443729.8,1756998000000,471869.90192,6730,2025-09-04 14:00:00+00:00
1756998000000,1.059,1.0606,1.0426,1.0477,442660.9,1757001600000,464276.4792,5519,2025-09-04 15:00:00+00:00
1757001600000,1.0475,1.0501,1.0423,1.046,282695.0,1757005200000,295697.83469,4309,2025-09-04 16:00:00+00:00
1757005200000,1.0459,1.0562,1.0457,1.0505,180749.3,1757008800000,190099.57171,3237,2025-09-04 17:00:00+00:00
1757008800000,1.0506,1.0528,1.0377,1.0413,241954.5,1757012400000,252513.2947,3405,2025-09-04 18:00:00+00:00
1757012400000,1.0414,1.0436,1.0342,1.036,196671.3,1757016000000,204441.5605,2899,2025-09-04 19:00:00+00:00
1757016000000,1.036,1.0496,1.0349,1.0484,303128.7,1757019600000,316816.81495,3660,2025-09-04 20:00:00+00:00
1757019600000,1.0484,1.0536,1.048,1.0531,122893.5,1757023200000,129171.52232,1732,2025-09-04 21:00:00+00:00
1757023200000,1.0531,1.0756,1.0525,1.0734,342801.2,1757026800000,364094.31105,3611,2025-09-04 22:00:00+00:00
1757026800000,1.0733,1.0773,1.0572,1.058,508335.8,1757030400000,541262.63084,6325,2025-09-04 23:00:00+00:00
1757030400000,1.0579,1.0816,1.0565,1.0732,658546.5,1757034000000,706273.20457,8452,2025-09-05 00:00:00+00:00
1757034000000,1.0732,1.0768,1.0658,1.0685,450881.0,1757037600000,483222.53956,6542,2025-09-05 01:00:00+00:00
1757037600000,1.0686,1.0764,1.0666,1.0757,287803.3,1757041200000,308274.43876,4039,2025-09-05 02:00:00+00:00
1757041200000,1.0758,1.0773,1.068,1.0757,240989.0,1757044800000,258581.77564,3230,2025-09-05 03:00:00+00:00
1757044800000,1.0757,1.0894,1.0755,1.0863,226850.2,1757048400000,245588.52096,3666,2025-09-05 04:00:00+00:00
1757048400000,1.0862,1.0902,1.0813,1.0869,386040.4,1757052000000,419277.1676,6181,2025-09-05 05:00:00+00:00
1757052000000,1.0869,1.0911,1.0798,1.0834,255054.0,1757055600000,276634.53469,4493,2025-09-05 06:00:00+00:00
1757055600000,1.0834,1.1035,1.0818,1.1021,654614.1,1757059200000,715697.87919,8239,2025-09-05 07:00:00+00:00
1757059200000,1.1022,1.1027,1.0927,1.0961,336916.1,1757062800000,369666.86167,5738,2025-09-05 08:00:00+00:00
1757062800000,1.0962,1.1011,1.0845,1.0909,347252.7,1757066400000,378962.33634,6002,2025-09-05 09:00:00+00:00
1757066400000,1.0908,1.1046,1.09,1.0947,361311.4,1757070000000,397084.01257,4944,2025-09-05 10:00:00+00:00
1757070000000,1.0946,1.1019,1.0924,1.0975,186499.2,1757073600000,204500.41004,3498,2025-09-05 11:00:00+00:00
1757073600000,1.0976,1.1196,1.0959,1.1174,1793291.3,1757077200000,1988536.22119,22351,2025-09-05 12:00:00+00:00
1757077200000,1.1175,1.1203,1.105,1.1102,738502.1,1757080800000,820741.26877,10339,2025-09-05 13:00:00+00:00
1757080800000,1.11,1.1103,1.067,1.0688,1945119.7,1757084400000,2105239.06182,25818,2025-09-05 14:00:00+00:00
1757084400000,1.0687,1.0842,1.0653,1.0764,465195.5,1757088000000,500586.73661,7344,2025-09-05 15:00:00+00:00
1757088000000,1.0764,1.0787,1.0713,1.0781,150175.3,1757091600000,161461.00183,3672,2025-09-05 16:00:00+00:00
1757091600000,1.078,1.0783,1.0702,1.0742,168914.4,1757095200000,181274.09571,3622,2025-09-05 17:00:00+00:00
1757095200000,1.0743,1.0927,1.0716,1.0892,278933.5,1757098800000,302184.78638,3856,2025-09-05 18:00:00+00:00
1757098800000,1.0893,1.0996,1.0888,1.0994,362710.6,1757102400000,397117.40856,4474,2025-09-05 19:00:00+00:00
1757102400000,1.0993,1.1118,1.0992,1.1069,408870.3,1757106000000,452206.12982,6461,2025-09-05 20:00:00+00:00
1757106000000,1.1068,1.1074,1.0888,1.0975,942897.0,1757109600000,1034893.62254,6850,2025-09-05 21:00:00+00:00
1757109600000,1.0975,1.1068,1.0949,1.1041,155400.6,1757113200000,171105.4099,3374,2025-09-05 22:00:00+00:00
1757113200000,1.1042,1.1088,1.0997,1.0998,154481.5,1757116800000,170370.29028,2608,2025-09-05 23:00:00+00:00
1757116800000,1.0999,1.104,1.093,1.1019,144872.3,1757120400000,158989.88119,2796,2025-09-06 00:00:00+00:00
1757120400000,1.102,1.11,1.0989,1.108,179820.3,1757124000000,198864.59211,3342,2025-09-06 01:00:00+00:00
1757124000000,1.108,1.1115,1.1018,1.1082,240396.9,1757127600000,266096.56596,2934,2025-09-06 02:00:00+00:00
1757127600000,1.108,1.1094,1.1018,1.1041,175695.3,1757131200000,194077.00241,2505,2025-09-06 03:00:00+00:00
1757131200000,1.1041,1.1041,1.0946,1.0998,291190.9,1757134800000,319992.80506,3095,2025-09-06 04:00:00+00:00
1757134800000,1.0997,1.1004,1.0935,1.0943,172741.4,1757138400000,189431.1389,2760,2025-09-06 05:00:00+00:00
1757138400000,1.0942,1.1017,1.0933,1.1002,106524.3,1757142000000,116928.75665,2328,2025-09-06 06:00:00+00:00
1757142000000,1.1001,1.1025,1.0941,1.0986,121076.9,1757145600000,133022.46235,2452,2025-09-06 07:00:00+00:00
1757145600000,1.0987,1.1023,1.0915,1.092,102657.5,1757149200000,112675.86519,2518,2025-09-06 08:00:00+00:00
1757149200000,1.092,1.092,1.0812,1.0848,178395.0,1757152800000,193439.93674,3258,2025-09-06 09:00:00+00:00
1757152800000,1.0846,1.095,1.0827,1.095,113232.1,1757156400000,123215.27351,2836,2025-09-06 10:00:00+00:00
1757156400000,1.0951,1.0951,1.0867,1.0933,110260.1,1757160000000,120316.40546,2315,2025-09-06 11:00:00+00:00
1757160000000,1.0933,1.1028,1.0918,1.0999,267711.0,1757163600000,294217.88944,4165,2025-09-06 12:00:00+00:00
1757163600000,1.0999,1.1008,1.0917,1.0947,75857.2,1757167200000,83041.28716,2067,2025-09-06 13:00:00+00:00
1757167200000,1.0947,1.1092,1.0947,1.1083,272898.1,1757170800000,301052.96281,4484,2025-09-06 14:00:00+00:00
1757170800000,1.1083,1.11,1.0934,1.0944,340946.7,1757174400000,375282.23157,4567,2025-09-06 15:00:00+00:00
1757174400000,1.0944,1.1075,1.093,1.1029,366096.2,1757178000000,402221.9571,5694,2025-09-06 16:00:00+00:00
1757178000000,1.1028,1.1041,1.0963,1.1004,205451.2,1757181600000,225954.50849,3061,2025-09-06 17:00:00+00:00
1757181600000,1.1003,1.1121,1.1,1.1098,262096.9,1757185200000,290504.63025,3701,2025-09-06 18:00:00+00:00
1757185200000,1.1098,1.1105,1.0945,1.0964,183843.7,1757188800000,202534.27583,2635,2025-09-06 19:00:00+00:00
1757188800000,1.0965,1.1074,1.0961,1.1074,134271.0,1757192400000,148000.31507,2320,2025-09-06 20:00:00+00:00
1757192400000,1.1075,1.1171,1.1027,1.1165,109948.1,1757196000000,121868.23287,1815,2025-09-06 21:00:00+00:00
1757196000000,1.1165,1.1216,1.102,1.1052,614767.3,1757199600000,683605.95242,4815,2025-09-06 22:00:00+00:00
1757199600000,1.1051,1.1139,1.1042,1.1114,80667.5,1757203200000,89537.00913,2337,2025-09-06 23:00:00+00:00
1757203200000,1.1113,1.1218,1.1089,1.1217,130184.9,1757206800000,145232.44564,2520,2025-09-07 00:00:00+00:00
1757206800000,1.1217,1.1426,1.1187,1.1348,560447.3,1757210400000,633973.84774,7027,2025-09-07 01:00:00+00:00
1757210400000,1.1347,1.1383,1.1276,1.1337,222965.6,1757214000000,252446.27884,3802,2025-09-07 02:00:00+00:00
1757214000000,1.1338,1.1379,1.129,1.1344,223189.8,1757217600000,252921.57572,3405,2025-09-07 03:00:00+00:00
1757217600000,1.1345,1.1418,1.1296,1.1416,362547.3,1757221200000,411736.41204,3807,2025-09-07 04:00:00+00:00
1757221200000,1.1416,1.1503,1.1363,1.1492,281280.2,1757224800000,321832.79634,3966,2025-09-07 05:00:00+00:00
1757224800000,1.1492,1.1533,1.1355,1.1372,272908.1,1757228400000,311424.1986,4179,2025-09-07 06:00:00+00:00
1757228400000,1.1373,1.1446,1.1316,1.1369,176233.1,1757232000000,200455.85741,3200,2025-09-07 07:00:00+00:00
1757232000000,1.1369,1.1561,1.1369,1.1449,429549.0,1757235600000,492745.00035,5801,2025-09-07 08:00:00+00:00
1757235600000,1.1447,1.148,1.1352,1.1401,176513.9,1757239200000,201160.15017,3288,2025-09-07 09:00:00+00:00
1757239200000,1.1403,1.1472,1.1402,1.1443,106161.4,1757242800000,121439.2139,2369,2025-09-07 10:00:00+00:00
1757242800000,1.1444,1.1536,1.1439,1.1493,776799.2,1757246400000,892578.42591,5209,2025-09-07 11:00:00+00:00
1757246400000,1.1493,1.1493,1.1424,1.1438,121954.2,1757250000000,139617.23692,2487,2025-09-07 12:00:00+00:00
1757250000000,1.1438,1.1521,1.1416,1.1506,381555.0,1757253600000,437614.47705,3970,2025-09-07 13:00:00+00:00
1757253600000,1.1505,1.1536,1.1429,1.149,736990.5,1757257200000,846419.24696,4554,2025-09-07 14:00:00+00:00
1757257200000,1.1489,1.1489,1.1392,1.1457,285290.2,1757260800000,326001.89848,3233,2025-09-07 15:00:00+00:00
1757260800000,1.1456,1.1493,1.1391,1.1403,105030.7,1757264400000,120035.79144,2397,2025-09-07 16:00:00+00:00
1757264400000,1.1404,1.1408,1.1319,1.1321,179301.9,1757268000000,203803.25527,2768,2025-09-07 17:00:00+00:00
1757268000000,1.1322,1.1333,1.1256,1.1289,124122.7,1757271600000,140183.66584,2368,2025-09-07 18:00:00+00:00
1757271600000,1.1288,1.1369,1.128,1.1309,105563.9,1757275200000,119451.06836,2220,2025-09-07 19:00:00+00:00
1757275200000,1.1308,1.1358,1.1257,1.1357,126508.8,1757278800000,142930.20132,2335,2025-09-07 20:00:00+00:00
1757278800000,1.1358,1.1399,1.1323,1.1387,98905.2,1757282400000,112346.24058,1470,2025-09-07 21:00:00+00:00
1757282400000,1.1386,1.1482,1.1358,1.1477,179532.5,1757286000000,204999.74745,3676,2025-09-07 22:00:00+00:00
1757286000000,1.1477,1.153,1.1427,1.1436,343756.1,1757289600000,394670.3605,4265,2025-09-07 23:00:00+00:00
1757289600000,1.1435,1.149,1.1357,1.1394,216806.0,1757293200000,247562.92401,4056,2025-09-08 00:00:00+00:00
1757293200000,1.1393,1.1439,1.137,1.1397,172951.4,1757296800000,197208.49685,3248,2025-09-08 01:00:00+00:00
1757296800000,1.1396,1.183,1.138,1.1818,620121.3,1757300400000,720253.16112,9598,2025-09-08 02:00:00+00:00
1757300400000,1.1817,1.1952,1.1726,1.1799,1461782.0,1757304000000,1735178.68037,18928,2025-09-08 03:00:00+00:00
1757304000000,1.1798,1.1895,1.166,1.1835,558200.5,1757307600000,657480.236,8738,2025-09-08 04:00:00+00:00
1757307600000,1.1835,1.2007,1.1813,1.1947,862469.2,1757311200000,1028956.33393,15257,2025-09-08 05:00:00+00:00
1757311200000,1.1948,1.203,1.179,1.2017,947986.8,1757314800000,1131237.54768,12010,2025-09-08 06:00:00+00:00
1757314800000,1.2016,1.21,1.1808,1.1841,3802595.9,1757318400000,4545532.27204,28895,2025-09-08 07:00:00+00:00
1757318400000,1.1842,1.1967,1.181,1.1907,477168.8,1757322000000,568421.78654,8359,2025-09-08 08:00:00+00:00
1757322000000,1.1907,1.2018,1.185,1.1969,446442.0,1757325600000,533133.65296,6869,2025-09-08 09:00:00+00:00
1757325600000,1.1969,1.2053,1.1952,1.1963,580427.5,1757329200000,697034.4602,7998,2025-09-08 10:00:00+00:00
1757329200000,1.1964,1.1969,1.1769,1.1877,433496.1,1757332800000,513441.88874,6480,2025-09-08 11:00:00+00:00
1757332800000,1.1875,1.1971,1.1827,1.1967,280618.7,1757336400000,333586.99593,7512,2025-09-08 12:00:00+00:00
1757336400000,1.1966,1.2108,1.1919,1.1935,782244.0,1757340000000,940056.43756,11176,2025-09-08 13:00:00+00:00
1757340000000,1.1934,1.2483,1.192,1.2474,1596154.7,1757343600000,1956474.12238,20471,2025-09-08 14:00:00+00:00
1757343600000,1.2474,1.29,1.2461,1.2709,3936484.3,1757347200000,5014584.23077,50081,2025-09-08 15:00:00+00:00
1757347200000,1.2709,1.2753,1.2529,1.2601,1320727.5,1757350800000,1669081.87256,16904,2025-09-08 16:00:00+00:00
1757350800000,1.2602,1.2774,1.2465,1.2592,943552.9,1757354400000,1191176.57185,13263,2025-09-08 17:00:00+00:00
1757354400000,1.2593,1.2727,1.2539,1.2726,576215.9,1757358000000,728976.5061,9280,2025-09-08 18:00:00+00:00
1757358000000,1.2725,1.2728,1.2457,1.2476,549263.1,1757361600000,690314.07478,6740,2025-09-08 19:00:00+00:00
1757361600000,1.2476,1.2533,1.2378,1.2473,405584.2,1757365200000,504861.46923,6941,2025-09-08 20:00:00+00:00
1757365200000,1.2472,1.2745,1.244,1.2708,584507.4,1757368800000,737069.96549,5856,2025-09-08 21:00:00+00:00
1757368800000,1.2708,1.286,1.2628,1.2654,906650.0,1757372400000,1155855.42342,10821,2025-09-08 22:00:00+00:00
1757372400000,1.2651,1.2815,1.2628,1.2815,606636.4,1757376000000,771356.19741,8272,2025-09-08 23:00:00+00:00
1757376000000,1.2816,1.3263,1.265,1.2991,3133004.4,1757379600000,4058625.31325,40959,2025-09-09 00:00:00+00:00
1757379600000,1.2991,1.3199,1.2756,1.2848,4104095.0,1757383200000,5341490.52145,37132,2025-09-09 01:00:00+00:00
1757383200000,1.2848,1.3034,1.2589,1.2726,2195738.3,1757386800000,2815363.10709,28838,2025-09-09 02:00:00+00:00
1757386800000,1.2727,1.3018,1.2682,1.2994,1588600.2,1757390400000,2047361.47775,17843,2025-09-09 03:00:00+00:00
1757390400000,1.2993,1.3038,1.2867,1.2909,719947.8,1757394000000,932226.76242,11161,2025-09-09 04:00:00+00:00
1757394000000,1.2908,1.3023,1.2839,1.298,534500.6,1757397600000,691627.44563,10217,2025-09-09 05:00:00+00:00
1757397600000,1.2981,1.3271,1.2933,1.3094,3023729.1,1757401200000,3979378.4688,26623,2025-09-09 06:00:00+00:00
1757401200000,1.3096,1.3229,1.3007,1.3105,2188385.2,1757404800000,2879122.62896,16935,2025-09-09 07:00:00+00:00
1757404800000,1.3105,1.3277,1.3089,1.3236,860713.2,1757408400000,1131748.42051,10909,2025-09-09 08:00:00+00:00
1757408400000,1.3235,1.3294,1.312,1.318,916258.1,1757412000000,1209257.60824,10117,2025-09-09 09:00:00+00:00
1757412000000,1.3181,1.3381,1.3039,1.3049,1184231.0,1757415600000,1566799.15327,16960,2025-09-09 10:00:00+00:00
1757415600000,1.3047,1.3134,1.2916,1.2942,798076.2,1757419200000,1040099.01581,13033,2025-09-09 11:00:00+00:00
1757419200000,1.2942,1.3102,1.2703,1.2747,1274030.9,1757422800000,1641235.37326,17973,2025-09-09 12:00:00+00:00
1757422800000,1.2746,1.2982,1.2745,1.2907,1122263.4,1757426400000,1446886.42749,13498,2025-09-09 13:00:00+00:00
1757426400000,1.2909,1.2959,1.2591,1.2681,2196915.6,1757430000000,2802384.78576,30857,2025-09-09 14:00:00+00:00
1757430000000,1.268,1.2731,1.2454,1.25,1345714.7,1757433600000,1689445.01818,16616,2025-09-09 15:00:00+00:00
1757433600000,1.25,1.2573,1.2376,1.2483,686570.5,1757437200000,853599.82699,11263,2025-09-09 16:00:00+00:00
1757437200000,1.2483,1.2584,1.2415,1.2437,301500.2,1757440800000,376394.3143,6206,2025-09-09 17:00:00+00:00
1757440800000,1.2436,1.2494,1.2399,1.2465,200896.4,1757444400000,250018.53707,3909,2025-09-09 18:00:00+00:00
1757444400000,1.2466,1.2566,1.2437,1.2468,374866.4,1757448000000,468103.24668,5443,2025-09-09 19:00:00+00:00
1757448000000,1.2469,1.2558,1.2429,1.2557,184650.2,1757451600000,230594.5836,4180,2025-09-09 20:00:00+00:00
1757451600000,1.2556,1.2685,1.2476,1.2483,367543.7,1757455200000,462965.59884,3428,2025-09-09 21:00:00+00:00
1757455200000,1.2484,1.2587,1.2452,1.256,218106.8,1757458800000,273072.50856,3946,2025-09-09 22:00:00+00:00
1757458800000,1.2561,1.2661,1.2547,1.2572,366105.8,1757462400000,461022.21309,6509,2025-09-09 23:00:00+00:00
1757462400000,1.2573,1.277,1.2517,1.2551,752382.5,1757466000000,950949.02125,15464,2025-09-10 00:00:00+00:00
1757466000000,1.2551,1.2889,1.2497,1.2715,948440.9,1757469600000,1210556.84564,16742,2025-09-10 01:00:00+00:00
1757469600000,1.2716,1.293,1.2683,1.2785,1116213.9,1757473200000,1428099.35903,14131,2025-09-10 02:00:00+00:00
1757473200000,1.2785,1.2785,1.2635,1.2744,324058.9,1757476800000,411390.98732,5647,2025-09-10 03:00:00+00:00
1757476800000,1.2744,1.2765,1.2663,1.2737,277938.4,1757480400000,353088.76147,4774,2025-09-10 04:00:00+00:00
1757480400000,1.2736,1.2736,1.2587,1.267,2129489.4,1757484000000,2697607.15563,20410,2025-09-10 05:00:00+00:00
1757484000000,1.267,1.2741,1.258,1.2652,2943327.6,1757487600000,3734365.2382,35059,2025-09-10 06:00:00+00:00
1757487600000,1.2651,1.279,1.2651,1.2732,2376177.0,1757491200000,3024722.6909,26803,2025-09-10 07:00:00+00:00
1757491200000,1.2733,1.2841,1.27,1.2704,1600156.5,1757494800000,2044024.15509,18735,2025-09-10 08:00:00+00:00
1757494800000,1.2704,1.2762,1.2636,1.2696,2913056.8,1757498400000,3700581.01752,16730,2025-09-10 09:00:00+00:00
1757498400000,1.2697,1.2719,1.2492,1.2513,3909705.7,1757502000000,4937385.34008,25743,2025-09-10 10:00:00+00:00
1757502000000,1.2513,1.2674,1.2501,1.2653,1197648.2,1757505600000,1505285.15629,12502,2025-09-10 11:00:00+00:00
1757505600000,1.2652,1.3007,1.262,1.2838,1621667.2,1757509200000,2082826.93805,21579,2025-09-10 12:00:00+00:00
1757509200000,1.2839,1.3098,1.282,1.2841,2332932.1,1757512800000,3015480.16071,21712,2025-09-10 13:00:00+00:00
1757512800000,1.2842,1.296,1.2796,1.2816,647154.9,1757516400000,832725.81965,10428,2025-09-10 14:00:00+00:00
1757516400000,1.2816,1.2948,1.2774,1.2784,315819.8,1757520000000,405968.23255,6586,2025-09-10 15:00:00+00:00
1757520000000,1.2785,1.2803,1.2536,1.2647,651473.6,1757523600000,823334.356,9571,2025-09-10 16:00:00+00:00
1757523600000,1.2651,1.2688,1.2516,1.2588,278092.2,1757527200000,350151.09562,4844,2025-09-10 17:00:00+00:00
1757527200000,1.2587,1.2631,1.2519,1.2597,221868.4,1757530800000,279225.81937,3743,2025-09-10 18:00:00+00:00
1757530800000,1.2597,1.2615,1.238,1.2459,405972.6,1757534400000,506517.04193,5997,2025-09-10 19:00:00+00:00
1757534400000,1.246,1.256,1.2457,1.2539,185633.9,1757538000000,232442.15275,4369,2025-09-10 20:00:00+00:00
1757538000000,1.2538,1.2618,1.2535,1.2575,136486.5,1757541600000,171835.37948,2016,2025-09-10 21:00:00+00:00
1757541600000,1.2575,1.2628,1.2533,1.2613,145668.5,1757545200000,183176.78894,2861,2025-09-10 22:00:00+00:00
1757545200000,1.2613,1.2645,1.2522,1.2576,308616.5,1757548800000,387843.54091,3313,2025-09-10 23:00:00+00:00
1757548800000,1.2575,1.2645,1.2497,1.2525,370164.6,1757552400000,465419.81865,5981,2025-09-11 00:00:00+00:00
1757552400000,1.2525,1.2595,1.2477,1.2505,384234.9,1757556000000,481960.17661,4432,2025-09-11 01:00:00+00:00
1757556000000,1.2507,1.2524,1.2452,1.2459,159322.7,1757559600000,198931.63321,3814,2025-09-11 02:00:00+00:00
1757559600000,1.2459,1.255,1.2422,1.2523,256569.9,1757563200000,320345.46714,4553,2025-09-11 03:00:00+00:00
1757563200000,1.2523,1.2547,1.2448,1.2504,267246.1,1757566800000,333871.68034,4098,2025-09-11 04:00:00+00:00
1757566800000,1.2505,1.2507,1.2412,1.2461,268490.0,1757570400000,334218.01201,4077,2025-09-11 05:00:00+00:00
1757570400000,1.246,1.2537,1.2428,1.251,165097.2,1757574000000,206029.9891,3478,2025-09-11 06:00:00+00:00
1757574000000,1.251,1.2533,1.2451,1.2523,670600.2,1757577600000,837717.6751,4732,2025-09-11 07:00:00+00:00
1757577600000,1.2523,1.2575,1.249,1.2563,306272.5,1757581200000,384071.41594,3917,2025-09-11 08:00:00+00:00
1757581200000,1.2563,1.2576,1.255,1.2561,460067.2,1757584800000,577690.7734,3086,2025-09-11 09:00:00+00:00
1757584800000,1.256,1.26,1.255,1.2573,921068.4,1757588400000,1157256.87284,5013,2025-09-11 10:00:00+00:00
1757588400000,1.2572,1.2733,1.2441,1.2481,2722877.1,1757592000000,3431863.39143,12757,2025-09-11 11:00:00+00:00
1757592000000,1.2481,1.2692,1.215,1.2427,3217927.8,1757595600000,4008321.50466,29729,2025-09-11 12:00:00+00:00
1757595600000,1.2427,1.2518,1.2257,1.2514,539272.5,1757599200000,666818.18422,11572,2025-09-11 13:00:00+00:00
1757599200000,1.2516,1.2531,1.2281,1.239,396770.2,1757602800000,490745.30381,8452,2025-09-11 14:00:00+00:00
1757602800000,1.2391,1.2466,1.2335,1.2356,200391.4,1757606400000,248396.18575,4992,2025-09-11 15:00:00+00:00
1757606400000,1.2357,1.2515,1.2354,1.2438,191725.7,1757610000000,238763.64417,4773,2025-09-11 16:00:00+00:00
1757610000000,1.2438,1.2548,1.2426,1.2546,143677.8,1757613600000,179468.74688,4080,2025-09-11 17:00:00+00:00
1757613600000,1.2545,1.2563,1.2466,1.2496,147635.1,1757617200000,184862.72285,3073,2025-09-11 18:00:00+00:00
1757617200000,1.2495,1.2568,1.2469,1.255,132725.1,1757620800000,166241.80315,2551,2025-09-11 19:00:00+00:00
1757620800000,1.2552,1.258,1.251,1.2561,114879.5,1757624400000,144170.99589,2773,2025-09-11 20:00:00+00:00
1757624400000,1.256,1.267,1.2551,1.2666,144358.6,1757628000000,182002.23574,2532,2025-09-11 21:00:00+00:00
1757628000000,1.2667,1.2862,1.2667,1.2764,849879.1,1757631600000,1084721.72063,7703,2025-09-11 22:00:00+00:00
1757631600000,1.2763,1.286,1.2763,1.2837,378131.2,1757635200000,484685.26417,5319,2025-09-11 23:00:00+00:00
1757635200000,1.2837,1.3053,1.2789,1.289,638338.1,1757638800000,825076.09936,10599,2025-09-12 00:00:00+00:00
1757638800000,1.2889,1.2974,1.2859,1.2894,401362.4,1757642400000,518073.69927,6911,2025-09-12 01:00:00+00:00
1757642400000,1.2893,1.302,1.2892,1.2968,303379.1,1757646000000,393325.86372,5286,2025-09-12 02:00:00+00:00
1757646000000,1.2969,1.2975,1.2856,1.2925,317695.4,1757649600000,409597.97162,4165,2025-09-12 03:00:00+00:00
1757649600000,1.2924,1.2935,1.279,1.2923,364545.6,1757653200000,468526.1597,4324,2025-09-12 04:00:00+00:00
1757653200000,1.2922,1.3063,1.2914,1.3011,280509.1,1757656800000,364569.5,5224,2025-09-12 05:00:00+00:00
1757656800000,1.301,1.3122,1.2961,1.3008,539177.4,1757660400000,703231.7515,6491,2025-09-12 06:00:00+00:00
1757660400000,1.3006,1.3111,1.2977,1.2998,228806.6,1757664000000,298252.89673,5079,2025-09-12 07:00:00+00:00
1757664000000,1.2999,1.3013,1.2847,1.2866,524154.2,1757667600000,676190.93706,5070,2025-09-12 08:00:00+00:00
1757667600000,1.2866,1.2879,1.2688,1.2733,1037518.0,1757671200000,1320249.51475,5230,2025-09-12 09:00:00+00:00
1757671200000,1.2733,1.2765,1.2648,1.2755,780896.8,1757674800000,991765.64848,6309,2025-09-12 10:00:00+00:00
1757674800000,1.2754,1.2803,1.2681,1.2691,216646.8,1757678400000,276330.71533,3532,2025-09-12 11:00:00+00:00
1757678400000,1.2692,1.2836,1.2608,1.2819,297631.6,1757682000000,378779.21342,5708,2025-09-12 12:00:00+00:00
1757682000000,1.2819,1.2895,1.2757,1.2879,248525.4,1757685600000,318512.98964,5198,2025-09-12 13:00:00+00:00
1757685600000,1.2879,1.2943,1.2755,1.284,374188.1,1757689200000,481553.12484,7472,2025-09-12 14:00:00+00:00
1757689200000,1.2839,1.2839,1.2703,1.2792,371612.6,1757692800000,474487.25481,6386,2025-09-12 15:00:00+00:00
1757692800000,1.2791,1.2985,1.2766,1.2981,296392.6,1757696400000,381811.74402,5446,2025-09-12 16:00:00+00:00
1757696400000,1.2981,1.3196,1.2916,1.3142,531236.8,1757700000000,694943.30343,8542,2025-09-12 17:00:00+00:00
1757700000000,1.3142,1.3238,1.3098,1.323,255528.7,1757703600000,336815.64506,5507,2025-09-12 18:00:00+00:00
1757703600000,1.323,1.3294,1.3171,1.3292,314839.3,1757707200000,416818.20685,4902,2025-09-12 19:00:00+00:00
1757707200000,1.3291,1.3352,1.3171,1.3292,590492.0,1757710800000,782359.46355,7081,2025-09-12 20:00:00+00:00
1757710800000,1.3293,1.332,1.3217,1.3219,230975.2,1757714400000,306370.12129,3497,2025-09-12 21:00:00+00:00
1757714400000,1.3218,1.343,1.3218,1.3335,444193.6,1757718000000,593233.87834,7466,2025-09-12 22:00:00+00:00
1757718000000,1.3336,1.3337,1.3255,1.3305,204865.7,1757721600000,272333.38172,4133,2025-09-12 23:00:00+00:00
1757721600000,1.3306,1.3346,1.3166,1.3219,444018.5,1757725200000,587720.54443,5887,2025-09-13 00:00:00+00:00
1757725200000,1.3218,1.3278,1.31,1.31,1060766.0,1757728800000,1400119.45612,8646,2025-09-13 01:00:00+00:00
1757728800000,1.3099,1.3102,1.3021,1.3085,490383.0,1757732400000,640636.21853,5011,2025-09-13 02:00:00+00:00
1757732400000,1.3084,1.316,1.3078,1.3137,173506.2,1757736000000,227721.42085,2986,2025-09-13 03:00:00+00:00
1757736000000,1.3138,1.3177,1.3049,1.3062,237529.2,1757739600000,311253.48581,2717,2025-09-13 04:00:00+00:00
1757739600000,1.3061,1.309,1.301,1.3079,260999.0,1757743200000,340740.01544,2798,2025-09-13 05:00:00+00:00
1757743200000,1.3079,1.3144,1.3077,1.3115,112972.4,1757746800000,148087.95411,2184,2025-09-13 06:00:00+00:00
1757746800000,1.3116,1.3127,1.3093,1.3121,81615.2,1757750400000,107019.77227,1781,2025-09-13 07:00:00+00:00
1757750400000,1.3121,1.3267,1.3119,1.3263,992263.9,1757754000000,1303629.14899,3857,2025-09-13 08:00:00+00:00
1757754000000,1.3263,1.3489,1.3259,1.3431,857101.0,1757757600000,1147984.16299,7983,2025-09-13 09:00:00+00:00
1757757600000,1.343,1.358,1.3381,1.3545,1516816.1,1757761200000,2045448.85749,7737,2025-09-13 10:00:00+00:00
1757761200000,1.3546,1.4027,1.3528,1.3902,3588129.4,1757764800000,4923660.17258,19788,2025-09-13 11:00:00+00:00
1757764800000,1.3901,1.4089,1.3704,1.4032,677171.8,1757768400000,938716.25198,9368,2025-09-13 12:00:00+00:00
1757768400000,1.4029,1.4073,1.3479,1.3725,1305668.6,1757772000000,1808162.24907,17491,2025-09-13 13:00:00+00:00
1757772000000,1.3726,1.3834,1.3542,1.3697,759683.2,1757775600000,1038223.09036,12845,2025-09-13 14:00:00+00:00
1757775600000,1.3697,1.3827,1.3508,1.3561,566959.3,1757779200000,772851.35902,9018,2025-09-13 15:00:00+00:00
1757779200000,1.3561,1.3636,1.3374,1.3477,578334.0,1757782800000,781823.98756,11543,2025-09-13 16:00:00+00:00
1757782800000,1.3478,1.3516,1.3313,1.35,530017.6,1757786400000,711595.45755,10572,2025-09-13 17:00:00+00:00
1757786400000,1.3499,1.3516,1.3374,1.3504,241355.0,1757790000000,324524.96736,4854,2025-09-13 18:00:00+00:00
1757790000000,1.3504,1.3519,1.3413,1.3434,156522.9,1757793600000,210544.08896,3552,2025-09-13 19:00:00+00:00
1757793600000,1.3434,1.3664,1.3423,1.3631,576648.9,1757797200000,783850.80121,7030,2025-09-13 20:00:00+00:00
1757797200000,1.3629,1.3677,1.3546,1.3568,346584.9,1757800800000,471757.76371,3157,2025-09-13 21:00:00+00:00
1757800800000,1.3569,1.359,1.346,1.3501,589007.4,1757804400000,796944.46327,3390,2025-09-13 22:00:00+00:00
1757804400000,1.35,1.3622,1.3499,1.36,141146.9,1757808000000,191372.27346,2397,2025-09-13 23:00:00+00:00
1757808000000,1.36,1.3618,1.3444,1.3472,168631.9,1757811600000,228153.94198,3749,2025-09-14 00:00:00+00:00
1757811600000,1.347,1.3474,1.3175,1.3359,760133.9,1757815200000,1008707.08686,7818,2025-09-14 01:00:00+00:00
1757815200000,1.3359,1.347,1.3326,1.3387,169385.7,1757818800000,226842.80005,4324,2025-09-14 02:00:00+00:00
1757818800000,1.3388,1.3405,1.3161,1.3169,468711.2,1757822400000,622883.09494,4814,2025-09-14 03:00:00+00:00
1757822400000,1.3176,1.3216,1.3045,1.3174,651688.3,1757826000000,855198.46803,5475,2025-09-14 04:00:00+00:00
1757826000000,1.3174,1.3316,1.3163,1.3287,92579.8,1757829600000,122840.41632,2461,2025-09-14 05:00:00+00:00
1757829600000,1.3288,1.3341,1.3132,1.3224,684231.2,1757833200000,905727.28384,5495,2025-09-14 06:00:00+00:00
1757833200000,1.3224,1.3293,1.3149,1.3201,225366.5,1757836800000,297708.38431,4124,2025-09-14 07:00:00+00:00
1757836800000,1.3201,1.3268,1.3134,1.3188,148500.5,1757840400000,195679.97104,3022,2025-09-14 08:00:00+00:00
1757840400000,1.3187,1.3287,1.3154,1.325,133957.9,1757844000000,177245.92039,2996,2025-09-14 09:00:00+00:00
1757844000000,1.3249,1.3262,1.3174,1.3233,117373.8,1757847600000,155202.97182,2543,2025-09-14 10:00:00+00:00
1757847600000,1.3234,1.3243,1.2846,1.2912,786996.5,1757851200000,1022949.54332,10271,2025-09-14 11:00:00+00:00
1757851200000,1.2912,1.2995,1.2733,1.2818,362860.7,1757854800000,466663.97749,7553,2025-09-14 12:00:00+00:00
1757854800000,1.2819,1.2877,1.269,1.2754,257988.4,1757858400000,330044.93353,6337,2025-09-14 13:00:00+00:00
1757858400000,1.2755,1.2873,1.2541,1.2637,851890.6,1757862000000,1078649.65837,10683,2025-09-14 14:00:00+00:00
1757862000000,1.2637,1.2683,1.2522,1.2604,304901.7,1757865600000,384292.52385,6431,2025-09-14 15:00:00+00:00
1757865600000,1.2604,1.2732,1.258,1.2665,234480.9,1757869200000,297205.07471,4941,2025-09-14 16:00:00+00:00
1757869200000,1.2665,1.2826,1.264,1.2758,193268.6,1757872800000,246135.46976,4409,2025-09-14 17:00:00+00:00
1757872800000,1.2759,1.2764,1.2652,1.2681,189881.6,1757876400000,241171.78806,3422,2025-09-14 18:00:00+00:00
1757876400000,1.268,1.2741,1.2627,1.267,211734.4,1757880000000,269025.05194,3035,2025-09-14 19:00:00+00:00
1757880000000,1.2669,1.2814,1.2663,1.2716,461797.3,1757883600000,589187.19585,3709,2025-09-14 20:00:00+00:00
1757883600000,1.2716,1.2857,1.2611,1.283,510216.7,1757887200000,649484.42878,3486,2025-09-14 21:00:00+00:00
1757887200000,1.2831,1.2898,1.2727,1.2856,547117.1,1757890800000,699965.92235,4196,2025-09-14 22:00:00+00:00
1757890800000,1.2856,1.2857,1.2654,1.27,220327.8,1757894400000,280573.9007,4928,2025-09-14 23:00:00+00:00
1757894400000,1.2702,1.2789,1.2664,1.2668,218055.2,1757898000000,277077.68802,5564,2025-09-15 00:00:00+00:00
1757898000000,1.2667,1.2738,1.2474,1.2691,689183.4,1757901600000,868012.16722,7292,2025-09-15 01:00:00+00:00
1757901600000,1.269,1.2781,1.2642,1.2655,446784.4,1757905200000,567906.5848,4938,2025-09-15 02:00:00+00:00
1757905200000,1.2654,1.2803,1.2645,1.2772,243569.7,1757908800000,310246.70267,3347,2025-09-15 03:00:00+00:00
1757908800000,1.2771,1.2879,1.2738,1.2741,244306.9,1757912400000,312799.12785,4464,2025-09-15 04:00:00+00:00
1757912400000,1.2741,1.2922,1.272,1.2894,245302.0,1757916000000,315290.03732,3804,2025-09-15 05:00:00+00:00
1757916000000,1.2894,1.2934,1.2534,1.2611,612614.2,1757919600000,777540.16799,6607,2025-09-15 06:00:00+00:00
1757919600000,1.261,1.2758,1.2361,1.243,877659.2,1757923200000,1094745.39447,12597,2025-09-15 07:00:00+00:00
1757923200000,1.2429,1.2429,1.2071,1.2107,1945370.2,1757926800000,2379520.6492,22635,2025-09-15 08:00:00+00:00
1757926800000,1.2106,1.2318,1.2087,1.2268,558116.7,1757930400000,682029.36972,8343,2025-09-15 09:00:00+00:00
1757930400000,1.2267,1.2273,1.2133,1.2201,482930.7,1757934000000,588155.29338,4896,2025-09-15 10:00:00+00:00
1757934000000,1.2201,1.2242,1.2128,1.2187,513722.6,1757937600000,625229.77229,5156,2025-09-15 11:00:00+00:00
1757937600000,1.2187,1.2229,1.206,1.2079,194086.7,1757941200000,235711.12067,4531,2025-09-15 12:00:00+00:00
1757941200000,1.208,1.2233,1.2067,1.215,392658.0,1757944800000,476989.39398,7838,2025-09-15 13:00:00+00:00
1757944800000,1.2151,1.2437,1.1994,1.2079,1189455.1,1757948400000,1450267.64956,15473,2025-09-15 14:00:00+00:00
1757948400000,1.2079,1.2175,1.1914,1.2031,563856.5,1757952000000,678296.16212,9737,2025-09-15 15:00:00+00:00
1757952000000,1.2031,1.2031,1.1821,1.1869,468395.4,1757955600000,557815.84248,7692,2025-09-15 16:00:00+00:00
1757955600000,1.1869,1.2015,1.1837,1.2011,155270.5,1757959200000,184923.85105,4993,2025-09-15 17:00:00+00:00
1757959200000,1.2011,1.2093,1.1955,1.2063,211101.7,1757962800000,253858.1562,4940,2025-09-15 18:00:00+00:00
1757962800000,1.2062,1.2162,1.2019,1.2113,203823.6,1757966400000,246494.29065,4833,2025-09-15 19:00:00+00:00
1757966400000,1.2112,1.2249,1.2105,1.2231,120506.2,1757970000000,146945.05711,2944,2025-09-15 20:00:00+00:00
1757970000000,1.2231,1.2303,1.222,1.2236,106721.5,1757973600000,130918.38678,1496,2025-09-15 21:00:00+00:00
1757973600000,1.2237,1.2283,1.2206,1.2267,66048.0,1757977200000,80908.51409,1813,2025-09-15 22:00:00+00:00
1757977200000,1.2268,1.2293,1.2248,1.2253,52368.7,1757980800000,64259.30267,2003,2025-09-15 23:00:00+00:00
1757980800000,1.2252,1.2252,1.2163,1.2229,112843.5,1757984400000,137805.76422,2669,2025-09-16 00:00:00+00:00
1757984400000,1.223,1.2319,1.218,1.2191,146516.1,1757988000000,179367.60485,3434,2025-09-16 01:00:00+00:00
1757988000000,1.2193,1.2285,1.2187,1.2214,126598.6,1757991600000,154862.07948,3094,2025-09-16 02:00:00+00:00
1757991600000,1.2214,1.2271,1.219,1.219,123951.2,1757995200000,151597.27115,3303,2025-09-16 03:00:00+00:00
1757995200000,1.2191,1.2254,1.2077,1.2219,163405.3,1757998800000,198746.89027,3754,2025-09-16 04:00:00+00:00
1757998800000,1.2218,1.2364,1.2206,1.2364,186050.8,1758002400000,228770.82438,3329,2025-09-16 05:00:00+00:00
1758002400000,1.2364,1.2393,1.2243,1.2283,350520.6,1758006000000,432160.12242,3771,2025-09-16 06:00:00+00:00
1758006000000,1.2282,1.2374,1.2281,1.2315,176074.1,1758009600000,216877.00728,3682,2025-09-16 07:00:00+00:00
1758009600000,1.2314,1.245,1.2314,1.2395,221048.7,1758013200000,273829.05513,4917,2025-09-16 08:00:00+00:00
1758013200000,1.2394,1.2438,1.2319,1.2432,135372.2,1758016800000,167725.27464,3947,2025-09-16 09:00:00+00:00
1758016800000,1.2432,1.247,1.2383,1.2388,190107.4,1758020400000,236193.64135,5110,2025-09-16 10:00:00+00:00
1758020400000,1.2386,1.24,1.2282,1.2312,629932.9,1758024000000,777047.23585,7537,2025-09-16 11:00:00+00:00
1758024000000,1.2311,1.2349,1.2263,1.2322,373444.1,1758027600000,459345.06602,6225,2025-09-16 12:00:00+00:00
1758027600000,1.2323,1.2478,1.2207,1.2336,752215.6,1758031200000,926549.95643,12795,2025-09-16 13:00:00+00:00
1758031200000,1.2335,1.2343,1.2113,1.2325,459840.7,1758034800000,561907.80865,8443,2025-09-16 14:00:00+00:00
1758034800000,1.2329,1.2437,1.2241,1.2437,352569.4,1758038400000,435461.62987,6694,2025-09-16 15:00:00+00:00
1758038400000,1.2438,1.2451,1.2292,1.2334,317089.9,1758042000000,392059.12356,6665,2025-09-16 16:00:00+00:00
1758042000000,1.2332,1.2552,1.2325,1.2475,513021.9,1758045600000,639573.24405,8057,2025-09-16 17:00:00+00:00
1758045600000,1.2476,1.2558,1.2378,1.2439,330228.0,1758049200000,411701.86733,5553,2025-09-16 18:00:00+00:00
1758049200000,1.2441,1.2483,1.2395,1.2467,167525.0,1758052800000,208400.21365,3792,2025-09-16 19:00:00+00:00
1758052800000,1.2466,1.2495,1.2436,1.2468,125402.9,1758056400000,156317.26226,2752,2025-09-16 20:00:00+00:00
1758056400000,1.2467,1.2506,1.2433,1.2498,226221.3,1758060000000,282285.08028,2173,2025-09-16 21:00:00+00:00
1758060000000,1.2499,1.2577,1.2458,1.2504,270192.0,1758063600000,338474.36325,3707,2025-09-16 22:00:00+00:00
1758063600000,1.2505,1.2508,1.2437,1.2455,172657.9,1758067200000,215294.15002,3041,2025-09-16 23:00:00+00:00
1758067200000,1.2456,1.2546,1.2398,1.2505,259405.5,1758070800000,324143.60727,4904,2025-09-17 00:00:00+00:00
1758070800000,1.2506,1.255,1.2395,1.2467,336793.0,1758074400000,419365.96942,4403,2025-09-17 01:00:00+00:00
1758074400000,1.2467,1.2584,1.2425,1.2506,309990.1,1758078000000,388233.97732,5089,2025-09-17 02:00:00+00:00
1758078000000,1.2507,1.2527,1.2348,1.2354,211803.8,1758081600000,263898.89176,3887,2025-09-17 03:00:00+00:00
1758081600000,1.2355,1.2433,1.226,1.231,371566.9,1758085200000,459354.8876,4172,2025-09-17 04:00:00+00:00
1758085200000,1.231,1.2464,1.2295,1.2463,219323.2,1758088800000,271212.08692,4349,2025-09-17 05:00:00+00:00
1758088800000,1.2464,1.2533,1.2409,1.2513,221583.9,1758092400000,276446.74992,3968,2025-09-17 06:00:00+00:00
1758092400000,1.2512,1.2517,1.2451,1.248,147870.9,1758096000000,184483.87585,3396,2025-09-17 07:00:00+00:00
1758096000000,1.248,1.2482,1.23,1.2351,268573.6,1758099600000,331976.77067,5149,2025-09-17 08:00:00+00:00
1758099600000,1.2351,1.2368,1.2271,1.2277,126303.3,1758103200000,155541.62488,3342,2025-09-17 09:00:00+00:00
1758103200000,1.2276,1.2312,1.2189,1.2245,191254.7,1758106800000,234269.02287,3537,2025-09-17 10:00:00+00:00
1758106800000,1.2244,1.2369,1.2235,1.2332,109245.4,1758110400000,134585.99396,2842,2025-09-17 11:00:00+00:00
1758110400000,1.2333,1.243,1.2261,1.2378,204995.8,1758114000000,252833.26273,3705,2025-09-17 12:00:00+00:00
1758114000000,1.2379,1.2447,1.2338,1.2402,235492.1,1758117600000,291952.8742,5183,2025-09-17 13:00:00+00:00
1758117600000,1.2403,1.2446,1.2281,1.2315,185406.5,1758121200000,229013.68011,5377,2025-09-17 14:00:00+00:00
1758121200000,1.2314,1.2376,1.2272,1.2293,186917.8,1758124800000,230298.76012,4180,2025-09-17 15:00:00+00:00
1758124800000,1.2292,1.2399,1.217,1.2374,242493.1,1758128400000,297862.78187,4832,2025-09-17 16:00:00+00:00
1758128400000,1.2373,1.2567,1.2284,1.2296,672395.6,1758132000000,836770.54785,9896,2025-09-17 17:00:00+00:00
1758132000000,1.2295,1.2624,1.2238,1.232,3404751.1,1758135600000,4234299.03136,49902,2025-09-17 18:00:00+00:00
1758135600000,1.2319,1.294,1.2309,1.2936,1377854.7,1758139200000,1745864.47709,22363,2025-09-17 19:00:00+00:00
1758139200000,1.2935,1.3224,1.2851,1.2923,1340680.3,1758142800000,1746633.43122,18989,2025-09-17 20:00:00+00:00
1758142800000,1.2922,1.347,1.2761,1.344,1333209.5,1758146400000,1750859.60761,13979,2025-09-17 21:00:00+00:00
1758146400000,1.3437,1.3718,1.3437,1.3713,1624700.8,1758150000000,2205826.62003,22032,2025-09-17 22:00:00+00:00
1758150000000,1.3712,1.376,1.3518,1.3609,906615.7,1758153600000,1234952.17147,14103,2025-09-17 23:00:00+00:00
1758153600000,1.361,1.3721,1.3383,1.3417,1034941.3,1758157200000,1400411.76676,11741,2025-09-18 00:00:00+00:00
1758157200000,1.3416,1.3535,1.335,1.3502,487519.9,1758160800000,656019.84992,8322,2025-09-18 01:00:00+00:00
1758160800000,1.35,1.3515,1.3339,1.3495,386999.1,1758164400000,519613.69226,6256,2025-09-18 02:00:00+00:00
1758164400000,1.3493,1.358,1.3447,1.3475,462092.9,1758168000000,624264.48451,7631,2025-09-18 03:00:00+00:00
1758168000000,1.3476,1.3514,1.3396,1.3469,327645.5,1758171600000,441023.27873,5494,2025-09-18 04:00:00+00:00
1758171600000,1.3468,1.3578,1.3398,1.3469,498528.5,1758175200000,671361.14951,7911,2025-09-18 05:00:00+00:00
1758175200000,1.3469,1.3488,1.3214,1.3318,753752.2,1758178800000,1002885.5374,10374,2025-09-18 06:00:00+00:00
1758178800000,1.3319,1.35,1.3299,1.3447,399211.2,1758182400000,535484.44276,7176,2025-09-18 07:00:00+00:00
1758182400000,1.3446,1.3561,1.3383,1.3545,490312.9,1758186000000,661777.13298,6014,2025-09-18 08:00:00+00:00
1758186000000,1.3542,1.3683,1.3509,1.364,443849.7,1758189600000,604317.03243,6759,2025-09-18 09:00:00+00:00
1758189600000,1.364,1.3682,1.342,1.3508,547025.8,1758193200000,739403.21112,7930,2025-09-18 10:00:00+00:00
1758193200000,1.3509,1.3553,1.3454,1.3531,228421.1,1758196800000,308310.01543,4564,2025-09-18 11:00:00+00:00
1758196800000,1.3532,1.3682,1.3463,1.363,463809.1,1758200400000,629396.89611,5729,2025-09-18 12:00:00+00:00
1758200400000,1.3629,1.3742,1.3498,1.3742,794951.4,1758204000000,1084639.84267,10098,2025-09-18 13:00:00+00:00
1758204000000,1.374,1.3881,1.3689,1.3758,692756.7,1758207600000,955568.20382,10227,2025-09-18 14:00:00+00:00
1758207600000,1.3759,1.3815,1.3598,1.3667,532880.5,1758211200000,729827.29595,8685,2025-09-18 15:00:00+00:00
1758211200000,1.3667,1.3785,1.3657,1.3722,306086.4,1758214800000,420373.77648,5544,2025-09-18 16:00:00+00:00
1758214800000,1.3722,1.3791,1.3638,1.3652,516314.3,1758218400000,707868.0801,7134,2025-09-18 17:00:00+00:00
1758218400000,1.3653,1.3725,1.3634,1.372,303387.2,1758222000000,415018.30907,4679,2025-09-18 18:00:00+00:00
1758222000000,1.3721,1.3724,1.348,1.3578,311939.9,1758225600000,423468.97705,4443,2025-09-18 19:00:00+00:00
1758225600000,1.3578,1.3658,1.3548,1.3621,108120.8,1758229200000,147190.08552,2598,2025-09-18 20:00:00+00:00
1758229200000,1.362,1.3647,1.3527,1.3612,204939.5,1758232800000,278331.49954,2306,2025-09-18 21:00:00+00:00
1758232800000,1.3611,1.365,1.3507,1.3523,232923.5,1758236400000,316326.61971,4218,2025-09-18 22:00:00+00:00
1758236400000,1.3524,1.3624,1.342,1.3585,274808.4,1758240000000,371129.52712,5147,2025-09-18 23:00:00+00:00
1758240000000,1.3586,1.3625,1.3493,1.357,225696.4,1758243600000,305839.90857,5153,2025-09-19 00:00:00+00:00
1758243600000,1.3569,1.3632,1.3449,1.3488,357467.9,1758247200000,483972.16907,5367,2025-09-19 01:00:00+00:00
1758247200000,1.3488,1.3551,1.3423,1.343,175054.2,1758250800000,235926.99206,4499,2025-09-19 02:00:00+00:00
1758250800000,1.343,1.3501,1.3229,1.3234,569221.9,1758254400000,760227.91926,7334,2025-09-19 03:00:00+00:00
1758254400000,1.3233,1.3233,1.3029,1.3172,606764.0,1758258000000,795194.0481,6992,2025-09-19 04:00:00+00:00
1758258000000,1.3172,1.3188,1.3069,1.3121,151008.1,1758261600000,198383.45993,3238,2025-09-19 05:00:00+00:00
1758261600000,1.3122,1.3167,1.3049,1.3053,168600.0,1758265200000,221011.83395,3260,2025-09-19 06:00:00+00:00
1758265200000,1.3052,1.3273,1.3041,1.3177,199714.8,1758268800000,263182.79524,4777,2025-09-19 07:00:00+00:00
1758268800000,1.3176,1.33,1.3165,1.3227,174466.2,1758272400000,230874.83606,2526,2025-09-19 08:00:00+00:00
1758272400000,1.3228,1.3302,1.2998,1.3055,464918.6,1758276000000,610409.72128,4929,2025-09-19 09:00:00+00:00
1758276000000,1.3055,1.3108,1.3023,1.3072,175918.4,1758279600000,229798.14247,3839,2025-09-19 10:00:00+00:00
1758279600000,1.3072,1.3081,1.2842,1.2903,872803.4,1758283200000,1128556.45763,6777,2025-09-19 11:00:00+00:00
1758283200000,1.2902,1.2988,1.2845,1.2883,389961.4,1758286800000,503764.41875,4866,2025-09-19 12:00:00+00:00
1758286800000,1.2882,1.3026,1.288,1.298,425156.9,1758290400000,550783.76641,6460,2025-09-19 13:00:00+00:00
1758290400000,1.298,1.2991,1.2754,1.2822,398567.4,1758294000000,512497.59103,6416,2025-09-19 14:00:00+00:00
1758294000000,1.2821,1.2832,1.26,1.2735,605608.6,1758297600000,768099.46968,10002,2025-09-19 15:00:00+00:00
1758297600000,1.2732,1.284,1.2724,1.2802,121125.1,1758301200000,154920.07513,2915,2025-09-19 16:00:00+00:00
1758301200000,1.2803,1.2806,1.2645,1.2651,142999.9,1758304800000,181951.26345,3485,2025-09-19 17:00:00+00:00
1758304800000,1.2651,1.2675,1.2525,1.2617,209897.7,1758308400000,264441.19574,3812,2025-09-19 18:00:00+00:00
1758308400000,1.2618,1.2679,1.2586,1.2586,126338.3,1758312000000,159654.49468,2572,2025-09-19 19:00:00+00:00
1758312000000,1.2584,1.266,1.2579,1.26,95970.7,1758315600000,121162.47036,2359,2025-09-19 20:00:00+00:00
1758315600000,1.2601,1.27,1.2557,1.2677,89491.9,1758319200000,113140.46808,1636,2025-09-19 21:00:00+00:00
1758319200000,1.2676,1.2713,1.2674,1.2681,83470.5,1758322800000,105932.13673,1807,2025-09-19 22:00:00+00:00
1758322800000,1.268,1.2687,1.2475,1.2583,184167.6,1758326400000,231313.40523,4388,2025-09-19 23:00:00+00:00
1758326400000,1.2583,1.2659,1.2539,1.2626,298361.5,1758330000000,376650.05897,3477,2025-09-20 00:00:00+00:00
1758330000000,1.2627,1.2645,1.2566,1.2592,360010.4,1758333600000,453802.33668,4652,2025-09-20 01:00:00+00:00
1758333600000,1.2591,1.2621,1.2441,1.2614,363524.4,1758337200000,455081.99143,5133,2025-09-20 02:00:00+00:00
1758337200000,1.2614,1.2678,1.2562,1.266,383742.5,1758340800000,483992.49045,4170,2025-09-20 03:00:00+00:00
1758340800000,1.2661,1.2726,1.2626,1.2685,167881.4,1758344400000,212752.10232,3511,2025-09-20 04:00:00+00:00
1758344400000,1.2686,1.2877,1.2649,1.2834,323814.0,1758348000000,413206.59154,5090,2025-09-20 05:00:00+00:00
1758348000000,1.2832,1.2855,1.2788,1.2844,76369.9,1758351600000,97987.87298,2487,2025-09-20 06:00:00+00:00
1758351600000,1.2844,1.2893,1.2787,1.2846,316275.8,1758355200000,405776.52849,4082,2025-09-20 07:00:00+00:00
1758355200000,1.2845,1.2926,1.2733,1.2736,309248.9,1758358800000,397430.96147,4069,2025-09-20 08:00:00+00:00
1758358800000,1.2736,1.2799,1.2627,1.2632,280194.3,1758362400000,356302.73374,2741,2025-09-20 09:00:00+00:00
1758362400000,1.2633,1.2692,1.2581,1.2584,209369.5,1758366000000,264655.0191,2583,2025-09-20 10:00:00+00:00
1758366000000,1.2584,1.2661,1.2555,1.266,161350.9,1758369600000,203646.62716,2546,2025-09-20 11:00:00+00:00
1758369600000,1.266,1.2667,1.2615,1.2652,101466.5,1758373200000,128239.23656,2107,2025-09-20 12:00:00+00:00
1758373200000,1.2652,1.271,1.2611,1.2653,102458.8,1758376800000,129899.58336,2966,2025-09-20 13:00:00+00:00
1758376800000,1.2656,1.2795,1.2582,1.2782,452922.8,1758380400000,574530.0866,8248,2025-09-20 14:00:00+00:00
1758380400000,1.2782,1.2885,1.2729,1.276,320078.8,1758384000000,410109.69393,5159,2025-09-20 15:00:00+00:00
1758384000000,1.276,1.2807,1.268,1.2763,117201.6,1758387600000,149448.40641,2684,2025-09-20 16:00:00+00:00
1758387600000,1.2764,1.2776,1.2629,1.2677,128566.0,1758391200000,163241.18637,2947,2025-09-20 17:00:00+00:00
1758391200000,1.2676,1.2676,1.2573,1.2618,170629.0,1758394800000,215266.49848,4713,2025-09-20 18:00:00+00:00
1758394800000,1.2613,1.266,1.2573,1.2603,113842.9,1758398400000,143535.84096,2398,2025-09-20 19:00:00+00:00
1758398400000,1.2603,1.2702,1.2589,1.2671,92614.5,1758402000000,117315.15539,1438,2025-09-20 20:00:00+00:00
1758402000000,1.267,1.2724,1.2647,1.2652,73732.5,1758405600000,93461.18108,1040,2025-09-20 21:00:00+00:00
1758405600000,1.2651,1.267,1.262,1.2642,153093.2,1758409200000,193617.97538,1762,2025-09-20 22:00:00+00:00
1758409200000,1.2643,1.2644,1.2575,1.2608,69601.6,1758412800000,87698.12854,1573,2025-09-20 23:00:00+00:00
1758412800000,1.2607,1.2741,1.2574,1.2722,116025.8,1758416400000,146759.73435,2298,2025-09-21 00:00:00+00:00
1758416400000,1.2722,1.2734,1.2612,1.2614,141356.1,1758420000000,179002.63978,2961,2025-09-21 01:00:00+00:00
1758420000000,1.2613,1.271,1.2579,1.2678,143929.9,1758423600000,182052.93162,2903,2025-09-21 02:00:00+00:00
1758423600000,1.2678,1.268,1.2637,1.2652,93400.5,1758427200000,118130.72471,1885,2025-09-21 03:00:00+00:00
1758427200000,1.2652,1.2663,1.2579,1.2585,124706.0,1758430800000,157145.84255,1983,2025-09-21 04:00:00+00:00
1758430800000,1.2585,1.268,1.2566,1.2673,207512.9,1758434400000,261390.14527,2962,2025-09-21 05:00:00+00:00
1758434400000,1.2678,1.2705,1.261,1.2613,130376.0,1758438000000,164962.338,2326,2025-09-21 06:00:00+00:00
1758438000000,1.2612,1.2649,1.258,1.2604,80791.3,1758441600000,101854.91887,1967,2025-09-21 07:00:00+00:00
1758441600000,1.2605,1.2631,1.2502,1.2557,152092.2,1758445200000,190926.24172,2053,2025-09-21 08:00:00+00:00
1758445200000,1.2558,1.2573,1.2304,1.2413,417638.6,1758448800000,518539.95912,5608,2025-09-21 09:00:00+00:00
1758448800000,1.2413,1.2437,1.2346,1.2347,265127.1,1758452400000,328409.44472,3936,2025-09-21 10:00:00+00:00
1758452400000,1.2346,1.2456,1.2331,1.2429,127699.4,1758456000000,158376.78517,3011,2025-09-21 11:00:00+00:00
1758456000000,1.243,1.2559,1.2419,1.2465,193609.8,1758459600000,242102.87365,3179,2025-09-21 12:00:00+00:00
1758459600000,1.2463,1.2594,1.2456,1.257,186012.2,1758463200000,233222.82485,2548,2025-09-21 13:00:00+00:00
1758463200000,1.2569,1.2629,1.2486,1.2486,138099.2,1758466800000,173435.62739,2729,2025-09-21 14:00:00+00:00
1758466800000,1.2485,1.253,1.2413,1.2438,149362.6,1758470400000,186316.98077,3737,2025-09-21 15:00:00+00:00
1758470400000,1.2439,1.2458,1.2238,1.2293,382926.4,1758474000000,473158.88358,6065,2025-09-21 16:00:00+00:00
1758474000000,1.2294,1.2404,1.2207,1.2399,184585.9,1758477600000,226568.91234,3975,2025-09-21 17:00:00+00:00
1758477600000,1.24,1.2433,1.2342,1.2433,124364.8,1758481200000,154124.60979,2699,2025-09-21 18:00:00+00:00
1758481200000,1.2434,1.2438,1.2311,1.2378,137131.9,1758484800000,169443.08161,2867,2025-09-21 19:00:00+00:00
1758484800000,1.2377,1.2399,1.2313,1.2319,49956.6,1758488400000,61676.4459,1936,2025-09-21 20:00:00+00:00
1758488400000,1.232,1.2366,1.2285,1.2338,53294.8,1758492000000,65699.8177,1131,2025-09-21 21:00:00+00:00
1758492000000,1.2337,1.2382,1.2242,1.2372,344468.4,1758495600000,423031.76455,3372,2025-09-21 22:00:00+00:00
1758495600000,1.2371,1.2373,1.2225,1.2233,204997.7,1758499200000,251596.60722,3625,2025-09-21 23:00:00+00:00
1758499200000,1.2231,1.2303,1.1803,1.1863,2046883.4,1758502800000,2449959.26263,24660,2025-09-22 00:00:00+00:00
1758502800000,1.1862,1.2013,1.18,1.1895,662289.7,1758506400000,789265.4606,9614,2025-09-22 01:00:00+00:00
1758506400000,1.1895,1.1931,1.1548,1.1668,932302.0,1758510000000,1091504.27875,15317,2025-09-22 02:00:00+00:00
1758510000000,1.1669,1.1753,1.165,1.1693,308679.7,1758513600000,361139.18562,7978,2025-09-22 03:00:00+00:00
1758513600000,1.1692,1.1765,1.1615,1.1671,410773.2,1758517200000,479943.2711,6068,2025-09-22 04:00:00+00:00
1758517200000,1.167,1.1687,1.1377,1.1401,558965.9,1758520800000,644968.09729,8694,2025-09-22 05:00:00+00:00
1758520800000,1.1401,1.1414,1.0436,1.1135,5508537.7,1758524400000,6017481.52095,48830,2025-09-22 06:00:00+00:00
1758524400000,1.1134,1.1165,1.1003,1.1011,1360891.6,1758528000000,1509169.08971,19112,2025-09-22 07:00:00+00:00
1758528000000,1.1011,1.1119,1.0927,1.1083,775578.5,1758531600000,856111.08397,13062,2025-09-22 08:00:00+00:00
1758531600000,1.1084,1.1089,1.0879,1.0893,770632.4,1758535200000,846973.89135,9812,2025-09-22 09:00:00+00:00
1758535200000,1.0893,1.1036,1.0872,1.1011,605986.4,1758538800000,663040.35304,7770,2025-09-22 10:00:00+00:00
1758538800000,1.1011,1.1046,1.0887,1.0917,506362.6,1758542400000,555113.36352,8115,2025-09-22 11:00:00+00:00
1758542400000,1.0918,1.1013,1.0874,1.097,418854.1,1758546000000,458071.75164,7760,2025-09-22 12:00:00+00:00
1758546000000,1.0968,1.1075,1.09,1.1068,624539.0,1758549600000,685840.65574,10447,2025-09-22 13:00:00+00:00
1758549600000,1.1067,1.1134,1.0929,1.096,786469.1,1758553200000,869123.44688,13683,2025-09-22 14:00:00+00:00
1758553200000,1.096,1.0986,1.0823,1.0852,497049.7,1758556800000,541570.36677,8503,2025-09-22 15:00:00+00:00
1758556800000,1.085,1.0925,1.0779,1.0827,483370.6,1758560400000,524514.62003,11107,2025-09-22 16:00:00+00:00
1758560400000,1.0827,1.0911,1.0758,1.085,525682.3,1758564000000,569932.65141,9619,2025-09-22 17:00:00+00:00
1758564000000,1.0849,1.0903,1.0818,1.0829,297160.4,1758567600000,322544.47237,5562,2025-09-22 18:00:00+00:00
1758567600000,1.083,1.0884,1.0731,1.0769,399469.9,1758571200000,431117.75458,6657,2025-09-22 19:00:00+00:00
1758571200000,1.0768,1.096,1.0758,1.092,332562.8,1758574800000,362091.33904,5440,2025-09-22 20:00:00+00:00
1758574800000,1.0921,1.1035,1.0904,1.1032,176904.6,1758578400000,194311.30673,2339,2025-09-22 21:00:00+00:00
1758578400000,1.1029,1.1119,1.1008,1.1105,353258.1,1758582000000,391023.05095,3542,2025-09-22 22:00:00+00:00
1758582000000,1.1108,1.1189,1.1101,1.116,375169.2,1758585600000,417951.31061,3714,2025-09-22 23:00:00+00:00
1758585600000,1.116,1.1175,1.1053,1.1063,153921.6,1758589200000,171275.64366,1901,2025-09-23 00:00:00+00:00
1758589200000,1.1064,1.1069,1.0922,1.0922,258120.5,1758592800000,283733.98283,3043,2025-09-23 01:00:00+00:00
1758592800000,1.0924,1.0978,1.0808,1.0815,374428.2,1758596400000,407551.12302,4185,2025-09-23 02:00:00+00:00
1758596400000,1.0818,1.1095,1.0752,1.0971,698545.9,1758600000000,763102.11405,7926,2025-09-23 03:00:00+00:00
1758600000000,1.097,1.0994,1.0822,1.0853,323495.6,1758603600000,352399.47121,4042,2025-09-23 04:00:00+00:00
1758603600000,1.0852,1.1025,1.0817,1.0917,902480.1,1758607200000,987666.54983,7633,2025-09-23 05:00:00+00:00
1758607200000,1.0917,1.1105,1.0914,1.1055,572491.9,1758610800000,631736.65172,6312,2025-09-23 06:00:00+00:00
1758610800000,1.1055,1.1096,1.0972,1.1018,312655.9,1758614400000,345130.84288,4665,2025-09-23 07:00:00+00:00
1758614400000,1.1019,1.112,1.0984,1.1116,305318.0,1758618000000,337306.9747,5384,2025-09-23 08:00:00+00:00
1758618000000,1.1113,1.1164,1.099,1.1034,395762.3,1758621600000,438375.78266,4216,2025-09-23 09:00:00+00:00
1758621600000,1.1032,1.113,1.1014,1.1092,156385.6,1758625200000,173336.45364,2888,2025-09-23 10:00:00+00:00
1758625200000,1.1091,1.1141,1.1021,1.1098,115650.2,1758628800000,128202.54573,2543,2025-09-23 11:00:00+00:00
1758628800000,1.1097,1.1165,1.1077,1.1099,207103.5,1758632400000,230274.64777,3776,2025-09-23 12:00:00+00:00
1758632400000,1.1098,1.1102,1.0994,1.1032,343411.3,1758636000000,379361.48553,5622,2025-09-23 13:00:00+00:00
1758636000000,1.1033,1.1144,1.0997,1.1014,548223.9,1758639600000,606699.05173,7154,2025-09-23 14:00:00+00:00
1758639600000,1.1012,1.1137,1.0932,1.106,354545.9,1758643200000,391337.3246,5890,2025-09-23 15:00:00+00:00
1758643200000,1.1063,1.1192,1.1002,1.1131,436018.2,1758646800000,483903.27195,5834,2025-09-23 16:00:00+00:00
1758646800000,1.113,1.1143,1.0923,1.0938,288317.7,1758650400000,317416.16106,5748,2025-09-23 17:00:00+00:00
1758650400000,1.0938,1.0985,1.0836,1.0869,489383.9,1758654000000,532865.69938,6050,2025-09-23 18:00:00+00:00
1758654000000,1.0868,1.098,1.081,1.084,212494.3,1758657600000,231327.57932,5147,2025-09-23 19:00:00+00:00
1758657600000,1.0839,1.0941,1.0806,1.0941,341785.6,1758661200000,371777.8182,4417,2025-09-23 20:00:00+00:00
1758661200000,1.0942,1.1006,1.0884,1.0977,113031.8,1758664800000,123680.24985,1981,2025-09-23 21:00:00+00:00
1758664800000,1.0975,1.1014,1.089,1.09,115705.7,1758668400000,126537.81352,2826,2025-09-23 22:00:00+00:00
1758668400000,1.0898,1.0928,1.0812,1.0846,131021.4,1758672000000,142404.72952,2649,2025-09-23 23:00:00+00:00
1758672000000,1.0847,1.0965,1.0847,1.0887,165772.7,1758675600000,180846.53943,3436,2025-09-24 00:00:00+00:00
1758675600000,1.0886,1.1005,1.0851,1.0978,112864.9,1758679200000,123558.02864,2873,2025-09-24 01:00:00+00:00
1758679200000,1.0977,1.0988,1.0843,1.0911,364505.3,1758682800000,396995.5761,6100,2025-09-24 02:00:00+00:00
1758682800000,1.091,1.0939,1.0667,1.0675,831100.8,1758686400000,892740.77148,9093,2025-09-24 03:00:00+00:00
1758686400000,1.0674,1.0892,1.0507,1.0786,1385111.6,1758690000000,1475325.31892,14283,2025-09-24 04:00:00+00:00
1758690000000,1.0785,1.0999,1.0773,1.0967,233309.6,1758693600000,254144.16288,4271,2025-09-24 05:00:00+00:00
1758693600000,1.0966,1.1051,1.0935,1.1008,1023303.7,1758697200000,1126841.82264,7428,2025-09-24 06:00:00+00:00
1758697200000,1.1007,1.1043,1.0944,1.1038,503269.3,1758700800000,553524.7601,5581,2025-09-24 07:00:00+00:00
1758700800000,1.1039,1.1094,1.1001,1.107,718764.9,1758704400000,794297.82763,5307,2025-09-24 08:00:00+00:00
1758704400000,1.107,1.1137,1.1046,1.1124,242608.4,1758708000000,269130.61121,2971,2025-09-24 09:00:00+00:00
1758708000000,1.1123,1.1159,1.1064,1.1132,346715.7,1758711600000,385180.08657,3912,2025-09-24 10:00:00+00:00
1758711600000,1.1133,1.1174,1.107,1.1091,325199.3,1758715200000,361664.05845,4373,2025-09-24 11:00:00+00:00
1758715200000,1.109,1.113,1.1019,1.1062,208612.1,1758718800000,230733.50149,3312,2025-09-24 12:00:00+00:00
1758718800000,1.1062,1.1102,1.0945,1.095,422537.6,1758722400000,465797.97467,6030,2025-09-24 13:00:00+00:00
1758722400000,1.0951,1.1161,1.0946,1.1075,419771.6,1758726000000,464372.55871,6742,2025-09-24 14:00:00+00:00
1758726000000,1.1075,1.1097,1.0953,1.0966,264417.0,1758729600000,291468.03421,5081,2025-09-24 15:00:00+00:00
1758729600000,1.0967,1.0971,1.0911,1.093,201182.7,1758733200000,220097.33647,4060,2025-09-24 16:00:00+00:00
1758733200000,1.0931,1.1023,1.0929,1.0964,197513.3,1758736800000,216808.17765,3439,2025-09-24 17:00:00+00:00
1758736800000,1.0965,1.0983,1.0895,1.0898,193534.0,1758740400000,211615.04782,3163,2025-09-24 18:00:00+00:00
1758740400000,1.0898,1.0915,1.0837,1.0894,170005.2,1758744000000,184877.3295,3093,2025-09-24 19:00:00+00:00
1758744000000,1.0893,1.092,1.0838,1.0898,367515.0,1758747600000,400722.46642,3005,2025-09-24 20:00:00+00:00
1758747600000,1.0897,1.0899,1.0783,1.081,202548.9,1758751200000,219823.71099,1959,2025-09-24 21:00:00+00:00
1758751200000,1.0809,1.091,1.08,1.0884,337915.1,1758754800000,367128.85106,4522,2025-09-24 22:00:00+00:00
1758754800000,1.0883,1.0916,1.0856,1.0898,180139.0,1758758400000,196126.89919,4363,2025-09-24 23:00:00+00:00
1758758400000,1.0898,1.0922,1.074,1.0764,394681.2,1758762000000,426767.4025,5891,2025-09-25 00:00:00+00:00
1758762000000,1.0763,1.0799,1.0676,1.0709,734492.9,1758765600000,788779.12392,9938,2025-09-25 01:00:00+00:00
1758765600000,1.0708,1.0843,1.0618,1.0759,899588.4,1758769200000,964383.27321,12062,2025-09-25 02:00:00+00:00
1758769200000,1.0759,1.0759,1.0547,1.0671,757073.1,1758772800000,804599.15426,10105,2025-09-25 03:00:00+00:00
1758772800000,1.067,1.0706,1.0428,1.0486,1134724.7,1758776400000,1195060.31766,14844,2025-09-25 04:00:00+00:00
1758776400000,1.0486,1.0645,1.0415,1.0575,487890.1,1758780000000,514582.04921,6489,2025-09-25 05:00:00+00:00
1758780000000,1.0574,1.059,1.0457,1.0467,357636.0,1758783600000,375667.79975,5673,2025-09-25 06:00:00+00:00
1758783600000,1.0466,1.0564,1.0446,1.0484,311160.2,1758787200000,327218.87746,6778,2025-09-25 07:00:00+00:00
1758787200000,1.0483,1.0571,1.0453,1.0504,375478.2,1758790800000,394552.42576,5161,2025-09-25 08:00:00+00:00
1758790800000,1.0503,1.0592,1.0442,1.0448,608637.6,1758794400000,641322.13963,6602,2025-09-25 09:00:00+00:00
1758794400000,1.0448,1.0556,1.0436,1.0443,254114.0,1758798000000,266741.6231,3996,2025-09-25 10:00:00+00:00
1758798000000,1.0443,1.048,1.0345,1.0391,410093.0,1758801600000,427268.36506,5884,2025-09-25 11:00:00+00:00
1758801600000,1.039,1.0467,1.0142,1.0369,1691293.8,1758805200000,1742595.00936,18549,2025-09-25 12:00:00+00:00
1758805200000,1.0367,1.051,1.0292,1.0405,1043890.3,1758808800000,1084183.85829,13864,2025-09-25 13:00:00+00:00
1758808800000,1.0406,1.0599,1.0406,1.0427,872645.5,1758812400000,917350.05268,9532,2025-09-25 14:00:00+00:00
1758812400000,1.0428,1.0451,1.0341,1.042,408777.6,1758816000000,424951.13408,5466,2025-09-25 15:00:00+00:00
1758816000000,1.0419,1.0432,1.0167,1.0189,661921.1,1758819600000,680450.29196,7209,2025-09-25 16:00:00+00:00
1758819600000,1.0188,1.0193,0.9856,0.9928,2478069.9,1758823200000,2488876.50913,22860,2025-09-25 17:00:00+00:00
1758823200000,0.9928,1.0258,0.9866,1.0248,1442073.7,1758826800000,1449644.10924,16971,2025-09-25 18:00:00+00:00
1758826800000,1.0249,1.0326,1.0146,1.0162,603644.3,1758830400000,619387.27377,6465,2025-09-25 19:00:00+00:00
1758830400000,1.0163,1.0184,0.9994,1.0025,366738.2,1758834000000,369646.87887,4914,2025-09-25 20:00:00+00:00
1758834000000,1.0024,1.0155,0.9977,1.0101,409438.6,1758837600000,411682.47868,3969,2025-09-25 21:00:00+00:00
1758837600000,1.0098,1.0165,0.9993,1.0048,335094.0,1758841200000,337307.19131,3359,2025-09-25 22:00:00+00:00
1758841200000,1.0049,1.0114,0.9893,1.0005,896387.0,1758844800000,894720.35941,7061,2025-09-25 23:00:00+00:00
1758844800000,1.0004,1.017,0.9978,1.0142,478536.6,1758848400000,481732.48457,6209,2025-09-26 00:00:00+00:00
1758848400000,1.0143,1.0186,1.0087,1.0121,445458.9,1758852000000,451716.70254,7219,2025-09-26 01:00:00+00:00
1758852000000,1.012,1.0183,1.0068,1.0116,197761.3,1758855600000,200285.11122,4507,2025-09-26 02:00:00+00:00
1758855600000,1.0115,1.0204,1.0087,1.0193,180164.5,1758859200000,182882.46783,3836,2025-09-26 03:00:00+00:00
1758859200000,1.0192,1.0214,1.0093,1.0102,180343.1,1758862800000,183223.00059,3604,2025-09-26 04:00:00+00:00
1758862800000,1.0102,1.02,1.0068,1.0095,199449.2,1758866400000,201741.62069,3488,2025-09-26 05:00:00+00:00
1758866400000,1.0095,1.0165,1.0025,1.0059,492876.2,1758870000000,497554.55951,6429,2025-09-26 06:00:00+00:00
1758870000000,1.006,1.0133,0.9997,1.0109,340142.4,1758873600000,342557.24914,5975,2025-09-26 07:00:00+00:00
1758873600000,1.0108,1.0146,1.0065,1.0068,322364.4,1758877200000,325765.55904,3977,2025-09-26 08:00:00+00:00
1758877200000,1.0069,1.0122,1.0,1.0052,238896.6,1758880800000,240200.22109,3805,2025-09-26 09:00:00+00:00
1758880800000,1.0053,1.006,0.9901,0.996,653814.9,1758884400000,650427.04554,7529,2025-09-26 10:00:00+00:00
1758884400000,0.9959,1.0098,0.9895,1.0057,421957.0,1758888000000,421268.53429,6035,2025-09-26 11:00:00+00:00
1758888000000,1.0056,1.0213,0.9917,1.0111,1174666.6,1758891600000,1182760.82969,14309,2025-09-26 12:00:00+00:00
1758891600000,1.0111,1.0264,1.0029,1.0231,1437812.4,1758895200000,1459409.70159,13318,2025-09-26 13:00:00+00:00
1758895200000,1.023,1.0258,1.0077,1.0158,807291.1,1758898800000,821515.05835,11191,2025-09-26 14:00:00+00:00
1758898800000,1.0159,1.0265,1.0149,1.0232,408312.5,1758902400000,417375.27074,6857,2025-09-26 15:00:00+00:00
1758902400000,1.0231,1.0385,1.0227,1.037,513158.1,1758906000000,529609.66466,7145,2025-09-26 16:00:00+00:00
1758906000000,1.0369,1.0513,1.034,1.0485,588210.6,1758909600000,614429.72307,7169,2025-09-26 17:00:00+00:00
1758909600000,1.0485,1.0576,1.0479,1.0515,373757.8,1758913200000,393655.55236,5074,2025-09-26 18:00:00+00:00
1758913200000,1.0514,1.0528,1.0388,1.0449,427679.5,1758916800000,446508.26865,4674,2025-09-26 19:00:00+00:00
1758916800000,1.0448,1.0484,1.0382,1.0408,323857.3,1758920400000,337964.58838,3650,2025-09-26 20:00:00+00:00
1758920400000,1.0407,1.0451,1.0373,1.044,178936.9,1758924000000,186397.55577,1823,2025-09-26 21:00:00+00:00
1758924000000,1.0441,1.0464,1.0421,1.0426,176189.4,1758927600000,183948.13033,2147,2025-09-26 22:00:00+00:00
1758927600000,1.0428,1.0456,1.0397,1.0439,110185.3,1758931200000,114881.48572,1986,2025-09-26 23:00:00+00:00
1758931200000,1.0439,1.0444,1.0386,1.0434,84298.7,1758934800000,87831.21125,2813,2025-09-27 00:00:00+00:00
1758934800000,1.0436,1.0444,1.0375,1.0402,100594.9,1758938400000,104696.95182,2518,2025-09-27 01:00:00+00:00
1758938400000,1.0402,1.0424,1.0373,1.0378,86497.0,1758942000000,89927.08262,2226,2025-09-27 02:00:00+00:00
1758942000000,1.0378,1.048,1.0374,1.0429,172135.5,1758945600000,179843.77355,2954,2025-09-27 03:00:00+00:00
1758945600000,1.0428,1.0477,1.0416,1.0426,127294.8,1758949200000,132989.44518,2065,2025-09-27 04:00:00+00:00
1758949200000,1.0426,1.0535,1.038,1.0506,213631.6,1758952800000,223491.2847,2419,2025-09-27 05:00:00+00:00
1758952800000,1.0505,1.0519,1.0432,1.0458,128358.2,1758956400000,134317.88302,2539,2025-09-27 06:00:00+00:00
1758956400000,1.0458,1.0482,1.036,1.0385,111916.7,1758960000000,116450.9178,2031,2025-09-27 07:00:00+00:00
1758960000000,1.0384,1.0391,1.0278,1.0282,392325.9,1758963600000,404836.52297,3640,2025-09-27 08:00:00+00:00
1758963600000,1.0284,1.0308,1.0206,1.0291,308196.6,1758967200000,316505.65688,3199,2025-09-27 09:00:00+00:00
1758967200000,1.0291,1.0359,1.0277,1.0325,148520.2,1758970800000,153196.62695,2522,2025-09-27 10:00:00+00:00
1758970800000,1.0324,1.0361,1.0295,1.0356,176347.8,1758974400000,182110.09233,2198,2025-09-27 11:00:00+00:00
1758974400000,1.0357,1.049,1.0333,1.0443,904339.8,1758978000000,941309.85574,9301,2025-09-27 12:00:00+00:00
1758978000000,1.0442,1.0443,1.0383,1.0395,202695.1,1758981600000,211014.23586,2942,2025-09-27 13:00:00+00:00
1758981600000,1.0396,1.0423,1.0348,1.0356,230804.7,1758985200000,239699.33607,2662,2025-09-27 14:00:00+00:00
1758985200000,1.0355,1.0435,1.0284,1.0426,200094.1,1758988800000,207098.08724,2853,2025-09-27 15:00:00+00:00
1758988800000,1.0427,1.0429,1.0308,1.0317,171590.4,1758992400000,177803.25583,3210,2025-09-27 16:00:00+00:00
1758992400000,1.0318,1.0329,1.0209,1.0289,297190.2,1758996000000,304999.59219,4007,2025-09-27 17:00:00+00:00
1758996000000,1.0288,1.0294,1.0234,1.0273,116240.7,1758999600000,119345.34433,2134,2025-09-27 18:00:00+00:00
1758999600000,1.0272,1.0288,1.0242,1.0264,113894.9,1759003200000,116927.85542,2069,2025-09-27 19:00:00+00:00
1759003200000,1.0265,1.0291,1.023,1.0241,44188.9,1759006800000,45343.58252,1452,2025-09-27 20:00:00+00:00
1759006800000,1.0242,1.0303,1.0227,1.0294,60018.3,1759010400000,61550.08491,1150,2025-09-27 21:00:00+00:00
1759010400000,1.0294,1.0377,1.0281,1.0292,98836.5,1759014000000,102180.87681,2169,2025-09-27 22:00:00+00:00
1759014000000,1.0293,1.0319,1.0228,1.0237,100858.5,1759017600000,103495.47903,2123,2025-09-27 23:00:00+00:00
1759017600000,1.0238,1.0259,1.016,1.0188,285149.7,1759021200000,290810.37836,3926,2025-09-28 00:00:00+00:00
1759021200000,1.0187,1.0194,1.0095,1.0122,158915.4,1759024800000,161192.29725,2963,2025-09-28 01:00:00+00:00
1759024800000,1.0121,1.0176,1.0109,1.014,107531.0,1759028400000,109082.13832,2153,2025-09-28 02:00:00+00:00
1759028400000,1.0141,1.0186,1.0132,1.0171,99153.9,1759032000000,100776.24258,2031,2025-09-28 03:00:00+00:00
1759032000000,1.017,1.0177,1.0127,1.0137,62299.6,1759035600000,63227.58307,1484,2025-09-28 04:00:00+00:00
1759035600000,1.0136,1.0181,1.0111,1.0122,58169.5,1759039200000,58982.00897,1443,2025-09-28 05:00:00+00:00
1759039200000,1.0121,1.0134,1.0046,1.0093,153611.7,1759042800000,154935.62949,2328,2025-09-28 06:00:00+00:00
1759042800000,1.0095,1.0133,1.0059,1.0087,179256.3,1759046400000,180701.8779,2035,2025-09-28 07:00:00+00:00
1759046400000,1.0086,1.0111,1.0037,1.0062,162892.0,1759050000000,163967.24278,2530,2025-09-28 08:00:00+00:00
1759050000000,1.0062,1.0093,1.0029,1.0047,167688.4,1759053600000,168692.14597,2744,2025-09-28 09:00:00+00:00
1759053600000,1.0046,1.0068,0.9995,1.0058,330847.6,1759057200000,331815.86129,3352,2025-09-28 10:00:00+00:00
1759057200000,1.0058,1.0064,0.9972,1.0012,224325.9,1759060800000,224761.47582,3512,2025-09-28 11:00:00+00:00
1759060800000,1.0011,1.0012,0.9914,0.9951,237297.9,1759064400000,236015.46453,4366,2025-09-28 12:00:00+00:00
1759064400000,0.995,1.0129,0.9936,1.0107,427292.1,1759068000000,429145.50191,4712,2025-09-28 13:00:00+00:00
1759068000000,1.0107,1.0124,1.0049,1.0098,124606.1,1759071600000,125771.03632,2526,2025-09-28 14:00:00+00:00
1759071600000,1.0098,1.0165,1.0066,1.0165,159475.5,1759075200000,161441.63452,2630,2025-09-28 15:00:00+00:00
1759075200000,1.0166,1.028,1.0166,1.0233,337890.2,1759078800000,345129.91806,4276,2025-09-28 16:00:00+00:00
1759078800000,1.0233,1.0329,1.0189,1.0273,241289.7,1759082400000,247729.46562,3449,2025-09-28 17:00:00+00:00
1759082400000,1.0273,1.0324,1.0252,1.0321,209576.2,1759086000000,215566.34504,1887,2025-09-28 18:00:00+00:00
1759086000000,1.0322,1.0361,1.029,1.0319,151166.2,1759089600000,156155.17963,1865,2025-09-28 19:00:00+00:00
1759089600000,1.0319,1.0427,1.0307,1.0375,234417.6,1759093200000,243574.65492,3000,2025-09-28 20:00:00+00:00
1759093200000,1.0376,1.0411,1.0335,1.0356,110116.1,1759096800000,114307.30751,1275,2025-09-28 21:00:00+00:00
1759096800000,1.0357,1.061,1.0357,1.0574,574681.7,1759100400000,604055.30638,6598,2025-09-28 22:00:00+00:00
1759100400000,1.0575,1.06,1.051,1.0527,318249.2,1759104000000,335651.38848,3425,2025-09-28 23:00:00+00:00
1759104000000,1.0526,1.0533,1.0453,1.0491,329338.8,1759107600000,345592.90563,3323,2025-09-29 00:00:00+00:00
1759107600000,1.049,1.052,1.0457,1.046,143129.9,1759111200000,150180.70266,2665,2025-09-29 01:00:00+00:00
1759111200000,1.046,1.0525,1.0433,1.047,115360.6,1759114800000,120815.68602,2330,2025-09-29 02:00:00+00:00
1759114800000,1.0469,1.0536,1.043,1.0512,198791.2,1759118400000,208592.74162,2238,2025-09-29 03:00:00+00:00
1759118400000,1.0513,1.052,1.04,1.0412,87917.8,1759122000000,91787.01473,1801,2025-09-29 04:00:00+00:00
1759122000000,1.0412,1.0417,1.0331,1.0398,153175.3,1759125600000,158797.85553,2325,2025-09-29 05:00:00+00:00
1759125600000,1.0399,1.043,1.0349,1.0379,102472.4,1759129200000,106518.47159,2259,2025-09-29 06:00:00+00:00
1759129200000,1.0378,1.0457,1.035,1.041,123237.0,1759132800000,128158.85862,2308,2025-09-29 07:00:00+00:00
1759132800000,1.0409,1.0473,1.0375,1.0427,190845.9,1759136400000,198691.63663,2808,2025-09-29 08:00:00+00:00
1759136400000,1.0426,1.0459,1.0339,1.0368,171048.4,1759140000000,177731.22344,2379,2025-09-29 09:00:00+00:00
1759140000000,1.0366,1.0392,1.0267,1.0276,173355.8,1759143600000,179150.47534,2525,2025-09-29 10:00:00+00:00
1759143600000,1.0275,1.0297,1.0189,1.0278,292457.9,1759147200000,299549.92337,3103,2025-09-29 11:00:00+00:00
1759147200000,1.0277,1.0338,1.0158,1.0164,267539.7,1759150800000,274024.42162,3823,2025-09-29 12:00:00+00:00
1759150800000,1.0163,1.0415,1.0082,1.0364,738920.6,1759154400000,756465.96163,8998,2025-09-29 13:00:00+00:00
1759154400000,1.0363,1.0567,1.0351,1.0526,837427.7,1759158000000,876525.00026,9400,2025-09-29 14:00:00+00:00
1759158000000,1.0527,1.0553,1.0289,1.0303,499081.1,1759161600000,518887.72114,6014,2025-09-29 15:00:00+00:00
1759161600000,1.0304,1.0393,1.0174,1.0183,443531.7,1759165200000,456640.03807,4967,2025-09-29 16:00:00+00:00
1759165200000,1.0183,1.0262,1.0122,1.0244,464430.2,1759168800000,473023.51774,5019,2025-09-29 17:00:00+00:00
1759168800000,1.0245,1.0246,1.0161,1.0203,215322.6,1759172400000,219407.28238,3365,2025-09-29 18:00:00+00:00
1759172400000,1.0204,1.0371,1.0185,1.0352,266242.7,1759176000000,273498.55937,4449,2025-09-29 19:00:00+00:00
1759176000000,1.0351,1.0549,1.0345,1.0534,514059.0,1759179600000,538308.54456,5359,2025-09-29 20:00:00+00:00
1759179600000,1.0535,1.0555,1.0447,1.0447,209467.4,1759183200000,220050.06021,2353,2025-09-29 21:00:00+00:00
1759183200000,1.0447,1.0454,1.0355,1.0368,157146.1,1759186800000,163421.01114,2437,2025-09-29 22:00:00+00:00
1759186800000,1.037,1.0373,1.0279,1.0283,180293.3,1759190400000,186063.40201,2605,2025-09-29 23:00:00+00:00
1759190400000,1.0285,1.0321,1.0169,1.0201,587338.8,1759194000000,602112.81191,6739,2025-09-30 00:00:00+00:00
1759194000000,1.0202,1.0272,1.0093,1.0171,488360.6,1759197600000,496583.39462,5856,2025-09-30 01:00:00+00:00
1759197600000,1.017,1.02,1.0123,1.0129,224092.2,1759201200000,227911.56924,3210,2025-09-30 02:00:00+00:00
1759201200000,1.0128,1.0246,1.0111,1.0174,233229.0,1759204800000,237210.95055,3259,2025-09-30 03:00:00+00:00
1759204800000,1.0175,1.0252,1.0139,1.0155,255088.2,1759208400000,260097.31599,2981,2025-09-30 04:00:00+00:00
1759208400000,1.0154,1.0211,1.0118,1.0178,300042.9,1759212000000,304989.58994,3542,2025-09-30 05:00:00+00:00
1759212000000,1.0177,1.0196,1.0102,1.0133,287979.5,1759215600000,292217.90694,3753,2025-09-30 06:00:00+00:00
1759215600000,1.0132,1.0181,1.0039,1.0083,299536.3,1759219200000,302423.83995,3537,2025-09-30 07:00:00+00:00
1759219200000,1.0082,1.0125,1.0052,1.0073,196031.2,1759222800000,197756.89854,2867,2025-09-30 08:00:00+00:00
1759222800000,1.0071,1.013,1.0016,1.0046,311103.1,1759226400000,313140.83476,4073,2025-09-30 09:00:00+00:00
1759226400000,1.0045,1.0106,1.0026,1.0048,431350.1,1759230000000,434253.60353,3770,2025-09-30 10:00:00+00:00
1759230000000,1.0049,1.0095,1.0002,1.0078,197463.0,1759233600000,198448.32995,2486,2025-09-30 11:00:00+00:00
1759233600000,1.0077,1.01,1.0004,1.0013,283855.5,1759237200000,285470.11448,2828,2025-09-30 12:00:00+00:00
1759237200000,1.0013,1.0104,0.9951,1.0013,426098.7,1759240800000,426681.53006,6396,2025-09-30 13:00:00+00:00
1759240800000,1.0012,1.0032,0.9923,0.9985,641846.8,1759244400000,640116.37215,7150,2025-09-30 14:00:00+00:00
1759244400000,0.9984,0.9988,0.9738,0.985,765363.9,1759248000000,751331.02569,8560,2025-09-30 15:00:00+00:00
1759248000000,0.985,0.985,0.9737,0.9784,287528.7,1759251600000,281254.21486,5016,2025-09-30 16:00:00+00:00
1759251600000,0.9783,0.9851,0.9757,0.9811,346943.8,1759255200000,340003.76676,6157,2025-09-30 17:00:00+00:00
1759255200000,0.9811,0.9902,0.9786,0.9887,226846.5,1759258800000,223598.96729,3898,2025-09-30 18:00:00+00:00
1759258800000,0.9888,1.0114,0.9833,1.0077,422212.8,1759262400000,421223.73704,4969,2025-09-30 19:00:00+00:00
1759262400000,1.0078,1.0228,1.0053,1.018,513376.1,1759266000000,520987.84186,5230,2025-09-30 20:00:00+00:00
1759266000000,1.018,1.0245,1.0108,1.0109,402471.9,1759269600000,409131.96649,2932,2025-09-30 21:00:00+00:00
1759269600000,1.011,1.0212,1.0046,1.0059,129336.9,1759273200000,131135.69245,3212,2025-09-30 22:00:00+00:00
1759273200000,1.0058,1.013,1.0018,1.0129,214261.7,1759276800000,215955.61193,2575,2025-09-30 23:00:00+00:00
1759276800000,1.013,1.0166,1.0053,1.0127,134281.2,1759280400000,135710.08854,2504,2025-10-01 00:00:00+00:00
1759280400000,1.0127,1.0239,1.009,1.0237,167590.9,1759284000000,170219.77011,3050,2025-10-01 01:00:00+00:00
1759284000000,1.0238,1.0303,1.0227,1.0239,183108.3,1759287600000,187856.22643,3529,2025-10-01 02:00:00+00:00
1759287600000,1.024,1.0264,1.0081,1.0082,146386.4,1759291200000,149205.72718,3258,2025-10-01 03:00:00+00:00
1759291200000,1.0083,1.0241,1.0074,1.0159,181961.0,1759294800000,185384.53096,4127,2025-10-01 04:00:00+00:00
1759294800000,1.016,1.026,1.016,1.0195,232214.3,1759298400000,237267.91501,3984,2025-10-01 05:00:00+00:00
1759298400000,1.0194,1.0217,1.0098,1.0113,188718.1,1759302000000,191659.03473,3672,2025-10-01 06:00:00+00:00
1759302000000,1.0111,1.026,1.0104,1.0208,323700.3,1759305600000,330134.9089,4524,2025-10-01 07:00:00+00:00
1759305600000,1.0206,1.0807,1.0205,1.08,1775870.9,1759309200000,1876241.14136,17067,2025-10-01 08:00:00+00:00
1759309200000,1.0801,1.101,1.0789,1.0989,1178816.4,1759312800000,1285260.53602,13645,2025-10-01 09:00:00+00:00
1759312800000,1.0992,1.1028,1.0783,1.0806,1079251.8,1759316400000,1173331.24485,8952,2025-10-01 10:00:00+00:00
1759316400000,1.0807,1.0879,1.0803,1.0857,203876.3,1759320000000,221047.9664,4125,2025-10-01 11:00:00+00:00
1759320000000,1.0858,1.0872,1.0689,1.0699,453805.3,1759323600000,488956.0683,5812,2025-10-01 12:00:00+00:00
1759323600000,1.0697,1.0779,1.0657,1.0732,390828.3,1759327200000,419216.14498,5924,2025-10-01 13:00:00+00:00
1759327200000,1.0731,1.0802,1.0693,1.0718,323243.0,1759330800000,347335.97179,6021,2025-10-01 14:00:00+00:00
1759330800000,1.0719,1.0959,1.0703,1.0869,434938.9,1759334400000,471615.07255,5278,2025-10-01 15:00:00+00:00
1759334400000,1.087,1.0907,1.0753,1.0771,390011.1,1759338000000,422920.28729,4525,2025-10-01 16:00:00+00:00
1759338000000,1.077,1.0848,1.0751,1.0755,215194.6,1759341600000,232226.79808,2728,2025-10-01 17:00:00+00:00
1759341600000,1.0755,1.0925,1.0755,1.0908,134221.3,1759345200000,145776.64911,2370,2025-10-01 18:00:00+00:00
1759345200000,1.0907,1.0935,1.0871,1.0891,130463.0,1759348800000,142208.68187,2367,2025-10-01 19:00:00+00:00
1759348800000,1.089,1.0904,1.0828,1.0853,259703.2,1759352400000,282118.38477,2420,2025-10-01 20:00:00+00:00
1759352400000,1.0854,1.0857,1.0777,1.081,99185.2,1759356000000,107272.45571,1158,2025-10-01 21:00:00+00:00
1759356000000,1.0811,1.0876,1.076,1.0816,212278.3,1759359600000,229588.58697,2530,2025-10-01 22:00:00+00:00
1759359600000,1.0818,1.0897,1.0801,1.0885,188999.7,1759363200000,204922.2567,3155,2025-10-01 23:00:00+00:00
1759363200000,1.0886,1.094,1.0804,1.0824,555784.2,1759366800000,604845.69511,5376,2025-10-02 00:00:00+00:00
1759366800000,1.0824,1.1039,1.0795,1.1037,537356.0,1759370400000,587739.76577,4936,2025-10-02 01:00:00+00:00
1759370400000,1.1038,1.1134,1.0951,1.1041,360030.9,1759374000000,397719.56309,5535,2025-10-02 02:00:00+00:00
1759374000000,1.1042,1.1094,1.1025,1.1071,263275.2,1759377600000,291229.86882,4118,2025-10-02 03:00:00+00:00
1759377600000,1.1071,1.113,1.1033,1.1114,164803.5,1759381200000,182710.99668,3538,2025-10-02 04:00:00+00:00
1759381200000,1.1115,1.1165,1.1077,1.1097,262854.1,1759384800000,292259.93307,4146,2025-10-02 05:00:00+00:00
1759384800000,1.1098,1.1193,1.1063,1.1188,456495.2,1759388400000,508708.51919,5032,2025-10-02 06:00:00+00:00
1759388400000,1.1189,1.1264,1.1114,1.1147,426418.3,1759392000000,476988.35934,5128,2025-10-02 07:00:00+00:00
1759392000000,1.1148,1.1274,1.1133,1.1246,418466.7,1759395600000,469581.29847,4551,2025-10-02 08:00:00+00:00
1759395600000,1.1245,1.1294,1.1197,1.1258,191702.6,1759399200000,215757.23265,3066,2025-10-02 09:00:00+00:00
1759399200000,1.1257,1.1308,1.119,1.1286,330605.9,1759402800000,372198.2049,4114,2025-10-02 10:00:00+00:00
1759402800000,1.1283,1.1479,1.1277,1.14,596611.2,1759406400000,679753.38334,8803,2025-10-02 11:00:00+00:00
1759406400000,1.1399,1.1556,1.1303,1.1329,542914.2,1759410000000,620330.3217,7424,2025-10-02 12:00:00+00:00
1759410000000,1.1331,1.1352,1.1119,1.1262,871887.9,1759413600000,979922.78088,11089,2025-10-02 13:00:00+00:00
1759413600000,1.1261,1.127,1.0955,1.103,789426.3,1759417200000,877354.47869,10992,2025-10-02 14:00:00+00:00
1759417200000,1.103,1.1221,1.0943,1.1218,454186.4,1759420800000,503017.86897,7072,2025-10-02 15:00:00+00:00
1759420800000,1.1218,1.1407,1.12,1.1246,458904.5,1759424400000,519572.92339,7882,2025-10-02 16:00:00+00:00
1759424400000,1.1245,1.1425,1.1207,1.1384,194649.0,1759428000000,220191.84203,4274,2025-10-02 17:00:00+00:00
1759428000000,1.1385,1.1526,1.1385,1.1505,240322.8,1759431600000,275484.44564,4665,2025-10-02 18:00:00+00:00
1759431600000,1.1505,1.1729,1.1497,1.1648,480278.0,1759435200000,560214.8842,8836,2025-10-02 19:00:00+00:00
1759435200000,1.1649,1.169,1.1538,1.1625,284404.8,1759438800000,330220.84367,4972,2025-10-02 20:00:00+00:00
1759438800000,1.1625,1.18,1.1524,1.1658,1074372.0,1759442400000,1250708.2355,4515,2025-10-02 21:00:00+00:00
1759442400000,1.1659,1.1707,1.1541,1.1566,263584.7,1759446000000,305587.46784,3883,2025-10-02 22:00:00+00:00
1759446000000,1.1566,1.1611,1.1524,1.1598,203170.8,1759449600000,234904.59307,3506,2025-10-02 23:00:00+00:00
1759449600000,1.1597,1.1599,1.1405,1.1407,366408.3,1759453200000,420323.44512,4588,2025-10-03 00:00:00+00:00
1759453200000,1.1406,1.1465,1.1301,1.1319,245334.0,1759456800000,279399.571,5046,2025-10-03 01:00:00+00:00
1759456800000,1.1318,1.145,1.1302,1.1445,215589.6,1759460400000,245076.90732,4440,2025-10-03 02:00:00+00:00
1759460400000,1.1444,1.1583,1.135,1.1377,463127.2,1759464000000,530714.19115,6601,2025-10-03 03:00:00+00:00
1759464000000,1.1376,1.1499,1.136,1.1466,218986.5,1759467600000,250205.66797,4447,2025-10-03 04:00:00+00:00
1759467600000,1.1465,1.1465,1.1332,1.1364,136202.5,1759471200000,155223.84595,3099,2025-10-03 05:00:00+00:00
1759471200000,1.1365,1.1499,1.1319,1.1448,521980.5,1759474800000,595663.58033,7540,2025-10-03 06:00:00+00:00
1759474800000,1.1446,1.1454,1.1336,1.1429,303447.9,1759478400000,345745.65396,5134,2025-10-03 07:00:00+00:00
1759478400000,1.1428,1.1451,1.1297,1.1367,1200022.6,1759482000000,1361955.79019,7044,2025-10-03 08:00:00+00:00
1759482000000,1.1366,1.1396,1.1281,1.1368,279039.7,1759485600000,316629.9456,5949,2025-10-03 09:00:00+00:00
1759485600000,1.1368,1.1406,1.1332,1.1353,155496.7,1759489200000,176592.99624,2978,2025-10-03 10:00:00+00:00
1759489200000,1.1353,1.1364,1.1278,1.1305,98641.7,1759492800000,111596.34502,2464,2025-10-03 11:00:00+00:00
1759492800000,1.1306,1.1375,1.1271,1.1324,90123.0,1759496400000,102130.58767,2908,2025-10-03 12:00:00+00:00
1759496400000,1.1323,1.1345,1.1108,1.1288,780912.2,1759500000000,876963.35948,11480,2025-10-03 13:00:00+00:00
1759500000000,1.1289,1.1372,1.1133,1.1303,601409.7,1759503600000,675536.85936,7898,2025-10-03 14:00:00+00:00
1759503600000,1.1302,1.1541,1.1225,1.1534,310198.3,1759507200000,353270.33306,6306,2025-10-03 15:00:00+00:00
1759507200000,1.1534,1.171,1.1468,1.1484,677478.9,1759510800000,785517.8816,10699,2025-10-03 16:00:00+00:00
1759510800000,1.1482,1.1488,1.1188,1.1223,1056693.6,1759514400000,1195572.13559,16635,2025-10-03 17:00:00+00:00
1759514400000,1.1224,1.1501,1.117,1.142,974363.3,1759518000000,1108112.47817,8097,2025-10-03 18:00:00+00:00
1759518000000,1.142,1.1488,1.1325,1.1383,754755.6,1759521600000,860388.29442,7213,2025-10-03 19:00:00+00:00
1759521600000,1.1383,1.1461,1.1297,1.1461,125247.6,1759525200000,142392.89757,3358,2025-10-03 20:00:00+00:00
1759525200000,1.1462,1.1523,1.1417,1.1436,90198.0,1759528800000,103540.83599,1486,2025-10-03 21:00:00+00:00
1759528800000,1.1436,1.1497,1.1436,1.1463,103603.6,1759532400000,118905.58667,2156,2025-10-03 22:00:00+00:00
1759532400000,1.146,1.1471,1.1389,1.1402,85078.4,1759536000000,97287.26379,2000,2025-10-03 23:00:00+00:00
1759536000000,1.1403,1.1488,1.1346,1.1374,239115.3,1759539600000,272756.9231,4313,2025-10-04 00:00:00+00:00
1759539600000,1.1374,1.1377,1.1224,1.1247,183524.8,1759543200000,206930.90623,3142,2025-10-04 01:00:00+00:00
1759543200000,1.1248,1.1334,1.1201,1.127,128348.8,1759546800000,144476.1966,3369,2025-10-04 02:00:00+00:00
1759546800000,1.1269,1.1287,1.1182,1.1236,96430.7,1759550400000,108295.04734,2608,2025-10-04 03:00:00+00:00
1759550400000,1.1234,1.1283,1.1178,1.1221,112973.7,1759554000000,126649.92738,2503,2025-10-04 04:00:00+00:00
1759554000000,1.122,1.1313,1.1202,1.1251,109347.0,1759557600000,123020.56959,3175,2025-10-04 05:00:00+00:00
1759557600000,1.1252,1.1427,1.1252,1.139,139774.2,1759561200000,158820.97435,4118,2025-10-04 06:00:00+00:00
1759561200000,1.1391,1.1401,1.1242,1.1264,107989.8,1759564800000,122400.65827,3340,2025-10-04 07:00:00+00:00
1759564800000,1.1263,1.1277,1.1108,1.1157,161202.8,1759568400000,180387.10087,3834,2025-10-04 08:00:00+00:00
1759568400000,1.1156,1.124,1.1081,1.1101,224146.0,1759572000000,250170.91665,3306,2025-10-04 09:00:00+00:00
1759572000000,1.1101,1.1166,1.104,1.105,112460.3,1759575600000,124780.25564,3024,2025-10-04 10:00:00+00:00
1759575600000,1.1051,1.1104,1.1029,1.1086,124875.4,1759579200000,138153.54037,3347,2025-10-04 11:00:00+00:00
1759579200000,1.1085,1.1139,1.1045,1.1054,105321.3,1759582800000,116910.1258,3006,2025-10-04 12:00:00+00:00
1759582800000,1.1054,1.1221,1.1048,1.1139,154464.1,1759586400000,172519.43243,4153,2025-10-04 13:00:00+00:00
1759586400000,1.1138,1.1208,1.097,1.0972,138178.0,1759590000000,152918.02563,3393,2025-10-04 14:00:00+00:00
1759590000000,1.0973,1.1011,1.0818,1.0868,471790.4,1759593600000,514496.4423,7324,2025-10-04 15:00:00+00:00
1759593600000,1.0867,1.0927,1.0799,1.0919,148413.6,1759597200000,161367.15685,3988,2025-10-04 16:00:00+00:00
1759597200000,1.0919,1.0989,1.0884,1.0962,102001.0,1759600800000,111495.77412,2389,2025-10-04 17:00:00+00:00
1759600800000,1.0962,1.0973,1.0913,1.0921,52998.5,1759604400000,58001.13121,1856,2025-10-04 18:00:00+00:00
1759604400000,1.0922,1.0986,1.0922,1.0976,114655.7,1759608000000,125635.01918,1463,2025-10-04 19:00:00+00:00
1759608000000,1.0976,1.1034,1.0976,1.098,57205.6,1759611600000,62918.01303,1506,2025-10-04 20:00:00+00:00
1759611600000,1.0979,1.1054,1.0975,1.101,181931.8,1759615200000,200609.34982,1453,2025-10-04 21:00:00+00:00
1759615200000,1.1009,1.1086,1.0996,1.1066,93001.7,1759618800000,102706.88747,1556,2025-10-04 22:00:00+00:00
1759618800000,1.1065,1.1187,1.1034,1.1084,145725.0,1759622400000,161980.5861,2420,2025-10-04 23:00:00+00:00
1759622400000,1.1084,1.1136,1.0962,1.0967,117639.6,1759626000000,129904.47961,2422,2025-10-05 00:00:00+00:00
1759626000000,1.0967,1.1052,1.0957,1.104,60699.7,1759629600000,66830.93524,1997,2025-10-05 01:00:00+00:00
1759629600000,1.104,1.1293,1.0991,1.1282,529153.3,1759633200000,590650.79669,8928,2025-10-05 02:00:00+00:00
1759633200000,1.1283,1.1342,1.1225,1.1234,295164.8,1759636800000,332963.33487,6085,2025-10-05 03:00:00+00:00
1759636800000,1.1233,1.1432,1.1194,1.1354,601135.3,1759640400000,681249.51301,9499,2025-10-05 04:00:00+00:00
1759640400000,1.1354,1.1418,1.1306,1.1376,179304.3,1759644000000,203833.72292,4332,2025-10-05 05:00:00+00:00
1759644000000,1.1377,1.1394,1.1311,1.1338,96682.1,1759647600000,109809.32283,2835,2025-10-05 06:00:00+00:00
1759647600000,1.1338,1.153,1.1337,1.1523,310889.4,1759651200000,355868.6517,5330,2025-10-05 07:00:00+00:00
1759651200000,1.1523,1.159,1.1492,1.1524,313318.2,1759654800000,361757.35822,4959,2025-10-05 08:00:00+00:00
1759654800000,1.1525,1.1532,1.1283,1.1325,540429.8,1759658400000,615889.19169,8923,2025-10-05 09:00:00+00:00
1759658400000,1.1326,1.1341,1.121,1.1272,261808.2,1759662000000,295106.71506,6316,2025-10-05 10:00:00+00:00
1759662000000,1.1271,1.1281,1.1161,1.1257,243436.8,1759665600000,273272.73926,5076,2025-10-05 11:00:00+00:00
1759665600000,1.1256,1.1256,1.1155,1.1157,217898.2,1759669200000,244029.66575,4693,2025-10-05 12:00:00+00:00
1759669200000,1.1157,1.1258,1.1157,1.1218,146375.0,1759672800000,164159.64551,3353,2025-10-05 13:00:00+00:00
1759672800000,1.1217,1.1263,1.1076,1.1132,201998.5,1759676400000,225020.94669,4603,2025-10-05 14:00:00+00:00
1759676400000,1.1131,1.121,1.1115,1.1183,170741.9,1759680000000,190612.50872,3872,2025-10-05 15:00:00+00:00
1759680000000,1.1183,1.1219,1.1051,1.1165,269692.2,1759683600000,300424.05018,5409,2025-10-05 16:00:00+00:00
1759683600000,1.1166,1.1193,1.0968,1.0995,414660.0,1759687200000,457694.20694,6004,2025-10-05 17:00:00+00:00
1759687200000,1.0995,1.1031,1.0925,1.0967,364668.4,1759690800000,400646.79809,6028,2025-10-05 18:00:00+00:00
1759690800000,1.0968,1.0974,1.0804,1.0819,220863.8,1759694400000,240242.90342,5022,2025-10-05 19:00:00+00:00
1759694400000,1.0819,1.0896,1.0748,1.0867,298445.9,1759698000000,322895.4221,5255,2025-10-05 20:00:00+00:00
1759698000000,1.0867,1.0884,1.0833,1.0866,114466.8,1759701600000,124291.19476,2073,2025-10-05 21:00:00+00:00
1759701600000,1.0867,1.0925,1.0822,1.0883,145768.4,1759705200000,158539.01366,3395,2025-10-05 22:00:00+00:00
1759705200000,1.0884,1.091,1.0844,1.0848,196856.5,1759708800000,214165.43911,3564,2025-10-05 23:00:00+00:00
1759708800000,1.0849,1.0962,1.0741,1.077,496617.7,1759712400000,538085.86618,8532,2025-10-06 00:00:00+00:00
1759712400000,1.0772,1.0997,1.0718,1.0901,347113.5,1759716000000,377918.94981,5943,2025-10-06 01:00:00+00:00
1759716000000,1.09,1.1012,1.082,1.0958,217430.4,1759719600000,237297.79646,4636,2025-10-06 02:00:00+00:00
1759719600000,1.0957,1.1018,1.0941,1.0976,111557.2,1759723200000,122378.54886,2892,2025-10-06 03:00:00+00:00
1759723200000,1.0975,1.0996,1.0898,1.0907,166294.7,1759726800000,182036.58548,3386,2025-10-06 04:00:00+00:00
1759726800000,1.0906,1.0985,1.0878,1.0971,154190.7,1759730400000,168605.16883,3071,2025-10-06 05:00:00+00:00
1759730400000,1.0972,1.1124,1.0972,1.1116,271889.7,1759734000000,300625.9471,4438,2025-10-06 06:00:00+00:00
1759734000000,1.1117,1.1167,1.0974,1.1014,211423.1,1759737600000,234618.1985,4126,2025-10-06 07:00:00+00:00
1759737600000,1.1015,1.1171,1.1014,1.1159,191782.9,1759741200000,213051.59473,3462,2025-10-06 08:00:00+00:00
1759741200000,1.1159,1.1246,1.1149,1.1207,299230.8,1759744800000,335006.11443,4540,2025-10-06 09:00:00+00:00
1759744800000,1.1206,1.1232,1.1116,1.12,261490.2,1759748400000,292190.26993,4300,2025-10-06 10:00:00+00:00
1759748400000,1.1199,1.1286,1.1144,1.1193,294311.0,1759752000000,329943.6927,4402,2025-10-06 11:00:00+00:00
1759752000000,1.1194,1.1326,1.1193,1.1302,429841.7,1759755600000,485005.33079,5277,2025-10-06 12:00:00+00:00
1759755600000,1.1301,1.1407,1.1245,1.1406,544436.0,1759759200000,616429.83775,9219,2025-10-06 13:00:00+00:00
1759759200000,1.1406,1.1446,1.1297,1.1347,475350.0,1759762800000,541213.92577,7667,2025-10-06 14:00:00+00:00
1759762800000,1.1348,1.1606,1.1348,1.1557,627501.8,1759766400000,721515.96264,10557,2025-10-06 15:00:00+00:00
1759766400000,1.1557,1.164,1.1469,1.1595,702015.0,1759770000000,812208.79809,9786,2025-10-06 16:00:00+00:00
1759770000000,1.1594,1.175,1.1551,1.1655,554190.5,1759773600000,646145.75944,8153,2025-10-06 17:00:00+00:00
1759773600000,1.1655,1.1796,1.1651,1.1767,384878.7,1759777200000,451477.87483,5944,2025-10-06 18:00:00+00:00
1759777200000,1.1767,1.1768,1.1657,1.1717,288926.0,1759780800000,338085.7454,4966,2025-10-06 19:00:00+00:00
1759780800000,1.1718,1.1767,1.1648,1.1708,230063.1,1759784400000,269267.51669,4087,2025-10-06 20:00:00+00:00
1759784400000,1.1711,1.1762,1.1618,1.1704,263280.7,1759788000000,307880.69532,3168,2025-10-06 21:00:00+00:00
1759788000000,1.1704,1.1737,1.1656,1.1701,243831.2,1759791600000,285338.48463,4059,2025-10-06 22:00:00+00:00
1759791600000,1.1702,1.1753,1.1654,1.1685,274837.0,1759795200000,321583.05344,5083,2025-10-06 23:00:00+00:00
1759795200000,1.1687,1.1738,1.1658,1.1711,283620.4,1759798800000,331824.05,4361,2025-10-07 00:00:00+00:00
1759798800000,1.171,1.1732,1.156,1.1585,320715.5,1759802400000,373262.16036,5367,2025-10-07 01:00:00+00:00
1759802400000,1.1586,1.1613,1.1519,1.1528,358138.8,1759806000000,413858.40596,4684,2025-10-07 02:00:00+00:00
1759806000000,1.1528,1.1584,1.1498,1.1568,296210.7,1759809600000,341551.19567,3471,2025-10-07 03:00:00+00:00
1759809600000,1.1567,1.1822,1.1493,1.1744,407351.8,1759813200000,475163.64041,5319,2025-10-07 04:00:00+00:00
1759813200000,1.1745,1.185,1.1688,1.1762,364036.0,1759816800000,427875.05085,5821,2025-10-07 05:00:00+00:00
1759816800000,1.1763,1.1792,1.1438,1.1459,485202.4,1759820400000,561621.14628,6532,2025-10-07 06:00:00+00:00
1759820400000,1.1458,1.1544,1.1355,1.144,513446.1,1759824000000,588067.61156,5567,2025-10-07 07:00:00+00:00
1759824000000,1.1441,1.1442,1.1212,1.1413,675256.3,1759827600000,764999.36621,7836,2025-10-07 08:00:00+00:00
1759827600000,1.1411,1.1532,1.14,1.1463,225539.2,1759831200000,259018.39285,4352,2025-10-07 09:00:00+00:00
1759831200000,1.1462,1.1672,1.1425,1.1664,466561.3,1759834800000,540305.49298,6600,2025-10-07 10:00:00+00:00
1759834800000,1.1663,1.1684,1.1588,1.1643,462939.0,1759838400000,538748.92849,7705,2025-10-07 11:00:00+00:00
1759838400000,1.164,1.1759,1.1581,1.1705,518880.6,1759842000000,605179.92476,8985,2025-10-07 12:00:00+00:00
1759842000000,1.1705,1.1782,1.1416,1.1538,798519.1,1759845600000,924574.70578,13706,2025-10-07 13:00:00+00:00
1759845600000,1.1537,1.157,1.1137,1.1145,1401316.9,1759849200000,1583734.50543,15898,2025-10-07 14:00:00+00:00
1759849200000,1.1146,1.1174,1.0875,1.0951,2212757.8,1759852800000,2434797.1995,21554,2025-10-07 15:00:00+00:00
1759852800000,1.095,1.1153,1.0812,1.1085,820920.1,1759856400000,897711.62824,11423,2025-10-07 16:00:00+00:00
1759856400000,1.1085,1.113,1.0958,1.0961,197895.3,1759860000000,218677.43256,5031,2025-10-07 17:00:00+00:00
1759860000000,1.0961,1.1007,1.0926,1.0926,304757.7,1759863600000,334178.3853,4640,2025-10-07 18:00:00+00:00
1759863600000,1.0925,1.0992,1.0877,1.0929,252009.7,1759867200000,275579.56065,4717,2025-10-07 19:00:00+00:00
1759867200000,1.093,1.1122,1.0915,1.1047,536271.1,1759870800000,593879.55395,4125,2025-10-07 20:00:00+00:00
1759870800000,1.1046,1.1056,1.0923,1.0955,152847.5,1759874400000,168250.6652,2573,2025-10-07 21:00:00+00:00
1759874400000,1.0955,1.1019,1.0919,1.0964,118448.8,1759878000000,129927.02131,3058,2025-10-07 22:00:00+00:00
1759878000000,1.0965,1.0965,1.0822,1.0867,241985.6,1759881600000,263428.56128,4466,2025-10-07 23:00:00+00:00
1759881600000,1.0871,1.0959,1.0816,1.09,300361.2,1759885200000,326990.63783,6461,2025-10-08 00:00:00+00:00
1759885200000,1.0898,1.0958,1.0864,1.0896,236728.8,1759888800000,258222.85819,5957,2025-10-08 01:00:00+00:00
1759888800000,1.0897,1.0941,1.0851,1.0875,341098.2,1759892400000,371390.17139,4153,2025-10-08 02:00:00+00:00
1759892400000,1.0874,1.0878,1.0603,1.0661,709382.6,1759896000000,759137.22149,8472,2025-10-08 03:00:00+00:00
1759896000000,1.0661,1.0754,1.0566,1.0738,407786.6,1759899600000,434832.16324,7070,2025-10-08 04:00:00+00:00
1759899600000,1.0739,1.0739,1.0605,1.0674,251276.8,1759903200000,267925.99383,5557,2025-10-08 05:00:00+00:00
1759903200000,1.0673,1.0694,1.0601,1.0668,406777.2,1759906800000,432873.19673,4061,2025-10-08 06:00:00+00:00
1759906800000,1.0669,1.0742,1.0649,1.0738,237988.0,1759910400000,254553.18583,4688,2025-10-08 07:00:00+00:00
1759910400000,1.0739,1.0923,1.0739,1.0877,449455.8,1759914000000,486049.95258,6719,2025-10-08 08:00:00+00:00
1759914000000,1.0877,1.0922,1.0786,1.0849,237757.6,1759917600000,257973.96424,4195,2025-10-08 09:00:00+00:00
1759917600000,1.0849,1.0963,1.0842,1.0927,326684.6,1759921200000,356432.91884,5123,2025-10-08 10:00:00+00:00
1759921200000,1.0928,1.0989,1.0828,1.0847,216753.1,1759924800000,236263.65512,3816,2025-10-08 11:00:00+00:00
1759924800000,1.0847,1.0909,1.0813,1.089,223653.5,1759928400000,242905.42027,4107,2025-10-08 12:00:00+00:00
1759928400000,1.0891,1.0994,1.083,1.0987,412185.4,1759932000000,450548.78447,9329,2025-10-08 13:00:00+00:00
1759932000000,1.0986,1.1249,1.0899,1.0945,989198.3,1759935600000,1098282.00274,12517,2025-10-08 14:00:00+00:00
1759935600000,1.0946,1.114,1.0934,1.1008,854784.9,1759939200000,943356.34708,7242,2025-10-08 15:00:00+00:00
1759939200000,1.1009,1.1142,1.0979,1.1138,341432.2,1759942800000,377493.4159,5733,2025-10-08 16:00:00+00:00
1759942800000,1.1138,1.1424,1.1109,1.134,999666.9,1759946400000,1130515.83079,11853,2025-10-08 17:00:00+00:00
1759946400000,1.1341,1.1372,1.1224,1.1305,468547.5,1759950000000,529248.49355,6700,2025-10-08 18:00:00+00:00
1759950000000,1.1304,1.1313,1.1208,1.1232,330235.4,1759953600000,371856.92304,4141,2025-10-08 19:00:00+00:00
1759953600000,1.1233,1.1252,1.1171,1.1183,180187.4,1759957200000,201975.83852,3536,2025-10-08 20:00:00+00:00
1759957200000,1.1182,1.1279,1.1171,1.1228,156854.2,1759960800000,176309.33519,1842,2025-10-08 21:00:00+00:00
1759960800000,1.1227,1.1501,1.1215,1.1253,1113400.6,1759964400000,1259311.80339,6540,2025-10-08 22:00:00+00:00
1759964400000,1.1253,1.1308,1.1216,1.1265,219235.8,1759968000000,246894.09721,3874,2025-10-08 23:00:00+00:00
1759968000000,1.1266,1.1301,1.1171,1.1175,218784.8,1759971600000,245684.86335,3837,2025-10-09 00:00:00+00:00
1759971600000,1.1173,1.1188,1.1077,1.1138,278894.9,1759975200000,310315.76857,4770,2025-10-09 01:00:00+00:00
1759975200000,1.1137,1.1147,1.0736,1.077,486279.5,1759978800000,530349.72751,8404,2025-10-09 02:00:00+00:00
1759978800000,1.0769,1.0976,1.0768,1.0929,295785.0,1759982400000,322310.38035,4998,2025-10-09 03:00:00+00:00
1759982400000,1.0928,1.103,1.088,1.1018,159579.0,1759986000000,174701.44779,3839,2025-10-09 04:00:00+00:00
1759986000000,1.1017,1.106,1.0916,1.094,127378.0,1759989600000,139932.71496,3630,2025-10-09 05:00:00+00:00
1759989600000,1.0941,1.0948,1.0835,1.0848,179594.0,1759993200000,195384.75785,4136,2025-10-09 06:00:00+00:00
1759993200000,1.0847,1.0891,1.0758,1.0793,190655.8,1759996800000,205956.62899,4234,2025-10-09 07:00:00+00:00
1759996800000,1.0792,1.0808,1.0515,1.0537,929401.1,1760000400000,986743.90712,14298,2025-10-09 08:00:00+00:00
1760000400000,1.0536,1.065,1.0518,1.0616,510453.1,1760004000000,540493.00701,7740,2025-10-09 09:00:00+00:00
1760004000000,1.0616,1.0702,1.0541,1.0655,448229.6,1760007600000,476599.93163,7217,2025-10-09 10:00:00+00:00
1760007600000,1.0655,1.0737,1.0655,1.0672,256590.1,1760011200000,274508.51041,4296,2025-10-09 11:00:00+00:00
1760011200000,1.0671,1.0856,1.0663,1.0814,441231.5,1760014800000,474964.59837,7003,2025-10-09 12:00:00+00:00
1760014800000,1.0812,1.0826,1.0546,1.0557,472366.8,1760018400000,503672.5021,9695,2025-10-09 13:00:00+00:00
1760018400000,1.0556,1.0613,1.0334,1.048,1014335.9,1760022000000,1061826.46517,19470,2025-10-09 14:00:00+00:00
1760022000000,1.048,1.0554,1.0326,1.0394,419049.6,1760025600000,437015.05743,7906,2025-10-09 15:00:00+00:00
1760025600000,1.0394,1.0461,1.0261,1.0295,524706.1,1760029200000,544019.81706,9100,2025-10-09 16:00:00+00:00
1760029200000,1.0294,1.0549,1.0286,1.054,660257.5,1760032800000,689452.08127,10727,2025-10-09 17:00:00+00:00
1760032800000,1.054,1.0584,1.0468,1.0468,241807.5,1760036400000,254612.258,4750,2025-10-09 18:00:00+00:00
1760036400000,1.0468,1.0565,1.0451,1.0535,220032.2,1760040000000,231257.59152,3845,2025-10-09 19:00:00+00:00
1760040000000,1.0536,1.0595,1.0505,1.0568,125565.5,1760043600000,132534.49994,3238,2025-10-09 20:00:00+00:00
1760043600000,1.0568,1.0626,1.0477,1.0525,876601.5,1760047200000,921888.76036,3622,2025-10-09 21:00:00+00:00
1760047200000,1.0527,1.0639,1.052,1.0597,119105.3,1760050800000,125956.4767,3066,2025-10-09 22:00:00+00:00
1760050800000,1.0598,1.0603,1.0496,1.0515,112743.0,1760054400000,118687.37063,2314,2025-10-09 23:00:00+00:00
1760054400000,1.0516,1.0592,1.051,1.053,99067.9,1760058000000,104481.76709,2653,2025-10-10 00:00:00+00:00
1760058000000,1.0531,1.0638,1.0528,1.0589,90573.7,1760061600000,95917.35068,2511,2025-10-10 01:00:00+00:00
1760061600000,1.059,1.0633,1.0506,1.0532,113674.3,1760065200000,119932.84194,2892,2025-10-10 02:00:00+00:00
1760065200000,1.0533,1.0793,1.0463,1.0683,347020.7,1760068800000,370730.76976,7234,2025-10-10 03:00:00+00:00
1760068800000,1.0682,1.0737,1.0587,1.0634,210521.2,1760072400000,224296.36091,4497,2025-10-10 04:00:00+00:00
1760072400000,1.0635,1.0767,1.0558,1.0767,242610.2,1760076000000,258546.92461,4721,2025-10-10 05:00:00+00:00
1760076000000,1.0767,1.0794,1.0522,1.0552,292276.4,1760079600000,311439.11679,7083,2025-10-10 06:00:00+00:00
1760079600000,1.0551,1.0562,1.0491,1.0503,248995.8,1760083200000,261950.03913,5813,2025-10-10 07:00:00+00:00
1760083200000,1.0503,1.0621,1.0476,1.0604,209049.8,1760086800000,220336.72069,4543,2025-10-10 08:00:00+00:00
1760086800000,1.0605,1.0687,1.054,1.0577,276646.9,1760090400000,293135.09891,5038,2025-10-10 09:00:00+00:00
1760090400000,1.0576,1.0667,1.0569,1.0629,193002.1,1760094000000,204952.54333,4298,2025-10-10 10:00:00+00:00
1760094000000,1.063,1.0731,1.057,1.0698,211518.5,1760097600000,225212.21983,4612,2025-10-10 11:00:00+00:00
1760097600000,1.0697,1.0764,1.0675,1.0747,208601.2,1760101200000,223541.76979,4879,2025-10-10 12:00:00+00:00
1760101200000,1.0748,1.0856,1.0688,1.0754,700090.3,1760104800000,755769.83101,11961,2025-10-10 13:00:00+00:00
1760104800000,1.0755,1.0829,1.0487,1.0504,945010.2,1760108400000,1006767.91874,12691,2025-10-10 14:00:00+00:00
1760108400000,1.0504,1.0515,0.9895,0.9966,4001512.8,1760112000000,4060545.9234,55042,2025-10-10 15:00:00+00:00
1760112000000,0.9965,1.01,0.988,0.9923,946026.5,1760115600000,943490.78103,15775,2025-10-10 16:00:00+00:00
1760115600000,0.9922,0.9989,0.9774,0.9846,653397.0,1760119200000,646423.61251,11709,2025-10-10 17:00:00+00:00
1760119200000,0.9847,0.9901,0.9758,0.9763,624117.5,1760122800000,613478.07524,8842,2025-10-10 18:00:00+00:00
1760122800000,0.9763,0.9799,0.9392,0.9529,2069029.2,1760126400000,1980259.30144,22964,2025-10-10 19:00:00+00:00
1760126400000,0.953,0.9648,0.8433,0.875,4334306.5,1760130000000,3989803.55269,39772,2025-10-10 20:00:00+00:00
1760130000000,0.8745,0.94,0.2772,0.6584,12506089.9,1760133600000,8351654.12822,78150,2025-10-10 21:00:00+00:00
1760133600000,0.6585,0.6889,0.5548,0.6839,12627266.4,1760137200000,8018862.30226,150068,2025-10-10 22:00:00+00:00
1760137200000,0.6838,0.7553,0.678,0.7249,4410249.4,1760140800000,3156501.59814,35857,2025-10-10 23:00:00+00:00
1760140800000,0.7245,0.7434,0.7113,0.731,2034908.9,1760144400000,1479280.84112,16286,2025-10-11 00:00:00+00:00
1760144400000,0.7305,0.7341,0.6885,0.6944,3092380.0,1760148000000,2186642.64561,34198,2025-10-11 01:00:00+00:00
1760148000000,0.6943,0.7496,0.6938,0.7413,1648219.9,1760151600000,1200001.21183,20345,2025-10-11 02:00:00+00:00
1760151600000,0.7412,0.7421,0.711,0.7235,1311226.5,1760155200000,945633.02811,11093,2025-10-11 03:00:00+00:00
1760155200000,0.7236,0.7364,0.7181,0.7362,496951.6,1760158800000,361205.83155,4677,2025-10-11 04:00:00+00:00
1760158800000,0.7358,0.7366,0.7104,0.7157,718735.6,1760162400000,518662.09715,6802,2025-10-11 05:00:00+00:00
1760162400000,0.7158,0.7294,0.7105,0.714,932448.5,1760166000000,671983.06218,8546,2025-10-11 06:00:00+00:00
1760166000000,0.7144,0.7251,0.7093,0.7195,941639.2,1760169600000,675098.09909,8441,2025-10-11 07:00:00+00:00
1760169600000,0.7196,0.7474,0.7161,0.7448,912115.4,1760173200000,668325.64069,6169,2025-10-11 08:00:00+00:00
1760173200000,0.7447,0.7715,0.7395,0.7431,2517789.2,1760176800000,1906193.99746,17155,2025-10-11 09:00:00+00:00
1760176800000,0.7431,0.7591,0.7417,0.748,915689.5,1760180400000,687066.98565,12356,2025-10-11 10:00:00+00:00
1760180400000,0.7479,0.7495,0.7333,0.7469,616976.7,1760184000000,458885.36948,7048,2025-10-11 11:00:00+00:00
1760184000000,0.7469,0.75,0.7225,0.7302,770408.2,1760187600000,565357.58925,8548,2025-10-11 12:00:00+00:00
1760187600000,0.7301,0.7356,0.7139,0.7301,835980.2,1760191200000,606012.67838,14151,2025-10-11 13:00:00+00:00
1760191200000,0.7302,0.7398,0.7245,0.7391,450188.0,1760194800000,329047.01583,7520,2025-10-11 14:00:00+00:00
1760194800000,0.739,0.7518,0.7358,0.7422,1180591.3,1760198400000,880034.10159,14994,2025-10-11 15:00:00+00:00
1760198400000,0.7421,0.7507,0.7335,0.7363,440586.9,1760202000000,326548.0131,6490,2025-10-11 16:00:00+00:00
1760202000000,0.7364,0.7448,0.7315,0.7403,382081.6,1760205600000,282147.05038,5368,2025-10-11 17:00:00+00:00
1760205600000,0.7404,0.7405,0.727,0.7274,352558.3,1760209200000,259139.48719,3751,2025-10-11 18:00:00+00:00
1760209200000,0.7275,0.7276,0.6918,0.6982,1078575.4,1760212800000,762672.07014,11923,2025-10-11 19:00:00+00:00
1760212800000,0.6981,0.7011,0.6732,0.6798,1764909.3,1760216400000,1211333.75178,14163,2025-10-11 20:00:00+00:00
1760216400000,0.6799,0.6956,0.6641,0.6917,1462849.5,1760220000000,991728.82116,9801,2025-10-11 21:00:00+00:00
1760220000000,0.6917,0.7046,0.6913,0.7006,824562.8,1760223600000,576681.72967,7274,2025-10-11 22:00:00+00:00
1760223600000,0.7005,0.7072,0.6978,0.7059,245492.3,1760227200000,172427.06742,4126,2025-10-11 23:00:00+00:00
1760227200000,0.7061,0.7082,0.6865,0.6883,389981.4,1760230800000,272069.63843,6026,2025-10-12 00:00:00+00:00
1760230800000,0.6882,0.7038,0.6789,0.6829,882138.4,1760234400000,608702.09603,9636,2025-10-12 01:00:00+00:00
1760234400000,0.6828,0.6926,0.6749,0.6824,809933.4,1760238000000,552848.27113,11072,2025-10-12 02:00:00+00:00
1760238000000,0.6825,0.7084,0.6814,0.6979,1023075.5,1760241600000,710098.31923,11267,2025-10-12 03:00:00+00:00
1760241600000,0.6978,0.7147,0.6973,0.7099,436526.9,1760245200000,308990.08508,5242,2025-10-12 04:00:00+00:00
1760245200000,0.7098,0.7136,0.7066,0.7069,173757.9,1760248800000,123395.64933,2989,2025-10-12 05:00:00+00:00
1760248800000,0.707,0.721,0.7061,0.7172,292900.3,1760252400000,208554.3245,3002,2025-10-12 06:00:00+00:00
1760252400000,0.7172,0.72,0.7097,0.7149,242477.7,1760256000000,173167.90215,2962,2025-10-12 07:00:00+00:00
1760256000000,0.7149,0.7178,0.7068,0.7075,171065.4,1760259600000,121858.02362,2667,2025-10-12 08:00:00+00:00
1760259600000,0.7074,0.7124,0.6982,0.7123,319308.7,1760263200000,225066.73288,3801,2025-10-12 09:00:00+00:00
1760263200000,0.7123,0.717,0.7039,0.7051,253624.0,1760266800000,179748.57619,3632,2025-10-12 10:00:00+00:00
1760266800000,0.7053,0.7139,0.6982,0.7063,1831630.3,1760270400000,1288001.88903,6419,2025-10-12 11:00:00+00:00
1760270400000,0.7062,0.7188,0.7056,0.7113,736238.3,1760274000000,524709.36856,5515,2025-10-12 12:00:00+00:00
1760274000000,0.7113,0.7139,0.6914,0.6931,520441.6,1760277600000,365136.72597,5461,2025-10-12 13:00:00+00:00
1760277600000,0.6932,0.7447,0.6923,0.7334,1957039.4,1760281200000,1418267.68806,21538,2025-10-12 14:00:00+00:00
1760281200000,0.7335,0.7739,0.7327,0.7705,2663449.4,1760284800000,2009264.63716,17541,2025-10-12 15:00:00+00:00
1760284800000,0.7706,0.8093,0.7701,0.7952,2290440.5,1760288400000,1810895.00988,14132,2025-10-12 16:00:00+00:00
1760288400000,0.7953,0.8015,0.7822,0.7939,835812.9,1760292000000,663278.33364,5284,2025-10-12 17:00:00+00:00
1760292000000,0.7938,0.7982,0.7828,0.7882,394899.6,1760295600000,312109.80452,2872,2025-10-12 18:00:00+00:00
1760295600000,0.7884,0.8126,0.7882,0.8116,567331.8,1760299200000,456177.63348,4043,2025-10-12 19:00:00+00:00
1760299200000,0.8121,0.8129,0.7986,0.8014,466917.1,1760302800000,376070.04435,3077,2025-10-12 20:00:00+00:00
1760302800000,0.8015,0.8092,0.7814,0.7925,570474.2,1760306400000,452773.10083,3493,2025-10-12 21:00:00+00:00
1760306400000,0.7927,0.8006,0.7833,0.7891,546911.1,1760310000000,431869.9643,4575,2025-10-12 22:00:00+00:00
1760310000000,0.7888,0.7912,0.7788,0.7886,898395.4,1760313600000,705271.52297,7621,2025-10-12 23:00:00+00:00
1760313600000,0.7888,0.8002,0.7756,0.7853,924368.0,1760317200000,726844.48242,7771,2025-10-13 00:00:00+00:00
1760317200000,0.7847,0.7966,0.7786,0.7959,467234.9,1760320800000,367169.73729,4197,2025-10-13 01:00:00+00:00
1760320800000,0.7958,0.7995,0.785,0.7954,394006.9,1760324400000,311621.41392,3631,2025-10-13 02:00:00+00:00
1760324400000,0.7956,0.8,0.7838,0.7861,485429.7,1760328000000,384768.31272,4122,2025-10-13 03:00:00+00:00
1760328000000,0.7861,0.7896,0.7793,0.7883,414041.5,1760331600000,324307.46636,3103,2025-10-13 04:00:00+00:00
1760331600000,0.7885,0.7899,0.7794,0.7811,334138.2,1760335200000,261558.02745,2944,2025-10-13 05:00:00+00:00
1760335200000,0.7808,0.7954,0.7763,0.7915,425398.6,1760338800000,334061.52173,4538,2025-10-13 06:00:00+00:00
1760338800000,0.7914,0.8026,0.7862,0.7879,663213.6,1760342400000,526686.26334,4554,2025-10-13 07:00:00+00:00
1760342400000,0.7879,0.8068,0.7872,0.8023,614124.6,1760346000000,489467.78278,5168,2025-10-13 08:00:00+00:00
1760346000000,0.8019,0.8072,0.7914,0.807,962008.2,1760349600000,770232.02688,5458,2025-10-13 09:00:00+00:00
1760349600000,0.8072,0.8107,0.7961,0.8033,716961.6,1760353200000,576257.2336,4830,2025-10-13 10:00:00+00:00
1760353200000,0.803,0.8036,0.7655,0.7818,2773917.1,1760356800000,2180851.32175,16410,2025-10-13 11:00:00+00:00
1760356800000,0.7816,0.8001,0.7728,0.7848,988351.3,1760360400000,778361.28641,6745,2025-10-13 12:00:00+00:00
1760360400000,0.7845,0.8192,0.7815,0.8121,3572867.5,1760364000000,2859555.08158,27169,2025-10-13 13:00:00+00:00
1760364000000,0.8116,0.8403,0.802,0.8114,3184810.7,1760367600000,2604504.25299,22353,2025-10-13 14:00:00+00:00
1760367600000,0.8117,0.8511,0.811,0.8444,2190223.8,1760371200000,1824344.2675,13583,2025-10-13 15:00:00+00:00
1760371200000,0.8441,0.8609,0.8373,0.8479,1790530.0,1760374800000,1519664.63218,11171,2025-10-13 16:00:00+00:00
1760374800000,0.8479,0.8693,0.842,0.8679,1075473.6,1760378400000,918587.95027,9127,2025-10-13 17:00:00+00:00
1760378400000,0.8678,0.8735,0.8522,0.8583,928903.4,1760382000000,800965.4146,10397,2025-10-13 18:00:00+00:00
1760382000000,0.8584,0.875,0.8581,0.871,718762.1,1760385600000,623038.51445,8013,2025-10-13 19:00:00+00:00
1760385600000,0.8715,0.8759,0.8657,0.8758,425433.8,1760389200000,370438.42158,4348,2025-10-13 20:00:00+00:00
1760389200000,0.8752,0.8795,0.8651,0.8671,426065.0,1760392800000,372181.25327,4240,2025-10-13 21:00:00+00:00
1760392800000,0.8673,0.8769,0.8667,0.8747,283101.8,1760396400000,246428.81987,4484,2025-10-13 22:00:00+00:00
1760396400000,0.8746,0.8782,0.8669,0.8702,336216.4,1760400000000,293038.691,5204,2025-10-13 23:00:00+00:00
1760400000000,0.8702,0.88,0.8614,0.8664,608760.3,1760403600000,530126.27163,8984,2025-10-14 00:00:00+00:00
1760403600000,0.8663,0.8712,0.8535,0.8626,704129.8,1760407200000,608518.21156,8147,2025-10-14 01:00:00+00:00
1760407200000,0.8626,0.8643,0.8461,0.8465,490282.1,1760410800000,417722.73121,7211,2025-10-14 02:00:00+00:00
1760410800000,0.8466,0.8472,0.8345,0.8364,800330.8,1760414400000,672229.62031,9524,2025-10-14 03:00:00+00:00
1760414400000,0.8364,0.8394,0.8122,0.8176,1072779.0,1760418000000,884328.13878,12235,2025-10-14 04:00:00+00:00
1760418000000,0.8178,0.8294,0.8061,0.8101,662132.1,1760421600000,540682.75174,11984,2025-10-14 05:00:00+00:00
1760421600000,0.8101,0.8162,0.7715,0.7855,2416636.2,1760425200000,1909209.27828,20604,2025-10-14 06:00:00+00:00
1760425200000,0.7855,0.7952,0.778,0.7819,1024222.4,1760428800000,805169.64637,13284,2025-10-14 07:00:00+00:00
1760428800000,0.7817,0.7962,0.7742,0.7877,819284.2,1760432400000,640726.19079,10181,2025-10-14 08:00:00+00:00
1760432400000,0.7876,0.7922,0.7843,0.7909,334890.9,1760436000000,264068.67659,5436,2025-10-14 09:00:00+00:00
1760436000000,0.7905,0.7905,0.7605,0.7775,1034370.9,1760439600000,797634.03904,10136,2025-10-14 10:00:00+00:00
1760439600000,0.7776,0.7925,0.7772,0.7917,496305.4,1760443200000,390211.21771,6322,2025-10-14 11:00:00+00:00
1760443200000,0.7914,0.7921,0.7729,0.7742,528692.5,1760446800000,412504.594,6054,2025-10-14 12:00:00+00:00
1760446800000,0.7741,0.7917,0.7677,0.7846,782870.9,1760450400000,610919.90591,11011,2025-10-14 13:00:00+00:00
1760450400000,0.7843,0.8065,0.7795,0.7923,1077730.9,1760454000000,858008.26378,10720,2025-10-14 14:00:00+00:00
1760454000000,0.7924,0.819,0.7866,0.8187,583177.5,1760457600000,467044.14439,7423,2025-10-14 15:00:00+00:00
1760457600000,0.8188,0.8364,0.8084,0.8167,1238099.0,1760461200000,1017974.97216,15336,2025-10-14 16:00:00+00:00
1760461200000,0.8167,0.8349,0.8042,0.8226,670319.3,1760464800000,551928.40059,8785,2025-10-14 17:00:00+00:00
1760464800000,0.8227,0.8363,0.8197,0.8234,219237.1,1760468400000,181624.70165,4057,2025-10-14 18:00:00+00:00
1760468400000,0.8235,0.83,0.8022,0.816,686773.4,1760472000000,559455.86728,9234,2025-10-14 19:00:00+00:00
1760472000000,0.816,0.8204,0.8104,0.8197,220578.4,1760475600000,180081.80149,3917,2025-10-14 20:00:00+00:00
1760475600000,0.8196,0.8201,0.8103,0.8182,139864.2,1760479200000,114016.44843,1517,2025-10-14 21:00:00+00:00
1760479200000,0.8183,0.8271,0.8124,0.8165,220324.4,1760482800000,180762.00938,2503,2025-10-14 22:00:00+00:00
1760482800000,0.8164,0.8226,0.8158,0.8199,132501.8,1760486400000,108599.05366,2276,2025-10-14 23:00:00+00:00
1760486400000,0.8198,0.8225,0.8132,0.8179,174310.0,1760490000000,142478.07855,3180,2025-10-15 00:00:00+00:00
1760490000000,0.8178,0.8189,0.8046,0.8134,283850.4,1760493600000,229922.89137,3792,2025-10-15 01:00:00+00:00
1760493600000,0.8134,0.8276,0.8129,0.8169,266561.3,1760497200000,218613.28849,3185,2025-10-15 02:00:00+00:00
1760497200000,0.8169,0.819,0.8043,0.8108,197332.1,1760500800000,160111.26612,2747,2025-10-15 03:00:00+00:00
1760500800000,0.8109,0.8245,0.806,0.8207,199916.0,1760504400000,162617.90459,3000,2025-10-15 04:00:00+00:00
1760504400000,0.821,0.824,0.8108,0.8148,246244.0,1760508000000,201108.9393,3149,2025-10-15 05:00:00+00:00
1760508000000,0.8147,0.8222,0.8052,0.8167,272365.1,1760511600000,221423.23023,3623,2025-10-15 06:00:00+00:00
1760511600000,0.8167,0.8211,0.8102,0.8206,181689.3,1760515200000,148072.89393,2986,2025-10-15 07:00:00+00:00
1760515200000,0.8205,0.8365,0.8187,0.8232,381286.8,1760518800000,315308.48778,5701,2025-10-15 08:00:00+00:00
1760518800000,0.8231,0.8247,0.8105,0.8124,372041.3,1760522400000,303349.69496,4241,2025-10-15 09:00:00+00:00
1760522400000,0.8125,0.8186,0.8078,0.8147,240380.0,1760526000000,195415.46311,3880,2025-10-15 10:00:00+00:00
1760526000000,0.8145,0.8159,0.8027,0.8096,161139.8,1760529600000,130464.65842,3264,2025-10-15 11:00:00+00:00
1760529600000,0.8095,0.8119,0.7964,0.8002,302629.0,1760533200000,242913.6526,4408,2025-10-15 12:00:00+00:00
1760533200000,0.8001,0.8042,0.7784,0.7936,900453.9,1760536800000,712391.962,10132,2025-10-15 13:00:00+00:00
1760536800000,0.7937,0.8072,0.778,0.7845,590134.8,1760540400000,469125.74001,8746,2025-10-15 14:00:00+00:00
1760540400000,0.7844,0.7916,0.7712,0.7782,549727.5,1760544000000,429050.9641,8300,2025-10-15 15:00:00+00:00
1760544000000,0.7783,0.782,0.7718,0.7754,272964.4,1760547600000,212081.93509,4430,2025-10-15 16:00:00+00:00
1760547600000,0.7755,0.779,0.7653,0.7785,293183.0,1760551200000,226244.42297,4942,2025-10-15 17:00:00+00:00
1760551200000,0.7784,0.781,0.7719,0.7801,431341.2,1760554800000,334477.49701,3369,2025-10-15 18:00:00+00:00
1760554800000,0.78,0.781,0.7679,0.772,297224.4,1760558400000,230373.16197,3665,2025-10-15 19:00:00+00:00
1760558400000,0.7721,0.7805,0.7568,0.7684,697907.1,1760562000000,537068.13263,7910,2025-10-15 20:00:00+00:00
1760562000000,0.7685,0.777,0.7617,0.7654,290648.6,1760565600000,223446.44046,2682,2025-10-15 21:00:00+00:00
1760565600000,0.7653,0.7749,0.7639,0.7666,120450.8,1760569200000,92752.24605,2248,2025-10-15 22:00:00+00:00
1760569200000,0.7665,0.7751,0.766,0.7742,136101.2,1760572800000,105021.56264,2569,2025-10-15 23:00:00+00:00
1760572800000,0.7743,0.7768,0.7686,0.7692,239459.2,1760576400000,184831.91762,4012,2025-10-16 00:00:00+00:00
1760576400000,0.7692,0.7812,0.7688,0.7796,227071.7,1760580000000,176446.36428,2833,2025-10-16 01:00:00+00:00
1760580000000,0.7797,0.786,0.7767,0.7851,147127.7,1760583600000,114923.79093,2654,2025-10-16 02:00:00+00:00
1760583600000,0.785,0.8155,0.7814,0.794,928239.1,1760587200000,743698.0984,9538,2025-10-16 03:00:00+00:00
1760587200000,0.7939,0.8027,0.7919,0.7921,294054.5,1760590800000,234567.85116,3847,2025-10-16 04:00:00+00:00
1760590800000,0.7921,0.8202,0.7889,0.8,802170.8,1760594400000,647218.01462,10374,2025-10-16 05:00:00+00:00
1760594400000,0.8,0.822,0.7981,0.8185,343240.8,1760598000000,277490.40367,6106,2025-10-16 06:00:00+00:00
1760598000000,0.8188,0.8253,0.8037,0.807,458827.0,1760601600000,372649.35727,6097,2025-10-16 07:00:00+00:00
1760601600000,0.8069,0.8118,0.7927,0.793,374191.4,1760605200000,299735.55036,4532,2025-10-16 08:00:00+00:00
1760605200000,0.7929,0.8152,0.7666,0.8091,1623684.4,1760608800000,1283608.80936,18385,2025-10-16 09:00:00+00:00
1760608800000,0.8089,0.8247,0.7987,0.8202,1137944.7,1760612400000,925740.44353,13439,2025-10-16 10:00:00+00:00
1760612400000,0.8201,0.856,0.8196,0.8423,3081197.4,1760616000000,2592526.55582,27510,2025-10-16 11:00:00+00:00
1760616000000,0.8424,0.881,0.8305,0.8464,4039486.2,1760619600000,3429025.82085,39762,2025-10-16 12:00:00+00:00
1760619600000,0.8463,0.862,0.8364,0.844,3510675.8,1760623200000,2982995.531,45223,2025-10-16 13:00:00+00:00
1760623200000,0.844,0.8465,0.811,0.8157,2869436.1,1760626800000,2374894.57717,39840,2025-10-16 14:00:00+00:00
1760626800000,0.8156,0.8184,0.7828,0.7863,1291415.0,1760630400000,1034551.63307,10031,2025-10-16 15:00:00+00:00
1760630400000,0.7863,0.8075,0.7694,0.8072,1417383.1,1760634000000,1107120.63834,12854,2025-10-16 16:00:00+00:00
1760634000000,0.8076,0.8081,0.7829,0.7875,1847253.1,1760637600000,1465767.81368,9600,2025-10-16 17:00:00+00:00
1760637600000,0.7877,0.7958,0.7751,0.7879,858140.1,1760641200000,672454.9059,5159,2025-10-16 18:00:00+00:00
1760641200000,0.7882,0.7884,0.7588,0.7684,928076.6,1760644800000,715218.6127,5451,2025-10-16 19:00:00+00:00
1760644800000,0.768,0.7748,0.7533,0.7605,689536.4,1760648400000,526131.11942,4669,2025-10-16 20:00:00+00:00
1760648400000,0.7604,0.7866,0.7588,0.785,724622.7,1760652000000,561430.53779,4415,2025-10-16 21:00:00+00:00
1760652000000,0.7853,0.7865,0.7598,0.7605,1507710.6,1760655600000,1167781.1458,8685,2025-10-16 22:00:00+00:00
1760655600000,0.7605,0.7735,0.7593,0.767,439469.1,1760659200000,336323.9321,4322,2025-10-16 23:00:00+00:00
1760659200000,0.7671,0.7757,0.7656,0.7693,369088.2,1760662800000,284572.47229,5011,2025-10-17 00:00:00+00:00
1760662800000,0.7694,0.7792,0.7636,0.7708,649585.7,1760666400000,501204.94701,6211,2025-10-17 01:00:00+00:00
1760666400000,0.7708,0.7809,0.7628,0.7786,340527.1,1760670000000,262276.32871,5105,2025-10-17 02:00:00+00:00
1760670000000,0.7786,0.7866,0.7735,0.7779,329786.7,1760673600000,257129.59654,3855,2025-10-17 03:00:00+00:00
1760673600000,0.7779,0.7783,0.7679,0.7712,200754.5,1760677200000,154977.64444,2451,2025-10-17 04:00:00+00:00
1760677200000,0.7709,0.7779,0.7644,0.7662,248373.2,1760680800000,191050.57854,2681,2025-10-17 05:00:00+00:00
1760680800000,0.7666,0.7718,0.7292,0.7344,1231841.3,1760684400000,917215.79323,9326,2025-10-17 06:00:00+00:00
1760684400000,0.7342,0.736,0.7068,0.7103,2052781.5,1760688000000,1482499.87591,19194,2025-10-17 07:00:00+00:00
1760688000000,0.7104,0.714,0.6948,0.7002,3122319.8,1760691600000,2192437.73687,16782,2025-10-17 08:00:00+00:00
1760691600000,0.7003,0.7347,0.6993,0.7155,984067.9,1760695200000,703843.77339,6212,2025-10-17 09:00:00+00:00
1760695200000,0.7156,0.7257,0.7059,0.7257,997496.6,1760698800000,713255.99938,6067,2025-10-17 10:00:00+00:00
1760698800000,0.7261,0.7515,0.7253,0.7483,929836.7,1760702400000,689783.91092,7400,2025-10-17 11:00:00+00:00
1760702400000,0.7481,0.7522,0.7331,0.734,453812.8,1760706000000,336801.91691,2641,2025-10-17 12:00:00+00:00
1760706000000,0.7341,0.7448,0.7261,0.7373,792800.2,1760709600000,583914.93381,6248,2025-10-17 13:00:00+00:00
1760709600000,0.7377,0.741,0.7182,0.7265,710505.2,1760713200000,517955.97899,5707,2025-10-17 14:00:00+00:00
1760713200000,0.7265,0.7423,0.7205,0.7417,1426651.1,1760716800000,1039553.47998,10537,2025-10-17 15:00:00+00:00
1760716800000,0.7419,0.755,0.734,0.7388,646360.6,1760720400000,480743.1808,5124,2025-10-17 16:00:00+00:00
1760720400000,0.739,0.7568,0.739,0.7515,578498.1,1760724000000,433460.42898,4659,2025-10-17 17:00:00+00:00
1760724000000,0.7519,0.7609,0.7465,0.7482,502033.4,1760727600000,378854.34517,3548,2025-10-17 18:00:00+00:00
1760727600000,0.7483,0.7531,0.7409,0.7451,235837.3,1760731200000,176289.01607,1605,2025-10-17 19:00:00+00:00
1760731200000,0.7456,0.7549,0.7427,0.7492,113974.6,1760734800000,85469.29146,1070,2025-10-17 20:00:00+00:00
1760734800000,0.7487,0.7596,0.7487,0.7579,193607.6,1760738400000,146310.05497,1168,2025-10-17 21:00:00+00:00
1760738400000,0.7582,0.7584,0.7478,0.7528,184319.8,1760742000000,138725.62615,1017,2025-10-17 22:00:00+00:00
1760742000000,0.7524,0.7529,0.741,0.7422,203212.3,1760745600000,151175.13293,2027,2025-10-17 23:00:00+00:00
1760745600000,0.7422,0.7465,0.7359,0.7454,238504.8,1760749200000,176561.22794,1692,2025-10-18 00:00:00+00:00
1760749200000,0.7456,0.7567,0.7454,0.7556,455419.1,1760752800000,343026.4557,2159,2025-10-18 01:00:00+00:00
1760752800000,0.7556,0.7626,0.7521,0.7545,193819.2,1760756400000,146849.6674,1304,2025-10-18 02:00:00+00:00
1760756400000,0.7543,0.7626,0.752,0.7623,62390.9,1760760000000,47282.42324,590,2025-10-18 03:00:00+00:00
1760760000000,0.7621,0.7626,0.7505,0.7517,107555.1,1760763600000,81379.92193,755,2025-10-18 04:00:00+00:00
1760763600000,0.7521,0.765,0.7493,0.764,263208.1,1760767200000,199669.93945,1420,2025-10-18 05:00:00+00:00
1760767200000,0.7641,0.7677,0.7556,0.7608,212161.6,1760770800000,161508.98694,1530,2025-10-18 06:00:00+00:00
1760770800000,0.761,0.7745,0.756,0.7576,358521.7,1760774400000,274872.27125,2403,2025-10-18 07:00:00+00:00
1760774400000,0.7575,0.7643,0.7559,0.7562,753888.2,1760778000000,572748.49893,2590,2025-10-18 08:00:00+00:00
1760778000000,0.7564,0.7689,0.7562,0.7621,425733.8,1760781600000,325226.4111,1677,2025-10-18 09:00:00+00:00
1760781600000,0.762,0.7646,0.7574,0.7619,169882.7,1760785200000,129231.45477,1070,2025-10-18 10:00:00+00:00
1760785200000,0.7619,0.7686,0.7593,0.7638,181311.7,1760788800000,138530.06454,1733,2025-10-18 11:00:00+00:00
1760788800000,0.7636,0.7685,0.7574,0.7585,128568.3,1760792400000,98183.60183,1251,2025-10-18 12:00:00+00:00
1760792400000,0.7586,0.7587,0.7501,0.752,525007.6,1760796000000,396132.78154,1955,2025-10-18 13:00:00+00:00
1760796000000,0.7514,0.7575,0.745,0.7537,254167.1,1760799600000,191038.63821,1473,2025-10-18 14:00:00+00:00
1760799600000,0.7538,0.7573,0.7468,0.7507,128766.8,1760803200000,96750.09927,1021,2025-10-18 15:00:00+00:00
1760803200000,0.7509,0.7527,0.7391,0.7441,162516.1,1760806800000,120872.37337,1260,2025-10-18 16:00:00+00:00
1760806800000,0.7443,0.756,0.7409,0.7551,131724.3,1760810400000,98745.08221,891,2025-10-18 17:00:00+00:00
1760810400000,0.7552,0.7568,0.7503,0.7511,52954.3,1760814000000,39857.42024,467,2025-10-18 18:00:00+00:00
1760814000000,0.751,0.7559,0.7494,0.7555,47119.5,1760817600000,35462.01355,374,2025-10-18 19:00:00+00:00
1760817600000,0.7556,0.7616,0.7546,0.7546,271001.5,1760821200000,205625.16226,1307,2025-10-18 20:00:00+00:00
1760821200000,0.7545,0.7575,0.7505,0.7569,45593.7,1760824800000,34405.41208,546,2025-10-18 21:00:00+00:00
1760824800000,0.7568,0.7578,0.7524,0.7534,34954.8,1760828400000,26413.02145,461,2025-10-18 22:00:00+00:00
1760828400000,0.7532,0.7535,0.7511,0.7528,20274.6,1760832000000,15255.93882,219,2025-10-18 23:00:00+00:00
1760832000000,0.7527,0.754,0.7439,0.7462,76084.7,1760835600000,56927.22937,478,2025-10-19 00:00:00+00:00
1760835600000,0.7459,0.7505,0.743,0.7499,77175.0,1760839200000,57644.41429,442,2025-10-19 01:00:00+00:00
1760839200000,0.7496,0.7522,0.746,0.747,47673.2,1760842800000,35706.85739,315,2025-10-19 02:00:00+00:00
1760842800000,0.7469,0.7639,0.746,0.7614,164975.4,1760846400000,124407.00158,822,2025-10-19 03:00:00+00:00
1760846400000,0.7615,0.7755,0.7601,0.7608,289899.2,1760850000000,222049.89365,1832,2025-10-19 04:00:00+00:00
1760850000000,0.761,0.7659,0.7585,0.7601,91533.7,1760853600000,69864.20755,650,2025-10-19 05:00:00+00:00
1760853600000,0.7601,0.7623,0.7502,0.7536,198262.9,1760857200000,149559.40614,797,2025-10-19 06:00:00+00:00
1760857200000,0.754,0.7607,0.7534,0.7585,92355.1,1760860800000,69864.07839,595,2025-10-19 07:00:00+00:00
1760860800000,0.7587,0.7688,0.7485,0.7519,753564.1,1760864400000,571214.57244,4070,2025-10-19 08:00:00+00:00
1760864400000,0.7512,0.7729,0.7449,0.7647,794964.8,1760868000000,604652.75085,3954,2025-10-19 09:00:00+00:00
1760868000000,0.7656,0.783,0.7607,0.78,435188.3,1760871600000,337709.36525,3433,2025-10-19 10:00:00+00:00
1760871600000,0.78,0.79,0.7799,0.786,276628.4,1760875200000,217307.18766,2458,2025-10-19 11:00:00+00:00
1760875200000,0.7876,0.8,0.7817,0.8,673584.3,1760878800000,532978.93826,4373,2025-10-19 12:00:00+00:00
1760878800000,0.8,0.8083,0.7886,0.805,522220.0,1760882400000,417005.64902,3633,2025-10-19 13:00:00+00:00
1760882400000,0.8062,0.807,0.7939,0.803,482958.1,1760886000000,386924.17713,3005,2025-10-19 14:00:00+00:00
1760886000000,0.8027,0.8035,0.7919,0.7947,368093.7,1760889600000,293089.1642,1482,2025-10-19 15:00:00+00:00
1760889600000,0.7943,0.8011,0.7883,0.7976,408790.9,1760893200000,324754.46778,1973,2025-10-19 16:00:00+00:00
1760893200000,0.798,0.8064,0.7943,0.7974,500093.2,1760896800000,400603.82287,2211,2025-10-19 17:00:00+00:00
1760896800000,0.7977,0.803,0.7955,0.7998,174201.0,1760900400000,139196.79827,1275,2025-10-19 18:00:00+00:00
1760900400000,0.8,0.8001,0.7941,0.7983,87860.1,1760904000000,70034.2747,760,2025-10-19 19:00:00+00:00
1760904000000,0.7981,0.8024,0.797,0.8018,124076.6,1760907600000,99218.02656,1297,2025-10-19 20:00:00+00:00
1760907600000,0.802,0.8033,0.7954,0.7983,55964.9,1760911200000,44724.37367,506,2025-10-19 21:00:00+00:00
1760911200000,0.7983,0.8027,0.7974,0.8017,176064.7,1760914800000,141025.25049,1478,2025-10-19 22:00:00+00:00
1760914800000,0.8017,0.8017,0.7896,0.7913,184244.9,1760918400000,146390.58135,2206,2025-10-19 23:00:00+00:00
1760918400000,0.7912,0.7912,0.772,0.784,653835.6,1760922000000,511593.1761,6776,2025-10-20 00:00:00+00:00
1760922000000,0.7842,0.7881,0.7796,0.7806,193611.2,1760925600000,151876.74907,3420,2025-10-20 01:00:00+00:00
1760925600000,0.7805,0.7939,0.7744,0.7936,217125.9,1760929200000,169959.63691,4133,2025-10-20 02:00:00+00:00
1760929200000,0.7937,0.8137,0.787,0.808,434409.4,1760932800000,348028.69867,6373,2025-10-20 03:00:00+00:00
1760932800000,0.8081,0.8141,0.8061,0.8131,372169.8,1760936400000,301615.07105,5557,2025-10-20 04:00:00+00:00
1760936400000,0.8132,0.8227,0.8096,0.822,230592.8,1760940000000,188174.68491,4063,2025-10-20 05:00:00+00:00
1760940000000,0.8221,0.839,0.8207,0.8308,686610.7,1760943600000,570294.50829,7893,2025-10-20 06:00:00+00:00
1760943600000,0.8308,0.8308,0.8182,0.8213,246381.5,1760947200000,203302.3828,2872,2025-10-20 07:00:00+00:00
1760947200000,0.8214,0.8232,0.8128,0.8144,368619.6,1760950800000,301060.02423,2608,2025-10-20 08:00:00+00:00
1760950800000,0.8144,0.8145,0.8054,0.809,275317.7,1760954400000,222488.4003,2637,2025-10-20 09:00:00+00:00
1760954400000,0.809,0.8153,0.8011,0.8033,271511.2,1760958000000,219575.26958,3142,2025-10-20 10:00:00+00:00
1760958000000,0.8033,0.8111,0.8002,0.8088,196880.2,1760961600000,158392.06762,2749,2025-10-20 11:00:00+00:00
1760961600000,0.8084,0.8145,0.8063,0.8134,186836.5,1760965200000,151404.68317,2432,2025-10-20 12:00:00+00:00
1760965200000,0.8136,0.8227,0.8089,0.8204,291052.4,1760968800000,237137.15568,3057,2025-10-20 13:00:00+00:00
1760968800000,0.8203,0.8231,0.8114,0.8191,284064.8,1760972400000,232610.14021,2637,2025-10-20 14:00:00+00:00
1760972400000,0.8194,0.8208,0.804,0.804,324873.3,1760976000000,264394.00085,2840,2025-10-20 15:00:00+00:00
1760976000000,0.8039,0.8045,0.7873,0.7951,777304.4,1760979600000,618388.49353,5728,2025-10-20 16:00:00+00:00
1760979600000,0.7948,0.7994,0.7849,0.79,251805.8,1760983200000,199141.19105,2358,2025-10-20 17:00:00+00:00
1760983200000,0.7905,0.7945,0.7865,0.7938,348112.2,1760986800000,275333.63104,2175,2025-10-20 18:00:00+00:00
1760986800000,0.7939,0.8049,0.7901,0.8006,248930.9,1760990400000,198258.13669,1727,2025-10-20 19:00:00+00:00
1760990400000,0.8004,0.8036,0.7974,0.801,95874.4,1760994000000,76806.11333,1142,2025-10-20 20:00:00+00:00
1760994000000,0.8013,0.8075,0.7959,0.7973,143395.1,1760997600000,115001.91904,1526,2025-10-20 21:00:00+00:00
1760997600000,0.7972,0.8173,0.7951,0.8029,293206.8,1761001200000,236532.20124,2675,2025-10-20 22:00:00+00:00
1761001200000,0.803,0.803,0.7953,0.7968,106890.4,1761004800000,85437.39196,1424,2025-10-20 23:00:00+00:00
1761004800000,0.7967,0.8025,0.7948,0.8004,134596.9,1761008400000,107391.72493,1009,2025-10-21 00:00:00+00:00
1761008400000,0.8004,0.8009,0.7877,0.7895,199083.6,1761012000000,157774.10889,1597,2025-10-21 01:00:00+00:00
1761012000000,0.7899,0.7929,0.7846,0.7898,160621.5,1761015600000,126653.48343,1487,2025-10-21 02:00:00+00:00
1761015600000,0.7898,0.7929,0.7856,0.787,78282.3,1761019200000,61816.59213,748,2025-10-21 03:00:00+00:00
1761019200000,0.787,0.7882,0.7599,0.7615,772959.4,1761022800000,597053.09568,4895,2025-10-21 04:00:00+00:00
1761022800000,0.7619,0.7698,0.7592,0.7629,321725.1,1761026400000,245837.0503,3375,2025-10-21 05:00:00+00:00
1761026400000,0.7629,0.7732,0.7614,0.7672,147834.2,1761030000000,113693.77901,1301,2025-10-21 06:00:00+00:00
1761030000000,0.7672,0.7913,0.764,0.7796,373328.6,1761033600000,291406.05665,2937,2025-10-21 07:00:00+00:00
1761033600000,0.7796,0.7818,0.7676,0.7749,266591.5,1761037200000,206972.75721,2847,2025-10-21 08:00:00+00:00
1761037200000,0.7747,0.7771,0.7686,0.7692,110749.8,1761040800000,85584.17693,1659,2025-10-21 09:00:00+00:00
1761040800000,0.7692,0.7775,0.7677,0.7732,205871.2,1761044400000,159167.83803,2924,2025-10-21 10:00:00+00:00
1761044400000,0.7729,0.7779,0.7695,0.7768,150416.2,1761048000000,116184.68613,2238,2025-10-21 11:00:00+00:00
1761048000000,0.7764,0.7899,0.7738,0.779,575541.8,1761051600000,450994.20556,3127,2025-10-21 12:00:00+00:00
1761051600000,0.7791,0.7885,0.7735,0.7783,405289.7,1761055200000,315855.55146,2756,2025-10-21 13:00:00+00:00
1761055200000,0.7782,0.827,0.7782,0.826,808988.6,1761058800000,650094.75397,5745,2025-10-21 14:00:00+00:00
1761058800000,0.8266,0.8515,0.82,0.8477,2163004.3,1761062400000,1811520.71407,8999,2025-10-21 15:00:00+00:00
1761062400000,0.8477,0.8503,0.8132,0.8177,996065.7,1761066000000,832340.61943,5979,2025-10-21 16:00:00+00:00
1761066000000,0.8179,0.8279,0.8066,0.8229,734880.2,1761069600000,601471.6078,4915,2025-10-21 17:00:00+00:00
1761069600000,0.8233,0.825,0.8121,0.8183,226174.3,1761073200000,184739.30754,1718,2025-10-21 18:00:00+00:00
1761073200000,0.818,0.8202,0.8135,0.8138,146324.5,1761076800000,119457.27697,1191,2025-10-21 19:00:00+00:00
1761076800000,0.8139,0.8152,0.7939,0.7964,495411.9,1761080400000,397210.91043,3449,2025-10-21 20:00:00+00:00
1761080400000,0.7964,0.8024,0.7838,0.7981,559109.5,1761084000000,442734.48913,3210,2025-10-21 21:00:00+00:00
1761084000000,0.798,0.7981,0.7736,0.7828,802837.5,1761087600000,630068.52015,5261,2025-10-21 22:00:00+00:00
1761087600000,0.7826,0.7859,0.769,0.7747,370197.5,1761091200000,287223.03477,4161,2025-10-21 23:00:00+00:00
1761091200000,0.7744,0.7834,0.7672,0.7703,450925.5,1761094800000,349437.76004,2881,2025-10-22 00:00:00+00:00
1761094800000,0.7707,0.7758,0.7643,0.7697,836589.8,1761098400000,645171.15823,5141,2025-10-22 01:00:00+00:00
1761098400000,0.7701,0.7759,0.7683,0.7711,131696.1,1761102000000,101654.8787,1199,2025-10-22 02:00:00+00:00
1761102000000,0.7714,0.7714,0.7628,0.7683,143539.9,1761105600000,110036.07167,1091,2025-10-22 03:00:00+00:00
1761105600000,0.7679,0.7766,0.7679,0.771,131463.1,1761109200000,101755.81501,1479,2025-10-22 04:00:00+00:00
1761109200000,0.7712,0.7712,0.7456,0.7575,582503.9,1761112800000,440444.61505,4821,2025-10-22 05:00:00+00:00
1761112800000,0.7572,0.76,0.7538,0.7538,258288.9,1761116400000,195420.54007,2798,2025-10-22 06:00:00+00:00
1761116400000,0.7537,0.7627,0.7501,0.7616,392192.7,1761120000000,296558.68243,2888,2025-10-22 07:00:00+00:00
1761120000000,0.7616,0.7627,0.7565,0.7591,310561.6,1761123600000,235995.86248,2118,2025-10-22 08:00:00+00:00
1761123600000,0.7587,0.7605,0.7525,0.756,274739.9,1761127200000,207859.51998,2395,2025-10-22 09:00:00+00:00
1761127200000,0.7555,0.7616,0.7528,0.7531,147714.5,1761130800000,111756.95909,1592,2025-10-22 10:00:00+00:00
1761130800000,0.753,0.7699,0.7437,0.761,846797.9,1761134400000,640424.85277,5754,2025-10-22 11:00:00+00:00
1761134400000,0.7604,0.7656,0.7562,0.7617,171201.0,1761138000000,130416.25531,1570,2025-10-22 12:00:00+00:00
1761138000000,0.7618,0.7739,0.7567,0.7719,392268.0,1761141600000,299486.24622,3296,2025-10-22 13:00:00+00:00
1761141600000,0.7719,0.7719,0.7519,0.7709,841311.7,1761145200000,639555.60215,5291,2025-10-22 14:00:00+00:00
1761145200000,0.7712,0.7743,0.7564,0.7642,483535.2,1761148800000,369290.50698,3874,2025-10-22 15:00:00+00:00
1761148800000,0.7644,0.7663,0.7522,0.7561,558639.6,1761152400000,424518.7822,4470,2025-10-22 16:00:00+00:00
1761152400000,0.7558,0.7584,0.7443,0.7485,321434.9,1761156000000,241759.0617,1906,2025-10-22 17:00:00+00:00
1761156000000,0.7484,0.751,0.7414,0.7435,245500.0,1761159600000,183121.58477,1811,2025-10-22 18:00:00+00:00
1761159600000,0.7437,0.754,0.7335,0.7425,540083.7,1761163200000,401076.34443,3540,2025-10-22 19:00:00+00:00
1761163200000,0.7422,0.7451,0.731,0.7321,320175.3,1761166800000,235868.66796,1696,2025-10-22 20:00:00+00:00
1761166800000,0.732,0.7321,0.7081,0.7183,1226438.5,1761170400000,881469.74029,6066,2025-10-22 21:00:00+00:00
1761170400000,0.718,0.7257,0.7168,0.7212,625036.4,1761174000000,450871.52258,3930,2025-10-22 22:00:00+00:00
1761174000000,0.721,0.7383,0.7207,0.7361,547830.3,1761177600000,401893.00601,3818,2025-10-22 23:00:00+00:00
1761177600000,0.7362,0.7409,0.731,0.7392,271581.7,1761181200000,199672.73995,2680,2025-10-23 00:00:00+00:00
1761181200000,0.7391,0.7453,0.7377,0.7418,252359.9,1761184800000,187143.5703,4708,2025-10-23 01:00:00+00:00
1761184800000,0.7418,0.7432,0.7397,0.7413,192937.9,1761188400000,143022.96013,4628,2025-10-23 02:00:00+00:00
1761188400000,0.7414,0.747,0.7402,0.7442,209302.4,1761192000000,155441.4279,3220,2025-10-23 03:00:00+00:00
1761192000000,0.7442,0.7546,0.7436,0.7521,91950.9,1761195600000,68844.08253,2312,2025-10-23 04:00:00+00:00
1761195600000,0.752,0.7606,0.7519,0.758,175160.6,1761199200000,132470.66951,2587,2025-10-23 05:00:00+00:00
1761199200000,0.758,0.7708,0.7564,0.7688,300236.6,1761202800000,229853.71415,4772,2025-10-23 06:00:00+00:00
1761202800000,0.7691,0.7696,0.763,0.765,201639.1,1761206400000,154498.3164,3176,2025-10-23 07:00:00+00:00
1761206400000,0.7651,0.776,0.7647,0.7725,265215.9,1761210000000,204724.90012,3654,2025-10-23 08:00:00+00:00
1761210000000,0.7725,0.774,0.7666,0.7704,241129.0,1761213600000,185598.52662,2561,2025-10-23 09:00:00+00:00
1761213600000,0.7705,0.7733,0.767,0.7672,245966.7,1761217200000,189459.71169,3220,2025-10-23 10:00:00+00:00
1761217200000,0.7671,0.769,0.7587,0.7603,312311.9,1761220800000,238225.00544,3637,2025-10-23 11:00:00+00:00
1761220800000,0.7603,0.7625,0.7506,0.7625,393395.9,1761224400000,298152.58076,5272,2025-10-23 12:00:00+00:00
1761224400000,0.7625,0.7737,0.7575,0.7681,398589.5,1761228000000,305707.64779,5447,2025-10-23 13:00:00+00:00
1761228000000,0.7682,0.7728,0.7578,0.7728,589753.6,1761231600000,452086.43367,7252,2025-10-23 14:00:00+00:00
1761231600000,0.7729,0.782,0.7688,0.7758,596750.6,1761235200000,462559.99904,3725,2025-10-23 15:00:00+00:00
1761235200000,0.7761,0.7857,0.7717,0.7841,224339.5,1761238800000,174596.95828,1459,2025-10-23 16:00:00+00:00
1761238800000,0.7845,0.7962,0.7707,0.7912,498258.6,1761242400000,390374.86672,2756,2025-10-23 17:00:00+00:00
1761242400000,0.7914,0.7924,0.7783,0.7809,361433.7,1761246000000,283943.78843,2549,2025-10-23 18:00:00+00:00
1761246000000,0.7811,0.7833,0.7751,0.783,243613.4,1761249600000,189807.15344,1984,2025-10-23 19:00:00+00:00
1761249600000,0.7828,0.7835,0.7665,0.7699,412024.0,1761253200000,318574.92648,2384,2025-10-23 20:00:00+00:00
1761253200000,0.7697,0.7745,0.7682,0.7714,138530.2,1761256800000,106837.26163,869,2025-10-23 21:00:00+00:00
1761256800000,0.7721,0.7805,0.7717,0.7802,191754.8,1761260400000,148958.82026,1885,2025-10-23 22:00:00+00:00
1761260400000,0.7802,0.7845,0.7792,0.7836,130994.9,1761264000000,102367.2715,1608,2025-10-23 23:00:00+00:00
1761264000000,0.7837,0.7987,0.7794,0.7963,460748.6,1761267600000,363277.2162,4299,2025-10-24 00:00:00+00:00
1761267600000,0.7965,0.7986,0.7815,0.7851,356746.6,1761271200000,281001.90744,2956,2025-10-24 01:00:00+00:00
1761271200000,0.7845,0.7885,0.7806,0.7834,217675.4,1761274800000,170900.69652,1187,2025-10-24 02:00:00+00:00
1761274800000,0.7836,0.7842,0.7774,0.7809,117439.0,1761278400000,91747.30902,980,2025-10-24 03:00:00+00:00
1761278400000,0.7811,0.8033,0.7797,0.8012,275007.4,1761282000000,218164.18579,2482,2025-10-24 04:00:00+00:00
1761282000000,0.8011,0.8015,0.7962,0.801,281278.1,1761285600000,224616.25178,2172,2025-10-24 05:00:00+00:00
1761285600000,0.8009,0.98,0.8009,0.8429,8617927.0,1761289200000,7295628.2368,45859,2025-10-24 06:00:00+00:00
1761289200000,0.8433,0.8541,0.8262,0.8512,2870436.2,1761292800000,2416491.62513,15926,2025-10-24 07:00:00+00:00
1761292800000,0.851,0.9426,0.8388,0.9245,3614915.6,1761296400000,3172215.84917,26246,2025-10-24 08:00:00+00:00
1761296400000,0.9247,0.9258,0.8501,0.8575,5110607.7,1761300000000,4485146.99058,32509,2025-10-24 09:00:00+00:00
1761300000000,0.8575,0.8767,0.8475,0.8716,2337240.4,1761303600000,2011574.45819,12526,2025-10-24 10:00:00+00:00
1761303600000,0.8714,0.8823,0.8596,0.8728,1658959.7,1761307200000,1442893.22272,9044,2025-10-24 11:00:00+00:00
1761307200000,0.8728,0.9451,0.8728,0.9087,6184807.7,1761310800000,5666345.96471,32611,2025-10-24 12:00:00+00:00
1761310800000,0.9092,0.9204,0.8908,0.907,2666639.8,1761314400000,2412948.24086,17385,2025-10-24 13:00:00+00:00
1761314400000,0.9067,0.9243,0.8928,0.9093,4481903.7,1761318000000,4067526.88779,19500,2025-10-24 14:00:00+00:00
1761318000000,0.9093,0.9224,0.8915,0.894,2206377.3,1761321600000,2002917.97447,13187,2025-10-24 15:00:00+00:00
1761321600000,0.8946,0.8976,0.8687,0.8826,2562317.1,1761325200000,2256713.77444,10257,2025-10-24 16:00:00+00:00
1761325200000,0.8827,0.8977,0.8756,0.8933,1499943.0,1761328800000,1333895.04006,7310,2025-10-24 17:00:00+00:00
1761328800000,0.8931,0.9186,0.8907,0.9178,1260051.2,1761332400000,1138953.67412,6407,2025-10-24 18:00:00+00:00
1761332400000,0.9177,0.9267,0.9058,0.9146,1042161.2,1761336000000,955679.99503,7192,2025-10-24 19:00:00+00:00
1761336000000,0.9145,0.9453,0.9142,0.93,2125227.2,1761339600000,1979412.17833,10906,2025-10-24 20:00:00+00:00
1761339600000,0.9302,0.9754,0.922,0.971,1824646.7,1761343200000,1734167.97948,9511,2025-10-24 21:00:00+00:00
1761343200000,0.9708,1.001,0.9657,0.9743,4208460.3,1761346800000,4130584.739,29468,2025-10-24 22:00:00+00:00
1761346800000,0.9741,1.013,0.9714,1.0027,3448376.1,1761350400000,3421095.56733,21711,2025-10-24 23:00:00+00:00
1761350400000,1.0022,1.034,0.9734,1.0104,5013454.2,1761354000000,5038029.80922,36752,2025-10-25 00:00:00+00:00
1761354000000,1.0113,1.0266,0.9822,0.9939,3135250.9,1761357600000,3154061.60341,26609,2025-10-25 01:00:00+00:00
1761357600000,0.9936,1.1125,0.9933,1.1,5189051.3,1761361200000,5470147.05475,45861,2025-10-25 02:00:00+00:00
1761361200000,1.0999,1.1001,1.0,1.0218,7208943.5,1761364800000,7505285.88089,47184,2025-10-25 03:00:00+00:00
1761364800000,1.022,1.0603,1.0216,1.0573,3106110.4,1761368400000,3233853.08842,21495,2025-10-25 04:00:00+00:00
1761368400000,1.0572,1.0904,1.0403,1.0784,3169896.6,1761372000000,3376146.18995,23274,2025-10-25 05:00:00+00:00
1761372000000,1.0784,1.0904,1.0574,1.0667,3319740.4,1761375600000,3562711.63291,18911,2025-10-25 06:00:00+00:00
1761375600000,1.0669,1.0983,1.0581,1.0804,2802725.4,1761379200000,3019768.49874,19308,2025-10-25 07:00:00+00:00
1761379200000,1.0801,1.2,1.0796,1.1703,6797271.4,1761382800000,7735375.76241,48855,2025-10-25 08:00:00+00:00
1761382800000,1.1704,1.2252,1.1601,1.1919,5904859.6,1761386400000,7027729.80705,42023,2025-10-25 09:00:00+00:00
1761386400000,1.1928,1.1945,1.1441,1.1526,4414518.7,1761390000000,5161269.02579,34066,2025-10-25 10:00:00+00:00
1761390000000,1.1528,1.1805,1.131,1.1497,2964222.8,1761393600000,3425872.4585,20869,2025-10-25 11:00:00+00:00
1761393600000,1.1506,1.2371,1.145,1.2297,4778977.6,1761397200000,5743576.43601,34519,2025-10-25 12:00:00+00:00
1761397200000,1.23,1.3,1.21,1.2556,7931903.1,1761400800000,9915885.8447,59380,2025-10-25 13:00:00+00:00
1761400800000,1.2561,1.3818,1.2467,1.3329,8343863.8,1761404400000,11043692.46621,71391,2025-10-25 14:00:00+00:00
1761404400000,1.3328,1.364,1.3057,1.3316,6720767.0,1761408000000,8947108.85277,57377,2025-10-25 15:00:00+00:00
1761408000000,1.3313,1.39,1.2682,1.312,7780843.9,1761411600000,10347025.04593,59989,2025-10-25 16:00:00+00:00
1761411600000,1.3121,1.3396,1.2957,1.3068,3124615.5,1761415200000,4111541.79758,26524,2025-10-25 17:00:00+00:00
1761415200000,1.3067,1.3322,1.282,1.3069,3638118.4,1761418800000,4738946.93408,30935,2025-10-25 18:00:00+00:00
1761418800000,1.3068,1.31,1.2736,1.2889,2626200.9,1761422400000,3390938.29723,23996,2025-10-25 19:00:00+00:00
1761422400000,1.289,1.3168,1.2758,1.2875,2097331.1,1761426000000,2714991.47317,19702,2025-10-25 20:00:00+00:00
1761426000000,1.2872,1.3034,1.2718,1.2882,2982779.4,1761429600000,3833811.19631,19062,2025-10-25 21:00:00+00:00
1761429600000,1.2887,1.2968,1.2501,1.2742,2669057.0,1761433200000,3399762.3575,23421,2025-10-25 22:00:00+00:00
1761433200000,1.2742,1.3181,1.2685,1.3172,1987592.6,1761436800000,2573968.33614,14779,2025-10-25 23:00:00+00:00
1761436800000,1.3172,1.3286,1.2865,1.2888,3177764.2,1761440400000,4152919.01177,26241,2025-10-26 00:00:00+00:00
1761440400000,1.2886,1.2932,1.25,1.2603,2523921.4,1761444000000,3197551.82075,27665,2025-10-26 01:00:00+00:00
1761444000000,1.2602,1.2609,1.2141,1.2231,5637941.6,1761447600000,6964102.00965,31591,2025-10-26 02:00:00+00:00
1761447600000,1.2231,1.23,1.1816,1.1926,4814698.3,1761451200000,5823420.9185,39077,2025-10-26 03:00:00+00:00
1761451200000,1.1927,1.2182,1.1876,1.1967,1896501.8,1761454800000,2288874.12284,14484,2025-10-26 04:00:00+00:00
1761454800000,1.1965,1.2204,1.1912,1.2174,1533223.8,1761458400000,1850176.97953,12492,2025-10-26 05:00:00+00:00
1761458400000,1.217,1.2184,1.175,1.1848,1956974.1,1761462000000,2339906.4227,14217,2025-10-26 06:00:00+00:00
1761462000000,1.1849,1.213,1.1826,1.2126,1242345.5,1761465600000,1491625.1692,11126,2025-10-26 07:00:00+00:00
1761465600000,1.2126,1.2214,1.1835,1.1874,2302559.4,1761469200000,2770586.93262,15618,2025-10-26 08:00:00+00:00
1761469200000,1.1875,1.2192,1.1848,1.2157,2361747.2,1761472800000,2839769.25294,16203,2025-10-26 09:00:00+00:00
1761472800000,1.2157,1.2287,1.2009,1.2147,1435975.2,1761476400000,1740284.08621,13436,2025-10-26 10:00:00+00:00
1761476400000,1.2147,1.2952,1.2096,1.2837,5000540.8,1761480000000,6283596.82192,46922,2025-10-26 11:00:00+00:00
1761480000000,1.2838,1.3247,1.2294,1.2365,5325754.5,1761483600000,6773344.73592,54162,2025-10-26 12:00:00+00:00
1761483600000,1.2363,1.2415,1.2088,1.2199,2516537.3,1761487200000,3073622.88371,18169,2025-10-26 13:00:00+00:00
1761487200000,1.2197,1.2365,1.2067,1.2347,1881580.6,1761490800000,2295220.04583,10690,2025-10-26 14:00:00+00:00
1761490800000,1.235,1.2599,1.2195,1.2299,2725759.2,1761494400000,3376655.76031,16793,2025-10-26 15:00:00+00:00
1761494400000,1.2299,1.2436,1.2149,1.2296,1179435.2,1761498000000,1450924.35971,9329,2025-10-26 16:00:00+00:00
1761498000000,1.2295,1.2681,1.2249,1.2678,1609141.0,1761501600000,2006750.24272,10637,2025-10-26 17:00:00+00:00
1761501600000,1.2679,1.3404,1.2677,1.3179,3032734.9,1761505200000,3957904.35887,32833,2025-10-26 18:00:00+00:00
1761505200000,1.3187,1.3371,1.3026,1.3132,2421381.2,1761508800000,3193737.88839,27774,2025-10-26 19:00:00+00:00
1761508800000,1.3128,1.3348,1.2823,1.3343,1844185.0,1761512400000,2400440.19493,24834,2025-10-26 20:00:00+00:00
1761512400000,1.3344,1.4446,1.3332,1.4389,4870969.7,1761516000000,6713176.44738,44157,2025-10-26 21:00:00+00:00
1761516000000,1.439,1.52,1.4275,1.4838,7370936.4,1761519600000,10887065.10209,118365,2025-10-26 22:00:00+00:00
1761519600000,1.4838,1.5761,1.4821,1.5107,7731287.4,1761523200000,11779325.42891,121312,2025-10-26 23:00:00+00:00
1761523200000,1.5109,1.557,1.4909,1.5283,4552873.6,1761526800000,6934011.04742,89550,2025-10-27 00:00:00+00:00
1761526800000,1.5282,1.5971,1.5161,1.5907,3577005.2,1761530400000,5553479.67534,74461,2025-10-27 01:00:00+00:00
1761530400000,1.5908,1.6477,1.5745,1.5976,5143950.2,1761534000000,8272121.88499,105691,2025-10-27 02:00:00+00:00
1761534000000,1.5975,1.5989,1.5175,1.541,4014928.1,1761537600000,6253812.66676,73152,2025-10-27 03:00:00+00:00
1761537600000,1.5409,1.5818,1.5372,1.564,2649085.9,1761541200000,4134323.19688,49004,2025-10-27 04:00:00+00:00
1761541200000,1.5639,1.585,1.5436,1.554,1836288.9,1761544800000,2874458.47913,38855,2025-10-27 05:00:00+00:00
1761544800000,1.5539,1.5563,1.4799,1.4888,3932100.1,1761548400000,5924691.26376,67634,2025-10-27 06:00:00+00:00
1761548400000,1.4888,1.4978,1.455,1.489,2956538.9,1761552000000,4366776.23257,31145,2025-10-27 07:00:00+00:00
1761552000000,1.489,1.5087,1.4437,1.4493,3680496.0,1761555600000,5415507.92136,38894,2025-10-27 08:00:00+00:00
1761555600000,1.4493,1.4611,1.4359,1.4548,1826043.4,1761559200000,2641144.14147,17075,2025-10-27 09:00:00+00:00
1761559200000,1.4548,1.4698,1.4387,1.4622,1362750.3,1761562800000,1987036.1173,13820,2025-10-27 10:00:00+00:00
1761562800000,1.4622,1.4656,1.4067,1.41,2002186.5,1761566400000,2867026.01009,18273,2025-10-27 11:00:00+00:00
1761566400000,1.4104,1.4903,1.4061,1.4759,2664491.6,1761570000000,3877171.88732,24252,2025-10-27 12:00:00+00:00
1761570000000,1.4759,1.4924,1.4494,1.4711,4134846.3,1761573600000,6087405.73686,39002,2025-10-27 13:00:00+00:00
1761573600000,1.4712,1.4937,1.4526,1.4604,2021443.2,1761577200000,2979743.63875,18067,2025-10-27 14:00:00+00:00
1761577200000,1.4603,1.5061,1.4581,1.4729,1677768.0,1761580800000,2482167.71075,18164,2025-10-27 15:00:00+00:00
1761580800000,1.4733,1.4998,1.4622,1.4722,1615165.6,1761584400000,2392022.79746,16201,2025-10-27 16:00:00+00:00
1761584400000,1.4724,1.4873,1.4671,1.4766,1050918.7,1761588000000,1553180.35723,10755,2025-10-27 17:00:00+00:00
1761588000000,1.4764,1.4764,1.4345,1.4572,1250843.9,1761591600000,1819415.87753,12222,2025-10-27 18:00:00+00:00
1761591600000,1.4571,1.4681,1.4389,1.4413,1164929.6,1761595200000,1691942.82234,9279,2025-10-27 19:00:00+00:00
1761595200000,1.4412,1.4414,1.424,1.4255,1049256.0,1761598800000,1502529.88342,12531,2025-10-27 20:00:00+00:00
1761598800000,1.4259,1.4405,1.4178,1.4275,970429.3,1761602400000,1385957.01438,8335,2025-10-27 21:00:00+00:00
1761602400000,1.4274,1.4349,1.3981,1.4052,1382336.2,1761606000000,1953657.78109,8772,2025-10-27 22:00:00+00:00
1761606000000,1.4057,1.4559,1.4044,1.4321,1214708.4,1761609600000,1738450.5163,9987,2025-10-27 23:00:00+00:00
1761609600000,1.4324,1.4634,1.4072,1.4554,1570449.4,1761613200000,2249666.68951,16569,2025-10-28 00:00:00+00:00
1761613200000,1.4555,1.4772,1.413,1.4141,1463224.5,1761616800000,2114204.66899,16806,2025-10-28 01:00:00+00:00
1761616800000,1.4143,1.4255,1.3821,1.4072,1798517.1,1761620400000,2514230.41699,18491,2025-10-28 02:00:00+00:00
1761620400000,1.407,1.4884,1.4037,1.4736,2503378.4,1761624000000,3632689.40544,25242,2025-10-28 03:00:00+00:00
1761624000000,1.4736,1.4965,1.4461,1.456,1584464.7,1761627600000,2338129.96192,21626,2025-10-28 04:00:00+00:00
1761627600000,1.4558,1.4755,1.4237,1.4501,1460084.1,1761631200000,2106433.86698,16915,2025-10-28 05:00:00+00:00
1761631200000,1.4503,1.469,1.4023,1.4051,1658676.0,1761634800000,2382226.31509,18976,2025-10-28 06:00:00+00:00
1761634800000,1.4047,1.415,1.3613,1.3777,2508354.1,1761638400000,3490060.37249,18147,2025-10-28 07:00:00+00:00
1761638400000,1.3768,1.4337,1.372,1.4174,1656010.2,1761642000000,2338013.38456,13341,2025-10-28 08:00:00+00:00
1761642000000,1.4171,1.4804,1.4169,1.4607,2098052.2,1761645600000,3069843.35788,18228,2025-10-28 09:00:00+00:00
1761645600000,1.4608,1.5917,1.4526,1.5824,4406780.3,1761649200000,6806977.2832,30360,2025-10-28 10:00:00+00:00
1761649200000,1.582,1.6853,1.5629,1.5772,7002862.6,1761652800000,11348824.30761,54511,2025-10-28 11:00:00+00:00
1761652800000,1.5774,1.5821,1.3811,1.4573,12452052.6,1761656400000,18066572.83984,109684,2025-10-28 12:00:00+00:00
1761656400000,1.457,1.5203,1.4456,1.4732,4629932.7,1761660000000,6859244.1156,37683,2025-10-28 13:00:00+00:00
1761660000000,1.474,1.4898,1.4544,1.473,2434152.5,1761663600000,3580959.47454,23025,2025-10-28 14:00:00+00:00
1761663600000,1.4733,1.4837,1.4262,1.4474,1334883.6,1761667200000,1932732.21149,12571,2025-10-28 15:00:00+00:00
1761667200000,1.4472,1.4913,1.4438,1.4718,1752243.5,1761670800000,2577689.17408,18916,2025-10-28 16:00:00+00:00
1761670800000,1.4724,1.52,1.458,1.5144,976119.3,1761674400000,1451478.22577,11176,2025-10-28 17:00:00+00:00
1761674400000,1.5143,1.5317,1.4959,1.5256,1117679.0,1761678000000,1689059.94705,11896,2025-10-28 18:00:00+00:00
1761678000000,1.5268,1.5388,1.472,1.4864,1487391.2,1761681600000,2235293.03223,14380,2025-10-28 19:00:00+00:00
1761681600000,1.486,1.4898,1.4441,1.4466,2067030.4,1761685200000,3018438.96971,16673,2025-10-28 20:00:00+00:00
1761685200000,1.4462,1.5231,1.4365,1.4735,2194295.7,1761688800000,3254236.78799,14644,2025-10-28 21:00:00+00:00
1761688800000,1.4735,1.5465,1.4668,1.5292,1951288.9,1761692400000,2948480.01811,19839,2025-10-28 22:00:00+00:00
1761692400000,1.5296,1.5328,1.4934,1.4969,1326490.9,1761696000000,2009413.63548,13222,2025-10-28 23:00:00+00:00
1761696000000,1.4968,1.5447,1.4817,1.522,2062188.5,1761699600000,3119607.11967,20594,2025-10-29 00:00:00+00:00
1761699600000,1.5219,1.5386,1.4971,1.5196,1761106.2,1761703200000,2672237.19105,15915,2025-10-29 01:00:00+00:00
1761703200000,1.5184,1.5422,1.4878,1.4929,2544629.7,1761706800000,3863205.29055,22707,2025-10-29 02:00:00+00:00
1761706800000,1.4928,1.5034,1.4663,1.4686,942765.0,1761710400000,1405039.67798,11463,2025-10-29 03:00:00+00:00
1761710400000,1.4694,1.5278,1.4667,1.5064,1040177.5,1761714000000,1567349.87436,13372,2025-10-29 04:00:00+00:00
1761714000000,1.5063,1.509,1.4594,1.4688,940708.9,1761717600000,1399376.17773,12412,2025-10-29 05:00:00+00:00
1761717600000,1.4684,1.4854,1.4478,1.464,1016948.3,1761721200000,1490062.1946,12846,2025-10-29 06:00:00+00:00
1761721200000,1.4644,1.4961,1.4517,1.4554,858582.3,1761724800000,1260075.95743,10410,2025-10-29 07:00:00+00:00
1761724800000,1.4555,1.4903,1.4324,1.4629,1509443.3,1761728400000,2205034.10111,17033,2025-10-29 08:00:00+00:00
1761728400000,1.463,1.4865,1.4489,1.4824,833852.0,1761732000000,1221378.60075,11134,2025-10-29 09:00:00+00:00
1761732000000,1.4823,1.5332,1.4774,1.5096,1897808.6,1761735600000,2869367.5404,21231,2025-10-29 10:00:00+00:00
1761735600000,1.5098,1.5285,1.4665,1.518,2068434.2,1761739200000,3108870.37666,22166,2025-10-29 11:00:00+00:00
1761739200000,1.5176,1.5191,1.4841,1.4949,1205981.1,1761742800000,1809985.44446,12220,2025-10-29 12:00:00+00:00
1761742800000,1.4945,1.5151,1.472,1.4825,1563141.8,1761746400000,2328014.13462,14862,2025-10-29 13:00:00+00:00
1761746400000,1.4828,1.4879,1.4534,1.4706,897758.9,1761750000000,1320124.12834,11298,2025-10-29 14:00:00+00:00
1761750000000,1.4706,1.4991,1.4611,1.4686,1855191.3,1761753600000,2743059.11776,19204,2025-10-29 15:00:00+00:00
1761753600000,1.4688,1.5305,1.459,1.523,1661485.8,1761757200000,2490862.80548,16340,2025-10-29 16:00:00+00:00
1761757200000,1.5225,1.5692,1.5104,1.5528,2958561.0,1761760800000,4570600.58703,29007,2025-10-29 17:00:00+00:00
1761760800000,1.553,1.5572,1.4656,1.5121,3999010.5,1761764400000,6023730.90123,42735,2025-10-29 18:00:00+00:00
1761764400000,1.5117,1.5823,1.5079,1.5228,2952375.5,1761768000000,4560189.92441,26276,2025-10-29 19:00:00+00:00
1761768000000,1.5232,1.5781,1.5069,1.5713,1922393.2,1761771600000,2968873.07898,17380,2025-10-29 20:00:00+00:00
1761771600000,1.5714,1.595,1.5441,1.5714,1922235.3,1761775200000,3013631.41118,21683,2025-10-29 21:00:00+00:00
1761775200000,1.5714,1.5733,1.5158,1.5346,1361007.5,1761778800000,2091955.53253,23414,2025-10-29 22:00:00+00:00
1761778800000,1.5346,1.5404,1.4831,1.5158,1648909.6,1761782400000,2487333.27636,30232,2025-10-29 23:00:00+00:00
1761782400000,1.5159,1.5314,1.4874,1.4983,2759512.1,1761786000000,4169038.57376,48203,2025-10-30 00:00:00+00:00
1761786000000,1.4981,1.5205,1.4881,1.4996,1996357.5,1761789600000,3003171.65319,39115,2025-10-30 01:00:00+00:00
1761789600000,1.4995,1.5546,1.4972,1.5429,1388486.2,1761793200000,2131930.03931,32395,2025-10-30 02:00:00+00:00
1761793200000,1.543,1.5459,1.5047,1.5212,1277124.6,1761796800000,1943034.38743,27758,2025-10-30 03:00:00+00:00
1761796800000,1.5213,1.5219,1.4418,1.4823,3274153.4,1761800400000,4808851.03137,66643,2025-10-30 04:00:00+00:00
1761800400000,1.4823,1.4861,1.4458,1.4549,1802624.2,1761804000000,2632650.18938,39154,2025-10-30 05:00:00+00:00
1761804000000,1.4549,1.4549,1.4103,1.4365,2135107.1,1761807600000,3053338.94253,43658,2025-10-30 06:00:00+00:00
1761807600000,1.4365,1.4977,1.4269,1.4942,2184739.6,1761811200000,3211666.93113,40078,2025-10-30 07:00:00+00:00
1761811200000,1.4941,1.5129,1.4589,1.4617,2276809.6,1761814800000,3376926.91857,38690,2025-10-30 08:00:00+00:00
1761814800000,1.4616,1.4638,1.4198,1.4206,2389267.9,1761818400000,3447969.79395,29758,2025-10-30 09:00:00+00:00
1761818400000,1.4207,1.4326,1.3923,1.4113,1203537.7,1761822000000,1700700.3336,22414,2025-10-30 10:00:00+00:00
1761822000000,1.4112,1.4182,1.3879,1.3896,1605897.1,1761825600000,2247837.47062,22910,2025-10-30 11:00:00+00:00
1761825600000,1.3897,1.4014,1.3689,1.3832,2245793.7,1761829200000,3106985.45102,41142,2025-10-30 12:00:00+00:00
1761829200000,1.3832,1.3993,1.3434,1.3551,4545680.8,1761832800000,6245250.97936,64998,2025-10-30 13:00:00+00:00
1761832800000,1.3552,1.376,1.3332,1.3393,1724891.4,1761836400000,2336272.93081,38887,2025-10-30 14:00:00+00:00
1761836400000,1.3392,1.3496,1.3084,1.3108,1990393.4,1761840000000,2633606.80961,43012,2025-10-30 15:00:00+00:00
1761840000000,1.3107,1.3214,1.2882,1.2979,2082147.8,1761843600000,2708370.10306,35742,2025-10-30 16:00:00+00:00
1761843600000,1.2978,1.2991,1.2601,1.2688,2175085.8,1761847200000,2780928.40138,43394,2025-10-30 17:00:00+00:00
1761847200000,1.2688,1.281,1.207,1.2227,3060390.9,1761850800000,3769903.14067,42198,2025-10-30 18:00:00+00:00
1761850800000,1.2226,1.2518,1.2157,1.2391,1439032.6,1761854400000,1781838.0007,34989,2025-10-30 19:00:00+00:00
1761854400000,1.239,1.268,1.2334,1.2545,1967032.8,1761858000000,2469509.19801,38426,2025-10-30 20:00:00+00:00
1761858000000,1.2545,1.298,1.2397,1.2865,2657393.8,1761861600000,3353974.96769,23293,2025-10-30 21:00:00+00:00
1761861600000,1.2864,1.3033,1.2627,1.2753,7015316.4,1761865200000,8994279.63114,65457,2025-10-30 22:00:00+00:00
1761865200000,1.2755,1.2765,1.2521,1.2552,2616881.4,1761868800000,3303935.10422,40614,2025-10-30 23:00:00+00:00
1761868800000,1.2552,1.3244,1.2465,1.3167,3742082.0,1761872400000,4806370.75765,72599,2025-10-31 00:00:00+00:00
1761872400000,1.3168,1.3537,1.308,1.3423,3325007.2,1761876000000,4431195.90219,62924,2025-10-31 01:00:00+00:00
1761876000000,1.3422,1.3422,1.3014,1.3163,1673901.9,1761879600000,2205696.17727,29135,2025-10-31 02:00:00+00:00
1761879600000,1.3163,1.3425,1.3099,1.3266,993051.9,1761883200000,1317253.26181,20394,2025-10-31 03:00:00+00:00
1761883200000,1.3265,1.3406,1.3128,1.3307,3772538.3,1761886800000,4995474.91733,43430,2025-10-31 04:00:00+00:00
1761886800000,1.3307,1.3447,1.3185,1.3319,1684501.7,1761890400000,2239675.87195,22139,2025-10-31 05:00:00+00:00
1761890400000,1.332,1.3603,1.3248,1.3287,1833852.5,1761894000000,2458777.63583,30180,2025-10-31 06:00:00+00:00
1761894000000,1.3287,1.3581,1.326,1.354,970247.2,1761897600000,1301550.17796,13669,2025-10-31 07:00:00+00:00
1761897600000,1.3543,1.4165,1.3353,1.4156,3336932.6,1761901200000,4558249.43813,26457,2025-10-31 08:00:00+00:00
1761901200000,1.4154,1.4649,1.4081,1.4455,3455956.5,1761904800000,4975927.9326,42230,2025-10-31 09:00:00+00:00
1761904800000,1.4456,1.4534,1.3966,1.416,2917791.7,1761908400000,4151733.74407,38503,2025-10-31 10:00:00+00:00
1761908400000,1.4162,1.4436,1.3959,1.429,2618004.7,1761912000000,3724100.4725,28122,2025-10-31 11:00:00+00:00
1761912000000,1.429,1.429,1.3512,1.3781,2690739.2,1761915600000,3740297.54953,20581,2025-10-31 12:00:00+00:00
1761915600000,1.3784,1.4075,1.3671,1.406,1799765.5,1761919200000,2491012.49849,14834,2025-10-31 13:00:00+00:00
1761919200000,1.4062,1.4075,1.3648,1.4027,1871211.9,1761922800000,2596710.59184,17010,2025-10-31 14:00:00+00:00
1761922800000,1.4028,1.4029,1.3682,1.3778,1199717.1,1761926400000,1659753.76731,12890,2025-10-31 15:00:00+00:00
1761926400000,1.3776,1.3801,1.3444,1.3499,2241856.8,1761930000000,3047234.73031,20887,2025-10-31 16:00:00+00:00
1761930000000,1.35,1.3673,1.3336,1.3601,2210191.8,1761933600000,2976422.05282,16584,2025-10-31 17:00:00+00:00
1761933600000,1.3602,1.38,1.349,1.3616,1217753.8,1761937200000,1662035.34372,11962,2025-10-31 18:00:00+00:00
1761937200000,1.3612,1.39,1.3452,1.3792,1183427.8,1761940800000,1621370.23247,9991,2025-10-31 19:00:00+00:00
1761940800000,1.3794,1.398,1.3732,1.38,872312.3,1761944400000,1208793.55587,7163,2025-10-31 20:00:00+00:00
1761944400000,1.3788,1.3879,1.3729,1.3749,461187.7,1761948000000,636699.30778,5077,2025-10-31 21:00:00+00:00
1761948000000,1.375,1.375,1.3544,1.3694,948399.5,1761951600000,1295315.9058,14751,2025-10-31 22:00:00+00:00
1761951600000,1.3692,1.3715,1.3596,1.3596,495686.5,1761955200000,676491.1519,9084,2025-10-31 23:00:00+00:00
1761955200000,1.3596,1.4787,1.3424,1.4696,4715942.3,1761958800000,6685634.45507,84659,2025-11-01 00:00:00+00:00
1761958800000,1.4695,1.5925,1.466,1.56,6682071.6,1761962400000,10262311.93795,132921,2025-11-01 01:00:00+00:00
1761962400000,1.5599,1.6413,1.5104,1.6237,5018804.8,1761966000000,7897090.92127,99328,2025-11-01 02:00:00+00:00
1761966000000,1.6236,1.7835,1.6194,1.7633,9799090.2,1761969600000,16682676.83262,163077,2025-11-01 03:00:00+00:00
1761969600000,1.7634,1.8286,1.7634,1.8061,6569998.4,1761973200000,11799726.32319,134148,2025-11-01 04:00:00+00:00
1761973200000,1.8061,1.82,1.7311,1.7863,4942414.0,1761976800000,8827997.76771,98830,2025-11-01 05:00:00+00:00
1761976800000,1.7863,1.8113,1.7532,1.7739,3703737.5,1761980400000,6598108.98841,78230,2025-11-01 06:00:00+00:00
1761980400000,1.774,1.8673,1.6501,1.7521,10922864.5,1761984000000,19121759.92525,169205,2025-11-01 07:00:00+00:00
1761984000000,1.7522,1.7966,1.7138,1.7771,4740558.4,1761987600000,8324076.37738,118210,2025-11-01 08:00:00+00:00
1761987600000,1.777,1.7967,1.7392,1.7614,3214575.4,1761991200000,5673284.96669,62529,2025-11-01 09:00:00+00:00
1761991200000,1.7614,1.7899,1.7467,1.7622,2012722.7,1761994800000,3553214.26742,48664,2025-11-01 10:00:00+00:00
1761994800000,1.7623,1.8225,1.7623,1.8158,3621759.6,1761998400000,6478132.85476,64286,2025-11-01 11:00:00+00:00
1761998400000,1.8158,1.8807,1.8069,1.8446,6017783.0,1762002000000,11052989.77456,115332,2025-11-01 12:00:00+00:00
1762002000000,1.8447,1.8529,1.7494,1.7662,6076439.0,1762005600000,10944729.62594,115781,2025-11-01 13:00:00+00:00
1762005600000,1.7664,1.7786,1.6955,1.7051,4290556.1,1762009200000,7434461.79781,85883,2025-11-01 14:00:00+00:00
1762009200000,1.7054,1.7489,1.6555,1.7211,4174361.6,1762012800000,7107652.43767,80490,2025-11-01 15:00:00+00:00
1762012800000,1.7211,1.7573,1.7013,1.752,2851160.5,1762016400000,4954059.49465,69110,2025-11-01 16:00:00+00:00
1762016400000,1.752,1.7685,1.7358,1.7384,1291529.4,1762020000000,2260066.18153,39923,2025-11-01 17:00:00+00:00
1762020000000,1.7383,1.8076,1.7351,1.7965,1344468.8,1762023600000,2388596.60349,38643,2025-11-01 18:00:00+00:00
1762023600000,1.7964,1.8374,1.7736,1.8359,1713545.3,1762027200000,3093845.76557,45915,2025-11-01 19:00:00+00:00
1762027200000,1.836,1.8999,1.8268,1.8663,3138487.3,1762030800000,5854091.72281,70522,2025-11-01 20:00:00+00:00
1762030800000,1.8664,1.8856,1.7923,1.7932,2497808.4,1762034400000,4563511.23024,37955,2025-11-01 21:00:00+00:00
1762034400000,1.7932,1.7959,1.75,1.786,3439629.2,1762038000000,6101070.78799,57792,2025-11-01 22:00:00+00:00
1762038000000,1.786,1.8566,1.7764,1.8336,3142578.5,1762041600000,5718098.90456,76867,2025-11-01 23:00:00+00:00
1762041600000,1.8335,1.8545,1.7814,1.8039,4611727.7,1762045200000,8412123.62974,102768,2025-11-02 00:00:00+00:00
1762045200000,1.804,1.8405,1.7891,1.8049,2358142.7,1762048800000,4275232.57641,62723,2025-11-02 01:00:00+00:00
1762048800000,1.8048,1.8407,1.8,1.8248,1944293.2,1762052400000,3541119.72541,52017,2025-11-02 02:00:00+00:00
1762052400000,1.8249,1.8284,1.7647,1.7793,1894751.4,1762056000000,3414600.33396,43467,2025-11-02 03:00:00+00:00
1762056000000,1.7792,1.8128,1.7713,1.7736,1407116.3,1762059600000,2524733.70961,34830,2025-11-02 04:00:00+00:00
1762059600000,1.7736,1.7907,1.7015,1.731,2808073.1,1762063200000,4880726.83583,56607,2025-11-02 05:00:00+00:00
1762063200000,1.7312,1.7744,1.7294,1.7398,1566729.9,1762066800000,2746656.14319,36483,2025-11-02 06:00:00+00:00
1762066800000,1.7398,1.7694,1.7387,1.7568,1343912.7,1762070400000,2357507.58614,27701,2025-11-02 07:00:00+00:00
1762070400000,1.7567,1.7626,1.7168,1.7236,2397754.1,1762074000000,4156190.97223,35455,2025-11-02 08:00:00+00:00
1762074000000,1.7235,1.7483,1.6946,1.699,1466651.8,1762077600000,2519462.73914,29552,2025-11-02 09:00:00+00:00
1762077600000,1.6991,1.7098,1.6726,1.6796,2216159.2,1762081200000,3747398.29213,38886,2025-11-02 10:00:00+00:00
1762081200000,1.6796,1.6953,1.6612,1.6815,1414501.5,1762084800000,2373786.86175,26754,2025-11-02 11:00:00+00:00
1762084800000,1.6815,1.7001,1.6656,1.6739,1787116.6,1762088400000,3008884.67092,35468,2025-11-02 12:00:00+00:00
1762088400000,1.674,1.7055,1.6636,1.6906,1450268.0,1762092000000,2444046.91281,31351,2025-11-02 13:00:00+00:00
1762092000000,1.6906,1.7021,1.62,1.6761,3229071.9,1762095600000,5344609.56349,53319,2025-11-02 14:00:00+00:00
1762095600000,1.6761,1.7047,1.6634,1.6775,2205610.0,1762099200000,3726642.19888,42764,2025-11-02 15:00:00+00:00
1762099200000,1.6775,1.7014,1.6624,1.6783,1256770.5,1762102800000,2111318.38175,29478,2025-11-02 16:00:00+00:00
1762102800000,1.6786,1.679,1.643,1.6473,830395.9,1762106400000,1376812.57366,14828,2025-11-02 17:00:00+00:00
1762106400000,1.6473,1.6519,1.625,1.6405,1029959.8,1762110000000,1685978.44512,17970,2025-11-02 18:00:00+00:00
1762110000000,1.6404,1.6427,1.6048,1.6284,831471.8,1762113600000,1349427.99181,16305,2025-11-02 19:00:00+00:00
1762113600000,1.6284,1.6433,1.6234,1.6428,411300.8,1762117200000,672096.81025,9391,2025-11-02 20:00:00+00:00
1762117200000,1.6424,1.6726,1.6355,1.6611,661745.8,1762120800000,1094456.50066,15084,2025-11-02 21:00:00+00:00
1762120800000,1.6611,1.6818,1.6435,1.6557,881266.2,1762124400000,1465077.40675,15278,2025-11-02 22:00:00+00:00
1762124400000,1.6558,1.683,1.6558,1.673,1922715.1,1762128000000,3208073.85056,38293,2025-11-02 23:00:00+00:00
1762128000000,1.673,1.6937,1.5797,1.5797,2718801.0,1762131600000,4424608.57366,57894,2025-11-03 00:00:00+00:00
1762131600000,1.5802,1.6062,1.5577,1.5736,2853775.0,1762135200000,4505500.93426,46180,2025-11-03 01:00:00+00:00
1762135200000,1.5735,1.5803,1.5386,1.5431,2569301.9,1762138800000,3998094.37239,44341,2025-11-03 02:00:00+00:00
1762138800000,1.5432,1.5551,1.5,1.5133,3203495.1,1762142400000,4893804.7264,48376,2025-11-03 03:00:00+00:00
1762142400000,1.5132,1.5584,1.4798,1.5553,4234439.1,1762146000000,6391064.46129,67342,2025-11-03 04:00:00+00:00
1762146000000,1.5552,1.561,1.5187,1.5237,2190714.6,1762149600000,3377310.32615,43627,2025-11-03 05:00:00+00:00
1762149600000,1.5238,1.5475,1.5047,1.5302,1758492.9,1762153200000,2677130.55898,38215,2025-11-03 06:00:00+00:00
1762153200000,1.5302,1.5517,1.5166,1.538,1557783.1,1762156800000,2387316.80301,39194,2025-11-03 07:00:00+00:00
1762156800000,1.5379,1.5464,1.4529,1.491,6894930.1,1762160400000,10244689.97772,63373,2025-11-03 08:00:00+00:00
1762160400000,1.491,1.4962,1.4297,1.4416,2552112.8,1762164000000,3732792.72538,57605,2025-11-03 09:00:00+00:00
1762164000000,1.4416,1.4646,1.4332,1.44,1616642.2,1762167600000,2342817.45912,35566,2025-11-03 10:00:00+00:00
1762167600000,1.4401,1.4724,1.4401,1.4585,1332881.8,1762171200000,1941428.90242,31532,2025-11-03 11:00:00+00:00
1762171200000,1.4585,1.4608,1.4018,1.4084,2423130.9,1762174800000,3464079.48619,38652,2025-11-03 12:00:00+00:00
1762174800000,1.4084,1.4282,1.3903,1.3951,2923150.3,1762178400000,4110863.80267,45185,2025-11-03 13:00:00+00:00
1762178400000,1.3951,1.44,1.374,1.4367,3285620.8,1762182000000,4588504.58479,55229,2025-11-03 14:00:00+00:00
1762182000000,1.4367,1.4387,1.3152,1.3791,6191434.5,1762185600000,8579821.02699,111594,2025-11-03 15:00:00+00:00
1762185600000,1.3792,1.4188,1.372,1.4126,2718937.1,1762189200000,3803614.20356,67009,2025-11-03 16:00:00+00:00
1762189200000,1.4125,1.5,1.4071,1.4895,4944408.7,1762192800000,7200822.29307,88080,2025-11-03 17:00:00+00:00
1762192800000,1.4894,1.4911,1.4517,1.4629,2431316.7,1762196400000,3578768.45449,47012,2025-11-03 18:00:00+00:00
1762196400000,1.4629,1.475,1.4373,1.4633,2577554.2,1762200000000,3753707.23831,41747,2025-11-03 19:00:00+00:00
1762200000000,1.4634,1.4688,1.4146,1.428,2650906.4,1762203600000,3838912.01018,39904,2025-11-03 20:00:00+00:00
1762203600000,1.4279,1.4573,1.4153,1.4546,2116250.2,1762207200000,3046919.56131,44158,2025-11-03 21:00:00+00:00
1762207200000,1.4545,1.4832,1.4343,1.4349,2329676.9,1762210800000,3397808.53761,22502,2025-11-03 22:00:00+00:00
1762210800000,1.4349,1.4671,1.4208,1.4608,1305905.3,1762214400000,1897237.31667,23855,2025-11-03 23:00:00+00:00
1762214400000,1.4608,1.4728,1.4167,1.4303,2236454.6,1762218000000,3226795.28784,53907,2025-11-04 00:00:00+00:00
1762218000000,1.4304,1.4499,1.4193,1.436,1483706.8,1762221600000,2130005.24762,40178,2025-11-04 01:00:00+00:00
1762221600000,1.436,1.4608,1.4009,1.404,2037745.8,1762225200000,2913490.51338,42958,2025-11-04 02:00:00+00:00
1762225200000,1.404,1.4332,1.3963,1.4202,2345628.0,1762228800000,3316060.67768,44039,2025-11-04 03:00:00+00:00
1762228800000,1.4203,1.4222,1.3795,1.386,1997948.2,1762232400000,2793337.84248,37526,2025-11-04 04:00:00+00:00
1762232400000,1.3858,1.4044,1.3478,1.3486,3464496.2,1762236000000,4738752.4463,68590,2025-11-04 05:00:00+00:00
1762236000000,1.3486,1.3921,1.3372,1.3551,3740781.1,1762239600000,5075488.21397,67842,2025-11-04 06:00:00+00:00
1762239600000,1.355,1.355,1.3168,1.3287,2260552.5,1762243200000,3009682.83103,38154,2025-11-04 07:00:00+00:00
1762243200000,1.3286,1.3455,1.3096,1.322,2651742.8,1762246800000,3513411.77867,43672,2025-11-04 08:00:00+00:00
1762246800000,1.3221,1.3853,1.3218,1.3836,2160192.6,1762250400000,2926484.23254,41035,2025-11-04 09:00:00+00:00
1762250400000,1.3836,1.3971,1.3646,1.3727,2398635.9,1762254000000,3308305.53435,40658,2025-11-04 10:00:00+00:00
1762254000000,1.3726,1.3896,1.3491,1.3598,2102069.2,1762257600000,2871325.51157,29595,2025-11-04 11:00:00+00:00
1762257600000,1.3598,1.3644,1.3267,1.3366,1567729.5,1762261200000,2106639.48179,28231,2025-11-04 12:00:00+00:00
1762261200000,1.3366,1.3471,1.3006,1.3248,3950235.8,1762264800000,5210460.12419,45965,2025-11-04 13:00:00+00:00
1762264800000,1.3249,1.4051,1.3141,1.3892,3344099.3,1762268400000,4549507.08827,59401,2025-11-04 14:00:00+00:00
1762268400000,1.3893,1.4488,1.3844,1.3889,4508504.3,1762272000000,6366779.27699,95880,2025-11-04 15:00:00+00:00
1762272000000,1.389,1.4,1.3612,1.3794,4346603.7,1762275600000,6032113.30262,66228,2025-11-04 16:00:00+00:00
1762275600000,1.3795,1.3998,1.3383,1.363,4746743.8,1762279200000,6516650.81041,108938,2025-11-04 17:00:00+00:00
1762279200000,1.3629,1.3847,1.3306,1.3653,3226029.9,1762282800000,4378786.31262,85813,2025-11-04 18:00:00+00:00
1762282800000,1.3653,1.3852,1.3247,1.3338,2406850.8,1762286400000,3244950.94888,59203,2025-11-04 19:00:00+00:00
1762286400000,1.3338,1.3728,1.2761,1.371,5357693.3,1762290000000,7055812.97751,105706,2025-11-04 20:00:00+00:00
1762290000000,1.3711,1.3725,1.275,1.3397,5107274.4,1762293600000,6736577.43606,111614,2025-11-04 21:00:00+00:00
1762293600000,1.3399,1.4035,1.3254,1.394,4344379.5,1762297200000,5955440.70293,52886,2025-11-04 22:00:00+00:00
1762297200000,1.3941,1.3986,1.3501,1.3611,1932149.2,1762300800000,2651963.56338,34133,2025-11-04 23:00:00+00:00
1762300800000,1.3611,1.3868,1.3147,1.3353,2585713.4,1762304400000,3465016.71979,50968,2025-11-05 00:00:00+00:00
1762304400000,1.3354,1.338,1.2723,1.3287,3655636.1,1762308000000,4754876.63369,78660,2025-11-05 01:00:00+00:00
1762308000000,1.3287,1.3575,1.3123,1.3441,2850406.1,1762311600000,3804148.84305,65648,2025-11-05 02:00:00+00:00
1762311600000,1.3443,1.347,1.2999,1.3145,2152901.2,1762315200000,2832164.23805,47302,2025-11-05 03:00:00+00:00
1762315200000,1.3144,1.318,1.2884,1.298,1660708.6,1762318800000,2161509.36852,26753,2025-11-05 04:00:00+00:00
1762318800000,1.2981,1.3339,1.297,1.3068,1703246.8,1762322400000,2246062.41285,30114,2025-11-05 05:00:00+00:00
1762322400000,1.3068,1.3147,1.2895,1.3065,1137795.9,1762326000000,1479084.05256,22183,2025-11-05 06:00:00+00:00
1762326000000,1.3066,1.3081,1.2771,1.2976,1216766.2,1762329600000,1572534.21729,22879,2025-11-05 07:00:00+00:00
1762329600000,1.2977,1.2979,1.2363,1.2694,2613792.7,1762333200000,3307015.63212,39729,2025-11-05 08:00:00+00:00
1762333200000,1.2693,1.2953,1.2629,1.2919,1521267.9,1762336800000,1956589.72523,31146,2025-11-05 09:00:00+00:00
1762336800000,1.2919,1.305,1.2643,1.2675,1059933.2,1762340400000,1364140.44847,24534,2025-11-05 10:00:00+00:00
1762340400000,1.2675,1.2886,1.2667,1.2824,1144893.9,1762344000000,1464499.35957,21965,2025-11-05 11:00:00+00:00
1762344000000,1.2823,1.3034,1.2693,1.2882,1730808.2,1762347600000,2228257.35053,28781,2025-11-05 12:00:00+00:00
1762347600000,1.2882,1.3223,1.2796,1.3218,1644104.8,1762351200000,2142866.8774,37805,2025-11-05 13:00:00+00:00
1762351200000,1.3218,1.3697,1.316,1.3545,4128150.0,1762354800000,5554745.84642,83117,2025-11-05 14:00:00+00:00
1762354800000,1.3546,1.3708,1.3243,1.3686,3009907.8,1762358400000,4061279.35347,62298,2025-11-05 15:00:00+00:00
1762358400000,1.3687,1.3983,1.3409,1.3891,2318101.3,1762362000000,3173912.94434,51175,2025-11-05 16:00:00+00:00
1762362000000,1.389,1.3904,1.3597,1.3649,2024085.3,1762365600000,2779997.91034,46488,2025-11-05 17:00:00+00:00
1762365600000,1.3649,1.4116,1.362,1.3935,2179270.0,1762369200000,3025772.51039,49061,2025-11-05 18:00:00+00:00
1762369200000,1.3934,1.4376,1.3932,1.4245,3262537.1,1762372800000,4629316.48079,66614,2025-11-05 19:00:00+00:00
1762372800000,1.4245,1.4306,1.3732,1.3852,1924329.8,1762376400000,2697209.07228,37714,2025-11-05 20:00:00+00:00
1762376400000,1.3851,1.3859,1.3579,1.3683,1382909.9,1762380000000,1894848.02638,29404,2025-11-05 21:00:00+00:00
1762380000000,1.3683,1.3912,1.3562,1.3778,1224140.9,1762383600000,1680243.77064,14917,2025-11-05 22:00:00+00:00
1762383600000,1.3779,1.3915,1.3661,1.3851,1775764.8,1762387200000,2453670.5382,29242,2025-11-05 23:00:00+00:00
1762387200000,1.3851,1.43,1.363,1.3966,4197071.2,1762390800000,5883443.25427,93980,2025-11-06 00:00:00+00:00
1762390800000,1.3965,1.4,1.3267,1.336,3859258.5,1762394400000,5214468.73604,73697,2025-11-06 01:00:00+00:00
1762394400000,1.3359,1.3389,1.3146,1.3304,2178867.9,1762398000000,2894210.40931,43744,2025-11-06 02:00:00+00:00
1762398000000,1.3303,1.3664,1.3248,1.3532,1399550.5,1762401600000,1888780.9387,34555,2025-11-06 03:00:00+00:00
1762401600000,1.3532,1.3591,1.3333,1.3481,2345769.7,1762405200000,3160012.51509,41285,2025-11-06 04:00:00+00:00
1762405200000,1.3482,1.355,1.3113,1.3181,2265876.4,1762408800000,3016334.64436,44199,2025-11-06 05:00:00+00:00
1762408800000,1.318,1.322,1.2966,1.3099,1365952.4,1762412400000,1788524.33989,29978,2025-11-06 06:00:00+00:00
1762412400000,1.3101,1.3148,1.2945,1.305,1193306.0,1762416000000,1555191.94153,30667,2025-11-06 07:00:00+00:00
1762416000000,1.3043,1.317,1.2674,1.2795,1845264.7,1762419600000,2375772.03916,28587,2025-11-06 08:00:00+00:00
1762419600000,1.2794,1.2839,1.2642,1.2683,1469048.3,1762423200000,1869115.53158,32529,2025-11-06 09:00:00+00:00
1762423200000,1.2684,1.2954,1.257,1.2835,1879988.7,1762426800000,2403463.80287,32623,2025-11-06 10:00:00+00:00
1762426800000,1.2834,1.2904,1.2683,1.2824,1224242.9,1762430400000,1564297.90451,27137,2025-11-06 11:00:00+00:00
1762430400000,1.2824,1.2836,1.2457,1.2492,1101827.7,1762434000000,1389436.8494,20552,2025-11-06 12:00:00+00:00
1762434000000,1.2493,1.284,1.2477,1.2608,1971308.7,1762437600000,2507828.03538,32093,2025-11-06 13:00:00+00:00
1762437600000,1.2609,1.2739,1.2259,1.2284,2738230.8,1762441200000,3411445.48691,45568,2025-11-06 14:00:00+00:00
1762441200000,1.2283,1.2455,1.2036,1.2127,2873608.1,1762444800000,3503665.06698,53154,2025-11-06 15:00:00+00:00
1762444800000,1.2129,1.2187,1.1809,1.1916,2304655.9,1762448400000,2760688.5083,41594,2025-11-06 16:00:00+00:00
1762448400000,1.1916,1.2389,1.1844,1.2319,1784068.1,1762452000000,2169265.33446,36693,2025-11-06 17:00:00+00:00
1762452000000,1.2319,1.2356,1.2008,1.2182,1506747.7,1762455600000,1834271.4952,28988,2025-11-06 18:00:00+00:00
1762455600000,1.2181,1.2246,1.1993,1.2096,1453494.2,1762459200000,1760722.10264,25182,2025-11-06 19:00:00+00:00
1762459200000,1.2096,1.2219,1.1916,1.2055,1638139.4,1762462800000,1979226.0656,25911,2025-11-06 20:00:00+00:00
1762462800000,1.2055,1.2145,1.1962,1.2065,681849.6,1762466400000,821835.69282,16030,2025-11-06 21:00:00+00:00
1762466400000,1.2066,1.2105,1.1779,1.1991,1589883.2,1762470000000,1900110.85772,11586,2025-11-06 22:00:00+00:00
1762470000000,1.199,1.199,1.1677,1.1929,1976485.5,1762473600000,2340588.72396,26214,2025-11-06 23:00:00+00:00
1762473600000,1.1929,1.2169,1.174,1.2044,2477854.4,1762477200000,2964111.91461,45494,2025-11-07 00:00:00+00:00
1762477200000,1.2044,1.2099,1.1812,1.2095,2332118.1,1762480800000,2785098.15206,44880,2025-11-07 01:00:00+00:00
1762480800000,1.2095,1.2119,1.187,1.2055,1678371.2,1762484400000,2015273.73717,33842,2025-11-07 02:00:00+00:00
1762484400000,1.2056,1.2508,1.2039,1.2477,1876201.6,1762488000000,2302905.33408,34277,2025-11-07 03:00:00+00:00
1762488000000,1.2477,1.2993,1.2267,1.2918,3976550.7,1762491600000,5064873.16538,84087,2025-11-07 04:00:00+00:00
1762491600000,1.2917,1.3691,1.2791,1.3512,5030887.3,1762495200000,6683720.09793,100994,2025-11-07 05:00:00+00:00
1762495200000,1.3513,1.3698,1.3028,1.3213,3946382.3,1762498800000,5261560.22115,79976,2025-11-07 06:00:00+00:00
1762498800000,1.3214,1.36,1.3128,1.352,2484781.4,1762502400000,3304614.25194,51531,2025-11-07 07:00:00+00:00
1762502400000,1.352,1.3691,1.3291,1.3409,3251484.4,1762506000000,4376768.74131,61601,2025-11-07 08:00:00+00:00
1762506000000,1.3411,1.3416,1.3047,1.3217,2022977.4,1762509600000,2674212.48568,39887,2025-11-07 09:00:00+00:00
1762509600000,1.3217,1.3227,1.2734,1.2903,3965259.7,1762513200000,5127214.75495,49856,2025-11-07 10:00:00+00:00
1762513200000,1.2902,1.2936,1.2612,1.2866,3781023.2,1762516800000,4815370.6046,53676,2025-11-07 11:00:00+00:00
1762516800000,1.2865,1.3477,1.2818,1.3196,3655015.7,1762520400000,4825905.6977,86926,2025-11-07 12:00:00+00:00
1762520400000,1.3195,1.3437,1.3095,1.3346,2085796.7,1762524000000,2769954.29145,61024,2025-11-07 13:00:00+00:00
1762524000000,1.3345,1.3974,1.3177,1.392,5316072.0,1762527600000,7195568.34292,108256,2025-11-07 14:00:00+00:00
1762527600000,1.3928,1.4241,1.3657,1.3734,5253610.0,1762531200000,7308833.90201,113663,2025-11-07 15:00:00+00:00
1762531200000,1.3735,1.4017,1.3405,1.3893,3765370.9,1762534800000,5137670.46591,77696,2025-11-07 16:00:00+00:00
1762534800000,1.3893,1.4443,1.3701,1.4125,6500474.9,1762538400000,9136041.74453,97916,2025-11-07 17:00:00+00:00
1762538400000,1.4126,1.4629,1.4061,1.4438,4135138.4,1762542000000,5935885.78572,88982,2025-11-07 18:00:00+00:00
1762542000000,1.4439,1.4724,1.4331,1.4691,2270166.2,1762545600000,3293970.62314,64951,2025-11-07 19:00:00+00:00
1762545600000,1.469,1.5365,1.4681,1.4963,5238730.3,1762549200000,7903091.65747,110415,2025-11-07 20:00:00+00:00
1762549200000,1.4965,1.5,1.4674,1.4915,2296376.7,1762552800000,3400597.58898,47263,2025-11-07 21:00:00+00:00
1762552800000,1.4915,1.5518,1.4905,1.5239,2442767.9,1762556400000,3706904.99921,30948,2025-11-07 22:00:00+00:00
1762556400000,1.524,1.5339,1.4558,1.5049,2927201.8,1762560000000,4358296.05202,56319,2025-11-07 23:00:00+00:00
1762560000000,1.5048,1.611,1.496,1.5081,8016274.1,1762563600000,12421862.18623,160463,2025-11-08 00:00:00+00:00
1762563600000,1.5081,1.5483,1.4719,1.4833,4030168.9,1762567200000,6075620.24245,82449,2025-11-08 01:00:00+00:00
1762567200000,1.4838,1.5301,1.4751,1.4897,1962484.5,1762570800000,2951081.33616,42871,2025-11-08 02:00:00+00:00
1762570800000,1.4897,1.5173,1.4568,1.4602,2101563.4,1762574400000,3128838.91196,44280,2025-11-08 03:00:00+00:00
1762574400000,1.4602,1.5046,1.4602,1.4727,2079805.7,1762578000000,3093652.32907,42060,2025-11-08 04:00:00+00:00
1762578000000,1.4726,1.4775,1.327,1.462,3516149.2,1762581600000,5058355.92706,51562,2025-11-08 05:00:00+00:00
1762581600000,1.462,1.4739,1.4373,1.4531,1657152.9,1762585200000,2407797.52616,40813,2025-11-08 06:00:00+00:00
1762585200000,1.4531,1.4552,1.4144,1.4414,3784280.8,1762588800000,5430668.47408,52754,2025-11-08 07:00:00+00:00
1762588800000,1.4414,1.4506,1.4243,1.4365,1249763.8,1762592400000,1797960.31928,26581,2025-11-08 08:00:00+00:00
1762592400000,1.4364,1.4399,1.4085,1.4255,1514899.0,1762596000000,2159208.06202,27435,2025-11-08 09:00:00+00:00
1762596000000,1.4255,1.4437,1.4183,1.4291,1137192.7,1762599600000,1625546.01961,20593,2025-11-08 10:00:00+00:00
1762599600000,1.429,1.4411,1.4137,1.4173,1751623.0,1762603200000,2502685.59438,26404,2025-11-08 11:00:00+00:00
1762603200000,1.4173,1.4332,1.4172,1.4281,659861.3,1762606800000,941180.39223,17092,2025-11-08 12:00:00+00:00
1762606800000,1.4281,1.4315,1.396,1.3976,1693465.2,1762610400000,2391197.14158,30146,2025-11-08 13:00:00+00:00
1762610400000,1.3977,1.4222,1.3827,1.3994,3305451.1,1762614000000,4620012.23237,38481,2025-11-08 14:00:00+00:00
1762614000000,1.3995,1.4048,1.3532,1.3614,3534465.1,1762617600000,4847669.20962,40824,2025-11-08 15:00:00+00:00
1762617600000,1.3615,1.3741,1.3421,1.3655,1811368.9,1762621200000,2458623.4963,33932,2025-11-08 16:00:00+00:00
1762621200000,1.3655,1.3788,1.3603,1.376,782009.0,1762624800000,1071263.64863,17075,2025-11-08 17:00:00+00:00
1762624800000,1.376,1.3905,1.3653,1.3747,867284.3,1762628400000,1192399.84254,13613,2025-11-08 18:00:00+00:00
1762628400000,1.3747,1.38,1.3466,1.3567,590507.1,1762632000000,802321.29117,12926,2025-11-08 19:00:00+00:00
1762632000000,1.3567,1.3638,1.3453,1.3555,466242.2,1762635600000,631719.31945,9033,2025-11-08 20:00:00+00:00
1762635600000,1.3554,1.3713,1.3482,1.3688,440838.9,1762639200000,598948.35225,8560,2025-11-08 21:00:00+00:00
1762639200000,1.3688,1.3809,1.3593,1.3783,547247.0,1762642800000,749501.70682,6726,2025-11-08 22:00:00+00:00
1762642800000,1.3782,1.3857,1.3739,1.3754,674652.4,1762646400000,930284.24394,11505,2025-11-08 23:00:00+00:00
1762646400000,1.3754,1.3757,1.3266,1.3329,1757587.0,1762650000000,2358381.2653,27868,2025-11-09 00:00:00+00:00
1762650000000,1.3332,1.3423,1.3222,1.3367,771300.2,1762653600000,1027965.21831,16411,2025-11-09 01:00:00+00:00
1762653600000,1.3366,1.3366,1.285,1.2993,2835826.3,1762657200000,3720704.73403,34153,2025-11-09 02:00:00+00:00
1762657200000,1.2993,1.3078,1.2843,1.3059,1081749.5,1762660800000,1401652.57561,21673,2025-11-09 03:00:00+00:00
1762660800000,1.306,1.333,1.303,1.3253,1141446.2,1762664400000,1506504.27387,20744,2025-11-09 04:00:00+00:00
1762664400000,1.3252,1.3331,1.3152,1.3192,752639.3,1762668000000,996225.66503,16183,2025-11-09 05:00:00+00:00
1762668000000,1.3192,1.3222,1.2994,1.3102,1043439.7,1762671600000,1367809.03241,16393,2025-11-09 06:00:00+00:00
1762671600000,1.3102,1.3336,1.3042,1.3247,1076270.4,1762675200000,1419769.18025,17505,2025-11-09 07:00:00+00:00
1762675200000,1.3247,1.3341,1.3116,1.3303,1083585.3,1762678800000,1435328.04244,16526,2025-11-09 08:00:00+00:00
1762678800000,1.3304,1.3483,1.3166,1.3226,1025784.9,1762682400000,1366173.89356,18558,2025-11-09 09:00:00+00:00
1762682400000,1.3227,1.3349,1.3063,1.3348,903235.9,1762686000000,1191915.02633,19714,2025-11-09 10:00:00+00:00
1762686000000,1.3347,1.3569,1.3331,1.3346,1124420.6,1762689600000,1511230.99634,25565,2025-11-09 11:00:00+00:00
1762689600000,1.3346,1.3522,1.3281,1.337,1129839.9,1762693200000,1514079.05222,22000,2025-11-09 12:00:00+00:00
1762693200000,1.337,1.3532,1.334,1.3448,985638.6,1762696800000,1326356.64878,20361,2025-11-09 13:00:00+00:00
1762696800000,1.3447,1.4233,1.3384,1.3706,3686304.0,1762700400000,5111152.93982,65773,2025-11-09 14:00:00+00:00
1762700400000,1.3707,1.4277,1.3706,1.4006,3316235.5,1762704000000,4656702.1435,60031,2025-11-09 15:00:00+00:00
1762704000000,1.4006,1.4122,1.3783,1.3987,1390516.7,1762707600000,1938244.7845,33024,2025-11-09 16:00:00+00:00
1762707600000,1.3988,1.4013,1.3828,1.3903,789257.8,1762711200000,1098044.67202,18699,2025-11-09 17:00:00+00:00
1762711200000,1.3902,1.4065,1.3821,1.4027,578769.0,1762714800000,806157.91316,14268,2025-11-09 18:00:00+00:00
1762714800000,1.4027,1.4227,1.3973,1.4219,1271437.8,1762718400000,1789250.77764,24304,2025-11-09 19:00:00+00:00
1762718400000,1.4218,1.423,1.388,1.4005,1542797.0,1762722000000,2170233.55074,27793,2025-11-09 20:00:00+00:00
1762722000000,1.4005,1.4456,1.3998,1.4441,1798415.4,1762725600000,2564143.09481,35259,2025-11-09 21:00:00+00:00
1762725600000,1.4442,1.4742,1.4304,1.4527,2485064.7,1762729200000,3598777.01691,38105,2025-11-09 22:00:00+00:00
1762729200000,1.4528,1.4723,1.435,1.4569,3505019.9,1762732800000,5088008.65675,64248,2025-11-09 23:00:00+00:00
1762732800000,1.4568,1.6317,1.4331,1.6064,8865859.7,1762736400000,13658507.11496,172780,2025-11-10 00:00:00+00:00
1762736400000,1.6063,1.6438,1.5363,1.5767,5946534.8,1762740000000,9405741.36737,123033,2025-11-10 01:00:00+00:00
1762740000000,1.5766,1.5772,1.5307,1.549,2647446.1,1762743600000,4108543.06648,53024,2025-11-10 02:00:00+00:00
1762743600000,1.549,1.5665,1.5143,1.5246,2045926.2,1762747200000,3146809.82958,43366,2025-11-10 03:00:00+00:00
1762747200000,1.5246,1.5604,1.4946,1.5253,2602557.0,1762750800000,3970595.55504,47860,2025-11-10 04:00:00+00:00
1762750800000,1.5254,1.5463,1.5209,1.5341,1729230.8,1762754400000,2652733.45694,37288,2025-11-10 05:00:00+00:00
1762754400000,1.5342,1.56,1.524,1.5539,1507140.9,1762758000000,2322728.66931,32832,2025-11-10 06:00:00+00:00
1762758000000,1.5539,1.569,1.545,1.5525,1491109.9,1762761600000,2321667.50808,39216,2025-11-10 07:00:00+00:00
1762761600000,1.5526,1.5528,1.5033,1.5061,1722057.1,1762765200000,2623443.61811,33174,2025-11-10 08:00:00+00:00
1762765200000,1.506,1.5396,1.5005,1.524,1161080.0,1762768800000,1760645.95739,24190,2025-11-10 09:00:00+00:00
1762768800000,1.5241,1.5245,1.4737,1.4875,2437102.8,1762772400000,3648031.54757,32998,2025-11-10 10:00:00+00:00
1762772400000,1.4875,1.4996,1.4804,1.4817,872806.5,1762776000000,1301618.9901,19848,2025-11-10 11:00:00+00:00
1762776000000,1.4819,1.483,1.4647,1.4723,839233.3,1762779600000,1236762.21697,13202,2025-11-10 12:00:00+00:00
1762779600000,1.4722,1.4987,1.4704,1.4826,1297544.4,1762783200000,1930662.86183,27296,2025-11-10 13:00:00+00:00
1762783200000,1.4825,1.4825,1.4237,1.4356,2208616.1,1762786800000,3204989.37578,45830,2025-11-10 14:00:00+00:00
1762786800000,1.4357,1.4488,1.4178,1.426,1609572.0,1762790400000,2309954.30097,34581,2025-11-10 15:00:00+00:00
1762790400000,1.4259,1.4372,1.4054,1.413,2029220.2,1762794000000,2887309.31091,29726,2025-11-10 16:00:00+00:00
1762794000000,1.4131,1.4435,1.4111,1.4428,1040937.2,1762797600000,1487418.44957,20505,2025-11-10 17:00:00+00:00
1762797600000,1.4427,1.4668,1.4304,1.4484,1596218.4,1762801200000,2309778.64438,29385,2025-11-10 18:00:00+00:00
1762801200000,1.4485,1.4795,1.4443,1.4677,993415.7,1762804800000,1453967.44492,24176,2025-11-10 19:00:00+00:00
1762804800000,1.4677,1.4851,1.461,1.4718,936423.5,1762808400000,1379299.24331,25180,2025-11-10 20:00:00+00:00
1762808400000,1.4719,1.4731,1.4306,1.4435,883961.4,1762812000000,1282448.55873,20196,2025-11-10 21:00:00+00:00
1762812000000,1.4435,1.4808,1.435,1.4729,1132634.2,1762815600000,1646537.44653,12244,2025-11-10 22:00:00+00:00
1762815600000,1.4729,1.4737,1.4537,1.4656,711501.0,1762819200000,1040213.35564,15230,2025-11-10 23:00:00+00:00
1762819200000,1.4656,1.4666,1.4201,1.4487,1729903.0,1762822800000,2485645.57584,28847,2025-11-11 00:00:00+00:00
1762822800000,1.4487,1.4804,1.4329,1.4515,1860054.9,1762826400000,2703788.35295,38872,2025-11-11 01:00:00+00:00
1762826400000,1.4515,1.4751,1.4347,1.4594,1093491.3,1762830000000,1590008.40217,30116,2025-11-11 02:00:00+00:00
1762830000000,1.4595,1.4711,1.4584,1.4645,632620.0,1762833600000,927005.35637,20309,2025-11-11 03:00:00+00:00
1762833600000,1.4645,1.4654,1.4268,1.4346,842312.0,1762837200000,1217067.64732,19166,2025-11-11 04:00:00+00:00
1762837200000,1.4346,1.4359,1.3956,1.4,2425538.2,1762840800000,3417045.27387,31530,2025-11-11 05:00:00+00:00
1762840800000,1.4,1.414,1.39,1.4042,1525657.9,1762844400000,2140876.35541,25875,2025-11-11 06:00:00+00:00
1762844400000,1.4041,1.4068,1.3677,1.3748,3086108.4,1762848000000,4265248.07849,32744,2025-11-11 07:00:00+00:00
1762848000000,1.3749,1.386,1.3625,1.3711,2052003.2,1762851600000,2813566.00239,26146,2025-11-11 08:00:00+00:00
1762851600000,1.3711,1.3813,1.355,1.3579,1963849.9,1762855200000,2686112.54498,21396,2025-11-11 09:00:00+00:00
1762855200000,1.358,1.363,1.347,1.3516,779108.9,1762858800000,1055876.12042,13112,2025-11-11 10:00:00+00:00
1762858800000,1.3517,1.3741,1.35,1.3685,1169652.7,1762862400000,1594707.07794,17659,2025-11-11 11:00:00+00:00
1762862400000,1.3685,1.3844,1.3573,1.3651,836024.2,1762866000000,1145172.61845,19581,2025-11-11 12:00:00+00:00
1762866000000,1.3652,1.3784,1.3507,1.3527,815657.6,1762869600000,1113082.90636,17345,2025-11-11 13:00:00+00:00
1762869600000,1.3527,1.3793,1.336,1.3748,1449733.2,1762873200000,1962262.83898,28597,2025-11-11 14:00:00+00:00
1762873200000,1.3747,1.3748,1.35,1.3657,1517395.9,1762876800000,2069138.24861,28896,2025-11-11 15:00:00+00:00
1762876800000,1.3657,1.3858,1.3607,1.3737,737466.5,1762880400000,1011924.57575,20396,2025-11-11 16:00:00+00:00
1762880400000,1.3737,1.3837,1.3523,1.3648,1126880.2,1762884000000,1539278.41768,18076,2025-11-11 17:00:00+00:00
1762884000000,1.3648,1.3701,1.342,1.3473,898818.1,1762887600000,1215459.53407,15956,2025-11-11 18:00:00+00:00
1762887600000,1.3472,1.3494,1.3312,1.3377,1083631.2,1762891200000,1453639.97881,16445,2025-11-11 19:00:00+00:00
1762891200000,1.3378,1.3403,1.3139,1.3178,871825.8,1762894800000,1153824.94774,19196,2025-11-11 20:00:00+00:00
1762894800000,1.3179,1.3317,1.3138,1.3256,1341779.1,1762898400000,1775901.97366,16599,2025-11-11 21:00:00+00:00
1762898400000,1.3256,1.3601,1.3202,1.3539,675645.9,1762902000000,907109.51639,8555,2025-11-11 22:00:00+00:00
1762902000000,1.354,1.3552,1.3334,1.3349,646975.2,1762905600000,868978.51673,9707,2025-11-11 23:00:00+00:00
1762905600000,1.3349,1.3464,1.3079,1.3094,1046722.4,1762909200000,1389679.9059,25272,2025-11-12 00:00:00+00:00
1762909200000,1.3094,1.3356,1.3086,1.3329,938147.4,1762912800000,1242116.01874,22463,2025-11-12 01:00:00+00:00
1762912800000,1.333,1.341,1.3163,1.3279,673434.9,1762916400000,894632.56798,17782,2025-11-12 02:00:00+00:00
1762916400000,1.328,1.35,1.3259,1.3447,680095.5,1762920000000,912152.93695,11523,2025-11-12 03:00:00+00:00
1762920000000,1.3448,1.3502,1.3368,1.3422,540367.8,1762923600000,726141.59286,9023,2025-11-12 04:00:00+00:00
1762923600000,1.3422,1.3452,1.3292,1.3377,463130.1,1762927200000,619449.46536,9906,2025-11-12 05:00:00+00:00
1762927200000,1.3377,1.3827,1.3365,1.3743,1086935.3,1762930800000,1485259.75928,20699,2025-11-12 06:00:00+00:00
1762930800000,1.3744,1.3957,1.355,1.3599,1601138.8,1762934400000,2203632.74629,32162,2025-11-12 07:00:00+00:00
1762934400000,1.36,1.4343,1.3566,1.3991,2357466.3,1762938000000,3305011.90644,46782,2025-11-12 08:00:00+00:00
1762938000000,1.3989,1.4219,1.3889,1.4133,1742786.4,1762941600000,2444665.64941,42096,2025-11-12 09:00:00+00:00
1762941600000,1.4133,1.4594,1.4101,1.4293,1727625.4,1762945200000,2479550.42921,40655,2025-11-12 10:00:00+00:00
1762945200000,1.4293,1.4358,1.4037,1.4255,1579382.5,1762948800000,2242233.79392,29954,2025-11-12 11:00:00+00:00
1762948800000,1.4254,1.4336,1.3922,1.3951,1252545.6,1762952400000,1767959.25733,26903,2025-11-12 12:00:00+00:00
1762952400000,1.395,1.4129,1.3773,1.3997,1389924.5,1762956000000,1932800.26904,28463,2025-11-12 13:00:00+00:00
1762956000000,1.3996,1.3996,1.3261,1.3382,2658705.5,1762959600000,3617969.6237,48530,2025-11-12 14:00:00+00:00
1762959600000,1.3382,1.3536,1.2833,1.295,3165017.6,1762963200000,4170063.13066,24503,2025-11-12 15:00:00+00:00
1762963200000,1.2946,1.2975,1.2407,1.2509,9024190.5,1762966800000,11376880.168,32939,2025-11-12 16:00:00+00:00
1762966800000,1.251,1.2847,1.242,1.2753,1974384.9,1762970400000,2490020.91334,26378,2025-11-12 17:00:00+00:00
1762970400000,1.2752,1.2841,1.265,1.271,960553.3,1762974000000,1225724.45054,21706,2025-11-12 18:00:00+00:00
1762974000000,1.2711,1.2716,1.2282,1.2508,2712356.8,1762977600000,3399231.3512,29244,2025-11-12 19:00:00+00:00
1762977600000,1.2508,1.2807,1.2457,1.2659,714629.5,1762981200000,904929.76582,17310,2025-11-12 20:00:00+00:00
1762981200000,1.2658,1.2733,1.2577,1.2648,528846.1,1762984800000,668531.26616,11455,2025-11-12 21:00:00+00:00
1762984800000,1.2649,1.2721,1.255,1.2706,571835.2,1762988400000,722240.60844,7436,2025-11-12 22:00:00+00:00
1762988400000,1.2704,1.2707,1.25,1.2568,1157781.3,1762992000000,1459624.52361,7558,2025-11-12 23:00:00+00:00
1762992000000,1.2568,1.2801,1.2546,1.2758,1491293.1,1762995600000,1892324.31616,12163,2025-11-13 00:00:00+00:00
1762995600000,1.2757,1.2872,1.2609,1.2636,1374785.1,1762999200000,1754696.86694,14470,2025-11-13 01:00:00+00:00
1762999200000,1.2636,1.2822,1.2627,1.2733,716712.9,1763002800000,912257.15525,6650,2025-11-13 02:00:00+00:00
1763002800000,1.273,1.3296,1.2546,1.3106,2094933.4,1763006400000,2709474.88764,17726,2025-11-13 03:00:00+00:00
1763006400000,1.3104,1.3268,1.2913,1.3125,2101058.3,1763010000000,2757250.93347,19141,2025-11-13 04:00:00+00:00
1763010000000,1.3123,1.3278,1.3047,1.3176,1784693.1,1763013600000,2349517.0665,15431,2025-11-13 05:00:00+00:00
1763013600000,1.3179,1.3326,1.312,1.3156,887339.1,1763017200000,1173024.11548,10372,2025-11-13 06:00:00+00:00
1763017200000,1.3156,1.3222,1.2957,1.301,820581.3,1763020800000,1074069.51335,7425,2025-11-13 07:00:00+00:00
1763020800000,1.301,1.3173,1.294,1.3077,1058187.8,1763024400000,1382684.11239,8522,2025-11-13 08:00:00+00:00
1763024400000,1.3078,1.3132,1.2925,1.2973,928638.0,1763028000000,1207443.23508,8241,2025-11-13 09:00:00+00:00
1763028000000,1.2974,1.3178,1.2919,1.2991,692742.7,1763031600000,901172.19463,6204,2025-11-13 10:00:00+00:00
1763031600000,1.2995,1.3026,1.287,1.2908,789212.7,1763035200000,1020599.11944,5704,2025-11-13 11:00:00+00:00
1763035200000,1.2906,1.3004,1.2808,1.2931,1373007.4,1763038800000,1767575.40168,8368,2025-11-13 12:00:00+00:00
1763038800000,1.293,1.2981,1.2622,1.2718,1229458.2,1763042400000,1570725.35955,8853,2025-11-13 13:00:00+00:00
1763042400000,1.2715,1.2943,1.2414,1.2756,2482788.3,1763046000000,3134927.1111,18003,2025-11-13 14:00:00+00:00
1763046000000,1.2756,1.2825,1.2489,1.2608,1008937.1,1763049600000,1276857.36249,9653,2025-11-13 15:00:00+00:00
1763049600000,1.2607,1.2632,1.2306,1.2365,919451.2,1763053200000,1147096.57298,9794,2025-11-13 16:00:00+00:00
1763053200000,1.2363,1.2409,1.2054,1.2088,1700383.4,1763056800000,2081785.16307,16606,2025-11-13 17:00:00+00:00
1763056800000,1.2088,1.2185,1.1935,1.2046,2219282.6,1763060400000,2673761.94199,24471,2025-11-13 18:00:00+00:00
1763060400000,1.2047,1.2171,1.1904,1.1971,1413660.5,1763064000000,1698825.75283,12938,2025-11-13 19:00:00+00:00
1763064000000,1.1972,1.2041,1.1823,1.1954,977289.5,1763067600000,1165849.30208,10078,2025-11-13 20:00:00+00:00
1763067600000,1.1956,1.211,1.1881,1.2084,779801.7,1763071200000,936320.0267,7127,2025-11-13 21:00:00+00:00
1763071200000,1.2082,1.2427,1.2051,1.2417,1006421.1,1763074800000,1233585.76625,8899,2025-11-13 22:00:00+00:00
1763074800000,1.2416,1.2667,1.2347,1.2453,1120481.3,1763078400000,1402174.54121,18227,2025-11-13 23:00:00+00:00
1763078400000,1.2452,1.2546,1.2288,1.2385,1353331.2,1763082000000,1677521.41019,27954,2025-11-14 00:00:00+00:00
1763082000000,1.2386,1.2557,1.2344,1.2441,1089382.1,1763085600000,1355695.67613,27471,2025-11-14 01:00:00+00:00
1763085600000,1.244,1.2526,1.2411,1.2468,873501.0,1763089200000,1089272.71086,19993,2025-11-14 02:00:00+00:00
1763089200000,1.2468,1.2476,1.2287,1.2411,981316.9,1763092800000,1216259.8287,17649,2025-11-14 03:00:00+00:00
1763092800000,1.2412,1.2419,1.1839,1.222,2826940.8,1763096400000,3420907.33286,45406,2025-11-14 04:00:00+00:00
1763096400000,1.222,1.2271,1.205,1.2158,1889183.2,1763100000000,2296376.60339,33988,2025-11-14 05:00:00+00:00
1763100000000,1.2159,1.2321,1.1876,1.2314,1618859.5,1763103600000,1952408.30559,29002,2025-11-14 06:00:00+00:00
1763103600000,1.2313,1.2434,1.2109,1.2149,1610638.1,1763107200000,1977057.32324,31894,2025-11-14 07:00:00+00:00
1763107200000,1.2148,1.2155,1.201,1.2082,608850.7,1763110800000,734694.63914,15796,2025-11-14 08:00:00+00:00
1763110800000,1.2082,1.2136,1.1872,1.1909,799660.1,1763114400000,956734.21502,16765,2025-11-14 09:00:00+00:00
1763114400000,1.1908,1.2091,1.1882,1.1945,721832.0,1763118000000,866160.87179,16134,2025-11-14 10:00:00+00:00
1763118000000,1.1944,1.1957,1.17,1.1822,1649662.9,1763121600000,1947670.78877,22981,2025-11-14 11:00:00+00:00
1763121600000,1.1822,1.1872,1.145,1.1828,3160023.8,1763125200000,3676226.63459,52301,2025-11-14 12:00:00+00:00
1763125200000,1.1828,1.2041,1.1771,1.1995,2237714.2,1763128800000,2660655.21151,47963,2025-11-14 13:00:00+00:00
1763128800000,1.1996,1.25,1.1918,1.2439,3353601.2,1763132400000,4099770.60396,62004,2025-11-14 14:00:00+00:00
1763132400000,1.244,1.2468,1.217,1.2334,1900436.7,1763136000000,2339886.0863,43006,2025-11-14 15:00:00+00:00
1763136000000,1.2335,1.241,1.2206,1.232,956891.7,1763139600000,1177997.42061,24595,2025-11-14 16:00:00+00:00
1763139600000,1.232,1.2444,1.2065,1.2104,1045452.0,1763143200000,1279080.3452,21368,2025-11-14 17:00:00+00:00
1763143200000,1.2104,1.2248,1.2033,1.2076,628535.0,1763146800000,761771.01618,16226,2025-11-14 18:00:00+00:00
1763146800000,1.2075,1.2334,1.2045,1.2246,626386.6,1763150400000,763625.16187,14625,2025-11-14 19:00:00+00:00
1763150400000,1.2246,1.2285,1.1765,1.1886,2906768.1,1763154000000,3471506.28696,29073,2025-11-14 20:00:00+00:00
1763154000000,1.1887,1.2047,1.1819,1.1935,844513.4,1763157600000,1010533.38836,19830,2025-11-14 21:00:00+00:00
1763157600000,1.1934,1.2027,1.1826,1.1862,824794.1,1763161200000,982727.16968,8556,2025-11-14 22:00:00+00:00
1763161200000,1.1862,1.1905,1.1532,1.1749,1135311.6,1763164800000,1329300.9105,24359,2025-11-14 23:00:00+00:00
1763164800000,1.1749,1.1983,1.1731,1.1873,959717.6,1763168400000,1137945.53192,21647,2025-11-15 00:00:00+00:00
1763168400000,1.1872,1.2025,1.1798,1.2007,633689.8,1763172000000,755801.97708,15850,2025-11-15 01:00:00+00:00
1763172000000,1.2006,1.2006,1.1883,1.1992,664396.7,1763175600000,793384.45623,13001,2025-11-15 02:00:00+00:00
1763175600000,1.1992,1.1992,1.1816,1.1891,1005037.5,1763179200000,1196043.97475,14038,2025-11-15 03:00:00+00:00
1763179200000,1.1892,1.1972,1.1794,1.1833,404250.1,1763182800000,480121.67843,9229,2025-11-15 04:00:00+00:00
1763182800000,1.1834,1.1894,1.1809,1.1822,471934.9,1763186400000,558926.31906,9194,2025-11-15 05:00:00+00:00
1763186400000,1.1822,1.1858,1.1738,1.1795,665174.3,1763190000000,784318.13971,10936,2025-11-15 06:00:00+00:00
1763190000000,1.1795,1.1897,1.1678,1.1735,1070715.2,1763193600000,1260002.70593,13587,2025-11-15 07:00:00+00:00
1763193600000,1.1735,1.1745,1.1327,1.1378,1475576.1,1763197200000,1696704.96166,21391,2025-11-15 08:00:00+00:00
1763197200000,1.1378,1.146,1.1206,1.1341,1994066.0,1763200800000,2259219.50998,24202,2025-11-15 09:00:00+00:00
1763200800000,1.1341,1.1485,1.1314,1.1474,829377.5,1763204400000,944324.64722,15828,2025-11-15 10:00:00+00:00
1763204400000,1.1474,1.1501,1.1315,1.1392,849002.3,1763208000000,966413.96824,11729,2025-11-15 11:00:00+00:00
1763208000000,1.1391,1.1469,1.1316,1.1439,572467.5,1763211600000,652686.35699,11209,2025-11-15 12:00:00+00:00
1763211600000,1.1439,1.1645,1.14,1.1612,938878.8,1763215200000,1081965.93974,16461,2025-11-15 13:00:00+00:00
1763215200000,1.1612,1.1625,1.1454,1.1514,703681.7,1763218800000,812124.47338,12746,2025-11-15 14:00:00+00:00
1763218800000,1.1513,1.1576,1.1482,1.1509,550738.5,1763222400000,634581.57081,9220,2025-11-15 15:00:00+00:00
1763222400000,1.1509,1.1579,1.1374,1.157,496986.9,1763226000000,569739.49509,11333,2025-11-15 16:00:00+00:00
1763226000000,1.157,1.1719,1.1527,1.1697,638707.8,1763229600000,740668.48945,13120,2025-11-15 17:00:00+00:00
1763229600000,1.1698,1.1762,1.164,1.1698,365482.4,1763233200000,426949.32967,8532,2025-11-15 18:00:00+00:00
1763233200000,1.1699,1.1762,1.1629,1.1644,217122.8,1763236800000,253805.63347,5960,2025-11-15 19:00:00+00:00
1763236800000,1.1644,1.1644,1.1497,1.1507,470875.9,1763240400000,544277.82398,8314,2025-11-15 20:00:00+00:00
1763240400000,1.1508,1.1611,1.1385,1.1412,577730.8,1763244000000,664236.5092,9946,2025-11-15 21:00:00+00:00
1763244000000,1.1411,1.1494,1.139,1.148,357534.3,1763247600000,409491.3354,4076,2025-11-15 22:00:00+00:00
1763247600000,1.148,1.1586,1.1461,1.1497,293162.0,1763251200000,337672.40624,6254,2025-11-15 23:00:00+00:00
1763251200000,1.1496,1.1562,1.1322,1.1435,604575.2,1763254800000,690133.79865,12232,2025-11-16 00:00:00+00:00
1763254800000,1.1434,1.1488,1.1222,1.141,806323.8,1763258400000,915588.35857,21226,2025-11-16 01:00:00+00:00
1763258400000,1.1409,1.1571,1.1327,1.157,556413.5,1763262000000,638181.65646,14399,2025-11-16 02:00:00+00:00
1763262000000,1.1571,1.185,1.1539,1.1707,793681.9,1763265600000,930349.2042,15714,2025-11-16 03:00:00+00:00
1763265600000,1.1706,1.1748,1.1556,1.1641,441793.7,1763269200000,514890.10133,8982,2025-11-16 04:00:00+00:00
1763269200000,1.164,1.1792,1.1616,1.1712,603806.5,1763272800000,708368.27462,11633,2025-11-16 05:00:00+00:00
1763272800000,1.1711,1.1775,1.1613,1.1623,321043.7,1763276400000,375506.92352,6997,2025-11-16 06:00:00+00:00
1763276400000,1.1624,1.1629,1.1522,1.161,400738.3,1763280000000,463911.50223,8992,2025-11-16 07:00:00+00:00
1763280000000,1.1609,1.1618,1.1489,1.157,415241.8,1763283600000,479078.48583,8014,2025-11-16 08:00:00+00:00
1763283600000,1.157,1.1771,1.1475,1.1768,543349.6,1763287200000,631353.68118,11357,2025-11-16 09:00:00+00:00
1763287200000,1.1767,1.19,1.1725,1.179,871139.6,1763290800000,1029607.42606,15698,2025-11-16 10:00:00+00:00
1763290800000,1.179,1.1824,1.1387,1.1445,903492.1,1763294400000,1043249.02183,20924,2025-11-16 11:00:00+00:00
1763294400000,1.1445,1.1522,1.1327,1.1449,722785.5,1763298000000,826433.16357,16551,2025-11-16 12:00:00+00:00
1763298000000,1.1449,1.1492,1.1269,1.1334,1021068.9,1763301600000,1160300.1184,18355,2025-11-16 13:00:00+00:00
1763301600000,1.1334,1.1435,1.1286,1.1409,807933.0,1763305200000,917771.52174,15847,2025-11-16 14:00:00+00:00
1763305200000,1.1409,1.1468,1.0917,1.0996,2387201.9,1763308800000,2669226.38178,29236,2025-11-16 15:00:00+00:00
1763308800000,1.0996,1.1142,1.0776,1.0853,2466693.8,1763312400000,2693585.60956,34815,2025-11-16 16:00:00+00:00
1763312400000,1.0852,1.0975,1.0739,1.095,1724435.7,1763316000000,1872592.42388,26829,2025-11-16 17:00:00+00:00
1763316000000,1.0949,1.1238,1.0871,1.0954,1396500.9,1763319600000,1543111.19113,26967,2025-11-16 18:00:00+00:00
1763319600000,1.0954,1.1152,1.0934,1.0945,806263.7,1763323200000,888855.39227,16881,2025-11-16 19:00:00+00:00
1763323200000,1.0946,1.1075,1.0924,1.0956,630168.0,1763326800000,692354.77511,12891,2025-11-16 20:00:00+00:00
1763326800000,1.0956,1.0973,1.0763,1.0838,1147347.1,1763330400000,1243354.51609,17630,2025-11-16 21:00:00+00:00
1763330400000,1.0838,1.1031,1.067,1.0971,1268780.0,1763334000000,1374429.96556,12931,2025-11-16 22:00:00+00:00
1763334000000,1.0972,1.1153,1.0724,1.1072,1587240.0,1763337600000,1735556.82364,33454,2025-11-16 23:00:00+00:00
1763337600000,1.1073,1.1253,1.0864,1.12,1169514.6,1763341200000,1296784.42243,32068,2025-11-17 00:00:00+00:00
1763341200000,1.1201,1.1246,1.1058,1.1089,502687.7,1763344800000,559935.26931,15558,2025-11-17 01:00:00+00:00
1763344800000,1.109,1.1221,1.1046,1.1111,622488.0,1763348400000,693267.28395,14150,2025-11-17 02:00:00+00:00
1763348400000,1.1112,1.1262,1.1099,1.1236,483111.2,1763352000000,541045.99778,11901,2025-11-17 03:00:00+00:00
1763352000000,1.1237,1.1285,1.1139,1.1163,653508.6,1763355600000,732132.035,15058,2025-11-17 04:00:00+00:00
1763355600000,1.1164,1.1235,1.1122,1.118,412902.4,1763359200000,461157.54456,12601,2025-11-17 05:00:00+00:00
1763359200000,1.1181,1.1202,1.1049,1.1151,398688.6,1763362800000,443398.65646,10611,2025-11-17 06:00:00+00:00
1763362800000,1.1151,1.1239,1.1122,1.1198,338286.8,1763366400000,378567.63023,12233,2025-11-17 07:00:00+00:00
1763366400000,1.1198,1.13,1.1124,1.1183,465061.3,1763370000000,520707.20376,11339,2025-11-17 08:00:00+00:00
1763370000000,1.1183,1.13,1.1134,1.1235,422491.7,1763373600000,474454.83415,10714,2025-11-17 09:00:00+00:00
1763373600000,1.1234,1.1326,1.1211,1.1258,513552.8,1763377200000,578738.0918,11430,2025-11-17 10:00:00+00:00
1763377200000,1.1257,1.151,1.1234,1.1413,774581.8,1763380800000,884032.7696,14010,2025-11-17 11:00:00+00:00
1763380800000,1.1413,1.1426,1.1244,1.1256,713022.7,1763384400000,805825.56556,13014,2025-11-17 12:00:00+00:00
1763384400000,1.1255,1.1275,1.0765,1.0917,1920099.0,1763388000000,2109404.64522,34535,2025-11-17 13:00:00+00:00
1763388000000,1.0918,1.1503,1.0852,1.1179,2813509.0,1763391600000,3144395.01349,65102,2025-11-17 14:00:00+00:00
1763391600000,1.1179,1.1265,1.0915,1.0963,1605996.0,1763395200000,1778439.70565,50596,2025-11-17 15:00:00+00:00
1763395200000,1.0964,1.1204,1.0799,1.1193,1322862.2,1763398800000,1452242.09094,37545,2025-11-17 16:00:00+00:00
1763398800000,1.1193,1.122,1.0761,1.0786,969280.9,1763402400000,1064224.07684,28844,2025-11-17 17:00:00+00:00
1763402400000,1.0786,1.089,1.0582,1.0671,1556313.5,1763406000000,1665178.26837,34998,2025-11-17 18:00:00+00:00
1763406000000,1.0672,1.0741,1.051,1.0638,1248687.1,1763409600000,1327352.50366,33842,2025-11-17 19:00:00+00:00
1763409600000,1.0637,1.0769,1.0514,1.0651,1284533.7,1763413200000,1366094.73847,34007,2025-11-17 20:00:00+00:00
1763413200000,1.0651,1.077,1.0505,1.0567,1018919.6,1763416800000,1081825.24421,21472,2025-11-17 21:00:00+00:00
1763416800000,1.0568,1.075,1.0518,1.068,627813.4,1763420400000,670448.1032,7820,2025-11-17 22:00:00+00:00
1763420400000,1.0681,1.0725,1.0507,1.0602,850115.5,1763424000000,900051.45593,8104,2025-11-17 23:00:00+00:00
1763424000000,1.0602,1.0631,1.031,1.0555,1367790.0,1763427600000,1432803.31054,20106,2025-11-18 00:00:00+00:00
1763427600000,1.0556,1.0654,1.0456,1.0511,1175010.3,1763431200000,1237655.01245,16076,2025-11-18 01:00:00+00:00
1763431200000,1.051,1.0723,1.0401,1.0515,1973353.2,1763434800000,2083572.84325,23543,2025-11-18 02:00:00+00:00
1763434800000,1.0514,1.0734,1.037,1.07,1777509.9,1763438400000,1866504.62235,26530,2025-11-18 03:00:00+00:00
1763438400000,1.0702,1.0737,1.0453,1.072,1170930.0,1763442000000,1240860.71792,19963,2025-11-18 04:00:00+00:00
1763442000000,1.0721,1.0775,1.0608,1.0672,603669.8,1763445600000,645435.86796,13536,2025-11-18 05:00:00+00:00
1763445600000,1.0672,1.0691,1.049,1.0518,637060.6,1763449200000,674817.31701,11415,2025-11-18 06:00:00+00:00
1763449200000,1.0517,1.0906,1.0467,1.0835,1553062.9,1763452800000,1667332.36366,25204,2025-11-18 07:00:00+00:00
1763452800000,1.0835,1.0934,1.0759,1.09,843929.3,1763456400000,916755.01206,11840,2025-11-18 08:00:00+00:00
1763456400000,1.0899,1.0919,1.0812,1.09,468777.0,1763460000000,509358.58827,9235,2025-11-18 09:00:00+00:00
1763460000000,1.0899,1.0905,1.073,1.0795,1020423.5,1763463600000,1102669.84464,12808,2025-11-18 10:00:00+00:00
1763463600000,1.0794,1.081,1.0711,1.076,410812.6,1763467200000,441910.40679,7484,2025-11-18 11:00:00+00:00
1763467200000,1.076,1.0845,1.0648,1.0739,486209.5,1763470800000,522273.10219,9139,2025-11-18 12:00:00+00:00
1763470800000,1.0738,1.074,1.0569,1.066,939168.5,1763474400000,999626.15075,12045,2025-11-18 13:00:00+00:00
1763474400000,1.0659,1.0813,1.0566,1.0596,1978660.7,1763478000000,2111665.91442,27913,2025-11-18 14:00:00+00:00
1763478000000,1.0595,1.1228,1.0519,1.1032,2336292.8,1763481600000,2551472.9565,36258,2025-11-18 15:00:00+00:00
1763481600000,1.1033,1.1358,1.0963,1.123,1715154.2,1763485200000,1925151.44023,26793,2025-11-18 16:00:00+00:00
1763485200000,1.123,1.1295,1.1067,1.1158,505200.7,1763488800000,564853.19772,10670,2025-11-18 17:00:00+00:00
1763488800000,1.1159,1.1355,1.1159,1.1296,595849.9,1763492400000,670845.3643,8391,2025-11-18 18:00:00+00:00
1763492400000,1.1297,1.1332,1.1169,1.1209,301753.9,1763496000000,339753.15146,6904,2025-11-18 19:00:00+00:00
1763496000000,1.1208,1.1259,1.1146,1.116,223524.4,1763499600000,250384.63283,5497,2025-11-18 20:00:00+00:00
1763499600000,1.1161,1.1203,1.1005,1.1013,362994.0,1763503200000,403403.62767,6166,2025-11-18 21:00:00+00:00
1763503200000,1.1014,1.1245,1.1014,1.1213,330731.3,1763506800000,369529.79959,3446,2025-11-18 22:00:00+00:00
1763506800000,1.1212,1.1427,1.1153,1.1371,1026711.0,1763510400000,1160501.86708,13576,2025-11-18 23:00:00+00:00
1763510400000,1.137,1.1373,1.111,1.1227,1182288.0,1763514000000,1328128.14559,14225,2025-11-19 00:00:00+00:00
1763514000000,1.1227,1.1277,1.1081,1.1138,689417.8,1763517600000,770103.14715,11371,2025-11-19 01:00:00+00:00
1763517600000,1.1137,1.1268,1.1122,1.1203,494498.8,1763521200000,553908.35277,7457,2025-11-19 02:00:00+00:00
1763521200000,1.1202,1.1245,1.1015,1.1039,638667.9,1763524800000,708249.90116,9169,2025-11-19 03:00:00+00:00
1763524800000,1.1038,1.1045,1.088,1.0927,722481.6,1763528400000,791765.9465,9973,2025-11-19 04:00:00+00:00
1763528400000,1.0927,1.096,1.0572,1.0718,811972.0,1763532000000,873156.77904,12723,2025-11-19 05:00:00+00:00
1763532000000,1.0718,1.0821,1.0672,1.08,471849.1,1763535600000,507456.04975,8677,2025-11-19 06:00:00+00:00
1763535600000,1.0799,1.1074,1.077,1.1016,629617.5,1763539200000,689541.85068,10636,2025-11-19 07:00:00+00:00
1763539200000,1.1015,1.1098,1.0969,1.1003,381867.5,1763542800000,420719.98184,4087,2025-11-19 08:00:00+00:00
1763542800000,1.1006,1.1006,1.0845,1.0979,580466.4,1763546400000,633812.42303,4924,2025-11-19 09:00:00+00:00
1763546400000,1.0981,1.1136,1.0927,1.0953,630674.2,1763550000000,694564.49429,4996,2025-11-19 10:00:00+00:00
1763550000000,1.0949,1.1127,1.094,1.1044,676605.2,1763553600000,747442.40241,8267,2025-11-19 11:00:00+00:00
1763553600000,1.1043,1.1146,1.0983,1.113,560190.9,1763557200000,620506.42195,8964,2025-11-19 12:00:00+00:00
1763557200000,1.113,1.1134,1.0859,1.0883,705938.5,1763560800000,774799.67953,9834,2025-11-19 13:00:00+00:00
1763560800000,1.0884,1.0973,1.0701,1.097,1139861.4,1763564400000,1234246.97284,21966,2025-11-19 14:00:00+00:00
1763564400000,1.0971,1.1334,1.0808,1.0848,3174273.2,1763568000000,3513103.20855,42298,2025-11-19 15:00:00+00:00
1763568000000,1.0847,1.0929,1.0569,1.0635,1400424.8,1763571600000,1502322.6239,23448,2025-11-19 16:00:00+00:00
1763571600000,1.0634,1.0686,1.038,1.0591,1205723.3,1763575200000,1267729.29356,23215,2025-11-19 17:00:00+00:00
1763575200000,1.0589,1.0613,1.0208,1.0302,1614849.7,1763578800000,1669069.32625,22713,2025-11-19 18:00:00+00:00
1763578800000,1.0304,1.0383,1.0187,1.0337,929367.4,1763582400000,953410.611,15472,2025-11-19 19:00:00+00:00
1763582400000,1.0338,1.079,1.0265,1.0764,1249728.9,1763586000000,1317748.4291,19368,2025-11-19 20:00:00+00:00
1763586000000,1.0767,1.1322,1.0688,1.1275,3014319.1,1763589600000,3325990.33797,37365,2025-11-19 21:00:00+00:00
1763589600000,1.1277,1.1304,1.1008,1.1099,1482158.7,1763593200000,1647613.01527,11988,2025-11-19 22:00:00+00:00
1763593200000,1.11,1.1468,1.1086,1.1463,2027739.7,1763596800000,2298176.99233,23242,2025-11-19 23:00:00+00:00
1763596800000,1.1462,1.1509,1.1238,1.1326,1100969.2,1763600400000,1251799.2404,15818,2025-11-20 00:00:00+00:00
1763600400000,1.1326,1.1516,1.1308,1.1453,956808.9,1763604000000,1093700.68558,13408,2025-11-20 01:00:00+00:00
1763604000000,1.1452,1.1546,1.1343,1.1355,743316.0,1763607600000,849756.19807,9841,2025-11-20 02:00:00+00:00
1763607600000,1.1356,1.1421,1.1309,1.1395,570806.0,1763611200000,648256.80738,8362,2025-11-20 03:00:00+00:00
1763611200000,1.1395,1.1413,1.1259,1.1405,562730.6,1763614800000,637436.72128,7596,2025-11-20 04:00:00+00:00
1763614800000,1.1406,1.145,1.129,1.1342,660321.7,1763618400000,751135.05377,6276,2025-11-20 05:00:00+00:00
1763618400000,1.1343,1.142,1.1183,1.1216,626955.3,1763622000000,708653.46785,7220,2025-11-20 06:00:00+00:00
1763622000000,1.1216,1.1313,1.1188,1.1292,383139.4,1763625600000,430576.38961,5551,2025-11-20 07:00:00+00:00
1763625600000,1.1291,1.1294,1.1164,1.1205,311693.1,1763629200000,349397.06105,4424,2025-11-20 08:00:00+00:00
1763629200000,1.1204,1.1261,1.1021,1.1072,656109.4,1763632800000,729938.30066,8411,2025-11-20 09:00:00+00:00
1763632800000,1.1073,1.1109,1.0982,1.1087,467704.3,1763636400000,516679.91365,6388,2025-11-20 10:00:00+00:00
1763636400000,1.1087,1.1171,1.1075,1.1124,323228.1,1763640000000,359339.25771,4968,2025-11-20 11:00:00+00:00
1763640000000,1.1125,1.1198,1.101,1.1176,847356.9,1763643600000,938500.44184,8667,2025-11-20 12:00:00+00:00
1763643600000,1.1176,1.1275,1.0964,1.0998,1316350.9,1763647200000,1461274.08357,20145,2025-11-20 13:00:00+00:00
1763647200000,1.0999,1.1087,1.0768,1.0886,1779577.7,1763650800000,1942220.26422,31759,2025-11-20 14:00:00+00:00
1763650800000,1.0887,1.0899,1.0388,1.0418,1705146.5,1763654400000,1816149.86758,28062,2025-11-20 15:00:00+00:00
1763654400000,1.042,1.0449,1.0006,1.0119,3975203.1,1763658000000,4062917.15066,52135,2025-11-20 16:00:00+00:00
1763658000000,1.0114,1.0174,0.9888,0.9966,2852099.3,1763661600000,2847894.42319,39248,2025-11-20 17:00:00+00:00
1763661600000,0.9965,1.0013,0.9873,0.9897,1317784.2,1763665200000,1310019.62347,23435,2025-11-20 18:00:00+00:00
1763665200000,0.9896,1.0052,0.9819,1.0024,1307038.8,1763668800000,1300251.16568,20115,2025-11-20 19:00:00+00:00
1763668800000,1.0023,1.0071,0.9915,1.0014,1204466.7,1763672400000,1204538.81508,15098,2025-11-20 20:00:00+00:00
1763672400000,1.0015,1.0234,1.001,1.0112,1009648.1,1763676000000,1024290.79027,14262,2025-11-20 21:00:00+00:00
1763676000000,1.0111,1.0318,1.0095,1.0281,748619.9,1763679600000,767285.37004,8597,2025-11-20 22:00:00+00:00
1763679600000,1.0281,1.029,0.994,0.9967,840176.1,1763683200000,846511.14915,10880,2025-11-20 23:00:00+00:00
1763683200000,0.9966,1.0098,0.9905,0.9968,1139184.0,1763686800000,1141127.65487,14887,2025-11-21 00:00:00+00:00
1763686800000,0.9969,1.0015,0.9837,0.9872,945410.1,1763690400000,936553.79739,12162,2025-11-21 01:00:00+00:00
1763690400000,0.9871,0.9898,0.9658,0.9698,1781541.1,1763694000000,1744507.21168,21930,2025-11-21 02:00:00+00:00
1763694000000,0.9698,0.9891,0.9698,0.9758,1564190.7,1763697600000,1530713.51259,19828,2025-11-21 03:00:00+00:00
1763697600000,0.9757,0.9841,0.967,0.9836,668594.2,1763701200000,651881.78801,11944,2025-11-21 04:00:00+00:00
1763701200000,0.9835,0.9852,0.9686,0.9747,422334.4,1763704800000,412830.5949,8099,2025-11-21 05:00:00+00:00
1763704800000,0.9748,0.9784,0.9637,0.9676,847126.9,1763708400000,821165.78766,11270,2025-11-21 06:00:00+00:00
1763708400000,0.9676,0.9715,0.8737,0.9316,4796410.9,1763712000000,4450110.62291,43248,2025-11-21 07:00:00+00:00
1763712000000,0.9316,0.9433,0.9173,0.926,1587871.6,1763715600000,1477030.73047,24532,2025-11-21 08:00:00+00:00
1763715600000,0.9261,0.9337,0.9118,0.9146,2015969.7,1763719200000,1857557.38549,21575,2025-11-21 09:00:00+00:00
1763719200000,0.9143,0.9289,0.9065,0.9167,1789625.1,1763722800000,1645360.068,25456,2025-11-21 10:00:00+00:00
1763722800000,0.9167,0.9251,0.8996,0.9063,1253557.9,1763726400000,1142923.81153,15609,2025-11-21 11:00:00+00:00
1763726400000,0.9064,0.9273,0.8815,0.9154,2474709.2,1763730000000,2239368.01676,43931,2025-11-21 12:00:00+00:00
1763730000000,0.9153,0.937,0.9119,0.9212,1989210.7,1763733600000,1840426.92132,25047,2025-11-21 13:00:00+00:00
1763733600000,0.9212,0.9384,0.912,0.9297,1945084.8,1763737200000,1802657.64342,30492,2025-11-21 14:00:00+00:00
1763737200000,0.9298,0.9329,0.8982,0.9089,1345112.7,1763740800000,1227975.6085,21798,2025-11-21 15:00:00+00:00
1763740800000,0.9088,0.9292,0.8957,0.9285,1782839.5,1763744400000,1619588.90739,27582,2025-11-21 16:00:00+00:00
1763744400000,0.9285,0.9391,0.9211,0.9257,1309903.5,1763748000000,1219734.21733,23354,2025-11-21 17:00:00+00:00
1763748000000,0.9258,0.9386,0.908,0.9263,937650.3,1763751600000,863980.86552,16052,2025-11-21 18:00:00+00:00
1763751600000,0.9266,0.9335,0.9157,0.9227,857821.9,1763755200000,793721.95193,12168,2025-11-21 19:00:00+00:00
1763755200000,0.9226,0.9232,0.906,0.9163,627685.0,1763758800000,574190.83544,12118,2025-11-21 20:00:00+00:00
1763758800000,0.9162,0.9274,0.9064,0.9198,760083.4,1763762400000,697644.51737,12182,2025-11-21 21:00:00+00:00
1763762400000,0.9198,0.9242,0.888,0.8887,809523.1,1763766000000,732913.5682,6106,2025-11-21 22:00:00+00:00
1763766000000,0.8888,0.917,0.8839,0.9133,734478.1,1763769600000,663462.60206,10408,2025-11-21 23:00:00+00:00
1763769600000,0.9134,0.9152,0.901,0.9126,616877.1,1763773200000,560726.0241,8803,2025-11-22 00:00:00+00:00
1763773200000,0.9127,0.9261,0.9118,0.918,953688.4,1763776800000,876312.07764,8805,2025-11-22 01:00:00+00:00
1763776800000,0.9181,0.9208,0.9025,0.911,624055.3,1763780400000,568494.48776,8312,2025-11-22 02:00:00+00:00
1763780400000,0.9109,0.9114,0.8982,0.9028,576504.2,1763784000000,520595.63176,8075,2025-11-22 03:00:00+00:00
1763784000000,0.9029,0.9053,0.8772,0.8931,1032627.2,1763787600000,915373.20443,14545,2025-11-22 04:00:00+00:00
1763787600000,0.893,0.8954,0.8692,0.8815,1281482.7,1763791200000,1129412.05955,21376,2025-11-22 05:00:00+00:00
1763791200000,0.8815,0.8923,0.8709,0.8836,986168.6,1763794800000,870668.32635,16780,2025-11-22 06:00:00+00:00
1763794800000,0.8837,0.8891,0.8719,0.8876,746134.5,1763798400000,656588.87387,14531,2025-11-22 07:00:00+00:00
1763798400000,0.8874,0.8875,0.8644,0.8669,1034890.6,1763802000000,902833.89814,14791,2025-11-22 08:00:00+00:00
1763802000000,0.867,0.8888,0.867,0.8796,659547.4,1763805600000,578969.58944,12350,2025-11-22 09:00:00+00:00
1763805600000,0.8795,0.885,0.8719,0.8794,515123.6,1763809200000,452691.63195,9060,2025-11-22 10:00:00+00:00
1763809200000,0.8793,0.8936,0.8759,0.883,678860.1,1763812800000,601519.78533,8449,2025-11-22 11:00:00+00:00
1763812800000,0.883,0.8843,0.8725,0.8782,284639.6,1763816400000,249921.72943,5715,2025-11-22 12:00:00+00:00
1763816400000,0.8782,0.8826,0.8634,0.8697,621863.3,1763820000000,541749.45177,9208,2025-11-22 13:00:00+00:00
1763820000000,0.8696,0.8855,0.8689,0.8779,657725.4,1763823600000,576633.73515,12739,2025-11-22 14:00:00+00:00
1763823600000,0.8778,0.8803,0.8654,0.8735,506752.4,1763827200000,442168.38569,9576,2025-11-22 15:00:00+00:00
1763827200000,0.8735,0.8838,0.8719,0.8815,422099.2,1763830800000,370623.45907,7011,2025-11-22 16:00:00+00:00
1763830800000,0.8815,0.8865,0.877,0.8795,436077.4,1763834400000,384400.52714,5730,2025-11-22 17:00:00+00:00
1763834400000,0.8795,0.8838,0.8736,0.8834,263701.6,1763838000000,231563.47633,4197,2025-11-22 18:00:00+00:00
1763838000000,0.8835,0.8871,0.8744,0.8768,249075.1,1763841600000,219340.76753,4132,2025-11-22 19:00:00+00:00
1763841600000,0.8768,0.8849,0.866,0.8708,395215.5,1763845200000,346203.58584,6852,2025-11-22 20:00:00+00:00
1763845200000,0.871,0.8785,0.8703,0.8761,523096.6,1763848800000,457766.99953,6546,2025-11-22 21:00:00+00:00
1763848800000,0.8762,0.8998,0.8712,0.8918,466482.9,1763852400000,412863.35833,5941,2025-11-22 22:00:00+00:00
1763852400000,0.8917,0.892,0.8764,0.8778,464278.7,1763856000000,409649.93815,5852,2025-11-22 23:00:00+00:00
1763856000000,0.8777,0.8881,0.8721,0.8762,616025.8,1763859600000,542674.07143,7004,2025-11-23 00:00:00+00:00
1763859600000,0.8763,0.9108,0.8762,0.9014,1002014.3,1763863200000,896224.31294,11205,2025-11-23 01:00:00+00:00
1763863200000,0.9014,0.9409,0.8981,0.9248,2576525.5,1763866800000,2378936.77671,29253,2025-11-23 02:00:00+00:00
1763866800000,0.9248,0.9258,0.9083,0.9239,1040733.8,1763870400000,956412.70228,11889,2025-11-23 03:00:00+00:00
1763870400000,0.9239,0.9382,0.9176,0.9207,1057440.7,1763874000000,979315.30965,13119,2025-11-23 04:00:00+00:00
1763874000000,0.9206,0.9296,0.9122,0.9276,578285.9,1763877600000,531625.78993,7285,2025-11-23 05:00:00+00:00
1763877600000,0.9276,0.9289,0.9137,0.9212,778367.8,1763881200000,716273.18066,7674,2025-11-23 06:00:00+00:00
1763881200000,0.9213,0.9216,0.8979,0.914,953427.0,1763884800000,865781.17309,9870,2025-11-23 07:00:00+00:00
1763884800000,0.9139,0.9157,0.9043,0.9111,366314.9,1763888400000,333273.96279,4911,2025-11-23 08:00:00+00:00
1763888400000,0.911,0.9171,0.9024,0.907,549714.6,1763892000000,499455.42274,5667,2025-11-23 09:00:00+00:00
1763892000000,0.9069,0.9075,0.8983,0.9024,388493.8,1763895600000,350696.45038,4950,2025-11-23 10:00:00+00:00
1763895600000,0.9023,0.9039,0.8918,0.9003,589405.1,1763899200000,529587.34802,6323,2025-11-23 11:00:00+00:00
1763899200000,0.9002,0.9159,0.8992,0.9063,525633.9,1763902800000,478003.38264,6801,2025-11-23 12:00:00+00:00
1763902800000,0.9064,0.9122,0.8986,0.909,489967.8,1763906400000,443461.52566,5977,2025-11-23 13:00:00+00:00
1763906400000,0.9089,0.9137,0.8895,0.8912,584404.9,1763910000000,525849.67067,8800,2025-11-23 14:00:00+00:00
1763910000000,0.8912,0.9112,0.8879,0.9067,497158.5,1763913600000,447115.8772,7887,2025-11-23 15:00:00+00:00
1763913600000,0.9067,0.9114,0.8981,0.9,405976.7,1763917200000,367323.51298,7095,2025-11-23 16:00:00+00:00
1763917200000,0.9001,0.9047,0.8925,0.8949,342887.8,1763920800000,308227.33645,7249,2025-11-23 17:00:00+00:00
1763920800000,0.895,0.9086,0.8949,0.904,279941.5,1763924400000,252732.2291,5442,2025-11-23 18:00:00+00:00
1763924400000,0.904,0.9136,0.9003,0.9044,450892.5,1763928000000,409324.16122,6132,2025-11-23 19:00:00+00:00
1763928000000,0.9045,0.9089,0.9009,0.9033,378510.6,1763931600000,342337.37862,5180,2025-11-23 20:00:00+00:00
1763931600000,0.9033,0.91,0.8963,0.9074,328315.8,1763935200000,296103.77757,4790,2025-11-23 21:00:00+00:00
1763935200000,0.9075,0.909,0.8995,0.9041,255074.7,1763938800000,230440.98358,4049,2025-11-23 22:00:00+00:00
1763938800000,0.9042,0.9059,0.8781,0.8821,750854.9,1763942400000,667098.86147,8691,2025-11-23 23:00:00+00:00
1763942400000,0.882,0.8871,0.8646,0.8776,1362931.9,1763946000000,1191664.97764,12899,2025-11-24 00:00:00+00:00
1763946000000,0.8775,0.8905,0.8729,0.889,579721.3,1763949600000,508769.39367,8865,2025-11-24 01:00:00+00:00
1763949600000,0.8888,0.9174,0.8872,0.9015,1082981.9,1763953200000,979884.95648,15917,2025-11-24 02:00:00+00:00
1763953200000,0.9016,0.9145,0.8967,0.9043,467697.0,1763956800000,423381.49035,7365,2025-11-24 03:00:00+00:00
1763956800000,0.9043,0.9078,0.8814,0.888,520681.3,1763960400000,464424.21632,7911,2025-11-24 04:00:00+00:00
1763960400000,0.8879,0.911,0.885,0.9011,700347.7,1763964000000,632372.21589,9689,2025-11-24 05:00:00+00:00
1763964000000,0.9012,0.9023,0.8871,0.895,743857.4,1763967600000,663206.86579,8934,2025-11-24 06:00:00+00:00
1763967600000,0.8949,0.9001,0.888,0.8935,456736.8,1763971200000,407890.28301,6306,2025-11-24 07:00:00+00:00
1763971200000,0.8934,0.8942,0.8843,0.8914,620901.0,1763974800000,551918.68383,6672,2025-11-24 08:00:00+00:00
1763974800000,0.8913,0.8913,0.8681,0.8691,731914.7,1763978400000,641370.58336,7635,2025-11-24 09:00:00+00:00
1763978400000,0.8693,0.8751,0.8657,0.8734,417652.3,1763982000000,363847.78137,4845,2025-11-24 10:00:00+00:00
1763982000000,0.8734,0.8821,0.8704,0.8798,320370.8,1763985600000,280804.80811,4484,2025-11-24 11:00:00+00:00
1763985600000,0.8797,0.8797,0.8663,0.8711,338295.6,1763989200000,295331.72929,4996,2025-11-24 12:00:00+00:00
1763989200000,0.871,0.8861,0.8695,0.8751,518599.2,1763992800000,456532.16123,6742,2025-11-24 13:00:00+00:00
1763992800000,0.875,0.9062,0.8688,0.9062,2000642.9,1763996400000,1780572.47286,26627,2025-11-24 14:00:00+00:00
1763996400000,0.9063,0.9114,0.8912,0.8989,1294615.3,1764000000000,1167182.45462,20846,2025-11-24 15:00:00+00:00
1764000000000,0.8988,0.912,0.8982,0.9038,792119.2,1764003600000,717389.17393,12450,2025-11-24 16:00:00+00:00
1764003600000,0.9037,0.9366,0.9037,0.9352,1181527.4,1764007200000,1088146.51613,15195,2025-11-24 17:00:00+00:00
1764007200000,0.9354,0.9391,0.929,0.9333,815315.2,1764010800000,761589.22265,10291,2025-11-24 18:00:00+00:00
1764010800000,0.9333,0.9415,0.9308,0.9323,563300.3,1764014400000,527217.61106,6407,2025-11-24 19:00:00+00:00
1764014400000,0.9324,0.9488,0.9311,0.9437,582356.0,1764018000000,547130.42528,7474,2025-11-24 20:00:00+00:00
1764018000000,0.9436,0.9463,0.9338,0.9382,356106.4,1764021600000,334970.71918,5535,2025-11-24 21:00:00+00:00
1764021600000,0.9381,0.9467,0.9357,0.9397,374748.3,1764025200000,352317.6645,3444,2025-11-24 22:00:00+00:00
1764025200000,0.9395,0.9446,0.9339,0.9362,314721.2,1764028800000,295623.8871,4397,2025-11-24 23:00:00+00:00
1764028800000,0.9362,0.949,0.9219,0.9377,1111233.4,1764032400000,1039661.87726,11253,2025-11-25 00:00:00+00:00
1764032400000,0.9378,0.9384,0.9275,0.9276,489829.5,1764036000000,457128.99136,6398,2025-11-25 01:00:00+00:00
1764036000000,0.9277,0.9325,0.9182,0.9322,527936.8,1764039600000,488402.54215,7345,2025-11-25 02:00:00+00:00
1764039600000,0.932,0.9384,0.9278,0.9342,327225.0,1764043200000,305328.27691,5437,2025-11-25 03:00:00+00:00
1764043200000,0.9341,0.9387,0.9285,0.9371,369177.6,1764046800000,345119.46943,5387,2025-11-25 04:00:00+00:00
1764046800000,0.937,0.9406,0.9351,0.9388,248589.5,1764050400000,232941.6524,3957,2025-11-25 05:00:00+00:00
1764050400000,0.9385,0.94,0.9265,0.9361,304965.7,1764054000000,284798.92453,5054,2025-11-25 06:00:00+00:00
1764054000000,0.9363,0.9379,0.918,0.9193,445424.5,1764057600000,412366.03141,6386,2025-11-25 07:00:00+00:00
1764057600000,0.9193,0.9215,0.9077,0.9096,627425.0,1764061200000,574586.16013,8827,2025-11-25 08:00:00+00:00
1764061200000,0.9097,0.9129,0.8924,0.9124,877072.8,1764064800000,791717.39964,9812,2025-11-25 09:00:00+00:00
1764064800000,0.9123,0.9177,0.9083,0.9162,343569.5,1764068400000,313717.91803,5204,2025-11-25 10:00:00+00:00
1764068400000,0.9162,0.918,0.9086,0.9109,288326.6,1764072000000,263580.91275,4874,2025-11-25 11:00:00+00:00
1764072000000,0.911,0.9297,0.9077,0.929,778452.7,1764075600000,715066.51418,9540,2025-11-25 12:00:00+00:00
1764075600000,0.9289,0.935,0.909,0.9123,773532.0,1764079200000,712318.25398,10176,2025-11-25 13:00:00+00:00
1764079200000,0.9124,0.9182,0.8892,0.8998,1433527.4,1764082800000,1298550.86405,21570,2025-11-25 14:00:00+00:00
1764082800000,0.8998,0.9128,0.8892,0.9027,852333.6,1764086400000,766832.1717,14700,2025-11-25 15:00:00+00:00
1764086400000,0.9027,0.9116,0.8949,0.9039,725775.5,1764090000000,654660.81763,11292,2025-11-25 16:00:00+00:00
1764090000000,0.9039,0.9188,0.8954,0.9068,609032.8,1764093600000,552532.54638,11004,2025-11-25 17:00:00+00:00
1764093600000,0.9069,0.9194,0.9031,0.9062,563602.6,1764097200000,513738.26234,7788,2025-11-25 18:00:00+00:00
1764097200000,0.906,0.91,0.8853,0.9058,813593.0,1764100800000,728263.55945,10654,2025-11-25 19:00:00+00:00
1764100800000,0.9059,0.9195,0.9052,0.9166,550630.6,1764104400000,502470.04451,8418,2025-11-25 20:00:00+00:00
1764104400000,0.9165,0.9188,0.9063,0.9063,343308.5,1764108000000,313408.37528,4865,2025-11-25 21:00:00+00:00
1764108000000,0.9062,0.9217,0.8934,0.9188,607530.6,1764111600000,550714.12403,5458,2025-11-25 22:00:00+00:00
1764111600000,0.9188,0.9291,0.9123,0.9173,577967.5,1764115200000,532439.60473,8309,2025-11-25 23:00:00+00:00
1764115200000,0.9174,0.9209,0.9087,0.9124,437043.4,1764118800000,399947.94423,6087,2025-11-26 00:00:00+00:00
1764118800000,0.9123,0.925,0.9048,0.9166,582030.4,1764122400000,532849.92283,6666,2025-11-26 01:00:00+00:00
1764122400000,0.9167,0.9216,0.9106,0.9126,326309.0,1764126000000,298747.5496,5201,2025-11-26 02:00:00+00:00
1764126000000,0.9126,0.9162,0.8967,0.8971,650913.9,1764129600000,588228.33923,7491,2025-11-26 03:00:00+00:00
1764129600000,0.8972,0.9018,0.8928,0.8977,469562.1,1764133200000,421166.29364,4938,2025-11-26 04:00:00+00:00
1764133200000,0.8976,0.9067,0.8955,0.9021,250982.0,1764136800000,226066.89987,3745,2025-11-26 05:00:00+00:00
1764136800000,0.902,0.9097,0.8988,0.9071,340799.5,1764140400000,307874.81446,4690,2025-11-26 06:00:00+00:00
1764140400000,0.907,0.9101,0.9018,0.9078,284321.6,1764144000000,257451.20359,4038,2025-11-26 07:00:00+00:00
1764144000000,0.9078,0.9085,0.8941,0.8946,372319.9,1764147600000,335686.95699,4804,2025-11-26 08:00:00+00:00
1764147600000,0.8946,0.8961,0.8869,0.8891,764285.1,1764151200000,680643.18024,7621,2025-11-26 09:00:00+00:00
1764151200000,0.8892,0.8949,0.8859,0.8907,247350.7,1764154800000,220326.5431,4007,2025-11-26 10:00:00+00:00
1764154800000,0.8906,0.8951,0.8811,0.8866,420698.3,1764158400000,373725.11125,4528,2025-11-26 11:00:00+00:00
1764158400000,0.8865,0.8884,0.8758,0.8833,554153.6,1764162000000,488226.50661,7287,2025-11-26 12:00:00+00:00
1764162000000,0.8833,0.9013,0.8822,0.9001,456141.3,1764165600000,406366.1581,5189,2025-11-26 13:00:00+00:00
1764165600000,0.9,0.9054,0.8865,0.8897,775283.8,1764169200000,696308.73309,9960,2025-11-26 14:00:00+00:00
1764169200000,0.8894,0.8968,0.8791,0.8881,640296.4,1764172800000,569210.49522,9056,2025-11-26 15:00:00+00:00
1764172800000,0.8882,0.9045,0.8877,0.9036,594406.1,1764176400000,533794.05346,6684,2025-11-26 16:00:00+00:00
1764176400000,0.9037,0.94,0.9018,0.9381,1653767.9,1764180000000,1535226.87728,15578,2025-11-26 17:00:00+00:00
1764180000000,0.9381,0.9495,0.9367,0.9493,959086.9,1764183600000,904638.71093,12230,2025-11-26 18:00:00+00:00
1764183600000,0.9495,0.9548,0.941,0.9427,813205.8,1764187200000,771359.54179,9900,2025-11-26 19:00:00+00:00
1764187200000,0.9425,0.9443,0.933,0.9392,449817.7,1764190800000,422268.35396,6252,2025-11-26 20:00:00+00:00
1764190800000,0.9393,0.9559,0.9377,0.9543,602606.1,1764194400000,570788.59259,6718,2025-11-26 21:00:00+00:00
1764194400000,0.9542,0.9653,0.9491,0.9601,683411.3,1764198000000,654253.56367,5220,2025-11-26 22:00:00+00:00
1764198000000,0.9601,0.9936,0.9599,0.9776,2293594.0,1764201600000,2244048.29911,18091,2025-11-26 23:00:00+00:00
1764201600000,0.9775,1.0,0.9674,0.9931,1500537.9,1764205200000,1472787.7667,13780,2025-11-27 00:00:00+00:00
1764205200000,0.993,1.021,0.9792,0.9935,2582317.2,1764208800000,2582321.58701,27415,2025-11-27 01:00:00+00:00
1764208800000,0.9934,1.0079,0.9787,0.9933,1446287.9,1764212400000,1438562.51438,16591,2025-11-27 02:00:00+00:00
1764212400000,0.9932,0.997,0.9702,0.9723,1099482.7,1764216000000,1075733.13485,12347,2025-11-27 03:00:00+00:00
1764216000000,0.9724,0.9794,0.97,0.9702,571666.6,1764219600000,556265.59392,6157,2025-11-27 04:00:00+00:00
1764219600000,0.9702,0.9756,0.97,0.9718,1521901.8,1764223200000,1477677.11917,10463,2025-11-27 05:00:00+00:00
1764223200000,0.9718,0.9841,0.9718,0.9817,664294.8,1764226800000,650767.10463,7441,2025-11-27 06:00:00+00:00
1764226800000,0.9818,1.0042,0.9803,1.0034,737337.2,1764230400000,731181.27664,7996,2025-11-27 07:00:00+00:00
1764230400000,1.0033,1.0086,0.9876,0.9924,1031518.7,1764234000000,1028863.20705,14178,2025-11-27 08:00:00+00:00
1764234000000,0.9923,1.0274,0.9893,1.0024,1871201.0,1764237600000,1888068.48331,22801,2025-11-27 09:00:00+00:00
1764237600000,1.0024,1.0173,0.9813,0.9821,2759189.6,1764241200000,2757065.63673,22627,2025-11-27 10:00:00+00:00
1764241200000,0.9819,1.0062,0.9759,1.0013,2785213.7,1764244800000,2756718.03027,26293,2025-11-27 11:00:00+00:00
1764244800000,1.0012,1.013,0.9946,1.0004,1132123.9,1764248400000,1134758.92355,13014,2025-11-27 12:00:00+00:00
1764248400000,1.0005,1.0185,1.0003,1.0092,1611320.3,1764252000000,1625042.68246,14920,2025-11-27 13:00:00+00:00
1764252000000,1.0091,1.0201,1.0019,1.0126,1950047.2,1764255600000,1970851.65095,19567,2025-11-27 14:00:00+00:00
1764255600000,1.0125,1.0166,1.0023,1.0079,691196.6,1764259200000,696945.97177,8602,2025-11-27 15:00:00+00:00
1764259200000,1.0078,1.0123,0.9998,1.0046,483936.1,1764262800000,486827.33402,7841,2025-11-27 16:00:00+00:00
1764262800000,1.0046,1.0163,0.9998,1.01,763661.8,1764266400000,769439.42088,7806,2025-11-27 17:00:00+00:00
1764266400000,1.0099,1.0189,1.0063,1.0176,280233.9,1764270000000,283705.55161,5394,2025-11-27 18:00:00+00:00
1764270000000,1.0175,1.0239,1.0133,1.0214,775932.5,1764273600000,790777.40287,8731,2025-11-27 19:00:00+00:00
1764273600000,1.0214,1.0214,1.0124,1.0139,288299.0,1764277200000,292737.51243,4336,2025-11-27 20:00:00+00:00
1764277200000,1.0139,1.0588,1.012,1.0308,2402274.0,1764280800000,2485012.25829,26269,2025-11-27 21:00:00+00:00
1764280800000,1.0308,1.0358,1.0056,1.007,1455212.5,1764284400000,1487202.24372,13678,2025-11-27 22:00:00+00:00
1764284400000,1.0071,1.0161,0.9972,1.0033,675085.7,1764288000000,678777.46261,8253,2025-11-27 23:00:00+00:00
1764288000000,1.0032,1.0106,0.9955,0.9988,777345.0,1764291600000,778659.49282,7773,2025-11-28 00:00:00+00:00
1764291600000,0.9987,0.9987,0.9741,0.9744,1248750.9,1764295200000,1231298.86226,12982,2025-11-28 01:00:00+00:00
1764295200000,0.9745,0.9802,0.9685,0.9785,602780.9,1764298800000,586850.56566,7734,2025-11-28 02:00:00+00:00
1764298800000,0.9784,0.9819,0.9735,0.9754,305506.3,1764302400000,298466.63486,4540,2025-11-28 03:00:00+00:00
1764302400000,0.9753,0.9791,0.9713,0.9714,278281.5,1764306000000,271364.60383,3923,2025-11-28 04:00:00+00:00
1764306000000,0.9714,0.9743,0.9637,0.9716,623447.8,1764309600000,603441.00061,5949,2025-11-28 05:00:00+00:00
1764309600000,0.9716,0.9716,0.9578,0.9624,671710.2,1764313200000,646554.21402,5035,2025-11-28 06:00:00+00:00
1764313200000,0.9624,0.9665,0.9601,0.9608,236897.2,1764316800000,228185.67638,2538,2025-11-28 07:00:00+00:00
1764316800000,0.9607,0.9944,0.96,0.9893,850924.4,1764320400000,833764.17311,10101,2025-11-28 08:00:00+00:00
1764320400000,0.9894,0.9948,0.9777,0.9813,372478.4,1764324000000,367416.45936,5982,2025-11-28 09:00:00+00:00
1764324000000,0.9813,0.9864,0.98,0.9827,209969.3,1764327600000,206347.06202,3141,2025-11-28 10:00:00+00:00
1764327600000,0.9826,0.9835,0.9661,0.9736,471270.3,1764331200000,458471.48309,7230,2025-11-28 11:00:00+00:00
1764331200000,0.9735,0.9769,0.9672,0.9686,248861.5,1764334800000,241907.52928,3812,2025-11-28 12:00:00+00:00
1764334800000,0.9686,0.9894,0.9653,0.9833,523039.3,1764338400000,510785.94195,7551,2025-11-28 13:00:00+00:00
1764338400000,0.9835,0.9918,0.9696,0.979,1072914.4,1764342000000,1051752.839,12947,2025-11-28 14:00:00+00:00
1764342000000,0.9791,0.9987,0.9722,0.9829,752499.9,1764345600000,740897.37675,12436,2025-11-28 15:00:00+00:00
1764345600000,0.983,0.9832,0.9508,0.9522,1037543.3,1764349200000,999444.28666,14462,2025-11-28 16:00:00+00:00
1764349200000,0.9523,0.9597,0.941,0.9441,965015.6,1764352800000,915058.99039,13233,2025-11-28 17:00:00+00:00
1764352800000,0.9442,0.9468,0.9361,0.9427,696890.0,1764356400000,655466.94743,8802,2025-11-28 18:00:00+00:00
1764356400000,0.9426,0.9571,0.9413,0.9533,257263.9,1764360000000,243986.23978,4382,2025-11-28 19:00:00+00:00
1764360000000,0.9532,0.9532,0.9418,0.9461,302492.8,1764363600000,286133.08264,4904,2025-11-28 20:00:00+00:00
1764363600000,0.9461,0.9478,0.9385,0.939,185397.6,1764367200000,175014.36406,3394,2025-11-28 21:00:00+00:00
1764367200000,0.939,0.9472,0.9342,0.9462,307623.0,1764370800000,289132.46882,3616,2025-11-28 22:00:00+00:00
1764370800000,0.9463,0.9482,0.9354,0.9355,256745.0,1764374400000,241944.95416,3273,2025-11-28 23:00:00+00:00
1764374400000,0.9354,0.9423,0.9349,0.9399,243079.9,1764378000000,228328.85806,3604,2025-11-29 00:00:00+00:00
1764378000000,0.9398,0.9499,0.9254,0.9274,1061600.6,1764381600000,992095.31644,7768,2025-11-29 01:00:00+00:00
1764381600000,0.9276,0.9336,0.926,0.932,330034.4,1764385200000,306901.78663,4938,2025-11-29 02:00:00+00:00
1764385200000,0.9321,0.936,0.9303,0.9325,146813.0,1764388800000,136941.79919,2881,2025-11-29 03:00:00+00:00
1764388800000,0.9326,0.9422,0.9321,0.9413,344851.3,1764392400000,323743.93966,3109,2025-11-29 04:00:00+00:00
1764392400000,0.9411,0.9432,0.9366,0.9367,132279.6,1764396000000,124303.85253,1835,2025-11-29 05:00:00+00:00
1764396000000,0.9367,0.9391,0.9322,0.9368,470543.3,1764399600000,440170.96532,5141,2025-11-29 06:00:00+00:00
1764399600000,0.9368,0.9414,0.934,0.9356,187367.4,1764403200000,175602.54406,2670,2025-11-29 07:00:00+00:00
1764403200000,0.9354,0.937,0.9291,0.9312,209221.4,1764406800000,195201.04944,3286,2025-11-29 08:00:00+00:00
1764406800000,0.9313,0.9332,0.929,0.9295,109634.0,1764410400000,102031.62805,2261,2025-11-29 09:00:00+00:00
1764410400000,0.9295,0.9367,0.9236,0.9357,224392.2,1764414000000,208752.16693,3356,2025-11-29 10:00:00+00:00
1764414000000,0.9357,0.9444,0.9339,0.9424,248881.2,1764417600000,233817.89682,3358,2025-11-29 11:00:00+00:00
1764417600000,0.9423,0.9439,0.935,0.935,104964.3,1764421200000,98455.05875,1909,2025-11-29 12:00:00+00:00
1764421200000,0.935,0.9376,0.9317,0.9335,137931.6,1764424800000,128932.87905,2024,2025-11-29 13:00:00+00:00
1764424800000,0.9335,0.9335,0.9262,0.9268,259172.3,1764428400000,240716.22605,2778,2025-11-29 14:00:00+00:00
1764428400000,0.9268,0.9429,0.9267,0.9429,299475.9,1764432000000,279869.38879,4323,2025-11-29 15:00:00+00:00
1764432000000,0.9428,0.9466,0.9365,0.9394,258844.6,1764435600000,243408.28503,3414,2025-11-29 16:00:00+00:00
1764435600000,0.9394,0.9411,0.931,0.9325,313681.9,1764439200000,293152.3543,4400,2025-11-29 17:00:00+00:00
1764439200000,0.9327,0.9398,0.9288,0.9376,478400.4,1764442800000,446942.6332,7670,2025-11-29 18:00:00+00:00
1764442800000,0.9376,0.943,0.9357,0.9364,154240.5,1764446400000,144935.80674,2791,2025-11-29 19:00:00+00:00
1764446400000,0.9362,0.9412,0.9302,0.94,188968.6,1764450000000,176787.53845,2738,2025-11-29 20:00:00+00:00
1764450000000,0.9401,0.9428,0.9363,0.9414,128892.2,1764453600000,121051.40042,2272,2025-11-29 21:00:00+00:00
1764453600000,0.9413,0.9413,0.9357,0.9357,102161.6,1764457200000,95813.21333,1465,2025-11-29 22:00:00+00:00
1764457200000,0.9357,0.9379,0.93,0.9342,256896.0,1764460800000,240109.24531,3821,2025-11-29 23:00:00+00:00
1764460800000,0.9342,0.9414,0.9342,0.9347,271419.2,1764464400000,254661.67287,5703,2025-11-30 00:00:00+00:00
1764464400000,0.9346,0.9414,0.9326,0.9374,152843.2,1764468000000,143292.23159,2844,2025-11-30 01:00:00+00:00
1764468000000,0.9375,0.941,0.9292,0.9306,313728.8,1764471600000,293419.90135,3094,2025-11-30 02:00:00+00:00
1764471600000,0.9304,0.9366,0.9163,0.9346,561861.3,1764475200000,518663.27376,5818,2025-11-30 03:00:00+00:00
1764475200000,0.9346,0.9377,0.9278,0.9307,194211.1,1764478800000,181444.06347,2528,2025-11-30 04:00:00+00:00
1764478800000,0.9304,0.9304,0.9241,0.926,138517.9,1764482400000,128423.77604,2312,2025-11-30 05:00:00+00:00
1764482400000,0.9261,0.9396,0.9253,0.9386,262776.2,1764486000000,245984.66185,2458,2025-11-30 06:00:00+00:00
1764486000000,0.9386,0.9412,0.9373,0.9384,164016.0,1764489600000,154112.07261,2273,2025-11-30 07:00:00+00:00
1764489600000,0.9383,0.9476,0.9339,0.9375,491868.6,1764493200000,462179.24871,6051,2025-11-30 08:00:00+00:00
1764493200000,0.9376,0.9414,0.9345,0.9375,383837.8,1764496800000,359798.7359,5376,2025-11-30 09:00:00+00:00
1764496800000,0.9376,0.9494,0.9342,0.9348,587091.8,1764500400000,552681.90661,4982,2025-11-30 10:00:00+00:00
1764500400000,0.9347,0.938,0.9265,0.9284,304055.4,1764504000000,283278.23675,3741,2025-11-30 11:00:00+00:00
1764504000000,0.9285,0.9419,0.9233,0.9352,232369.3,1764507600000,216632.56699,4373,2025-11-30 12:00:00+00:00
1764507600000,0.9352,0.9454,0.932,0.9376,632421.7,1764511200000,594375.5005,7478,2025-11-30 13:00:00+00:00
1764511200000,0.9377,0.9384,0.9292,0.9352,402194.8,1764514800000,375702.82645,5686,2025-11-30 14:00:00+00:00
1764514800000,0.9351,0.9355,0.9233,0.9278,314369.1,1764518400000,291578.94177,4366,2025-11-30 15:00:00+00:00
1764518400000,0.9278,0.9411,0.9265,0.9363,268823.2,1764522000000,251736.81143,3554,2025-11-30 16:00:00+00:00
1764522000000,0.9363,0.9363,0.9253,0.9302,223172.6,1764525600000,207535.75505,3562,2025-11-30 17:00:00+00:00
1764525600000,0.9303,0.9327,0.9274,0.9311,116545.9,1764529200000,108415.78916,2332,2025-11-30 18:00:00+00:00
1764529200000,0.9311,0.9333,0.927,0.9308,169381.4,1764532800000,157517.73574,2326,2025-11-30 19:00:00+00:00
1764532800000,0.9306,0.9383,0.9256,0.9293,218330.7,1764536400000,203187.54801,3447,2025-11-30 20:00:00+00:00
1764536400000,0.9294,0.9316,0.9247,0.9295,169616.1,1764540000000,157482.98874,2858,2025-11-30 21:00:00+00:00
1764540000000,0.9296,0.9377,0.9267,0.9315,163922.6,1764543600000,152873.69395,2225,2025-11-30 22:00:00+00:00
1764543600000,0.9314,0.9314,0.9051,0.9062,550350.6,1764547200000,505255.06573,8050,2025-11-30 23:00:00+00:00
1764547200000,0.9061,0.9089,0.8255,0.832,5003590.1,1764550800000,4337230.10672,55933,2025-12-01 00:00:00+00:00
1764550800000,0.8321,0.8449,0.8277,0.8319,1245052.1,1764554400000,1043413.50597,18921,2025-12-01 01:00:00+00:00
1764554400000,0.8319,0.8382,0.824,0.8292,1193065.9,1764558000000,990967.66516,13087,2025-12-01 02:00:00+00:00
1764558000000,0.8292,0.8304,0.8145,0.8148,900980.5,1764561600000,739926.69147,10231,2025-12-01 03:00:00+00:00
1764561600000,0.8148,0.819,0.8073,0.8106,505661.8,1764565200000,410962.06555,7813,2025-12-01 04:00:00+00:00
1764565200000,0.8106,0.8144,0.8049,0.8097,546252.7,1764568800000,442614.85542,5496,2025-12-01 05:00:00+00:00
1764568800000,0.8096,0.8268,0.8093,0.8201,883637.1,1764572400000,723855.64525,7486,2025-12-01 06:00:00+00:00
1764572400000,0.8202,0.8206,0.8113,0.816,346734.2,1764576000000,282657.762,4621,2025-12-01 07:00:00+00:00
1764576000000,0.816,0.8204,0.814,0.8193,289731.9,1764579600000,236683.35414,4290,2025-12-01 08:00:00+00:00
1764579600000,0.8191,0.8233,0.8163,0.8202,540316.2,1764583200000,442659.38964,4879,2025-12-01 09:00:00+00:00
1764583200000,0.8202,0.8362,0.8202,0.8307,748932.1,1764586800000,621468.0746,6206,2025-12-01 10:00:00+00:00
1764586800000,0.8308,0.8313,0.8197,0.8203,440237.5,1764590400000,362517.22051,4217,2025-12-01 11:00:00+00:00
1764590400000,0.8204,0.831,0.7998,0.8279,1661606.6,1764594000000,1352778.20046,11905,2025-12-01 12:00:00+00:00
1764594000000,0.8279,0.8681,0.8249,0.8637,2870588.5,1764597600000,2438441.26786,30121,2025-12-01 13:00:00+00:00
1764597600000,0.8638,0.8665,0.8481,0.8611,1207056.9,1764601200000,1035852.98787,16462,2025-12-01 14:00:00+00:00
1764601200000,0.8611,0.8725,0.8341,0.8626,3000886.3,1764604800000,2553915.44897,35159,2025-12-01 15:00:00+00:00
1764604800000,0.8627,0.8647,0.8355,0.839,1101401.0,1764608400000,933814.84526,15974,2025-12-01 16:00:00+00:00
1764608400000,0.8391,0.8418,0.8225,0.829,936228.4,1764612000000,778522.94919,10479,2025-12-01 17:00:00+00:00
1764612000000,0.8291,0.8341,0.8192,0.8274,807584.2,1764615600000,667453.86307,8870,2025-12-01 18:00:00+00:00
1764615600000,0.8275,0.8312,0.8198,0.8241,458391.1,1764619200000,378604.03454,6803,2025-12-01 19:00:00+00:00
1764619200000,0.824,0.8406,0.8238,0.8276,574562.7,1764622800000,478276.27408,8625,2025-12-01 20:00:00+00:00
1764622800000,0.8275,0.8468,0.8271,0.8373,798428.3,1764626400000,669629.55983,8960,2025-12-01 21:00:00+00:00
1764626400000,0.8372,0.851,0.8364,0.8415,570400.7,1764630000000,480625.81698,5456,2025-12-01 22:00:00+00:00
1764630000000,0.8416,0.8517,0.8341,0.8355,1420676.1,1764633600000,1195120.76776,9640,2025-12-01 23:00:00+00:00
1764633600000,0.8355,0.8551,0.8345,0.8395,1040123.2,1764637200000,876638.52618,11672,2025-12-02 00:00:00+00:00
1764637200000,0.8394,0.8582,0.8326,0.8357,616354.8,1764640800000,520282.37165,9285,2025-12-02 01:00:00+00:00
1764640800000,0.8356,0.8403,0.8288,0.8312,543324.4,1764644400000,452850.02431,6842,2025-12-02 02:00:00+00:00
1764644400000,0.8311,0.8362,0.8195,0.8336,748751.6,1764648000000,619642.53966,6725,2025-12-02 03:00:00+00:00
1764648000000,0.8335,0.8413,0.8276,0.8307,684429.8,1764651600000,571278.29436,7382,2025-12-02 04:00:00+00:00
1764651600000,0.8306,0.8395,0.8271,0.8337,336926.6,1764655200000,280964.45839,5647,2025-12-02 05:00:00+00:00
1764655200000,0.8336,0.8364,0.829,0.8329,297168.9,1764658800000,247557.25345,4140,2025-12-02 06:00:00+00:00
1764658800000,0.8328,0.833,0.8261,0.8299,331164.1,1764662400000,274479.88071,4635,2025-12-02 07:00:00+00:00
1764662400000,0.8298,0.8357,0.821,0.8314,1191077.9,1764666000000,987351.37709,8698,2025-12-02 08:00:00+00:00
1764666000000,0.8313,0.8396,0.8292,0.8302,399531.9,1764669600000,333236.59635,5686,2025-12-02 09:00:00+00:00
1764669600000,0.8301,0.857,0.8298,0.8482,492677.6,1764673200000,414692.18395,6567,2025-12-02 10:00:00+00:00
1764673200000,0.8483,0.857,0.844,0.8543,423695.5,1764676800000,360099.75778,7235,2025-12-02 11:00:00+00:00
1764676800000,0.8542,0.8627,0.8468,0.8561,536124.7,1764680400000,457842.85248,7216,2025-12-02 12:00:00+00:00
1764680400000,0.8562,0.8587,0.8468,0.8504,589816.6,1764684000000,503653.31611,8274,2025-12-02 13:00:00+00:00
1764684000000,0.8504,0.8888,0.8485,0.8864,1742812.2,1764687600000,1516649.47558,18783,2025-12-02 14:00:00+00:00
1764687600000,0.8865,0.9427,0.8865,0.9397,3018711.4,1764691200000,2770780.52285,36240,2025-12-02 15:00:00+00:00
1764691200000,0.9398,0.9462,0.9174,0.9258,2041539.6,1764694800000,1901421.70823,24292,2025-12-02 16:00:00+00:00
1764694800000,0.9259,0.9348,0.9212,0.9281,876562.1,1764698400000,814563.43653,13117,2025-12-02 17:00:00+00:00
1764698400000,0.928,0.9403,0.9244,0.9378,650372.2,1764702000000,607282.96544,8919,2025-12-02 18:00:00+00:00
1764702000000,0.9379,0.941,0.9246,0.9261,732676.6,1764705600000,682575.87129,6783,2025-12-02 19:00:00+00:00
1764705600000,0.926,0.9275,0.9059,0.9109,897036.5,1764709200000,820204.32694,9870,2025-12-02 20:00:00+00:00
1764709200000,0.9109,0.9142,0.9038,0.9127,623558.4,1764712800000,566210.48026,7611,2025-12-02 21:00:00+00:00
1764712800000,0.9125,0.9317,0.9124,0.9307,638016.2,1764716400000,588847.9292,5637,2025-12-02 22:00:00+00:00
1764716400000,0.9308,0.9311,0.9157,0.9189,661959.0,1764720000000,609567.834,6310,2025-12-02 23:00:00+00:00
1764720000000,0.9189,0.9276,0.9148,0.9243,503986.2,1764723600000,464092.58653,7327,2025-12-03 00:00:00+00:00
1764723600000,0.9243,0.9352,0.9215,0.9305,533182.7,1764727200000,496022.94533,7012,2025-12-03 01:00:00+00:00
1764727200000,0.9304,0.9527,0.9292,0.9478,1068103.6,1764730800000,1008283.0379,10690,2025-12-03 02:00:00+00:00
1764730800000,0.9477,0.9926,0.9472,0.9809,2385826.2,1764734400000,2327310.04325,25167,2025-12-03 03:00:00+00:00
1764734400000,0.9808,0.99,0.9714,0.9841,1262141.3,1764738000000,1235346.97141,16228,2025-12-03 04:00:00+00:00
1764738000000,0.9842,0.9906,0.9796,0.9809,718408.5,1764741600000,707379.89557,10921,2025-12-03 05:00:00+00:00
1764741600000,0.981,0.9935,0.9676,0.9708,731666.9,1764745200000,717555.86166,11077,2025-12-03 06:00:00+00:00
1764745200000,0.9706,0.9707,0.956,0.9601,479199.0,1764748800000,460912.04499,8286,2025-12-03 07:00:00+00:00
1764748800000,0.9602,0.9717,0.9598,0.9642,860186.5,1764752400000,830723.62904,8302,2025-12-03 08:00:00+00:00
1764752400000,0.9642,0.9697,0.9532,0.9592,939876.2,1764756000000,903116.86758,9830,2025-12-03 09:00:00+00:00
1764756000000,0.9592,0.9659,0.9457,0.9463,779452.9,1764759600000,742298.43512,7638,2025-12-03 10:00:00+00:00
1764759600000,0.9463,0.9508,0.9435,0.9456,427639.0,1764763200000,405112.14316,6932,2025-12-03 11:00:00+00:00
1764763200000,0.9456,0.9535,0.9388,0.9474,579632.6,1764766800000,547902.11353,7678,2025-12-03 12:00:00+00:00
1764766800000,0.9474,0.9766,0.9473,0.9652,1197950.9,1764770400000,1152447.80636,13394,2025-12-03 13:00:00+00:00
1764770400000,0.9652,1.0127,0.9365,0.9838,3962622.1,1764774000000,3850383.43089,50729,2025-12-03 14:00:00+00:00
1764774000000,0.9838,1.0,0.9707,0.9755,2198167.8,1764777600000,2159590.98537,27400,2025-12-03 15:00:00+00:00
1764777600000,0.9756,0.9805,0.9559,0.9601,1429698.9,1764781200000,1383649.83774,17608,2025-12-03 16:00:00+00:00
1764781200000,0.9599,0.9846,0.959,0.9809,857766.4,1764784800000,831231.01293,11661,2025-12-03 17:00:00+00:00
1764784800000,0.9809,0.99,0.9637,0.9675,1343680.3,1764788400000,1311275.01218,13046,2025-12-03 18:00:00+00:00
1764788400000,0.9674,0.9806,0.9674,0.9772,480106.1,1764792000000,467227.14588,7354,2025-12-03 19:00:00+00:00
1764792000000,0.9773,0.9817,0.9691,0.9717,456872.5,1764795600000,444895.51176,8050,2025-12-03 20:00:00+00:00
1764795600000,0.9718,0.9845,0.9688,0.9822,506177.6,1764799200000,495095.14741,6733,2025-12-03 21:00:00+00:00
1764799200000,0.9822,0.9913,0.9738,0.9886,608943.0,1764802800000,596650.69089,8030,2025-12-03 22:00:00+00:00
1764802800000,0.9888,0.9982,0.9835,0.9856,506895.6,1764806400000,501926.60796,8137,2025-12-03 23:00:00+00:00
1764806400000,0.9857,0.9965,0.9721,0.9886,770126.0,1764810000000,755893.0278,10407,2025-12-04 00:00:00+00:00
1764810000000,0.9886,1.0134,0.9831,0.9898,1179537.7,1764813600000,1175553.96494,15064,2025-12-04 01:00:00+00:00
1764813600000,0.9899,1.0115,0.988,1.0036,944310.3,1764817200000,947454.80017,12700,2025-12-04 02:00:00+00:00
1764817200000,1.0035,1.0106,0.9922,1.0021,1431567.4,1764820800000,1433585.69164,13444,2025-12-04 03:00:00+00:00
1764820800000,1.0023,1.006,0.9853,0.9868,969973.2,1764824400000,962743.19636,9808,2025-12-04 04:00:00+00:00
1764824400000,0.9869,0.9895,0.968,0.9721,985703.9,1764828000000,963226.85302,11385,2025-12-04 05:00:00+00:00
1764828000000,0.9722,0.9803,0.9698,0.9731,612636.3,1764831600000,596941.38554,8595,2025-12-04 06:00:00+00:00
1764831600000,0.9731,0.9731,0.951,0.9534,1597923.2,1764835200000,1528571.82882,13478,2025-12-04 07:00:00+00:00
1764835200000,0.9534,0.9589,0.9436,0.9485,755258.1,1764838800000,716870.95994,9446,2025-12-04 08:00:00+00:00
1764838800000,0.9488,0.9603,0.9485,0.9549,697014.6,1764842400000,666914.0864,7561,2025-12-04 09:00:00+00:00
1764842400000,0.9552,0.9574,0.9481,0.9509,561951.6,1764846000000,535364.47194,7066,2025-12-04 10:00:00+00:00
1764846000000,0.9508,0.9533,0.9448,0.9487,335580.7,1764849600000,318115.29314,5378,2025-12-04 11:00:00+00:00
1764849600000,0.9487,0.9525,0.9426,0.9452,490056.5,1764853200000,464306.80626,6640,2025-12-04 12:00:00+00:00
1764853200000,0.9452,0.9476,0.9316,0.9346,935692.9,1764856800000,878961.04554,10807,2025-12-04 13:00:00+00:00
1764856800000,0.9348,0.9426,0.9267,0.9296,880071.5,1764860400000,823657.3162,13508,2025-12-04 14:00:00+00:00
1764860400000,0.9295,0.9514,0.9292,0.9479,874094.5,1764864000000,821344.53793,12411,2025-12-04 15:00:00+00:00
1764864000000,0.9479,0.9535,0.9367,0.9428,763880.4,1764867600000,722258.61006,10869,2025-12-04 16:00:00+00:00
1764867600000,0.9428,0.9448,0.9309,0.9385,508927.3,1764871200000,476933.09171,8930,2025-12-04 17:00:00+00:00
1764871200000,0.9385,0.9406,0.9256,0.9303,1444667.6,1764874800000,1345614.53528,13589,2025-12-04 18:00:00+00:00
1764874800000,0.9303,0.9316,0.9007,0.9203,1593157.7,1764878400000,1455781.82821,18567,2025-12-04 19:00:00+00:00
1764878400000,0.9202,0.9245,0.9119,0.9217,751370.5,1764882000000,689555.94617,8614,2025-12-04 20:00:00+00:00
1764882000000,0.9218,0.9266,0.9119,0.9123,575740.4,1764885600000,528301.16017,6003,2025-12-04 21:00:00+00:00
1764885600000,0.9125,0.9215,0.9125,0.9195,238322.2,1764889200000,218623.33375,2628,2025-12-04 22:00:00+00:00
1764889200000,0.9196,0.9207,0.9158,0.917,168083.4,1764892800000,154346.59374,2548,2025-12-04 23:00:00+00:00
1764892800000,0.9169,0.9228,0.9095,0.9107,442191.6,1764896400000,404517.13901,6136,2025-12-05 00:00:00+00:00
1764896400000,0.9106,0.9228,0.909,0.9174,300567.9,1764900000000,275621.4679,4585,2025-12-05 01:00:00+00:00
1764900000000,0.9174,0.9324,0.9151,0.9269,1052732.0,1764903600000,974225.83333,6160,2025-12-05 02:00:00+00:00
1764903600000,0.9268,0.9323,0.9182,0.9202,324126.9,1764907200000,299702.21774,4054,2025-12-05 03:00:00+00:00
1764907200000,0.9201,0.9234,0.9065,0.9112,511827.1,1764910800000,466998.95798,5997,2025-12-05 04:00:00+00:00
1764910800000,0.9113,0.9147,0.9072,0.9109,178707.9,1764914400000,162734.90281,2665,2025-12-05 05:00:00+00:00
1764914400000,0.911,0.922,0.9108,0.9192,194859.3,1764918000000,178572.74111,3238,2025-12-05 06:00:00+00:00
1764918000000,0.919,0.9264,0.915,0.916,276151.9,1764921600000,254033.50422,3233,2025-12-05 07:00:00+00:00
1764921600000,0.9159,0.9165,0.9058,0.9071,226843.1,1764925200000,206427.89515,3769,2025-12-05 08:00:00+00:00
1764925200000,0.9071,0.9075,0.8866,0.8866,1141098.1,1764928800000,1020964.36663,10400,2025-12-05 09:00:00+00:00
1764928800000,0.8865,0.8936,0.8787,0.8893,894215.2,1764932400000,792289.67665,7160,2025-12-05 10:00:00+00:00
1764932400000,0.8892,0.8953,0.8842,0.8867,414838.1,1764936000000,368758.71642,4588,2025-12-05 11:00:00+00:00
1764936000000,0.8868,0.8875,0.8822,0.885,194318.7,1764939600000,171914.45496,2958,2025-12-05 12:00:00+00:00
1764939600000,0.8849,0.8874,0.867,0.8692,976372.0,1764943200000,854510.50503,9463,2025-12-05 13:00:00+00:00
1764943200000,0.8691,0.874,0.8621,0.8646,899493.9,1764946800000,780333.86883,9698,2025-12-05 14:00:00+00:00
1764946800000,0.8647,0.8896,0.8647,0.8709,1359836.7,1764950400000,1196150.73377,16811,2025-12-05 15:00:00+00:00
1764950400000,0.8708,0.8715,0.8339,0.8412,2390559.9,1764954000000,2031773.74743,24574,2025-12-05 16:00:00+00:00
1764954000000,0.841,0.8546,0.8355,0.8437,890559.6,1764957600000,752161.0571,11851,2025-12-05 17:00:00+00:00
1764957600000,0.8437,0.8529,0.8336,0.8348,700644.3,1764961200000,591424.76428,9790,2025-12-05 18:00:00+00:00
1764961200000,0.835,0.8509,0.8307,0.8472,501722.4,1764964800000,421728.69426,6836,2025-12-05 19:00:00+00:00
1764964800000,0.8473,0.8508,0.839,0.8422,576247.9,1764968400000,486200.57604,5548,2025-12-05 20:00:00+00:00
1764968400000,0.8422,0.8478,0.8392,0.8438,231571.6,1764972000000,195519.74862,3193,2025-12-05 21:00:00+00:00
1764972000000,0.8439,0.8495,0.8375,0.8452,338898.7,1764975600000,285716.50416,2636,2025-12-05 22:00:00+00:00
1764975600000,0.8452,0.8457,0.8373,0.8444,267206.6,1764979200000,224855.62562,2342,2025-12-05 23:00:00+00:00
1764979200000,0.8444,0.8592,0.8413,0.8526,554214.6,1764982800000,471840.86189,6075,2025-12-06 00:00:00+00:00
1764982800000,0.8525,0.8549,0.8402,0.8433,521482.4,1764986400000,442626.54463,7259,2025-12-06 01:00:00+00:00
1764986400000,0.8432,0.8445,0.8368,0.8392,751660.0,1764990000000,631535.26276,3432,2025-12-06 02:00:00+00:00
1764990000000,0.8391,0.8461,0.8387,0.8456,361876.5,1764993600000,304441.10753,1843,2025-12-06 03:00:00+00:00
1764993600000,0.8456,0.8462,0.8357,0.8385,502947.5,1764997200000,421804.19021,2740,2025-12-06 04:00:00+00:00
1764997200000,0.8384,0.8409,0.8379,0.8387,135030.2,1765000800000,113344.88982,1402,2025-12-06 05:00:00+00:00
1765000800000,0.8386,0.8432,0.837,0.8394,97927.8,1765004400000,82291.9946,1566,2025-12-06 06:00:00+00:00
1765004400000,0.8395,0.8422,0.8367,0.8408,106817.6,1765008000000,89713.33931,1463,2025-12-06 07:00:00+00:00
1765008000000,0.8409,0.8425,0.8322,0.8336,158369.1,1765011600000,132574.12197,2446,2025-12-06 08:00:00+00:00
1765011600000,0.8337,0.8419,0.8337,0.8374,191368.3,1765015200000,160579.30244,2159,2025-12-06 09:00:00+00:00
1765015200000,0.8373,0.8398,0.8339,0.8341,126014.2,1765018800000,105269.35863,1397,2025-12-06 10:00:00+00:00
1765018800000,0.834,0.8364,0.8322,0.8342,201962.9,1765022400000,168497.65296,2214,2025-12-06 11:00:00+00:00
1765022400000,0.8342,0.8347,0.8294,0.8317,437405.5,1765026000000,363771.08955,3401,2025-12-06 12:00:00+00:00
1765026000000,0.8316,0.834,0.8284,0.8297,228680.4,1765029600000,189940.68211,2839,2025-12-06 13:00:00+00:00
1765029600000,0.8296,0.8566,0.8288,0.8544,1259077.6,1765033200000,1068262.00049,7624,2025-12-06 14:00:00+00:00
1765033200000,0.8545,0.8652,0.8402,0.8588,824681.3,1765036800000,705051.76272,8124,2025-12-06 15:00:00+00:00
1765036800000,0.8588,0.8677,0.8541,0.8575,406172.7,1765040400000,349605.13153,5889,2025-12-06 16:00:00+00:00
1765040400000,0.8574,0.8614,0.8552,0.8583,197411.1,1765044000000,169272.59082,3068,2025-12-06 17:00:00+00:00
1765044000000,0.8584,0.8673,0.8557,0.8583,189879.9,1765047600000,163512.60118,2940,2025-12-06 18:00:00+00:00
1765047600000,0.8581,0.8591,0.8467,0.8498,744606.8,1765051200000,635136.13125,4866,2025-12-06 19:00:00+00:00
1765051200000,0.8499,0.8547,0.8486,0.8486,386557.6,1765054800000,328602.94429,2239,2025-12-06 20:00:00+00:00
1765054800000,0.8485,0.8634,0.8475,0.852,249300.4,1765058400000,213168.85847,5871,2025-12-06 21:00:00+00:00
1765058400000,0.8521,0.8555,0.8472,0.8479,173627.5,1765062000000,147897.83306,2383,2025-12-06 22:00:00+00:00
1765062000000,0.8482,0.8523,0.8403,0.8511,298899.8,1765065600000,252716.52836,4489,2025-12-06 23:00:00+00:00
1765065600000,0.8512,0.862,0.8503,0.8608,255045.5,1765069200000,218451.22418,4301,2025-12-07 00:00:00+00:00
1765069200000,0.8607,0.8612,0.8492,0.8492,719023.7,1765072800000,615746.88042,4156,2025-12-07 01:00:00+00:00
1765072800000,0.8493,0.856,0.8487,0.8542,83162.7,1765076400000,70910.57968,1783,2025-12-07 02:00:00+00:00
1765076400000,0.8541,0.8565,0.8517,0.8549,75129.3,1765080000000,64184.46008,1458,2025-12-07 03:00:00+00:00
1765080000000,0.8549,0.8561,0.8483,0.8499,79505.1,1765083600000,67727.03089,1447,2025-12-07 04:00:00+00:00
1765083600000,0.8498,0.8523,0.8478,0.8502,59297.7,1765087200000,50415.85566,1198,2025-12-07 05:00:00+00:00
1765087200000,0.8502,0.8527,0.846,0.8484,418894.2,1765090800000,355749.33929,2670,2025-12-07 06:00:00+00:00
1765090800000,0.8484,0.85,0.84,0.8443,176720.9,1765094400000,149030.18577,2522,2025-12-07 07:00:00+00:00
1765094400000,0.8444,0.8445,0.8382,0.8395,151173.4,1765098000000,127168.67584,2298,2025-12-07 08:00:00+00:00
1765098000000,0.8395,0.8415,0.8288,0.83,248557.6,1765101600000,207255.60927,3369,2025-12-07 09:00:00+00:00
1765101600000,0.83,0.8372,0.8298,0.8332,427202.6,1765105200000,355363.326,3268,2025-12-07 10:00:00+00:00
1765105200000,0.8332,0.838,0.831,0.8313,110464.4,1765108800000,92245.24813,2239,2025-12-07 11:00:00+00:00
1765108800000,0.8314,0.84,0.8304,0.837,107636.5,1765112400000,89902.48251,2175,2025-12-07 12:00:00+00:00
1765112400000,0.8372,0.8621,0.8316,0.8339,1628353.0,1765116000000,1375384.5568,13243,2025-12-07 13:00:00+00:00
1765116000000,0.8338,0.8345,0.8061,0.811,2472933.9,1765119600000,2026553.73335,21161,2025-12-07 14:00:00+00:00
1765119600000,0.8109,0.844,0.809,0.8398,1030958.6,1765123200000,854198.86691,12690,2025-12-07 15:00:00+00:00
1765123200000,0.8398,0.842,0.8273,0.8419,512005.1,1765126800000,426992.83852,6763,2025-12-07 16:00:00+00:00
1765126800000,0.8419,0.8757,0.8362,0.8714,1194390.2,1765130400000,1029490.57373,16060,2025-12-07 17:00:00+00:00
1765130400000,0.8716,0.8799,0.8686,0.8706,737886.5,1765134000000,645107.15544,8854,2025-12-07 18:00:00+00:00
1765134000000,0.8706,0.8711,0.8599,0.8659,428307.6,1765137600000,369836.70195,3883,2025-12-07 19:00:00+00:00
1765137600000,0.866,0.8693,0.8619,0.8625,168084.4,1765141200000,145365.2236,2719,2025-12-07 20:00:00+00:00
1765141200000,0.8625,0.8625,0.8312,0.8364,611607.5,1765144800000,517646.56443,7096,2025-12-07 21:00:00+00:00
1765144800000,0.8363,0.839,0.8153,0.8278,1589365.8,1765148400000,1313559.63342,13900,2025-12-07 22:00:00+00:00
1765148400000,0.8277,0.8309,0.821,0.8304,410326.1,1765152000000,338958.60043,6075,2025-12-07 23:00:00+00:00
1765152000000,0.8306,0.8411,0.8249,0.8289,605847.3,1765155600000,503612.49539,6615,2025-12-08 00:00:00+00:00
1765155600000,0.829,0.855,0.8285,0.8444,530015.7,1765159200000,448200.6274,7833,2025-12-08 01:00:00+00:00
1765159200000,0.8445,0.8515,0.8409,0.8503,116421.6,1765162800000,98494.04221,3468,2025-12-08 02:00:00+00:00
1765162800000,0.8504,0.8555,0.8482,0.8525,182100.9,1765166400000,155113.86531,3608,2025-12-08 03:00:00+00:00
1765166400000,0.8524,0.8712,0.8524,0.8633,481376.1,1765170000000,415786.69333,5112,2025-12-08 04:00:00+00:00
1765170000000,0.8634,0.8636,0.8562,0.8573,224397.3,1765173600000,192680.1724,3102,2025-12-08 05:00:00+00:00
1765173600000,0.8573,0.8652,0.8565,0.86,164568.1,1765177200000,141545.36887,2644,2025-12-08 06:00:00+00:00
1765177200000,0.8601,0.8614,0.8548,0.8556,208639.1,1765180800000,178850.34864,2907,2025-12-08 07:00:00+00:00
1765180800000,0.8556,0.8628,0.8538,0.8619,204679.0,1765184400000,175634.43581,2987,2025-12-08 08:00:00+00:00
1765184400000,0.8619,0.8797,0.8619,0.8723,526350.7,1765188000000,458748.48367,7020,2025-12-08 09:00:00+00:00
1765188000000,0.8723,0.8774,0.8708,0.8717,192950.6,1765191600000,168571.40086,3133,2025-12-08 10:00:00+00:00
1765191600000,0.8717,0.8733,0.863,0.8672,338746.4,1765195200000,293874.89195,3731,2025-12-08 11:00:00+00:00
1765195200000,0.8673,0.8678,0.86,0.8622,250705.5,1765198800000,216259.42068,3602,2025-12-08 12:00:00+00:00
1765198800000,0.8623,0.8677,0.856,0.8577,304437.7,1765202400000,262197.87764,4319,2025-12-08 13:00:00+00:00
1765202400000,0.8577,0.8656,0.8481,0.8503,803555.1,1765206000000,687891.41287,11530,2025-12-08 14:00:00+00:00
1765206000000,0.8504,0.8546,0.8316,0.8393,894960.1,1765209600000,753158.46415,12566,2025-12-08 15:00:00+00:00
1765209600000,0.8392,0.8511,0.8326,0.8383,676146.9,1765213200000,568619.7514,9752,2025-12-08 16:00:00+00:00
1765213200000,0.8385,0.8444,0.8302,0.8415,447404.5,1765216800000,374345.14157,6762,2025-12-08 17:00:00+00:00
1765216800000,0.8416,0.8464,0.8256,0.8307,752755.3,1765220400000,630846.7744,8631,2025-12-08 18:00:00+00:00
1765220400000,0.8306,0.8371,0.8273,0.8326,347356.3,1765224000000,288771.59593,6164,2025-12-08 19:00:00+00:00
1765224000000,0.8326,0.8436,0.8326,0.8402,235461.8,1765227600000,197276.79334,4589,2025-12-08 20:00:00+00:00
1765227600000,0.8403,0.8479,0.835,0.8453,345417.9,1765231200000,291170.79139,4850,2025-12-08 21:00:00+00:00
1765231200000,0.8452,0.8465,0.8349,0.8355,149456.3,1765234800000,125497.22081,2106,2025-12-08 22:00:00+00:00
1765234800000,0.8358,0.8374,0.8301,0.8343,173723.0,1765238400000,144884.44166,2694,2025-12-08 23:00:00+00:00
1765238400000,0.8343,0.8433,0.8329,0.8371,288591.2,1765242000000,241968.99702,4128,2025-12-09 00:00:00+00:00
1765242000000,0.8372,0.8394,0.8304,0.8324,299742.9,1765245600000,250029.13932,3521,2025-12-09 01:00:00+00:00
1765245600000,0.8325,0.8427,0.8309,0.8354,185286.9,1765249200000,155081.19635,3309,2025-12-09 02:00:00+00:00
1765249200000,0.8354,0.8513,0.8328,0.8513,412368.0,1765252800000,347603.88981,4297,2025-12-09 03:00:00+00:00
1765252800000,0.8513,0.8556,0.8386,0.8411,376421.5,1765256400000,319101.37831,5305,2025-12-09 04:00:00+00:00
1765256400000,0.841,0.8483,0.8339,0.8393,415131.3,1765260000000,349278.061,4829,2025-12-09 05:00:00+00:00
1765260000000,0.8393,0.8453,0.8316,0.8424,422606.0,1765263600000,353938.4277,4759,2025-12-09 06:00:00+00:00
1765263600000,0.8425,0.844,0.8386,0.8423,207378.5,1765267200000,174455.07356,2935,2025-12-09 07:00:00+00:00
1765267200000,0.8422,0.8471,0.8398,0.8403,184392.4,1765270800000,155513.90704,2877,2025-12-09 08:00:00+00:00
1765270800000,0.8402,0.8415,0.8352,0.8394,177211.5,1765274400000,148608.36268,2334,2025-12-09 09:00:00+00:00
1765274400000,0.8394,0.8445,0.8358,0.8398,290020.8,1765278000000,243471.49661,3734,2025-12-09 10:00:00+00:00
1765278000000,0.8399,0.8465,0.8374,0.8458,145920.2,1765281600000,122771.78281,2297,2025-12-09 11:00:00+00:00
1765281600000,0.8457,0.8524,0.8387,0.8514,451515.2,1765285200000,381883.58949,5413,2025-12-09 12:00:00+00:00
1765285200000,0.8514,0.8526,0.8376,0.8424,312195.6,1765288800000,263875.9758,4259,2025-12-09 13:00:00+00:00
1765288800000,0.8423,0.8474,0.8339,0.841,369206.6,1765292400000,310008.00634,6076,2025-12-09 14:00:00+00:00
1765292400000,0.8411,0.888,0.8395,0.8811,1897254.7,1765296000000,1643940.70587,22013,2025-12-09 15:00:00+00:00
1765296000000,0.8811,0.914,0.881,0.9101,2582570.9,1765299600000,2313035.86317,30094,2025-12-09 16:00:00+00:00
1765299600000,0.9102,0.9168,0.8981,0.9141,1229876.3,1765303200000,1119146.50925,20343,2025-12-09 17:00:00+00:00
1765303200000,0.9142,0.9218,0.9075,0.914,866130.2,1765306800000,792000.16881,12639,2025-12-09 18:00:00+00:00
1765306800000,0.914,0.9146,0.8991,0.9018,539173.7,1765310400000,488109.78315,9119,2025-12-09 19:00:00+00:00
1765310400000,0.902,0.9047,0.882,0.8857,631391.6,1765314000000,562651.32674,10371,2025-12-09 20:00:00+00:00
1765314000000,0.8858,0.8867,0.8575,0.869,991583.7,1765317600000,865166.96687,11013,2025-12-09 21:00:00+00:00
1765317600000,0.8691,0.8881,0.8678,0.8836,411727.0,1765321200000,362081.54276,4757,2025-12-09 22:00:00+00:00
1765321200000,0.8835,0.8895,0.8765,0.8865,268926.5,1765324800000,237802.77342,5119,2025-12-09 23:00:00+00:00
1765324800000,0.8865,0.8875,0.8746,0.8768,546686.8,1765328400000,481500.02069,9178,2025-12-10 00:00:00+00:00
1765328400000,0.8769,0.8815,0.8683,0.8793,499736.2,1765332000000,437773.24228,5945,2025-12-10 01:00:00+00:00
1765332000000,0.8792,0.8792,0.8683,0.874,299948.4,1765335600000,262023.17244,4217,2025-12-10 02:00:00+00:00
1765335600000,0.874,0.8764,0.8704,0.8729,168527.6,1765339200000,147178.05268,2969,2025-12-10 03:00:00+00:00
1765339200000,0.8729,0.8795,0.87,0.8724,313402.5,1765342800000,273717.26228,4083,2025-12-10 04:00:00+00:00
1765342800000,0.8723,0.8781,0.8707,0.8719,227114.6,1765346400000,198411.02612,2864,2025-12-10 05:00:00+00:00
1765346400000,0.872,0.8725,0.8671,0.8687,111227.9,1765350000000,96658.95438,1849,2025-12-10 06:00:00+00:00
1765350000000,0.8686,0.8686,0.8624,0.8651,197936.5,1765353600000,171224.48663,2598,2025-12-10 07:00:00+00:00
1765353600000,0.8651,0.8669,0.8526,0.8527,403272.3,1765357200000,346764.23472,4478,2025-12-10 08:00:00+00:00
1765357200000,0.8528,0.8633,0.8481,0.8628,405624.8,1765360800000,346712.801,5018,2025-12-10 09:00:00+00:00
1765360800000,0.8627,0.8705,0.8505,0.8519,520520.7,1765364400000,446654.99977,6513,2025-12-10 10:00:00+00:00
1765364400000,0.8518,0.8553,0.8483,0.8537,308406.2,1765368000000,262792.42176,4389,2025-12-10 11:00:00+00:00
1765368000000,0.8537,0.8559,0.8483,0.855,280862.6,1765371600000,239298.18343,3772,2025-12-10 12:00:00+00:00
1765371600000,0.8548,0.862,0.8533,0.8617,322485.8,1765375200000,276607.69669,4041,2025-12-10 13:00:00+00:00
1765375200000,0.8617,0.8641,0.8548,0.8598,605081.4,1765378800000,520342.077,7294,2025-12-10 14:00:00+00:00
1765378800000,0.8597,0.8676,0.8505,0.8549,343597.3,1765382400000,295249.13017,5866,2025-12-10 15:00:00+00:00
1765382400000,0.8548,0.8663,0.8521,0.8612,252308.6,1765386000000,216892.53452,4645,2025-12-10 16:00:00+00:00
1765386000000,0.8611,0.8715,0.858,0.859,341606.4,1765389600000,295614.97748,4564,2025-12-10 17:00:00+00:00
1765389600000,0.859,0.879,0.8539,0.8644,759393.6,1765393200000,657161.34392,10361,2025-12-10 18:00:00+00:00
1765393200000,0.8645,0.8849,0.8532,0.8844,2715848.6,1765396800000,2370209.3257,38709,2025-12-10 19:00:00+00:00
1765396800000,0.8845,0.9116,0.8618,0.864,2325315.9,1765400400000,2066485.26709,29751,2025-12-10 20:00:00+00:00
1765400400000,0.8641,0.8688,0.849,0.8506,1283706.8,1765404000000,1104238.82534,12955,2025-12-10 21:00:00+00:00
1765404000000,0.8508,0.8572,0.8382,0.8521,884880.9,1765407600000,749162.89028,9454,2025-12-10 22:00:00+00:00
1765407600000,0.852,0.8537,0.8399,0.8407,327226.1,1765411200000,276945.13894,4483,2025-12-10 23:00:00+00:00
1765411200000,0.8406,0.8424,0.819,0.8238,1289116.1,1765414800000,1065472.56887,10089,2025-12-11 00:00:00+00:00
1765414800000,0.8237,0.8253,0.8131,0.8146,595580.5,1765418400000,487764.87347,8339,2025-12-11 01:00:00+00:00
1765418400000,0.8145,0.8145,0.8061,0.81,655512.4,1765422000000,531207.23742,8472,2025-12-11 02:00:00+00:00
1765422000000,0.8101,0.8102,0.796,0.7964,879443.0,1765425600000,704184.77062,12603,2025-12-11 03:00:00+00:00
1765425600000,0.7963,0.8133,0.7922,0.811,489869.6,1765429200000,392843.3583,6892,2025-12-11 04:00:00+00:00
1765429200000,0.8109,0.8119,0.8066,0.81,188146.2,1765432800000,152323.22757,2886,2025-12-11 05:00:00+00:00
1765432800000,0.8099,0.8161,0.8096,0.8105,294660.3,1765436400000,239313.85027,4147,2025-12-11 06:00:00+00:00
1765436400000,0.8104,0.8112,0.8063,0.8075,215540.8,1765440000000,174310.63534,2152,2025-12-11 07:00:00+00:00
1765440000000,0.8074,0.8079,0.8017,0.807,197334.6,1765443600000,158711.93706,2490,2025-12-11 08:00:00+00:00
1765443600000,0.8069,0.8142,0.8057,0.8077,396504.6,1765447200000,320697.98656,3498,2025-12-11 09:00:00+00:00
1765447200000,0.8078,0.8104,0.8044,0.8077,145504.3,1765450800000,117341.52237,1549,2025-12-11 10:00:00+00:00
1765450800000,0.8076,0.8136,0.8066,0.8092,173879.6,1765454400000,140807.45099,1974,2025-12-11 11:00:00+00:00
1765454400000,0.8091,0.816,0.8081,0.812,180585.2,1765458000000,146617.28694,2575,2025-12-11 12:00:00+00:00
1765458000000,0.812,0.8157,0.8051,0.8089,267544.0,1765461600000,216440.86643,3902,2025-12-11 13:00:00+00:00
1765461600000,0.8088,0.8112,0.7959,0.802,749207.1,1765465200000,601846.93915,10371,2025-12-11 14:00:00+00:00
1765465200000,0.8019,0.8147,0.7982,0.802,467245.2,1765468800000,376123.63328,9095,2025-12-11 15:00:00+00:00
1765468800000,0.8019,0.8087,0.7944,0.8025,368889.4,1765472400000,295187.34734,5716,2025-12-11 16:00:00+00:00
1765472400000,0.8025,0.8057,0.7931,0.8016,602663.3,1765476000000,481627.40459,4870,2025-12-11 17:00:00+00:00
1765476000000,0.8015,0.8237,0.8004,0.8152,771960.0,1765479600000,626453.44869,7840,2025-12-11 18:00:00+00:00
1765479600000,0.8153,0.8295,0.8114,0.8152,780256.4,1765483200000,640362.41284,8313,2025-12-11 19:00:00+00:00
1765483200000,0.8153,0.8367,0.8145,0.8348,1053356.8,1765486800000,872568.27419,9650,2025-12-11 20:00:00+00:00
1765486800000,0.8349,0.86,0.8347,0.8498,1142344.1,1765490400000,969885.68422,14327,2025-12-11 21:00:00+00:00
1765490400000,0.8499,0.8543,0.8337,0.8398,461782.9,1765494000000,389088.33695,5568,2025-12-11 22:00:00+00:00
1765494000000,0.8399,0.8461,0.8354,0.8418,370116.0,1765497600000,310867.51504,4392,2025-12-11 23:00:00+00:00
1765497600000,0.8417,0.8471,0.8225,0.8239,581465.4,1765501200000,485551.19575,6070,2025-12-12 00:00:00+00:00
1765501200000,0.8242,0.8382,0.8224,0.8339,317249.0,1765504800000,263223.83617,5781,2025-12-12 01:00:00+00:00
1765504800000,0.834,0.8432,0.8318,0.841,214759.8,1765508400000,180329.88599,3859,2025-12-12 02:00:00+00:00
1765508400000,0.841,0.8418,0.8323,0.8378,120698.0,1765512000000,100857.71835,2422,2025-12-12 03:00:00+00:00
1765512000000,0.8376,0.8409,0.8367,0.8385,179864.9,1765515600000,150797.73191,2228,2025-12-12 04:00:00+00:00
1765515600000,0.8386,0.8466,0.8371,0.8459,323356.3,1765519200000,271844.79256,3874,2025-12-12 05:00:00+00:00
1765519200000,0.846,0.8575,0.8395,0.8431,580548.7,1765522800000,493590.37998,6192,2025-12-12 06:00:00+00:00
1765522800000,0.8431,0.8468,0.8406,0.8423,200207.2,1765526400000,168901.44374,2907,2025-12-12 07:00:00+00:00
1765526400000,0.8424,0.8438,0.8373,0.8424,273209.6,1765530000000,229748.10807,4561,2025-12-12 08:00:00+00:00
1765530000000,0.8423,0.8498,0.8392,0.8483,289912.2,1765533600000,244831.11873,4333,2025-12-12 09:00:00+00:00
1765533600000,0.8482,0.8504,0.8436,0.8446,292471.5,1765537200000,247620.98285,3221,2025-12-12 10:00:00+00:00
1765537200000,0.8445,0.8453,0.8391,0.8433,213764.9,1765540800000,179915.21848,2754,2025-12-12 11:00:00+00:00
1765540800000,0.8432,0.8469,0.8398,0.8468,183597.6,1765544400000,154769.80107,2658,2025-12-12 12:00:00+00:00
1765544400000,0.8467,0.8486,0.8432,0.8452,200319.3,1765548000000,169386.29955,2713,2025-12-12 13:00:00+00:00
1765548000000,0.8452,0.8467,0.8363,0.8417,435492.0,1765551600000,366476.95757,6799,2025-12-12 14:00:00+00:00
1765551600000,0.8417,0.8417,0.7875,0.7914,2552691.4,1765555200000,2069244.96074,24491,2025-12-12 15:00:00+00:00
1765555200000,0.7917,0.7956,0.7776,0.7863,1430397.3,1765558800000,1124422.64802,19642,2025-12-12 16:00:00+00:00
1765558800000,0.7862,0.8015,0.7848,0.7902,638707.4,1765562400000,507523.96034,9561,2025-12-12 17:00:00+00:00
1765562400000,0.7903,0.8057,0.7897,0.7969,365447.7,1765566000000,292060.14576,6084,2025-12-12 18:00:00+00:00
1765566000000,0.7971,0.7972,0.7902,0.7943,128874.2,1765569600000,102307.71304,3491,2025-12-12 19:00:00+00:00
1765569600000,0.7944,0.7965,0.79,0.7927,196276.4,1765573200000,155728.21819,3539,2025-12-12 20:00:00+00:00
1765573200000,0.7926,0.7975,0.7912,0.7937,141238.2,1765576800000,112218.18005,2072,2025-12-12 21:00:00+00:00
1765576800000,0.7939,0.8022,0.7935,0.7977,127551.1,1765580400000,101733.42885,1452,2025-12-12 22:00:00+00:00
1765580400000,0.7978,0.8003,0.7973,0.8003,38139.6,1765584000000,30451.17196,789,2025-12-12 23:00:00+00:00
1765584000000,0.8002,0.8022,0.7977,0.7992,82866.5,1765587600000,66329.19584,1662,2025-12-13 00:00:00+00:00
1765587600000,0.7992,0.8021,0.7955,0.7973,64994.0,1765591200000,51886.45422,1191,2025-12-13 01:00:00+00:00
1765591200000,0.7974,0.7996,0.7961,0.798,63131.6,1765594800000,50381.52798,1034,2025-12-13 02:00:00+00:00
1765594800000,0.798,0.8014,0.7958,0.8006,64005.0,1765598400000,51130.15846,1019,2025-12-13 03:00:00+00:00
1765598400000,0.8004,0.8029,0.7977,0.8023,53230.8,1765602000000,42632.35666,889,2025-12-13 04:00:00+00:00
1765602000000,0.8022,0.8027,0.7981,0.7995,55639.7,1765605600000,44512.31443,772,2025-12-13 05:00:00+00:00
1765605600000,0.7994,0.8045,0.7976,0.8023,98689.1,1765609200000,79213.55744,1172,2025-12-13 06:00:00+00:00
1765609200000,0.8024,0.8072,0.8023,0.8042,73785.7,1765612800000,59404.63363,1052,2025-12-13 07:00:00+00:00
1765612800000,0.8044,0.8133,0.8036,0.8045,170044.7,1765616400000,137147.25754,1447,2025-12-13 08:00:00+00:00
1765616400000,0.8046,0.8071,0.803,0.804,143884.2,1765620000000,115909.4521,969,2025-12-13 09:00:00+00:00
1765620000000,0.8039,0.8132,0.8026,0.8113,101736.8,1765623600000,82193.59046,1126,2025-12-13 10:00:00+00:00
1765623600000,0.8114,0.8135,0.809,0.8094,107352.4,1765627200000,87088.98789,1359,2025-12-13 11:00:00+00:00
1765627200000,0.8093,0.8124,0.8059,0.8081,90002.4,1765630800000,72806.18446,1318,2025-12-13 12:00:00+00:00
1765630800000,0.8082,0.8093,0.8037,0.8052,192710.8,1765634400000,155470.81999,1689,2025-12-13 13:00:00+00:00
1765634400000,0.8052,0.8077,0.7977,0.801,350997.6,1765638000000,281776.24424,2807,2025-12-13 14:00:00+00:00
1765638000000,0.8011,0.8093,0.8011,0.8043,161287.4,1765641600000,130052.41232,1955,2025-12-13 15:00:00+00:00
1765641600000,0.8044,0.8104,0.803,0.8092,231704.9,1765645200000,187052.44774,2103,2025-12-13 16:00:00+00:00
1765645200000,0.8093,0.8107,0.8054,0.808,87157.0,1765648800000,70344.52109,1135,2025-12-13 17:00:00+00:00
1765648800000,0.808,0.8142,0.8077,0.8093,160938.6,1765652400000,130581.68004,2187,2025-12-13 18:00:00+00:00
1765652400000,0.8093,0.815,0.8092,0.8125,166300.5,1765656000000,134856.90214,1436,2025-12-13 19:00:00+00:00
1765656000000,0.8126,0.8155,0.8081,0.8086,130040.3,1765659600000,105705.91493,1488,2025-12-13 20:00:00+00:00
1765659600000,0.8085,0.8094,0.8018,0.8071,124766.9,1765663200000,100501.25697,2267,2025-12-13 21:00:00+00:00
1765663200000,0.807,0.8106,0.8039,0.8083,90550.9,1765666800000,73145.69372,1345,2025-12-13 22:00:00+00:00
1765666800000,0.808,0.8098,0.8061,0.8084,76180.2,1765670400000,61560.39571,1024,2025-12-13 23:00:00+00:00
1765670400000,0.8083,0.8083,0.8035,0.8051,199861.3,1765674000000,160988.83437,2384,2025-12-14 00:00:00+00:00
1765674000000,0.805,0.8068,0.803,0.805,132605.9,1765677600000,106702.62041,1268,2025-12-14 01:00:00+00:00
1765677600000,0.8051,0.8135,0.805,0.811,77808.2,1765681200000,63052.23366,1240,2025-12-14 02:00:00+00:00
1765681200000,0.8111,0.8129,0.8057,0.8058,49917.9,1765684800000,40364.16394,764,2025-12-14 03:00:00+00:00
1765684800000,0.8057,0.8072,0.8009,0.8018,84185.1,1765688400000,67570.96226,1223,2025-12-14 04:00:00+00:00
1765688400000,0.8017,0.8026,0.7958,0.7985,111226.5,1765692000000,88810.92832,1459,2025-12-14 05:00:00+00:00
1765692000000,0.7984,0.8002,0.7952,0.7999,65548.9,1765695600000,52282.87982,1097,2025-12-14 06:00:00+00:00
1765695600000,0.7998,0.8025,0.7976,0.8,63023.8,1765699200000,50443.06175,995,2025-12-14 07:00:00+00:00
1765699200000,0.7999,0.8022,0.7923,0.7935,162921.4,1765702800000,129695.22874,1577,2025-12-14 08:00:00+00:00
1765702800000,0.7934,0.8003,0.7931,0.7974,140015.7,1765706400000,111593.24955,1716,2025-12-14 09:00:00+00:00
1765706400000,0.7973,0.7976,0.7905,0.7934,259608.5,1765710000000,205888.82292,3063,2025-12-14 10:00:00+00:00
1765710000000,0.7932,0.7943,0.7725,0.7846,941728.5,1765713600000,736863.13994,9422,2025-12-14 11:00:00+00:00
1765713600000,0.7845,0.7916,0.781,0.7896,240728.2,1765717200000,189481.236,3312,2025-12-14 12:00:00+00:00
1765717200000,0.7895,0.7895,0.7842,0.7895,139054.6,1765720800000,109345.17029,2366,2025-12-14 13:00:00+00:00
1765720800000,0.7895,0.7919,0.7783,0.7821,325768.9,1765724400000,255531.94063,3688,2025-12-14 14:00:00+00:00
1765724400000,0.7819,0.784,0.7786,0.7825,129410.7,1765728000000,101122.66601,2464,2025-12-14 15:00:00+00:00
1765728000000,0.7824,0.7884,0.7795,0.7819,175217.2,1765731600000,137103.0781,2990,2025-12-14 16:00:00+00:00
1765731600000,0.7819,0.7836,0.7679,0.7749,635301.2,1765735200000,491432.6972,5333,2025-12-14 17:00:00+00:00
1765735200000,0.7748,0.78,0.7725,0.7797,197813.6,1765738800000,153494.56817,2457,2025-12-14 18:00:00+00:00
1765738800000,0.7796,0.7796,0.7715,0.7746,135850.7,1765742400000,105158.56893,1777,2025-12-14 19:00:00+00:00
1765742400000,0.7745,0.7784,0.7677,0.7717,346624.6,1765746000000,268118.89088,3727,2025-12-14 20:00:00+00:00
1765746000000,0.7715,0.7739,0.7634,0.7659,183733.2,1765749600000,141065.1225,2326,2025-12-14 21:00:00+00:00
1765749600000,0.766,0.7706,0.7609,0.7666,433283.4,1765753200000,331228.38392,3107,2025-12-14 22:00:00+00:00
1765753200000,0.7665,0.7705,0.7548,0.7631,585470.3,1765756800000,445509.0955,7826,2025-12-14 23:00:00+00:00
1765756800000,0.7631,0.7706,0.7613,0.7688,293894.2,1765760400000,225222.5743,4900,2025-12-15 00:00:00+00:00
1765760400000,0.7687,0.7833,0.7665,0.7777,349789.4,1765764000000,271047.16799,5779,2025-12-15 01:00:00+00:00
1765764000000,0.7777,0.7927,0.7773,0.7781,651718.5,1765767600000,510635.82414,6079,2025-12-15 02:00:00+00:00
1765767600000,0.778,0.7802,0.7742,0.7758,182237.8,1765771200000,141555.94315,2497,2025-12-15 03:00:00+00:00
1765771200000,0.7759,0.786,0.7751,0.7847,116941.4,1765774800000,91485.33842,1971,2025-12-15 04:00:00+00:00
1765774800000,0.7848,0.788,0.7837,0.7868,90138.9,1765778400000,70856.80206,1468,2025-12-15 05:00:00+00:00
1765778400000,0.7868,0.7933,0.7868,0.7888,205701.7,1765782000000,162414.81155,2148,2025-12-15 06:00:00+00:00
1765782000000,0.7889,0.79,0.7789,0.7816,172144.0,1765785600000,134598.70722,2155,2025-12-15 07:00:00+00:00
1765785600000,0.7816,0.7853,0.7791,0.7792,113130.9,1765789200000,88430.39179,1532,2025-12-15 08:00:00+00:00
1765789200000,0.7793,0.7852,0.7782,0.7831,155254.6,1765792800000,121333.77935,1913,2025-12-15 09:00:00+00:00
1765792800000,0.783,0.7863,0.78,0.7825,154359.2,1765796400000,120805.56924,1975,2025-12-15 10:00:00+00:00
1765796400000,0.7824,0.7859,0.7801,0.7824,115324.3,1765800000000,90368.96678,1418,2025-12-15 11:00:00+00:00
1765800000000,0.7823,0.7833,0.777,0.7824,179947.8,1765803600000,140424.38852,1688,2025-12-15 12:00:00+00:00
1765803600000,0.7824,0.7824,0.7634,0.7645,671573.6,1765807200000,518093.99107,5255,2025-12-15 13:00:00+00:00
1765807200000,0.7645,0.7754,0.7456,0.7542,2178725.7,1765810800000,1651027.28326,16284,2025-12-15 14:00:00+00:00
1765810800000,0.7541,0.7571,0.725,0.731,2166695.9,1765814400000,1598602.85235,28116,2025-12-15 15:00:00+00:00
1765814400000,0.7311,0.7333,0.7157,0.722,1279632.2,1765818000000,925918.34615,12886,2025-12-15 16:00:00+00:00
1765818000000,0.7219,0.7257,0.7128,0.7158,717811.9,1765821600000,515618.24336,7646,2025-12-15 17:00:00+00:00
1765821600000,0.7157,0.7185,0.7028,0.7173,799889.0,1765825200000,568573.27252,8759,2025-12-15 18:00:00+00:00
1765825200000,0.7174,0.7261,0.7171,0.7192,566647.0,1765828800000,409220.16767,6104,2025-12-15 19:00:00+00:00
1765828800000,0.7191,0.7195,0.7097,0.7135,403315.8,1765832400000,287983.63298,4806,2025-12-15 20:00:00+00:00
1765832400000,0.7136,0.7216,0.7127,0.7187,235440.4,1765836000000,168735.81535,3629,2025-12-15 21:00:00+00:00
1765836000000,0.7186,0.7197,0.7148,0.7194,234085.4,1765839600000,167886.82671,1542,2025-12-15 22:00:00+00:00
1765839600000,0.7194,0.7257,0.7186,0.7228,236567.4,1765843200000,170910.61911,2552,2025-12-15 23:00:00+00:00
1765843200000,0.7227,0.725,0.708,0.7087,443118.4,1765846800000,317442.24734,3756,2025-12-16 00:00:00+00:00
1765846800000,0.7087,0.7151,0.7068,0.7105,314532.7,1765850400000,223478.59396,3653,2025-12-16 01:00:00+00:00
1765850400000,0.7106,0.7148,0.7074,0.711,183420.3,1765854000000,130372.18824,3058,2025-12-16 02:00:00+00:00
1765854000000,0.7111,0.7129,0.7045,0.7122,277543.5,1765857600000,196897.60377,3382,2025-12-16 03:00:00+00:00
1765857600000,0.7122,0.7134,0.6969,0.7068,594814.0,1765861200000,418329.3948,5305,2025-12-16 04:00:00+00:00
1765861200000,0.7069,0.714,0.7054,0.7093,336984.7,1765864800000,239681.705,2608,2025-12-16 05:00:00+00:00
1765864800000,0.7093,0.7141,0.7085,0.7129,167376.1,1765868400000,118955.93663,1977,2025-12-16 06:00:00+00:00
1765868400000,0.713,0.7149,0.7003,0.7038,294464.8,1765872000000,208550.8871,3106,2025-12-16 07:00:00+00:00
1765872000000,0.7039,0.7092,0.7023,0.7056,140963.9,1765875600000,99540.97033,2276,2025-12-16 08:00:00+00:00
1765875600000,0.7055,0.7116,0.7049,0.7112,435048.8,1765879200000,308669.70437,2401,2025-12-16 09:00:00+00:00
1765879200000,0.7111,0.7251,0.707,0.7189,356079.0,1765882800000,254507.37013,4332,2025-12-16 10:00:00+00:00
1765882800000,0.7191,0.7214,0.7152,0.7213,238542.5,1765886400000,171312.23913,3400,2025-12-16 11:00:00+00:00
1765886400000,0.7212,0.7261,0.7191,0.7206,280213.1,1765890000000,202573.12229,3210,2025-12-16 12:00:00+00:00
1765890000000,0.7207,0.7346,0.7113,0.7116,950377.8,1765893600000,685919.55304,11801,2025-12-16 13:00:00+00:00
1765893600000,0.7117,0.7246,0.7052,0.7191,1093387.5,1765897200000,781548.76118,14292,2025-12-16 14:00:00+00:00
1765897200000,0.7192,0.7289,0.7078,0.7249,912415.2,1765900800000,654019.40491,9796,2025-12-16 15:00:00+00:00
1765900800000,0.7246,0.7264,0.7152,0.7188,374120.1,1765904400000,269711.01391,5822,2025-12-16 16:00:00+00:00
1765904400000,0.7187,0.7242,0.7119,0.7124,573558.3,1765908000000,413154.52299,4578,2025-12-16 17:00:00+00:00
1765908000000,0.7126,0.7268,0.711,0.7221,318855.6,1765911600000,229009.08785,4107,2025-12-16 18:00:00+00:00
1765911600000,0.7221,0.7221,0.7091,0.7143,566310.3,1765915200000,404135.71737,3658,2025-12-16 19:00:00+00:00
1765915200000,0.7142,0.722,0.7134,0.7188,467106.2,1765918800000,334813.33167,4158,2025-12-16 20:00:00+00:00
1765918800000,0.7189,0.7254,0.7171,0.7233,122232.2,1765922400000,88227.31686,2003,2025-12-16 21:00:00+00:00
1765922400000,0.7234,0.7267,0.7227,0.7227,157020.5,1765926000000,113797.87877,1619,2025-12-16 22:00:00+00:00
1765926000000,0.7228,0.7234,0.7195,0.723,156815.5,1765929600000,113025.66663,1449,2025-12-16 23:00:00+00:00
1765929600000,0.7229,0.7229,0.7152,0.7176,200184.5,1765933200000,143573.74254,1744,2025-12-17 00:00:00+00:00
1765933200000,0.7178,0.7266,0.717,0.7185,126737.6,1765936800000,91523.32051,1789,2025-12-17 01:00:00+00:00
1765936800000,0.7186,0.7407,0.7178,0.7381,1103548.5,1765940400000,803459.38922,7885,2025-12-17 02:00:00+00:00
1765940400000,0.738,0.7509,0.733,0.7342,766366.4,1765944000000,569601.01554,6722,2025-12-17 03:00:00+00:00
1765944000000,0.7344,0.7359,0.7242,0.7265,900695.5,1765947600000,657842.38797,4327,2025-12-17 04:00:00+00:00
1765947600000,0.7265,0.7268,0.7158,0.7218,447336.5,1765951200000,322527.02475,5372,2025-12-17 05:00:00+00:00
1765951200000,0.7218,0.728,0.7208,0.7243,263630.9,1765954800000,191078.59325,3264,2025-12-17 06:00:00+00:00
1765954800000,0.7247,0.7382,0.7236,0.7364,392391.0,1765958400000,286930.17446,3295,2025-12-17 07:00:00+00:00
1765958400000,0.7363,0.7363,0.7237,0.7246,234096.1,1765962000000,170227.51442,3440,2025-12-17 08:00:00+00:00
1765962000000,0.7247,0.7267,0.7189,0.7222,342653.7,1765965600000,247885.72831,3685,2025-12-17 09:00:00+00:00
1765965600000,0.722,0.7259,0.7176,0.7185,254355.4,1765969200000,183233.41989,3164,2025-12-17 10:00:00+00:00
1765969200000,0.7184,0.7274,0.7182,0.722,359177.1,1765972800000,259505.1826,3437,2025-12-17 11:00:00+00:00
1765972800000,0.722,0.7265,0.7185,0.7226,749033.1,1765976400000,540409.62329,4644,2025-12-17 12:00:00+00:00
1765976400000,0.7226,0.7354,0.7186,0.7342,492250.2,1765980000000,357465.27169,4875,2025-12-17 13:00:00+00:00
1765980000000,0.7341,0.7588,0.7173,0.7576,2417303.5,1765983600000,1782702.75459,20065,2025-12-17 14:00:00+00:00
1765983600000,0.7575,0.7841,0.7261,0.7299,3219139.9,1765987200000,2440622.68431,35079,2025-12-17 15:00:00+00:00
1765987200000,0.7298,0.7384,0.7019,0.7086,2374719.5,1765990800000,1693822.50989,24934,2025-12-17 16:00:00+00:00
1765990800000,0.7085,0.7109,0.6924,0.6925,1436354.9,1765994400000,1005211.17325,14512,2025-12-17 17:00:00+00:00
1765994400000,0.6926,0.7025,0.6818,0.6836,842276.7,1765998000000,582768.05417,9652,2025-12-17 18:00:00+00:00
1765998000000,0.6837,0.6918,0.6767,0.6916,602477.0,1766001600000,411385.20722,7498,2025-12-17 19:00:00+00:00
1766001600000,0.6917,0.6974,0.6836,0.6856,285727.6,1766005200000,197566.53641,4029,2025-12-17 20:00:00+00:00
1766005200000,0.6856,0.6889,0.6763,0.6787,839698.6,1766008800000,572926.207,6179,2025-12-17 21:00:00+00:00
1766008800000,0.6787,0.6862,0.6748,0.684,415276.4,1766012400000,282312.3836,2935,2025-12-17 22:00:00+00:00
1766012400000,0.684,0.684,0.6763,0.6798,341518.3,1766016000000,231763.44447,2616,2025-12-17 23:00:00+00:00
1766016000000,0.6799,0.6876,0.676,0.6876,268434.7,1766019600000,182911.02879,2366,2025-12-18 00:00:00+00:00
1766019600000,0.6876,0.6876,0.6748,0.6808,566772.7,1766023200000,385348.06564,4986,2025-12-18 01:00:00+00:00
1766023200000,0.6808,0.6934,0.6776,0.6877,520310.9,1766026800000,357307.30752,5300,2025-12-18 02:00:00+00:00
1766026800000,0.6878,0.6878,0.6816,0.6825,176193.1,1766030400000,120490.51145,2282,2025-12-18 03:00:00+00:00
1766030400000,0.6824,0.6886,0.6822,0.6833,188510.5,1766034000000,129161.15486,2015,2025-12-18 04:00:00+00:00
1766034000000,0.6833,0.6833,0.6678,0.6689,512065.8,1766037600000,344928.64972,4185,2025-12-18 05:00:00+00:00
1766037600000,0.6689,0.6714,0.6662,0.6709,244664.5,1766041200000,163635.46396,2291,2025-12-18 06:00:00+00:00
1766041200000,0.671,0.674,0.6687,0.6702,150617.3,1766044800000,101135.51892,1910,2025-12-18 07:00:00+00:00
1766044800000,0.6701,0.6864,0.6692,0.6794,330130.8,1766048400000,224613.63393,3900,2025-12-18 08:00:00+00:00
1766048400000,0.6793,0.687,0.6765,0.6828,515692.8,1766052000000,351904.88859,4794,2025-12-18 09:00:00+00:00
1766052000000,0.6831,0.6936,0.6831,0.6907,379692.3,1766055600000,262032.85294,2934,2025-12-18 10:00:00+00:00
1766055600000,0.6906,0.6907,0.6841,0.6862,203439.5,1766059200000,139833.46602,2074,2025-12-18 11:00:00+00:00
1766059200000,0.6863,0.6872,0.6811,0.6824,241890.4,1766062800000,165465.68545,2352,2025-12-18 12:00:00+00:00
1766062800000,0.6825,0.712,0.6825,0.707,1725433.9,1766066400000,1209398.01675,15730,2025-12-18 13:00:00+00:00
1766066400000,0.7071,0.7171,0.6906,0.6995,1718524.1,1766070000000,1204850.23776,16418,2025-12-18 14:00:00+00:00
1766070000000,0.6996,0.7155,0.6911,0.7065,836824.9,1766073600000,589373.49476,9638,2025-12-18 15:00:00+00:00
1766073600000,0.7066,0.7069,0.6919,0.6979,434300.4,1766077200000,303178.27871,5423,2025-12-18 16:00:00+00:00
1766077200000,0.698,0.698,0.6525,0.6643,2734946.3,1766080800000,1827702.87472,23518,2025-12-18 17:00:00+00:00
1766080800000,0.6643,0.6718,0.6521,0.655,555248.8,1766084400000,367249.52387,6068,2025-12-18 18:00:00+00:00
1766084400000,0.6549,0.6553,0.6315,0.6332,973120.6,1766088000000,626171.36492,10998,2025-12-18 19:00:00+00:00
1766088000000,0.633,0.647,0.6322,0.6371,557134.5,1766091600000,357072.05914,7459,2025-12-18 20:00:00+00:00
1766091600000,0.6373,0.6559,0.6373,0.6558,779693.9,1766095200000,505547.78592,6304,2025-12-18 21:00:00+00:00
1766095200000,0.6559,0.6597,0.6514,0.6518,313090.7,1766098800000,204999.54109,2245,2025-12-18 22:00:00+00:00
1766098800000,0.6517,0.6517,0.6421,0.6427,317289.7,1766102400000,204758.7594,2408,2025-12-18 23:00:00+00:00
1766102400000,0.6428,0.6467,0.6318,0.639,453118.8,1766106000000,289288.2226,3979,2025-12-19 00:00:00+00:00
1766106000000,0.6389,0.6389,0.6291,0.6338,494969.5,1766109600000,313507.23843,3585,2025-12-19 01:00:00+00:00
1766109600000,0.6337,0.644,0.6304,0.6418,470047.5,1766113200000,299548.90511,4084,2025-12-19 02:00:00+00:00
1766113200000,0.6418,0.6752,0.6418,0.6682,1462343.9,1766116800000,969550.89489,14231,2025-12-19 03:00:00+00:00
1766116800000,0.6683,0.6746,0.6675,0.6725,567829.9,1766120400000,380804.79054,5924,2025-12-19 04:00:00+00:00
1766120400000,0.6723,0.6726,0.6664,0.6699,579434.0,1766124000000,388280.16496,3832,2025-12-19 05:00:00+00:00
1766124000000,0.67,0.6741,0.6666,0.6738,240229.7,1766127600000,160826.86327,3021,2025-12-19 06:00:00+00:00
1766127600000,0.6738,0.6884,0.6732,0.679,569570.1,1766131200000,387296.00913,6079,2025-12-19 07:00:00+00:00
1766131200000,0.6789,0.6887,0.6788,0.6834,229527.3,1766134800000,156819.72671,3400,2025-12-19 08:00:00+00:00
1766134800000,0.6833,0.6833,0.6767,0.679,231963.8,1766138400000,157478.41833,2396,2025-12-19 09:00:00+00:00
1766138400000,0.6791,0.6836,0.6772,0.6821,216039.1,1766142000000,146897.90179,2161,2025-12-19 10:00:00+00:00
1766142000000,0.682,0.6868,0.6812,0.6832,313217.4,1766145600000,214211.69565,2896,2025-12-19 11:00:00+00:00
1766145600000,0.6834,0.6864,0.6813,0.6829,260241.2,1766149200000,177705.61356,3368,2025-12-19 12:00:00+00:00
1766149200000,0.683,0.6845,0.6769,0.681,472889.2,1766152800000,321676.52398,4188,2025-12-19 13:00:00+00:00
1766152800000,0.681,0.6954,0.6783,0.6865,892248.3,1766156400000,611434.03888,9094,2025-12-19 14:00:00+00:00
1766156400000,0.6866,0.7072,0.6844,0.6949,1221819.7,1766160000000,848361.76634,14791,2025-12-19 15:00:00+00:00
1766160000000,0.6948,0.715,0.6937,0.7037,1025280.3,1766163600000,723471.52349,10123,2025-12-19 16:00:00+00:00
1766163600000,0.7037,0.7148,0.6866,0.6876,1340272.7,1766167200000,938041.36476,10945,2025-12-19 17:00:00+00:00
1766167200000,0.6874,0.6994,0.687,0.6953,469510.1,1766170800000,325129.2884,5187,2025-12-19 18:00:00+00:00
1766170800000,0.6954,0.715,0.6954,0.7099,496077.6,1766174400000,351239.39971,4875,2025-12-19 19:00:00+00:00
1766174400000,0.7099,0.7175,0.7062,0.7158,500342.5,1766178000000,356700.53977,5526,2025-12-19 20:00:00+00:00
1766178000000,0.7156,0.7159,0.7046,0.7062,407516.5,1766181600000,288587.31664,3056,2025-12-19 21:00:00+00:00
1766181600000,0.7062,0.7113,0.7059,0.7089,257381.1,1766185200000,182559.00211,1887,2025-12-19 22:00:00+00:00
1766185200000,0.7087,0.7105,0.706,0.7104,112807.5,1766188800000,79889.6117,1280,2025-12-19 23:00:00+00:00
1766188800000,0.7103,0.7141,0.7009,0.7088,702135.4,1766192400000,496295.64164,4789,2025-12-20 00:00:00+00:00
1766192400000,0.7087,0.7099,0.7038,0.7041,166140.8,1766196000000,117258.50595,1264,2025-12-20 01:00:00+00:00
1766196000000,0.7041,0.7102,0.7026,0.7058,186903.5,1766199600000,132074.35818,1793,2025-12-20 02:00:00+00:00
1766199600000,0.7057,0.7124,0.7026,0.7108,345513.7,1766203200000,244615.99243,1609,2025-12-20 03:00:00+00:00
1766203200000,0.7108,0.7124,0.7059,0.7069,209843.2,1766206800000,148817.93211,1581,2025-12-20 04:00:00+00:00
1766206800000,0.707,0.7113,0.7069,0.7098,92262.0,1766210400000,65407.75918,1181,2025-12-20 05:00:00+00:00
1766210400000,0.7098,0.7272,0.7095,0.7271,514619.1,1766214000000,370589.2338,3602,2025-12-20 06:00:00+00:00
1766214000000,0.7271,0.7313,0.7178,0.7303,491543.4,1766217600000,356328.847,4214,2025-12-20 07:00:00+00:00
1766217600000,0.7304,0.7368,0.7273,0.7276,421036.2,1766221200000,308606.48198,3757,2025-12-20 08:00:00+00:00
1766221200000,0.7275,0.7293,0.7221,0.7236,367020.2,1766224800000,266223.10275,2914,2025-12-20 09:00:00+00:00
1766224800000,0.7235,0.7243,0.712,0.713,542494.0,1766228400000,389310.91411,3671,2025-12-20 10:00:00+00:00
1766228400000,0.713,0.72,0.7113,0.7192,154023.4,1766232000000,110324.13749,1681,2025-12-20 11:00:00+00:00
1766232000000,0.7192,0.7222,0.7157,0.7187,93829.1,1766235600000,67450.32858,1219,2025-12-20 12:00:00+00:00
1766235600000,0.7187,0.7216,0.709,0.7163,583532.5,1766239200000,416418.72358,4612,2025-12-20 13:00:00+00:00
1766239200000,0.7162,0.7223,0.7096,0.721,426464.8,1766242800000,305324.11439,3038,2025-12-20 14:00:00+00:00
1766242800000,0.7211,0.7211,0.7133,0.7158,266105.1,1766246400000,190663.1323,2016,2025-12-20 15:00:00+00:00
1766246400000,0.7159,0.7214,0.7136,0.7198,126949.0,1766250000000,91064.28784,1470,2025-12-20 16:00:00+00:00
1766250000000,0.7199,0.7257,0.7168,0.7204,196719.3,1766253600000,141989.23217,2571,2025-12-20 17:00:00+00:00
1766253600000,0.7207,0.7286,0.7174,0.7285,166706.7,1766257200000,120473.07141,1773,2025-12-20 18:00:00+00:00
1766257200000,0.7287,0.7366,0.7251,0.7275,414843.6,1766260800000,303461.94351,4432,2025-12-20 19:00:00+00:00
1766260800000,0.7274,0.7291,0.7248,0.7267,122541.5,1766264400000,89072.60533,1451,2025-12-20 20:00:00+00:00
1766264400000,0.7268,0.7323,0.7268,0.7269,176057.7,1766268000000,128436.3738,2113,2025-12-20 21:00:00+00:00
1766268000000,0.7272,0.7293,0.724,0.7282,260724.1,1766271600000,189442.88755,1950,2025-12-20 22:00:00+00:00
1766271600000,0.7281,0.7292,0.7214,0.7241,377810.4,1766275200000,273904.7191,2832,2025-12-20 23:00:00+00:00
1766275200000,0.724,0.724,0.7169,0.7185,255130.4,1766278800000,183712.8522,2057,2025-12-21 00:00:00+00:00
1766278800000,0.7184,0.7184,0.7076,0.708,373461.3,1766282400000,265970.98808,3057,2025-12-21 01:00:00+00:00
1766282400000,0.7079,0.7098,0.7025,0.7045,330717.7,1766286000000,233720.94366,3032,2025-12-21 02:00:00+00:00
1766286000000,0.7044,0.7106,0.7033,0.7068,131850.4,1766289600000,93263.64663,1483,2025-12-21 03:00:00+00:00
1766289600000,0.7067,0.7087,0.7055,0.7059,54075.2,1766293200000,38240.80582,873,2025-12-21 04:00:00+00:00
1766293200000,0.7059,0.712,0.7057,0.7088,127270.5,1766296800000,90339.42403,1231,2025-12-21 05:00:00+00:00
1766296800000,0.7088,0.717,0.7074,0.7131,289922.2,1766300400000,206485.00983,2570,2025-12-21 06:00:00+00:00
1766300400000,0.7131,0.7164,0.7118,0.7136,108620.2,1766304000000,77557.20771,1279,2025-12-21 07:00:00+00:00
1766304000000,0.7136,0.7258,0.7103,0.718,586473.8,1766307600000,422201.17025,4900,2025-12-21 08:00:00+00:00
1766307600000,0.7178,0.7255,0.7142,0.7225,198133.3,1766311200000,142541.94545,2906,2025-12-21 09:00:00+00:00
1766311200000,0.7226,0.7359,0.7172,0.7186,817971.4,1766314800000,594818.39319,6202,2025-12-21 10:00:00+00:00
1766314800000,0.7185,0.7194,0.7132,0.7143,202854.7,1766318400000,145266.64252,2750,2025-12-21 11:00:00+00:00
1766318400000,0.7144,0.7204,0.7076,0.7104,346917.0,1766322000000,247525.87639,4165,2025-12-21 12:00:00+00:00
1766322000000,0.7105,0.711,0.6868,0.6885,1434197.4,1766325600000,998937.44085,14484,2025-12-21 13:00:00+00:00
1766325600000,0.6883,0.7,0.687,0.6963,717958.6,1766329200000,498536.76799,5227,2025-12-21 14:00:00+00:00
1766329200000,0.6964,0.6996,0.6913,0.6968,205118.5,1766332800000,142732.84891,2870,2025-12-21 15:00:00+00:00
1766332800000,0.6967,0.6998,0.6905,0.6988,356331.2,1766336400000,247479.97445,2631,2025-12-21 16:00:00+00:00
1766336400000,0.6988,0.7039,0.6948,0.6958,314334.8,1766340000000,219391.20049,2592,2025-12-21 17:00:00+00:00
1766340000000,0.6957,0.6966,0.6884,0.695,290996.1,1766343600000,201190.84314,2441,2025-12-21 18:00:00+00:00
1766343600000,0.6951,0.7024,0.6927,0.7008,276919.7,1766347200000,193290.08157,2352,2025-12-21 19:00:00+00:00
1766347200000,0.7008,0.7014,0.6953,0.6956,163573.0,1766350800000,114067.98665,1526,2025-12-21 20:00:00+00:00
1766350800000,0.6957,0.7029,0.6947,0.6974,192596.1,1766354400000,134845.93413,1975,2025-12-21 21:00:00+00:00
1766354400000,0.6973,0.71,0.6962,0.7092,284450.6,1766358000000,200537.01104,1846,2025-12-21 22:00:00+00:00
1766358000000,0.7093,0.7156,0.7067,0.7087,192436.3,1766361600000,136782.8222,2393,2025-12-21 23:00:00+00:00
1766361600000,0.7088,0.7299,0.7085,0.7164,914999.4,1766365200000,659837.45432,10405,2025-12-22 00:00:00+00:00
1766365200000,0.7163,0.7304,0.7157,0.7169,500408.0,1766368800000,361742.13727,5677,2025-12-22 01:00:00+00:00
1766368800000,0.717,0.7172,0.7042,0.7155,576940.0,1766372400000,409312.41731,6349,2025-12-22 02:00:00+00:00
1766372400000,0.7156,0.7239,0.7122,0.7212,265938.8,1766376000000,191520.23372,3459,2025-12-22 03:00:00+00:00
1766376000000,0.7212,0.7318,0.7212,0.7281,599297.5,1766379600000,435944.67864,5260,2025-12-22 04:00:00+00:00
1766379600000,0.7282,0.7324,0.7252,0.726,161981.0,1766383200000,118040.29058,2601,2025-12-22 05:00:00+00:00
1766383200000,0.7259,0.7292,0.7194,0.7247,289357.4,1766386800000,209604.85016,3337,2025-12-22 06:00:00+00:00
1766386800000,0.7246,0.7408,0.7235,0.7297,1219059.4,1766390400000,893495.4067,8141,2025-12-22 07:00:00+00:00
1766390400000,0.7296,0.7361,0.722,0.7231,660060.9,1766394000000,481201.26666,7313,2025-12-22 08:00:00+00:00
1766394000000,0.7231,0.7247,0.7187,0.7232,306543.5,1766397600000,221269.8239,3016,2025-12-22 09:00:00+00:00
1766397600000,0.7232,0.7263,0.7205,0.7246,297546.6,1766401200000,215505.12876,2847,2025-12-22 10:00:00+00:00
1766401200000,0.7247,0.7339,0.722,0.7295,362334.9,1766404800000,264099.87861,3745,2025-12-22 11:00:00+00:00
1766404800000,0.7296,0.7405,0.729,0.7338,620442.4,1766408400000,455676.50117,5043,2025-12-22 12:00:00+00:00
1766408400000,0.7338,0.7345,0.7204,0.7243,456843.5,1766412000000,331776.15134,4259,2025-12-22 13:00:00+00:00
1766412000000,0.7242,0.7305,0.7162,0.7256,853310.8,1766415600000,617642.9189,8944,2025-12-22 14:00:00+00:00
1766415600000,0.7255,0.7299,0.7126,0.7218,686239.8,1766419200000,493170.47567,8880,2025-12-22 15:00:00+00:00
1766419200000,0.7218,0.725,0.716,0.7189,444302.2,1766422800000,319970.26961,4570,2025-12-22 16:00:00+00:00
1766422800000,0.7189,0.7224,0.712,0.7201,255332.8,1766426400000,182991.65193,3097,2025-12-22 17:00:00+00:00
1766426400000,0.7202,0.7248,0.716,0.7183,284267.2,1766430000000,204676.56539,3033,2025-12-22 18:00:00+00:00
1766430000000,0.7182,0.7182,0.6958,0.6983,816338.6,1766433600000,576574.50684,7741,2025-12-22 19:00:00+00:00
1766433600000,0.6982,0.7035,0.6929,0.7004,849168.5,1766437200000,592518.64809,8163,2025-12-22 20:00:00+00:00
1766437200000,0.7003,0.7083,0.7002,0.7055,288822.7,1766440800000,203219.7287,2529,2025-12-22 21:00:00+00:00
1766440800000,0.7054,0.7131,0.7024,0.7129,184352.7,1766444400000,130350.10304,1485,2025-12-22 22:00:00+00:00
1766444400000,0.7127,0.7129,0.7064,0.7103,129311.0,1766448000000,91709.8061,1609,2025-12-22 23:00:00+00:00
1766448000000,0.7103,0.7179,0.7081,0.7141,520230.7,1766451600000,369983.77385,2983,2025-12-23 00:00:00+00:00
1766451600000,0.7141,0.7157,0.7079,0.711,185126.8,1766455200000,131672.90217,2226,2025-12-23 01:00:00+00:00
1766455200000,0.7111,0.7157,0.7035,0.7036,352466.0,1766458800000,249754.13779,4015,2025-12-23 02:00:00+00:00
1766458800000,0.7037,0.7044,0.6982,0.7009,297313.5,1766462400000,208515.62409,3412,2025-12-23 03:00:00+00:00
1766462400000,0.7008,0.7053,0.6969,0.6973,637087.1,1766466000000,446377.73626,5302,2025-12-23 04:00:00+00:00
1766466000000,0.6972,0.7012,0.694,0.6988,384429.4,1766469600000,268152.3549,3685,2025-12-23 05:00:00+00:00
1766469600000,0.6987,0.7018,0.6938,0.6968,710932.0,1766473200000,494722.73091,4958,2025-12-23 06:00:00+00:00
1766473200000,0.6969,0.6992,0.6937,0.6959,260131.5,1766476800000,180948.36893,2343,2025-12-23 07:00:00+00:00
1766476800000,0.6956,0.701,0.6945,0.6961,298695.9,1766480400000,208517.1486,1820,2025-12-23 08:00:00+00:00
1766480400000,0.6961,0.699,0.6935,0.6983,152343.3,1766484000000,106075.63025,1642,2025-12-23 09:00:00+00:00
1766484000000,0.6982,0.7075,0.6981,0.7056,361498.5,1766487600000,254525.52982,2207,2025-12-23 10:00:00+00:00
1766487600000,0.7056,0.7062,0.7011,0.7024,191494.1,1766491200000,134753.5986,2656,2025-12-23 11:00:00+00:00
1766491200000,0.7024,0.7024,0.6943,0.6965,190792.3,1766494800000,133132.31511,2363,2025-12-23 12:00:00+00:00
1766494800000,0.6965,0.7005,0.6888,0.6908,572297.9,1766498400000,396627.06749,5913,2025-12-23 13:00:00+00:00
1766498400000,0.6909,0.6956,0.6771,0.6829,1188592.6,1766502000000,815255.59314,10941,2025-12-23 14:00:00+00:00
1766502000000,0.6829,0.6973,0.6796,0.696,688608.5,1766505600000,475894.26875,6763,2025-12-23 15:00:00+00:00
1766505600000,0.696,0.7086,0.6933,0.7059,411864.8,1766509200000,289226.50951,5089,2025-12-23 16:00:00+00:00
1766509200000,0.7058,0.7103,0.6943,0.6956,652919.6,1766512800000,460688.32573,5039,2025-12-23 17:00:00+00:00
1766512800000,0.6956,0.7101,0.6954,0.7069,615207.3,1766516400000,432298.22777,6188,2025-12-23 18:00:00+00:00
1766516400000,0.707,0.7092,0.7,0.7038,390731.4,1766520000000,275148.91078,3481,2025-12-23 19:00:00+00:00
1766520000000,0.7036,0.7165,0.702,0.7097,263071.0,1766523600000,186497.59249,3652,2025-12-23 20:00:00+00:00
1766523600000,0.7097,0.7111,0.7048,0.7056,229574.8,1766527200000,162168.84896,2145,2025-12-23 21:00:00+00:00
1766527200000,0.7057,0.708,0.6993,0.7005,261127.4,1766530800000,183514.2577,2289,2025-12-23 22:00:00+00:00
1766530800000,0.7004,0.7037,0.6984,0.701,170103.1,1766534400000,119151.30721,2478,2025-12-23 23:00:00+00:00
1766534400000,0.701,0.7036,0.699,0.7021,154340.4,1766538000000,108181.60797,1846,2025-12-24 00:00:00+00:00
1766538000000,0.7022,0.7051,0.6938,0.6964,138444.7,1766541600000,96875.31773,1738,2025-12-24 01:00:00+00:00
1766541600000,0.6963,0.6963,0.6641,0.6675,1803481.5,1766545200000,1221051.33755,10316,2025-12-24 02:00:00+00:00
1766545200000,0.6678,0.6731,0.6501,0.673,1990027.3,1766548800000,1310540.48937,15183,2025-12-24 03:00:00+00:00
1766548800000,0.6729,0.6773,0.6651,0.6669,462769.9,1766552400000,310328.21707,5167,2025-12-24 04:00:00+00:00
1766552400000,0.667,0.673,0.665,0.6675,206070.8,1766556000000,137876.10084,2583,2025-12-24 05:00:00+00:00
1766556000000,0.6676,0.6717,0.6657,0.6703,94130.9,1766559600000,62964.60904,1514,2025-12-24 06:00:00+00:00
1766559600000,0.6703,0.6718,0.6644,0.6681,350415.4,1766563200000,233884.67878,2750,2025-12-24 07:00:00+00:00
1766563200000,0.6681,0.6692,0.6636,0.6665,291716.6,1766566800000,194381.50819,2528,2025-12-24 08:00:00+00:00
1766566800000,0.6666,0.6703,0.6666,0.6677,160331.0,1766570400000,107149.10286,1596,2025-12-24 09:00:00+00:00
1766570400000,0.6675,0.6721,0.6672,0.6686,114714.4,1766574000000,76894.855,1580,2025-12-24 10:00:00+00:00
1766574000000,0.6687,0.673,0.6687,0.6708,161276.3,1766577600000,108227.15093,1768,2025-12-24 11:00:00+00:00
1766577600000,0.6707,0.6763,0.6677,0.6749,372196.3,1766581200000,250260.00489,2410,2025-12-24 12:00:00+00:00
1766581200000,0.6748,0.6766,0.6726,0.6747,357499.1,1766584800000,241219.54405,3096,2025-12-24 13:00:00+00:00
1766584800000,0.6748,0.6843,0.6696,0.6813,555730.8,1766588400000,376889.81904,5535,2025-12-24 14:00:00+00:00
1766588400000,0.6812,0.6871,0.6725,0.6867,552280.4,1766592000000,376680.58955,5424,2025-12-24 15:00:00+00:00
1766592000000,0.6866,0.6989,0.6837,0.6957,932741.9,1766595600000,645183.70342,6690,2025-12-24 16:00:00+00:00
1766595600000,0.6959,0.6988,0.6879,0.6892,567198.8,1766599200000,392759.0785,4965,2025-12-24 17:00:00+00:00
1766599200000,0.6891,0.692,0.6869,0.6902,259444.3,1766602800000,178850.92155,2230,2025-12-24 18:00:00+00:00
1766602800000,0.6903,0.6921,0.6865,0.6911,134263.7,1766606400000,92427.72037,1502,2025-12-24 19:00:00+00:00
1766606400000,0.6912,0.6976,0.6909,0.6922,467362.3,1766610000000,324680.65378,2829,2025-12-24 20:00:00+00:00
1766610000000,0.6923,0.6973,0.6923,0.6964,399027.8,1766613600000,277455.68027,1929,2025-12-24 21:00:00+00:00
1766613600000,0.6964,0.7029,0.6959,0.702,377667.6,1766617200000,264278.73019,2252,2025-12-24 22:00:00+00:00
1766617200000,0.7021,0.7031,0.6977,0.6984,160858.6,1766620800000,112620.38221,1985,2025-12-24 23:00:00+00:00
1766620800000,0.6983,0.6984,0.6905,0.6912,227601.5,1766624400000,158078.86263,1916,2025-12-25 00:00:00+00:00
1766624400000,0.6912,0.6972,0.6911,0.6958,163095.9,1766628000000,113311.90721,1436,2025-12-25 01:00:00+00:00
1766628000000,0.6957,0.7025,0.6937,0.7005,122988.8,1766631600000,86058.61261,1203,2025-12-25 02:00:00+00:00
1766631600000,0.7004,0.7022,0.697,0.6989,158114.3,1766635200000,110584.29795,1232,2025-12-25 03:00:00+00:00
1766635200000,0.6988,0.7016,0.6966,0.7003,169268.1,1766638800000,118475.90422,1361,2025-12-25 04:00:00+00:00
1766638800000,0.7002,0.7002,0.6971,0.6981,75286.6,1766642400000,52576.76052,992,2025-12-25 05:00:00+00:00
1766642400000,0.6981,0.6995,0.6961,0.6977,128903.0,1766646000000,89896.12412,1151,2025-12-25 06:00:00+00:00
1766646000000,0.6975,0.7033,0.6936,0.7019,128996.3,1766649600000,89899.26419,1527,2025-12-25 07:00:00+00:00
1766649600000,0.7018,0.705,0.6954,0.6976,443985.9,1766653200000,309971.07825,3791,2025-12-25 08:00:00+00:00
1766653200000,0.6976,0.6979,0.6938,0.6944,131795.5,1766656800000,91630.90983,1402,2025-12-25 09:00:00+00:00
1766656800000,0.6944,0.6945,0.6842,0.6877,224334.3,1766660400000,154600.98931,2218,2025-12-25 10:00:00+00:00
1766660400000,0.6876,0.6917,0.6872,0.6908,70516.9,1766664000000,48635.45956,991,2025-12-25 11:00:00+00:00
1766664000000,0.6907,0.698,0.6893,0.6979,360565.1,1766667600000,250205.7579,2580,2025-12-25 12:00:00+00:00
1766667600000,0.6979,0.6986,0.693,0.6965,524629.8,1766671200000,365544.11742,2740,2025-12-25 13:00:00+00:00
1766671200000,0.6965,0.6967,0.6873,0.6907,178362.2,1766674800000,123435.0622,1887,2025-12-25 14:00:00+00:00
1766674800000,0.6908,0.7022,0.6884,0.6978,511705.4,1766678400000,356196.98332,4818,2025-12-25 15:00:00+00:00
1766678400000,0.6979,0.7036,0.6869,0.688,637608.9,1766682000000,443300.61953,5008,2025-12-25 16:00:00+00:00
1766682000000,0.688,0.6926,0.6866,0.691,292818.0,1766685600000,201891.95411,2584,2025-12-25 17:00:00+00:00
1766685600000,0.6911,0.6942,0.6889,0.692,219467.7,1766689200000,151780.92958,1687,2025-12-25 18:00:00+00:00
1766689200000,0.6919,0.693,0.6893,0.6924,86370.5,1766692800000,59707.27322,1046,2025-12-25 19:00:00+00:00
1766692800000,0.6925,0.694,0.6902,0.6927,139311.1,1766696400000,96361.38593,1402,2025-12-25 20:00:00+00:00
1766696400000,0.6927,0.696,0.6915,0.6933,72215.9,1766700000000,50074.56741,1044,2025-12-25 21:00:00+00:00
1766700000000,0.6934,0.6944,0.6734,0.6775,317135.7,1766703600000,216252.08221,3322,2025-12-25 22:00:00+00:00
1766703600000,0.6775,0.6825,0.6688,0.6709,528551.7,1766707200000,356027.11366,6143,2025-12-25 23:00:00+00:00
1766707200000,0.671,0.6748,0.6671,0.6726,338550.7,1766710800000,226921.65903,4323,2025-12-26 00:00:00+00:00
1766710800000,0.6726,0.6815,0.6709,0.6812,158607.8,1766714400000,107352.35678,2661,2025-12-26 01:00:00+00:00
1766714400000,0.6812,0.7115,0.6806,0.7011,1213810.5,1766718000000,853618.19482,13019,2025-12-26 02:00:00+00:00
1766718000000,0.7014,0.7032,0.6953,0.6994,362606.0,1766721600000,253381.43558,3647,2025-12-26 03:00:00+00:00
1766721600000,0.6993,0.7027,0.6933,0.7,207582.5,1766725200000,144685.43561,2453,2025-12-26 04:00:00+00:00
1766725200000,0.7001,0.7051,0.6981,0.7046,94003.2,1766728800000,65859.72428,1356,2025-12-26 05:00:00+00:00
1766728800000,0.7047,0.7105,0.7012,0.7032,333369.2,1766732400000,235536.72148,3232,2025-12-26 06:00:00+00:00
1766732400000,0.7032,0.7068,0.6935,0.6951,264228.1,1766736000000,185054.3799,3098,2025-12-26 07:00:00+00:00
1766736000000,0.695,0.7011,0.6947,0.7,279209.2,1766739600000,195046.84016,2557,2025-12-26 08:00:00+00:00
1766739600000,0.7,0.709,0.6979,0.7054,321914.9,1766743200000,226669.38931,2606,2025-12-26 09:00:00+00:00
1766743200000,0.7055,0.7073,0.7038,0.7054,123532.0,1766746800000,87168.20335,1319,2025-12-26 10:00:00+00:00
1766746800000,0.7054,0.7069,0.7026,0.7059,67264.2,1766750400000,47368.75419,1013,2025-12-26 11:00:00+00:00
1766750400000,0.7057,0.7086,0.7047,0.7075,112991.1,1766754000000,79864.23668,1366,2025-12-26 12:00:00+00:00
1766754000000,0.7075,0.7209,0.7058,0.7194,348879.8,1766757600000,248990.67888,3082,2025-12-26 13:00:00+00:00
1766757600000,0.7194,0.7196,0.6911,0.6934,819206.0,1766761200000,575661.13884,8464,2025-12-26 14:00:00+00:00
1766761200000,0.6933,0.6954,0.6838,0.6918,776500.4,1766764800000,535230.56705,9254,2025-12-26 15:00:00+00:00
1766764800000,0.6919,0.6942,0.6806,0.6824,461737.3,1766768400000,317541.81772,4495,2025-12-26 16:00:00+00:00
1766768400000,0.6825,0.6921,0.6819,0.6891,210277.8,1766772000000,144386.13862,2933,2025-12-26 17:00:00+00:00
1766772000000,0.689,0.6948,0.689,0.6915,223943.0,1766775600000,155038.04188,2047,2025-12-26 18:00:00+00:00
1766775600000,0.6915,0.6983,0.691,0.696,193197.4,1766779200000,134024.01026,1440,2025-12-26 19:00:00+00:00
1766779200000,0.696,0.6999,0.6942,0.6974,129599.0,1766782800000,90271.45686,1781,2025-12-26 20:00:00+00:00
1766782800000,0.6975,0.6989,0.6935,0.6936,102091.8,1766786400000,71117.02347,1335,2025-12-26 21:00:00+00:00
1766786400000,0.6935,0.6962,0.6903,0.6962,250995.9,1766790000000,173821.64453,1201,2025-12-26 22:00:00+00:00
1766790000000,0.6961,0.6965,0.694,0.6946,49753.8,1766793600000,34588.79358,749,2025-12-26 23:00:00+00:00
1766793600000,0.6947,0.6997,0.6941,0.6984,178016.0,1766797200000,124209.70097,1799,2025-12-27 00:00:00+00:00
1766797200000,0.6986,0.7035,0.6957,0.7034,112746.6,1766800800000,78926.24573,1376,2025-12-27 01:00:00+00:00
1766800800000,0.7035,0.7043,0.6992,0.7009,126097.8,1766804400000,88478.11011,1155,2025-12-27 02:00:00+00:00
1766804400000,0.701,0.7048,0.7004,0.704,171673.6,1766808000000,120679.05822,1411,2025-12-27 03:00:00+00:00
1766808000000,0.704,0.7044,0.6994,0.7001,156184.8,1766811600000,109496.03865,1085,2025-12-27 04:00:00+00:00
1766811600000,0.7002,0.7015,0.6982,0.6998,45435.2,1766815200000,31764.69801,599,2025-12-27 05:00:00+00:00
1766815200000,0.6999,0.701,0.6988,0.6999,57550.1,1766818800000,40273.6173,776,2025-12-27 06:00:00+00:00
1766818800000,0.7,0.7028,0.6984,0.6988,72473.5,1766822400000,50799.28323,1032,2025-12-27 07:00:00+00:00
1766822400000,0.6987,0.7,0.6962,0.6962,62084.2,1766826000000,43339.03505,613,2025-12-27 08:00:00+00:00
1766826000000,0.6961,0.7003,0.6961,0.6976,48911.9,1766829600000,34137.86255,758,2025-12-27 09:00:00+00:00
1766829600000,0.6977,0.6983,0.6893,0.6959,439797.4,1766833200000,305388.18309,2202,2025-12-27 10:00:00+00:00
1766833200000,0.6958,0.6996,0.695,0.6982,126914.7,1766836800000,88528.32405,1421,2025-12-27 11:00:00+00:00
1766836800000,0.6983,0.7002,0.6969,0.6989,102343.5,1766840400000,71484.25605,1244,2025-12-27 12:00:00+00:00
1766840400000,0.699,0.6997,0.6937,0.696,126780.8,1766844000000,88207.72013,1221,2025-12-27 13:00:00+00:00
1766844000000,0.696,0.7008,0.6942,0.7005,123744.7,1766847600000,86188.21215,1536,2025-12-27 14:00:00+00:00
1766847600000,0.7005,0.7075,0.6978,0.7046,466155.3,1766851200000,327863.43184,2597,2025-12-27 15:00:00+00:00
1766851200000,0.7047,0.7079,0.7015,0.702,356792.3,1766854800000,251338.89301,2343,2025-12-27 16:00:00+00:00
1766854800000,0.702,0.7104,0.7016,0.7055,296280.6,1766858400000,209171.69385,2806,2025-12-27 17:00:00+00:00
1766858400000,0.7053,0.7059,0.7012,0.7031,90771.8,1766862000000,63831.10202,1079,2025-12-27 18:00:00+00:00
1766862000000,0.7031,0.7031,0.6973,0.7002,301708.1,1766865600000,211057.29435,1242,2025-12-27 19:00:00+00:00
1766865600000,0.7003,0.7033,0.6991,0.7003,69939.9,1766869200000,49016.32507,884,2025-12-27 20:00:00+00:00
1766869200000,0.7004,0.7065,0.7004,0.706,67758.6,1766872800000,47754.05261,943,2025-12-27 21:00:00+00:00
1766872800000,0.7061,0.713,0.7025,0.703,234110.5,1766876400000,165638.24264,1938,2025-12-27 22:00:00+00:00
1766876400000,0.7033,0.7148,0.7033,0.71,227971.6,1766880000000,161628.90951,2659,2025-12-27 23:00:00+00:00
1766880000000,0.7101,0.7119,0.707,0.7099,87530.8,1766883600000,62100.37334,1344,2025-12-28 00:00:00+00:00
1766883600000,0.7099,0.712,0.706,0.7081,268842.6,1766887200000,190514.20146,1612,2025-12-28 01:00:00+00:00
1766887200000,0.708,0.714,0.7073,0.7129,89203.6,1766890800000,63464.61987,1111,2025-12-28 02:00:00+00:00
1766890800000,0.713,0.7135,0.71,0.7122,62570.5,1766894400000,44505.15591,852,2025-12-28 03:00:00+00:00
1766894400000,0.7121,0.7122,0.7046,0.7055,186105.7,1766898000000,131810.48069,2006,2025-12-28 04:00:00+00:00
1766898000000,0.7056,0.708,0.7034,0.7058,103459.3,1766901600000,73003.37368,1309,2025-12-28 05:00:00+00:00
1766901600000,0.7058,0.7112,0.7056,0.7101,94823.7,1766905200000,67223.58261,1007,2025-12-28 06:00:00+00:00
1766905200000,0.7102,0.7107,0.7069,0.7074,48929.2,1766908800000,34694.43498,641,2025-12-28 07:00:00+00:00
1766908800000,0.7075,0.7104,0.7059,0.7073,190754.4,1766912400000,135059.62564,1686,2025-12-28 08:00:00+00:00
1766912400000,0.7072,0.709,0.7025,0.7058,159837.8,1766916000000,112710.89902,1444,2025-12-28 09:00:00+00:00
1766916000000,0.7059,0.7101,0.7058,0.7073,60784.6,1766919600000,43092.01307,887,2025-12-28 10:00:00+00:00
1766919600000,0.7074,0.7091,0.7036,0.7052,135924.6,1766923200000,95914.32132,1452,2025-12-28 11:00:00+00:00
1766923200000,0.7053,0.7056,0.7022,0.7027,118118.4,1766926800000,83151.34056,1384,2025-12-28 12:00:00+00:00
1766926800000,0.7028,0.7053,0.701,0.7028,282301.7,1766930400000,198403.37102,1512,2025-12-28 13:00:00+00:00
1766930400000,0.7029,0.7095,0.7029,0.7062,131497.6,1766934000000,92898.34749,1829,2025-12-28 14:00:00+00:00
1766934000000,0.7062,0.7096,0.7027,0.7027,115313.4,1766937600000,81410.51003,1546,2025-12-28 15:00:00+00:00
1766937600000,0.7028,0.7062,0.7004,0.7028,100876.2,1766941200000,70879.7583,1306,2025-12-28 16:00:00+00:00
1766941200000,0.7028,0.7065,0.7,0.701,153908.2,1766944800000,108097.04131,1246,2025-12-28 17:00:00+00:00
1766944800000,0.7011,0.7016,0.6914,0.6918,410202.3,1766948400000,284976.05531,3855,2025-12-28 18:00:00+00:00
1766948400000,0.6917,0.6954,0.6901,0.691,158772.6,1766952000000,109901.48781,1974,2025-12-28 19:00:00+00:00
1766952000000,0.691,0.6928,0.6874,0.6903,217159.7,1766955600000,149868.1654,1984,2025-12-28 20:00:00+00:00
1766955600000,0.6902,0.6917,0.6881,0.6904,116882.3,1766959200000,80650.90345,1450,2025-12-28 21:00:00+00:00
1766959200000,0.6905,0.6966,0.6885,0.6951,165181.9,1766962800000,114300.12646,1014,2025-12-28 22:00:00+00:00
1766962800000,0.6953,0.6989,0.6911,0.6981,190726.9,1766966400000,132664.28748,1729,2025-12-28 23:00:00+00:00
1766966400000,0.6981,0.707,0.6948,0.704,402741.3,1766970000000,282197.90438,4948,2025-12-29 00:00:00+00:00
1766970000000,0.7039,0.7104,0.6953,0.708,441795.4,1766973600000,310556.75404,4460,2025-12-29 01:00:00+00:00
1766973600000,0.7081,0.7164,0.7054,0.7093,769481.5,1766977200000,546392.89175,5770,2025-12-29 02:00:00+00:00
1766977200000,0.7093,0.7245,0.7076,0.7238,682704.8,1766980800000,490532.21303,4896,2025-12-29 03:00:00+00:00
1766980800000,0.7238,0.7265,0.7172,0.7173,834494.6,1766984400000,602899.45791,5987,2025-12-29 04:00:00+00:00
1766984400000,0.7174,0.7182,0.7136,0.7154,490361.3,1766988000000,350942.56739,2621,2025-12-29 05:00:00+00:00
1766988000000,0.7155,0.7202,0.7113,0.713,459870.4,1766991600000,329165.82295,3060,2025-12-29 06:00:00+00:00
1766991600000,0.713,0.7145,0.7073,0.7134,269034.4,1766995200000,191236.13446,2937,2025-12-29 07:00:00+00:00
1766995200000,0.7135,0.7185,0.7122,0.7136,354945.7,1766998800000,253828.78388,2432,2025-12-29 08:00:00+00:00
1766998800000,0.7135,0.7138,0.6931,0.6981,560288.8,1767002400000,393269.85483,5958,2025-12-29 09:00:00+00:00
1767002400000,0.698,0.7051,0.6964,0.7014,258481.4,1767006000000,181462.99953,2924,2025-12-29 10:00:00+00:00
1767006000000,0.7014,0.7019,0.6961,0.6963,131915.0,1767009600000,92239.3851,1757,2025-12-29 11:00:00+00:00
1767009600000,0.6965,0.6965,0.6786,0.6886,1758268.6,1767013200000,1207358.7745,11247,2025-12-29 12:00:00+00:00
1767013200000,0.6884,0.6899,0.6819,0.6841,283353.6,1767016800000,194419.71298,2771,2025-12-29 13:00:00+00:00
1767016800000,0.684,0.698,0.6803,0.6837,1184804.0,1767020400000,815631.29402,10566,2025-12-29 14:00:00+00:00
1767020400000,0.6836,0.6961,0.6829,0.6874,822131.3,1767024000000,566867.92819,5792,2025-12-29 15:00:00+00:00
1767024000000,0.6873,0.6899,0.6817,0.6848,445115.5,1767027600000,305155.45934,4040,2025-12-29 16:00:00+00:00
1767027600000,0.6847,0.6936,0.6821,0.6917,730710.9,1767031200000,502460.42165,6364,2025-12-29 17:00:00+00:00
1767031200000,0.6917,0.6924,0.6845,0.686,642425.9,1767034800000,441906.97423,8544,2025-12-29 18:00:00+00:00
1767034800000,0.686,0.6916,0.6812,0.6836,1140306.9,1767038400000,783263.0508,10277,2025-12-29 19:00:00+00:00
1767038400000,0.6835,0.6919,0.6803,0.6825,566708.9,1767042000000,388887.05257,4363,2025-12-29 20:00:00+00:00
1767042000000,0.6825,0.6881,0.6823,0.686,236645.5,1767045600000,162315.69122,1320,2025-12-29 21:00:00+00:00
1767045600000,0.6859,0.6865,0.6833,0.6837,111492.9,1767049200000,76366.94969,1192,2025-12-29 22:00:00+00:00
1767049200000,0.6836,0.6842,0.6781,0.6802,357942.1,1767052800000,243629.75789,1961,2025-12-29 23:00:00+00:00
1767052800000,0.6801,0.6835,0.6762,0.6794,351826.7,1767056400000,239163.16343,2573,2025-12-30 00:00:00+00:00
1767056400000,0.6793,0.6803,0.6763,0.678,279123.7,1767060000000,189289.5179,2292,2025-12-30 01:00:00+00:00
1767060000000,0.6781,0.6806,0.6752,0.678,224282.2,1767063600000,152020.95381,2240,2025-12-30 02:00:00+00:00
1767063600000,0.6777,0.6805,0.6719,0.6782,444460.8,1767067200000,300449.05647,4467,2025-12-30 03:00:00+00:00
1767067200000,0.6784,0.6829,0.6761,0.6812,468550.8,1767070800000,318845.63903,2899,2025-12-30 04:00:00+00:00
1767070800000,0.6811,0.682,0.6739,0.6764,184521.9,1767074400000,124876.41422,1705,2025-12-30 05:00:00+00:00
1767074400000,0.6764,0.6821,0.676,0.6802,144912.5,1767078000000,98526.4884,1769,2025-12-30 06:00:00+00:00
1767078000000,0.6802,0.6849,0.6795,0.6808,268836.3,1767081600000,183312.49285,1612,2025-12-30 07:00:00+00:00
1767081600000,0.6807,0.6935,0.6807,0.6825,540234.6,1767085200000,371901.19098,4902,2025-12-30 08:00:00+00:00
1767085200000,0.6823,0.6869,0.681,0.6841,155941.5,1767088800000,106545.18482,1911,2025-12-30 09:00:00+00:00
1767088800000,0.684,0.6856,0.6824,0.6838,156478.3,1767092400000,107018.03159,1786,2025-12-30 10:00:00+00:00
1767092400000,0.6837,0.6852,0.6814,0.6838,120327.2,1767096000000,82253.37366,1511,2025-12-30 11:00:00+00:00
1767096000000,0.6838,0.6845,0.6785,0.6792,413691.0,1767099600000,281692.77748,3349,2025-12-30 12:00:00+00:00
1767099600000,0.6793,0.6858,0.6787,0.6854,276985.4,1767103200000,188951.74403,2524,2025-12-30 13:00:00+00:00
1767103200000,0.6853,0.6911,0.6757,0.6875,733659.0,1767106800000,499988.08346,8077,2025-12-30 14:00:00+00:00
1767106800000,0.6874,0.6924,0.6807,0.6917,459552.8,1767110400000,315633.02398,5014,2025-12-30 15:00:00+00:00
1767110400000,0.6918,0.6956,0.6823,0.6848,379871.0,1767114000000,261195.90044,4064,2025-12-30 16:00:00+00:00
1767114000000,0.6847,0.6862,0.6764,0.679,480219.6,1767117600000,327205.81039,4014,2025-12-30 17:00:00+00:00
1767117600000,0.6791,0.6803,0.6763,0.6791,218433.0,1767121200000,148234.63622,2022,2025-12-30 18:00:00+00:00
1767121200000,0.679,0.6823,0.6732,0.6814,367243.3,1767124800000,248736.07604,3689,2025-12-30 19:00:00+00:00
1767124800000,0.6813,0.6814,0.6769,0.6776,124988.8,1767128400000,84850.90423,1537,2025-12-30 20:00:00+00:00
1767128400000,0.6777,0.6816,0.677,0.679,120184.0,1767132000000,81690.4849,1263,2025-12-30 21:00:00+00:00
1767132000000,0.679,0.6818,0.6774,0.6774,139618.8,1767135600000,94797.01992,1378,2025-12-30 22:00:00+00:00
1767135600000,0.6775,0.6792,0.6759,0.678,133677.5,1767139200000,90591.0358,1806,2025-12-30 23:00:00+00:00
1767139200000,0.6779,0.6779,0.6738,0.6757,72473.9,1767142800000,48943.28084,1151,2025-12-31 00:00:00+00:00
1767142800000,0.6755,0.6855,0.6744,0.6824,308844.5,1767146400000,210841.29157,2252,2025-12-31 01:00:00+00:00
1767146400000,0.6823,0.685,0.6777,0.6792,208177.7,1767150000000,141715.84866,1852,2025-12-31 02:00:00+00:00
1767150000000,0.6791,0.6812,0.676,0.6787,93080.0,1767153600000,63163.93172,1277,2025-12-31 03:00:00+00:00
1767153600000,0.6788,0.6805,0.6769,0.6769,105269.4,1767157200000,71479.25326,1062,2025-12-31 04:00:00+00:00
1767157200000,0.6769,0.6787,0.676,0.677,71772.9,1767160800000,48624.84273,755,2025-12-31 05:00:00+00:00
1767160800000,0.6771,0.6788,0.6755,0.6771,73260.1,1767164400000,49596.39045,748,2025-12-31 06:00:00+00:00
1767164400000,0.677,0.6777,0.6745,0.6757,99548.3,1767168000000,67296.72707,1038,2025-12-31 07:00:00+00:00
1767168000000,0.6758,0.6797,0.671,0.6716,217013.1,1767171600000,146540.57567,1803,2025-12-31 08:00:00+00:00
1767171600000,0.6715,0.6764,0.6711,0.6759,146192.6,1767175200000,98412.99333,1460,2025-12-31 09:00:00+00:00
1767175200000,0.6759,0.6777,0.6728,0.6739,126837.2,1767178800000,85696.42876,1477,2025-12-31 10:00:00+00:00
1767178800000,0.674,0.6816,0.6735,0.6811,299140.1,1767182400000,203169.12097,2364,2025-12-31 11:00:00+00:00
1767182400000,0.681,0.6842,0.6766,0.6783,432851.6,1767186000000,294985.58334,3389,2025-12-31 12:00:00+00:00
1767186000000,0.6782,0.6839,0.6777,0.6812,374387.2,1767189600000,255313.00724,2450,2025-12-31 13:00:00+00:00
1767189600000,0.6812,0.6883,0.6732,0.6777,1318100.6,1767193200000,897830.0656,7346,2025-12-31 14:00:00+00:00
1767193200000,0.6775,0.6807,0.669,0.6715,453669.9,1767196800000,305811.08966,4631,2025-12-31 15:00:00+00:00
1767196800000,0.6716,0.6743,0.6505,0.6575,818442.7,1767200400000,538963.0342,8518,2025-12-31 16:00:00+00:00
1767200400000,0.6574,0.6574,0.6421,0.645,614462.8,1767204000000,398388.11215,4847,2025-12-31 17:00:00+00:00
1767204000000,0.6451,0.6482,0.6409,0.6423,341209.4,1767207600000,220217.83644,2983,2025-12-31 18:00:00+00:00
1767207600000,0.6424,0.6522,0.6424,0.6456,298878.1,1767211200000,193772.47109,2955,2025-12-31 19:00:00+00:00
1767211200000,0.6457,0.6477,0.639,0.6452,330352.1,1767214800000,212417.83277,3716,2025-12-31 20:00:00+00:00
1767214800000,0.6455,0.6462,0.6425,0.6433,174762.4,1767218400000,112587.62181,2066,2025-12-31 21:00:00+00:00
1767218400000,0.6433,0.649,0.6432,0.6473,285753.9,1767222000000,184907.99687,2297,2025-12-31 22:00:00+00:00
1767222000000,0.6471,0.649,0.6448,0.6458,107822.1,1767225600000,69743.75934,1438,2025-12-31 23:00:00+00:00
1767225600000,0.6458,0.6529,0.6458,0.6498,350201.2,1767229200000,227569.53864,2247,2026-01-01 00:00:00+00:00
1767229200000,0.6497,0.6572,0.6488,0.6499,657568.2,1767232800000,429313.18636,3795,2026-01-01 01:00:00+00:00
1767232800000,0.65,0.6523,0.6484,0.6511,202610.7,1767236400000,131792.41907,1735,2026-01-01 02:00:00+00:00
1767236400000,0.6511,0.6516,0.6461,0.6474,242157.5,1767240000000,157132.3135,1717,2026-01-01 03:00:00+00:00
1767240000000,0.6475,0.6475,0.6422,0.6439,212704.8,1767243600000,137058.63316,1735,2026-01-01 04:00:00+00:00
1767243600000,0.6439,0.6469,0.6432,0.6462,201601.5,1767247200000,130060.2331,1669,2026-01-01 05:00:00+00:00
1767247200000,0.6461,0.6479,0.6432,0.6432,72637.7,1767250800000,46885.53634,881,2026-01-01 06:00:00+00:00
1767250800000,0.6433,0.6475,0.6433,0.6452,129274.2,1767254400000,83454.34609,1447,2026-01-01 07:00:00+00:00
1767254400000,0.6451,0.6482,0.6441,0.648,92433.1,1767258000000,59693.51382,1182,2026-01-01 08:00:00+00:00
1767258000000,0.648,0.6535,0.648,0.6518,293659.8,1767261600000,191296.78172,2110,2026-01-01 09:00:00+00:00
1767261600000,0.6518,0.6542,0.6503,0.6541,138306.1,1767265200000,90111.33007,1323,2026-01-01 10:00:00+00:00
1767265200000,0.6542,0.6579,0.6526,0.6576,99652.7,1767268800000,65260.95014,1182,2026-01-01 11:00:00+00:00
1767268800000,0.6576,0.6581,0.6517,0.6522,398719.5,1767272400000,261053.99582,2589,2026-01-01 12:00:00+00:00
1767272400000,0.6522,0.6633,0.6515,0.6628,202818.9,1767276000000,133729.95997,2297,2026-01-01 13:00:00+00:00
1767276000000,0.663,0.667,0.6605,0.6644,302424.5,1767279600000,200741.26208,3618,2026-01-01 14:00:00+00:00
1767279600000,0.6644,0.6846,0.6624,0.6826,1119938.1,1767283200000,755075.93907,9495,2026-01-01 15:00:00+00:00
1767283200000,0.6827,0.683,0.6726,0.6771,629532.6,1767286800000,426196.05184,6676,2026-01-01 16:00:00+00:00
1767286800000,0.6773,0.6844,0.6763,0.6796,333417.4,1767290400000,226541.65958,4477,2026-01-01 17:00:00+00:00
1767290400000,0.6797,0.6798,0.6762,0.6766,222696.9,1767294000000,150848.10065,2080,2026-01-01 18:00:00+00:00
1767294000000,0.6767,0.6873,0.6756,0.6871,517820.2,1767297600000,352757.40187,3353,2026-01-01 19:00:00+00:00
1767297600000,0.6872,0.6887,0.6798,0.6844,389181.0,1767301200000,266274.68019,3318,2026-01-01 20:00:00+00:00
1767301200000,0.6843,0.6893,0.6832,0.6852,319740.2,1767304800000,219431.71632,3353,2026-01-01 21:00:00+00:00
1767304800000,0.6853,0.6945,0.685,0.6942,322564.0,1767308400000,222723.16015,3061,2026-01-01 22:00:00+00:00
1767308400000,0.6939,0.7004,0.6925,0.699,657475.9,1767312000000,458038.80317,4859,2026-01-01 23:00:00+00:00
1767312000000,0.6989,0.7012,0.6927,0.6972,218823.5,1767315600000,152400.31756,3188,2026-01-02 00:00:00+00:00
1767315600000,0.6971,0.6985,0.6928,0.6953,106379.8,1767319200000,73963.34711,1892,2026-01-02 01:00:00+00:00
1767319200000,0.6954,0.6976,0.6909,0.6974,287421.9,1767322800000,199570.39317,2697,2026-01-02 02:00:00+00:00
1767322800000,0.6973,0.7066,0.6945,0.7052,341838.1,1767326400000,240499.62922,5098,2026-01-02 03:00:00+00:00
1767326400000,0.7053,0.7102,0.7006,0.706,433235.1,1767330000000,305615.27153,4703,2026-01-02 04:00:00+00:00
1767330000000,0.7061,0.7075,0.6999,0.7069,263633.0,1767333600000,185456.95168,2726,2026-01-02 05:00:00+00:00
1767333600000,0.7069,0.7177,0.7069,0.7125,738122.8,1767337200000,525585.96617,5037,2026-01-02 06:00:00+00:00
1767337200000,0.7125,0.7139,0.7061,0.7086,248420.8,1767340800000,176311.56079,2762,2026-01-02 07:00:00+00:00
1767340800000,0.7086,0.7146,0.7079,0.7142,183639.7,1767344400000,130637.00556,2408,2026-01-02 08:00:00+00:00
1767344400000,0.7141,0.7295,0.7129,0.7258,652353.2,1767348000000,470585.40391,6864,2026-01-02 09:00:00+00:00
1767348000000,0.7259,0.734,0.7248,0.7281,731409.4,1767351600000,533097.37719,6088,2026-01-02 10:00:00+00:00
1767351600000,0.7283,0.7283,0.7163,0.72,636115.4,1767355200000,458815.02771,5823,2026-01-02 11:00:00+00:00
1767355200000,0.7199,0.7353,0.7149,0.7312,825419.5,1767358800000,596777.82439,7994,2026-01-02 12:00:00+00:00
1767358800000,0.7312,0.7403,0.7289,0.7338,785735.3,1767362400000,576808.84802,6878,2026-01-02 13:00:00+00:00
1767362400000,0.7339,0.745,0.7169,0.7374,2160580.7,1767366000000,1579584.79035,20619,2026-01-02 14:00:00+00:00
1767366000000,0.7375,0.7471,0.728,0.7365,1306138.8,1767369600000,964907.51236,15456,2026-01-02 15:00:00+00:00
1767369600000,0.7364,0.752,0.7339,0.7492,1267577.9,1767373200000,941712.48333,15430,2026-01-02 16:00:00+00:00
1767373200000,0.7493,0.7555,0.7419,0.7456,853292.3,1767376800000,638600.34158,10138,2026-01-02 17:00:00+00:00
1767376800000,0.7455,0.7554,0.7422,0.7483,891344.0,1767380400000,667704.63219,8725,2026-01-02 18:00:00+00:00
1767380400000,0.7483,0.7634,0.7478,0.7583,956008.5,1767384000000,724748.66234,9447,2026-01-02 19:00:00+00:00
1767384000000,0.7584,0.76,0.7488,0.7524,764830.1,1767387600000,576571.09942,6534,2026-01-02 20:00:00+00:00
1767387600000,0.7523,0.7668,0.7516,0.7658,436800.7,1767391200000,331655.21718,4841,2026-01-02 21:00:00+00:00
1767391200000,0.7659,0.7968,0.7641,0.7831,2200139.8,1767394800000,1716520.13474,11135,2026-01-02 22:00:00+00:00
1767394800000,0.7831,0.7855,0.7745,0.7793,1084437.6,1767398400000,845267.1987,8681,2026-01-02 23:00:00+00:00
1767398400000,0.7792,0.7868,0.7761,0.7799,551851.7,1767402000000,431279.83202,5379,2026-01-03 00:00:00+00:00
1767402000000,0.7799,0.7904,0.7778,0.7896,471301.6,1767405600000,369461.39381,5424,2026-01-03 01:00:00+00:00
1767405600000,0.7894,0.8027,0.7849,0.8017,857519.8,1767409200000,681537.63639,7892,2026-01-03 02:00:00+00:00
1767409200000,0.8018,0.8642,0.8013,0.8551,3702015.1,1767412800000,3076633.83235,32020,2026-01-03 03:00:00+00:00
1767412800000,0.8552,0.8675,0.84,0.8594,5075832.2,1767416400000,4318697.73775,45336,2026-01-03 04:00:00+00:00
1767416400000,0.8595,0.888,0.8593,0.879,3884318.3,1767420000000,3398600.93008,45353,2026-01-03 05:00:00+00:00
1767420000000,0.879,0.896,0.8288,0.8426,4668800.7,1767423600000,4013856.8717,37536,2026-01-03 06:00:00+00:00
1767423600000,0.8425,0.8538,0.8308,0.8403,3290434.7,1767427200000,2764136.4612,24775,2026-01-03 07:00:00+00:00
1767427200000,0.8401,0.8489,0.8112,0.8134,3754439.1,1767430800000,3091736.41183,25672,2026-01-03 08:00:00+00:00
1767430800000,0.8135,0.8272,0.8098,0.8216,1786884.3,1767434400000,1461420.84305,13987,2026-01-03 09:00:00+00:00
1767434400000,0.8216,0.8266,0.8141,0.8224,776291.9,1767438000000,636362.49077,8507,2026-01-03 10:00:00+00:00
1767438000000,0.8224,0.8255,0.8103,0.8173,896510.8,1767441600000,730872.44099,7687,2026-01-03 11:00:00+00:00
1767441600000,0.8172,0.825,0.8118,0.8239,696465.2,1767445200000,569788.14027,7070,2026-01-03 12:00:00+00:00
1767445200000,0.8236,0.841,0.8193,0.8358,1445763.2,1767448800000,1199973.80355,13466,2026-01-03 13:00:00+00:00
1767448800000,0.8359,0.8433,0.8312,0.8401,969938.4,1767452400000,811632.49395,9064,2026-01-03 14:00:00+00:00
1767452400000,0.8401,0.8401,0.8269,0.8333,987149.1,1767456000000,821878.30302,9038,2026-01-03 15:00:00+00:00
1767456000000,0.8331,0.85,0.833,0.8362,1670304.1,1767459600000,1405162.57984,11246,2026-01-03 16:00:00+00:00
1767459600000,0.8362,0.8472,0.8333,0.8403,553512.9,1767463200000,465030.52517,5861,2026-01-03 17:00:00+00:00
1767463200000,0.8402,0.846,0.8354,0.8458,413863.0,1767466800000,347910.5958,5188,2026-01-03 18:00:00+00:00
1767466800000,0.8457,0.8512,0.8426,0.8477,384995.9,1767470400000,326190.03657,4857,2026-01-03 19:00:00+00:00
1767470400000,0.8476,0.848,0.8368,0.8444,645595.1,1767474000000,543702.21625,6244,2026-01-03 20:00:00+00:00
1767474000000,0.8443,0.8484,0.8402,0.844,513895.6,1767477600000,433458.53415,4018,2026-01-03 21:00:00+00:00
1767477600000,0.844,0.8553,0.8404,0.8547,327300.1,1767481200000,277824.34233,3518,2026-01-03 22:00:00+00:00
1767481200000,0.8546,0.8887,0.854,0.875,1900756.3,1767484800000,1666869.0845,16085,2026-01-03 23:00:00+00:00
1767484800000,0.875,0.887,0.8531,0.8633,1999891.9,1767488400000,1735264.67383,18409,2026-01-04 00:00:00+00:00
1767488400000,0.8632,0.8654,0.8508,0.8591,428553.1,1767492000000,367054.2872,5480,2026-01-04 01:00:00+00:00
1767492000000,0.8593,0.8812,0.857,0.8604,931988.2,1767495600000,807124.94074,8670,2026-01-04 02:00:00+00:00
1767495600000,0.8603,0.882,0.8588,0.8739,1523235.9,1767499200000,1329509.82844,13971,2026-01-04 03:00:00+00:00
1767499200000,0.874,0.8801,0.8678,0.8702,648872.7,1767502800000,566883.45761,8341,2026-01-04 04:00:00+00:00
1767502800000,0.8703,0.878,0.8671,0.8753,566454.6,1767506400000,493951.53443,7151,2026-01-04 05:00:00+00:00
1767506400000,0.8752,0.8757,0.8525,0.8557,872871.1,1767510000000,754002.05557,9375,2026-01-04 06:00:00+00:00
1767510000000,0.8558,0.8687,0.855,0.8655,482876.9,1767513600000,416725.65731,4930,2026-01-04 07:00:00+00:00
1767513600000,0.8654,0.8697,0.8557,0.8655,1011857.1,1767517200000,870183.98752,8802,2026-01-04 08:00:00+00:00
1767517200000,0.8655,0.8681,0.8581,0.8629,414510.0,1767520800000,357491.47118,5046,2026-01-04 09:00:00+00:00
1767520800000,0.8628,0.8719,0.861,0.8672,1009663.6,1767524400000,874236.70168,8497,2026-01-04 10:00:00+00:00
1767524400000,0.8671,0.8828,0.86,0.8769,1009377.0,1767528000000,882073.05859,8155,2026-01-04 11:00:00+00:00
1767528000000,0.8769,0.898,0.8683,0.8711,2083619.8,1767531600000,1839378.83392,15041,2026-01-04 12:00:00+00:00
1767531600000,0.8711,0.885,0.8642,0.8831,964896.4,1767535200000,844718.92708,9067,2026-01-04 13:00:00+00:00
1767535200000,0.883,0.9064,0.8751,0.9015,2135242.6,1767538800000,1904560.30469,17490,2026-01-04 14:00:00+00:00
1767538800000,0.9014,0.918,0.8951,0.9044,1815051.6,1767542400000,1637803.52908,16161,2026-01-04 15:00:00+00:00
1767542400000,0.9044,0.9124,0.8979,0.9047,909244.9,1767546000000,821826.52765,10536,2026-01-04 16:00:00+00:00
1767546000000,0.9047,0.9135,0.9001,0.9015,592390.2,1767549600000,536151.21861,8875,2026-01-04 17:00:00+00:00
1767549600000,0.9015,0.9045,0.8834,0.8975,798433.2,1767553200000,713195.76949,8682,2026-01-04 18:00:00+00:00
1767553200000,0.8976,0.8991,0.8758,0.8902,1060868.9,1767556800000,936056.45079,10176,2026-01-04 19:00:00+00:00
1767556800000,0.8902,0.8976,0.8882,0.8951,310393.8,1767560400000,277319.72192,5029,2026-01-04 20:00:00+00:00
1767560400000,0.8951,0.9053,0.8893,0.8978,570139.5,1767564000000,511655.01488,8174,2026-01-04 21:00:00+00:00
1767564000000,0.8977,0.9103,0.8954,0.8982,774678.8,1767567600000,698881.94219,7274,2026-01-04 22:00:00+00:00
1767567600000,0.8984,0.9094,0.8984,0.9056,513656.2,1767571200000,465073.98833,8596,2026-01-04 23:00:00+00:00
1767571200000,0.9056,0.9238,0.8987,0.9181,2619701.1,1767574800000,2385466.02442,21151,2026-01-05 00:00:00+00:00
1767574800000,0.918,1.0169,0.9158,1.0052,7326111.2,1767578400000,7138987.45096,70751,2026-01-05 01:00:00+00:00
1767578400000,1.0053,1.048,0.986,1.0453,4286063.1,1767582000000,4342648.33583,49251,2026-01-05 02:00:00+00:00
1767582000000,1.0454,1.0606,1.0174,1.0358,3397788.2,1767585600000,3528227.70122,46476,2026-01-05 03:00:00+00:00
1767585600000,1.0358,1.0498,1.0043,1.0185,2761322.9,1767589200000,2825770.18616,36574,2026-01-05 04:00:00+00:00
1767589200000,1.0184,1.0512,1.014,1.0297,2806543.3,1767592800000,2903331.42079,32147,2026-01-05 05:00:00+00:00
1767592800000,1.0298,1.0711,1.0286,1.0653,3616260.3,1767596400000,3805838.11197,39662,2026-01-05 06:00:00+00:00
1767596400000,1.0653,1.0973,1.0614,1.0878,3689653.3,1767600000000,3993191.54257,43998,2026-01-05 07:00:00+00:00
1767600000000,1.0878,1.0967,1.0566,1.0643,3184049.3,1767603600000,3432825.36556,32935,2026-01-05 08:00:00+00:00
1767603600000,1.0642,1.0668,1.0376,1.0422,2209040.6,1767607200000,2326191.46123,25487,2026-01-05 09:00:00+00:00
1767607200000,1.0421,1.062,1.0366,1.0589,1210133.5,1767610800000,1269651.14826,18297,2026-01-05 10:00:00+00:00
1767610800000,1.0591,1.0884,1.054,1.0791,1707613.3,1767614400000,1834669.65165,22744,2026-01-05 11:00:00+00:00
1767614400000,1.0792,1.0867,1.0549,1.0623,1487462.9,1767618000000,1588147.31042,21408,2026-01-05 12:00:00+00:00
1767618000000,1.0624,1.0711,1.0508,1.0647,1317562.2,1767621600000,1397236.84095,21853,2026-01-05 13:00:00+00:00
1767621600000,1.0647,1.1432,1.0551,1.1263,5559134.0,1767625200000,6177008.68259,65613,2026-01-05 14:00:00+00:00
1767625200000,1.1264,1.1316,1.1019,1.1107,2695697.6,1767628800000,3010282.19843,37817,2026-01-05 15:00:00+00:00
1767628800000,1.1108,1.1138,1.076,1.0832,2167455.6,1767632400000,2365908.87338,26270,2026-01-05 16:00:00+00:00
1767632400000,1.0837,1.1305,1.0833,1.1207,2103559.2,1767636000000,2325828.29205,27305,2026-01-05 17:00:00+00:00
1767636000000,1.1208,1.1484,1.1151,1.1334,2041321.4,1767639600000,2313756.69719,26524,2026-01-05 18:00:00+00:00
1767639600000,1.1333,1.1344,1.1172,1.12,1051521.1,1767643200000,1182524.29405,15931,2026-01-05 19:00:00+00:00
1767643200000,1.1201,1.1323,1.0987,1.1062,1857019.5,1767646800000,2070434.65755,20033,2026-01-05 20:00:00+00:00
1767646800000,1.1063,1.1157,1.0941,1.0945,1075691.2,1767650400000,1187227.08873,11731,2026-01-05 21:00:00+00:00
1767650400000,1.0945,1.1156,1.0941,1.1026,1195841.9,1767654000000,1320639.66115,7445,2026-01-05 22:00:00+00:00
1767654000000,1.1026,1.1032,1.0855,1.0924,1032157.6,1767657600000,1128267.88296,8856,2026-01-05 23:00:00+00:00
1767657600000,1.0923,1.0925,1.0711,1.0859,1896769.1,1767661200000,2048701.40417,15955,2026-01-06 00:00:00+00:00
1767661200000,1.0859,1.0946,1.0725,1.0925,1295631.7,1767664800000,1405521.4653,14821,2026-01-06 01:00:00+00:00
1767664800000,1.0923,1.1321,1.0892,1.1277,1589528.2,1767668400000,1769415.43642,20837,2026-01-06 02:00:00+00:00
1767668400000,1.1279,1.1542,1.1132,1.119,2823167.6,1767672000000,3199822.5785,25378,2026-01-06 03:00:00+00:00
1767672000000,1.119,1.1697,1.1151,1.1553,1980328.8,1767675600000,2273536.89534,28740,2026-01-06 04:00:00+00:00
1767675600000,1.1553,1.1553,1.0968,1.1014,1694444.3,1767679200000,1909185.54027,24357,2026-01-06 05:00:00+00:00
1767679200000,1.1014,1.1124,1.0916,1.103,1799663.8,1767682800000,1982918.86102,12676,2026-01-06 06:00:00+00:00
1767682800000,1.103,1.1254,1.079,1.096,2002360.1,1767686400000,2198848.17746,18118,2026-01-06 07:00:00+00:00
1767686400000,1.096,1.1222,1.0958,1.1067,1328295.9,1767690000000,1472244.2606,15079,2026-01-06 08:00:00+00:00
1767690000000,1.1067,1.1154,1.0975,1.1021,1037538.3,1767693600000,1146108.5235,11841,2026-01-06 09:00:00+00:00
1767693600000,1.1021,1.1142,1.0996,1.108,506874.0,1767697200000,561822.67579,7431,2026-01-06 10:00:00+00:00
1767697200000,1.1081,1.1201,1.1064,1.1114,707920.6,1767700800000,788846.68949,9608,2026-01-06 11:00:00+00:00
1767700800000,1.1113,1.1469,1.1101,1.1333,1173266.0,1767704400000,1324980.88036,14835,2026-01-06 12:00:00+00:00
1767704400000,1.1334,1.1433,1.1229,1.1338,1322107.3,1767708000000,1493912.76174,14329,2026-01-06 13:00:00+00:00
1767708000000,1.1338,1.14,1.1044,1.1117,1669005.7,1767711600000,1873970.86052,24622,2026-01-06 14:00:00+00:00
1767711600000,1.1117,1.1292,1.1013,1.1199,1461865.3,1767715200000,1629035.96177,19375,2026-01-06 15:00:00+00:00
1767715200000,1.12,1.1283,1.0873,1.1056,2106317.9,1767718800000,2322780.05944,28422,2026-01-06 16:00:00+00:00
1767718800000,1.1058,1.1208,1.0798,1.0816,1992472.8,1767722400000,2188991.03872,24807,2026-01-06 17:00:00+00:00
1767722400000,1.0815,1.109,1.0755,1.1008,1147356.9,1767726000000,1253378.72296,19761,2026-01-06 18:00:00+00:00
1767726000000,1.1009,1.1157,1.0998,1.1066,449539.7,1767729600000,498322.08512,12275,2026-01-06 19:00:00+00:00
1767729600000,1.1066,1.1259,1.1044,1.1248,619589.6,1767733200000,691374.07986,11661,2026-01-06 20:00:00+00:00
1767733200000,1.1248,1.1913,1.1141,1.1866,1936376.6,1767736800000,2236346.78466,26092,2026-01-06 21:00:00+00:00
1767736800000,1.1864,1.1984,1.1521,1.1631,1856039.8,1767740400000,2176232.71322,17082,2026-01-06 22:00:00+00:00
1767740400000,1.1631,1.169,1.1372,1.1445,1201019.0,1767744000000,1378589.88082,15583,2026-01-06 23:00:00+00:00
1767744000000,1.1446,1.1598,1.1171,1.1177,1236428.2,1767747600000,1405866.28597,18657,2026-01-07 00:00:00+00:00
1767747600000,1.1178,1.1268,1.0899,1.0998,1809176.7,1767751200000,1992131.69752,18666,2026-01-07 01:00:00+00:00
1767751200000,1.0996,1.1225,1.0948,1.1204,746470.0,1767754800000,826818.92214,10352,2026-01-07 02:00:00+00:00
1767754800000,1.1205,1.1471,1.1114,1.1333,1223324.1,1767758400000,1384558.17336,15170,2026-01-07 03:00:00+00:00
1767758400000,1.1332,1.134,1.1138,1.1148,1150382.9,1767762000000,1290970.10324,12610,2026-01-07 04:00:00+00:00
1767762000000,1.1148,1.142,1.1141,1.1219,898338.5,1767765600000,1011395.19422,12677,2026-01-07 05:00:00+00:00
1767765600000,1.1219,1.131,1.1154,1.1244,531219.3,1767769200000,595861.02496,9052,2026-01-07 06:00:00+00:00
1767769200000,1.1243,1.142,1.1201,1.1279,645425.7,1767772800000,730531.08252,10989,2026-01-07 07:00:00+00:00
1767772800000,1.1278,1.131,1.1176,1.1196,577107.8,1767776400000,648580.95686,9438,2026-01-07 08:00:00+00:00
1767776400000,1.1196,1.1224,1.0929,1.0995,1345544.5,1767780000000,1485154.96048,17933,2026-01-07 09:00:00+00:00
1767780000000,1.0993,1.1044,1.0912,1.0954,750545.5,1767783600000,824481.26799,10134,2026-01-07 10:00:00+00:00
1767783600000,1.0953,1.1131,1.0941,1.0998,546992.2,1767787200000,604563.52592,8692,2026-01-07 11:00:00+00:00
1767787200000,1.0998,1.1001,1.0828,1.0851,1002539.2,1767790800000,1092288.60136,11072,2026-01-07 12:00:00+00:00
1767790800000,1.0855,1.0891,1.0712,1.0802,1128981.1,1767794400000,1219763.22349,12979,2026-01-07 13:00:00+00:00
1767794400000,1.0803,1.095,1.0569,1.0867,2782500.0,1767798000000,2990784.14151,31911,2026-01-07 14:00:00+00:00
1767798000000,1.0868,1.0886,1.0597,1.0636,2593112.0,1767801600000,2771475.96533,27309,2026-01-07 15:00:00+00:00
1767801600000,1.0636,1.0714,1.0509,1.0533,1460308.9,1767805200000,1547347.77892,13784,2026-01-07 16:00:00+00:00
1767805200000,1.0534,1.0641,1.0518,1.0614,628600.0,1767808800000,665209.59604,7060,2026-01-07 17:00:00+00:00
1767808800000,1.0614,1.0674,1.0535,1.0584,724624.0,1767812400000,768133.69617,8937,2026-01-07 18:00:00+00:00
1767812400000,1.0583,1.065,1.0472,1.0621,706589.7,1767816000000,746080.64142,10296,2026-01-07 19:00:00+00:00
1767816000000,1.0622,1.0711,1.0533,1.061,384163.3,1767819600000,406941.86669,6987,2026-01-07 20:00:00+00:00
1767819600000,1.0609,1.0672,1.0567,1.0611,178833.0,1767823200000,189941.13925,3922,2026-01-07 21:00:00+00:00
1767823200000,1.061,1.0666,1.0499,1.0508,612577.4,1767826800000,647783.89104,5813,2026-01-07 22:00:00+00:00
1767826800000,1.0508,1.0593,1.0417,1.0478,829725.0,1767830400000,871168.23022,8325,2026-01-07 23:00:00+00:00
1767830400000,1.0479,1.0593,1.038,1.056,763565.0,1767834000000,798548.84023,8997,2026-01-08 00:00:00+00:00
1767834000000,1.0561,1.0745,1.0539,1.055,906229.8,1767837600000,964470.69477,10684,2026-01-08 01:00:00+00:00
1767837600000,1.0551,1.0562,1.0278,1.0328,1447699.6,1767841200000,1504498.01965,14801,2026-01-08 02:00:00+00:00
1767841200000,1.0327,1.0332,1.0093,1.0173,1882944.3,1767844800000,1922924.87804,14391,2026-01-08 03:00:00+00:00
1767844800000,1.0174,1.0374,1.0174,1.0301,879432.6,1767848400000,903268.91901,9190,2026-01-08 04:00:00+00:00
1767848400000,1.0302,1.0463,1.0284,1.0326,489944.2,1767852000000,508253.18851,6692,2026-01-08 05:00:00+00:00
1767852000000,1.0327,1.0356,1.0198,1.0214,811604.6,1767855600000,833690.86866,11445,2026-01-08 06:00:00+00:00
1767855600000,1.0212,1.0539,1.0167,1.0326,1739643.4,1767859200000,1799368.7989,20111,2026-01-08 07:00:00+00:00
1767859200000,1.0326,1.0642,1.0312,1.0456,1259222.1,1767862800000,1321170.47289,13976,2026-01-08 08:00:00+00:00
1767862800000,1.0457,1.0569,1.0208,1.0245,1111560.8,1767866400000,1150628.01473,14361,2026-01-08 09:00:00+00:00
1767866400000,1.0247,1.0547,1.017,1.0447,1645050.1,1767870000000,1706973.80298,19131,2026-01-08 10:00:00+00:00
1767870000000,1.0446,1.0446,1.0165,1.0272,1330564.1,1767873600000,1367649.45989,14482,2026-01-08 11:00:00+00:00
1767873600000,1.0273,1.0289,1.0001,1.0062,1767457.8,1767877200000,1794654.59389,18659,2026-01-08 12:00:00+00:00
1767877200000,1.0062,1.0162,1.0019,1.0085,1226238.5,1767880800000,1237354.33273,14524,2026-01-08 13:00:00+00:00
1767880800000,1.0083,1.0399,0.9938,1.0337,2141468.4,1767884400000,2169690.88358,24045,2026-01-08 14:00:00+00:00
1767884400000,1.0336,1.1256,1.0294,1.121,4722099.0,1767888000000,5083875.42025,58397,2026-01-08 15:00:00+00:00
1767888000000,1.121,1.1242,1.0826,1.0967,1650702.7,1767891600000,1811539.4114,27037,2026-01-08 16:00:00+00:00
1767891600000,1.0968,1.1045,1.0842,1.0927,820258.5,1767895200000,898304.39844,17645,2026-01-08 17:00:00+00:00
1767895200000,1.0926,1.0939,1.0716,1.0791,702478.8,1767898800000,757953.03549,11663,2026-01-08 18:00:00+00:00
1767898800000,1.0791,1.0935,1.0652,1.0675,1035901.7,1767902400000,1115353.31748,12132,2026-01-08 19:00:00+00:00
1767902400000,1.0674,1.0674,1.0477,1.0632,753216.8,1767906000000,796162.1056,12709,2026-01-08 20:00:00+00:00
1767906000000,1.0632,1.0841,1.0597,1.0828,456462.5,1767909600000,489530.55943,8027,2026-01-08 21:00:00+00:00
1767909600000,1.0827,1.0891,1.0641,1.0696,458768.5,1767913200000,494324.86631,6030,2026-01-08 22:00:00+00:00
1767913200000,1.0695,1.0726,1.0599,1.063,248395.5,1767916800000,264624.97323,4513,2026-01-08 23:00:00+00:00
1767916800000,1.0629,1.065,1.0556,1.0578,428751.7,1767920400000,454093.7587,5293,2026-01-09 00:00:00+00:00
1767920400000,1.0579,1.0681,1.0342,1.0388,1293305.4,1767924000000,1355464.43883,16039,2026-01-09 01:00:00+00:00
1767924000000,1.0387,1.0633,1.0359,1.0433,866618.0,1767927600000,911190.04855,10765,2026-01-09 02:00:00+00:00
1767927600000,1.0434,1.0539,1.0375,1.0516,725231.6,1767931200000,758118.73144,9305,2026-01-09 03:00:00+00:00
1767931200000,1.0516,1.0543,1.0397,1.042,360018.2,1767934800000,376199.67219,4626,2026-01-09 04:00:00+00:00
1767934800000,1.042,1.0479,1.0414,1.0451,166054.3,1767938400000,173442.188,3729,2026-01-09 05:00:00+00:00
1767938400000,1.045,1.0492,1.0406,1.0476,361035.5,1767942000000,377358.98049,4283,2026-01-09 06:00:00+00:00
1767942000000,1.0476,1.0479,1.0378,1.041,340447.3,1767945600000,354770.76609,5589,2026-01-09 07:00:00+00:00
1767945600000,1.041,1.0473,1.0237,1.0327,1102377.6,1767949200000,1137490.49546,11530,2026-01-09 08:00:00+00:00
1767949200000,1.0326,1.047,1.0317,1.0357,957978.3,1767952800000,994749.34972,10833,2026-01-09 09:00:00+00:00
1767952800000,1.0357,1.0516,1.0327,1.0444,649757.2,1767956400000,677184.98562,6450,2026-01-09 10:00:00+00:00
1767956400000,1.0445,1.0565,1.0378,1.0499,479704.6,1767960000000,503393.41375,6996,2026-01-09 11:00:00+00:00
1767960000000,1.0498,1.0592,1.0399,1.0408,381218.4,1767963600000,399790.70464,6490,2026-01-09 12:00:00+00:00
1767963600000,1.0407,1.0668,1.0406,1.0632,1021555.7,1767967200000,1079128.97255,15710,2026-01-09 13:00:00+00:00
1767967200000,1.0633,1.0634,1.039,1.0435,1032384.3,1767970800000,1083537.04619,19225,2026-01-09 14:00:00+00:00
1767970800000,1.0436,1.1037,1.0393,1.0746,2451741.0,1767974400000,2647237.86389,35168,2026-01-09 15:00:00+00:00
1767974400000,1.0747,1.0961,1.0716,1.094,844379.7,1767978000000,914296.11556,15688,2026-01-09 16:00:00+00:00
1767978000000,1.0941,1.0972,1.0671,1.0863,602472.5,1767981600000,651614.05276,11298,2026-01-09 17:00:00+00:00
1767981600000,1.0862,1.0908,1.0512,1.0655,636070.9,1767985200000,677048.0493,12196,2026-01-09 18:00:00+00:00
1767985200000,1.0654,1.0684,1.0401,1.0481,1111917.0,1767988800000,1169065.21328,13634,2026-01-09 19:00:00+00:00
1767988800000,1.048,1.0635,1.0455,1.056,357313.1,1767992400000,376848.35837,7308,2026-01-09 20:00:00+00:00
1767992400000,1.0561,1.0786,1.0515,1.0719,544227.1,1767996000000,580850.9204,8236,2026-01-09 21:00:00+00:00
1767996000000,1.0718,1.0879,1.0676,1.0743,920077.4,1767999600000,991049.19142,8590,2026-01-09 22:00:00+00:00
1767999600000,1.0742,1.0742,1.0609,1.0627,377997.1,1768003200000,403644.43379,5705,2026-01-09 23:00:00+00:00
1768003200000,1.0625,1.0675,1.0547,1.0566,391813.9,1768006800000,415463.76786,6598,2026-01-10 00:00:00+00:00
1768006800000,1.0565,1.0723,1.0556,1.0584,334484.8,1768010400000,356230.97187,4665,2026-01-10 01:00:00+00:00
1768010400000,1.0583,1.0674,1.0463,1.0481,481024.1,1768014000000,506957.09855,6786,2026-01-10 02:00:00+00:00
1768014000000,1.0481,1.0528,1.0419,1.0466,353601.4,1768017600000,369783.84366,5004,2026-01-10 03:00:00+00:00
1768017600000,1.0466,1.0479,1.0339,1.0375,484725.2,1768021200000,503119.14919,6985,2026-01-10 04:00:00+00:00
1768021200000,1.0375,1.0424,1.0345,1.0384,264346.2,1768024800000,274709.70275,3854,2026-01-10 05:00:00+00:00
1768024800000,1.0384,1.0523,1.0371,1.0443,644093.5,1768028400000,672465.86996,6288,2026-01-10 06:00:00+00:00
1768028400000,1.0443,1.0509,1.0382,1.0411,197233.8,1768032000000,205943.96741,3862,2026-01-10 07:00:00+00:00
1768032000000,1.0407,1.0459,1.0361,1.0449,277469.3,1768035600000,289212.04421,4605,2026-01-10 08:00:00+00:00
1768035600000,1.0449,1.0664,1.0427,1.0624,415183.2,1768039200000,438054.97517,6679,2026-01-10 09:00:00+00:00
1768039200000,1.0623,1.0862,1.0558,1.0785,662095.9,1768042800000,709391.13026,9798,2026-01-10 10:00:00+00:00
1768042800000,1.0783,1.0842,1.0685,1.0823,439705.9,1768046400000,472986.0938,9200,2026-01-10 11:00:00+00:00
1768046400000,1.0822,1.0907,1.0719,1.0753,733311.9,1768050000000,793136.76294,9083,2026-01-10 12:00:00+00:00
1768050000000,1.0752,1.0839,1.0704,1.08,329945.9,1768053600000,355839.93578,5748,2026-01-10 13:00:00+00:00
1768053600000,1.0801,1.091,1.0739,1.0775,874959.6,1768057200000,946648.16321,10168,2026-01-10 14:00:00+00:00
1768057200000,1.0776,1.0789,1.0575,1.0616,492874.6,1768060800000,525623.20287,7018,2026-01-10 15:00:00+00:00
1768060800000,1.0615,1.0674,1.0571,1.062,203209.9,1768064400000,215727.32018,4617,2026-01-10 16:00:00+00:00
1768064400000,1.0621,1.07,1.0527,1.0532,178536.9,1768068000000,189408.44291,3833,2026-01-10 17:00:00+00:00
1768068000000,1.0533,1.0592,1.0491,1.0565,448742.3,1768071600000,473303.62253,3569,2026-01-10 18:00:00+00:00
1768071600000,1.0564,1.0679,1.0504,1.0638,415635.8,1768075200000,439580.26985,4945,2026-01-10 19:00:00+00:00
1768075200000,1.0639,1.0649,1.0565,1.0573,200710.1,1768078800000,212914.19658,2567,2026-01-10 20:00:00+00:00
1768078800000,1.0572,1.0592,1.0498,1.0502,156569.4,1768082400000,165128.20251,2856,2026-01-10 21:00:00+00:00
1768082400000,1.0501,1.0575,1.0425,1.0433,263497.7,1768086000000,276995.11597,3218,2026-01-10 22:00:00+00:00
1768086000000,1.0433,1.0516,1.0421,1.047,129971.7,1768089600000,136200.1173,2514,2026-01-10 23:00:00+00:00
1768089600000,1.0468,1.0614,1.0438,1.0553,293414.7,1768093200000,308746.65257,4513,2026-01-11 00:00:00+00:00
1768093200000,1.0552,1.06,1.0459,1.0599,192815.1,1768096800000,202843.48703,3931,2026-01-11 01:00:00+00:00
1768096800000,1.06,1.0724,1.0587,1.0593,303400.8,1768100400000,323114.55668,6595,2026-01-11 02:00:00+00:00
1768100400000,1.0594,1.0642,1.0552,1.0563,157610.1,1768104000000,166984.30716,3398,2026-01-11 03:00:00+00:00
1768104000000,1.0562,1.0666,1.0504,1.0666,186770.2,1768107600000,197339.32964,4217,2026-01-11 04:00:00+00:00
1768107600000,1.0666,1.0737,1.0592,1.0705,345425.8,1768111200000,368914.55481,5073,2026-01-11 05:00:00+00:00
1768111200000,1.0706,1.0813,1.0535,1.069,555677.7,1768114800000,592709.03535,8529,2026-01-11 06:00:00+00:00
1768114800000,1.0691,1.0813,1.0663,1.0768,254048.0,1768118400000,273339.67061,4766,2026-01-11 07:00:00+00:00
1768118400000,1.0769,1.1116,1.0741,1.1024,1554207.3,1768122000000,1704769.59559,20003,2026-01-11 08:00:00+00:00
1768122000000,1.1025,1.1118,1.0849,1.0849,997883.0,1768125600000,1097482.37578,13498,2026-01-11 09:00:00+00:00
1768125600000,1.0849,1.0904,1.07,1.0795,467262.1,1768129200000,503826.7413,7846,2026-01-11 10:00:00+00:00
1768129200000,1.0795,1.0874,1.0776,1.087,210974.5,1768132800000,228405.41394,4651,2026-01-11 11:00:00+00:00
1768132800000,1.087,1.0987,1.0842,1.0923,512610.4,1768136400000,559355.80703,8003,2026-01-11 12:00:00+00:00
1768136400000,1.0923,1.1012,1.0731,1.0738,576957.4,1768140000000,626837.83713,9239,2026-01-11 13:00:00+00:00
1768140000000,1.0738,1.0919,1.0702,1.0896,512789.9,1768143600000,553972.27189,7506,2026-01-11 14:00:00+00:00
1768143600000,1.0897,1.093,1.0602,1.0661,780637.8,1768147200000,838555.25092,10487,2026-01-11 15:00:00+00:00
1768147200000,1.0662,1.1001,1.0659,1.0858,870956.5,1768150800000,945676.65831,14588,2026-01-11 16:00:00+00:00
1768150800000,1.0859,1.0905,1.0691,1.0807,414962.7,1768154400000,447035.39514,8195,2026-01-11 17:00:00+00:00
1768154400000,1.0806,1.0806,1.0642,1.0709,283119.5,1768158000000,302560.69167,5598,2026-01-11 18:00:00+00:00
1768158000000,1.0713,1.0784,1.0635,1.0685,275587.9,1768161600000,295231.61225,5443,2026-01-11 19:00:00+00:00
1768161600000,1.0685,1.0686,1.0489,1.0526,578930.6,1768165200000,611948.46188,10320,2026-01-11 20:00:00+00:00
1768165200000,1.0525,1.0559,1.045,1.0533,368306.8,1768168800000,386791.3892,6143,2026-01-11 21:00:00+00:00
1768168800000,1.0532,1.0532,1.0362,1.0367,423699.5,1768172400000,441140.13883,4663,2026-01-11 22:00:00+00:00
1768172400000,1.0365,1.0498,1.0283,1.0439,748854.8,1768176000000,777577.60239,11123,2026-01-11 23:00:00+00:00
1768176000000,1.0438,1.0492,1.0162,1.0383,917545.4,1768179600000,947612.03589,14221,2026-01-12 00:00:00+00:00
1768179600000,1.0383,1.0563,1.0331,1.0353,879890.6,1768183200000,919586.11104,16496,2026-01-12 01:00:00+00:00
1768183200000,1.0353,1.0733,1.0345,1.0709,1481725.2,1768186800000,1567779.16006,15754,2026-01-12 02:00:00+00:00
1768186800000,1.071,1.0772,1.0524,1.0528,976050.5,1768190400000,1040946.94852,13565,2026-01-12 03:00:00+00:00
1768190400000,1.0528,1.0675,1.0482,1.0583,748097.7,1768194000000,792336.75939,8276,2026-01-12 04:00:00+00:00
1768194000000,1.0582,1.0659,1.053,1.0608,434881.9,1768197600000,460873.80436,6224,2026-01-12 05:00:00+00:00
1768197600000,1.0609,1.0686,1.055,1.0586,334492.3,1768201200000,355335.07556,5575,2026-01-12 06:00:00+00:00
1768201200000,1.0587,1.06,1.0284,1.0298,560164.9,1768204800000,582160.12054,9196,2026-01-12 07:00:00+00:00
1768204800000,1.0298,1.0353,1.0099,1.019,1465880.6,1768208400000,1492451.59247,15131,2026-01-12 08:00:00+00:00
1768208400000,1.0191,1.0287,1.0157,1.0225,647413.7,1768212000000,661916.03047,7382,2026-01-12 09:00:00+00:00
1768212000000,1.0225,1.0284,1.0201,1.0212,345113.5,1768215600000,353492.26056,4917,2026-01-12 10:00:00+00:00
1768215600000,1.0212,1.0278,1.0181,1.0226,378303.7,1768219200000,387229.11025,4532,2026-01-12 11:00:00+00:00
1768219200000,1.0227,1.0296,1.02,1.0208,409291.6,1768222800000,419215.9222,4663,2026-01-12 12:00:00+00:00
1768222800000,1.0209,1.0235,1.0107,1.0115,554458.1,1768226400000,562996.66778,7776,2026-01-12 13:00:00+00:00
1768226400000,1.0115,1.0387,1.0008,1.0301,1350746.9,1768230000000,1374928.46271,19340,2026-01-12 14:00:00+00:00
1768230000000,1.0302,1.0351,1.015,1.0312,835059.5,1768233600000,856248.2361,14073,2026-01-12 15:00:00+00:00
1768233600000,1.0311,1.0454,1.0216,1.0392,727325.6,1768237200000,752418.92869,12752,2026-01-12 16:00:00+00:00
1768237200000,1.0392,1.0461,1.017,1.0244,550356.5,1768240800000,566478.07952,10284,2026-01-12 17:00:00+00:00
1768240800000,1.0245,1.0312,1.0127,1.0187,372428.0,1768244400000,380746.6417,6676,2026-01-12 18:00:00+00:00
1768244400000,1.0187,1.019,1.0106,1.0171,419020.7,1768248000000,425377.51437,6428,2026-01-12 19:00:00+00:00
1768248000000,1.0171,1.0246,1.0061,1.0079,342018.0,1768251600000,347175.62838,6318,2026-01-12 20:00:00+00:00
1768251600000,1.0078,1.0078,0.9882,0.9945,881189.7,1768255200000,877628.22763,8220,2026-01-12 21:00:00+00:00
1768255200000,0.9946,1.0049,0.9943,0.999,398658.9,1768258800000,398950.49196,4023,2026-01-12 22:00:00+00:00
1768258800000,0.9991,0.9999,0.9834,0.9857,447450.4,1768262400000,442638.27816,5447,2026-01-12 23:00:00+00:00
1768262400000,0.9857,0.9934,0.9849,0.9927,589587.3,1768266000000,583896.02696,6004,2026-01-13 00:00:00+00:00
1768266000000,0.9927,0.995,0.9726,0.978,1095062.5,1768269600000,1071198.48638,8047,2026-01-13 01:00:00+00:00
1768269600000,0.9781,0.9867,0.96,0.9612,1111093.7,1768273200000,1079737.47996,9987,2026-01-13 02:00:00+00:00
1768273200000,0.9613,0.9652,0.9438,0.9441,1618064.4,1768276800000,1543161.70427,13059,2026-01-13 03:00:00+00:00
1768276800000,0.9441,0.9598,0.9438,0.9585,670565.5,1768280400000,637282.14253,7755,2026-01-13 04:00:00+00:00
1768280400000,0.9587,0.9752,0.956,0.9655,513839.5,1768284000000,496855.34989,8243,2026-01-13 05:00:00+00:00
1768284000000,0.9656,0.9747,0.9641,0.9732,497414.7,1768287600000,482035.07085,7387,2026-01-13 06:00:00+00:00
1768287600000,0.9733,0.9752,0.9645,0.9734,356741.1,1768291200000,345852.41664,5116,2026-01-13 07:00:00+00:00
1768291200000,0.9733,0.9837,0.9707,0.9829,282552.4,1768294800000,276064.55729,4404,2026-01-13 08:00:00+00:00
1768294800000,0.9828,0.9925,0.9795,0.9925,720656.0,1768298400000,710907.49932,9079,2026-01-13 09:00:00+00:00
1768298400000,0.9925,1.0152,0.9925,1.0024,1050340.3,1768302000000,1053957.76382,10341,2026-01-13 10:00:00+00:00
1768302000000,1.0024,1.0086,0.9977,0.9984,336383.2,1768305600000,337413.02618,5307,2026-01-13 11:00:00+00:00
1768305600000,0.9984,1.0048,0.9902,0.9923,638123.5,1768309200000,636713.2637,7717,2026-01-13 12:00:00+00:00
1768309200000,0.9924,1.0294,0.987,1.026,1782723.7,1768312800000,1798616.57041,27483,2026-01-13 13:00:00+00:00
1768312800000,1.0259,1.05,1.0182,1.0342,2735071.3,1768316400000,2845834.82543,34432,2026-01-13 14:00:00+00:00
1768316400000,1.0341,1.0377,0.9971,1.0326,1691321.2,1768320000000,1723333.30027,26921,2026-01-13 15:00:00+00:00
1768320000000,1.0326,1.0407,1.0032,1.0087,1695685.1,1768323600000,1725861.87044,23492,2026-01-13 16:00:00+00:00
1768323600000,1.0088,1.0158,0.9992,1.0133,942916.7,1768327200000,951287.87785,12283,2026-01-13 17:00:00+00:00
1768327200000,1.0133,1.0228,1.0111,1.0161,544078.8,1768330800000,553003.60075,9043,2026-01-13 18:00:00+00:00
1768330800000,1.0161,1.031,1.011,1.0206,685770.9,1768334400000,700198.28312,9402,2026-01-13 19:00:00+00:00
1768334400000,1.0207,1.0267,1.0053,1.0109,639214.3,1768338000000,649224.00922,9471,2026-01-13 20:00:00+00:00
1768338000000,1.011,1.025,1.007,1.0226,381712.4,1768341600000,387322.54558,6764,2026-01-13 21:00:00+00:00
1768341600000,1.0227,1.0625,1.0197,1.0584,7473473.6,1768345200000,7843360.85123,35022,2026-01-13 22:00:00+00:00
1768345200000,1.0584,1.0797,1.0449,1.0521,1598812.9,1768348800000,1697158.93743,18692,2026-01-13 23:00:00+00:00
1768348800000,1.0521,1.1096,1.0521,1.0817,2806636.6,1768352400000,3050098.40965,41343,2026-01-14 00:00:00+00:00
1768352400000,1.0816,1.095,1.0722,1.0778,1073071.9,1768356000000,1160635.85264,14725,2026-01-14 01:00:00+00:00
1768356000000,1.0777,1.0916,1.0708,1.0797,1081821.4,1768359600000,1167245.77739,14199,2026-01-14 02:00:00+00:00
1768359600000,1.0796,1.1002,1.0773,1.0898,946116.6,1768363200000,1031265.9351,12033,2026-01-14 03:00:00+00:00
1768363200000,1.0895,1.0895,1.0642,1.0665,974279.5,1768366800000,1047990.65012,14469,2026-01-14 04:00:00+00:00
1768366800000,1.0664,1.0693,1.0575,1.0577,537624.3,1768370400000,571922.15038,8839,2026-01-14 05:00:00+00:00
1768370400000,1.0577,1.0635,1.0476,1.0627,540137.9,1768374000000,569361.8655,9663,2026-01-14 06:00:00+00:00
1768374000000,1.0626,1.067,1.0554,1.0629,388105.3,1768377600000,411555.705,7298,2026-01-14 07:00:00+00:00
1768377600000,1.0629,1.0783,1.0624,1.0678,694957.3,1768381200000,745455.09816,8036,2026-01-14 08:00:00+00:00
1768381200000,1.0677,1.0791,1.0657,1.0705,421803.6,1768384800000,452246.39452,6270,2026-01-14 09:00:00+00:00
1768384800000,1.0704,1.0758,1.0497,1.0533,871575.3,1768388400000,923765.30838,11081,2026-01-14 10:00:00+00:00
1768388400000,1.0532,1.0532,1.0282,1.0307,1099795.1,1768392000000,1143742.8826,12212,2026-01-14 11:00:00+00:00
1768392000000,1.0307,1.0411,1.0275,1.0399,669714.0,1768395600000,693805.91023,8320,2026-01-14 12:00:00+00:00
1768395600000,1.0399,1.0474,1.0315,1.0367,664796.8,1768399200000,690617.30236,9666,2026-01-14 13:00:00+00:00
1768399200000,1.0365,1.0669,1.0353,1.0562,1235941.7,1768402800000,1301474.05795,19139,2026-01-14 14:00:00+00:00
1768402800000,1.0563,1.0852,1.0427,1.0723,2251588.6,1768406400000,2405346.93004,25128,2026-01-14 15:00:00+00:00
1768406400000,1.0724,1.0814,1.0613,1.0698,890096.5,1768410000000,953245.63845,14827,2026-01-14 16:00:00+00:00
1768410000000,1.0697,1.0737,1.0462,1.0463,907053.2,1768413600000,960453.39734,13528,2026-01-14 17:00:00+00:00
1768413600000,1.0463,1.0538,1.0112,1.0207,1921595.3,1768417200000,1979222.34242,24144,2026-01-14 18:00:00+00:00
1768417200000,1.0208,1.0475,1.016,1.0309,1096921.0,1768420800000,1132838.70108,13968,2026-01-14 19:00:00+00:00
1768420800000,1.0313,1.041,1.0257,1.035,514329.5,1768424400000,531276.73139,9279,2026-01-14 20:00:00+00:00
1768424400000,1.0349,1.0379,1.0259,1.0291,477822.7,1768428000000,492763.18179,5675,2026-01-14 21:00:00+00:00
1768428000000,1.0293,1.0325,1.0151,1.0185,736100.7,1768431600000,753585.85347,5091,2026-01-14 22:00:00+00:00
1768431600000,1.0185,1.0335,1.0185,1.0225,324752.2,1768435200000,332686.18273,4394,2026-01-14 23:00:00+00:00
1768435200000,1.0225,1.0225,1.0084,1.0163,636078.9,1768438800000,645366.18571,6720,2026-01-15 00:00:00+00:00
1768438800000,1.0164,1.0223,1.0028,1.0084,1064948.0,1768442400000,1075833.15125,8790,2026-01-15 01:00:00+00:00
1768442400000,1.0083,1.0094,0.9978,1.0015,792710.5,1768446000000,795902.8395,6879,2026-01-15 02:00:00+00:00
1768446000000,1.0017,1.0054,0.9768,0.9868,2678696.3,1768449600000,2640300.86331,17089,2026-01-15 03:00:00+00:00
1768449600000,0.9867,1.0027,0.983,1.0027,596386.4,1768453200000,593017.12961,8131,2026-01-15 04:00:00+00:00
1768453200000,1.0026,1.0108,1.0018,1.004,430054.7,1768456800000,432891.53484,5457,2026-01-15 05:00:00+00:00
1768456800000,1.0039,1.013,1.0022,1.0051,508466.9,1768460400000,512306.88873,6745,2026-01-15 06:00:00+00:00
1768460400000,1.005,1.0176,1.0046,1.0167,569308.5,1768464000000,577071.93811,5750,2026-01-15 07:00:00+00:00
1768464000000,1.0167,1.0297,1.0134,1.0193,681001.3,1768467600000,694581.82502,7912,2026-01-15 08:00:00+00:00
1768467600000,1.0191,1.0372,1.0127,1.032,641977.8,1768471200000,658664.58875,8736,2026-01-15 09:00:00+00:00
1768471200000,1.032,1.0391,1.0263,1.0317,684319.1,1768474800000,706931.5401,7100,2026-01-15 10:00:00+00:00
1768474800000,1.0317,1.04,1.0266,1.0297,491961.9,1768478400000,507761.69374,6500,2026-01-15 11:00:00+00:00
1768478400000,1.0295,1.0474,1.0274,1.0462,351142.1,1768482000000,363535.68418,6380,2026-01-15 12:00:00+00:00
1768482000000,1.0462,1.0624,1.0382,1.0442,1444495.6,1768485600000,1516729.14135,13445,2026-01-15 13:00:00+00:00
1768485600000,1.0443,1.0467,1.0174,1.0278,1198167.4,1768489200000,1235239.22493,17499,2026-01-15 14:00:00+00:00
1768489200000,1.0278,1.0329,0.9895,1.0127,1760738.8,1768492800000,1773386.76627,25440,2026-01-15 15:00:00+00:00
1768492800000,1.0126,1.0155,0.9978,1.0102,786151.6,1768496400000,790783.94016,12401,2026-01-15 16:00:00+00:00
1768496400000,1.0103,1.0152,0.9916,0.9971,659999.4,1768500000000,663602.67765,9769,2026-01-15 17:00:00+00:00
1768500000000,0.9972,1.0019,0.9862,0.9901,921344.5,1768503600000,914145.50651,9887,2026-01-15 18:00:00+00:00
1768503600000,0.99,0.996,0.9825,0.9951,623711.2,1768507200000,616439.56291,10264,2026-01-15 19:00:00+00:00
1768507200000,0.995,0.9993,0.9792,0.9845,781872.9,1768510800000,772053.63612,8463,2026-01-15 20:00:00+00:00
1768510800000,0.9844,0.9953,0.9826,0.9932,349708.0,1768514400000,346399.13327,5050,2026-01-15 21:00:00+00:00
1768514400000,0.9931,1.0047,0.9928,1.0003,374501.1,1768518000000,374584.25829,4204,2026-01-15 22:00:00+00:00
1768518000000,1.0003,1.0035,0.9959,1.0028,295849.3,1768521600000,295882.80868,3804,2026-01-15 23:00:00+00:00
1768521600000,1.0029,1.0095,0.9984,0.9995,271004.8,1768525200000,272166.16054,3647,2026-01-16 00:00:00+00:00
1768525200000,0.9995,1.0011,0.9902,0.9976,388801.6,1768528800000,387085.29004,4664,2026-01-16 01:00:00+00:00
1768528800000,0.9974,0.999,0.9891,0.9984,460191.9,1768532400000,457760.27583,4561,2026-01-16 02:00:00+00:00
1768532400000,0.9985,0.9996,0.9847,0.9856,374908.6,1768536000000,371010.94775,4351,2026-01-16 03:00:00+00:00
1768536000000,0.9856,0.991,0.9737,0.9787,458601.6,1768539600000,450273.20227,6623,2026-01-16 04:00:00+00:00
1768539600000,0.9787,0.9999,0.9775,0.9958,430661.5,1768543200000,425456.55054,5539,2026-01-16 05:00:00+00:00
1768543200000,0.9957,0.9976,0.9911,0.9961,254655.5,1768546800000,253301.7804,3375,2026-01-16 06:00:00+00:00
1768546800000,0.996,0.997,0.9891,0.9921,228509.0,1768550400000,227002.29979,3132,2026-01-16 07:00:00+00:00
1768550400000,0.9922,1.0029,0.9916,0.998,228082.8,1768554000000,227861.80449,3673,2026-01-16 08:00:00+00:00
1768554000000,0.9979,1.0039,0.9963,0.998,322183.5,1768557600000,322155.19973,3425,2026-01-16 09:00:00+00:00
1768557600000,0.998,0.9989,0.9893,0.9922,292955.4,1768561200000,290833.88871,3430,2026-01-16 10:00:00+00:00
1768561200000,0.9921,0.9938,0.9838,0.9898,271053.5,1768564800000,268192.50902,3910,2026-01-16 11:00:00+00:00
1768564800000,0.9897,0.9929,0.9861,0.9894,208541.3,1768568400000,206407.31714,3667,2026-01-16 12:00:00+00:00
1768568400000,0.9895,0.9906,0.9795,0.9838,262120.7,1768572000000,258117.82161,4321,2026-01-16 13:00:00+00:00
1768572000000,0.9838,0.9961,0.9832,0.9868,381765.1,1768575600000,377739.20788,7963,2026-01-16 14:00:00+00:00
1768575600000,0.9868,0.993,0.9457,0.9587,1428977.9,1768579200000,1376935.97994,18347,2026-01-16 15:00:00+00:00
1768579200000,0.9588,0.9728,0.957,0.9674,705106.9,1768582800000,682036.70054,9912,2026-01-16 16:00:00+00:00
1768582800000,0.9673,0.9761,0.9592,0.9747,344310.8,1768586400000,332718.71413,5724,2026-01-16 17:00:00+00:00
1768586400000,0.9748,0.9798,0.9734,0.9757,305106.8,1768590000000,297943.00036,4785,2026-01-16 18:00:00+00:00
1768590000000,0.9758,0.9786,0.9662,0.9746,305507.4,1768593600000,296647.22341,5143,2026-01-16 19:00:00+00:00
1768593600000,0.9747,0.9893,0.9691,0.9885,270049.1,1768597200000,264752.87227,6103,2026-01-16 20:00:00+00:00
1768597200000,0.9886,0.9922,0.9858,0.9867,301236.2,1768600800000,298037.02996,4873,2026-01-16 21:00:00+00:00
1768600800000,0.9867,0.9885,0.9804,0.9882,275963.3,1768604400000,271473.95247,3388,2026-01-16 22:00:00+00:00
1768604400000,0.9881,0.9935,0.9871,0.991,215206.2,1768608000000,213163.12721,2431,2026-01-16 23:00:00+00:00
1768608000000,0.9909,0.9912,0.9866,0.99,228685.1,1768611600000,226176.09808,2754,2026-01-17 00:00:00+00:00
1768611600000,0.9899,0.9906,0.9834,0.9875,147436.7,1768615200000,145448.96736,2602,2026-01-17 01:00:00+00:00
1768615200000,0.9876,0.9889,0.9796,0.9847,263894.0,1768618800000,259530.92573,3393,2026-01-17 02:00:00+00:00
1768618800000,0.9847,0.9851,0.9746,0.9805,272422.8,1768622400000,266798.03982,3612,2026-01-17 03:00:00+00:00
1768622400000,0.9805,0.9846,0.9783,0.9838,126144.4,1768626000000,123773.76321,1679,2026-01-17 04:00:00+00:00
1768626000000,0.9839,0.9888,0.9815,0.9855,83922.4,1768629600000,82684.28528,1843,2026-01-17 05:00:00+00:00
1768629600000,0.9854,0.9875,0.9828,0.986,136478.7,1768633200000,134463.17367,2023,2026-01-17 06:00:00+00:00
1768633200000,0.9859,0.9859,0.9773,0.981,160010.2,1768636800000,156880.79863,2249,2026-01-17 07:00:00+00:00
1768636800000,0.9808,0.9855,0.9796,0.984,138778.9,1768640400000,136396.5704,2565,2026-01-17 08:00:00+00:00
1768640400000,0.9839,0.9844,0.9796,0.9797,180136.5,1768644000000,177010.65127,2157,2026-01-17 09:00:00+00:00
1768644000000,0.9797,0.982,0.9751,0.9766,188128.1,1768647600000,184130.42821,2203,2026-01-17 10:00:00+00:00
1768647600000,0.9763,0.9779,0.9709,0.9738,108445.8,1768651200000,105670.54868,2222,2026-01-17 11:00:00+00:00
1768651200000,0.9737,0.9772,0.9693,0.9703,171979.8,1768654800000,167393.1848,2632,2026-01-17 12:00:00+00:00
1768654800000,0.9704,0.9745,0.9637,0.9699,430291.7,1768658400000,416627.35787,4688,2026-01-17 13:00:00+00:00
1768658400000,0.9698,0.9714,0.9635,0.9698,338879.7,1768662000000,328158.64887,4740,2026-01-17 14:00:00+00:00
1768662000000,0.9698,0.979,0.965,0.9754,547469.1,1768665600000,531920.1995,6852,2026-01-17 15:00:00+00:00
1768665600000,0.9753,0.9753,0.9543,0.9581,389633.1,1768669200000,375069.06189,5677,2026-01-17 16:00:00+00:00
1768669200000,0.958,0.9641,0.9564,0.9631,165893.2,1768672800000,159474.11486,3535,2026-01-17 17:00:00+00:00
1768672800000,0.9631,0.9658,0.9594,0.9633,78709.7,1768676400000,75753.15066,1907,2026-01-17 18:00:00+00:00
1768676400000,0.9634,0.9669,0.9583,0.9614,145064.7,1768680000000,139696.83921,1954,2026-01-17 19:00:00+00:00
1768680000000,0.9615,0.9645,0.9596,0.9608,66203.8,1768683600000,63665.20875,1454,2026-01-17 20:00:00+00:00
1768683600000,0.9607,0.9611,0.9574,0.959,83540.4,1768687200000,80142.58013,1813,2026-01-17 21:00:00+00:00
1768687200000,0.959,0.9599,0.946,0.9488,322979.4,1768690800000,307441.9705,3407,2026-01-17 22:00:00+00:00
1768690800000,0.9487,0.9506,0.9458,0.9472,238916.2,1768694400000,226518.73329,2612,2026-01-17 23:00:00+00:00
1768694400000,0.9472,0.961,0.9408,0.9481,392141.6,1768698000000,372498.79214,5613,2026-01-18 00:00:00+00:00
1768698000000,0.9481,0.9486,0.9338,0.9366,767441.8,1768701600000,721174.93959,8268,2026-01-18 01:00:00+00:00
1768701600000,0.9367,0.9425,0.9292,0.9305,389552.2,1768705200000,364261.59134,5449,2026-01-18 02:00:00+00:00
1768705200000,0.9306,0.9399,0.9303,0.9352,203493.3,1768708800000,190299.44509,3455,2026-01-18 03:00:00+00:00
1768708800000,0.9352,0.9366,0.93,0.936,188476.1,1768712400000,175842.24057,3111,2026-01-18 04:00:00+00:00
1768712400000,0.9359,0.9409,0.9324,0.9403,238452.9,1768716000000,223420.05414,3556,2026-01-18 05:00:00+00:00
1768716000000,0.9402,0.9415,0.9348,0.9361,235113.6,1768719600000,220781.67493,4016,2026-01-18 06:00:00+00:00
1768719600000,0.936,0.936,0.9241,0.9282,240729.5,1768723200000,223943.2107,3867,2026-01-18 07:00:00+00:00
1768723200000,0.9282,0.9334,0.9263,0.9281,272713.1,1768726800000,253487.67283,2849,2026-01-18 08:00:00+00:00
1768726800000,0.9281,0.9317,0.9263,0.9298,157607.0,1768730400000,146519.40864,2690,2026-01-18 09:00:00+00:00
1768730400000,0.9298,0.9299,0.9233,0.9277,209143.5,1768734000000,193636.08175,2494,2026-01-18 10:00:00+00:00
1768734000000,0.9276,0.9331,0.9256,0.9279,155596.4,1768737600000,144447.71307,2548,2026-01-18 11:00:00+00:00
1768737600000,0.9277,0.9286,0.9165,0.9173,254232.4,1768741200000,234272.3458,3285,2026-01-18 12:00:00+00:00
1768741200000,0.9173,0.9251,0.9124,0.9206,565874.7,1768744800000,518620.80432,5596,2026-01-18 13:00:00+00:00
1768744800000,0.9205,0.9299,0.9151,0.9201,640644.5,1768748400000,592632.27418,6540,2026-01-18 14:00:00+00:00
1768748400000,0.92,0.9265,0.9164,0.9193,306771.4,1768752000000,282431.3134,4765,2026-01-18 15:00:00+00:00
1768752000000,0.9192,0.9211,0.9141,0.9149,211025.4,1768755600000,193467.76428,3575,2026-01-18 16:00:00+00:00
1768755600000,0.9149,0.9188,0.9103,0.9179,178012.3,1768759200000,162873.81774,3611,2026-01-18 17:00:00+00:00
1768759200000,0.9178,0.9281,0.9163,0.9238,296508.9,1768762800000,273289.56477,4619,2026-01-18 18:00:00+00:00
1768762800000,0.9239,0.9263,0.9109,0.9125,129948.8,1768766400000,119263.25412,2790,2026-01-18 19:00:00+00:00
1768766400000,0.9126,0.9192,0.9118,0.9182,101325.1,1768770000000,92835.52806,2600,2026-01-18 20:00:00+00:00
1768770000000,0.9183,0.9219,0.916,0.9185,113297.2,1768773600000,104119.7029,2565,2026-01-18 21:00:00+00:00
1768773600000,0.9185,0.9247,0.918,0.922,101132.2,1768777200000,93178.97933,1709,2026-01-18 22:00:00+00:00
1768777200000,0.9219,0.9219,0.8668,0.8705,2146551.0,1768780800000,1907347.43153,25290,2026-01-18 23:00:00+00:00
1768780800000,0.8705,0.8705,0.7755,0.8335,5438295.2,1768784400000,4472391.52457,68659,2026-01-19 00:00:00+00:00
1768784400000,0.8337,0.8482,0.83,0.8444,1094531.8,1768788000000,919243.10745,14500,2026-01-19 01:00:00+00:00
1768788000000,0.8445,0.8548,0.8427,0.846,657560.2,1768791600000,557807.12373,7413,2026-01-19 02:00:00+00:00
1768791600000,0.846,0.8803,0.8409,0.8779,737175.7,1768795200000,635671.77125,10074,2026-01-19 03:00:00+00:00
1768795200000,0.878,0.8832,0.8641,0.8642,1088675.2,1768798800000,948716.71767,10633,2026-01-19 04:00:00+00:00
1768798800000,0.8641,0.8665,0.8549,0.8563,760250.7,1768802400000,654622.16168,7593,2026-01-19 05:00:00+00:00
1768802400000,0.8562,0.8605,0.8497,0.8557,808381.8,1768806000000,690993.35593,9437,2026-01-19 06:00:00+00:00
1768806000000,0.8558,0.8645,0.8546,0.8617,477523.4,1768809600000,410348.56246,5441,2026-01-19 07:00:00+00:00
1768809600000,0.8617,0.8875,0.8583,0.8854,786121.8,1768813200000,686742.29298,10262,2026-01-19 08:00:00+00:00
1768813200000,0.8853,0.8864,0.8743,0.8795,934937.8,1768816800000,822358.70809,12085,2026-01-19 09:00:00+00:00
1768816800000,0.8798,0.881,0.8701,0.8716,870441.4,1768820400000,761831.86499,9476,2026-01-19 10:00:00+00:00
1768820400000,0.8717,0.878,0.8649,0.8714,879658.3,1768824000000,766971.61285,8971,2026-01-19 11:00:00+00:00
1768824000000,0.8713,0.8717,0.8578,0.8642,746670.4,1768827600000,644185.3494,7266,2026-01-19 12:00:00+00:00
1768827600000,0.8643,0.8693,0.8579,0.8609,890669.8,1768831200000,769257.16142,8812,2026-01-19 13:00:00+00:00
1768831200000,0.8609,0.8749,0.8601,0.8697,505597.3,1768834800000,438635.73914,7083,2026-01-19 14:00:00+00:00
1768834800000,0.8697,0.8734,0.8634,0.867,578575.4,1768838400000,502205.35721,6407,2026-01-19 15:00:00+00:00
1768838400000,0.867,0.8803,0.8637,0.8734,846166.4,1768842000000,740428.08169,9273,2026-01-19 16:00:00+00:00
1768842000000,0.8734,0.8772,0.8699,0.8714,481422.6,1768845600000,420084.85063,5511,2026-01-19 17:00:00+00:00
1768845600000,0.8715,0.8822,0.8696,0.8763,518616.1,1768849200000,454041.19821,6247,2026-01-19 18:00:00+00:00
1768849200000,0.8764,0.8832,0.8731,0.8759,523687.8,1768852800000,459647.12689,5830,2026-01-19 19:00:00+00:00
1768852800000,0.876,0.8835,0.8747,0.8816,968604.2,1768856400000,851362.25779,9004,2026-01-19 20:00:00+00:00
1768856400000,0.8817,0.8847,0.8749,0.8749,783306.7,1768860000000,688977.21379,7747,2026-01-19 21:00:00+00:00
1768860000000,0.8749,0.8774,0.8628,0.8646,1015912.8,1768863600000,882766.61277,7578,2026-01-19 22:00:00+00:00
1768863600000,0.8647,0.8831,0.8615,0.8724,1004710.2,1768867200000,877884.70526,8840,2026-01-19 23:00:00+00:00
1768867200000,0.8723,0.8789,0.8677,0.8693,846819.9,1768870800000,739473.49954,8432,2026-01-20 00:00:00+00:00
1768870800000,0.8694,0.8855,0.8651,0.8829,743445.0,1768874400000,653927.01046,7198,2026-01-20 01:00:00+00:00
1768874400000,0.883,0.8858,0.8699,0.8767,1194386.6,1768878000000,1048026.86981,11377,2026-01-20 02:00:00+00:00
1768878000000,0.8767,0.8835,0.8715,0.8789,646721.5,1768881600000,567247.81563,7189,2026-01-20 03:00:00+00:00
1768881600000,0.8788,0.8803,0.8701,0.8742,923357.5,1768885200000,809252.71504,8363,2026-01-20 04:00:00+00:00
1768885200000,0.8742,0.8824,0.864,0.8781,1610890.3,1768888800000,1405973.89021,15865,2026-01-20 05:00:00+00:00
1768888800000,0.8782,0.8788,0.8667,0.8701,1451163.7,1768892400000,1264096.03224,14762,2026-01-20 06:00:00+00:00
1768892400000,0.8701,0.8744,0.8532,0.8576,1441289.9,1768896000000,1245366.94802,13224,2026-01-20 07:00:00+00:00
1768896000000,0.858,0.86,0.8436,0.85,1169533.5,1768899600000,994849.59888,11883,2026-01-20 08:00:00+00:00
1768899600000,0.8499,0.8525,0.8423,0.8433,686984.1,1768903200000,582474.9513,7875,2026-01-20 09:00:00+00:00
1768903200000,0.8433,0.8449,0.833,0.8353,974223.1,1768906800000,817200.89948,7792,2026-01-20 10:00:00+00:00
1768906800000,0.8352,0.8427,0.8344,0.8363,715956.5,1768910400000,600885.93191,6174,2026-01-20 11:00:00+00:00
1768910400000,0.8364,0.8396,0.8335,0.8364,340166.7,1768914000000,284635.46824,4968,2026-01-20 12:00:00+00:00
1768914000000,0.8364,0.8364,0.8208,0.8225,2040543.9,1768917600000,1685273.55613,12175,2026-01-20 13:00:00+00:00
1768917600000,0.8226,0.8642,0.8225,0.8485,2028975.6,1768921200000,1715458.51698,21034,2026-01-20 14:00:00+00:00
1768921200000,0.8484,0.8525,0.8347,0.8408,1197454.2,1768924800000,1008960.42781,15891,2026-01-20 15:00:00+00:00
1768924800000,0.841,0.8435,0.8203,0.823,620981.8,1768928400000,516772.97021,8492,2026-01-20 16:00:00+00:00
1768928400000,0.8229,0.8335,0.806,0.8139,1340828.8,1768932000000,1097511.9744,11714,2026-01-20 17:00:00+00:00
1768932000000,0.8139,0.8181,0.8042,0.8072,1396813.0,1768935600000,1131181.59737,10356,2026-01-20 18:00:00+00:00
1768935600000,0.8073,0.8151,0.8027,0.8075,728931.5,1768939200000,589637.92271,7712,2026-01-20 19:00:00+00:00
1768939200000,0.8074,0.8183,0.8042,0.8169,935510.8,1768942800000,761598.65893,7972,2026-01-20 20:00:00+00:00
1768942800000,0.817,0.817,0.8031,0.8045,645498.7,1768946400000,523991.02254,4439,2026-01-20 21:00:00+00:00
1768946400000,0.8046,0.8097,0.7878,0.8011,1768046.6,1768950000000,1412734.50323,9929,2026-01-20 22:00:00+00:00
1768950000000,0.8012,0.8062,0.7931,0.7998,1875730.3,1768953600000,1498637.7538,11328,2026-01-20 23:00:00+00:00
1768953600000,0.7999,0.8268,0.7991,0.8236,1002168.9,1768957200000,816349.77012,11218,2026-01-21 00:00:00+00:00
1768957200000,0.8236,0.8291,0.8161,0.8184,779990.1,1768960800000,642200.48963,8660,2026-01-21 01:00:00+00:00
1768960800000,0.8185,0.8273,0.8144,0.8194,686485.2,1768964400000,563858.307,8194,2026-01-21 02:00:00+00:00
1768964400000,0.8195,0.8328,0.8194,0.8276,953738.8,1768968000000,788065.42169,6457,2026-01-21 03:00:00+00:00
1768968000000,0.8275,0.8309,0.8255,0.8294,464993.8,1768971600000,385021.91412,4720,2026-01-21 04:00:00+00:00
1768971600000,0.8293,0.8372,0.8283,0.8362,991490.3,1768975200000,825754.41248,8504,2026-01-21 05:00:00+00:00
1768975200000,0.8361,0.8386,0.8303,0.8314,810724.1,1768978800000,677222.08951,7387,2026-01-21 06:00:00+00:00
1768978800000,0.8313,0.8361,0.8233,0.8261,522083.7,1768982400000,432964.79142,5113,2026-01-21 07:00:00+00:00
1768982400000,0.826,0.826,0.8157,0.822,571673.1,1768986000000,469722.1854,5170,2026-01-21 08:00:00+00:00
1768986000000,0.8219,0.8237,0.8182,0.8189,567455.8,1768989600000,466012.33664,5176,2026-01-21 09:00:00+00:00
1768989600000,0.819,0.8258,0.8175,0.8177,457220.2,1768993200000,376214.32635,4398,2026-01-21 10:00:00+00:00
1768993200000,0.8175,0.818,0.8018,0.8031,980712.9,1768996800000,797177.22425,8062,2026-01-21 11:00:00+00:00
1768996800000,0.8031,0.8074,0.7918,0.8064,987370.6,1769000400000,787978.67897,9802,2026-01-21 12:00:00+00:00
1769000400000,0.8063,0.812,0.798,0.799,758491.8,1769004000000,611738.95533,8203,2026-01-21 13:00:00+00:00
1769004000000,0.7989,0.8548,0.7981,0.8476,3080000.0,1769007600000,2566805.10468,36069,2026-01-21 14:00:00+00:00
1769007600000,0.8475,0.8646,0.8373,0.8467,1819020.8,1769011200000,1547740.10753,18619,2026-01-21 15:00:00+00:00
1769011200000,0.8468,0.849,0.8079,0.8097,1636508.9,1769014800000,1350390.84377,17147,2026-01-21 16:00:00+00:00
1769014800000,0.8097,0.8177,0.7871,0.7989,2247727.6,1769018400000,1800347.37663,21728,2026-01-21 17:00:00+00:00
1769018400000,0.7988,0.8137,0.7976,0.8088,1120996.6,1769022000000,900141.90643,12367,2026-01-21 18:00:00+00:00
1769022000000,0.8089,0.8692,0.8052,0.8578,2920828.7,1769025600000,2450500.93868,30740,2026-01-21 19:00:00+00:00
1769025600000,0.8579,0.8589,0.838,0.8566,996053.5,1769029200000,845190.17409,11604,2026-01-21 20:00:00+00:00
1769029200000,0.8567,0.8658,0.8506,0.8586,1037298.5,1769032800000,889344.27801,9002,2026-01-21 21:00:00+00:00
1769032800000,0.8589,0.8658,0.8498,0.8503,987709.5,1769036400000,845867.9608,7536,2026-01-21 22:00:00+00:00
1769036400000,0.8502,0.856,0.8359,0.8398,1569572.4,1769040000000,1331890.94139,11733,2026-01-21 23:00:00+00:00
1769040000000,0.8398,0.8583,0.8389,0.8532,1141856.5,1769043600000,969512.05246,10076,2026-01-22 00:00:00+00:00
1769043600000,0.8533,0.864,0.8507,0.8618,1385919.2,1769047200000,1189083.61953,14100,2026-01-22 01:00:00+00:00
1769047200000,0.8617,0.8752,0.859,0.8596,1562968.9,1769050800000,1358353.77311,14247,2026-01-22 02:00:00+00:00
1769050800000,0.8596,0.8635,0.8438,0.8529,1085277.3,1769054400000,925265.50002,10252,2026-01-22 03:00:00+00:00
1769054400000,0.8529,0.8619,0.8526,0.8596,625093.8,1769058000000,535615.70089,6595,2026-01-22 04:00:00+00:00
1769058000000,0.8597,0.8608,0.8487,0.8523,717797.4,1769061600000,613357.61372,5823,2026-01-22 05:00:00+00:00
1769061600000,0.8524,0.8579,0.8425,0.8564,1221337.9,1769065200000,1038661.67687,9531,2026-01-22 06:00:00+00:00
1769065200000,0.8565,0.8574,0.843,0.8438,649684.2,1769068800000,551482.85262,5947,2026-01-22 07:00:00+00:00
1769068800000,0.8439,0.851,0.8342,0.8485,990218.8,1769072400000,832712.91896,8898,2026-01-22 08:00:00+00:00
1769072400000,0.8484,0.8567,0.8476,0.8529,817959.7,1769076000000,697649.68167,7688,2026-01-22 09:00:00+00:00
1769076000000,0.853,0.8565,0.8444,0.848,1074307.7,1769079600000,913293.77636,9268,2026-01-22 10:00:00+00:00
1769079600000,0.8479,0.849,0.84,0.8425,540635.3,1769083200000,455892.15258,5599,2026-01-22 11:00:00+00:00
1769083200000,0.8424,0.8442,0.8335,0.8387,605207.3,1769086800000,508197.13397,5706,2026-01-22 12:00:00+00:00
1769086800000,0.8388,0.8524,0.8294,0.833,1313577.9,1769090400000,1102624.49996,12688,2026-01-22 13:00:00+00:00
1769090400000,0.833,0.8343,0.8166,0.8218,1166424.9,1769094000000,963135.81709,13856,2026-01-22 14:00:00+00:00
1769094000000,0.8218,0.8268,0.8086,0.8168,965977.0,1769097600000,790351.52995,13507,2026-01-22 15:00:00+00:00
1769097600000,0.817,0.8356,0.8163,0.832,986307.2,1769101200000,814078.13542,12287,2026-01-22 16:00:00+00:00
1769101200000,0.8319,0.8332,0.8203,0.8328,726749.8,1769104800000,601746.46331,8146,2026-01-22 17:00:00+00:00
1769104800000,0.8327,0.8364,0.825,0.8269,331552.6,1769108400000,275747.53957,5307,2026-01-22 18:00:00+00:00
1769108400000,0.827,0.8413,0.823,0.8369,498011.3,1769112000000,414543.84533,5906,2026-01-22 19:00:00+00:00
1769112000000,0.8368,0.8386,0.8248,0.8296,572383.0,1769115600000,474905.73611,5817,2026-01-22 20:00:00+00:00
1769115600000,0.8297,0.8383,0.8297,0.8346,195468.4,1769119200000,163150.79934,3625,2026-01-22 21:00:00+00:00
1769119200000,0.8345,0.8461,0.8314,0.839,478708.6,1769122800000,401727.55903,4077,2026-01-22 22:00:00+00:00
1769122800000,0.8389,0.8401,0.8321,0.8393,356016.0,1769126400000,297813.86257,4517,2026-01-22 23:00:00+00:00
1769126400000,0.8394,0.8452,0.8361,0.8398,242859.1,1769130000000,204090.90512,4381,2026-01-23 00:00:00+00:00
1769130000000,0.8399,0.8519,0.8399,0.8514,307600.8,1769133600000,260927.19956,4333,2026-01-23 01:00:00+00:00
1769133600000,0.8515,0.8615,0.8503,0.8504,516433.2,1769137200000,441884.14023,5506,2026-01-23 02:00:00+00:00
1769137200000,0.8503,0.8675,0.8502,0.8645,546860.1,1769140800000,470474.15908,5828,2026-01-23 03:00:00+00:00
1769140800000,0.8647,0.8789,0.8617,0.876,548475.5,1769144400000,478543.34218,8165,2026-01-23 04:00:00+00:00
1769144400000,0.8759,0.882,0.8687,0.8737,644050.2,1769148000000,563851.4287,8608,2026-01-23 05:00:00+00:00
1769148000000,0.8736,0.8821,0.8622,0.8669,725591.4,1769151600000,633157.07632,9600,2026-01-23 06:00:00+00:00
1769151600000,0.8669,0.8742,0.8664,0.8718,228405.1,1769155200000,198614.26024,5151,2026-01-23 07:00:00+00:00
1769155200000,0.8717,0.8778,0.8635,0.8675,483573.9,1769158800000,420893.89843,8082,2026-01-23 08:00:00+00:00
1769158800000,0.8674,0.874,0.8611,0.87,565308.7,1769162400000,490656.56907,7834,2026-01-23 09:00:00+00:00
1769162400000,0.87,0.8701,0.854,0.8576,546646.7,1769166000000,470440.61218,6230,2026-01-23 10:00:00+00:00
1769166000000,0.8575,0.8627,0.8552,0.8562,314648.3,1769169600000,270303.10768,5403,2026-01-23 11:00:00+00:00
1769169600000,0.8563,0.8563,0.8494,0.8523,402660.8,1769173200000,343308.71911,4107,2026-01-23 12:00:00+00:00
1769173200000,0.8523,0.8603,0.8504,0.8566,402027.5,1769176800000,344094.71088,4586,2026-01-23 13:00:00+00:00
1769176800000,0.8565,0.8591,0.8337,0.8399,845925.1,1769180400000,716068.12252,14897,2026-01-23 14:00:00+00:00
1769180400000,0.84,0.8631,0.8346,0.8627,800491.6,1769184000000,679521.11576,13145,2026-01-23 15:00:00+00:00
1769184000000,0.8627,0.8696,0.8459,0.8583,820452.4,1769187600000,705980.72739,13210,2026-01-23 16:00:00+00:00
1769187600000,0.8584,0.8765,0.847,0.8594,1027575.8,1769191200000,886950.50319,15281,2026-01-23 17:00:00+00:00
1769191200000,0.8593,0.8667,0.8548,0.8575,587278.1,1769194800000,505291.02499,8956,2026-01-23 18:00:00+00:00
1769194800000,0.8574,0.8574,0.8372,0.8417,777707.3,1769198400000,657801.86481,10716,2026-01-23 19:00:00+00:00
1769198400000,0.8418,0.8424,0.8241,0.8291,712743.9,1769202000000,593469.76683,9029,2026-01-23 20:00:00+00:00
1769202000000,0.829,0.8379,0.8281,0.8319,178451.9,1769205600000,148815.04171,3203,2026-01-23 21:00:00+00:00
1769205600000,0.8318,0.8364,0.8312,0.8349,204402.2,1769209200000,170500.08524,2367,2026-01-23 22:00:00+00:00
1769209200000,0.8349,0.8349,0.8272,0.8298,215841.3,1769212800000,179251.94855,3088,2026-01-23 23:00:00+00:00
1769212800000,0.8297,0.8342,0.8195,0.8207,310139.4,1769216400000,255799.36993,4577,2026-01-24 00:00:00+00:00
1769216400000,0.8207,0.8264,0.8207,0.8244,150692.5,1769220000000,124143.32738,2364,2026-01-24 01:00:00+00:00
1769220000000,0.8244,0.8291,0.8236,0.8284,66368.5,1769223600000,54860.45752,1772,2026-01-24 02:00:00+00:00
1769223600000,0.8283,0.8396,0.8271,0.8374,255649.8,1769227200000,213472.09515,3500,2026-01-24 03:00:00+00:00
1769227200000,0.8373,0.838,0.8262,0.8285,198489.8,1769230800000,164885.94246,2943,2026-01-24 04:00:00+00:00
1769230800000,0.8286,0.8289,0.8194,0.8235,377824.3,1769234400000,310678.34792,3585,2026-01-24 05:00:00+00:00
1769234400000,0.8237,0.8282,0.822,0.8257,148517.0,1769238000000,122597.99237,2137,2026-01-24 06:00:00+00:00
1769238000000,0.8258,0.832,0.8239,0.827,172083.9,1769241600000,142453.16382,2825,2026-01-24 07:00:00+00:00
1769241600000,0.8269,0.8312,0.825,0.8311,149075.7,1769245200000,123293.56016,2046,2026-01-24 08:00:00+00:00
1769245200000,0.8311,0.8314,0.8221,0.8235,142182.3,1769248800000,117283.3755,2417,2026-01-24 09:00:00+00:00
1769248800000,0.8236,0.8268,0.8215,0.8256,114625.6,1769252400000,94535.59879,1710,2026-01-24 10:00:00+00:00
1769252400000,0.8255,0.8284,0.8248,0.825,64741.0,1769256000000,53495.70781,1408,2026-01-24 11:00:00+00:00
1769256000000,0.825,0.8316,0.8235,0.8298,128244.4,1769259600000,106207.81029,2279,2026-01-24 12:00:00+00:00
1769259600000,0.8299,0.831,0.8226,0.823,129779.7,1769263200000,107251.8645,1809,2026-01-24 13:00:00+00:00
1769263200000,0.823,0.8258,0.8201,0.8244,179858.5,1769266800000,148166.93681,2612,2026-01-24 14:00:00+00:00
1769266800000,0.8245,0.8265,0.8146,0.8166,296041.9,1769270400000,242711.80141,3067,2026-01-24 15:00:00+00:00
1769270400000,0.8167,0.8221,0.815,0.8202,164415.2,1769274000000,134486.90574,2341,2026-01-24 16:00:00+00:00
1769274000000,0.8206,0.826,0.8199,0.8257,90317.1,1769277600000,74342.20495,1571,2026-01-24 17:00:00+00:00
1769277600000,0.8259,0.8297,0.825,0.8262,64913.8,1769281200000,53709.6728,1268,2026-01-24 18:00:00+00:00
1769281200000,0.8261,0.8267,0.8223,0.8228,93772.8,1769284800000,77308.32147,1093,2026-01-24 19:00:00+00:00
1769284800000,0.8229,0.8273,0.8196,0.8207,110419.0,1769288400000,90969.75241,1350,2026-01-24 20:00:00+00:00
1769288400000,0.8207,0.8218,0.8179,0.8204,67898.6,1769292000000,55648.77233,1155,2026-01-24 21:00:00+00:00
1769292000000,0.8204,0.8316,0.8201,0.8311,193305.8,1769295600000,159798.07898,1761,2026-01-24 22:00:00+00:00
1769295600000,0.8312,0.8326,0.8229,0.8231,199363.9,1769299200000,165253.28188,2713,2026-01-24 23:00:00+00:00
1769299200000,0.8231,0.8246,0.8127,0.8196,330875.0,1769302800000,270812.17501,4041,2026-01-25 00:00:00+00:00
1769302800000,0.8197,0.8223,0.8111,0.8124,203644.9,1769306400000,165773.6193,2665,2026-01-25 01:00:00+00:00
1769306400000,0.8124,0.8174,0.8089,0.8132,203319.1,1769310000000,165298.56902,2922,2026-01-25 02:00:00+00:00
1769310000000,0.8133,0.8151,0.8067,0.8092,265903.4,1769313600000,215452.77273,3286,2026-01-25 03:00:00+00:00
1769313600000,0.8092,0.8137,0.8063,0.8081,74793.7,1769317200000,60562.8202,1515,2026-01-25 04:00:00+00:00
1769317200000,0.808,0.8123,0.8072,0.8119,88706.2,1769320800000,71781.58743,1554,2026-01-25 05:00:00+00:00
1769320800000,0.8118,0.8118,0.8068,0.8078,148069.3,1769324400000,119851.89949,2143,2026-01-25 06:00:00+00:00
1769324400000,0.8077,0.8077,0.8018,0.8035,207357.4,1769328000000,166638.67386,2293,2026-01-25 07:00:00+00:00
1769328000000,0.8036,0.8043,0.7982,0.8004,276286.4,1769331600000,221407.1688,3202,2026-01-25 08:00:00+00:00
1769331600000,0.8003,0.8145,0.7992,0.8073,230808.4,1769335200000,186083.57044,3188,2026-01-25 09:00:00+00:00
1769335200000,0.8074,0.8194,0.8062,0.8124,163727.3,1769338800000,133324.8172,2914,2026-01-25 10:00:00+00:00
1769338800000,0.8123,0.8154,0.8086,0.8109,88798.6,1769342400000,72107.0254,1759,2026-01-25 11:00:00+00:00
1769342400000,0.8108,0.8108,0.8038,0.8072,182556.3,1769346000000,147206.29171,2744,2026-01-25 12:00:00+00:00
1769346000000,0.8071,0.8078,0.8013,0.8055,126042.1,1769349600000,101463.63449,2225,2026-01-25 13:00:00+00:00
1769349600000,0.8055,0.8063,0.795,0.7998,288166.5,1769353200000,230394.59508,4140,2026-01-25 14:00:00+00:00
1769353200000,0.7996,0.802,0.7917,0.7943,244456.1,1769356800000,194721.60871,3472,2026-01-25 15:00:00+00:00
1769356800000,0.7942,0.7942,0.7728,0.7794,1979814.3,1769360400000,1546837.75521,19076,2026-01-25 16:00:00+00:00
1769360400000,0.7793,0.7819,0.7698,0.7714,446356.3,1769364000000,345921.18336,6885,2026-01-25 17:00:00+00:00
1769364000000,0.7712,0.7741,0.7627,0.7705,1172312.1,1769367600000,901835.76186,15232,2026-01-25 18:00:00+00:00
1769367600000,0.7705,0.7735,0.748,0.7519,1411618.2,1769371200000,1069483.67657,15170,2026-01-25 19:00:00+00:00
1769371200000,0.752,0.7587,0.7479,0.7569,542855.8,1769374800000,408855.2373,7551,2026-01-25 20:00:00+00:00
1769374800000,0.7568,0.7683,0.7566,0.7635,397189.4,1769378400000,303360.87402,5952,2026-01-25 21:00:00+00:00
1769378400000,0.7636,0.7643,0.7526,0.7577,376225.6,1769382000000,284899.06991,3745,2026-01-25 22:00:00+00:00
1769382000000,0.7578,0.7682,0.7529,0.7667,347511.4,1769385600000,265360.5348,5836,2026-01-25 23:00:00+00:00
1769385600000,0.7667,0.773,0.7629,0.7721,350108.4,1769389200000,268786.99496,4673,2026-01-26 00:00:00+00:00
1769389200000,0.7721,0.7998,0.7721,0.7961,865589.6,1769392800000,684389.31042,9737,2026-01-26 01:00:00+00:00
1769392800000,0.7962,0.7983,0.7885,0.795,491894.4,1769396400000,389923.59442,5906,2026-01-26 02:00:00+00:00
1769396400000,0.7951,0.7994,0.7837,0.7881,940530.1,1769400000000,743411.58651,6938,2026-01-26 03:00:00+00:00
1769400000000,0.7881,0.7993,0.7858,0.7946,649703.8,1769403600000,515411.73676,5564,2026-01-26 04:00:00+00:00
1769403600000,0.7946,0.7959,0.7902,0.7936,186501.4,1769407200000,147792.24271,4212,2026-01-26 05:00:00+00:00
1769407200000,0.7937,0.7941,0.789,0.7914,184881.0,1769410800000,146332.23972,3797,2026-01-26 06:00:00+00:00
1769410800000,0.7913,0.7967,0.7887,0.7953,356996.6,1769414400000,282773.02894,5053,2026-01-26 07:00:00+00:00
1769414400000,0.7952,0.8056,0.792,0.7976,355481.3,1769418000000,284043.73172,5621,2026-01-26 08:00:00+00:00
1769418000000,0.7977,0.7982,0.7885,0.7914,295991.8,1769421600000,234239.74871,3678,2026-01-26 09:00:00+00:00
1769421600000,0.7915,0.7983,0.7915,0.7941,210030.8,1769425200000,167029.70827,3615,2026-01-26 10:00:00+00:00
1769425200000,0.7942,0.795,0.7912,0.7925,149624.9,1769428800000,118674.7285,2271,2026-01-26 11:00:00+00:00
1769428800000,0.7926,0.7967,0.79,0.794,245563.5,1769432400000,194887.88561,2963,2026-01-26 12:00:00+00:00
1769432400000,0.7941,0.8141,0.7935,0.8126,1223499.5,1769436000000,988560.15633,10785,2026-01-26 13:00:00+00:00
1769436000000,0.8127,0.83,0.7975,0.8244,1900903.3,1769439600000,1550025.92395,22988,2026-01-26 14:00:00+00:00
1769439600000,0.8244,0.8418,0.8054,0.8123,2517912.6,1769443200000,2075209.94797,26371,2026-01-26 15:00:00+00:00
1769443200000,0.8124,0.8171,0.8034,0.8063,492420.6,1769446800000,398944.66985,10556,2026-01-26 16:00:00+00:00
1769446800000,0.8064,0.813,0.7989,0.8098,538529.2,1769450400000,433507.74359,9171,2026-01-26 17:00:00+00:00
1769450400000,0.8098,0.8241,0.807,0.82,731757.3,1769454000000,597671.15764,10472,2026-01-26 18:00:00+00:00
1769454000000,0.82,0.822,0.8116,0.8131,286617.9,1769457600000,233687.25942,5221,2026-01-26 19:00:00+00:00
1769457600000,0.813,0.8151,0.8056,0.8077,322430.2,1769461200000,260878.52885,4671,2026-01-26 20:00:00+00:00
1769461200000,0.8077,0.8179,0.8034,0.8098,368638.2,1769464800000,298824.04132,5662,2026-01-26 21:00:00+00:00
1769464800000,0.8099,0.8127,0.8041,0.8066,180362.3,1769468400000,145856.09151,2434,2026-01-26 22:00:00+00:00
1769468400000,0.8063,0.8091,0.8013,0.8027,370316.5,1769472000000,297910.61643,3506,2026-01-26 23:00:00+00:00
1769472000000,0.8026,0.8073,0.7996,0.8023,185008.8,1769475600000,148375.19603,3456,2026-01-27 00:00:00+00:00
1769475600000,0.8022,0.8063,0.7979,0.8015,233529.7,1769479200000,187031.16624,4168,2026-01-27 01:00:00+00:00
1769479200000,0.8016,0.8084,0.7992,0.8039,252021.8,1769482800000,202438.81338,4360,2026-01-27 02:00:00+00:00
1769482800000,0.8038,0.8067,0.8022,0.8031,156924.9,1769486400000,126233.4568,2930,2026-01-27 03:00:00+00:00
1769486400000,0.803,0.8148,0.802,0.8073,436323.0,1769490000000,353281.96374,4402,2026-01-27 04:00:00+00:00
1769490000000,0.8074,0.8085,0.8009,0.8013,128396.2,1769493600000,103161.10832,2483,2026-01-27 05:00:00+00:00
1769493600000,0.8013,0.8033,0.7941,0.7964,214680.7,1769497200000,171261.92053,3067,2026-01-27 06:00:00+00:00
1769497200000,0.7965,0.8053,0.7961,0.801,235837.0,1769500800000,188826.21657,3115,2026-01-27 07:00:00+00:00
1769500800000,0.8009,0.8053,0.796,0.7992,93377.1,1769504400000,74592.45909,2193,2026-01-27 08:00:00+00:00
1769504400000,0.7992,0.7992,0.7927,0.7933,136596.9,1769508000000,108628.5735,2572,2026-01-27 09:00:00+00:00
1769508000000,0.7934,0.7953,0.7912,0.7933,113014.3,1769511600000,89671.84801,2135,2026-01-27 10:00:00+00:00
1769511600000,0.7933,0.7959,0.79,0.7944,150946.3,1769515200000,119692.54235,2349,2026-01-27 11:00:00+00:00
1769515200000,0.7943,0.7967,0.79,0.7956,134962.7,1769518800000,107189.35081,2481,2026-01-27 12:00:00+00:00
1769518800000,0.7957,0.8006,0.786,0.7895,384286.6,1769522400000,304213.10513,4742,2026-01-27 13:00:00+00:00
1769522400000,0.7894,0.8009,0.7875,0.7895,456484.4,1769526000000,361907.07229,6835,2026-01-27 14:00:00+00:00
1769526000000,0.7896,0.807,0.7875,0.8049,452994.2,1769529600000,360618.00948,7214,2026-01-27 15:00:00+00:00
1769529600000,0.8049,0.8269,0.8046,0.8221,1472582.3,1769533200000,1204057.37379,18079,2026-01-27 16:00:00+00:00
1769533200000,0.8221,0.8235,0.7936,0.7964,798370.7,1769536800000,641150.41193,13547,2026-01-27 17:00:00+00:00
1769536800000,0.7964,0.8205,0.7949,0.8155,516365.5,1769540400000,415754.6709,9168,2026-01-27 18:00:00+00:00
1769540400000,0.8155,0.823,0.8098,0.8171,469020.7,1769544000000,383309.70663,6799,2026-01-27 19:00:00+00:00
1769544000000,0.817,0.8326,0.8167,0.83,669992.8,1769547600000,553329.36716,12428,2026-01-27 20:00:00+00:00
1769547600000,0.8299,0.8311,0.8235,0.825,342447.9,1769551200000,283361.01356,7542,2026-01-27 21:00:00+00:00
1769551200000,0.825,0.8311,0.824,0.827,246982.8,1769554800000,204324.79212,3629,2026-01-27 22:00:00+00:00
1769554800000,0.8271,0.834,0.8223,0.8296,338542.8,1769558400000,280511.85703,4642,2026-01-27 23:00:00+00:00
1769558400000,0.8295,0.8316,0.8169,0.8312,428820.1,1769562000000,353360.50184,5944,2026-01-28 00:00:00+00:00
1769562000000,0.8313,0.8314,0.8204,0.8252,368625.1,1769565600000,304263.5399,4862,2026-01-28 01:00:00+00:00
1769565600000,0.8251,0.8282,0.8202,0.8229,394380.9,1769569200000,324777.93476,6182,2026-01-28 02:00:00+00:00
1769569200000,0.8228,0.8258,0.818,0.8196,323810.3,1769572800000,266107.33876,4934,2026-01-28 03:00:00+00:00
1769572800000,0.8195,0.8199,0.8085,0.8125,296866.7,1769576400000,241373.496,4115,2026-01-28 04:00:00+00:00
1769576400000,0.8126,0.819,0.8095,0.8152,325077.0,1769580000000,264638.50355,4276,2026-01-28 05:00:00+00:00
1769580000000,0.8153,0.8267,0.8153,0.8253,502876.4,1769583600000,413182.34674,6378,2026-01-28 06:00:00+00:00
1769583600000,0.8254,0.8294,0.8125,0.8269,614078.2,1769587200000,504138.07107,7246,2026-01-28 07:00:00+00:00
1769587200000,0.8269,0.8477,0.825,0.8314,1765834.6,1769590800000,1477346.24376,15233,2026-01-28 08:00:00+00:00
1769590800000,0.8314,0.8449,0.8219,0.8427,1002204.1,1769594400000,837975.80832,9975,2026-01-28 09:00:00+00:00
1769594400000,0.8427,0.8438,0.8339,0.8365,486463.4,1769598000000,407365.40795,6541,2026-01-28 10:00:00+00:00
1769598000000,0.8365,0.8528,0.8365,0.8521,522360.9,1769601600000,441090.18213,8902,2026-01-28 11:00:00+00:00
1769601600000,0.852,0.8552,0.8374,0.8436,819023.9,1769605200000,692619.09868,9732,2026-01-28 12:00:00+00:00
1769605200000,0.8437,0.8685,0.8429,0.8564,1143459.1,1769608800000,981838.72581,14262,2026-01-28 13:00:00+00:00
1769608800000,0.8563,0.8564,0.8383,0.8408,820681.3,1769612400000,693293.48365,14964,2026-01-28 14:00:00+00:00
1769612400000,0.8408,0.8484,0.8337,0.8375,977307.5,1769616000000,819764.4183,12541,2026-01-28 15:00:00+00:00
1769616000000,0.8376,0.8389,0.8251,0.8268,776267.7,1769619600000,645315.83486,10983,2026-01-28 16:00:00+00:00
1769619600000,0.8269,0.8532,0.8244,0.8455,969597.9,1769623200000,813931.11819,11905,2026-01-28 17:00:00+00:00
1769623200000,0.8456,0.8456,0.8347,0.8395,569524.6,1769626800000,477783.16538,8167,2026-01-28 18:00:00+00:00
1769626800000,0.8394,0.8467,0.8315,0.8417,638736.2,1769630400000,536276.12702,13124,2026-01-28 19:00:00+00:00
1769630400000,0.8417,0.8552,0.8364,0.8376,649855.4,1769634000000,549037.78597,9523,2026-01-28 20:00:00+00:00
1769634000000,0.8377,0.8476,0.83,0.8427,461537.6,1769637600000,387665.85733,9339,2026-01-28 21:00:00+00:00
1769637600000,0.8428,0.8953,0.8376,0.894,1263221.4,1769641200000,1097177.98453,11821,2026-01-28 22:00:00+00:00
1769641200000,0.8943,0.8968,0.8541,0.8568,2378973.8,1769644800000,2084594.65091,25137,2026-01-28 23:00:00+00:00
1769644800000,0.8569,0.8587,0.8359,0.8476,1399599.5,1769648400000,1180172.37657,21215,2026-01-29 00:00:00+00:00
1769648400000,0.8475,0.8518,0.8345,0.8366,633358.8,1769652000000,535083.54308,10494,2026-01-29 01:00:00+00:00
1769652000000,0.8367,0.8398,0.81,0.8173,1583221.5,1769655600000,1304024.90786,17983,2026-01-29 02:00:00+00:00
1769655600000,0.8173,0.8258,0.8144,0.8185,550871.7,1769659200000,451788.34348,8641,2026-01-29 03:00:00+00:00
1769659200000,0.8185,0.8186,0.7966,0.808,1466085.8,1769662800000,1181075.988,14511,2026-01-29 04:00:00+00:00
1769662800000,0.8079,0.8111,0.7989,0.8021,473866.4,1769666400000,381687.91457,5436,2026-01-29 05:00:00+00:00
1769666400000,0.8021,0.8151,0.8012,0.8128,649599.3,1769670000000,526350.46838,5524,2026-01-29 06:00:00+00:00
1769670000000,0.8128,0.8172,0.8106,0.8121,317342.8,1769673600000,258300.55734,3905,2026-01-29 07:00:00+00:00
1769673600000,0.812,0.812,0.7998,0.8023,715271.7,1769677200000,575169.21618,7706,2026-01-29 08:00:00+00:00
1769677200000,0.8022,0.804,0.797,0.7977,401378.3,1769680800000,320956.84953,4145,2026-01-29 09:00:00+00:00
1769680800000,0.7977,0.8009,0.7952,0.799,258995.5,1769684400000,206584.94581,3417,2026-01-29 10:00:00+00:00
1769684400000,0.7989,0.7991,0.7872,0.79,938550.0,1769688000000,742672.91298,6848,2026-01-29 11:00:00+00:00
1769688000000,0.7899,0.7945,0.7845,0.7915,319638.1,1769691600000,252766.29182,3815,2026-01-29 12:00:00+00:00
1769691600000,0.7914,0.8027,0.7911,0.8023,410739.5,1769695200000,327682.33212,4194,2026-01-29 13:00:00+00:00
1769695200000,0.8023,0.8064,0.7743,0.7766,1395627.1,1769698800000,1106434.66328,14579,2026-01-29 14:00:00+00:00
1769698800000,0.7767,0.7782,0.7515,0.7675,3743591.1,1769702400000,2857643.05877,39290,2026-01-29 15:00:00+00:00
1769702400000,0.7674,0.7817,0.7576,0.7798,2201178.8,1769706000000,1694577.54129,16657,2026-01-29 16:00:00+00:00
1769706000000,0.7799,0.8203,0.7789,0.7946,2615925.0,1769709600000,2094639.23731,22912,2026-01-29 17:00:00+00:00
1769709600000,0.7946,0.7976,0.7641,0.767,2539493.4,1769713200000,1982627.74785,19292,2026-01-29 18:00:00+00:00
1769713200000,0.767,0.7742,0.7557,0.7683,1149606.3,1769716800000,880551.48665,11878,2026-01-29 19:00:00+00:00
1769716800000,0.7684,0.7753,0.7634,0.7734,874087.5,1769720400000,671256.83718,6819,2026-01-29 20:00:00+00:00
1769720400000,0.7735,0.7825,0.7734,0.7762,961424.3,1769724000000,747920.25356,7979,2026-01-29 21:00:00+00:00
1769724000000,0.7763,0.7808,0.7647,0.7654,432245.5,1769727600000,333254.20493,3276,2026-01-29 22:00:00+00:00
1769727600000,0.7652,0.7692,0.7262,0.7417,7670101.9,1769731200000,5728985.70661,30410,2026-01-29 23:00:00+00:00
1769731200000,0.7418,0.7456,0.7305,0.7411,1236064.2,1769734800000,913988.20461,9986,2026-01-30 00:00:00+00:00
1769734800000,0.7412,0.7517,0.7106,0.7423,2368774.4,1769738400000,1740771.74756,25441,2026-01-30 01:00:00+00:00
1769738400000,0.7424,0.7426,0.7192,0.728,1856651.8,1769742000000,1353531.32498,16864,2026-01-30 02:00:00+00:00
1769742000000,0.7281,0.7313,0.7247,0.7288,699131.1,1769745600000,509291.61605,6810,2026-01-30 03:00:00+00:00
1769745600000,0.7288,0.7503,0.7283,0.746,1035123.6,1769749200000,769665.19857,8862,2026-01-30 04:00:00+00:00
1769749200000,0.746,0.7461,0.7361,0.7407,496785.0,1769752800000,367510.04482,4897,2026-01-30 05:00:00+00:00
1769752800000,0.7407,0.7419,0.7203,0.7254,769342.0,1769756400000,560753.00777,8719,2026-01-30 06:00:00+00:00
1769756400000,0.7256,0.7418,0.7254,0.7312,571782.5,1769760000000,418950.77585,7187,2026-01-30 07:00:00+00:00
1769760000000,0.7313,0.733,0.7235,0.7298,391660.4,1769763600000,285198.64792,6041,2026-01-30 08:00:00+00:00
1769763600000,0.7298,0.7313,0.7216,0.7264,517194.5,1769767200000,375718.84156,6237,2026-01-30 09:00:00+00:00
1769767200000,0.7263,0.7344,0.7238,0.7339,365590.3,1769770800000,266621.80616,4644,2026-01-30 10:00:00+00:00
1769770800000,0.7337,0.7535,0.7329,0.7486,539392.7,1769774400000,400569.58699,6543,2026-01-30 11:00:00+00:00
1769774400000,0.7485,0.7529,0.7374,0.7416,819257.3,1769778000000,611143.12804,8758,2026-01-30 12:00:00+00:00
1769778000000,0.7416,0.7443,0.7332,0.7356,548178.6,1769781600000,405023.77722,8389,2026-01-30 13:00:00+00:00
1769781600000,0.7356,0.7476,0.7343,0.7403,1007932.6,1769785200000,746104.87271,12853,2026-01-30 14:00:00+00:00
1769785200000,0.7403,0.7488,0.7288,0.7379,795172.0,1769788800000,588298.4636,11438,2026-01-30 15:00:00+00:00
1769788800000,0.7378,0.7472,0.7304,0.7388,952728.4,1769792400000,704488.96883,10662,2026-01-30 16:00:00+00:00
1769792400000,0.739,0.7532,0.7327,0.7404,731533.2,1769796000000,543155.93112,9018,2026-01-30 17:00:00+00:00
1769796000000,0.7403,0.7634,0.7166,0.7592,2125174.9,1769799600000,1574912.99334,20727,2026-01-30 18:00:00+00:00
1769799600000,0.7593,0.7685,0.7555,0.7581,1124768.7,1769803200000,856717.14367,13022,2026-01-30 19:00:00+00:00
1769803200000,0.7582,0.7582,0.7385,0.7424,1388754.7,1769806800000,1036244.32997,14909,2026-01-30 20:00:00+00:00
1769806800000,0.7424,0.751,0.7398,0.743,572086.6,1769810400000,426097.91666,7012,2026-01-30 21:00:00+00:00
1769810400000,0.743,0.7447,0.7351,0.7411,329584.5,1769814000000,243764.42551,4054,2026-01-30 22:00:00+00:00
1769814000000,0.7409,0.7444,0.7353,0.7442,211507.2,1769817600000,156361.63205,3136,2026-01-30 23:00:00+00:00
1769817600000,0.744,0.7445,0.7367,0.737,333340.1,1769821200000,246845.2258,4436,2026-01-31 00:00:00+00:00
1769821200000,0.7371,0.7423,0.7361,0.7401,315008.1,1769824800000,232745.83657,4395,2026-01-31 01:00:00+00:00
1769824800000,0.7401,0.7401,0.7317,0.7328,302595.2,1769828400000,222249.35225,3983,2026-01-31 02:00:00+00:00
1769828400000,0.7329,0.7339,0.7267,0.7282,236837.4,1769832000000,172832.00557,2994,2026-01-31 03:00:00+00:00
1769832000000,0.7283,0.7326,0.7273,0.7283,173766.3,1769835600000,126826.98274,2760,2026-01-31 04:00:00+00:00
1769835600000,0.7283,0.7325,0.7252,0.729,266206.4,1769839200000,194359.3281,3111,2026-01-31 05:00:00+00:00
1769839200000,0.729,0.7294,0.7173,0.7208,547455.5,1769842800000,396169.0991,5483,2026-01-31 06:00:00+00:00
1769842800000,0.7207,0.721,0.7025,0.7037,1238274.6,1769846400000,881619.91099,8811,2026-01-31 07:00:00+00:00
1769846400000,0.7037,0.7123,0.7005,0.7102,1850658.8,1769850000000,1305693.02649,17678,2026-01-31 08:00:00+00:00
1769850000000,0.7101,0.7137,0.7046,0.7075,428268.9,1769853600000,303422.26659,5674,2026-01-31 09:00:00+00:00
1769853600000,0.7076,0.7138,0.7056,0.709,668373.0,1769857200000,474493.45005,4584,2026-01-31 10:00:00+00:00
1769857200000,0.7089,0.7089,0.7018,0.7032,263205.0,1769860800000,185513.33175,2777,2026-01-31 11:00:00+00:00
1769860800000,0.7032,0.7032,0.6942,0.6956,692874.5,1769864400000,483764.0502,5765,2026-01-31 12:00:00+00:00
1769864400000,0.6956,0.6959,0.6879,0.6895,740980.2,1769868000000,512081.92694,6350,2026-01-31 13:00:00+00:00
1769868000000,0.6894,0.6916,0.6486,0.665,4260910.7,1769871600000,2828418.30465,42935,2026-01-31 14:00:00+00:00
1769871600000,0.6651,0.6744,0.6571,0.6578,1074198.2,1769875200000,715439.09599,12877,2026-01-31 15:00:00+00:00
1769875200000,0.6579,0.6705,0.6487,0.6531,2129251.2,1769878800000,1401649.35735,23237,2026-01-31 16:00:00+00:00
1769878800000,0.653,0.6545,0.6073,0.6234,4640981.6,1769882400000,2922289.67897,39348,2026-01-31 17:00:00+00:00
1769882400000,0.6235,0.6279,0.5734,0.6142,6464055.9,1769886000000,3927547.79424,46159,2026-01-31 18:00:00+00:00
1769886000000,0.6144,0.6266,0.6082,0.6174,1698328.6,1769889600000,1046482.1406,19305,2026-01-31 19:00:00+00:00
1769889600000,0.6173,0.6282,0.6137,0.6257,752842.5,1769893200000,466635.06322,11160,2026-01-31 20:00:00+00:00
1769893200000,0.6256,0.6427,0.6222,0.638,763549.4,1769896800000,483198.80711,9715,2026-01-31 21:00:00+00:00
1769896800000,0.6381,0.6415,0.635,0.6376,402875.0,1769900400000,257093.51188,4299,2026-01-31 22:00:00+00:00
1769900400000,0.6375,0.6556,0.6371,0.6502,788618.3,1769904000000,510141.39127,10481,2026-01-31 23:00:00+00:00
1769904000000,0.65,0.6584,0.6482,0.6522,583043.5,1769907600000,380868.27811,6848,2026-02-01 00:00:00+00:00
1769907600000,0.6521,0.6532,0.6407,0.6468,431716.9,1769911200000,278564.22253,5748,2026-02-01 01:00:00+00:00
1769911200000,0.6469,0.651,0.6429,0.6492,392098.4,1769914800000,253666.41728,5490,2026-02-01 02:00:00+00:00
1769914800000,0.6494,0.6504,0.6434,0.6473,304826.8,1769918400000,197159.01647,3718,2026-02-01 03:00:00+00:00
1769918400000,0.6473,0.6495,0.6435,0.6435,247043.4,1769922000000,159609.26623,3509,2026-02-01 04:00:00+00:00
1769922000000,0.6436,0.6444,0.6349,0.6354,507549.1,1769925600000,324890.14632,4888,2026-02-01 05:00:00+00:00
1769925600000,0.6355,0.6382,0.6306,0.6317,407765.3,1769929200000,258505.83191,4666,2026-02-01 06:00:00+00:00
1769929200000,0.6318,0.6414,0.6274,0.6347,642423.9,1769932800000,406153.5467,6520,2026-02-01 07:00:00+00:00
1769932800000,0.6347,0.6357,0.6281,0.6293,660097.0,1769936400000,416584.19998,6322,2026-02-01 08:00:00+00:00
1769936400000,0.6292,0.6302,0.624,0.6291,360360.8,1769940000000,225932.29636,4020,2026-02-01 09:00:00+00:00
1769940000000,0.629,0.6318,0.6175,0.6183,912681.7,1769943600000,570702.85546,7990,2026-02-01 10:00:00+00:00
1769943600000,0.6184,0.6315,0.6184,0.6294,493420.5,1769947200000,308886.82054,6042,2026-02-01 11:00:00+00:00
1769947200000,0.6295,0.6314,0.6234,0.6245,441288.6,1769950800000,276564.61646,5212,2026-02-01 12:00:00+00:00
1769950800000,0.6244,0.6309,0.6132,0.6168,502101.9,1769954400000,312229.57735,6272,2026-02-01 13:00:00+00:00
1769954400000,0.6167,0.623,0.6068,0.6159,1425083.0,1769958000000,875394.14712,13842,2026-02-01 14:00:00+00:00
1769958000000,0.6157,0.6157,0.5922,0.6028,1874345.7,1769961600000,1125782.30843,16250,2026-02-01 15:00:00+00:00
1769961600000,0.6029,0.612,0.599,0.6041,835205.5,1769965200000,505796.14847,11250,2026-02-01 16:00:00+00:00
1769965200000,0.6042,0.6093,0.5993,0.6086,824638.7,1769968800000,497913.65684,8070,2026-02-01 17:00:00+00:00
1769968800000,0.609,0.629,0.609,0.6185,1216686.3,1769972400000,754532.51103,11442,2026-02-01 18:00:00+00:00
1769972400000,0.6184,0.6216,0.6104,0.6145,447311.6,1769976000000,275309.21719,4895,2026-02-01 19:00:00+00:00
1769976000000,0.6145,0.6223,0.6073,0.6117,571718.9,1769979600000,350953.08616,5876,2026-02-01 20:00:00+00:00
1769979600000,0.6116,0.614,0.6053,0.6097,474834.1,1769983200000,289475.34578,6424,2026-02-01 21:00:00+00:00
1769983200000,0.6098,0.6239,0.6088,0.6174,595694.1,1769986800000,366780.31903,4841,2026-02-01 22:00:00+00:00
1769986800000,0.6172,0.6233,0.5942,0.6111,1784944.8,1769990400000,1086566.70828,18404,2026-02-01 23:00:00+00:00
1769990400000,0.6112,0.638,0.6049,0.6284,1230276.1,1769994000000,771033.65105,13160,2026-02-02 00:00:00+00:00
1769994000000,0.6285,0.6354,0.6149,0.6315,711670.7,1769997600000,447240.76786,12175,2026-02-02 01:00:00+00:00
1769997600000,0.6314,0.6357,0.6256,0.6276,989551.6,1770001200000,623782.73465,10009,2026-02-02 02:00:00+00:00
1770001200000,0.6277,0.6384,0.6023,0.6384,2061068.7,1770004800000,1273095.311,26731,2026-02-02 03:00:00+00:00
1770004800000,0.6379,0.6399,0.6218,0.6247,796819.2,1770008400000,502516.93068,11186,2026-02-02 04:00:00+00:00
1770008400000,0.6248,0.6252,0.6082,0.6168,768443.1,1770012000000,472463.58289,11705,2026-02-02 05:00:00+00:00
1770012000000,0.6167,0.6336,0.6016,0.62,1605232.7,1770015600000,992085.91098,19090,2026-02-02 06:00:00+00:00
1770015600000,0.62,0.6266,0.6151,0.618,695998.0,1770019200000,431739.3315,10373,2026-02-02 07:00:00+00:00
1770019200000,0.6181,0.6256,0.6179,0.6216,395462.8,1770022800000,246082.86631,6404,2026-02-02 08:00:00+00:00
1770022800000,0.6217,0.6334,0.6172,0.6313,1102170.5,1770026400000,690792.31275,9154,2026-02-02 09:00:00+00:00
1770026400000,0.6311,0.6365,0.6286,0.6299,610886.1,1770030000000,386305.28441,6799,2026-02-02 10:00:00+00:00
1770030000000,0.63,0.6413,0.6299,0.6371,1054416.0,1770033600000,671727.96194,7178,2026-02-02 11:00:00+00:00
1770033600000,0.6373,0.6509,0.6361,0.6459,825589.1,1770037200000,529743.93055,8242,2026-02-02 12:00:00+00:00
1770037200000,0.6458,0.6461,0.6368,0.6413,542802.8,1770040800000,347962.84091,6058,2026-02-02 13:00:00+00:00
1770040800000,0.6413,0.6541,0.632,0.6407,1292074.6,1770044400000,830557.40683,15848,2026-02-02 14:00:00+00:00
1770044400000,0.6406,0.6534,0.6376,0.6493,1077141.1,1770048000000,695247.22318,13240,2026-02-02 15:00:00+00:00
1770048000000,0.6491,0.6587,0.6479,0.6498,1038347.1,1770051600000,677936.53612,8938,2026-02-02 16:00:00+00:00
1770051600000,0.6496,0.6568,0.6474,0.6498,529202.8,1770055200000,345024.732,4922,2026-02-02 17:00:00+00:00
1770055200000,0.6497,0.6551,0.6447,0.652,518125.2,1770058800000,336545.5533,4823,2026-02-02 18:00:00+00:00
1770058800000,0.6519,0.6519,0.6455,0.6466,281811.1,1770062400000,182672.7997,2956,2026-02-02 19:00:00+00:00
1770062400000,0.6466,0.6485,0.6392,0.641,386545.1,1770066000000,248627.77006,4704,2026-02-02 20:00:00+00:00
1770066000000,0.6411,0.6461,0.6397,0.6445,172974.4,1770069600000,111288.03375,2196,2026-02-02 21:00:00+00:00
1770069600000,0.6446,0.6494,0.6446,0.6474,189418.0,1770073200000,122547.52271,1474,2026-02-02 22:00:00+00:00
1770073200000,0.6475,0.648,0.6412,0.6421,357756.0,1770076800000,230725.73134,2803,2026-02-02 23:00:00+00:00
1770076800000,0.6422,0.6465,0.6351,0.645,640348.0,1770080400000,410773.45138,4913,2026-02-03 00:00:00+00:00
1770080400000,0.6449,0.6458,0.6391,0.6415,288256.0,1770084000000,185058.98886,3096,2026-02-03 01:00:00+00:00
1770084000000,0.6416,0.6417,0.6244,0.6261,772765.4,1770087600000,488059.63805,5187,2026-02-03 02:00:00+00:00
1770087600000,0.6261,0.6417,0.623,0.6403,767099.8,1770091200000,486051.08995,6757,2026-02-03 03:00:00+00:00
1770091200000,0.6404,0.6477,0.6372,0.6446,411587.5,1770094800000,264100.36951,4681,2026-02-03 04:00:00+00:00
1770094800000,0.6447,0.6453,0.6387,0.6393,210374.6,1770098400000,134970.47233,2988,2026-02-03 05:00:00+00:00
1770098400000,0.6394,0.6431,0.6325,0.6398,355221.4,1770102000000,226526.54303,3813,2026-02-03 06:00:00+00:00
1770102000000,0.6397,0.6459,0.637,0.6432,308224.2,1770105600000,197823.22988,4458,2026-02-03 07:00:00+00:00
1770105600000,0.6432,0.66,0.6398,0.6466,749225.4,1770109200000,487106.20236,7485,2026-02-03 08:00:00+00:00
1770109200000,0.6466,0.649,0.6338,0.6415,944136.5,1770112800000,604619.08844,9572,2026-02-03 09:00:00+00:00
1770112800000,0.6416,0.6443,0.6366,0.6382,306598.8,1770116400000,196686.5927,2955,2026-02-03 10:00:00+00:00
1770116400000,0.6384,0.6449,0.6361,0.6424,604402.8,1770120000000,386587.75448,4155,2026-02-03 11:00:00+00:00
1770120000000,0.6425,0.6544,0.6409,0.6528,512834.4,1770123600000,332772.5479,4610,2026-02-03 12:00:00+00:00
1770123600000,0.6528,0.6586,0.6516,0.6562,485991.2,1770127200000,318480.19834,5490,2026-02-03 13:00:00+00:00
1770127200000,0.6561,0.6583,0.637,0.6378,1018849.8,1770130800000,659967.80482,12197,2026-02-03 14:00:00+00:00
1770130800000,0.6377,0.6633,0.6357,0.6613,2400812.1,1770134400000,1564365.66107,23813,2026-02-03 15:00:00+00:00
1770134400000,0.6614,0.6615,0.6375,0.6401,1484234.3,1770138000000,958640.97108,14680,2026-02-03 16:00:00+00:00
1770138000000,0.6401,0.6424,0.6207,0.6213,1460826.5,1770141600000,921913.80447,13222,2026-02-03 17:00:00+00:00
1770141600000,0.6215,0.6264,0.6079,0.6114,2097886.5,1770145200000,1294378.91162,17763,2026-02-03 18:00:00+00:00
1770145200000,0.6115,0.6528,0.6109,0.6438,2223982.3,1770148800000,1418468.76717,19140,2026-02-03 19:00:00+00:00
1770148800000,0.6437,0.675,0.6361,0.6709,2243287.2,1770152400000,1480703.8184,19709,2026-02-03 20:00:00+00:00
1770152400000,0.671,0.6792,0.656,0.6571,945636.5,1770156000000,631680.92665,8951,2026-02-03 21:00:00+00:00
1770156000000,0.6572,0.6581,0.6402,0.6426,1117500.6,1770159600000,724325.2371,6090,2026-02-03 22:00:00+00:00
1770159600000,0.6425,0.6427,0.6311,0.6364,583248.7,1770163200000,371363.12603,6375,2026-02-03 23:00:00+00:00
1770163200000,0.6364,0.6409,0.6308,0.6328,397894.6,1770166800000,252857.16991,4604,2026-02-04 00:00:00+00:00
1770166800000,0.6329,0.65,0.6327,0.6453,519640.6,1770170400000,335585.6912,5567,2026-02-04 01:00:00+00:00
1770170400000,0.6452,0.6487,0.6364,0.6384,488605.5,1770174000000,314319.31965,5439,2026-02-04 02:00:00+00:00
1770174000000,0.6385,0.6542,0.6375,0.6501,607382.1,1770177600000,393860.51088,6173,2026-02-04 03:00:00+00:00
1770177600000,0.65,0.65,0.6441,0.6446,208187.8,1770181200000,134675.49652,2586,2026-02-04 04:00:00+00:00
1770181200000,0.6445,0.6473,0.6398,0.6432,180550.5,1770184800000,116201.06559,2371,2026-02-04 05:00:00+00:00
1770184800000,0.6432,0.6538,0.6421,0.6505,313680.5,1770188400000,203361.69105,3571,2026-02-04 06:00:00+00:00
1770188400000,0.6505,0.6542,0.6455,0.6517,396756.5,1770192000000,257953.38739,3853,2026-02-04 07:00:00+00:00
1770192000000,0.6516,0.6592,0.6482,0.6579,373785.9,1770195600000,244049.7093,3677,2026-02-04 08:00:00+00:00
1770195600000,0.6578,0.6578,0.6478,0.6508,348911.4,1770199200000,227324.11748,3843,2026-02-04 09:00:00+00:00
1770199200000,0.6509,0.6523,0.6479,0.6507,425315.8,1770202800000,276581.82465,3857,2026-02-04 10:00:00+00:00
1770202800000,0.6506,0.6521,0.6385,0.6464,707712.7,1770206400000,456065.52401,8328,2026-02-04 11:00:00+00:00
1770206400000,0.6465,0.6491,0.6404,0.6439,450041.2,1770210000000,290049.37867,3855,2026-02-04 12:00:00+00:00
1770210000000,0.6438,0.6439,0.6305,0.6313,648319.5,1770213600000,412838.71691,6864,2026-02-04 13:00:00+00:00
1770213600000,0.6313,0.6379,0.6204,0.6212,1378319.8,1770217200000,867359.31082,15650,2026-02-04 14:00:00+00:00
1770217200000,0.6211,0.6324,0.6153,0.6243,1590120.5,1770220800000,991823.5176,20185,2026-02-04 15:00:00+00:00
1770220800000,0.6243,0.628,0.6125,0.6221,1510020.4,1770224400000,935060.50674,16862,2026-02-04 16:00:00+00:00
1770224400000,0.6221,0.6292,0.6132,0.6231,1068021.4,1770228000000,661737.75639,12403,2026-02-04 17:00:00+00:00
1770228000000,0.623,0.6436,0.6113,0.635,1688441.4,1770231600000,1058290.92183,16820,2026-02-04 18:00:00+00:00
1770231600000,0.6351,0.6542,0.6275,0.6527,1210363.2,1770235200000,775958.08822,12114,2026-02-04 19:00:00+00:00
1770235200000,0.6527,0.6531,0.6376,0.641,577327.8,1770238800000,372464.07204,6217,2026-02-04 20:00:00+00:00
1770238800000,0.6409,0.6437,0.6257,0.6322,630966.4,1770242400000,399407.12655,6035,2026-02-04 21:00:00+00:00
1770242400000,0.6324,0.6413,0.6173,0.6228,512309.2,1770246000000,320900.09581,4598,2026-02-04 22:00:00+00:00
1770246000000,0.623,0.6404,0.6224,0.6338,1348239.9,1770249600000,855562.84591,8883,2026-02-04 23:00:00+00:00
1770249600000,0.6337,0.6356,0.628,0.6301,335700.6,1770253200000,212041.19042,4921,2026-02-05 00:00:00+00:00
1770253200000,0.6302,0.638,0.6205,0.6265,842750.8,1770256800000,529889.09227,10982,2026-02-05 01:00:00+00:00
1770256800000,0.6265,0.6331,0.6191,0.6207,696499.5,1770260400000,435730.95059,9921,2026-02-05 02:00:00+00:00
1770260400000,0.6206,0.6262,0.6161,0.6179,1116192.0,1770264000000,692053.54983,10091,2026-02-05 03:00:00+00:00
1770264000000,0.618,0.6245,0.6138,0.6161,910752.6,1770267600000,562573.08204,12150,2026-02-05 04:00:00+00:00
1770267600000,0.6161,0.6204,0.6059,0.6135,1101813.0,1770271200000,674692.87249,11158,2026-02-05 05:00:00+00:00
1770271200000,0.6136,0.6146,0.6042,0.6089,718834.5,1770274800000,437991.6868,7989,2026-02-05 06:00:00+00:00
1770274800000,0.6088,0.6218,0.6086,0.6123,605795.0,1770278400000,373173.92438,7279,2026-02-05 07:00:00+00:00
1770278400000,0.6124,0.6239,0.6119,0.6191,365053.9,1770282000000,225727.87774,5529,2026-02-05 08:00:00+00:00
1770282000000,0.6193,0.6286,0.618,0.6193,499800.9,1770285600000,311323.68828,6545,2026-02-05 09:00:00+00:00
1770285600000,0.6196,0.6206,0.6002,0.6032,464192.6,1770289200000,283273.76261,5355,2026-02-05 10:00:00+00:00
1770289200000,0.6031,0.6063,0.5876,0.6001,1609210.3,1770292800000,960064.51071,12039,2026-02-05 11:00:00+00:00
1770292800000,0.6002,0.6041,0.5923,0.5972,1103113.1,1770296400000,659096.14843,11547,2026-02-05 12:00:00+00:00
1770296400000,0.5971,0.6041,0.5902,0.5918,618410.8,1770300000000,368464.66256,7167,2026-02-05 13:00:00+00:00
1770300000000,0.5918,0.6096,0.5913,0.5936,1706397.7,1770303600000,1021431.57311,16788,2026-02-05 14:00:00+00:00
1770303600000,0.5936,0.5966,0.5507,0.57,5011684.5,1770307200000,2856528.10819,38368,2026-02-05 15:00:00+00:00
1770307200000,0.5701,0.5802,0.5625,0.57,2099358.6,1770310800000,1198480.36257,19677,2026-02-05 16:00:00+00:00
1770310800000,0.5701,0.5737,0.5485,0.552,2229444.9,1770314400000,1244293.55737,20820,2026-02-05 17:00:00+00:00
1770314400000,0.5523,0.5568,0.5409,0.5511,1950491.0,1770318000000,1067119.57553,16452,2026-02-05 18:00:00+00:00
1770318000000,0.5512,0.552,0.5373,0.5397,1145896.0,1770321600000,623005.64761,11561,2026-02-05 19:00:00+00:00
1770321600000,0.5398,0.5447,0.5125,0.5222,3997079.2,1770325200000,2098921.09467,30740,2026-02-05 20:00:00+00:00
1770325200000,0.5221,0.5396,0.5161,0.5209,2296487.3,1770328800000,1208396.00811,21348,2026-02-05 21:00:00+00:00
1770328800000,0.521,0.5342,0.5134,0.5255,1767547.7,1770332400000,924461.82206,10637,2026-02-05 22:00:00+00:00
1770332400000,0.5256,0.5403,0.5162,0.5185,1711546.2,1770336000000,902944.06659,11912,2026-02-05 23:00:00+00:00
1770336000000,0.5184,0.5248,0.4593,0.5144,11888434.3,1770339600000,5836307.5784,67372,2026-02-06 00:00:00+00:00
1770339600000,0.5143,0.5402,0.5142,0.5381,2450089.2,1770343200000,1294725.72401,23670,2026-02-06 01:00:00+00:00
1770343200000,0.5381,0.5445,0.5206,0.5247,1471038.2,1770346800000,779335.64111,14916,2026-02-06 02:00:00+00:00
1770346800000,0.5248,0.5293,0.5195,0.5223,1461061.1,1770350400000,765292.28609,11683,2026-02-06 03:00:00+00:00
1770350400000,0.5223,0.5327,0.5197,0.5323,728289.3,1770354000000,383986.9966,7056,2026-02-06 04:00:00+00:00
1770354000000,0.5323,0.5528,0.5304,0.5507,1181671.9,1770357600000,641234.34006,8221,2026-02-06 05:00:00+00:00
1770357600000,0.5508,0.554,0.5378,0.5388,1225238.8,1770361200000,670099.04077,7258,2026-02-06 06:00:00+00:00
1770361200000,0.5389,0.5405,0.5305,0.5342,901243.6,1770364800000,483023.23568,7514,2026-02-06 07:00:00+00:00
1770364800000,0.5343,0.5365,0.5266,0.5299,1145105.8,1770368400000,608097.03139,8219,2026-02-06 08:00:00+00:00
1770368400000,0.53,0.5507,0.5286,0.5472,895923.5,1770372000000,481933.32684,7489,2026-02-06 09:00:00+00:00
1770372000000,0.5473,0.555,0.5439,0.5508,716893.7,1770375600000,394222.64832,5852,2026-02-06 10:00:00+00:00
1770375600000,0.5507,0.5594,0.5486,0.5581,814029.1,1770379200000,451704.52551,5389,2026-02-06 11:00:00+00:00
1770379200000,0.558,0.558,0.5522,0.5563,553565.5,1770382800000,306915.03078,4546,2026-02-06 12:00:00+00:00
1770382800000,0.5565,0.5712,0.5551,0.5665,1284163.3,1770386400000,724998.64752,9106,2026-02-06 13:00:00+00:00
1770386400000,0.5665,0.5916,0.5632,0.587,2394128.6,1770390000000,1380637.8658,18223,2026-02-06 14:00:00+00:00
1770390000000,0.5871,0.5872,0.5768,0.5814,1918708.2,1770393600000,1118458.85895,14747,2026-02-06 15:00:00+00:00
1770393600000,0.5814,0.605,0.5785,0.5983,3241906.3,1770397200000,1932450.18231,16507,2026-02-06 16:00:00+00:00
1770397200000,0.5984,0.6154,0.5941,0.6059,1812357.1,1770400800000,1099205.908,12992,2026-02-06 17:00:00+00:00
1770400800000,0.6058,0.6065,0.5885,0.5938,1461832.6,1770404400000,870146.4408,10190,2026-02-06 18:00:00+00:00
1770404400000,0.5939,0.5964,0.5875,0.5942,705825.2,1770408000000,418300.5106,6432,2026-02-06 19:00:00+00:00
1770408000000,0.5941,0.5976,0.5854,0.5873,670460.1,1770411600000,396584.60901,6096,2026-02-06 20:00:00+00:00
1770411600000,0.5874,0.5949,0.584,0.5938,363618.1,1770415200000,214512.51049,3719,2026-02-06 21:00:00+00:00
1770415200000,0.5939,0.6043,0.593,0.6014,653036.6,1770418800000,390908.62379,4575,2026-02-06 22:00:00+00:00
1770418800000,0.6015,0.6062,0.5926,0.5958,480638.6,1770422400000,286875.01758,4132,2026-02-06 23:00:00+00:00
1770422400000,0.5959,0.5962,0.5853,0.5883,614893.1,1770426000000,363038.53448,6141,2026-02-07 00:00:00+00:00
1770426000000,0.5883,0.5946,0.5831,0.5932,913210.0,1770429600000,536925.0103,6419,2026-02-07 01:00:00+00:00
1770429600000,0.5931,0.5988,0.5914,0.5957,442804.4,1770433200000,263708.26356,4195,2026-02-07 02:00:00+00:00
1770433200000,0.5956,0.6063,0.5947,0.6007,973440.6,1770436800000,584921.93717,6445,2026-02-07 03:00:00+00:00
1770436800000,0.6006,0.6081,0.5979,0.6005,772224.2,1770440400000,465454.50695,6881,2026-02-07 04:00:00+00:00
1770440400000,0.6007,0.6092,0.5948,0.5972,564763.8,1770444000000,340404.23582,4786,2026-02-07 05:00:00+00:00
1770444000000,0.5972,0.6019,0.5837,0.5838,1032367.0,1770447600000,613282.48148,6787,2026-02-07 06:00:00+00:00
1770447600000,0.5838,0.5869,0.5648,0.5724,1890013.5,1770451200000,1086178.98352,11338,2026-02-07 07:00:00+00:00
1770451200000,0.5724,0.5771,0.5686,0.575,605031.8,1770454800000,347184.06473,4008,2026-02-07 08:00:00+00:00
1770454800000,0.5753,0.5777,0.568,0.5702,467183.4,1770458400000,267009.14361,2476,2026-02-07 09:00:00+00:00
1770458400000,0.5702,0.5714,0.5639,0.5673,940579.3,1770462000000,534409.99698,3895,2026-02-07 10:00:00+00:00
1770462000000,0.5672,0.568,0.5637,0.5657,335627.3,1770465600000,189805.33314,2165,2026-02-07 11:00:00+00:00
1770465600000,0.5656,0.5887,0.5647,0.5813,1260077.1,1770469200000,730854.62613,8352,2026-02-07 12:00:00+00:00
1770469200000,0.5814,0.5842,0.5736,0.5777,446853.7,1770472800000,258077.65068,3201,2026-02-07 13:00:00+00:00
1770472800000,0.5778,0.5797,0.5692,0.5723,505509.1,1770476400000,290098.96452,3263,2026-02-07 14:00:00+00:00
1770476400000,0.5726,0.5881,0.5706,0.5836,645530.4,1770480000000,375245.48742,4133,2026-02-07 15:00:00+00:00
1770480000000,0.5836,0.6035,0.5811,0.5873,5962435.9,1770483600000,3537647.14222,33465,2026-02-07 16:00:00+00:00
1770483600000,0.5872,0.5928,0.5837,0.5914,326421.0,1770487200000,192175.19404,2462,2026-02-07 17:00:00+00:00
1770487200000,0.5913,0.6009,0.5907,0.5962,381776.2,1770490800000,227976.52846,2739,2026-02-07 18:00:00+00:00
1770490800000,0.5959,0.5963,0.5899,0.5914,289351.3,1770494400000,171509.1255,2101,2026-02-07 19:00:00+00:00
1770494400000,0.5912,0.5989,0.5904,0.5973,248255.3,1770498000000,147641.61445,2082,2026-02-07 20:00:00+00:00
1770498000000,0.5974,0.5991,0.5927,0.5943,172779.6,1770501600000,102931.18923,1343,2026-02-07 21:00:00+00:00
1770501600000,0.5942,0.5969,0.5918,0.5922,199305.6,1770505200000,118471.65658,1169,2026-02-07 22:00:00+00:00
1770505200000,0.5923,0.5929,0.5858,0.5908,284243.5,1770508800000,167602.65412,2544,2026-02-07 23:00:00+00:00
1770508800000,0.5909,0.5913,0.5832,0.5866,329160.3,1770512400000,192936.54541,2254,2026-02-08 00:00:00+00:00
1770512400000,0.5866,0.589,0.5849,0.5884,135494.0,1770516000000,79633.07554,1550,2026-02-08 01:00:00+00:00
1770516000000,0.5883,0.5922,0.5842,0.5864,246553.7,1770519600000,144887.28733,2178,2026-02-08 02:00:00+00:00
1770519600000,0.5862,0.5873,0.5819,0.5829,334670.2,1770523200000,195732.57792,2386,2026-02-08 03:00:00+00:00
1770523200000,0.5828,0.5856,0.5804,0.5853,206764.4,1770526800000,120592.14361,2012,2026-02-08 04:00:00+00:00
1770526800000,0.5852,0.5869,0.5821,0.5833,150543.0,1770530400000,88033.41781,1392,2026-02-08 05:00:00+00:00
1770530400000,0.5833,0.5855,0.5806,0.5814,129772.4,1770534000000,75665.66666,1412,2026-02-08 06:00:00+00:00
1770534000000,0.5815,0.5824,0.5772,0.5813,319245.3,1770537600000,185107.18708,2226,2026-02-08 07:00:00+00:00
1770537600000,0.5813,0.5958,0.5799,0.5919,471346.8,1770541200000,277493.55416,4952,2026-02-08 08:00:00+00:00
1770541200000,0.5919,0.5944,0.5847,0.5852,365822.5,1770544800000,215538.35015,2980,2026-02-08 09:00:00+00:00
1770544800000,0.5853,0.5888,0.5777,0.5817,498034.5,1770548400000,290061.75947,2998,2026-02-08 10:00:00+00:00
1770548400000,0.5816,0.5943,0.581,0.5911,383443.1,1770552000000,226338.19915,3376,2026-02-08 11:00:00+00:00
1770552000000,0.5912,0.5919,0.583,0.5873,281189.5,1770555600000,165216.35314,2728,2026-02-08 12:00:00+00:00
1770555600000,0.587,0.5903,0.5838,0.5903,559802.1,1770559200000,328892.93615,3522,2026-02-08 13:00:00+00:00
1770559200000,0.5904,0.591,0.5857,0.5878,241846.6,1770562800000,142105.2701,1881,2026-02-08 14:00:00+00:00
1770562800000,0.5876,0.589,0.5775,0.5811,801082.5,1770566400000,465738.03746,3317,2026-02-08 15:00:00+00:00
1770566400000,0.581,0.5824,0.5677,0.5703,438568.8,1770570000000,252472.18262,2728,2026-02-08 16:00:00+00:00
1770570000000,0.5701,0.5771,0.5701,0.5766,179506.4,1770573600000,103021.0167,1679,2026-02-08 17:00:00+00:00
1770573600000,0.5765,0.5853,0.5759,0.5814,185628.3,1770577200000,107647.70707,1973,2026-02-08 18:00:00+00:00
1770577200000,0.5813,0.5848,0.5794,0.5839,186245.9,1770580800000,108331.23806,1462,2026-02-08 19:00:00+00:00
1770580800000,0.584,0.5841,0.576,0.5774,188460.8,1770584400000,109127.98809,1532,2026-02-08 20:00:00+00:00
1770584400000,0.5773,0.5814,0.574,0.5766,189498.8,1770588000000,109360.01499,1759,2026-02-08 21:00:00+00:00
1770588000000,0.5767,0.5805,0.5756,0.5798,144982.5,1770591600000,83882.32367,1249,2026-02-08 22:00:00+00:00
1770591600000,0.5797,0.5938,0.5724,0.5774,928553.3,1770595200000,539595.83371,9326,2026-02-08 23:00:00+00:00
1770595200000,0.5774,0.5804,0.573,0.5777,393673.1,1770598800000,227169.1724,4178,2026-02-09 00:00:00+00:00
1770598800000,0.5778,0.5845,0.5734,0.577,617505.9,1770602400000,357030.92405,6503,2026-02-09 01:00:00+00:00
1770602400000,0.5772,0.5843,0.5734,0.5798,319138.7,1770606000000,184889.73935,3633,2026-02-09 02:00:00+00:00
1770606000000,0.58,0.5885,0.5792,0.5871,445233.3,1770609600000,260509.50444,4097,2026-02-09 03:00:00+00:00
1770609600000,0.587,0.587,0.582,0.5838,200681.2,1770613200000,117303.04954,2039,2026-02-09 04:00:00+00:00
1770613200000,0.5836,0.5856,0.5807,0.5834,204679.8,1770616800000,119294.27553,2075,2026-02-09 05:00:00+00:00
1770616800000,0.5833,0.5833,0.5739,0.5772,457364.8,1770620400000,264227.43925,3425,2026-02-09 06:00:00+00:00
1770620400000,0.5771,0.5812,0.5742,0.5748,534263.9,1770624000000,308463.64737,4486,2026-02-09 07:00:00+00:00
1770624000000,0.5749,0.5758,0.562,0.5666,1013855.8,1770627600000,576477.16178,6176,2026-02-09 08:00:00+00:00
1770627600000,0.5665,0.5679,0.5563,0.5593,767211.1,1770631200000,430291.74346,4257,2026-02-09 09:00:00+00:00
1770631200000,0.5592,0.5611,0.5471,0.5494,1023900.4,1770634800000,564911.56955,6522,2026-02-09 10:00:00+00:00
1770634800000,0.5495,0.5553,0.5495,0.5521,328480.6,1770638400000,181478.99143,4174,2026-02-09 11:00:00+00:00
1770638400000,0.5521,0.5597,0.5519,0.558,493293.3,1770642000000,275047.92222,3388,2026-02-09 12:00:00+00:00
1770642000000,0.5581,0.5601,0.5504,0.5504,574345.0,1770645600000,318756.91494,3506,2026-02-09 13:00:00+00:00
1770645600000,0.5505,0.5669,0.5488,0.5646,959832.6,1770649200000,536012.78161,10054,2026-02-09 14:00:00+00:00
1770649200000,0.5645,0.5704,0.5576,0.5656,721213.0,1770652800000,407263.01368,8465,2026-02-09 15:00:00+00:00
1770652800000,0.5656,0.5789,0.5602,0.5727,680483.8,1770656400000,387696.03519,6623,2026-02-09 16:00:00+00:00
1770656400000,0.5726,0.5825,0.5675,0.579,961413.1,1770660000000,553257.88368,7621,2026-02-09 17:00:00+00:00
1770660000000,0.579,0.5831,0.5714,0.5757,365183.9,1770663600000,210551.20608,5223,2026-02-09 18:00:00+00:00
1770663600000,0.5756,0.58,0.573,0.5793,234414.9,1770667200000,134985.24511,2726,2026-02-09 19:00:00+00:00
1770667200000,0.5792,0.582,0.5724,0.5761,378585.2,1770670800000,218497.20712,3539,2026-02-09 20:00:00+00:00
1770670800000,0.5762,0.5773,0.5669,0.5737,443015.6,1770674400000,253356.54919,3806,2026-02-09 21:00:00+00:00
1770674400000,0.5738,0.5771,0.5726,0.5742,278661.3,1770678000000,159943.73941,1339,2026-02-09 22:00:00+00:00
1770678000000,0.574,0.576,0.5685,0.5696,155105.2,1770681600000,88834.78454,1535,2026-02-09 23:00:00+00:00
1770681600000,0.5696,0.5713,0.5651,0.5668,246560.5,1770685200000,139908.88341,1901,2026-02-10 00:00:00+00:00
1770685200000,0.5668,0.5746,0.5667,0.572,179934.3,1770688800000,102761.61106,1753,2026-02-10 01:00:00+00:00
1770688800000,0.572,0.5721,0.5671,0.5683,176294.8,1770692400000,100315.26708,1355,2026-02-10 02:00:00+00:00
1770692400000,0.5684,0.5693,0.5546,0.5604,690466.1,1770696000000,386818.04526,4720,2026-02-10 03:00:00+00:00
1770696000000,0.5603,0.5659,0.5598,0.5644,264879.1,1770699600000,149238.15554,1989,2026-02-10 04:00:00+00:00
1770699600000,0.5646,0.5654,0.5577,0.5596,304995.0,1770703200000,171028.17351,2094,2026-02-10 05:00:00+00:00
1770703200000,0.5595,0.5614,0.5488,0.5523,719161.8,1770706800000,398584.91331,5576,2026-02-10 06:00:00+00:00
1770706800000,0.5523,0.5568,0.5517,0.555,270616.1,1770710400000,150096.99146,2291,2026-02-10 07:00:00+00:00
1770710400000,0.555,0.5598,0.5533,0.5585,338097.2,1770714000000,188364.90264,2440,2026-02-10 08:00:00+00:00
1770714000000,0.5584,0.5627,0.5579,0.5602,423867.7,1770717600000,237552.61447,2453,2026-02-10 09:00:00+00:00
1770717600000,0.5602,0.5647,0.5591,0.5603,143191.4,1770721200000,80364.42742,1783,2026-02-10 10:00:00+00:00
1770721200000,0.5601,0.562,0.5552,0.5561,271027.5,1770724800000,151455.57868,2500,2026-02-10 11:00:00+00:00
1770724800000,0.5562,0.5583,0.5533,0.5562,206585.5,1770728400000,114899.52533,2020,2026-02-10 12:00:00+00:00
1770728400000,0.556,0.5615,0.5553,0.5585,436235.8,1770732000000,243475.84519,3520,2026-02-10 13:00:00+00:00
1770732000000,0.5584,0.5651,0.5528,0.5562,531027.9,1770735600000,296898.13384,6177,2026-02-10 14:00:00+00:00
1770735600000,0.5561,0.5662,0.5543,0.5622,608499.6,1770739200000,341329.19376,7963,2026-02-10 15:00:00+00:00
1770739200000,0.5621,0.5676,0.5581,0.5626,332418.3,1770742800000,187235.41641,4386,2026-02-10 16:00:00+00:00
1770742800000,0.5626,0.5705,0.5602,0.5667,311944.6,1770746400000,176665.89215,3802,2026-02-10 17:00:00+00:00
1770746400000,0.5667,0.5671,0.554,0.558,465769.0,1770750000000,260630.40397,4617,2026-02-10 18:00:00+00:00
1770750000000,0.5579,0.564,0.5546,0.5615,182573.1,1770753600000,101991.27887,2989,2026-02-10 19:00:00+00:00
1770753600000,0.5613,0.5642,0.56,0.5623,127463.2,1770757200000,71619.74015,2229,2026-02-10 20:00:00+00:00
1770757200000,0.5622,0.5641,0.557,0.5592,205047.7,1770760800000,114893.48889,2098,2026-02-10 21:00:00+00:00
1770760800000,0.5593,0.565,0.5593,0.5615,250656.4,1770764400000,140809.67314,1806,2026-02-10 22:00:00+00:00
1770764400000,0.5613,0.5637,0.5597,0.5615,194916.7,1770768000000,109497.56935,1764,2026-02-10 23:00:00+00:00
1770768000000,0.5615,0.5664,0.5615,0.5651,323839.4,1770771600000,182462.3699,1821,2026-02-11 00:00:00+00:00
1770771600000,0.5653,0.5678,0.5627,0.5676,208695.8,1770775200000,118062.28234,1749,2026-02-11 01:00:00+00:00
1770775200000,0.5677,0.571,0.5662,0.5662,389399.5,1770778800000,221529.68295,2659,2026-02-11 02:00:00+00:00
1770778800000,0.5664,0.5686,0.5594,0.5656,360680.6,1770782400000,203394.43514,3251,2026-02-11 03:00:00+00:00
1770782400000,0.5656,0.5671,0.5543,0.5568,808789.3,1770786000000,452066.10229,6482,2026-02-11 04:00:00+00:00
1770786000000,0.5569,0.5603,0.5521,0.5543,497164.7,1770789600000,277103.64244,3125,2026-02-11 05:00:00+00:00
1770789600000,0.5543,0.5548,0.5413,0.5448,2172387.0,1770793200000,1189302.6548,13064,2026-02-11 06:00:00+00:00
1770793200000,0.5447,0.5486,0.5428,0.5443,508531.5,1770796800000,277436.05301,4191,2026-02-11 07:00:00+00:00
1770796800000,0.5441,0.5456,0.541,0.5444,467309.7,1770800400000,253835.03331,3326,2026-02-11 08:00:00+00:00
1770800400000,0.5445,0.5469,0.5407,0.5425,307110.0,1770804000000,166918.81008,2552,2026-02-11 09:00:00+00:00
1770804000000,0.5425,0.5427,0.535,0.5366,882971.7,1770807600000,475895.98336,6210,2026-02-11 10:00:00+00:00
1770807600000,0.5366,0.5423,0.5362,0.5415,495597.3,1770811200000,267305.14078,2619,2026-02-11 11:00:00+00:00
1770811200000,0.5416,0.5437,0.5392,0.542,457918.2,1770814800000,247947.1067,2624,2026-02-11 12:00:00+00:00
1770814800000,0.5421,0.5528,0.5391,0.5523,801272.7,1770818400000,437332.76504,6026,2026-02-11 13:00:00+00:00
1770818400000,0.5523,0.5679,0.5361,0.5371,1904372.1,1770822000000,1056758.66411,13962,2026-02-11 14:00:00+00:00
1770822000000,0.5371,0.5409,0.5287,0.5378,777716.1,1770825600000,416397.18719,9866,2026-02-11 15:00:00+00:00
1770825600000,0.5377,0.5474,0.5329,0.5341,572839.5,1770829200000,309146.93102,5390,2026-02-11 16:00:00+00:00
1770829200000,0.534,0.542,0.5317,0.5377,375724.2,1770832800000,201640.38432,4431,2026-02-11 17:00:00+00:00
1770832800000,0.5378,0.5485,0.5338,0.5455,306722.3,1770836400000,166685.48321,3471,2026-02-11 18:00:00+00:00
1770836400000,0.5456,0.5504,0.544,0.547,355277.1,1770840000000,194489.68374,3355,2026-02-11 19:00:00+00:00
1770840000000,0.5469,0.5509,0.5423,0.5494,194676.7,1770843600000,106366.74026,1941,2026-02-11 20:00:00+00:00
1770843600000,0.5495,0.5574,0.548,0.553,516977.6,1770847200000,285332.37646,3938,2026-02-11 21:00:00+00:00
1770847200000,0.5529,0.5533,0.54,0.5405,274926.3,1770850800000,150381.00077,1646,2026-02-11 22:00:00+00:00
1770850800000,0.5404,0.542,0.5331,0.5379,545417.4,1770854400000,293629.42515,2811,2026-02-11 23:00:00+00:00
1770854400000,0.538,0.5435,0.538,0.5417,292080.7,1770858000000,157989.36846,2362,2026-02-12 00:00:00+00:00
1770858000000,0.5418,0.5518,0.5418,0.5474,298433.8,1770861600000,163533.0903,2599,2026-02-12 01:00:00+00:00
1770861600000,0.5475,0.551,0.5454,0.5492,210717.8,1770865200000,115475.07465,1940,2026-02-12 02:00:00+00:00
1770865200000,0.5493,0.5559,0.5493,0.5554,296868.4,1770868800000,163925.65402,2132,2026-02-12 03:00:00+00:00
1770868800000,0.5553,0.5556,0.5489,0.5502,289646.2,1770872400000,159629.21502,2197,2026-02-12 04:00:00+00:00
1770872400000,0.5503,0.5542,0.546,0.5527,192637.7,1770876000000,105913.09839,1973,2026-02-12 05:00:00+00:00
1770876000000,0.5526,0.5607,0.5516,0.5585,934139.1,1770879600000,521263.73187,3417,2026-02-12 06:00:00+00:00
1770879600000,0.5584,0.5639,0.5559,0.5632,553632.6,1770883200000,310009.29946,2657,2026-02-12 07:00:00+00:00
1770883200000,0.5633,0.5669,0.5567,0.5593,357390.1,1770886800000,200805.4307,2878,2026-02-12 08:00:00+00:00
1770886800000,0.5592,0.5726,0.5587,0.5714,552627.4,1770890400000,313470.02697,3104,2026-02-12 09:00:00+00:00
1770890400000,0.5716,0.6065,0.5714,0.6041,2331443.4,1770894000000,1375807.52874,14948,2026-02-12 10:00:00+00:00
1770894000000,0.604,0.6084,0.5845,0.5845,2237132.2,1770897600000,1327970.36,15472,2026-02-12 11:00:00+00:00
1770897600000,0.5844,0.5847,0.5734,0.5765,1209161.2,1770901200000,697197.81666,8311,2026-02-12 12:00:00+00:00
1770901200000,0.5765,0.5952,0.5733,0.593,1551746.0,1770904800000,903855.70586,9859,2026-02-12 13:00:00+00:00
1770904800000,0.593,0.5942,0.5811,0.5886,1078289.1,1770908400000,633458.9321,10147,2026-02-12 14:00:00+00:00
1770908400000,0.5887,0.5924,0.5781,0.5798,1114509.0,1770912000000,651437.12443,8848,2026-02-12 15:00:00+00:00
1770912000000,0.5799,0.5809,0.5595,0.5667,1732498.1,1770915600000,982573.81334,13550,2026-02-12 16:00:00+00:00
1770915600000,0.5666,0.5723,0.562,0.5659,543792.8,1770919200000,308671.09709,5951,2026-02-12 17:00:00+00:00
1770919200000,0.566,0.5744,0.5625,0.5696,699852.8,1770922800000,397328.26975,4938,2026-02-12 18:00:00+00:00
1770922800000,0.5697,0.5842,0.5659,0.5746,514611.5,1770926400000,296507.8998,4485,2026-02-12 19:00:00+00:00
1770926400000,0.5747,0.5765,0.564,0.566,592866.3,1770930000000,336924.73711,3109,2026-02-12 20:00:00+00:00
1770930000000,0.5661,0.5772,0.566,0.5735,314681.3,1770933600000,180132.62167,2569,2026-02-12 21:00:00+00:00
1770933600000,0.5734,0.5871,0.5709,0.5859,588209.4,1770937200000,340169.95482,2529,2026-02-12 22:00:00+00:00
1770937200000,0.5861,0.5879,0.579,0.5823,574175.3,1770940800000,334740.73173,4056,2026-02-12 23:00:00+00:00
1770940800000,0.5822,0.5844,0.5688,0.5709,563183.8,1770944400000,324140.73818,3491,2026-02-13 00:00:00+00:00
1770944400000,0.5709,0.5762,0.5699,0.5711,647337.4,1770948000000,371506.09472,3661,2026-02-13 01:00:00+00:00
1770948000000,0.5713,0.581,0.5705,0.5786,987293.2,1770951600000,568294.54478,4382,2026-02-13 02:00:00+00:00
1770951600000,0.5785,0.5805,0.5732,0.5754,474919.8,1770955200000,273989.25946,3020,2026-02-13 03:00:00+00:00
1770955200000,0.5758,0.5761,0.5694,0.5699,349457.3,1770958800000,199882.80999,2443,2026-02-13 04:00:00+00:00
1770958800000,0.5702,0.5721,0.5652,0.5655,323832.8,1770962400000,183995.43702,1653,2026-02-13 05:00:00+00:00
1770962400000,0.5657,0.5672,0.5549,0.5652,1189843.2,1770966000000,665765.34743,3762,2026-02-13 06:00:00+00:00
1770966000000,0.5654,0.5704,0.5645,0.5677,274664.0,1770969600000,155951.84917,1584,2026-02-13 07:00:00+00:00
1770969600000,0.5676,0.5781,0.567,0.5776,271902.0,1770973200000,156058.74046,1467,2026-02-13 08:00:00+00:00
1770973200000,0.5775,0.5777,0.5722,0.5732,524720.4,1770976800000,301247.69098,2360,2026-02-13 09:00:00+00:00
1770976800000,0.573,0.5746,0.5688,0.5727,368112.9,1770980400000,210475.98402,2394,2026-02-13 10:00:00+00:00
1770980400000,0.5724,0.5727,0.5584,0.5604,1673548.3,1770984000000,942017.62545,5202,2026-02-13 11:00:00+00:00
1770984000000,0.5603,0.5627,0.5559,0.5588,1001149.3,1770987600000,560194.7509,5111,2026-02-13 12:00:00+00:00
1770987600000,0.5587,0.5687,0.5574,0.5649,907883.6,1770991200000,511625.07882,4332,2026-02-13 13:00:00+00:00
1770991200000,0.5648,0.5785,0.5629,0.573,1094617.1,1770994800000,624496.57112,5705,2026-02-13 14:00:00+00:00
1770994800000,0.5732,0.5928,0.5708,0.5815,1559762.3,1770998400000,912460.25272,8857,2026-02-13 15:00:00+00:00
1770998400000,0.5815,0.5985,0.5789,0.5954,915785.8,1771002000000,540129.60153,4623,2026-02-13 16:00:00+00:00
1771002000000,0.5954,0.5991,0.5907,0.5962,380011.0,1771005600000,226155.01891,2672,2026-02-13 17:00:00+00:00
1771005600000,0.596,0.5968,0.591,0.5948,697143.7,1771009200000,414275.69266,3206,2026-02-13 18:00:00+00:00
1771009200000,0.5947,0.6015,0.5935,0.5989,348075.0,1771012800000,208418.73234,2239,2026-02-13 19:00:00+00:00
1771012800000,0.5989,0.6003,0.5948,0.5964,294541.9,1771016400000,175781.95067,1819,2026-02-13 20:00:00+00:00
1771016400000,0.5963,0.6028,0.5963,0.6022,370600.6,1771020000000,222659.21455,1764,2026-02-13 21:00:00+00:00
1771020000000,0.6022,0.6063,0.5986,0.6012,612954.2,1771023600000,368573.15125,2492,2026-02-13 22:00:00+00:00
1771023600000,0.6014,0.6014,0.5947,0.5993,479168.9,1771027200000,286215.71344,2022,2026-02-13 23:00:00+00:00
1771027200000,0.5995,0.6143,0.5965,0.6099,996814.3,1771030800000,604328.50859,3911,2026-02-14 00:00:00+00:00
1771030800000,0.6096,0.6213,0.6062,0.6171,1037526.3,1771034400000,638414.34807,4046,2026-02-14 01:00:00+00:00
1771034400000,0.617,0.6297,0.6158,0.6223,1133340.2,1771038000000,705520.61184,5260,2026-02-14 02:00:00+00:00
1771038000000,0.6225,0.6453,0.6212,0.6415,1596770.8,1771041600000,1014526.81325,10138,2026-02-14 03:00:00+00:00
1771041600000,0.6414,0.6494,0.6252,0.6262,1308332.9,1771045200000,831087.67889,8868,2026-02-14 04:00:00+00:00
1771045200000,0.6263,0.627,0.6147,0.6151,815027.9,1771048800000,506784.90806,4946,2026-02-14 05:00:00+00:00
1771048800000,0.615,0.6227,0.6107,0.6215,539650.9,1771052400000,331828.87019,3212,2026-02-14 06:00:00+00:00
1771052400000,0.6211,0.6444,0.6209,0.6427,902946.8,1771056000000,572043.27226,5696,2026-02-14 07:00:00+00:00
1771056000000,0.6427,0.6725,0.6427,0.6679,4362562.9,1771059600000,2879014.16243,22869,2026-02-14 08:00:00+00:00
1771059600000,0.6678,0.6857,0.6576,0.6856,2851420.2,1771063200000,1908565.2545,14908,2026-02-14 09:00:00+00:00
1771063200000,0.6854,0.6961,0.6744,0.6791,3226647.8,1771066800000,2205819.20597,17587,2026-02-14 10:00:00+00:00
1771066800000,0.6794,0.6952,0.6688,0.681,2239558.2,1771070400000,1521855.93586,13768,2026-02-14 11:00:00+00:00
1771070400000,0.6808,0.6954,0.6692,0.6739,1735923.9,1771074000000,1180697.75869,11613,2026-02-14 12:00:00+00:00
1771074000000,0.6741,0.6741,0.6578,0.6601,1131173.9,1771077600000,750153.03266,6425,2026-02-14 13:00:00+00:00
1771077600000,0.6603,0.6693,0.6559,0.6684,639418.2,1771081200000,423423.01,4156,2026-02-14 14:00:00+00:00
1771081200000,0.6686,0.6793,0.6651,0.6766,1551936.6,1771084800000,1042853.40916,7158,2026-02-14 15:00:00+00:00
1771084800000,0.6766,0.6794,0.6639,0.6746,920853.0,1771088400000,618491.74137,5059,2026-02-14 16:00:00+00:00
1771088400000,0.6746,0.6852,0.6701,0.6774,978052.0,1771092000000,662909.96925,4755,2026-02-14 17:00:00+00:00
1771092000000,0.6774,0.6857,0.6766,0.6825,455078.8,1771095600000,310034.72776,2782,2026-02-14 18:00:00+00:00
1771095600000,0.6823,0.6903,0.6786,0.6895,593871.4,1771099200000,407111.53841,2970,2026-02-14 19:00:00+00:00
1771099200000,0.69,0.6935,0.6803,0.6875,537248.7,1771102800000,368617.72187,3212,2026-02-14 20:00:00+00:00
1771102800000,0.6879,0.6989,0.6812,0.6864,662318.2,1771106400000,456698.85327,4495,2026-02-14 21:00:00+00:00
1771106400000,0.6862,0.6965,0.6852,0.6887,675268.9,1771110000000,467057.64206,2988,2026-02-14 22:00:00+00:00
1771110000000,0.6884,0.6903,0.6799,0.6838,455294.9,1771113600000,311834.57464,2264,2026-02-14 23:00:00+00:00
1771113600000,0.6839,0.6847,0.673,0.6847,783472.3,1771117200000,531047.5926,3880,2026-02-15 00:00:00+00:00
1771117200000,0.6846,0.6954,0.6789,0.6873,871247.7,1771120800000,599371.81162,5939,2026-02-15 01:00:00+00:00
1771120800000,0.6865,0.6922,0.6725,0.6809,707628.5,1771124400000,480005.72808,3811,2026-02-15 02:00:00+00:00
1771124400000,0.6806,0.6858,0.6677,0.6793,781452.4,1771128000000,527175.45377,4831,2026-02-15 03:00:00+00:00
1771128000000,0.6789,0.6884,0.6759,0.6783,617027.0,1771131600000,420602.82314,4058,2026-02-15 04:00:00+00:00
1771131600000,0.6781,0.6882,0.6762,0.6785,521137.2,1771135200000,355551.92224,3023,2026-02-15 05:00:00+00:00
1771135200000,0.6782,0.683,0.677,0.683,359921.9,1771138800000,244515.07175,1824,2026-02-15 06:00:00+00:00
1771138800000,0.683,0.6868,0.6774,0.6784,488311.1,1771142400000,333438.62155,2391,2026-02-15 07:00:00+00:00
1771142400000,0.6783,0.6803,0.6626,0.6681,721839.7,1771146000000,483832.13297,4414,2026-02-15 08:00:00+00:00
1771146000000,0.668,0.6785,0.6671,0.6777,336990.0,1771149600000,227006.19524,2002,2026-02-15 09:00:00+00:00
1771149600000,0.6778,0.6794,0.6638,0.6692,348458.9,1771153200000,232816.62064,2064,2026-02-15 10:00:00+00:00
1771153200000,0.6694,0.6712,0.6619,0.6636,297983.4,1771156800000,198370.10548,1838,2026-02-15 11:00:00+00:00
1771156800000,0.6637,0.665,0.6444,0.6445,1029778.9,1771160400000,675682.80648,5195,2026-02-15 12:00:00+00:00
1771160400000,0.6448,0.6518,0.6359,0.639,1876063.9,1771164000000,1208643.17638,7050,2026-02-15 13:00:00+00:00
1771164000000,0.6388,0.6501,0.6384,0.649,413401.5,1771167600000,266268.56038,2215,2026-02-15 14:00:00+00:00
1771167600000,0.6488,0.6525,0.6462,0.6478,220077.6,1771171200000,142980.45071,1455,2026-02-15 15:00:00+00:00
1771171200000,0.6476,0.6477,0.6399,0.6422,478715.2,1771174800000,308085.08956,2380,2026-02-15 16:00:00+00:00
1771174800000,0.6422,0.6434,0.6247,0.6306,855435.6,1771178400000,542466.83832,3920,2026-02-15 17:00:00+00:00
1771178400000,0.6305,0.6317,0.6225,0.626,651558.4,1771182000000,407922.57813,3168,2026-02-15 18:00:00+00:00
1771182000000,0.6257,0.6301,0.6214,0.6254,468794.2,1771185600000,292938.14624,2896,2026-02-15 19:00:00+00:00
1771185600000,0.6253,0.6307,0.6228,0.6291,250990.1,1771189200000,157300.0519,1833,2026-02-15 20:00:00+00:00
1771189200000,0.6289,0.6353,0.6288,0.6326,306277.7,1771192800000,193720.56282,1525,2026-02-15 21:00:00+00:00
1771192800000,0.6322,0.6356,0.6307,0.6337,206652.6,1771196400000,130789.28729,973,2026-02-15 22:00:00+00:00
1771196400000,0.6338,0.6338,0.6244,0.6323,361098.8,1771200000000,227192.55987,2176,2026-02-15 23:00:00+00:00
1771200000000,0.6327,0.6331,0.6266,0.6325,421092.5,1771203600000,265642.89963,2880,2026-02-16 00:00:00+00:00
1771203600000,0.6326,0.6357,0.622,0.6278,470070.5,1771207200000,295031.22447,3303,2026-02-16 01:00:00+00:00
1771207200000,0.6279,0.6319,0.6244,0.6244,204717.1,1771210800000,128425.29397,1333,2026-02-16 02:00:00+00:00
1771210800000,0.6249,0.6253,0.6215,0.6236,263666.2,1771214400000,164379.61028,1557,2026-02-16 03:00:00+00:00
1771214400000,0.6235,0.6327,0.6231,0.6319,218132.4,1771218000000,136975.08305,1204,2026-02-16 04:00:00+00:00
1771218000000,0.632,0.6339,0.6258,0.6266,305879.7,1771221600000,192159.05972,1936,2026-02-16 05:00:00+00:00
1771221600000,0.6265,0.6379,0.6264,0.6366,585820.3,1771225200000,371781.83491,2152,2026-02-16 06:00:00+00:00
1771225200000,0.6363,0.6369,0.6309,0.6321,370715.7,1771228800000,235067.80442,3341,2026-02-16 07:00:00+00:00
1771228800000,0.6322,0.6406,0.632,0.638,299227.2,1771232400000,190705.13188,2131,2026-02-16 08:00:00+00:00
1771232400000,0.638,0.6524,0.638,0.6503,690879.2,1771236000000,446144.49084,4322,2026-02-16 09:00:00+00:00
1771236000000,0.6501,0.6552,0.6428,0.6523,576704.7,1771239600000,374100.89415,3595,2026-02-16 10:00:00+00:00
1771239600000,0.6524,0.6587,0.6412,0.6513,687656.4,1771243200000,447369.76665,4100,2026-02-16 11:00:00+00:00
1771243200000,0.651,0.6647,0.6471,0.6634,666217.3,1771246800000,438177.34153,4456,2026-02-16 12:00:00+00:00
1771246800000,0.6636,0.6719,0.6486,0.6515,1754356.4,1771250400000,1157490.64132,10076,2026-02-16 13:00:00+00:00
1771250400000,0.6514,0.6652,0.6506,0.6574,752525.8,1771254000000,495386.97763,5640,2026-02-16 14:00:00+00:00
1771254000000,0.6575,0.6634,0.6336,0.6373,1649047.1,1771257600000,1061319.2173,9213,2026-02-16 15:00:00+00:00
1771257600000,0.6375,0.6483,0.6369,0.6422,645455.9,1771261200000,414561.66653,3188,2026-02-16 16:00:00+00:00
1771261200000,0.6422,0.6478,0.6389,0.6429,428898.2,1771264800000,275932.01656,2486,2026-02-16 17:00:00+00:00
1771264800000,0.6432,0.6493,0.6409,0.6416,222461.3,1771268400000,143435.9032,1570,2026-02-16 18:00:00+00:00
1771268400000,0.6417,0.6495,0.6396,0.6481,249250.2,1771272000000,160753.49083,1708,2026-02-16 19:00:00+00:00
1771272000000,0.648,0.6592,0.645,0.6575,460533.8,1771275600000,300561.45942,2367,2026-02-16 20:00:00+00:00
1771275600000,0.6575,0.6642,0.6529,0.662,290756.5,1771279200000,191432.02593,1603,2026-02-16 21:00:00+00:00
1771279200000,0.662,0.662,0.652,0.6545,247024.1,1771282800000,162055.5608,1256,2026-02-16 22:00:00+00:00
1771282800000,0.6546,0.6573,0.6527,0.6555,147141.8,1771286400000,96427.76448,841,2026-02-16 23:00:00+00:00
1771286400000,0.6558,0.669,0.6531,0.6608,597839.4,1771290000000,396417.60812,3542,2026-02-17 00:00:00+00:00
1771290000000,0.6609,0.6658,0.6581,0.66,511935.1,1771293600000,339101.56737,2929,2026-02-17 01:00:00+00:00
1771293600000,0.6596,0.6674,0.6496,0.6623,525041.6,1771297200000,345681.64503,3789,2026-02-17 02:00:00+00:00
1771297200000,0.6622,0.6636,0.6565,0.6581,262024.8,1771300800000,172977.80688,1922,2026-02-17 03:00:00+00:00
1771300800000,0.6578,0.6622,0.6517,0.6567,296052.1,1771304400000,194463.39184,2216,2026-02-17 04:00:00+00:00
1771304400000,0.6568,0.6576,0.6425,0.6517,392931.3,1771308000000,254731.51449,2877,2026-02-17 05:00:00+00:00
1771308000000,0.6516,0.6543,0.6489,0.6521,206769.1,1771311600000,134702.02989,1293,2026-02-17 06:00:00+00:00
1771311600000,0.6518,0.6527,0.6469,0.6501,224196.0,1771315200000,145575.55359,1333,2026-02-17 07:00:00+00:00
1771315200000,0.6499,0.6535,0.6423,0.6437,828519.2,1771318800000,536029.93934,3207,2026-02-17 08:00:00+00:00
1771318800000,0.6438,0.6448,0.6355,0.6391,512155.5,1771322400000,327534.02982,2784,2026-02-17 09:00:00+00:00
1771322400000,0.6386,0.6408,0.6331,0.6353,258723.4,1771326000000,164538.95529,1683,2026-02-17 10:00:00+00:00
1771326000000,0.6353,0.6418,0.6351,0.6386,229048.4,1771329600000,146242.40457,1407,2026-02-17 11:00:00+00:00
1771329600000,0.6382,0.6442,0.6375,0.6387,339708.4,1771333200000,217717.72108,1754,2026-02-17 12:00:00+00:00
1771333200000,0.6387,0.6488,0.6371,0.6449,327216.2,1771336800000,210577.7151,2280,2026-02-17 13:00:00+00:00
1771336800000,0.6447,0.6512,0.6266,0.6304,1382435.6,1771340400000,877551.22423,6822,2026-02-17 14:00:00+00:00
1771340400000,0.6301,0.6424,0.6295,0.6415,783306.7,1771344000000,497761.58674,5484,2026-02-17 15:00:00+00:00
1771344000000,0.6417,0.6588,0.64,0.6463,1269694.5,1771347600000,825062.82595,6046,2026-02-17 16:00:00+00:00
1771347600000,0.6463,0.6463,0.6355,0.6407,538355.4,1771351200000,345085.59324,4735,2026-02-17 17:00:00+00:00
1771351200000,0.6406,0.6579,0.6388,0.6542,887492.1,1771354800000,575174.43217,5808,2026-02-17 18:00:00+00:00
1771354800000,0.6542,0.6581,0.6499,0.6503,347956.2,1771358400000,227605.90948,3048,2026-02-17 19:00:00+00:00
1771358400000,0.6502,0.6527,0.6458,0.6508,252182.4,1771362000000,163778.13638,2687,2026-02-17 20:00:00+00:00
1771362000000,0.6507,0.655,0.6497,0.6548,184124.1,1771365600000,120049.81696,1866,2026-02-17 21:00:00+00:00
1771365600000,0.6548,0.6552,0.6471,0.6471,148350.5,1771369200000,96750.29747,921,2026-02-17 22:00:00+00:00
1771369200000,0.6469,0.6487,0.6422,0.645,212291.7,1771372800000,136785.86143,1586,2026-02-17 23:00:00+00:00
1771372800000,0.6452,0.6465,0.6364,0.6367,448963.2,1771376400000,287925.06881,2523,2026-02-18 00:00:00+00:00
1771376400000,0.6368,0.6378,0.6314,0.6342,221831.5,1771380000000,140693.92198,1547,2026-02-18 01:00:00+00:00
1771380000000,0.6342,0.6417,0.6339,0.6363,304801.3,1771383600000,194583.14009,1480,2026-02-18 02:00:00+00:00
1771383600000,0.6363,0.6459,0.6354,0.6428,296488.6,1771387200000,190242.23818,1686,2026-02-18 03:00:00+00:00
1771387200000,0.6428,0.6457,0.6403,0.6409,150054.0,1771390800000,96325.23827,1148,2026-02-18 04:00:00+00:00
1771390800000,0.6411,0.646,0.6401,0.643,152289.7,1771394400000,97928.79089,1286,2026-02-18 05:00:00+00:00
1771394400000,0.6432,0.6459,0.6386,0.6393,806676.3,1771398000000,518148.06555,2553,2026-02-18 06:00:00+00:00
1771398000000,0.6393,0.648,0.636,0.6456,368119.9,1771401600000,236374.958,1653,2026-02-18 07:00:00+00:00
1771401600000,0.6461,0.6602,0.6455,0.6535,889789.7,1771405200000,582470.40886,4773,2026-02-18 08:00:00+00:00
1771405200000,0.6536,0.6624,0.6526,0.6564,369808.9,1771408800000,243271.01013,2187,2026-02-18 09:00:00+00:00
1771408800000,0.6566,0.6586,0.6472,0.6505,489698.3,1771412400000,319866.26471,3147,2026-02-18 10:00:00+00:00
1771412400000,0.6504,0.6523,0.6387,0.6406,660853.5,1771416000000,426996.97503,5448,2026-02-18 11:00:00+00:00
1771416000000,0.6407,0.6462,0.6402,0.6414,423374.0,1771419600000,272398.42378,3143,2026-02-18 12:00:00+00:00
1771419600000,0.6415,0.645,0.6325,0.6366,554101.9,1771423200000,354602.49485,4604,2026-02-18 13:00:00+00:00
1771423200000,0.6363,0.6395,0.6287,0.6369,632860.8,1771426800000,401447.53452,5979,2026-02-18 14:00:00+00:00
1771426800000,0.6368,0.6553,0.6362,0.6448,490757.0,1771430400000,317116.74273,4437,2026-02-18 15:00:00+00:00
1771430400000,0.6446,0.645,0.6342,0.6356,287540.4,1771434000000,183362.53981,2776,2026-02-18 16:00:00+00:00
1771434000000,0.6356,0.6435,0.632,0.6329,216824.8,1771437600000,137937.74121,2561,2026-02-18 17:00:00+00:00
1771437600000,0.6331,0.6344,0.6213,0.623,510401.4,1771441200000,319802.92232,4887,2026-02-18 18:00:00+00:00
1771441200000,0.6229,0.6272,0.6104,0.6165,579092.0,1771444800000,357467.08173,4514,2026-02-18 19:00:00+00:00
1771444800000,0.6166,0.6228,0.6152,0.6165,281387.3,1771448400000,173981.13832,2654,2026-02-18 20:00:00+00:00
1771448400000,0.6166,0.62,0.6138,0.6148,188862.0,1771452000000,116423.93443,1824,2026-02-18 21:00:00+00:00
1771452000000,0.6149,0.6166,0.6082,0.615,266639.1,1771455600000,163295.37348,1805,2026-02-18 22:00:00+00:00
1771455600000,0.6151,0.6161,0.6069,0.6096,365309.0,1771459200000,222931.07387,3035,2026-02-18 23:00:00+00:00
1771459200000,0.6097,0.6148,0.6064,0.6106,452920.6,1771462800000,276656.80093,3844,2026-02-19 00:00:00+00:00
1771462800000,0.6107,0.6199,0.6107,0.6188,374480.3,1771466400000,230978.99628,3832,2026-02-19 01:00:00+00:00
1771466400000,0.6188,0.6239,0.6156,0.6223,440657.9,1771470000000,273385.36426,3458,2026-02-19 02:00:00+00:00
1771470000000,0.6222,0.629,0.6193,0.6213,259370.8,1771473600000,161708.7611,2983,2026-02-19 03:00:00+00:00
1771473600000,0.6212,0.6236,0.6172,0.6181,328310.3,1771477200000,203463.05163,2174,2026-02-19 04:00:00+00:00
1771477200000,0.6182,0.6214,0.6141,0.6205,412924.8,1771480800000,254652.41902,2186,2026-02-19 05:00:00+00:00
1771480800000,0.6204,0.6293,0.6198,0.6264,310127.0,1771484400000,194019.9123,2996,2026-02-19 06:00:00+00:00
1771484400000,0.6265,0.6313,0.6226,0.6271,239756.3,1771488000000,150477.95446,2440,2026-02-19 07:00:00+00:00
1771488000000,0.6269,0.6282,0.6129,0.6168,436104.9,1771491600000,269951.67568,3995,2026-02-19 08:00:00+00:00
1771491600000,0.6169,0.6228,0.6156,0.617,332682.7,1771495200000,205818.84523,3585,2026-02-19 09:00:00+00:00
1771495200000,0.6169,0.6195,0.6122,0.6156,311366.3,1771498800000,191787.53549,3787,2026-02-19 10:00:00+00:00
1771498800000,0.6156,0.6192,0.6143,0.6151,297367.2,1771502400000,183470.86946,2361,2026-02-19 11:00:00+00:00
1771502400000,0.6152,0.6197,0.6137,0.615,272850.1,1771506000000,168390.13643,2564,2026-02-19 12:00:00+00:00
1771506000000,0.6151,0.6155,0.5928,0.6002,1304503.7,1771509600000,784196.1678,7601,2026-02-19 13:00:00+00:00
1771509600000,0.6002,0.6119,0.5986,0.6093,663016.7,1771513200000,402307.8573,5214,2026-02-19 14:00:00+00:00
1771513200000,0.6094,0.621,0.604,0.6089,839709.8,1771516800000,514372.26879,6220,2026-02-19 15:00:00+00:00
1771516800000,0.6086,0.6123,0.6026,0.6069,392454.9,1771520400000,238585.78084,3804,2026-02-19 16:00:00+00:00
1771520400000,0.607,0.6191,0.6039,0.6071,487809.7,1771524000000,298443.47145,3774,2026-02-19 17:00:00+00:00
1771524000000,0.607,0.6193,0.606,0.6189,359351.3,1771527600000,220663.02086,3756,2026-02-19 18:00:00+00:00
1771527600000,0.619,0.6209,0.6121,0.6181,278389.2,1771531200000,171815.02799,2677,2026-02-19 19:00:00+00:00
1771531200000,0.6179,0.624,0.6162,0.6233,336374.5,1771534800000,208815.24901,2878,2026-02-19 20:00:00+00:00
1771534800000,0.6232,0.6292,0.6227,0.6274,476369.6,1771538400000,298462.71775,3275,2026-02-19 21:00:00+00:00
1771538400000,0.6271,0.63,0.6182,0.6228,432577.7,1771542000000,269289.31709,2616,2026-02-19 22:00:00+00:00
1771542000000,0.6227,0.631,0.6199,0.6307,313237.5,1771545600000,196315.14945,2056,2026-02-19 23:00:00+00:00
1771545600000,0.6303,0.6481,0.6267,0.6395,1107162.5,1771549200000,709103.52616,5737,2026-02-20 00:00:00+00:00
1771549200000,0.6398,0.6501,0.636,0.647,928333.0,1771552800000,597202.6037,5953,2026-02-20 01:00:00+00:00
1771552800000,0.6471,0.6522,0.6397,0.642,981776.0,1771556400000,633831.46225,4588,2026-02-20 02:00:00+00:00
1771556400000,0.6421,0.6498,0.6398,0.6416,351400.2,1771560000000,226510.57354,3035,2026-02-20 03:00:00+00:00
1771560000000,0.6417,0.6477,0.6329,0.6354,687992.1,1771563600000,440548.55769,5272,2026-02-20 04:00:00+00:00
1771563600000,0.6355,0.6431,0.6282,0.6374,560975.3,1771567200000,357795.50062,4157,2026-02-20 05:00:00+00:00
1771567200000,0.6375,0.6408,0.6337,0.6383,250116.2,1771570800000,159429.38473,2585,2026-02-20 06:00:00+00:00
1771570800000,0.6383,0.6386,0.6338,0.6354,180403.8,1771574400000,114737.41733,1977,2026-02-20 07:00:00+00:00
1771574400000,0.6355,0.6444,0.6345,0.6424,322362.9,1771578000000,205908.48669,3079,2026-02-20 08:00:00+00:00
1771578000000,0.6424,0.6519,0.6419,0.6464,521211.0,1771581600000,337584.84772,3832,2026-02-20 09:00:00+00:00
1771581600000,0.6464,0.6552,0.6463,0.6494,488412.9,1771585200000,317780.77388,4160,2026-02-20 10:00:00+00:00
1771585200000,0.6495,0.6509,0.6359,0.6387,567030.5,1771588800000,363969.40955,3920,2026-02-20 11:00:00+00:00
1771588800000,0.6388,0.6412,0.6353,0.6384,272114.1,1771592400000,173597.00734,2398,2026-02-20 12:00:00+00:00
1771592400000,0.6382,0.6386,0.6139,0.6215,1354322.0,1771596000000,845671.09299,8786,2026-02-20 13:00:00+00:00
1771596000000,0.6214,0.6371,0.6206,0.6321,700310.4,1771599600000,440496.6282,5695,2026-02-20 14:00:00+00:00
1771599600000,0.6322,0.6507,0.6322,0.6501,1298161.8,1771603200000,834531.51127,12405,2026-02-20 15:00:00+00:00
1771603200000,0.65,0.6531,0.6398,0.6505,810455.6,1771606800000,525026.88426,7722,2026-02-20 16:00:00+00:00
1771606800000,0.6506,0.657,0.6344,0.6563,1058355.1,1771610400000,683674.24941,7859,2026-02-20 17:00:00+00:00
1771610400000,0.6563,0.6609,0.6505,0.6578,782764.6,1771614000000,513445.9379,6364,2026-02-20 18:00:00+00:00
1771614000000,0.6579,0.661,0.6483,0.6507,382958.5,1771617600000,250108.28023,2686,2026-02-20 19:00:00+00:00
1771617600000,0.6506,0.6525,0.6426,0.6466,433744.4,1771621200000,280157.18068,3081,2026-02-20 20:00:00+00:00
1771621200000,0.6467,0.6499,0.6454,0.6483,173781.1,1771624800000,112457.32486,1577,2026-02-20 21:00:00+00:00
1771624800000,0.6482,0.6548,0.6455,0.6528,209042.0,1771628400000,135913.76743,1821,2026-02-20 22:00:00+00:00
1771628400000,0.6526,0.6543,0.6498,0.6528,240020.0,1771632000000,156411.46754,1921,2026-02-20 23:00:00+00:00
1771632000000,0.6529,0.6538,0.6437,0.6441,256916.1,1771635600000,166401.53995,2605,2026-02-21 00:00:00+00:00
1771635600000,0.6442,0.6509,0.6437,0.65,170062.5,1771639200000,109991.52559,1737,2026-02-21 01:00:00+00:00
1771639200000,0.6501,0.6525,0.648,0.6483,139337.9,1771642800000,90540.6738,1727,2026-02-21 02:00:00+00:00
1771642800000,0.6484,0.6484,0.639,0.641,398808.5,1771646400000,256091.43658,3866,2026-02-21 03:00:00+00:00
1771646400000,0.641,0.6433,0.6384,0.6416,188870.8,1771650000000,121054.25242,1986,2026-02-21 04:00:00+00:00
1771650000000,0.6417,0.6477,0.6417,0.6454,342500.0,1771653600000,220854.79124,2007,2026-02-21 05:00:00+00:00
1771653600000,0.6455,0.6461,0.6397,0.6411,203062.1,1771657200000,130583.55257,1711,2026-02-21 06:00:00+00:00
1771657200000,0.6409,0.6453,0.6386,0.6442,129949.5,1771660800000,83443.40822,1676,2026-02-21 07:00:00+00:00
1771660800000,0.6441,0.651,0.6439,0.6502,169750.5,1771664400000,109796.59114,2057,2026-02-21 08:00:00+00:00
1771664400000,0.6503,0.656,0.6483,0.6502,253638.1,1771668000000,165383.01658,3278,2026-02-21 09:00:00+00:00
1771668000000,0.6503,0.6527,0.6476,0.6492,203854.2,1771671600000,132544.98264,2198,2026-02-21 10:00:00+00:00
1771671600000,0.6491,0.6527,0.6452,0.6465,233196.3,1771675200000,151343.56686,2277,2026-02-21 11:00:00+00:00
1771675200000,0.6466,0.6478,0.6428,0.6465,143584.1,1771678800000,92672.34745,1791,2026-02-21 12:00:00+00:00
1771678800000,0.6464,0.6501,0.6423,0.6498,500248.3,1771682400000,322934.14926,2607,2026-02-21 13:00:00+00:00
1771682400000,0.6498,0.6576,0.6484,0.6526,488235.6,1771686000000,319030.22465,4703,2026-02-21 14:00:00+00:00
1771686000000,0.6524,0.6555,0.6486,0.6528,241647.2,1771689600000,157647.00243,2698,2026-02-21 15:00:00+00:00
1771689600000,0.6529,0.6532,0.6448,0.6469,613538.6,1771693200000,397242.14758,5359,2026-02-21 16:00:00+00:00
1771693200000,0.6467,0.6488,0.645,0.6473,140261.9,1771696800000,90776.94814,2082,2026-02-21 17:00:00+00:00
1771696800000,0.6473,0.6518,0.6472,0.6506,128731.2,1771700400000,83587.80042,1934,2026-02-21 18:00:00+00:00
1771700400000,0.6507,0.6565,0.6494,0.6513,475971.2,1771704000000,310959.79847,3331,2026-02-21 19:00:00+00:00
1771704000000,0.6512,0.6516,0.6434,0.6451,348266.5,1771707600000,225157.33093,3191,2026-02-21 20:00:00+00:00
1771707600000,0.6451,0.6496,0.6443,0.6491,236553.7,1771711200000,152960.1598,2212,2026-02-21 21:00:00+00:00
1771711200000,0.6491,0.6499,0.6445,0.6452,80228.7,1771714800000,51864.15717,1101,2026-02-21 22:00:00+00:00
1771714800000,0.6451,0.6469,0.6439,0.6446,102585.3,1771718400000,66178.96636,1737,2026-02-21 23:00:00+00:00
1771718400000,0.6445,0.6445,0.6362,0.6393,414565.2,1771722000000,264804.86485,4035,2026-02-22 00:00:00+00:00
1771722000000,0.6393,0.6408,0.6381,0.6387,119124.1,1771725600000,76173.55773,1596,2026-02-22 01:00:00+00:00
1771725600000,0.6386,0.6413,0.6324,0.633,506175.3,1771729200000,322144.57907,3209,2026-02-22 02:00:00+00:00
1771729200000,0.6329,0.6357,0.6299,0.6344,409898.3,1771732800000,258867.96274,2798,2026-02-22 03:00:00+00:00
1771732800000,0.6343,0.6352,0.6323,0.6335,76962.6,1771736400000,48766.17719,1126,2026-02-22 04:00:00+00:00
1771736400000,0.6334,0.634,0.6295,0.6304,175757.8,1771740000000,111027.50288,1872,2026-02-22 05:00:00+00:00
1771740000000,0.6304,0.6315,0.6275,0.6297,210292.8,1771743600000,132363.82113,2129,2026-02-22 06:00:00+00:00
1771743600000,0.6297,0.6361,0.6289,0.6333,336003.3,1771747200000,213088.20363,1469,2026-02-22 07:00:00+00:00
1771747200000,0.6331,0.6371,0.6281,0.6282,221870.7,1771750800000,140160.86565,1989,2026-02-22 08:00:00+00:00
1771750800000,0.6282,0.6347,0.628,0.6347,128252.9,1771754400000,80908.77092,1337,2026-02-22 09:00:00+00:00
1771754400000,0.6347,0.6386,0.6336,0.6361,261463.8,1771758000000,166331.25917,2251,2026-02-22 10:00:00+00:00
1771758000000,0.6361,0.638,0.6346,0.6364,104253.7,1771761600000,66335.69322,1241,2026-02-22 11:00:00+00:00
1771761600000,0.6362,0.6368,0.6256,0.6271,364931.6,1771765200000,228957.74587,3021,2026-02-22 12:00:00+00:00
1771765200000,0.6272,0.6274,0.6197,0.6216,781958.7,1771768800000,487093.67796,3272,2026-02-22 13:00:00+00:00
1771768800000,0.6216,0.6229,0.6179,0.6197,460927.0,1771772400000,285692.33138,3567,2026-02-22 14:00:00+00:00
1771772400000,0.6194,0.6231,0.615,0.6216,525449.5,1771776000000,325142.68844,4551,2026-02-22 15:00:00+00:00
1771776000000,0.6217,0.6279,0.6202,0.6269,218523.1,1771779600000,136545.26397,1459,2026-02-22 16:00:00+00:00
1771779600000,0.627,0.6272,0.6186,0.6209,141511.6,1771783200000,88056.0226,1355,2026-02-22 17:00:00+00:00
1771783200000,0.6209,0.6234,0.6195,0.6223,86481.9,1771786800000,53690.0164,700,2026-02-22 18:00:00+00:00
1771786800000,0.6222,0.623,0.6194,0.6203,56901.0,1771790400000,35331.33484,544,2026-02-22 19:00:00+00:00
1771790400000,0.6203,0.6217,0.6156,0.6162,86648.8,1771794000000,53681.01312,727,2026-02-22 20:00:00+00:00
1771794000000,0.6163,0.6205,0.6133,0.6192,179143.9,1771797600000,110466.1439,1033,2026-02-22 21:00:00+00:00
1771797600000,0.619,0.6231,0.6182,0.6228,70890.3,1771801200000,43985.74728,778,2026-02-22 22:00:00+00:00
1771801200000,0.6226,0.6243,0.6202,0.6235,145496.8,1771804800000,90507.98117,1492,2026-02-22 23:00:00+00:00
1771804800000,0.6236,0.6249,0.6096,0.6111,609664.8,1771808400000,375119.00323,3082,2026-02-23 00:00:00+00:00
1771808400000,0.6111,0.6115,0.5782,0.5819,2531171.8,1771812000000,1489330.90167,18190,2026-02-23 01:00:00+00:00
1771812000000,0.582,0.5894,0.58,0.5888,1049424.8,1771815600000,614539.7279,4642,2026-02-23 02:00:00+00:00
1771815600000,0.5889,0.5962,0.5869,0.5923,387662.1,1771819200000,229260.35998,3084,2026-02-23 03:00:00+00:00
1771819200000,0.5925,0.5941,0.5883,0.5883,280194.9,1771822800000,165663.55227,1665,2026-02-23 04:00:00+00:00
1771822800000,0.5884,0.5976,0.5884,0.5944,280254.2,1771826400000,166726.1111,1955,2026-02-23 05:00:00+00:00
1771826400000,0.5946,0.6058,0.5942,0.6048,507451.6,1771830000000,305786.71986,2450,2026-02-23 06:00:00+00:00
1771830000000,0.6047,0.6088,0.6037,0.604,271489.5,1771833600000,164386.95614,1739,2026-02-23 07:00:00+00:00
1771833600000,0.6039,0.6039,0.5976,0.6001,239402.8,1771837200000,143843.18838,1987,2026-02-23 08:00:00+00:00
1771837200000,0.6002,0.6194,0.6002,0.6183,476403.2,1771840800000,291059.35483,3181,2026-02-23 09:00:00+00:00
1771840800000,0.6182,0.6224,0.6165,0.6186,292871.1,1771844400000,181157.01333,2848,2026-02-23 10:00:00+00:00
1771844400000,0.6189,0.6225,0.6166,0.6177,195889.1,1771848000000,121285.36351,1612,2026-02-23 11:00:00+00:00
1771848000000,0.6177,0.6321,0.616,0.6307,604142.9,1771851600000,377318.64032,4300,2026-02-23 12:00:00+00:00
1771851600000,0.6305,0.6346,0.6134,0.6145,645075.1,1771855200000,402520.07252,4119,2026-02-23 13:00:00+00:00
1771855200000,0.6145,0.6152,0.6055,0.6093,499839.9,1771858800000,305483.39584,4630,2026-02-23 14:00:00+00:00
1771858800000,0.6094,0.6109,0.5979,0.5991,606776.6,1771862400000,366431.70711,5964,2026-02-23 15:00:00+00:00
1771862400000,0.5992,0.6024,0.5929,0.5948,441667.5,1771866000000,263654.23563,2968,2026-02-23 16:00:00+00:00
1771866000000,0.5949,0.5966,0.5796,0.5903,764684.8,1771869600000,448081.98653,4258,2026-02-23 17:00:00+00:00
1771869600000,0.5898,0.5979,0.5873,0.5894,427200.3,1771873200000,253055.80639,3108,2026-02-23 18:00:00+00:00
1771873200000,0.5895,0.5907,0.5832,0.5847,310413.3,1771876800000,181988.00919,2075,2026-02-23 19:00:00+00:00
1771876800000,0.5845,0.5883,0.5809,0.588,463380.9,1771880400000,270454.79404,2590,2026-02-23 20:00:00+00:00
1771880400000,0.5878,0.5941,0.5877,0.5923,289294.5,1771884000000,170816.92296,1975,2026-02-23 21:00:00+00:00
1771884000000,0.5924,0.5976,0.5909,0.5915,348722.4,1771887600000,207232.67763,1873,2026-02-23 22:00:00+00:00
1771887600000,0.5915,0.5954,0.5867,0.5882,288454.5,1771891200000,170469.83543,1949,2026-02-23 23:00:00+00:00
1771891200000,0.5883,0.5966,0.5883,0.596,359014.0,1771894800000,213120.3552,3040,2026-02-24 00:00:00+00:00
1771894800000,0.5959,0.6009,0.5777,0.5921,1318378.9,1771898400000,776904.30443,12931,2026-02-24 01:00:00+00:00
1771898400000,0.5921,0.5942,0.5874,0.5882,429598.6,1771902000000,253314.68935,3763,2026-02-24 02:00:00+00:00
1771902000000,0.5881,0.5881,0.5773,0.5797,867320.4,1771905600000,504134.77379,5972,2026-02-24 03:00:00+00:00
1771905600000,0.5798,0.5816,0.5733,0.5804,966821.6,1771909200000,559029.21702,6737,2026-02-24 04:00:00+00:00
1771909200000,0.5803,0.5844,0.5758,0.5789,351742.3,1771912800000,203769.98958,3578,2026-02-24 05:00:00+00:00
1771912800000,0.5787,0.5814,0.5762,0.5777,192661.3,1771916400000,111513.3407,2428,2026-02-24 06:00:00+00:00
1771916400000,0.5777,0.5819,0.5757,0.5782,430562.1,1771920000000,249218.56836,3181,2026-02-24 07:00:00+00:00
1771920000000,0.5782,0.5851,0.5726,0.5831,545189.6,1771923600000,315971.90806,3872,2026-02-24 08:00:00+00:00
1771923600000,0.583,0.5837,0.5743,0.58,385306.2,1771927200000,223197.25572,2855,2026-02-24 09:00:00+00:00
1771927200000,0.58,0.5816,0.5768,0.5795,434322.8,1771930800000,251616.39891,2744,2026-02-24 10:00:00+00:00
1771930800000,0.5795,0.5804,0.5759,0.5779,252247.0,1771934400000,145788.33787,2117,2026-02-24 11:00:00+00:00
1771934400000,0.5778,0.5805,0.5744,0.5762,440834.5,1771938000000,254525.13383,3108,2026-02-24 12:00:00+00:00
1771938000000,0.5762,0.5836,0.57,0.5805,675169.7,1771941600000,389576.79004,5435,2026-02-24 13:00:00+00:00
1771941600000,0.5804,0.5959,0.5762,0.5912,912566.8,1771945200000,534218.46488,8410,2026-02-24 14:00:00+00:00
1771945200000,0.5913,0.6046,0.5876,0.5987,796667.9,1771948800000,475899.63095,8787,2026-02-24 15:00:00+00:00
1771948800000,0.5986,0.61,0.597,0.6091,719571.2,1771952400000,434568.63189,8742,2026-02-24 16:00:00+00:00
1771952400000,0.6091,0.612,0.6043,0.6063,513736.4,1771956000000,312691.56919,5350,2026-02-24 17:00:00+00:00
1771956000000,0.6061,0.608,0.6002,0.603,262181.2,1771959600000,158319.86448,2824,2026-02-24 18:00:00+00:00
1771959600000,0.6029,0.6087,0.6016,0.6062,296292.3,1771963200000,179389.26843,3528,2026-02-24 19:00:00+00:00
1771963200000,0.6063,0.6083,0.6042,0.6065,147741.6,1771966800000,89605.08388,2620,2026-02-24 20:00:00+00:00
1771966800000,0.6065,0.6066,0.5985,0.6023,411732.4,1771970400000,247493.91358,3373,2026-02-24 21:00:00+00:00
1771970400000,0.6022,0.6171,0.6015,0.6164,890281.5,1771974000000,545196.87036,5777,2026-02-24 22:00:00+00:00
1771974000000,0.6163,0.6163,0.6046,0.6061,423711.5,1771977600000,258064.61775,3015,2026-02-24 23:00:00+00:00
1771977600000,0.6062,0.6081,0.5994,0.6024,316643.1,1771981200000,190991.03074,2970,2026-02-25 00:00:00+00:00
1771981200000,0.6023,0.654,0.6023,0.6526,2752229.8,1771984800000,1755377.20144,23924,2026-02-25 01:00:00+00:00
1771984800000,0.6528,0.6737,0.6524,0.6635,2600948.2,1771988400000,1720238.93546,21759,2026-02-25 02:00:00+00:00
1771988400000,0.6637,0.667,0.6492,0.6589,1417134.3,1771992000000,931224.05291,13318,2026-02-25 03:00:00+00:00
1771992000000,0.659,0.6623,0.6511,0.6599,1318877.6,1771995600000,866875.01784,12077,2026-02-25 04:00:00+00:00
1771995600000,0.6598,0.663,0.639,0.6502,1695652.0,1771999200000,1097894.17501,12341,2026-02-25 05:00:00+00:00
1771999200000,0.6502,0.6608,0.6493,0.652,783676.3,1772002800000,513820.61501,7561,2026-02-25 06:00:00+00:00
1772002800000,0.6521,0.6597,0.6519,0.6581,504200.3,1772006400000,330628.42222,5073,2026-02-25 07:00:00+00:00
1772006400000,0.6583,0.7035,0.658,0.699,3138538.1,1772010000000,2142981.01437,27387,2026-02-25 08:00:00+00:00
1772010000000,0.6992,0.7257,0.6895,0.7239,3690878.3,1772013600000,2620215.97405,35744,2026-02-25 09:00:00+00:00
1772013600000,0.724,0.7264,0.6933,0.6947,2039818.8,1772017200000,1441609.05229,20309,2026-02-25 10:00:00+00:00
1772017200000,0.6946,0.6951,0.6811,0.683,1571415.4,1772020800000,1082617.62482,13931,2026-02-25 11:00:00+00:00
1772020800000,0.6829,0.6971,0.6747,0.69,1594681.8,1772024400000,1091408.83344,13471,2026-02-25 12:00:00+00:00
1772024400000,0.6901,0.7036,0.6845,0.6936,1369951.6,1772028000000,951102.98252,12372,2026-02-25 13:00:00+00:00
1772028000000,0.6936,0.7115,0.6911,0.7053,2079200.2,1772031600000,1460032.10219,16748,2026-02-25 14:00:00+00:00
1772031600000,0.7052,0.7092,0.6857,0.6948,2009946.0,1772035200000,1399681.17177,15090,2026-02-25 15:00:00+00:00
1772035200000,0.6949,0.7001,0.6896,0.6966,1077974.7,1772038800000,749590.45002,9574,2026-02-25 16:00:00+00:00
1772038800000,0.6967,0.7067,0.6941,0.7065,841463.3,1772042400000,590540.30912,8153,2026-02-25 17:00:00+00:00
1772042400000,0.7066,0.7148,0.7047,0.7143,1005617.7,1772046000000,713884.23545,7692,2026-02-25 18:00:00+00:00
1772046000000,0.7142,0.7142,0.7047,0.7089,509192.9,1772049600000,360828.72953,6202,2026-02-25 19:00:00+00:00
1772049600000,0.7089,0.7159,0.7013,0.7094,681387.7,1772053200000,482832.91931,7220,2026-02-25 20:00:00+00:00
1772053200000,0.7095,0.7289,0.7037,0.7209,1706545.1,1772056800000,1225719.89709,12294,2026-02-25 21:00:00+00:00
1772056800000,0.7208,0.724,0.6974,0.7021,1041748.5,1772060400000,738402.84079,6153,2026-02-25 22:00:00+00:00
1772060400000,0.702,0.703,0.6823,0.6935,988222.3,1772064000000,683818.69513,9228,2026-02-25 23:00:00+00:00
1772064000000,0.6934,0.7046,0.685,0.6875,1415397.0,1772067600000,981920.24215,11177,2026-02-26 00:00:00+00:00
1772067600000,0.6876,0.6921,0.6835,0.6856,948199.8,1772071200000,651874.65837,6435,2026-02-26 01:00:00+00:00
1772071200000,0.6857,0.7018,0.6791,0.6995,1180092.4,1772074800000,816003.16439,10330,2026-02-26 02:00:00+00:00
1772074800000,0.6996,0.707,0.6928,0.6984,1658461.5,1772078400000,1161487.70913,10953,2026-02-26 03:00:00+00:00
1772078400000,0.6985,0.7051,0.6933,0.6978,684595.3,1772082000000,478684.24137,7040,2026-02-26 04:00:00+00:00
1772082000000,0.6977,0.7004,0.685,0.6959,959749.7,1772085600000,665405.07113,8064,2026-02-26 05:00:00+00:00
1772085600000,0.6957,0.6963,0.6897,0.6944,565488.5,1772089200000,392128.45776,4699,2026-02-26 06:00:00+00:00
1772089200000,0.6944,0.7021,0.6935,0.7015,477944.0,1772092800000,334128.76739,4493,2026-02-26 07:00:00+00:00
1772092800000,0.7014,0.7163,0.7012,0.705,1376560.0,1772096400000,977355.01765,9710,2026-02-26 08:00:00+00:00
1772096400000,0.7049,0.7114,0.6951,0.706,1196126.1,1772100000000,841663.01883,8199,2026-02-26 09:00:00+00:00
1772100000000,0.7057,0.7126,0.7,0.7018,887406.0,1772103600000,625772.00906,6555,2026-02-26 10:00:00+00:00
1772103600000,0.7018,0.7062,0.6922,0.6947,1057911.4,1772107200000,737663.15465,4416,2026-02-26 11:00:00+00:00
1772107200000,0.6948,0.6965,0.6885,0.6946,856588.9,1772110800000,593200.0539,4296,2026-02-26 12:00:00+00:00
1772110800000,0.6943,0.7007,0.6914,0.6978,782006.4,1772114400000,544941.37112,3875,2026-02-26 13:00:00+00:00
1772114400000,0.6977,0.6993,0.6808,0.6894,1310162.0,1772118000000,903473.62552,8448,2026-02-26 14:00:00+00:00
1772118000000,0.6893,0.692,0.677,0.6866,1556573.5,1772121600000,1064225.52077,10024,2026-02-26 15:00:00+00:00
1772121600000,0.6865,0.687,0.6558,0.6581,2045805.7,1772125200000,1370819.74817,10503,2026-02-26 16:00:00+00:00
1772125200000,0.6581,0.667,0.6569,0.6585,1001655.2,1772128800000,662889.72454,5689,2026-02-26 17:00:00+00:00
1772128800000,0.6584,0.6619,0.6526,0.6589,608199.3,1772132400000,399821.52905,4348,2026-02-26 18:00:00+00:00
1772132400000,0.6588,0.6735,0.6583,0.6697,832527.7,1772136000000,556065.09838,5611,2026-02-26 19:00:00+00:00
1772136000000,0.6696,0.6731,0.6599,0.6604,452980.0,1772139600000,301833.10572,3268,2026-02-26 20:00:00+00:00
1772139600000,0.6603,0.6662,0.6587,0.6654,142077.6,1772143200000,94176.00698,1560,2026-02-26 21:00:00+00:00
1772143200000,0.6655,0.6713,0.6647,0.6705,232725.9,1772146800000,155408.65585,1566,2026-02-26 22:00:00+00:00
1772146800000,0.6705,0.6753,0.667,0.6722,409789.3,1772150400000,275158.21093,1903,2026-02-26 23:00:00+00:00
1772150400000,0.6723,0.6734,0.6642,0.6673,660814.1,1772154000000,441683.31496,3173,2026-02-27 00:00:00+00:00
1772154000000,0.6674,0.6768,0.6655,0.6768,481729.1,1772157600000,323426.68001,3731,2026-02-27 01:00:00+00:00
1772157600000,0.6767,0.6836,0.6751,0.6799,488342.9,1772161200000,331984.15824,2911,2026-02-27 02:00:00+00:00
1772161200000,0.6798,0.6903,0.6758,0.6874,419789.9,1772164800000,286558.06785,3101,2026-02-27 03:00:00+00:00
1772164800000,0.6872,0.7111,0.6871,0.7059,2016032.3,1772168400000,1419650.84912,10527,2026-02-27 04:00:00+00:00
1772168400000,0.7058,0.7144,0.7033,0.7081,1197401.5,1772172000000,849761.17856,7885,2026-02-27 05:00:00+00:00
1772172000000,0.708,0.7143,0.7027,0.7098,559444.1,1772175600000,396514.85162,4480,2026-02-27 06:00:00+00:00
1772175600000,0.7098,0.7241,0.7036,0.724,822904.3,1772179200000,586299.5982,5589,2026-02-27 07:00:00+00:00
1772179200000,0.7236,0.7311,0.7194,0.7271,1464395.7,1772182800000,1062524.80665,8526,2026-02-27 08:00:00+00:00
1772182800000,0.7268,0.7445,0.7098,0.7124,2359881.6,1772186400000,1717122.17075,12992,2026-02-27 09:00:00+00:00
1772186400000,0.7126,0.7173,0.6963,0.6997,1703611.4,1772190000000,1200922.26733,9683,2026-02-27 10:00:00+00:00
1772190000000,0.6998,0.706,0.6915,0.7015,1639349.0,1772193600000,1143809.58555,9224,2026-02-27 11:00:00+00:00
1772193600000,0.7015,0.702,0.6829,0.6866,1204349.9,1772197200000,832349.13231,5987,2026-02-27 12:00:00+00:00
1772197200000,0.6866,0.69,0.6783,0.6875,1218377.4,1772200800000,834682.35865,7622,2026-02-27 13:00:00+00:00
1772200800000,0.6871,0.698,0.686,0.688,1168842.8,1772204400000,809079.4036,6621,2026-02-27 14:00:00+00:00
1772204400000,0.6878,0.6944,0.6822,0.6898,589056.7,1772208000000,405219.9184,3703,2026-02-27 15:00:00+00:00
1772208000000,0.6896,0.6916,0.6746,0.6775,1017422.3,1772211600000,693262.11634,4251,2026-02-27 16:00:00+00:00
1772211600000,0.6776,0.6866,0.6696,0.6849,760325.1,1772215200000,513792.70878,3891,2026-02-27 17:00:00+00:00
1772215200000,0.6852,0.686,0.6776,0.6791,365284.3,1772218800000,249152.03056,2445,2026-02-27 18:00:00+00:00
1772218800000,0.6789,0.6815,0.6704,0.6736,745999.8,1772222400000,503142.44403,2559,2026-02-27 19:00:00+00:00
1772222400000,0.6735,0.6779,0.6709,0.6731,293086.3,1772226000000,197763.57364,1882,2026-02-27 20:00:00+00:00
1772226000000,0.6732,0.6766,0.6695,0.6719,389602.8,1772229600000,262233.09531,2109,2026-02-27 21:00:00+00:00
1772229600000,0.6715,0.6726,0.6562,0.6719,753701.8,1772233200000,502186.79952,2817,2026-02-27 22:00:00+00:00
1772233200000,0.6718,0.6851,0.6717,0.6843,1465844.2,1772236800000,999049.16217,6728,2026-02-27 23:00:00+00:00
1772236800000,0.6842,0.6864,0.6768,0.6847,940508.9,1772240400000,641838.38317,5238,2026-02-28 00:00:00+00:00
1772240400000,0.6848,0.6932,0.6809,0.6812,895744.9,1772244000000,616582.34384,6607,2026-02-28 01:00:00+00:00
1772244000000,0.6812,0.6814,0.673,0.676,660362.8,1772247600000,446831.35682,4484,2026-02-28 02:00:00+00:00
1772247600000,0.6759,0.6766,0.6665,0.6673,402517.3,1772251200000,270445.86099,3236,2026-02-28 03:00:00+00:00
1772251200000,0.6672,0.6718,0.6645,0.6701,444878.5,1772254800000,297355.28947,3221,2026-02-28 04:00:00+00:00
1772254800000,0.6702,0.6707,0.6616,0.6654,231228.6,1772258400000,153957.66759,2498,2026-02-28 05:00:00+00:00
1772258400000,0.6653,0.6654,0.6251,0.6282,3364143.5,1772262000000,2163120.67065,25083,2026-02-28 06:00:00+00:00
1772262000000,0.6281,0.6559,0.6238,0.6435,2537819.0,1772265600000,1630427.61866,18039,2026-02-28 07:00:00+00:00
1772265600000,0.6436,0.6477,0.6342,0.6358,955414.2,1772269200000,611153.3054,7492,2026-02-28 08:00:00+00:00
1772269200000,0.6357,0.642,0.632,0.634,856578.6,1772272800000,545015.44446,6766,2026-02-28 09:00:00+00:00
1772272800000,0.6339,0.6397,0.6271,0.6344,746446.3,1772276400000,472900.19753,6562,2026-02-28 10:00:00+00:00
1772276400000,0.6345,0.6432,0.63,0.6311,931415.1,1772280000000,593593.27131,6528,2026-02-28 11:00:00+00:00
1772280000000,0.6311,0.6343,0.6268,0.6314,730190.6,1772283600000,460493.21893,5395,2026-02-28 12:00:00+00:00
1772283600000,0.6315,0.6615,0.6306,0.6615,1237050.7,1772287200000,799710.73121,11838,2026-02-28 13:00:00+00:00
1772287200000,0.6614,0.6667,0.6511,0.652,1508070.1,1772290800000,992604.04877,14092,2026-02-28 14:00:00+00:00
1772290800000,0.6521,0.6569,0.6433,0.6534,811323.1,1772294400000,528769.11728,6948,2026-02-28 15:00:00+00:00
1772294400000,0.6535,0.6596,0.6489,0.6588,316250.8,1772298000000,207037.67255,3932,2026-02-28 16:00:00+00:00
1772298000000,0.6591,0.6618,0.6497,0.6592,434659.7,1772301600000,284832.23062,4814,2026-02-28 17:00:00+00:00
1772301600000,0.6591,0.6774,0.6538,0.6715,563081.9,1772305200000,373991.53991,6517,2026-02-28 18:00:00+00:00
1772305200000,0.6714,0.6957,0.6663,0.6903,1314714.8,1772308800000,901626.37026,7718,2026-02-28 19:00:00+00:00
1772308800000,0.6903,0.7071,0.685,0.7025,1430529.0,1772312400000,993802.96584,11554,2026-02-28 20:00:00+00:00
1772312400000,0.7025,0.7061,0.6923,0.6986,736339.3,1772316000000,513773.67543,8648,2026-02-28 21:00:00+00:00
1772316000000,0.6987,0.7181,0.6981,0.7074,782667.8,1772319600000,555669.99569,5999,2026-02-28 22:00:00+00:00
1772319600000,0.7072,0.7122,0.7049,0.7076,436225.9,1772323200000,309339.43972,5062,2026-02-28 23:00:00+00:00
1772323200000,0.7076,0.7135,0.703,0.7123,775668.1,1772326799999,548890.13442,9157,2026-03-01 00:00:00+00:00
1772326800000,0.7124,0.7381,0.698,0.7301,1809926.8,1772330399999,1297615.10657,16524,2026-03-01 01:00:00+00:00
1772330400000,0.7302,0.7483,0.7288,0.7328,1774070.9,1772333999999,1311507.32725,18845,2026-03-01 02:00:00+00:00
1772334000000,0.7327,0.7386,0.7254,0.7281,851992.6,1772337599999,622567.33854,8267,2026-03-01 03:00:00+00:00
1772337600000,0.7282,0.7309,0.7183,0.7247,777797.8,1772341199999,562465.75311,6392,2026-03-01 04:00:00+00:00
1772341200000,0.7247,0.729,0.7212,0.7235,360652.8,1772344799999,261418.34526,3650,2026-03-01 05:00:00+00:00
1772344800000,0.7234,0.7245,0.713,0.719,719040.2,1772348399999,515446.05119,6307,2026-03-01 06:00:00+00:00
1772348400000,0.719,0.7244,0.7161,0.7175,368236.3,1772351999999,265160.8868,3813,2026-03-01 07:00:00+00:00
1772352000000,0.7176,0.7192,0.7012,0.7046,696569.8,1772355599999,494881.5802,5877,2026-03-01 08:00:00+00:00
1772355600000,0.7047,0.7101,0.6958,0.7003,713214.9,1772359199999,500478.57331,6111,2026-03-01 09:00:00+00:00
1772359200000,0.7003,0.708,0.6958,0.7025,568366.5,1772362799999,398829.33574,4997,2026-03-01 10:00:00+00:00
1772362800000,0.7025,0.7049,0.6972,0.699,536662.5,1772366399999,376225.99938,3491,2026-03-01 11:00:00+00:00
1772366400000,0.6991,0.7011,0.6915,0.6932,466885.4,1772369999999,325298.60453,5060,2026-03-01 12:00:00+00:00
1772370000000,0.6931,0.7134,0.6884,0.7064,1185690.7,1772373599999,830446.84631,12160,2026-03-01 13:00:00+00:00
1772373600000,0.7065,0.7139,0.6961,0.6975,765883.0,1772377199999,539355.86706,9353,2026-03-01 14:00:00+00:00
1772377200000,0.6974,0.7137,0.6965,0.706,634530.5,1772380799999,449062.65545,4830,2026-03-01 15:00:00+00:00
1772380800000,0.7066,0.7132,0.6912,0.6982,690216.2,1772384399999,486140.98307,4573,2026-03-01 16:00:00+00:00
1772384400000,0.6982,0.6996,0.6884,0.6904,792319.4,1772387999999,549377.7815,4275,2026-03-01 17:00:00+00:00
1772388000000,0.6908,0.7027,0.6907,0.695,425184.6,1772391599999,296251.53915,2662,2026-03-01 18:00:00+00:00
1772391600000,0.6952,0.6957,0.6855,0.6881,413353.8,1772395199999,285723.11999,2497,2026-03-01 19:00:00+00:00
1772395200000,0.6876,0.6886,0.6744,0.6767,969543.6,1772398799999,658418.83076,4836,2026-03-01 20:00:00+00:00
1772398800000,0.6767,0.6865,0.6767,0.6825,318468.8,1772402399999,217172.94098,2038,2026-03-01 21:00:00+00:00
1772402400000,0.6825,0.6973,0.6773,0.6808,665281.4,1772405999999,456907.81993,4229,2026-03-01 22:00:00+00:00
1772406000000,0.6806,0.6935,0.6797,0.6855,229164.0,1772409599999,157124.9732,2595,2026-03-01 23:00:00+00:00
1772409600000,0.6852,0.6969,0.6836,0.6928,534734.9,1772413199999,368301.47329,4895,2026-03-02 00:00:00+00:00
1772413200000,0.693,0.7045,0.6908,0.7018,613782.3,1772416799999,428850.48757,4347,2026-03-02 01:00:00+00:00
1772416800000,0.702,0.7042,0.6895,0.6944,468725.1,1772420399999,326420.19175,4398,2026-03-02 02:00:00+00:00
1772420400000,0.6945,0.708,0.6864,0.7051,1635815.4,1772423999999,1143246.5056,5654,2026-03-02 03:00:00+00:00
1772424000000,0.7054,0.7098,0.7007,0.7021,408409.4,1772427599999,287781.48571,3497,2026-03-02 04:00:00+00:00
1772427600000,0.702,0.715,0.6979,0.7066,537737.6,1772431199999,380655.77802,4138,2026-03-02 05:00:00+00:00
1772431200000,0.7065,0.7071,0.6917,0.6961,598657.2,1772434799999,418596.36405,4926,2026-03-02 06:00:00+00:00
1772434800000,0.6959,0.696,0.6858,0.6918,363141.0,1772438399999,250597.89132,3145,2026-03-02 07:00:00+00:00
1772438400000,0.6919,0.7003,0.6837,0.6979,655724.2,1772441999999,452518.65215,6243,2026-03-02 08:00:00+00:00
1772442000000,0.6981,0.7058,0.696,0.696,485288.3,1772445599999,339735.39461,4309,2026-03-02 09:00:00+00:00
1772445600000,0.6959,0.7052,0.6946,0.7034,539060.5,1772449199999,378091.73243,3592,2026-03-02 10:00:00+00:00
1772449200000,0.7033,0.7073,0.6978,0.7031,402800.9,1772452799999,283033.92308,4065,2026-03-02 11:00:00+00:00
1772452800000,0.703,0.7035,0.6925,0.6935,539334.9,1772456399999,374988.60002,3188,2026-03-02 12:00:00+00:00
1772456400000,0.6935,0.6964,0.6876,0.69,529930.8,1772459999999,366265.89125,4126,2026-03-02 13:00:00+00:00
1772460000000,0.6901,0.7257,0.6886,0.7257,1449804.4,1772463599999,1030892.52108,11099,2026-03-02 14:00:00+00:00
1772463600000,0.7255,0.7888,0.7252,0.7822,4098355.5,1772467199999,3119639.67421,22269,2026-03-02 15:00:00+00:00
1772467200000,0.7826,0.7902,0.7641,0.7784,2436692.2,1772470799999,1895775.71693,15785,2026-03-02 16:00:00+00:00
1772470800000,0.7786,0.7805,0.7558,0.7669,1122178.2,1772474399999,859647.54256,8350,2026-03-02 17:00:00+00:00
1772474400000,0.7666,0.798,0.7603,0.7836,1388079.8,1772477999999,1084353.5068,9349,2026-03-02 18:00:00+00:00
1772478000000,0.7836,0.785,0.7685,0.7818,1055086.3,1772481599999,819806.31297,8162,2026-03-02 19:00:00+00:00
1772481600000,0.7816,0.7889,0.766,0.7685,961207.9,1772485199999,743934.7774,9167,2026-03-02 20:00:00+00:00
1772485200000,0.7686,0.7797,0.7638,0.7735,621477.8,1772488799999,479566.31234,4625,2026-03-02 21:00:00+00:00
1772488800000,0.7737,0.7822,0.7728,0.7787,431919.2,1772492399999,335854.55393,2985,2026-03-02 22:00:00+00:00
1772492400000,0.779,0.7794,0.7617,0.7655,765712.0,1772495999999,588173.66789,4148,2026-03-02 23:00:00+00:00
1772496000000,0.7654,0.7733,0.7532,0.7667,1193838.1,1772499599999,909295.90251,6723,2026-03-03 00:00:00+00:00
1772499600000,0.7666,0.7762,0.7626,0.7662,780412.9,1772503199999,601483.18342,6369,2026-03-03 01:00:00+00:00
1772503200000,0.7664,0.7664,0.756,0.7624,790084.8,1772506799999,601229.26849,5533,2026-03-03 02:00:00+00:00
1772506800000,0.7626,0.774,0.7577,0.7714,436982.8,1772510399999,335209.21747,4819,2026-03-03 03:00:00+00:00
1772510400000,0.7716,0.7728,0.7584,0.761,490457.9,1772513999999,374718.36184,4066,2026-03-03 04:00:00+00:00
1772514000000,0.761,0.7748,0.7443,0.7479,969008.7,1772517599999,735822.70881,8630,2026-03-03 05:00:00+00:00
1772517600000,0.7481,0.7587,0.7477,0.7489,783292.1,1772521199999,589024.22589,5279,2026-03-03 06:00:00+00:00
1772521200000,0.7491,0.7591,0.7467,0.7557,396566.3,1772524799999,299181.25667,3782,2026-03-03 07:00:00+00:00
1772524800000,0.7558,0.7599,0.7417,0.7439,666508.7,1772528399999,499518.93321,6428,2026-03-03 08:00:00+00:00
1772528400000,0.744,0.7496,0.7347,0.7393,930725.9,1772531999999,690996.10918,6736,2026-03-03 09:00:00+00:00
1772532000000,0.7393,0.7434,0.7309,0.7386,730473.0,1772535599999,538151.75069,5910,2026-03-03 10:00:00+00:00
1772535600000,0.7387,0.7473,0.7364,0.7462,643314.5,1772539199999,477890.05222,4698,2026-03-03 11:00:00+00:00
1772539200000,0.7463,0.7617,0.7423,0.7435,654934.0,1772542799999,491062.68054,4764,2026-03-03 12:00:00+00:00
1772542800000,0.7436,0.7439,0.7192,0.726,1318328.3,1772546399999,960473.47768,6196,2026-03-03 13:00:00+00:00
1772546400000,0.7259,0.7364,0.7146,0.7194,1028528.3,1772549999999,745518.60275,8312,2026-03-03 14:00:00+00:00
1772550000000,0.7192,0.7362,0.7174,0.7331,1177812.3,1772553599999,854571.1026,7919,2026-03-03 15:00:00+00:00
1772553600000,0.7333,0.7579,0.7267,0.7379,1701228.4,1772557199999,1258115.71829,9563,2026-03-03 16:00:00+00:00
1772557200000,0.7382,0.7493,0.7312,0.7463,668952.9,1772560799999,493965.12659,5120,2026-03-03 17:00:00+00:00
1772560800000,0.747,0.7535,0.7379,0.7466,411863.1,1772564399999,307923.64804,3295,2026-03-03 18:00:00+00:00
1772564400000,0.7471,0.7474,0.7376,0.7415,303301.3,1772567999999,225234.86668,3081,2026-03-03 19:00:00+00:00
1772568000000,0.7413,0.7419,0.7313,0.7333,261610.0,1772571599999,192681.96327,2207,2026-03-03 20:00:00+00:00
1772571600000,0.7332,0.7336,0.7249,0.7315,380520.2,1772575199999,277481.83194,2838,2026-03-03 21:00:00+00:00
1772575200000,0.732,0.7433,0.7305,0.7386,356227.9,1772578799999,263328.21523,2072,2026-03-03 22:00:00+00:00
1772578800000,0.7387,0.7476,0.737,0.7419,409842.4,1772582399999,304784.18589,4085,2026-03-03 23:00:00+00:00
1772582400000,0.742,0.749,0.7357,0.7448,750051.0,1772585999999,557291.89779,7883,2026-03-04 00:00:00+00:00
1772586000000,0.7449,0.7575,0.7444,0.7502,982345.9,1772589599999,737850.48207,10047,2026-03-04 01:00:00+00:00
1772589600000,0.7502,0.7511,0.7412,0.7481,768887.1,1772593199999,572983.56561,6452,2026-03-04 02:00:00+00:00
1772593200000,0.7482,0.7486,0.7292,0.737,536301.4,1772596799999,394648.96533,7051,2026-03-04 03:00:00+00:00
1772596800000,0.7369,0.7431,0.7337,0.7419,623587.9,1772600399999,460803.95137,6049,2026-03-04 04:00:00+00:00
1772600400000,0.7418,0.7469,0.7352,0.7358,510492.1,1772603999999,378009.68654,5036,2026-03-04 05:00:00+00:00
1772604000000,0.7358,0.7426,0.7303,0.7377,494343.3,1772607599999,363607.22082,4929,2026-03-04 06:00:00+00:00
1772607600000,0.7376,0.7522,0.7327,0.748,962286.4,1772611199999,712974.96859,7633,2026-03-04 07:00:00+00:00
1772611200000,0.7479,0.7665,0.7362,0.7636,1668764.5,1772614799999,1249760.6031,13861,2026-03-04 08:00:00+00:00
1772614800000,0.7634,0.7807,0.7575,0.7719,2080017.8,1772618399999,1602399.51586,18098,2026-03-04 09:00:00+00:00
1772618400000,0.772,0.7789,0.7594,0.761,820203.2,1772621999999,628821.19524,9577,2026-03-04 10:00:00+00:00
1772622000000,0.7611,0.768,0.7505,0.7583,612716.2,1772625599999,465521.87009,6534,2026-03-04 11:00:00+00:00
1772625600000,0.7582,0.7595,0.7457,0.755,655950.0,1772629199999,493118.04841,6266,2026-03-04 12:00:00+00:00
1772629200000,0.7551,0.7684,0.7535,0.7664,783429.3,1772632799999,596828.77519,7407,2026-03-04 13:00:00+00:00
1772632800000,0.7663,0.7815,0.755,0.756,1419419.1,1772636399999,1087418.43305,14274,2026-03-04 14:00:00+00:00
1772636400000,0.7558,0.7833,0.7556,0.7816,1303252.9,1772639999999,1003951.84225,12671,2026-03-04 15:00:00+00:00
1772640000000,0.7815,0.7828,0.757,0.7608,1234575.5,1772643599999,947488.2065,9623,2026-03-04 16:00:00+00:00
1772643600000,0.7607,0.7663,0.7499,0.7545,802549.2,1772647199999,607316.82769,7192,2026-03-04 17:00:00+00:00
1772647200000,0.7541,0.773,0.7506,0.7723,612362.0,1772650799999,467795.9788,5991,2026-03-04 18:00:00+00:00
1772650800000,0.7719,0.7836,0.7662,0.7746,1295901.6,1772654399999,1004665.94985,9524,2026-03-04 19:00:00+00:00
1772654400000,0.7747,0.7783,0.763,0.7637,475563.5,1772657999999,367169.69034,5737,2026-03-04 20:00:00+00:00
1772658000000,0.7639,0.7645,0.7551,0.7619,676158.7,1772661599999,513156.98129,5157,2026-03-04 21:00:00+00:00
1772661600000,0.7622,0.7697,0.752,0.7537,547364.6,1772665199999,416500.41925,3641,2026-03-04 22:00:00+00:00
1772665200000,0.7541,0.7542,0.743,0.7518,724774.9,1772668799999,543044.27082,4380,2026-03-04 23:00:00+00:00
1772668800000,0.7519,0.7582,0.7494,0.7521,362228.3,1772672399999,272922.44359,4424,2026-03-05 00:00:00+00:00
1772672400000,0.7522,0.7567,0.739,0.7432,868548.3,1772675999999,648545.74679,8382,2026-03-05 01:00:00+00:00
1772676000000,0.7432,0.7487,0.7402,0.7456,422260.1,1772679599999,314674.75319,4365,2026-03-05 02:00:00+00:00
1772679600000,0.7455,0.7472,0.7354,0.738,756063.4,1772683199999,559982.32809,6646,2026-03-05 03:00:00+00:00
1772683200000,0.738,0.7438,0.7356,0.7405,585122.4,1772686799999,432563.21298,5196,2026-03-05 04:00:00+00:00
1772686800000,0.7405,0.7448,0.7338,0.7373,458205.6,1772690399999,338935.6751,3528,2026-03-05 05:00:00+00:00
1772690400000,0.7372,0.7406,0.7313,0.7378,584745.7,1772693999999,430248.568,4743,2026-03-05 06:00:00+00:00
1772694000000,0.738,0.7415,0.7298,0.7326,585350.2,1772697599999,430396.6054,3543,2026-03-05 07:00:00+00:00
1772697600000,0.7324,0.7375,0.7305,0.7343,361301.0,1772701199999,264796.09198,3129,2026-03-05 08:00:00+00:00
1772701200000,0.7343,0.7431,0.7339,0.7382,541802.9,1772704799999,400472.29428,3778,2026-03-05 09:00:00+00:00
1772704800000,0.7383,0.7572,0.7376,0.7522,749096.7,1772708399999,561302.77781,5306,2026-03-05 10:00:00+00:00
1772708400000,0.7522,0.7541,0.7406,0.7489,511988.9,1772711999999,383578.68226,4038,2026-03-05 11:00:00+00:00
1772712000000,0.7489,0.7493,0.7392,0.7445,457516.7,1772715599999,339981.304,3986,2026-03-05 12:00:00+00:00
1772715600000,0.7446,0.7453,0.7306,0.7373,623899.3,1772719199999,460148.05172,5434,2026-03-05 13:00:00+00:00
1772719200000,0.7374,0.7487,0.7364,0.7451,802600.8,1772722799999,595766.69819,9284,2026-03-05 14:00:00+00:00
1772722800000,0.7452,0.7463,0.7228,0.7275,1492048.8,1772726399999,1088408.77986,11219,2026-03-05 15:00:00+00:00
1772726400000,0.7277,0.7279,0.7081,0.7192,1092787.7,1772729999999,784195.59396,8368,2026-03-05 16:00:00+00:00
1772730000000,0.7193,0.725,0.7063,0.7077,602001.1,1772733599999,428751.87823,5701,2026-03-05 17:00:00+00:00
1772733600000,0.7078,0.7143,0.7054,0.7118,316275.0,1772737199999,224329.66834,3791,2026-03-05 18:00:00+00:00
1772737200000,0.7119,0.7242,0.7116,0.7169,447193.1,1772740799999,321443.27127,3616,2026-03-05 19:00:00+00:00
1772740800000,0.717,0.7303,0.716,0.7273,277690.6,1772744399999,201550.30616,3725,2026-03-05 20:00:00+00:00
1772744400000,0.7272,0.7329,0.7218,0.7259,399547.9,1772747999999,290395.58839,2822,2026-03-05 21:00:00+00:00
1772748000000,0.726,0.7262,0.72,0.7225,193912.9,1772751599999,140142.02648,1326,2026-03-05 22:00:00+00:00
1772751600000,0.7225,0.7226,0.7163,0.7178,317864.0,1772755199999,228750.78379,1874,2026-03-05 23:00:00+00:00
1772755200000,0.7178,0.7208,0.7138,0.7206,570450.4,1772758799999,409140.60848,2825,2026-03-06 00:00:00+00:00
1772758800000,0.7207,0.7252,0.7158,0.7229,514184.5,1772762399999,370739.67839,2762,2026-03-06 01:00:00+00:00
1772762400000,0.7229,0.7277,0.7197,0.7273,237477.4,1772765999999,171933.96491,1993,2026-03-06 02:00:00+00:00
1772766000000,0.7276,0.7291,0.7238,0.7272,233410.7,1772769599999,169446.11873,1412,2026-03-06 03:00:00+00:00
1772769600000,0.7272,0.7273,0.7153,0.7214,225335.5,1772773199999,162263.90641,1297,2026-03-06 04:00:00+00:00
1772773200000,0.7211,0.7229,0.7106,0.7164,253992.0,1772776799999,181848.93691,1806,2026-03-06 05:00:00+00:00
1772776800000,0.7161,0.718,0.712,0.7143,243342.3,1772780399999,174018.30854,1612,2026-03-06 06:00:00+00:00
1772780400000,0.7143,0.7205,0.7122,0.7183,318838.7,1772783999999,228705.12776,1923,2026-03-06 07:00:00+00:00
1772784000000,0.7181,0.7181,0.7111,0.7124,493539.4,1772787599999,352390.76789,2702,2026-03-06 08:00:00+00:00
1772787600000,0.7124,0.7144,0.7045,0.7079,517819.5,1772791199999,366804.34558,3068,2026-03-06 09:00:00+00:00
1772791200000,0.7078,0.7139,0.7074,0.7117,341676.2,1772794799999,243079.85674,1971,2026-03-06 10:00:00+00:00
1772794800000,0.7117,0.7134,0.7058,0.7061,189743.6,1772798399999,134638.43073,1558,2026-03-06 11:00:00+00:00
1772798400000,0.7058,0.7061,0.6969,0.704,884841.6,1772801999999,621130.29523,3632,2026-03-06 12:00:00+00:00
1772802000000,0.7039,0.7122,0.6931,0.6932,879029.0,1772805599999,617476.78335,5656,2026-03-06 13:00:00+00:00
1772805600000,0.6934,0.6972,0.68,0.684,1476348.2,1772809199999,1016341.56025,7726,2026-03-06 14:00:00+00:00
1772809200000,0.6839,0.6961,0.6835,0.6886,489194.3,1772812799999,336986.34852,4078,2026-03-06 15:00:00+00:00
1772812800000,0.6885,0.6926,0.6854,0.6874,269326.9,1772816399999,185489.59037,2472,2026-03-06 16:00:00+00:00
1772816400000,0.6878,0.6909,0.681,0.6867,280703.6,1772819999999,192233.73019,2605,2026-03-06 17:00:00+00:00
1772820000000,0.6867,0.6951,0.6862,0.6927,342308.3,1772823599999,237022.86548,2262,2026-03-06 18:00:00+00:00
1772823600000,0.6927,0.6978,0.6927,0.6968,168818.5,1772827199999,117464.94636,1575,2026-03-06 19:00:00+00:00
1772827200000,0.6965,0.6999,0.6925,0.696,422757.2,1772830799999,294215.1989,2231,2026-03-06 20:00:00+00:00
1772830800000,0.6963,0.6985,0.6927,0.6977,147630.9,1772834399999,102607.6897,1081,2026-03-06 21:00:00+00:00
1772834400000,0.6979,0.6995,0.6945,0.6955,166143.5,1772837999999,115788.9981,889,2026-03-06 22:00:00+00:00
1772838000000,0.6954,0.697,0.6894,0.6911,260700.6,1772841599999,180659.76533,1126,2026-03-06 23:00:00+00:00
1772841600000,0.6911,0.6947,0.6904,0.6918,156079.5,1772845199999,108052.06237,934,2026-03-07 00:00:00+00:00
1772845200000,0.6917,0.6917,0.6874,0.6881,236601.9,1772848799999,163080.90788,1301,2026-03-07 01:00:00+00:00
1772848800000,0.6882,0.6882,0.684,0.6857,176246.9,1772852399999,120895.92662,1429,2026-03-07 02:00:00+00:00
1772852400000,0.6857,0.6909,0.6848,0.6849,143304.1,1772855999999,98451.82252,1096,2026-03-07 03:00:00+00:00
1772856000000,0.6848,0.6848,0.6802,0.683,247328.1,1772859599999,168706.4555,1505,2026-03-07 04:00:00+00:00
1772859600000,0.6831,0.684,0.6773,0.6808,431985.0,1772863199999,293833.2932,1528,2026-03-07 05:00:00+00:00
1772863200000,0.6807,0.6809,0.6745,0.6756,236123.2,1772866799999,160021.2477,1793,2026-03-07 06:00:00+00:00
1772866800000,0.676,0.6812,0.6745,0.6808,268708.8,1772870399999,182355.94944,1672,2026-03-07 07:00:00+00:00
1772870400000,0.6808,0.6839,0.6779,0.6779,136281.4,1772873999999,92871.51816,1017,2026-03-07 08:00:00+00:00
1772874000000,0.6778,0.6833,0.6759,0.6819,148891.3,1772877599999,101349.9292,1106,2026-03-07 09:00:00+00:00
1772877600000,0.682,0.6838,0.6798,0.6798,109166.3,1772881199999,74479.50401,840,2026-03-07 10:00:00+00:00
1772881200000,0.6797,0.6858,0.6779,0.6815,356734.6,1772884799999,243374.68375,2058,2026-03-07 11:00:00+00:00
1772884800000,0.6815,0.6834,0.678,0.679,134364.9,1772888399999,91438.3965,929,2026-03-07 12:00:00+00:00
1772888400000,0.679,0.6833,0.6765,0.681,191744.2,1772891999999,130481.28153,1357,2026-03-07 13:00:00+00:00
1772892000000,0.6811,0.6812,0.6709,0.6798,655180.3,1772895599999,442854.30665,3146,2026-03-07 14:00:00+00:00
1772895600000,0.6797,0.6811,0.6741,0.6772,244454.8,1772899199999,165777.46638,1536,2026-03-07 15:00:00+00:00
1772899200000,0.6771,0.6788,0.6751,0.6774,137401.5,1772902799999,93025.10207,1241,2026-03-07 16:00:00+00:00
1772902800000,0.6773,0.6803,0.6763,0.6776,131623.7,1772906399999,89330.1189,845,2026-03-07 17:00:00+00:00
1772906400000,0.6775,0.6775,0.6718,0.6745,185454.2,1772909999999,125036.48742,1404,2026-03-07 18:00:00+00:00
1772910000000,0.6743,0.6749,0.6664,0.669,459814.0,1772913599999,308675.19338,2215,2026-03-07 19:00:00+00:00
1772913600000,0.669,0.6725,0.6688,0.6697,131209.9,1772917199999,88011.94551,981,2026-03-07 20:00:00+00:00
1772917200000,0.6697,0.6729,0.6683,0.669,180627.9,1772920799999,121052.46532,1323,2026-03-07 21:00:00+00:00
1772920800000,0.6693,0.6693,0.6613,0.6638,318138.4,1772924399999,211787.13599,1647,2026-03-07 22:00:00+00:00
1772924400000,0.6639,0.6677,0.6634,0.6672,117359.9,1772927999999,78192.27598,1017,2026-03-07 23:00:00+00:00
1772928000000,0.6673,0.669,0.6598,0.6612,474024.7,1772931599999,314887.89606,3199,2026-03-08 00:00:00+00:00
1772931600000,0.6611,0.6619,0.656,0.6568,347138.4,1772935199999,228560.16146,2208,2026-03-08 01:00:00+00:00
1772935200000,0.6568,0.6571,0.6477,0.6499,776746.5,1772938799999,507201.43489,4058,2026-03-08 02:00:00+00:00
1772938800000,0.6501,0.6538,0.6499,0.6523,198157.6,1772942399999,129201.97862,1780,2026-03-08 03:00:00+00:00
1772942400000,0.6524,0.6547,0.6466,0.6482,339081.8,1772945999999,220584.12726,2507,2026-03-08 04:00:00+00:00
1772946000000,0.6481,0.6563,0.6481,0.6546,210206.5,1772949599999,137408.54692,1726,2026-03-08 05:00:00+00:00
1772949600000,0.6547,0.657,0.6529,0.654,108466.5,1772953199999,70959.45719,992,2026-03-08 06:00:00+00:00
1772953200000,0.6539,0.6645,0.6536,0.6617,414626.6,1772956799999,274103.87293,2762,2026-03-08 07:00:00+00:00
1772956800000,0.6616,0.662,0.6484,0.6548,596324.4,1772960399999,389274.92245,3725,2026-03-08 08:00:00+00:00
1772960400000,0.6549,0.66,0.6543,0.6569,490586.9,1772963999999,322788.05977,3752,2026-03-08 09:00:00+00:00
1772964000000,0.6568,0.6613,0.6559,0.6576,934708.1,1772967599999,616214.74816,5523,2026-03-08 10:00:00+00:00
1772967600000,0.6575,0.6575,0.6479,0.6516,344587.0,1772971199999,224585.75722,3706,2026-03-08 11:00:00+00:00
1772971200000,0.6516,0.6532,0.6423,0.6471,399559.9,1772974799999,258813.55259,4124,2026-03-08 12:00:00+00:00
1772974800000,0.6471,0.6478,0.6367,0.6438,900533.8,1772978399999,577565.47447,6478,2026-03-08 13:00:00+00:00
1772978400000,0.6437,0.6464,0.6409,0.6446,322343.4,1772981999999,207491.98551,2783,2026-03-08 14:00:00+00:00
1772982000000,0.6445,0.6451,0.6349,0.6386,401102.3,1772985599999,256660.88659,3059,2026-03-08 15:00:00+00:00
1772985600000,0.6385,0.6388,0.6326,0.635,454217.2,1772989199999,288114.85057,2617,2026-03-08 16:00:00+00:00
1772989200000,0.6351,0.6398,0.634,0.6383,192474.1,1772992799999,122574.547,2435,2026-03-08 17:00:00+00:00
1772992800000,0.6384,0.6389,0.6332,0.635,187784.3,1772996399999,119284.96876,2252,2026-03-08 18:00:00+00:00
1772996400000,0.6351,0.6438,0.6341,0.6413,300126.8,1772999999999,192086.20452,3252,2026-03-08 19:00:00+00:00
1773000000000,0.6412,0.6442,0.6365,0.6397,242292.0,1773003599999,155138.21486,2664,2026-03-08 20:00:00+00:00
1773003600000,0.6398,0.6413,0.6351,0.6378,214034.5,1773007199999,136569.94084,2087,2026-03-08 21:00:00+00:00
1773007200000,0.6377,0.6377,0.6208,0.6349,1359365.8,1773010799999,854999.53144,10292,2026-03-08 22:00:00+00:00
1773010800000,0.635,0.6377,0.6262,0.6279,553464.8,1773014399999,350097.17061,4788,2026-03-08 23:00:00+00:00
1773014400000,0.628,0.6426,0.6267,0.6359,709726.4,1773017999999,450167.57512,6833,2026-03-09 00:00:00+00:00
1773018000000,0.6358,0.6411,0.6316,0.6317,532695.4,1773021599999,338902.08378,6233,2026-03-09 01:00:00+00:00
1773021600000,0.6317,0.6414,0.6296,0.6362,690026.6,1773025199999,439410.7312,4853,2026-03-09 02:00:00+00:00
1773025200000,0.6362,0.6533,0.6353,0.6454,1040767.5,1773028799999,672420.00435,8319,2026-03-09 03:00:00+00:00
1773028800000,0.6453,0.6552,0.6452,0.6502,526229.2,1773032399999,342730.97304,4339,2026-03-09 04:00:00+00:00
1773032400000,0.6501,0.6634,0.6501,0.6613,952162.6,1773035999999,626499.06999,8057,2026-03-09 05:00:00+00:00
1773036000000,0.6615,0.6618,0.6515,0.6524,528849.0,1773039599999,347528.76244,4659,2026-03-09 06:00:00+00:00
1773039600000,0.6525,0.6558,0.6438,0.6549,790051.3,1773043199999,513632.43764,6032,2026-03-09 07:00:00+00:00
1773043200000,0.655,0.6598,0.6533,0.6572,414099.9,1773046799999,271970.06222,5154,2026-03-09 08:00:00+00:00
1773046800000,0.6573,0.6696,0.6532,0.6602,1029768.3,1773050399999,683528.10125,8249,2026-03-09 09:00:00+00:00
1773050400000,0.6603,0.6632,0.6528,0.656,626683.9,1773053999999,412324.01252,4806,2026-03-09 10:00:00+00:00
1773054000000,0.656,0.6598,0.6525,0.6568,311301.0,1773057599999,204378.15024,3643,2026-03-09 11:00:00+00:00
1773057600000,0.6569,0.6637,0.6569,0.6622,438956.0,1773061199999,289945.91108,3880,2026-03-09 12:00:00+00:00
1773061200000,0.6622,0.679,0.661,0.6733,1374381.7,1773064799999,924713.79284,10243,2026-03-09 13:00:00+00:00
1773064800000,0.6732,0.6776,0.6683,0.6711,891315.7,1773068399999,599777.86698,8601,2026-03-09 14:00:00+00:00
1773068400000,0.6714,0.6719,0.6621,0.6656,475158.4,1773071999999,316943.17558,4498,2026-03-09 15:00:00+00:00
1773072000000,0.6657,0.6687,0.6594,0.6604,499910.3,1773075599999,331881.7784,4960,2026-03-09 16:00:00+00:00
1773075600000,0.6606,0.6638,0.6576,0.6602,283869.5,1773079199999,187494.20064,3750,2026-03-09 17:00:00+00:00
1773079200000,0.6601,0.6642,0.6566,0.6605,263737.5,1773082799999,174229.55807,2974,2026-03-09 18:00:00+00:00
1773082800000,0.6605,0.6783,0.6581,0.6653,559600.8,1773086399999,374404.28504,6761,2026-03-09 19:00:00+00:00
1773086400000,0.6653,0.6678,0.6619,0.6664,234165.8,1773089999999,155585.99707,2772,2026-03-09 20:00:00+00:00
1773090000000,0.6663,0.673,0.6652,0.6691,424903.9,1773093599999,284058.61986,2015,2026-03-09 21:00:00+00:00
1773093600000,0.669,0.6695,0.6583,0.6602,511301.8,1773097199999,339431.034,2416,2026-03-09 22:00:00+00:00
1773097200000,0.6602,0.664,0.6585,0.6597,223863.7,1773100799999,148011.0602,1503,2026-03-09 23:00:00+00:00
1773100800000,0.6596,0.6673,0.6554,0.6634,509195.4,1773104399999,336684.59775,3546,2026-03-10 00:00:00+00:00
1773104400000,0.6634,0.6689,0.6594,0.668,348924.3,1773107999999,231811.52868,3419,2026-03-10 01:00:00+00:00
1773108000000,0.6679,0.6792,0.6637,0.6788,1204544.5,1773111599999,812115.77305,9635,2026-03-10 02:00:00+00:00
1773111600000,0.6784,0.6868,0.6721,0.6755,771869.1,1773115199999,525253.15498,6470,2026-03-10 03:00:00+00:00
1773115200000,0.6755,0.6826,0.6749,0.6805,351109.6,1773118799999,238335.55904,4543,2026-03-10 04:00:00+00:00
1773118800000,0.6806,0.6837,0.6749,0.6765,290741.8,1773122399999,197605.55658,3385,2026-03-10 05:00:00+00:00
1773122400000,0.6764,0.6767,0.6693,0.6744,409344.4,1773125999999,275770.78127,3785,2026-03-10 06:00:00+00:00
1773126000000,0.6745,0.6854,0.6737,0.6853,540416.0,1773129599999,367896.34613,4419,2026-03-10 07:00:00+00:00
1773129600000,0.6854,0.71,0.6829,0.7,1967849.0,1773133199999,1378851.86541,14732,2026-03-10 08:00:00+00:00
1773133200000,0.6999,0.7129,0.6989,0.712,1535883.0,1773136799999,1087649.57768,13126,2026-03-10 09:00:00+00:00
1773136800000,0.7119,0.726,0.7089,0.7245,1642055.9,1773140399999,1179662.75742,15458,2026-03-10 10:00:00+00:00
1773140400000,0.7246,0.7255,0.7163,0.7202,1127186.9,1773143999999,811900.188,10940,2026-03-10 11:00:00+00:00
1773144000000,0.7201,0.7228,0.7028,0.7129,1717109.5,1773147599999,1220048.72373,11068,2026-03-10 12:00:00+00:00
1773147600000,0.7129,0.719,0.6998,0.7027,1446618.1,1773151199999,1024364.82897,13467,2026-03-10 13:00:00+00:00
1773151200000,0.7028,0.7258,0.6933,0.7253,1603227.4,1773154799999,1132875.65504,17215,2026-03-10 14:00:00+00:00
1773154800000,0.7253,0.7269,0.7106,0.7204,1021071.4,1773158399999,732062.36088,12994,2026-03-10 15:00:00+00:00
1773158400000,0.7203,0.73,0.7118,0.7262,1062834.4,1773161999999,767806.77151,9436,2026-03-10 16:00:00+00:00
1773162000000,0.7261,0.729,0.7154,0.7161,865222.6,1773165599999,623721.85511,8093,2026-03-10 17:00:00+00:00
1773165600000,0.7162,0.717,0.6973,0.7002,1066857.1,1773169199999,752726.82249,8688,2026-03-10 18:00:00+00:00
1773169200000,0.7001,0.7039,0.6957,0.7006,496713.8,1773172799999,347588.83093,4787,2026-03-10 19:00:00+00:00
1773172800000,0.7005,0.7068,0.6999,0.7038,407618.2,1773176399999,287060.88015,3041,2026-03-10 20:00:00+00:00
1773176400000,0.7037,0.7085,0.6928,0.6969,454904.0,1773179999999,318304.1033,2935,2026-03-10 21:00:00+00:00
1773180000000,0.6969,0.7014,0.6934,0.6989,397323.8,1773183599999,277286.31956,3200,2026-03-10 22:00:00+00:00
1773183600000,0.6986,0.7034,0.6982,0.7031,321262.8,1773187199999,225270.36529,2991,2026-03-10 23:00:00+00:00
1773187200000,0.7029,0.7069,0.7,0.7055,685514.1,1773190799999,482862.63771,4057,2026-03-11 00:00:00+00:00
1773190800000,0.7056,0.7079,0.7,0.7076,316235.0,1773194399999,222500.95879,3283,2026-03-11 01:00:00+00:00
1773194400000,0.7077,0.711,0.6992,0.7047,406244.2,1773197999999,286664.56699,4060,2026-03-11 02:00:00+00:00
1773198000000,0.7046,0.7081,0.6979,0.699,449280.8,1773201599999,315040.1315,3875,2026-03-11 03:00:00+00:00
1773201600000,0.6989,0.7073,0.6964,0.7066,479541.7,1773205199999,336264.61103,4004,2026-03-11 04:00:00+00:00
1773205200000,0.7065,0.7084,0.6889,0.6968,741340.5,1773208799999,516341.09651,4698,2026-03-11 05:00:00+00:00
1773208800000,0.6967,0.7033,0.6954,0.6999,477588.3,1773212399999,333674.17941,4113,2026-03-11 06:00:00+00:00
1773212400000,0.6998,0.7007,0.6892,0.6917,301867.2,1773215999999,209631.81566,2950,2026-03-11 07:00:00+00:00
1773216000000,0.6917,0.6953,0.6875,0.693,499637.4,1773219599999,345366.95657,4019,2026-03-11 08:00:00+00:00
1773219600000,0.6929,0.6961,0.6903,0.6916,245648.0,1773223199999,170171.74011,2532,2026-03-11 09:00:00+00:00
1773223200000,0.6917,0.6962,0.6903,0.6933,237982.0,1773226799999,165045.7829,2542,2026-03-11 10:00:00+00:00
1773226800000,0.6933,0.6976,0.6895,0.6906,239127.0,1773230399999,165724.40003,2877,2026-03-11 11:00:00+00:00
1773230400000,0.6906,0.7022,0.6876,0.6977,524430.3,1773233999999,364863.72129,4577,2026-03-11 12:00:00+00:00
1773234000000,0.6975,0.7189,0.6961,0.7054,1431914.8,1773237599999,1008530.0265,12789,2026-03-11 13:00:00+00:00
1773237600000,0.7055,0.7167,0.7048,0.7089,707306.1,1773241199999,502471.13492,9223,2026-03-11 14:00:00+00:00
1773241200000,0.709,0.7098,0.6915,0.6981,1171607.8,1773244799999,819083.28854,9423,2026-03-11 15:00:00+00:00
1773244800000,0.6982,0.7034,0.6947,0.7012,444319.3,1773248399999,310539.20304,5944,2026-03-11 16:00:00+00:00
1773248400000,0.7012,0.7065,0.6943,0.6983,463696.4,1773251999999,325119.68217,6137,2026-03-11 17:00:00+00:00
1773252000000,0.6982,0.7056,0.6979,0.7039,525180.4,1773255599999,368311.47548,4384,2026-03-11 18:00:00+00:00
1773255600000,0.704,0.7056,0.6994,0.7025,218020.8,1773259199999,153190.15251,2943,2026-03-11 19:00:00+00:00
1773259200000,0.7024,0.7037,0.6993,0.7028,150989.2,1773262799999,105879.18505,2034,2026-03-11 20:00:00+00:00
1773262800000,0.703,0.7054,0.7016,0.704,141677.4,1773266399999,99656.44869,1560,2026-03-11 21:00:00+00:00
1773266400000,0.704,0.7072,0.6967,0.7008,276481.1,1773269999999,193853.99042,2773,2026-03-11 22:00:00+00:00
1773270000000,0.7007,0.7029,0.6954,0.6977,191636.2,1773273599999,133900.22752,2373,2026-03-11 23:00:00+00:00
1773273600000,0.6978,0.699,0.6927,0.6957,595781.9,1773277199999,414056.01534,2998,2026-03-12 00:00:00+00:00
1773277200000,0.6956,0.6957,0.6871,0.688,331393.4,1773280799999,228679.93263,2958,2026-03-12 01:00:00+00:00
1773280800000,0.6879,0.69,0.6798,0.6818,976660.0,1773284399999,667982.75993,5160,2026-03-12 02:00:00+00:00
1773284400000,0.6817,0.6893,0.6817,0.6842,268392.9,1773287999999,183876.08821,2593,2026-03-12 03:00:00+00:00
1773288000000,0.6843,0.6876,0.6843,0.686,133080.8,1773291599999,91296.37548,1707,2026-03-12 04:00:00+00:00
1773291600000,0.6859,0.6882,0.6831,0.6864,116198.9,1773295199999,79590.25335,1784,2026-03-12 05:00:00+00:00
1773295200000,0.6863,0.6946,0.6854,0.6941,318255.6,1773298799999,219987.0455,2840,2026-03-12 06:00:00+00:00
1773298800000,0.6943,0.702,0.6926,0.7003,654583.5,1773302399999,456185.02625,3976,2026-03-12 07:00:00+00:00
1773302400000,0.7002,0.7054,0.6975,0.7052,481452.2,1773305999999,337193.96089,4155,2026-03-12 08:00:00+00:00
1773306000000,0.7051,0.71,0.6988,0.7063,435562.1,1773309599999,306214.79407,4444,2026-03-12 09:00:00+00:00
1773309600000,0.7064,0.7169,0.7032,0.7143,976552.1,1773313199999,693254.63808,6082,2026-03-12 10:00:00+00:00
1773313200000,0.7142,0.7167,0.708,0.7104,634331.8,1773316799999,451938.63657,4550,2026-03-12 11:00:00+00:00
1773316800000,0.7105,0.7155,0.7082,0.7138,484982.9,1773320399999,345206.58964,4139,2026-03-12 12:00:00+00:00
1773320400000,0.7139,0.7231,0.7064,0.7115,1308359.6,1773323999999,936144.25883,11431,2026-03-12 13:00:00+00:00
1773324000000,0.7115,0.7151,0.6957,0.7037,999015.9,1773327599999,703329.48592,10951,2026-03-12 14:00:00+00:00
1773327600000,0.7037,0.7137,0.6986,0.7099,811830.3,1773331199999,575459.82142,8531,2026-03-12 15:00:00+00:00
1773331200000,0.7098,0.7153,0.7034,0.7127,456933.9,1773334799999,325133.45008,5991,2026-03-12 16:00:00+00:00
1773334800000,0.7126,0.7138,0.7065,0.7068,541039.3,1773338399999,384792.34615,5105,2026-03-12 17:00:00+00:00
1773338400000,0.707,0.711,0.7048,0.7069,343824.3,1773341999999,243406.75286,3871,2026-03-12 18:00:00+00:00
1773342000000,0.7067,0.7149,0.7039,0.7131,321438.5,1773345599999,227914.5216,3736,2026-03-12 19:00:00+00:00
1773345600000,0.713,0.713,0.7041,0.7072,388986.5,1773349199999,275286.31577,3374,2026-03-12 20:00:00+00:00
1773349200000,0.7074,0.716,0.7074,0.7148,164559.0,1773352799999,117063.64582,1790,2026-03-12 21:00:00+00:00
1773352800000,0.7148,0.7167,0.7105,0.7137,322412.0,1773356399999,229950.23342,2621,2026-03-12 22:00:00+00:00
1773356400000,0.7137,0.7207,0.7135,0.7181,756147.0,1773359999999,542421.67366,5353,2026-03-12 23:00:00+00:00
1773360000000,0.718,0.7427,0.7155,0.7309,1618211.2,1773363599999,1180722.72828,12447,2026-03-13 00:00:00+00:00
1773363600000,0.7306,0.7442,0.7305,0.743,834728.0,1773367199999,617062.33292,6783,2026-03-13 01:00:00+00:00
1773367200000,0.7431,0.7448,0.7353,0.7428,468968.3,1773370799999,346689.61851,6131,2026-03-13 02:00:00+00:00
1773370800000,0.7429,0.7507,0.7402,0.7476,659195.6,1773374399999,492223.00357,5337,2026-03-13 03:00:00+00:00
1773374400000,0.7475,0.7476,0.7362,0.7395,493448.7,1773377999999,365088.79662,4424,2026-03-13 04:00:00+00:00
1773378000000,0.7396,0.7455,0.7366,0.7429,648154.6,1773381599999,481154.52852,4695,2026-03-13 05:00:00+00:00
1773381600000,0.743,0.7484,0.7374,0.7396,568214.4,1773385199999,421715.12379,5204,2026-03-13 06:00:00+00:00
1773385200000,0.7396,0.7446,0.737,0.7406,423817.0,1773388799999,314252.02565,4235,2026-03-13 07:00:00+00:00
1773388800000,0.7406,0.7551,0.7374,0.7475,722764.9,1773392399999,539720.00717,7465,2026-03-13 08:00:00+00:00
1773392400000,0.7474,0.7602,0.7458,0.7542,906436.6,1773395999999,683186.84965,6695,2026-03-13 09:00:00+00:00
1773396000000,0.7543,0.7674,0.7539,0.7635,1197681.7,1773399599999,913422.56234,8030,2026-03-13 10:00:00+00:00
1773399600000,0.7635,0.7686,0.7591,0.7648,1045945.4,1773403199999,798147.55983,7656,2026-03-13 11:00:00+00:00
1773403200000,0.7646,0.7795,0.7614,0.7755,1088714.4,1773406799999,837291.54507,12584,2026-03-13 12:00:00+00:00
1773406800000,0.7755,0.7904,0.7732,0.7785,1803257.6,1773410399999,1410337.90992,17661,2026-03-13 13:00:00+00:00
1773410400000,0.7784,0.7824,0.7542,0.758,2059249.3,1773413999999,1582461.3597,19796,2026-03-13 14:00:00+00:00
1773414000000,0.7581,0.7646,0.7416,0.747,1851404.8,1773417599999,1395811.03332,16777,2026-03-13 15:00:00+00:00
1773417600000,0.7469,0.7528,0.7397,0.7493,1099190.0,1773421199999,819615.27845,11817,2026-03-13 16:00:00+00:00
1773421200000,0.7492,0.7524,0.731,0.7369,839340.0,1773424799999,621439.03298,7723,2026-03-13 17:00:00+00:00
1773424800000,0.7368,0.7392,0.7313,0.7356,417790.4,1773428399999,307432.91578,5231,2026-03-13 18:00:00+00:00
1773428400000,0.7355,0.7369,0.732,0.7349,270014.7,1773431999999,198363.52385,3454,2026-03-13 19:00:00+00:00
1773432000000,0.735,0.7376,0.7334,0.7361,211401.4,1773435599999,155503.79356,2406,2026-03-13 20:00:00+00:00
1773435600000,0.7362,0.7394,0.7278,0.7285,388423.8,1773439199999,284563.11111,1980,2026-03-13 21:00:00+00:00
1773439200000,0.7285,0.7293,0.7154,0.7219,1159737.2,1773442799999,835239.6012,6917,2026-03-13 22:00:00+00:00
1773442800000,0.7218,0.7224,0.7194,0.7206,272994.6,1773446399999,196689.96575,2040,2026-03-13 23:00:00+00:00
1773446400000,0.7205,0.7247,0.7132,0.7158,621070.7,1773449999999,446157.82959,4046,2026-03-14 00:00:00+00:00
1773450000000,0.7157,0.725,0.714,0.7232,441281.0,1773453599999,317443.32392,3618,2026-03-14 01:00:00+00:00
1773453600000,0.7231,0.7284,0.7224,0.7269,404851.4,1773457199999,293608.12574,3003,2026-03-14 02:00:00+00:00
1773457200000,0.7271,0.7316,0.7271,0.7296,464541.3,1773460799999,339161.25232,3119,2026-03-14 03:00:00+00:00
1773460800000,0.7296,0.7298,0.7202,0.7211,516895.2,1773464399999,374645.80945,3833,2026-03-14 04:00:00+00:00
1773464400000,0.7212,0.7238,0.7182,0.7228,244860.9,1773467999999,176590.19437,2308,2026-03-14 05:00:00+00:00
1773468000000,0.7228,0.723,0.7108,0.7144,531404.0,1773471599999,379765.18055,4087,2026-03-14 06:00:00+00:00
1773471600000,0.7145,0.7164,0.7088,0.7104,440790.5,1773475199999,313487.51291,3058,2026-03-14 07:00:00+00:00
1773475200000,0.7103,0.7121,0.7074,0.7093,300412.5,1773478799999,213431.17713,2185,2026-03-14 08:00:00+00:00
1773478800000,0.7093,0.714,0.7087,0.71,524162.5,1773482399999,373318.56184,3789,2026-03-14 09:00:00+00:00
1773482400000,0.7099,0.7109,0.7055,0.7059,239145.9,1773485999999,169326.66243,2749,2026-03-14 10:00:00+00:00
1773486000000,0.7061,0.7088,0.7043,0.7082,529194.5,1773489599999,374033.53405,3206,2026-03-14 11:00:00+00:00
1773489600000,0.7082,0.71,0.7044,0.7066,294499.4,1773493199999,208111.26957,2299,2026-03-14 12:00:00+00:00
1773493200000,0.7065,0.7128,0.7056,0.7097,261630.3,1773496799999,185727.80342,2286,2026-03-14 13:00:00+00:00
1773496800000,0.7098,0.7111,0.7033,0.7049,359194.8,1773500399999,253719.67725,3221,2026-03-14 14:00:00+00:00
1773500400000,0.7047,0.7068,0.7031,0.7049,222817.6,1773503999999,157032.69323,2401,2026-03-14 15:00:00+00:00
1773504000000,0.7048,0.709,0.7031,0.7087,121653.6,1773507599999,85904.53409,1815,2026-03-14 16:00:00+00:00
1773507600000,0.7086,0.7115,0.7072,0.7104,165968.7,1773511199999,117842.82097,1780,2026-03-14 17:00:00+00:00
1773511200000,0.7104,0.7127,0.7077,0.7092,482102.2,1773514799999,342154.17813,3024,2026-03-14 18:00:00+00:00
1773514800000,0.7091,0.7103,0.7067,0.7075,379755.5,1773518399999,268697.07331,3029,2026-03-14 19:00:00+00:00
1773518400000,0.7075,0.7107,0.7067,0.7083,116902.5,1773521999999,82834.68434,1475,2026-03-14 20:00:00+00:00
1773522000000,0.7084,0.7095,0.7068,0.7092,70197.6,1773525599999,49689.26976,852,2026-03-14 21:00:00+00:00
1773525600000,0.7093,0.7123,0.7087,0.7105,472106.3,1773529199999,335648.02872,1736,2026-03-14 22:00:00+00:00
1773529200000,0.7106,0.7264,0.7106,0.7229,882919.0,1773532799999,635153.27685,5506,2026-03-14 23:00:00+00:00
1773532800000,0.7229,0.7231,0.7134,0.7156,596888.1,1773536399999,428700.24587,4015,2026-03-15 00:00:00+00:00
1773536400000,0.7158,0.7411,0.7144,0.7407,912710.4,1773539999999,665735.26151,8070,2026-03-15 01:00:00+00:00
1773540000000,0.7408,0.7511,0.7375,0.7436,1615819.6,1773543599999,1202775.01774,10706,2026-03-15 02:00:00+00:00
1773543600000,0.7436,0.7485,0.7363,0.7421,725709.8,1773547199999,539418.83817,5075,2026-03-15 03:00:00+00:00
1773547200000,0.742,0.7465,0.7347,0.7394,374378.0,1773550799999,277198.92675,4705,2026-03-15 04:00:00+00:00
1773550800000,0.7393,0.7444,0.7348,0.7352,419242.4,1773554399999,309668.92161,3982,2026-03-15 05:00:00+00:00
1773554400000,0.7351,0.7354,0.7301,0.7326,264301.5,1773557999999,193549.67312,2478,2026-03-15 06:00:00+00:00
1773558000000,0.7325,0.7357,0.7263,0.7292,594985.5,1773561599999,434158.91802,2965,2026-03-15 07:00:00+00:00
1773561600000,0.7292,0.7346,0.7292,0.7341,198388.2,1773565199999,145236.07238,1995,2026-03-15 08:00:00+00:00
1773565200000,0.734,0.7434,0.7336,0.7367,702906.4,1773568799999,518165.64055,5183,2026-03-15 09:00:00+00:00
1773568800000,0.7367,0.7424,0.7343,0.7343,229561.1,1773572399999,169548.35934,2021,2026-03-15 10:00:00+00:00
1773572400000,0.7342,0.7364,0.7314,0.7332,318751.3,1773575999999,233892.56739,2239,2026-03-15 11:00:00+00:00
1773576000000,0.7333,0.7376,0.7322,0.7356,329233.0,1773579599999,241848.95345,2674,2026-03-15 12:00:00+00:00
1773579600000,0.7356,0.7358,0.721,0.7257,605239.7,1773583199999,438842.76927,5428,2026-03-15 13:00:00+00:00
1773583200000,0.7256,0.7304,0.7246,0.7294,218485.5,1773586799999,158963.23479,2816,2026-03-15 14:00:00+00:00
1773586800000,0.7294,0.7315,0.7254,0.727,235851.9,1773590399999,171787.1027,2976,2026-03-15 15:00:00+00:00
1773590400000,0.7271,0.7314,0.7247,0.7264,275165.7,1773593999999,200189.09726,2974,2026-03-15 16:00:00+00:00
1773594000000,0.7265,0.7364,0.7262,0.7343,266607.1,1773597599999,194746.81217,2696,2026-03-15 17:00:00+00:00
1773597600000,0.7342,0.7388,0.7304,0.7324,401624.3,1773601199999,295326.83042,3675,2026-03-15 18:00:00+00:00
1773601200000,0.7324,0.7357,0.7306,0.7352,131183.8,1773604799999,96233.92687,1940,2026-03-15 19:00:00+00:00
1773604800000,0.7351,0.7431,0.7344,0.7359,351374.4,1773608399999,259713.5424,3556,2026-03-15 20:00:00+00:00
1773608400000,0.736,0.7418,0.733,0.7417,273022.0,1773611999999,201279.92648,1995,2026-03-15 21:00:00+00:00
1773612000000,0.7415,0.7539,0.7362,0.7512,1219847.7,1773615599999,909797.28969,13237,2026-03-15 22:00:00+00:00
1773615600000,0.7511,0.7562,0.7433,0.7547,748411.0,1773619199999,561873.79181,8287,2026-03-15 23:00:00+00:00
1773619200000,0.7548,0.7651,0.7487,0.7518,1160760.9,1773622799999,877380.47494,8379,2026-03-16 00:00:00+00:00
1773622800000,0.7519,0.7538,0.7453,0.7506,443001.2,1773626399999,331507.12105,5540,2026-03-16 01:00:00+00:00
1773626400000,0.7506,0.7545,0.7442,0.7501,551328.1,1773629999999,412677.66871,5550,2026-03-16 02:00:00+00:00
1773630000000,0.75,0.7704,0.7476,0.7611,1237772.1,1773633599999,941946.10115,13389,2026-03-16 03:00:00+00:00
1773633600000,0.7612,0.7722,0.76,0.7662,903502.9,1773637199999,691268.92004,8886,2026-03-16 04:00:00+00:00
1773637200000,0.7664,0.7716,0.7623,0.766,878434.3,1773640799999,672678.93212,8027,2026-03-16 05:00:00+00:00
1773640800000,0.7659,0.7662,0.7555,0.7599,590609.8,1773644399999,448687.4089,5053,2026-03-16 06:00:00+00:00
1773644400000,0.7599,0.7637,0.7584,0.7599,748894.3,1773647999999,569587.08522,5231,2026-03-16 07:00:00+00:00
1773648000000,0.7599,0.7667,0.7495,0.752,488804.3,1773651599999,369237.70792,5571,2026-03-16 08:00:00+00:00
1773651600000,0.7521,0.7594,0.7493,0.7572,428588.4,1773655199999,322984.57134,4026,2026-03-16 09:00:00+00:00
1773655200000,0.7572,0.7637,0.7572,0.7637,588400.2,1773658799999,447756.53761,4733,2026-03-16 10:00:00+00:00
1773658800000,0.7637,0.7666,0.7562,0.7601,404803.5,1773662399999,308095.52303,4062,2026-03-16 11:00:00+00:00
1773662400000,0.7601,0.7679,0.7539,0.7626,982418.8,1773665999999,746976.46047,7605,2026-03-16 12:00:00+00:00
1773666000000,0.7625,0.7722,0.7603,0.7685,767294.8,1773669599999,588426.65861,10090,2026-03-16 13:00:00+00:00
1773669600000,0.7687,0.7918,0.7631,0.7784,4276819.1,1773673199999,3339971.33665,31313,2026-03-16 14:00:00+00:00
1773673200000,0.7784,0.7859,0.7741,0.7765,884025.5,1773676799999,689349.98564,13666,2026-03-16 15:00:00+00:00
1773676800000,0.7766,0.788,0.7746,0.7823,603479.6,1773680399999,471584.52952,9401,2026-03-16 16:00:00+00:00
1773680400000,0.7824,0.799,0.7809,0.7872,1450569.5,1773683999999,1146532.29185,11090,2026-03-16 17:00:00+00:00
1773684000000,0.7871,0.7951,0.7852,0.7854,834085.5,1773687599999,658489.65798,7409,2026-03-16 18:00:00+00:00
1773687600000,0.7857,0.7935,0.7802,0.7924,923043.5,1773691199999,727506.84306,8486,2026-03-16 19:00:00+00:00
1773691200000,0.7925,0.7975,0.7908,0.7963,571124.4,1773694799999,454005.53029,4674,2026-03-16 20:00:00+00:00
1773694800000,0.7962,0.8022,0.7922,0.7956,550732.2,1773698399999,438914.84791,5065,2026-03-16 21:00:00+00:00
1773698400000,0.7955,0.8077,0.7949,0.8055,881948.8,1773701999999,707988.20242,8421,2026-03-16 22:00:00+00:00
1773702000000,0.8054,0.8072,0.794,0.8009,807030.9,1773705599999,645708.4099,8463,2026-03-16 23:00:00+00:00
1773705600000,0.8009,0.8146,0.7939,0.8144,1292210.0,1773709199999,1038009.59949,12544,2026-03-17 00:00:00+00:00
1773709200000,0.8143,0.827,0.8071,0.8207,1381791.0,1773712799999,1132557.79728,16723,2026-03-17 01:00:00+00:00
1773712800000,0.8208,0.8246,0.8075,0.8082,710003.0,1773716399999,579646.30446,10335,2026-03-17 02:00:00+00:00
1773716400000,0.8082,0.8152,0.7919,0.7957,1301342.5,1773719999999,1043597.39287,14047,2026-03-17 03:00:00+00:00
1773720000000,0.7957,0.8009,0.7777,0.7859,1345423.8,1773723599999,1058924.56819,12437,2026-03-17 04:00:00+00:00
1773723600000,0.786,0.7922,0.7819,0.7906,498027.0,1773727199999,391602.86038,5811,2026-03-17 05:00:00+00:00
1773727200000,0.7907,0.799,0.7862,0.7921,388775.9,1773730799999,308479.44293,4858,2026-03-17 06:00:00+00:00
1773730800000,0.7923,0.805,0.7919,0.7993,737787.4,1773734399999,590975.39869,5958,2026-03-17 07:00:00+00:00
1773734400000,0.7994,0.8033,0.791,0.7921,379365.0,1773737999999,302500.76169,5170,2026-03-17 08:00:00+00:00
1773738000000,0.792,0.7956,0.7854,0.7896,440297.5,1773741599999,347924.6622,5170,2026-03-17 09:00:00+00:00
1773741600000,0.7892,0.7898,0.7836,0.7889,295656.3,1773745199999,232816.16305,4102,2026-03-17 10:00:00+00:00
1773745200000,0.789,0.7939,0.7875,0.7883,243998.6,1773748799999,192967.31192,3543,2026-03-17 11:00:00+00:00
1773748800000,0.7883,0.7887,0.7739,0.7777,854565.3,1773752399999,666497.31085,8169,2026-03-17 12:00:00+00:00
1773752400000,0.7776,0.789,0.7732,0.7761,742267.4,1773755999999,578656.53303,9718,2026-03-17 13:00:00+00:00
1773756000000,0.7762,0.7837,0.7728,0.7784,530545.2,1773759599999,412941.7782,7965,2026-03-17 14:00:00+00:00
1773759600000,0.7784,0.7869,0.7687,0.7744,848159.3,1773763199999,657405.43513,10166,2026-03-17 15:00:00+00:00
1773763200000,0.7743,0.7825,0.7738,0.778,483773.6,1773766799999,376307.7417,6426,2026-03-17 16:00:00+00:00
1773766800000,0.7782,0.7839,0.7777,0.7831,170033.8,1773770399999,132727.68188,3659,2026-03-17 17:00:00+00:00
1773770400000,0.7831,0.787,0.7813,0.7864,97349.9,1773773999999,76408.22201,2141,2026-03-17 18:00:00+00:00
1773774000000,0.7863,0.7875,0.7793,0.7804,158860.7,1773777599999,124589.70131,2311,2026-03-17 19:00:00+00:00
1773777600000,0.7806,0.7862,0.7786,0.7845,172160.3,1773781199999,134613.16979,2068,2026-03-17 20:00:00+00:00
1773781200000,0.7845,0.8007,0.7845,0.7983,845441.8,1773784799999,669990.16595,4847,2026-03-17 21:00:00+00:00
1773784800000,0.7982,0.8034,0.7841,0.7921,1037064.5,1773788399999,821026.18243,6662,2026-03-17 22:00:00+00:00
1773788400000,0.7921,0.7924,0.7816,0.7824,384824.1,1773791999999,302396.71591,3774,2026-03-17 23:00:00+00:00
1773792000000,0.7827,0.7858,0.7733,0.7827,732394.7,1773795599999,569382.07257,5649,2026-03-18 00:00:00+00:00
1773795600000,0.7828,0.7898,0.782,0.7829,285931.4,1773799199999,224564.25556,2969,2026-03-18 01:00:00+00:00
1773799200000,0.7828,0.7949,0.7822,0.791,404497.7,1773802799999,319431.95509,5102,2026-03-18 02:00:00+00:00
1773802800000,0.7908,0.7991,0.7888,0.7922,284475.5,1773806399999,226032.78946,3608,2026-03-18 03:00:00+00:00
1773806400000,0.7922,0.7931,0.7852,0.7893,143158.2,1773809999999,112844.00264,2470,2026-03-18 04:00:00+00:00
1773810000000,0.7892,0.7979,0.7811,0.7816,323732.5,1773813599999,255323.18162,4367,2026-03-18 05:00:00+00:00
1773813600000,0.7816,0.7912,0.7814,0.784,160063.2,1773817199999,125754.60262,2797,2026-03-18 06:00:00+00:00
1773817200000,0.784,0.7841,0.7784,0.7827,141800.4,1773820799999,110771.92874,2201,2026-03-18 07:00:00+00:00
1773820800000,0.7825,0.7886,0.7825,0.7849,315808.2,1773824399999,247992.23665,2816,2026-03-18 08:00:00+00:00
1773824400000,0.7849,0.7894,0.783,0.7856,121254.1,1773827999999,95306.17802,2430,2026-03-18 09:00:00+00:00
1773828000000,0.7858,0.7901,0.7796,0.7851,1250114.7,1773831599999,982012.36934,11336,2026-03-18 10:00:00+00:00
1773831600000,0.785,0.793,0.765,0.7693,1597596.7,1773835199999,1244842.18129,20574,2026-03-18 11:00:00+00:00
1773835200000,0.7692,0.7699,0.7453,0.7484,1615153.7,1773838799999,1222702.20722,14054,2026-03-18 12:00:00+00:00
1773838800000,0.7486,0.7521,0.7354,0.7447,1306299.1,1773842399999,973652.8399,15692,2026-03-18 13:00:00+00:00
1773842400000,0.7447,0.7457,0.7268,0.7294,1274482.0,1773845999999,935612.08429,10398,2026-03-18 14:00:00+00:00
1773846000000,0.7296,0.7375,0.7251,0.7319,832338.1,1773849599999,609918.8119,9634,2026-03-18 15:00:00+00:00
1773849600000,0.7318,0.7323,0.7216,0.7258,509611.8,1773853199999,370355.63277,5765,2026-03-18 16:00:00+00:00
1773853200000,0.7259,0.7339,0.722,0.7321,515885.5,1773856799999,376191.17259,5052,2026-03-18 17:00:00+00:00
1773856800000,0.7322,0.744,0.7276,0.7306,853692.2,1773860399999,628462.26695,8074,2026-03-18 18:00:00+00:00
1773860400000,0.7307,0.7373,0.7274,0.7293,377524.3,1773863999999,276488.49644,3939,2026-03-18 19:00:00+00:00
1773864000000,0.7292,0.7357,0.7226,0.7345,352203.6,1773867599999,256687.52116,4195,2026-03-18 20:00:00+00:00
1773867600000,0.7345,0.7426,0.7341,0.7397,181881.2,1773871199999,134437.15687,2090,2026-03-18 21:00:00+00:00
1773871200000,0.7398,0.7398,0.7333,0.7359,192785.9,1773874799999,141838.85884,1896,2026-03-18 22:00:00+00:00
1773874800000,0.7357,0.7404,0.7346,0.7391,167010.4,1773878399999,123144.59654,1470,2026-03-18 23:00:00+00:00
1773878400000,0.7393,0.7406,0.735,0.7353,194904.4,1773881999999,143846.79289,2222,2026-03-19 00:00:00+00:00
1773882000000,0.7353,0.7364,0.7312,0.7314,229130.2,1773885599999,168087.18774,2412,2026-03-19 01:00:00+00:00
1773885600000,0.7313,0.7345,0.7284,0.731,339847.7,1773889199999,248677.86388,2877,2026-03-19 02:00:00+00:00
1773889200000,0.7312,0.7448,0.7293,0.7364,404536.8,1773892799999,298778.91463,3899,2026-03-19 03:00:00+00:00
1773892800000,0.7363,0.7365,0.7302,0.7307,244625.1,1773896399999,179156.31568,2715,2026-03-19 04:00:00+00:00
1773896400000,0.7308,0.7332,0.7201,0.7235,1150556.1,1773899999999,834447.67018,6018,2026-03-19 05:00:00+00:00
1773900000000,0.7235,0.7262,0.7197,0.7237,410173.8,1773903599999,296903.35535,3143,2026-03-19 06:00:00+00:00
1773903600000,0.7236,0.7244,0.708,0.7162,887164.1,1773907199999,635237.04635,7312,2026-03-19 07:00:00+00:00
1773907200000,0.7162,0.7191,0.7119,0.7143,415605.3,1773910799999,297362.9813,3590,2026-03-19 08:00:00+00:00
1773910800000,0.7144,0.7224,0.7129,0.7214,557973.1,1773914399999,400946.26578,4080,2026-03-19 09:00:00+00:00
1773914400000,0.7213,0.7219,0.7142,0.7142,173116.3,1773917999999,124370.78052,2217,2026-03-19 10:00:00+00:00
1773918000000,0.7143,0.7167,0.7109,0.7112,410185.2,1773921599999,292566.60903,2722,2026-03-19 11:00:00+00:00
1773921600000,0.7112,0.7121,0.7011,0.7024,589586.7,1773925199999,416577.60395,4911,2026-03-19 12:00:00+00:00
1773925200000,0.7022,0.7093,0.6969,0.707,1315505.8,1773928799999,922878.81808,9151,2026-03-19 13:00:00+00:00
1773928800000,0.7071,0.7105,0.695,0.7008,504094.1,1773932399999,353109.05905,5256,2026-03-19 14:00:00+00:00
1773932400000,0.7007,0.7051,0.6907,0.6968,508324.3,1773935999999,354119.96528,5365,2026-03-19 15:00:00+00:00
1773936000000,0.6967,0.6974,0.6881,0.6901,263055.2,1773939599999,182287.17211,3702,2026-03-19 16:00:00+00:00
1773939600000,0.6901,0.7007,0.6866,0.6976,380308.0,1773943199999,264212.46635,4132,2026-03-19 17:00:00+00:00
1773943200000,0.6975,0.698,0.6907,0.6938,135009.8,1773946799999,93624.00907,2251,2026-03-19 18:00:00+00:00
1773946800000,0.6937,0.7054,0.6933,0.6967,583069.8,1773950399999,407473.86525,6886,2026-03-19 19:00:00+00:00
1773950400000,0.6968,0.7067,0.696,0.7039,371053.6,1773953999999,260342.51987,4007,2026-03-19 20:00:00+00:00
1773954000000,0.704,0.7096,0.7036,0.708,226890.0,1773957599999,160434.93859,2371,2026-03-19 21:00:00+00:00
1773957600000,0.7079,0.7101,0.7031,0.7075,431072.9,1773961199999,304602.07918,4645,2026-03-19 22:00:00+00:00
1773961200000,0.7076,0.7094,0.7027,0.707,412100.9,1773964799999,291096.36574,3096,2026-03-19 23:00:00+00:00
1773964800000,0.707,0.7169,0.7056,0.7138,981517.6,1773968399999,699721.37089,7380,2026-03-20 00:00:00+00:00
1773968400000,0.714,0.7194,0.7138,0.7151,468047.6,1773971999999,335657.18166,4769,2026-03-20 01:00:00+00:00
1773972000000,0.7152,0.7169,0.7101,0.7161,289280.5,1773975599999,206427.86045,2998,2026-03-20 02:00:00+00:00
1773975600000,0.7162,0.7225,0.714,0.7205,257983.2,1773979199999,185508.87375,3112,2026-03-20 03:00:00+00:00
1773979200000,0.7205,0.7285,0.7191,0.7262,820184.6,1773982799999,594092.17681,6352,2026-03-20 04:00:00+00:00
1773982800000,0.7264,0.7383,0.7261,0.7349,874563.3,1773986399999,641494.85883,7157,2026-03-20 05:00:00+00:00
1773986400000,0.735,0.7372,0.727,0.7284,558389.2,1773989999999,408584.20849,4670,2026-03-20 06:00:00+00:00
1773990000000,0.7285,0.7301,0.7201,0.7298,393131.4,1773993599999,285331.99344,4332,2026-03-20 07:00:00+00:00
1773993600000,0.7299,0.7458,0.7248,0.7274,1145170.3,1773997199999,838787.67426,8600,2026-03-20 08:00:00+00:00
1773997200000,0.7274,0.7274,0.7181,0.7216,333024.4,1774000799999,240340.72117,3799,2026-03-20 09:00:00+00:00
1774000800000,0.7217,0.7232,0.715,0.721,321673.7,1774004399999,231171.91145,3833,2026-03-20 10:00:00+00:00
1774004400000,0.721,0.7237,0.7121,0.715,406612.2,1774007999999,292133.44485,3518,2026-03-20 11:00:00+00:00
1774008000000,0.7151,0.7174,0.7096,0.7111,422445.4,1774011599999,301231.01632,3476,2026-03-20 12:00:00+00:00
1774011600000,0.7112,0.7164,0.7052,0.7071,504840.0,1774015199999,358849.41009,5994,2026-03-20 13:00:00+00:00
1774015200000,0.7072,0.7125,0.7026,0.7035,493285.3,1774018799999,349205.23843,6610,2026-03-20 14:00:00+00:00
1774018800000,0.7036,0.7074,0.6985,0.7052,520311.9,1774022399999,365123.1497,4564,2026-03-20 15:00:00+00:00
1774022400000,0.7052,0.709,0.7033,0.708,466285.1,1774025999999,329042.63666,3428,2026-03-20 16:00:00+00:00
1774026000000,0.7081,0.7097,0.701,0.7075,222737.8,1774029599999,157166.64204,3625,2026-03-20 17:00:00+00:00
1774029600000,0.7076,0.7078,0.694,0.6978,307040.3,1774033199999,214631.56616,3951,2026-03-20 18:00:00+00:00
1774033200000,0.6979,0.7017,0.693,0.6998,459603.2,1774036799999,320736.21387,4479,2026-03-20 19:00:00+00:00
1774036800000,0.6997,0.7034,0.6919,0.6988,495336.5,1774040399999,344767.14693,4133,2026-03-20 20:00:00+00:00
1774040400000,0.6989,0.7106,0.697,0.7072,361809.6,1774043999999,255002.33709,2692,2026-03-20 21:00:00+00:00
1774044000000,0.7073,0.7141,0.7073,0.7094,301628.1,1774047599999,214551.19712,3027,2026-03-20 22:00:00+00:00
1774047600000,0.7093,0.7093,0.7013,0.7053,294237.5,1774051199999,207311.5229,2509,2026-03-20 23:00:00+00:00
1774051200000,0.7053,0.7083,0.7033,0.7062,232204.5,1774054799999,163897.90275,2469,2026-03-21 00:00:00+00:00
1774054800000,0.7062,0.7078,0.702,0.7024,135464.6,1774058399999,95458.58074,1633,2026-03-21 01:00:00+00:00
1774058400000,0.7026,0.7052,0.6988,0.7049,210297.8,1774061999999,147448.59751,1768,2026-03-21 02:00:00+00:00
1774062000000,0.705,0.7051,0.7021,0.703,111751.1,1774065599999,78609.62482,1013,2026-03-21 03:00:00+00:00
1774065600000,0.7027,0.705,0.7015,0.7018,104807.9,1774069199999,73681.1583,1302,2026-03-21 04:00:00+00:00
1774069200000,0.7019,0.7093,0.7018,0.7031,139068.6,1774072799999,98082.5716,1547,2026-03-21 05:00:00+00:00
1774072800000,0.703,0.7053,0.7014,0.7017,108723.1,1774076399999,76447.56827,1399,2026-03-21 06:00:00+00:00
1774076400000,0.7016,0.7038,0.6976,0.6985,236182.5,1774079999999,165285.3011,1716,2026-03-21 07:00:00+00:00
